statistics_code;statistics_label;time_code;time_label;time;1_variable_code;1_variable_label;1_variable_attribute_code;1_variable_attribute_label;2_variable_code;2_variable_label;2_variable_attribute_code;2_variable_attribute_label;3_variable_code;3_variable_label;3_variable_attribute_code;3_variable_attribute_label;value;value_unit;value_variable_code;value_variable_label
22541;Statistik der Kindertageseinrichtungen;STAG;Stichtag;2016-03-01;DINSG;Deutschland insgesamt;DG;Deutschland;GES;Geschlecht;;Insgesamt;ALTSK1;Alter der Schulkinder;ALT007;7-Jährige;127160;Anzahl;KIN003;Kinder in Tageseinrichtungen
22541;Statistik der Kindertageseinrichtungen;STAG;Stichtag;2016-03-01;DINSG;Deutschland insgesamt;DG;Deutschland;GES;Geschlecht;GESW;weiblich;ALTSK1;Alter der Schulkinder;ALT010;10-Jährige;27804;Anzahl;KIN003;Kinder in Tageseinrichtungen
22541;Statistik der Kindertageseinrichtungen;STAG;Stichtag;2015-03-01;DINSG;Deutschland insgesamt;DG;Deutschland;GES;Geschlecht;GESW;weiblich;ALTSK1;Alter der Schulkinder;ALT009;9-Jährige;48161;Anzahl;KIN003;Kinder in Tageseinrichtungen
22541;Statistik der Kindertageseinrichtungen;STAG;Stichtag;2024-03-01;DINSG;Deutschland insgesamt;DG;Deutschland;GES;Geschlecht;;Insgesamt;ALTSK1;Alter der Schulkinder;ALT013;13-Jährige;1387;Anzahl;KIN003;Kinder in Tageseinrichtungen
22541;Statistik der Kindertageseinrichtungen;STAG;Stichtag;2025-03-01;DINSG;Deutschland insgesamt;DG;Deutschland;GES;Geschlecht;;Insgesamt;ALTSK1;Alter der Schulkinder;;Insgesamt;3913417;Anzahl;KIN003;Kinder in Tageseinrichtungen
22541;Statistik der Kindertageseinrichtungen;STAG;Stichtag;2021-03-01;DINSG;Deutschland insgesamt;DG;Deutschland;GES;Geschlecht;GESM;männlich;ALTSK1;Alter der Schulkinder;ALT007;7-Jährige;67272;Anzahl;KIN003;Kinder in Tageseinrichtungen
22541;Statistik der Kindertageseinrichtungen;STAG;Stichtag;2025-03-01;DINSG;Deutschland insgesamt;DG;Deutschland;GES;Geschlecht;GESM;männlich;ALTSK1;Alter der Schulkinder;ALT008;8-Jährige;71546;Anzahl;KIN003;Kinder in Tageseinrichtungen
22541;Statistik der Kindertageseinrichtungen;STAG;Stichtag;2025-03-01;DINSG;Deutschland insgesamt;DG;Deutschland;GES;Geschlecht;;Insgesamt;ALTSK1;Alter der Schulkinder;ALT005;5-Jährige;401;Anzahl;KIN003;Kinder in Tageseinrichtungen
22541;Statistik der Kindertageseinrichtungen;STAG;Stichtag;2022-03-01;DINSG;Deutschland insgesamt;DG;Deutschland;GES;Geschlecht;;Insgesamt;ALTSK1;Alter der Schulkinder;ALT009;9-Jährige;112812;Anzahl;KIN003;Kinder in Tageseinrichtungen
22541;Statistik der Kindertageseinrichtungen;STAG;Stichtag;2018-03-01;DINSG;Deutschland insgesamt;DG;Deutschland;GES;Geschlecht;;Insgesamt;ALTSK1;Alter der Schulkinder;ALT011;11-Jährige;12283;Anzahl;KIN003;Kinder in Tageseinrichtungen
22541;Statistik der Kindertageseinrichtungen;STAG;Stichtag;2014-03-01;DINSG;Deutschland insgesamt;DG;Deutschland;GES;Geschlecht;GESM;männlich;ALTSK1;Alter der Schulkinder;;Insgesamt;1687217;Anzahl;KIN003;Kinder in Tageseinrichtungen
22541;Statistik der Kindertageseinrichtungen;STAG;Stichtag;2018-03-01;DINSG;Deutschland insgesamt;DG;Deutschland;GES;Geschlecht;GESW;weiblich;ALTSK1;Alter der Schulkinder;ALT005;5-Jährige;472;Anzahl;KIN003;Kinder in Tageseinrichtungen
22541;Statistik der Kindertageseinrichtungen;STAG;Stichtag;2020-03-01;DINSG;Deutschland insgesamt;DG;Deutschland;GES;Geschlecht;GESW;weiblich;ALTSK1;Alter der Schulkinder;ALT008;8-Jährige;61932;Anzahl;KIN003;Kinder in Tageseinrichtungen
22541;Statistik der Kindertageseinrichtungen;STAG;Stichtag;2024-03-01;DINSG;Deutschland insgesamt;DG;Deutschland;GES;Geschlecht;GESW;weiblich;ALTSK1;Alter der Schulkinder;ALT009;9-Jährige;61145;Anzahl;KIN003;Kinder in Tageseinrichtungen
22541;Statistik der Kindertageseinrichtungen;STAG;Stichtag;2014-03-01;DINSG;Deutschland insgesamt;DG;Deutschland;GES;Geschlecht;GESW;weiblich;ALTSK1;Alter der Schulkinder;ALT006;6-Jährige;27024;Anzahl;KIN003;Kinder in Tageseinrichtungen
22541;Statistik der Kindertageseinrichtungen;STAG;Stichtag;2023-03-01;DINSG;Deutschland insgesamt;DG;Deutschland;GES;Geschlecht;;Insgesamt;ALTSK1;Alter der Schulkinder;ALT010;10-Jährige;71070;Anzahl;KIN003;Kinder in Tageseinrichtungen
22541;Statistik der Kindertageseinrichtungen;STAG;Stichtag;2017-03-01;DINSG;Deutschland insgesamt;DG;Deutschland;GES;Geschlecht;GESM;männlich;ALTSK1;Alter der Schulkinder;ALT011;11-Jährige;6437;Anzahl;KIN003;Kinder in Tageseinrichtungen
22541;Statistik der Kindertageseinrichtungen;STAG;Stichtag;2024-03-01;DINSG;Deutschland insgesamt;DG;Deutschland;GES;Geschlecht;GESM;männlich;ALTSK1;Alter der Schulkinder;ALT005;5-Jährige;128;Anzahl;KIN003;Kinder in Tageseinrichtungen
22541;Statistik der Kindertageseinrichtungen;STAG;Stichtag;2019-03-01;DINSG;Deutschland insgesamt;DG;Deutschland;GES;Geschlecht;;Insgesamt;ALTSK1;Alter der Schulkinder;;Insgesamt;3663344;Anzahl;KIN003;Kinder in Tageseinrichtungen
22541;Statistik der Kindertageseinrichtungen;STAG;Stichtag;2014-03-01;DINSG;Deutschland insgesamt;DG;Deutschland;GES;Geschlecht;GESM;männlich;ALTSK1;Alter der Schulkinder;ALT013;13-Jährige;1066;Anzahl;KIN003;Kinder in Tageseinrichtungen
22541;Statistik der Kindertageseinrichtungen;STAG;Stichtag;2015-03-01;DINSG;Deutschland insgesamt;DG;Deutschland;GES;Geschlecht;GESM;männlich;ALTSK1;Alter der Schulkinder;ALT007;7-Jährige;64338;Anzahl;KIN003;Kinder in Tageseinrichtungen
22541;Statistik der Kindertageseinrichtungen;STAG;Stichtag;2023-03-01;DINSG;Deutschland insgesamt;DG;Deutschland;GES;Geschlecht;GESM;männlich;ALTSK1;Alter der Schulkinder;ALT011;11-Jährige;7208;Anzahl;KIN003;Kinder in Tageseinrichtungen
22541;Statistik der Kindertageseinrichtungen;STAG;Stichtag;2019-03-01;DINSG;Deutschland insgesamt;DG;Deutschland;GES;Geschlecht;GESM;männlich;ALTSK1;Alter der Schulkinder;ALT008;8-Jährige;64730;Anzahl;KIN003;Kinder in Tageseinrichtungen
22541;Statistik der Kindertageseinrichtungen;STAG;Stichtag;2022-03-01;DINSG;Deutschland insgesamt;DG;Deutschland;GES;Geschlecht;GESW;weiblich;ALTSK1;Alter der Schulkinder;ALT012;12-Jährige;1672;Anzahl;KIN003;Kinder in Tageseinrichtungen
22541;Statistik der Kindertageseinrichtungen;STAG;Stichtag;2024-03-01;DINSG;Deutschland insgesamt;DG;Deutschland;GES;Geschlecht;GESW;weiblich;ALTSK1;Alter der Schulkinder;;Insgesamt;1914562;Anzahl;KIN003;Kinder in Tageseinrichtungen
22541;Statistik der Kindertageseinrichtungen;STAG;Stichtag;2016-03-01;DINSG;Deutschland insgesamt;DG;Deutschland;GES;Geschlecht;;Insgesamt;ALTSK1;Alter der Schulkinder;;Insgesamt;3413553;Anzahl;KIN003;Kinder in Tageseinrichtungen
22541;Statistik der Kindertageseinrichtungen;STAG;Stichtag;2025-03-01;DINSG;Deutschland insgesamt;DG;Deutschland;GES;Geschlecht;GESW;weiblich;ALTSK1;Alter der Schulkinder;ALT010;10-Jährige;38125;Anzahl;KIN003;Kinder in Tageseinrichtungen
22541;Statistik der Kindertageseinrichtungen;STAG;Stichtag;2015-03-01;DINSG;Deutschland insgesamt;DG;Deutschland;GES;Geschlecht;;Insgesamt;ALTSK1;Alter der Schulkinder;ALT013;13-Jährige;1732;Anzahl;KIN003;Kinder in Tageseinrichtungen
22541;Statistik der Kindertageseinrichtungen;STAG;Stichtag;2022-03-01;DINSG;Deutschland insgesamt;DG;Deutschland;GES;Geschlecht;;Insgesamt;ALTSK1;Alter der Schulkinder;ALT007;7-Jährige;136974;Anzahl;KIN003;Kinder in Tageseinrichtungen
22541;Statistik der Kindertageseinrichtungen;STAG;Stichtag;2018-03-01;DINSG;Deutschland insgesamt;DG;Deutschland;GES;Geschlecht;GESM;männlich;ALTSK1;Alter der Schulkinder;ALT012;12-Jährige;2178;Anzahl;KIN003;Kinder in Tageseinrichtungen
22541;Statistik der Kindertageseinrichtungen;STAG;Stichtag;2025-03-01;DINSG;Deutschland insgesamt;DG;Deutschland;GES;Geschlecht;GESM;männlich;ALTSK1;Alter der Schulkinder;ALT006;6-Jährige;24568;Anzahl;KIN003;Kinder in Tageseinrichtungen
22541;Statistik der Kindertageseinrichtungen;STAG;Stichtag;2019-03-01;DINSG;Deutschland insgesamt;DG;Deutschland;GES;Geschlecht;GESW;weiblich;ALTSK1;Alter der Schulkinder;ALT008;8-Jährige;61989;Anzahl;KIN003;Kinder in Tageseinrichtungen
22541;Statistik der Kindertageseinrichtungen;STAG;Stichtag;2023-03-01;DINSG;Deutschland insgesamt;DG;Deutschland;GES;Geschlecht;GESM;männlich;ALTSK1;Alter der Schulkinder;;Insgesamt;2018376;Anzahl;KIN003;Kinder in Tageseinrichtungen
22541;Statistik der Kindertageseinrichtungen;STAG;Stichtag;2021-03-01;DINSG;Deutschland insgesamt;DG;Deutschland;GES;Geschlecht;GESW;weiblich;ALTSK1;Alter der Schulkinder;;Insgesamt;1835664;Anzahl;KIN003;Kinder in Tageseinrichtungen
22541;Statistik der Kindertageseinrichtungen;STAG;Stichtag;2014-03-01;DINSG;Deutschland insgesamt;DG;Deutschland;GES;Geschlecht;GESW;weiblich;ALTSK1;Alter der Schulkinder;ALT008;8-Jährige;54454;Anzahl;KIN003;Kinder in Tageseinrichtungen
22541;Statistik der Kindertageseinrichtungen;STAG;Stichtag;2022-03-01;DINSG;Deutschland insgesamt;DG;Deutschland;GES;Geschlecht;GESM;männlich;ALTSK1;Alter der Schulkinder;ALT010;10-Jährige;35997;Anzahl;KIN003;Kinder in Tageseinrichtungen
22541;Statistik der Kindertageseinrichtungen;STAG;Stichtag;2015-03-01;DINSG;Deutschland insgesamt;DG;Deutschland;GES;Geschlecht;GESM;männlich;ALTSK1;Alter der Schulkinder;ALT009;9-Jährige;50534;Anzahl;KIN003;Kinder in Tageseinrichtungen
22541;Statistik der Kindertageseinrichtungen;STAG;Stichtag;2018-03-01;DINSG;Deutschland insgesamt;DG;Deutschland;GES;Geschlecht;GESW;weiblich;ALTSK1;Alter der Schulkinder;;Insgesamt;1737780;Anzahl;KIN003;Kinder in Tageseinrichtungen
22541;Statistik der Kindertageseinrichtungen;STAG;Stichtag;2023-03-01;DINSG;Deutschland insgesamt;DG;Deutschland;GES;Geschlecht;GESM;männlich;ALTSK1;Alter der Schulkinder;ALT013;13-Jährige;711;Anzahl;KIN003;Kinder in Tageseinrichtungen
22541;Statistik der Kindertageseinrichtungen;STAG;Stichtag;2017-03-01;DINSG;Deutschland insgesamt;DG;Deutschland;GES;Geschlecht;GESW;weiblich;ALTSK1;Alter der Schulkinder;ALT013;13-Jährige;689;Anzahl;KIN003;Kinder in Tageseinrichtungen
22541;Statistik der Kindertageseinrichtungen;STAG;Stichtag;2021-03-01;DINSG;Deutschland insgesamt;DG;Deutschland;GES;Geschlecht;GESM;männlich;ALTSK1;Alter der Schulkinder;ALT005;5-Jährige;528;Anzahl;KIN003;Kinder in Tageseinrichtungen
22541;Statistik der Kindertageseinrichtungen;STAG;Stichtag;2024-03-01;DINSG;Deutschland insgesamt;DG;Deutschland;GES;Geschlecht;GESW;weiblich;ALTSK1;Alter der Schulkinder;ALT007;7-Jährige;69984;Anzahl;KIN003;Kinder in Tageseinrichtungen
22541;Statistik der Kindertageseinrichtungen;STAG;Stichtag;2014-03-01;DINSG;Deutschland insgesamt;DG;Deutschland;GES;Geschlecht;GESM;männlich;ALTSK1;Alter der Schulkinder;ALT011;11-Jährige;5976;Anzahl;KIN003;Kinder in Tageseinrichtungen
22541;Statistik der Kindertageseinrichtungen;STAG;Stichtag;2016-03-01;DINSG;Deutschland insgesamt;DG;Deutschland;GES;Geschlecht;;Insgesamt;ALTSK1;Alter der Schulkinder;ALT009;9-Jährige;101603;Anzahl;KIN003;Kinder in Tageseinrichtungen
22541;Statistik der Kindertageseinrichtungen;STAG;Stichtag;2018-03-01;DINSG;Deutschland insgesamt;DG;Deutschland;GES;Geschlecht;GESM;männlich;ALTSK1;Alter der Schulkinder;ALT005;5-Jährige;465;Anzahl;KIN003;Kinder in Tageseinrichtungen
22541;Statistik der Kindertageseinrichtungen;STAG;Stichtag;2019-03-01;DINSG;Deutschland insgesamt;DG;Deutschland;GES;Geschlecht;;Insgesamt;ALTSK1;Alter der Schulkinder;ALT005;5-Jährige;876;Anzahl;KIN003;Kinder in Tageseinrichtungen
22541;Statistik der Kindertageseinrichtungen;STAG;Stichtag;2020-03-01;DINSG;Deutschland insgesamt;DG;Deutschland;GES;Geschlecht;;Insgesamt;ALTSK1;Alter der Schulkinder;ALT012;12-Jährige;3901;Anzahl;KIN003;Kinder in Tageseinrichtungen
22541;Statistik der Kindertageseinrichtungen;STAG;Stichtag;2020-03-01;DINSG;Deutschland insgesamt;DG;Deutschland;GES;Geschlecht;GESW;weiblich;ALTSK1;Alter der Schulkinder;ALT006;6-Jährige;27032;Anzahl;KIN003;Kinder in Tageseinrichtungen
22541;Statistik der Kindertageseinrichtungen;STAG;Stichtag;2019-03-01;DINSG;Deutschland insgesamt;DG;Deutschland;GES;Geschlecht;;Insgesamt;ALTSK1;Alter der Schulkinder;ALT012;12-Jährige;3847;Anzahl;KIN003;Kinder in Tageseinrichtungen
22541;Statistik der Kindertageseinrichtungen;STAG;Stichtag;2022-03-01;DINSG;Deutschland insgesamt;DG;Deutschland;GES;Geschlecht;;Insgesamt;ALTSK1;Alter der Schulkinder;;Insgesamt;3853586;Anzahl;KIN003;Kinder in Tageseinrichtungen
22541;Statistik der Kindertageseinrichtungen;STAG;Stichtag;2016-03-01;DINSG;Deutschland insgesamt;DG;Deutschland;GES;Geschlecht;GESM;männlich;ALTSK1;Alter der Schulkinder;ALT006;6-Jährige;25832;Anzahl;KIN003;Kinder in Tageseinrichtungen
22541;Statistik der Kindertageseinrichtungen;STAG;Stichtag;2022-03-01;DINSG;Deutschland insgesamt;DG;Deutschland;GES;Geschlecht;;Insgesamt;ALTSK1;Alter der Schulkinder;ALT005;5-Jährige;1264;Anzahl;KIN003;Kinder in Tageseinrichtungen
22541;Statistik der Kindertageseinrichtungen;STAG;Stichtag;2021-03-01;DINSG;Deutschland insgesamt;DG;Deutschland;GES;Geschlecht;GESW;weiblich;ALTSK1;Alter der Schulkinder;ALT011;11-Jährige;5539;Anzahl;KIN003;Kinder in Tageseinrichtungen
22541;Statistik der Kindertageseinrichtungen;STAG;Stichtag;2020-03-01;DINSG;Deutschland insgesamt;DG;Deutschland;GES;Geschlecht;;Insgesamt;ALTSK1;Alter der Schulkinder;ALT005;5-Jährige;985;Anzahl;KIN003;Kinder in Tageseinrichtungen
22541;Statistik der Kindertageseinrichtungen;STAG;Stichtag;2018-03-01;DINSG;Deutschland insgesamt;DG;Deutschland;GES;Geschlecht;GESM;männlich;ALTSK1;Alter der Schulkinder;ALT010;10-Jährige;34642;Anzahl;KIN003;Kinder in Tageseinrichtungen
22541;Statistik der Kindertageseinrichtungen;STAG;Stichtag;2021-03-01;DINSG;Deutschland insgesamt;DG;Deutschland;GES;Geschlecht;GESW;weiblich;ALTSK1;Alter der Schulkinder;ALT007;7-Jährige;64486;Anzahl;KIN003;Kinder in Tageseinrichtungen
22541;Statistik der Kindertageseinrichtungen;STAG;Stichtag;2018-03-01;DINSG;Deutschland insgesamt;DG;Deutschland;GES;Geschlecht;GESM;männlich;ALTSK1;Alter der Schulkinder;ALT007;7-Jährige;66744;Anzahl;KIN003;Kinder in Tageseinrichtungen
22541;Statistik der Kindertageseinrichtungen;STAG;Stichtag;2017-03-01;DINSG;Deutschland insgesamt;DG;Deutschland;GES;Geschlecht;;Insgesamt;ALTSK1;Alter der Schulkinder;ALT008;8-Jährige;123787;Anzahl;KIN003;Kinder in Tageseinrichtungen
22541;Statistik der Kindertageseinrichtungen;STAG;Stichtag;2023-03-01;DINSG;Deutschland insgesamt;DG;Deutschland;GES;Geschlecht;GESW;weiblich;ALTSK1;Alter der Schulkinder;ALT008;8-Jährige;66482;Anzahl;KIN003;Kinder in Tageseinrichtungen
22541;Statistik der Kindertageseinrichtungen;STAG;Stichtag;2017-03-01;DINSG;Deutschland insgesamt;DG;Deutschland;GES;Geschlecht;GESM;männlich;ALTSK1;Alter der Schulkinder;;Insgesamt;1799829;Anzahl;KIN003;Kinder in Tageseinrichtungen
22541;Statistik der Kindertageseinrichtungen;STAG;Stichtag;2021-03-01;DINSG;Deutschland insgesamt;DG;Deutschland;GES;Geschlecht;;Insgesamt;ALTSK1;Alter der Schulkinder;ALT008;8-Jährige;125801;Anzahl;KIN003;Kinder in Tageseinrichtungen
22541;Statistik der Kindertageseinrichtungen;STAG;Stichtag;2019-03-01;DINSG;Deutschland insgesamt;DG;Deutschland;GES;Geschlecht;;Insgesamt;ALTSK1;Alter der Schulkinder;ALT007;7-Jährige;129673;Anzahl;KIN003;Kinder in Tageseinrichtungen
22541;Statistik der Kindertageseinrichtungen;STAG;Stichtag;2020-03-01;DINSG;Deutschland insgesamt;DG;Deutschland;GES;Geschlecht;GESM;männlich;ALTSK1;Alter der Schulkinder;ALT008;8-Jährige;65041;Anzahl;KIN003;Kinder in Tageseinrichtungen
22541;Statistik der Kindertageseinrichtungen;STAG;Stichtag;2020-03-01;DINSG;Deutschland insgesamt;DG;Deutschland;GES;Geschlecht;;Insgesamt;ALTSK1;Alter der Schulkinder;ALT010;10-Jährige;67167;Anzahl;KIN003;Kinder in Tageseinrichtungen
22541;Statistik der Kindertageseinrichtungen;STAG;Stichtag;2024-03-01;DINSG;Deutschland insgesamt;DG;Deutschland;GES;Geschlecht;GESW;weiblich;ALTSK1;Alter der Schulkinder;ALT005;5-Jährige;145;Anzahl;KIN003;Kinder in Tageseinrichtungen
22541;Statistik der Kindertageseinrichtungen;STAG;Stichtag;2021-03-01;DINSG;Deutschland insgesamt;DG;Deutschland;GES;Geschlecht;GESW;weiblich;ALTSK1;Alter der Schulkinder;ALT009;9-Jährige;53892;Anzahl;KIN003;Kinder in Tageseinrichtungen
22541;Statistik der Kindertageseinrichtungen;STAG;Stichtag;2025-03-01;DINSG;Deutschland insgesamt;DG;Deutschland;GES;Geschlecht;;Insgesamt;ALTSK1;Alter der Schulkinder;ALT012;12-Jährige;4108;Anzahl;KIN003;Kinder in Tageseinrichtungen
22541;Statistik der Kindertageseinrichtungen;STAG;Stichtag;2024-03-01;DINSG;Deutschland insgesamt;DG;Deutschland;GES;Geschlecht;GESM;männlich;ALTSK1;Alter der Schulkinder;ALT012;12-Jährige;2266;Anzahl;KIN003;Kinder in Tageseinrichtungen
22541;Statistik der Kindertageseinrichtungen;STAG;Stichtag;2018-03-01;DINSG;Deutschland insgesamt;DG;Deutschland;GES;Geschlecht;GESW;weiblich;ALTSK1;Alter der Schulkinder;ALT012;12-Jährige;1647;Anzahl;KIN003;Kinder in Tageseinrichtungen
22541;Statistik der Kindertageseinrichtungen;STAG;Stichtag;2021-03-01;DINSG;Deutschland insgesamt;DG;Deutschland;GES;Geschlecht;GESW;weiblich;ALTSK1;Alter der Schulkinder;ALT005;5-Jährige;557;Anzahl;KIN003;Kinder in Tageseinrichtungen
22541;Statistik der Kindertageseinrichtungen;STAG;Stichtag;2015-03-01;DINSG;Deutschland insgesamt;DG;Deutschland;GES;Geschlecht;GESM;männlich;ALTSK1;Alter der Schulkinder;ALT012;12-Jährige;2106;Anzahl;KIN003;Kinder in Tageseinrichtungen
22541;Statistik der Kindertageseinrichtungen;STAG;Stichtag;2019-03-01;DINSG;Deutschland insgesamt;DG;Deutschland;GES;Geschlecht;;Insgesamt;ALTSK1;Alter der Schulkinder;ALT010;10-Jährige;65700;Anzahl;KIN003;Kinder in Tageseinrichtungen
22541;Statistik der Kindertageseinrichtungen;STAG;Stichtag;2014-03-01;DINSG;Deutschland insgesamt;DG;Deutschland;GES;Geschlecht;;Insgesamt;ALTSK1;Alter der Schulkinder;ALT005;5-Jährige;768;Anzahl;KIN003;Kinder in Tageseinrichtungen
22541;Statistik der Kindertageseinrichtungen;STAG;Stichtag;2020-03-01;DINSG;Deutschland insgesamt;DG;Deutschland;GES;Geschlecht;GESM;männlich;ALTSK1;Alter der Schulkinder;ALT006;6-Jährige;25786;Anzahl;KIN003;Kinder in Tageseinrichtungen
22541;Statistik der Kindertageseinrichtungen;STAG;Stichtag;2021-03-01;DINSG;Deutschland insgesamt;DG;Deutschland;GES;Geschlecht;GESW;weiblich;ALTSK1;Alter der Schulkinder;ALT013;13-Jährige;620;Anzahl;KIN003;Kinder in Tageseinrichtungen
22541;Statistik der Kindertageseinrichtungen;STAG;Stichtag;2016-03-01;DINSG;Deutschland insgesamt;DG;Deutschland;GES;Geschlecht;GESM;männlich;ALTSK1;Alter der Schulkinder;ALT008;8-Jährige;62478;Anzahl;KIN003;Kinder in Tageseinrichtungen
22541;Statistik der Kindertageseinrichtungen;STAG;Stichtag;2018-03-01;DINSG;Deutschland insgesamt;DG;Deutschland;GES;Geschlecht;GESM;männlich;ALTSK1;Alter der Schulkinder;ALT009;9-Jährige;56376;Anzahl;KIN003;Kinder in Tageseinrichtungen
22541;Statistik der Kindertageseinrichtungen;STAG;Stichtag;2021-03-01;DINSG;Deutschland insgesamt;DG;Deutschland;GES;Geschlecht;;Insgesamt;ALTSK1;Alter der Schulkinder;ALT006;6-Jährige;51765;Anzahl;KIN003;Kinder in Tageseinrichtungen
22541;Statistik der Kindertageseinrichtungen;STAG;Stichtag;2023-03-01;DINSG;Deutschland insgesamt;DG;Deutschland;GES;Geschlecht;GESW;weiblich;ALTSK1;Alter der Schulkinder;ALT006;6-Jährige;27749;Anzahl;KIN003;Kinder in Tageseinrichtungen
22541;Statistik der Kindertageseinrichtungen;STAG;Stichtag;2019-03-01;DINSG;Deutschland insgesamt;DG;Deutschland;GES;Geschlecht;;Insgesamt;ALTSK1;Alter der Schulkinder;ALT009;9-Jährige;109851;Anzahl;KIN003;Kinder in Tageseinrichtungen
22541;Statistik der Kindertageseinrichtungen;STAG;Stichtag;2024-03-01;DINSG;Deutschland insgesamt;DG;Deutschland;GES;Geschlecht;GESW;weiblich;ALTSK1;Alter der Schulkinder;ALT011;11-Jährige;6128;Anzahl;KIN003;Kinder in Tageseinrichtungen
22541;Statistik der Kindertageseinrichtungen;STAG;Stichtag;2022-03-01;DINSG;Deutschland insgesamt;DG;Deutschland;GES;Geschlecht;GESW;weiblich;ALTSK1;Alter der Schulkinder;ALT010;10-Jährige;32148;Anzahl;KIN003;Kinder in Tageseinrichtungen
22541;Statistik der Kindertageseinrichtungen;STAG;Stichtag;2018-03-01;DINSG;Deutschland insgesamt;DG;Deutschland;GES;Geschlecht;;Insgesamt;ALTSK1;Alter der Schulkinder;ALT013;13-Jährige;1564;Anzahl;KIN003;Kinder in Tageseinrichtungen
22541;Statistik der Kindertageseinrichtungen;STAG;Stichtag;2017-03-01;DINSG;Deutschland insgesamt;DG;Deutschland;GES;Geschlecht;GESM;männlich;ALTSK1;Alter der Schulkinder;ALT013;13-Jährige;917;Anzahl;KIN003;Kinder in Tageseinrichtungen
22541;Statistik der Kindertageseinrichtungen;STAG;Stichtag;2016-03-01;DINSG;Deutschland insgesamt;DG;Deutschland;GES;Geschlecht;;Insgesamt;ALTSK1;Alter der Schulkinder;ALT012;12-Jährige;3750;Anzahl;KIN003;Kinder in Tageseinrichtungen
22541;Statistik der Kindertageseinrichtungen;STAG;Stichtag;2016-03-01;DINSG;Deutschland insgesamt;DG;Deutschland;GES;Geschlecht;GESW;weiblich;ALTSK1;Alter der Schulkinder;ALT005;5-Jährige;403;Anzahl;KIN003;Kinder in Tageseinrichtungen
22541;Statistik der Kindertageseinrichtungen;STAG;Stichtag;2019-03-01;DINSG;Deutschland insgesamt;DG;Deutschland;GES;Geschlecht;GESM;männlich;ALTSK1;Alter der Schulkinder;ALT006;6-Jährige;26188;Anzahl;KIN003;Kinder in Tageseinrichtungen
22541;Statistik der Kindertageseinrichtungen;STAG;Stichtag;2024-03-01;DINSG;Deutschland insgesamt;DG;Deutschland;GES;Geschlecht;GESW;weiblich;ALTSK1;Alter der Schulkinder;ALT012;12-Jährige;1830;Anzahl;KIN003;Kinder in Tageseinrichtungen
22541;Statistik der Kindertageseinrichtungen;STAG;Stichtag;2016-03-01;DINSG;Deutschland insgesamt;DG;Deutschland;GES;Geschlecht;;Insgesamt;ALTSK1;Alter der Schulkinder;ALT011;11-Jährige;11452;Anzahl;KIN003;Kinder in Tageseinrichtungen
22541;Statistik der Kindertageseinrichtungen;STAG;Stichtag;2023-03-01;DINSG;Deutschland insgesamt;DG;Deutschland;GES;Geschlecht;GESM;männlich;ALTSK1;Alter der Schulkinder;ALT008;8-Jährige;68706;Anzahl;KIN003;Kinder in Tageseinrichtungen
22541;Statistik der Kindertageseinrichtungen;STAG;Stichtag;2016-03-01;DINSG;Deutschland insgesamt;DG;Deutschland;GES;Geschlecht;GESW;weiblich;ALTSK1;Alter der Schulkinder;ALT006;6-Jährige;27427;Anzahl;KIN003;Kinder in Tageseinrichtungen
22541;Statistik der Kindertageseinrichtungen;STAG;Stichtag;2025-03-01;DINSG;Deutschland insgesamt;DG;Deutschland;GES;Geschlecht;GESM;männlich;ALTSK1;Alter der Schulkinder;ALT013;13-Jährige;767;Anzahl;KIN003;Kinder in Tageseinrichtungen
22541;Statistik der Kindertageseinrichtungen;STAG;Stichtag;2019-03-01;DINSG;Deutschland insgesamt;DG;Deutschland;GES;Geschlecht;GESM;männlich;ALTSK1;Alter der Schulkinder;ALT010;10-Jährige;34569;Anzahl;KIN003;Kinder in Tageseinrichtungen
22541;Statistik der Kindertageseinrichtungen;STAG;Stichtag;2018-03-01;DINSG;Deutschland insgesamt;DG;Deutschland;GES;Geschlecht;;Insgesamt;ALTSK1;Alter der Schulkinder;ALT008;8-Jährige;123533;Anzahl;KIN003;Kinder in Tageseinrichtungen
22541;Statistik der Kindertageseinrichtungen;STAG;Stichtag;2020-03-01;DINSG;Deutschland insgesamt;DG;Deutschland;GES;Geschlecht;GESW;weiblich;ALTSK1;Alter der Schulkinder;ALT010;10-Jährige;31810;Anzahl;KIN003;Kinder in Tageseinrichtungen
22541;Statistik der Kindertageseinrichtungen;STAG;Stichtag;2021-03-01;DINSG;Deutschland insgesamt;DG;Deutschland;GES;Geschlecht;GESM;männlich;ALTSK1;Alter der Schulkinder;ALT012;12-Jährige;2086;Anzahl;KIN003;Kinder in Tageseinrichtungen
22541;Statistik der Kindertageseinrichtungen;STAG;Stichtag;2018-03-01;DINSG;Deutschland insgesamt;DG;Deutschland;GES;Geschlecht;GESW;weiblich;ALTSK1;Alter der Schulkinder;ALT011;11-Jährige;5520;Anzahl;KIN003;Kinder in Tageseinrichtungen
22541;Statistik der Kindertageseinrichtungen;STAG;Stichtag;2014-03-01;DINSG;Deutschland insgesamt;DG;Deutschland;GES;Geschlecht;GESW;weiblich;ALTSK1;Alter der Schulkinder;ALT010;10-Jährige;26464;Anzahl;KIN003;Kinder in Tageseinrichtungen
22541;Statistik der Kindertageseinrichtungen;STAG;Stichtag;2017-03-01;DINSG;Deutschland insgesamt;DG;Deutschland;GES;Geschlecht;GESW;weiblich;ALTSK1;Alter der Schulkinder;ALT009;9-Jährige;53043;Anzahl;KIN003;Kinder in Tageseinrichtungen
22541;Statistik der Kindertageseinrichtungen;STAG;Stichtag;2023-03-01;DINSG;Deutschland insgesamt;DG;Deutschland;GES;Geschlecht;GESM;männlich;ALTSK1;Alter der Schulkinder;ALT009;9-Jährige;59976;Anzahl;KIN003;Kinder in Tageseinrichtungen
22541;Statistik der Kindertageseinrichtungen;STAG;Stichtag;2025-03-01;DINSG;Deutschland insgesamt;DG;Deutschland;GES;Geschlecht;;Insgesamt;ALTSK1;Alter der Schulkinder;ALT011;11-Jährige;13568;Anzahl;KIN003;Kinder in Tageseinrichtungen
22541;Statistik der Kindertageseinrichtungen;STAG;Stichtag;2014-03-01;DINSG;Deutschland insgesamt;DG;Deutschland;GES;Geschlecht;;Insgesamt;ALTSK1;Alter der Schulkinder;ALT006;6-Jährige;52798;Anzahl;KIN003;Kinder in Tageseinrichtungen
22541;Statistik der Kindertageseinrichtungen;STAG;Stichtag;2024-03-01;DINSG;Deutschland insgesamt;DG;Deutschland;GES;Geschlecht;;Insgesamt;ALTSK1;Alter der Schulkinder;ALT009;9-Jährige;124143;Anzahl;KIN003;Kinder in Tageseinrichtungen
22541;Statistik der Kindertageseinrichtungen;STAG;Stichtag;2024-03-01;DINSG;Deutschland insgesamt;DG;Deutschland;GES;Geschlecht;;Insgesamt;ALTSK1;Alter der Schulkinder;ALT008;8-Jährige;137178;Anzahl;KIN003;Kinder in Tageseinrichtungen
22541;Statistik der Kindertageseinrichtungen;STAG;Stichtag;2021-03-01;DINSG;Deutschland insgesamt;DG;Deutschland;GES;Geschlecht;GESM;männlich;ALTSK1;Alter der Schulkinder;ALT011;11-Jährige;6774;Anzahl;KIN003;Kinder in Tageseinrichtungen
22541;Statistik der Kindertageseinrichtungen;STAG;Stichtag;2017-03-01;DINSG;Deutschland insgesamt;DG;Deutschland;GES;Geschlecht;GESM;männlich;ALTSK1;Alter der Schulkinder;ALT007;7-Jährige;65558;Anzahl;KIN003;Kinder in Tageseinrichtungen
22541;Statistik der Kindertageseinrichtungen;STAG;Stichtag;2018-03-01;DINSG;Deutschland insgesamt;DG;Deutschland;GES;Geschlecht;;Insgesamt;ALTSK1;Alter der Schulkinder;ALT007;7-Jährige;131089;Anzahl;KIN003;Kinder in Tageseinrichtungen
22541;Statistik der Kindertageseinrichtungen;STAG;Stichtag;2017-03-01;DINSG;Deutschland insgesamt;DG;Deutschland;GES;Geschlecht;GESW;weiblich;ALTSK1;Alter der Schulkinder;ALT008;8-Jährige;60456;Anzahl;KIN003;Kinder in Tageseinrichtungen
22541;Statistik der Kindertageseinrichtungen;STAG;Stichtag;2021-03-01;DINSG;Deutschland insgesamt;DG;Deutschland;GES;Geschlecht;;Insgesamt;ALTSK1;Alter der Schulkinder;ALT010;10-Jährige;66819;Anzahl;KIN003;Kinder in Tageseinrichtungen
22541;Statistik der Kindertageseinrichtungen;STAG;Stichtag;2020-03-01;DINSG;Deutschland insgesamt;DG;Deutschland;GES;Geschlecht;;Insgesamt;ALTSK1;Alter der Schulkinder;ALT007;7-Jährige;132563;Anzahl;KIN003;Kinder in Tageseinrichtungen
22541;Statistik der Kindertageseinrichtungen;STAG;Stichtag;2022-03-01;DINSG;Deutschland insgesamt;DG;Deutschland;GES;Geschlecht;;Insgesamt;ALTSK1;Alter der Schulkinder;ALT011;11-Jährige;12775;Anzahl;KIN003;Kinder in Tageseinrichtungen
22541;Statistik der Kindertageseinrichtungen;STAG;Stichtag;2015-03-01;DINSG;Deutschland insgesamt;DG;Deutschland;GES;Geschlecht;GESW;weiblich;ALTSK1;Alter der Schulkinder;ALT011;11-Jährige;4815;Anzahl;KIN003;Kinder in Tageseinrichtungen
22541;Statistik der Kindertageseinrichtungen;STAG;Stichtag;2017-03-01;DINSG;Deutschland insgesamt;DG;Deutschland;GES;Geschlecht;GESM;männlich;ALTSK1;Alter der Schulkinder;ALT008;8-Jährige;63331;Anzahl;KIN003;Kinder in Tageseinrichtungen
22541;Statistik der Kindertageseinrichtungen;STAG;Stichtag;2021-03-01;DINSG;Deutschland insgesamt;DG;Deutschland;GES;Geschlecht;GESM;männlich;ALTSK1;Alter der Schulkinder;;Insgesamt;1942191;Anzahl;KIN003;Kinder in Tageseinrichtungen
22541;Statistik der Kindertageseinrichtungen;STAG;Stichtag;2020-03-01;DINSG;Deutschland insgesamt;DG;Deutschland;GES;Geschlecht;GESW;weiblich;ALTSK1;Alter der Schulkinder;ALT013;13-Jährige;602;Anzahl;KIN003;Kinder in Tageseinrichtungen
22541;Statistik der Kindertageseinrichtungen;STAG;Stichtag;2017-03-01;DINSG;Deutschland insgesamt;DG;Deutschland;GES;Geschlecht;;Insgesamt;ALTSK1;Alter der Schulkinder;ALT006;6-Jährige;54291;Anzahl;KIN003;Kinder in Tageseinrichtungen
22541;Statistik der Kindertageseinrichtungen;STAG;Stichtag;2017-03-01;DINSG;Deutschland insgesamt;DG;Deutschland;GES;Geschlecht;;Insgesamt;ALTSK1;Alter der Schulkinder;ALT005;5-Jährige;838;Anzahl;KIN003;Kinder in Tageseinrichtungen
22541;Statistik der Kindertageseinrichtungen;STAG;Stichtag;2017-03-01;DINSG;Deutschland insgesamt;DG;Deutschland;GES;Geschlecht;;Insgesamt;ALTSK1;Alter der Schulkinder;ALT013;13-Jährige;1606;Anzahl;KIN003;Kinder in Tageseinrichtungen
22541;Statistik der Kindertageseinrichtungen;STAG;Stichtag;2018-03-01;DINSG;Deutschland insgesamt;DG;Deutschland;GES;Geschlecht;;Insgesamt;ALTSK1;Alter der Schulkinder;;Insgesamt;3577595;Anzahl;KIN003;Kinder in Tageseinrichtungen
22541;Statistik der Kindertageseinrichtungen;STAG;Stichtag;2020-03-01;DINSG;Deutschland insgesamt;DG;Deutschland;GES;Geschlecht;;Insgesamt;ALTSK1;Alter der Schulkinder;ALT006;6-Jährige;52818;Anzahl;KIN003;Kinder in Tageseinrichtungen
22541;Statistik der Kindertageseinrichtungen;STAG;Stichtag;2020-03-01;DINSG;Deutschland insgesamt;DG;Deutschland;GES;Geschlecht;GESM;männlich;ALTSK1;Alter der Schulkinder;ALT009;9-Jährige;58301;Anzahl;KIN003;Kinder in Tageseinrichtungen
22541;Statistik der Kindertageseinrichtungen;STAG;Stichtag;2024-03-01;DINSG;Deutschland insgesamt;DG;Deutschland;GES;Geschlecht;GESM;männlich;ALTSK1;Alter der Schulkinder;ALT011;11-Jährige;7411;Anzahl;KIN003;Kinder in Tageseinrichtungen
22541;Statistik der Kindertageseinrichtungen;STAG;Stichtag;2019-03-01;DINSG;Deutschland insgesamt;DG;Deutschland;GES;Geschlecht;GESW;weiblich;ALTSK1;Alter der Schulkinder;ALT013;13-Jährige;667;Anzahl;KIN003;Kinder in Tageseinrichtungen
22541;Statistik der Kindertageseinrichtungen;STAG;Stichtag;2014-03-01;DINSG;Deutschland insgesamt;DG;Deutschland;GES;Geschlecht;;Insgesamt;ALTSK1;Alter der Schulkinder;ALT009;9-Jährige;98937;Anzahl;KIN003;Kinder in Tageseinrichtungen
22541;Statistik der Kindertageseinrichtungen;STAG;Stichtag;2016-03-01;DINSG;Deutschland insgesamt;DG;Deutschland;GES;Geschlecht;GESM;männlich;ALTSK1;Alter der Schulkinder;ALT005;5-Jährige;374;Anzahl;KIN003;Kinder in Tageseinrichtungen
22541;Statistik der Kindertageseinrichtungen;STAG;Stichtag;2016-03-01;DINSG;Deutschland insgesamt;DG;Deutschland;GES;Geschlecht;GESM;männlich;ALTSK1;Alter der Schulkinder;ALT013;13-Jährige;941;Anzahl;KIN003;Kinder in Tageseinrichtungen
22541;Statistik der Kindertageseinrichtungen;STAG;Stichtag;2022-03-01;DINSG;Deutschland insgesamt;DG;Deutschland;GES;Geschlecht;;Insgesamt;ALTSK1;Alter der Schulkinder;ALT012;12-Jährige;3802;Anzahl;KIN003;Kinder in Tageseinrichtungen
22541;Statistik der Kindertageseinrichtungen;STAG;Stichtag;2022-03-01;DINSG;Deutschland insgesamt;DG;Deutschland;GES;Geschlecht;GESW;weiblich;ALTSK1;Alter der Schulkinder;ALT006;6-Jährige;26867;Anzahl;KIN003;Kinder in Tageseinrichtungen
22541;Statistik der Kindertageseinrichtungen;STAG;Stichtag;2015-03-01;DINSG;Deutschland insgesamt;DG;Deutschland;GES;Geschlecht;GESW;weiblich;ALTSK1;Alter der Schulkinder;ALT012;12-Jährige;1620;Anzahl;KIN003;Kinder in Tageseinrichtungen
22541;Statistik der Kindertageseinrichtungen;STAG;Stichtag;2023-03-01;DINSG;Deutschland insgesamt;DG;Deutschland;GES;Geschlecht;GESW;weiblich;ALTSK1;Alter der Schulkinder;ALT010;10-Jährige;33820;Anzahl;KIN003;Kinder in Tageseinrichtungen
22541;Statistik der Kindertageseinrichtungen;STAG;Stichtag;2022-03-01;DINSG;Deutschland insgesamt;DG;Deutschland;GES;Geschlecht;GESW;weiblich;ALTSK1;Alter der Schulkinder;ALT007;7-Jährige;67439;Anzahl;KIN003;Kinder in Tageseinrichtungen
22541;Statistik der Kindertageseinrichtungen;STAG;Stichtag;2016-03-01;DINSG;Deutschland insgesamt;DG;Deutschland;GES;Geschlecht;GESW;weiblich;ALTSK1;Alter der Schulkinder;;Insgesamt;1659594;Anzahl;KIN003;Kinder in Tageseinrichtungen
22541;Statistik der Kindertageseinrichtungen;STAG;Stichtag;2016-03-01;DINSG;Deutschland insgesamt;DG;Deutschland;GES;Geschlecht;GESM;männlich;ALTSK1;Alter der Schulkinder;ALT010;10-Jährige;30949;Anzahl;KIN003;Kinder in Tageseinrichtungen
22541;Statistik der Kindertageseinrichtungen;STAG;Stichtag;2014-03-01;DINSG;Deutschland insgesamt;DG;Deutschland;GES;Geschlecht;GESW;weiblich;ALTSK1;Alter der Schulkinder;ALT009;9-Jährige;48124;Anzahl;KIN003;Kinder in Tageseinrichtungen
22541;Statistik der Kindertageseinrichtungen;STAG;Stichtag;2014-03-01;DINSG;Deutschland insgesamt;DG;Deutschland;GES;Geschlecht;GESW;weiblich;ALTSK1;Alter der Schulkinder;ALT013;13-Jährige;787;Anzahl;KIN003;Kinder in Tageseinrichtungen
22541;Statistik der Kindertageseinrichtungen;STAG;Stichtag;2019-03-01;DINSG;Deutschland insgesamt;DG;Deutschland;GES;Geschlecht;GESW;weiblich;ALTSK1;Alter der Schulkinder;ALT010;10-Jährige;31131;Anzahl;KIN003;Kinder in Tageseinrichtungen
22541;Statistik der Kindertageseinrichtungen;STAG;Stichtag;2021-03-01;DINSG;Deutschland insgesamt;DG;Deutschland;GES;Geschlecht;;Insgesamt;ALTSK1;Alter der Schulkinder;ALT013;13-Jährige;1379;Anzahl;KIN003;Kinder in Tageseinrichtungen
22541;Statistik der Kindertageseinrichtungen;STAG;Stichtag;2024-03-01;DINSG;Deutschland insgesamt;DG;Deutschland;GES;Geschlecht;;Insgesamt;ALTSK1;Alter der Schulkinder;;Insgesamt;3937137;Anzahl;KIN003;Kinder in Tageseinrichtungen
22541;Statistik der Kindertageseinrichtungen;STAG;Stichtag;2019-03-01;DINSG;Deutschland insgesamt;DG;Deutschland;GES;Geschlecht;GESW;weiblich;ALTSK1;Alter der Schulkinder;ALT006;6-Jährige;27791;Anzahl;KIN003;Kinder in Tageseinrichtungen
22541;Statistik der Kindertageseinrichtungen;STAG;Stichtag;2021-03-01;DINSG;Deutschland insgesamt;DG;Deutschland;GES;Geschlecht;;Insgesamt;ALTSK1;Alter der Schulkinder;ALT009;9-Jährige;110624;Anzahl;KIN003;Kinder in Tageseinrichtungen
22541;Statistik der Kindertageseinrichtungen;STAG;Stichtag;2018-03-01;DINSG;Deutschland insgesamt;DG;Deutschland;GES;Geschlecht;GESM;männlich;ALTSK1;Alter der Schulkinder;ALT006;6-Jährige;25640;Anzahl;KIN003;Kinder in Tageseinrichtungen
22541;Statistik der Kindertageseinrichtungen;STAG;Stichtag;2024-03-01;DINSG;Deutschland insgesamt;DG;Deutschland;GES;Geschlecht;;Insgesamt;ALTSK1;Alter der Schulkinder;ALT005;5-Jährige;273;Anzahl;KIN003;Kinder in Tageseinrichtungen
22541;Statistik der Kindertageseinrichtungen;STAG;Stichtag;2015-03-01;DINSG;Deutschland insgesamt;DG;Deutschland;GES;Geschlecht;GESM;männlich;ALTSK1;Alter der Schulkinder;;Insgesamt;1716444;Anzahl;KIN003;Kinder in Tageseinrichtungen
22541;Statistik der Kindertageseinrichtungen;STAG;Stichtag;2023-03-01;DINSG;Deutschland insgesamt;DG;Deutschland;GES;Geschlecht;GESM;männlich;ALTSK1;Alter der Schulkinder;ALT005;5-Jährige;169;Anzahl;KIN003;Kinder in Tageseinrichtungen
22541;Statistik der Kindertageseinrichtungen;STAG;Stichtag;2021-03-01;DINSG;Deutschland insgesamt;DG;Deutschland;GES;Geschlecht;GESW;weiblich;ALTSK1;Alter der Schulkinder;ALT012;12-Jährige;1745;Anzahl;KIN003;Kinder in Tageseinrichtungen
22541;Statistik der Kindertageseinrichtungen;STAG;Stichtag;2021-03-01;DINSG;Deutschland insgesamt;DG;Deutschland;GES;Geschlecht;GESW;weiblich;ALTSK1;Alter der Schulkinder;ALT008;8-Jährige;61393;Anzahl;KIN003;Kinder in Tageseinrichtungen
22541;Statistik der Kindertageseinrichtungen;STAG;Stichtag;2023-03-01;DINSG;Deutschland insgesamt;DG;Deutschland;GES;Geschlecht;GESW;weiblich;ALTSK1;Alter der Schulkinder;ALT013;13-Jährige;586;Anzahl;KIN003;Kinder in Tageseinrichtungen
22541;Statistik der Kindertageseinrichtungen;STAG;Stichtag;2019-03-01;DINSG;Deutschland insgesamt;DG;Deutschland;GES;Geschlecht;;Insgesamt;ALTSK1;Alter der Schulkinder;ALT011;11-Jährige;12549;Anzahl;KIN003;Kinder in Tageseinrichtungen
22541;Statistik der Kindertageseinrichtungen;STAG;Stichtag;2023-03-01;DINSG;Deutschland insgesamt;DG;Deutschland;GES;Geschlecht;GESW;weiblich;ALTSK1;Alter der Schulkinder;ALT009;9-Jährige;57354;Anzahl;KIN003;Kinder in Tageseinrichtungen
22541;Statistik der Kindertageseinrichtungen;STAG;Stichtag;2018-03-01;DINSG;Deutschland insgesamt;DG;Deutschland;GES;Geschlecht;GESM;männlich;ALTSK1;Alter der Schulkinder;ALT011;11-Jährige;6763;Anzahl;KIN003;Kinder in Tageseinrichtungen
22541;Statistik der Kindertageseinrichtungen;STAG;Stichtag;2017-03-01;DINSG;Deutschland insgesamt;DG;Deutschland;GES;Geschlecht;;Insgesamt;ALTSK1;Alter der Schulkinder;ALT010;10-Jährige;61213;Anzahl;KIN003;Kinder in Tageseinrichtungen
22541;Statistik der Kindertageseinrichtungen;STAG;Stichtag;2015-03-01;DINSG;Deutschland insgesamt;DG;Deutschland;GES;Geschlecht;GESW;weiblich;ALTSK1;Alter der Schulkinder;ALT007;7-Jährige;61563;Anzahl;KIN003;Kinder in Tageseinrichtungen
22541;Statistik der Kindertageseinrichtungen;STAG;Stichtag;2023-03-01;DINSG;Deutschland insgesamt;DG;Deutschland;GES;Geschlecht;GESW;weiblich;ALTSK1;Alter der Schulkinder;;Insgesamt;1908047;Anzahl;KIN003;Kinder in Tageseinrichtungen
22541;Statistik der Kindertageseinrichtungen;STAG;Stichtag;2020-03-01;DINSG;Deutschland insgesamt;DG;Deutschland;GES;Geschlecht;GESW;weiblich;ALTSK1;Alter der Schulkinder;ALT009;9-Jährige;56047;Anzahl;KIN003;Kinder in Tageseinrichtungen
22541;Statistik der Kindertageseinrichtungen;STAG;Stichtag;2025-03-01;DINSG;Deutschland insgesamt;DG;Deutschland;GES;Geschlecht;GESW;weiblich;ALTSK1;Alter der Schulkinder;ALT006;6-Jährige;26656;Anzahl;KIN003;Kinder in Tageseinrichtungen
22541;Statistik der Kindertageseinrichtungen;STAG;Stichtag;2020-03-01;DINSG;Deutschland insgesamt;DG;Deutschland;GES;Geschlecht;GESW;weiblich;ALTSK1;Alter der Schulkinder;;Insgesamt;1823973;Anzahl;KIN003;Kinder in Tageseinrichtungen
22541;Statistik der Kindertageseinrichtungen;STAG;Stichtag;2015-03-01;DINSG;Deutschland insgesamt;DG;Deutschland;GES;Geschlecht;;Insgesamt;ALTSK1;Alter der Schulkinder;;Insgesamt;3341786;Anzahl;KIN003;Kinder in Tageseinrichtungen
22541;Statistik der Kindertageseinrichtungen;STAG;Stichtag;2019-03-01;DINSG;Deutschland insgesamt;DG;Deutschland;GES;Geschlecht;GESM;männlich;ALTSK1;Alter der Schulkinder;ALT013;13-Jährige;864;Anzahl;KIN003;Kinder in Tageseinrichtungen
22541;Statistik der Kindertageseinrichtungen;STAG;Stichtag;2019-03-01;DINSG;Deutschland insgesamt;DG;Deutschland;GES;Geschlecht;GESM;männlich;ALTSK1;Alter der Schulkinder;ALT005;5-Jährige;433;Anzahl;KIN003;Kinder in Tageseinrichtungen
22541;Statistik der Kindertageseinrichtungen;STAG;Stichtag;2014-03-01;DINSG;Deutschland insgesamt;DG;Deutschland;GES;Geschlecht;GESM;männlich;ALTSK1;Alter der Schulkinder;ALT008;8-Jährige;56943;Anzahl;KIN003;Kinder in Tageseinrichtungen
22541;Statistik der Kindertageseinrichtungen;STAG;Stichtag;2017-03-01;DINSG;Deutschland insgesamt;DG;Deutschland;GES;Geschlecht;GESM;männlich;ALTSK1;Alter der Schulkinder;ALT012;12-Jährige;2243;Anzahl;KIN003;Kinder in Tageseinrichtungen
22541;Statistik der Kindertageseinrichtungen;STAG;Stichtag;2019-03-01;DINSG;Deutschland insgesamt;DG;Deutschland;GES;Geschlecht;GESW;weiblich;ALTSK1;Alter der Schulkinder;;Insgesamt;1780334;Anzahl;KIN003;Kinder in Tageseinrichtungen
22541;Statistik der Kindertageseinrichtungen;STAG;Stichtag;2018-03-01;DINSG;Deutschland insgesamt;DG;Deutschland;GES;Geschlecht;GESW;weiblich;ALTSK1;Alter der Schulkinder;ALT007;7-Jährige;64345;Anzahl;KIN003;Kinder in Tageseinrichtungen
22541;Statistik der Kindertageseinrichtungen;STAG;Stichtag;2024-03-01;DINSG;Deutschland insgesamt;DG;Deutschland;GES;Geschlecht;GESM;männlich;ALTSK1;Alter der Schulkinder;;Insgesamt;2022575;Anzahl;KIN003;Kinder in Tageseinrichtungen
22541;Statistik der Kindertageseinrichtungen;STAG;Stichtag;2015-03-01;DINSG;Deutschland insgesamt;DG;Deutschland;GES;Geschlecht;;Insgesamt;ALTSK1;Alter der Schulkinder;ALT008;8-Jährige;113758;Anzahl;KIN003;Kinder in Tageseinrichtungen
22541;Statistik der Kindertageseinrichtungen;STAG;Stichtag;2016-03-01;DINSG;Deutschland insgesamt;DG;Deutschland;GES;Geschlecht;GESM;männlich;ALTSK1;Alter der Schulkinder;ALT009;9-Jährige;52146;Anzahl;KIN003;Kinder in Tageseinrichtungen
22541;Statistik der Kindertageseinrichtungen;STAG;Stichtag;2014-03-01;DINSG;Deutschland insgesamt;DG;Deutschland;GES;Geschlecht;;Insgesamt;ALTSK1;Alter der Schulkinder;ALT010;10-Jährige;56249;Anzahl;KIN003;Kinder in Tageseinrichtungen
22541;Statistik der Kindertageseinrichtungen;STAG;Stichtag;2025-03-01;DINSG;Deutschland insgesamt;DG;Deutschland;GES;Geschlecht;;Insgesamt;ALTSK1;Alter der Schulkinder;ALT007;7-Jährige;139833;Anzahl;KIN003;Kinder in Tageseinrichtungen
22541;Statistik der Kindertageseinrichtungen;STAG;Stichtag;2015-03-01;DINSG;Deutschland insgesamt;DG;Deutschland;GES;Geschlecht;GESM;männlich;ALTSK1;Alter der Schulkinder;ALT011;11-Jährige;6212;Anzahl;KIN003;Kinder in Tageseinrichtungen
22541;Statistik der Kindertageseinrichtungen;STAG;Stichtag;2020-03-01;DINSG;Deutschland insgesamt;DG;Deutschland;GES;Geschlecht;GESM;männlich;ALTSK1;Alter der Schulkinder;ALT013;13-Jährige;795;Anzahl;KIN003;Kinder in Tageseinrichtungen
22541;Statistik der Kindertageseinrichtungen;STAG;Stichtag;2024-03-01;DINSG;Deutschland insgesamt;DG;Deutschland;GES;Geschlecht;GESM;männlich;ALTSK1;Alter der Schulkinder;ALT007;7-Jährige;72487;Anzahl;KIN003;Kinder in Tageseinrichtungen
22541;Statistik der Kindertageseinrichtungen;STAG;Stichtag;2023-03-01;DINSG;Deutschland insgesamt;DG;Deutschland;GES;Geschlecht;;Insgesamt;ALTSK1;Alter der Schulkinder;ALT006;6-Jährige;53340;Anzahl;KIN003;Kinder in Tageseinrichtungen
22541;Statistik der Kindertageseinrichtungen;STAG;Stichtag;2018-03-01;DINSG;Deutschland insgesamt;DG;Deutschland;GES;Geschlecht;;Insgesamt;ALTSK1;Alter der Schulkinder;ALT012;12-Jährige;3825;Anzahl;KIN003;Kinder in Tageseinrichtungen
22541;Statistik der Kindertageseinrichtungen;STAG;Stichtag;2021-03-01;DINSG;Deutschland insgesamt;DG;Deutschland;GES;Geschlecht;;Insgesamt;ALTSK1;Alter der Schulkinder;ALT005;5-Jährige;1085;Anzahl;KIN003;Kinder in Tageseinrichtungen
22541;Statistik der Kindertageseinrichtungen;STAG;Stichtag;2022-03-01;DINSG;Deutschland insgesamt;DG;Deutschland;GES;Geschlecht;GESM;männlich;ALTSK1;Alter der Schulkinder;ALT006;6-Jährige;24797;Anzahl;KIN003;Kinder in Tageseinrichtungen
22541;Statistik der Kindertageseinrichtungen;STAG;Stichtag;2020-03-01;DINSG;Deutschland insgesamt;DG;Deutschland;GES;Geschlecht;GESM;männlich;ALTSK1;Alter der Schulkinder;ALT005;5-Jährige;484;Anzahl;KIN003;Kinder in Tageseinrichtungen
22541;Statistik der Kindertageseinrichtungen;STAG;Stichtag;2017-03-01;DINSG;Deutschland insgesamt;DG;Deutschland;GES;Geschlecht;;Insgesamt;ALTSK1;Alter der Schulkinder;ALT009;9-Jährige;108785;Anzahl;KIN003;Kinder in Tageseinrichtungen
22541;Statistik der Kindertageseinrichtungen;STAG;Stichtag;2025-03-01;DINSG;Deutschland insgesamt;DG;Deutschland;GES;Geschlecht;GESM;männlich;ALTSK1;Alter der Schulkinder;ALT010;10-Jährige;41194;Anzahl;KIN003;Kinder in Tageseinrichtungen
22541;Statistik der Kindertageseinrichtungen;STAG;Stichtag;2018-03-01;DINSG;Deutschland insgesamt;DG;Deutschland;GES;Geschlecht;GESW;weiblich;ALTSK1;Alter der Schulkinder;ALT006;6-Jährige;27326;Anzahl;KIN003;Kinder in Tageseinrichtungen
22541;Statistik der Kindertageseinrichtungen;STAG;Stichtag;2023-03-01;DINSG;Deutschland insgesamt;DG;Deutschland;GES;Geschlecht;GESM;männlich;ALTSK1;Alter der Schulkinder;ALT012;12-Jährige;2132;Anzahl;KIN003;Kinder in Tageseinrichtungen
22541;Statistik der Kindertageseinrichtungen;STAG;Stichtag;2020-03-01;DINSG;Deutschland insgesamt;DG;Deutschland;GES;Geschlecht;GESW;weiblich;ALTSK1;Alter der Schulkinder;ALT007;7-Jährige;65009;Anzahl;KIN003;Kinder in Tageseinrichtungen
22541;Statistik der Kindertageseinrichtungen;STAG;Stichtag;2014-03-01;DINSG;Deutschland insgesamt;DG;Deutschland;GES;Geschlecht;GESW;weiblich;ALTSK1;Alter der Schulkinder;ALT005;5-Jährige;375;Anzahl;KIN003;Kinder in Tageseinrichtungen
22541;Statistik der Kindertageseinrichtungen;STAG;Stichtag;2024-03-01;DINSG;Deutschland insgesamt;DG;Deutschland;GES;Geschlecht;GESW;weiblich;ALTSK1;Alter der Schulkinder;ALT008;8-Jährige;67348;Anzahl;KIN003;Kinder in Tageseinrichtungen
22541;Statistik der Kindertageseinrichtungen;STAG;Stichtag;2014-03-01;DINSG;Deutschland insgesamt;DG;Deutschland;GES;Geschlecht;;Insgesamt;ALTSK1;Alter der Schulkinder;ALT011;11-Jährige;10787;Anzahl;KIN003;Kinder in Tageseinrichtungen
22541;Statistik der Kindertageseinrichtungen;STAG;Stichtag;2025-03-01;DINSG;Deutschland insgesamt;DG;Deutschland;GES;Geschlecht;;Insgesamt;ALTSK1;Alter der Schulkinder;ALT006;6-Jährige;51224;Anzahl;KIN003;Kinder in Tageseinrichtungen
22541;Statistik der Kindertageseinrichtungen;STAG;Stichtag;2015-03-01;DINSG;Deutschland insgesamt;DG;Deutschland;GES;Geschlecht;GESM;männlich;ALTSK1;Alter der Schulkinder;ALT006;6-Jährige;25859;Anzahl;KIN003;Kinder in Tageseinrichtungen
22541;Statistik der Kindertageseinrichtungen;STAG;Stichtag;2025-03-01;DINSG;Deutschland insgesamt;DG;Deutschland;GES;Geschlecht;GESM;männlich;ALTSK1;Alter der Schulkinder;ALT009;9-Jährige;63938;Anzahl;KIN003;Kinder in Tageseinrichtungen
22541;Statistik der Kindertageseinrichtungen;STAG;Stichtag;2021-03-01;DINSG;Deutschland insgesamt;DG;Deutschland;GES;Geschlecht;;Insgesamt;ALTSK1;Alter der Schulkinder;;Insgesamt;3777855;Anzahl;KIN003;Kinder in Tageseinrichtungen
22541;Statistik der Kindertageseinrichtungen;STAG;Stichtag;2020-03-01;DINSG;Deutschland insgesamt;DG;Deutschland;GES;Geschlecht;;Insgesamt;ALTSK1;Alter der Schulkinder;ALT013;13-Jährige;1397;Anzahl;KIN003;Kinder in Tageseinrichtungen
22541;Statistik der Kindertageseinrichtungen;STAG;Stichtag;2019-03-01;DINSG;Deutschland insgesamt;DG;Deutschland;GES;Geschlecht;GESM;männlich;ALTSK1;Alter der Schulkinder;ALT007;7-Jährige;66029;Anzahl;KIN003;Kinder in Tageseinrichtungen
22541;Statistik der Kindertageseinrichtungen;STAG;Stichtag;2022-03-01;DINSG;Deutschland insgesamt;DG;Deutschland;GES;Geschlecht;GESW;weiblich;ALTSK1;Alter der Schulkinder;ALT011;11-Jährige;5803;Anzahl;KIN003;Kinder in Tageseinrichtungen
22541;Statistik der Kindertageseinrichtungen;STAG;Stichtag;2022-03-01;DINSG;Deutschland insgesamt;DG;Deutschland;GES;Geschlecht;;Insgesamt;ALTSK1;Alter der Schulkinder;ALT008;8-Jährige;127507;Anzahl;KIN003;Kinder in Tageseinrichtungen
22541;Statistik der Kindertageseinrichtungen;STAG;Stichtag;2018-03-01;DINSG;Deutschland insgesamt;DG;Deutschland;GES;Geschlecht;GESM;männlich;ALTSK1;Alter der Schulkinder;;Insgesamt;1839815;Anzahl;KIN003;Kinder in Tageseinrichtungen
22541;Statistik der Kindertageseinrichtungen;STAG;Stichtag;2015-03-01;DINSG;Deutschland insgesamt;DG;Deutschland;GES;Geschlecht;GESW;weiblich;ALTSK1;Alter der Schulkinder;ALT008;8-Jährige;55452;Anzahl;KIN003;Kinder in Tageseinrichtungen
22541;Statistik der Kindertageseinrichtungen;STAG;Stichtag;2023-03-01;DINSG;Deutschland insgesamt;DG;Deutschland;GES;Geschlecht;GESW;weiblich;ALTSK1;Alter der Schulkinder;ALT005;5-Jährige;187;Anzahl;KIN003;Kinder in Tageseinrichtungen
22541;Statistik der Kindertageseinrichtungen;STAG;Stichtag;2016-03-01;DINSG;Deutschland insgesamt;DG;Deutschland;GES;Geschlecht;GESW;weiblich;ALTSK1;Alter der Schulkinder;ALT011;11-Jährige;5128;Anzahl;KIN003;Kinder in Tageseinrichtungen
22541;Statistik der Kindertageseinrichtungen;STAG;Stichtag;2017-03-01;DINSG;Deutschland insgesamt;DG;Deutschland;GES;Geschlecht;GESM;männlich;ALTSK1;Alter der Schulkinder;ALT010;10-Jährige;32205;Anzahl;KIN003;Kinder in Tageseinrichtungen
22541;Statistik der Kindertageseinrichtungen;STAG;Stichtag;2021-03-01;DINSG;Deutschland insgesamt;DG;Deutschland;GES;Geschlecht;GESM;männlich;ALTSK1;Alter der Schulkinder;ALT008;8-Jährige;64408;Anzahl;KIN003;Kinder in Tageseinrichtungen
22541;Statistik der Kindertageseinrichtungen;STAG;Stichtag;2016-03-01;DINSG;Deutschland insgesamt;DG;Deutschland;GES;Geschlecht;;Insgesamt;ALTSK1;Alter der Schulkinder;ALT006;6-Jährige;53259;Anzahl;KIN003;Kinder in Tageseinrichtungen
22541;Statistik der Kindertageseinrichtungen;STAG;Stichtag;2023-03-01;DINSG;Deutschland insgesamt;DG;Deutschland;GES;Geschlecht;;Insgesamt;ALTSK1;Alter der Schulkinder;ALT011;11-Jährige;12944;Anzahl;KIN003;Kinder in Tageseinrichtungen
22541;Statistik der Kindertageseinrichtungen;STAG;Stichtag;2018-03-01;DINSG;Deutschland insgesamt;DG;Deutschland;GES;Geschlecht;;Insgesamt;ALTSK1;Alter der Schulkinder;ALT010;10-Jährige;65753;Anzahl;KIN003;Kinder in Tageseinrichtungen
22541;Statistik der Kindertageseinrichtungen;STAG;Stichtag;2019-03-01;DINSG;Deutschland insgesamt;DG;Deutschland;GES;Geschlecht;GESW;weiblich;ALTSK1;Alter der Schulkinder;ALT009;9-Jährige;53543;Anzahl;KIN003;Kinder in Tageseinrichtungen
22541;Statistik der Kindertageseinrichtungen;STAG;Stichtag;2014-03-01;DINSG;Deutschland insgesamt;DG;Deutschland;GES;Geschlecht;GESW;weiblich;ALTSK1;Alter der Schulkinder;ALT007;7-Jährige;57327;Anzahl;KIN003;Kinder in Tageseinrichtungen
22541;Statistik der Kindertageseinrichtungen;STAG;Stichtag;2015-03-01;DINSG;Deutschland insgesamt;DG;Deutschland;GES;Geschlecht;;Insgesamt;ALTSK1;Alter der Schulkinder;ALT005;5-Jährige;855;Anzahl;KIN003;Kinder in Tageseinrichtungen
22541;Statistik der Kindertageseinrichtungen;STAG;Stichtag;2020-03-01;DINSG;Deutschland insgesamt;DG;Deutschland;GES;Geschlecht;GESW;weiblich;ALTSK1;Alter der Schulkinder;ALT005;5-Jährige;501;Anzahl;KIN003;Kinder in Tageseinrichtungen
22541;Statistik der Kindertageseinrichtungen;STAG;Stichtag;2019-03-01;DINSG;Deutschland insgesamt;DG;Deutschland;GES;Geschlecht;GESM;männlich;ALTSK1;Alter der Schulkinder;ALT009;9-Jährige;56308;Anzahl;KIN003;Kinder in Tageseinrichtungen
22541;Statistik der Kindertageseinrichtungen;STAG;Stichtag;2015-03-01;DINSG;Deutschland insgesamt;DG;Deutschland;GES;Geschlecht;GESM;männlich;ALTSK1;Alter der Schulkinder;ALT008;8-Jährige;58306;Anzahl;KIN003;Kinder in Tageseinrichtungen
22541;Statistik der Kindertageseinrichtungen;STAG;Stichtag;2019-03-01;DINSG;Deutschland insgesamt;DG;Deutschland;GES;Geschlecht;;Insgesamt;ALTSK1;Alter der Schulkinder;ALT006;6-Jährige;53979;Anzahl;KIN003;Kinder in Tageseinrichtungen
22541;Statistik der Kindertageseinrichtungen;STAG;Stichtag;2024-03-01;DINSG;Deutschland insgesamt;DG;Deutschland;GES;Geschlecht;GESW;weiblich;ALTSK1;Alter der Schulkinder;ALT006;6-Jährige;27480;Anzahl;KIN003;Kinder in Tageseinrichtungen
22541;Statistik der Kindertageseinrichtungen;STAG;Stichtag;2021-03-01;DINSG;Deutschland insgesamt;DG;Deutschland;GES;Geschlecht;GESM;männlich;ALTSK1;Alter der Schulkinder;ALT006;6-Jährige;24773;Anzahl;KIN003;Kinder in Tageseinrichtungen
22541;Statistik der Kindertageseinrichtungen;STAG;Stichtag;2014-03-01;DINSG;Deutschland insgesamt;DG;Deutschland;GES;Geschlecht;GESM;männlich;ALTSK1;Alter der Schulkinder;ALT012;12-Jährige;2061;Anzahl;KIN003;Kinder in Tageseinrichtungen
22541;Statistik der Kindertageseinrichtungen;STAG;Stichtag;2024-03-01;DINSG;Deutschland insgesamt;DG;Deutschland;GES;Geschlecht;;Insgesamt;ALTSK1;Alter der Schulkinder;ALT012;12-Jährige;4096;Anzahl;KIN003;Kinder in Tageseinrichtungen
22541;Statistik der Kindertageseinrichtungen;STAG;Stichtag;2022-03-01;DINSG;Deutschland insgesamt;DG;Deutschland;GES;Geschlecht;GESW;weiblich;ALTSK1;Alter der Schulkinder;ALT013;13-Jährige;600;Anzahl;KIN003;Kinder in Tageseinrichtungen
22541;Statistik der Kindertageseinrichtungen;STAG;Stichtag;2017-03-01;DINSG;Deutschland insgesamt;DG;Deutschland;GES;Geschlecht;GESW;weiblich;ALTSK1;Alter der Schulkinder;ALT012;12-Jährige;1716;Anzahl;KIN003;Kinder in Tageseinrichtungen
22541;Statistik der Kindertageseinrichtungen;STAG;Stichtag;2020-03-01;DINSG;Deutschland insgesamt;DG;Deutschland;GES;Geschlecht;;Insgesamt;ALTSK1;Alter der Schulkinder;ALT011;11-Jährige;12622;Anzahl;KIN003;Kinder in Tageseinrichtungen
22541;Statistik der Kindertageseinrichtungen;STAG;Stichtag;2025-03-01;DINSG;Deutschland insgesamt;DG;Deutschland;GES;Geschlecht;GESW;weiblich;ALTSK1;Alter der Schulkinder;ALT011;11-Jährige;6236;Anzahl;KIN003;Kinder in Tageseinrichtungen
22541;Statistik der Kindertageseinrichtungen;STAG;Stichtag;2021-03-01;DINSG;Deutschland insgesamt;DG;Deutschland;GES;Geschlecht;GESW;weiblich;ALTSK1;Alter der Schulkinder;ALT010;10-Jährige;31829;Anzahl;KIN003;Kinder in Tageseinrichtungen
22541;Statistik der Kindertageseinrichtungen;STAG;Stichtag;2022-03-01;DINSG;Deutschland insgesamt;DG;Deutschland;GES;Geschlecht;;Insgesamt;ALTSK1;Alter der Schulkinder;ALT006;6-Jährige;51664;Anzahl;KIN003;Kinder in Tageseinrichtungen
22541;Statistik der Kindertageseinrichtungen;STAG;Stichtag;2019-03-01;DINSG;Deutschland insgesamt;DG;Deutschland;GES;Geschlecht;;Insgesamt;ALTSK1;Alter der Schulkinder;ALT013;13-Jährige;1531;Anzahl;KIN003;Kinder in Tageseinrichtungen
22541;Statistik der Kindertageseinrichtungen;STAG;Stichtag;2015-03-01;DINSG;Deutschland insgesamt;DG;Deutschland;GES;Geschlecht;;Insgesamt;ALTSK1;Alter der Schulkinder;ALT012;12-Jährige;3726;Anzahl;KIN003;Kinder in Tageseinrichtungen
22541;Statistik der Kindertageseinrichtungen;STAG;Stichtag;2017-03-01;DINSG;Deutschland insgesamt;DG;Deutschland;GES;Geschlecht;GESW;weiblich;ALTSK1;Alter der Schulkinder;ALT005;5-Jährige;411;Anzahl;KIN003;Kinder in Tageseinrichtungen
22541;Statistik der Kindertageseinrichtungen;STAG;Stichtag;2019-03-01;DINSG;Deutschland insgesamt;DG;Deutschland;GES;Geschlecht;GESW;weiblich;ALTSK1;Alter der Schulkinder;ALT007;7-Jährige;63644;Anzahl;KIN003;Kinder in Tageseinrichtungen
22541;Statistik der Kindertageseinrichtungen;STAG;Stichtag;2016-03-01;DINSG;Deutschland insgesamt;DG;Deutschland;GES;Geschlecht;;Insgesamt;ALTSK1;Alter der Schulkinder;ALT008;8-Jährige;121993;Anzahl;KIN003;Kinder in Tageseinrichtungen
22541;Statistik der Kindertageseinrichtungen;STAG;Stichtag;2025-03-01;DINSG;Deutschland insgesamt;DG;Deutschland;GES;Geschlecht;GESM;männlich;ALTSK1;Alter der Schulkinder;ALT007;7-Jährige;70878;Anzahl;KIN003;Kinder in Tageseinrichtungen
22541;Statistik der Kindertageseinrichtungen;STAG;Stichtag;2018-03-01;DINSG;Deutschland insgesamt;DG;Deutschland;GES;Geschlecht;GESM;männlich;ALTSK1;Alter der Schulkinder;ALT013;13-Jährige;895;Anzahl;KIN003;Kinder in Tageseinrichtungen
22541;Statistik der Kindertageseinrichtungen;STAG;Stichtag;2014-03-01;DINSG;Deutschland insgesamt;DG;Deutschland;GES;Geschlecht;GESW;weiblich;ALTSK1;Alter der Schulkinder;;Insgesamt;1597909;Anzahl;KIN003;Kinder in Tageseinrichtungen
22541;Statistik der Kindertageseinrichtungen;STAG;Stichtag;2014-03-01;DINSG;Deutschland insgesamt;DG;Deutschland;GES;Geschlecht;GESM;männlich;ALTSK1;Alter der Schulkinder;ALT010;10-Jährige;29785;Anzahl;KIN003;Kinder in Tageseinrichtungen
22541;Statistik der Kindertageseinrichtungen;STAG;Stichtag;2020-03-01;DINSG;Deutschland insgesamt;DG;Deutschland;GES;Geschlecht;GESM;männlich;ALTSK1;Alter der Schulkinder;ALT012;12-Jährige;2158;Anzahl;KIN003;Kinder in Tageseinrichtungen
22541;Statistik der Kindertageseinrichtungen;STAG;Stichtag;2024-03-01;DINSG;Deutschland insgesamt;DG;Deutschland;GES;Geschlecht;;Insgesamt;ALTSK1;Alter der Schulkinder;ALT010;10-Jährige;74872;Anzahl;KIN003;Kinder in Tageseinrichtungen
22541;Statistik der Kindertageseinrichtungen;STAG;Stichtag;2023-03-01;DINSG;Deutschland insgesamt;DG;Deutschland;GES;Geschlecht;;Insgesamt;ALTSK1;Alter der Schulkinder;ALT009;9-Jährige;117330;Anzahl;KIN003;Kinder in Tageseinrichtungen
22541;Statistik der Kindertageseinrichtungen;STAG;Stichtag;2017-03-01;DINSG;Deutschland insgesamt;DG;Deutschland;GES;Geschlecht;;Insgesamt;ALTSK1;Alter der Schulkinder;ALT011;11-Jährige;11704;Anzahl;KIN003;Kinder in Tageseinrichtungen
22541;Statistik der Kindertageseinrichtungen;STAG;Stichtag;2015-03-01;DINSG;Deutschland insgesamt;DG;Deutschland;GES;Geschlecht;GESW;weiblich;ALTSK1;Alter der Schulkinder;ALT006;6-Jährige;27635;Anzahl;KIN003;Kinder in Tageseinrichtungen
22541;Statistik der Kindertageseinrichtungen;STAG;Stichtag;2017-03-01;DINSG;Deutschland insgesamt;DG;Deutschland;GES;Geschlecht;GESW;weiblich;ALTSK1;Alter der Schulkinder;ALT010;10-Jährige;29008;Anzahl;KIN003;Kinder in Tageseinrichtungen
22541;Statistik der Kindertageseinrichtungen;STAG;Stichtag;2014-03-01;DINSG;Deutschland insgesamt;DG;Deutschland;GES;Geschlecht;GESM;männlich;ALTSK1;Alter der Schulkinder;ALT005;5-Jährige;393;Anzahl;KIN003;Kinder in Tageseinrichtungen
22541;Statistik der Kindertageseinrichtungen;STAG;Stichtag;2022-03-01;DINSG;Deutschland insgesamt;DG;Deutschland;GES;Geschlecht;GESM;männlich;ALTSK1;Alter der Schulkinder;ALT007;7-Jährige;69535;Anzahl;KIN003;Kinder in Tageseinrichtungen
22541;Statistik der Kindertageseinrichtungen;STAG;Stichtag;2024-03-01;DINSG;Deutschland insgesamt;DG;Deutschland;GES;Geschlecht;GESM;männlich;ALTSK1;Alter der Schulkinder;ALT008;8-Jährige;69830;Anzahl;KIN003;Kinder in Tageseinrichtungen
22541;Statistik der Kindertageseinrichtungen;STAG;Stichtag;2015-03-01;DINSG;Deutschland insgesamt;DG;Deutschland;GES;Geschlecht;;Insgesamt;ALTSK1;Alter der Schulkinder;ALT007;7-Jährige;125901;Anzahl;KIN003;Kinder in Tageseinrichtungen
22541;Statistik der Kindertageseinrichtungen;STAG;Stichtag;2016-03-01;DINSG;Deutschland insgesamt;DG;Deutschland;GES;Geschlecht;GESW;weiblich;ALTSK1;Alter der Schulkinder;ALT009;9-Jährige;49457;Anzahl;KIN003;Kinder in Tageseinrichtungen
22541;Statistik der Kindertageseinrichtungen;STAG;Stichtag;2016-03-01;DINSG;Deutschland insgesamt;DG;Deutschland;GES;Geschlecht;GESM;männlich;ALTSK1;Alter der Schulkinder;ALT011;11-Jährige;6324;Anzahl;KIN003;Kinder in Tageseinrichtungen
22541;Statistik der Kindertageseinrichtungen;STAG;Stichtag;2022-03-01;DINSG;Deutschland insgesamt;DG;Deutschland;GES;Geschlecht;GESM;männlich;ALTSK1;Alter der Schulkinder;ALT009;9-Jährige;57877;Anzahl;KIN003;Kinder in Tageseinrichtungen
22541;Statistik der Kindertageseinrichtungen;STAG;Stichtag;2025-03-01;DINSG;Deutschland insgesamt;DG;Deutschland;GES;Geschlecht;GESW;weiblich;ALTSK1;Alter der Schulkinder;;Insgesamt;1902790;Anzahl;KIN003;Kinder in Tageseinrichtungen
22541;Statistik der Kindertageseinrichtungen;STAG;Stichtag;2019-03-01;DINSG;Deutschland insgesamt;DG;Deutschland;GES;Geschlecht;GESW;weiblich;ALTSK1;Alter der Schulkinder;ALT005;5-Jährige;443;Anzahl;KIN003;Kinder in Tageseinrichtungen
22541;Statistik der Kindertageseinrichtungen;STAG;Stichtag;2025-03-01;DINSG;Deutschland insgesamt;DG;Deutschland;GES;Geschlecht;GESW;weiblich;ALTSK1;Alter der Schulkinder;ALT013;13-Jährige;593;Anzahl;KIN003;Kinder in Tageseinrichtungen
22541;Statistik der Kindertageseinrichtungen;STAG;Stichtag;2019-03-01;DINSG;Deutschland insgesamt;DG;Deutschland;GES;Geschlecht;GESW;weiblich;ALTSK1;Alter der Schulkinder;ALT011;11-Jährige;5693;Anzahl;KIN003;Kinder in Tageseinrichtungen
22541;Statistik der Kindertageseinrichtungen;STAG;Stichtag;2025-03-01;DINSG;Deutschland insgesamt;DG;Deutschland;GES;Geschlecht;GESM;männlich;ALTSK1;Alter der Schulkinder;ALT005;5-Jährige;193;Anzahl;KIN003;Kinder in Tageseinrichtungen
22541;Statistik der Kindertageseinrichtungen;STAG;Stichtag;2023-03-01;DINSG;Deutschland insgesamt;DG;Deutschland;GES;Geschlecht;GESW;weiblich;ALTSK1;Alter der Schulkinder;ALT012;12-Jährige;1703;Anzahl;KIN003;Kinder in Tageseinrichtungen
22541;Statistik der Kindertageseinrichtungen;STAG;Stichtag;2020-03-01;DINSG;Deutschland insgesamt;DG;Deutschland;GES;Geschlecht;GESM;männlich;ALTSK1;Alter der Schulkinder;ALT010;10-Jährige;35357;Anzahl;KIN003;Kinder in Tageseinrichtungen
22541;Statistik der Kindertageseinrichtungen;STAG;Stichtag;2022-03-01;DINSG;Deutschland insgesamt;DG;Deutschland;GES;Geschlecht;GESM;männlich;ALTSK1;Alter der Schulkinder;ALT011;11-Jährige;6972;Anzahl;KIN003;Kinder in Tageseinrichtungen
22541;Statistik der Kindertageseinrichtungen;STAG;Stichtag;2014-03-01;DINSG;Deutschland insgesamt;DG;Deutschland;GES;Geschlecht;;Insgesamt;ALTSK1;Alter der Schulkinder;ALT013;13-Jährige;1853;Anzahl;KIN003;Kinder in Tageseinrichtungen
22541;Statistik der Kindertageseinrichtungen;STAG;Stichtag;2023-03-01;DINSG;Deutschland insgesamt;DG;Deutschland;GES;Geschlecht;GESM;männlich;ALTSK1;Alter der Schulkinder;ALT010;10-Jährige;37250;Anzahl;KIN003;Kinder in Tageseinrichtungen
22541;Statistik der Kindertageseinrichtungen;STAG;Stichtag;2025-03-01;DINSG;Deutschland insgesamt;DG;Deutschland;GES;Geschlecht;;Insgesamt;ALTSK1;Alter der Schulkinder;ALT008;8-Jährige;140093;Anzahl;KIN003;Kinder in Tageseinrichtungen
22541;Statistik der Kindertageseinrichtungen;STAG;Stichtag;2024-03-01;DINSG;Deutschland insgesamt;DG;Deutschland;GES;Geschlecht;GESM;männlich;ALTSK1;Alter der Schulkinder;ALT006;6-Jährige;24941;Anzahl;KIN003;Kinder in Tageseinrichtungen
22541;Statistik der Kindertageseinrichtungen;STAG;Stichtag;2015-03-01;DINSG;Deutschland insgesamt;DG;Deutschland;GES;Geschlecht;;Insgesamt;ALTSK1;Alter der Schulkinder;ALT009;9-Jährige;98695;Anzahl;KIN003;Kinder in Tageseinrichtungen
22541;Statistik der Kindertageseinrichtungen;STAG;Stichtag;2018-03-01;DINSG;Deutschland insgesamt;DG;Deutschland;GES;Geschlecht;GESW;weiblich;ALTSK1;Alter der Schulkinder;ALT008;8-Jährige;60207;Anzahl;KIN003;Kinder in Tageseinrichtungen
22541;Statistik der Kindertageseinrichtungen;STAG;Stichtag;2025-03-01;DINSG;Deutschland insgesamt;DG;Deutschland;GES;Geschlecht;GESM;männlich;ALTSK1;Alter der Schulkinder;ALT011;11-Jährige;7332;Anzahl;KIN003;Kinder in Tageseinrichtungen
22541;Statistik der Kindertageseinrichtungen;STAG;Stichtag;2016-03-01;DINSG;Deutschland insgesamt;DG;Deutschland;GES;Geschlecht;GESW;weiblich;ALTSK1;Alter der Schulkinder;ALT007;7-Jährige;62430;Anzahl;KIN003;Kinder in Tageseinrichtungen
22541;Statistik der Kindertageseinrichtungen;STAG;Stichtag;2022-03-01;DINSG;Deutschland insgesamt;DG;Deutschland;GES;Geschlecht;GESW;weiblich;ALTSK1;Alter der Schulkinder;;Insgesamt;1871682;Anzahl;KIN003;Kinder in Tageseinrichtungen
22541;Statistik der Kindertageseinrichtungen;STAG;Stichtag;2014-03-01;DINSG;Deutschland insgesamt;DG;Deutschland;GES;Geschlecht;GESM;männlich;ALTSK1;Alter der Schulkinder;ALT007;7-Jährige;60110;Anzahl;KIN003;Kinder in Tageseinrichtungen
22541;Statistik der Kindertageseinrichtungen;STAG;Stichtag;2022-03-01;DINSG;Deutschland insgesamt;DG;Deutschland;GES;Geschlecht;GESM;männlich;ALTSK1;Alter der Schulkinder;;Insgesamt;1981904;Anzahl;KIN003;Kinder in Tageseinrichtungen
22541;Statistik der Kindertageseinrichtungen;STAG;Stichtag;2019-03-01;DINSG;Deutschland insgesamt;DG;Deutschland;GES;Geschlecht;GESM;männlich;ALTSK1;Alter der Schulkinder;ALT012;12-Jährige;2144;Anzahl;KIN003;Kinder in Tageseinrichtungen
22541;Statistik der Kindertageseinrichtungen;STAG;Stichtag;2023-03-01;DINSG;Deutschland insgesamt;DG;Deutschland;GES;Geschlecht;;Insgesamt;ALTSK1;Alter der Schulkinder;ALT007;7-Jährige;139146;Anzahl;KIN003;Kinder in Tageseinrichtungen
22541;Statistik der Kindertageseinrichtungen;STAG;Stichtag;2017-03-01;DINSG;Deutschland insgesamt;DG;Deutschland;GES;Geschlecht;;Insgesamt;ALTSK1;Alter der Schulkinder;;Insgesamt;3499206;Anzahl;KIN003;Kinder in Tageseinrichtungen
22541;Statistik der Kindertageseinrichtungen;STAG;Stichtag;2025-03-01;DINSG;Deutschland insgesamt;DG;Deutschland;GES;Geschlecht;GESW;weiblich;ALTSK1;Alter der Schulkinder;ALT007;7-Jährige;68955;Anzahl;KIN003;Kinder in Tageseinrichtungen
22541;Statistik der Kindertageseinrichtungen;STAG;Stichtag;2014-03-01;DINSG;Deutschland insgesamt;DG;Deutschland;GES;Geschlecht;GESW;weiblich;ALTSK1;Alter der Schulkinder;ALT012;12-Jährige;1686;Anzahl;KIN003;Kinder in Tageseinrichtungen
22541;Statistik der Kindertageseinrichtungen;STAG;Stichtag;2025-03-01;DINSG;Deutschland insgesamt;DG;Deutschland;GES;Geschlecht;GESW;weiblich;ALTSK1;Alter der Schulkinder;ALT009;9-Jährige;61782;Anzahl;KIN003;Kinder in Tageseinrichtungen
22541;Statistik der Kindertageseinrichtungen;STAG;Stichtag;2022-03-01;DINSG;Deutschland insgesamt;DG;Deutschland;GES;Geschlecht;GESM;männlich;ALTSK1;Alter der Schulkinder;ALT005;5-Jährige;655;Anzahl;KIN003;Kinder in Tageseinrichtungen
22541;Statistik der Kindertageseinrichtungen;STAG;Stichtag;2014-03-01;DINSG;Deutschland insgesamt;DG;Deutschland;GES;Geschlecht;GESM;männlich;ALTSK1;Alter der Schulkinder;ALT009;9-Jährige;50813;Anzahl;KIN003;Kinder in Tageseinrichtungen
22541;Statistik der Kindertageseinrichtungen;STAG;Stichtag;2021-03-01;DINSG;Deutschland insgesamt;DG;Deutschland;GES;Geschlecht;;Insgesamt;ALTSK1;Alter der Schulkinder;ALT012;12-Jährige;3831;Anzahl;KIN003;Kinder in Tageseinrichtungen
22541;Statistik der Kindertageseinrichtungen;STAG;Stichtag;2017-03-01;DINSG;Deutschland insgesamt;DG;Deutschland;GES;Geschlecht;GESW;weiblich;ALTSK1;Alter der Schulkinder;;Insgesamt;1699377;Anzahl;KIN003;Kinder in Tageseinrichtungen
22541;Statistik der Kindertageseinrichtungen;STAG;Stichtag;2022-03-01;DINSG;Deutschland insgesamt;DG;Deutschland;GES;Geschlecht;GESM;männlich;ALTSK1;Alter der Schulkinder;ALT013;13-Jährige;784;Anzahl;KIN003;Kinder in Tageseinrichtungen
22541;Statistik der Kindertageseinrichtungen;STAG;Stichtag;2023-03-01;DINSG;Deutschland insgesamt;DG;Deutschland;GES;Geschlecht;;Insgesamt;ALTSK1;Alter der Schulkinder;ALT013;13-Jährige;1297;Anzahl;KIN003;Kinder in Tageseinrichtungen
22541;Statistik der Kindertageseinrichtungen;STAG;Stichtag;2018-03-01;DINSG;Deutschland insgesamt;DG;Deutschland;GES;Geschlecht;;Insgesamt;ALTSK1;Alter der Schulkinder;ALT005;5-Jährige;937;Anzahl;KIN003;Kinder in Tageseinrichtungen
22541;Statistik der Kindertageseinrichtungen;STAG;Stichtag;2017-03-01;DINSG;Deutschland insgesamt;DG;Deutschland;GES;Geschlecht;GESM;männlich;ALTSK1;Alter der Schulkinder;ALT005;5-Jährige;427;Anzahl;KIN003;Kinder in Tageseinrichtungen
22541;Statistik der Kindertageseinrichtungen;STAG;Stichtag;2020-03-01;DINSG;Deutschland insgesamt;DG;Deutschland;GES;Geschlecht;;Insgesamt;ALTSK1;Alter der Schulkinder;ALT009;9-Jährige;114348;Anzahl;KIN003;Kinder in Tageseinrichtungen
22541;Statistik der Kindertageseinrichtungen;STAG;Stichtag;2016-03-01;DINSG;Deutschland insgesamt;DG;Deutschland;GES;Geschlecht;GESW;weiblich;ALTSK1;Alter der Schulkinder;ALT013;13-Jährige;695;Anzahl;KIN003;Kinder in Tageseinrichtungen
22541;Statistik der Kindertageseinrichtungen;STAG;Stichtag;2020-03-01;DINSG;Deutschland insgesamt;DG;Deutschland;GES;Geschlecht;GESW;weiblich;ALTSK1;Alter der Schulkinder;ALT011;11-Jährige;5782;Anzahl;KIN003;Kinder in Tageseinrichtungen
22541;Statistik der Kindertageseinrichtungen;STAG;Stichtag;2014-03-01;DINSG;Deutschland insgesamt;DG;Deutschland;GES;Geschlecht;;Insgesamt;ALTSK1;Alter der Schulkinder;ALT007;7-Jährige;117437;Anzahl;KIN003;Kinder in Tageseinrichtungen
22541;Statistik der Kindertageseinrichtungen;STAG;Stichtag;2023-03-01;DINSG;Deutschland insgesamt;DG;Deutschland;GES;Geschlecht;;Insgesamt;ALTSK1;Alter der Schulkinder;;Insgesamt;3926423;Anzahl;KIN003;Kinder in Tageseinrichtungen
22541;Statistik der Kindertageseinrichtungen;STAG;Stichtag;2018-03-01;DINSG;Deutschland insgesamt;DG;Deutschland;GES;Geschlecht;GESW;weiblich;ALTSK1;Alter der Schulkinder;ALT010;10-Jährige;31111;Anzahl;KIN003;Kinder in Tageseinrichtungen
22541;Statistik der Kindertageseinrichtungen;STAG;Stichtag;2023-03-01;DINSG;Deutschland insgesamt;DG;Deutschland;GES;Geschlecht;;Insgesamt;ALTSK1;Alter der Schulkinder;ALT005;5-Jährige;356;Anzahl;KIN003;Kinder in Tageseinrichtungen
22541;Statistik der Kindertageseinrichtungen;STAG;Stichtag;2025-03-01;DINSG;Deutschland insgesamt;DG;Deutschland;GES;Geschlecht;;Insgesamt;ALTSK1;Alter der Schulkinder;ALT010;10-Jährige;79319;Anzahl;KIN003;Kinder in Tageseinrichtungen
22541;Statistik der Kindertageseinrichtungen;STAG;Stichtag;2015-03-01;DINSG;Deutschland insgesamt;DG;Deutschland;GES;Geschlecht;GESM;männlich;ALTSK1;Alter der Schulkinder;ALT010;10-Jährige;31035;Anzahl;KIN003;Kinder in Tageseinrichtungen
22541;Statistik der Kindertageseinrichtungen;STAG;Stichtag;2017-03-01;DINSG;Deutschland insgesamt;DG;Deutschland;GES;Geschlecht;GESM;männlich;ALTSK1;Alter der Schulkinder;ALT006;6-Jährige;26269;Anzahl;KIN003;Kinder in Tageseinrichtungen
22541;Statistik der Kindertageseinrichtungen;STAG;Stichtag;2022-03-01;DINSG;Deutschland insgesamt;DG;Deutschland;GES;Geschlecht;GESW;weiblich;ALTSK1;Alter der Schulkinder;ALT008;8-Jährige;62241;Anzahl;KIN003;Kinder in Tageseinrichtungen
22541;Statistik der Kindertageseinrichtungen;STAG;Stichtag;2020-03-01;DINSG;Deutschland insgesamt;DG;Deutschland;GES;Geschlecht;;Insgesamt;ALTSK1;Alter der Schulkinder;ALT008;8-Jährige;126973;Anzahl;KIN003;Kinder in Tageseinrichtungen
22541;Statistik der Kindertageseinrichtungen;STAG;Stichtag;2020-03-01;DINSG;Deutschland insgesamt;DG;Deutschland;GES;Geschlecht;GESW;weiblich;ALTSK1;Alter der Schulkinder;ALT012;12-Jährige;1743;Anzahl;KIN003;Kinder in Tageseinrichtungen
22541;Statistik der Kindertageseinrichtungen;STAG;Stichtag;2016-03-01;DINSG;Deutschland insgesamt;DG;Deutschland;GES;Geschlecht;;Insgesamt;ALTSK1;Alter der Schulkinder;ALT010;10-Jährige;58753;Anzahl;KIN003;Kinder in Tageseinrichtungen
22541;Statistik der Kindertageseinrichtungen;STAG;Stichtag;2016-03-01;DINSG;Deutschland insgesamt;DG;Deutschland;GES;Geschlecht;GESM;männlich;ALTSK1;Alter der Schulkinder;;Insgesamt;1753959;Anzahl;KIN003;Kinder in Tageseinrichtungen
22541;Statistik der Kindertageseinrichtungen;STAG;Stichtag;2025-03-01;DINSG;Deutschland insgesamt;DG;Deutschland;GES;Geschlecht;GESW;weiblich;ALTSK1;Alter der Schulkinder;ALT005;5-Jährige;208;Anzahl;KIN003;Kinder in Tageseinrichtungen
22541;Statistik der Kindertageseinrichtungen;STAG;Stichtag;2025-03-01;DINSG;Deutschland insgesamt;DG;Deutschland;GES;Geschlecht;GESM;männlich;ALTSK1;Alter der Schulkinder;ALT012;12-Jährige;2271;Anzahl;KIN003;Kinder in Tageseinrichtungen
22541;Statistik der Kindertageseinrichtungen;STAG;Stichtag;2022-03-01;DINSG;Deutschland insgesamt;DG;Deutschland;GES;Geschlecht;GESW;weiblich;ALTSK1;Alter der Schulkinder;ALT009;9-Jährige;54935;Anzahl;KIN003;Kinder in Tageseinrichtungen
22541;Statistik der Kindertageseinrichtungen;STAG;Stichtag;2024-03-01;DINSG;Deutschland insgesamt;DG;Deutschland;GES;Geschlecht;GESW;weiblich;ALTSK1;Alter der Schulkinder;ALT013;13-Jährige;582;Anzahl;KIN003;Kinder in Tageseinrichtungen
22541;Statistik der Kindertageseinrichtungen;STAG;Stichtag;2019-03-01;DINSG;Deutschland insgesamt;DG;Deutschland;GES;Geschlecht;GESM;männlich;ALTSK1;Alter der Schulkinder;ALT011;11-Jährige;6856;Anzahl;KIN003;Kinder in Tageseinrichtungen
22541;Statistik der Kindertageseinrichtungen;STAG;Stichtag;2016-03-01;DINSG;Deutschland insgesamt;DG;Deutschland;GES;Geschlecht;GESM;männlich;ALTSK1;Alter der Schulkinder;ALT012;12-Jährige;2105;Anzahl;KIN003;Kinder in Tageseinrichtungen
22541;Statistik der Kindertageseinrichtungen;STAG;Stichtag;2023-03-01;DINSG;Deutschland insgesamt;DG;Deutschland;GES;Geschlecht;GESM;männlich;ALTSK1;Alter der Schulkinder;ALT006;6-Jährige;25591;Anzahl;KIN003;Kinder in Tageseinrichtungen
22541;Statistik der Kindertageseinrichtungen;STAG;Stichtag;2024-03-01;DINSG;Deutschland insgesamt;DG;Deutschland;GES;Geschlecht;GESM;männlich;ALTSK1;Alter der Schulkinder;ALT010;10-Jährige;38938;Anzahl;KIN003;Kinder in Tageseinrichtungen
22541;Statistik der Kindertageseinrichtungen;STAG;Stichtag;2022-03-01;DINSG;Deutschland insgesamt;DG;Deutschland;GES;Geschlecht;GESW;weiblich;ALTSK1;Alter der Schulkinder;ALT005;5-Jährige;609;Anzahl;KIN003;Kinder in Tageseinrichtungen
22541;Statistik der Kindertageseinrichtungen;STAG;Stichtag;2024-03-01;DINSG;Deutschland insgesamt;DG;Deutschland;GES;Geschlecht;;Insgesamt;ALTSK1;Alter der Schulkinder;ALT007;7-Jährige;142471;Anzahl;KIN003;Kinder in Tageseinrichtungen
22541;Statistik der Kindertageseinrichtungen;STAG;Stichtag;2017-03-01;DINSG;Deutschland insgesamt;DG;Deutschland;GES;Geschlecht;GESW;weiblich;ALTSK1;Alter der Schulkinder;ALT007;7-Jährige;62932;Anzahl;KIN003;Kinder in Tageseinrichtungen
22541;Statistik der Kindertageseinrichtungen;STAG;Stichtag;2015-03-01;DINSG;Deutschland insgesamt;DG;Deutschland;GES;Geschlecht;;Insgesamt;ALTSK1;Alter der Schulkinder;ALT010;10-Jährige;58846;Anzahl;KIN003;Kinder in Tageseinrichtungen
22541;Statistik der Kindertageseinrichtungen;STAG;Stichtag;2014-03-01;DINSG;Deutschland insgesamt;DG;Deutschland;GES;Geschlecht;;Insgesamt;ALTSK1;Alter der Schulkinder;ALT008;8-Jährige;111397;Anzahl;KIN003;Kinder in Tageseinrichtungen
22541;Statistik der Kindertageseinrichtungen;STAG;Stichtag;2025-03-01;DINSG;Deutschland insgesamt;DG;Deutschland;GES;Geschlecht;GESM;männlich;ALTSK1;Alter der Schulkinder;;Insgesamt;2010627;Anzahl;KIN003;Kinder in Tageseinrichtungen
22541;Statistik der Kindertageseinrichtungen;STAG;Stichtag;2018-03-01;DINSG;Deutschland insgesamt;DG;Deutschland;GES;Geschlecht;;Insgesamt;ALTSK1;Alter der Schulkinder;ALT009;9-Jährige;110255;Anzahl;KIN003;Kinder in Tageseinrichtungen
22541;Statistik der Kindertageseinrichtungen;STAG;Stichtag;2017-03-01;DINSG;Deutschland insgesamt;DG;Deutschland;GES;Geschlecht;GESM;männlich;ALTSK1;Alter der Schulkinder;ALT009;9-Jährige;55742;Anzahl;KIN003;Kinder in Tageseinrichtungen
22541;Statistik der Kindertageseinrichtungen;STAG;Stichtag;2023-03-01;DINSG;Deutschland insgesamt;DG;Deutschland;GES;Geschlecht;GESM;männlich;ALTSK1;Alter der Schulkinder;ALT007;7-Jährige;70668;Anzahl;KIN003;Kinder in Tageseinrichtungen
22541;Statistik der Kindertageseinrichtungen;STAG;Stichtag;2017-03-01;DINSG;Deutschland insgesamt;DG;Deutschland;GES;Geschlecht;;Insgesamt;ALTSK1;Alter der Schulkinder;ALT012;12-Jährige;3959;Anzahl;KIN003;Kinder in Tageseinrichtungen
22541;Statistik der Kindertageseinrichtungen;STAG;Stichtag;2024-03-01;DINSG;Deutschland insgesamt;DG;Deutschland;GES;Geschlecht;;Insgesamt;ALTSK1;Alter der Schulkinder;ALT006;6-Jährige;52421;Anzahl;KIN003;Kinder in Tageseinrichtungen
22541;Statistik der Kindertageseinrichtungen;STAG;Stichtag;2015-03-01;DINSG;Deutschland insgesamt;DG;Deutschland;GES;Geschlecht;GESW;weiblich;ALTSK1;Alter der Schulkinder;ALT013;13-Jährige;734;Anzahl;KIN003;Kinder in Tageseinrichtungen
22541;Statistik der Kindertageseinrichtungen;STAG;Stichtag;2017-03-01;DINSG;Deutschland insgesamt;DG;Deutschland;GES;Geschlecht;GESW;weiblich;ALTSK1;Alter der Schulkinder;ALT006;6-Jährige;28022;Anzahl;KIN003;Kinder in Tageseinrichtungen
22541;Statistik der Kindertageseinrichtungen;STAG;Stichtag;2021-03-01;DINSG;Deutschland insgesamt;DG;Deutschland;GES;Geschlecht;GESM;männlich;ALTSK1;Alter der Schulkinder;ALT013;13-Jährige;759;Anzahl;KIN003;Kinder in Tageseinrichtungen
22541;Statistik der Kindertageseinrichtungen;STAG;Stichtag;2022-03-01;DINSG;Deutschland insgesamt;DG;Deutschland;GES;Geschlecht;;Insgesamt;ALTSK1;Alter der Schulkinder;ALT013;13-Jährige;1384;Anzahl;KIN003;Kinder in Tageseinrichtungen
22541;Statistik der Kindertageseinrichtungen;STAG;Stichtag;2015-03-01;DINSG;Deutschland insgesamt;DG;Deutschland;GES;Geschlecht;GESW;weiblich;ALTSK1;Alter der Schulkinder;ALT005;5-Jährige;408;Anzahl;KIN003;Kinder in Tageseinrichtungen
22541;Statistik der Kindertageseinrichtungen;STAG;Stichtag;2014-03-01;DINSG;Deutschland insgesamt;DG;Deutschland;GES;Geschlecht;;Insgesamt;ALTSK1;Alter der Schulkinder;;Insgesamt;3285126;Anzahl;KIN003;Kinder in Tageseinrichtungen
22541;Statistik der Kindertageseinrichtungen;STAG;Stichtag;2025-03-01;DINSG;Deutschland insgesamt;DG;Deutschland;GES;Geschlecht;GESW;weiblich;ALTSK1;Alter der Schulkinder;ALT012;12-Jährige;1837;Anzahl;KIN003;Kinder in Tageseinrichtungen
22541;Statistik der Kindertageseinrichtungen;STAG;Stichtag;2019-03-01;DINSG;Deutschland insgesamt;DG;Deutschland;GES;Geschlecht;;Insgesamt;ALTSK1;Alter der Schulkinder;ALT008;8-Jährige;126719;Anzahl;KIN003;Kinder in Tageseinrichtungen
22541;Statistik der Kindertageseinrichtungen;STAG;Stichtag;2015-03-01;DINSG;Deutschland insgesamt;DG;Deutschland;GES;Geschlecht;;Insgesamt;ALTSK1;Alter der Schulkinder;ALT011;11-Jährige;11027;Anzahl;KIN003;Kinder in Tageseinrichtungen
22541;Statistik der Kindertageseinrichtungen;STAG;Stichtag;2022-03-01;DINSG;Deutschland insgesamt;DG;Deutschland;GES;Geschlecht;GESM;männlich;ALTSK1;Alter der Schulkinder;ALT012;12-Jährige;2130;Anzahl;KIN003;Kinder in Tageseinrichtungen
22541;Statistik der Kindertageseinrichtungen;STAG;Stichtag;2022-03-01;DINSG;Deutschland insgesamt;DG;Deutschland;GES;Geschlecht;GESM;männlich;ALTSK1;Alter der Schulkinder;ALT008;8-Jährige;65266;Anzahl;KIN003;Kinder in Tageseinrichtungen
22541;Statistik der Kindertageseinrichtungen;STAG;Stichtag;2020-03-01;DINSG;Deutschland insgesamt;DG;Deutschland;GES;Geschlecht;GESM;männlich;ALTSK1;Alter der Schulkinder;ALT011;11-Jährige;6840;Anzahl;KIN003;Kinder in Tageseinrichtungen
22541;Statistik der Kindertageseinrichtungen;STAG;Stichtag;2023-03-01;DINSG;Deutschland insgesamt;DG;Deutschland;GES;Geschlecht;GESW;weiblich;ALTSK1;Alter der Schulkinder;ALT011;11-Jährige;5736;Anzahl;KIN003;Kinder in Tageseinrichtungen
22541;Statistik der Kindertageseinrichtungen;STAG;Stichtag;2020-03-01;DINSG;Deutschland insgesamt;DG;Deutschland;GES;Geschlecht;;Insgesamt;ALTSK1;Alter der Schulkinder;;Insgesamt;3752422;Anzahl;KIN003;Kinder in Tageseinrichtungen
22541;Statistik der Kindertageseinrichtungen;STAG;Stichtag;2025-03-01;DINSG;Deutschland insgesamt;DG;Deutschland;GES;Geschlecht;;Insgesamt;ALTSK1;Alter der Schulkinder;ALT013;13-Jährige;1360;Anzahl;KIN003;Kinder in Tageseinrichtungen
22541;Statistik der Kindertageseinrichtungen;STAG;Stichtag;2024-03-01;DINSG;Deutschland insgesamt;DG;Deutschland;GES;Geschlecht;GESM;männlich;ALTSK1;Alter der Schulkinder;ALT013;13-Jährige;805;Anzahl;KIN003;Kinder in Tageseinrichtungen
22541;Statistik der Kindertageseinrichtungen;STAG;Stichtag;2015-03-01;DINSG;Deutschland insgesamt;DG;Deutschland;GES;Geschlecht;GESM;männlich;ALTSK1;Alter der Schulkinder;ALT013;13-Jährige;998;Anzahl;KIN003;Kinder in Tageseinrichtungen
22541;Statistik der Kindertageseinrichtungen;STAG;Stichtag;2022-03-01;DINSG;Deutschland insgesamt;DG;Deutschland;GES;Geschlecht;;Insgesamt;ALTSK1;Alter der Schulkinder;ALT010;10-Jährige;68145;Anzahl;KIN003;Kinder in Tageseinrichtungen
22541;Statistik der Kindertageseinrichtungen;STAG;Stichtag;2018-03-01;DINSG;Deutschland insgesamt;DG;Deutschland;GES;Geschlecht;GESW;weiblich;ALTSK1;Alter der Schulkinder;ALT009;9-Jährige;53879;Anzahl;KIN003;Kinder in Tageseinrichtungen
22541;Statistik der Kindertageseinrichtungen;STAG;Stichtag;2015-03-01;DINSG;Deutschland insgesamt;DG;Deutschland;GES;Geschlecht;;Insgesamt;ALTSK1;Alter der Schulkinder;ALT006;6-Jährige;53494;Anzahl;KIN003;Kinder in Tageseinrichtungen
22541;Statistik der Kindertageseinrichtungen;STAG;Stichtag;2020-03-01;DINSG;Deutschland insgesamt;DG;Deutschland;GES;Geschlecht;GESM;männlich;ALTSK1;Alter der Schulkinder;ALT007;7-Jährige;67554;Anzahl;KIN003;Kinder in Tageseinrichtungen
22541;Statistik der Kindertageseinrichtungen;STAG;Stichtag;2017-03-01;DINSG;Deutschland insgesamt;DG;Deutschland;GES;Geschlecht;;Insgesamt;ALTSK1;Alter der Schulkinder;ALT007;7-Jährige;128490;Anzahl;KIN003;Kinder in Tageseinrichtungen
22541;Statistik der Kindertageseinrichtungen;STAG;Stichtag;2024-03-01;DINSG;Deutschland insgesamt;DG;Deutschland;GES;Geschlecht;;Insgesamt;ALTSK1;Alter der Schulkinder;ALT011;11-Jährige;13539;Anzahl;KIN003;Kinder in Tageseinrichtungen
22541;Statistik der Kindertageseinrichtungen;STAG;Stichtag;2016-03-01;DINSG;Deutschland insgesamt;DG;Deutschland;GES;Geschlecht;GESW;weiblich;ALTSK1;Alter der Schulkinder;ALT008;8-Jährige;59515;Anzahl;KIN003;Kinder in Tageseinrichtungen
22541;Statistik der Kindertageseinrichtungen;STAG;Stichtag;2018-03-01;DINSG;Deutschland insgesamt;DG;Deutschland;GES;Geschlecht;GESM;männlich;ALTSK1;Alter der Schulkinder;ALT008;8-Jährige;63326;Anzahl;KIN003;Kinder in Tageseinrichtungen
22541;Statistik der Kindertageseinrichtungen;STAG;Stichtag;2015-03-01;DINSG;Deutschland insgesamt;DG;Deutschland;GES;Geschlecht;GESW;weiblich;ALTSK1;Alter der Schulkinder;ALT010;10-Jährige;27811;Anzahl;KIN003;Kinder in Tageseinrichtungen
22541;Statistik der Kindertageseinrichtungen;STAG;Stichtag;2017-03-01;DINSG;Deutschland insgesamt;DG;Deutschland;GES;Geschlecht;GESW;weiblich;ALTSK1;Alter der Schulkinder;ALT011;11-Jährige;5267;Anzahl;KIN003;Kinder in Tageseinrichtungen
22541;Statistik der Kindertageseinrichtungen;STAG;Stichtag;2019-03-01;DINSG;Deutschland insgesamt;DG;Deutschland;GES;Geschlecht;GESW;weiblich;ALTSK1;Alter der Schulkinder;ALT012;12-Jährige;1703;Anzahl;KIN003;Kinder in Tageseinrichtungen
22541;Statistik der Kindertageseinrichtungen;STAG;Stichtag;2025-03-01;DINSG;Deutschland insgesamt;DG;Deutschland;GES;Geschlecht;;Insgesamt;ALTSK1;Alter der Schulkinder;ALT009;9-Jährige;125720;Anzahl;KIN003;Kinder in Tageseinrichtungen
22541;Statistik der Kindertageseinrichtungen;STAG;Stichtag;2014-03-01;DINSG;Deutschland insgesamt;DG;Deutschland;GES;Geschlecht;GESM;männlich;ALTSK1;Alter der Schulkinder;ALT006;6-Jährige;25774;Anzahl;KIN003;Kinder in Tageseinrichtungen
22541;Statistik der Kindertageseinrichtungen;STAG;Stichtag;2016-03-01;DINSG;Deutschland insgesamt;DG;Deutschland;GES;Geschlecht;GESM;männlich;ALTSK1;Alter der Schulkinder;ALT007;7-Jährige;64730;Anzahl;KIN003;Kinder in Tageseinrichtungen
22541;Statistik der Kindertageseinrichtungen;STAG;Stichtag;2024-03-01;DINSG;Deutschland insgesamt;DG;Deutschland;GES;Geschlecht;GESM;männlich;ALTSK1;Alter der Schulkinder;ALT009;9-Jährige;62998;Anzahl;KIN003;Kinder in Tageseinrichtungen
22541;Statistik der Kindertageseinrichtungen;STAG;Stichtag;2023-03-01;DINSG;Deutschland insgesamt;DG;Deutschland;GES;Geschlecht;;Insgesamt;ALTSK1;Alter der Schulkinder;ALT008;8-Jährige;135188;Anzahl;KIN003;Kinder in Tageseinrichtungen
22541;Statistik der Kindertageseinrichtungen;STAG;Stichtag;2020-03-01;DINSG;Deutschland insgesamt;DG;Deutschland;GES;Geschlecht;GESM;männlich;ALTSK1;Alter der Schulkinder;;Insgesamt;1928449;Anzahl;KIN003;Kinder in Tageseinrichtungen
22541;Statistik der Kindertageseinrichtungen;STAG;Stichtag;2021-03-01;DINSG;Deutschland insgesamt;DG;Deutschland;GES;Geschlecht;;Insgesamt;ALTSK1;Alter der Schulkinder;ALT007;7-Jährige;131758;Anzahl;KIN003;Kinder in Tageseinrichtungen
22541;Statistik der Kindertageseinrichtungen;STAG;Stichtag;2021-03-01;DINSG;Deutschland insgesamt;DG;Deutschland;GES;Geschlecht;;Insgesamt;ALTSK1;Alter der Schulkinder;ALT011;11-Jährige;12313;Anzahl;KIN003;Kinder in Tageseinrichtungen
22541;Statistik der Kindertageseinrichtungen;STAG;Stichtag;2024-03-01;DINSG;Deutschland insgesamt;DG;Deutschland;GES;Geschlecht;GESW;weiblich;ALTSK1;Alter der Schulkinder;ALT010;10-Jährige;35934;Anzahl;KIN003;Kinder in Tageseinrichtungen
22541;Statistik der Kindertageseinrichtungen;STAG;Stichtag;2021-03-01;DINSG;Deutschland insgesamt;DG;Deutschland;GES;Geschlecht;GESM;männlich;ALTSK1;Alter der Schulkinder;ALT010;10-Jährige;34990;Anzahl;KIN003;Kinder in Tageseinrichtungen
22541;Statistik der Kindertageseinrichtungen;STAG;Stichtag;2016-03-01;DINSG;Deutschland insgesamt;DG;Deutschland;GES;Geschlecht;GESW;weiblich;ALTSK1;Alter der Schulkinder;ALT012;12-Jährige;1645;Anzahl;KIN003;Kinder in Tageseinrichtungen
22541;Statistik der Kindertageseinrichtungen;STAG;Stichtag;2019-03-01;DINSG;Deutschland insgesamt;DG;Deutschland;GES;Geschlecht;GESM;männlich;ALTSK1;Alter der Schulkinder;;Insgesamt;1883010;Anzahl;KIN003;Kinder in Tageseinrichtungen
22541;Statistik der Kindertageseinrichtungen;STAG;Stichtag;2016-03-01;DINSG;Deutschland insgesamt;DG;Deutschland;GES;Geschlecht;;Insgesamt;ALTSK1;Alter der Schulkinder;ALT013;13-Jährige;1636;Anzahl;KIN003;Kinder in Tageseinrichtungen
22541;Statistik der Kindertageseinrichtungen;STAG;Stichtag;2021-03-01;DINSG;Deutschland insgesamt;DG;Deutschland;GES;Geschlecht;GESM;männlich;ALTSK1;Alter der Schulkinder;ALT009;9-Jährige;56732;Anzahl;KIN003;Kinder in Tageseinrichtungen
22541;Statistik der Kindertageseinrichtungen;STAG;Stichtag;2016-03-01;DINSG;Deutschland insgesamt;DG;Deutschland;GES;Geschlecht;;Insgesamt;ALTSK1;Alter der Schulkinder;ALT005;5-Jährige;777;Anzahl;KIN003;Kinder in Tageseinrichtungen
22541;Statistik der Kindertageseinrichtungen;STAG;Stichtag;2023-03-01;DINSG;Deutschland insgesamt;DG;Deutschland;GES;Geschlecht;;Insgesamt;ALTSK1;Alter der Schulkinder;ALT012;12-Jährige;3835;Anzahl;KIN003;Kinder in Tageseinrichtungen
22541;Statistik der Kindertageseinrichtungen;STAG;Stichtag;2018-03-01;DINSG;Deutschland insgesamt;DG;Deutschland;GES;Geschlecht;;Insgesamt;ALTSK1;Alter der Schulkinder;ALT006;6-Jährige;52966;Anzahl;KIN003;Kinder in Tageseinrichtungen
22541;Statistik der Kindertageseinrichtungen;STAG;Stichtag;2014-03-01;DINSG;Deutschland insgesamt;DG;Deutschland;GES;Geschlecht;;Insgesamt;ALTSK1;Alter der Schulkinder;ALT012;12-Jährige;3747;Anzahl;KIN003;Kinder in Tageseinrichtungen
22541;Statistik der Kindertageseinrichtungen;STAG;Stichtag;2014-03-01;DINSG;Deutschland insgesamt;DG;Deutschland;GES;Geschlecht;GESW;weiblich;ALTSK1;Alter der Schulkinder;ALT011;11-Jährige;4811;Anzahl;KIN003;Kinder in Tageseinrichtungen
22541;Statistik der Kindertageseinrichtungen;STAG;Stichtag;2018-03-01;DINSG;Deutschland insgesamt;DG;Deutschland;GES;Geschlecht;GESW;weiblich;ALTSK1;Alter der Schulkinder;ALT013;13-Jährige;669;Anzahl;KIN003;Kinder in Tageseinrichtungen
22541;Statistik der Kindertageseinrichtungen;STAG;Stichtag;2021-03-01;DINSG;Deutschland insgesamt;DG;Deutschland;GES;Geschlecht;GESW;weiblich;ALTSK1;Alter der Schulkinder;ALT006;6-Jährige;26992;Anzahl;KIN003;Kinder in Tageseinrichtungen
22541;Statistik der Kindertageseinrichtungen;STAG;Stichtag;2015-03-01;DINSG;Deutschland insgesamt;DG;Deutschland;GES;Geschlecht;GESM;männlich;ALTSK1;Alter der Schulkinder;ALT005;5-Jährige;447;Anzahl;KIN003;Kinder in Tageseinrichtungen
22541;Statistik der Kindertageseinrichtungen;STAG;Stichtag;2015-03-01;DINSG;Deutschland insgesamt;DG;Deutschland;GES;Geschlecht;GESW;weiblich;ALTSK1;Alter der Schulkinder;;Insgesamt;1625342;Anzahl;KIN003;Kinder in Tageseinrichtungen
22541;Statistik der Kindertageseinrichtungen;STAG;Stichtag;2023-03-01;DINSG;Deutschland insgesamt;DG;Deutschland;GES;Geschlecht;GESW;weiblich;ALTSK1;Alter der Schulkinder;ALT007;7-Jährige;68478;Anzahl;KIN003;Kinder in Tageseinrichtungen
22541;Statistik der Kindertageseinrichtungen;STAG;Stichtag;2025-03-01;DINSG;Deutschland insgesamt;DG;Deutschland;GES;Geschlecht;GESW;weiblich;ALTSK1;Alter der Schulkinder;ALT008;8-Jährige;68547;Anzahl;KIN003;Kinder in Tageseinrichtungen
22541;Statistik der Kindertageseinrichtungen;STAG;Stichtag;2024-03-01;DINSG;Deutschland insgesamt;DG;Deutschland;GES;Geschlecht;GESM;männlich;ALTNK1;Alter der Nichtschulkinder;ALT004;4-Jährige;386118;Anzahl;KIN003;Kinder in Tageseinrichtungen
22541;Statistik der Kindertageseinrichtungen;STAG;Stichtag;2020-03-01;DINSG;Deutschland insgesamt;DG;Deutschland;GES;Geschlecht;GESM;männlich;ALTNK1;Alter der Nichtschulkinder;ALT003;3-Jährige;355061;Anzahl;KIN003;Kinder in Tageseinrichtungen
22541;Statistik der Kindertageseinrichtungen;STAG;Stichtag;2024-03-01;DINSG;Deutschland insgesamt;DG;Deutschland;GES;Geschlecht;;Insgesamt;ALTNK1;Alter der Nichtschulkinder;ALT001;1-Jährige;233171;Anzahl;KIN003;Kinder in Tageseinrichtungen
22541;Statistik der Kindertageseinrichtungen;STAG;Stichtag;2018-03-01;DINSG;Deutschland insgesamt;DG;Deutschland;GES;Geschlecht;GESM;männlich;ALTNK1;Alter der Nichtschulkinder;ALT002;2-Jährige;218628;Anzahl;KIN003;Kinder in Tageseinrichtungen
22541;Statistik der Kindertageseinrichtungen;STAG;Stichtag;2018-03-01;DINSG;Deutschland insgesamt;DG;Deutschland;GES;Geschlecht;GESW;weiblich;ALTNK1;Alter der Nichtschulkinder;ALT006;6-Jährige;164399;Anzahl;KIN003;Kinder in Tageseinrichtungen
22541;Statistik der Kindertageseinrichtungen;STAG;Stichtag;2014-03-01;DINSG;Deutschland insgesamt;DG;Deutschland;GES;Geschlecht;GESM;männlich;ALTNK1;Alter der Nichtschulkinder;ALT001;1-Jährige;97046;Anzahl;KIN003;Kinder in Tageseinrichtungen
22541;Statistik der Kindertageseinrichtungen;STAG;Stichtag;2017-03-01;DINSG;Deutschland insgesamt;DG;Deutschland;GES;Geschlecht;GESW;weiblich;ALTNK1;Alter der Nichtschulkinder;ALT001;1-Jährige;107228;Anzahl;KIN003;Kinder in Tageseinrichtungen
22541;Statistik der Kindertageseinrichtungen;STAG;Stichtag;2025-03-01;DINSG;Deutschland insgesamt;DG;Deutschland;GES;Geschlecht;;Insgesamt;ALTNK1;Alter der Nichtschulkinder;ALT006;6-Jährige;435775;Anzahl;KIN003;Kinder in Tageseinrichtungen
22541;Statistik der Kindertageseinrichtungen;STAG;Stichtag;2015-03-01;DINSG;Deutschland insgesamt;DG;Deutschland;GES;Geschlecht;GESM;männlich;ALTNK1;Alter der Nichtschulkinder;ALT006;6-Jährige;174117;Anzahl;KIN003;Kinder in Tageseinrichtungen
22541;Statistik der Kindertageseinrichtungen;STAG;Stichtag;2019-03-01;DINSG;Deutschland insgesamt;DG;Deutschland;GES;Geschlecht;;Insgesamt;ALTNK1;Alter der Nichtschulkinder;ALT004;4-Jährige;722278;Anzahl;KIN003;Kinder in Tageseinrichtungen
22541;Statistik der Kindertageseinrichtungen;STAG;Stichtag;2015-03-01;DINSG;Deutschland insgesamt;DG;Deutschland;GES;Geschlecht;;Insgesamt;ALTNK1;Alter der Nichtschulkinder;ALT003;3-Jährige;612931;Anzahl;KIN003;Kinder in Tageseinrichtungen
22541;Statistik der Kindertageseinrichtungen;STAG;Stichtag;2016-03-01;DINSG;Deutschland insgesamt;DG;Deutschland;GES;Geschlecht;;Insgesamt;ALTNK1;Alter der Nichtschulkinder;ALT006;6-Jährige;333805;Anzahl;KIN003;Kinder in Tageseinrichtungen
22541;Statistik der Kindertageseinrichtungen;STAG;Stichtag;2017-03-01;DINSG;Deutschland insgesamt;DG;Deutschland;GES;Geschlecht;GESW;weiblich;ALTNK1;Alter der Nichtschulkinder;ALT007UM;7 Jahre und mehr;2033;Anzahl;KIN003;Kinder in Tageseinrichtungen
22541;Statistik der Kindertageseinrichtungen;STAG;Stichtag;2017-03-01;DINSG;Deutschland insgesamt;DG;Deutschland;GES;Geschlecht;;Insgesamt;ALTNK1;Alter der Nichtschulkinder;ALT007UM;7 Jahre und mehr;5195;Anzahl;KIN003;Kinder in Tageseinrichtungen
22541;Statistik der Kindertageseinrichtungen;STAG;Stichtag;2025-03-01;DINSG;Deutschland insgesamt;DG;Deutschland;GES;Geschlecht;;Insgesamt;ALTNK1;Alter der Nichtschulkinder;ALT004;4-Jährige;755548;Anzahl;KIN003;Kinder in Tageseinrichtungen
22541;Statistik der Kindertageseinrichtungen;STAG;Stichtag;2021-03-01;DINSG;Deutschland insgesamt;DG;Deutschland;GES;Geschlecht;;Insgesamt;ALTNK1;Alter der Nichtschulkinder;ALT003;3-Jährige;685735;Anzahl;KIN003;Kinder in Tageseinrichtungen
22541;Statistik der Kindertageseinrichtungen;STAG;Stichtag;2018-03-01;DINSG;Deutschland insgesamt;DG;Deutschland;GES;Geschlecht;GESW;weiblich;ALTNK1;Alter der Nichtschulkinder;ALT004;4-Jährige;339771;Anzahl;KIN003;Kinder in Tageseinrichtungen
22541;Statistik der Kindertageseinrichtungen;STAG;Stichtag;2023-03-01;DINSG;Deutschland insgesamt;DG;Deutschland;GES;Geschlecht;GESW;weiblich;ALTNK1;Alter der Nichtschulkinder;ALT005;5-Jährige;379456;Anzahl;KIN003;Kinder in Tageseinrichtungen
22541;Statistik der Kindertageseinrichtungen;STAG;Stichtag;2024-03-01;DINSG;Deutschland insgesamt;DG;Deutschland;GES;Geschlecht;GESW;weiblich;ALTNK1;Alter der Nichtschulkinder;ALT006;6-Jährige;207037;Anzahl;KIN003;Kinder in Tageseinrichtungen
22541;Statistik der Kindertageseinrichtungen;STAG;Stichtag;2022-03-01;DINSG;Deutschland insgesamt;DG;Deutschland;GES;Geschlecht;GESW;weiblich;ALTNK1;Alter der Nichtschulkinder;ALT000;unter 1 Jahr;4966;Anzahl;KIN003;Kinder in Tageseinrichtungen
22541;Statistik der Kindertageseinrichtungen;STAG;Stichtag;2018-03-01;DINSG;Deutschland insgesamt;DG;Deutschland;GES;Geschlecht;GESM;männlich;ALTNK1;Alter der Nichtschulkinder;ALT000;unter 1 Jahr;5645;Anzahl;KIN003;Kinder in Tageseinrichtungen
22541;Statistik der Kindertageseinrichtungen;STAG;Stichtag;2014-03-01;DINSG;Deutschland insgesamt;DG;Deutschland;GES;Geschlecht;GESW;weiblich;ALTNK1;Alter der Nichtschulkinder;ALT003;3-Jährige;300177;Anzahl;KIN003;Kinder in Tageseinrichtungen
22541;Statistik der Kindertageseinrichtungen;STAG;Stichtag;2020-03-01;DINSG;Deutschland insgesamt;DG;Deutschland;GES;Geschlecht;;Insgesamt;ALTNK1;Alter der Nichtschulkinder;ALT002;2-Jährige;450552;Anzahl;KIN003;Kinder in Tageseinrichtungen
22541;Statistik der Kindertageseinrichtungen;STAG;Stichtag;2015-03-01;DINSG;Deutschland insgesamt;DG;Deutschland;GES;Geschlecht;;Insgesamt;ALTNK1;Alter der Nichtschulkinder;ALT001;1-Jährige;200265;Anzahl;KIN003;Kinder in Tageseinrichtungen
22541;Statistik der Kindertageseinrichtungen;STAG;Stichtag;2015-03-01;DINSG;Deutschland insgesamt;DG;Deutschland;GES;Geschlecht;GESM;männlich;ALTNK1;Alter der Nichtschulkinder;ALT004;4-Jährige;342673;Anzahl;KIN003;Kinder in Tageseinrichtungen
22541;Statistik der Kindertageseinrichtungen;STAG;Stichtag;2020-03-01;DINSG;Deutschland insgesamt;DG;Deutschland;GES;Geschlecht;GESM;männlich;ALTNK1;Alter der Nichtschulkinder;ALT005;5-Jährige;375454;Anzahl;KIN003;Kinder in Tageseinrichtungen
22541;Statistik der Kindertageseinrichtungen;STAG;Stichtag;2019-03-01;DINSG;Deutschland insgesamt;DG;Deutschland;GES;Geschlecht;;Insgesamt;ALTNK1;Alter der Nichtschulkinder;ALT002;2-Jährige;443306;Anzahl;KIN003;Kinder in Tageseinrichtungen
22541;Statistik der Kindertageseinrichtungen;STAG;Stichtag;2023-03-01;DINSG;Deutschland insgesamt;DG;Deutschland;GES;Geschlecht;;Insgesamt;ALTNK1;Alter der Nichtschulkinder;ALT007UM;7 Jahre und mehr;7453;Anzahl;KIN003;Kinder in Tageseinrichtungen
22541;Statistik der Kindertageseinrichtungen;STAG;Stichtag;2023-03-01;DINSG;Deutschland insgesamt;DG;Deutschland;GES;Geschlecht;GESM;männlich;ALTNK1;Alter der Nichtschulkinder;ALT001;1-Jährige;128608;Anzahl;KIN003;Kinder in Tageseinrichtungen
22541;Statistik der Kindertageseinrichtungen;STAG;Stichtag;2017-03-01;DINSG;Deutschland insgesamt;DG;Deutschland;GES;Geschlecht;GESW;weiblich;ALTNK1;Alter der Nichtschulkinder;ALT003;3-Jährige;312686;Anzahl;KIN003;Kinder in Tageseinrichtungen
22541;Statistik der Kindertageseinrichtungen;STAG;Stichtag;2024-03-01;DINSG;Deutschland insgesamt;DG;Deutschland;GES;Geschlecht;;Insgesamt;ALTNK1;Alter der Nichtschulkinder;ALT003;3-Jährige;691592;Anzahl;KIN003;Kinder in Tageseinrichtungen
22541;Statistik der Kindertageseinrichtungen;STAG;Stichtag;2019-03-01;DINSG;Deutschland insgesamt;DG;Deutschland;GES;Geschlecht;GESM;männlich;ALTNK1;Alter der Nichtschulkinder;ALT005;5-Jährige;361315;Anzahl;KIN003;Kinder in Tageseinrichtungen
22541;Statistik der Kindertageseinrichtungen;STAG;Stichtag;2024-03-01;DINSG;Deutschland insgesamt;DG;Deutschland;GES;Geschlecht;GESM;männlich;ALTNK1;Alter der Nichtschulkinder;ALT006;6-Jährige;233852;Anzahl;KIN003;Kinder in Tageseinrichtungen
22541;Statistik der Kindertageseinrichtungen;STAG;Stichtag;2022-03-01;DINSG;Deutschland insgesamt;DG;Deutschland;GES;Geschlecht;GESW;weiblich;ALTNK1;Alter der Nichtschulkinder;ALT002;2-Jährige;221538;Anzahl;KIN003;Kinder in Tageseinrichtungen
22541;Statistik der Kindertageseinrichtungen;STAG;Stichtag;2016-03-01;DINSG;Deutschland insgesamt;DG;Deutschland;GES;Geschlecht;;Insgesamt;ALTNK1;Alter der Nichtschulkinder;ALT004;4-Jährige;666726;Anzahl;KIN003;Kinder in Tageseinrichtungen
22541;Statistik der Kindertageseinrichtungen;STAG;Stichtag;2021-03-01;DINSG;Deutschland insgesamt;DG;Deutschland;GES;Geschlecht;;Insgesamt;ALTNK1;Alter der Nichtschulkinder;ALT005;5-Jährige;745493;Anzahl;KIN003;Kinder in Tageseinrichtungen
22541;Statistik der Kindertageseinrichtungen;STAG;Stichtag;2023-03-01;DINSG;Deutschland insgesamt;DG;Deutschland;GES;Geschlecht;GESW;weiblich;ALTNK1;Alter der Nichtschulkinder;ALT007UM;7 Jahre und mehr;2823;Anzahl;KIN003;Kinder in Tageseinrichtungen
22541;Statistik der Kindertageseinrichtungen;STAG;Stichtag;2020-03-01;DINSG;Deutschland insgesamt;DG;Deutschland;GES;Geschlecht;;Insgesamt;ALTNK1;Alter der Nichtschulkinder;ALT000;unter 1 Jahr;9885;Anzahl;KIN003;Kinder in Tageseinrichtungen
22541;Statistik der Kindertageseinrichtungen;STAG;Stichtag;2014-03-01;DINSG;Deutschland insgesamt;DG;Deutschland;GES;Geschlecht;GESW;weiblich;ALTNK1;Alter der Nichtschulkinder;ALT005;5-Jährige;326309;Anzahl;KIN003;Kinder in Tageseinrichtungen
22541;Statistik der Kindertageseinrichtungen;STAG;Stichtag;2024-03-01;DINSG;Deutschland insgesamt;DG;Deutschland;GES;Geschlecht;;Insgesamt;ALTNK1;Alter der Nichtschulkinder;ALT005;5-Jährige;773425;Anzahl;KIN003;Kinder in Tageseinrichtungen
22541;Statistik der Kindertageseinrichtungen;STAG;Stichtag;2014-03-01;DINSG;Deutschland insgesamt;DG;Deutschland;GES;Geschlecht;;Insgesamt;ALTNK1;Alter der Nichtschulkinder;ALT007UM;7 Jahre und mehr;6133;Anzahl;KIN003;Kinder in Tageseinrichtungen
22541;Statistik der Kindertageseinrichtungen;STAG;Stichtag;2017-03-01;DINSG;Deutschland insgesamt;DG;Deutschland;GES;Geschlecht;GESW;weiblich;ALTNK1;Alter der Nichtschulkinder;ALT005;5-Jährige;331912;Anzahl;KIN003;Kinder in Tageseinrichtungen
22541;Statistik der Kindertageseinrichtungen;STAG;Stichtag;2024-03-01;DINSG;Deutschland insgesamt;DG;Deutschland;GES;Geschlecht;GESW;weiblich;ALTNK1;Alter der Nichtschulkinder;ALT004;4-Jährige;369220;Anzahl;KIN003;Kinder in Tageseinrichtungen
22541;Statistik der Kindertageseinrichtungen;STAG;Stichtag;2019-03-01;DINSG;Deutschland insgesamt;DG;Deutschland;GES;Geschlecht;;Insgesamt;ALTNK1;Alter der Nichtschulkinder;ALT000;unter 1 Jahr;10589;Anzahl;KIN003;Kinder in Tageseinrichtungen
22541;Statistik der Kindertageseinrichtungen;STAG;Stichtag;2014-03-01;DINSG;Deutschland insgesamt;DG;Deutschland;GES;Geschlecht;GESM;männlich;ALTNK1;Alter der Nichtschulkinder;ALT005;5-Jährige;341273;Anzahl;KIN003;Kinder in Tageseinrichtungen
22541;Statistik der Kindertageseinrichtungen;STAG;Stichtag;2023-03-01;DINSG;Deutschland insgesamt;DG;Deutschland;GES;Geschlecht;GESM;männlich;ALTNK1;Alter der Nichtschulkinder;ALT003;3-Jährige;352524;Anzahl;KIN003;Kinder in Tageseinrichtungen
22541;Statistik der Kindertageseinrichtungen;STAG;Stichtag;2015-03-01;DINSG;Deutschland insgesamt;DG;Deutschland;GES;Geschlecht;GESW;weiblich;ALTNK1;Alter der Nichtschulkinder;ALT004;4-Jährige;328252;Anzahl;KIN003;Kinder in Tageseinrichtungen
22541;Statistik der Kindertageseinrichtungen;STAG;Stichtag;2022-03-01;DINSG;Deutschland insgesamt;DG;Deutschland;GES;Geschlecht;;Insgesamt;ALTNK1;Alter der Nichtschulkinder;ALT004;4-Jährige;754740;Anzahl;KIN003;Kinder in Tageseinrichtungen
22541;Statistik der Kindertageseinrichtungen;STAG;Stichtag;2021-03-01;DINSG;Deutschland insgesamt;DG;Deutschland;GES;Geschlecht;GESM;männlich;ALTNK1;Alter der Nichtschulkinder;ALT004;4-Jährige;386695;Anzahl;KIN003;Kinder in Tageseinrichtungen
22541;Statistik der Kindertageseinrichtungen;STAG;Stichtag;2018-03-01;DINSG;Deutschland insgesamt;DG;Deutschland;GES;Geschlecht;GESM;männlich;ALTNK1;Alter der Nichtschulkinder;ALT007UM;7 Jahre und mehr;3390;Anzahl;KIN003;Kinder in Tageseinrichtungen
22541;Statistik der Kindertageseinrichtungen;STAG;Stichtag;2023-03-01;DINSG;Deutschland insgesamt;DG;Deutschland;GES;Geschlecht;GESM;männlich;ALTNK1;Alter der Nichtschulkinder;ALT005;5-Jährige;398699;Anzahl;KIN003;Kinder in Tageseinrichtungen
22541;Statistik der Kindertageseinrichtungen;STAG;Stichtag;2018-03-01;DINSG;Deutschland insgesamt;DG;Deutschland;GES;Geschlecht;GESW;weiblich;ALTNK1;Alter der Nichtschulkinder;ALT000;unter 1 Jahr;5574;Anzahl;KIN003;Kinder in Tageseinrichtungen
22541;Statistik der Kindertageseinrichtungen;STAG;Stichtag;2015-03-01;DINSG;Deutschland insgesamt;DG;Deutschland;GES;Geschlecht;GESM;männlich;ALTNK1;Alter der Nichtschulkinder;ALT002;2-Jährige;194682;Anzahl;KIN003;Kinder in Tageseinrichtungen
22541;Statistik der Kindertageseinrichtungen;STAG;Stichtag;2018-03-01;DINSG;Deutschland insgesamt;DG;Deutschland;GES;Geschlecht;;Insgesamt;ALTNK1;Alter der Nichtschulkinder;ALT003;3-Jährige;663527;Anzahl;KIN003;Kinder in Tageseinrichtungen
22541;Statistik der Kindertageseinrichtungen;STAG;Stichtag;2014-03-01;DINSG;Deutschland insgesamt;DG;Deutschland;GES;Geschlecht;GESW;weiblich;ALTNK1;Alter der Nichtschulkinder;ALT007UM;7 Jahre und mehr;2581;Anzahl;KIN003;Kinder in Tageseinrichtungen
22541;Statistik der Kindertageseinrichtungen;STAG;Stichtag;2022-03-01;DINSG;Deutschland insgesamt;DG;Deutschland;GES;Geschlecht;GESM;männlich;ALTNK1;Alter der Nichtschulkinder;ALT007UM;7 Jahre und mehr;3898;Anzahl;KIN003;Kinder in Tageseinrichtungen
22541;Statistik der Kindertageseinrichtungen;STAG;Stichtag;2025-03-01;DINSG;Deutschland insgesamt;DG;Deutschland;GES;Geschlecht;;Insgesamt;ALTNK1;Alter der Nichtschulkinder;ALT000;unter 1 Jahr;8413;Anzahl;KIN003;Kinder in Tageseinrichtungen
22541;Statistik der Kindertageseinrichtungen;STAG;Stichtag;2016-03-01;DINSG;Deutschland insgesamt;DG;Deutschland;GES;Geschlecht;;Insgesamt;ALTNK1;Alter der Nichtschulkinder;ALT002;2-Jährige;387455;Anzahl;KIN003;Kinder in Tageseinrichtungen
22541;Statistik der Kindertageseinrichtungen;STAG;Stichtag;2017-03-01;DINSG;Deutschland insgesamt;DG;Deutschland;GES;Geschlecht;GESM;männlich;ALTNK1;Alter der Nichtschulkinder;ALT003;3-Jährige;327197;Anzahl;KIN003;Kinder in Tageseinrichtungen
22541;Statistik der Kindertageseinrichtungen;STAG;Stichtag;2024-03-01;DINSG;Deutschland insgesamt;DG;Deutschland;GES;Geschlecht;GESM;männlich;ALTNK1;Alter der Nichtschulkinder;ALT000;unter 1 Jahr;4075;Anzahl;KIN003;Kinder in Tageseinrichtungen
22541;Statistik der Kindertageseinrichtungen;STAG;Stichtag;2024-03-01;DINSG;Deutschland insgesamt;DG;Deutschland;GES;Geschlecht;GESM;männlich;ALTNK1;Alter der Nichtschulkinder;ALT002;2-Jährige;244399;Anzahl;KIN003;Kinder in Tageseinrichtungen
22541;Statistik der Kindertageseinrichtungen;STAG;Stichtag;2018-03-01;DINSG;Deutschland insgesamt;DG;Deutschland;GES;Geschlecht;;Insgesamt;ALTNK1;Alter der Nichtschulkinder;ALT001;1-Jährige;228447;Anzahl;KIN003;Kinder in Tageseinrichtungen
22541;Statistik der Kindertageseinrichtungen;STAG;Stichtag;2025-03-01;DINSG;Deutschland insgesamt;DG;Deutschland;GES;Geschlecht;GESW;weiblich;ALTNK1;Alter der Nichtschulkinder;ALT005;5-Jährige;376914;Anzahl;KIN003;Kinder in Tageseinrichtungen
22541;Statistik der Kindertageseinrichtungen;STAG;Stichtag;2021-03-01;DINSG;Deutschland insgesamt;DG;Deutschland;GES;Geschlecht;GESW;weiblich;ALTNK1;Alter der Nichtschulkinder;ALT001;1-Jährige;111877;Anzahl;KIN003;Kinder in Tageseinrichtungen
22541;Statistik der Kindertageseinrichtungen;STAG;Stichtag;2015-03-01;DINSG;Deutschland insgesamt;DG;Deutschland;GES;Geschlecht;;Insgesamt;ALTNK1;Alter der Nichtschulkinder;ALT005;5-Jährige;663505;Anzahl;KIN003;Kinder in Tageseinrichtungen
22541;Statistik der Kindertageseinrichtungen;STAG;Stichtag;2014-03-01;DINSG;Deutschland insgesamt;DG;Deutschland;GES;Geschlecht;GESM;männlich;ALTNK1;Alter der Nichtschulkinder;ALT003;3-Jährige;312610;Anzahl;KIN003;Kinder in Tageseinrichtungen
22541;Statistik der Kindertageseinrichtungen;STAG;Stichtag;2017-03-01;DINSG;Deutschland insgesamt;DG;Deutschland;GES;Geschlecht;GESM;männlich;ALTNK1;Alter der Nichtschulkinder;ALT001;1-Jährige;113805;Anzahl;KIN003;Kinder in Tageseinrichtungen
22541;Statistik der Kindertageseinrichtungen;STAG;Stichtag;2022-03-01;DINSG;Deutschland insgesamt;DG;Deutschland;GES;Geschlecht;;Insgesamt;ALTNK1;Alter der Nichtschulkinder;ALT006;6-Jährige;416116;Anzahl;KIN003;Kinder in Tageseinrichtungen
22541;Statistik der Kindertageseinrichtungen;STAG;Stichtag;2016-03-01;DINSG;Deutschland insgesamt;DG;Deutschland;GES;Geschlecht;;Insgesamt;ALTNK1;Alter der Nichtschulkinder;ALT000;unter 1 Jahr;13061;Anzahl;KIN003;Kinder in Tageseinrichtungen
22541;Statistik der Kindertageseinrichtungen;STAG;Stichtag;2015-03-01;DINSG;Deutschland insgesamt;DG;Deutschland;GES;Geschlecht;GESW;weiblich;ALTNK1;Alter der Nichtschulkinder;ALT006;6-Jährige;153828;Anzahl;KIN003;Kinder in Tageseinrichtungen
22541;Statistik der Kindertageseinrichtungen;STAG;Stichtag;2018-03-01;DINSG;Deutschland insgesamt;DG;Deutschland;GES;Geschlecht;GESW;weiblich;ALTNK1;Alter der Nichtschulkinder;ALT002;2-Jährige;207008;Anzahl;KIN003;Kinder in Tageseinrichtungen
22541;Statistik der Kindertageseinrichtungen;STAG;Stichtag;2015-03-01;DINSG;Deutschland insgesamt;DG;Deutschland;GES;Geschlecht;GESM;männlich;ALTNK1;Alter der Nichtschulkinder;ALT000;unter 1 Jahr;6810;Anzahl;KIN003;Kinder in Tageseinrichtungen
22541;Statistik der Kindertageseinrichtungen;STAG;Stichtag;2025-03-01;DINSG;Deutschland insgesamt;DG;Deutschland;GES;Geschlecht;;Insgesamt;ALTNK1;Alter der Nichtschulkinder;ALT002;2-Jährige;449672;Anzahl;KIN003;Kinder in Tageseinrichtungen
22541;Statistik der Kindertageseinrichtungen;STAG;Stichtag;2021-03-01;DINSG;Deutschland insgesamt;DG;Deutschland;GES;Geschlecht;GESM;männlich;ALTNK1;Alter der Nichtschulkinder;ALT006;6-Jährige;211572;Anzahl;KIN003;Kinder in Tageseinrichtungen
22541;Statistik der Kindertageseinrichtungen;STAG;Stichtag;2023-03-01;DINSG;Deutschland insgesamt;DG;Deutschland;GES;Geschlecht;;Insgesamt;ALTNK1;Alter der Nichtschulkinder;ALT005;5-Jährige;778155;Anzahl;KIN003;Kinder in Tageseinrichtungen
22541;Statistik der Kindertageseinrichtungen;STAG;Stichtag;2019-03-01;DINSG;Deutschland insgesamt;DG;Deutschland;GES;Geschlecht;GESW;weiblich;ALTNK1;Alter der Nichtschulkinder;ALT002;2-Jährige;216036;Anzahl;KIN003;Kinder in Tageseinrichtungen
22541;Statistik der Kindertageseinrichtungen;STAG;Stichtag;2016-03-01;DINSG;Deutschland insgesamt;DG;Deutschland;GES;Geschlecht;GESW;weiblich;ALTNK1;Alter der Nichtschulkinder;ALT005;5-Jährige;334614;Anzahl;KIN003;Kinder in Tageseinrichtungen
22541;Statistik der Kindertageseinrichtungen;STAG;Stichtag;2016-03-01;DINSG;Deutschland insgesamt;DG;Deutschland;GES;Geschlecht;GESM;männlich;ALTNK1;Alter der Nichtschulkinder;ALT002;2-Jährige;198992;Anzahl;KIN003;Kinder in Tageseinrichtungen
22541;Statistik der Kindertageseinrichtungen;STAG;Stichtag;2016-03-01;DINSG;Deutschland insgesamt;DG;Deutschland;GES;Geschlecht;GESM;männlich;ALTNK1;Alter der Nichtschulkinder;ALT001;1-Jährige;110023;Anzahl;KIN003;Kinder in Tageseinrichtungen
22541;Statistik der Kindertageseinrichtungen;STAG;Stichtag;2022-03-01;DINSG;Deutschland insgesamt;DG;Deutschland;GES;Geschlecht;;Insgesamt;ALTNK1;Alter der Nichtschulkinder;ALT000;unter 1 Jahr;10114;Anzahl;KIN003;Kinder in Tageseinrichtungen
22541;Statistik der Kindertageseinrichtungen;STAG;Stichtag;2024-03-01;DINSG;Deutschland insgesamt;DG;Deutschland;GES;Geschlecht;GESW;weiblich;ALTNK1;Alter der Nichtschulkinder;ALT000;unter 1 Jahr;3909;Anzahl;KIN003;Kinder in Tageseinrichtungen
22541;Statistik der Kindertageseinrichtungen;STAG;Stichtag;2021-03-01;DINSG;Deutschland insgesamt;DG;Deutschland;GES;Geschlecht;GESW;weiblich;ALTNK1;Alter der Nichtschulkinder;ALT003;3-Jährige;335308;Anzahl;KIN003;Kinder in Tageseinrichtungen
22541;Statistik der Kindertageseinrichtungen;STAG;Stichtag;2019-03-01;DINSG;Deutschland insgesamt;DG;Deutschland;GES;Geschlecht;GESW;weiblich;ALTNK1;Alter der Nichtschulkinder;ALT001;1-Jährige;113885;Anzahl;KIN003;Kinder in Tageseinrichtungen
22541;Statistik der Kindertageseinrichtungen;STAG;Stichtag;2025-03-01;DINSG;Deutschland insgesamt;DG;Deutschland;GES;Geschlecht;GESM;männlich;ALTNK1;Alter der Nichtschulkinder;ALT007UM;7 Jahre und mehr;5024;Anzahl;KIN003;Kinder in Tageseinrichtungen
22541;Statistik der Kindertageseinrichtungen;STAG;Stichtag;2021-03-01;DINSG;Deutschland insgesamt;DG;Deutschland;GES;Geschlecht;GESM;männlich;ALTNK1;Alter der Nichtschulkinder;ALT000;unter 1 Jahr;4687;Anzahl;KIN003;Kinder in Tageseinrichtungen
22541;Statistik der Kindertageseinrichtungen;STAG;Stichtag;2019-03-01;DINSG;Deutschland insgesamt;DG;Deutschland;GES;Geschlecht;GESM;männlich;ALTNK1;Alter der Nichtschulkinder;ALT007UM;7 Jahre und mehr;3887;Anzahl;KIN003;Kinder in Tageseinrichtungen
22541;Statistik der Kindertageseinrichtungen;STAG;Stichtag;2017-03-01;DINSG;Deutschland insgesamt;DG;Deutschland;GES;Geschlecht;;Insgesamt;ALTNK1;Alter der Nichtschulkinder;ALT002;2-Jährige;411638;Anzahl;KIN003;Kinder in Tageseinrichtungen
22541;Statistik der Kindertageseinrichtungen;STAG;Stichtag;2019-03-01;DINSG;Deutschland insgesamt;DG;Deutschland;GES;Geschlecht;;Insgesamt;ALTNK1;Alter der Nichtschulkinder;ALT007UM;7 Jahre und mehr;6455;Anzahl;KIN003;Kinder in Tageseinrichtungen
22541;Statistik der Kindertageseinrichtungen;STAG;Stichtag;2021-03-01;DINSG;Deutschland insgesamt;DG;Deutschland;GES;Geschlecht;GESW;weiblich;ALTNK1;Alter der Nichtschulkinder;ALT004;4-Jährige;369568;Anzahl;KIN003;Kinder in Tageseinrichtungen
22541;Statistik der Kindertageseinrichtungen;STAG;Stichtag;2025-03-01;DINSG;Deutschland insgesamt;DG;Deutschland;GES;Geschlecht;GESM;männlich;ALTNK1;Alter der Nichtschulkinder;ALT001;1-Jährige;113753;Anzahl;KIN003;Kinder in Tageseinrichtungen
22541;Statistik der Kindertageseinrichtungen;STAG;Stichtag;2014-03-01;DINSG;Deutschland insgesamt;DG;Deutschland;GES;Geschlecht;;Insgesamt;ALTNK1;Alter der Nichtschulkinder;ALT006;6-Jährige;330103;Anzahl;KIN003;Kinder in Tageseinrichtungen
22541;Statistik der Kindertageseinrichtungen;STAG;Stichtag;2015-03-01;DINSG;Deutschland insgesamt;DG;Deutschland;GES;Geschlecht;GESW;weiblich;ALTNK1;Alter der Nichtschulkinder;ALT003;3-Jährige;299947;Anzahl;KIN003;Kinder in Tageseinrichtungen
22541;Statistik der Kindertageseinrichtungen;STAG;Stichtag;2017-03-01;DINSG;Deutschland insgesamt;DG;Deutschland;GES;Geschlecht;GESM;männlich;ALTNK1;Alter der Nichtschulkinder;ALT004;4-Jährige;349695;Anzahl;KIN003;Kinder in Tageseinrichtungen
22541;Statistik der Kindertageseinrichtungen;STAG;Stichtag;2017-03-01;DINSG;Deutschland insgesamt;DG;Deutschland;GES;Geschlecht;;Insgesamt;ALTNK1;Alter der Nichtschulkinder;ALT001;1-Jährige;221033;Anzahl;KIN003;Kinder in Tageseinrichtungen
22541;Statistik der Kindertageseinrichtungen;STAG;Stichtag;2025-03-01;DINSG;Deutschland insgesamt;DG;Deutschland;GES;Geschlecht;GESM;männlich;ALTNK1;Alter der Nichtschulkinder;ALT002;2-Jährige;230258;Anzahl;KIN003;Kinder in Tageseinrichtungen
22541;Statistik der Kindertageseinrichtungen;STAG;Stichtag;2020-03-01;DINSG;Deutschland insgesamt;DG;Deutschland;GES;Geschlecht;;Insgesamt;ALTNK1;Alter der Nichtschulkinder;ALT007UM;7 Jahre und mehr;5739;Anzahl;KIN003;Kinder in Tageseinrichtungen
22541;Statistik der Kindertageseinrichtungen;STAG;Stichtag;2020-03-01;DINSG;Deutschland insgesamt;DG;Deutschland;GES;Geschlecht;GESW;weiblich;ALTNK1;Alter der Nichtschulkinder;ALT001;1-Jährige;113755;Anzahl;KIN003;Kinder in Tageseinrichtungen
22541;Statistik der Kindertageseinrichtungen;STAG;Stichtag;2022-03-01;DINSG;Deutschland insgesamt;DG;Deutschland;GES;Geschlecht;GESM;männlich;ALTNK1;Alter der Nichtschulkinder;ALT005;5-Jährige;393531;Anzahl;KIN003;Kinder in Tageseinrichtungen
22541;Statistik der Kindertageseinrichtungen;STAG;Stichtag;2014-03-01;DINSG;Deutschland insgesamt;DG;Deutschland;GES;Geschlecht;;Insgesamt;ALTNK1;Alter der Nichtschulkinder;ALT005;5-Jährige;667582;Anzahl;KIN003;Kinder in Tageseinrichtungen
22541;Statistik der Kindertageseinrichtungen;STAG;Stichtag;2025-03-01;DINSG;Deutschland insgesamt;DG;Deutschland;GES;Geschlecht;;Insgesamt;ALTNK1;Alter der Nichtschulkinder;ALT007UM;7 Jahre und mehr;7870;Anzahl;KIN003;Kinder in Tageseinrichtungen
22541;Statistik der Kindertageseinrichtungen;STAG;Stichtag;2023-03-01;DINSG;Deutschland insgesamt;DG;Deutschland;GES;Geschlecht;;Insgesamt;ALTNK1;Alter der Nichtschulkinder;ALT006;6-Jährige;439548;Anzahl;KIN003;Kinder in Tageseinrichtungen
22541;Statistik der Kindertageseinrichtungen;STAG;Stichtag;2025-03-01;DINSG;Deutschland insgesamt;DG;Deutschland;GES;Geschlecht;GESW;weiblich;ALTNK1;Alter der Nichtschulkinder;ALT007UM;7 Jahre und mehr;2846;Anzahl;KIN003;Kinder in Tageseinrichtungen
22541;Statistik der Kindertageseinrichtungen;STAG;Stichtag;2015-03-01;DINSG;Deutschland insgesamt;DG;Deutschland;GES;Geschlecht;GESW;weiblich;ALTNK1;Alter der Nichtschulkinder;ALT000;unter 1 Jahr;6415;Anzahl;KIN003;Kinder in Tageseinrichtungen
22541;Statistik der Kindertageseinrichtungen;STAG;Stichtag;2020-03-01;DINSG;Deutschland insgesamt;DG;Deutschland;GES;Geschlecht;GESW;weiblich;ALTNK1;Alter der Nichtschulkinder;ALT002;2-Jährige;219735;Anzahl;KIN003;Kinder in Tageseinrichtungen
22541;Statistik der Kindertageseinrichtungen;STAG;Stichtag;2022-03-01;DINSG;Deutschland insgesamt;DG;Deutschland;GES;Geschlecht;GESM;männlich;ALTNK1;Alter der Nichtschulkinder;ALT006;6-Jährige;220897;Anzahl;KIN003;Kinder in Tageseinrichtungen
22541;Statistik der Kindertageseinrichtungen;STAG;Stichtag;2024-03-01;DINSG;Deutschland insgesamt;DG;Deutschland;GES;Geschlecht;GESW;weiblich;ALTNK1;Alter der Nichtschulkinder;ALT003;3-Jährige;338039;Anzahl;KIN003;Kinder in Tageseinrichtungen
22541;Statistik der Kindertageseinrichtungen;STAG;Stichtag;2016-03-01;DINSG;Deutschland insgesamt;DG;Deutschland;GES;Geschlecht;GESW;weiblich;ALTNK1;Alter der Nichtschulkinder;ALT006;6-Jährige;156603;Anzahl;KIN003;Kinder in Tageseinrichtungen
22541;Statistik der Kindertageseinrichtungen;STAG;Stichtag;2020-03-01;DINSG;Deutschland insgesamt;DG;Deutschland;GES;Geschlecht;GESW;weiblich;ALTNK1;Alter der Nichtschulkinder;ALT007UM;7 Jahre und mehr;2216;Anzahl;KIN003;Kinder in Tageseinrichtungen
22541;Statistik der Kindertageseinrichtungen;STAG;Stichtag;2016-03-01;DINSG;Deutschland insgesamt;DG;Deutschland;GES;Geschlecht;;Insgesamt;ALTNK1;Alter der Nichtschulkinder;ALT003;3-Jährige;626489;Anzahl;KIN003;Kinder in Tageseinrichtungen
22541;Statistik der Kindertageseinrichtungen;STAG;Stichtag;2023-03-01;DINSG;Deutschland insgesamt;DG;Deutschland;GES;Geschlecht;GESM;männlich;ALTNK1;Alter der Nichtschulkinder;ALT004;4-Jährige;386430;Anzahl;KIN003;Kinder in Tageseinrichtungen
22541;Statistik der Kindertageseinrichtungen;STAG;Stichtag;2020-03-01;DINSG;Deutschland insgesamt;DG;Deutschland;GES;Geschlecht;GESM;männlich;ALTNK1;Alter der Nichtschulkinder;ALT007UM;7 Jahre und mehr;3523;Anzahl;KIN003;Kinder in Tageseinrichtungen
22541;Statistik der Kindertageseinrichtungen;STAG;Stichtag;2014-03-01;DINSG;Deutschland insgesamt;DG;Deutschland;GES;Geschlecht;GESW;weiblich;ALTNK1;Alter der Nichtschulkinder;ALT001;1-Jährige;92068;Anzahl;KIN003;Kinder in Tageseinrichtungen
22541;Statistik der Kindertageseinrichtungen;STAG;Stichtag;2021-03-01;DINSG;Deutschland insgesamt;DG;Deutschland;GES;Geschlecht;GESM;männlich;ALTNK1;Alter der Nichtschulkinder;ALT003;3-Jährige;350427;Anzahl;KIN003;Kinder in Tageseinrichtungen
22541;Statistik der Kindertageseinrichtungen;STAG;Stichtag;2016-03-01;DINSG;Deutschland insgesamt;DG;Deutschland;GES;Geschlecht;;Insgesamt;ALTNK1;Alter der Nichtschulkinder;ALT007UM;7 Jahre und mehr;6356;Anzahl;KIN003;Kinder in Tageseinrichtungen
22541;Statistik der Kindertageseinrichtungen;STAG;Stichtag;2014-03-01;DINSG;Deutschland insgesamt;DG;Deutschland;GES;Geschlecht;;Insgesamt;ALTNK1;Alter der Nichtschulkinder;ALT002;2-Jährige;359100;Anzahl;KIN003;Kinder in Tageseinrichtungen
22541;Statistik der Kindertageseinrichtungen;STAG;Stichtag;2018-03-01;DINSG;Deutschland insgesamt;DG;Deutschland;GES;Geschlecht;;Insgesamt;ALTNK1;Alter der Nichtschulkinder;ALT004;4-Jährige;695328;Anzahl;KIN003;Kinder in Tageseinrichtungen
22541;Statistik der Kindertageseinrichtungen;STAG;Stichtag;2019-03-01;DINSG;Deutschland insgesamt;DG;Deutschland;GES;Geschlecht;GESW;weiblich;ALTNK1;Alter der Nichtschulkinder;ALT005;5-Jährige;344888;Anzahl;KIN003;Kinder in Tageseinrichtungen
22541;Statistik der Kindertageseinrichtungen;STAG;Stichtag;2016-03-01;DINSG;Deutschland insgesamt;DG;Deutschland;GES;Geschlecht;GESW;weiblich;ALTNK1;Alter der Nichtschulkinder;ALT007UM;7 Jahre und mehr;2645;Anzahl;KIN003;Kinder in Tageseinrichtungen
22541;Statistik der Kindertageseinrichtungen;STAG;Stichtag;2017-03-01;DINSG;Deutschland insgesamt;DG;Deutschland;GES;Geschlecht;GESW;weiblich;ALTNK1;Alter der Nichtschulkinder;ALT004;4-Jährige;332790;Anzahl;KIN003;Kinder in Tageseinrichtungen
22541;Statistik der Kindertageseinrichtungen;STAG;Stichtag;2021-03-01;DINSG;Deutschland insgesamt;DG;Deutschland;GES;Geschlecht;GESW;weiblich;ALTNK1;Alter der Nichtschulkinder;ALT000;unter 1 Jahr;4254;Anzahl;KIN003;Kinder in Tageseinrichtungen
22541;Statistik der Kindertageseinrichtungen;STAG;Stichtag;2022-03-01;DINSG;Deutschland insgesamt;DG;Deutschland;GES;Geschlecht;;Insgesamt;ALTNK1;Alter der Nichtschulkinder;ALT003;3-Jährige;685116;Anzahl;KIN003;Kinder in Tageseinrichtungen
22541;Statistik der Kindertageseinrichtungen;STAG;Stichtag;2025-03-01;DINSG;Deutschland insgesamt;DG;Deutschland;GES;Geschlecht;GESM;männlich;ALTNK1;Alter der Nichtschulkinder;ALT005;5-Jährige;394862;Anzahl;KIN003;Kinder in Tageseinrichtungen
22541;Statistik der Kindertageseinrichtungen;STAG;Stichtag;2025-03-01;DINSG;Deutschland insgesamt;DG;Deutschland;GES;Geschlecht;GESW;weiblich;ALTNK1;Alter der Nichtschulkinder;ALT006;6-Jährige;204480;Anzahl;KIN003;Kinder in Tageseinrichtungen
22541;Statistik der Kindertageseinrichtungen;STAG;Stichtag;2024-03-01;DINSG;Deutschland insgesamt;DG;Deutschland;GES;Geschlecht;;Insgesamt;ALTNK1;Alter der Nichtschulkinder;ALT004;4-Jährige;755338;Anzahl;KIN003;Kinder in Tageseinrichtungen
22541;Statistik der Kindertageseinrichtungen;STAG;Stichtag;2020-03-01;DINSG;Deutschland insgesamt;DG;Deutschland;GES;Geschlecht;GESM;männlich;ALTNK1;Alter der Nichtschulkinder;ALT001;1-Jährige;120856;Anzahl;KIN003;Kinder in Tageseinrichtungen
22541;Statistik der Kindertageseinrichtungen;STAG;Stichtag;2017-03-01;DINSG;Deutschland insgesamt;DG;Deutschland;GES;Geschlecht;;Insgesamt;ALTNK1;Alter der Nichtschulkinder;ALT005;5-Jährige;681435;Anzahl;KIN003;Kinder in Tageseinrichtungen
22541;Statistik der Kindertageseinrichtungen;STAG;Stichtag;2019-03-01;DINSG;Deutschland insgesamt;DG;Deutschland;GES;Geschlecht;;Insgesamt;ALTNK1;Alter der Nichtschulkinder;ALT006;6-Jährige;359501;Anzahl;KIN003;Kinder in Tageseinrichtungen
22541;Statistik der Kindertageseinrichtungen;STAG;Stichtag;2023-03-01;DINSG;Deutschland insgesamt;DG;Deutschland;GES;Geschlecht;GESW;weiblich;ALTNK1;Alter der Nichtschulkinder;ALT001;1-Jährige;121171;Anzahl;KIN003;Kinder in Tageseinrichtungen
22541;Statistik der Kindertageseinrichtungen;STAG;Stichtag;2025-03-01;DINSG;Deutschland insgesamt;DG;Deutschland;GES;Geschlecht;GESW;weiblich;ALTNK1;Alter der Nichtschulkinder;ALT002;2-Jährige;219414;Anzahl;KIN003;Kinder in Tageseinrichtungen
22541;Statistik der Kindertageseinrichtungen;STAG;Stichtag;2017-03-01;DINSG;Deutschland insgesamt;DG;Deutschland;GES;Geschlecht;GESM;männlich;ALTNK1;Alter der Nichtschulkinder;ALT000;unter 1 Jahr;6359;Anzahl;KIN003;Kinder in Tageseinrichtungen
22541;Statistik der Kindertageseinrichtungen;STAG;Stichtag;2016-03-01;DINSG;Deutschland insgesamt;DG;Deutschland;GES;Geschlecht;GESM;männlich;ALTNK1;Alter der Nichtschulkinder;ALT007UM;7 Jahre und mehr;3711;Anzahl;KIN003;Kinder in Tageseinrichtungen
22541;Statistik der Kindertageseinrichtungen;STAG;Stichtag;2020-03-01;DINSG;Deutschland insgesamt;DG;Deutschland;GES;Geschlecht;GESW;weiblich;ALTNK1;Alter der Nichtschulkinder;ALT005;5-Jährige;357189;Anzahl;KIN003;Kinder in Tageseinrichtungen
22541;Statistik der Kindertageseinrichtungen;STAG;Stichtag;2025-03-01;DINSG;Deutschland insgesamt;DG;Deutschland;GES;Geschlecht;;Insgesamt;ALTNK1;Alter der Nichtschulkinder;ALT003;3-Jährige;706853;Anzahl;KIN003;Kinder in Tageseinrichtungen
22541;Statistik der Kindertageseinrichtungen;STAG;Stichtag;2018-03-01;DINSG;Deutschland insgesamt;DG;Deutschland;GES;Geschlecht;GESW;weiblich;ALTNK1;Alter der Nichtschulkinder;ALT003;3-Jährige;324122;Anzahl;KIN003;Kinder in Tageseinrichtungen
22541;Statistik der Kindertageseinrichtungen;STAG;Stichtag;2022-03-01;DINSG;Deutschland insgesamt;DG;Deutschland;GES;Geschlecht;GESW;weiblich;ALTNK1;Alter der Nichtschulkinder;ALT006;6-Jährige;195219;Anzahl;KIN003;Kinder in Tageseinrichtungen
22541;Statistik der Kindertageseinrichtungen;STAG;Stichtag;2020-03-01;DINSG;Deutschland insgesamt;DG;Deutschland;GES;Geschlecht;;Insgesamt;ALTNK1;Alter der Nichtschulkinder;ALT006;6-Jährige;374311;Anzahl;KIN003;Kinder in Tageseinrichtungen
22541;Statistik der Kindertageseinrichtungen;STAG;Stichtag;2016-03-01;DINSG;Deutschland insgesamt;DG;Deutschland;GES;Geschlecht;GESW;weiblich;ALTNK1;Alter der Nichtschulkinder;ALT002;2-Jährige;188463;Anzahl;KIN003;Kinder in Tageseinrichtungen
22541;Statistik der Kindertageseinrichtungen;STAG;Stichtag;2018-03-01;DINSG;Deutschland insgesamt;DG;Deutschland;GES;Geschlecht;;Insgesamt;ALTNK1;Alter der Nichtschulkinder;ALT000;unter 1 Jahr;11219;Anzahl;KIN003;Kinder in Tageseinrichtungen
22541;Statistik der Kindertageseinrichtungen;STAG;Stichtag;2019-03-01;DINSG;Deutschland insgesamt;DG;Deutschland;GES;Geschlecht;GESM;männlich;ALTNK1;Alter der Nichtschulkinder;ALT001;1-Jährige;119647;Anzahl;KIN003;Kinder in Tageseinrichtungen
22541;Statistik der Kindertageseinrichtungen;STAG;Stichtag;2019-03-01;DINSG;Deutschland insgesamt;DG;Deutschland;GES;Geschlecht;GESW;weiblich;ALTNK1;Alter der Nichtschulkinder;ALT007UM;7 Jahre und mehr;2568;Anzahl;KIN003;Kinder in Tageseinrichtungen
22541;Statistik der Kindertageseinrichtungen;STAG;Stichtag;2023-03-01;DINSG;Deutschland insgesamt;DG;Deutschland;GES;Geschlecht;;Insgesamt;ALTNK1;Alter der Nichtschulkinder;ALT002;2-Jährige;463132;Anzahl;KIN003;Kinder in Tageseinrichtungen
22541;Statistik der Kindertageseinrichtungen;STAG;Stichtag;2024-03-01;DINSG;Deutschland insgesamt;DG;Deutschland;GES;Geschlecht;GESM;männlich;ALTNK1;Alter der Nichtschulkinder;ALT003;3-Jährige;353553;Anzahl;KIN003;Kinder in Tageseinrichtungen
22541;Statistik der Kindertageseinrichtungen;STAG;Stichtag;2022-03-01;DINSG;Deutschland insgesamt;DG;Deutschland;GES;Geschlecht;GESM;männlich;ALTNK1;Alter der Nichtschulkinder;ALT002;2-Jährige;233452;Anzahl;KIN003;Kinder in Tageseinrichtungen
22541;Statistik der Kindertageseinrichtungen;STAG;Stichtag;2021-03-01;DINSG;Deutschland insgesamt;DG;Deutschland;GES;Geschlecht;;Insgesamt;ALTNK1;Alter der Nichtschulkinder;ALT001;1-Jährige;230353;Anzahl;KIN003;Kinder in Tageseinrichtungen
22541;Statistik der Kindertageseinrichtungen;STAG;Stichtag;2018-03-01;DINSG;Deutschland insgesamt;DG;Deutschland;GES;Geschlecht;GESM;männlich;ALTNK1;Alter der Nichtschulkinder;ALT006;6-Jährige;186340;Anzahl;KIN003;Kinder in Tageseinrichtungen
22541;Statistik der Kindertageseinrichtungen;STAG;Stichtag;2015-03-01;DINSG;Deutschland insgesamt;DG;Deutschland;GES;Geschlecht;;Insgesamt;ALTNK1;Alter der Nichtschulkinder;ALT004;4-Jährige;670925;Anzahl;KIN003;Kinder in Tageseinrichtungen
22541;Statistik der Kindertageseinrichtungen;STAG;Stichtag;2014-03-01;DINSG;Deutschland insgesamt;DG;Deutschland;GES;Geschlecht;GESM;männlich;ALTNK1;Alter der Nichtschulkinder;ALT004;4-Jährige;333903;Anzahl;KIN003;Kinder in Tageseinrichtungen
22541;Statistik der Kindertageseinrichtungen;STAG;Stichtag;2016-03-01;DINSG;Deutschland insgesamt;DG;Deutschland;GES;Geschlecht;GESM;männlich;ALTNK1;Alter der Nichtschulkinder;ALT005;5-Jährige;350580;Anzahl;KIN003;Kinder in Tageseinrichtungen
22541;Statistik der Kindertageseinrichtungen;STAG;Stichtag;2021-03-01;DINSG;Deutschland insgesamt;DG;Deutschland;GES;Geschlecht;;Insgesamt;ALTNK1;Alter der Nichtschulkinder;ALT004;4-Jährige;756263;Anzahl;KIN003;Kinder in Tageseinrichtungen
22541;Statistik der Kindertageseinrichtungen;STAG;Stichtag;2023-03-01;DINSG;Deutschland insgesamt;DG;Deutschland;GES;Geschlecht;GESW;weiblich;ALTNK1;Alter der Nichtschulkinder;ALT004;4-Jährige;368663;Anzahl;KIN003;Kinder in Tageseinrichtungen
22541;Statistik der Kindertageseinrichtungen;STAG;Stichtag;2014-03-01;DINSG;Deutschland insgesamt;DG;Deutschland;GES;Geschlecht;GESW;weiblich;ALTNK1;Alter der Nichtschulkinder;ALT004;4-Jährige;319076;Anzahl;KIN003;Kinder in Tageseinrichtungen
22541;Statistik der Kindertageseinrichtungen;STAG;Stichtag;2024-03-01;DINSG;Deutschland insgesamt;DG;Deutschland;GES;Geschlecht;GESM;männlich;ALTNK1;Alter der Nichtschulkinder;ALT005;5-Jährige;395958;Anzahl;KIN003;Kinder in Tageseinrichtungen
22541;Statistik der Kindertageseinrichtungen;STAG;Stichtag;2020-03-01;DINSG;Deutschland insgesamt;DG;Deutschland;GES;Geschlecht;GESM;männlich;ALTNK1;Alter der Nichtschulkinder;ALT004;4-Jährige;377246;Anzahl;KIN003;Kinder in Tageseinrichtungen
22541;Statistik der Kindertageseinrichtungen;STAG;Stichtag;2018-03-01;DINSG;Deutschland insgesamt;DG;Deutschland;GES;Geschlecht;GESM;männlich;ALTNK1;Alter der Nichtschulkinder;ALT003;3-Jährige;339405;Anzahl;KIN003;Kinder in Tageseinrichtungen
22541;Statistik der Kindertageseinrichtungen;STAG;Stichtag;2018-03-01;DINSG;Deutschland insgesamt;DG;Deutschland;GES;Geschlecht;GESW;weiblich;ALTNK1;Alter der Nichtschulkinder;ALT005;5-Jährige;338211;Anzahl;KIN003;Kinder in Tageseinrichtungen
22541;Statistik der Kindertageseinrichtungen;STAG;Stichtag;2015-03-01;DINSG;Deutschland insgesamt;DG;Deutschland;GES;Geschlecht;;Insgesamt;ALTNK1;Alter der Nichtschulkinder;ALT002;2-Jährige;380149;Anzahl;KIN003;Kinder in Tageseinrichtungen
22541;Statistik der Kindertageseinrichtungen;STAG;Stichtag;2024-03-01;DINSG;Deutschland insgesamt;DG;Deutschland;GES;Geschlecht;;Insgesamt;ALTNK1;Alter der Nichtschulkinder;ALT000;unter 1 Jahr;7984;Anzahl;KIN003;Kinder in Tageseinrichtungen
22541;Statistik der Kindertageseinrichtungen;STAG;Stichtag;2023-03-01;DINSG;Deutschland insgesamt;DG;Deutschland;GES;Geschlecht;GESM;männlich;ALTNK1;Alter der Nichtschulkinder;ALT007UM;7 Jahre und mehr;4630;Anzahl;KIN003;Kinder in Tageseinrichtungen
22541;Statistik der Kindertageseinrichtungen;STAG;Stichtag;2019-03-01;DINSG;Deutschland insgesamt;DG;Deutschland;GES;Geschlecht;;Insgesamt;ALTNK1;Alter der Nichtschulkinder;ALT003;3-Jährige;676755;Anzahl;KIN003;Kinder in Tageseinrichtungen
22541;Statistik der Kindertageseinrichtungen;STAG;Stichtag;2025-03-01;DINSG;Deutschland insgesamt;DG;Deutschland;GES;Geschlecht;;Insgesamt;ALTNK1;Alter der Nichtschulkinder;ALT005;5-Jährige;771776;Anzahl;KIN003;Kinder in Tageseinrichtungen
22541;Statistik der Kindertageseinrichtungen;STAG;Stichtag;2023-03-01;DINSG;Deutschland insgesamt;DG;Deutschland;GES;Geschlecht;GESM;männlich;ALTNK1;Alter der Nichtschulkinder;ALT000;unter 1 Jahr;4486;Anzahl;KIN003;Kinder in Tageseinrichtungen
22541;Statistik der Kindertageseinrichtungen;STAG;Stichtag;2014-03-01;DINSG;Deutschland insgesamt;DG;Deutschland;GES;Geschlecht;GESM;männlich;ALTNK1;Alter der Nichtschulkinder;ALT002;2-Jährige;183935;Anzahl;KIN003;Kinder in Tageseinrichtungen
22541;Statistik der Kindertageseinrichtungen;STAG;Stichtag;2016-03-01;DINSG;Deutschland insgesamt;DG;Deutschland;GES;Geschlecht;;Insgesamt;ALTNK1;Alter der Nichtschulkinder;ALT005;5-Jährige;685194;Anzahl;KIN003;Kinder in Tageseinrichtungen
22541;Statistik der Kindertageseinrichtungen;STAG;Stichtag;2022-03-01;DINSG;Deutschland insgesamt;DG;Deutschland;GES;Geschlecht;GESW;weiblich;ALTNK1;Alter der Nichtschulkinder;ALT001;1-Jährige;116699;Anzahl;KIN003;Kinder in Tageseinrichtungen
22541;Statistik der Kindertageseinrichtungen;STAG;Stichtag;2015-03-01;DINSG;Deutschland insgesamt;DG;Deutschland;GES;Geschlecht;GESM;männlich;ALTNK1;Alter der Nichtschulkinder;ALT003;3-Jährige;312984;Anzahl;KIN003;Kinder in Tageseinrichtungen
22541;Statistik der Kindertageseinrichtungen;STAG;Stichtag;2024-03-01;DINSG;Deutschland insgesamt;DG;Deutschland;GES;Geschlecht;GESW;weiblich;ALTNK1;Alter der Nichtschulkinder;ALT005;5-Jährige;377467;Anzahl;KIN003;Kinder in Tageseinrichtungen
22541;Statistik der Kindertageseinrichtungen;STAG;Stichtag;2015-03-01;DINSG;Deutschland insgesamt;DG;Deutschland;GES;Geschlecht;;Insgesamt;ALTNK1;Alter der Nichtschulkinder;ALT000;unter 1 Jahr;13225;Anzahl;KIN003;Kinder in Tageseinrichtungen
22541;Statistik der Kindertageseinrichtungen;STAG;Stichtag;2017-03-01;DINSG;Deutschland insgesamt;DG;Deutschland;GES;Geschlecht;GESM;männlich;ALTNK1;Alter der Nichtschulkinder;ALT007UM;7 Jahre und mehr;3162;Anzahl;KIN003;Kinder in Tageseinrichtungen
22541;Statistik der Kindertageseinrichtungen;STAG;Stichtag;2017-03-01;DINSG;Deutschland insgesamt;DG;Deutschland;GES;Geschlecht;GESW;weiblich;ALTNK1;Alter der Nichtschulkinder;ALT000;unter 1 Jahr;6047;Anzahl;KIN003;Kinder in Tageseinrichtungen
22541;Statistik der Kindertageseinrichtungen;STAG;Stichtag;2014-03-01;DINSG;Deutschland insgesamt;DG;Deutschland;GES;Geschlecht;GESW;weiblich;ALTNK1;Alter der Nichtschulkinder;ALT006;6-Jährige;155028;Anzahl;KIN003;Kinder in Tageseinrichtungen
22541;Statistik der Kindertageseinrichtungen;STAG;Stichtag;2024-03-01;DINSG;Deutschland insgesamt;DG;Deutschland;GES;Geschlecht;;Insgesamt;ALTNK1;Alter der Nichtschulkinder;ALT002;2-Jährige;476093;Anzahl;KIN003;Kinder in Tageseinrichtungen
22541;Statistik der Kindertageseinrichtungen;STAG;Stichtag;2020-03-01;DINSG;Deutschland insgesamt;DG;Deutschland;GES;Geschlecht;;Insgesamt;ALTNK1;Alter der Nichtschulkinder;ALT001;1-Jährige;234611;Anzahl;KIN003;Kinder in Tageseinrichtungen
22541;Statistik der Kindertageseinrichtungen;STAG;Stichtag;2020-03-01;DINSG;Deutschland insgesamt;DG;Deutschland;GES;Geschlecht;GESM;männlich;ALTNK1;Alter der Nichtschulkinder;ALT006;6-Jährige;198073;Anzahl;KIN003;Kinder in Tageseinrichtungen
22541;Statistik der Kindertageseinrichtungen;STAG;Stichtag;2017-03-01;DINSG;Deutschland insgesamt;DG;Deutschland;GES;Geschlecht;GESW;weiblich;ALTNK1;Alter der Nichtschulkinder;ALT002;2-Jährige;200472;Anzahl;KIN003;Kinder in Tageseinrichtungen
22541;Statistik der Kindertageseinrichtungen;STAG;Stichtag;2021-03-01;DINSG;Deutschland insgesamt;DG;Deutschland;GES;Geschlecht;;Insgesamt;ALTNK1;Alter der Nichtschulkinder;ALT006;6-Jährige;398980;Anzahl;KIN003;Kinder in Tageseinrichtungen
22541;Statistik der Kindertageseinrichtungen;STAG;Stichtag;2014-03-01;DINSG;Deutschland insgesamt;DG;Deutschland;GES;Geschlecht;GESM;männlich;ALTNK1;Alter der Nichtschulkinder;ALT000;unter 1 Jahr;6902;Anzahl;KIN003;Kinder in Tageseinrichtungen
22541;Statistik der Kindertageseinrichtungen;STAG;Stichtag;2019-03-01;DINSG;Deutschland insgesamt;DG;Deutschland;GES;Geschlecht;GESM;männlich;ALTNK1;Alter der Nichtschulkinder;ALT006;6-Jährige;191267;Anzahl;KIN003;Kinder in Tageseinrichtungen
22541;Statistik der Kindertageseinrichtungen;STAG;Stichtag;2019-03-01;DINSG;Deutschland insgesamt;DG;Deutschland;GES;Geschlecht;;Insgesamt;ALTNK1;Alter der Nichtschulkinder;ALT001;1-Jährige;233532;Anzahl;KIN003;Kinder in Tageseinrichtungen
22541;Statistik der Kindertageseinrichtungen;STAG;Stichtag;2015-03-01;DINSG;Deutschland insgesamt;DG;Deutschland;GES;Geschlecht;GESM;männlich;ALTNK1;Alter der Nichtschulkinder;ALT005;5-Jährige;339434;Anzahl;KIN003;Kinder in Tageseinrichtungen
22541;Statistik der Kindertageseinrichtungen;STAG;Stichtag;2023-03-01;DINSG;Deutschland insgesamt;DG;Deutschland;GES;Geschlecht;GESM;männlich;ALTNK1;Alter der Nichtschulkinder;ALT002;2-Jährige;237818;Anzahl;KIN003;Kinder in Tageseinrichtungen
22541;Statistik der Kindertageseinrichtungen;STAG;Stichtag;2018-03-01;DINSG;Deutschland insgesamt;DG;Deutschland;GES;Geschlecht;GESM;männlich;ALTNK1;Alter der Nichtschulkinder;ALT001;1-Jährige;117224;Anzahl;KIN003;Kinder in Tageseinrichtungen
22541;Statistik der Kindertageseinrichtungen;STAG;Stichtag;2022-03-01;DINSG;Deutschland insgesamt;DG;Deutschland;GES;Geschlecht;GESW;weiblich;ALTNK1;Alter der Nichtschulkinder;ALT003;3-Jährige;334551;Anzahl;KIN003;Kinder in Tageseinrichtungen
22541;Statistik der Kindertageseinrichtungen;STAG;Stichtag;2019-03-01;DINSG;Deutschland insgesamt;DG;Deutschland;GES;Geschlecht;GESW;weiblich;ALTNK1;Alter der Nichtschulkinder;ALT006;6-Jährige;168234;Anzahl;KIN003;Kinder in Tageseinrichtungen
22541;Statistik der Kindertageseinrichtungen;STAG;Stichtag;2023-03-01;DINSG;Deutschland insgesamt;DG;Deutschland;GES;Geschlecht;;Insgesamt;ALTNK1;Alter der Nichtschulkinder;ALT001;1-Jährige;249779;Anzahl;KIN003;Kinder in Tageseinrichtungen
22541;Statistik der Kindertageseinrichtungen;STAG;Stichtag;2021-03-01;DINSG;Deutschland insgesamt;DG;Deutschland;GES;Geschlecht;;Insgesamt;ALTNK1;Alter der Nichtschulkinder;ALT000;unter 1 Jahr;8941;Anzahl;KIN003;Kinder in Tageseinrichtungen
22541;Statistik der Kindertageseinrichtungen;STAG;Stichtag;2019-03-01;DINSG;Deutschland insgesamt;DG;Deutschland;GES;Geschlecht;GESM;männlich;ALTNK1;Alter der Nichtschulkinder;ALT002;2-Jährige;227270;Anzahl;KIN003;Kinder in Tageseinrichtungen
22541;Statistik der Kindertageseinrichtungen;STAG;Stichtag;2016-03-01;DINSG;Deutschland insgesamt;DG;Deutschland;GES;Geschlecht;GESM;männlich;ALTNK1;Alter der Nichtschulkinder;ALT006;6-Jährige;177202;Anzahl;KIN003;Kinder in Tageseinrichtungen
22541;Statistik der Kindertageseinrichtungen;STAG;Stichtag;2018-03-01;DINSG;Deutschland insgesamt;DG;Deutschland;GES;Geschlecht;GESW;weiblich;ALTNK1;Alter der Nichtschulkinder;ALT007UM;7 Jahre und mehr;2296;Anzahl;KIN003;Kinder in Tageseinrichtungen
22541;Statistik der Kindertageseinrichtungen;STAG;Stichtag;2025-03-01;DINSG;Deutschland insgesamt;DG;Deutschland;GES;Geschlecht;GESM;männlich;ALTNK1;Alter der Nichtschulkinder;ALT004;4-Jährige;386853;Anzahl;KIN003;Kinder in Tageseinrichtungen
22541;Statistik der Kindertageseinrichtungen;STAG;Stichtag;2018-03-01;DINSG;Deutschland insgesamt;DG;Deutschland;GES;Geschlecht;;Insgesamt;ALTNK1;Alter der Nichtschulkinder;ALT007UM;7 Jahre und mehr;5686;Anzahl;KIN003;Kinder in Tageseinrichtungen
22541;Statistik der Kindertageseinrichtungen;STAG;Stichtag;2014-03-01;DINSG;Deutschland insgesamt;DG;Deutschland;GES;Geschlecht;GESW;weiblich;ALTNK1;Alter der Nichtschulkinder;ALT002;2-Jährige;175165;Anzahl;KIN003;Kinder in Tageseinrichtungen
22541;Statistik der Kindertageseinrichtungen;STAG;Stichtag;2023-03-01;DINSG;Deutschland insgesamt;DG;Deutschland;GES;Geschlecht;GESW;weiblich;ALTNK1;Alter der Nichtschulkinder;ALT006;6-Jährige;206778;Anzahl;KIN003;Kinder in Tageseinrichtungen
22541;Statistik der Kindertageseinrichtungen;STAG;Stichtag;2020-03-01;DINSG;Deutschland insgesamt;DG;Deutschland;GES;Geschlecht;;Insgesamt;ALTNK1;Alter der Nichtschulkinder;ALT003;3-Jährige;695563;Anzahl;KIN003;Kinder in Tageseinrichtungen
22541;Statistik der Kindertageseinrichtungen;STAG;Stichtag;2023-03-01;DINSG;Deutschland insgesamt;DG;Deutschland;GES;Geschlecht;GESW;weiblich;ALTNK1;Alter der Nichtschulkinder;ALT000;unter 1 Jahr;4154;Anzahl;KIN003;Kinder in Tageseinrichtungen
22541;Statistik der Kindertageseinrichtungen;STAG;Stichtag;2014-03-01;DINSG;Deutschland insgesamt;DG;Deutschland;GES;Geschlecht;;Insgesamt;ALTNK1;Alter der Nichtschulkinder;ALT001;1-Jährige;189114;Anzahl;KIN003;Kinder in Tageseinrichtungen
22541;Statistik der Kindertageseinrichtungen;STAG;Stichtag;2019-03-01;DINSG;Deutschland insgesamt;DG;Deutschland;GES;Geschlecht;GESM;männlich;ALTNK1;Alter der Nichtschulkinder;ALT004;4-Jährige;369999;Anzahl;KIN003;Kinder in Tageseinrichtungen
22541;Statistik der Kindertageseinrichtungen;STAG;Stichtag;2025-03-01;DINSG;Deutschland insgesamt;DG;Deutschland;GES;Geschlecht;GESW;weiblich;ALTNK1;Alter der Nichtschulkinder;ALT001;1-Jährige;108131;Anzahl;KIN003;Kinder in Tageseinrichtungen
22541;Statistik der Kindertageseinrichtungen;STAG;Stichtag;2020-03-01;DINSG;Deutschland insgesamt;DG;Deutschland;GES;Geschlecht;GESW;weiblich;ALTNK1;Alter der Nichtschulkinder;ALT004;4-Jährige;359098;Anzahl;KIN003;Kinder in Tageseinrichtungen
22541;Statistik der Kindertageseinrichtungen;STAG;Stichtag;2014-03-01;DINSG;Deutschland insgesamt;DG;Deutschland;GES;Geschlecht;GESM;männlich;ALTNK1;Alter der Nichtschulkinder;ALT007UM;7 Jahre und mehr;3552;Anzahl;KIN003;Kinder in Tageseinrichtungen
22541;Statistik der Kindertageseinrichtungen;STAG;Stichtag;2022-03-01;DINSG;Deutschland insgesamt;DG;Deutschland;GES;Geschlecht;GESW;weiblich;ALTNK1;Alter der Nichtschulkinder;ALT005;5-Jährige;375754;Anzahl;KIN003;Kinder in Tageseinrichtungen
22541;Statistik der Kindertageseinrichtungen;STAG;Stichtag;2023-03-01;DINSG;Deutschland insgesamt;DG;Deutschland;GES;Geschlecht;;Insgesamt;ALTNK1;Alter der Nichtschulkinder;ALT003;3-Jährige;690117;Anzahl;KIN003;Kinder in Tageseinrichtungen
22541;Statistik der Kindertageseinrichtungen;STAG;Stichtag;2025-03-01;DINSG;Deutschland insgesamt;DG;Deutschland;GES;Geschlecht;GESM;männlich;ALTNK1;Alter der Nichtschulkinder;ALT006;6-Jährige;231295;Anzahl;KIN003;Kinder in Tageseinrichtungen
22541;Statistik der Kindertageseinrichtungen;STAG;Stichtag;2016-03-01;DINSG;Deutschland insgesamt;DG;Deutschland;GES;Geschlecht;GESW;weiblich;ALTNK1;Alter der Nichtschulkinder;ALT003;3-Jährige;306616;Anzahl;KIN003;Kinder in Tageseinrichtungen
22541;Statistik der Kindertageseinrichtungen;STAG;Stichtag;2022-03-01;DINSG;Deutschland insgesamt;DG;Deutschland;GES;Geschlecht;;Insgesamt;ALTNK1;Alter der Nichtschulkinder;ALT007UM;7 Jahre und mehr;6209;Anzahl;KIN003;Kinder in Tageseinrichtungen
22541;Statistik der Kindertageseinrichtungen;STAG;Stichtag;2022-03-01;DINSG;Deutschland insgesamt;DG;Deutschland;GES;Geschlecht;GESM;männlich;ALTNK1;Alter der Nichtschulkinder;ALT001;1-Jährige;123990;Anzahl;KIN003;Kinder in Tageseinrichtungen
22541;Statistik der Kindertageseinrichtungen;STAG;Stichtag;2021-03-01;DINSG;Deutschland insgesamt;DG;Deutschland;GES;Geschlecht;;Insgesamt;ALTNK1;Alter der Nichtschulkinder;ALT002;2-Jährige;441208;Anzahl;KIN003;Kinder in Tageseinrichtungen
22541;Statistik der Kindertageseinrichtungen;STAG;Stichtag;2016-03-01;DINSG;Deutschland insgesamt;DG;Deutschland;GES;Geschlecht;GESM;männlich;ALTNK1;Alter der Nichtschulkinder;ALT004;4-Jährige;340991;Anzahl;KIN003;Kinder in Tageseinrichtungen
22541;Statistik der Kindertageseinrichtungen;STAG;Stichtag;2019-03-01;DINSG;Deutschland insgesamt;DG;Deutschland;GES;Geschlecht;GESM;männlich;ALTNK1;Alter der Nichtschulkinder;ALT000;unter 1 Jahr;5423;Anzahl;KIN003;Kinder in Tageseinrichtungen
22541;Statistik der Kindertageseinrichtungen;STAG;Stichtag;2017-03-01;DINSG;Deutschland insgesamt;DG;Deutschland;GES;Geschlecht;;Insgesamt;ALTNK1;Alter der Nichtschulkinder;ALT006;6-Jährige;350458;Anzahl;KIN003;Kinder in Tageseinrichtungen
22541;Statistik der Kindertageseinrichtungen;STAG;Stichtag;2020-03-01;DINSG;Deutschland insgesamt;DG;Deutschland;GES;Geschlecht;GESM;männlich;ALTNK1;Alter der Nichtschulkinder;ALT002;2-Jährige;230817;Anzahl;KIN003;Kinder in Tageseinrichtungen
22541;Statistik der Kindertageseinrichtungen;STAG;Stichtag;2020-03-01;DINSG;Deutschland insgesamt;DG;Deutschland;GES;Geschlecht;GESM;männlich;ALTNK1;Alter der Nichtschulkinder;ALT000;unter 1 Jahr;5103;Anzahl;KIN003;Kinder in Tageseinrichtungen
22541;Statistik der Kindertageseinrichtungen;STAG;Stichtag;2023-03-01;DINSG;Deutschland insgesamt;DG;Deutschland;GES;Geschlecht;GESW;weiblich;ALTNK1;Alter der Nichtschulkinder;ALT002;2-Jährige;225314;Anzahl;KIN003;Kinder in Tageseinrichtungen
22541;Statistik der Kindertageseinrichtungen;STAG;Stichtag;2018-03-01;DINSG;Deutschland insgesamt;DG;Deutschland;GES;Geschlecht;GESM;männlich;ALTNK1;Alter der Nichtschulkinder;ALT005;5-Jährige;356597;Anzahl;KIN003;Kinder in Tageseinrichtungen
22541;Statistik der Kindertageseinrichtungen;STAG;Stichtag;2020-03-01;DINSG;Deutschland insgesamt;DG;Deutschland;GES;Geschlecht;GESW;weiblich;ALTNK1;Alter der Nichtschulkinder;ALT006;6-Jährige;176238;Anzahl;KIN003;Kinder in Tageseinrichtungen
22541;Statistik der Kindertageseinrichtungen;STAG;Stichtag;2017-03-01;DINSG;Deutschland insgesamt;DG;Deutschland;GES;Geschlecht;;Insgesamt;ALTNK1;Alter der Nichtschulkinder;ALT004;4-Jährige;682485;Anzahl;KIN003;Kinder in Tageseinrichtungen
22541;Statistik der Kindertageseinrichtungen;STAG;Stichtag;2025-03-01;DINSG;Deutschland insgesamt;DG;Deutschland;GES;Geschlecht;GESW;weiblich;ALTNK1;Alter der Nichtschulkinder;ALT003;3-Jährige;345265;Anzahl;KIN003;Kinder in Tageseinrichtungen
22541;Statistik der Kindertageseinrichtungen;STAG;Stichtag;2019-03-01;DINSG;Deutschland insgesamt;DG;Deutschland;GES;Geschlecht;;Insgesamt;ALTNK1;Alter der Nichtschulkinder;ALT005;5-Jährige;706203;Anzahl;KIN003;Kinder in Tageseinrichtungen
22541;Statistik der Kindertageseinrichtungen;STAG;Stichtag;2022-03-01;DINSG;Deutschland insgesamt;DG;Deutschland;GES;Geschlecht;GESW;weiblich;ALTNK1;Alter der Nichtschulkinder;ALT007UM;7 Jahre und mehr;2311;Anzahl;KIN003;Kinder in Tageseinrichtungen
22541;Statistik der Kindertageseinrichtungen;STAG;Stichtag;2014-03-01;DINSG;Deutschland insgesamt;DG;Deutschland;GES;Geschlecht;GESW;weiblich;ALTNK1;Alter der Nichtschulkinder;ALT000;unter 1 Jahr;6453;Anzahl;KIN003;Kinder in Tageseinrichtungen
22541;Statistik der Kindertageseinrichtungen;STAG;Stichtag;2016-03-01;DINSG;Deutschland insgesamt;DG;Deutschland;GES;Geschlecht;GESW;weiblich;ALTNK1;Alter der Nichtschulkinder;ALT001;1-Jährige;104061;Anzahl;KIN003;Kinder in Tageseinrichtungen
22541;Statistik der Kindertageseinrichtungen;STAG;Stichtag;2020-03-01;DINSG;Deutschland insgesamt;DG;Deutschland;GES;Geschlecht;;Insgesamt;ALTNK1;Alter der Nichtschulkinder;ALT005;5-Jährige;732643;Anzahl;KIN003;Kinder in Tageseinrichtungen
22541;Statistik der Kindertageseinrichtungen;STAG;Stichtag;2021-03-01;DINSG;Deutschland insgesamt;DG;Deutschland;GES;Geschlecht;GESM;männlich;ALTNK1;Alter der Nichtschulkinder;ALT007UM;7 Jahre und mehr;3453;Anzahl;KIN003;Kinder in Tageseinrichtungen
22541;Statistik der Kindertageseinrichtungen;STAG;Stichtag;2025-03-01;DINSG;Deutschland insgesamt;DG;Deutschland;GES;Geschlecht;GESM;männlich;ALTNK1;Alter der Nichtschulkinder;ALT000;unter 1 Jahr;4307;Anzahl;KIN003;Kinder in Tageseinrichtungen
22541;Statistik der Kindertageseinrichtungen;STAG;Stichtag;2015-03-01;DINSG;Deutschland insgesamt;DG;Deutschland;GES;Geschlecht;GESW;weiblich;ALTNK1;Alter der Nichtschulkinder;ALT001;1-Jährige;97245;Anzahl;KIN003;Kinder in Tageseinrichtungen
22541;Statistik der Kindertageseinrichtungen;STAG;Stichtag;2017-03-01;DINSG;Deutschland insgesamt;DG;Deutschland;GES;Geschlecht;;Insgesamt;ALTNK1;Alter der Nichtschulkinder;ALT003;3-Jährige;639883;Anzahl;KIN003;Kinder in Tageseinrichtungen
22541;Statistik der Kindertageseinrichtungen;STAG;Stichtag;2017-03-01;DINSG;Deutschland insgesamt;DG;Deutschland;GES;Geschlecht;GESM;männlich;ALTNK1;Alter der Nichtschulkinder;ALT006;6-Jährige;185793;Anzahl;KIN003;Kinder in Tageseinrichtungen
22541;Statistik der Kindertageseinrichtungen;STAG;Stichtag;2022-03-01;DINSG;Deutschland insgesamt;DG;Deutschland;GES;Geschlecht;GESM;männlich;ALTNK1;Alter der Nichtschulkinder;ALT003;3-Jährige;350565;Anzahl;KIN003;Kinder in Tageseinrichtungen
22541;Statistik der Kindertageseinrichtungen;STAG;Stichtag;2021-03-01;DINSG;Deutschland insgesamt;DG;Deutschland;GES;Geschlecht;GESW;weiblich;ALTNK1;Alter der Nichtschulkinder;ALT007UM;7 Jahre und mehr;2054;Anzahl;KIN003;Kinder in Tageseinrichtungen
22541;Statistik der Kindertageseinrichtungen;STAG;Stichtag;2015-03-01;DINSG;Deutschland insgesamt;DG;Deutschland;GES;Geschlecht;;Insgesamt;ALTNK1;Alter der Nichtschulkinder;ALT007UM;7 Jahre und mehr;4807;Anzahl;KIN003;Kinder in Tageseinrichtungen
22541;Statistik der Kindertageseinrichtungen;STAG;Stichtag;2023-03-01;DINSG;Deutschland insgesamt;DG;Deutschland;GES;Geschlecht;;Insgesamt;ALTNK1;Alter der Nichtschulkinder;ALT004;4-Jährige;755093;Anzahl;KIN003;Kinder in Tageseinrichtungen
22541;Statistik der Kindertageseinrichtungen;STAG;Stichtag;2015-03-01;DINSG;Deutschland insgesamt;DG;Deutschland;GES;Geschlecht;GESW;weiblich;ALTNK1;Alter der Nichtschulkinder;ALT002;2-Jährige;185467;Anzahl;KIN003;Kinder in Tageseinrichtungen
22541;Statistik der Kindertageseinrichtungen;STAG;Stichtag;2016-03-01;DINSG;Deutschland insgesamt;DG;Deutschland;GES;Geschlecht;GESW;weiblich;ALTNK1;Alter der Nichtschulkinder;ALT004;4-Jährige;325735;Anzahl;KIN003;Kinder in Tageseinrichtungen
22541;Statistik der Kindertageseinrichtungen;STAG;Stichtag;2016-03-01;DINSG;Deutschland insgesamt;DG;Deutschland;GES;Geschlecht;GESM;männlich;ALTNK1;Alter der Nichtschulkinder;ALT003;3-Jährige;319873;Anzahl;KIN003;Kinder in Tageseinrichtungen
22541;Statistik der Kindertageseinrichtungen;STAG;Stichtag;2015-03-01;DINSG;Deutschland insgesamt;DG;Deutschland;GES;Geschlecht;GESW;weiblich;ALTNK1;Alter der Nichtschulkinder;ALT007UM;7 Jahre und mehr;1918;Anzahl;KIN003;Kinder in Tageseinrichtungen
22541;Statistik der Kindertageseinrichtungen;STAG;Stichtag;2019-03-01;DINSG;Deutschland insgesamt;DG;Deutschland;GES;Geschlecht;GESW;weiblich;ALTNK1;Alter der Nichtschulkinder;ALT000;unter 1 Jahr;5166;Anzahl;KIN003;Kinder in Tageseinrichtungen
22541;Statistik der Kindertageseinrichtungen;STAG;Stichtag;2024-03-01;DINSG;Deutschland insgesamt;DG;Deutschland;GES;Geschlecht;GESW;weiblich;ALTNK1;Alter der Nichtschulkinder;ALT001;1-Jährige;113462;Anzahl;KIN003;Kinder in Tageseinrichtungen
22541;Statistik der Kindertageseinrichtungen;STAG;Stichtag;2022-03-01;DINSG;Deutschland insgesamt;DG;Deutschland;GES;Geschlecht;GESM;männlich;ALTNK1;Alter der Nichtschulkinder;ALT004;4-Jährige;386410;Anzahl;KIN003;Kinder in Tageseinrichtungen
22541;Statistik der Kindertageseinrichtungen;STAG;Stichtag;2015-03-01;DINSG;Deutschland insgesamt;DG;Deutschland;GES;Geschlecht;GESM;männlich;ALTNK1;Alter der Nichtschulkinder;ALT007UM;7 Jahre und mehr;2889;Anzahl;KIN003;Kinder in Tageseinrichtungen
22541;Statistik der Kindertageseinrichtungen;STAG;Stichtag;2021-03-01;DINSG;Deutschland insgesamt;DG;Deutschland;GES;Geschlecht;GESW;weiblich;ALTNK1;Alter der Nichtschulkinder;ALT005;5-Jährige;363327;Anzahl;KIN003;Kinder in Tageseinrichtungen
22541;Statistik der Kindertageseinrichtungen;STAG;Stichtag;2019-03-01;DINSG;Deutschland insgesamt;DG;Deutschland;GES;Geschlecht;GESW;weiblich;ALTNK1;Alter der Nichtschulkinder;ALT004;4-Jährige;352279;Anzahl;KIN003;Kinder in Tageseinrichtungen
22541;Statistik der Kindertageseinrichtungen;STAG;Stichtag;2020-03-01;DINSG;Deutschland insgesamt;DG;Deutschland;GES;Geschlecht;GESW;weiblich;ALTNK1;Alter der Nichtschulkinder;ALT000;unter 1 Jahr;4782;Anzahl;KIN003;Kinder in Tageseinrichtungen
22541;Statistik der Kindertageseinrichtungen;STAG;Stichtag;2018-03-01;DINSG;Deutschland insgesamt;DG;Deutschland;GES;Geschlecht;;Insgesamt;ALTNK1;Alter der Nichtschulkinder;ALT006;6-Jährige;350739;Anzahl;KIN003;Kinder in Tageseinrichtungen
22541;Statistik der Kindertageseinrichtungen;STAG;Stichtag;2022-03-01;DINSG;Deutschland insgesamt;DG;Deutschland;GES;Geschlecht;;Insgesamt;ALTNK1;Alter der Nichtschulkinder;ALT002;2-Jährige;454990;Anzahl;KIN003;Kinder in Tageseinrichtungen
22541;Statistik der Kindertageseinrichtungen;STAG;Stichtag;2024-03-01;DINSG;Deutschland insgesamt;DG;Deutschland;GES;Geschlecht;GESW;weiblich;ALTNK1;Alter der Nichtschulkinder;ALT002;2-Jährige;231694;Anzahl;KIN003;Kinder in Tageseinrichtungen
22541;Statistik der Kindertageseinrichtungen;STAG;Stichtag;2017-03-01;DINSG;Deutschland insgesamt;DG;Deutschland;GES;Geschlecht;GESM;männlich;ALTNK1;Alter der Nichtschulkinder;ALT005;5-Jährige;349523;Anzahl;KIN003;Kinder in Tageseinrichtungen
22541;Statistik der Kindertageseinrichtungen;STAG;Stichtag;2017-03-01;DINSG;Deutschland insgesamt;DG;Deutschland;GES;Geschlecht;;Insgesamt;ALTNK1;Alter der Nichtschulkinder;ALT000;unter 1 Jahr;12406;Anzahl;KIN003;Kinder in Tageseinrichtungen
22541;Statistik der Kindertageseinrichtungen;STAG;Stichtag;2021-03-01;DINSG;Deutschland insgesamt;DG;Deutschland;GES;Geschlecht;GESW;weiblich;ALTNK1;Alter der Nichtschulkinder;ALT006;6-Jährige;187408;Anzahl;KIN003;Kinder in Tageseinrichtungen
22541;Statistik der Kindertageseinrichtungen;STAG;Stichtag;2025-03-01;DINSG;Deutschland insgesamt;DG;Deutschland;GES;Geschlecht;GESM;männlich;ALTNK1;Alter der Nichtschulkinder;ALT003;3-Jährige;361588;Anzahl;KIN003;Kinder in Tageseinrichtungen
22541;Statistik der Kindertageseinrichtungen;STAG;Stichtag;2021-03-01;DINSG;Deutschland insgesamt;DG;Deutschland;GES;Geschlecht;GESM;männlich;ALTNK1;Alter der Nichtschulkinder;ALT002;2-Jährige;226393;Anzahl;KIN003;Kinder in Tageseinrichtungen
22541;Statistik der Kindertageseinrichtungen;STAG;Stichtag;2019-03-01;DINSG;Deutschland insgesamt;DG;Deutschland;GES;Geschlecht;GESW;weiblich;ALTNK1;Alter der Nichtschulkinder;ALT003;3-Jährige;330674;Anzahl;KIN003;Kinder in Tageseinrichtungen
22541;Statistik der Kindertageseinrichtungen;STAG;Stichtag;2014-03-01;DINSG;Deutschland insgesamt;DG;Deutschland;GES;Geschlecht;;Insgesamt;ALTNK1;Alter der Nichtschulkinder;ALT004;4-Jährige;652979;Anzahl;KIN003;Kinder in Tageseinrichtungen
22541;Statistik der Kindertageseinrichtungen;STAG;Stichtag;2014-03-01;DINSG;Deutschland insgesamt;DG;Deutschland;GES;Geschlecht;;Insgesamt;ALTNK1;Alter der Nichtschulkinder;ALT003;3-Jährige;612787;Anzahl;KIN003;Kinder in Tageseinrichtungen
22541;Statistik der Kindertageseinrichtungen;STAG;Stichtag;2018-03-01;DINSG;Deutschland insgesamt;DG;Deutschland;GES;Geschlecht;;Insgesamt;ALTNK1;Alter der Nichtschulkinder;ALT005;5-Jährige;694808;Anzahl;KIN003;Kinder in Tageseinrichtungen
22541;Statistik der Kindertageseinrichtungen;STAG;Stichtag;2016-03-01;DINSG;Deutschland insgesamt;DG;Deutschland;GES;Geschlecht;GESM;männlich;ALTNK1;Alter der Nichtschulkinder;ALT000;unter 1 Jahr;6708;Anzahl;KIN003;Kinder in Tageseinrichtungen
22541;Statistik der Kindertageseinrichtungen;STAG;Stichtag;2021-03-01;DINSG;Deutschland insgesamt;DG;Deutschland;GES;Geschlecht;GESM;männlich;ALTNK1;Alter der Nichtschulkinder;ALT001;1-Jährige;118476;Anzahl;KIN003;Kinder in Tageseinrichtungen
22541;Statistik der Kindertageseinrichtungen;STAG;Stichtag;2022-03-01;DINSG;Deutschland insgesamt;DG;Deutschland;GES;Geschlecht;;Insgesamt;ALTNK1;Alter der Nichtschulkinder;ALT001;1-Jährige;240689;Anzahl;KIN003;Kinder in Tageseinrichtungen
22541;Statistik der Kindertageseinrichtungen;STAG;Stichtag;2015-03-01;DINSG;Deutschland insgesamt;DG;Deutschland;GES;Geschlecht;GESW;weiblich;ALTNK1;Alter der Nichtschulkinder;ALT005;5-Jährige;324071;Anzahl;KIN003;Kinder in Tageseinrichtungen
22541;Statistik der Kindertageseinrichtungen;STAG;Stichtag;2017-03-01;DINSG;Deutschland insgesamt;DG;Deutschland;GES;Geschlecht;GESM;männlich;ALTNK1;Alter der Nichtschulkinder;ALT002;2-Jährige;211166;Anzahl;KIN003;Kinder in Tageseinrichtungen
22541;Statistik der Kindertageseinrichtungen;STAG;Stichtag;2022-03-01;DINSG;Deutschland insgesamt;DG;Deutschland;GES;Geschlecht;;Insgesamt;ALTNK1;Alter der Nichtschulkinder;ALT005;5-Jährige;769285;Anzahl;KIN003;Kinder in Tageseinrichtungen
22541;Statistik der Kindertageseinrichtungen;STAG;Stichtag;2025-03-01;DINSG;Deutschland insgesamt;DG;Deutschland;GES;Geschlecht;GESW;weiblich;ALTNK1;Alter der Nichtschulkinder;ALT000;unter 1 Jahr;4106;Anzahl;KIN003;Kinder in Tageseinrichtungen
22541;Statistik der Kindertageseinrichtungen;STAG;Stichtag;2020-03-01;DINSG;Deutschland insgesamt;DG;Deutschland;GES;Geschlecht;GESW;weiblich;ALTNK1;Alter der Nichtschulkinder;ALT003;3-Jährige;340502;Anzahl;KIN003;Kinder in Tageseinrichtungen
22541;Statistik der Kindertageseinrichtungen;STAG;Stichtag;2019-03-01;DINSG;Deutschland insgesamt;DG;Deutschland;GES;Geschlecht;GESM;männlich;ALTNK1;Alter der Nichtschulkinder;ALT003;3-Jährige;346081;Anzahl;KIN003;Kinder in Tageseinrichtungen
22541;Statistik der Kindertageseinrichtungen;STAG;Stichtag;2022-03-01;DINSG;Deutschland insgesamt;DG;Deutschland;GES;Geschlecht;GESM;männlich;ALTNK1;Alter der Nichtschulkinder;ALT000;unter 1 Jahr;5148;Anzahl;KIN003;Kinder in Tageseinrichtungen
22541;Statistik der Kindertageseinrichtungen;STAG;Stichtag;2024-03-01;DINSG;Deutschland insgesamt;DG;Deutschland;GES;Geschlecht;GESM;männlich;ALTNK1;Alter der Nichtschulkinder;ALT007UM;7 Jahre und mehr;5107;Anzahl;KIN003;Kinder in Tageseinrichtungen
22541;Statistik der Kindertageseinrichtungen;STAG;Stichtag;2018-03-01;DINSG;Deutschland insgesamt;DG;Deutschland;GES;Geschlecht;GESW;weiblich;ALTNK1;Alter der Nichtschulkinder;ALT001;1-Jährige;111223;Anzahl;KIN003;Kinder in Tageseinrichtungen
22541;Statistik der Kindertageseinrichtungen;STAG;Stichtag;2020-03-01;DINSG;Deutschland insgesamt;DG;Deutschland;GES;Geschlecht;;Insgesamt;ALTNK1;Alter der Nichtschulkinder;ALT004;4-Jährige;736344;Anzahl;KIN003;Kinder in Tageseinrichtungen
22541;Statistik der Kindertageseinrichtungen;STAG;Stichtag;2023-03-01;DINSG;Deutschland insgesamt;DG;Deutschland;GES;Geschlecht;;Insgesamt;ALTNK1;Alter der Nichtschulkinder;ALT000;unter 1 Jahr;8640;Anzahl;KIN003;Kinder in Tageseinrichtungen
22541;Statistik der Kindertageseinrichtungen;STAG;Stichtag;2015-03-01;DINSG;Deutschland insgesamt;DG;Deutschland;GES;Geschlecht;GESM;männlich;ALTNK1;Alter der Nichtschulkinder;ALT001;1-Jährige;103020;Anzahl;KIN003;Kinder in Tageseinrichtungen
22541;Statistik der Kindertageseinrichtungen;STAG;Stichtag;2025-03-01;DINSG;Deutschland insgesamt;DG;Deutschland;GES;Geschlecht;;Insgesamt;ALTNK1;Alter der Nichtschulkinder;ALT001;1-Jährige;221884;Anzahl;KIN003;Kinder in Tageseinrichtungen
22541;Statistik der Kindertageseinrichtungen;STAG;Stichtag;2022-03-01;DINSG;Deutschland insgesamt;DG;Deutschland;GES;Geschlecht;GESW;weiblich;ALTNK1;Alter der Nichtschulkinder;ALT004;4-Jährige;368330;Anzahl;KIN003;Kinder in Tageseinrichtungen
22541;Statistik der Kindertageseinrichtungen;STAG;Stichtag;2024-03-01;DINSG;Deutschland insgesamt;DG;Deutschland;GES;Geschlecht;GESM;männlich;ALTNK1;Alter der Nichtschulkinder;ALT001;1-Jährige;119709;Anzahl;KIN003;Kinder in Tageseinrichtungen
22541;Statistik der Kindertageseinrichtungen;STAG;Stichtag;2015-03-01;DINSG;Deutschland insgesamt;DG;Deutschland;GES;Geschlecht;;Insgesamt;ALTNK1;Alter der Nichtschulkinder;ALT006;6-Jährige;327945;Anzahl;KIN003;Kinder in Tageseinrichtungen
22541;Statistik der Kindertageseinrichtungen;STAG;Stichtag;2018-03-01;DINSG;Deutschland insgesamt;DG;Deutschland;GES;Geschlecht;;Insgesamt;ALTNK1;Alter der Nichtschulkinder;ALT002;2-Jährige;425636;Anzahl;KIN003;Kinder in Tageseinrichtungen
22541;Statistik der Kindertageseinrichtungen;STAG;Stichtag;2014-03-01;DINSG;Deutschland insgesamt;DG;Deutschland;GES;Geschlecht;GESM;männlich;ALTNK1;Alter der Nichtschulkinder;ALT006;6-Jährige;175075;Anzahl;KIN003;Kinder in Tageseinrichtungen
22541;Statistik der Kindertageseinrichtungen;STAG;Stichtag;2021-03-01;DINSG;Deutschland insgesamt;DG;Deutschland;GES;Geschlecht;;Insgesamt;ALTNK1;Alter der Nichtschulkinder;ALT007UM;7 Jahre und mehr;5507;Anzahl;KIN003;Kinder in Tageseinrichtungen
22541;Statistik der Kindertageseinrichtungen;STAG;Stichtag;2016-03-01;DINSG;Deutschland insgesamt;DG;Deutschland;GES;Geschlecht;;Insgesamt;ALTNK1;Alter der Nichtschulkinder;ALT001;1-Jährige;214084;Anzahl;KIN003;Kinder in Tageseinrichtungen
22541;Statistik der Kindertageseinrichtungen;STAG;Stichtag;2023-03-01;DINSG;Deutschland insgesamt;DG;Deutschland;GES;Geschlecht;GESM;männlich;ALTNK1;Alter der Nichtschulkinder;ALT006;6-Jährige;232770;Anzahl;KIN003;Kinder in Tageseinrichtungen
22541;Statistik der Kindertageseinrichtungen;STAG;Stichtag;2018-03-01;DINSG;Deutschland insgesamt;DG;Deutschland;GES;Geschlecht;GESM;männlich;ALTNK1;Alter der Nichtschulkinder;ALT004;4-Jährige;355557;Anzahl;KIN003;Kinder in Tageseinrichtungen
22541;Statistik der Kindertageseinrichtungen;STAG;Stichtag;2021-03-01;DINSG;Deutschland insgesamt;DG;Deutschland;GES;Geschlecht;GESM;männlich;ALTNK1;Alter der Nichtschulkinder;ALT005;5-Jährige;382166;Anzahl;KIN003;Kinder in Tageseinrichtungen
22541;Statistik der Kindertageseinrichtungen;STAG;Stichtag;2024-03-01;DINSG;Deutschland insgesamt;DG;Deutschland;GES;Geschlecht;;Insgesamt;ALTNK1;Alter der Nichtschulkinder;ALT007UM;7 Jahre und mehr;8265;Anzahl;KIN003;Kinder in Tageseinrichtungen
22541;Statistik der Kindertageseinrichtungen;STAG;Stichtag;2014-03-01;DINSG;Deutschland insgesamt;DG;Deutschland;GES;Geschlecht;;Insgesamt;ALTNK1;Alter der Nichtschulkinder;ALT000;unter 1 Jahr;13355;Anzahl;KIN003;Kinder in Tageseinrichtungen
22541;Statistik der Kindertageseinrichtungen;STAG;Stichtag;2016-03-01;DINSG;Deutschland insgesamt;DG;Deutschland;GES;Geschlecht;GESW;weiblich;ALTNK1;Alter der Nichtschulkinder;ALT000;unter 1 Jahr;6353;Anzahl;KIN003;Kinder in Tageseinrichtungen
22541;Statistik der Kindertageseinrichtungen;STAG;Stichtag;2024-03-01;DINSG;Deutschland insgesamt;DG;Deutschland;GES;Geschlecht;GESW;weiblich;ALTNK1;Alter der Nichtschulkinder;ALT007UM;7 Jahre und mehr;3158;Anzahl;KIN003;Kinder in Tageseinrichtungen
22541;Statistik der Kindertageseinrichtungen;STAG;Stichtag;2024-03-01;DINSG;Deutschland insgesamt;DG;Deutschland;GES;Geschlecht;;Insgesamt;ALTNK1;Alter der Nichtschulkinder;ALT006;6-Jährige;440889;Anzahl;KIN003;Kinder in Tageseinrichtungen
22541;Statistik der Kindertageseinrichtungen;STAG;Stichtag;2017-03-01;DINSG;Deutschland insgesamt;DG;Deutschland;GES;Geschlecht;GESW;weiblich;ALTNK1;Alter der Nichtschulkinder;ALT006;6-Jährige;164665;Anzahl;KIN003;Kinder in Tageseinrichtungen
22541;Statistik der Kindertageseinrichtungen;STAG;Stichtag;2025-03-01;DINSG;Deutschland insgesamt;DG;Deutschland;GES;Geschlecht;GESW;weiblich;ALTNK1;Alter der Nichtschulkinder;ALT004;4-Jährige;368695;Anzahl;KIN003;Kinder in Tageseinrichtungen
22541;Statistik der Kindertageseinrichtungen;STAG;Stichtag;2021-03-01;DINSG;Deutschland insgesamt;DG;Deutschland;GES;Geschlecht;GESW;weiblich;ALTNK1;Alter der Nichtschulkinder;ALT002;2-Jährige;214815;Anzahl;KIN003;Kinder in Tageseinrichtungen
22541;Statistik der Kindertageseinrichtungen;STAG;Stichtag;2023-03-01;DINSG;Deutschland insgesamt;DG;Deutschland;GES;Geschlecht;GESW;weiblich;ALTNK1;Alter der Nichtschulkinder;ALT003;3-Jährige;337593;Anzahl;KIN003;Kinder in Tageseinrichtungen
