statistics_code;statistics_label;time_code;time_label;time;1_variable_code;1_variable_label;1_variable_attribute_code;1_variable_attribute_label;2_variable_code;2_variable_label;2_variable_attribute_code;2_variable_attribute_label;3_variable_code;3_variable_label;3_variable_attribute_code;3_variable_attribute_label;4_variable_code;4_variable_label;4_variable_attribute_code;4_variable_attribute_label;value;value_unit;value_variable_code;value_variable_label
46241;Statistik der Straßenverkehrsunfälle;JAHR;Jahr;2025;MONAT;Monate;MONAT04;April;DINSG;Deutschland insgesamt;DG;Deutschland;VERUK1;Unfallkategorie;UNF-PERS;Unfälle mit Personenschaden;VEROL1;Ortslage;ORTSLG02;außerorts (ohne Autobahnen);5840;Anzahl;VER001;Unfälle (polizeilich erfasste)
46241;Statistik der Straßenverkehrsunfälle;JAHR;Jahr;2026;MONAT;Monate;MONAT11;November;DINSG;Deutschland insgesamt;DG;Deutschland;VERUK1;Unfallkategorie;UNF-PERS;Unfälle mit Personenschaden;VEROL1;Ortslage;ORTSLG02;außerorts (ohne Autobahnen);...;Anzahl;VER001;Unfälle (polizeilich erfasste)
46241;Statistik der Straßenverkehrsunfälle;JAHR;Jahr;2025;MONAT;Monate;MONAT12;Dezember;DINSG;Deutschland insgesamt;DG;Deutschland;VERUK1;Unfallkategorie;;Insgesamt;VEROL1;Ortslage;;Insgesamt;206723;Anzahl;VER001;Unfälle (polizeilich erfasste)
46241;Statistik der Straßenverkehrsunfälle;JAHR;Jahr;2026;MONAT;Monate;MONAT03;März;DINSG;Deutschland insgesamt;DG;Deutschland;VERUK1;Unfallkategorie;UNF-RAUSCH;Sonst. Unfälle unter dem Einfluss berausch. Mittel;VEROL1;Ortslage;ORTSLG01;innerorts;860;Anzahl;VER001;Unfälle (polizeilich erfasste)
46241;Statistik der Straßenverkehrsunfälle;JAHR;Jahr;2025;MONAT;Monate;MONAT12;Dezember;DINSG;Deutschland insgesamt;DG;Deutschland;VERUK1;Unfallkategorie;;Insgesamt;VEROL1;Ortslage;ORTSLG03;auf Autobahnen;13018;Anzahl;VER001;Unfälle (polizeilich erfasste)
46241;Statistik der Straßenverkehrsunfälle;JAHR;Jahr;2026;MONAT;Monate;MONAT02;Februar;DINSG;Deutschland insgesamt;DG;Deutschland;VERUK1;Unfallkategorie;UNF-SACH;Schwerwiegende Unfälle mit Sachschaden i.e.S;VEROL1;Ortslage;;Insgesamt;5497;Anzahl;VER001;Unfälle (polizeilich erfasste)
46241;Statistik der Straßenverkehrsunfälle;JAHR;Jahr;2026;MONAT;Monate;MONAT09;September;DINSG;Deutschland insgesamt;DG;Deutschland;VERUK1;Unfallkategorie;;Insgesamt;VEROL1;Ortslage;ORTSLG03;auf Autobahnen;...;Anzahl;VER001;Unfälle (polizeilich erfasste)
46241;Statistik der Straßenverkehrsunfälle;JAHR;Jahr;2026;MONAT;Monate;MONAT08;August;DINSG;Deutschland insgesamt;DG;Deutschland;VERUK1;Unfallkategorie;UNF-SACH;Schwerwiegende Unfälle mit Sachschaden i.e.S;VEROL1;Ortslage;ORTSLG02;außerorts (ohne Autobahnen);...;Anzahl;VER001;Unfälle (polizeilich erfasste)
46241;Statistik der Straßenverkehrsunfälle;JAHR;Jahr;2026;MONAT;Monate;MONAT01;Januar;DINSG;Deutschland insgesamt;DG;Deutschland;VERUK1;Unfallkategorie;;Insgesamt;VEROL1;Ortslage;;Insgesamt;206027;Anzahl;VER001;Unfälle (polizeilich erfasste)
46241;Statistik der Straßenverkehrsunfälle;JAHR;Jahr;2026;MONAT;Monate;MONAT01;Januar;DINSG;Deutschland insgesamt;DG;Deutschland;VERUK1;Unfallkategorie;UNF-RAUSCH;Sonst. Unfälle unter dem Einfluss berausch. Mittel;VEROL1;Ortslage;ORTSLG02;außerorts (ohne Autobahnen);148;Anzahl;VER001;Unfälle (polizeilich erfasste)
46241;Statistik der Straßenverkehrsunfälle;JAHR;Jahr;2026;MONAT;Monate;MONAT10;Oktober;DINSG;Deutschland insgesamt;DG;Deutschland;VERUK1;Unfallkategorie;UNF-RAUSCH;Sonst. Unfälle unter dem Einfluss berausch. Mittel;VEROL1;Ortslage;ORTSLG03;auf Autobahnen;...;Anzahl;VER001;Unfälle (polizeilich erfasste)
46241;Statistik der Straßenverkehrsunfälle;JAHR;Jahr;2026;MONAT;Monate;MONAT12;Dezember;DINSG;Deutschland insgesamt;DG;Deutschland;VERUK1;Unfallkategorie;;Insgesamt;VEROL1;Ortslage;;Insgesamt;...;Anzahl;VER001;Unfälle (polizeilich erfasste)
46241;Statistik der Straßenverkehrsunfälle;JAHR;Jahr;2026;MONAT;Monate;MONAT09;September;DINSG;Deutschland insgesamt;DG;Deutschland;VERUK1;Unfallkategorie;UNF-SACH;Schwerwiegende Unfälle mit Sachschaden i.e.S;VEROL1;Ortslage;;Insgesamt;...;Anzahl;VER001;Unfälle (polizeilich erfasste)
46241;Statistik der Straßenverkehrsunfälle;JAHR;Jahr;2026;MONAT;Monate;MONAT12;Dezember;DINSG;Deutschland insgesamt;DG;Deutschland;VERUK1;Unfallkategorie;UNF-RAUSCH;Sonst. Unfälle unter dem Einfluss berausch. Mittel;VEROL1;Ortslage;ORTSLG02;außerorts (ohne Autobahnen);...;Anzahl;VER001;Unfälle (polizeilich erfasste)
46241;Statistik der Straßenverkehrsunfälle;JAHR;Jahr;2026;MONAT;Monate;MONAT09;September;DINSG;Deutschland insgesamt;DG;Deutschland;VERUK1;Unfallkategorie;UNF-PERS;Unfälle mit Personenschaden;VEROL1;Ortslage;;Insgesamt;...;Anzahl;VER001;Unfälle (polizeilich erfasste)
46241;Statistik der Straßenverkehrsunfälle;JAHR;Jahr;2025;MONAT;Monate;MONAT12;Dezember;DINSG;Deutschland insgesamt;DG;Deutschland;VERUK1;Unfallkategorie;UNF-PERS;Unfälle mit Personenschaden;VEROL1;Ortslage;;Insgesamt;19475;Anzahl;VER001;Unfälle (polizeilich erfasste)
46241;Statistik der Straßenverkehrsunfälle;JAHR;Jahr;2025;MONAT;Monate;MONAT05;Mai;DINSG;Deutschland insgesamt;DG;Deutschland;VERUK1;Unfallkategorie;;Insgesamt;VEROL1;Ortslage;ORTSLG02;außerorts (ohne Autobahnen);43706;Anzahl;VER001;Unfälle (polizeilich erfasste)
46241;Statistik der Straßenverkehrsunfälle;JAHR;Jahr;2025;MONAT;Monate;MONAT10;Oktober;DINSG;Deutschland insgesamt;DG;Deutschland;VERUK1;Unfallkategorie;UNF-RAUSCH;Sonst. Unfälle unter dem Einfluss berausch. Mittel;VEROL1;Ortslage;;Insgesamt;1219;Anzahl;VER001;Unfälle (polizeilich erfasste)
46241;Statistik der Straßenverkehrsunfälle;JAHR;Jahr;2026;MONAT;Monate;MONAT02;Februar;DINSG;Deutschland insgesamt;DG;Deutschland;VERUK1;Unfallkategorie;;Insgesamt;VEROL1;Ortslage;ORTSLG03;auf Autobahnen;12681;Anzahl;VER001;Unfälle (polizeilich erfasste)
46241;Statistik der Straßenverkehrsunfälle;JAHR;Jahr;2026;MONAT;Monate;MONAT11;November;DINSG;Deutschland insgesamt;DG;Deutschland;VERUK1;Unfallkategorie;;Insgesamt;VEROL1;Ortslage;ORTSLG01;innerorts;...;Anzahl;VER001;Unfälle (polizeilich erfasste)
46241;Statistik der Straßenverkehrsunfälle;JAHR;Jahr;2026;MONAT;Monate;MONAT11;November;DINSG;Deutschland insgesamt;DG;Deutschland;VERUK1;Unfallkategorie;UNF-SACH;Schwerwiegende Unfälle mit Sachschaden i.e.S;VEROL1;Ortslage;ORTSLG02;außerorts (ohne Autobahnen);...;Anzahl;VER001;Unfälle (polizeilich erfasste)
46241;Statistik der Straßenverkehrsunfälle;JAHR;Jahr;2025;MONAT;Monate;MONAT10;Oktober;DINSG;Deutschland insgesamt;DG;Deutschland;VERUK1;Unfallkategorie;UNF-RAUSCH;Sonst. Unfälle unter dem Einfluss berausch. Mittel;VEROL1;Ortslage;ORTSLG01;innerorts;962;Anzahl;VER001;Unfälle (polizeilich erfasste)
46241;Statistik der Straßenverkehrsunfälle;JAHR;Jahr;2025;MONAT;Monate;MONAT04;April;DINSG;Deutschland insgesamt;DG;Deutschland;VERUK1;Unfallkategorie;UNF-SACH;Schwerwiegende Unfälle mit Sachschaden i.e.S;VEROL1;Ortslage;ORTSLG01;innerorts;2816;Anzahl;VER001;Unfälle (polizeilich erfasste)
46241;Statistik der Straßenverkehrsunfälle;JAHR;Jahr;2026;MONAT;Monate;MONAT02;Februar;DINSG;Deutschland insgesamt;DG;Deutschland;VERUK1;Unfallkategorie;UNF-RAUSCH;Sonst. Unfälle unter dem Einfluss berausch. Mittel;VEROL1;Ortslage;ORTSLG01;innerorts;746;Anzahl;VER001;Unfälle (polizeilich erfasste)
46241;Statistik der Straßenverkehrsunfälle;JAHR;Jahr;2026;MONAT;Monate;MONAT11;November;DINSG;Deutschland insgesamt;DG;Deutschland;VERUK1;Unfallkategorie;UNF-RAUSCH;Sonst. Unfälle unter dem Einfluss berausch. Mittel;VEROL1;Ortslage;ORTSLG03;auf Autobahnen;...;Anzahl;VER001;Unfälle (polizeilich erfasste)
46241;Statistik der Straßenverkehrsunfälle;JAHR;Jahr;2026;MONAT;Monate;MONAT03;März;DINSG;Deutschland insgesamt;DG;Deutschland;VERUK1;Unfallkategorie;UNF-SACH;Schwerwiegende Unfälle mit Sachschaden i.e.S;VEROL1;Ortslage;ORTSLG03;auf Autobahnen;712;Anzahl;VER001;Unfälle (polizeilich erfasste)
46241;Statistik der Straßenverkehrsunfälle;JAHR;Jahr;2026;MONAT;Monate;MONAT05;Mai;DINSG;Deutschland insgesamt;DG;Deutschland;VERUK1;Unfallkategorie;UNF-PERS;Unfälle mit Personenschaden;VEROL1;Ortslage;ORTSLG01;innerorts;20982;Anzahl;VER001;Unfälle (polizeilich erfasste)
46241;Statistik der Straßenverkehrsunfälle;JAHR;Jahr;2026;MONAT;Monate;MONAT04;April;DINSG;Deutschland insgesamt;DG;Deutschland;VERUK1;Unfallkategorie;;Insgesamt;VEROL1;Ortslage;ORTSLG01;innerorts;155849;Anzahl;VER001;Unfälle (polizeilich erfasste)
46241;Statistik der Straßenverkehrsunfälle;JAHR;Jahr;2026;MONAT;Monate;MONAT08;August;DINSG;Deutschland insgesamt;DG;Deutschland;VERUK1;Unfallkategorie;UNF-PERS;Unfälle mit Personenschaden;VEROL1;Ortslage;ORTSLG03;auf Autobahnen;...;Anzahl;VER001;Unfälle (polizeilich erfasste)
46241;Statistik der Straßenverkehrsunfälle;JAHR;Jahr;2025;MONAT;Monate;MONAT07;Juli;DINSG;Deutschland insgesamt;DG;Deutschland;VERUK1;Unfallkategorie;UNF-PERS;Unfälle mit Personenschaden;VEROL1;Ortslage;ORTSLG03;auf Autobahnen;1894;Anzahl;VER001;Unfälle (polizeilich erfasste)
46241;Statistik der Straßenverkehrsunfälle;JAHR;Jahr;2025;MONAT;Monate;MONAT01;Januar;DINSG;Deutschland insgesamt;DG;Deutschland;VERUK1;Unfallkategorie;UNF-PERS;Unfälle mit Personenschaden;VEROL1;Ortslage;ORTSLG01;innerorts;12991;Anzahl;VER001;Unfälle (polizeilich erfasste)
46241;Statistik der Straßenverkehrsunfälle;JAHR;Jahr;2026;MONAT;Monate;MONAT11;November;DINSG;Deutschland insgesamt;DG;Deutschland;VERUK1;Unfallkategorie;UNF-PERS;Unfälle mit Personenschaden;VEROL1;Ortslage;ORTSLG03;auf Autobahnen;...;Anzahl;VER001;Unfälle (polizeilich erfasste)
46241;Statistik der Straßenverkehrsunfälle;JAHR;Jahr;2025;MONAT;Monate;MONAT04;April;DINSG;Deutschland insgesamt;DG;Deutschland;VERUK1;Unfallkategorie;UNF-PERS;Unfälle mit Personenschaden;VEROL1;Ortslage;ORTSLG03;auf Autobahnen;1636;Anzahl;VER001;Unfälle (polizeilich erfasste)
46241;Statistik der Straßenverkehrsunfälle;JAHR;Jahr;2025;MONAT;Monate;MONAT11;November;DINSG;Deutschland insgesamt;DG;Deutschland;VERUK1;Unfallkategorie;UNF-RAUSCH;Sonst. Unfälle unter dem Einfluss berausch. Mittel;VEROL1;Ortslage;ORTSLG01;innerorts;1018;Anzahl;VER001;Unfälle (polizeilich erfasste)
46241;Statistik der Straßenverkehrsunfälle;JAHR;Jahr;2026;MONAT;Monate;MONAT11;November;DINSG;Deutschland insgesamt;DG;Deutschland;VERUK1;Unfallkategorie;UNF-SACH;Schwerwiegende Unfälle mit Sachschaden i.e.S;VEROL1;Ortslage;;Insgesamt;...;Anzahl;VER001;Unfälle (polizeilich erfasste)
46241;Statistik der Straßenverkehrsunfälle;JAHR;Jahr;2026;MONAT;Monate;MONAT01;Januar;DINSG;Deutschland insgesamt;DG;Deutschland;VERUK1;Unfallkategorie;UNF-RAUSCH;Sonst. Unfälle unter dem Einfluss berausch. Mittel;VEROL1;Ortslage;ORTSLG03;auf Autobahnen;54;Anzahl;VER001;Unfälle (polizeilich erfasste)
46241;Statistik der Straßenverkehrsunfälle;JAHR;Jahr;2025;MONAT;Monate;MONAT12;Dezember;DINSG;Deutschland insgesamt;DG;Deutschland;VERUK1;Unfallkategorie;;Insgesamt;VEROL1;Ortslage;ORTSLG02;außerorts (ohne Autobahnen);41694;Anzahl;VER001;Unfälle (polizeilich erfasste)
46241;Statistik der Straßenverkehrsunfälle;JAHR;Jahr;2026;MONAT;Monate;MONAT09;September;DINSG;Deutschland insgesamt;DG;Deutschland;VERUK1;Unfallkategorie;;Insgesamt;VEROL1;Ortslage;ORTSLG02;außerorts (ohne Autobahnen);...;Anzahl;VER001;Unfälle (polizeilich erfasste)
46241;Statistik der Straßenverkehrsunfälle;JAHR;Jahr;2026;MONAT;Monate;MONAT05;Mai;DINSG;Deutschland insgesamt;DG;Deutschland;VERUK1;Unfallkategorie;UNF-RAUSCH;Sonst. Unfälle unter dem Einfluss berausch. Mittel;VEROL1;Ortslage;ORTSLG01;innerorts;988;Anzahl;VER001;Unfälle (polizeilich erfasste)
46241;Statistik der Straßenverkehrsunfälle;JAHR;Jahr;2026;MONAT;Monate;MONAT08;August;DINSG;Deutschland insgesamt;DG;Deutschland;VERUK1;Unfallkategorie;UNF-SACH;Schwerwiegende Unfälle mit Sachschaden i.e.S;VEROL1;Ortslage;ORTSLG03;auf Autobahnen;...;Anzahl;VER001;Unfälle (polizeilich erfasste)
46241;Statistik der Straßenverkehrsunfälle;JAHR;Jahr;2025;MONAT;Monate;MONAT07;Juli;DINSG;Deutschland insgesamt;DG;Deutschland;VERUK1;Unfallkategorie;UNF-SACH;Schwerwiegende Unfälle mit Sachschaden i.e.S;VEROL1;Ortslage;ORTSLG03;auf Autobahnen;1119;Anzahl;VER001;Unfälle (polizeilich erfasste)
46241;Statistik der Straßenverkehrsunfälle;JAHR;Jahr;2026;MONAT;Monate;MONAT12;Dezember;DINSG;Deutschland insgesamt;DG;Deutschland;VERUK1;Unfallkategorie;UNF-RAUSCH;Sonst. Unfälle unter dem Einfluss berausch. Mittel;VEROL1;Ortslage;ORTSLG01;innerorts;...;Anzahl;VER001;Unfälle (polizeilich erfasste)
46241;Statistik der Straßenverkehrsunfälle;JAHR;Jahr;2025;MONAT;Monate;MONAT07;Juli;DINSG;Deutschland insgesamt;DG;Deutschland;VERUK1;Unfallkategorie;;Insgesamt;VEROL1;Ortslage;ORTSLG01;innerorts;162043;Anzahl;VER001;Unfälle (polizeilich erfasste)
46241;Statistik der Straßenverkehrsunfälle;JAHR;Jahr;2026;MONAT;Monate;MONAT02;Februar;DINSG;Deutschland insgesamt;DG;Deutschland;VERUK1;Unfallkategorie;UNF-SACH-UEBR;Übrige Sachschadensunfälle;VEROL1;Ortslage;;Insgesamt;163989;Anzahl;VER001;Unfälle (polizeilich erfasste)
46241;Statistik der Straßenverkehrsunfälle;JAHR;Jahr;2025;MONAT;Monate;MONAT05;Mai;DINSG;Deutschland insgesamt;DG;Deutschland;VERUK1;Unfallkategorie;;Insgesamt;VEROL1;Ortslage;ORTSLG01;innerorts;150254;Anzahl;VER001;Unfälle (polizeilich erfasste)
46241;Statistik der Straßenverkehrsunfälle;JAHR;Jahr;2025;MONAT;Monate;MONAT10;Oktober;DINSG;Deutschland insgesamt;DG;Deutschland;VERUK1;Unfallkategorie;UNF-SACH;Schwerwiegende Unfälle mit Sachschaden i.e.S;VEROL1;Ortslage;ORTSLG03;auf Autobahnen;958;Anzahl;VER001;Unfälle (polizeilich erfasste)
46241;Statistik der Straßenverkehrsunfälle;JAHR;Jahr;2025;MONAT;Monate;MONAT12;Dezember;DINSG;Deutschland insgesamt;DG;Deutschland;VERUK1;Unfallkategorie;UNF-RAUSCH;Sonst. Unfälle unter dem Einfluss berausch. Mittel;VEROL1;Ortslage;ORTSLG01;innerorts;992;Anzahl;VER001;Unfälle (polizeilich erfasste)
46241;Statistik der Straßenverkehrsunfälle;JAHR;Jahr;2025;MONAT;Monate;MONAT12;Dezember;DINSG;Deutschland insgesamt;DG;Deutschland;VERUK1;Unfallkategorie;UNF-SACH;Schwerwiegende Unfälle mit Sachschaden i.e.S;VEROL1;Ortslage;;Insgesamt;5831;Anzahl;VER001;Unfälle (polizeilich erfasste)
46241;Statistik der Straßenverkehrsunfälle;JAHR;Jahr;2026;MONAT;Monate;MONAT04;April;DINSG;Deutschland insgesamt;DG;Deutschland;VERUK1;Unfallkategorie;UNF-RAUSCH;Sonst. Unfälle unter dem Einfluss berausch. Mittel;VEROL1;Ortslage;ORTSLG01;innerorts;871;Anzahl;VER001;Unfälle (polizeilich erfasste)
46241;Statistik der Straßenverkehrsunfälle;JAHR;Jahr;2026;MONAT;Monate;MONAT11;November;DINSG;Deutschland insgesamt;DG;Deutschland;VERUK1;Unfallkategorie;;Insgesamt;VEROL1;Ortslage;ORTSLG02;außerorts (ohne Autobahnen);...;Anzahl;VER001;Unfälle (polizeilich erfasste)
46241;Statistik der Straßenverkehrsunfälle;JAHR;Jahr;2026;MONAT;Monate;MONAT06;Juni;DINSG;Deutschland insgesamt;DG;Deutschland;VERUK1;Unfallkategorie;;Insgesamt;VEROL1;Ortslage;;Insgesamt;218779;Anzahl;VER001;Unfälle (polizeilich erfasste)
46241;Statistik der Straßenverkehrsunfälle;JAHR;Jahr;2026;MONAT;Monate;MONAT11;November;DINSG;Deutschland insgesamt;DG;Deutschland;VERUK1;Unfallkategorie;UNF-SACH;Schwerwiegende Unfälle mit Sachschaden i.e.S;VEROL1;Ortslage;ORTSLG03;auf Autobahnen;...;Anzahl;VER001;Unfälle (polizeilich erfasste)
46241;Statistik der Straßenverkehrsunfälle;JAHR;Jahr;2025;MONAT;Monate;MONAT04;April;DINSG;Deutschland insgesamt;DG;Deutschland;VERUK1;Unfallkategorie;UNF-SACH;Schwerwiegende Unfälle mit Sachschaden i.e.S;VEROL1;Ortslage;ORTSLG02;außerorts (ohne Autobahnen);1209;Anzahl;VER001;Unfälle (polizeilich erfasste)
46241;Statistik der Straßenverkehrsunfälle;JAHR;Jahr;2025;MONAT;Monate;MONAT03;März;DINSG;Deutschland insgesamt;DG;Deutschland;VERUK1;Unfallkategorie;UNF-RAUSCH;Sonst. Unfälle unter dem Einfluss berausch. Mittel;VEROL1;Ortslage;;Insgesamt;1182;Anzahl;VER001;Unfälle (polizeilich erfasste)
46241;Statistik der Straßenverkehrsunfälle;JAHR;Jahr;2025;MONAT;Monate;MONAT10;Oktober;DINSG;Deutschland insgesamt;DG;Deutschland;VERUK1;Unfallkategorie;UNF-PERS;Unfälle mit Personenschaden;VEROL1;Ortslage;ORTSLG03;auf Autobahnen;1725;Anzahl;VER001;Unfälle (polizeilich erfasste)
46241;Statistik der Straßenverkehrsunfälle;JAHR;Jahr;2026;MONAT;Monate;MONAT03;März;DINSG;Deutschland insgesamt;DG;Deutschland;VERUK1;Unfallkategorie;UNF-SACH;Schwerwiegende Unfälle mit Sachschaden i.e.S;VEROL1;Ortslage;ORTSLG02;außerorts (ohne Autobahnen);1187;Anzahl;VER001;Unfälle (polizeilich erfasste)
46241;Statistik der Straßenverkehrsunfälle;JAHR;Jahr;2026;MONAT;Monate;MONAT08;August;DINSG;Deutschland insgesamt;DG;Deutschland;VERUK1;Unfallkategorie;UNF-PERS;Unfälle mit Personenschaden;VEROL1;Ortslage;ORTSLG02;außerorts (ohne Autobahnen);...;Anzahl;VER001;Unfälle (polizeilich erfasste)
46241;Statistik der Straßenverkehrsunfälle;JAHR;Jahr;2026;MONAT;Monate;MONAT05;Mai;DINSG;Deutschland insgesamt;DG;Deutschland;VERUK1;Unfallkategorie;UNF-PERS;Unfälle mit Personenschaden;VEROL1;Ortslage;ORTSLG02;außerorts (ohne Autobahnen);6772;Anzahl;VER001;Unfälle (polizeilich erfasste)
46241;Statistik der Straßenverkehrsunfälle;JAHR;Jahr;2026;MONAT;Monate;MONAT11;November;DINSG;Deutschland insgesamt;DG;Deutschland;VERUK1;Unfallkategorie;UNF-PERS;Unfälle mit Personenschaden;VEROL1;Ortslage;;Insgesamt;...;Anzahl;VER001;Unfälle (polizeilich erfasste)
46241;Statistik der Straßenverkehrsunfälle;JAHR;Jahr;2026;MONAT;Monate;MONAT10;Oktober;DINSG;Deutschland insgesamt;DG;Deutschland;VERUK1;Unfallkategorie;UNF-RAUSCH;Sonst. Unfälle unter dem Einfluss berausch. Mittel;VEROL1;Ortslage;;Insgesamt;...;Anzahl;VER001;Unfälle (polizeilich erfasste)
46241;Statistik der Straßenverkehrsunfälle;JAHR;Jahr;2025;MONAT;Monate;MONAT01;Januar;DINSG;Deutschland insgesamt;DG;Deutschland;VERUK1;Unfallkategorie;UNF-PERS;Unfälle mit Personenschaden;VEROL1;Ortslage;ORTSLG02;außerorts (ohne Autobahnen);4571;Anzahl;VER001;Unfälle (polizeilich erfasste)
46241;Statistik der Straßenverkehrsunfälle;JAHR;Jahr;2025;MONAT;Monate;MONAT11;November;DINSG;Deutschland insgesamt;DG;Deutschland;VERUK1;Unfallkategorie;UNF-RAUSCH;Sonst. Unfälle unter dem Einfluss berausch. Mittel;VEROL1;Ortslage;ORTSLG02;außerorts (ohne Autobahnen);221;Anzahl;VER001;Unfälle (polizeilich erfasste)
46241;Statistik der Straßenverkehrsunfälle;JAHR;Jahr;2026;MONAT;Monate;MONAT09;September;DINSG;Deutschland insgesamt;DG;Deutschland;VERUK1;Unfallkategorie;;Insgesamt;VEROL1;Ortslage;ORTSLG01;innerorts;...;Anzahl;VER001;Unfälle (polizeilich erfasste)
46241;Statistik der Straßenverkehrsunfälle;JAHR;Jahr;2026;MONAT;Monate;MONAT07;Juli;DINSG;Deutschland insgesamt;DG;Deutschland;VERUK1;Unfallkategorie;;Insgesamt;VEROL1;Ortslage;ORTSLG03;auf Autobahnen;...;Anzahl;VER001;Unfälle (polizeilich erfasste)
46241;Statistik der Straßenverkehrsunfälle;JAHR;Jahr;2025;MONAT;Monate;MONAT07;Juli;DINSG;Deutschland insgesamt;DG;Deutschland;VERUK1;Unfallkategorie;UNF-SACH;Schwerwiegende Unfälle mit Sachschaden i.e.S;VEROL1;Ortslage;ORTSLG02;außerorts (ohne Autobahnen);1253;Anzahl;VER001;Unfälle (polizeilich erfasste)
46241;Statistik der Straßenverkehrsunfälle;JAHR;Jahr;2026;MONAT;Monate;MONAT07;Juli;DINSG;Deutschland insgesamt;DG;Deutschland;VERUK1;Unfallkategorie;UNF-SACH;Schwerwiegende Unfälle mit Sachschaden i.e.S;VEROL1;Ortslage;;Insgesamt;...;Anzahl;VER001;Unfälle (polizeilich erfasste)
46241;Statistik der Straßenverkehrsunfälle;JAHR;Jahr;2025;MONAT;Monate;MONAT09;September;DINSG;Deutschland insgesamt;DG;Deutschland;VERUK1;Unfallkategorie;UNF-SACH;Schwerwiegende Unfälle mit Sachschaden i.e.S;VEROL1;Ortslage;ORTSLG02;außerorts (ohne Autobahnen);1445;Anzahl;VER001;Unfälle (polizeilich erfasste)
46241;Statistik der Straßenverkehrsunfälle;JAHR;Jahr;2026;MONAT;Monate;MONAT12;Dezember;DINSG;Deutschland insgesamt;DG;Deutschland;VERUK1;Unfallkategorie;UNF-RAUSCH;Sonst. Unfälle unter dem Einfluss berausch. Mittel;VEROL1;Ortslage;;Insgesamt;...;Anzahl;VER001;Unfälle (polizeilich erfasste)
46241;Statistik der Straßenverkehrsunfälle;JAHR;Jahr;2025;MONAT;Monate;MONAT10;Oktober;DINSG;Deutschland insgesamt;DG;Deutschland;VERUK1;Unfallkategorie;UNF-SACH;Schwerwiegende Unfälle mit Sachschaden i.e.S;VEROL1;Ortslage;ORTSLG02;außerorts (ohne Autobahnen);1594;Anzahl;VER001;Unfälle (polizeilich erfasste)
46241;Statistik der Straßenverkehrsunfälle;JAHR;Jahr;2026;MONAT;Monate;MONAT02;Februar;DINSG;Deutschland insgesamt;DG;Deutschland;VERUK1;Unfallkategorie;;Insgesamt;VEROL1;Ortslage;ORTSLG01;innerorts;135752;Anzahl;VER001;Unfälle (polizeilich erfasste)
46241;Statistik der Straßenverkehrsunfälle;JAHR;Jahr;2025;MONAT;Monate;MONAT12;Dezember;DINSG;Deutschland insgesamt;DG;Deutschland;VERUK1;Unfallkategorie;UNF-SACH;Schwerwiegende Unfälle mit Sachschaden i.e.S;VEROL1;Ortslage;ORTSLG02;außerorts (ohne Autobahnen);1606;Anzahl;VER001;Unfälle (polizeilich erfasste)
46241;Statistik der Straßenverkehrsunfälle;JAHR;Jahr;2026;MONAT;Monate;MONAT04;April;DINSG;Deutschland insgesamt;DG;Deutschland;VERUK1;Unfallkategorie;UNF-RAUSCH;Sonst. Unfälle unter dem Einfluss berausch. Mittel;VEROL1;Ortslage;ORTSLG02;außerorts (ohne Autobahnen);143;Anzahl;VER001;Unfälle (polizeilich erfasste)
46241;Statistik der Straßenverkehrsunfälle;JAHR;Jahr;2026;MONAT;Monate;MONAT02;Februar;DINSG;Deutschland insgesamt;DG;Deutschland;VERUK1;Unfallkategorie;UNF-RAUSCH;Sonst. Unfälle unter dem Einfluss berausch. Mittel;VEROL1;Ortslage;ORTSLG03;auf Autobahnen;58;Anzahl;VER001;Unfälle (polizeilich erfasste)
46241;Statistik der Straßenverkehrsunfälle;JAHR;Jahr;2025;MONAT;Monate;MONAT05;Mai;DINSG;Deutschland insgesamt;DG;Deutschland;VERUK1;Unfallkategorie;UNF-SACH-UEBR;Übrige Sachschadensunfälle;VEROL1;Ortslage;;Insgesamt;171915;Anzahl;VER001;Unfälle (polizeilich erfasste)
46241;Statistik der Straßenverkehrsunfälle;JAHR;Jahr;2025;MONAT;Monate;MONAT03;März;DINSG;Deutschland insgesamt;DG;Deutschland;VERUK1;Unfallkategorie;UNF-SACH-UEBR;Übrige Sachschadensunfälle;VEROL1;Ortslage;ORTSLG03;auf Autobahnen;10482;Anzahl;VER001;Unfälle (polizeilich erfasste)
46241;Statistik der Straßenverkehrsunfälle;JAHR;Jahr;2026;MONAT;Monate;MONAT11;November;DINSG;Deutschland insgesamt;DG;Deutschland;VERUK1;Unfallkategorie;UNF-SACH-UEBR;Übrige Sachschadensunfälle;VEROL1;Ortslage;;Insgesamt;...;Anzahl;VER001;Unfälle (polizeilich erfasste)
46241;Statistik der Straßenverkehrsunfälle;JAHR;Jahr;2026;MONAT;Monate;MONAT11;November;DINSG;Deutschland insgesamt;DG;Deutschland;VERUK1;Unfallkategorie;UNF-RAUSCH;Sonst. Unfälle unter dem Einfluss berausch. Mittel;VEROL1;Ortslage;ORTSLG01;innerorts;...;Anzahl;VER001;Unfälle (polizeilich erfasste)
46241;Statistik der Straßenverkehrsunfälle;JAHR;Jahr;2025;MONAT;Monate;MONAT01;Januar;DINSG;Deutschland insgesamt;DG;Deutschland;VERUK1;Unfallkategorie;UNF-SACH;Schwerwiegende Unfälle mit Sachschaden i.e.S;VEROL1;Ortslage;ORTSLG01;innerorts;3509;Anzahl;VER001;Unfälle (polizeilich erfasste)
46241;Statistik der Straßenverkehrsunfälle;JAHR;Jahr;2026;MONAT;Monate;MONAT09;September;DINSG;Deutschland insgesamt;DG;Deutschland;VERUK1;Unfallkategorie;UNF-RAUSCH;Sonst. Unfälle unter dem Einfluss berausch. Mittel;VEROL1;Ortslage;ORTSLG01;innerorts;...;Anzahl;VER001;Unfälle (polizeilich erfasste)
46241;Statistik der Straßenverkehrsunfälle;JAHR;Jahr;2026;MONAT;Monate;MONAT07;Juli;DINSG;Deutschland insgesamt;DG;Deutschland;VERUK1;Unfallkategorie;UNF-RAUSCH;Sonst. Unfälle unter dem Einfluss berausch. Mittel;VEROL1;Ortslage;ORTSLG02;außerorts (ohne Autobahnen);...;Anzahl;VER001;Unfälle (polizeilich erfasste)
46241;Statistik der Straßenverkehrsunfälle;JAHR;Jahr;2026;MONAT;Monate;MONAT08;August;DINSG;Deutschland insgesamt;DG;Deutschland;VERUK1;Unfallkategorie;UNF-PERS;Unfälle mit Personenschaden;VEROL1;Ortslage;ORTSLG01;innerorts;...;Anzahl;VER001;Unfälle (polizeilich erfasste)
46241;Statistik der Straßenverkehrsunfälle;JAHR;Jahr;2026;MONAT;Monate;MONAT06;Juni;DINSG;Deutschland insgesamt;DG;Deutschland;VERUK1;Unfallkategorie;;Insgesamt;VEROL1;Ortslage;ORTSLG01;innerorts;165100;Anzahl;VER001;Unfälle (polizeilich erfasste)
46241;Statistik der Straßenverkehrsunfälle;JAHR;Jahr;2025;MONAT;Monate;MONAT01;Januar;DINSG;Deutschland insgesamt;DG;Deutschland;VERUK1;Unfallkategorie;UNF-PERS;Unfälle mit Personenschaden;VEROL1;Ortslage;ORTSLG03;auf Autobahnen;1356;Anzahl;VER001;Unfälle (polizeilich erfasste)
46241;Statistik der Straßenverkehrsunfälle;JAHR;Jahr;2026;MONAT;Monate;MONAT11;November;DINSG;Deutschland insgesamt;DG;Deutschland;VERUK1;Unfallkategorie;UNF-PERS;Unfälle mit Personenschaden;VEROL1;Ortslage;ORTSLG01;innerorts;...;Anzahl;VER001;Unfälle (polizeilich erfasste)
46241;Statistik der Straßenverkehrsunfälle;JAHR;Jahr;2025;MONAT;Monate;MONAT11;November;DINSG;Deutschland insgesamt;DG;Deutschland;VERUK1;Unfallkategorie;UNF-RAUSCH;Sonst. Unfälle unter dem Einfluss berausch. Mittel;VEROL1;Ortslage;ORTSLG03;auf Autobahnen;95;Anzahl;VER001;Unfälle (polizeilich erfasste)
46241;Statistik der Straßenverkehrsunfälle;JAHR;Jahr;2026;MONAT;Monate;MONAT06;Juni;DINSG;Deutschland insgesamt;DG;Deutschland;VERUK1;Unfallkategorie;UNF-SACH-UEBR;Übrige Sachschadensunfälle;VEROL1;Ortslage;ORTSLG01;innerorts;139991;Anzahl;VER001;Unfälle (polizeilich erfasste)
46241;Statistik der Straßenverkehrsunfälle;JAHR;Jahr;2025;MONAT;Monate;MONAT05;Mai;DINSG;Deutschland insgesamt;DG;Deutschland;VERUK1;Unfallkategorie;UNF-PERS;Unfälle mit Personenschaden;VEROL1;Ortslage;;Insgesamt;28161;Anzahl;VER001;Unfälle (polizeilich erfasste)
46241;Statistik der Straßenverkehrsunfälle;JAHR;Jahr;2025;MONAT;Monate;MONAT05;Mai;DINSG;Deutschland insgesamt;DG;Deutschland;VERUK1;Unfallkategorie;UNF-SACH;Schwerwiegende Unfälle mit Sachschaden i.e.S;VEROL1;Ortslage;;Insgesamt;4700;Anzahl;VER001;Unfälle (polizeilich erfasste)
46241;Statistik der Straßenverkehrsunfälle;JAHR;Jahr;2025;MONAT;Monate;MONAT01;Januar;DINSG;Deutschland insgesamt;DG;Deutschland;VERUK1;Unfallkategorie;;Insgesamt;VEROL1;Ortslage;ORTSLG03;auf Autobahnen;12930;Anzahl;VER001;Unfälle (polizeilich erfasste)
46241;Statistik der Straßenverkehrsunfälle;JAHR;Jahr;2025;MONAT;Monate;MONAT04;April;DINSG;Deutschland insgesamt;DG;Deutschland;VERUK1;Unfallkategorie;UNF-SACH-UEBR;Übrige Sachschadensunfälle;VEROL1;Ortslage;ORTSLG03;auf Autobahnen;11881;Anzahl;VER001;Unfälle (polizeilich erfasste)
46241;Statistik der Straßenverkehrsunfälle;JAHR;Jahr;2025;MONAT;Monate;MONAT07;Juli;DINSG;Deutschland insgesamt;DG;Deutschland;VERUK1;Unfallkategorie;UNF-SACH;Schwerwiegende Unfälle mit Sachschaden i.e.S;VEROL1;Ortslage;ORTSLG01;innerorts;2806;Anzahl;VER001;Unfälle (polizeilich erfasste)
46241;Statistik der Straßenverkehrsunfälle;JAHR;Jahr;2025;MONAT;Monate;MONAT09;September;DINSG;Deutschland insgesamt;DG;Deutschland;VERUK1;Unfallkategorie;UNF-SACH;Schwerwiegende Unfälle mit Sachschaden i.e.S;VEROL1;Ortslage;ORTSLG01;innerorts;2872;Anzahl;VER001;Unfälle (polizeilich erfasste)
46241;Statistik der Straßenverkehrsunfälle;JAHR;Jahr;2025;MONAT;Monate;MONAT06;Juni;DINSG;Deutschland insgesamt;DG;Deutschland;VERUK1;Unfallkategorie;;Insgesamt;VEROL1;Ortslage;;Insgesamt;215223;Anzahl;VER001;Unfälle (polizeilich erfasste)
46241;Statistik der Straßenverkehrsunfälle;JAHR;Jahr;2026;MONAT;Monate;MONAT05;Mai;DINSG;Deutschland insgesamt;DG;Deutschland;VERUK1;Unfallkategorie;UNF-RAUSCH;Sonst. Unfälle unter dem Einfluss berausch. Mittel;VEROL1;Ortslage;;Insgesamt;1226;Anzahl;VER001;Unfälle (polizeilich erfasste)
46241;Statistik der Straßenverkehrsunfälle;JAHR;Jahr;2025;MONAT;Monate;MONAT05;Mai;DINSG;Deutschland insgesamt;DG;Deutschland;VERUK1;Unfallkategorie;;Insgesamt;VEROL1;Ortslage;ORTSLG03;auf Autobahnen;12009;Anzahl;VER001;Unfälle (polizeilich erfasste)
46241;Statistik der Straßenverkehrsunfälle;JAHR;Jahr;2025;MONAT;Monate;MONAT10;Oktober;DINSG;Deutschland insgesamt;DG;Deutschland;VERUK1;Unfallkategorie;UNF-SACH;Schwerwiegende Unfälle mit Sachschaden i.e.S;VEROL1;Ortslage;ORTSLG01;innerorts;3215;Anzahl;VER001;Unfälle (polizeilich erfasste)
46241;Statistik der Straßenverkehrsunfälle;JAHR;Jahr;2025;MONAT;Monate;MONAT01;Januar;DINSG;Deutschland insgesamt;DG;Deutschland;VERUK1;Unfallkategorie;UNF-SACH;Schwerwiegende Unfälle mit Sachschaden i.e.S;VEROL1;Ortslage;;Insgesamt;6376;Anzahl;VER001;Unfälle (polizeilich erfasste)
46241;Statistik der Straßenverkehrsunfälle;JAHR;Jahr;2025;MONAT;Monate;MONAT01;Januar;DINSG;Deutschland insgesamt;DG;Deutschland;VERUK1;Unfallkategorie;UNF-PERS;Unfälle mit Personenschaden;VEROL1;Ortslage;;Insgesamt;18918;Anzahl;VER001;Unfälle (polizeilich erfasste)
46241;Statistik der Straßenverkehrsunfälle;JAHR;Jahr;2025;MONAT;Monate;MONAT04;April;DINSG;Deutschland insgesamt;DG;Deutschland;VERUK1;Unfallkategorie;UNF-SACH-UEBR;Übrige Sachschadensunfälle;VEROL1;Ortslage;;Insgesamt;185726;Anzahl;VER001;Unfälle (polizeilich erfasste)
46241;Statistik der Straßenverkehrsunfälle;JAHR;Jahr;2026;MONAT;Monate;MONAT02;Februar;DINSG;Deutschland insgesamt;DG;Deutschland;VERUK1;Unfallkategorie;;Insgesamt;VEROL1;Ortslage;ORTSLG02;außerorts (ohne Autobahnen);38035;Anzahl;VER001;Unfälle (polizeilich erfasste)
46241;Statistik der Straßenverkehrsunfälle;JAHR;Jahr;2025;MONAT;Monate;MONAT12;Dezember;DINSG;Deutschland insgesamt;DG;Deutschland;VERUK1;Unfallkategorie;UNF-SACH;Schwerwiegende Unfälle mit Sachschaden i.e.S;VEROL1;Ortslage;ORTSLG01;innerorts;3439;Anzahl;VER001;Unfälle (polizeilich erfasste)
46241;Statistik der Straßenverkehrsunfälle;JAHR;Jahr;2025;MONAT;Monate;MONAT01;Januar;DINSG;Deutschland insgesamt;DG;Deutschland;VERUK1;Unfallkategorie;;Insgesamt;VEROL1;Ortslage;;Insgesamt;201246;Anzahl;VER001;Unfälle (polizeilich erfasste)
46241;Statistik der Straßenverkehrsunfälle;JAHR;Jahr;2025;MONAT;Monate;MONAT04;April;DINSG;Deutschland insgesamt;DG;Deutschland;VERUK1;Unfallkategorie;UNF-SACH-UEBR;Übrige Sachschadensunfälle;VEROL1;Ortslage;ORTSLG02;außerorts (ohne Autobahnen);37017;Anzahl;VER001;Unfälle (polizeilich erfasste)
46241;Statistik der Straßenverkehrsunfälle;JAHR;Jahr;2026;MONAT;Monate;MONAT04;April;DINSG;Deutschland insgesamt;DG;Deutschland;VERUK1;Unfallkategorie;UNF-RAUSCH;Sonst. Unfälle unter dem Einfluss berausch. Mittel;VEROL1;Ortslage;ORTSLG03;auf Autobahnen;63;Anzahl;VER001;Unfälle (polizeilich erfasste)
46241;Statistik der Straßenverkehrsunfälle;JAHR;Jahr;2026;MONAT;Monate;MONAT02;Februar;DINSG;Deutschland insgesamt;DG;Deutschland;VERUK1;Unfallkategorie;UNF-RAUSCH;Sonst. Unfälle unter dem Einfluss berausch. Mittel;VEROL1;Ortslage;ORTSLG02;außerorts (ohne Autobahnen);130;Anzahl;VER001;Unfälle (polizeilich erfasste)
46241;Statistik der Straßenverkehrsunfälle;JAHR;Jahr;2026;MONAT;Monate;MONAT12;Dezember;DINSG;Deutschland insgesamt;DG;Deutschland;VERUK1;Unfallkategorie;UNF-SACH-UEBR;Übrige Sachschadensunfälle;VEROL1;Ortslage;;Insgesamt;...;Anzahl;VER001;Unfälle (polizeilich erfasste)
46241;Statistik der Straßenverkehrsunfälle;JAHR;Jahr;2026;MONAT;Monate;MONAT11;November;DINSG;Deutschland insgesamt;DG;Deutschland;VERUK1;Unfallkategorie;UNF-RAUSCH;Sonst. Unfälle unter dem Einfluss berausch. Mittel;VEROL1;Ortslage;ORTSLG02;außerorts (ohne Autobahnen);...;Anzahl;VER001;Unfälle (polizeilich erfasste)
46241;Statistik der Straßenverkehrsunfälle;JAHR;Jahr;2026;MONAT;Monate;MONAT06;Juni;DINSG;Deutschland insgesamt;DG;Deutschland;VERUK1;Unfallkategorie;;Insgesamt;VEROL1;Ortslage;ORTSLG02;außerorts (ohne Autobahnen);39903;Anzahl;VER001;Unfälle (polizeilich erfasste)
46241;Statistik der Straßenverkehrsunfälle;JAHR;Jahr;2026;MONAT;Monate;MONAT07;Juli;DINSG;Deutschland insgesamt;DG;Deutschland;VERUK1;Unfallkategorie;UNF-RAUSCH;Sonst. Unfälle unter dem Einfluss berausch. Mittel;VEROL1;Ortslage;ORTSLG01;innerorts;...;Anzahl;VER001;Unfälle (polizeilich erfasste)
46241;Statistik der Straßenverkehrsunfälle;JAHR;Jahr;2026;MONAT;Monate;MONAT02;Februar;DINSG;Deutschland insgesamt;DG;Deutschland;VERUK1;Unfallkategorie;UNF-PERS;Unfälle mit Personenschaden;VEROL1;Ortslage;;Insgesamt;16048;Anzahl;VER001;Unfälle (polizeilich erfasste)
46241;Statistik der Straßenverkehrsunfälle;JAHR;Jahr;2026;MONAT;Monate;MONAT09;September;DINSG;Deutschland insgesamt;DG;Deutschland;VERUK1;Unfallkategorie;UNF-RAUSCH;Sonst. Unfälle unter dem Einfluss berausch. Mittel;VEROL1;Ortslage;ORTSLG02;außerorts (ohne Autobahnen);...;Anzahl;VER001;Unfälle (polizeilich erfasste)
46241;Statistik der Straßenverkehrsunfälle;JAHR;Jahr;2025;MONAT;Monate;MONAT05;Mai;DINSG;Deutschland insgesamt;DG;Deutschland;VERUK1;Unfallkategorie;UNF-RAUSCH;Sonst. Unfälle unter dem Einfluss berausch. Mittel;VEROL1;Ortslage;;Insgesamt;1193;Anzahl;VER001;Unfälle (polizeilich erfasste)
46241;Statistik der Straßenverkehrsunfälle;JAHR;Jahr;2026;MONAT;Monate;MONAT06;Juni;DINSG;Deutschland insgesamt;DG;Deutschland;VERUK1;Unfallkategorie;UNF-SACH-UEBR;Übrige Sachschadensunfälle;VEROL1;Ortslage;ORTSLG02;außerorts (ohne Autobahnen);32508;Anzahl;VER001;Unfälle (polizeilich erfasste)
46241;Statistik der Straßenverkehrsunfälle;JAHR;Jahr;2025;MONAT;Monate;MONAT02;Februar;DINSG;Deutschland insgesamt;DG;Deutschland;VERUK1;Unfallkategorie;UNF-SACH-UEBR;Übrige Sachschadensunfälle;VEROL1;Ortslage;ORTSLG01;innerorts;116539;Anzahl;VER001;Unfälle (polizeilich erfasste)
46241;Statistik der Straßenverkehrsunfälle;JAHR;Jahr;2025;MONAT;Monate;MONAT12;Dezember;DINSG;Deutschland insgesamt;DG;Deutschland;VERUK1;Unfallkategorie;UNF-RAUSCH;Sonst. Unfälle unter dem Einfluss berausch. Mittel;VEROL1;Ortslage;;Insgesamt;1277;Anzahl;VER001;Unfälle (polizeilich erfasste)
46241;Statistik der Straßenverkehrsunfälle;JAHR;Jahr;2026;MONAT;Monate;MONAT10;Oktober;DINSG;Deutschland insgesamt;DG;Deutschland;VERUK1;Unfallkategorie;UNF-SACH-UEBR;Übrige Sachschadensunfälle;VEROL1;Ortslage;ORTSLG02;außerorts (ohne Autobahnen);...;Anzahl;VER001;Unfälle (polizeilich erfasste)
46241;Statistik der Straßenverkehrsunfälle;JAHR;Jahr;2026;MONAT;Monate;MONAT09;September;DINSG;Deutschland insgesamt;DG;Deutschland;VERUK1;Unfallkategorie;UNF-SACH-UEBR;Übrige Sachschadensunfälle;VEROL1;Ortslage;ORTSLG03;auf Autobahnen;...;Anzahl;VER001;Unfälle (polizeilich erfasste)
46241;Statistik der Straßenverkehrsunfälle;JAHR;Jahr;2025;MONAT;Monate;MONAT03;März;DINSG;Deutschland insgesamt;DG;Deutschland;VERUK1;Unfallkategorie;UNF-SACH-UEBR;Übrige Sachschadensunfälle;VEROL1;Ortslage;ORTSLG01;innerorts;137566;Anzahl;VER001;Unfälle (polizeilich erfasste)
46241;Statistik der Straßenverkehrsunfälle;JAHR;Jahr;2025;MONAT;Monate;MONAT01;Januar;DINSG;Deutschland insgesamt;DG;Deutschland;VERUK1;Unfallkategorie;UNF-SACH-UEBR;Übrige Sachschadensunfälle;VEROL1;Ortslage;ORTSLG01;innerorts;130704;Anzahl;VER001;Unfälle (polizeilich erfasste)
46241;Statistik der Straßenverkehrsunfälle;JAHR;Jahr;2026;MONAT;Monate;MONAT12;Dezember;DINSG;Deutschland insgesamt;DG;Deutschland;VERUK1;Unfallkategorie;UNF-SACH-UEBR;Übrige Sachschadensunfälle;VEROL1;Ortslage;ORTSLG03;auf Autobahnen;...;Anzahl;VER001;Unfälle (polizeilich erfasste)
46241;Statistik der Straßenverkehrsunfälle;JAHR;Jahr;2025;MONAT;Monate;MONAT03;März;DINSG;Deutschland insgesamt;DG;Deutschland;VERUK1;Unfallkategorie;UNF-RAUSCH;Sonst. Unfälle unter dem Einfluss berausch. Mittel;VEROL1;Ortslage;ORTSLG02;außerorts (ohne Autobahnen);166;Anzahl;VER001;Unfälle (polizeilich erfasste)
46241;Statistik der Straßenverkehrsunfälle;JAHR;Jahr;2026;MONAT;Monate;MONAT07;Juli;DINSG;Deutschland insgesamt;DG;Deutschland;VERUK1;Unfallkategorie;UNF-SACH-UEBR;Übrige Sachschadensunfälle;VEROL1;Ortslage;ORTSLG02;außerorts (ohne Autobahnen);...;Anzahl;VER001;Unfälle (polizeilich erfasste)
46241;Statistik der Straßenverkehrsunfälle;JAHR;Jahr;2025;MONAT;Monate;MONAT08;August;DINSG;Deutschland insgesamt;DG;Deutschland;VERUK1;Unfallkategorie;;Insgesamt;VEROL1;Ortslage;ORTSLG02;außerorts (ohne Autobahnen);39929;Anzahl;VER001;Unfälle (polizeilich erfasste)
46241;Statistik der Straßenverkehrsunfälle;JAHR;Jahr;2025;MONAT;Monate;MONAT04;April;DINSG;Deutschland insgesamt;DG;Deutschland;VERUK1;Unfallkategorie;UNF-SACH-UEBR;Übrige Sachschadensunfälle;VEROL1;Ortslage;ORTSLG01;innerorts;136828;Anzahl;VER001;Unfälle (polizeilich erfasste)
46241;Statistik der Straßenverkehrsunfälle;JAHR;Jahr;2026;MONAT;Monate;MONAT08;August;DINSG;Deutschland insgesamt;DG;Deutschland;VERUK1;Unfallkategorie;UNF-SACH-UEBR;Übrige Sachschadensunfälle;VEROL1;Ortslage;ORTSLG03;auf Autobahnen;...;Anzahl;VER001;Unfälle (polizeilich erfasste)
46241;Statistik der Straßenverkehrsunfälle;JAHR;Jahr;2026;MONAT;Monate;MONAT04;April;DINSG;Deutschland insgesamt;DG;Deutschland;VERUK1;Unfallkategorie;;Insgesamt;VEROL1;Ortslage;;Insgesamt;213571;Anzahl;VER001;Unfälle (polizeilich erfasste)
46241;Statistik der Straßenverkehrsunfälle;JAHR;Jahr;2025;MONAT;Monate;MONAT06;Juni;DINSG;Deutschland insgesamt;DG;Deutschland;VERUK1;Unfallkategorie;UNF-RAUSCH;Sonst. Unfälle unter dem Einfluss berausch. Mittel;VEROL1;Ortslage;;Insgesamt;1243;Anzahl;VER001;Unfälle (polizeilich erfasste)
46241;Statistik der Straßenverkehrsunfälle;JAHR;Jahr;2026;MONAT;Monate;MONAT05;Mai;DINSG;Deutschland insgesamt;DG;Deutschland;VERUK1;Unfallkategorie;;Insgesamt;VEROL1;Ortslage;ORTSLG03;auf Autobahnen;14378;Anzahl;VER001;Unfälle (polizeilich erfasste)
46241;Statistik der Straßenverkehrsunfälle;JAHR;Jahr;2026;MONAT;Monate;MONAT11;November;DINSG;Deutschland insgesamt;DG;Deutschland;VERUK1;Unfallkategorie;UNF-SACH-UEBR;Übrige Sachschadensunfälle;VEROL1;Ortslage;ORTSLG03;auf Autobahnen;...;Anzahl;VER001;Unfälle (polizeilich erfasste)
46241;Statistik der Straßenverkehrsunfälle;JAHR;Jahr;2025;MONAT;Monate;MONAT10;Oktober;DINSG;Deutschland insgesamt;DG;Deutschland;VERUK1;Unfallkategorie;;Insgesamt;VEROL1;Ortslage;ORTSLG01;innerorts;163957;Anzahl;VER001;Unfälle (polizeilich erfasste)
46241;Statistik der Straßenverkehrsunfälle;JAHR;Jahr;2026;MONAT;Monate;MONAT08;August;DINSG;Deutschland insgesamt;DG;Deutschland;VERUK1;Unfallkategorie;UNF-RAUSCH;Sonst. Unfälle unter dem Einfluss berausch. Mittel;VEROL1;Ortslage;;Insgesamt;...;Anzahl;VER001;Unfälle (polizeilich erfasste)
46241;Statistik der Straßenverkehrsunfälle;JAHR;Jahr;2026;MONAT;Monate;MONAT06;Juni;DINSG;Deutschland insgesamt;DG;Deutschland;VERUK1;Unfallkategorie;;Insgesamt;VEROL1;Ortslage;ORTSLG03;auf Autobahnen;13776;Anzahl;VER001;Unfälle (polizeilich erfasste)
46241;Statistik der Straßenverkehrsunfälle;JAHR;Jahr;2026;MONAT;Monate;MONAT03;März;DINSG;Deutschland insgesamt;DG;Deutschland;VERUK1;Unfallkategorie;UNF-PERS;Unfälle mit Personenschaden;VEROL1;Ortslage;ORTSLG01;innerorts;16076;Anzahl;VER001;Unfälle (polizeilich erfasste)
46241;Statistik der Straßenverkehrsunfälle;JAHR;Jahr;2026;MONAT;Monate;MONAT02;Februar;DINSG;Deutschland insgesamt;DG;Deutschland;VERUK1;Unfallkategorie;UNF-PERS;Unfälle mit Personenschaden;VEROL1;Ortslage;ORTSLG03;auf Autobahnen;1302;Anzahl;VER001;Unfälle (polizeilich erfasste)
46241;Statistik der Straßenverkehrsunfälle;JAHR;Jahr;2026;MONAT;Monate;MONAT06;Juni;DINSG;Deutschland insgesamt;DG;Deutschland;VERUK1;Unfallkategorie;UNF-PERS;Unfälle mit Personenschaden;VEROL1;Ortslage;ORTSLG03;auf Autobahnen;1478;Anzahl;VER001;Unfälle (polizeilich erfasste)
46241;Statistik der Straßenverkehrsunfälle;JAHR;Jahr;2025;MONAT;Monate;MONAT02;Februar;DINSG;Deutschland insgesamt;DG;Deutschland;VERUK1;Unfallkategorie;UNF-RAUSCH;Sonst. Unfälle unter dem Einfluss berausch. Mittel;VEROL1;Ortslage;ORTSLG02;außerorts (ohne Autobahnen);166;Anzahl;VER001;Unfälle (polizeilich erfasste)
46241;Statistik der Straßenverkehrsunfälle;JAHR;Jahr;2026;MONAT;Monate;MONAT07;Juli;DINSG;Deutschland insgesamt;DG;Deutschland;VERUK1;Unfallkategorie;UNF-PERS;Unfälle mit Personenschaden;VEROL1;Ortslage;ORTSLG01;innerorts;...;Anzahl;VER001;Unfälle (polizeilich erfasste)
46241;Statistik der Straßenverkehrsunfälle;JAHR;Jahr;2026;MONAT;Monate;MONAT12;Dezember;DINSG;Deutschland insgesamt;DG;Deutschland;VERUK1;Unfallkategorie;UNF-PERS;Unfälle mit Personenschaden;VEROL1;Ortslage;ORTSLG03;auf Autobahnen;...;Anzahl;VER001;Unfälle (polizeilich erfasste)
46241;Statistik der Straßenverkehrsunfälle;JAHR;Jahr;2026;MONAT;Monate;MONAT07;Juli;DINSG;Deutschland insgesamt;DG;Deutschland;VERUK1;Unfallkategorie;UNF-RAUSCH;Sonst. Unfälle unter dem Einfluss berausch. Mittel;VEROL1;Ortslage;;Insgesamt;...;Anzahl;VER001;Unfälle (polizeilich erfasste)
46241;Statistik der Straßenverkehrsunfälle;JAHR;Jahr;2026;MONAT;Monate;MONAT06;Juni;DINSG;Deutschland insgesamt;DG;Deutschland;VERUK1;Unfallkategorie;UNF-SACH-UEBR;Übrige Sachschadensunfälle;VEROL1;Ortslage;ORTSLG03;auf Autobahnen;11490;Anzahl;VER001;Unfälle (polizeilich erfasste)
46241;Statistik der Straßenverkehrsunfälle;JAHR;Jahr;2026;MONAT;Monate;MONAT09;September;DINSG;Deutschland insgesamt;DG;Deutschland;VERUK1;Unfallkategorie;UNF-SACH-UEBR;Übrige Sachschadensunfälle;VEROL1;Ortslage;ORTSLG02;außerorts (ohne Autobahnen);...;Anzahl;VER001;Unfälle (polizeilich erfasste)
46241;Statistik der Straßenverkehrsunfälle;JAHR;Jahr;2026;MONAT;Monate;MONAT10;Oktober;DINSG;Deutschland insgesamt;DG;Deutschland;VERUK1;Unfallkategorie;UNF-SACH-UEBR;Übrige Sachschadensunfälle;VEROL1;Ortslage;ORTSLG01;innerorts;...;Anzahl;VER001;Unfälle (polizeilich erfasste)
46241;Statistik der Straßenverkehrsunfälle;JAHR;Jahr;2026;MONAT;Monate;MONAT02;Februar;DINSG;Deutschland insgesamt;DG;Deutschland;VERUK1;Unfallkategorie;UNF-PERS;Unfälle mit Personenschaden;VEROL1;Ortslage;ORTSLG01;innerorts;10763;Anzahl;VER001;Unfälle (polizeilich erfasste)
46241;Statistik der Straßenverkehrsunfälle;JAHR;Jahr;2026;MONAT;Monate;MONAT03;März;DINSG;Deutschland insgesamt;DG;Deutschland;VERUK1;Unfallkategorie;;Insgesamt;VEROL1;Ortslage;;Insgesamt;210915;Anzahl;VER001;Unfälle (polizeilich erfasste)
46241;Statistik der Straßenverkehrsunfälle;JAHR;Jahr;2025;MONAT;Monate;MONAT06;Juni;DINSG;Deutschland insgesamt;DG;Deutschland;VERUK1;Unfallkategorie;UNF-SACH-UEBR;Übrige Sachschadensunfälle;VEROL1;Ortslage;;Insgesamt;179064;Anzahl;VER001;Unfälle (polizeilich erfasste)
46241;Statistik der Straßenverkehrsunfälle;JAHR;Jahr;2026;MONAT;Monate;MONAT06;Juni;DINSG;Deutschland insgesamt;DG;Deutschland;VERUK1;Unfallkategorie;UNF-RAUSCH;Sonst. Unfälle unter dem Einfluss berausch. Mittel;VEROL1;Ortslage;ORTSLG03;auf Autobahnen;62;Anzahl;VER001;Unfälle (polizeilich erfasste)
46241;Statistik der Straßenverkehrsunfälle;JAHR;Jahr;2026;MONAT;Monate;MONAT12;Dezember;DINSG;Deutschland insgesamt;DG;Deutschland;VERUK1;Unfallkategorie;UNF-SACH-UEBR;Übrige Sachschadensunfälle;VEROL1;Ortslage;ORTSLG02;außerorts (ohne Autobahnen);...;Anzahl;VER001;Unfälle (polizeilich erfasste)
46241;Statistik der Straßenverkehrsunfälle;JAHR;Jahr;2026;MONAT;Monate;MONAT07;Juli;DINSG;Deutschland insgesamt;DG;Deutschland;VERUK1;Unfallkategorie;UNF-SACH-UEBR;Übrige Sachschadensunfälle;VEROL1;Ortslage;ORTSLG01;innerorts;...;Anzahl;VER001;Unfälle (polizeilich erfasste)
46241;Statistik der Straßenverkehrsunfälle;JAHR;Jahr;2025;MONAT;Monate;MONAT03;März;DINSG;Deutschland insgesamt;DG;Deutschland;VERUK1;Unfallkategorie;UNF-RAUSCH;Sonst. Unfälle unter dem Einfluss berausch. Mittel;VEROL1;Ortslage;ORTSLG01;innerorts;949;Anzahl;VER001;Unfälle (polizeilich erfasste)
46241;Statistik der Straßenverkehrsunfälle;JAHR;Jahr;2026;MONAT;Monate;MONAT10;Oktober;DINSG;Deutschland insgesamt;DG;Deutschland;VERUK1;Unfallkategorie;UNF-SACH-UEBR;Übrige Sachschadensunfälle;VEROL1;Ortslage;;Insgesamt;...;Anzahl;VER001;Unfälle (polizeilich erfasste)
46241;Statistik der Straßenverkehrsunfälle;JAHR;Jahr;2025;MONAT;Monate;MONAT07;Juli;DINSG;Deutschland insgesamt;DG;Deutschland;VERUK1;Unfallkategorie;UNF-RAUSCH;Sonst. Unfälle unter dem Einfluss berausch. Mittel;VEROL1;Ortslage;;Insgesamt;1265;Anzahl;VER001;Unfälle (polizeilich erfasste)
46241;Statistik der Straßenverkehrsunfälle;JAHR;Jahr;2025;MONAT;Monate;MONAT02;Februar;DINSG;Deutschland insgesamt;DG;Deutschland;VERUK1;Unfallkategorie;UNF-SACH;Schwerwiegende Unfälle mit Sachschaden i.e.S;VEROL1;Ortslage;;Insgesamt;4908;Anzahl;VER001;Unfälle (polizeilich erfasste)
46241;Statistik der Straßenverkehrsunfälle;JAHR;Jahr;2026;MONAT;Monate;MONAT07;Juli;DINSG;Deutschland insgesamt;DG;Deutschland;VERUK1;Unfallkategorie;UNF-PERS;Unfälle mit Personenschaden;VEROL1;Ortslage;;Insgesamt;...;Anzahl;VER001;Unfälle (polizeilich erfasste)
46241;Statistik der Straßenverkehrsunfälle;JAHR;Jahr;2025;MONAT;Monate;MONAT09;September;DINSG;Deutschland insgesamt;DG;Deutschland;VERUK1;Unfallkategorie;UNF-RAUSCH;Sonst. Unfälle unter dem Einfluss berausch. Mittel;VEROL1;Ortslage;ORTSLG01;innerorts;977;Anzahl;VER001;Unfälle (polizeilich erfasste)
46241;Statistik der Straßenverkehrsunfälle;JAHR;Jahr;2025;MONAT;Monate;MONAT03;März;DINSG;Deutschland insgesamt;DG;Deutschland;VERUK1;Unfallkategorie;UNF-SACH-UEBR;Übrige Sachschadensunfälle;VEROL1;Ortslage;ORTSLG02;außerorts (ohne Autobahnen);30973;Anzahl;VER001;Unfälle (polizeilich erfasste)
46241;Statistik der Straßenverkehrsunfälle;JAHR;Jahr;2025;MONAT;Monate;MONAT08;August;DINSG;Deutschland insgesamt;DG;Deutschland;VERUK1;Unfallkategorie;;Insgesamt;VEROL1;Ortslage;ORTSLG03;auf Autobahnen;13933;Anzahl;VER001;Unfälle (polizeilich erfasste)
46241;Statistik der Straßenverkehrsunfälle;JAHR;Jahr;2025;MONAT;Monate;MONAT10;Oktober;DINSG;Deutschland insgesamt;DG;Deutschland;VERUK1;Unfallkategorie;;Insgesamt;VEROL1;Ortslage;ORTSLG02;außerorts (ohne Autobahnen);44333;Anzahl;VER001;Unfälle (polizeilich erfasste)
46241;Statistik der Straßenverkehrsunfälle;JAHR;Jahr;2026;MONAT;Monate;MONAT05;Mai;DINSG;Deutschland insgesamt;DG;Deutschland;VERUK1;Unfallkategorie;;Insgesamt;VEROL1;Ortslage;ORTSLG02;außerorts (ohne Autobahnen);45456;Anzahl;VER001;Unfälle (polizeilich erfasste)
46241;Statistik der Straßenverkehrsunfälle;JAHR;Jahr;2026;MONAT;Monate;MONAT03;März;DINSG;Deutschland insgesamt;DG;Deutschland;VERUK1;Unfallkategorie;UNF-PERS;Unfälle mit Personenschaden;VEROL1;Ortslage;ORTSLG02;außerorts (ohne Autobahnen);4745;Anzahl;VER001;Unfälle (polizeilich erfasste)
46241;Statistik der Straßenverkehrsunfälle;JAHR;Jahr;2026;MONAT;Monate;MONAT02;Februar;DINSG;Deutschland insgesamt;DG;Deutschland;VERUK1;Unfallkategorie;UNF-PERS;Unfälle mit Personenschaden;VEROL1;Ortslage;ORTSLG02;außerorts (ohne Autobahnen);3983;Anzahl;VER001;Unfälle (polizeilich erfasste)
46241;Statistik der Straßenverkehrsunfälle;JAHR;Jahr;2026;MONAT;Monate;MONAT07;Juli;DINSG;Deutschland insgesamt;DG;Deutschland;VERUK1;Unfallkategorie;UNF-RAUSCH;Sonst. Unfälle unter dem Einfluss berausch. Mittel;VEROL1;Ortslage;ORTSLG03;auf Autobahnen;...;Anzahl;VER001;Unfälle (polizeilich erfasste)
46241;Statistik der Straßenverkehrsunfälle;JAHR;Jahr;2026;MONAT;Monate;MONAT06;Juni;DINSG;Deutschland insgesamt;DG;Deutschland;VERUK1;Unfallkategorie;UNF-PERS;Unfälle mit Personenschaden;VEROL1;Ortslage;ORTSLG02;außerorts (ohne Autobahnen);6162;Anzahl;VER001;Unfälle (polizeilich erfasste)
46241;Statistik der Straßenverkehrsunfälle;JAHR;Jahr;2026;MONAT;Monate;MONAT07;Juli;DINSG;Deutschland insgesamt;DG;Deutschland;VERUK1;Unfallkategorie;UNF-PERS;Unfälle mit Personenschaden;VEROL1;Ortslage;ORTSLG02;außerorts (ohne Autobahnen);...;Anzahl;VER001;Unfälle (polizeilich erfasste)
46241;Statistik der Straßenverkehrsunfälle;JAHR;Jahr;2025;MONAT;Monate;MONAT02;Februar;DINSG;Deutschland insgesamt;DG;Deutschland;VERUK1;Unfallkategorie;UNF-RAUSCH;Sonst. Unfälle unter dem Einfluss berausch. Mittel;VEROL1;Ortslage;ORTSLG01;innerorts;802;Anzahl;VER001;Unfälle (polizeilich erfasste)
46241;Statistik der Straßenverkehrsunfälle;JAHR;Jahr;2025;MONAT;Monate;MONAT02;Februar;DINSG;Deutschland insgesamt;DG;Deutschland;VERUK1;Unfallkategorie;UNF-SACH-UEBR;Übrige Sachschadensunfälle;VEROL1;Ortslage;ORTSLG03;auf Autobahnen;8823;Anzahl;VER001;Unfälle (polizeilich erfasste)
46241;Statistik der Straßenverkehrsunfälle;JAHR;Jahr;2026;MONAT;Monate;MONAT09;September;DINSG;Deutschland insgesamt;DG;Deutschland;VERUK1;Unfallkategorie;UNF-SACH-UEBR;Übrige Sachschadensunfälle;VEROL1;Ortslage;ORTSLG01;innerorts;...;Anzahl;VER001;Unfälle (polizeilich erfasste)
46241;Statistik der Straßenverkehrsunfälle;JAHR;Jahr;2025;MONAT;Monate;MONAT06;Juni;DINSG;Deutschland insgesamt;DG;Deutschland;VERUK1;Unfallkategorie;UNF-RAUSCH;Sonst. Unfälle unter dem Einfluss berausch. Mittel;VEROL1;Ortslage;ORTSLG03;auf Autobahnen;85;Anzahl;VER001;Unfälle (polizeilich erfasste)
46241;Statistik der Straßenverkehrsunfälle;JAHR;Jahr;2026;MONAT;Monate;MONAT03;März;DINSG;Deutschland insgesamt;DG;Deutschland;VERUK1;Unfallkategorie;UNF-RAUSCH;Sonst. Unfälle unter dem Einfluss berausch. Mittel;VEROL1;Ortslage;ORTSLG03;auf Autobahnen;68;Anzahl;VER001;Unfälle (polizeilich erfasste)
46241;Statistik der Straßenverkehrsunfälle;JAHR;Jahr;2026;MONAT;Monate;MONAT01;Januar;DINSG;Deutschland insgesamt;DG;Deutschland;VERUK1;Unfallkategorie;UNF-PERS;Unfälle mit Personenschaden;VEROL1;Ortslage;ORTSLG02;außerorts (ohne Autobahnen);4562;Anzahl;VER001;Unfälle (polizeilich erfasste)
46241;Statistik der Straßenverkehrsunfälle;JAHR;Jahr;2026;MONAT;Monate;MONAT10;Oktober;DINSG;Deutschland insgesamt;DG;Deutschland;VERUK1;Unfallkategorie;UNF-RAUSCH;Sonst. Unfälle unter dem Einfluss berausch. Mittel;VEROL1;Ortslage;ORTSLG01;innerorts;...;Anzahl;VER001;Unfälle (polizeilich erfasste)
46241;Statistik der Straßenverkehrsunfälle;JAHR;Jahr;2025;MONAT;Monate;MONAT01;Januar;DINSG;Deutschland insgesamt;DG;Deutschland;VERUK1;Unfallkategorie;UNF-SACH-UEBR;Übrige Sachschadensunfälle;VEROL1;Ortslage;ORTSLG03;auf Autobahnen;10480;Anzahl;VER001;Unfälle (polizeilich erfasste)
46241;Statistik der Straßenverkehrsunfälle;JAHR;Jahr;2025;MONAT;Monate;MONAT07;Juli;DINSG;Deutschland insgesamt;DG;Deutschland;VERUK1;Unfallkategorie;;Insgesamt;VEROL1;Ortslage;ORTSLG02;außerorts (ohne Autobahnen);43267;Anzahl;VER001;Unfälle (polizeilich erfasste)
46241;Statistik der Straßenverkehrsunfälle;JAHR;Jahr;2026;MONAT;Monate;MONAT01;Januar;DINSG;Deutschland insgesamt;DG;Deutschland;VERUK1;Unfallkategorie;UNF-SACH-UEBR;Übrige Sachschadensunfälle;VEROL1;Ortslage;;Insgesamt;180945;Anzahl;VER001;Unfälle (polizeilich erfasste)
46241;Statistik der Straßenverkehrsunfälle;JAHR;Jahr;2026;MONAT;Monate;MONAT06;Juni;DINSG;Deutschland insgesamt;DG;Deutschland;VERUK1;Unfallkategorie;UNF-RAUSCH;Sonst. Unfälle unter dem Einfluss berausch. Mittel;VEROL1;Ortslage;ORTSLG02;außerorts (ohne Autobahnen);155;Anzahl;VER001;Unfälle (polizeilich erfasste)
46241;Statistik der Straßenverkehrsunfälle;JAHR;Jahr;2026;MONAT;Monate;MONAT12;Dezember;DINSG;Deutschland insgesamt;DG;Deutschland;VERUK1;Unfallkategorie;UNF-SACH-UEBR;Übrige Sachschadensunfälle;VEROL1;Ortslage;ORTSLG01;innerorts;...;Anzahl;VER001;Unfälle (polizeilich erfasste)
46241;Statistik der Straßenverkehrsunfälle;JAHR;Jahr;2025;MONAT;Monate;MONAT02;Februar;DINSG;Deutschland insgesamt;DG;Deutschland;VERUK1;Unfallkategorie;UNF-PERS;Unfälle mit Personenschaden;VEROL1;Ortslage;;Insgesamt;15967;Anzahl;VER001;Unfälle (polizeilich erfasste)
46241;Statistik der Straßenverkehrsunfälle;JAHR;Jahr;2025;MONAT;Monate;MONAT08;August;DINSG;Deutschland insgesamt;DG;Deutschland;VERUK1;Unfallkategorie;;Insgesamt;VEROL1;Ortslage;;Insgesamt;199835;Anzahl;VER001;Unfälle (polizeilich erfasste)
46241;Statistik der Straßenverkehrsunfälle;JAHR;Jahr;2025;MONAT;Monate;MONAT10;Oktober;DINSG;Deutschland insgesamt;DG;Deutschland;VERUK1;Unfallkategorie;UNF-RAUSCH;Sonst. Unfälle unter dem Einfluss berausch. Mittel;VEROL1;Ortslage;ORTSLG03;auf Autobahnen;77;Anzahl;VER001;Unfälle (polizeilich erfasste)
46241;Statistik der Straßenverkehrsunfälle;JAHR;Jahr;2026;MONAT;Monate;MONAT06;Juni;DINSG;Deutschland insgesamt;DG;Deutschland;VERUK1;Unfallkategorie;UNF-RAUSCH;Sonst. Unfälle unter dem Einfluss berausch. Mittel;VEROL1;Ortslage;ORTSLG01;innerorts;807;Anzahl;VER001;Unfälle (polizeilich erfasste)
46241;Statistik der Straßenverkehrsunfälle;JAHR;Jahr;2026;MONAT;Monate;MONAT08;August;DINSG;Deutschland insgesamt;DG;Deutschland;VERUK1;Unfallkategorie;UNF-SACH-UEBR;Übrige Sachschadensunfälle;VEROL1;Ortslage;ORTSLG01;innerorts;...;Anzahl;VER001;Unfälle (polizeilich erfasste)
46241;Statistik der Straßenverkehrsunfälle;JAHR;Jahr;2025;MONAT;Monate;MONAT10;Oktober;DINSG;Deutschland insgesamt;DG;Deutschland;VERUK1;Unfallkategorie;;Insgesamt;VEROL1;Ortslage;ORTSLG03;auf Autobahnen;15423;Anzahl;VER001;Unfälle (polizeilich erfasste)
46241;Statistik der Straßenverkehrsunfälle;JAHR;Jahr;2026;MONAT;Monate;MONAT11;November;DINSG;Deutschland insgesamt;DG;Deutschland;VERUK1;Unfallkategorie;UNF-SACH-UEBR;Übrige Sachschadensunfälle;VEROL1;Ortslage;ORTSLG01;innerorts;...;Anzahl;VER001;Unfälle (polizeilich erfasste)
46241;Statistik der Straßenverkehrsunfälle;JAHR;Jahr;2026;MONAT;Monate;MONAT01;Januar;DINSG;Deutschland insgesamt;DG;Deutschland;VERUK1;Unfallkategorie;UNF-PERS;Unfälle mit Personenschaden;VEROL1;Ortslage;ORTSLG03;auf Autobahnen;1461;Anzahl;VER001;Unfälle (polizeilich erfasste)
46241;Statistik der Straßenverkehrsunfälle;JAHR;Jahr;2026;MONAT;Monate;MONAT09;September;DINSG;Deutschland insgesamt;DG;Deutschland;VERUK1;Unfallkategorie;UNF-PERS;Unfälle mit Personenschaden;VEROL1;Ortslage;ORTSLG03;auf Autobahnen;...;Anzahl;VER001;Unfälle (polizeilich erfasste)
46241;Statistik der Straßenverkehrsunfälle;JAHR;Jahr;2026;MONAT;Monate;MONAT03;März;DINSG;Deutschland insgesamt;DG;Deutschland;VERUK1;Unfallkategorie;UNF-PERS;Unfälle mit Personenschaden;VEROL1;Ortslage;ORTSLG03;auf Autobahnen;1379;Anzahl;VER001;Unfälle (polizeilich erfasste)
46241;Statistik der Straßenverkehrsunfälle;JAHR;Jahr;2025;MONAT;Monate;MONAT06;Juni;DINSG;Deutschland insgesamt;DG;Deutschland;VERUK1;Unfallkategorie;UNF-RAUSCH;Sonst. Unfälle unter dem Einfluss berausch. Mittel;VEROL1;Ortslage;ORTSLG02;außerorts (ohne Autobahnen);150;Anzahl;VER001;Unfälle (polizeilich erfasste)
46241;Statistik der Straßenverkehrsunfälle;JAHR;Jahr;2026;MONAT;Monate;MONAT04;April;DINSG;Deutschland insgesamt;DG;Deutschland;VERUK1;Unfallkategorie;;Insgesamt;VEROL1;Ortslage;ORTSLG03;auf Autobahnen;13236;Anzahl;VER001;Unfälle (polizeilich erfasste)
46241;Statistik der Straßenverkehrsunfälle;JAHR;Jahr;2026;MONAT;Monate;MONAT05;Mai;DINSG;Deutschland insgesamt;DG;Deutschland;VERUK1;Unfallkategorie;UNF-PERS;Unfälle mit Personenschaden;VEROL1;Ortslage;ORTSLG03;auf Autobahnen;1521;Anzahl;VER001;Unfälle (polizeilich erfasste)
46241;Statistik der Straßenverkehrsunfälle;JAHR;Jahr;2026;MONAT;Monate;MONAT07;Juli;DINSG;Deutschland insgesamt;DG;Deutschland;VERUK1;Unfallkategorie;UNF-PERS;Unfälle mit Personenschaden;VEROL1;Ortslage;ORTSLG03;auf Autobahnen;...;Anzahl;VER001;Unfälle (polizeilich erfasste)
46241;Statistik der Straßenverkehrsunfälle;JAHR;Jahr;2025;MONAT;Monate;MONAT09;September;DINSG;Deutschland insgesamt;DG;Deutschland;VERUK1;Unfallkategorie;UNF-SACH-UEBR;Übrige Sachschadensunfälle;VEROL1;Ortslage;;Insgesamt;182523;Anzahl;VER001;Unfälle (polizeilich erfasste)
46241;Statistik der Straßenverkehrsunfälle;JAHR;Jahr;2025;MONAT;Monate;MONAT08;August;DINSG;Deutschland insgesamt;DG;Deutschland;VERUK1;Unfallkategorie;UNF-SACH-UEBR;Übrige Sachschadensunfälle;VEROL1;Ortslage;;Insgesamt;165182;Anzahl;VER001;Unfälle (polizeilich erfasste)
46241;Statistik der Straßenverkehrsunfälle;JAHR;Jahr;2025;MONAT;Monate;MONAT10;Oktober;DINSG;Deutschland insgesamt;DG;Deutschland;VERUK1;Unfallkategorie;;Insgesamt;VEROL1;Ortslage;;Insgesamt;223713;Anzahl;VER001;Unfälle (polizeilich erfasste)
46241;Statistik der Straßenverkehrsunfälle;JAHR;Jahr;2026;MONAT;Monate;MONAT10;Oktober;DINSG;Deutschland insgesamt;DG;Deutschland;VERUK1;Unfallkategorie;UNF-SACH-UEBR;Übrige Sachschadensunfälle;VEROL1;Ortslage;ORTSLG03;auf Autobahnen;...;Anzahl;VER001;Unfälle (polizeilich erfasste)
46241;Statistik der Straßenverkehrsunfälle;JAHR;Jahr;2025;MONAT;Monate;MONAT02;Februar;DINSG;Deutschland insgesamt;DG;Deutschland;VERUK1;Unfallkategorie;UNF-SACH-UEBR;Übrige Sachschadensunfälle;VEROL1;Ortslage;ORTSLG02;außerorts (ohne Autobahnen);27092;Anzahl;VER001;Unfälle (polizeilich erfasste)
46241;Statistik der Straßenverkehrsunfälle;JAHR;Jahr;2026;MONAT;Monate;MONAT03;März;DINSG;Deutschland insgesamt;DG;Deutschland;VERUK1;Unfallkategorie;UNF-RAUSCH;Sonst. Unfälle unter dem Einfluss berausch. Mittel;VEROL1;Ortslage;ORTSLG02;außerorts (ohne Autobahnen);165;Anzahl;VER001;Unfälle (polizeilich erfasste)
46241;Statistik der Straßenverkehrsunfälle;JAHR;Jahr;2025;MONAT;Monate;MONAT09;September;DINSG;Deutschland insgesamt;DG;Deutschland;VERUK1;Unfallkategorie;UNF-RAUSCH;Sonst. Unfälle unter dem Einfluss berausch. Mittel;VEROL1;Ortslage;;Insgesamt;1232;Anzahl;VER001;Unfälle (polizeilich erfasste)
46241;Statistik der Straßenverkehrsunfälle;JAHR;Jahr;2026;MONAT;Monate;MONAT10;Oktober;DINSG;Deutschland insgesamt;DG;Deutschland;VERUK1;Unfallkategorie;UNF-RAUSCH;Sonst. Unfälle unter dem Einfluss berausch. Mittel;VEROL1;Ortslage;ORTSLG02;außerorts (ohne Autobahnen);...;Anzahl;VER001;Unfälle (polizeilich erfasste)
46241;Statistik der Straßenverkehrsunfälle;JAHR;Jahr;2026;MONAT;Monate;MONAT08;August;DINSG;Deutschland insgesamt;DG;Deutschland;VERUK1;Unfallkategorie;UNF-SACH;Schwerwiegende Unfälle mit Sachschaden i.e.S;VEROL1;Ortslage;;Insgesamt;...;Anzahl;VER001;Unfälle (polizeilich erfasste)
46241;Statistik der Straßenverkehrsunfälle;JAHR;Jahr;2026;MONAT;Monate;MONAT08;August;DINSG;Deutschland insgesamt;DG;Deutschland;VERUK1;Unfallkategorie;UNF-PERS;Unfälle mit Personenschaden;VEROL1;Ortslage;;Insgesamt;...;Anzahl;VER001;Unfälle (polizeilich erfasste)
46241;Statistik der Straßenverkehrsunfälle;JAHR;Jahr;2025;MONAT;Monate;MONAT01;Januar;DINSG;Deutschland insgesamt;DG;Deutschland;VERUK1;Unfallkategorie;UNF-SACH-UEBR;Übrige Sachschadensunfälle;VEROL1;Ortslage;ORTSLG02;außerorts (ohne Autobahnen);33675;Anzahl;VER001;Unfälle (polizeilich erfasste)
46241;Statistik der Straßenverkehrsunfälle;JAHR;Jahr;2025;MONAT;Monate;MONAT07;Juli;DINSG;Deutschland insgesamt;DG;Deutschland;VERUK1;Unfallkategorie;;Insgesamt;VEROL1;Ortslage;ORTSLG03;auf Autobahnen;15302;Anzahl;VER001;Unfälle (polizeilich erfasste)
46241;Statistik der Straßenverkehrsunfälle;JAHR;Jahr;2025;MONAT;Monate;MONAT08;August;DINSG;Deutschland insgesamt;DG;Deutschland;VERUK1;Unfallkategorie;UNF-RAUSCH;Sonst. Unfälle unter dem Einfluss berausch. Mittel;VEROL1;Ortslage;;Insgesamt;1292;Anzahl;VER001;Unfälle (polizeilich erfasste)
46241;Statistik der Straßenverkehrsunfälle;JAHR;Jahr;2026;MONAT;Monate;MONAT07;Juli;DINSG;Deutschland insgesamt;DG;Deutschland;VERUK1;Unfallkategorie;UNF-SACH-UEBR;Übrige Sachschadensunfälle;VEROL1;Ortslage;ORTSLG03;auf Autobahnen;...;Anzahl;VER001;Unfälle (polizeilich erfasste)
46241;Statistik der Straßenverkehrsunfälle;JAHR;Jahr;2025;MONAT;Monate;MONAT03;März;DINSG;Deutschland insgesamt;DG;Deutschland;VERUK1;Unfallkategorie;UNF-PERS;Unfälle mit Personenschaden;VEROL1;Ortslage;;Insgesamt;22070;Anzahl;VER001;Unfälle (polizeilich erfasste)
46241;Statistik der Straßenverkehrsunfälle;JAHR;Jahr;2025;MONAT;Monate;MONAT03;März;DINSG;Deutschland insgesamt;DG;Deutschland;VERUK1;Unfallkategorie;UNF-RAUSCH;Sonst. Unfälle unter dem Einfluss berausch. Mittel;VEROL1;Ortslage;ORTSLG03;auf Autobahnen;67;Anzahl;VER001;Unfälle (polizeilich erfasste)
46241;Statistik der Straßenverkehrsunfälle;JAHR;Jahr;2025;MONAT;Monate;MONAT10;Oktober;DINSG;Deutschland insgesamt;DG;Deutschland;VERUK1;Unfallkategorie;UNF-RAUSCH;Sonst. Unfälle unter dem Einfluss berausch. Mittel;VEROL1;Ortslage;ORTSLG02;außerorts (ohne Autobahnen);180;Anzahl;VER001;Unfälle (polizeilich erfasste)
46241;Statistik der Straßenverkehrsunfälle;JAHR;Jahr;2025;MONAT;Monate;MONAT03;März;DINSG;Deutschland insgesamt;DG;Deutschland;VERUK1;Unfallkategorie;UNF-SACH;Schwerwiegende Unfälle mit Sachschaden i.e.S;VEROL1;Ortslage;;Insgesamt;4788;Anzahl;VER001;Unfälle (polizeilich erfasste)
46241;Statistik der Straßenverkehrsunfälle;JAHR;Jahr;2026;MONAT;Monate;MONAT08;August;DINSG;Deutschland insgesamt;DG;Deutschland;VERUK1;Unfallkategorie;UNF-SACH-UEBR;Übrige Sachschadensunfälle;VEROL1;Ortslage;ORTSLG02;außerorts (ohne Autobahnen);...;Anzahl;VER001;Unfälle (polizeilich erfasste)
46241;Statistik der Straßenverkehrsunfälle;JAHR;Jahr;2026;MONAT;Monate;MONAT09;September;DINSG;Deutschland insgesamt;DG;Deutschland;VERUK1;Unfallkategorie;UNF-RAUSCH;Sonst. Unfälle unter dem Einfluss berausch. Mittel;VEROL1;Ortslage;;Insgesamt;...;Anzahl;VER001;Unfälle (polizeilich erfasste)
46241;Statistik der Straßenverkehrsunfälle;JAHR;Jahr;2026;MONAT;Monate;MONAT02;Februar;DINSG;Deutschland insgesamt;DG;Deutschland;VERUK1;Unfallkategorie;;Insgesamt;VEROL1;Ortslage;;Insgesamt;186468;Anzahl;VER001;Unfälle (polizeilich erfasste)
46241;Statistik der Straßenverkehrsunfälle;JAHR;Jahr;2026;MONAT;Monate;MONAT11;November;DINSG;Deutschland insgesamt;DG;Deutschland;VERUK1;Unfallkategorie;UNF-SACH-UEBR;Übrige Sachschadensunfälle;VEROL1;Ortslage;ORTSLG02;außerorts (ohne Autobahnen);...;Anzahl;VER001;Unfälle (polizeilich erfasste)
46241;Statistik der Straßenverkehrsunfälle;JAHR;Jahr;2025;MONAT;Monate;MONAT06;Juni;DINSG;Deutschland insgesamt;DG;Deutschland;VERUK1;Unfallkategorie;UNF-RAUSCH;Sonst. Unfälle unter dem Einfluss berausch. Mittel;VEROL1;Ortslage;ORTSLG01;innerorts;1008;Anzahl;VER001;Unfälle (polizeilich erfasste)
46241;Statistik der Straßenverkehrsunfälle;JAHR;Jahr;2026;MONAT;Monate;MONAT04;April;DINSG;Deutschland insgesamt;DG;Deutschland;VERUK1;Unfallkategorie;;Insgesamt;VEROL1;Ortslage;ORTSLG02;außerorts (ohne Autobahnen);44486;Anzahl;VER001;Unfälle (polizeilich erfasste)
46241;Statistik der Straßenverkehrsunfälle;JAHR;Jahr;2026;MONAT;Monate;MONAT10;Oktober;DINSG;Deutschland insgesamt;DG;Deutschland;VERUK1;Unfallkategorie;UNF-PERS;Unfälle mit Personenschaden;VEROL1;Ortslage;;Insgesamt;...;Anzahl;VER001;Unfälle (polizeilich erfasste)
46241;Statistik der Straßenverkehrsunfälle;JAHR;Jahr;2025;MONAT;Monate;MONAT09;September;DINSG;Deutschland insgesamt;DG;Deutschland;VERUK1;Unfallkategorie;;Insgesamt;VEROL1;Ortslage;;Insgesamt;217153;Anzahl;VER001;Unfälle (polizeilich erfasste)
46241;Statistik der Straßenverkehrsunfälle;JAHR;Jahr;2025;MONAT;Monate;MONAT08;August;DINSG;Deutschland insgesamt;DG;Deutschland;VERUK1;Unfallkategorie;UNF-PERS;Unfälle mit Personenschaden;VEROL1;Ortslage;ORTSLG02;außerorts (ohne Autobahnen);7279;Anzahl;VER001;Unfälle (polizeilich erfasste)
46241;Statistik der Straßenverkehrsunfälle;JAHR;Jahr;2025;MONAT;Monate;MONAT04;April;DINSG;Deutschland insgesamt;DG;Deutschland;VERUK1;Unfallkategorie;;Insgesamt;VEROL1;Ortslage;ORTSLG03;auf Autobahnen;14228;Anzahl;VER001;Unfälle (polizeilich erfasste)
46241;Statistik der Straßenverkehrsunfälle;JAHR;Jahr;2026;MONAT;Monate;MONAT10;Oktober;DINSG;Deutschland insgesamt;DG;Deutschland;VERUK1;Unfallkategorie;UNF-SACH;Schwerwiegende Unfälle mit Sachschaden i.e.S;VEROL1;Ortslage;;Insgesamt;...;Anzahl;VER001;Unfälle (polizeilich erfasste)
46241;Statistik der Straßenverkehrsunfälle;JAHR;Jahr;2025;MONAT;Monate;MONAT07;Juli;DINSG;Deutschland insgesamt;DG;Deutschland;VERUK1;Unfallkategorie;UNF-SACH-UEBR;Übrige Sachschadensunfälle;VEROL1;Ortslage;;Insgesamt;184379;Anzahl;VER001;Unfälle (polizeilich erfasste)
46241;Statistik der Straßenverkehrsunfälle;JAHR;Jahr;2025;MONAT;Monate;MONAT04;April;DINSG;Deutschland insgesamt;DG;Deutschland;VERUK1;Unfallkategorie;UNF-SACH;Schwerwiegende Unfälle mit Sachschaden i.e.S;VEROL1;Ortslage;;Insgesamt;4662;Anzahl;VER001;Unfälle (polizeilich erfasste)
46241;Statistik der Straßenverkehrsunfälle;JAHR;Jahr;2025;MONAT;Monate;MONAT04;April;DINSG;Deutschland insgesamt;DG;Deutschland;VERUK1;Unfallkategorie;UNF-PERS;Unfälle mit Personenschaden;VEROL1;Ortslage;;Insgesamt;25382;Anzahl;VER001;Unfälle (polizeilich erfasste)
46241;Statistik der Straßenverkehrsunfälle;JAHR;Jahr;2026;MONAT;Monate;MONAT11;November;DINSG;Deutschland insgesamt;DG;Deutschland;VERUK1;Unfallkategorie;UNF-RAUSCH;Sonst. Unfälle unter dem Einfluss berausch. Mittel;VEROL1;Ortslage;;Insgesamt;...;Anzahl;VER001;Unfälle (polizeilich erfasste)
46241;Statistik der Straßenverkehrsunfälle;JAHR;Jahr;2025;MONAT;Monate;MONAT06;Juni;DINSG;Deutschland insgesamt;DG;Deutschland;VERUK1;Unfallkategorie;;Insgesamt;VEROL1;Ortslage;ORTSLG01;innerorts;160604;Anzahl;VER001;Unfälle (polizeilich erfasste)
46241;Statistik der Straßenverkehrsunfälle;JAHR;Jahr;2025;MONAT;Monate;MONAT08;August;DINSG;Deutschland insgesamt;DG;Deutschland;VERUK1;Unfallkategorie;UNF-SACH;Schwerwiegende Unfälle mit Sachschaden i.e.S;VEROL1;Ortslage;ORTSLG02;außerorts (ohne Autobahnen);1119;Anzahl;VER001;Unfälle (polizeilich erfasste)
46241;Statistik der Straßenverkehrsunfälle;JAHR;Jahr;2025;MONAT;Monate;MONAT02;Februar;DINSG;Deutschland insgesamt;DG;Deutschland;VERUK1;Unfallkategorie;UNF-SACH-UEBR;Übrige Sachschadensunfälle;VEROL1;Ortslage;;Insgesamt;152454;Anzahl;VER001;Unfälle (polizeilich erfasste)
46241;Statistik der Straßenverkehrsunfälle;JAHR;Jahr;2025;MONAT;Monate;MONAT11;November;DINSG;Deutschland insgesamt;DG;Deutschland;VERUK1;Unfallkategorie;UNF-SACH;Schwerwiegende Unfälle mit Sachschaden i.e.S;VEROL1;Ortslage;ORTSLG02;außerorts (ohne Autobahnen);1702;Anzahl;VER001;Unfälle (polizeilich erfasste)
46241;Statistik der Straßenverkehrsunfälle;JAHR;Jahr;2026;MONAT;Monate;MONAT03;März;DINSG;Deutschland insgesamt;DG;Deutschland;VERUK1;Unfallkategorie;;Insgesamt;VEROL1;Ortslage;ORTSLG01;innerorts;160281;Anzahl;VER001;Unfälle (polizeilich erfasste)
46241;Statistik der Straßenverkehrsunfälle;JAHR;Jahr;2026;MONAT;Monate;MONAT12;Dezember;DINSG;Deutschland insgesamt;DG;Deutschland;VERUK1;Unfallkategorie;;Insgesamt;VEROL1;Ortslage;ORTSLG01;innerorts;...;Anzahl;VER001;Unfälle (polizeilich erfasste)
46241;Statistik der Straßenverkehrsunfälle;JAHR;Jahr;2026;MONAT;Monate;MONAT04;April;DINSG;Deutschland insgesamt;DG;Deutschland;VERUK1;Unfallkategorie;UNF-SACH-UEBR;Übrige Sachschadensunfälle;VEROL1;Ortslage;;Insgesamt;183131;Anzahl;VER001;Unfälle (polizeilich erfasste)
46241;Statistik der Straßenverkehrsunfälle;JAHR;Jahr;2025;MONAT;Monate;MONAT12;Dezember;DINSG;Deutschland insgesamt;DG;Deutschland;VERUK1;Unfallkategorie;UNF-SACH-UEBR;Übrige Sachschadensunfälle;VEROL1;Ortslage;;Insgesamt;180140;Anzahl;VER001;Unfälle (polizeilich erfasste)
46241;Statistik der Straßenverkehrsunfälle;JAHR;Jahr;2026;MONAT;Monate;MONAT01;Januar;DINSG;Deutschland insgesamt;DG;Deutschland;VERUK1;Unfallkategorie;;Insgesamt;VEROL1;Ortslage;ORTSLG03;auf Autobahnen;14433;Anzahl;VER001;Unfälle (polizeilich erfasste)
46241;Statistik der Straßenverkehrsunfälle;JAHR;Jahr;2025;MONAT;Monate;MONAT03;März;DINSG;Deutschland insgesamt;DG;Deutschland;VERUK1;Unfallkategorie;UNF-SACH;Schwerwiegende Unfälle mit Sachschaden i.e.S;VEROL1;Ortslage;ORTSLG03;auf Autobahnen;601;Anzahl;VER001;Unfälle (polizeilich erfasste)
46241;Statistik der Straßenverkehrsunfälle;JAHR;Jahr;2026;MONAT;Monate;MONAT10;Oktober;DINSG;Deutschland insgesamt;DG;Deutschland;VERUK1;Unfallkategorie;;Insgesamt;VEROL1;Ortslage;ORTSLG03;auf Autobahnen;...;Anzahl;VER001;Unfälle (polizeilich erfasste)
46241;Statistik der Straßenverkehrsunfälle;JAHR;Jahr;2026;MONAT;Monate;MONAT01;Januar;DINSG;Deutschland insgesamt;DG;Deutschland;VERUK1;Unfallkategorie;UNF-RAUSCH;Sonst. Unfälle unter dem Einfluss berausch. Mittel;VEROL1;Ortslage;;Insgesamt;917;Anzahl;VER001;Unfälle (polizeilich erfasste)
46241;Statistik der Straßenverkehrsunfälle;JAHR;Jahr;2025;MONAT;Monate;MONAT11;November;DINSG;Deutschland insgesamt;DG;Deutschland;VERUK1;Unfallkategorie;UNF-PERS;Unfälle mit Personenschaden;VEROL1;Ortslage;ORTSLG02;außerorts (ohne Autobahnen);5189;Anzahl;VER001;Unfälle (polizeilich erfasste)
46241;Statistik der Straßenverkehrsunfälle;JAHR;Jahr;2026;MONAT;Monate;MONAT04;April;DINSG;Deutschland insgesamt;DG;Deutschland;VERUK1;Unfallkategorie;UNF-PERS;Unfälle mit Personenschaden;VEROL1;Ortslage;ORTSLG03;auf Autobahnen;1305;Anzahl;VER001;Unfälle (polizeilich erfasste)
46241;Statistik der Straßenverkehrsunfälle;JAHR;Jahr;2026;MONAT;Monate;MONAT04;April;DINSG;Deutschland insgesamt;DG;Deutschland;VERUK1;Unfallkategorie;UNF-SACH;Schwerwiegende Unfälle mit Sachschaden i.e.S;VEROL1;Ortslage;ORTSLG01;innerorts;2707;Anzahl;VER001;Unfälle (polizeilich erfasste)
46241;Statistik der Straßenverkehrsunfälle;JAHR;Jahr;2026;MONAT;Monate;MONAT09;September;DINSG;Deutschland insgesamt;DG;Deutschland;VERUK1;Unfallkategorie;UNF-PERS;Unfälle mit Personenschaden;VEROL1;Ortslage;ORTSLG01;innerorts;...;Anzahl;VER001;Unfälle (polizeilich erfasste)
46241;Statistik der Straßenverkehrsunfälle;JAHR;Jahr;2025;MONAT;Monate;MONAT04;April;DINSG;Deutschland insgesamt;DG;Deutschland;VERUK1;Unfallkategorie;UNF-RAUSCH;Sonst. Unfälle unter dem Einfluss berausch. Mittel;VEROL1;Ortslage;;Insgesamt;1160;Anzahl;VER001;Unfälle (polizeilich erfasste)
46241;Statistik der Straßenverkehrsunfälle;JAHR;Jahr;2025;MONAT;Monate;MONAT07;Juli;DINSG;Deutschland insgesamt;DG;Deutschland;VERUK1;Unfallkategorie;;Insgesamt;VEROL1;Ortslage;;Insgesamt;220612;Anzahl;VER001;Unfälle (polizeilich erfasste)
46241;Statistik der Straßenverkehrsunfälle;JAHR;Jahr;2025;MONAT;Monate;MONAT08;August;DINSG;Deutschland insgesamt;DG;Deutschland;VERUK1;Unfallkategorie;UNF-PERS;Unfälle mit Personenschaden;VEROL1;Ortslage;ORTSLG03;auf Autobahnen;1712;Anzahl;VER001;Unfälle (polizeilich erfasste)
46241;Statistik der Straßenverkehrsunfälle;JAHR;Jahr;2026;MONAT;Monate;MONAT10;Oktober;DINSG;Deutschland insgesamt;DG;Deutschland;VERUK1;Unfallkategorie;UNF-PERS;Unfälle mit Personenschaden;VEROL1;Ortslage;ORTSLG03;auf Autobahnen;...;Anzahl;VER001;Unfälle (polizeilich erfasste)
46241;Statistik der Straßenverkehrsunfälle;JAHR;Jahr;2025;MONAT;Monate;MONAT04;April;DINSG;Deutschland insgesamt;DG;Deutschland;VERUK1;Unfallkategorie;;Insgesamt;VEROL1;Ortslage;ORTSLG02;außerorts (ohne Autobahnen);44223;Anzahl;VER001;Unfälle (polizeilich erfasste)
46241;Statistik der Straßenverkehrsunfälle;JAHR;Jahr;2026;MONAT;Monate;MONAT01;Januar;DINSG;Deutschland insgesamt;DG;Deutschland;VERUK1;Unfallkategorie;UNF-SACH;Schwerwiegende Unfälle mit Sachschaden i.e.S;VEROL1;Ortslage;;Insgesamt;7430;Anzahl;VER001;Unfälle (polizeilich erfasste)
46241;Statistik der Straßenverkehrsunfälle;JAHR;Jahr;2026;MONAT;Monate;MONAT04;April;DINSG;Deutschland insgesamt;DG;Deutschland;VERUK1;Unfallkategorie;UNF-SACH;Schwerwiegende Unfälle mit Sachschaden i.e.S;VEROL1;Ortslage;ORTSLG03;auf Autobahnen;580;Anzahl;VER001;Unfälle (polizeilich erfasste)
46241;Statistik der Straßenverkehrsunfälle;JAHR;Jahr;2026;MONAT;Monate;MONAT01;Januar;DINSG;Deutschland insgesamt;DG;Deutschland;VERUK1;Unfallkategorie;UNF-PERS;Unfälle mit Personenschaden;VEROL1;Ortslage;ORTSLG01;innerorts;10712;Anzahl;VER001;Unfälle (polizeilich erfasste)
46241;Statistik der Straßenverkehrsunfälle;JAHR;Jahr;2026;MONAT;Monate;MONAT07;Juli;DINSG;Deutschland insgesamt;DG;Deutschland;VERUK1;Unfallkategorie;UNF-SACH;Schwerwiegende Unfälle mit Sachschaden i.e.S;VEROL1;Ortslage;ORTSLG03;auf Autobahnen;...;Anzahl;VER001;Unfälle (polizeilich erfasste)
46241;Statistik der Straßenverkehrsunfälle;JAHR;Jahr;2025;MONAT;Monate;MONAT06;Juni;DINSG;Deutschland insgesamt;DG;Deutschland;VERUK1;Unfallkategorie;;Insgesamt;VEROL1;Ortslage;ORTSLG02;außerorts (ohne Autobahnen);40480;Anzahl;VER001;Unfälle (polizeilich erfasste)
46241;Statistik der Straßenverkehrsunfälle;JAHR;Jahr;2025;MONAT;Monate;MONAT02;Februar;DINSG;Deutschland insgesamt;DG;Deutschland;VERUK1;Unfallkategorie;;Insgesamt;VEROL1;Ortslage;;Insgesamt;174362;Anzahl;VER001;Unfälle (polizeilich erfasste)
46241;Statistik der Straßenverkehrsunfälle;JAHR;Jahr;2025;MONAT;Monate;MONAT08;August;DINSG;Deutschland insgesamt;DG;Deutschland;VERUK1;Unfallkategorie;UNF-SACH;Schwerwiegende Unfälle mit Sachschaden i.e.S;VEROL1;Ortslage;ORTSLG03;auf Autobahnen;799;Anzahl;VER001;Unfälle (polizeilich erfasste)
46241;Statistik der Straßenverkehrsunfälle;JAHR;Jahr;2025;MONAT;Monate;MONAT11;November;DINSG;Deutschland insgesamt;DG;Deutschland;VERUK1;Unfallkategorie;UNF-SACH;Schwerwiegende Unfälle mit Sachschaden i.e.S;VEROL1;Ortslage;ORTSLG03;auf Autobahnen;893;Anzahl;VER001;Unfälle (polizeilich erfasste)
46241;Statistik der Straßenverkehrsunfälle;JAHR;Jahr;2025;MONAT;Monate;MONAT11;November;DINSG;Deutschland insgesamt;DG;Deutschland;VERUK1;Unfallkategorie;;Insgesamt;VEROL1;Ortslage;;Insgesamt;224457;Anzahl;VER001;Unfälle (polizeilich erfasste)
46241;Statistik der Straßenverkehrsunfälle;JAHR;Jahr;2026;MONAT;Monate;MONAT03;März;DINSG;Deutschland insgesamt;DG;Deutschland;VERUK1;Unfallkategorie;;Insgesamt;VEROL1;Ortslage;ORTSLG02;außerorts (ohne Autobahnen);37610;Anzahl;VER001;Unfälle (polizeilich erfasste)
46241;Statistik der Straßenverkehrsunfälle;JAHR;Jahr;2025;MONAT;Monate;MONAT03;März;DINSG;Deutschland insgesamt;DG;Deutschland;VERUK1;Unfallkategorie;UNF-SACH;Schwerwiegende Unfälle mit Sachschaden i.e.S;VEROL1;Ortslage;ORTSLG02;außerorts (ohne Autobahnen);1184;Anzahl;VER001;Unfälle (polizeilich erfasste)
46241;Statistik der Straßenverkehrsunfälle;JAHR;Jahr;2026;MONAT;Monate;MONAT01;Januar;DINSG;Deutschland insgesamt;DG;Deutschland;VERUK1;Unfallkategorie;;Insgesamt;VEROL1;Ortslage;ORTSLG02;außerorts (ohne Autobahnen);44303;Anzahl;VER001;Unfälle (polizeilich erfasste)
46241;Statistik der Straßenverkehrsunfälle;JAHR;Jahr;2026;MONAT;Monate;MONAT10;Oktober;DINSG;Deutschland insgesamt;DG;Deutschland;VERUK1;Unfallkategorie;UNF-SACH;Schwerwiegende Unfälle mit Sachschaden i.e.S;VEROL1;Ortslage;ORTSLG03;auf Autobahnen;...;Anzahl;VER001;Unfälle (polizeilich erfasste)
46241;Statistik der Straßenverkehrsunfälle;JAHR;Jahr;2026;MONAT;Monate;MONAT04;April;DINSG;Deutschland insgesamt;DG;Deutschland;VERUK1;Unfallkategorie;UNF-PERS;Unfälle mit Personenschaden;VEROL1;Ortslage;ORTSLG02;außerorts (ohne Autobahnen);5711;Anzahl;VER001;Unfälle (polizeilich erfasste)
46241;Statistik der Straßenverkehrsunfälle;JAHR;Jahr;2026;MONAT;Monate;MONAT03;März;DINSG;Deutschland insgesamt;DG;Deutschland;VERUK1;Unfallkategorie;UNF-PERS;Unfälle mit Personenschaden;VEROL1;Ortslage;;Insgesamt;22200;Anzahl;VER001;Unfälle (polizeilich erfasste)
46241;Statistik der Straßenverkehrsunfälle;JAHR;Jahr;2025;MONAT;Monate;MONAT11;November;DINSG;Deutschland insgesamt;DG;Deutschland;VERUK1;Unfallkategorie;UNF-PERS;Unfälle mit Personenschaden;VEROL1;Ortslage;ORTSLG03;auf Autobahnen;1655;Anzahl;VER001;Unfälle (polizeilich erfasste)
46241;Statistik der Straßenverkehrsunfälle;JAHR;Jahr;2026;MONAT;Monate;MONAT04;April;DINSG;Deutschland insgesamt;DG;Deutschland;VERUK1;Unfallkategorie;UNF-SACH;Schwerwiegende Unfälle mit Sachschaden i.e.S;VEROL1;Ortslage;ORTSLG02;außerorts (ohne Autobahnen);1083;Anzahl;VER001;Unfälle (polizeilich erfasste)
46241;Statistik der Straßenverkehrsunfälle;JAHR;Jahr;2026;MONAT;Monate;MONAT09;September;DINSG;Deutschland insgesamt;DG;Deutschland;VERUK1;Unfallkategorie;UNF-SACH-UEBR;Übrige Sachschadensunfälle;VEROL1;Ortslage;;Insgesamt;...;Anzahl;VER001;Unfälle (polizeilich erfasste)
46241;Statistik der Straßenverkehrsunfälle;JAHR;Jahr;2026;MONAT;Monate;MONAT09;September;DINSG;Deutschland insgesamt;DG;Deutschland;VERUK1;Unfallkategorie;UNF-PERS;Unfälle mit Personenschaden;VEROL1;Ortslage;ORTSLG02;außerorts (ohne Autobahnen);...;Anzahl;VER001;Unfälle (polizeilich erfasste)
46241;Statistik der Straßenverkehrsunfälle;JAHR;Jahr;2026;MONAT;Monate;MONAT01;Januar;DINSG;Deutschland insgesamt;DG;Deutschland;VERUK1;Unfallkategorie;UNF-PERS;Unfälle mit Personenschaden;VEROL1;Ortslage;;Insgesamt;16735;Anzahl;VER001;Unfälle (polizeilich erfasste)
46241;Statistik der Straßenverkehrsunfälle;JAHR;Jahr;2026;MONAT;Monate;MONAT10;Oktober;DINSG;Deutschland insgesamt;DG;Deutschland;VERUK1;Unfallkategorie;UNF-PERS;Unfälle mit Personenschaden;VEROL1;Ortslage;ORTSLG02;außerorts (ohne Autobahnen);...;Anzahl;VER001;Unfälle (polizeilich erfasste)
46241;Statistik der Straßenverkehrsunfälle;JAHR;Jahr;2025;MONAT;Monate;MONAT04;April;DINSG;Deutschland insgesamt;DG;Deutschland;VERUK1;Unfallkategorie;;Insgesamt;VEROL1;Ortslage;ORTSLG01;innerorts;158479;Anzahl;VER001;Unfälle (polizeilich erfasste)
46241;Statistik der Straßenverkehrsunfälle;JAHR;Jahr;2025;MONAT;Monate;MONAT06;Juni;DINSG;Deutschland insgesamt;DG;Deutschland;VERUK1;Unfallkategorie;UNF-SACH;Schwerwiegende Unfälle mit Sachschaden i.e.S;VEROL1;Ortslage;;Insgesamt;4646;Anzahl;VER001;Unfälle (polizeilich erfasste)
46241;Statistik der Straßenverkehrsunfälle;JAHR;Jahr;2026;MONAT;Monate;MONAT05;Mai;DINSG;Deutschland insgesamt;DG;Deutschland;VERUK1;Unfallkategorie;;Insgesamt;VEROL1;Ortslage;;Insgesamt;220322;Anzahl;VER001;Unfälle (polizeilich erfasste)
46241;Statistik der Straßenverkehrsunfälle;JAHR;Jahr;2025;MONAT;Monate;MONAT02;Februar;DINSG;Deutschland insgesamt;DG;Deutschland;VERUK1;Unfallkategorie;;Insgesamt;VEROL1;Ortslage;ORTSLG03;auf Autobahnen;10780;Anzahl;VER001;Unfälle (polizeilich erfasste)
46241;Statistik der Straßenverkehrsunfälle;JAHR;Jahr;2026;MONAT;Monate;MONAT12;Dezember;DINSG;Deutschland insgesamt;DG;Deutschland;VERUK1;Unfallkategorie;UNF-SACH;Schwerwiegende Unfälle mit Sachschaden i.e.S;VEROL1;Ortslage;;Insgesamt;...;Anzahl;VER001;Unfälle (polizeilich erfasste)
46241;Statistik der Straßenverkehrsunfälle;JAHR;Jahr;2025;MONAT;Monate;MONAT11;November;DINSG;Deutschland insgesamt;DG;Deutschland;VERUK1;Unfallkategorie;;Insgesamt;VEROL1;Ortslage;ORTSLG02;außerorts (ohne Autobahnen);46052;Anzahl;VER001;Unfälle (polizeilich erfasste)
46241;Statistik der Straßenverkehrsunfälle;JAHR;Jahr;2025;MONAT;Monate;MONAT06;Juni;DINSG;Deutschland insgesamt;DG;Deutschland;VERUK1;Unfallkategorie;;Insgesamt;VEROL1;Ortslage;ORTSLG03;auf Autobahnen;14139;Anzahl;VER001;Unfälle (polizeilich erfasste)
46241;Statistik der Straßenverkehrsunfälle;JAHR;Jahr;2026;MONAT;Monate;MONAT04;April;DINSG;Deutschland insgesamt;DG;Deutschland;VERUK1;Unfallkategorie;UNF-SACH-UEBR;Übrige Sachschadensunfälle;VEROL1;Ortslage;ORTSLG03;auf Autobahnen;11288;Anzahl;VER001;Unfälle (polizeilich erfasste)
46241;Statistik der Straßenverkehrsunfälle;JAHR;Jahr;2025;MONAT;Monate;MONAT11;November;DINSG;Deutschland insgesamt;DG;Deutschland;VERUK1;Unfallkategorie;UNF-PERS;Unfälle mit Personenschaden;VEROL1;Ortslage;;Insgesamt;22501;Anzahl;VER001;Unfälle (polizeilich erfasste)
46241;Statistik der Straßenverkehrsunfälle;JAHR;Jahr;2026;MONAT;Monate;MONAT03;März;DINSG;Deutschland insgesamt;DG;Deutschland;VERUK1;Unfallkategorie;;Insgesamt;VEROL1;Ortslage;ORTSLG03;auf Autobahnen;13024;Anzahl;VER001;Unfälle (polizeilich erfasste)
46241;Statistik der Straßenverkehrsunfälle;JAHR;Jahr;2026;MONAT;Monate;MONAT12;Dezember;DINSG;Deutschland insgesamt;DG;Deutschland;VERUK1;Unfallkategorie;;Insgesamt;VEROL1;Ortslage;ORTSLG03;auf Autobahnen;...;Anzahl;VER001;Unfälle (polizeilich erfasste)
46241;Statistik der Straßenverkehrsunfälle;JAHR;Jahr;2025;MONAT;Monate;MONAT07;Juli;DINSG;Deutschland insgesamt;DG;Deutschland;VERUK1;Unfallkategorie;UNF-RAUSCH;Sonst. Unfälle unter dem Einfluss berausch. Mittel;VEROL1;Ortslage;ORTSLG03;auf Autobahnen;83;Anzahl;VER001;Unfälle (polizeilich erfasste)
46241;Statistik der Straßenverkehrsunfälle;JAHR;Jahr;2025;MONAT;Monate;MONAT09;September;DINSG;Deutschland insgesamt;DG;Deutschland;VERUK1;Unfallkategorie;UNF-RAUSCH;Sonst. Unfälle unter dem Einfluss berausch. Mittel;VEROL1;Ortslage;ORTSLG02;außerorts (ohne Autobahnen);178;Anzahl;VER001;Unfälle (polizeilich erfasste)
46241;Statistik der Straßenverkehrsunfälle;JAHR;Jahr;2025;MONAT;Monate;MONAT05;Mai;DINSG;Deutschland insgesamt;DG;Deutschland;VERUK1;Unfallkategorie;UNF-SACH;Schwerwiegende Unfälle mit Sachschaden i.e.S;VEROL1;Ortslage;ORTSLG01;innerorts;2842;Anzahl;VER001;Unfälle (polizeilich erfasste)
46241;Statistik der Straßenverkehrsunfälle;JAHR;Jahr;2025;MONAT;Monate;MONAT03;März;DINSG;Deutschland insgesamt;DG;Deutschland;VERUK1;Unfallkategorie;UNF-SACH;Schwerwiegende Unfälle mit Sachschaden i.e.S;VEROL1;Ortslage;ORTSLG01;innerorts;3003;Anzahl;VER001;Unfälle (polizeilich erfasste)
46241;Statistik der Straßenverkehrsunfälle;JAHR;Jahr;2026;MONAT;Monate;MONAT05;Mai;DINSG;Deutschland insgesamt;DG;Deutschland;VERUK1;Unfallkategorie;UNF-SACH-UEBR;Übrige Sachschadensunfälle;VEROL1;Ortslage;ORTSLG03;auf Autobahnen;12004;Anzahl;VER001;Unfälle (polizeilich erfasste)
46241;Statistik der Straßenverkehrsunfälle;JAHR;Jahr;2026;MONAT;Monate;MONAT01;Januar;DINSG;Deutschland insgesamt;DG;Deutschland;VERUK1;Unfallkategorie;;Insgesamt;VEROL1;Ortslage;ORTSLG01;innerorts;147291;Anzahl;VER001;Unfälle (polizeilich erfasste)
46241;Statistik der Straßenverkehrsunfälle;JAHR;Jahr;2026;MONAT;Monate;MONAT05;Mai;DINSG;Deutschland insgesamt;DG;Deutschland;VERUK1;Unfallkategorie;;Insgesamt;VEROL1;Ortslage;ORTSLG01;innerorts;160488;Anzahl;VER001;Unfälle (polizeilich erfasste)
46241;Statistik der Straßenverkehrsunfälle;JAHR;Jahr;2026;MONAT;Monate;MONAT03;März;DINSG;Deutschland insgesamt;DG;Deutschland;VERUK1;Unfallkategorie;UNF-SACH;Schwerwiegende Unfälle mit Sachschaden i.e.S;VEROL1;Ortslage;;Insgesamt;4934;Anzahl;VER001;Unfälle (polizeilich erfasste)
46241;Statistik der Straßenverkehrsunfälle;JAHR;Jahr;2025;MONAT;Monate;MONAT09;September;DINSG;Deutschland insgesamt;DG;Deutschland;VERUK1;Unfallkategorie;UNF-PERS;Unfälle mit Personenschaden;VEROL1;Ortslage;;Insgesamt;28133;Anzahl;VER001;Unfälle (polizeilich erfasste)
46241;Statistik der Straßenverkehrsunfälle;JAHR;Jahr;2026;MONAT;Monate;MONAT04;April;DINSG;Deutschland insgesamt;DG;Deutschland;VERUK1;Unfallkategorie;UNF-PERS;Unfälle mit Personenschaden;VEROL1;Ortslage;ORTSLG01;innerorts;17977;Anzahl;VER001;Unfälle (polizeilich erfasste)
46241;Statistik der Straßenverkehrsunfälle;JAHR;Jahr;2025;MONAT;Monate;MONAT04;April;DINSG;Deutschland insgesamt;DG;Deutschland;VERUK1;Unfallkategorie;UNF-RAUSCH;Sonst. Unfälle unter dem Einfluss berausch. Mittel;VEROL1;Ortslage;ORTSLG03;auf Autobahnen;74;Anzahl;VER001;Unfälle (polizeilich erfasste)
46241;Statistik der Straßenverkehrsunfälle;JAHR;Jahr;2026;MONAT;Monate;MONAT06;Juni;DINSG;Deutschland insgesamt;DG;Deutschland;VERUK1;Unfallkategorie;UNF-PERS;Unfälle mit Personenschaden;VEROL1;Ortslage;ORTSLG01;innerorts;21555;Anzahl;VER001;Unfälle (polizeilich erfasste)
46241;Statistik der Straßenverkehrsunfälle;JAHR;Jahr;2026;MONAT;Monate;MONAT02;Februar;DINSG;Deutschland insgesamt;DG;Deutschland;VERUK1;Unfallkategorie;UNF-SACH;Schwerwiegende Unfälle mit Sachschaden i.e.S;VEROL1;Ortslage;ORTSLG03;auf Autobahnen;913;Anzahl;VER001;Unfälle (polizeilich erfasste)
46241;Statistik der Straßenverkehrsunfälle;JAHR;Jahr;2025;MONAT;Monate;MONAT03;März;DINSG;Deutschland insgesamt;DG;Deutschland;VERUK1;Unfallkategorie;UNF-PERS;Unfälle mit Personenschaden;VEROL1;Ortslage;ORTSLG03;auf Autobahnen;1422;Anzahl;VER001;Unfälle (polizeilich erfasste)
46241;Statistik der Straßenverkehrsunfälle;JAHR;Jahr;2026;MONAT;Monate;MONAT12;Dezember;DINSG;Deutschland insgesamt;DG;Deutschland;VERUK1;Unfallkategorie;UNF-PERS;Unfälle mit Personenschaden;VEROL1;Ortslage;ORTSLG02;außerorts (ohne Autobahnen);...;Anzahl;VER001;Unfälle (polizeilich erfasste)
46241;Statistik der Straßenverkehrsunfälle;JAHR;Jahr;2026;MONAT;Monate;MONAT10;Oktober;DINSG;Deutschland insgesamt;DG;Deutschland;VERUK1;Unfallkategorie;UNF-PERS;Unfälle mit Personenschaden;VEROL1;Ortslage;ORTSLG01;innerorts;...;Anzahl;VER001;Unfälle (polizeilich erfasste)
46241;Statistik der Straßenverkehrsunfälle;JAHR;Jahr;2026;MONAT;Monate;MONAT06;Juni;DINSG;Deutschland insgesamt;DG;Deutschland;VERUK1;Unfallkategorie;UNF-RAUSCH;Sonst. Unfälle unter dem Einfluss berausch. Mittel;VEROL1;Ortslage;;Insgesamt;1024;Anzahl;VER001;Unfälle (polizeilich erfasste)
46241;Statistik der Straßenverkehrsunfälle;JAHR;Jahr;2025;MONAT;Monate;MONAT11;November;DINSG;Deutschland insgesamt;DG;Deutschland;VERUK1;Unfallkategorie;;Insgesamt;VEROL1;Ortslage;ORTSLG03;auf Autobahnen;14500;Anzahl;VER001;Unfälle (polizeilich erfasste)
46241;Statistik der Straßenverkehrsunfälle;JAHR;Jahr;2025;MONAT;Monate;MONAT07;Juli;DINSG;Deutschland insgesamt;DG;Deutschland;VERUK1;Unfallkategorie;UNF-RAUSCH;Sonst. Unfälle unter dem Einfluss berausch. Mittel;VEROL1;Ortslage;ORTSLG01;innerorts;1011;Anzahl;VER001;Unfälle (polizeilich erfasste)
46241;Statistik der Straßenverkehrsunfälle;JAHR;Jahr;2025;MONAT;Monate;MONAT08;August;DINSG;Deutschland insgesamt;DG;Deutschland;VERUK1;Unfallkategorie;UNF-SACH;Schwerwiegende Unfälle mit Sachschaden i.e.S;VEROL1;Ortslage;ORTSLG01;innerorts;2602;Anzahl;VER001;Unfälle (polizeilich erfasste)
46241;Statistik der Straßenverkehrsunfälle;JAHR;Jahr;2026;MONAT;Monate;MONAT03;März;DINSG;Deutschland insgesamt;DG;Deutschland;VERUK1;Unfallkategorie;UNF-SACH-UEBR;Übrige Sachschadensunfälle;VEROL1;Ortslage;;Insgesamt;182688;Anzahl;VER001;Unfälle (polizeilich erfasste)
46241;Statistik der Straßenverkehrsunfälle;JAHR;Jahr;2025;MONAT;Monate;MONAT11;November;DINSG;Deutschland insgesamt;DG;Deutschland;VERUK1;Unfallkategorie;UNF-SACH;Schwerwiegende Unfälle mit Sachschaden i.e.S;VEROL1;Ortslage;ORTSLG01;innerorts;3602;Anzahl;VER001;Unfälle (polizeilich erfasste)
46241;Statistik der Straßenverkehrsunfälle;JAHR;Jahr;2025;MONAT;Monate;MONAT08;August;DINSG;Deutschland insgesamt;DG;Deutschland;VERUK1;Unfallkategorie;;Insgesamt;VEROL1;Ortslage;ORTSLG01;innerorts;145973;Anzahl;VER001;Unfälle (polizeilich erfasste)
46241;Statistik der Straßenverkehrsunfälle;JAHR;Jahr;2025;MONAT;Monate;MONAT11;November;DINSG;Deutschland insgesamt;DG;Deutschland;VERUK1;Unfallkategorie;UNF-SACH;Schwerwiegende Unfälle mit Sachschaden i.e.S;VEROL1;Ortslage;;Insgesamt;6197;Anzahl;VER001;Unfälle (polizeilich erfasste)
46241;Statistik der Straßenverkehrsunfälle;JAHR;Jahr;2026;MONAT;Monate;MONAT06;Juni;DINSG;Deutschland insgesamt;DG;Deutschland;VERUK1;Unfallkategorie;UNF-PERS;Unfälle mit Personenschaden;VEROL1;Ortslage;;Insgesamt;29195;Anzahl;VER001;Unfälle (polizeilich erfasste)
46241;Statistik der Straßenverkehrsunfälle;JAHR;Jahr;2026;MONAT;Monate;MONAT12;Dezember;DINSG;Deutschland insgesamt;DG;Deutschland;VERUK1;Unfallkategorie;;Insgesamt;VEROL1;Ortslage;ORTSLG02;außerorts (ohne Autobahnen);...;Anzahl;VER001;Unfälle (polizeilich erfasste)
46241;Statistik der Straßenverkehrsunfälle;JAHR;Jahr;2025;MONAT;Monate;MONAT09;September;DINSG;Deutschland insgesamt;DG;Deutschland;VERUK1;Unfallkategorie;UNF-RAUSCH;Sonst. Unfälle unter dem Einfluss berausch. Mittel;VEROL1;Ortslage;ORTSLG03;auf Autobahnen;77;Anzahl;VER001;Unfälle (polizeilich erfasste)
46241;Statistik der Straßenverkehrsunfälle;JAHR;Jahr;2025;MONAT;Monate;MONAT07;Juli;DINSG;Deutschland insgesamt;DG;Deutschland;VERUK1;Unfallkategorie;UNF-RAUSCH;Sonst. Unfälle unter dem Einfluss berausch. Mittel;VEROL1;Ortslage;ORTSLG02;außerorts (ohne Autobahnen);171;Anzahl;VER001;Unfälle (polizeilich erfasste)
46241;Statistik der Straßenverkehrsunfälle;JAHR;Jahr;2026;MONAT;Monate;MONAT05;Mai;DINSG;Deutschland insgesamt;DG;Deutschland;VERUK1;Unfallkategorie;UNF-SACH-UEBR;Übrige Sachschadensunfälle;VEROL1;Ortslage;ORTSLG02;außerorts (ohne Autobahnen);37350;Anzahl;VER001;Unfälle (polizeilich erfasste)
46241;Statistik der Straßenverkehrsunfälle;JAHR;Jahr;2026;MONAT;Monate;MONAT11;November;DINSG;Deutschland insgesamt;DG;Deutschland;VERUK1;Unfallkategorie;;Insgesamt;VEROL1;Ortslage;;Insgesamt;...;Anzahl;VER001;Unfälle (polizeilich erfasste)
46241;Statistik der Straßenverkehrsunfälle;JAHR;Jahr;2025;MONAT;Monate;MONAT09;September;DINSG;Deutschland insgesamt;DG;Deutschland;VERUK1;Unfallkategorie;;Insgesamt;VEROL1;Ortslage;ORTSLG03;auf Autobahnen;14423;Anzahl;VER001;Unfälle (polizeilich erfasste)
46241;Statistik der Straßenverkehrsunfälle;JAHR;Jahr;2025;MONAT;Monate;MONAT11;November;DINSG;Deutschland insgesamt;DG;Deutschland;VERUK1;Unfallkategorie;UNF-RAUSCH;Sonst. Unfälle unter dem Einfluss berausch. Mittel;VEROL1;Ortslage;;Insgesamt;1334;Anzahl;VER001;Unfälle (polizeilich erfasste)
46241;Statistik der Straßenverkehrsunfälle;JAHR;Jahr;2025;MONAT;Monate;MONAT09;September;DINSG;Deutschland insgesamt;DG;Deutschland;VERUK1;Unfallkategorie;UNF-SACH;Schwerwiegende Unfälle mit Sachschaden i.e.S;VEROL1;Ortslage;;Insgesamt;5265;Anzahl;VER001;Unfälle (polizeilich erfasste)
46241;Statistik der Straßenverkehrsunfälle;JAHR;Jahr;2025;MONAT;Monate;MONAT02;Februar;DINSG;Deutschland insgesamt;DG;Deutschland;VERUK1;Unfallkategorie;UNF-RAUSCH;Sonst. Unfälle unter dem Einfluss berausch. Mittel;VEROL1;Ortslage;ORTSLG03;auf Autobahnen;65;Anzahl;VER001;Unfälle (polizeilich erfasste)
46241;Statistik der Straßenverkehrsunfälle;JAHR;Jahr;2026;MONAT;Monate;MONAT12;Dezember;DINSG;Deutschland insgesamt;DG;Deutschland;VERUK1;Unfallkategorie;UNF-PERS;Unfälle mit Personenschaden;VEROL1;Ortslage;;Insgesamt;...;Anzahl;VER001;Unfälle (polizeilich erfasste)
46241;Statistik der Straßenverkehrsunfälle;JAHR;Jahr;2026;MONAT;Monate;MONAT12;Dezember;DINSG;Deutschland insgesamt;DG;Deutschland;VERUK1;Unfallkategorie;UNF-PERS;Unfälle mit Personenschaden;VEROL1;Ortslage;ORTSLG01;innerorts;...;Anzahl;VER001;Unfälle (polizeilich erfasste)
46241;Statistik der Straßenverkehrsunfälle;JAHR;Jahr;2025;MONAT;Monate;MONAT05;Mai;DINSG;Deutschland insgesamt;DG;Deutschland;VERUK1;Unfallkategorie;UNF-SACH-UEBR;Übrige Sachschadensunfälle;VEROL1;Ortslage;ORTSLG01;innerorts;126281;Anzahl;VER001;Unfälle (polizeilich erfasste)
46241;Statistik der Straßenverkehrsunfälle;JAHR;Jahr;2025;MONAT;Monate;MONAT02;Februar;DINSG;Deutschland insgesamt;DG;Deutschland;VERUK1;Unfallkategorie;UNF-PERS;Unfälle mit Personenschaden;VEROL1;Ortslage;ORTSLG02;außerorts (ohne Autobahnen);3755;Anzahl;VER001;Unfälle (polizeilich erfasste)
46241;Statistik der Straßenverkehrsunfälle;JAHR;Jahr;2026;MONAT;Monate;MONAT08;August;DINSG;Deutschland insgesamt;DG;Deutschland;VERUK1;Unfallkategorie;UNF-SACH-UEBR;Übrige Sachschadensunfälle;VEROL1;Ortslage;;Insgesamt;...;Anzahl;VER001;Unfälle (polizeilich erfasste)
46241;Statistik der Straßenverkehrsunfälle;JAHR;Jahr;2026;MONAT;Monate;MONAT03;März;DINSG;Deutschland insgesamt;DG;Deutschland;VERUK1;Unfallkategorie;UNF-SACH-UEBR;Übrige Sachschadensunfälle;VEROL1;Ortslage;ORTSLG01;innerorts;140310;Anzahl;VER001;Unfälle (polizeilich erfasste)
46241;Statistik der Straßenverkehrsunfälle;JAHR;Jahr;2026;MONAT;Monate;MONAT07;Juli;DINSG;Deutschland insgesamt;DG;Deutschland;VERUK1;Unfallkategorie;;Insgesamt;VEROL1;Ortslage;ORTSLG01;innerorts;...;Anzahl;VER001;Unfälle (polizeilich erfasste)
46241;Statistik der Straßenverkehrsunfälle;JAHR;Jahr;2025;MONAT;Monate;MONAT06;Juni;DINSG;Deutschland insgesamt;DG;Deutschland;VERUK1;Unfallkategorie;UNF-PERS;Unfälle mit Personenschaden;VEROL1;Ortslage;ORTSLG02;außerorts (ohne Autobahnen);7037;Anzahl;VER001;Unfälle (polizeilich erfasste)
46241;Statistik der Straßenverkehrsunfälle;JAHR;Jahr;2026;MONAT;Monate;MONAT09;September;DINSG;Deutschland insgesamt;DG;Deutschland;VERUK1;Unfallkategorie;;Insgesamt;VEROL1;Ortslage;;Insgesamt;...;Anzahl;VER001;Unfälle (polizeilich erfasste)
46241;Statistik der Straßenverkehrsunfälle;JAHR;Jahr;2025;MONAT;Monate;MONAT12;Dezember;DINSG;Deutschland insgesamt;DG;Deutschland;VERUK1;Unfallkategorie;UNF-SACH-UEBR;Übrige Sachschadensunfälle;VEROL1;Ortslage;ORTSLG03;auf Autobahnen;10654;Anzahl;VER001;Unfälle (polizeilich erfasste)
46241;Statistik der Straßenverkehrsunfälle;JAHR;Jahr;2025;MONAT;Monate;MONAT02;Februar;DINSG;Deutschland insgesamt;DG;Deutschland;VERUK1;Unfallkategorie;;Insgesamt;VEROL1;Ortslage;ORTSLG01;innerorts;131218;Anzahl;VER001;Unfälle (polizeilich erfasste)
46241;Statistik der Straßenverkehrsunfälle;JAHR;Jahr;2026;MONAT;Monate;MONAT06;Juni;DINSG;Deutschland insgesamt;DG;Deutschland;VERUK1;Unfallkategorie;UNF-SACH;Schwerwiegende Unfälle mit Sachschaden i.e.S;VEROL1;Ortslage;ORTSLG02;außerorts (ohne Autobahnen);1078;Anzahl;VER001;Unfälle (polizeilich erfasste)
46241;Statistik der Straßenverkehrsunfälle;JAHR;Jahr;2026;MONAT;Monate;MONAT03;März;DINSG;Deutschland insgesamt;DG;Deutschland;VERUK1;Unfallkategorie;UNF-RAUSCH;Sonst. Unfälle unter dem Einfluss berausch. Mittel;VEROL1;Ortslage;;Insgesamt;1093;Anzahl;VER001;Unfälle (polizeilich erfasste)
46241;Statistik der Straßenverkehrsunfälle;JAHR;Jahr;2025;MONAT;Monate;MONAT01;Januar;DINSG;Deutschland insgesamt;DG;Deutschland;VERUK1;Unfallkategorie;;Insgesamt;VEROL1;Ortslage;ORTSLG02;außerorts (ohne Autobahnen);40287;Anzahl;VER001;Unfälle (polizeilich erfasste)
46241;Statistik der Straßenverkehrsunfälle;JAHR;Jahr;2025;MONAT;Monate;MONAT06;Juni;DINSG;Deutschland insgesamt;DG;Deutschland;VERUK1;Unfallkategorie;UNF-SACH-UEBR;Übrige Sachschadensunfälle;VEROL1;Ortslage;ORTSLG02;außerorts (ohne Autobahnen);32148;Anzahl;VER001;Unfälle (polizeilich erfasste)
46241;Statistik der Straßenverkehrsunfälle;JAHR;Jahr;2025;MONAT;Monate;MONAT06;Juni;DINSG;Deutschland insgesamt;DG;Deutschland;VERUK1;Unfallkategorie;UNF-SACH;Schwerwiegende Unfälle mit Sachschaden i.e.S;VEROL1;Ortslage;ORTSLG02;außerorts (ohne Autobahnen);1145;Anzahl;VER001;Unfälle (polizeilich erfasste)
46241;Statistik der Straßenverkehrsunfälle;JAHR;Jahr;2025;MONAT;Monate;MONAT09;September;DINSG;Deutschland insgesamt;DG;Deutschland;VERUK1;Unfallkategorie;UNF-SACH-UEBR;Übrige Sachschadensunfälle;VEROL1;Ortslage;ORTSLG03;auf Autobahnen;11666;Anzahl;VER001;Unfälle (polizeilich erfasste)
46241;Statistik der Straßenverkehrsunfälle;JAHR;Jahr;2026;MONAT;Monate;MONAT08;August;DINSG;Deutschland insgesamt;DG;Deutschland;VERUK1;Unfallkategorie;UNF-RAUSCH;Sonst. Unfälle unter dem Einfluss berausch. Mittel;VEROL1;Ortslage;ORTSLG03;auf Autobahnen;...;Anzahl;VER001;Unfälle (polizeilich erfasste)
46241;Statistik der Straßenverkehrsunfälle;JAHR;Jahr;2025;MONAT;Monate;MONAT05;Mai;DINSG;Deutschland insgesamt;DG;Deutschland;VERUK1;Unfallkategorie;UNF-RAUSCH;Sonst. Unfälle unter dem Einfluss berausch. Mittel;VEROL1;Ortslage;ORTSLG01;innerorts;960;Anzahl;VER001;Unfälle (polizeilich erfasste)
46241;Statistik der Straßenverkehrsunfälle;JAHR;Jahr;2025;MONAT;Monate;MONAT04;April;DINSG;Deutschland insgesamt;DG;Deutschland;VERUK1;Unfallkategorie;;Insgesamt;VEROL1;Ortslage;;Insgesamt;216930;Anzahl;VER001;Unfälle (polizeilich erfasste)
46241;Statistik der Straßenverkehrsunfälle;JAHR;Jahr;2026;MONAT;Monate;MONAT04;April;DINSG;Deutschland insgesamt;DG;Deutschland;VERUK1;Unfallkategorie;UNF-SACH-UEBR;Übrige Sachschadensunfälle;VEROL1;Ortslage;ORTSLG01;innerorts;134294;Anzahl;VER001;Unfälle (polizeilich erfasste)
46241;Statistik der Straßenverkehrsunfälle;JAHR;Jahr;2025;MONAT;Monate;MONAT01;Januar;DINSG;Deutschland insgesamt;DG;Deutschland;VERUK1;Unfallkategorie;UNF-RAUSCH;Sonst. Unfälle unter dem Einfluss berausch. Mittel;VEROL1;Ortslage;ORTSLG03;auf Autobahnen;63;Anzahl;VER001;Unfälle (polizeilich erfasste)
46241;Statistik der Straßenverkehrsunfälle;JAHR;Jahr;2025;MONAT;Monate;MONAT11;November;DINSG;Deutschland insgesamt;DG;Deutschland;VERUK1;Unfallkategorie;UNF-SACH-UEBR;Übrige Sachschadensunfälle;VEROL1;Ortslage;ORTSLG02;außerorts (ohne Autobahnen);38940;Anzahl;VER001;Unfälle (polizeilich erfasste)
46241;Statistik der Straßenverkehrsunfälle;JAHR;Jahr;2026;MONAT;Monate;MONAT06;Juni;DINSG;Deutschland insgesamt;DG;Deutschland;VERUK1;Unfallkategorie;UNF-SACH;Schwerwiegende Unfälle mit Sachschaden i.e.S;VEROL1;Ortslage;;Insgesamt;4571;Anzahl;VER001;Unfälle (polizeilich erfasste)
46241;Statistik der Straßenverkehrsunfälle;JAHR;Jahr;2026;MONAT;Monate;MONAT05;Mai;DINSG;Deutschland insgesamt;DG;Deutschland;VERUK1;Unfallkategorie;UNF-SACH;Schwerwiegende Unfälle mit Sachschaden i.e.S;VEROL1;Ortslage;;Insgesamt;4808;Anzahl;VER001;Unfälle (polizeilich erfasste)
46241;Statistik der Straßenverkehrsunfälle;JAHR;Jahr;2026;MONAT;Monate;MONAT01;Januar;DINSG;Deutschland insgesamt;DG;Deutschland;VERUK1;Unfallkategorie;UNF-SACH-UEBR;Übrige Sachschadensunfälle;VEROL1;Ortslage;ORTSLG01;innerorts;132161;Anzahl;VER001;Unfälle (polizeilich erfasste)
46241;Statistik der Straßenverkehrsunfälle;JAHR;Jahr;2025;MONAT;Monate;MONAT06;Juni;DINSG;Deutschland insgesamt;DG;Deutschland;VERUK1;Unfallkategorie;UNF-SACH;Schwerwiegende Unfälle mit Sachschaden i.e.S;VEROL1;Ortslage;ORTSLG01;innerorts;2731;Anzahl;VER001;Unfälle (polizeilich erfasste)
46241;Statistik der Straßenverkehrsunfälle;JAHR;Jahr;2025;MONAT;Monate;MONAT07;Juli;DINSG;Deutschland insgesamt;DG;Deutschland;VERUK1;Unfallkategorie;UNF-SACH-UEBR;Übrige Sachschadensunfälle;VEROL1;Ortslage;ORTSLG03;auf Autobahnen;12206;Anzahl;VER001;Unfälle (polizeilich erfasste)
46241;Statistik der Straßenverkehrsunfälle;JAHR;Jahr;2025;MONAT;Monate;MONAT02;Februar;DINSG;Deutschland insgesamt;DG;Deutschland;VERUK1;Unfallkategorie;UNF-SACH;Schwerwiegende Unfälle mit Sachschaden i.e.S;VEROL1;Ortslage;ORTSLG01;innerorts;2911;Anzahl;VER001;Unfälle (polizeilich erfasste)
46241;Statistik der Straßenverkehrsunfälle;JAHR;Jahr;2026;MONAT;Monate;MONAT05;Mai;DINSG;Deutschland insgesamt;DG;Deutschland;VERUK1;Unfallkategorie;UNF-SACH-UEBR;Übrige Sachschadensunfälle;VEROL1;Ortslage;ORTSLG01;innerorts;135659;Anzahl;VER001;Unfälle (polizeilich erfasste)
46241;Statistik der Straßenverkehrsunfälle;JAHR;Jahr;2026;MONAT;Monate;MONAT02;Februar;DINSG;Deutschland insgesamt;DG;Deutschland;VERUK1;Unfallkategorie;UNF-SACH-UEBR;Übrige Sachschadensunfälle;VEROL1;Ortslage;ORTSLG01;innerorts;121289;Anzahl;VER001;Unfälle (polizeilich erfasste)
46241;Statistik der Straßenverkehrsunfälle;JAHR;Jahr;2025;MONAT;Monate;MONAT09;September;DINSG;Deutschland insgesamt;DG;Deutschland;VERUK1;Unfallkategorie;;Insgesamt;VEROL1;Ortslage;ORTSLG02;außerorts (ohne Autobahnen);41355;Anzahl;VER001;Unfälle (polizeilich erfasste)
46241;Statistik der Straßenverkehrsunfälle;JAHR;Jahr;2025;MONAT;Monate;MONAT01;Januar;DINSG;Deutschland insgesamt;DG;Deutschland;VERUK1;Unfallkategorie;UNF-SACH;Schwerwiegende Unfälle mit Sachschaden i.e.S;VEROL1;Ortslage;ORTSLG03;auf Autobahnen;1031;Anzahl;VER001;Unfälle (polizeilich erfasste)
46241;Statistik der Straßenverkehrsunfälle;JAHR;Jahr;2025;MONAT;Monate;MONAT10;Oktober;DINSG;Deutschland insgesamt;DG;Deutschland;VERUK1;Unfallkategorie;UNF-SACH-UEBR;Übrige Sachschadensunfälle;VEROL1;Ortslage;ORTSLG03;auf Autobahnen;12663;Anzahl;VER001;Unfälle (polizeilich erfasste)
46241;Statistik der Straßenverkehrsunfälle;JAHR;Jahr;2026;MONAT;Monate;MONAT01;Januar;DINSG;Deutschland insgesamt;DG;Deutschland;VERUK1;Unfallkategorie;UNF-SACH;Schwerwiegende Unfälle mit Sachschaden i.e.S;VEROL1;Ortslage;ORTSLG03;auf Autobahnen;1383;Anzahl;VER001;Unfälle (polizeilich erfasste)
46241;Statistik der Straßenverkehrsunfälle;JAHR;Jahr;2026;MONAT;Monate;MONAT02;Februar;DINSG;Deutschland insgesamt;DG;Deutschland;VERUK1;Unfallkategorie;UNF-SACH;Schwerwiegende Unfälle mit Sachschaden i.e.S;VEROL1;Ortslage;ORTSLG01;innerorts;2954;Anzahl;VER001;Unfälle (polizeilich erfasste)
46241;Statistik der Straßenverkehrsunfälle;JAHR;Jahr;2025;MONAT;Monate;MONAT08;August;DINSG;Deutschland insgesamt;DG;Deutschland;VERUK1;Unfallkategorie;UNF-PERS;Unfälle mit Personenschaden;VEROL1;Ortslage;;Insgesamt;28841;Anzahl;VER001;Unfälle (polizeilich erfasste)
46241;Statistik der Straßenverkehrsunfälle;JAHR;Jahr;2025;MONAT;Monate;MONAT08;August;DINSG;Deutschland insgesamt;DG;Deutschland;VERUK1;Unfallkategorie;UNF-SACH-UEBR;Übrige Sachschadensunfälle;VEROL1;Ortslage;ORTSLG02;außerorts (ohne Autobahnen);31371;Anzahl;VER001;Unfälle (polizeilich erfasste)
46241;Statistik der Straßenverkehrsunfälle;JAHR;Jahr;2025;MONAT;Monate;MONAT04;April;DINSG;Deutschland insgesamt;DG;Deutschland;VERUK1;Unfallkategorie;UNF-RAUSCH;Sonst. Unfälle unter dem Einfluss berausch. Mittel;VEROL1;Ortslage;ORTSLG01;innerorts;929;Anzahl;VER001;Unfälle (polizeilich erfasste)
46241;Statistik der Straßenverkehrsunfälle;JAHR;Jahr;2025;MONAT;Monate;MONAT05;Mai;DINSG;Deutschland insgesamt;DG;Deutschland;VERUK1;Unfallkategorie;UNF-SACH-UEBR;Übrige Sachschadensunfälle;VEROL1;Ortslage;ORTSLG02;außerorts (ohne Autobahnen);35854;Anzahl;VER001;Unfälle (polizeilich erfasste)
46241;Statistik der Straßenverkehrsunfälle;JAHR;Jahr;2025;MONAT;Monate;MONAT02;Februar;DINSG;Deutschland insgesamt;DG;Deutschland;VERUK1;Unfallkategorie;UNF-PERS;Unfälle mit Personenschaden;VEROL1;Ortslage;ORTSLG03;auf Autobahnen;1246;Anzahl;VER001;Unfälle (polizeilich erfasste)
46241;Statistik der Straßenverkehrsunfälle;JAHR;Jahr;2026;MONAT;Monate;MONAT09;September;DINSG;Deutschland insgesamt;DG;Deutschland;VERUK1;Unfallkategorie;UNF-RAUSCH;Sonst. Unfälle unter dem Einfluss berausch. Mittel;VEROL1;Ortslage;ORTSLG03;auf Autobahnen;...;Anzahl;VER001;Unfälle (polizeilich erfasste)
46241;Statistik der Straßenverkehrsunfälle;JAHR;Jahr;2025;MONAT;Monate;MONAT02;Februar;DINSG;Deutschland insgesamt;DG;Deutschland;VERUK1;Unfallkategorie;UNF-PERS;Unfälle mit Personenschaden;VEROL1;Ortslage;ORTSLG01;innerorts;10966;Anzahl;VER001;Unfälle (polizeilich erfasste)
46241;Statistik der Straßenverkehrsunfälle;JAHR;Jahr;2025;MONAT;Monate;MONAT03;März;DINSG;Deutschland insgesamt;DG;Deutschland;VERUK1;Unfallkategorie;UNF-PERS;Unfälle mit Personenschaden;VEROL1;Ortslage;ORTSLG01;innerorts;15588;Anzahl;VER001;Unfälle (polizeilich erfasste)
46241;Statistik der Straßenverkehrsunfälle;JAHR;Jahr;2025;MONAT;Monate;MONAT06;Juni;DINSG;Deutschland insgesamt;DG;Deutschland;VERUK1;Unfallkategorie;UNF-PERS;Unfälle mit Personenschaden;VEROL1;Ortslage;ORTSLG03;auf Autobahnen;1689;Anzahl;VER001;Unfälle (polizeilich erfasste)
46241;Statistik der Straßenverkehrsunfälle;JAHR;Jahr;2025;MONAT;Monate;MONAT05;Mai;DINSG;Deutschland insgesamt;DG;Deutschland;VERUK1;Unfallkategorie;UNF-PERS;Unfälle mit Personenschaden;VEROL1;Ortslage;ORTSLG03;auf Autobahnen;1468;Anzahl;VER001;Unfälle (polizeilich erfasste)
46241;Statistik der Straßenverkehrsunfälle;JAHR;Jahr;2025;MONAT;Monate;MONAT03;März;DINSG;Deutschland insgesamt;DG;Deutschland;VERUK1;Unfallkategorie;;Insgesamt;VEROL1;Ortslage;ORTSLG01;innerorts;157106;Anzahl;VER001;Unfälle (polizeilich erfasste)
46241;Statistik der Straßenverkehrsunfälle;JAHR;Jahr;2026;MONAT;Monate;MONAT03;März;DINSG;Deutschland insgesamt;DG;Deutschland;VERUK1;Unfallkategorie;UNF-SACH-UEBR;Übrige Sachschadensunfälle;VEROL1;Ortslage;ORTSLG02;außerorts (ohne Autobahnen);31513;Anzahl;VER001;Unfälle (polizeilich erfasste)
46241;Statistik der Straßenverkehrsunfälle;JAHR;Jahr;2026;MONAT;Monate;MONAT07;Juli;DINSG;Deutschland insgesamt;DG;Deutschland;VERUK1;Unfallkategorie;;Insgesamt;VEROL1;Ortslage;ORTSLG02;außerorts (ohne Autobahnen);...;Anzahl;VER001;Unfälle (polizeilich erfasste)
46241;Statistik der Straßenverkehrsunfälle;JAHR;Jahr;2025;MONAT;Monate;MONAT02;Februar;DINSG;Deutschland insgesamt;DG;Deutschland;VERUK1;Unfallkategorie;;Insgesamt;VEROL1;Ortslage;ORTSLG02;außerorts (ohne Autobahnen);32364;Anzahl;VER001;Unfälle (polizeilich erfasste)
46241;Statistik der Straßenverkehrsunfälle;JAHR;Jahr;2026;MONAT;Monate;MONAT06;Juni;DINSG;Deutschland insgesamt;DG;Deutschland;VERUK1;Unfallkategorie;UNF-SACH;Schwerwiegende Unfälle mit Sachschaden i.e.S;VEROL1;Ortslage;ORTSLG03;auf Autobahnen;746;Anzahl;VER001;Unfälle (polizeilich erfasste)
46241;Statistik der Straßenverkehrsunfälle;JAHR;Jahr;2025;MONAT;Monate;MONAT12;Dezember;DINSG;Deutschland insgesamt;DG;Deutschland;VERUK1;Unfallkategorie;UNF-SACH-UEBR;Übrige Sachschadensunfälle;VEROL1;Ortslage;ORTSLG02;außerorts (ohne Autobahnen);35212;Anzahl;VER001;Unfälle (polizeilich erfasste)
46241;Statistik der Straßenverkehrsunfälle;JAHR;Jahr;2025;MONAT;Monate;MONAT08;August;DINSG;Deutschland insgesamt;DG;Deutschland;VERUK1;Unfallkategorie;UNF-RAUSCH;Sonst. Unfälle unter dem Einfluss berausch. Mittel;VEROL1;Ortslage;ORTSLG01;innerorts;1043;Anzahl;VER001;Unfälle (polizeilich erfasste)
46241;Statistik der Straßenverkehrsunfälle;JAHR;Jahr;2026;MONAT;Monate;MONAT05;Mai;DINSG;Deutschland insgesamt;DG;Deutschland;VERUK1;Unfallkategorie;UNF-SACH;Schwerwiegende Unfälle mit Sachschaden i.e.S;VEROL1;Ortslage;ORTSLG03;auf Autobahnen;790;Anzahl;VER001;Unfälle (polizeilich erfasste)
46241;Statistik der Straßenverkehrsunfälle;JAHR;Jahr;2026;MONAT;Monate;MONAT10;Oktober;DINSG;Deutschland insgesamt;DG;Deutschland;VERUK1;Unfallkategorie;;Insgesamt;VEROL1;Ortslage;;Insgesamt;...;Anzahl;VER001;Unfälle (polizeilich erfasste)
46241;Statistik der Straßenverkehrsunfälle;JAHR;Jahr;2026;MONAT;Monate;MONAT08;August;DINSG;Deutschland insgesamt;DG;Deutschland;VERUK1;Unfallkategorie;;Insgesamt;VEROL1;Ortslage;ORTSLG01;innerorts;...;Anzahl;VER001;Unfälle (polizeilich erfasste)
46241;Statistik der Straßenverkehrsunfälle;JAHR;Jahr;2025;MONAT;Monate;MONAT01;Januar;DINSG;Deutschland insgesamt;DG;Deutschland;VERUK1;Unfallkategorie;;Insgesamt;VEROL1;Ortslage;ORTSLG01;innerorts;148029;Anzahl;VER001;Unfälle (polizeilich erfasste)
46241;Statistik der Straßenverkehrsunfälle;JAHR;Jahr;2025;MONAT;Monate;MONAT09;September;DINSG;Deutschland insgesamt;DG;Deutschland;VERUK1;Unfallkategorie;UNF-PERS;Unfälle mit Personenschaden;VEROL1;Ortslage;ORTSLG03;auf Autobahnen;1732;Anzahl;VER001;Unfälle (polizeilich erfasste)
46241;Statistik der Straßenverkehrsunfälle;JAHR;Jahr;2025;MONAT;Monate;MONAT11;November;DINSG;Deutschland insgesamt;DG;Deutschland;VERUK1;Unfallkategorie;;Insgesamt;VEROL1;Ortslage;ORTSLG01;innerorts;163905;Anzahl;VER001;Unfälle (polizeilich erfasste)
46241;Statistik der Straßenverkehrsunfälle;JAHR;Jahr;2025;MONAT;Monate;MONAT06;Juni;DINSG;Deutschland insgesamt;DG;Deutschland;VERUK1;Unfallkategorie;UNF-SACH-UEBR;Übrige Sachschadensunfälle;VEROL1;Ortslage;ORTSLG01;innerorts;135321;Anzahl;VER001;Unfälle (polizeilich erfasste)
46241;Statistik der Straßenverkehrsunfälle;JAHR;Jahr;2026;MONAT;Monate;MONAT05;Mai;DINSG;Deutschland insgesamt;DG;Deutschland;VERUK1;Unfallkategorie;UNF-SACH-UEBR;Übrige Sachschadensunfälle;VEROL1;Ortslage;;Insgesamt;185013;Anzahl;VER001;Unfälle (polizeilich erfasste)
46241;Statistik der Straßenverkehrsunfälle;JAHR;Jahr;2025;MONAT;Monate;MONAT05;Mai;DINSG;Deutschland insgesamt;DG;Deutschland;VERUK1;Unfallkategorie;UNF-SACH;Schwerwiegende Unfälle mit Sachschaden i.e.S;VEROL1;Ortslage;ORTSLG03;auf Autobahnen;692;Anzahl;VER001;Unfälle (polizeilich erfasste)
46241;Statistik der Straßenverkehrsunfälle;JAHR;Jahr;2026;MONAT;Monate;MONAT09;September;DINSG;Deutschland insgesamt;DG;Deutschland;VERUK1;Unfallkategorie;UNF-SACH;Schwerwiegende Unfälle mit Sachschaden i.e.S;VEROL1;Ortslage;ORTSLG03;auf Autobahnen;...;Anzahl;VER001;Unfälle (polizeilich erfasste)
46241;Statistik der Straßenverkehrsunfälle;JAHR;Jahr;2025;MONAT;Monate;MONAT09;September;DINSG;Deutschland insgesamt;DG;Deutschland;VERUK1;Unfallkategorie;UNF-SACH-UEBR;Übrige Sachschadensunfälle;VEROL1;Ortslage;ORTSLG02;außerorts (ohne Autobahnen);33202;Anzahl;VER001;Unfälle (polizeilich erfasste)
46241;Statistik der Straßenverkehrsunfälle;JAHR;Jahr;2025;MONAT;Monate;MONAT06;Juni;DINSG;Deutschland insgesamt;DG;Deutschland;VERUK1;Unfallkategorie;UNF-SACH;Schwerwiegende Unfälle mit Sachschaden i.e.S;VEROL1;Ortslage;ORTSLG03;auf Autobahnen;770;Anzahl;VER001;Unfälle (polizeilich erfasste)
46241;Statistik der Straßenverkehrsunfälle;JAHR;Jahr;2026;MONAT;Monate;MONAT04;April;DINSG;Deutschland insgesamt;DG;Deutschland;VERUK1;Unfallkategorie;UNF-SACH-UEBR;Übrige Sachschadensunfälle;VEROL1;Ortslage;ORTSLG02;außerorts (ohne Autobahnen);37549;Anzahl;VER001;Unfälle (polizeilich erfasste)
46241;Statistik der Straßenverkehrsunfälle;JAHR;Jahr;2025;MONAT;Monate;MONAT10;Oktober;DINSG;Deutschland insgesamt;DG;Deutschland;VERUK1;Unfallkategorie;UNF-SACH;Schwerwiegende Unfälle mit Sachschaden i.e.S;VEROL1;Ortslage;;Insgesamt;5767;Anzahl;VER001;Unfälle (polizeilich erfasste)
46241;Statistik der Straßenverkehrsunfälle;JAHR;Jahr;2025;MONAT;Monate;MONAT05;Mai;DINSG;Deutschland insgesamt;DG;Deutschland;VERUK1;Unfallkategorie;UNF-RAUSCH;Sonst. Unfälle unter dem Einfluss berausch. Mittel;VEROL1;Ortslage;ORTSLG02;außerorts (ohne Autobahnen);164;Anzahl;VER001;Unfälle (polizeilich erfasste)
46241;Statistik der Straßenverkehrsunfälle;JAHR;Jahr;2025;MONAT;Monate;MONAT10;Oktober;DINSG;Deutschland insgesamt;DG;Deutschland;VERUK1;Unfallkategorie;UNF-PERS;Unfälle mit Personenschaden;VEROL1;Ortslage;;Insgesamt;24162;Anzahl;VER001;Unfälle (polizeilich erfasste)
46241;Statistik der Straßenverkehrsunfälle;JAHR;Jahr;2025;MONAT;Monate;MONAT03;März;DINSG;Deutschland insgesamt;DG;Deutschland;VERUK1;Unfallkategorie;UNF-SACH-UEBR;Übrige Sachschadensunfälle;VEROL1;Ortslage;;Insgesamt;179021;Anzahl;VER001;Unfälle (polizeilich erfasste)
46241;Statistik der Straßenverkehrsunfälle;JAHR;Jahr;2025;MONAT;Monate;MONAT09;September;DINSG;Deutschland insgesamt;DG;Deutschland;VERUK1;Unfallkategorie;UNF-SACH;Schwerwiegende Unfälle mit Sachschaden i.e.S;VEROL1;Ortslage;ORTSLG03;auf Autobahnen;948;Anzahl;VER001;Unfälle (polizeilich erfasste)
46241;Statistik der Straßenverkehrsunfälle;JAHR;Jahr;2025;MONAT;Monate;MONAT12;Dezember;DINSG;Deutschland insgesamt;DG;Deutschland;VERUK1;Unfallkategorie;UNF-SACH;Schwerwiegende Unfälle mit Sachschaden i.e.S;VEROL1;Ortslage;ORTSLG03;auf Autobahnen;786;Anzahl;VER001;Unfälle (polizeilich erfasste)
46241;Statistik der Straßenverkehrsunfälle;JAHR;Jahr;2025;MONAT;Monate;MONAT11;November;DINSG;Deutschland insgesamt;DG;Deutschland;VERUK1;Unfallkategorie;UNF-SACH-UEBR;Übrige Sachschadensunfälle;VEROL1;Ortslage;ORTSLG03;auf Autobahnen;11857;Anzahl;VER001;Unfälle (polizeilich erfasste)
46241;Statistik der Straßenverkehrsunfälle;JAHR;Jahr;2026;MONAT;Monate;MONAT01;Januar;DINSG;Deutschland insgesamt;DG;Deutschland;VERUK1;Unfallkategorie;UNF-SACH-UEBR;Übrige Sachschadensunfälle;VEROL1;Ortslage;ORTSLG02;außerorts (ohne Autobahnen);37249;Anzahl;VER001;Unfälle (polizeilich erfasste)
46241;Statistik der Straßenverkehrsunfälle;JAHR;Jahr;2026;MONAT;Monate;MONAT04;April;DINSG;Deutschland insgesamt;DG;Deutschland;VERUK1;Unfallkategorie;UNF-RAUSCH;Sonst. Unfälle unter dem Einfluss berausch. Mittel;VEROL1;Ortslage;;Insgesamt;1077;Anzahl;VER001;Unfälle (polizeilich erfasste)
46241;Statistik der Straßenverkehrsunfälle;JAHR;Jahr;2025;MONAT;Monate;MONAT05;Mai;DINSG;Deutschland insgesamt;DG;Deutschland;VERUK1;Unfallkategorie;UNF-SACH;Schwerwiegende Unfälle mit Sachschaden i.e.S;VEROL1;Ortslage;ORTSLG02;außerorts (ohne Autobahnen);1166;Anzahl;VER001;Unfälle (polizeilich erfasste)
46241;Statistik der Straßenverkehrsunfälle;JAHR;Jahr;2025;MONAT;Monate;MONAT02;Februar;DINSG;Deutschland insgesamt;DG;Deutschland;VERUK1;Unfallkategorie;UNF-SACH;Schwerwiegende Unfälle mit Sachschaden i.e.S;VEROL1;Ortslage;ORTSLG02;außerorts (ohne Autobahnen);1351;Anzahl;VER001;Unfälle (polizeilich erfasste)
46241;Statistik der Straßenverkehrsunfälle;JAHR;Jahr;2025;MONAT;Monate;MONAT09;September;DINSG;Deutschland insgesamt;DG;Deutschland;VERUK1;Unfallkategorie;;Insgesamt;VEROL1;Ortslage;ORTSLG01;innerorts;161375;Anzahl;VER001;Unfälle (polizeilich erfasste)
46241;Statistik der Straßenverkehrsunfälle;JAHR;Jahr;2025;MONAT;Monate;MONAT11;November;DINSG;Deutschland insgesamt;DG;Deutschland;VERUK1;Unfallkategorie;UNF-SACH-UEBR;Übrige Sachschadensunfälle;VEROL1;Ortslage;;Insgesamt;194425;Anzahl;VER001;Unfälle (polizeilich erfasste)
46241;Statistik der Straßenverkehrsunfälle;JAHR;Jahr;2026;MONAT;Monate;MONAT12;Dezember;DINSG;Deutschland insgesamt;DG;Deutschland;VERUK1;Unfallkategorie;UNF-SACH;Schwerwiegende Unfälle mit Sachschaden i.e.S;VEROL1;Ortslage;ORTSLG03;auf Autobahnen;...;Anzahl;VER001;Unfälle (polizeilich erfasste)
46241;Statistik der Straßenverkehrsunfälle;JAHR;Jahr;2026;MONAT;Monate;MONAT05;Mai;DINSG;Deutschland insgesamt;DG;Deutschland;VERUK1;Unfallkategorie;UNF-PERS;Unfälle mit Personenschaden;VEROL1;Ortslage;;Insgesamt;29275;Anzahl;VER001;Unfälle (polizeilich erfasste)
46241;Statistik der Straßenverkehrsunfälle;JAHR;Jahr;2025;MONAT;Monate;MONAT12;Dezember;DINSG;Deutschland insgesamt;DG;Deutschland;VERUK1;Unfallkategorie;UNF-PERS;Unfälle mit Personenschaden;VEROL1;Ortslage;ORTSLG03;auf Autobahnen;1497;Anzahl;VER001;Unfälle (polizeilich erfasste)
46241;Statistik der Straßenverkehrsunfälle;JAHR;Jahr;2025;MONAT;Monate;MONAT01;Januar;DINSG;Deutschland insgesamt;DG;Deutschland;VERUK1;Unfallkategorie;UNF-SACH;Schwerwiegende Unfälle mit Sachschaden i.e.S;VEROL1;Ortslage;ORTSLG02;außerorts (ohne Autobahnen);1836;Anzahl;VER001;Unfälle (polizeilich erfasste)
46241;Statistik der Straßenverkehrsunfälle;JAHR;Jahr;2026;MONAT;Monate;MONAT01;Januar;DINSG;Deutschland insgesamt;DG;Deutschland;VERUK1;Unfallkategorie;UNF-SACH;Schwerwiegende Unfälle mit Sachschaden i.e.S;VEROL1;Ortslage;ORTSLG02;außerorts (ohne Autobahnen);2344;Anzahl;VER001;Unfälle (polizeilich erfasste)
46241;Statistik der Straßenverkehrsunfälle;JAHR;Jahr;2026;MONAT;Monate;MONAT02;Februar;DINSG;Deutschland insgesamt;DG;Deutschland;VERUK1;Unfallkategorie;UNF-SACH;Schwerwiegende Unfälle mit Sachschaden i.e.S;VEROL1;Ortslage;ORTSLG02;außerorts (ohne Autobahnen);1630;Anzahl;VER001;Unfälle (polizeilich erfasste)
46241;Statistik der Straßenverkehrsunfälle;JAHR;Jahr;2025;MONAT;Monate;MONAT04;April;DINSG;Deutschland insgesamt;DG;Deutschland;VERUK1;Unfallkategorie;UNF-RAUSCH;Sonst. Unfälle unter dem Einfluss berausch. Mittel;VEROL1;Ortslage;ORTSLG02;außerorts (ohne Autobahnen);157;Anzahl;VER001;Unfälle (polizeilich erfasste)
46241;Statistik der Straßenverkehrsunfälle;JAHR;Jahr;2025;MONAT;Monate;MONAT05;Mai;DINSG;Deutschland insgesamt;DG;Deutschland;VERUK1;Unfallkategorie;;Insgesamt;VEROL1;Ortslage;;Insgesamt;205969;Anzahl;VER001;Unfälle (polizeilich erfasste)
46241;Statistik der Straßenverkehrsunfälle;JAHR;Jahr;2026;MONAT;Monate;MONAT03;März;DINSG;Deutschland insgesamt;DG;Deutschland;VERUK1;Unfallkategorie;UNF-SACH-UEBR;Übrige Sachschadensunfälle;VEROL1;Ortslage;ORTSLG03;auf Autobahnen;10865;Anzahl;VER001;Unfälle (polizeilich erfasste)
46241;Statistik der Straßenverkehrsunfälle;JAHR;Jahr;2025;MONAT;Monate;MONAT05;Mai;DINSG;Deutschland insgesamt;DG;Deutschland;VERUK1;Unfallkategorie;UNF-SACH-UEBR;Übrige Sachschadensunfälle;VEROL1;Ortslage;ORTSLG03;auf Autobahnen;9780;Anzahl;VER001;Unfälle (polizeilich erfasste)
46241;Statistik der Straßenverkehrsunfälle;JAHR;Jahr;2025;MONAT;Monate;MONAT08;August;DINSG;Deutschland insgesamt;DG;Deutschland;VERUK1;Unfallkategorie;UNF-SACH-UEBR;Übrige Sachschadensunfälle;VEROL1;Ortslage;ORTSLG03;auf Autobahnen;11333;Anzahl;VER001;Unfälle (polizeilich erfasste)
46241;Statistik der Straßenverkehrsunfälle;JAHR;Jahr;2025;MONAT;Monate;MONAT03;März;DINSG;Deutschland insgesamt;DG;Deutschland;VERUK1;Unfallkategorie;UNF-PERS;Unfälle mit Personenschaden;VEROL1;Ortslage;ORTSLG02;außerorts (ohne Autobahnen);5060;Anzahl;VER001;Unfälle (polizeilich erfasste)
46241;Statistik der Straßenverkehrsunfälle;JAHR;Jahr;2025;MONAT;Monate;MONAT08;August;DINSG;Deutschland insgesamt;DG;Deutschland;VERUK1;Unfallkategorie;UNF-SACH;Schwerwiegende Unfälle mit Sachschaden i.e.S;VEROL1;Ortslage;;Insgesamt;4520;Anzahl;VER001;Unfälle (polizeilich erfasste)
46241;Statistik der Straßenverkehrsunfälle;JAHR;Jahr;2025;MONAT;Monate;MONAT05;Mai;DINSG;Deutschland insgesamt;DG;Deutschland;VERUK1;Unfallkategorie;UNF-PERS;Unfälle mit Personenschaden;VEROL1;Ortslage;ORTSLG02;außerorts (ohne Autobahnen);6522;Anzahl;VER001;Unfälle (polizeilich erfasste)
46241;Statistik der Straßenverkehrsunfälle;JAHR;Jahr;2025;MONAT;Monate;MONAT07;Juli;DINSG;Deutschland insgesamt;DG;Deutschland;VERUK1;Unfallkategorie;UNF-PERS;Unfälle mit Personenschaden;VEROL1;Ortslage;ORTSLG02;außerorts (ohne Autobahnen);6871;Anzahl;VER001;Unfälle (polizeilich erfasste)
46241;Statistik der Straßenverkehrsunfälle;JAHR;Jahr;2025;MONAT;Monate;MONAT03;März;DINSG;Deutschland insgesamt;DG;Deutschland;VERUK1;Unfallkategorie;;Insgesamt;VEROL1;Ortslage;ORTSLG02;außerorts (ohne Autobahnen);37383;Anzahl;VER001;Unfälle (polizeilich erfasste)
46241;Statistik der Straßenverkehrsunfälle;JAHR;Jahr;2026;MONAT;Monate;MONAT05;Mai;DINSG;Deutschland insgesamt;DG;Deutschland;VERUK1;Unfallkategorie;UNF-RAUSCH;Sonst. Unfälle unter dem Einfluss berausch. Mittel;VEROL1;Ortslage;ORTSLG02;außerorts (ohne Autobahnen);175;Anzahl;VER001;Unfälle (polizeilich erfasste)
46241;Statistik der Straßenverkehrsunfälle;JAHR;Jahr;2025;MONAT;Monate;MONAT12;Dezember;DINSG;Deutschland insgesamt;DG;Deutschland;VERUK1;Unfallkategorie;UNF-SACH-UEBR;Übrige Sachschadensunfälle;VEROL1;Ortslage;ORTSLG01;innerorts;134274;Anzahl;VER001;Unfälle (polizeilich erfasste)
46241;Statistik der Straßenverkehrsunfälle;JAHR;Jahr;2026;MONAT;Monate;MONAT05;Mai;DINSG;Deutschland insgesamt;DG;Deutschland;VERUK1;Unfallkategorie;UNF-SACH;Schwerwiegende Unfälle mit Sachschaden i.e.S;VEROL1;Ortslage;ORTSLG02;außerorts (ohne Autobahnen);1159;Anzahl;VER001;Unfälle (polizeilich erfasste)
46241;Statistik der Straßenverkehrsunfälle;JAHR;Jahr;2025;MONAT;Monate;MONAT08;August;DINSG;Deutschland insgesamt;DG;Deutschland;VERUK1;Unfallkategorie;UNF-RAUSCH;Sonst. Unfälle unter dem Einfluss berausch. Mittel;VEROL1;Ortslage;ORTSLG02;außerorts (ohne Autobahnen);160;Anzahl;VER001;Unfälle (polizeilich erfasste)
46241;Statistik der Straßenverkehrsunfälle;JAHR;Jahr;2025;MONAT;Monate;MONAT12;Dezember;DINSG;Deutschland insgesamt;DG;Deutschland;VERUK1;Unfallkategorie;;Insgesamt;VEROL1;Ortslage;ORTSLG01;innerorts;152011;Anzahl;VER001;Unfälle (polizeilich erfasste)
46241;Statistik der Straßenverkehrsunfälle;JAHR;Jahr;2025;MONAT;Monate;MONAT06;Juni;DINSG;Deutschland insgesamt;DG;Deutschland;VERUK1;Unfallkategorie;UNF-PERS;Unfälle mit Personenschaden;VEROL1;Ortslage;;Insgesamt;30270;Anzahl;VER001;Unfälle (polizeilich erfasste)
46241;Statistik der Straßenverkehrsunfälle;JAHR;Jahr;2025;MONAT;Monate;MONAT09;September;DINSG;Deutschland insgesamt;DG;Deutschland;VERUK1;Unfallkategorie;UNF-PERS;Unfälle mit Personenschaden;VEROL1;Ortslage;ORTSLG02;außerorts (ohne Autobahnen);6530;Anzahl;VER001;Unfälle (polizeilich erfasste)
46241;Statistik der Straßenverkehrsunfälle;JAHR;Jahr;2026;MONAT;Monate;MONAT08;August;DINSG;Deutschland insgesamt;DG;Deutschland;VERUK1;Unfallkategorie;;Insgesamt;VEROL1;Ortslage;ORTSLG02;außerorts (ohne Autobahnen);...;Anzahl;VER001;Unfälle (polizeilich erfasste)
46241;Statistik der Straßenverkehrsunfälle;JAHR;Jahr;2026;MONAT;Monate;MONAT07;Juli;DINSG;Deutschland insgesamt;DG;Deutschland;VERUK1;Unfallkategorie;UNF-SACH;Schwerwiegende Unfälle mit Sachschaden i.e.S;VEROL1;Ortslage;ORTSLG02;außerorts (ohne Autobahnen);...;Anzahl;VER001;Unfälle (polizeilich erfasste)
46241;Statistik der Straßenverkehrsunfälle;JAHR;Jahr;2026;MONAT;Monate;MONAT06;Juni;DINSG;Deutschland insgesamt;DG;Deutschland;VERUK1;Unfallkategorie;UNF-SACH-UEBR;Übrige Sachschadensunfälle;VEROL1;Ortslage;;Insgesamt;183989;Anzahl;VER001;Unfälle (polizeilich erfasste)
46241;Statistik der Straßenverkehrsunfälle;JAHR;Jahr;2026;MONAT;Monate;MONAT02;Februar;DINSG;Deutschland insgesamt;DG;Deutschland;VERUK1;Unfallkategorie;UNF-SACH-UEBR;Übrige Sachschadensunfälle;VEROL1;Ortslage;ORTSLG03;auf Autobahnen;10408;Anzahl;VER001;Unfälle (polizeilich erfasste)
46241;Statistik der Straßenverkehrsunfälle;JAHR;Jahr;2026;MONAT;Monate;MONAT09;September;DINSG;Deutschland insgesamt;DG;Deutschland;VERUK1;Unfallkategorie;UNF-SACH;Schwerwiegende Unfälle mit Sachschaden i.e.S;VEROL1;Ortslage;ORTSLG02;außerorts (ohne Autobahnen);...;Anzahl;VER001;Unfälle (polizeilich erfasste)
46241;Statistik der Straßenverkehrsunfälle;JAHR;Jahr;2025;MONAT;Monate;MONAT09;September;DINSG;Deutschland insgesamt;DG;Deutschland;VERUK1;Unfallkategorie;UNF-SACH-UEBR;Übrige Sachschadensunfälle;VEROL1;Ortslage;ORTSLG01;innerorts;137655;Anzahl;VER001;Unfälle (polizeilich erfasste)
46241;Statistik der Straßenverkehrsunfälle;JAHR;Jahr;2026;MONAT;Monate;MONAT08;August;DINSG;Deutschland insgesamt;DG;Deutschland;VERUK1;Unfallkategorie;UNF-RAUSCH;Sonst. Unfälle unter dem Einfluss berausch. Mittel;VEROL1;Ortslage;ORTSLG01;innerorts;...;Anzahl;VER001;Unfälle (polizeilich erfasste)
46241;Statistik der Straßenverkehrsunfälle;JAHR;Jahr;2025;MONAT;Monate;MONAT05;Mai;DINSG;Deutschland insgesamt;DG;Deutschland;VERUK1;Unfallkategorie;UNF-RAUSCH;Sonst. Unfälle unter dem Einfluss berausch. Mittel;VEROL1;Ortslage;ORTSLG03;auf Autobahnen;69;Anzahl;VER001;Unfälle (polizeilich erfasste)
46241;Statistik der Straßenverkehrsunfälle;JAHR;Jahr;2025;MONAT;Monate;MONAT01;Januar;DINSG;Deutschland insgesamt;DG;Deutschland;VERUK1;Unfallkategorie;UNF-RAUSCH;Sonst. Unfälle unter dem Einfluss berausch. Mittel;VEROL1;Ortslage;ORTSLG01;innerorts;825;Anzahl;VER001;Unfälle (polizeilich erfasste)
46241;Statistik der Straßenverkehrsunfälle;JAHR;Jahr;2026;MONAT;Monate;MONAT01;Januar;DINSG;Deutschland insgesamt;DG;Deutschland;VERUK1;Unfallkategorie;UNF-SACH-UEBR;Übrige Sachschadensunfälle;VEROL1;Ortslage;ORTSLG03;auf Autobahnen;11535;Anzahl;VER001;Unfälle (polizeilich erfasste)
46241;Statistik der Straßenverkehrsunfälle;JAHR;Jahr;2025;MONAT;Monate;MONAT10;Oktober;DINSG;Deutschland insgesamt;DG;Deutschland;VERUK1;Unfallkategorie;UNF-SACH-UEBR;Übrige Sachschadensunfälle;VEROL1;Ortslage;;Insgesamt;192565;Anzahl;VER001;Unfälle (polizeilich erfasste)
46241;Statistik der Straßenverkehrsunfälle;JAHR;Jahr;2025;MONAT;Monate;MONAT12;Dezember;DINSG;Deutschland insgesamt;DG;Deutschland;VERUK1;Unfallkategorie;UNF-RAUSCH;Sonst. Unfälle unter dem Einfluss berausch. Mittel;VEROL1;Ortslage;ORTSLG02;außerorts (ohne Autobahnen);204;Anzahl;VER001;Unfälle (polizeilich erfasste)
46241;Statistik der Straßenverkehrsunfälle;JAHR;Jahr;2026;MONAT;Monate;MONAT08;August;DINSG;Deutschland insgesamt;DG;Deutschland;VERUK1;Unfallkategorie;;Insgesamt;VEROL1;Ortslage;;Insgesamt;...;Anzahl;VER001;Unfälle (polizeilich erfasste)
46241;Statistik der Straßenverkehrsunfälle;JAHR;Jahr;2026;MONAT;Monate;MONAT11;November;DINSG;Deutschland insgesamt;DG;Deutschland;VERUK1;Unfallkategorie;;Insgesamt;VEROL1;Ortslage;ORTSLG03;auf Autobahnen;...;Anzahl;VER001;Unfälle (polizeilich erfasste)
46241;Statistik der Straßenverkehrsunfälle;JAHR;Jahr;2025;MONAT;Monate;MONAT04;April;DINSG;Deutschland insgesamt;DG;Deutschland;VERUK1;Unfallkategorie;UNF-SACH;Schwerwiegende Unfälle mit Sachschaden i.e.S;VEROL1;Ortslage;ORTSLG03;auf Autobahnen;637;Anzahl;VER001;Unfälle (polizeilich erfasste)
46241;Statistik der Straßenverkehrsunfälle;JAHR;Jahr;2025;MONAT;Monate;MONAT07;Juli;DINSG;Deutschland insgesamt;DG;Deutschland;VERUK1;Unfallkategorie;UNF-SACH-UEBR;Übrige Sachschadensunfälle;VEROL1;Ortslage;ORTSLG01;innerorts;137201;Anzahl;VER001;Unfälle (polizeilich erfasste)
46241;Statistik der Straßenverkehrsunfälle;JAHR;Jahr;2025;MONAT;Monate;MONAT02;Februar;DINSG;Deutschland insgesamt;DG;Deutschland;VERUK1;Unfallkategorie;UNF-SACH;Schwerwiegende Unfälle mit Sachschaden i.e.S;VEROL1;Ortslage;ORTSLG03;auf Autobahnen;646;Anzahl;VER001;Unfälle (polizeilich erfasste)
46241;Statistik der Straßenverkehrsunfälle;JAHR;Jahr;2026;MONAT;Monate;MONAT04;April;DINSG;Deutschland insgesamt;DG;Deutschland;VERUK1;Unfallkategorie;UNF-SACH;Schwerwiegende Unfälle mit Sachschaden i.e.S;VEROL1;Ortslage;;Insgesamt;4370;Anzahl;VER001;Unfälle (polizeilich erfasste)
46241;Statistik der Straßenverkehrsunfälle;JAHR;Jahr;2026;MONAT;Monate;MONAT12;Dezember;DINSG;Deutschland insgesamt;DG;Deutschland;VERUK1;Unfallkategorie;UNF-SACH;Schwerwiegende Unfälle mit Sachschaden i.e.S;VEROL1;Ortslage;ORTSLG02;außerorts (ohne Autobahnen);...;Anzahl;VER001;Unfälle (polizeilich erfasste)
46241;Statistik der Straßenverkehrsunfälle;JAHR;Jahr;2026;MONAT;Monate;MONAT10;Oktober;DINSG;Deutschland insgesamt;DG;Deutschland;VERUK1;Unfallkategorie;;Insgesamt;VEROL1;Ortslage;ORTSLG01;innerorts;...;Anzahl;VER001;Unfälle (polizeilich erfasste)
46241;Statistik der Straßenverkehrsunfälle;JAHR;Jahr;2025;MONAT;Monate;MONAT10;Oktober;DINSG;Deutschland insgesamt;DG;Deutschland;VERUK1;Unfallkategorie;UNF-PERS;Unfälle mit Personenschaden;VEROL1;Ortslage;ORTSLG02;außerorts (ohne Autobahnen);5479;Anzahl;VER001;Unfälle (polizeilich erfasste)
46241;Statistik der Straßenverkehrsunfälle;JAHR;Jahr;2025;MONAT;Monate;MONAT12;Dezember;DINSG;Deutschland insgesamt;DG;Deutschland;VERUK1;Unfallkategorie;UNF-PERS;Unfälle mit Personenschaden;VEROL1;Ortslage;ORTSLG02;außerorts (ohne Autobahnen);4672;Anzahl;VER001;Unfälle (polizeilich erfasste)
46241;Statistik der Straßenverkehrsunfälle;JAHR;Jahr;2026;MONAT;Monate;MONAT10;Oktober;DINSG;Deutschland insgesamt;DG;Deutschland;VERUK1;Unfallkategorie;UNF-SACH;Schwerwiegende Unfälle mit Sachschaden i.e.S;VEROL1;Ortslage;ORTSLG02;außerorts (ohne Autobahnen);...;Anzahl;VER001;Unfälle (polizeilich erfasste)
46241;Statistik der Straßenverkehrsunfälle;JAHR;Jahr;2025;MONAT;Monate;MONAT10;Oktober;DINSG;Deutschland insgesamt;DG;Deutschland;VERUK1;Unfallkategorie;UNF-SACH-UEBR;Übrige Sachschadensunfälle;VEROL1;Ortslage;ORTSLG01;innerorts;142822;Anzahl;VER001;Unfälle (polizeilich erfasste)
46241;Statistik der Straßenverkehrsunfälle;JAHR;Jahr;2026;MONAT;Monate;MONAT05;Mai;DINSG;Deutschland insgesamt;DG;Deutschland;VERUK1;Unfallkategorie;UNF-SACH;Schwerwiegende Unfälle mit Sachschaden i.e.S;VEROL1;Ortslage;ORTSLG01;innerorts;2859;Anzahl;VER001;Unfälle (polizeilich erfasste)
46241;Statistik der Straßenverkehrsunfälle;JAHR;Jahr;2026;MONAT;Monate;MONAT05;Mai;DINSG;Deutschland insgesamt;DG;Deutschland;VERUK1;Unfallkategorie;UNF-RAUSCH;Sonst. Unfälle unter dem Einfluss berausch. Mittel;VEROL1;Ortslage;ORTSLG03;auf Autobahnen;63;Anzahl;VER001;Unfälle (polizeilich erfasste)
46241;Statistik der Straßenverkehrsunfälle;JAHR;Jahr;2025;MONAT;Monate;MONAT03;März;DINSG;Deutschland insgesamt;DG;Deutschland;VERUK1;Unfallkategorie;;Insgesamt;VEROL1;Ortslage;;Insgesamt;207061;Anzahl;VER001;Unfälle (polizeilich erfasste)
46241;Statistik der Straßenverkehrsunfälle;JAHR;Jahr;2026;MONAT;Monate;MONAT03;März;DINSG;Deutschland insgesamt;DG;Deutschland;VERUK1;Unfallkategorie;UNF-SACH;Schwerwiegende Unfälle mit Sachschaden i.e.S;VEROL1;Ortslage;ORTSLG01;innerorts;3035;Anzahl;VER001;Unfälle (polizeilich erfasste)
46241;Statistik der Straßenverkehrsunfälle;JAHR;Jahr;2026;MONAT;Monate;MONAT01;Januar;DINSG;Deutschland insgesamt;DG;Deutschland;VERUK1;Unfallkategorie;UNF-SACH;Schwerwiegende Unfälle mit Sachschaden i.e.S;VEROL1;Ortslage;ORTSLG01;innerorts;3703;Anzahl;VER001;Unfälle (polizeilich erfasste)
46241;Statistik der Straßenverkehrsunfälle;JAHR;Jahr;2025;MONAT;Monate;MONAT04;April;DINSG;Deutschland insgesamt;DG;Deutschland;VERUK1;Unfallkategorie;UNF-PERS;Unfälle mit Personenschaden;VEROL1;Ortslage;ORTSLG01;innerorts;17906;Anzahl;VER001;Unfälle (polizeilich erfasste)
46241;Statistik der Straßenverkehrsunfälle;JAHR;Jahr;2025;MONAT;Monate;MONAT07;Juli;DINSG;Deutschland insgesamt;DG;Deutschland;VERUK1;Unfallkategorie;UNF-PERS;Unfälle mit Personenschaden;VEROL1;Ortslage;;Insgesamt;29790;Anzahl;VER001;Unfälle (polizeilich erfasste)
46241;Statistik der Straßenverkehrsunfälle;JAHR;Jahr;2025;MONAT;Monate;MONAT08;August;DINSG;Deutschland insgesamt;DG;Deutschland;VERUK1;Unfallkategorie;UNF-PERS;Unfälle mit Personenschaden;VEROL1;Ortslage;ORTSLG01;innerorts;19850;Anzahl;VER001;Unfälle (polizeilich erfasste)
46241;Statistik der Straßenverkehrsunfälle;JAHR;Jahr;2025;MONAT;Monate;MONAT05;Mai;DINSG;Deutschland insgesamt;DG;Deutschland;VERUK1;Unfallkategorie;UNF-PERS;Unfälle mit Personenschaden;VEROL1;Ortslage;ORTSLG01;innerorts;20171;Anzahl;VER001;Unfälle (polizeilich erfasste)
46241;Statistik der Straßenverkehrsunfälle;JAHR;Jahr;2025;MONAT;Monate;MONAT07;Juli;DINSG;Deutschland insgesamt;DG;Deutschland;VERUK1;Unfallkategorie;UNF-SACH;Schwerwiegende Unfälle mit Sachschaden i.e.S;VEROL1;Ortslage;;Insgesamt;5178;Anzahl;VER001;Unfälle (polizeilich erfasste)
46241;Statistik der Straßenverkehrsunfälle;JAHR;Jahr;2025;MONAT;Monate;MONAT07;Juli;DINSG;Deutschland insgesamt;DG;Deutschland;VERUK1;Unfallkategorie;UNF-PERS;Unfälle mit Personenschaden;VEROL1;Ortslage;ORTSLG01;innerorts;21025;Anzahl;VER001;Unfälle (polizeilich erfasste)
46241;Statistik der Straßenverkehrsunfälle;JAHR;Jahr;2025;MONAT;Monate;MONAT06;Juni;DINSG;Deutschland insgesamt;DG;Deutschland;VERUK1;Unfallkategorie;UNF-PERS;Unfälle mit Personenschaden;VEROL1;Ortslage;ORTSLG01;innerorts;21544;Anzahl;VER001;Unfälle (polizeilich erfasste)
46241;Statistik der Straßenverkehrsunfälle;JAHR;Jahr;2025;MONAT;Monate;MONAT03;März;DINSG;Deutschland insgesamt;DG;Deutschland;VERUK1;Unfallkategorie;;Insgesamt;VEROL1;Ortslage;ORTSLG03;auf Autobahnen;12572;Anzahl;VER001;Unfälle (polizeilich erfasste)
46241;Statistik der Straßenverkehrsunfälle;JAHR;Jahr;2025;MONAT;Monate;MONAT08;August;DINSG;Deutschland insgesamt;DG;Deutschland;VERUK1;Unfallkategorie;UNF-RAUSCH;Sonst. Unfälle unter dem Einfluss berausch. Mittel;VEROL1;Ortslage;ORTSLG03;auf Autobahnen;89;Anzahl;VER001;Unfälle (polizeilich erfasste)
46241;Statistik der Straßenverkehrsunfälle;JAHR;Jahr;2026;MONAT;Monate;MONAT07;Juli;DINSG;Deutschland insgesamt;DG;Deutschland;VERUK1;Unfallkategorie;;Insgesamt;VEROL1;Ortslage;;Insgesamt;...;Anzahl;VER001;Unfälle (polizeilich erfasste)
46241;Statistik der Straßenverkehrsunfälle;JAHR;Jahr;2026;MONAT;Monate;MONAT07;Juli;DINSG;Deutschland insgesamt;DG;Deutschland;VERUK1;Unfallkategorie;UNF-SACH-UEBR;Übrige Sachschadensunfälle;VEROL1;Ortslage;;Insgesamt;...;Anzahl;VER001;Unfälle (polizeilich erfasste)
46241;Statistik der Straßenverkehrsunfälle;JAHR;Jahr;2026;MONAT;Monate;MONAT06;Juni;DINSG;Deutschland insgesamt;DG;Deutschland;VERUK1;Unfallkategorie;UNF-SACH;Schwerwiegende Unfälle mit Sachschaden i.e.S;VEROL1;Ortslage;ORTSLG01;innerorts;2747;Anzahl;VER001;Unfälle (polizeilich erfasste)
46241;Statistik der Straßenverkehrsunfälle;JAHR;Jahr;2026;MONAT;Monate;MONAT07;Juli;DINSG;Deutschland insgesamt;DG;Deutschland;VERUK1;Unfallkategorie;UNF-SACH;Schwerwiegende Unfälle mit Sachschaden i.e.S;VEROL1;Ortslage;ORTSLG01;innerorts;...;Anzahl;VER001;Unfälle (polizeilich erfasste)
46241;Statistik der Straßenverkehrsunfälle;JAHR;Jahr;2026;MONAT;Monate;MONAT08;August;DINSG;Deutschland insgesamt;DG;Deutschland;VERUK1;Unfallkategorie;UNF-SACH;Schwerwiegende Unfälle mit Sachschaden i.e.S;VEROL1;Ortslage;ORTSLG01;innerorts;...;Anzahl;VER001;Unfälle (polizeilich erfasste)
46241;Statistik der Straßenverkehrsunfälle;JAHR;Jahr;2026;MONAT;Monate;MONAT09;September;DINSG;Deutschland insgesamt;DG;Deutschland;VERUK1;Unfallkategorie;UNF-SACH;Schwerwiegende Unfälle mit Sachschaden i.e.S;VEROL1;Ortslage;ORTSLG01;innerorts;...;Anzahl;VER001;Unfälle (polizeilich erfasste)
46241;Statistik der Straßenverkehrsunfälle;JAHR;Jahr;2025;MONAT;Monate;MONAT09;September;DINSG;Deutschland insgesamt;DG;Deutschland;VERUK1;Unfallkategorie;UNF-PERS;Unfälle mit Personenschaden;VEROL1;Ortslage;ORTSLG01;innerorts;19871;Anzahl;VER001;Unfälle (polizeilich erfasste)
46241;Statistik der Straßenverkehrsunfälle;JAHR;Jahr;2026;MONAT;Monate;MONAT01;Januar;DINSG;Deutschland insgesamt;DG;Deutschland;VERUK1;Unfallkategorie;UNF-RAUSCH;Sonst. Unfälle unter dem Einfluss berausch. Mittel;VEROL1;Ortslage;ORTSLG01;innerorts;715;Anzahl;VER001;Unfälle (polizeilich erfasste)
46241;Statistik der Straßenverkehrsunfälle;JAHR;Jahr;2026;MONAT;Monate;MONAT08;August;DINSG;Deutschland insgesamt;DG;Deutschland;VERUK1;Unfallkategorie;;Insgesamt;VEROL1;Ortslage;ORTSLG03;auf Autobahnen;...;Anzahl;VER001;Unfälle (polizeilich erfasste)
46241;Statistik der Straßenverkehrsunfälle;JAHR;Jahr;2026;MONAT;Monate;MONAT12;Dezember;DINSG;Deutschland insgesamt;DG;Deutschland;VERUK1;Unfallkategorie;UNF-RAUSCH;Sonst. Unfälle unter dem Einfluss berausch. Mittel;VEROL1;Ortslage;ORTSLG03;auf Autobahnen;...;Anzahl;VER001;Unfälle (polizeilich erfasste)
46241;Statistik der Straßenverkehrsunfälle;JAHR;Jahr;2025;MONAT;Monate;MONAT01;Januar;DINSG;Deutschland insgesamt;DG;Deutschland;VERUK1;Unfallkategorie;UNF-SACH-UEBR;Übrige Sachschadensunfälle;VEROL1;Ortslage;;Insgesamt;174859;Anzahl;VER001;Unfälle (polizeilich erfasste)
46241;Statistik der Straßenverkehrsunfälle;JAHR;Jahr;2025;MONAT;Monate;MONAT01;Januar;DINSG;Deutschland insgesamt;DG;Deutschland;VERUK1;Unfallkategorie;UNF-RAUSCH;Sonst. Unfälle unter dem Einfluss berausch. Mittel;VEROL1;Ortslage;;Insgesamt;1093;Anzahl;VER001;Unfälle (polizeilich erfasste)
46241;Statistik der Straßenverkehrsunfälle;JAHR;Jahr;2026;MONAT;Monate;MONAT02;Februar;DINSG;Deutschland insgesamt;DG;Deutschland;VERUK1;Unfallkategorie;UNF-SACH-UEBR;Übrige Sachschadensunfälle;VEROL1;Ortslage;ORTSLG02;außerorts (ohne Autobahnen);32292;Anzahl;VER001;Unfälle (polizeilich erfasste)
46241;Statistik der Straßenverkehrsunfälle;JAHR;Jahr;2025;MONAT;Monate;MONAT06;Juni;DINSG;Deutschland insgesamt;DG;Deutschland;VERUK1;Unfallkategorie;UNF-SACH-UEBR;Übrige Sachschadensunfälle;VEROL1;Ortslage;ORTSLG03;auf Autobahnen;11595;Anzahl;VER001;Unfälle (polizeilich erfasste)
46241;Statistik der Straßenverkehrsunfälle;JAHR;Jahr;2026;MONAT;Monate;MONAT08;August;DINSG;Deutschland insgesamt;DG;Deutschland;VERUK1;Unfallkategorie;UNF-RAUSCH;Sonst. Unfälle unter dem Einfluss berausch. Mittel;VEROL1;Ortslage;ORTSLG02;außerorts (ohne Autobahnen);...;Anzahl;VER001;Unfälle (polizeilich erfasste)
46241;Statistik der Straßenverkehrsunfälle;JAHR;Jahr;2025;MONAT;Monate;MONAT02;Februar;DINSG;Deutschland insgesamt;DG;Deutschland;VERUK1;Unfallkategorie;UNF-RAUSCH;Sonst. Unfälle unter dem Einfluss berausch. Mittel;VEROL1;Ortslage;;Insgesamt;1033;Anzahl;VER001;Unfälle (polizeilich erfasste)
46241;Statistik der Straßenverkehrsunfälle;JAHR;Jahr;2025;MONAT;Monate;MONAT01;Januar;DINSG;Deutschland insgesamt;DG;Deutschland;VERUK1;Unfallkategorie;UNF-RAUSCH;Sonst. Unfälle unter dem Einfluss berausch. Mittel;VEROL1;Ortslage;ORTSLG02;außerorts (ohne Autobahnen);205;Anzahl;VER001;Unfälle (polizeilich erfasste)
46241;Statistik der Straßenverkehrsunfälle;JAHR;Jahr;2025;MONAT;Monate;MONAT11;November;DINSG;Deutschland insgesamt;DG;Deutschland;VERUK1;Unfallkategorie;UNF-SACH-UEBR;Übrige Sachschadensunfälle;VEROL1;Ortslage;ORTSLG01;innerorts;143628;Anzahl;VER001;Unfälle (polizeilich erfasste)
46241;Statistik der Straßenverkehrsunfälle;JAHR;Jahr;2025;MONAT;Monate;MONAT12;Dezember;DINSG;Deutschland insgesamt;DG;Deutschland;VERUK1;Unfallkategorie;UNF-RAUSCH;Sonst. Unfälle unter dem Einfluss berausch. Mittel;VEROL1;Ortslage;ORTSLG03;auf Autobahnen;81;Anzahl;VER001;Unfälle (polizeilich erfasste)
46241;Statistik der Straßenverkehrsunfälle;JAHR;Jahr;2026;MONAT;Monate;MONAT12;Dezember;DINSG;Deutschland insgesamt;DG;Deutschland;VERUK1;Unfallkategorie;UNF-SACH;Schwerwiegende Unfälle mit Sachschaden i.e.S;VEROL1;Ortslage;ORTSLG01;innerorts;...;Anzahl;VER001;Unfälle (polizeilich erfasste)
46241;Statistik der Straßenverkehrsunfälle;JAHR;Jahr;2026;MONAT;Monate;MONAT11;November;DINSG;Deutschland insgesamt;DG;Deutschland;VERUK1;Unfallkategorie;UNF-SACH;Schwerwiegende Unfälle mit Sachschaden i.e.S;VEROL1;Ortslage;ORTSLG01;innerorts;...;Anzahl;VER001;Unfälle (polizeilich erfasste)
46241;Statistik der Straßenverkehrsunfälle;JAHR;Jahr;2025;MONAT;Monate;MONAT07;Juli;DINSG;Deutschland insgesamt;DG;Deutschland;VERUK1;Unfallkategorie;UNF-SACH-UEBR;Übrige Sachschadensunfälle;VEROL1;Ortslage;ORTSLG02;außerorts (ohne Autobahnen);34972;Anzahl;VER001;Unfälle (polizeilich erfasste)
46241;Statistik der Straßenverkehrsunfälle;JAHR;Jahr;2026;MONAT;Monate;MONAT04;April;DINSG;Deutschland insgesamt;DG;Deutschland;VERUK1;Unfallkategorie;UNF-PERS;Unfälle mit Personenschaden;VEROL1;Ortslage;;Insgesamt;24993;Anzahl;VER001;Unfälle (polizeilich erfasste)
46241;Statistik der Straßenverkehrsunfälle;JAHR;Jahr;2026;MONAT;Monate;MONAT10;Oktober;DINSG;Deutschland insgesamt;DG;Deutschland;VERUK1;Unfallkategorie;;Insgesamt;VEROL1;Ortslage;ORTSLG02;außerorts (ohne Autobahnen);...;Anzahl;VER001;Unfälle (polizeilich erfasste)
46241;Statistik der Straßenverkehrsunfälle;JAHR;Jahr;2025;MONAT;Monate;MONAT10;Oktober;DINSG;Deutschland insgesamt;DG;Deutschland;VERUK1;Unfallkategorie;UNF-SACH-UEBR;Übrige Sachschadensunfälle;VEROL1;Ortslage;ORTSLG02;außerorts (ohne Autobahnen);37080;Anzahl;VER001;Unfälle (polizeilich erfasste)
46241;Statistik der Straßenverkehrsunfälle;JAHR;Jahr;2025;MONAT;Monate;MONAT10;Oktober;DINSG;Deutschland insgesamt;DG;Deutschland;VERUK1;Unfallkategorie;UNF-PERS;Unfälle mit Personenschaden;VEROL1;Ortslage;ORTSLG01;innerorts;16958;Anzahl;VER001;Unfälle (polizeilich erfasste)
46241;Statistik der Straßenverkehrsunfälle;JAHR;Jahr;2025;MONAT;Monate;MONAT11;November;DINSG;Deutschland insgesamt;DG;Deutschland;VERUK1;Unfallkategorie;UNF-PERS;Unfälle mit Personenschaden;VEROL1;Ortslage;ORTSLG01;innerorts;15657;Anzahl;VER001;Unfälle (polizeilich erfasste)
46241;Statistik der Straßenverkehrsunfälle;JAHR;Jahr;2026;MONAT;Monate;MONAT10;Oktober;DINSG;Deutschland insgesamt;DG;Deutschland;VERUK1;Unfallkategorie;UNF-SACH;Schwerwiegende Unfälle mit Sachschaden i.e.S;VEROL1;Ortslage;ORTSLG01;innerorts;...;Anzahl;VER001;Unfälle (polizeilich erfasste)
46241;Statistik der Straßenverkehrsunfälle;JAHR;Jahr;2025;MONAT;Monate;MONAT12;Dezember;DINSG;Deutschland insgesamt;DG;Deutschland;VERUK1;Unfallkategorie;UNF-PERS;Unfälle mit Personenschaden;VEROL1;Ortslage;ORTSLG01;innerorts;13306;Anzahl;VER001;Unfälle (polizeilich erfasste)
46241;Statistik der Straßenverkehrsunfälle;JAHR;Jahr;2025;MONAT;Monate;MONAT08;August;DINSG;Deutschland insgesamt;DG;Deutschland;VERUK1;Unfallkategorie;UNF-SACH-UEBR;Übrige Sachschadensunfälle;VEROL1;Ortslage;ORTSLG01;innerorts;122478;Anzahl;VER001;Unfälle (polizeilich erfasste)
46241;Statistik der Straßenverkehrsunfälle;JAHR;Jahr;2026;MONAT;Monate;MONAT02;Februar;DINSG;Deutschland insgesamt;DG;Deutschland;VERUK1;Unfallkategorie;UNF-RAUSCH;Sonst. Unfälle unter dem Einfluss berausch. Mittel;VEROL1;Ortslage;;Insgesamt;934;Anzahl;VER001;Unfälle (polizeilich erfasste)
