statistics_code;statistics_label;time_code;time_label;time;1_variable_code;1_variable_label;1_variable_attribute_code;1_variable_attribute_label;2_variable_code;2_variable_label;2_variable_attribute_code;2_variable_attribute_label;value;value_unit;value_variable_code;value_variable_label
22522;Statistik der Pflegeerlaubnis, Vormundschaften etc;JAHR;Jahr;2025;DLAND;Bundesländer;02;Hamburg;MNHFG1;Art der eingeleiteten Maßnahmen;;Insgesamt;1008;Anzahl;MFG001;Maßnahmen des Familiengerichts bei Kindeswohlgef.
22522;Statistik der Pflegeerlaubnis, Vormundschaften etc;JAHR;Jahr;2020;DLAND;Bundesländer;09;Bayern;MNHFG1;Art der eingeleiteten Maßnahmen;MNH-ERKL;Ersetzung von Erklärungen d. Sorgeberechtigten;114;Anzahl;MFG001;Maßnahmen des Familiengerichts bei Kindeswohlgef.
22522;Statistik der Pflegeerlaubnis, Vormundschaften etc;JAHR;Jahr;2012;DLAND;Bundesländer;12;Brandenburg;MNHFG1;Art der eingeleiteten Maßnahmen;MNH-SORGV;Vollst. Übertrag. d. Sorge auf Jugendamt o. Dritte;319;Anzahl;MFG001;Maßnahmen des Familiengerichts bei Kindeswohlgef.
22522;Statistik der Pflegeerlaubnis, Vormundschaften etc;JAHR;Jahr;2024;DLAND;Bundesländer;01;Schleswig-Holstein;MNHFG1;Art der eingeleiteten Maßnahmen;MNH-ERKL;Ersetzung von Erklärungen d. Sorgeberechtigten;32;Anzahl;MFG001;Maßnahmen des Familiengerichts bei Kindeswohlgef.
22522;Statistik der Pflegeerlaubnis, Vormundschaften etc;JAHR;Jahr;2024;DLAND;Bundesländer;04;Bremen;MNHFG1;Art der eingeleiteten Maßnahmen;MNH-GEVE;Ge- oder Verbote gg. Sorgeberechtigten o. Dritten;156;Anzahl;MFG001;Maßnahmen des Familiengerichts bei Kindeswohlgef.
22522;Statistik der Pflegeerlaubnis, Vormundschaften etc;JAHR;Jahr;2019;DLAND;Bundesländer;15;Sachsen-Anhalt;MNHFG1;Art der eingeleiteten Maßnahmen;MNH-SORGT;Teilw. Übertrag. d. Sorge auf Jugendamt o. Dritte;270;Anzahl;MFG001;Maßnahmen des Familiengerichts bei Kindeswohlgef.
22522;Statistik der Pflegeerlaubnis, Vormundschaften etc;JAHR;Jahr;2025;DLAND;Bundesländer;11;Berlin;MNHFG1;Art der eingeleiteten Maßnahmen;MNH-SORGV;Vollst. Übertrag. d. Sorge auf Jugendamt o. Dritte;362;Anzahl;MFG001;Maßnahmen des Familiengerichts bei Kindeswohlgef.
22522;Statistik der Pflegeerlaubnis, Vormundschaften etc;JAHR;Jahr;2022;DLAND;Bundesländer;04;Bremen;MNHFG1;Art der eingeleiteten Maßnahmen;MNH-KJH;Inanspruchnahme v. Lstg. d. Kinder- u. Jugendhilfe;356;Anzahl;MFG001;Maßnahmen des Familiengerichts bei Kindeswohlgef.
22522;Statistik der Pflegeerlaubnis, Vormundschaften etc;JAHR;Jahr;2020;DLAND;Bundesländer;07;Rheinland-Pfalz;MNHFG1;Art der eingeleiteten Maßnahmen;;Insgesamt;1943;Anzahl;MFG001;Maßnahmen des Familiengerichts bei Kindeswohlgef.
22522;Statistik der Pflegeerlaubnis, Vormundschaften etc;JAHR;Jahr;2012;DLAND;Bundesländer;10;Saarland;MNHFG1;Art der eingeleiteten Maßnahmen;;Insgesamt;519;Anzahl;MFG001;Maßnahmen des Familiengerichts bei Kindeswohlgef.
22522;Statistik der Pflegeerlaubnis, Vormundschaften etc;JAHR;Jahr;2016;DLAND;Bundesländer;15;Sachsen-Anhalt;MNHFG1;Art der eingeleiteten Maßnahmen;MNH-SORGV;Vollst. Übertrag. d. Sorge auf Jugendamt o. Dritte;282;Anzahl;MFG001;Maßnahmen des Familiengerichts bei Kindeswohlgef.
22522;Statistik der Pflegeerlaubnis, Vormundschaften etc;JAHR;Jahr;2023;DLAND;Bundesländer;01;Schleswig-Holstein;MNHFG1;Art der eingeleiteten Maßnahmen;MNH-SORGT;Teilw. Übertrag. d. Sorge auf Jugendamt o. Dritte;244;Anzahl;MFG001;Maßnahmen des Familiengerichts bei Kindeswohlgef.
22522;Statistik der Pflegeerlaubnis, Vormundschaften etc;JAHR;Jahr;2018;DLAND;Bundesländer;08;Baden-Württemberg;MNHFG1;Art der eingeleiteten Maßnahmen;MNH-SORGT;Teilw. Übertrag. d. Sorge auf Jugendamt o. Dritte;530;Anzahl;MFG001;Maßnahmen des Familiengerichts bei Kindeswohlgef.
22522;Statistik der Pflegeerlaubnis, Vormundschaften etc;JAHR;Jahr;2023;DLAND;Bundesländer;14;Sachsen;MNHFG1;Art der eingeleiteten Maßnahmen;MNH-KJH;Inanspruchnahme v. Lstg. d. Kinder- u. Jugendhilfe;332;Anzahl;MFG001;Maßnahmen des Familiengerichts bei Kindeswohlgef.
22522;Statistik der Pflegeerlaubnis, Vormundschaften etc;JAHR;Jahr;2014;DLAND;Bundesländer;08;Baden-Württemberg;MNHFG1;Art der eingeleiteten Maßnahmen;MNH-SORGV;Vollst. Übertrag. d. Sorge auf Jugendamt o. Dritte;633;Anzahl;MFG001;Maßnahmen des Familiengerichts bei Kindeswohlgef.
22522;Statistik der Pflegeerlaubnis, Vormundschaften etc;JAHR;Jahr;2012;DLAND;Bundesländer;01;Schleswig-Holstein;MNHFG1;Art der eingeleiteten Maßnahmen;MNH-ERKL;Ersetzung von Erklärungen d. Sorgeberechtigten;84;Anzahl;MFG001;Maßnahmen des Familiengerichts bei Kindeswohlgef.
22522;Statistik der Pflegeerlaubnis, Vormundschaften etc;JAHR;Jahr;2012;DLAND;Bundesländer;05;Nordrhein-Westfalen;MNHFG1;Art der eingeleiteten Maßnahmen;MNH-KJH;Inanspruchnahme v. Lstg. d. Kinder- u. Jugendhilfe;2261;Anzahl;MFG001;Maßnahmen des Familiengerichts bei Kindeswohlgef.
22522;Statistik der Pflegeerlaubnis, Vormundschaften etc;JAHR;Jahr;2025;DLAND;Bundesländer;10;Saarland;MNHFG1;Art der eingeleiteten Maßnahmen;MNH-ERKL;Ersetzung von Erklärungen d. Sorgeberechtigten;43;Anzahl;MFG001;Maßnahmen des Familiengerichts bei Kindeswohlgef.
22522;Statistik der Pflegeerlaubnis, Vormundschaften etc;JAHR;Jahr;2018;DLAND;Bundesländer;10;Saarland;MNHFG1;Art der eingeleiteten Maßnahmen;MNH-KJH;Inanspruchnahme v. Lstg. d. Kinder- u. Jugendhilfe;211;Anzahl;MFG001;Maßnahmen des Familiengerichts bei Kindeswohlgef.
22522;Statistik der Pflegeerlaubnis, Vormundschaften etc;JAHR;Jahr;2016;DLAND;Bundesländer;13;Mecklenburg-Vorpommern;MNHFG1;Art der eingeleiteten Maßnahmen;;Insgesamt;449;Anzahl;MFG001;Maßnahmen des Familiengerichts bei Kindeswohlgef.
22522;Statistik der Pflegeerlaubnis, Vormundschaften etc;JAHR;Jahr;2020;DLAND;Bundesländer;01;Schleswig-Holstein;MNHFG1;Art der eingeleiteten Maßnahmen;MNH-SORGV;Vollst. Übertrag. d. Sorge auf Jugendamt o. Dritte;228;Anzahl;MFG001;Maßnahmen des Familiengerichts bei Kindeswohlgef.
22522;Statistik der Pflegeerlaubnis, Vormundschaften etc;JAHR;Jahr;2012;DLAND;Bundesländer;14;Sachsen;MNHFG1;Art der eingeleiteten Maßnahmen;MNH-ERKL;Ersetzung von Erklärungen d. Sorgeberechtigten;64;Anzahl;MFG001;Maßnahmen des Familiengerichts bei Kindeswohlgef.
22522;Statistik der Pflegeerlaubnis, Vormundschaften etc;JAHR;Jahr;2017;DLAND;Bundesländer;08;Baden-Württemberg;MNHFG1;Art der eingeleiteten Maßnahmen;MNH-SORGT;Teilw. Übertrag. d. Sorge auf Jugendamt o. Dritte;444;Anzahl;MFG001;Maßnahmen des Familiengerichts bei Kindeswohlgef.
22522;Statistik der Pflegeerlaubnis, Vormundschaften etc;JAHR;Jahr;2024;DLAND;Bundesländer;04;Bremen;MNHFG1;Art der eingeleiteten Maßnahmen;MNH-SORGV;Vollst. Übertrag. d. Sorge auf Jugendamt o. Dritte;161;Anzahl;MFG001;Maßnahmen des Familiengerichts bei Kindeswohlgef.
22522;Statistik der Pflegeerlaubnis, Vormundschaften etc;JAHR;Jahr;2015;DLAND;Bundesländer;03;Niedersachsen;MNHFG1;Art der eingeleiteten Maßnahmen;;Insgesamt;2373;Anzahl;MFG001;Maßnahmen des Familiengerichts bei Kindeswohlgef.
22522;Statistik der Pflegeerlaubnis, Vormundschaften etc;JAHR;Jahr;2025;DLAND;Bundesländer;13;Mecklenburg-Vorpommern;MNHFG1;Art der eingeleiteten Maßnahmen;MNH-GEVE;Ge- oder Verbote gg. Sorgeberechtigten o. Dritten;55;Anzahl;MFG001;Maßnahmen des Familiengerichts bei Kindeswohlgef.
22522;Statistik der Pflegeerlaubnis, Vormundschaften etc;JAHR;Jahr;2013;DLAND;Bundesländer;05;Nordrhein-Westfalen;MNHFG1;Art der eingeleiteten Maßnahmen;MNH-SORGT;Teilw. Übertrag. d. Sorge auf Jugendamt o. Dritte;2193;Anzahl;MFG001;Maßnahmen des Familiengerichts bei Kindeswohlgef.
22522;Statistik der Pflegeerlaubnis, Vormundschaften etc;JAHR;Jahr;2013;DLAND;Bundesländer;15;Sachsen-Anhalt;MNHFG1;Art der eingeleiteten Maßnahmen;MNH-KJH;Inanspruchnahme v. Lstg. d. Kinder- u. Jugendhilfe;247;Anzahl;MFG001;Maßnahmen des Familiengerichts bei Kindeswohlgef.
22522;Statistik der Pflegeerlaubnis, Vormundschaften etc;JAHR;Jahr;2015;DLAND;Bundesländer;15;Sachsen-Anhalt;MNHFG1;Art der eingeleiteten Maßnahmen;MNH-SORGV;Vollst. Übertrag. d. Sorge auf Jugendamt o. Dritte;254;Anzahl;MFG001;Maßnahmen des Familiengerichts bei Kindeswohlgef.
22522;Statistik der Pflegeerlaubnis, Vormundschaften etc;JAHR;Jahr;2016;DLAND;Bundesländer;12;Brandenburg;MNHFG1;Art der eingeleiteten Maßnahmen;MNH-SORGT;Teilw. Übertrag. d. Sorge auf Jugendamt o. Dritte;337;Anzahl;MFG001;Maßnahmen des Familiengerichts bei Kindeswohlgef.
22522;Statistik der Pflegeerlaubnis, Vormundschaften etc;JAHR;Jahr;2021;DLAND;Bundesländer;05;Nordrhein-Westfalen;MNHFG1;Art der eingeleiteten Maßnahmen;MNH-ERKL;Ersetzung von Erklärungen d. Sorgeberechtigten;440;Anzahl;MFG001;Maßnahmen des Familiengerichts bei Kindeswohlgef.
22522;Statistik der Pflegeerlaubnis, Vormundschaften etc;JAHR;Jahr;2021;DLAND;Bundesländer;08;Baden-Württemberg;MNHFG1;Art der eingeleiteten Maßnahmen;MNH-GEVE;Ge- oder Verbote gg. Sorgeberechtigten o. Dritten;363;Anzahl;MFG001;Maßnahmen des Familiengerichts bei Kindeswohlgef.
22522;Statistik der Pflegeerlaubnis, Vormundschaften etc;JAHR;Jahr;2017;DLAND;Bundesländer;06;Hessen;MNHFG1;Art der eingeleiteten Maßnahmen;MNH-ERKL;Ersetzung von Erklärungen d. Sorgeberechtigten;100;Anzahl;MFG001;Maßnahmen des Familiengerichts bei Kindeswohlgef.
22522;Statistik der Pflegeerlaubnis, Vormundschaften etc;JAHR;Jahr;2018;DLAND;Bundesländer;12;Brandenburg;MNHFG1;Art der eingeleiteten Maßnahmen;MNH-KJH;Inanspruchnahme v. Lstg. d. Kinder- u. Jugendhilfe;299;Anzahl;MFG001;Maßnahmen des Familiengerichts bei Kindeswohlgef.
22522;Statistik der Pflegeerlaubnis, Vormundschaften etc;JAHR;Jahr;2020;DLAND;Bundesländer;09;Bayern;MNHFG1;Art der eingeleiteten Maßnahmen;;Insgesamt;3077;Anzahl;MFG001;Maßnahmen des Familiengerichts bei Kindeswohlgef.
22522;Statistik der Pflegeerlaubnis, Vormundschaften etc;JAHR;Jahr;2019;DLAND;Bundesländer;06;Hessen;MNHFG1;Art der eingeleiteten Maßnahmen;;Insgesamt;1867;Anzahl;MFG001;Maßnahmen des Familiengerichts bei Kindeswohlgef.
22522;Statistik der Pflegeerlaubnis, Vormundschaften etc;JAHR;Jahr;2015;DLAND;Bundesländer;10;Saarland;MNHFG1;Art der eingeleiteten Maßnahmen;MNH-ERKL;Ersetzung von Erklärungen d. Sorgeberechtigten;44;Anzahl;MFG001;Maßnahmen des Familiengerichts bei Kindeswohlgef.
22522;Statistik der Pflegeerlaubnis, Vormundschaften etc;JAHR;Jahr;2013;DLAND;Bundesländer;12;Brandenburg;MNHFG1;Art der eingeleiteten Maßnahmen;MNH-SORGV;Vollst. Übertrag. d. Sorge auf Jugendamt o. Dritte;161;Anzahl;MFG001;Maßnahmen des Familiengerichts bei Kindeswohlgef.
22522;Statistik der Pflegeerlaubnis, Vormundschaften etc;JAHR;Jahr;2016;DLAND;Bundesländer;15;Sachsen-Anhalt;MNHFG1;Art der eingeleiteten Maßnahmen;;Insgesamt;878;Anzahl;MFG001;Maßnahmen des Familiengerichts bei Kindeswohlgef.
22522;Statistik der Pflegeerlaubnis, Vormundschaften etc;JAHR;Jahr;2014;DLAND;Bundesländer;04;Bremen;MNHFG1;Art der eingeleiteten Maßnahmen;MNH-GEVE;Ge- oder Verbote gg. Sorgeberechtigten o. Dritten;61;Anzahl;MFG001;Maßnahmen des Familiengerichts bei Kindeswohlgef.
22522;Statistik der Pflegeerlaubnis, Vormundschaften etc;JAHR;Jahr;2015;DLAND;Bundesländer;13;Mecklenburg-Vorpommern;MNHFG1;Art der eingeleiteten Maßnahmen;MNH-GEVE;Ge- oder Verbote gg. Sorgeberechtigten o. Dritten;27;Anzahl;MFG001;Maßnahmen des Familiengerichts bei Kindeswohlgef.
22522;Statistik der Pflegeerlaubnis, Vormundschaften etc;JAHR;Jahr;2022;DLAND;Bundesländer;14;Sachsen;MNHFG1;Art der eingeleiteten Maßnahmen;MNH-ERKL;Ersetzung von Erklärungen d. Sorgeberechtigten;92;Anzahl;MFG001;Maßnahmen des Familiengerichts bei Kindeswohlgef.
22522;Statistik der Pflegeerlaubnis, Vormundschaften etc;JAHR;Jahr;2023;DLAND;Bundesländer;04;Bremen;MNHFG1;Art der eingeleiteten Maßnahmen;MNH-SORGV;Vollst. Übertrag. d. Sorge auf Jugendamt o. Dritte;163;Anzahl;MFG001;Maßnahmen des Familiengerichts bei Kindeswohlgef.
22522;Statistik der Pflegeerlaubnis, Vormundschaften etc;JAHR;Jahr;2024;DLAND;Bundesländer;01;Schleswig-Holstein;MNHFG1;Art der eingeleiteten Maßnahmen;MNH-SORGT;Teilw. Übertrag. d. Sorge auf Jugendamt o. Dritte;217;Anzahl;MFG001;Maßnahmen des Familiengerichts bei Kindeswohlgef.
22522;Statistik der Pflegeerlaubnis, Vormundschaften etc;JAHR;Jahr;2014;DLAND;Bundesländer;05;Nordrhein-Westfalen;MNHFG1;Art der eingeleiteten Maßnahmen;MNH-SORGT;Teilw. Übertrag. d. Sorge auf Jugendamt o. Dritte;2278;Anzahl;MFG001;Maßnahmen des Familiengerichts bei Kindeswohlgef.
22522;Statistik der Pflegeerlaubnis, Vormundschaften etc;JAHR;Jahr;2017;DLAND;Bundesländer;09;Bayern;MNHFG1;Art der eingeleiteten Maßnahmen;MNH-GEVE;Ge- oder Verbote gg. Sorgeberechtigten o. Dritten;493;Anzahl;MFG001;Maßnahmen des Familiengerichts bei Kindeswohlgef.
22522;Statistik der Pflegeerlaubnis, Vormundschaften etc;JAHR;Jahr;2019;DLAND;Bundesländer;08;Baden-Württemberg;MNHFG1;Art der eingeleiteten Maßnahmen;MNH-SORGT;Teilw. Übertrag. d. Sorge auf Jugendamt o. Dritte;551;Anzahl;MFG001;Maßnahmen des Familiengerichts bei Kindeswohlgef.
22522;Statistik der Pflegeerlaubnis, Vormundschaften etc;JAHR;Jahr;2013;DLAND;Bundesländer;08;Baden-Württemberg;MNHFG1;Art der eingeleiteten Maßnahmen;MNH-SORGV;Vollst. Übertrag. d. Sorge auf Jugendamt o. Dritte;504;Anzahl;MFG001;Maßnahmen des Familiengerichts bei Kindeswohlgef.
22522;Statistik der Pflegeerlaubnis, Vormundschaften etc;JAHR;Jahr;2018;DLAND;Bundesländer;15;Sachsen-Anhalt;MNHFG1;Art der eingeleiteten Maßnahmen;MNH-ERKL;Ersetzung von Erklärungen d. Sorgeberechtigten;55;Anzahl;MFG001;Maßnahmen des Familiengerichts bei Kindeswohlgef.
22522;Statistik der Pflegeerlaubnis, Vormundschaften etc;JAHR;Jahr;2022;DLAND;Bundesländer;02;Hamburg;MNHFG1;Art der eingeleiteten Maßnahmen;MNH-KJH;Inanspruchnahme v. Lstg. d. Kinder- u. Jugendhilfe;297;Anzahl;MFG001;Maßnahmen des Familiengerichts bei Kindeswohlgef.
22522;Statistik der Pflegeerlaubnis, Vormundschaften etc;JAHR;Jahr;2021;DLAND;Bundesländer;01;Schleswig-Holstein;MNHFG1;Art der eingeleiteten Maßnahmen;MNH-SORGV;Vollst. Übertrag. d. Sorge auf Jugendamt o. Dritte;188;Anzahl;MFG001;Maßnahmen des Familiengerichts bei Kindeswohlgef.
22522;Statistik der Pflegeerlaubnis, Vormundschaften etc;JAHR;Jahr;2016;DLAND;Bundesländer;08;Baden-Württemberg;MNHFG1;Art der eingeleiteten Maßnahmen;MNH-SORGV;Vollst. Übertrag. d. Sorge auf Jugendamt o. Dritte;1042;Anzahl;MFG001;Maßnahmen des Familiengerichts bei Kindeswohlgef.
22522;Statistik der Pflegeerlaubnis, Vormundschaften etc;JAHR;Jahr;2013;DLAND;Bundesländer;08;Baden-Württemberg;MNHFG1;Art der eingeleiteten Maßnahmen;MNH-GEVE;Ge- oder Verbote gg. Sorgeberechtigten o. Dritten;219;Anzahl;MFG001;Maßnahmen des Familiengerichts bei Kindeswohlgef.
22522;Statistik der Pflegeerlaubnis, Vormundschaften etc;JAHR;Jahr;2012;DLAND;Bundesländer;03;Niedersachsen;MNHFG1;Art der eingeleiteten Maßnahmen;MNH-KJH;Inanspruchnahme v. Lstg. d. Kinder- u. Jugendhilfe;467;Anzahl;MFG001;Maßnahmen des Familiengerichts bei Kindeswohlgef.
22522;Statistik der Pflegeerlaubnis, Vormundschaften etc;JAHR;Jahr;2021;DLAND;Bundesländer;01;Schleswig-Holstein;MNHFG1;Art der eingeleiteten Maßnahmen;MNH-SORGT;Teilw. Übertrag. d. Sorge auf Jugendamt o. Dritte;381;Anzahl;MFG001;Maßnahmen des Familiengerichts bei Kindeswohlgef.
22522;Statistik der Pflegeerlaubnis, Vormundschaften etc;JAHR;Jahr;2025;DLAND;Bundesländer;04;Bremen;MNHFG1;Art der eingeleiteten Maßnahmen;MNH-SORGV;Vollst. Übertrag. d. Sorge auf Jugendamt o. Dritte;144;Anzahl;MFG001;Maßnahmen des Familiengerichts bei Kindeswohlgef.
22522;Statistik der Pflegeerlaubnis, Vormundschaften etc;JAHR;Jahr;2016;DLAND;Bundesländer;08;Baden-Württemberg;MNHFG1;Art der eingeleiteten Maßnahmen;MNH-SORGT;Teilw. Übertrag. d. Sorge auf Jugendamt o. Dritte;592;Anzahl;MFG001;Maßnahmen des Familiengerichts bei Kindeswohlgef.
22522;Statistik der Pflegeerlaubnis, Vormundschaften etc;JAHR;Jahr;2020;DLAND;Bundesländer;05;Nordrhein-Westfalen;MNHFG1;Art der eingeleiteten Maßnahmen;;Insgesamt;8866;Anzahl;MFG001;Maßnahmen des Familiengerichts bei Kindeswohlgef.
22522;Statistik der Pflegeerlaubnis, Vormundschaften etc;JAHR;Jahr;2012;DLAND;Bundesländer;05;Nordrhein-Westfalen;MNHFG1;Art der eingeleiteten Maßnahmen;MNH-SORGT;Teilw. Übertrag. d. Sorge auf Jugendamt o. Dritte;2059;Anzahl;MFG001;Maßnahmen des Familiengerichts bei Kindeswohlgef.
22522;Statistik der Pflegeerlaubnis, Vormundschaften etc;JAHR;Jahr;2022;DLAND;Bundesländer;11;Berlin;MNHFG1;Art der eingeleiteten Maßnahmen;;Insgesamt;1507;Anzahl;MFG001;Maßnahmen des Familiengerichts bei Kindeswohlgef.
22522;Statistik der Pflegeerlaubnis, Vormundschaften etc;JAHR;Jahr;2013;DLAND;Bundesländer;13;Mecklenburg-Vorpommern;MNHFG1;Art der eingeleiteten Maßnahmen;MNH-KJH;Inanspruchnahme v. Lstg. d. Kinder- u. Jugendhilfe;123;Anzahl;MFG001;Maßnahmen des Familiengerichts bei Kindeswohlgef.
22522;Statistik der Pflegeerlaubnis, Vormundschaften etc;JAHR;Jahr;2022;DLAND;Bundesländer;01;Schleswig-Holstein;MNHFG1;Art der eingeleiteten Maßnahmen;MNH-ERKL;Ersetzung von Erklärungen d. Sorgeberechtigten;57;Anzahl;MFG001;Maßnahmen des Familiengerichts bei Kindeswohlgef.
22522;Statistik der Pflegeerlaubnis, Vormundschaften etc;JAHR;Jahr;2021;DLAND;Bundesländer;01;Schleswig-Holstein;MNHFG1;Art der eingeleiteten Maßnahmen;;Insgesamt;1106;Anzahl;MFG001;Maßnahmen des Familiengerichts bei Kindeswohlgef.
22522;Statistik der Pflegeerlaubnis, Vormundschaften etc;JAHR;Jahr;2018;DLAND;Bundesländer;02;Hamburg;MNHFG1;Art der eingeleiteten Maßnahmen;MNH-ERKL;Ersetzung von Erklärungen d. Sorgeberechtigten;52;Anzahl;MFG001;Maßnahmen des Familiengerichts bei Kindeswohlgef.
22522;Statistik der Pflegeerlaubnis, Vormundschaften etc;JAHR;Jahr;2021;DLAND;Bundesländer;15;Sachsen-Anhalt;MNHFG1;Art der eingeleiteten Maßnahmen;;Insgesamt;1100;Anzahl;MFG001;Maßnahmen des Familiengerichts bei Kindeswohlgef.
22522;Statistik der Pflegeerlaubnis, Vormundschaften etc;JAHR;Jahr;2022;DLAND;Bundesländer;06;Hessen;MNHFG1;Art der eingeleiteten Maßnahmen;MNH-KJH;Inanspruchnahme v. Lstg. d. Kinder- u. Jugendhilfe;350;Anzahl;MFG001;Maßnahmen des Familiengerichts bei Kindeswohlgef.
22522;Statistik der Pflegeerlaubnis, Vormundschaften etc;JAHR;Jahr;2023;DLAND;Bundesländer;10;Saarland;MNHFG1;Art der eingeleiteten Maßnahmen;MNH-ERKL;Ersetzung von Erklärungen d. Sorgeberechtigten;38;Anzahl;MFG001;Maßnahmen des Familiengerichts bei Kindeswohlgef.
22522;Statistik der Pflegeerlaubnis, Vormundschaften etc;JAHR;Jahr;2014;DLAND;Bundesländer;12;Brandenburg;MNHFG1;Art der eingeleiteten Maßnahmen;MNH-SORGT;Teilw. Übertrag. d. Sorge auf Jugendamt o. Dritte;235;Anzahl;MFG001;Maßnahmen des Familiengerichts bei Kindeswohlgef.
22522;Statistik der Pflegeerlaubnis, Vormundschaften etc;JAHR;Jahr;2015;DLAND;Bundesländer;05;Nordrhein-Westfalen;MNHFG1;Art der eingeleiteten Maßnahmen;;Insgesamt;7668;Anzahl;MFG001;Maßnahmen des Familiengerichts bei Kindeswohlgef.
22522;Statistik der Pflegeerlaubnis, Vormundschaften etc;JAHR;Jahr;2019;DLAND;Bundesländer;11;Berlin;MNHFG1;Art der eingeleiteten Maßnahmen;MNH-ERKL;Ersetzung von Erklärungen d. Sorgeberechtigten;194;Anzahl;MFG001;Maßnahmen des Familiengerichts bei Kindeswohlgef.
22522;Statistik der Pflegeerlaubnis, Vormundschaften etc;JAHR;Jahr;2014;DLAND;Bundesländer;01;Schleswig-Holstein;MNHFG1;Art der eingeleiteten Maßnahmen;MNH-ERKL;Ersetzung von Erklärungen d. Sorgeberechtigten;86;Anzahl;MFG001;Maßnahmen des Familiengerichts bei Kindeswohlgef.
22522;Statistik der Pflegeerlaubnis, Vormundschaften etc;JAHR;Jahr;2025;DLAND;Bundesländer;01;Schleswig-Holstein;MNHFG1;Art der eingeleiteten Maßnahmen;MNH-SORGT;Teilw. Übertrag. d. Sorge auf Jugendamt o. Dritte;226;Anzahl;MFG001;Maßnahmen des Familiengerichts bei Kindeswohlgef.
22522;Statistik der Pflegeerlaubnis, Vormundschaften etc;JAHR;Jahr;2022;DLAND;Bundesländer;08;Baden-Württemberg;MNHFG1;Art der eingeleiteten Maßnahmen;MNH-KJH;Inanspruchnahme v. Lstg. d. Kinder- u. Jugendhilfe;660;Anzahl;MFG001;Maßnahmen des Familiengerichts bei Kindeswohlgef.
22522;Statistik der Pflegeerlaubnis, Vormundschaften etc;JAHR;Jahr;2018;DLAND;Bundesländer;15;Sachsen-Anhalt;MNHFG1;Art der eingeleiteten Maßnahmen;MNH-SORGT;Teilw. Übertrag. d. Sorge auf Jugendamt o. Dritte;239;Anzahl;MFG001;Maßnahmen des Familiengerichts bei Kindeswohlgef.
22522;Statistik der Pflegeerlaubnis, Vormundschaften etc;JAHR;Jahr;2014;DLAND;Bundesländer;09;Bayern;MNHFG1;Art der eingeleiteten Maßnahmen;;Insgesamt;4119;Anzahl;MFG001;Maßnahmen des Familiengerichts bei Kindeswohlgef.
22522;Statistik der Pflegeerlaubnis, Vormundschaften etc;JAHR;Jahr;2016;DLAND;Bundesländer;08;Baden-Württemberg;MNHFG1;Art der eingeleiteten Maßnahmen;MNH-KJH;Inanspruchnahme v. Lstg. d. Kinder- u. Jugendhilfe;678;Anzahl;MFG001;Maßnahmen des Familiengerichts bei Kindeswohlgef.
22522;Statistik der Pflegeerlaubnis, Vormundschaften etc;JAHR;Jahr;2016;DLAND;Bundesländer;04;Bremen;MNHFG1;Art der eingeleiteten Maßnahmen;MNH-GEVE;Ge- oder Verbote gg. Sorgeberechtigten o. Dritten;71;Anzahl;MFG001;Maßnahmen des Familiengerichts bei Kindeswohlgef.
22522;Statistik der Pflegeerlaubnis, Vormundschaften etc;JAHR;Jahr;2012;DLAND;Bundesländer;08;Baden-Württemberg;MNHFG1;Art der eingeleiteten Maßnahmen;MNH-SORGV;Vollst. Übertrag. d. Sorge auf Jugendamt o. Dritte;563;Anzahl;MFG001;Maßnahmen des Familiengerichts bei Kindeswohlgef.
22522;Statistik der Pflegeerlaubnis, Vormundschaften etc;JAHR;Jahr;2023;DLAND;Bundesländer;16;Thüringen;MNHFG1;Art der eingeleiteten Maßnahmen;MNH-KJH;Inanspruchnahme v. Lstg. d. Kinder- u. Jugendhilfe;173;Anzahl;MFG001;Maßnahmen des Familiengerichts bei Kindeswohlgef.
22522;Statistik der Pflegeerlaubnis, Vormundschaften etc;JAHR;Jahr;2022;DLAND;Bundesländer;01;Schleswig-Holstein;MNHFG1;Art der eingeleiteten Maßnahmen;MNH-SORGV;Vollst. Übertrag. d. Sorge auf Jugendamt o. Dritte;242;Anzahl;MFG001;Maßnahmen des Familiengerichts bei Kindeswohlgef.
22522;Statistik der Pflegeerlaubnis, Vormundschaften etc;JAHR;Jahr;2025;DLAND;Bundesländer;06;Hessen;MNHFG1;Art der eingeleiteten Maßnahmen;;Insgesamt;1462;Anzahl;MFG001;Maßnahmen des Familiengerichts bei Kindeswohlgef.
22522;Statistik der Pflegeerlaubnis, Vormundschaften etc;JAHR;Jahr;2021;DLAND;Bundesländer;12;Brandenburg;MNHFG1;Art der eingeleiteten Maßnahmen;MNH-GEVE;Ge- oder Verbote gg. Sorgeberechtigten o. Dritten;77;Anzahl;MFG001;Maßnahmen des Familiengerichts bei Kindeswohlgef.
22522;Statistik der Pflegeerlaubnis, Vormundschaften etc;JAHR;Jahr;2017;DLAND;Bundesländer;08;Baden-Württemberg;MNHFG1;Art der eingeleiteten Maßnahmen;MNH-SORGV;Vollst. Übertrag. d. Sorge auf Jugendamt o. Dritte;411;Anzahl;MFG001;Maßnahmen des Familiengerichts bei Kindeswohlgef.
22522;Statistik der Pflegeerlaubnis, Vormundschaften etc;JAHR;Jahr;2020;DLAND;Bundesländer;01;Schleswig-Holstein;MNHFG1;Art der eingeleiteten Maßnahmen;MNH-SORGT;Teilw. Übertrag. d. Sorge auf Jugendamt o. Dritte;297;Anzahl;MFG001;Maßnahmen des Familiengerichts bei Kindeswohlgef.
22522;Statistik der Pflegeerlaubnis, Vormundschaften etc;JAHR;Jahr;2015;DLAND;Bundesländer;08;Baden-Württemberg;MNHFG1;Art der eingeleiteten Maßnahmen;MNH-SORGT;Teilw. Übertrag. d. Sorge auf Jugendamt o. Dritte;528;Anzahl;MFG001;Maßnahmen des Familiengerichts bei Kindeswohlgef.
22522;Statistik der Pflegeerlaubnis, Vormundschaften etc;JAHR;Jahr;2017;DLAND;Bundesländer;04;Bremen;MNHFG1;Art der eingeleiteten Maßnahmen;MNH-KJH;Inanspruchnahme v. Lstg. d. Kinder- u. Jugendhilfe;404;Anzahl;MFG001;Maßnahmen des Familiengerichts bei Kindeswohlgef.
22522;Statistik der Pflegeerlaubnis, Vormundschaften etc;JAHR;Jahr;2013;DLAND;Bundesländer;10;Saarland;MNHFG1;Art der eingeleiteten Maßnahmen;MNH-ERKL;Ersetzung von Erklärungen d. Sorgeberechtigten;31;Anzahl;MFG001;Maßnahmen des Familiengerichts bei Kindeswohlgef.
22522;Statistik der Pflegeerlaubnis, Vormundschaften etc;JAHR;Jahr;2017;DLAND;Bundesländer;13;Mecklenburg-Vorpommern;MNHFG1;Art der eingeleiteten Maßnahmen;MNH-GEVE;Ge- oder Verbote gg. Sorgeberechtigten o. Dritten;25;Anzahl;MFG001;Maßnahmen des Familiengerichts bei Kindeswohlgef.
22522;Statistik der Pflegeerlaubnis, Vormundschaften etc;JAHR;Jahr;2017;DLAND;Bundesländer;15;Sachsen-Anhalt;MNHFG1;Art der eingeleiteten Maßnahmen;MNH-SORGT;Teilw. Übertrag. d. Sorge auf Jugendamt o. Dritte;243;Anzahl;MFG001;Maßnahmen des Familiengerichts bei Kindeswohlgef.
22522;Statistik der Pflegeerlaubnis, Vormundschaften etc;JAHR;Jahr;2019;DLAND;Bundesländer;09;Bayern;MNHFG1;Art der eingeleiteten Maßnahmen;MNH-GEVE;Ge- oder Verbote gg. Sorgeberechtigten o. Dritten;379;Anzahl;MFG001;Maßnahmen des Familiengerichts bei Kindeswohlgef.
22522;Statistik der Pflegeerlaubnis, Vormundschaften etc;JAHR;Jahr;2023;DLAND;Bundesländer;10;Saarland;MNHFG1;Art der eingeleiteten Maßnahmen;MNH-KJH;Inanspruchnahme v. Lstg. d. Kinder- u. Jugendhilfe;152;Anzahl;MFG001;Maßnahmen des Familiengerichts bei Kindeswohlgef.
22522;Statistik der Pflegeerlaubnis, Vormundschaften etc;JAHR;Jahr;2020;DLAND;Bundesländer;14;Sachsen;MNHFG1;Art der eingeleiteten Maßnahmen;MNH-ERKL;Ersetzung von Erklärungen d. Sorgeberechtigten;88;Anzahl;MFG001;Maßnahmen des Familiengerichts bei Kindeswohlgef.
22522;Statistik der Pflegeerlaubnis, Vormundschaften etc;JAHR;Jahr;2014;DLAND;Bundesländer;15;Sachsen-Anhalt;MNHFG1;Art der eingeleiteten Maßnahmen;MNH-SORGV;Vollst. Übertrag. d. Sorge auf Jugendamt o. Dritte;248;Anzahl;MFG001;Maßnahmen des Familiengerichts bei Kindeswohlgef.
22522;Statistik der Pflegeerlaubnis, Vormundschaften etc;JAHR;Jahr;2015;DLAND;Bundesländer;12;Brandenburg;MNHFG1;Art der eingeleiteten Maßnahmen;MNH-SORGT;Teilw. Übertrag. d. Sorge auf Jugendamt o. Dritte;246;Anzahl;MFG001;Maßnahmen des Familiengerichts bei Kindeswohlgef.
22522;Statistik der Pflegeerlaubnis, Vormundschaften etc;JAHR;Jahr;2018;DLAND;Bundesländer;14;Sachsen;MNHFG1;Art der eingeleiteten Maßnahmen;MNH-KJH;Inanspruchnahme v. Lstg. d. Kinder- u. Jugendhilfe;431;Anzahl;MFG001;Maßnahmen des Familiengerichts bei Kindeswohlgef.
22522;Statistik der Pflegeerlaubnis, Vormundschaften etc;JAHR;Jahr;2023;DLAND;Bundesländer;08;Baden-Württemberg;MNHFG1;Art der eingeleiteten Maßnahmen;MNH-GEVE;Ge- oder Verbote gg. Sorgeberechtigten o. Dritten;449;Anzahl;MFG001;Maßnahmen des Familiengerichts bei Kindeswohlgef.
22522;Statistik der Pflegeerlaubnis, Vormundschaften etc;JAHR;Jahr;2015;DLAND;Bundesländer;06;Hessen;MNHFG1;Art der eingeleiteten Maßnahmen;MNH-ERKL;Ersetzung von Erklärungen d. Sorgeberechtigten;61;Anzahl;MFG001;Maßnahmen des Familiengerichts bei Kindeswohlgef.
22522;Statistik der Pflegeerlaubnis, Vormundschaften etc;JAHR;Jahr;2019;DLAND;Bundesländer;08;Baden-Württemberg;MNHFG1;Art der eingeleiteten Maßnahmen;;Insgesamt;2008;Anzahl;MFG001;Maßnahmen des Familiengerichts bei Kindeswohlgef.
22522;Statistik der Pflegeerlaubnis, Vormundschaften etc;JAHR;Jahr;2015;DLAND;Bundesländer;08;Baden-Württemberg;MNHFG1;Art der eingeleiteten Maßnahmen;MNH-GEVE;Ge- oder Verbote gg. Sorgeberechtigten o. Dritten;264;Anzahl;MFG001;Maßnahmen des Familiengerichts bei Kindeswohlgef.
22522;Statistik der Pflegeerlaubnis, Vormundschaften etc;JAHR;Jahr;2020;DLAND;Bundesländer;04;Bremen;MNHFG1;Art der eingeleiteten Maßnahmen;MNH-SORGV;Vollst. Übertrag. d. Sorge auf Jugendamt o. Dritte;211;Anzahl;MFG001;Maßnahmen des Familiengerichts bei Kindeswohlgef.
22522;Statistik der Pflegeerlaubnis, Vormundschaften etc;JAHR;Jahr;2019;DLAND;Bundesländer;15;Sachsen-Anhalt;MNHFG1;Art der eingeleiteten Maßnahmen;MNH-SORGV;Vollst. Übertrag. d. Sorge auf Jugendamt o. Dritte;282;Anzahl;MFG001;Maßnahmen des Familiengerichts bei Kindeswohlgef.
22522;Statistik der Pflegeerlaubnis, Vormundschaften etc;JAHR;Jahr;2012;DLAND;Bundesländer;12;Brandenburg;MNHFG1;Art der eingeleiteten Maßnahmen;MNH-SORGT;Teilw. Übertrag. d. Sorge auf Jugendamt o. Dritte;338;Anzahl;MFG001;Maßnahmen des Familiengerichts bei Kindeswohlgef.
22522;Statistik der Pflegeerlaubnis, Vormundschaften etc;JAHR;Jahr;2014;DLAND;Bundesländer;07;Rheinland-Pfalz;MNHFG1;Art der eingeleiteten Maßnahmen;;Insgesamt;1618;Anzahl;MFG001;Maßnahmen des Familiengerichts bei Kindeswohlgef.
22522;Statistik der Pflegeerlaubnis, Vormundschaften etc;JAHR;Jahr;2023;DLAND;Bundesländer;04;Bremen;MNHFG1;Art der eingeleiteten Maßnahmen;MNH-SORGT;Teilw. Übertrag. d. Sorge auf Jugendamt o. Dritte;135;Anzahl;MFG001;Maßnahmen des Familiengerichts bei Kindeswohlgef.
22522;Statistik der Pflegeerlaubnis, Vormundschaften etc;JAHR;Jahr;2024;DLAND;Bundesländer;06;Hessen;MNHFG1;Art der eingeleiteten Maßnahmen;;Insgesamt;1423;Anzahl;MFG001;Maßnahmen des Familiengerichts bei Kindeswohlgef.
22522;Statistik der Pflegeerlaubnis, Vormundschaften etc;JAHR;Jahr;2016;DLAND;Bundesländer;05;Nordrhein-Westfalen;MNHFG1;Art der eingeleiteten Maßnahmen;MNH-GEVE;Ge- oder Verbote gg. Sorgeberechtigten o. Dritten;911;Anzahl;MFG001;Maßnahmen des Familiengerichts bei Kindeswohlgef.
22522;Statistik der Pflegeerlaubnis, Vormundschaften etc;JAHR;Jahr;2025;DLAND;Bundesländer;06;Hessen;MNHFG1;Art der eingeleiteten Maßnahmen;MNH-ERKL;Ersetzung von Erklärungen d. Sorgeberechtigten;92;Anzahl;MFG001;Maßnahmen des Familiengerichts bei Kindeswohlgef.
22522;Statistik der Pflegeerlaubnis, Vormundschaften etc;JAHR;Jahr;2020;DLAND;Bundesländer;03;Niedersachsen;MNHFG1;Art der eingeleiteten Maßnahmen;MNH-GEVE;Ge- oder Verbote gg. Sorgeberechtigten o. Dritten;364;Anzahl;MFG001;Maßnahmen des Familiengerichts bei Kindeswohlgef.
22522;Statistik der Pflegeerlaubnis, Vormundschaften etc;JAHR;Jahr;2014;DLAND;Bundesländer;08;Baden-Württemberg;MNHFG1;Art der eingeleiteten Maßnahmen;MNH-SORGT;Teilw. Übertrag. d. Sorge auf Jugendamt o. Dritte;577;Anzahl;MFG001;Maßnahmen des Familiengerichts bei Kindeswohlgef.
22522;Statistik der Pflegeerlaubnis, Vormundschaften etc;JAHR;Jahr;2019;DLAND;Bundesländer;12;Brandenburg;MNHFG1;Art der eingeleiteten Maßnahmen;MNH-SORGT;Teilw. Übertrag. d. Sorge auf Jugendamt o. Dritte;271;Anzahl;MFG001;Maßnahmen des Familiengerichts bei Kindeswohlgef.
22522;Statistik der Pflegeerlaubnis, Vormundschaften etc;JAHR;Jahr;2014;DLAND;Bundesländer;11;Berlin;MNHFG1;Art der eingeleiteten Maßnahmen;MNH-KJH;Inanspruchnahme v. Lstg. d. Kinder- u. Jugendhilfe;662;Anzahl;MFG001;Maßnahmen des Familiengerichts bei Kindeswohlgef.
22522;Statistik der Pflegeerlaubnis, Vormundschaften etc;JAHR;Jahr;2020;DLAND;Bundesländer;16;Thüringen;MNHFG1;Art der eingeleiteten Maßnahmen;MNH-GEVE;Ge- oder Verbote gg. Sorgeberechtigten o. Dritten;129;Anzahl;MFG001;Maßnahmen des Familiengerichts bei Kindeswohlgef.
22522;Statistik der Pflegeerlaubnis, Vormundschaften etc;JAHR;Jahr;2013;DLAND;Bundesländer;01;Schleswig-Holstein;MNHFG1;Art der eingeleiteten Maßnahmen;MNH-KJH;Inanspruchnahme v. Lstg. d. Kinder- u. Jugendhilfe;343;Anzahl;MFG001;Maßnahmen des Familiengerichts bei Kindeswohlgef.
22522;Statistik der Pflegeerlaubnis, Vormundschaften etc;JAHR;Jahr;2025;DLAND;Bundesländer;16;Thüringen;MNHFG1;Art der eingeleiteten Maßnahmen;;Insgesamt;548;Anzahl;MFG001;Maßnahmen des Familiengerichts bei Kindeswohlgef.
22522;Statistik der Pflegeerlaubnis, Vormundschaften etc;JAHR;Jahr;2016;DLAND;Bundesländer;01;Schleswig-Holstein;MNHFG1;Art der eingeleiteten Maßnahmen;MNH-ERKL;Ersetzung von Erklärungen d. Sorgeberechtigten;86;Anzahl;MFG001;Maßnahmen des Familiengerichts bei Kindeswohlgef.
22522;Statistik der Pflegeerlaubnis, Vormundschaften etc;JAHR;Jahr;2020;DLAND;Bundesländer;04;Bremen;MNHFG1;Art der eingeleiteten Maßnahmen;MNH-GEVE;Ge- oder Verbote gg. Sorgeberechtigten o. Dritten;368;Anzahl;MFG001;Maßnahmen des Familiengerichts bei Kindeswohlgef.
22522;Statistik der Pflegeerlaubnis, Vormundschaften etc;JAHR;Jahr;2019;DLAND;Bundesländer;02;Hamburg;MNHFG1;Art der eingeleiteten Maßnahmen;;Insgesamt;1175;Anzahl;MFG001;Maßnahmen des Familiengerichts bei Kindeswohlgef.
22522;Statistik der Pflegeerlaubnis, Vormundschaften etc;JAHR;Jahr;2016;DLAND;Bundesländer;12;Brandenburg;MNHFG1;Art der eingeleiteten Maßnahmen;MNH-SORGV;Vollst. Übertrag. d. Sorge auf Jugendamt o. Dritte;426;Anzahl;MFG001;Maßnahmen des Familiengerichts bei Kindeswohlgef.
22522;Statistik der Pflegeerlaubnis, Vormundschaften etc;JAHR;Jahr;2013;DLAND;Bundesländer;05;Nordrhein-Westfalen;MNHFG1;Art der eingeleiteten Maßnahmen;MNH-SORGV;Vollst. Übertrag. d. Sorge auf Jugendamt o. Dritte;2320;Anzahl;MFG001;Maßnahmen des Familiengerichts bei Kindeswohlgef.
22522;Statistik der Pflegeerlaubnis, Vormundschaften etc;JAHR;Jahr;2015;DLAND;Bundesländer;15;Sachsen-Anhalt;MNHFG1;Art der eingeleiteten Maßnahmen;MNH-SORGT;Teilw. Übertrag. d. Sorge auf Jugendamt o. Dritte;187;Anzahl;MFG001;Maßnahmen des Familiengerichts bei Kindeswohlgef.
22522;Statistik der Pflegeerlaubnis, Vormundschaften etc;JAHR;Jahr;2023;DLAND;Bundesländer;07;Rheinland-Pfalz;MNHFG1;Art der eingeleiteten Maßnahmen;MNH-SORGV;Vollst. Übertrag. d. Sorge auf Jugendamt o. Dritte;444;Anzahl;MFG001;Maßnahmen des Familiengerichts bei Kindeswohlgef.
22522;Statistik der Pflegeerlaubnis, Vormundschaften etc;JAHR;Jahr;2018;DLAND;Bundesländer;04;Bremen;MNHFG1;Art der eingeleiteten Maßnahmen;MNH-GEVE;Ge- oder Verbote gg. Sorgeberechtigten o. Dritten;242;Anzahl;MFG001;Maßnahmen des Familiengerichts bei Kindeswohlgef.
22522;Statistik der Pflegeerlaubnis, Vormundschaften etc;JAHR;Jahr;2014;DLAND;Bundesländer;09;Bayern;MNHFG1;Art der eingeleiteten Maßnahmen;MNH-ERKL;Ersetzung von Erklärungen d. Sorgeberechtigten;246;Anzahl;MFG001;Maßnahmen des Familiengerichts bei Kindeswohlgef.
22522;Statistik der Pflegeerlaubnis, Vormundschaften etc;JAHR;Jahr;2025;DLAND;Bundesländer;09;Bayern;MNHFG1;Art der eingeleiteten Maßnahmen;MNH-GEVE;Ge- oder Verbote gg. Sorgeberechtigten o. Dritten;436;Anzahl;MFG001;Maßnahmen des Familiengerichts bei Kindeswohlgef.
22522;Statistik der Pflegeerlaubnis, Vormundschaften etc;JAHR;Jahr;2023;DLAND;Bundesländer;12;Brandenburg;MNHFG1;Art der eingeleiteten Maßnahmen;MNH-GEVE;Ge- oder Verbote gg. Sorgeberechtigten o. Dritten;83;Anzahl;MFG001;Maßnahmen des Familiengerichts bei Kindeswohlgef.
22522;Statistik der Pflegeerlaubnis, Vormundschaften etc;JAHR;Jahr;2012;DLAND;Bundesländer;15;Sachsen-Anhalt;MNHFG1;Art der eingeleiteten Maßnahmen;MNH-SORGV;Vollst. Übertrag. d. Sorge auf Jugendamt o. Dritte;147;Anzahl;MFG001;Maßnahmen des Familiengerichts bei Kindeswohlgef.
22522;Statistik der Pflegeerlaubnis, Vormundschaften etc;JAHR;Jahr;2021;DLAND;Bundesländer;16;Thüringen;MNHFG1;Art der eingeleiteten Maßnahmen;MNH-SORGT;Teilw. Übertrag. d. Sorge auf Jugendamt o. Dritte;239;Anzahl;MFG001;Maßnahmen des Familiengerichts bei Kindeswohlgef.
22522;Statistik der Pflegeerlaubnis, Vormundschaften etc;JAHR;Jahr;2025;DLAND;Bundesländer;05;Nordrhein-Westfalen;MNHFG1;Art der eingeleiteten Maßnahmen;MNH-ERKL;Ersetzung von Erklärungen d. Sorgeberechtigten;498;Anzahl;MFG001;Maßnahmen des Familiengerichts bei Kindeswohlgef.
22522;Statistik der Pflegeerlaubnis, Vormundschaften etc;JAHR;Jahr;2020;DLAND;Bundesländer;01;Schleswig-Holstein;MNHFG1;Art der eingeleiteten Maßnahmen;;Insgesamt;1116;Anzahl;MFG001;Maßnahmen des Familiengerichts bei Kindeswohlgef.
22522;Statistik der Pflegeerlaubnis, Vormundschaften etc;JAHR;Jahr;2013;DLAND;Bundesländer;09;Bayern;MNHFG1;Art der eingeleiteten Maßnahmen;MNH-GEVE;Ge- oder Verbote gg. Sorgeberechtigten o. Dritten;461;Anzahl;MFG001;Maßnahmen des Familiengerichts bei Kindeswohlgef.
22522;Statistik der Pflegeerlaubnis, Vormundschaften etc;JAHR;Jahr;2019;DLAND;Bundesländer;13;Mecklenburg-Vorpommern;MNHFG1;Art der eingeleiteten Maßnahmen;MNH-GEVE;Ge- oder Verbote gg. Sorgeberechtigten o. Dritten;44;Anzahl;MFG001;Maßnahmen des Familiengerichts bei Kindeswohlgef.
22522;Statistik der Pflegeerlaubnis, Vormundschaften etc;JAHR;Jahr;2024;DLAND;Bundesländer;01;Schleswig-Holstein;MNHFG1;Art der eingeleiteten Maßnahmen;MNH-SORGV;Vollst. Übertrag. d. Sorge auf Jugendamt o. Dritte;179;Anzahl;MFG001;Maßnahmen des Familiengerichts bei Kindeswohlgef.
22522;Statistik der Pflegeerlaubnis, Vormundschaften etc;JAHR;Jahr;2019;DLAND;Bundesländer;08;Baden-Württemberg;MNHFG1;Art der eingeleiteten Maßnahmen;MNH-SORGV;Vollst. Übertrag. d. Sorge auf Jugendamt o. Dritte;457;Anzahl;MFG001;Maßnahmen des Familiengerichts bei Kindeswohlgef.
22522;Statistik der Pflegeerlaubnis, Vormundschaften etc;JAHR;Jahr;2018;DLAND;Bundesländer;16;Thüringen;MNHFG1;Art der eingeleiteten Maßnahmen;MNH-KJH;Inanspruchnahme v. Lstg. d. Kinder- u. Jugendhilfe;164;Anzahl;MFG001;Maßnahmen des Familiengerichts bei Kindeswohlgef.
22522;Statistik der Pflegeerlaubnis, Vormundschaften etc;JAHR;Jahr;2017;DLAND;Bundesländer;06;Hessen;MNHFG1;Art der eingeleiteten Maßnahmen;MNH-KJH;Inanspruchnahme v. Lstg. d. Kinder- u. Jugendhilfe;388;Anzahl;MFG001;Maßnahmen des Familiengerichts bei Kindeswohlgef.
22522;Statistik der Pflegeerlaubnis, Vormundschaften etc;JAHR;Jahr;2021;DLAND;Bundesländer;11;Berlin;MNHFG1;Art der eingeleiteten Maßnahmen;;Insgesamt;1822;Anzahl;MFG001;Maßnahmen des Familiengerichts bei Kindeswohlgef.
22522;Statistik der Pflegeerlaubnis, Vormundschaften etc;JAHR;Jahr;2023;DLAND;Bundesländer;11;Berlin;MNHFG1;Art der eingeleiteten Maßnahmen;MNH-SORGV;Vollst. Übertrag. d. Sorge auf Jugendamt o. Dritte;396;Anzahl;MFG001;Maßnahmen des Familiengerichts bei Kindeswohlgef.
22522;Statistik der Pflegeerlaubnis, Vormundschaften etc;JAHR;Jahr;2022;DLAND;Bundesländer;09;Bayern;MNHFG1;Art der eingeleiteten Maßnahmen;MNH-ERKL;Ersetzung von Erklärungen d. Sorgeberechtigten;150;Anzahl;MFG001;Maßnahmen des Familiengerichts bei Kindeswohlgef.
22522;Statistik der Pflegeerlaubnis, Vormundschaften etc;JAHR;Jahr;2025;DLAND;Bundesländer;04;Bremen;MNHFG1;Art der eingeleiteten Maßnahmen;MNH-SORGT;Teilw. Übertrag. d. Sorge auf Jugendamt o. Dritte;114;Anzahl;MFG001;Maßnahmen des Familiengerichts bei Kindeswohlgef.
22522;Statistik der Pflegeerlaubnis, Vormundschaften etc;JAHR;Jahr;2015;DLAND;Bundesländer;15;Sachsen-Anhalt;MNHFG1;Art der eingeleiteten Maßnahmen;;Insgesamt;801;Anzahl;MFG001;Maßnahmen des Familiengerichts bei Kindeswohlgef.
22522;Statistik der Pflegeerlaubnis, Vormundschaften etc;JAHR;Jahr;2013;DLAND;Bundesländer;05;Nordrhein-Westfalen;MNHFG1;Art der eingeleiteten Maßnahmen;MNH-ERKL;Ersetzung von Erklärungen d. Sorgeberechtigten;393;Anzahl;MFG001;Maßnahmen des Familiengerichts bei Kindeswohlgef.
22522;Statistik der Pflegeerlaubnis, Vormundschaften etc;JAHR;Jahr;2017;DLAND;Bundesländer;12;Brandenburg;MNHFG1;Art der eingeleiteten Maßnahmen;MNH-SORGT;Teilw. Übertrag. d. Sorge auf Jugendamt o. Dritte;304;Anzahl;MFG001;Maßnahmen des Familiengerichts bei Kindeswohlgef.
22522;Statistik der Pflegeerlaubnis, Vormundschaften etc;JAHR;Jahr;2015;DLAND;Bundesländer;01;Schleswig-Holstein;MNHFG1;Art der eingeleiteten Maßnahmen;;Insgesamt;1072;Anzahl;MFG001;Maßnahmen des Familiengerichts bei Kindeswohlgef.
22522;Statistik der Pflegeerlaubnis, Vormundschaften etc;JAHR;Jahr;2014;DLAND;Bundesländer;05;Nordrhein-Westfalen;MNHFG1;Art der eingeleiteten Maßnahmen;;Insgesamt;8502;Anzahl;MFG001;Maßnahmen des Familiengerichts bei Kindeswohlgef.
22522;Statistik der Pflegeerlaubnis, Vormundschaften etc;JAHR;Jahr;2014;DLAND;Bundesländer;02;Hamburg;MNHFG1;Art der eingeleiteten Maßnahmen;MNH-ERKL;Ersetzung von Erklärungen d. Sorgeberechtigten;72;Anzahl;MFG001;Maßnahmen des Familiengerichts bei Kindeswohlgef.
22522;Statistik der Pflegeerlaubnis, Vormundschaften etc;JAHR;Jahr;2024;DLAND;Bundesländer;08;Baden-Württemberg;MNHFG1;Art der eingeleiteten Maßnahmen;;Insgesamt;2416;Anzahl;MFG001;Maßnahmen des Familiengerichts bei Kindeswohlgef.
22522;Statistik der Pflegeerlaubnis, Vormundschaften etc;JAHR;Jahr;2018;DLAND;Bundesländer;08;Baden-Württemberg;MNHFG1;Art der eingeleiteten Maßnahmen;;Insgesamt;1927;Anzahl;MFG001;Maßnahmen des Familiengerichts bei Kindeswohlgef.
22522;Statistik der Pflegeerlaubnis, Vormundschaften etc;JAHR;Jahr;2014;DLAND;Bundesländer;12;Brandenburg;MNHFG1;Art der eingeleiteten Maßnahmen;MNH-SORGV;Vollst. Übertrag. d. Sorge auf Jugendamt o. Dritte;197;Anzahl;MFG001;Maßnahmen des Familiengerichts bei Kindeswohlgef.
22522;Statistik der Pflegeerlaubnis, Vormundschaften etc;JAHR;Jahr;2019;DLAND;Bundesländer;04;Bremen;MNHFG1;Art der eingeleiteten Maßnahmen;;Insgesamt;1007;Anzahl;MFG001;Maßnahmen des Familiengerichts bei Kindeswohlgef.
22522;Statistik der Pflegeerlaubnis, Vormundschaften etc;JAHR;Jahr;2025;DLAND;Bundesländer;07;Rheinland-Pfalz;MNHFG1;Art der eingeleiteten Maßnahmen;MNH-SORGV;Vollst. Übertrag. d. Sorge auf Jugendamt o. Dritte;408;Anzahl;MFG001;Maßnahmen des Familiengerichts bei Kindeswohlgef.
22522;Statistik der Pflegeerlaubnis, Vormundschaften etc;JAHR;Jahr;2012;DLAND;Bundesländer;09;Bayern;MNHFG1;Art der eingeleiteten Maßnahmen;MNH-KJH;Inanspruchnahme v. Lstg. d. Kinder- u. Jugendhilfe;1622;Anzahl;MFG001;Maßnahmen des Familiengerichts bei Kindeswohlgef.
22522;Statistik der Pflegeerlaubnis, Vormundschaften etc;JAHR;Jahr;2013;DLAND;Bundesländer;03;Niedersachsen;MNHFG1;Art der eingeleiteten Maßnahmen;MNH-KJH;Inanspruchnahme v. Lstg. d. Kinder- u. Jugendhilfe;620;Anzahl;MFG001;Maßnahmen des Familiengerichts bei Kindeswohlgef.
22522;Statistik der Pflegeerlaubnis, Vormundschaften etc;JAHR;Jahr;2014;DLAND;Bundesländer;14;Sachsen;MNHFG1;Art der eingeleiteten Maßnahmen;MNH-ERKL;Ersetzung von Erklärungen d. Sorgeberechtigten;75;Anzahl;MFG001;Maßnahmen des Familiengerichts bei Kindeswohlgef.
22522;Statistik der Pflegeerlaubnis, Vormundschaften etc;JAHR;Jahr;2016;DLAND;Bundesländer;05;Nordrhein-Westfalen;MNHFG1;Art der eingeleiteten Maßnahmen;MNH-SORGT;Teilw. Übertrag. d. Sorge auf Jugendamt o. Dritte;2163;Anzahl;MFG001;Maßnahmen des Familiengerichts bei Kindeswohlgef.
22522;Statistik der Pflegeerlaubnis, Vormundschaften etc;JAHR;Jahr;2012;DLAND;Bundesländer;07;Rheinland-Pfalz;MNHFG1;Art der eingeleiteten Maßnahmen;MNH-KJH;Inanspruchnahme v. Lstg. d. Kinder- u. Jugendhilfe;600;Anzahl;MFG001;Maßnahmen des Familiengerichts bei Kindeswohlgef.
22522;Statistik der Pflegeerlaubnis, Vormundschaften etc;JAHR;Jahr;2015;DLAND;Bundesländer;11;Berlin;MNHFG1;Art der eingeleiteten Maßnahmen;MNH-ERKL;Ersetzung von Erklärungen d. Sorgeberechtigten;132;Anzahl;MFG001;Maßnahmen des Familiengerichts bei Kindeswohlgef.
22522;Statistik der Pflegeerlaubnis, Vormundschaften etc;JAHR;Jahr;2016;DLAND;Bundesländer;11;Berlin;MNHFG1;Art der eingeleiteten Maßnahmen;;Insgesamt;2665;Anzahl;MFG001;Maßnahmen des Familiengerichts bei Kindeswohlgef.
22522;Statistik der Pflegeerlaubnis, Vormundschaften etc;JAHR;Jahr;2025;DLAND;Bundesländer;04;Bremen;MNHFG1;Art der eingeleiteten Maßnahmen;;Insgesamt;605;Anzahl;MFG001;Maßnahmen des Familiengerichts bei Kindeswohlgef.
22522;Statistik der Pflegeerlaubnis, Vormundschaften etc;JAHR;Jahr;2014;DLAND;Bundesländer;13;Mecklenburg-Vorpommern;MNHFG1;Art der eingeleiteten Maßnahmen;MNH-KJH;Inanspruchnahme v. Lstg. d. Kinder- u. Jugendhilfe;98;Anzahl;MFG001;Maßnahmen des Familiengerichts bei Kindeswohlgef.
22522;Statistik der Pflegeerlaubnis, Vormundschaften etc;JAHR;Jahr;2017;DLAND;Bundesländer;14;Sachsen;MNHFG1;Art der eingeleiteten Maßnahmen;MNH-GEVE;Ge- oder Verbote gg. Sorgeberechtigten o. Dritten;192;Anzahl;MFG001;Maßnahmen des Familiengerichts bei Kindeswohlgef.
22522;Statistik der Pflegeerlaubnis, Vormundschaften etc;JAHR;Jahr;2012;DLAND;Bundesländer;08;Baden-Württemberg;MNHFG1;Art der eingeleiteten Maßnahmen;MNH-SORGT;Teilw. Übertrag. d. Sorge auf Jugendamt o. Dritte;455;Anzahl;MFG001;Maßnahmen des Familiengerichts bei Kindeswohlgef.
22522;Statistik der Pflegeerlaubnis, Vormundschaften etc;JAHR;Jahr;2017;DLAND;Bundesländer;10;Saarland;MNHFG1;Art der eingeleiteten Maßnahmen;MNH-ERKL;Ersetzung von Erklärungen d. Sorgeberechtigten;65;Anzahl;MFG001;Maßnahmen des Familiengerichts bei Kindeswohlgef.
22522;Statistik der Pflegeerlaubnis, Vormundschaften etc;JAHR;Jahr;2022;DLAND;Bundesländer;01;Schleswig-Holstein;MNHFG1;Art der eingeleiteten Maßnahmen;MNH-SORGT;Teilw. Übertrag. d. Sorge auf Jugendamt o. Dritte;225;Anzahl;MFG001;Maßnahmen des Familiengerichts bei Kindeswohlgef.
22522;Statistik der Pflegeerlaubnis, Vormundschaften etc;JAHR;Jahr;2021;DLAND;Bundesländer;13;Mecklenburg-Vorpommern;MNHFG1;Art der eingeleiteten Maßnahmen;MNH-GEVE;Ge- oder Verbote gg. Sorgeberechtigten o. Dritten;30;Anzahl;MFG001;Maßnahmen des Familiengerichts bei Kindeswohlgef.
22522;Statistik der Pflegeerlaubnis, Vormundschaften etc;JAHR;Jahr;2012;DLAND;Bundesländer;04;Bremen;MNHFG1;Art der eingeleiteten Maßnahmen;MNH-GEVE;Ge- oder Verbote gg. Sorgeberechtigten o. Dritten;27;Anzahl;MFG001;Maßnahmen des Familiengerichts bei Kindeswohlgef.
22522;Statistik der Pflegeerlaubnis, Vormundschaften etc;JAHR;Jahr;2019;DLAND;Bundesländer;01;Schleswig-Holstein;MNHFG1;Art der eingeleiteten Maßnahmen;MNH-GEVE;Ge- oder Verbote gg. Sorgeberechtigten o. Dritten;170;Anzahl;MFG001;Maßnahmen des Familiengerichts bei Kindeswohlgef.
22522;Statistik der Pflegeerlaubnis, Vormundschaften etc;JAHR;Jahr;2013;DLAND;Bundesländer;13;Mecklenburg-Vorpommern;MNHFG1;Art der eingeleiteten Maßnahmen;MNH-GEVE;Ge- oder Verbote gg. Sorgeberechtigten o. Dritten;25;Anzahl;MFG001;Maßnahmen des Familiengerichts bei Kindeswohlgef.
22522;Statistik der Pflegeerlaubnis, Vormundschaften etc;JAHR;Jahr;2020;DLAND;Bundesländer;03;Niedersachsen;MNHFG1;Art der eingeleiteten Maßnahmen;;Insgesamt;2580;Anzahl;MFG001;Maßnahmen des Familiengerichts bei Kindeswohlgef.
22522;Statistik der Pflegeerlaubnis, Vormundschaften etc;JAHR;Jahr;2022;DLAND;Bundesländer;04;Bremen;MNHFG1;Art der eingeleiteten Maßnahmen;MNH-SORGV;Vollst. Übertrag. d. Sorge auf Jugendamt o. Dritte;160;Anzahl;MFG001;Maßnahmen des Familiengerichts bei Kindeswohlgef.
22522;Statistik der Pflegeerlaubnis, Vormundschaften etc;JAHR;Jahr;2017;DLAND;Bundesländer;15;Sachsen-Anhalt;MNHFG1;Art der eingeleiteten Maßnahmen;MNH-SORGV;Vollst. Übertrag. d. Sorge auf Jugendamt o. Dritte;282;Anzahl;MFG001;Maßnahmen des Familiengerichts bei Kindeswohlgef.
22522;Statistik der Pflegeerlaubnis, Vormundschaften etc;JAHR;Jahr;2017;DLAND;Bundesländer;08;Baden-Württemberg;MNHFG1;Art der eingeleiteten Maßnahmen;MNH-KJH;Inanspruchnahme v. Lstg. d. Kinder- u. Jugendhilfe;589;Anzahl;MFG001;Maßnahmen des Familiengerichts bei Kindeswohlgef.
22522;Statistik der Pflegeerlaubnis, Vormundschaften etc;JAHR;Jahr;2021;DLAND;Bundesländer;13;Mecklenburg-Vorpommern;MNHFG1;Art der eingeleiteten Maßnahmen;;Insgesamt;277;Anzahl;MFG001;Maßnahmen des Familiengerichts bei Kindeswohlgef.
22522;Statistik der Pflegeerlaubnis, Vormundschaften etc;JAHR;Jahr;2013;DLAND;Bundesländer;02;Hamburg;MNHFG1;Art der eingeleiteten Maßnahmen;MNH-SORGT;Teilw. Übertrag. d. Sorge auf Jugendamt o. Dritte;205;Anzahl;MFG001;Maßnahmen des Familiengerichts bei Kindeswohlgef.
22522;Statistik der Pflegeerlaubnis, Vormundschaften etc;JAHR;Jahr;2012;DLAND;Bundesländer;02;Hamburg;MNHFG1;Art der eingeleiteten Maßnahmen;MNH-ERKL;Ersetzung von Erklärungen d. Sorgeberechtigten;71;Anzahl;MFG001;Maßnahmen des Familiengerichts bei Kindeswohlgef.
22522;Statistik der Pflegeerlaubnis, Vormundschaften etc;JAHR;Jahr;2015;DLAND;Bundesländer;12;Brandenburg;MNHFG1;Art der eingeleiteten Maßnahmen;MNH-GEVE;Ge- oder Verbote gg. Sorgeberechtigten o. Dritten;93;Anzahl;MFG001;Maßnahmen des Familiengerichts bei Kindeswohlgef.
22522;Statistik der Pflegeerlaubnis, Vormundschaften etc;JAHR;Jahr;2025;DLAND;Bundesländer;11;Berlin;MNHFG1;Art der eingeleiteten Maßnahmen;MNH-ERKL;Ersetzung von Erklärungen d. Sorgeberechtigten;90;Anzahl;MFG001;Maßnahmen des Familiengerichts bei Kindeswohlgef.
22522;Statistik der Pflegeerlaubnis, Vormundschaften etc;JAHR;Jahr;2020;DLAND;Bundesländer;04;Bremen;MNHFG1;Art der eingeleiteten Maßnahmen;MNH-SORGT;Teilw. Übertrag. d. Sorge auf Jugendamt o. Dritte;219;Anzahl;MFG001;Maßnahmen des Familiengerichts bei Kindeswohlgef.
22522;Statistik der Pflegeerlaubnis, Vormundschaften etc;JAHR;Jahr;2022;DLAND;Bundesländer;09;Bayern;MNHFG1;Art der eingeleiteten Maßnahmen;MNH-SORGT;Teilw. Übertrag. d. Sorge auf Jugendamt o. Dritte;1294;Anzahl;MFG001;Maßnahmen des Familiengerichts bei Kindeswohlgef.
22522;Statistik der Pflegeerlaubnis, Vormundschaften etc;JAHR;Jahr;2021;DLAND;Bundesländer;06;Hessen;MNHFG1;Art der eingeleiteten Maßnahmen;MNH-ERKL;Ersetzung von Erklärungen d. Sorgeberechtigten;72;Anzahl;MFG001;Maßnahmen des Familiengerichts bei Kindeswohlgef.
22522;Statistik der Pflegeerlaubnis, Vormundschaften etc;JAHR;Jahr;2024;DLAND;Bundesländer;03;Niedersachsen;MNHFG1;Art der eingeleiteten Maßnahmen;MNH-GEVE;Ge- oder Verbote gg. Sorgeberechtigten o. Dritten;343;Anzahl;MFG001;Maßnahmen des Familiengerichts bei Kindeswohlgef.
22522;Statistik der Pflegeerlaubnis, Vormundschaften etc;JAHR;Jahr;2012;DLAND;Bundesländer;15;Sachsen-Anhalt;MNHFG1;Art der eingeleiteten Maßnahmen;MNH-SORGT;Teilw. Übertrag. d. Sorge auf Jugendamt o. Dritte;95;Anzahl;MFG001;Maßnahmen des Familiengerichts bei Kindeswohlgef.
22522;Statistik der Pflegeerlaubnis, Vormundschaften etc;JAHR;Jahr;2019;DLAND;Bundesländer;12;Brandenburg;MNHFG1;Art der eingeleiteten Maßnahmen;MNH-SORGV;Vollst. Übertrag. d. Sorge auf Jugendamt o. Dritte;272;Anzahl;MFG001;Maßnahmen des Familiengerichts bei Kindeswohlgef.
22522;Statistik der Pflegeerlaubnis, Vormundschaften etc;JAHR;Jahr;2019;DLAND;Bundesländer;16;Thüringen;MNHFG1;Art der eingeleiteten Maßnahmen;;Insgesamt;1142;Anzahl;MFG001;Maßnahmen des Familiengerichts bei Kindeswohlgef.
22522;Statistik der Pflegeerlaubnis, Vormundschaften etc;JAHR;Jahr;2013;DLAND;Bundesländer;11;Berlin;MNHFG1;Art der eingeleiteten Maßnahmen;MNH-ERKL;Ersetzung von Erklärungen d. Sorgeberechtigten;120;Anzahl;MFG001;Maßnahmen des Familiengerichts bei Kindeswohlgef.
22522;Statistik der Pflegeerlaubnis, Vormundschaften etc;JAHR;Jahr;2023;DLAND;Bundesländer;16;Thüringen;MNHFG1;Art der eingeleiteten Maßnahmen;MNH-SORGT;Teilw. Übertrag. d. Sorge auf Jugendamt o. Dritte;230;Anzahl;MFG001;Maßnahmen des Familiengerichts bei Kindeswohlgef.
22522;Statistik der Pflegeerlaubnis, Vormundschaften etc;JAHR;Jahr;2020;DLAND;Bundesländer;07;Rheinland-Pfalz;MNHFG1;Art der eingeleiteten Maßnahmen;MNH-SORGV;Vollst. Übertrag. d. Sorge auf Jugendamt o. Dritte;362;Anzahl;MFG001;Maßnahmen des Familiengerichts bei Kindeswohlgef.
22522;Statistik der Pflegeerlaubnis, Vormundschaften etc;JAHR;Jahr;2020;DLAND;Bundesländer;11;Berlin;MNHFG1;Art der eingeleiteten Maßnahmen;MNH-KJH;Inanspruchnahme v. Lstg. d. Kinder- u. Jugendhilfe;416;Anzahl;MFG001;Maßnahmen des Familiengerichts bei Kindeswohlgef.
22522;Statistik der Pflegeerlaubnis, Vormundschaften etc;JAHR;Jahr;2015;DLAND;Bundesländer;14;Sachsen;MNHFG1;Art der eingeleiteten Maßnahmen;MNH-GEVE;Ge- oder Verbote gg. Sorgeberechtigten o. Dritten;245;Anzahl;MFG001;Maßnahmen des Familiengerichts bei Kindeswohlgef.
22522;Statistik der Pflegeerlaubnis, Vormundschaften etc;JAHR;Jahr;2018;DLAND;Bundesländer;03;Niedersachsen;MNHFG1;Art der eingeleiteten Maßnahmen;MNH-SORGV;Vollst. Übertrag. d. Sorge auf Jugendamt o. Dritte;570;Anzahl;MFG001;Maßnahmen des Familiengerichts bei Kindeswohlgef.
22522;Statistik der Pflegeerlaubnis, Vormundschaften etc;JAHR;Jahr;2014;DLAND;Bundesländer;02;Hamburg;MNHFG1;Art der eingeleiteten Maßnahmen;MNH-SORGV;Vollst. Übertrag. d. Sorge auf Jugendamt o. Dritte;256;Anzahl;MFG001;Maßnahmen des Familiengerichts bei Kindeswohlgef.
22522;Statistik der Pflegeerlaubnis, Vormundschaften etc;JAHR;Jahr;2012;DLAND;Bundesländer;16;Thüringen;MNHFG1;Art der eingeleiteten Maßnahmen;MNH-GEVE;Ge- oder Verbote gg. Sorgeberechtigten o. Dritten;132;Anzahl;MFG001;Maßnahmen des Familiengerichts bei Kindeswohlgef.
22522;Statistik der Pflegeerlaubnis, Vormundschaften etc;JAHR;Jahr;2022;DLAND;Bundesländer;15;Sachsen-Anhalt;MNHFG1;Art der eingeleiteten Maßnahmen;MNH-ERKL;Ersetzung von Erklärungen d. Sorgeberechtigten;41;Anzahl;MFG001;Maßnahmen des Familiengerichts bei Kindeswohlgef.
22522;Statistik der Pflegeerlaubnis, Vormundschaften etc;JAHR;Jahr;2023;DLAND;Bundesländer;04;Bremen;MNHFG1;Art der eingeleiteten Maßnahmen;MNH-KJH;Inanspruchnahme v. Lstg. d. Kinder- u. Jugendhilfe;243;Anzahl;MFG001;Maßnahmen des Familiengerichts bei Kindeswohlgef.
22522;Statistik der Pflegeerlaubnis, Vormundschaften etc;JAHR;Jahr;2020;DLAND;Bundesländer;13;Mecklenburg-Vorpommern;MNHFG1;Art der eingeleiteten Maßnahmen;MNH-KJH;Inanspruchnahme v. Lstg. d. Kinder- u. Jugendhilfe;109;Anzahl;MFG001;Maßnahmen des Familiengerichts bei Kindeswohlgef.
22522;Statistik der Pflegeerlaubnis, Vormundschaften etc;JAHR;Jahr;2017;DLAND;Bundesländer;07;Rheinland-Pfalz;MNHFG1;Art der eingeleiteten Maßnahmen;MNH-ERKL;Ersetzung von Erklärungen d. Sorgeberechtigten;137;Anzahl;MFG001;Maßnahmen des Familiengerichts bei Kindeswohlgef.
22522;Statistik der Pflegeerlaubnis, Vormundschaften etc;JAHR;Jahr;2018;DLAND;Bundesländer;09;Bayern;MNHFG1;Art der eingeleiteten Maßnahmen;MNH-ERKL;Ersetzung von Erklärungen d. Sorgeberechtigten;145;Anzahl;MFG001;Maßnahmen des Familiengerichts bei Kindeswohlgef.
22522;Statistik der Pflegeerlaubnis, Vormundschaften etc;JAHR;Jahr;2021;DLAND;Bundesländer;16;Thüringen;MNHFG1;Art der eingeleiteten Maßnahmen;MNH-SORGV;Vollst. Übertrag. d. Sorge auf Jugendamt o. Dritte;169;Anzahl;MFG001;Maßnahmen des Familiengerichts bei Kindeswohlgef.
22522;Statistik der Pflegeerlaubnis, Vormundschaften etc;JAHR;Jahr;2019;DLAND;Bundesländer;12;Brandenburg;MNHFG1;Art der eingeleiteten Maßnahmen;MNH-KJH;Inanspruchnahme v. Lstg. d. Kinder- u. Jugendhilfe;254;Anzahl;MFG001;Maßnahmen des Familiengerichts bei Kindeswohlgef.
22522;Statistik der Pflegeerlaubnis, Vormundschaften etc;JAHR;Jahr;2012;DLAND;Bundesländer;13;Mecklenburg-Vorpommern;MNHFG1;Art der eingeleiteten Maßnahmen;MNH-KJH;Inanspruchnahme v. Lstg. d. Kinder- u. Jugendhilfe;176;Anzahl;MFG001;Maßnahmen des Familiengerichts bei Kindeswohlgef.
22522;Statistik der Pflegeerlaubnis, Vormundschaften etc;JAHR;Jahr;2025;DLAND;Bundesländer;14;Sachsen;MNHFG1;Art der eingeleiteten Maßnahmen;MNH-SORGT;Teilw. Übertrag. d. Sorge auf Jugendamt o. Dritte;357;Anzahl;MFG001;Maßnahmen des Familiengerichts bei Kindeswohlgef.
22522;Statistik der Pflegeerlaubnis, Vormundschaften etc;JAHR;Jahr;2014;DLAND;Bundesländer;15;Sachsen-Anhalt;MNHFG1;Art der eingeleiteten Maßnahmen;MNH-KJH;Inanspruchnahme v. Lstg. d. Kinder- u. Jugendhilfe;262;Anzahl;MFG001;Maßnahmen des Familiengerichts bei Kindeswohlgef.
22522;Statistik der Pflegeerlaubnis, Vormundschaften etc;JAHR;Jahr;2014;DLAND;Bundesländer;03;Niedersachsen;MNHFG1;Art der eingeleiteten Maßnahmen;;Insgesamt;2281;Anzahl;MFG001;Maßnahmen des Familiengerichts bei Kindeswohlgef.
22522;Statistik der Pflegeerlaubnis, Vormundschaften etc;JAHR;Jahr;2014;DLAND;Bundesländer;03;Niedersachsen;MNHFG1;Art der eingeleiteten Maßnahmen;MNH-GEVE;Ge- oder Verbote gg. Sorgeberechtigten o. Dritten;212;Anzahl;MFG001;Maßnahmen des Familiengerichts bei Kindeswohlgef.
22522;Statistik der Pflegeerlaubnis, Vormundschaften etc;JAHR;Jahr;2022;DLAND;Bundesländer;12;Brandenburg;MNHFG1;Art der eingeleiteten Maßnahmen;MNH-KJH;Inanspruchnahme v. Lstg. d. Kinder- u. Jugendhilfe;247;Anzahl;MFG001;Maßnahmen des Familiengerichts bei Kindeswohlgef.
22522;Statistik der Pflegeerlaubnis, Vormundschaften etc;JAHR;Jahr;2020;DLAND;Bundesländer;15;Sachsen-Anhalt;MNHFG1;Art der eingeleiteten Maßnahmen;;Insgesamt;919;Anzahl;MFG001;Maßnahmen des Familiengerichts bei Kindeswohlgef.
22522;Statistik der Pflegeerlaubnis, Vormundschaften etc;JAHR;Jahr;2018;DLAND;Bundesländer;16;Thüringen;MNHFG1;Art der eingeleiteten Maßnahmen;MNH-ERKL;Ersetzung von Erklärungen d. Sorgeberechtigten;39;Anzahl;MFG001;Maßnahmen des Familiengerichts bei Kindeswohlgef.
22522;Statistik der Pflegeerlaubnis, Vormundschaften etc;JAHR;Jahr;2020;DLAND;Bundesländer;11;Berlin;MNHFG1;Art der eingeleiteten Maßnahmen;MNH-SORGT;Teilw. Übertrag. d. Sorge auf Jugendamt o. Dritte;410;Anzahl;MFG001;Maßnahmen des Familiengerichts bei Kindeswohlgef.
22522;Statistik der Pflegeerlaubnis, Vormundschaften etc;JAHR;Jahr;2024;DLAND;Bundesländer;02;Hamburg;MNHFG1;Art der eingeleiteten Maßnahmen;;Insgesamt;984;Anzahl;MFG001;Maßnahmen des Familiengerichts bei Kindeswohlgef.
22522;Statistik der Pflegeerlaubnis, Vormundschaften etc;JAHR;Jahr;2021;DLAND;Bundesländer;09;Bayern;MNHFG1;Art der eingeleiteten Maßnahmen;MNH-SORGT;Teilw. Übertrag. d. Sorge auf Jugendamt o. Dritte;1090;Anzahl;MFG001;Maßnahmen des Familiengerichts bei Kindeswohlgef.
22522;Statistik der Pflegeerlaubnis, Vormundschaften etc;JAHR;Jahr;2024;DLAND;Bundesländer;02;Hamburg;MNHFG1;Art der eingeleiteten Maßnahmen;MNH-ERKL;Ersetzung von Erklärungen d. Sorgeberechtigten;49;Anzahl;MFG001;Maßnahmen des Familiengerichts bei Kindeswohlgef.
22522;Statistik der Pflegeerlaubnis, Vormundschaften etc;JAHR;Jahr;2016;DLAND;Bundesländer;05;Nordrhein-Westfalen;MNHFG1;Art der eingeleiteten Maßnahmen;;Insgesamt;8004;Anzahl;MFG001;Maßnahmen des Familiengerichts bei Kindeswohlgef.
22522;Statistik der Pflegeerlaubnis, Vormundschaften etc;JAHR;Jahr;2018;DLAND;Bundesländer;10;Saarland;MNHFG1;Art der eingeleiteten Maßnahmen;MNH-GEVE;Ge- oder Verbote gg. Sorgeberechtigten o. Dritten;107;Anzahl;MFG001;Maßnahmen des Familiengerichts bei Kindeswohlgef.
22522;Statistik der Pflegeerlaubnis, Vormundschaften etc;JAHR;Jahr;2017;DLAND;Bundesländer;12;Brandenburg;MNHFG1;Art der eingeleiteten Maßnahmen;MNH-KJH;Inanspruchnahme v. Lstg. d. Kinder- u. Jugendhilfe;280;Anzahl;MFG001;Maßnahmen des Familiengerichts bei Kindeswohlgef.
22522;Statistik der Pflegeerlaubnis, Vormundschaften etc;JAHR;Jahr;2025;DLAND;Bundesländer;14;Sachsen;MNHFG1;Art der eingeleiteten Maßnahmen;;Insgesamt;1311;Anzahl;MFG001;Maßnahmen des Familiengerichts bei Kindeswohlgef.
22522;Statistik der Pflegeerlaubnis, Vormundschaften etc;JAHR;Jahr;2022;DLAND;Bundesländer;16;Thüringen;MNHFG1;Art der eingeleiteten Maßnahmen;MNH-SORGT;Teilw. Übertrag. d. Sorge auf Jugendamt o. Dritte;200;Anzahl;MFG001;Maßnahmen des Familiengerichts bei Kindeswohlgef.
22522;Statistik der Pflegeerlaubnis, Vormundschaften etc;JAHR;Jahr;2013;DLAND;Bundesländer;12;Brandenburg;MNHFG1;Art der eingeleiteten Maßnahmen;MNH-GEVE;Ge- oder Verbote gg. Sorgeberechtigten o. Dritten;100;Anzahl;MFG001;Maßnahmen des Familiengerichts bei Kindeswohlgef.
22522;Statistik der Pflegeerlaubnis, Vormundschaften etc;JAHR;Jahr;2013;DLAND;Bundesländer;04;Bremen;MNHFG1;Art der eingeleiteten Maßnahmen;MNH-ERKL;Ersetzung von Erklärungen d. Sorgeberechtigten;57;Anzahl;MFG001;Maßnahmen des Familiengerichts bei Kindeswohlgef.
22522;Statistik der Pflegeerlaubnis, Vormundschaften etc;JAHR;Jahr;2015;DLAND;Bundesländer;06;Hessen;MNHFG1;Art der eingeleiteten Maßnahmen;MNH-KJH;Inanspruchnahme v. Lstg. d. Kinder- u. Jugendhilfe;389;Anzahl;MFG001;Maßnahmen des Familiengerichts bei Kindeswohlgef.
22522;Statistik der Pflegeerlaubnis, Vormundschaften etc;JAHR;Jahr;2020;DLAND;Bundesländer;11;Berlin;MNHFG1;Art der eingeleiteten Maßnahmen;MNH-SORGV;Vollst. Übertrag. d. Sorge auf Jugendamt o. Dritte;501;Anzahl;MFG001;Maßnahmen des Familiengerichts bei Kindeswohlgef.
22522;Statistik der Pflegeerlaubnis, Vormundschaften etc;JAHR;Jahr;2018;DLAND;Bundesländer;04;Bremen;MNHFG1;Art der eingeleiteten Maßnahmen;;Insgesamt;1033;Anzahl;MFG001;Maßnahmen des Familiengerichts bei Kindeswohlgef.
22522;Statistik der Pflegeerlaubnis, Vormundschaften etc;JAHR;Jahr;2021;DLAND;Bundesländer;13;Mecklenburg-Vorpommern;MNHFG1;Art der eingeleiteten Maßnahmen;MNH-SORGT;Teilw. Übertrag. d. Sorge auf Jugendamt o. Dritte;74;Anzahl;MFG001;Maßnahmen des Familiengerichts bei Kindeswohlgef.
22522;Statistik der Pflegeerlaubnis, Vormundschaften etc;JAHR;Jahr;2022;DLAND;Bundesländer;08;Baden-Württemberg;MNHFG1;Art der eingeleiteten Maßnahmen;MNH-ERKL;Ersetzung von Erklärungen d. Sorgeberechtigten;147;Anzahl;MFG001;Maßnahmen des Familiengerichts bei Kindeswohlgef.
22522;Statistik der Pflegeerlaubnis, Vormundschaften etc;JAHR;Jahr;2015;DLAND;Bundesländer;02;Hamburg;MNHFG1;Art der eingeleiteten Maßnahmen;MNH-SORGT;Teilw. Übertrag. d. Sorge auf Jugendamt o. Dritte;263;Anzahl;MFG001;Maßnahmen des Familiengerichts bei Kindeswohlgef.
22522;Statistik der Pflegeerlaubnis, Vormundschaften etc;JAHR;Jahr;2024;DLAND;Bundesländer;14;Sachsen;MNHFG1;Art der eingeleiteten Maßnahmen;MNH-SORGV;Vollst. Übertrag. d. Sorge auf Jugendamt o. Dritte;416;Anzahl;MFG001;Maßnahmen des Familiengerichts bei Kindeswohlgef.
22522;Statistik der Pflegeerlaubnis, Vormundschaften etc;JAHR;Jahr;2016;DLAND;Bundesländer;01;Schleswig-Holstein;MNHFG1;Art der eingeleiteten Maßnahmen;;Insgesamt;1022;Anzahl;MFG001;Maßnahmen des Familiengerichts bei Kindeswohlgef.
22522;Statistik der Pflegeerlaubnis, Vormundschaften etc;JAHR;Jahr;2025;DLAND;Bundesländer;09;Bayern;MNHFG1;Art der eingeleiteten Maßnahmen;MNH-KJH;Inanspruchnahme v. Lstg. d. Kinder- u. Jugendhilfe;640;Anzahl;MFG001;Maßnahmen des Familiengerichts bei Kindeswohlgef.
22522;Statistik der Pflegeerlaubnis, Vormundschaften etc;JAHR;Jahr;2019;DLAND;Bundesländer;05;Nordrhein-Westfalen;MNHFG1;Art der eingeleiteten Maßnahmen;MNH-SORGT;Teilw. Übertrag. d. Sorge auf Jugendamt o. Dritte;2557;Anzahl;MFG001;Maßnahmen des Familiengerichts bei Kindeswohlgef.
22522;Statistik der Pflegeerlaubnis, Vormundschaften etc;JAHR;Jahr;2025;DLAND;Bundesländer;07;Rheinland-Pfalz;MNHFG1;Art der eingeleiteten Maßnahmen;MNH-SORGT;Teilw. Übertrag. d. Sorge auf Jugendamt o. Dritte;436;Anzahl;MFG001;Maßnahmen des Familiengerichts bei Kindeswohlgef.
22522;Statistik der Pflegeerlaubnis, Vormundschaften etc;JAHR;Jahr;2014;DLAND;Bundesländer;13;Mecklenburg-Vorpommern;MNHFG1;Art der eingeleiteten Maßnahmen;MNH-ERKL;Ersetzung von Erklärungen d. Sorgeberechtigten;12;Anzahl;MFG001;Maßnahmen des Familiengerichts bei Kindeswohlgef.
22522;Statistik der Pflegeerlaubnis, Vormundschaften etc;JAHR;Jahr;2023;DLAND;Bundesländer;01;Schleswig-Holstein;MNHFG1;Art der eingeleiteten Maßnahmen;MNH-GEVE;Ge- oder Verbote gg. Sorgeberechtigten o. Dritten;104;Anzahl;MFG001;Maßnahmen des Familiengerichts bei Kindeswohlgef.
22522;Statistik der Pflegeerlaubnis, Vormundschaften etc;JAHR;Jahr;2019;DLAND;Bundesländer;02;Hamburg;MNHFG1;Art der eingeleiteten Maßnahmen;MNH-GEVE;Ge- oder Verbote gg. Sorgeberechtigten o. Dritten;187;Anzahl;MFG001;Maßnahmen des Familiengerichts bei Kindeswohlgef.
22522;Statistik der Pflegeerlaubnis, Vormundschaften etc;JAHR;Jahr;2014;DLAND;Bundesländer;05;Nordrhein-Westfalen;MNHFG1;Art der eingeleiteten Maßnahmen;MNH-GEVE;Ge- oder Verbote gg. Sorgeberechtigten o. Dritten;1064;Anzahl;MFG001;Maßnahmen des Familiengerichts bei Kindeswohlgef.
22522;Statistik der Pflegeerlaubnis, Vormundschaften etc;JAHR;Jahr;2013;DLAND;Bundesländer;12;Brandenburg;MNHFG1;Art der eingeleiteten Maßnahmen;;Insgesamt;860;Anzahl;MFG001;Maßnahmen des Familiengerichts bei Kindeswohlgef.
22522;Statistik der Pflegeerlaubnis, Vormundschaften etc;JAHR;Jahr;2024;DLAND;Bundesländer;11;Berlin;MNHFG1;Art der eingeleiteten Maßnahmen;MNH-SORGT;Teilw. Übertrag. d. Sorge auf Jugendamt o. Dritte;185;Anzahl;MFG001;Maßnahmen des Familiengerichts bei Kindeswohlgef.
22522;Statistik der Pflegeerlaubnis, Vormundschaften etc;JAHR;Jahr;2024;DLAND;Bundesländer;12;Brandenburg;MNHFG1;Art der eingeleiteten Maßnahmen;MNH-KJH;Inanspruchnahme v. Lstg. d. Kinder- u. Jugendhilfe;251;Anzahl;MFG001;Maßnahmen des Familiengerichts bei Kindeswohlgef.
22522;Statistik der Pflegeerlaubnis, Vormundschaften etc;JAHR;Jahr;2024;DLAND;Bundesländer;10;Saarland;MNHFG1;Art der eingeleiteten Maßnahmen;MNH-GEVE;Ge- oder Verbote gg. Sorgeberechtigten o. Dritten;82;Anzahl;MFG001;Maßnahmen des Familiengerichts bei Kindeswohlgef.
22522;Statistik der Pflegeerlaubnis, Vormundschaften etc;JAHR;Jahr;2015;DLAND;Bundesländer;05;Nordrhein-Westfalen;MNHFG1;Art der eingeleiteten Maßnahmen;MNH-SORGV;Vollst. Übertrag. d. Sorge auf Jugendamt o. Dritte;2044;Anzahl;MFG001;Maßnahmen des Familiengerichts bei Kindeswohlgef.
22522;Statistik der Pflegeerlaubnis, Vormundschaften etc;JAHR;Jahr;2021;DLAND;Bundesländer;09;Bayern;MNHFG1;Art der eingeleiteten Maßnahmen;;Insgesamt;2706;Anzahl;MFG001;Maßnahmen des Familiengerichts bei Kindeswohlgef.
22522;Statistik der Pflegeerlaubnis, Vormundschaften etc;JAHR;Jahr;2021;DLAND;Bundesländer;04;Bremen;MNHFG1;Art der eingeleiteten Maßnahmen;MNH-KJH;Inanspruchnahme v. Lstg. d. Kinder- u. Jugendhilfe;377;Anzahl;MFG001;Maßnahmen des Familiengerichts bei Kindeswohlgef.
22522;Statistik der Pflegeerlaubnis, Vormundschaften etc;JAHR;Jahr;2013;DLAND;Bundesländer;07;Rheinland-Pfalz;MNHFG1;Art der eingeleiteten Maßnahmen;MNH-KJH;Inanspruchnahme v. Lstg. d. Kinder- u. Jugendhilfe;591;Anzahl;MFG001;Maßnahmen des Familiengerichts bei Kindeswohlgef.
22522;Statistik der Pflegeerlaubnis, Vormundschaften etc;JAHR;Jahr;2023;DLAND;Bundesländer;08;Baden-Württemberg;MNHFG1;Art der eingeleiteten Maßnahmen;;Insgesamt;2654;Anzahl;MFG001;Maßnahmen des Familiengerichts bei Kindeswohlgef.
22522;Statistik der Pflegeerlaubnis, Vormundschaften etc;JAHR;Jahr;2012;DLAND;Bundesländer;08;Baden-Württemberg;MNHFG1;Art der eingeleiteten Maßnahmen;MNH-ERKL;Ersetzung von Erklärungen d. Sorgeberechtigten;104;Anzahl;MFG001;Maßnahmen des Familiengerichts bei Kindeswohlgef.
22522;Statistik der Pflegeerlaubnis, Vormundschaften etc;JAHR;Jahr;2015;DLAND;Bundesländer;11;Berlin;MNHFG1;Art der eingeleiteten Maßnahmen;;Insgesamt;2518;Anzahl;MFG001;Maßnahmen des Familiengerichts bei Kindeswohlgef.
22522;Statistik der Pflegeerlaubnis, Vormundschaften etc;JAHR;Jahr;2024;DLAND;Bundesländer;07;Rheinland-Pfalz;MNHFG1;Art der eingeleiteten Maßnahmen;MNH-SORGT;Teilw. Übertrag. d. Sorge auf Jugendamt o. Dritte;488;Anzahl;MFG001;Maßnahmen des Familiengerichts bei Kindeswohlgef.
22522;Statistik der Pflegeerlaubnis, Vormundschaften etc;JAHR;Jahr;2013;DLAND;Bundesländer;02;Hamburg;MNHFG1;Art der eingeleiteten Maßnahmen;MNH-SORGV;Vollst. Übertrag. d. Sorge auf Jugendamt o. Dritte;183;Anzahl;MFG001;Maßnahmen des Familiengerichts bei Kindeswohlgef.
22522;Statistik der Pflegeerlaubnis, Vormundschaften etc;JAHR;Jahr;2012;DLAND;Bundesländer;03;Niedersachsen;MNHFG1;Art der eingeleiteten Maßnahmen;MNH-GEVE;Ge- oder Verbote gg. Sorgeberechtigten o. Dritten;170;Anzahl;MFG001;Maßnahmen des Familiengerichts bei Kindeswohlgef.
22522;Statistik der Pflegeerlaubnis, Vormundschaften etc;JAHR;Jahr;2016;DLAND;Bundesländer;06;Hessen;MNHFG1;Art der eingeleiteten Maßnahmen;MNH-GEVE;Ge- oder Verbote gg. Sorgeberechtigten o. Dritten;175;Anzahl;MFG001;Maßnahmen des Familiengerichts bei Kindeswohlgef.
22522;Statistik der Pflegeerlaubnis, Vormundschaften etc;JAHR;Jahr;2024;DLAND;Bundesländer;09;Bayern;MNHFG1;Art der eingeleiteten Maßnahmen;MNH-ERKL;Ersetzung von Erklärungen d. Sorgeberechtigten;161;Anzahl;MFG001;Maßnahmen des Familiengerichts bei Kindeswohlgef.
22522;Statistik der Pflegeerlaubnis, Vormundschaften etc;JAHR;Jahr;2020;DLAND;Bundesländer;13;Mecklenburg-Vorpommern;MNHFG1;Art der eingeleiteten Maßnahmen;MNH-ERKL;Ersetzung von Erklärungen d. Sorgeberechtigten;11;Anzahl;MFG001;Maßnahmen des Familiengerichts bei Kindeswohlgef.
22522;Statistik der Pflegeerlaubnis, Vormundschaften etc;JAHR;Jahr;2016;DLAND;Bundesländer;04;Bremen;MNHFG1;Art der eingeleiteten Maßnahmen;MNH-KJH;Inanspruchnahme v. Lstg. d. Kinder- u. Jugendhilfe;187;Anzahl;MFG001;Maßnahmen des Familiengerichts bei Kindeswohlgef.
22522;Statistik der Pflegeerlaubnis, Vormundschaften etc;JAHR;Jahr;2012;DLAND;Bundesländer;10;Saarland;MNHFG1;Art der eingeleiteten Maßnahmen;MNH-GEVE;Ge- oder Verbote gg. Sorgeberechtigten o. Dritten;34;Anzahl;MFG001;Maßnahmen des Familiengerichts bei Kindeswohlgef.
22522;Statistik der Pflegeerlaubnis, Vormundschaften etc;JAHR;Jahr;2016;DLAND;Bundesländer;15;Sachsen-Anhalt;MNHFG1;Art der eingeleiteten Maßnahmen;MNH-ERKL;Ersetzung von Erklärungen d. Sorgeberechtigten;16;Anzahl;MFG001;Maßnahmen des Familiengerichts bei Kindeswohlgef.
22522;Statistik der Pflegeerlaubnis, Vormundschaften etc;JAHR;Jahr;2016;DLAND;Bundesländer;14;Sachsen;MNHFG1;Art der eingeleiteten Maßnahmen;MNH-ERKL;Ersetzung von Erklärungen d. Sorgeberechtigten;90;Anzahl;MFG001;Maßnahmen des Familiengerichts bei Kindeswohlgef.
22522;Statistik der Pflegeerlaubnis, Vormundschaften etc;JAHR;Jahr;2015;DLAND;Bundesländer;13;Mecklenburg-Vorpommern;MNHFG1;Art der eingeleiteten Maßnahmen;MNH-KJH;Inanspruchnahme v. Lstg. d. Kinder- u. Jugendhilfe;92;Anzahl;MFG001;Maßnahmen des Familiengerichts bei Kindeswohlgef.
22522;Statistik der Pflegeerlaubnis, Vormundschaften etc;JAHR;Jahr;2016;DLAND;Bundesländer;15;Sachsen-Anhalt;MNHFG1;Art der eingeleiteten Maßnahmen;MNH-SORGT;Teilw. Übertrag. d. Sorge auf Jugendamt o. Dritte;209;Anzahl;MFG001;Maßnahmen des Familiengerichts bei Kindeswohlgef.
22522;Statistik der Pflegeerlaubnis, Vormundschaften etc;JAHR;Jahr;2025;DLAND;Bundesländer;11;Berlin;MNHFG1;Art der eingeleiteten Maßnahmen;MNH-SORGT;Teilw. Übertrag. d. Sorge auf Jugendamt o. Dritte;213;Anzahl;MFG001;Maßnahmen des Familiengerichts bei Kindeswohlgef.
22522;Statistik der Pflegeerlaubnis, Vormundschaften etc;JAHR;Jahr;2014;DLAND;Bundesländer;05;Nordrhein-Westfalen;MNHFG1;Art der eingeleiteten Maßnahmen;MNH-SORGV;Vollst. Übertrag. d. Sorge auf Jugendamt o. Dritte;2350;Anzahl;MFG001;Maßnahmen des Familiengerichts bei Kindeswohlgef.
22522;Statistik der Pflegeerlaubnis, Vormundschaften etc;JAHR;Jahr;2020;DLAND;Bundesländer;05;Nordrhein-Westfalen;MNHFG1;Art der eingeleiteten Maßnahmen;MNH-GEVE;Ge- oder Verbote gg. Sorgeberechtigten o. Dritten;1133;Anzahl;MFG001;Maßnahmen des Familiengerichts bei Kindeswohlgef.
22522;Statistik der Pflegeerlaubnis, Vormundschaften etc;JAHR;Jahr;2023;DLAND;Bundesländer;01;Schleswig-Holstein;MNHFG1;Art der eingeleiteten Maßnahmen;MNH-SORGV;Vollst. Übertrag. d. Sorge auf Jugendamt o. Dritte;166;Anzahl;MFG001;Maßnahmen des Familiengerichts bei Kindeswohlgef.
22522;Statistik der Pflegeerlaubnis, Vormundschaften etc;JAHR;Jahr;2013;DLAND;Bundesländer;11;Berlin;MNHFG1;Art der eingeleiteten Maßnahmen;MNH-KJH;Inanspruchnahme v. Lstg. d. Kinder- u. Jugendhilfe;711;Anzahl;MFG001;Maßnahmen des Familiengerichts bei Kindeswohlgef.
22522;Statistik der Pflegeerlaubnis, Vormundschaften etc;JAHR;Jahr;2018;DLAND;Bundesländer;11;Berlin;MNHFG1;Art der eingeleiteten Maßnahmen;;Insgesamt;2658;Anzahl;MFG001;Maßnahmen des Familiengerichts bei Kindeswohlgef.
22522;Statistik der Pflegeerlaubnis, Vormundschaften etc;JAHR;Jahr;2022;DLAND;Bundesländer;13;Mecklenburg-Vorpommern;MNHFG1;Art der eingeleiteten Maßnahmen;;Insgesamt;245;Anzahl;MFG001;Maßnahmen des Familiengerichts bei Kindeswohlgef.
22522;Statistik der Pflegeerlaubnis, Vormundschaften etc;JAHR;Jahr;2019;DLAND;Bundesländer;12;Brandenburg;MNHFG1;Art der eingeleiteten Maßnahmen;;Insgesamt;942;Anzahl;MFG001;Maßnahmen des Familiengerichts bei Kindeswohlgef.
22522;Statistik der Pflegeerlaubnis, Vormundschaften etc;JAHR;Jahr;2017;DLAND;Bundesländer;15;Sachsen-Anhalt;MNHFG1;Art der eingeleiteten Maßnahmen;MNH-GEVE;Ge- oder Verbote gg. Sorgeberechtigten o. Dritten;124;Anzahl;MFG001;Maßnahmen des Familiengerichts bei Kindeswohlgef.
22522;Statistik der Pflegeerlaubnis, Vormundschaften etc;JAHR;Jahr;2020;DLAND;Bundesländer;11;Berlin;MNHFG1;Art der eingeleiteten Maßnahmen;;Insgesamt;2090;Anzahl;MFG001;Maßnahmen des Familiengerichts bei Kindeswohlgef.
22522;Statistik der Pflegeerlaubnis, Vormundschaften etc;JAHR;Jahr;2012;DLAND;Bundesländer;14;Sachsen;MNHFG1;Art der eingeleiteten Maßnahmen;;Insgesamt;1273;Anzahl;MFG001;Maßnahmen des Familiengerichts bei Kindeswohlgef.
22522;Statistik der Pflegeerlaubnis, Vormundschaften etc;JAHR;Jahr;2021;DLAND;Bundesländer;14;Sachsen;MNHFG1;Art der eingeleiteten Maßnahmen;MNH-GEVE;Ge- oder Verbote gg. Sorgeberechtigten o. Dritten;164;Anzahl;MFG001;Maßnahmen des Familiengerichts bei Kindeswohlgef.
22522;Statistik der Pflegeerlaubnis, Vormundschaften etc;JAHR;Jahr;2019;DLAND;Bundesländer;10;Saarland;MNHFG1;Art der eingeleiteten Maßnahmen;MNH-ERKL;Ersetzung von Erklärungen d. Sorgeberechtigten;47;Anzahl;MFG001;Maßnahmen des Familiengerichts bei Kindeswohlgef.
22522;Statistik der Pflegeerlaubnis, Vormundschaften etc;JAHR;Jahr;2020;DLAND;Bundesländer;07;Rheinland-Pfalz;MNHFG1;Art der eingeleiteten Maßnahmen;MNH-SORGT;Teilw. Übertrag. d. Sorge auf Jugendamt o. Dritte;537;Anzahl;MFG001;Maßnahmen des Familiengerichts bei Kindeswohlgef.
22522;Statistik der Pflegeerlaubnis, Vormundschaften etc;JAHR;Jahr;2021;DLAND;Bundesländer;06;Hessen;MNHFG1;Art der eingeleiteten Maßnahmen;MNH-SORGT;Teilw. Übertrag. d. Sorge auf Jugendamt o. Dritte;459;Anzahl;MFG001;Maßnahmen des Familiengerichts bei Kindeswohlgef.
22522;Statistik der Pflegeerlaubnis, Vormundschaften etc;JAHR;Jahr;2022;DLAND;Bundesländer;03;Niedersachsen;MNHFG1;Art der eingeleiteten Maßnahmen;;Insgesamt;2433;Anzahl;MFG001;Maßnahmen des Familiengerichts bei Kindeswohlgef.
22522;Statistik der Pflegeerlaubnis, Vormundschaften etc;JAHR;Jahr;2018;DLAND;Bundesländer;03;Niedersachsen;MNHFG1;Art der eingeleiteten Maßnahmen;MNH-SORGT;Teilw. Übertrag. d. Sorge auf Jugendamt o. Dritte;527;Anzahl;MFG001;Maßnahmen des Familiengerichts bei Kindeswohlgef.
22522;Statistik der Pflegeerlaubnis, Vormundschaften etc;JAHR;Jahr;2024;DLAND;Bundesländer;04;Bremen;MNHFG1;Art der eingeleiteten Maßnahmen;MNH-SORGT;Teilw. Übertrag. d. Sorge auf Jugendamt o. Dritte;102;Anzahl;MFG001;Maßnahmen des Familiengerichts bei Kindeswohlgef.
22522;Statistik der Pflegeerlaubnis, Vormundschaften etc;JAHR;Jahr;2014;DLAND;Bundesländer;02;Hamburg;MNHFG1;Art der eingeleiteten Maßnahmen;MNH-SORGT;Teilw. Übertrag. d. Sorge auf Jugendamt o. Dritte;295;Anzahl;MFG001;Maßnahmen des Familiengerichts bei Kindeswohlgef.
22522;Statistik der Pflegeerlaubnis, Vormundschaften etc;JAHR;Jahr;2022;DLAND;Bundesländer;13;Mecklenburg-Vorpommern;MNHFG1;Art der eingeleiteten Maßnahmen;MNH-SORGT;Teilw. Übertrag. d. Sorge auf Jugendamt o. Dritte;77;Anzahl;MFG001;Maßnahmen des Familiengerichts bei Kindeswohlgef.
22522;Statistik der Pflegeerlaubnis, Vormundschaften etc;JAHR;Jahr;2017;DLAND;Bundesländer;16;Thüringen;MNHFG1;Art der eingeleiteten Maßnahmen;MNH-KJH;Inanspruchnahme v. Lstg. d. Kinder- u. Jugendhilfe;286;Anzahl;MFG001;Maßnahmen des Familiengerichts bei Kindeswohlgef.
22522;Statistik der Pflegeerlaubnis, Vormundschaften etc;JAHR;Jahr;2017;DLAND;Bundesländer;01;Schleswig-Holstein;MNHFG1;Art der eingeleiteten Maßnahmen;MNH-GEVE;Ge- oder Verbote gg. Sorgeberechtigten o. Dritten;225;Anzahl;MFG001;Maßnahmen des Familiengerichts bei Kindeswohlgef.
22522;Statistik der Pflegeerlaubnis, Vormundschaften etc;JAHR;Jahr;2025;DLAND;Bundesländer;14;Sachsen;MNHFG1;Art der eingeleiteten Maßnahmen;MNH-SORGV;Vollst. Übertrag. d. Sorge auf Jugendamt o. Dritte;421;Anzahl;MFG001;Maßnahmen des Familiengerichts bei Kindeswohlgef.
22522;Statistik der Pflegeerlaubnis, Vormundschaften etc;JAHR;Jahr;2021;DLAND;Bundesländer;13;Mecklenburg-Vorpommern;MNHFG1;Art der eingeleiteten Maßnahmen;MNH-SORGV;Vollst. Übertrag. d. Sorge auf Jugendamt o. Dritte;71;Anzahl;MFG001;Maßnahmen des Familiengerichts bei Kindeswohlgef.
22522;Statistik der Pflegeerlaubnis, Vormundschaften etc;JAHR;Jahr;2021;DLAND;Bundesländer;09;Bayern;MNHFG1;Art der eingeleiteten Maßnahmen;MNH-SORGV;Vollst. Übertrag. d. Sorge auf Jugendamt o. Dritte;520;Anzahl;MFG001;Maßnahmen des Familiengerichts bei Kindeswohlgef.
22522;Statistik der Pflegeerlaubnis, Vormundschaften etc;JAHR;Jahr;2018;DLAND;Bundesländer;10;Saarland;MNHFG1;Art der eingeleiteten Maßnahmen;MNH-SORGV;Vollst. Übertrag. d. Sorge auf Jugendamt o. Dritte;123;Anzahl;MFG001;Maßnahmen des Familiengerichts bei Kindeswohlgef.
22522;Statistik der Pflegeerlaubnis, Vormundschaften etc;JAHR;Jahr;2024;DLAND;Bundesländer;16;Thüringen;MNHFG1;Art der eingeleiteten Maßnahmen;;Insgesamt;610;Anzahl;MFG001;Maßnahmen des Familiengerichts bei Kindeswohlgef.
22522;Statistik der Pflegeerlaubnis, Vormundschaften etc;JAHR;Jahr;2025;DLAND;Bundesländer;04;Bremen;MNHFG1;Art der eingeleiteten Maßnahmen;MNH-ERKL;Ersetzung von Erklärungen d. Sorgeberechtigten;75;Anzahl;MFG001;Maßnahmen des Familiengerichts bei Kindeswohlgef.
22522;Statistik der Pflegeerlaubnis, Vormundschaften etc;JAHR;Jahr;2022;DLAND;Bundesländer;16;Thüringen;MNHFG1;Art der eingeleiteten Maßnahmen;MNH-SORGV;Vollst. Übertrag. d. Sorge auf Jugendamt o. Dritte;183;Anzahl;MFG001;Maßnahmen des Familiengerichts bei Kindeswohlgef.
22522;Statistik der Pflegeerlaubnis, Vormundschaften etc;JAHR;Jahr;2017;DLAND;Bundesländer;08;Baden-Württemberg;MNHFG1;Art der eingeleiteten Maßnahmen;MNH-GEVE;Ge- oder Verbote gg. Sorgeberechtigten o. Dritten;240;Anzahl;MFG001;Maßnahmen des Familiengerichts bei Kindeswohlgef.
22522;Statistik der Pflegeerlaubnis, Vormundschaften etc;JAHR;Jahr;2022;DLAND;Bundesländer;16;Thüringen;MNHFG1;Art der eingeleiteten Maßnahmen;MNH-KJH;Inanspruchnahme v. Lstg. d. Kinder- u. Jugendhilfe;186;Anzahl;MFG001;Maßnahmen des Familiengerichts bei Kindeswohlgef.
22522;Statistik der Pflegeerlaubnis, Vormundschaften etc;JAHR;Jahr;2014;DLAND;Bundesländer;05;Nordrhein-Westfalen;MNHFG1;Art der eingeleiteten Maßnahmen;MNH-KJH;Inanspruchnahme v. Lstg. d. Kinder- u. Jugendhilfe;2334;Anzahl;MFG001;Maßnahmen des Familiengerichts bei Kindeswohlgef.
22522;Statistik der Pflegeerlaubnis, Vormundschaften etc;JAHR;Jahr;2021;DLAND;Bundesländer;07;Rheinland-Pfalz;MNHFG1;Art der eingeleiteten Maßnahmen;MNH-GEVE;Ge- oder Verbote gg. Sorgeberechtigten o. Dritten;203;Anzahl;MFG001;Maßnahmen des Familiengerichts bei Kindeswohlgef.
22522;Statistik der Pflegeerlaubnis, Vormundschaften etc;JAHR;Jahr;2012;DLAND;Bundesländer;02;Hamburg;MNHFG1;Art der eingeleiteten Maßnahmen;MNH-GEVE;Ge- oder Verbote gg. Sorgeberechtigten o. Dritten;60;Anzahl;MFG001;Maßnahmen des Familiengerichts bei Kindeswohlgef.
22522;Statistik der Pflegeerlaubnis, Vormundschaften etc;JAHR;Jahr;2021;DLAND;Bundesländer;10;Saarland;MNHFG1;Art der eingeleiteten Maßnahmen;MNH-SORGT;Teilw. Übertrag. d. Sorge auf Jugendamt o. Dritte;123;Anzahl;MFG001;Maßnahmen des Familiengerichts bei Kindeswohlgef.
22522;Statistik der Pflegeerlaubnis, Vormundschaften etc;JAHR;Jahr;2018;DLAND;Bundesländer;06;Hessen;MNHFG1;Art der eingeleiteten Maßnahmen;MNH-SORGV;Vollst. Übertrag. d. Sorge auf Jugendamt o. Dritte;514;Anzahl;MFG001;Maßnahmen des Familiengerichts bei Kindeswohlgef.
22522;Statistik der Pflegeerlaubnis, Vormundschaften etc;JAHR;Jahr;2017;DLAND;Bundesländer;02;Hamburg;MNHFG1;Art der eingeleiteten Maßnahmen;MNH-KJH;Inanspruchnahme v. Lstg. d. Kinder- u. Jugendhilfe;340;Anzahl;MFG001;Maßnahmen des Familiengerichts bei Kindeswohlgef.
22522;Statistik der Pflegeerlaubnis, Vormundschaften etc;JAHR;Jahr;2020;DLAND;Bundesländer;14;Sachsen;MNHFG1;Art der eingeleiteten Maßnahmen;MNH-SORGV;Vollst. Übertrag. d. Sorge auf Jugendamt o. Dritte;595;Anzahl;MFG001;Maßnahmen des Familiengerichts bei Kindeswohlgef.
22522;Statistik der Pflegeerlaubnis, Vormundschaften etc;JAHR;Jahr;2018;DLAND;Bundesländer;01;Schleswig-Holstein;MNHFG1;Art der eingeleiteten Maßnahmen;MNH-ERKL;Ersetzung von Erklärungen d. Sorgeberechtigten;96;Anzahl;MFG001;Maßnahmen des Familiengerichts bei Kindeswohlgef.
22522;Statistik der Pflegeerlaubnis, Vormundschaften etc;JAHR;Jahr;2013;DLAND;Bundesländer;11;Berlin;MNHFG1;Art der eingeleiteten Maßnahmen;MNH-GEVE;Ge- oder Verbote gg. Sorgeberechtigten o. Dritten;316;Anzahl;MFG001;Maßnahmen des Familiengerichts bei Kindeswohlgef.
22522;Statistik der Pflegeerlaubnis, Vormundschaften etc;JAHR;Jahr;2019;DLAND;Bundesländer;05;Nordrhein-Westfalen;MNHFG1;Art der eingeleiteten Maßnahmen;MNH-SORGV;Vollst. Übertrag. d. Sorge auf Jugendamt o. Dritte;2214;Anzahl;MFG001;Maßnahmen des Familiengerichts bei Kindeswohlgef.
22522;Statistik der Pflegeerlaubnis, Vormundschaften etc;JAHR;Jahr;2022;DLAND;Bundesländer;16;Thüringen;MNHFG1;Art der eingeleiteten Maßnahmen;MNH-GEVE;Ge- oder Verbote gg. Sorgeberechtigten o. Dritten;103;Anzahl;MFG001;Maßnahmen des Familiengerichts bei Kindeswohlgef.
22522;Statistik der Pflegeerlaubnis, Vormundschaften etc;JAHR;Jahr;2021;DLAND;Bundesländer;05;Nordrhein-Westfalen;MNHFG1;Art der eingeleiteten Maßnahmen;;Insgesamt;8129;Anzahl;MFG001;Maßnahmen des Familiengerichts bei Kindeswohlgef.
22522;Statistik der Pflegeerlaubnis, Vormundschaften etc;JAHR;Jahr;2024;DLAND;Bundesländer;11;Berlin;MNHFG1;Art der eingeleiteten Maßnahmen;MNH-SORGV;Vollst. Übertrag. d. Sorge auf Jugendamt o. Dritte;473;Anzahl;MFG001;Maßnahmen des Familiengerichts bei Kindeswohlgef.
22522;Statistik der Pflegeerlaubnis, Vormundschaften etc;JAHR;Jahr;2023;DLAND;Bundesländer;04;Bremen;MNHFG1;Art der eingeleiteten Maßnahmen;;Insgesamt;913;Anzahl;MFG001;Maßnahmen des Familiengerichts bei Kindeswohlgef.
22522;Statistik der Pflegeerlaubnis, Vormundschaften etc;JAHR;Jahr;2015;DLAND;Bundesländer;08;Baden-Württemberg;MNHFG1;Art der eingeleiteten Maßnahmen;MNH-SORGV;Vollst. Übertrag. d. Sorge auf Jugendamt o. Dritte;534;Anzahl;MFG001;Maßnahmen des Familiengerichts bei Kindeswohlgef.
22522;Statistik der Pflegeerlaubnis, Vormundschaften etc;JAHR;Jahr;2023;DLAND;Bundesländer;09;Bayern;MNHFG1;Art der eingeleiteten Maßnahmen;MNH-GEVE;Ge- oder Verbote gg. Sorgeberechtigten o. Dritten;383;Anzahl;MFG001;Maßnahmen des Familiengerichts bei Kindeswohlgef.
22522;Statistik der Pflegeerlaubnis, Vormundschaften etc;JAHR;Jahr;2019;DLAND;Bundesländer;02;Hamburg;MNHFG1;Art der eingeleiteten Maßnahmen;MNH-SORGT;Teilw. Übertrag. d. Sorge auf Jugendamt o. Dritte;360;Anzahl;MFG001;Maßnahmen des Familiengerichts bei Kindeswohlgef.
22522;Statistik der Pflegeerlaubnis, Vormundschaften etc;JAHR;Jahr;2025;DLAND;Bundesländer;12;Brandenburg;MNHFG1;Art der eingeleiteten Maßnahmen;MNH-GEVE;Ge- oder Verbote gg. Sorgeberechtigten o. Dritten;145;Anzahl;MFG001;Maßnahmen des Familiengerichts bei Kindeswohlgef.
22522;Statistik der Pflegeerlaubnis, Vormundschaften etc;JAHR;Jahr;2023;DLAND;Bundesländer;11;Berlin;MNHFG1;Art der eingeleiteten Maßnahmen;;Insgesamt;1451;Anzahl;MFG001;Maßnahmen des Familiengerichts bei Kindeswohlgef.
22522;Statistik der Pflegeerlaubnis, Vormundschaften etc;JAHR;Jahr;2015;DLAND;Bundesländer;07;Rheinland-Pfalz;MNHFG1;Art der eingeleiteten Maßnahmen;;Insgesamt;1721;Anzahl;MFG001;Maßnahmen des Familiengerichts bei Kindeswohlgef.
22522;Statistik der Pflegeerlaubnis, Vormundschaften etc;JAHR;Jahr;2013;DLAND;Bundesländer;14;Sachsen;MNHFG1;Art der eingeleiteten Maßnahmen;MNH-SORGT;Teilw. Übertrag. d. Sorge auf Jugendamt o. Dritte;428;Anzahl;MFG001;Maßnahmen des Familiengerichts bei Kindeswohlgef.
22522;Statistik der Pflegeerlaubnis, Vormundschaften etc;JAHR;Jahr;2015;DLAND;Bundesländer;05;Nordrhein-Westfalen;MNHFG1;Art der eingeleiteten Maßnahmen;MNH-SORGT;Teilw. Übertrag. d. Sorge auf Jugendamt o. Dritte;2107;Anzahl;MFG001;Maßnahmen des Familiengerichts bei Kindeswohlgef.
22522;Statistik der Pflegeerlaubnis, Vormundschaften etc;JAHR;Jahr;2021;DLAND;Bundesländer;08;Baden-Württemberg;MNHFG1;Art der eingeleiteten Maßnahmen;MNH-KJH;Inanspruchnahme v. Lstg. d. Kinder- u. Jugendhilfe;598;Anzahl;MFG001;Maßnahmen des Familiengerichts bei Kindeswohlgef.
22522;Statistik der Pflegeerlaubnis, Vormundschaften etc;JAHR;Jahr;2015;DLAND;Bundesländer;05;Nordrhein-Westfalen;MNHFG1;Art der eingeleiteten Maßnahmen;MNH-ERKL;Ersetzung von Erklärungen d. Sorgeberechtigten;416;Anzahl;MFG001;Maßnahmen des Familiengerichts bei Kindeswohlgef.
22522;Statistik der Pflegeerlaubnis, Vormundschaften etc;JAHR;Jahr;2012;DLAND;Bundesländer;09;Bayern;MNHFG1;Art der eingeleiteten Maßnahmen;MNH-ERKL;Ersetzung von Erklärungen d. Sorgeberechtigten;822;Anzahl;MFG001;Maßnahmen des Familiengerichts bei Kindeswohlgef.
22522;Statistik der Pflegeerlaubnis, Vormundschaften etc;JAHR;Jahr;2015;DLAND;Bundesländer;12;Brandenburg;MNHFG1;Art der eingeleiteten Maßnahmen;MNH-SORGV;Vollst. Übertrag. d. Sorge auf Jugendamt o. Dritte;251;Anzahl;MFG001;Maßnahmen des Familiengerichts bei Kindeswohlgef.
22522;Statistik der Pflegeerlaubnis, Vormundschaften etc;JAHR;Jahr;2017;DLAND;Bundesländer;03;Niedersachsen;MNHFG1;Art der eingeleiteten Maßnahmen;MNH-SORGV;Vollst. Übertrag. d. Sorge auf Jugendamt o. Dritte;481;Anzahl;MFG001;Maßnahmen des Familiengerichts bei Kindeswohlgef.
22522;Statistik der Pflegeerlaubnis, Vormundschaften etc;JAHR;Jahr;2017;DLAND;Bundesländer;13;Mecklenburg-Vorpommern;MNHFG1;Art der eingeleiteten Maßnahmen;;Insgesamt;330;Anzahl;MFG001;Maßnahmen des Familiengerichts bei Kindeswohlgef.
22522;Statistik der Pflegeerlaubnis, Vormundschaften etc;JAHR;Jahr;2017;DLAND;Bundesländer;06;Hessen;MNHFG1;Art der eingeleiteten Maßnahmen;;Insgesamt;1565;Anzahl;MFG001;Maßnahmen des Familiengerichts bei Kindeswohlgef.
22522;Statistik der Pflegeerlaubnis, Vormundschaften etc;JAHR;Jahr;2024;DLAND;Bundesländer;07;Rheinland-Pfalz;MNHFG1;Art der eingeleiteten Maßnahmen;MNH-SORGV;Vollst. Übertrag. d. Sorge auf Jugendamt o. Dritte;471;Anzahl;MFG001;Maßnahmen des Familiengerichts bei Kindeswohlgef.
22522;Statistik der Pflegeerlaubnis, Vormundschaften etc;JAHR;Jahr;2025;DLAND;Bundesländer;10;Saarland;MNHFG1;Art der eingeleiteten Maßnahmen;;Insgesamt;531;Anzahl;MFG001;Maßnahmen des Familiengerichts bei Kindeswohlgef.
22522;Statistik der Pflegeerlaubnis, Vormundschaften etc;JAHR;Jahr;2023;DLAND;Bundesländer;13;Mecklenburg-Vorpommern;MNHFG1;Art der eingeleiteten Maßnahmen;MNH-SORGV;Vollst. Übertrag. d. Sorge auf Jugendamt o. Dritte;113;Anzahl;MFG001;Maßnahmen des Familiengerichts bei Kindeswohlgef.
22522;Statistik der Pflegeerlaubnis, Vormundschaften etc;JAHR;Jahr;2017;DLAND;Bundesländer;10;Saarland;MNHFG1;Art der eingeleiteten Maßnahmen;MNH-SORGT;Teilw. Übertrag. d. Sorge auf Jugendamt o. Dritte;131;Anzahl;MFG001;Maßnahmen des Familiengerichts bei Kindeswohlgef.
22522;Statistik der Pflegeerlaubnis, Vormundschaften etc;JAHR;Jahr;2012;DLAND;Bundesländer;07;Rheinland-Pfalz;MNHFG1;Art der eingeleiteten Maßnahmen;MNH-SORGT;Teilw. Übertrag. d. Sorge auf Jugendamt o. Dritte;503;Anzahl;MFG001;Maßnahmen des Familiengerichts bei Kindeswohlgef.
22522;Statistik der Pflegeerlaubnis, Vormundschaften etc;JAHR;Jahr;2017;DLAND;Bundesländer;05;Nordrhein-Westfalen;MNHFG1;Art der eingeleiteten Maßnahmen;;Insgesamt;8385;Anzahl;MFG001;Maßnahmen des Familiengerichts bei Kindeswohlgef.
22522;Statistik der Pflegeerlaubnis, Vormundschaften etc;JAHR;Jahr;2012;DLAND;Bundesländer;06;Hessen;MNHFG1;Art der eingeleiteten Maßnahmen;MNH-GEVE;Ge- oder Verbote gg. Sorgeberechtigten o. Dritten;115;Anzahl;MFG001;Maßnahmen des Familiengerichts bei Kindeswohlgef.
22522;Statistik der Pflegeerlaubnis, Vormundschaften etc;JAHR;Jahr;2022;DLAND;Bundesländer;09;Bayern;MNHFG1;Art der eingeleiteten Maßnahmen;;Insgesamt;3107;Anzahl;MFG001;Maßnahmen des Familiengerichts bei Kindeswohlgef.
22522;Statistik der Pflegeerlaubnis, Vormundschaften etc;JAHR;Jahr;2013;DLAND;Bundesländer;12;Brandenburg;MNHFG1;Art der eingeleiteten Maßnahmen;MNH-ERKL;Ersetzung von Erklärungen d. Sorgeberechtigten;47;Anzahl;MFG001;Maßnahmen des Familiengerichts bei Kindeswohlgef.
22522;Statistik der Pflegeerlaubnis, Vormundschaften etc;JAHR;Jahr;2025;DLAND;Bundesländer;02;Hamburg;MNHFG1;Art der eingeleiteten Maßnahmen;MNH-GEVE;Ge- oder Verbote gg. Sorgeberechtigten o. Dritten;161;Anzahl;MFG001;Maßnahmen des Familiengerichts bei Kindeswohlgef.
22522;Statistik der Pflegeerlaubnis, Vormundschaften etc;JAHR;Jahr;2014;DLAND;Bundesländer;07;Rheinland-Pfalz;MNHFG1;Art der eingeleiteten Maßnahmen;MNH-KJH;Inanspruchnahme v. Lstg. d. Kinder- u. Jugendhilfe;529;Anzahl;MFG001;Maßnahmen des Familiengerichts bei Kindeswohlgef.
22522;Statistik der Pflegeerlaubnis, Vormundschaften etc;JAHR;Jahr;2023;DLAND;Bundesländer;03;Niedersachsen;MNHFG1;Art der eingeleiteten Maßnahmen;MNH-ERKL;Ersetzung von Erklärungen d. Sorgeberechtigten;161;Anzahl;MFG001;Maßnahmen des Familiengerichts bei Kindeswohlgef.
22522;Statistik der Pflegeerlaubnis, Vormundschaften etc;JAHR;Jahr;2019;DLAND;Bundesländer;04;Bremen;MNHFG1;Art der eingeleiteten Maßnahmen;MNH-ERKL;Ersetzung von Erklärungen d. Sorgeberechtigten;102;Anzahl;MFG001;Maßnahmen des Familiengerichts bei Kindeswohlgef.
22522;Statistik der Pflegeerlaubnis, Vormundschaften etc;JAHR;Jahr;2022;DLAND;Bundesländer;16;Thüringen;MNHFG1;Art der eingeleiteten Maßnahmen;MNH-ERKL;Ersetzung von Erklärungen d. Sorgeberechtigten;41;Anzahl;MFG001;Maßnahmen des Familiengerichts bei Kindeswohlgef.
22522;Statistik der Pflegeerlaubnis, Vormundschaften etc;JAHR;Jahr;2015;DLAND;Bundesländer;11;Berlin;MNHFG1;Art der eingeleiteten Maßnahmen;MNH-GEVE;Ge- oder Verbote gg. Sorgeberechtigten o. Dritten;447;Anzahl;MFG001;Maßnahmen des Familiengerichts bei Kindeswohlgef.
22522;Statistik der Pflegeerlaubnis, Vormundschaften etc;JAHR;Jahr;2021;DLAND;Bundesländer;12;Brandenburg;MNHFG1;Art der eingeleiteten Maßnahmen;MNH-KJH;Inanspruchnahme v. Lstg. d. Kinder- u. Jugendhilfe;240;Anzahl;MFG001;Maßnahmen des Familiengerichts bei Kindeswohlgef.
22522;Statistik der Pflegeerlaubnis, Vormundschaften etc;JAHR;Jahr;2014;DLAND;Bundesländer;10;Saarland;MNHFG1;Art der eingeleiteten Maßnahmen;MNH-SORGV;Vollst. Übertrag. d. Sorge auf Jugendamt o. Dritte;385;Anzahl;MFG001;Maßnahmen des Familiengerichts bei Kindeswohlgef.
22522;Statistik der Pflegeerlaubnis, Vormundschaften etc;JAHR;Jahr;2016;DLAND;Bundesländer;03;Niedersachsen;MNHFG1;Art der eingeleiteten Maßnahmen;MNH-SORGT;Teilw. Übertrag. d. Sorge auf Jugendamt o. Dritte;509;Anzahl;MFG001;Maßnahmen des Familiengerichts bei Kindeswohlgef.
22522;Statistik der Pflegeerlaubnis, Vormundschaften etc;JAHR;Jahr;2024;DLAND;Bundesländer;10;Saarland;MNHFG1;Art der eingeleiteten Maßnahmen;;Insgesamt;460;Anzahl;MFG001;Maßnahmen des Familiengerichts bei Kindeswohlgef.
22522;Statistik der Pflegeerlaubnis, Vormundschaften etc;JAHR;Jahr;2025;DLAND;Bundesländer;09;Bayern;MNHFG1;Art der eingeleiteten Maßnahmen;MNH-SORGV;Vollst. Übertrag. d. Sorge auf Jugendamt o. Dritte;662;Anzahl;MFG001;Maßnahmen des Familiengerichts bei Kindeswohlgef.
22522;Statistik der Pflegeerlaubnis, Vormundschaften etc;JAHR;Jahr;2021;DLAND;Bundesländer;06;Hessen;MNHFG1;Art der eingeleiteten Maßnahmen;MNH-SORGV;Vollst. Übertrag. d. Sorge auf Jugendamt o. Dritte;414;Anzahl;MFG001;Maßnahmen des Familiengerichts bei Kindeswohlgef.
22522;Statistik der Pflegeerlaubnis, Vormundschaften etc;JAHR;Jahr;2013;DLAND;Bundesländer;03;Niedersachsen;MNHFG1;Art der eingeleiteten Maßnahmen;MNH-SORGV;Vollst. Übertrag. d. Sorge auf Jugendamt o. Dritte;632;Anzahl;MFG001;Maßnahmen des Familiengerichts bei Kindeswohlgef.
22522;Statistik der Pflegeerlaubnis, Vormundschaften etc;JAHR;Jahr;2023;DLAND;Bundesländer;10;Saarland;MNHFG1;Art der eingeleiteten Maßnahmen;MNH-SORGT;Teilw. Übertrag. d. Sorge auf Jugendamt o. Dritte;100;Anzahl;MFG001;Maßnahmen des Familiengerichts bei Kindeswohlgef.
22522;Statistik der Pflegeerlaubnis, Vormundschaften etc;JAHR;Jahr;2018;DLAND;Bundesländer;13;Mecklenburg-Vorpommern;MNHFG1;Art der eingeleiteten Maßnahmen;MNH-SORGV;Vollst. Übertrag. d. Sorge auf Jugendamt o. Dritte;83;Anzahl;MFG001;Maßnahmen des Familiengerichts bei Kindeswohlgef.
22522;Statistik der Pflegeerlaubnis, Vormundschaften etc;JAHR;Jahr;2013;DLAND;Bundesländer;01;Schleswig-Holstein;MNHFG1;Art der eingeleiteten Maßnahmen;;Insgesamt;1144;Anzahl;MFG001;Maßnahmen des Familiengerichts bei Kindeswohlgef.
22522;Statistik der Pflegeerlaubnis, Vormundschaften etc;JAHR;Jahr;2017;DLAND;Bundesländer;06;Hessen;MNHFG1;Art der eingeleiteten Maßnahmen;MNH-SORGV;Vollst. Übertrag. d. Sorge auf Jugendamt o. Dritte;504;Anzahl;MFG001;Maßnahmen des Familiengerichts bei Kindeswohlgef.
22522;Statistik der Pflegeerlaubnis, Vormundschaften etc;JAHR;Jahr;2014;DLAND;Bundesländer;13;Mecklenburg-Vorpommern;MNHFG1;Art der eingeleiteten Maßnahmen;;Insgesamt;261;Anzahl;MFG001;Maßnahmen des Familiengerichts bei Kindeswohlgef.
22522;Statistik der Pflegeerlaubnis, Vormundschaften etc;JAHR;Jahr;2013;DLAND;Bundesländer;02;Hamburg;MNHFG1;Art der eingeleiteten Maßnahmen;MNH-GEVE;Ge- oder Verbote gg. Sorgeberechtigten o. Dritten;117;Anzahl;MFG001;Maßnahmen des Familiengerichts bei Kindeswohlgef.
22522;Statistik der Pflegeerlaubnis, Vormundschaften etc;JAHR;Jahr;2017;DLAND;Bundesländer;04;Bremen;MNHFG1;Art der eingeleiteten Maßnahmen;;Insgesamt;1685;Anzahl;MFG001;Maßnahmen des Familiengerichts bei Kindeswohlgef.
22522;Statistik der Pflegeerlaubnis, Vormundschaften etc;JAHR;Jahr;2016;DLAND;Bundesländer;10;Saarland;MNHFG1;Art der eingeleiteten Maßnahmen;MNH-KJH;Inanspruchnahme v. Lstg. d. Kinder- u. Jugendhilfe;218;Anzahl;MFG001;Maßnahmen des Familiengerichts bei Kindeswohlgef.
22522;Statistik der Pflegeerlaubnis, Vormundschaften etc;JAHR;Jahr;2024;DLAND;Bundesländer;15;Sachsen-Anhalt;MNHFG1;Art der eingeleiteten Maßnahmen;MNH-GEVE;Ge- oder Verbote gg. Sorgeberechtigten o. Dritten;140;Anzahl;MFG001;Maßnahmen des Familiengerichts bei Kindeswohlgef.
22522;Statistik der Pflegeerlaubnis, Vormundschaften etc;JAHR;Jahr;2017;DLAND;Bundesländer;13;Mecklenburg-Vorpommern;MNHFG1;Art der eingeleiteten Maßnahmen;MNH-SORGV;Vollst. Übertrag. d. Sorge auf Jugendamt o. Dritte;95;Anzahl;MFG001;Maßnahmen des Familiengerichts bei Kindeswohlgef.
22522;Statistik der Pflegeerlaubnis, Vormundschaften etc;JAHR;Jahr;2024;DLAND;Bundesländer;12;Brandenburg;MNHFG1;Art der eingeleiteten Maßnahmen;;Insgesamt;849;Anzahl;MFG001;Maßnahmen des Familiengerichts bei Kindeswohlgef.
22522;Statistik der Pflegeerlaubnis, Vormundschaften etc;JAHR;Jahr;2024;DLAND;Bundesländer;13;Mecklenburg-Vorpommern;MNHFG1;Art der eingeleiteten Maßnahmen;MNH-SORGV;Vollst. Übertrag. d. Sorge auf Jugendamt o. Dritte;88;Anzahl;MFG001;Maßnahmen des Familiengerichts bei Kindeswohlgef.
22522;Statistik der Pflegeerlaubnis, Vormundschaften etc;JAHR;Jahr;2015;DLAND;Bundesländer;03;Niedersachsen;MNHFG1;Art der eingeleiteten Maßnahmen;MNH-SORGT;Teilw. Übertrag. d. Sorge auf Jugendamt o. Dritte;632;Anzahl;MFG001;Maßnahmen des Familiengerichts bei Kindeswohlgef.
22522;Statistik der Pflegeerlaubnis, Vormundschaften etc;JAHR;Jahr;2023;DLAND;Bundesländer;16;Thüringen;MNHFG1;Art der eingeleiteten Maßnahmen;MNH-ERKL;Ersetzung von Erklärungen d. Sorgeberechtigten;24;Anzahl;MFG001;Maßnahmen des Familiengerichts bei Kindeswohlgef.
22522;Statistik der Pflegeerlaubnis, Vormundschaften etc;JAHR;Jahr;2012;DLAND;Bundesländer;15;Sachsen-Anhalt;MNHFG1;Art der eingeleiteten Maßnahmen;MNH-GEVE;Ge- oder Verbote gg. Sorgeberechtigten o. Dritten;73;Anzahl;MFG001;Maßnahmen des Familiengerichts bei Kindeswohlgef.
22522;Statistik der Pflegeerlaubnis, Vormundschaften etc;JAHR;Jahr;2014;DLAND;Bundesländer;08;Baden-Württemberg;MNHFG1;Art der eingeleiteten Maßnahmen;MNH-KJH;Inanspruchnahme v. Lstg. d. Kinder- u. Jugendhilfe;687;Anzahl;MFG001;Maßnahmen des Familiengerichts bei Kindeswohlgef.
22522;Statistik der Pflegeerlaubnis, Vormundschaften etc;JAHR;Jahr;2025;DLAND;Bundesländer;12;Brandenburg;MNHFG1;Art der eingeleiteten Maßnahmen;MNH-ERKL;Ersetzung von Erklärungen d. Sorgeberechtigten;37;Anzahl;MFG001;Maßnahmen des Familiengerichts bei Kindeswohlgef.
22522;Statistik der Pflegeerlaubnis, Vormundschaften etc;JAHR;Jahr;2022;DLAND;Bundesländer;06;Hessen;MNHFG1;Art der eingeleiteten Maßnahmen;MNH-SORGV;Vollst. Übertrag. d. Sorge auf Jugendamt o. Dritte;387;Anzahl;MFG001;Maßnahmen des Familiengerichts bei Kindeswohlgef.
22522;Statistik der Pflegeerlaubnis, Vormundschaften etc;JAHR;Jahr;2015;DLAND;Bundesländer;10;Saarland;MNHFG1;Art der eingeleiteten Maßnahmen;MNH-SORGV;Vollst. Übertrag. d. Sorge auf Jugendamt o. Dritte;121;Anzahl;MFG001;Maßnahmen des Familiengerichts bei Kindeswohlgef.
22522;Statistik der Pflegeerlaubnis, Vormundschaften etc;JAHR;Jahr;2022;DLAND;Bundesländer;10;Saarland;MNHFG1;Art der eingeleiteten Maßnahmen;MNH-SORGT;Teilw. Übertrag. d. Sorge auf Jugendamt o. Dritte;57;Anzahl;MFG001;Maßnahmen des Familiengerichts bei Kindeswohlgef.
22522;Statistik der Pflegeerlaubnis, Vormundschaften etc;JAHR;Jahr;2012;DLAND;Bundesländer;14;Sachsen;MNHFG1;Art der eingeleiteten Maßnahmen;MNH-SORGT;Teilw. Übertrag. d. Sorge auf Jugendamt o. Dritte;252;Anzahl;MFG001;Maßnahmen des Familiengerichts bei Kindeswohlgef.
22522;Statistik der Pflegeerlaubnis, Vormundschaften etc;JAHR;Jahr;2025;DLAND;Bundesländer;06;Hessen;MNHFG1;Art der eingeleiteten Maßnahmen;MNH-SORGT;Teilw. Übertrag. d. Sorge auf Jugendamt o. Dritte;389;Anzahl;MFG001;Maßnahmen des Familiengerichts bei Kindeswohlgef.
22522;Statistik der Pflegeerlaubnis, Vormundschaften etc;JAHR;Jahr;2021;DLAND;Bundesländer;13;Mecklenburg-Vorpommern;MNHFG1;Art der eingeleiteten Maßnahmen;MNH-KJH;Inanspruchnahme v. Lstg. d. Kinder- u. Jugendhilfe;91;Anzahl;MFG001;Maßnahmen des Familiengerichts bei Kindeswohlgef.
22522;Statistik der Pflegeerlaubnis, Vormundschaften etc;JAHR;Jahr;2024;DLAND;Bundesländer;06;Hessen;MNHFG1;Art der eingeleiteten Maßnahmen;MNH-GEVE;Ge- oder Verbote gg. Sorgeberechtigten o. Dritten;225;Anzahl;MFG001;Maßnahmen des Familiengerichts bei Kindeswohlgef.
22522;Statistik der Pflegeerlaubnis, Vormundschaften etc;JAHR;Jahr;2018;DLAND;Bundesländer;10;Saarland;MNHFG1;Art der eingeleiteten Maßnahmen;MNH-SORGT;Teilw. Übertrag. d. Sorge auf Jugendamt o. Dritte;119;Anzahl;MFG001;Maßnahmen des Familiengerichts bei Kindeswohlgef.
22522;Statistik der Pflegeerlaubnis, Vormundschaften etc;JAHR;Jahr;2018;DLAND;Bundesländer;14;Sachsen;MNHFG1;Art der eingeleiteten Maßnahmen;;Insgesamt;1719;Anzahl;MFG001;Maßnahmen des Familiengerichts bei Kindeswohlgef.
22522;Statistik der Pflegeerlaubnis, Vormundschaften etc;JAHR;Jahr;2024;DLAND;Bundesländer;04;Bremen;MNHFG1;Art der eingeleiteten Maßnahmen;MNH-KJH;Inanspruchnahme v. Lstg. d. Kinder- u. Jugendhilfe;174;Anzahl;MFG001;Maßnahmen des Familiengerichts bei Kindeswohlgef.
22522;Statistik der Pflegeerlaubnis, Vormundschaften etc;JAHR;Jahr;2022;DLAND;Bundesländer;07;Rheinland-Pfalz;MNHFG1;Art der eingeleiteten Maßnahmen;;Insgesamt;1709;Anzahl;MFG001;Maßnahmen des Familiengerichts bei Kindeswohlgef.
22522;Statistik der Pflegeerlaubnis, Vormundschaften etc;JAHR;Jahr;2024;DLAND;Bundesländer;09;Bayern;MNHFG1;Art der eingeleiteten Maßnahmen;MNH-SORGV;Vollst. Übertrag. d. Sorge auf Jugendamt o. Dritte;733;Anzahl;MFG001;Maßnahmen des Familiengerichts bei Kindeswohlgef.
22522;Statistik der Pflegeerlaubnis, Vormundschaften etc;JAHR;Jahr;2024;DLAND;Bundesländer;10;Saarland;MNHFG1;Art der eingeleiteten Maßnahmen;MNH-SORGT;Teilw. Übertrag. d. Sorge auf Jugendamt o. Dritte;80;Anzahl;MFG001;Maßnahmen des Familiengerichts bei Kindeswohlgef.
22522;Statistik der Pflegeerlaubnis, Vormundschaften etc;JAHR;Jahr;2018;DLAND;Bundesländer;13;Mecklenburg-Vorpommern;MNHFG1;Art der eingeleiteten Maßnahmen;;Insgesamt;349;Anzahl;MFG001;Maßnahmen des Familiengerichts bei Kindeswohlgef.
22522;Statistik der Pflegeerlaubnis, Vormundschaften etc;JAHR;Jahr;2014;DLAND;Bundesländer;03;Niedersachsen;MNHFG1;Art der eingeleiteten Maßnahmen;MNH-SORGV;Vollst. Übertrag. d. Sorge auf Jugendamt o. Dritte;647;Anzahl;MFG001;Maßnahmen des Familiengerichts bei Kindeswohlgef.
22522;Statistik der Pflegeerlaubnis, Vormundschaften etc;JAHR;Jahr;2012;DLAND;Bundesländer;14;Sachsen;MNHFG1;Art der eingeleiteten Maßnahmen;MNH-SORGV;Vollst. Übertrag. d. Sorge auf Jugendamt o. Dritte;376;Anzahl;MFG001;Maßnahmen des Familiengerichts bei Kindeswohlgef.
22522;Statistik der Pflegeerlaubnis, Vormundschaften etc;JAHR;Jahr;2018;DLAND;Bundesländer;06;Hessen;MNHFG1;Art der eingeleiteten Maßnahmen;MNH-SORGT;Teilw. Übertrag. d. Sorge auf Jugendamt o. Dritte;498;Anzahl;MFG001;Maßnahmen des Familiengerichts bei Kindeswohlgef.
22522;Statistik der Pflegeerlaubnis, Vormundschaften etc;JAHR;Jahr;2023;DLAND;Bundesländer;06;Hessen;MNHFG1;Art der eingeleiteten Maßnahmen;MNH-SORGT;Teilw. Übertrag. d. Sorge auf Jugendamt o. Dritte;366;Anzahl;MFG001;Maßnahmen des Familiengerichts bei Kindeswohlgef.
22522;Statistik der Pflegeerlaubnis, Vormundschaften etc;JAHR;Jahr;2021;DLAND;Bundesländer;10;Saarland;MNHFG1;Art der eingeleiteten Maßnahmen;MNH-GEVE;Ge- oder Verbote gg. Sorgeberechtigten o. Dritten;77;Anzahl;MFG001;Maßnahmen des Familiengerichts bei Kindeswohlgef.
22522;Statistik der Pflegeerlaubnis, Vormundschaften etc;JAHR;Jahr;2021;DLAND;Bundesländer;10;Saarland;MNHFG1;Art der eingeleiteten Maßnahmen;MNH-SORGV;Vollst. Übertrag. d. Sorge auf Jugendamt o. Dritte;102;Anzahl;MFG001;Maßnahmen des Familiengerichts bei Kindeswohlgef.
22522;Statistik der Pflegeerlaubnis, Vormundschaften etc;JAHR;Jahr;2017;DLAND;Bundesländer;03;Niedersachsen;MNHFG1;Art der eingeleiteten Maßnahmen;;Insgesamt;1963;Anzahl;MFG001;Maßnahmen des Familiengerichts bei Kindeswohlgef.
22522;Statistik der Pflegeerlaubnis, Vormundschaften etc;JAHR;Jahr;2020;DLAND;Bundesländer;14;Sachsen;MNHFG1;Art der eingeleiteten Maßnahmen;MNH-SORGT;Teilw. Übertrag. d. Sorge auf Jugendamt o. Dritte;409;Anzahl;MFG001;Maßnahmen des Familiengerichts bei Kindeswohlgef.
22522;Statistik der Pflegeerlaubnis, Vormundschaften etc;JAHR;Jahr;2025;DLAND;Bundesländer;13;Mecklenburg-Vorpommern;MNHFG1;Art der eingeleiteten Maßnahmen;MNH-SORGT;Teilw. Übertrag. d. Sorge auf Jugendamt o. Dritte;106;Anzahl;MFG001;Maßnahmen des Familiengerichts bei Kindeswohlgef.
22522;Statistik der Pflegeerlaubnis, Vormundschaften etc;JAHR;Jahr;2023;DLAND;Bundesländer;02;Hamburg;MNHFG1;Art der eingeleiteten Maßnahmen;;Insgesamt;986;Anzahl;MFG001;Maßnahmen des Familiengerichts bei Kindeswohlgef.
22522;Statistik der Pflegeerlaubnis, Vormundschaften etc;JAHR;Jahr;2017;DLAND;Bundesländer;11;Berlin;MNHFG1;Art der eingeleiteten Maßnahmen;MNH-GEVE;Ge- oder Verbote gg. Sorgeberechtigten o. Dritten;518;Anzahl;MFG001;Maßnahmen des Familiengerichts bei Kindeswohlgef.
22522;Statistik der Pflegeerlaubnis, Vormundschaften etc;JAHR;Jahr;2020;DLAND;Bundesländer;16;Thüringen;MNHFG1;Art der eingeleiteten Maßnahmen;MNH-ERKL;Ersetzung von Erklärungen d. Sorgeberechtigten;53;Anzahl;MFG001;Maßnahmen des Familiengerichts bei Kindeswohlgef.
22522;Statistik der Pflegeerlaubnis, Vormundschaften etc;JAHR;Jahr;2022;DLAND;Bundesländer;03;Niedersachsen;MNHFG1;Art der eingeleiteten Maßnahmen;MNH-SORGT;Teilw. Übertrag. d. Sorge auf Jugendamt o. Dritte;645;Anzahl;MFG001;Maßnahmen des Familiengerichts bei Kindeswohlgef.
22522;Statistik der Pflegeerlaubnis, Vormundschaften etc;JAHR;Jahr;2015;DLAND;Bundesländer;06;Hessen;MNHFG1;Art der eingeleiteten Maßnahmen;MNH-SORGV;Vollst. Übertrag. d. Sorge auf Jugendamt o. Dritte;557;Anzahl;MFG001;Maßnahmen des Familiengerichts bei Kindeswohlgef.
22522;Statistik der Pflegeerlaubnis, Vormundschaften etc;JAHR;Jahr;2014;DLAND;Bundesländer;14;Sachsen;MNHFG1;Art der eingeleiteten Maßnahmen;;Insgesamt;2040;Anzahl;MFG001;Maßnahmen des Familiengerichts bei Kindeswohlgef.
22522;Statistik der Pflegeerlaubnis, Vormundschaften etc;JAHR;Jahr;2022;DLAND;Bundesländer;13;Mecklenburg-Vorpommern;MNHFG1;Art der eingeleiteten Maßnahmen;MNH-SORGV;Vollst. Übertrag. d. Sorge auf Jugendamt o. Dritte;62;Anzahl;MFG001;Maßnahmen des Familiengerichts bei Kindeswohlgef.
22522;Statistik der Pflegeerlaubnis, Vormundschaften etc;JAHR;Jahr;2023;DLAND;Bundesländer;09;Bayern;MNHFG1;Art der eingeleiteten Maßnahmen;MNH-SORGV;Vollst. Übertrag. d. Sorge auf Jugendamt o. Dritte;696;Anzahl;MFG001;Maßnahmen des Familiengerichts bei Kindeswohlgef.
22522;Statistik der Pflegeerlaubnis, Vormundschaften etc;JAHR;Jahr;2024;DLAND;Bundesländer;06;Hessen;MNHFG1;Art der eingeleiteten Maßnahmen;MNH-SORGT;Teilw. Übertrag. d. Sorge auf Jugendamt o. Dritte;378;Anzahl;MFG001;Maßnahmen des Familiengerichts bei Kindeswohlgef.
22522;Statistik der Pflegeerlaubnis, Vormundschaften etc;JAHR;Jahr;2019;DLAND;Bundesländer;02;Hamburg;MNHFG1;Art der eingeleiteten Maßnahmen;MNH-SORGV;Vollst. Übertrag. d. Sorge auf Jugendamt o. Dritte;264;Anzahl;MFG001;Maßnahmen des Familiengerichts bei Kindeswohlgef.
22522;Statistik der Pflegeerlaubnis, Vormundschaften etc;JAHR;Jahr;2022;DLAND;Bundesländer;15;Sachsen-Anhalt;MNHFG1;Art der eingeleiteten Maßnahmen;MNH-GEVE;Ge- oder Verbote gg. Sorgeberechtigten o. Dritten;91;Anzahl;MFG001;Maßnahmen des Familiengerichts bei Kindeswohlgef.
22522;Statistik der Pflegeerlaubnis, Vormundschaften etc;JAHR;Jahr;2016;DLAND;Bundesländer;10;Saarland;MNHFG1;Art der eingeleiteten Maßnahmen;MNH-SORGV;Vollst. Übertrag. d. Sorge auf Jugendamt o. Dritte;221;Anzahl;MFG001;Maßnahmen des Familiengerichts bei Kindeswohlgef.
22522;Statistik der Pflegeerlaubnis, Vormundschaften etc;JAHR;Jahr;2013;DLAND;Bundesländer;05;Nordrhein-Westfalen;MNHFG1;Art der eingeleiteten Maßnahmen;;Insgesamt;7893;Anzahl;MFG001;Maßnahmen des Familiengerichts bei Kindeswohlgef.
22522;Statistik der Pflegeerlaubnis, Vormundschaften etc;JAHR;Jahr;2018;DLAND;Bundesländer;16;Thüringen;MNHFG1;Art der eingeleiteten Maßnahmen;MNH-GEVE;Ge- oder Verbote gg. Sorgeberechtigten o. Dritten;55;Anzahl;MFG001;Maßnahmen des Familiengerichts bei Kindeswohlgef.
22522;Statistik der Pflegeerlaubnis, Vormundschaften etc;JAHR;Jahr;2025;DLAND;Bundesländer;16;Thüringen;MNHFG1;Art der eingeleiteten Maßnahmen;MNH-ERKL;Ersetzung von Erklärungen d. Sorgeberechtigten;26;Anzahl;MFG001;Maßnahmen des Familiengerichts bei Kindeswohlgef.
22522;Statistik der Pflegeerlaubnis, Vormundschaften etc;JAHR;Jahr;2018;DLAND;Bundesländer;09;Bayern;MNHFG1;Art der eingeleiteten Maßnahmen;MNH-SORGV;Vollst. Übertrag. d. Sorge auf Jugendamt o. Dritte;545;Anzahl;MFG001;Maßnahmen des Familiengerichts bei Kindeswohlgef.
22522;Statistik der Pflegeerlaubnis, Vormundschaften etc;JAHR;Jahr;2014;DLAND;Bundesländer;15;Sachsen-Anhalt;MNHFG1;Art der eingeleiteten Maßnahmen;MNH-GEVE;Ge- oder Verbote gg. Sorgeberechtigten o. Dritten;62;Anzahl;MFG001;Maßnahmen des Familiengerichts bei Kindeswohlgef.
22522;Statistik der Pflegeerlaubnis, Vormundschaften etc;JAHR;Jahr;2024;DLAND;Bundesländer;11;Berlin;MNHFG1;Art der eingeleiteten Maßnahmen;;Insgesamt;1253;Anzahl;MFG001;Maßnahmen des Familiengerichts bei Kindeswohlgef.
22522;Statistik der Pflegeerlaubnis, Vormundschaften etc;JAHR;Jahr;2012;DLAND;Bundesländer;11;Berlin;MNHFG1;Art der eingeleiteten Maßnahmen;MNH-GEVE;Ge- oder Verbote gg. Sorgeberechtigten o. Dritten;399;Anzahl;MFG001;Maßnahmen des Familiengerichts bei Kindeswohlgef.
22522;Statistik der Pflegeerlaubnis, Vormundschaften etc;JAHR;Jahr;2014;DLAND;Bundesländer;03;Niedersachsen;MNHFG1;Art der eingeleiteten Maßnahmen;MNH-ERKL;Ersetzung von Erklärungen d. Sorgeberechtigten;169;Anzahl;MFG001;Maßnahmen des Familiengerichts bei Kindeswohlgef.
22522;Statistik der Pflegeerlaubnis, Vormundschaften etc;JAHR;Jahr;2025;DLAND;Bundesländer;16;Thüringen;MNHFG1;Art der eingeleiteten Maßnahmen;MNH-SORGV;Vollst. Übertrag. d. Sorge auf Jugendamt o. Dritte;119;Anzahl;MFG001;Maßnahmen des Familiengerichts bei Kindeswohlgef.
22522;Statistik der Pflegeerlaubnis, Vormundschaften etc;JAHR;Jahr;2018;DLAND;Bundesländer;12;Brandenburg;MNHFG1;Art der eingeleiteten Maßnahmen;;Insgesamt;1095;Anzahl;MFG001;Maßnahmen des Familiengerichts bei Kindeswohlgef.
22522;Statistik der Pflegeerlaubnis, Vormundschaften etc;JAHR;Jahr;2019;DLAND;Bundesländer;13;Mecklenburg-Vorpommern;MNHFG1;Art der eingeleiteten Maßnahmen;MNH-ERKL;Ersetzung von Erklärungen d. Sorgeberechtigten;25;Anzahl;MFG001;Maßnahmen des Familiengerichts bei Kindeswohlgef.
22522;Statistik der Pflegeerlaubnis, Vormundschaften etc;JAHR;Jahr;2016;DLAND;Bundesländer;06;Hessen;MNHFG1;Art der eingeleiteten Maßnahmen;MNH-SORGV;Vollst. Übertrag. d. Sorge auf Jugendamt o. Dritte;684;Anzahl;MFG001;Maßnahmen des Familiengerichts bei Kindeswohlgef.
22522;Statistik der Pflegeerlaubnis, Vormundschaften etc;JAHR;Jahr;2023;DLAND;Bundesländer;01;Schleswig-Holstein;MNHFG1;Art der eingeleiteten Maßnahmen;;Insgesamt;806;Anzahl;MFG001;Maßnahmen des Familiengerichts bei Kindeswohlgef.
22522;Statistik der Pflegeerlaubnis, Vormundschaften etc;JAHR;Jahr;2017;DLAND;Bundesländer;03;Niedersachsen;MNHFG1;Art der eingeleiteten Maßnahmen;MNH-SORGT;Teilw. Übertrag. d. Sorge auf Jugendamt o. Dritte;483;Anzahl;MFG001;Maßnahmen des Familiengerichts bei Kindeswohlgef.
22522;Statistik der Pflegeerlaubnis, Vormundschaften etc;JAHR;Jahr;2023;DLAND;Bundesländer;15;Sachsen-Anhalt;MNHFG1;Art der eingeleiteten Maßnahmen;;Insgesamt;849;Anzahl;MFG001;Maßnahmen des Familiengerichts bei Kindeswohlgef.
22522;Statistik der Pflegeerlaubnis, Vormundschaften etc;JAHR;Jahr;2014;DLAND;Bundesländer;15;Sachsen-Anhalt;MNHFG1;Art der eingeleiteten Maßnahmen;;Insgesamt;853;Anzahl;MFG001;Maßnahmen des Familiengerichts bei Kindeswohlgef.
22522;Statistik der Pflegeerlaubnis, Vormundschaften etc;JAHR;Jahr;2023;DLAND;Bundesländer;12;Brandenburg;MNHFG1;Art der eingeleiteten Maßnahmen;MNH-ERKL;Ersetzung von Erklärungen d. Sorgeberechtigten;22;Anzahl;MFG001;Maßnahmen des Familiengerichts bei Kindeswohlgef.
22522;Statistik der Pflegeerlaubnis, Vormundschaften etc;JAHR;Jahr;2025;DLAND;Bundesländer;11;Berlin;MNHFG1;Art der eingeleiteten Maßnahmen;MNH-GEVE;Ge- oder Verbote gg. Sorgeberechtigten o. Dritten;313;Anzahl;MFG001;Maßnahmen des Familiengerichts bei Kindeswohlgef.
22522;Statistik der Pflegeerlaubnis, Vormundschaften etc;JAHR;Jahr;2021;DLAND;Bundesländer;03;Niedersachsen;MNHFG1;Art der eingeleiteten Maßnahmen;MNH-SORGT;Teilw. Übertrag. d. Sorge auf Jugendamt o. Dritte;592;Anzahl;MFG001;Maßnahmen des Familiengerichts bei Kindeswohlgef.
22522;Statistik der Pflegeerlaubnis, Vormundschaften etc;JAHR;Jahr;2017;DLAND;Bundesländer;10;Saarland;MNHFG1;Art der eingeleiteten Maßnahmen;MNH-SORGV;Vollst. Übertrag. d. Sorge auf Jugendamt o. Dritte;137;Anzahl;MFG001;Maßnahmen des Familiengerichts bei Kindeswohlgef.
22522;Statistik der Pflegeerlaubnis, Vormundschaften etc;JAHR;Jahr;2019;DLAND;Bundesländer;07;Rheinland-Pfalz;MNHFG1;Art der eingeleiteten Maßnahmen;MNH-KJH;Inanspruchnahme v. Lstg. d. Kinder- u. Jugendhilfe;827;Anzahl;MFG001;Maßnahmen des Familiengerichts bei Kindeswohlgef.
22522;Statistik der Pflegeerlaubnis, Vormundschaften etc;JAHR;Jahr;2023;DLAND;Bundesländer;13;Mecklenburg-Vorpommern;MNHFG1;Art der eingeleiteten Maßnahmen;MNH-SORGT;Teilw. Übertrag. d. Sorge auf Jugendamt o. Dritte;65;Anzahl;MFG001;Maßnahmen des Familiengerichts bei Kindeswohlgef.
22522;Statistik der Pflegeerlaubnis, Vormundschaften etc;JAHR;Jahr;2018;DLAND;Bundesländer;06;Hessen;MNHFG1;Art der eingeleiteten Maßnahmen;MNH-KJH;Inanspruchnahme v. Lstg. d. Kinder- u. Jugendhilfe;455;Anzahl;MFG001;Maßnahmen des Familiengerichts bei Kindeswohlgef.
22522;Statistik der Pflegeerlaubnis, Vormundschaften etc;JAHR;Jahr;2015;DLAND;Bundesländer;04;Bremen;MNHFG1;Art der eingeleiteten Maßnahmen;MNH-ERKL;Ersetzung von Erklärungen d. Sorgeberechtigten;23;Anzahl;MFG001;Maßnahmen des Familiengerichts bei Kindeswohlgef.
22522;Statistik der Pflegeerlaubnis, Vormundschaften etc;JAHR;Jahr;2020;DLAND;Bundesländer;12;Brandenburg;MNHFG1;Art der eingeleiteten Maßnahmen;;Insgesamt;1056;Anzahl;MFG001;Maßnahmen des Familiengerichts bei Kindeswohlgef.
22522;Statistik der Pflegeerlaubnis, Vormundschaften etc;JAHR;Jahr;2017;DLAND;Bundesländer;09;Bayern;MNHFG1;Art der eingeleiteten Maßnahmen;MNH-SORGV;Vollst. Übertrag. d. Sorge auf Jugendamt o. Dritte;618;Anzahl;MFG001;Maßnahmen des Familiengerichts bei Kindeswohlgef.
22522;Statistik der Pflegeerlaubnis, Vormundschaften etc;JAHR;Jahr;2022;DLAND;Bundesländer;09;Bayern;MNHFG1;Art der eingeleiteten Maßnahmen;MNH-SORGV;Vollst. Übertrag. d. Sorge auf Jugendamt o. Dritte;638;Anzahl;MFG001;Maßnahmen des Familiengerichts bei Kindeswohlgef.
22522;Statistik der Pflegeerlaubnis, Vormundschaften etc;JAHR;Jahr;2016;DLAND;Bundesländer;09;Bayern;MNHFG1;Art der eingeleiteten Maßnahmen;;Insgesamt;3644;Anzahl;MFG001;Maßnahmen des Familiengerichts bei Kindeswohlgef.
22522;Statistik der Pflegeerlaubnis, Vormundschaften etc;JAHR;Jahr;2015;DLAND;Bundesländer;07;Rheinland-Pfalz;MNHFG1;Art der eingeleiteten Maßnahmen;MNH-GEVE;Ge- oder Verbote gg. Sorgeberechtigten o. Dritten;159;Anzahl;MFG001;Maßnahmen des Familiengerichts bei Kindeswohlgef.
22522;Statistik der Pflegeerlaubnis, Vormundschaften etc;JAHR;Jahr;2025;DLAND;Bundesländer;09;Bayern;MNHFG1;Art der eingeleiteten Maßnahmen;MNH-SORGT;Teilw. Übertrag. d. Sorge auf Jugendamt o. Dritte;1162;Anzahl;MFG001;Maßnahmen des Familiengerichts bei Kindeswohlgef.
22522;Statistik der Pflegeerlaubnis, Vormundschaften etc;JAHR;Jahr;2018;DLAND;Bundesländer;13;Mecklenburg-Vorpommern;MNHFG1;Art der eingeleiteten Maßnahmen;MNH-SORGT;Teilw. Übertrag. d. Sorge auf Jugendamt o. Dritte;109;Anzahl;MFG001;Maßnahmen des Familiengerichts bei Kindeswohlgef.
22522;Statistik der Pflegeerlaubnis, Vormundschaften etc;JAHR;Jahr;2021;DLAND;Bundesländer;01;Schleswig-Holstein;MNHFG1;Art der eingeleiteten Maßnahmen;MNH-GEVE;Ge- oder Verbote gg. Sorgeberechtigten o. Dritten;199;Anzahl;MFG001;Maßnahmen des Familiengerichts bei Kindeswohlgef.
22522;Statistik der Pflegeerlaubnis, Vormundschaften etc;JAHR;Jahr;2016;DLAND;Bundesländer;03;Niedersachsen;MNHFG1;Art der eingeleiteten Maßnahmen;MNH-SORGV;Vollst. Übertrag. d. Sorge auf Jugendamt o. Dritte;539;Anzahl;MFG001;Maßnahmen des Familiengerichts bei Kindeswohlgef.
22522;Statistik der Pflegeerlaubnis, Vormundschaften etc;JAHR;Jahr;2024;DLAND;Bundesländer;08;Baden-Württemberg;MNHFG1;Art der eingeleiteten Maßnahmen;MNH-ERKL;Ersetzung von Erklärungen d. Sorgeberechtigten;135;Anzahl;MFG001;Maßnahmen des Familiengerichts bei Kindeswohlgef.
22522;Statistik der Pflegeerlaubnis, Vormundschaften etc;JAHR;Jahr;2023;DLAND;Bundesländer;16;Thüringen;MNHFG1;Art der eingeleiteten Maßnahmen;MNH-SORGV;Vollst. Übertrag. d. Sorge auf Jugendamt o. Dritte;244;Anzahl;MFG001;Maßnahmen des Familiengerichts bei Kindeswohlgef.
22522;Statistik der Pflegeerlaubnis, Vormundschaften etc;JAHR;Jahr;2015;DLAND;Bundesländer;13;Mecklenburg-Vorpommern;MNHFG1;Art der eingeleiteten Maßnahmen;MNH-SORGV;Vollst. Übertrag. d. Sorge auf Jugendamt o. Dritte;59;Anzahl;MFG001;Maßnahmen des Familiengerichts bei Kindeswohlgef.
22522;Statistik der Pflegeerlaubnis, Vormundschaften etc;JAHR;Jahr;2022;DLAND;Bundesländer;11;Berlin;MNHFG1;Art der eingeleiteten Maßnahmen;MNH-GEVE;Ge- oder Verbote gg. Sorgeberechtigten o. Dritten;407;Anzahl;MFG001;Maßnahmen des Familiengerichts bei Kindeswohlgef.
22522;Statistik der Pflegeerlaubnis, Vormundschaften etc;JAHR;Jahr;2018;DLAND;Bundesländer;12;Brandenburg;MNHFG1;Art der eingeleiteten Maßnahmen;MNH-GEVE;Ge- oder Verbote gg. Sorgeberechtigten o. Dritten;160;Anzahl;MFG001;Maßnahmen des Familiengerichts bei Kindeswohlgef.
22522;Statistik der Pflegeerlaubnis, Vormundschaften etc;JAHR;Jahr;2017;DLAND;Bundesländer;06;Hessen;MNHFG1;Art der eingeleiteten Maßnahmen;MNH-SORGT;Teilw. Übertrag. d. Sorge auf Jugendamt o. Dritte;399;Anzahl;MFG001;Maßnahmen des Familiengerichts bei Kindeswohlgef.
22522;Statistik der Pflegeerlaubnis, Vormundschaften etc;JAHR;Jahr;2014;DLAND;Bundesländer;01;Schleswig-Holstein;MNHFG1;Art der eingeleiteten Maßnahmen;MNH-KJH;Inanspruchnahme v. Lstg. d. Kinder- u. Jugendhilfe;287;Anzahl;MFG001;Maßnahmen des Familiengerichts bei Kindeswohlgef.
22522;Statistik der Pflegeerlaubnis, Vormundschaften etc;JAHR;Jahr;2017;DLAND;Bundesländer;02;Hamburg;MNHFG1;Art der eingeleiteten Maßnahmen;MNH-GEVE;Ge- oder Verbote gg. Sorgeberechtigten o. Dritten;167;Anzahl;MFG001;Maßnahmen des Familiengerichts bei Kindeswohlgef.
22522;Statistik der Pflegeerlaubnis, Vormundschaften etc;JAHR;Jahr;2025;DLAND;Bundesländer;10;Saarland;MNHFG1;Art der eingeleiteten Maßnahmen;MNH-KJH;Inanspruchnahme v. Lstg. d. Kinder- u. Jugendhilfe;183;Anzahl;MFG001;Maßnahmen des Familiengerichts bei Kindeswohlgef.
22522;Statistik der Pflegeerlaubnis, Vormundschaften etc;JAHR;Jahr;2022;DLAND;Bundesländer;02;Hamburg;MNHFG1;Art der eingeleiteten Maßnahmen;MNH-GEVE;Ge- oder Verbote gg. Sorgeberechtigten o. Dritten;203;Anzahl;MFG001;Maßnahmen des Familiengerichts bei Kindeswohlgef.
22522;Statistik der Pflegeerlaubnis, Vormundschaften etc;JAHR;Jahr;2025;DLAND;Bundesländer;10;Saarland;MNHFG1;Art der eingeleiteten Maßnahmen;MNH-SORGT;Teilw. Übertrag. d. Sorge auf Jugendamt o. Dritte;117;Anzahl;MFG001;Maßnahmen des Familiengerichts bei Kindeswohlgef.
22522;Statistik der Pflegeerlaubnis, Vormundschaften etc;JAHR;Jahr;2025;DLAND;Bundesländer;03;Niedersachsen;MNHFG1;Art der eingeleiteten Maßnahmen;MNH-KJH;Inanspruchnahme v. Lstg. d. Kinder- u. Jugendhilfe;609;Anzahl;MFG001;Maßnahmen des Familiengerichts bei Kindeswohlgef.
22522;Statistik der Pflegeerlaubnis, Vormundschaften etc;JAHR;Jahr;2012;DLAND;Bundesländer;04;Bremen;MNHFG1;Art der eingeleiteten Maßnahmen;;Insgesamt;285;Anzahl;MFG001;Maßnahmen des Familiengerichts bei Kindeswohlgef.
22522;Statistik der Pflegeerlaubnis, Vormundschaften etc;JAHR;Jahr;2015;DLAND;Bundesländer;06;Hessen;MNHFG1;Art der eingeleiteten Maßnahmen;MNH-SORGT;Teilw. Übertrag. d. Sorge auf Jugendamt o. Dritte;356;Anzahl;MFG001;Maßnahmen des Familiengerichts bei Kindeswohlgef.
22522;Statistik der Pflegeerlaubnis, Vormundschaften etc;JAHR;Jahr;2020;DLAND;Bundesländer;11;Berlin;MNHFG1;Art der eingeleiteten Maßnahmen;MNH-ERKL;Ersetzung von Erklärungen d. Sorgeberechtigten;181;Anzahl;MFG001;Maßnahmen des Familiengerichts bei Kindeswohlgef.
22522;Statistik der Pflegeerlaubnis, Vormundschaften etc;JAHR;Jahr;2014;DLAND;Bundesländer;06;Hessen;MNHFG1;Art der eingeleiteten Maßnahmen;MNH-SORGV;Vollst. Übertrag. d. Sorge auf Jugendamt o. Dritte;323;Anzahl;MFG001;Maßnahmen des Familiengerichts bei Kindeswohlgef.
22522;Statistik der Pflegeerlaubnis, Vormundschaften etc;JAHR;Jahr;2015;DLAND;Bundesländer;14;Sachsen;MNHFG1;Art der eingeleiteten Maßnahmen;MNH-KJH;Inanspruchnahme v. Lstg. d. Kinder- u. Jugendhilfe;535;Anzahl;MFG001;Maßnahmen des Familiengerichts bei Kindeswohlgef.
22522;Statistik der Pflegeerlaubnis, Vormundschaften etc;JAHR;Jahr;2016;DLAND;Bundesländer;12;Brandenburg;MNHFG1;Art der eingeleiteten Maßnahmen;MNH-ERKL;Ersetzung von Erklärungen d. Sorgeberechtigten;134;Anzahl;MFG001;Maßnahmen des Familiengerichts bei Kindeswohlgef.
22522;Statistik der Pflegeerlaubnis, Vormundschaften etc;JAHR;Jahr;2022;DLAND;Bundesländer;10;Saarland;MNHFG1;Art der eingeleiteten Maßnahmen;MNH-SORGV;Vollst. Übertrag. d. Sorge auf Jugendamt o. Dritte;78;Anzahl;MFG001;Maßnahmen des Familiengerichts bei Kindeswohlgef.
22522;Statistik der Pflegeerlaubnis, Vormundschaften etc;JAHR;Jahr;2018;DLAND;Bundesländer;03;Niedersachsen;MNHFG1;Art der eingeleiteten Maßnahmen;MNH-GEVE;Ge- oder Verbote gg. Sorgeberechtigten o. Dritten;316;Anzahl;MFG001;Maßnahmen des Familiengerichts bei Kindeswohlgef.
22522;Statistik der Pflegeerlaubnis, Vormundschaften etc;JAHR;Jahr;2013;DLAND;Bundesländer;07;Rheinland-Pfalz;MNHFG1;Art der eingeleiteten Maßnahmen;;Insgesamt;1680;Anzahl;MFG001;Maßnahmen des Familiengerichts bei Kindeswohlgef.
22522;Statistik der Pflegeerlaubnis, Vormundschaften etc;JAHR;Jahr;2022;DLAND;Bundesländer;06;Hessen;MNHFG1;Art der eingeleiteten Maßnahmen;MNH-SORGT;Teilw. Übertrag. d. Sorge auf Jugendamt o. Dritte;318;Anzahl;MFG001;Maßnahmen des Familiengerichts bei Kindeswohlgef.
22522;Statistik der Pflegeerlaubnis, Vormundschaften etc;JAHR;Jahr;2019;DLAND;Bundesländer;05;Nordrhein-Westfalen;MNHFG1;Art der eingeleiteten Maßnahmen;MNH-KJH;Inanspruchnahme v. Lstg. d. Kinder- u. Jugendhilfe;2819;Anzahl;MFG001;Maßnahmen des Familiengerichts bei Kindeswohlgef.
22522;Statistik der Pflegeerlaubnis, Vormundschaften etc;JAHR;Jahr;2019;DLAND;Bundesländer;13;Mecklenburg-Vorpommern;MNHFG1;Art der eingeleiteten Maßnahmen;;Insgesamt;438;Anzahl;MFG001;Maßnahmen des Familiengerichts bei Kindeswohlgef.
22522;Statistik der Pflegeerlaubnis, Vormundschaften etc;JAHR;Jahr;2023;DLAND;Bundesländer;03;Niedersachsen;MNHFG1;Art der eingeleiteten Maßnahmen;;Insgesamt;2829;Anzahl;MFG001;Maßnahmen des Familiengerichts bei Kindeswohlgef.
22522;Statistik der Pflegeerlaubnis, Vormundschaften etc;JAHR;Jahr;2017;DLAND;Bundesländer;13;Mecklenburg-Vorpommern;MNHFG1;Art der eingeleiteten Maßnahmen;MNH-ERKL;Ersetzung von Erklärungen d. Sorgeberechtigten;19;Anzahl;MFG001;Maßnahmen des Familiengerichts bei Kindeswohlgef.
22522;Statistik der Pflegeerlaubnis, Vormundschaften etc;JAHR;Jahr;2023;DLAND;Bundesländer;08;Baden-Württemberg;MNHFG1;Art der eingeleiteten Maßnahmen;MNH-KJH;Inanspruchnahme v. Lstg. d. Kinder- u. Jugendhilfe;761;Anzahl;MFG001;Maßnahmen des Familiengerichts bei Kindeswohlgef.
22522;Statistik der Pflegeerlaubnis, Vormundschaften etc;JAHR;Jahr;2021;DLAND;Bundesländer;12;Brandenburg;MNHFG1;Art der eingeleiteten Maßnahmen;MNH-ERKL;Ersetzung von Erklärungen d. Sorgeberechtigten;53;Anzahl;MFG001;Maßnahmen des Familiengerichts bei Kindeswohlgef.
22522;Statistik der Pflegeerlaubnis, Vormundschaften etc;JAHR;Jahr;2015;DLAND;Bundesländer;10;Saarland;MNHFG1;Art der eingeleiteten Maßnahmen;MNH-SORGT;Teilw. Übertrag. d. Sorge auf Jugendamt o. Dritte;164;Anzahl;MFG001;Maßnahmen des Familiengerichts bei Kindeswohlgef.
22522;Statistik der Pflegeerlaubnis, Vormundschaften etc;JAHR;Jahr;2013;DLAND;Bundesländer;14;Sachsen;MNHFG1;Art der eingeleiteten Maßnahmen;;Insgesamt;1688;Anzahl;MFG001;Maßnahmen des Familiengerichts bei Kindeswohlgef.
22522;Statistik der Pflegeerlaubnis, Vormundschaften etc;JAHR;Jahr;2023;DLAND;Bundesländer;07;Rheinland-Pfalz;MNHFG1;Art der eingeleiteten Maßnahmen;MNH-ERKL;Ersetzung von Erklärungen d. Sorgeberechtigten;137;Anzahl;MFG001;Maßnahmen des Familiengerichts bei Kindeswohlgef.
22522;Statistik der Pflegeerlaubnis, Vormundschaften etc;JAHR;Jahr;2024;DLAND;Bundesländer;10;Saarland;MNHFG1;Art der eingeleiteten Maßnahmen;MNH-SORGV;Vollst. Übertrag. d. Sorge auf Jugendamt o. Dritte;94;Anzahl;MFG001;Maßnahmen des Familiengerichts bei Kindeswohlgef.
22522;Statistik der Pflegeerlaubnis, Vormundschaften etc;JAHR;Jahr;2014;DLAND;Bundesländer;06;Hessen;MNHFG1;Art der eingeleiteten Maßnahmen;MNH-GEVE;Ge- oder Verbote gg. Sorgeberechtigten o. Dritten;189;Anzahl;MFG001;Maßnahmen des Familiengerichts bei Kindeswohlgef.
22522;Statistik der Pflegeerlaubnis, Vormundschaften etc;JAHR;Jahr;2019;DLAND;Bundesländer;14;Sachsen;MNHFG1;Art der eingeleiteten Maßnahmen;MNH-KJH;Inanspruchnahme v. Lstg. d. Kinder- u. Jugendhilfe;469;Anzahl;MFG001;Maßnahmen des Familiengerichts bei Kindeswohlgef.
22522;Statistik der Pflegeerlaubnis, Vormundschaften etc;JAHR;Jahr;2015;DLAND;Bundesländer;09;Bayern;MNHFG1;Art der eingeleiteten Maßnahmen;MNH-SORGV;Vollst. Übertrag. d. Sorge auf Jugendamt o. Dritte;686;Anzahl;MFG001;Maßnahmen des Familiengerichts bei Kindeswohlgef.
22522;Statistik der Pflegeerlaubnis, Vormundschaften etc;JAHR;Jahr;2020;DLAND;Bundesländer;02;Hamburg;MNHFG1;Art der eingeleiteten Maßnahmen;MNH-SORGV;Vollst. Übertrag. d. Sorge auf Jugendamt o. Dritte;211;Anzahl;MFG001;Maßnahmen des Familiengerichts bei Kindeswohlgef.
22522;Statistik der Pflegeerlaubnis, Vormundschaften etc;JAHR;Jahr;2014;DLAND;Bundesländer;03;Niedersachsen;MNHFG1;Art der eingeleiteten Maßnahmen;MNH-SORGT;Teilw. Übertrag. d. Sorge auf Jugendamt o. Dritte;662;Anzahl;MFG001;Maßnahmen des Familiengerichts bei Kindeswohlgef.
22522;Statistik der Pflegeerlaubnis, Vormundschaften etc;JAHR;Jahr;2022;DLAND;Bundesländer;02;Hamburg;MNHFG1;Art der eingeleiteten Maßnahmen;;Insgesamt;1091;Anzahl;MFG001;Maßnahmen des Familiengerichts bei Kindeswohlgef.
22522;Statistik der Pflegeerlaubnis, Vormundschaften etc;JAHR;Jahr;2018;DLAND;Bundesländer;09;Bayern;MNHFG1;Art der eingeleiteten Maßnahmen;MNH-SORGT;Teilw. Übertrag. d. Sorge auf Jugendamt o. Dritte;1091;Anzahl;MFG001;Maßnahmen des Familiengerichts bei Kindeswohlgef.
22522;Statistik der Pflegeerlaubnis, Vormundschaften etc;JAHR;Jahr;2025;DLAND;Bundesländer;13;Mecklenburg-Vorpommern;MNHFG1;Art der eingeleiteten Maßnahmen;MNH-SORGV;Vollst. Übertrag. d. Sorge auf Jugendamt o. Dritte;78;Anzahl;MFG001;Maßnahmen des Familiengerichts bei Kindeswohlgef.
22522;Statistik der Pflegeerlaubnis, Vormundschaften etc;JAHR;Jahr;2020;DLAND;Bundesländer;04;Bremen;MNHFG1;Art der eingeleiteten Maßnahmen;MNH-KJH;Inanspruchnahme v. Lstg. d. Kinder- u. Jugendhilfe;384;Anzahl;MFG001;Maßnahmen des Familiengerichts bei Kindeswohlgef.
22522;Statistik der Pflegeerlaubnis, Vormundschaften etc;JAHR;Jahr;2019;DLAND;Bundesländer;08;Baden-Württemberg;MNHFG1;Art der eingeleiteten Maßnahmen;MNH-ERKL;Ersetzung von Erklärungen d. Sorgeberechtigten;89;Anzahl;MFG001;Maßnahmen des Familiengerichts bei Kindeswohlgef.
22522;Statistik der Pflegeerlaubnis, Vormundschaften etc;JAHR;Jahr;2020;DLAND;Bundesländer;06;Hessen;MNHFG1;Art der eingeleiteten Maßnahmen;MNH-KJH;Inanspruchnahme v. Lstg. d. Kinder- u. Jugendhilfe;448;Anzahl;MFG001;Maßnahmen des Familiengerichts bei Kindeswohlgef.
22522;Statistik der Pflegeerlaubnis, Vormundschaften etc;JAHR;Jahr;2024;DLAND;Bundesländer;04;Bremen;MNHFG1;Art der eingeleiteten Maßnahmen;MNH-ERKL;Ersetzung von Erklärungen d. Sorgeberechtigten;93;Anzahl;MFG001;Maßnahmen des Familiengerichts bei Kindeswohlgef.
22522;Statistik der Pflegeerlaubnis, Vormundschaften etc;JAHR;Jahr;2013;DLAND;Bundesländer;16;Thüringen;MNHFG1;Art der eingeleiteten Maßnahmen;MNH-ERKL;Ersetzung von Erklärungen d. Sorgeberechtigten;25;Anzahl;MFG001;Maßnahmen des Familiengerichts bei Kindeswohlgef.
22522;Statistik der Pflegeerlaubnis, Vormundschaften etc;JAHR;Jahr;2021;DLAND;Bundesländer;14;Sachsen;MNHFG1;Art der eingeleiteten Maßnahmen;MNH-KJH;Inanspruchnahme v. Lstg. d. Kinder- u. Jugendhilfe;383;Anzahl;MFG001;Maßnahmen des Familiengerichts bei Kindeswohlgef.
22522;Statistik der Pflegeerlaubnis, Vormundschaften etc;JAHR;Jahr;2017;DLAND;Bundesländer;06;Hessen;MNHFG1;Art der eingeleiteten Maßnahmen;MNH-GEVE;Ge- oder Verbote gg. Sorgeberechtigten o. Dritten;174;Anzahl;MFG001;Maßnahmen des Familiengerichts bei Kindeswohlgef.
22522;Statistik der Pflegeerlaubnis, Vormundschaften etc;JAHR;Jahr;2024;DLAND;Bundesländer;06;Hessen;MNHFG1;Art der eingeleiteten Maßnahmen;MNH-SORGV;Vollst. Übertrag. d. Sorge auf Jugendamt o. Dritte;347;Anzahl;MFG001;Maßnahmen des Familiengerichts bei Kindeswohlgef.
22522;Statistik der Pflegeerlaubnis, Vormundschaften etc;JAHR;Jahr;2023;DLAND;Bundesländer;09;Bayern;MNHFG1;Art der eingeleiteten Maßnahmen;MNH-SORGT;Teilw. Übertrag. d. Sorge auf Jugendamt o. Dritte;1271;Anzahl;MFG001;Maßnahmen des Familiengerichts bei Kindeswohlgef.
22522;Statistik der Pflegeerlaubnis, Vormundschaften etc;JAHR;Jahr;2015;DLAND;Bundesländer;02;Hamburg;MNHFG1;Art der eingeleiteten Maßnahmen;MNH-KJH;Inanspruchnahme v. Lstg. d. Kinder- u. Jugendhilfe;304;Anzahl;MFG001;Maßnahmen des Familiengerichts bei Kindeswohlgef.
22522;Statistik der Pflegeerlaubnis, Vormundschaften etc;JAHR;Jahr;2019;DLAND;Bundesländer;14;Sachsen;MNHFG1;Art der eingeleiteten Maßnahmen;MNH-SORGT;Teilw. Übertrag. d. Sorge auf Jugendamt o. Dritte;419;Anzahl;MFG001;Maßnahmen des Familiengerichts bei Kindeswohlgef.
22522;Statistik der Pflegeerlaubnis, Vormundschaften etc;JAHR;Jahr;2015;DLAND;Bundesländer;07;Rheinland-Pfalz;MNHFG1;Art der eingeleiteten Maßnahmen;MNH-ERKL;Ersetzung von Erklärungen d. Sorgeberechtigten;108;Anzahl;MFG001;Maßnahmen des Familiengerichts bei Kindeswohlgef.
22522;Statistik der Pflegeerlaubnis, Vormundschaften etc;JAHR;Jahr;2014;DLAND;Bundesländer;06;Hessen;MNHFG1;Art der eingeleiteten Maßnahmen;MNH-KJH;Inanspruchnahme v. Lstg. d. Kinder- u. Jugendhilfe;381;Anzahl;MFG001;Maßnahmen des Familiengerichts bei Kindeswohlgef.
22522;Statistik der Pflegeerlaubnis, Vormundschaften etc;JAHR;Jahr;2021;DLAND;Bundesländer;08;Baden-Württemberg;MNHFG1;Art der eingeleiteten Maßnahmen;MNH-ERKL;Ersetzung von Erklärungen d. Sorgeberechtigten;102;Anzahl;MFG001;Maßnahmen des Familiengerichts bei Kindeswohlgef.
22522;Statistik der Pflegeerlaubnis, Vormundschaften etc;JAHR;Jahr;2021;DLAND;Bundesländer;05;Nordrhein-Westfalen;MNHFG1;Art der eingeleiteten Maßnahmen;MNH-GEVE;Ge- oder Verbote gg. Sorgeberechtigten o. Dritten;1132;Anzahl;MFG001;Maßnahmen des Familiengerichts bei Kindeswohlgef.
22522;Statistik der Pflegeerlaubnis, Vormundschaften etc;JAHR;Jahr;2025;DLAND;Bundesländer;12;Brandenburg;MNHFG1;Art der eingeleiteten Maßnahmen;MNH-KJH;Inanspruchnahme v. Lstg. d. Kinder- u. Jugendhilfe;258;Anzahl;MFG001;Maßnahmen des Familiengerichts bei Kindeswohlgef.
22522;Statistik der Pflegeerlaubnis, Vormundschaften etc;JAHR;Jahr;2015;DLAND;Bundesländer;16;Thüringen;MNHFG1;Art der eingeleiteten Maßnahmen;MNH-KJH;Inanspruchnahme v. Lstg. d. Kinder- u. Jugendhilfe;252;Anzahl;MFG001;Maßnahmen des Familiengerichts bei Kindeswohlgef.
22522;Statistik der Pflegeerlaubnis, Vormundschaften etc;JAHR;Jahr;2018;DLAND;Bundesländer;04;Bremen;MNHFG1;Art der eingeleiteten Maßnahmen;MNH-KJH;Inanspruchnahme v. Lstg. d. Kinder- u. Jugendhilfe;387;Anzahl;MFG001;Maßnahmen des Familiengerichts bei Kindeswohlgef.
22522;Statistik der Pflegeerlaubnis, Vormundschaften etc;JAHR;Jahr;2024;DLAND;Bundesländer;02;Hamburg;MNHFG1;Art der eingeleiteten Maßnahmen;MNH-KJH;Inanspruchnahme v. Lstg. d. Kinder- u. Jugendhilfe;260;Anzahl;MFG001;Maßnahmen des Familiengerichts bei Kindeswohlgef.
22522;Statistik der Pflegeerlaubnis, Vormundschaften etc;JAHR;Jahr;2024;DLAND;Bundesländer;09;Bayern;MNHFG1;Art der eingeleiteten Maßnahmen;MNH-KJH;Inanspruchnahme v. Lstg. d. Kinder- u. Jugendhilfe;702;Anzahl;MFG001;Maßnahmen des Familiengerichts bei Kindeswohlgef.
22522;Statistik der Pflegeerlaubnis, Vormundschaften etc;JAHR;Jahr;2016;DLAND;Bundesländer;08;Baden-Württemberg;MNHFG1;Art der eingeleiteten Maßnahmen;MNH-ERKL;Ersetzung von Erklärungen d. Sorgeberechtigten;120;Anzahl;MFG001;Maßnahmen des Familiengerichts bei Kindeswohlgef.
22522;Statistik der Pflegeerlaubnis, Vormundschaften etc;JAHR;Jahr;2024;DLAND;Bundesländer;03;Niedersachsen;MNHFG1;Art der eingeleiteten Maßnahmen;MNH-SORGT;Teilw. Übertrag. d. Sorge auf Jugendamt o. Dritte;974;Anzahl;MFG001;Maßnahmen des Familiengerichts bei Kindeswohlgef.
22522;Statistik der Pflegeerlaubnis, Vormundschaften etc;JAHR;Jahr;2024;DLAND;Bundesländer;16;Thüringen;MNHFG1;Art der eingeleiteten Maßnahmen;MNH-KJH;Inanspruchnahme v. Lstg. d. Kinder- u. Jugendhilfe;172;Anzahl;MFG001;Maßnahmen des Familiengerichts bei Kindeswohlgef.
22522;Statistik der Pflegeerlaubnis, Vormundschaften etc;JAHR;Jahr;2021;DLAND;Bundesländer;03;Niedersachsen;MNHFG1;Art der eingeleiteten Maßnahmen;MNH-SORGV;Vollst. Übertrag. d. Sorge auf Jugendamt o. Dritte;639;Anzahl;MFG001;Maßnahmen des Familiengerichts bei Kindeswohlgef.
22522;Statistik der Pflegeerlaubnis, Vormundschaften etc;JAHR;Jahr;2012;DLAND;Bundesländer;06;Hessen;MNHFG1;Art der eingeleiteten Maßnahmen;;Insgesamt;1171;Anzahl;MFG001;Maßnahmen des Familiengerichts bei Kindeswohlgef.
22522;Statistik der Pflegeerlaubnis, Vormundschaften etc;JAHR;Jahr;2018;DLAND;Bundesländer;16;Thüringen;MNHFG1;Art der eingeleiteten Maßnahmen;MNH-SORGV;Vollst. Übertrag. d. Sorge auf Jugendamt o. Dritte;402;Anzahl;MFG001;Maßnahmen des Familiengerichts bei Kindeswohlgef.
22522;Statistik der Pflegeerlaubnis, Vormundschaften etc;JAHR;Jahr;2018;DLAND;Bundesländer;03;Niedersachsen;MNHFG1;Art der eingeleiteten Maßnahmen;MNH-ERKL;Ersetzung von Erklärungen d. Sorgeberechtigten;147;Anzahl;MFG001;Maßnahmen des Familiengerichts bei Kindeswohlgef.
22522;Statistik der Pflegeerlaubnis, Vormundschaften etc;JAHR;Jahr;2022;DLAND;Bundesländer;06;Hessen;MNHFG1;Art der eingeleiteten Maßnahmen;MNH-GEVE;Ge- oder Verbote gg. Sorgeberechtigten o. Dritten;168;Anzahl;MFG001;Maßnahmen des Familiengerichts bei Kindeswohlgef.
22522;Statistik der Pflegeerlaubnis, Vormundschaften etc;JAHR;Jahr;2020;DLAND;Bundesländer;07;Rheinland-Pfalz;MNHFG1;Art der eingeleiteten Maßnahmen;MNH-ERKL;Ersetzung von Erklärungen d. Sorgeberechtigten;101;Anzahl;MFG001;Maßnahmen des Familiengerichts bei Kindeswohlgef.
22522;Statistik der Pflegeerlaubnis, Vormundschaften etc;JAHR;Jahr;2022;DLAND;Bundesländer;02;Hamburg;MNHFG1;Art der eingeleiteten Maßnahmen;MNH-ERKL;Ersetzung von Erklärungen d. Sorgeberechtigten;74;Anzahl;MFG001;Maßnahmen des Familiengerichts bei Kindeswohlgef.
22522;Statistik der Pflegeerlaubnis, Vormundschaften etc;JAHR;Jahr;2024;DLAND;Bundesländer;01;Schleswig-Holstein;MNHFG1;Art der eingeleiteten Maßnahmen;MNH-GEVE;Ge- oder Verbote gg. Sorgeberechtigten o. Dritten;99;Anzahl;MFG001;Maßnahmen des Familiengerichts bei Kindeswohlgef.
22522;Statistik der Pflegeerlaubnis, Vormundschaften etc;JAHR;Jahr;2018;DLAND;Bundesländer;07;Rheinland-Pfalz;MNHFG1;Art der eingeleiteten Maßnahmen;MNH-GEVE;Ge- oder Verbote gg. Sorgeberechtigten o. Dritten;328;Anzahl;MFG001;Maßnahmen des Familiengerichts bei Kindeswohlgef.
22522;Statistik der Pflegeerlaubnis, Vormundschaften etc;JAHR;Jahr;2025;DLAND;Bundesländer;05;Nordrhein-Westfalen;MNHFG1;Art der eingeleiteten Maßnahmen;MNH-KJH;Inanspruchnahme v. Lstg. d. Kinder- u. Jugendhilfe;2458;Anzahl;MFG001;Maßnahmen des Familiengerichts bei Kindeswohlgef.
22522;Statistik der Pflegeerlaubnis, Vormundschaften etc;JAHR;Jahr;2013;DLAND;Bundesländer;16;Thüringen;MNHFG1;Art der eingeleiteten Maßnahmen;MNH-GEVE;Ge- oder Verbote gg. Sorgeberechtigten o. Dritten;80;Anzahl;MFG001;Maßnahmen des Familiengerichts bei Kindeswohlgef.
22522;Statistik der Pflegeerlaubnis, Vormundschaften etc;JAHR;Jahr;2018;DLAND;Bundesländer;06;Hessen;MNHFG1;Art der eingeleiteten Maßnahmen;;Insgesamt;1708;Anzahl;MFG001;Maßnahmen des Familiengerichts bei Kindeswohlgef.
22522;Statistik der Pflegeerlaubnis, Vormundschaften etc;JAHR;Jahr;2012;DLAND;Bundesländer;15;Sachsen-Anhalt;MNHFG1;Art der eingeleiteten Maßnahmen;MNH-ERKL;Ersetzung von Erklärungen d. Sorgeberechtigten;25;Anzahl;MFG001;Maßnahmen des Familiengerichts bei Kindeswohlgef.
22522;Statistik der Pflegeerlaubnis, Vormundschaften etc;JAHR;Jahr;2025;DLAND;Bundesländer;14;Sachsen;MNHFG1;Art der eingeleiteten Maßnahmen;MNH-GEVE;Ge- oder Verbote gg. Sorgeberechtigten o. Dritten;157;Anzahl;MFG001;Maßnahmen des Familiengerichts bei Kindeswohlgef.
22522;Statistik der Pflegeerlaubnis, Vormundschaften etc;JAHR;Jahr;2013;DLAND;Bundesländer;06;Hessen;MNHFG1;Art der eingeleiteten Maßnahmen;MNH-KJH;Inanspruchnahme v. Lstg. d. Kinder- u. Jugendhilfe;386;Anzahl;MFG001;Maßnahmen des Familiengerichts bei Kindeswohlgef.
22522;Statistik der Pflegeerlaubnis, Vormundschaften etc;JAHR;Jahr;2023;DLAND;Bundesländer;07;Rheinland-Pfalz;MNHFG1;Art der eingeleiteten Maßnahmen;MNH-GEVE;Ge- oder Verbote gg. Sorgeberechtigten o. Dritten;281;Anzahl;MFG001;Maßnahmen des Familiengerichts bei Kindeswohlgef.
22522;Statistik der Pflegeerlaubnis, Vormundschaften etc;JAHR;Jahr;2024;DLAND;Bundesländer;13;Mecklenburg-Vorpommern;MNHFG1;Art der eingeleiteten Maßnahmen;MNH-ERKL;Ersetzung von Erklärungen d. Sorgeberechtigten;14;Anzahl;MFG001;Maßnahmen des Familiengerichts bei Kindeswohlgef.
22522;Statistik der Pflegeerlaubnis, Vormundschaften etc;JAHR;Jahr;2017;DLAND;Bundesländer;10;Saarland;MNHFG1;Art der eingeleiteten Maßnahmen;MNH-KJH;Inanspruchnahme v. Lstg. d. Kinder- u. Jugendhilfe;191;Anzahl;MFG001;Maßnahmen des Familiengerichts bei Kindeswohlgef.
22522;Statistik der Pflegeerlaubnis, Vormundschaften etc;JAHR;Jahr;2015;DLAND;Bundesländer;08;Baden-Württemberg;MNHFG1;Art der eingeleiteten Maßnahmen;MNH-KJH;Inanspruchnahme v. Lstg. d. Kinder- u. Jugendhilfe;670;Anzahl;MFG001;Maßnahmen des Familiengerichts bei Kindeswohlgef.
22522;Statistik der Pflegeerlaubnis, Vormundschaften etc;JAHR;Jahr;2019;DLAND;Bundesländer;08;Baden-Württemberg;MNHFG1;Art der eingeleiteten Maßnahmen;MNH-GEVE;Ge- oder Verbote gg. Sorgeberechtigten o. Dritten;314;Anzahl;MFG001;Maßnahmen des Familiengerichts bei Kindeswohlgef.
22522;Statistik der Pflegeerlaubnis, Vormundschaften etc;JAHR;Jahr;2022;DLAND;Bundesländer;04;Bremen;MNHFG1;Art der eingeleiteten Maßnahmen;MNH-ERKL;Ersetzung von Erklärungen d. Sorgeberechtigten;201;Anzahl;MFG001;Maßnahmen des Familiengerichts bei Kindeswohlgef.
22522;Statistik der Pflegeerlaubnis, Vormundschaften etc;JAHR;Jahr;2014;DLAND;Bundesländer;01;Schleswig-Holstein;MNHFG1;Art der eingeleiteten Maßnahmen;MNH-GEVE;Ge- oder Verbote gg. Sorgeberechtigten o. Dritten;167;Anzahl;MFG001;Maßnahmen des Familiengerichts bei Kindeswohlgef.
22522;Statistik der Pflegeerlaubnis, Vormundschaften etc;JAHR;Jahr;2019;DLAND;Bundesländer;07;Rheinland-Pfalz;MNHFG1;Art der eingeleiteten Maßnahmen;MNH-SORGT;Teilw. Übertrag. d. Sorge auf Jugendamt o. Dritte;525;Anzahl;MFG001;Maßnahmen des Familiengerichts bei Kindeswohlgef.
22522;Statistik der Pflegeerlaubnis, Vormundschaften etc;JAHR;Jahr;2018;DLAND;Bundesländer;05;Nordrhein-Westfalen;MNHFG1;Art der eingeleiteten Maßnahmen;MNH-ERKL;Ersetzung von Erklärungen d. Sorgeberechtigten;606;Anzahl;MFG001;Maßnahmen des Familiengerichts bei Kindeswohlgef.
22522;Statistik der Pflegeerlaubnis, Vormundschaften etc;JAHR;Jahr;2025;DLAND;Bundesländer;11;Berlin;MNHFG1;Art der eingeleiteten Maßnahmen;;Insgesamt;1321;Anzahl;MFG001;Maßnahmen des Familiengerichts bei Kindeswohlgef.
22522;Statistik der Pflegeerlaubnis, Vormundschaften etc;JAHR;Jahr;2016;DLAND;Bundesländer;09;Bayern;MNHFG1;Art der eingeleiteten Maßnahmen;MNH-SORGT;Teilw. Übertrag. d. Sorge auf Jugendamt o. Dritte;1281;Anzahl;MFG001;Maßnahmen des Familiengerichts bei Kindeswohlgef.
22522;Statistik der Pflegeerlaubnis, Vormundschaften etc;JAHR;Jahr;2019;DLAND;Bundesländer;06;Hessen;MNHFG1;Art der eingeleiteten Maßnahmen;MNH-GEVE;Ge- oder Verbote gg. Sorgeberechtigten o. Dritten;213;Anzahl;MFG001;Maßnahmen des Familiengerichts bei Kindeswohlgef.
22522;Statistik der Pflegeerlaubnis, Vormundschaften etc;JAHR;Jahr;2022;DLAND;Bundesländer;15;Sachsen-Anhalt;MNHFG1;Art der eingeleiteten Maßnahmen;MNH-KJH;Inanspruchnahme v. Lstg. d. Kinder- u. Jugendhilfe;181;Anzahl;MFG001;Maßnahmen des Familiengerichts bei Kindeswohlgef.
22522;Statistik der Pflegeerlaubnis, Vormundschaften etc;JAHR;Jahr;2023;DLAND;Bundesländer;09;Bayern;MNHFG1;Art der eingeleiteten Maßnahmen;;Insgesamt;3103;Anzahl;MFG001;Maßnahmen des Familiengerichts bei Kindeswohlgef.
22522;Statistik der Pflegeerlaubnis, Vormundschaften etc;JAHR;Jahr;2021;DLAND;Bundesländer;07;Rheinland-Pfalz;MNHFG1;Art der eingeleiteten Maßnahmen;;Insgesamt;1503;Anzahl;MFG001;Maßnahmen des Familiengerichts bei Kindeswohlgef.
22522;Statistik der Pflegeerlaubnis, Vormundschaften etc;JAHR;Jahr;2012;DLAND;Bundesländer;13;Mecklenburg-Vorpommern;MNHFG1;Art der eingeleiteten Maßnahmen;MNH-ERKL;Ersetzung von Erklärungen d. Sorgeberechtigten;22;Anzahl;MFG001;Maßnahmen des Familiengerichts bei Kindeswohlgef.
22522;Statistik der Pflegeerlaubnis, Vormundschaften etc;JAHR;Jahr;2023;DLAND;Bundesländer;05;Nordrhein-Westfalen;MNHFG1;Art der eingeleiteten Maßnahmen;MNH-GEVE;Ge- oder Verbote gg. Sorgeberechtigten o. Dritten;1232;Anzahl;MFG001;Maßnahmen des Familiengerichts bei Kindeswohlgef.
22522;Statistik der Pflegeerlaubnis, Vormundschaften etc;JAHR;Jahr;2013;DLAND;Bundesländer;15;Sachsen-Anhalt;MNHFG1;Art der eingeleiteten Maßnahmen;MNH-SORGT;Teilw. Übertrag. d. Sorge auf Jugendamt o. Dritte;163;Anzahl;MFG001;Maßnahmen des Familiengerichts bei Kindeswohlgef.
22522;Statistik der Pflegeerlaubnis, Vormundschaften etc;JAHR;Jahr;2013;DLAND;Bundesländer;05;Nordrhein-Westfalen;MNHFG1;Art der eingeleiteten Maßnahmen;MNH-KJH;Inanspruchnahme v. Lstg. d. Kinder- u. Jugendhilfe;2130;Anzahl;MFG001;Maßnahmen des Familiengerichts bei Kindeswohlgef.
22522;Statistik der Pflegeerlaubnis, Vormundschaften etc;JAHR;Jahr;2016;DLAND;Bundesländer;16;Thüringen;MNHFG1;Art der eingeleiteten Maßnahmen;MNH-SORGV;Vollst. Übertrag. d. Sorge auf Jugendamt o. Dritte;514;Anzahl;MFG001;Maßnahmen des Familiengerichts bei Kindeswohlgef.
22522;Statistik der Pflegeerlaubnis, Vormundschaften etc;JAHR;Jahr;2025;DLAND;Bundesländer;12;Brandenburg;MNHFG1;Art der eingeleiteten Maßnahmen;;Insgesamt;886;Anzahl;MFG001;Maßnahmen des Familiengerichts bei Kindeswohlgef.
22522;Statistik der Pflegeerlaubnis, Vormundschaften etc;JAHR;Jahr;2024;DLAND;Bundesländer;16;Thüringen;MNHFG1;Art der eingeleiteten Maßnahmen;MNH-SORGT;Teilw. Übertrag. d. Sorge auf Jugendamt o. Dritte;165;Anzahl;MFG001;Maßnahmen des Familiengerichts bei Kindeswohlgef.
22522;Statistik der Pflegeerlaubnis, Vormundschaften etc;JAHR;Jahr;2023;DLAND;Bundesländer;10;Saarland;MNHFG1;Art der eingeleiteten Maßnahmen;;Insgesamt;485;Anzahl;MFG001;Maßnahmen des Familiengerichts bei Kindeswohlgef.
22522;Statistik der Pflegeerlaubnis, Vormundschaften etc;JAHR;Jahr;2017;DLAND;Bundesländer;09;Bayern;MNHFG1;Art der eingeleiteten Maßnahmen;MNH-SORGT;Teilw. Übertrag. d. Sorge auf Jugendamt o. Dritte;1198;Anzahl;MFG001;Maßnahmen des Familiengerichts bei Kindeswohlgef.
22522;Statistik der Pflegeerlaubnis, Vormundschaften etc;JAHR;Jahr;2025;DLAND;Bundesländer;16;Thüringen;MNHFG1;Art der eingeleiteten Maßnahmen;MNH-GEVE;Ge- oder Verbote gg. Sorgeberechtigten o. Dritten;99;Anzahl;MFG001;Maßnahmen des Familiengerichts bei Kindeswohlgef.
22522;Statistik der Pflegeerlaubnis, Vormundschaften etc;JAHR;Jahr;2012;DLAND;Bundesländer;04;Bremen;MNHFG1;Art der eingeleiteten Maßnahmen;MNH-ERKL;Ersetzung von Erklärungen d. Sorgeberechtigten;2;Anzahl;MFG001;Maßnahmen des Familiengerichts bei Kindeswohlgef.
22522;Statistik der Pflegeerlaubnis, Vormundschaften etc;JAHR;Jahr;2022;DLAND;Bundesländer;13;Mecklenburg-Vorpommern;MNHFG1;Art der eingeleiteten Maßnahmen;MNH-ERKL;Ersetzung von Erklärungen d. Sorgeberechtigten;10;Anzahl;MFG001;Maßnahmen des Familiengerichts bei Kindeswohlgef.
22522;Statistik der Pflegeerlaubnis, Vormundschaften etc;JAHR;Jahr;2015;DLAND;Bundesländer;16;Thüringen;MNHFG1;Art der eingeleiteten Maßnahmen;MNH-GEVE;Ge- oder Verbote gg. Sorgeberechtigten o. Dritten;114;Anzahl;MFG001;Maßnahmen des Familiengerichts bei Kindeswohlgef.
22522;Statistik der Pflegeerlaubnis, Vormundschaften etc;JAHR;Jahr;2014;DLAND;Bundesländer;10;Saarland;MNHFG1;Art der eingeleiteten Maßnahmen;MNH-GEVE;Ge- oder Verbote gg. Sorgeberechtigten o. Dritten;40;Anzahl;MFG001;Maßnahmen des Familiengerichts bei Kindeswohlgef.
22522;Statistik der Pflegeerlaubnis, Vormundschaften etc;JAHR;Jahr;2016;DLAND;Bundesländer;13;Mecklenburg-Vorpommern;MNHFG1;Art der eingeleiteten Maßnahmen;MNH-SORGT;Teilw. Übertrag. d. Sorge auf Jugendamt o. Dritte;90;Anzahl;MFG001;Maßnahmen des Familiengerichts bei Kindeswohlgef.
22522;Statistik der Pflegeerlaubnis, Vormundschaften etc;JAHR;Jahr;2020;DLAND;Bundesländer;02;Hamburg;MNHFG1;Art der eingeleiteten Maßnahmen;MNH-SORGT;Teilw. Übertrag. d. Sorge auf Jugendamt o. Dritte;308;Anzahl;MFG001;Maßnahmen des Familiengerichts bei Kindeswohlgef.
22522;Statistik der Pflegeerlaubnis, Vormundschaften etc;JAHR;Jahr;2019;DLAND;Bundesländer;14;Sachsen;MNHFG1;Art der eingeleiteten Maßnahmen;;Insgesamt;1737;Anzahl;MFG001;Maßnahmen des Familiengerichts bei Kindeswohlgef.
22522;Statistik der Pflegeerlaubnis, Vormundschaften etc;JAHR;Jahr;2016;DLAND;Bundesländer;02;Hamburg;MNHFG1;Art der eingeleiteten Maßnahmen;MNH-KJH;Inanspruchnahme v. Lstg. d. Kinder- u. Jugendhilfe;305;Anzahl;MFG001;Maßnahmen des Familiengerichts bei Kindeswohlgef.
22522;Statistik der Pflegeerlaubnis, Vormundschaften etc;JAHR;Jahr;2018;DLAND;Bundesländer;14;Sachsen;MNHFG1;Art der eingeleiteten Maßnahmen;MNH-ERKL;Ersetzung von Erklärungen d. Sorgeberechtigten;59;Anzahl;MFG001;Maßnahmen des Familiengerichts bei Kindeswohlgef.
22522;Statistik der Pflegeerlaubnis, Vormundschaften etc;JAHR;Jahr;2025;DLAND;Bundesländer;07;Rheinland-Pfalz;MNHFG1;Art der eingeleiteten Maßnahmen;MNH-GEVE;Ge- oder Verbote gg. Sorgeberechtigten o. Dritten;194;Anzahl;MFG001;Maßnahmen des Familiengerichts bei Kindeswohlgef.
22522;Statistik der Pflegeerlaubnis, Vormundschaften etc;JAHR;Jahr;2014;DLAND;Bundesländer;15;Sachsen-Anhalt;MNHFG1;Art der eingeleiteten Maßnahmen;MNH-ERKL;Ersetzung von Erklärungen d. Sorgeberechtigten;19;Anzahl;MFG001;Maßnahmen des Familiengerichts bei Kindeswohlgef.
22522;Statistik der Pflegeerlaubnis, Vormundschaften etc;JAHR;Jahr;2016;DLAND;Bundesländer;16;Thüringen;MNHFG1;Art der eingeleiteten Maßnahmen;MNH-KJH;Inanspruchnahme v. Lstg. d. Kinder- u. Jugendhilfe;215;Anzahl;MFG001;Maßnahmen des Familiengerichts bei Kindeswohlgef.
22522;Statistik der Pflegeerlaubnis, Vormundschaften etc;JAHR;Jahr;2023;DLAND;Bundesländer;02;Hamburg;MNHFG1;Art der eingeleiteten Maßnahmen;MNH-KJH;Inanspruchnahme v. Lstg. d. Kinder- u. Jugendhilfe;299;Anzahl;MFG001;Maßnahmen des Familiengerichts bei Kindeswohlgef.
22522;Statistik der Pflegeerlaubnis, Vormundschaften etc;JAHR;Jahr;2024;DLAND;Bundesländer;03;Niedersachsen;MNHFG1;Art der eingeleiteten Maßnahmen;;Insgesamt;3233;Anzahl;MFG001;Maßnahmen des Familiengerichts bei Kindeswohlgef.
22522;Statistik der Pflegeerlaubnis, Vormundschaften etc;JAHR;Jahr;2023;DLAND;Bundesländer;03;Niedersachsen;MNHFG1;Art der eingeleiteten Maßnahmen;MNH-SORGV;Vollst. Übertrag. d. Sorge auf Jugendamt o. Dritte;938;Anzahl;MFG001;Maßnahmen des Familiengerichts bei Kindeswohlgef.
22522;Statistik der Pflegeerlaubnis, Vormundschaften etc;JAHR;Jahr;2012;DLAND;Bundesländer;02;Hamburg;MNHFG1;Art der eingeleiteten Maßnahmen;MNH-SORGV;Vollst. Übertrag. d. Sorge auf Jugendamt o. Dritte;161;Anzahl;MFG001;Maßnahmen des Familiengerichts bei Kindeswohlgef.
22522;Statistik der Pflegeerlaubnis, Vormundschaften etc;JAHR;Jahr;2019;DLAND;Bundesländer;15;Sachsen-Anhalt;MNHFG1;Art der eingeleiteten Maßnahmen;MNH-GEVE;Ge- oder Verbote gg. Sorgeberechtigten o. Dritten;127;Anzahl;MFG001;Maßnahmen des Familiengerichts bei Kindeswohlgef.
22522;Statistik der Pflegeerlaubnis, Vormundschaften etc;JAHR;Jahr;2012;DLAND;Bundesländer;12;Brandenburg;MNHFG1;Art der eingeleiteten Maßnahmen;MNH-KJH;Inanspruchnahme v. Lstg. d. Kinder- u. Jugendhilfe;322;Anzahl;MFG001;Maßnahmen des Familiengerichts bei Kindeswohlgef.
22522;Statistik der Pflegeerlaubnis, Vormundschaften etc;JAHR;Jahr;2017;DLAND;Bundesländer;16;Thüringen;MNHFG1;Art der eingeleiteten Maßnahmen;MNH-SORGT;Teilw. Übertrag. d. Sorge auf Jugendamt o. Dritte;430;Anzahl;MFG001;Maßnahmen des Familiengerichts bei Kindeswohlgef.
22522;Statistik der Pflegeerlaubnis, Vormundschaften etc;JAHR;Jahr;2020;DLAND;Bundesländer;11;Berlin;MNHFG1;Art der eingeleiteten Maßnahmen;MNH-GEVE;Ge- oder Verbote gg. Sorgeberechtigten o. Dritten;582;Anzahl;MFG001;Maßnahmen des Familiengerichts bei Kindeswohlgef.
22522;Statistik der Pflegeerlaubnis, Vormundschaften etc;JAHR;Jahr;2023;DLAND;Bundesländer;14;Sachsen;MNHFG1;Art der eingeleiteten Maßnahmen;MNH-GEVE;Ge- oder Verbote gg. Sorgeberechtigten o. Dritten;181;Anzahl;MFG001;Maßnahmen des Familiengerichts bei Kindeswohlgef.
22522;Statistik der Pflegeerlaubnis, Vormundschaften etc;JAHR;Jahr;2013;DLAND;Bundesländer;13;Mecklenburg-Vorpommern;MNHFG1;Art der eingeleiteten Maßnahmen;;Insgesamt;327;Anzahl;MFG001;Maßnahmen des Familiengerichts bei Kindeswohlgef.
22522;Statistik der Pflegeerlaubnis, Vormundschaften etc;JAHR;Jahr;2012;DLAND;Bundesländer;06;Hessen;MNHFG1;Art der eingeleiteten Maßnahmen;MNH-ERKL;Ersetzung von Erklärungen d. Sorgeberechtigten;52;Anzahl;MFG001;Maßnahmen des Familiengerichts bei Kindeswohlgef.
22522;Statistik der Pflegeerlaubnis, Vormundschaften etc;JAHR;Jahr;2013;DLAND;Bundesländer;14;Sachsen;MNHFG1;Art der eingeleiteten Maßnahmen;MNH-GEVE;Ge- oder Verbote gg. Sorgeberechtigten o. Dritten;216;Anzahl;MFG001;Maßnahmen des Familiengerichts bei Kindeswohlgef.
22522;Statistik der Pflegeerlaubnis, Vormundschaften etc;JAHR;Jahr;2016;DLAND;Bundesländer;12;Brandenburg;MNHFG1;Art der eingeleiteten Maßnahmen;MNH-GEVE;Ge- oder Verbote gg. Sorgeberechtigten o. Dritten;154;Anzahl;MFG001;Maßnahmen des Familiengerichts bei Kindeswohlgef.
22522;Statistik der Pflegeerlaubnis, Vormundschaften etc;JAHR;Jahr;2020;DLAND;Bundesländer;13;Mecklenburg-Vorpommern;MNHFG1;Art der eingeleiteten Maßnahmen;;Insgesamt;366;Anzahl;MFG001;Maßnahmen des Familiengerichts bei Kindeswohlgef.
22522;Statistik der Pflegeerlaubnis, Vormundschaften etc;JAHR;Jahr;2014;DLAND;Bundesländer;01;Schleswig-Holstein;MNHFG1;Art der eingeleiteten Maßnahmen;;Insgesamt;954;Anzahl;MFG001;Maßnahmen des Familiengerichts bei Kindeswohlgef.
22522;Statistik der Pflegeerlaubnis, Vormundschaften etc;JAHR;Jahr;2020;DLAND;Bundesländer;05;Nordrhein-Westfalen;MNHFG1;Art der eingeleiteten Maßnahmen;MNH-SORGV;Vollst. Übertrag. d. Sorge auf Jugendamt o. Dritte;2012;Anzahl;MFG001;Maßnahmen des Familiengerichts bei Kindeswohlgef.
22522;Statistik der Pflegeerlaubnis, Vormundschaften etc;JAHR;Jahr;2024;DLAND;Bundesländer;15;Sachsen-Anhalt;MNHFG1;Art der eingeleiteten Maßnahmen;MNH-ERKL;Ersetzung von Erklärungen d. Sorgeberechtigten;40;Anzahl;MFG001;Maßnahmen des Familiengerichts bei Kindeswohlgef.
22522;Statistik der Pflegeerlaubnis, Vormundschaften etc;JAHR;Jahr;2012;DLAND;Bundesländer;11;Berlin;MNHFG1;Art der eingeleiteten Maßnahmen;MNH-KJH;Inanspruchnahme v. Lstg. d. Kinder- u. Jugendhilfe;874;Anzahl;MFG001;Maßnahmen des Familiengerichts bei Kindeswohlgef.
22522;Statistik der Pflegeerlaubnis, Vormundschaften etc;JAHR;Jahr;2019;DLAND;Bundesländer;14;Sachsen;MNHFG1;Art der eingeleiteten Maßnahmen;MNH-SORGV;Vollst. Übertrag. d. Sorge auf Jugendamt o. Dritte;569;Anzahl;MFG001;Maßnahmen des Familiengerichts bei Kindeswohlgef.
22522;Statistik der Pflegeerlaubnis, Vormundschaften etc;JAHR;Jahr;2018;DLAND;Bundesländer;12;Brandenburg;MNHFG1;Art der eingeleiteten Maßnahmen;MNH-ERKL;Ersetzung von Erklärungen d. Sorgeberechtigten;55;Anzahl;MFG001;Maßnahmen des Familiengerichts bei Kindeswohlgef.
22522;Statistik der Pflegeerlaubnis, Vormundschaften etc;JAHR;Jahr;2017;DLAND;Bundesländer;11;Berlin;MNHFG1;Art der eingeleiteten Maßnahmen;MNH-KJH;Inanspruchnahme v. Lstg. d. Kinder- u. Jugendhilfe;703;Anzahl;MFG001;Maßnahmen des Familiengerichts bei Kindeswohlgef.
22522;Statistik der Pflegeerlaubnis, Vormundschaften etc;JAHR;Jahr;2018;DLAND;Bundesländer;01;Schleswig-Holstein;MNHFG1;Art der eingeleiteten Maßnahmen;MNH-SORGV;Vollst. Übertrag. d. Sorge auf Jugendamt o. Dritte;226;Anzahl;MFG001;Maßnahmen des Familiengerichts bei Kindeswohlgef.
22522;Statistik der Pflegeerlaubnis, Vormundschaften etc;JAHR;Jahr;2018;DLAND;Bundesländer;05;Nordrhein-Westfalen;MNHFG1;Art der eingeleiteten Maßnahmen;;Insgesamt;9236;Anzahl;MFG001;Maßnahmen des Familiengerichts bei Kindeswohlgef.
22522;Statistik der Pflegeerlaubnis, Vormundschaften etc;JAHR;Jahr;2022;DLAND;Bundesländer;11;Berlin;MNHFG1;Art der eingeleiteten Maßnahmen;MNH-ERKL;Ersetzung von Erklärungen d. Sorgeberechtigten;181;Anzahl;MFG001;Maßnahmen des Familiengerichts bei Kindeswohlgef.
22522;Statistik der Pflegeerlaubnis, Vormundschaften etc;JAHR;Jahr;2024;DLAND;Bundesländer;04;Bremen;MNHFG1;Art der eingeleiteten Maßnahmen;;Insgesamt;686;Anzahl;MFG001;Maßnahmen des Familiengerichts bei Kindeswohlgef.
22522;Statistik der Pflegeerlaubnis, Vormundschaften etc;JAHR;Jahr;2018;DLAND;Bundesländer;16;Thüringen;MNHFG1;Art der eingeleiteten Maßnahmen;MNH-SORGT;Teilw. Übertrag. d. Sorge auf Jugendamt o. Dritte;403;Anzahl;MFG001;Maßnahmen des Familiengerichts bei Kindeswohlgef.
22522;Statistik der Pflegeerlaubnis, Vormundschaften etc;JAHR;Jahr;2022;DLAND;Bundesländer;14;Sachsen;MNHFG1;Art der eingeleiteten Maßnahmen;MNH-KJH;Inanspruchnahme v. Lstg. d. Kinder- u. Jugendhilfe;362;Anzahl;MFG001;Maßnahmen des Familiengerichts bei Kindeswohlgef.
22522;Statistik der Pflegeerlaubnis, Vormundschaften etc;JAHR;Jahr;2016;DLAND;Bundesländer;10;Saarland;MNHFG1;Art der eingeleiteten Maßnahmen;MNH-GEVE;Ge- oder Verbote gg. Sorgeberechtigten o. Dritten;72;Anzahl;MFG001;Maßnahmen des Familiengerichts bei Kindeswohlgef.
22522;Statistik der Pflegeerlaubnis, Vormundschaften etc;JAHR;Jahr;2017;DLAND;Bundesländer;04;Bremen;MNHFG1;Art der eingeleiteten Maßnahmen;MNH-GEVE;Ge- oder Verbote gg. Sorgeberechtigten o. Dritten;271;Anzahl;MFG001;Maßnahmen des Familiengerichts bei Kindeswohlgef.
22522;Statistik der Pflegeerlaubnis, Vormundschaften etc;JAHR;Jahr;2025;DLAND;Bundesländer;07;Rheinland-Pfalz;MNHFG1;Art der eingeleiteten Maßnahmen;MNH-ERKL;Ersetzung von Erklärungen d. Sorgeberechtigten;106;Anzahl;MFG001;Maßnahmen des Familiengerichts bei Kindeswohlgef.
22522;Statistik der Pflegeerlaubnis, Vormundschaften etc;JAHR;Jahr;2018;DLAND;Bundesländer;14;Sachsen;MNHFG1;Art der eingeleiteten Maßnahmen;MNH-GEVE;Ge- oder Verbote gg. Sorgeberechtigten o. Dritten;205;Anzahl;MFG001;Maßnahmen des Familiengerichts bei Kindeswohlgef.
22522;Statistik der Pflegeerlaubnis, Vormundschaften etc;JAHR;Jahr;2021;DLAND;Bundesländer;15;Sachsen-Anhalt;MNHFG1;Art der eingeleiteten Maßnahmen;MNH-SORGT;Teilw. Übertrag. d. Sorge auf Jugendamt o. Dritte;277;Anzahl;MFG001;Maßnahmen des Familiengerichts bei Kindeswohlgef.
22522;Statistik der Pflegeerlaubnis, Vormundschaften etc;JAHR;Jahr;2024;DLAND;Bundesländer;16;Thüringen;MNHFG1;Art der eingeleiteten Maßnahmen;MNH-SORGV;Vollst. Übertrag. d. Sorge auf Jugendamt o. Dritte;142;Anzahl;MFG001;Maßnahmen des Familiengerichts bei Kindeswohlgef.
22522;Statistik der Pflegeerlaubnis, Vormundschaften etc;JAHR;Jahr;2019;DLAND;Bundesländer;07;Rheinland-Pfalz;MNHFG1;Art der eingeleiteten Maßnahmen;MNH-SORGV;Vollst. Übertrag. d. Sorge auf Jugendamt o. Dritte;349;Anzahl;MFG001;Maßnahmen des Familiengerichts bei Kindeswohlgef.
22522;Statistik der Pflegeerlaubnis, Vormundschaften etc;JAHR;Jahr;2013;DLAND;Bundesländer;15;Sachsen-Anhalt;MNHFG1;Art der eingeleiteten Maßnahmen;MNH-SORGV;Vollst. Übertrag. d. Sorge auf Jugendamt o. Dritte;161;Anzahl;MFG001;Maßnahmen des Familiengerichts bei Kindeswohlgef.
22522;Statistik der Pflegeerlaubnis, Vormundschaften etc;JAHR;Jahr;2012;DLAND;Bundesländer;05;Nordrhein-Westfalen;MNHFG1;Art der eingeleiteten Maßnahmen;;Insgesamt;7492;Anzahl;MFG001;Maßnahmen des Familiengerichts bei Kindeswohlgef.
22522;Statistik der Pflegeerlaubnis, Vormundschaften etc;JAHR;Jahr;2013;DLAND;Bundesländer;06;Hessen;MNHFG1;Art der eingeleiteten Maßnahmen;;Insgesamt;1330;Anzahl;MFG001;Maßnahmen des Familiengerichts bei Kindeswohlgef.
22522;Statistik der Pflegeerlaubnis, Vormundschaften etc;JAHR;Jahr;2023;DLAND;Bundesländer;10;Saarland;MNHFG1;Art der eingeleiteten Maßnahmen;MNH-SORGV;Vollst. Übertrag. d. Sorge auf Jugendamt o. Dritte;126;Anzahl;MFG001;Maßnahmen des Familiengerichts bei Kindeswohlgef.
22522;Statistik der Pflegeerlaubnis, Vormundschaften etc;JAHR;Jahr;2017;DLAND;Bundesländer;11;Berlin;MNHFG1;Art der eingeleiteten Maßnahmen;MNH-ERKL;Ersetzung von Erklärungen d. Sorgeberechtigten;160;Anzahl;MFG001;Maßnahmen des Familiengerichts bei Kindeswohlgef.
22522;Statistik der Pflegeerlaubnis, Vormundschaften etc;JAHR;Jahr;2015;DLAND;Bundesländer;16;Thüringen;MNHFG1;Art der eingeleiteten Maßnahmen;MNH-ERKL;Ersetzung von Erklärungen d. Sorgeberechtigten;34;Anzahl;MFG001;Maßnahmen des Familiengerichts bei Kindeswohlgef.
22522;Statistik der Pflegeerlaubnis, Vormundschaften etc;JAHR;Jahr;2021;DLAND;Bundesländer;10;Saarland;MNHFG1;Art der eingeleiteten Maßnahmen;MNH-ERKL;Ersetzung von Erklärungen d. Sorgeberechtigten;43;Anzahl;MFG001;Maßnahmen des Familiengerichts bei Kindeswohlgef.
22522;Statistik der Pflegeerlaubnis, Vormundschaften etc;JAHR;Jahr;2024;DLAND;Bundesländer;10;Saarland;MNHFG1;Art der eingeleiteten Maßnahmen;MNH-KJH;Inanspruchnahme v. Lstg. d. Kinder- u. Jugendhilfe;173;Anzahl;MFG001;Maßnahmen des Familiengerichts bei Kindeswohlgef.
22522;Statistik der Pflegeerlaubnis, Vormundschaften etc;JAHR;Jahr;2016;DLAND;Bundesländer;09;Bayern;MNHFG1;Art der eingeleiteten Maßnahmen;MNH-SORGV;Vollst. Übertrag. d. Sorge auf Jugendamt o. Dritte;782;Anzahl;MFG001;Maßnahmen des Familiengerichts bei Kindeswohlgef.
22522;Statistik der Pflegeerlaubnis, Vormundschaften etc;JAHR;Jahr;2025;DLAND;Bundesländer;11;Berlin;MNHFG1;Art der eingeleiteten Maßnahmen;MNH-KJH;Inanspruchnahme v. Lstg. d. Kinder- u. Jugendhilfe;343;Anzahl;MFG001;Maßnahmen des Familiengerichts bei Kindeswohlgef.
22522;Statistik der Pflegeerlaubnis, Vormundschaften etc;JAHR;Jahr;2023;DLAND;Bundesländer;09;Bayern;MNHFG1;Art der eingeleiteten Maßnahmen;MNH-KJH;Inanspruchnahme v. Lstg. d. Kinder- u. Jugendhilfe;646;Anzahl;MFG001;Maßnahmen des Familiengerichts bei Kindeswohlgef.
22522;Statistik der Pflegeerlaubnis, Vormundschaften etc;JAHR;Jahr;2021;DLAND;Bundesländer;14;Sachsen;MNHFG1;Art der eingeleiteten Maßnahmen;;Insgesamt;1666;Anzahl;MFG001;Maßnahmen des Familiengerichts bei Kindeswohlgef.
22522;Statistik der Pflegeerlaubnis, Vormundschaften etc;JAHR;Jahr;2023;DLAND;Bundesländer;16;Thüringen;MNHFG1;Art der eingeleiteten Maßnahmen;;Insgesamt;737;Anzahl;MFG001;Maßnahmen des Familiengerichts bei Kindeswohlgef.
22522;Statistik der Pflegeerlaubnis, Vormundschaften etc;JAHR;Jahr;2020;DLAND;Bundesländer;12;Brandenburg;MNHFG1;Art der eingeleiteten Maßnahmen;MNH-SORGV;Vollst. Übertrag. d. Sorge auf Jugendamt o. Dritte;225;Anzahl;MFG001;Maßnahmen des Familiengerichts bei Kindeswohlgef.
22522;Statistik der Pflegeerlaubnis, Vormundschaften etc;JAHR;Jahr;2013;DLAND;Bundesländer;07;Rheinland-Pfalz;MNHFG1;Art der eingeleiteten Maßnahmen;MNH-ERKL;Ersetzung von Erklärungen d. Sorgeberechtigten;99;Anzahl;MFG001;Maßnahmen des Familiengerichts bei Kindeswohlgef.
22522;Statistik der Pflegeerlaubnis, Vormundschaften etc;JAHR;Jahr;2022;DLAND;Bundesländer;03;Niedersachsen;MNHFG1;Art der eingeleiteten Maßnahmen;MNH-SORGV;Vollst. Übertrag. d. Sorge auf Jugendamt o. Dritte;697;Anzahl;MFG001;Maßnahmen des Familiengerichts bei Kindeswohlgef.
22522;Statistik der Pflegeerlaubnis, Vormundschaften etc;JAHR;Jahr;2017;DLAND;Bundesländer;13;Mecklenburg-Vorpommern;MNHFG1;Art der eingeleiteten Maßnahmen;MNH-SORGT;Teilw. Übertrag. d. Sorge auf Jugendamt o. Dritte;75;Anzahl;MFG001;Maßnahmen des Familiengerichts bei Kindeswohlgef.
22522;Statistik der Pflegeerlaubnis, Vormundschaften etc;JAHR;Jahr;2015;DLAND;Bundesländer;03;Niedersachsen;MNHFG1;Art der eingeleiteten Maßnahmen;MNH-SORGV;Vollst. Übertrag. d. Sorge auf Jugendamt o. Dritte;579;Anzahl;MFG001;Maßnahmen des Familiengerichts bei Kindeswohlgef.
22522;Statistik der Pflegeerlaubnis, Vormundschaften etc;JAHR;Jahr;2024;DLAND;Bundesländer;13;Mecklenburg-Vorpommern;MNHFG1;Art der eingeleiteten Maßnahmen;MNH-SORGT;Teilw. Übertrag. d. Sorge auf Jugendamt o. Dritte;53;Anzahl;MFG001;Maßnahmen des Familiengerichts bei Kindeswohlgef.
22522;Statistik der Pflegeerlaubnis, Vormundschaften etc;JAHR;Jahr;2018;DLAND;Bundesländer;05;Nordrhein-Westfalen;MNHFG1;Art der eingeleiteten Maßnahmen;MNH-KJH;Inanspruchnahme v. Lstg. d. Kinder- u. Jugendhilfe;2811;Anzahl;MFG001;Maßnahmen des Familiengerichts bei Kindeswohlgef.
22522;Statistik der Pflegeerlaubnis, Vormundschaften etc;JAHR;Jahr;2013;DLAND;Bundesländer;12;Brandenburg;MNHFG1;Art der eingeleiteten Maßnahmen;MNH-SORGT;Teilw. Übertrag. d. Sorge auf Jugendamt o. Dritte;272;Anzahl;MFG001;Maßnahmen des Familiengerichts bei Kindeswohlgef.
22522;Statistik der Pflegeerlaubnis, Vormundschaften etc;JAHR;Jahr;2015;DLAND;Bundesländer;02;Hamburg;MNHFG1;Art der eingeleiteten Maßnahmen;MNH-ERKL;Ersetzung von Erklärungen d. Sorgeberechtigten;43;Anzahl;MFG001;Maßnahmen des Familiengerichts bei Kindeswohlgef.
22522;Statistik der Pflegeerlaubnis, Vormundschaften etc;JAHR;Jahr;2023;DLAND;Bundesländer;03;Niedersachsen;MNHFG1;Art der eingeleiteten Maßnahmen;MNH-SORGT;Teilw. Übertrag. d. Sorge auf Jugendamt o. Dritte;675;Anzahl;MFG001;Maßnahmen des Familiengerichts bei Kindeswohlgef.
22522;Statistik der Pflegeerlaubnis, Vormundschaften etc;JAHR;Jahr;2019;DLAND;Bundesländer;11;Berlin;MNHFG1;Art der eingeleiteten Maßnahmen;MNH-SORGT;Teilw. Übertrag. d. Sorge auf Jugendamt o. Dritte;385;Anzahl;MFG001;Maßnahmen des Familiengerichts bei Kindeswohlgef.
22522;Statistik der Pflegeerlaubnis, Vormundschaften etc;JAHR;Jahr;2025;DLAND;Bundesländer;05;Nordrhein-Westfalen;MNHFG1;Art der eingeleiteten Maßnahmen;;Insgesamt;8512;Anzahl;MFG001;Maßnahmen des Familiengerichts bei Kindeswohlgef.
22522;Statistik der Pflegeerlaubnis, Vormundschaften etc;JAHR;Jahr;2017;DLAND;Bundesländer;01;Schleswig-Holstein;MNHFG1;Art der eingeleiteten Maßnahmen;MNH-SORGV;Vollst. Übertrag. d. Sorge auf Jugendamt o. Dritte;223;Anzahl;MFG001;Maßnahmen des Familiengerichts bei Kindeswohlgef.
22522;Statistik der Pflegeerlaubnis, Vormundschaften etc;JAHR;Jahr;2019;DLAND;Bundesländer;04;Bremen;MNHFG1;Art der eingeleiteten Maßnahmen;MNH-SORGT;Teilw. Übertrag. d. Sorge auf Jugendamt o. Dritte;200;Anzahl;MFG001;Maßnahmen des Familiengerichts bei Kindeswohlgef.
22522;Statistik der Pflegeerlaubnis, Vormundschaften etc;JAHR;Jahr;2015;DLAND;Bundesländer;09;Bayern;MNHFG1;Art der eingeleiteten Maßnahmen;;Insgesamt;3287;Anzahl;MFG001;Maßnahmen des Familiengerichts bei Kindeswohlgef.
22522;Statistik der Pflegeerlaubnis, Vormundschaften etc;JAHR;Jahr;2014;DLAND;Bundesländer;08;Baden-Württemberg;MNHFG1;Art der eingeleiteten Maßnahmen;MNH-ERKL;Ersetzung von Erklärungen d. Sorgeberechtigten;77;Anzahl;MFG001;Maßnahmen des Familiengerichts bei Kindeswohlgef.
22522;Statistik der Pflegeerlaubnis, Vormundschaften etc;JAHR;Jahr;2024;DLAND;Bundesländer;09;Bayern;MNHFG1;Art der eingeleiteten Maßnahmen;MNH-SORGT;Teilw. Übertrag. d. Sorge auf Jugendamt o. Dritte;1168;Anzahl;MFG001;Maßnahmen des Familiengerichts bei Kindeswohlgef.
22522;Statistik der Pflegeerlaubnis, Vormundschaften etc;JAHR;Jahr;2017;DLAND;Bundesländer;11;Berlin;MNHFG1;Art der eingeleiteten Maßnahmen;;Insgesamt;2653;Anzahl;MFG001;Maßnahmen des Familiengerichts bei Kindeswohlgef.
22522;Statistik der Pflegeerlaubnis, Vormundschaften etc;JAHR;Jahr;2020;DLAND;Bundesländer;02;Hamburg;MNHFG1;Art der eingeleiteten Maßnahmen;MNH-ERKL;Ersetzung von Erklärungen d. Sorgeberechtigten;57;Anzahl;MFG001;Maßnahmen des Familiengerichts bei Kindeswohlgef.
22522;Statistik der Pflegeerlaubnis, Vormundschaften etc;JAHR;Jahr;2013;DLAND;Bundesländer;08;Baden-Württemberg;MNHFG1;Art der eingeleiteten Maßnahmen;MNH-SORGT;Teilw. Übertrag. d. Sorge auf Jugendamt o. Dritte;533;Anzahl;MFG001;Maßnahmen des Familiengerichts bei Kindeswohlgef.
22522;Statistik der Pflegeerlaubnis, Vormundschaften etc;JAHR;Jahr;2016;DLAND;Bundesländer;03;Niedersachsen;MNHFG1;Art der eingeleiteten Maßnahmen;MNH-ERKL;Ersetzung von Erklärungen d. Sorgeberechtigten;154;Anzahl;MFG001;Maßnahmen des Familiengerichts bei Kindeswohlgef.
22522;Statistik der Pflegeerlaubnis, Vormundschaften etc;JAHR;Jahr;2021;DLAND;Bundesländer;06;Hessen;MNHFG1;Art der eingeleiteten Maßnahmen;MNH-KJH;Inanspruchnahme v. Lstg. d. Kinder- u. Jugendhilfe;391;Anzahl;MFG001;Maßnahmen des Familiengerichts bei Kindeswohlgef.
22522;Statistik der Pflegeerlaubnis, Vormundschaften etc;JAHR;Jahr;2015;DLAND;Bundesländer;16;Thüringen;MNHFG1;Art der eingeleiteten Maßnahmen;;Insgesamt;878;Anzahl;MFG001;Maßnahmen des Familiengerichts bei Kindeswohlgef.
22522;Statistik der Pflegeerlaubnis, Vormundschaften etc;JAHR;Jahr;2016;DLAND;Bundesländer;13;Mecklenburg-Vorpommern;MNHFG1;Art der eingeleiteten Maßnahmen;MNH-SORGV;Vollst. Übertrag. d. Sorge auf Jugendamt o. Dritte;175;Anzahl;MFG001;Maßnahmen des Familiengerichts bei Kindeswohlgef.
22522;Statistik der Pflegeerlaubnis, Vormundschaften etc;JAHR;Jahr;2022;DLAND;Bundesländer;04;Bremen;MNHFG1;Art der eingeleiteten Maßnahmen;MNH-GEVE;Ge- oder Verbote gg. Sorgeberechtigten o. Dritten;282;Anzahl;MFG001;Maßnahmen des Familiengerichts bei Kindeswohlgef.
22522;Statistik der Pflegeerlaubnis, Vormundschaften etc;JAHR;Jahr;2012;DLAND;Bundesländer;05;Nordrhein-Westfalen;MNHFG1;Art der eingeleiteten Maßnahmen;MNH-SORGV;Vollst. Übertrag. d. Sorge auf Jugendamt o. Dritte;2062;Anzahl;MFG001;Maßnahmen des Familiengerichts bei Kindeswohlgef.
22522;Statistik der Pflegeerlaubnis, Vormundschaften etc;JAHR;Jahr;2025;DLAND;Bundesländer;16;Thüringen;MNHFG1;Art der eingeleiteten Maßnahmen;MNH-SORGT;Teilw. Übertrag. d. Sorge auf Jugendamt o. Dritte;153;Anzahl;MFG001;Maßnahmen des Familiengerichts bei Kindeswohlgef.
22522;Statistik der Pflegeerlaubnis, Vormundschaften etc;JAHR;Jahr;2023;DLAND;Bundesländer;06;Hessen;MNHFG1;Art der eingeleiteten Maßnahmen;MNH-SORGV;Vollst. Übertrag. d. Sorge auf Jugendamt o. Dritte;338;Anzahl;MFG001;Maßnahmen des Familiengerichts bei Kindeswohlgef.
22522;Statistik der Pflegeerlaubnis, Vormundschaften etc;JAHR;Jahr;2014;DLAND;Bundesländer;14;Sachsen;MNHFG1;Art der eingeleiteten Maßnahmen;MNH-KJH;Inanspruchnahme v. Lstg. d. Kinder- u. Jugendhilfe;670;Anzahl;MFG001;Maßnahmen des Familiengerichts bei Kindeswohlgef.
22522;Statistik der Pflegeerlaubnis, Vormundschaften etc;JAHR;Jahr;2017;DLAND;Bundesländer;04;Bremen;MNHFG1;Art der eingeleiteten Maßnahmen;MNH-ERKL;Ersetzung von Erklärungen d. Sorgeberechtigten;259;Anzahl;MFG001;Maßnahmen des Familiengerichts bei Kindeswohlgef.
22522;Statistik der Pflegeerlaubnis, Vormundschaften etc;JAHR;Jahr;2015;DLAND;Bundesländer;15;Sachsen-Anhalt;MNHFG1;Art der eingeleiteten Maßnahmen;MNH-KJH;Inanspruchnahme v. Lstg. d. Kinder- u. Jugendhilfe;263;Anzahl;MFG001;Maßnahmen des Familiengerichts bei Kindeswohlgef.
22522;Statistik der Pflegeerlaubnis, Vormundschaften etc;JAHR;Jahr;2021;DLAND;Bundesländer;03;Niedersachsen;MNHFG1;Art der eingeleiteten Maßnahmen;MNH-ERKL;Ersetzung von Erklärungen d. Sorgeberechtigten;115;Anzahl;MFG001;Maßnahmen des Familiengerichts bei Kindeswohlgef.
22522;Statistik der Pflegeerlaubnis, Vormundschaften etc;JAHR;Jahr;2015;DLAND;Bundesländer;09;Bayern;MNHFG1;Art der eingeleiteten Maßnahmen;MNH-ERKL;Ersetzung von Erklärungen d. Sorgeberechtigten;228;Anzahl;MFG001;Maßnahmen des Familiengerichts bei Kindeswohlgef.
22522;Statistik der Pflegeerlaubnis, Vormundschaften etc;JAHR;Jahr;2015;DLAND;Bundesländer;01;Schleswig-Holstein;MNHFG1;Art der eingeleiteten Maßnahmen;MNH-KJH;Inanspruchnahme v. Lstg. d. Kinder- u. Jugendhilfe;297;Anzahl;MFG001;Maßnahmen des Familiengerichts bei Kindeswohlgef.
22522;Statistik der Pflegeerlaubnis, Vormundschaften etc;JAHR;Jahr;2017;DLAND;Bundesländer;16;Thüringen;MNHFG1;Art der eingeleiteten Maßnahmen;MNH-SORGV;Vollst. Übertrag. d. Sorge auf Jugendamt o. Dritte;426;Anzahl;MFG001;Maßnahmen des Familiengerichts bei Kindeswohlgef.
22522;Statistik der Pflegeerlaubnis, Vormundschaften etc;JAHR;Jahr;2024;DLAND;Bundesländer;03;Niedersachsen;MNHFG1;Art der eingeleiteten Maßnahmen;MNH-KJH;Inanspruchnahme v. Lstg. d. Kinder- u. Jugendhilfe;720;Anzahl;MFG001;Maßnahmen des Familiengerichts bei Kindeswohlgef.
22522;Statistik der Pflegeerlaubnis, Vormundschaften etc;JAHR;Jahr;2018;DLAND;Bundesländer;05;Nordrhein-Westfalen;MNHFG1;Art der eingeleiteten Maßnahmen;MNH-GEVE;Ge- oder Verbote gg. Sorgeberechtigten o. Dritten;1247;Anzahl;MFG001;Maßnahmen des Familiengerichts bei Kindeswohlgef.
22522;Statistik der Pflegeerlaubnis, Vormundschaften etc;JAHR;Jahr;2025;DLAND;Bundesländer;04;Bremen;MNHFG1;Art der eingeleiteten Maßnahmen;MNH-KJH;Inanspruchnahme v. Lstg. d. Kinder- u. Jugendhilfe;172;Anzahl;MFG001;Maßnahmen des Familiengerichts bei Kindeswohlgef.
22522;Statistik der Pflegeerlaubnis, Vormundschaften etc;JAHR;Jahr;2022;DLAND;Bundesländer;01;Schleswig-Holstein;MNHFG1;Art der eingeleiteten Maßnahmen;;Insgesamt;860;Anzahl;MFG001;Maßnahmen des Familiengerichts bei Kindeswohlgef.
22522;Statistik der Pflegeerlaubnis, Vormundschaften etc;JAHR;Jahr;2021;DLAND;Bundesländer;08;Baden-Württemberg;MNHFG1;Art der eingeleiteten Maßnahmen;MNH-SORGT;Teilw. Übertrag. d. Sorge auf Jugendamt o. Dritte;544;Anzahl;MFG001;Maßnahmen des Familiengerichts bei Kindeswohlgef.
22522;Statistik der Pflegeerlaubnis, Vormundschaften etc;JAHR;Jahr;2012;DLAND;Bundesländer;02;Hamburg;MNHFG1;Art der eingeleiteten Maßnahmen;MNH-SORGT;Teilw. Übertrag. d. Sorge auf Jugendamt o. Dritte;155;Anzahl;MFG001;Maßnahmen des Familiengerichts bei Kindeswohlgef.
22522;Statistik der Pflegeerlaubnis, Vormundschaften etc;JAHR;Jahr;2013;DLAND;Bundesländer;07;Rheinland-Pfalz;MNHFG1;Art der eingeleiteten Maßnahmen;MNH-GEVE;Ge- oder Verbote gg. Sorgeberechtigten o. Dritten;168;Anzahl;MFG001;Maßnahmen des Familiengerichts bei Kindeswohlgef.
22522;Statistik der Pflegeerlaubnis, Vormundschaften etc;JAHR;Jahr;2012;DLAND;Bundesländer;12;Brandenburg;MNHFG1;Art der eingeleiteten Maßnahmen;;Insgesamt;1136;Anzahl;MFG001;Maßnahmen des Familiengerichts bei Kindeswohlgef.
22522;Statistik der Pflegeerlaubnis, Vormundschaften etc;JAHR;Jahr;2020;DLAND;Bundesländer;09;Bayern;MNHFG1;Art der eingeleiteten Maßnahmen;MNH-GEVE;Ge- oder Verbote gg. Sorgeberechtigten o. Dritten;368;Anzahl;MFG001;Maßnahmen des Familiengerichts bei Kindeswohlgef.
22522;Statistik der Pflegeerlaubnis, Vormundschaften etc;JAHR;Jahr;2025;DLAND;Bundesländer;01;Schleswig-Holstein;MNHFG1;Art der eingeleiteten Maßnahmen;MNH-SORGV;Vollst. Übertrag. d. Sorge auf Jugendamt o. Dritte;253;Anzahl;MFG001;Maßnahmen des Familiengerichts bei Kindeswohlgef.
22522;Statistik der Pflegeerlaubnis, Vormundschaften etc;JAHR;Jahr;2014;DLAND;Bundesländer;08;Baden-Württemberg;MNHFG1;Art der eingeleiteten Maßnahmen;MNH-GEVE;Ge- oder Verbote gg. Sorgeberechtigten o. Dritten;263;Anzahl;MFG001;Maßnahmen des Familiengerichts bei Kindeswohlgef.
22522;Statistik der Pflegeerlaubnis, Vormundschaften etc;JAHR;Jahr;2022;DLAND;Bundesländer;08;Baden-Württemberg;MNHFG1;Art der eingeleiteten Maßnahmen;;Insgesamt;2500;Anzahl;MFG001;Maßnahmen des Familiengerichts bei Kindeswohlgef.
22522;Statistik der Pflegeerlaubnis, Vormundschaften etc;JAHR;Jahr;2018;DLAND;Bundesländer;01;Schleswig-Holstein;MNHFG1;Art der eingeleiteten Maßnahmen;MNH-SORGT;Teilw. Übertrag. d. Sorge auf Jugendamt o. Dritte;237;Anzahl;MFG001;Maßnahmen des Familiengerichts bei Kindeswohlgef.
22522;Statistik der Pflegeerlaubnis, Vormundschaften etc;JAHR;Jahr;2020;DLAND;Bundesländer;05;Nordrhein-Westfalen;MNHFG1;Art der eingeleiteten Maßnahmen;MNH-SORGT;Teilw. Übertrag. d. Sorge auf Jugendamt o. Dritte;2626;Anzahl;MFG001;Maßnahmen des Familiengerichts bei Kindeswohlgef.
22522;Statistik der Pflegeerlaubnis, Vormundschaften etc;JAHR;Jahr;2023;DLAND;Bundesländer;05;Nordrhein-Westfalen;MNHFG1;Art der eingeleiteten Maßnahmen;MNH-ERKL;Ersetzung von Erklärungen d. Sorgeberechtigten;485;Anzahl;MFG001;Maßnahmen des Familiengerichts bei Kindeswohlgef.
22522;Statistik der Pflegeerlaubnis, Vormundschaften etc;JAHR;Jahr;2022;DLAND;Bundesländer;15;Sachsen-Anhalt;MNHFG1;Art der eingeleiteten Maßnahmen;;Insgesamt;856;Anzahl;MFG001;Maßnahmen des Familiengerichts bei Kindeswohlgef.
22522;Statistik der Pflegeerlaubnis, Vormundschaften etc;JAHR;Jahr;2020;DLAND;Bundesländer;02;Hamburg;MNHFG1;Art der eingeleiteten Maßnahmen;MNH-GEVE;Ge- oder Verbote gg. Sorgeberechtigten o. Dritten;165;Anzahl;MFG001;Maßnahmen des Familiengerichts bei Kindeswohlgef.
22522;Statistik der Pflegeerlaubnis, Vormundschaften etc;JAHR;Jahr;2016;DLAND;Bundesländer;10;Saarland;MNHFG1;Art der eingeleiteten Maßnahmen;MNH-SORGT;Teilw. Übertrag. d. Sorge auf Jugendamt o. Dritte;116;Anzahl;MFG001;Maßnahmen des Familiengerichts bei Kindeswohlgef.
22522;Statistik der Pflegeerlaubnis, Vormundschaften etc;JAHR;Jahr;2016;DLAND;Bundesländer;03;Niedersachsen;MNHFG1;Art der eingeleiteten Maßnahmen;;Insgesamt;2171;Anzahl;MFG001;Maßnahmen des Familiengerichts bei Kindeswohlgef.
22522;Statistik der Pflegeerlaubnis, Vormundschaften etc;JAHR;Jahr;2015;DLAND;Bundesländer;02;Hamburg;MNHFG1;Art der eingeleiteten Maßnahmen;MNH-GEVE;Ge- oder Verbote gg. Sorgeberechtigten o. Dritten;128;Anzahl;MFG001;Maßnahmen des Familiengerichts bei Kindeswohlgef.
22522;Statistik der Pflegeerlaubnis, Vormundschaften etc;JAHR;Jahr;2019;DLAND;Bundesländer;06;Hessen;MNHFG1;Art der eingeleiteten Maßnahmen;MNH-ERKL;Ersetzung von Erklärungen d. Sorgeberechtigten;79;Anzahl;MFG001;Maßnahmen des Familiengerichts bei Kindeswohlgef.
22522;Statistik der Pflegeerlaubnis, Vormundschaften etc;JAHR;Jahr;2019;DLAND;Bundesländer;13;Mecklenburg-Vorpommern;MNHFG1;Art der eingeleiteten Maßnahmen;MNH-KJH;Inanspruchnahme v. Lstg. d. Kinder- u. Jugendhilfe;158;Anzahl;MFG001;Maßnahmen des Familiengerichts bei Kindeswohlgef.
22522;Statistik der Pflegeerlaubnis, Vormundschaften etc;JAHR;Jahr;2019;DLAND;Bundesländer;06;Hessen;MNHFG1;Art der eingeleiteten Maßnahmen;MNH-KJH;Inanspruchnahme v. Lstg. d. Kinder- u. Jugendhilfe;549;Anzahl;MFG001;Maßnahmen des Familiengerichts bei Kindeswohlgef.
22522;Statistik der Pflegeerlaubnis, Vormundschaften etc;JAHR;Jahr;2015;DLAND;Bundesländer;09;Bayern;MNHFG1;Art der eingeleiteten Maßnahmen;MNH-GEVE;Ge- oder Verbote gg. Sorgeberechtigten o. Dritten;416;Anzahl;MFG001;Maßnahmen des Familiengerichts bei Kindeswohlgef.
22522;Statistik der Pflegeerlaubnis, Vormundschaften etc;JAHR;Jahr;2021;DLAND;Bundesländer;03;Niedersachsen;MNHFG1;Art der eingeleiteten Maßnahmen;MNH-GEVE;Ge- oder Verbote gg. Sorgeberechtigten o. Dritten;295;Anzahl;MFG001;Maßnahmen des Familiengerichts bei Kindeswohlgef.
22522;Statistik der Pflegeerlaubnis, Vormundschaften etc;JAHR;Jahr;2024;DLAND;Bundesländer;06;Hessen;MNHFG1;Art der eingeleiteten Maßnahmen;MNH-ERKL;Ersetzung von Erklärungen d. Sorgeberechtigten;72;Anzahl;MFG001;Maßnahmen des Familiengerichts bei Kindeswohlgef.
22522;Statistik der Pflegeerlaubnis, Vormundschaften etc;JAHR;Jahr;2016;DLAND;Bundesländer;03;Niedersachsen;MNHFG1;Art der eingeleiteten Maßnahmen;MNH-GEVE;Ge- oder Verbote gg. Sorgeberechtigten o. Dritten;258;Anzahl;MFG001;Maßnahmen des Familiengerichts bei Kindeswohlgef.
22522;Statistik der Pflegeerlaubnis, Vormundschaften etc;JAHR;Jahr;2016;DLAND;Bundesländer;10;Saarland;MNHFG1;Art der eingeleiteten Maßnahmen;;Insgesamt;681;Anzahl;MFG001;Maßnahmen des Familiengerichts bei Kindeswohlgef.
22522;Statistik der Pflegeerlaubnis, Vormundschaften etc;JAHR;Jahr;2020;DLAND;Bundesländer;12;Brandenburg;MNHFG1;Art der eingeleiteten Maßnahmen;MNH-KJH;Inanspruchnahme v. Lstg. d. Kinder- u. Jugendhilfe;293;Anzahl;MFG001;Maßnahmen des Familiengerichts bei Kindeswohlgef.
22522;Statistik der Pflegeerlaubnis, Vormundschaften etc;JAHR;Jahr;2016;DLAND;Bundesländer;06;Hessen;MNHFG1;Art der eingeleiteten Maßnahmen;MNH-SORGT;Teilw. Übertrag. d. Sorge auf Jugendamt o. Dritte;430;Anzahl;MFG001;Maßnahmen des Familiengerichts bei Kindeswohlgef.
22522;Statistik der Pflegeerlaubnis, Vormundschaften etc;JAHR;Jahr;2014;DLAND;Bundesländer;15;Sachsen-Anhalt;MNHFG1;Art der eingeleiteten Maßnahmen;MNH-SORGT;Teilw. Übertrag. d. Sorge auf Jugendamt o. Dritte;262;Anzahl;MFG001;Maßnahmen des Familiengerichts bei Kindeswohlgef.
22522;Statistik der Pflegeerlaubnis, Vormundschaften etc;JAHR;Jahr;2020;DLAND;Bundesländer;05;Nordrhein-Westfalen;MNHFG1;Art der eingeleiteten Maßnahmen;MNH-KJH;Inanspruchnahme v. Lstg. d. Kinder- u. Jugendhilfe;2582;Anzahl;MFG001;Maßnahmen des Familiengerichts bei Kindeswohlgef.
22522;Statistik der Pflegeerlaubnis, Vormundschaften etc;JAHR;Jahr;2023;DLAND;Bundesländer;08;Baden-Württemberg;MNHFG1;Art der eingeleiteten Maßnahmen;MNH-SORGT;Teilw. Übertrag. d. Sorge auf Jugendamt o. Dritte;676;Anzahl;MFG001;Maßnahmen des Familiengerichts bei Kindeswohlgef.
22522;Statistik der Pflegeerlaubnis, Vormundschaften etc;JAHR;Jahr;2019;DLAND;Bundesländer;07;Rheinland-Pfalz;MNHFG1;Art der eingeleiteten Maßnahmen;;Insgesamt;2143;Anzahl;MFG001;Maßnahmen des Familiengerichts bei Kindeswohlgef.
22522;Statistik der Pflegeerlaubnis, Vormundschaften etc;JAHR;Jahr;2014;DLAND;Bundesländer;01;Schleswig-Holstein;MNHFG1;Art der eingeleiteten Maßnahmen;MNH-SORGV;Vollst. Übertrag. d. Sorge auf Jugendamt o. Dritte;170;Anzahl;MFG001;Maßnahmen des Familiengerichts bei Kindeswohlgef.
22522;Statistik der Pflegeerlaubnis, Vormundschaften etc;JAHR;Jahr;2022;DLAND;Bundesländer;05;Nordrhein-Westfalen;MNHFG1;Art der eingeleiteten Maßnahmen;MNH-ERKL;Ersetzung von Erklärungen d. Sorgeberechtigten;501;Anzahl;MFG001;Maßnahmen des Familiengerichts bei Kindeswohlgef.
22522;Statistik der Pflegeerlaubnis, Vormundschaften etc;JAHR;Jahr;2013;DLAND;Bundesländer;16;Thüringen;MNHFG1;Art der eingeleiteten Maßnahmen;MNH-KJH;Inanspruchnahme v. Lstg. d. Kinder- u. Jugendhilfe;222;Anzahl;MFG001;Maßnahmen des Familiengerichts bei Kindeswohlgef.
22522;Statistik der Pflegeerlaubnis, Vormundschaften etc;JAHR;Jahr;2018;DLAND;Bundesländer;06;Hessen;MNHFG1;Art der eingeleiteten Maßnahmen;MNH-ERKL;Ersetzung von Erklärungen d. Sorgeberechtigten;70;Anzahl;MFG001;Maßnahmen des Familiengerichts bei Kindeswohlgef.
22522;Statistik der Pflegeerlaubnis, Vormundschaften etc;JAHR;Jahr;2021;DLAND;Bundesländer;15;Sachsen-Anhalt;MNHFG1;Art der eingeleiteten Maßnahmen;MNH-SORGV;Vollst. Übertrag. d. Sorge auf Jugendamt o. Dritte;269;Anzahl;MFG001;Maßnahmen des Familiengerichts bei Kindeswohlgef.
22522;Statistik der Pflegeerlaubnis, Vormundschaften etc;JAHR;Jahr;2016;DLAND;Bundesländer;09;Bayern;MNHFG1;Art der eingeleiteten Maßnahmen;MNH-KJH;Inanspruchnahme v. Lstg. d. Kinder- u. Jugendhilfe;943;Anzahl;MFG001;Maßnahmen des Familiengerichts bei Kindeswohlgef.
22522;Statistik der Pflegeerlaubnis, Vormundschaften etc;JAHR;Jahr;2016;DLAND;Bundesländer;14;Sachsen;MNHFG1;Art der eingeleiteten Maßnahmen;;Insgesamt;1841;Anzahl;MFG001;Maßnahmen des Familiengerichts bei Kindeswohlgef.
22522;Statistik der Pflegeerlaubnis, Vormundschaften etc;JAHR;Jahr;2013;DLAND;Bundesländer;04;Bremen;MNHFG1;Art der eingeleiteten Maßnahmen;MNH-GEVE;Ge- oder Verbote gg. Sorgeberechtigten o. Dritten;42;Anzahl;MFG001;Maßnahmen des Familiengerichts bei Kindeswohlgef.
22522;Statistik der Pflegeerlaubnis, Vormundschaften etc;JAHR;Jahr;2014;DLAND;Bundesländer;10;Saarland;MNHFG1;Art der eingeleiteten Maßnahmen;MNH-ERKL;Ersetzung von Erklärungen d. Sorgeberechtigten;24;Anzahl;MFG001;Maßnahmen des Familiengerichts bei Kindeswohlgef.
22522;Statistik der Pflegeerlaubnis, Vormundschaften etc;JAHR;Jahr;2018;DLAND;Bundesländer;04;Bremen;MNHFG1;Art der eingeleiteten Maßnahmen;MNH-SORGV;Vollst. Übertrag. d. Sorge auf Jugendamt o. Dritte;125;Anzahl;MFG001;Maßnahmen des Familiengerichts bei Kindeswohlgef.
22522;Statistik der Pflegeerlaubnis, Vormundschaften etc;JAHR;Jahr;2018;DLAND;Bundesländer;11;Berlin;MNHFG1;Art der eingeleiteten Maßnahmen;MNH-KJH;Inanspruchnahme v. Lstg. d. Kinder- u. Jugendhilfe;720;Anzahl;MFG001;Maßnahmen des Familiengerichts bei Kindeswohlgef.
22522;Statistik der Pflegeerlaubnis, Vormundschaften etc;JAHR;Jahr;2014;DLAND;Bundesländer;13;Mecklenburg-Vorpommern;MNHFG1;Art der eingeleiteten Maßnahmen;MNH-GEVE;Ge- oder Verbote gg. Sorgeberechtigten o. Dritten;31;Anzahl;MFG001;Maßnahmen des Familiengerichts bei Kindeswohlgef.
22522;Statistik der Pflegeerlaubnis, Vormundschaften etc;JAHR;Jahr;2018;DLAND;Bundesländer;09;Bayern;MNHFG1;Art der eingeleiteten Maßnahmen;MNH-GEVE;Ge- oder Verbote gg. Sorgeberechtigten o. Dritten;361;Anzahl;MFG001;Maßnahmen des Familiengerichts bei Kindeswohlgef.
22522;Statistik der Pflegeerlaubnis, Vormundschaften etc;JAHR;Jahr;2024;DLAND;Bundesländer;15;Sachsen-Anhalt;MNHFG1;Art der eingeleiteten Maßnahmen;MNH-SORGT;Teilw. Übertrag. d. Sorge auf Jugendamt o. Dritte;257;Anzahl;MFG001;Maßnahmen des Familiengerichts bei Kindeswohlgef.
22522;Statistik der Pflegeerlaubnis, Vormundschaften etc;JAHR;Jahr;2023;DLAND;Bundesländer;14;Sachsen;MNHFG1;Art der eingeleiteten Maßnahmen;MNH-ERKL;Ersetzung von Erklärungen d. Sorgeberechtigten;105;Anzahl;MFG001;Maßnahmen des Familiengerichts bei Kindeswohlgef.
22522;Statistik der Pflegeerlaubnis, Vormundschaften etc;JAHR;Jahr;2025;DLAND;Bundesländer;15;Sachsen-Anhalt;MNHFG1;Art der eingeleiteten Maßnahmen;MNH-SORGT;Teilw. Übertrag. d. Sorge auf Jugendamt o. Dritte;274;Anzahl;MFG001;Maßnahmen des Familiengerichts bei Kindeswohlgef.
22522;Statistik der Pflegeerlaubnis, Vormundschaften etc;JAHR;Jahr;2020;DLAND;Bundesländer;12;Brandenburg;MNHFG1;Art der eingeleiteten Maßnahmen;MNH-SORGT;Teilw. Übertrag. d. Sorge auf Jugendamt o. Dritte;306;Anzahl;MFG001;Maßnahmen des Familiengerichts bei Kindeswohlgef.
22522;Statistik der Pflegeerlaubnis, Vormundschaften etc;JAHR;Jahr;2022;DLAND;Bundesländer;08;Baden-Württemberg;MNHFG1;Art der eingeleiteten Maßnahmen;MNH-GEVE;Ge- oder Verbote gg. Sorgeberechtigten o. Dritten;435;Anzahl;MFG001;Maßnahmen des Familiengerichts bei Kindeswohlgef.
22522;Statistik der Pflegeerlaubnis, Vormundschaften etc;JAHR;Jahr;2019;DLAND;Bundesländer;15;Sachsen-Anhalt;MNHFG1;Art der eingeleiteten Maßnahmen;MNH-ERKL;Ersetzung von Erklärungen d. Sorgeberechtigten;25;Anzahl;MFG001;Maßnahmen des Familiengerichts bei Kindeswohlgef.
22522;Statistik der Pflegeerlaubnis, Vormundschaften etc;JAHR;Jahr;2012;DLAND;Bundesländer;08;Baden-Württemberg;MNHFG1;Art der eingeleiteten Maßnahmen;MNH-GEVE;Ge- oder Verbote gg. Sorgeberechtigten o. Dritten;247;Anzahl;MFG001;Maßnahmen des Familiengerichts bei Kindeswohlgef.
22522;Statistik der Pflegeerlaubnis, Vormundschaften etc;JAHR;Jahr;2023;DLAND;Bundesländer;04;Bremen;MNHFG1;Art der eingeleiteten Maßnahmen;MNH-GEVE;Ge- oder Verbote gg. Sorgeberechtigten o. Dritten;214;Anzahl;MFG001;Maßnahmen des Familiengerichts bei Kindeswohlgef.
22522;Statistik der Pflegeerlaubnis, Vormundschaften etc;JAHR;Jahr;2019;DLAND;Bundesländer;02;Hamburg;MNHFG1;Art der eingeleiteten Maßnahmen;MNH-ERKL;Ersetzung von Erklärungen d. Sorgeberechtigten;61;Anzahl;MFG001;Maßnahmen des Familiengerichts bei Kindeswohlgef.
22522;Statistik der Pflegeerlaubnis, Vormundschaften etc;JAHR;Jahr;2012;DLAND;Bundesländer;11;Berlin;MNHFG1;Art der eingeleiteten Maßnahmen;;Insgesamt;2787;Anzahl;MFG001;Maßnahmen des Familiengerichts bei Kindeswohlgef.
22522;Statistik der Pflegeerlaubnis, Vormundschaften etc;JAHR;Jahr;2015;DLAND;Bundesländer;02;Hamburg;MNHFG1;Art der eingeleiteten Maßnahmen;;Insgesamt;928;Anzahl;MFG001;Maßnahmen des Familiengerichts bei Kindeswohlgef.
22522;Statistik der Pflegeerlaubnis, Vormundschaften etc;JAHR;Jahr;2025;DLAND;Bundesländer;01;Schleswig-Holstein;MNHFG1;Art der eingeleiteten Maßnahmen;;Insgesamt;977;Anzahl;MFG001;Maßnahmen des Familiengerichts bei Kindeswohlgef.
22522;Statistik der Pflegeerlaubnis, Vormundschaften etc;JAHR;Jahr;2023;DLAND;Bundesländer;01;Schleswig-Holstein;MNHFG1;Art der eingeleiteten Maßnahmen;MNH-ERKL;Ersetzung von Erklärungen d. Sorgeberechtigten;51;Anzahl;MFG001;Maßnahmen des Familiengerichts bei Kindeswohlgef.
22522;Statistik der Pflegeerlaubnis, Vormundschaften etc;JAHR;Jahr;2022;DLAND;Bundesländer;10;Saarland;MNHFG1;Art der eingeleiteten Maßnahmen;;Insgesamt;375;Anzahl;MFG001;Maßnahmen des Familiengerichts bei Kindeswohlgef.
22522;Statistik der Pflegeerlaubnis, Vormundschaften etc;JAHR;Jahr;2012;DLAND;Bundesländer;05;Nordrhein-Westfalen;MNHFG1;Art der eingeleiteten Maßnahmen;MNH-ERKL;Ersetzung von Erklärungen d. Sorgeberechtigten;388;Anzahl;MFG001;Maßnahmen des Familiengerichts bei Kindeswohlgef.
22522;Statistik der Pflegeerlaubnis, Vormundschaften etc;JAHR;Jahr;2021;DLAND;Bundesländer;12;Brandenburg;MNHFG1;Art der eingeleiteten Maßnahmen;MNH-SORGT;Teilw. Übertrag. d. Sorge auf Jugendamt o. Dritte;231;Anzahl;MFG001;Maßnahmen des Familiengerichts bei Kindeswohlgef.
22522;Statistik der Pflegeerlaubnis, Vormundschaften etc;JAHR;Jahr;2019;DLAND;Bundesländer;05;Nordrhein-Westfalen;MNHFG1;Art der eingeleiteten Maßnahmen;MNH-GEVE;Ge- oder Verbote gg. Sorgeberechtigten o. Dritten;1333;Anzahl;MFG001;Maßnahmen des Familiengerichts bei Kindeswohlgef.
22522;Statistik der Pflegeerlaubnis, Vormundschaften etc;JAHR;Jahr;2019;DLAND;Bundesländer;11;Berlin;MNHFG1;Art der eingeleiteten Maßnahmen;MNH-SORGV;Vollst. Übertrag. d. Sorge auf Jugendamt o. Dritte;586;Anzahl;MFG001;Maßnahmen des Familiengerichts bei Kindeswohlgef.
22522;Statistik der Pflegeerlaubnis, Vormundschaften etc;JAHR;Jahr;2020;DLAND;Bundesländer;08;Baden-Württemberg;MNHFG1;Art der eingeleiteten Maßnahmen;;Insgesamt;2041;Anzahl;MFG001;Maßnahmen des Familiengerichts bei Kindeswohlgef.
22522;Statistik der Pflegeerlaubnis, Vormundschaften etc;JAHR;Jahr;2022;DLAND;Bundesländer;05;Nordrhein-Westfalen;MNHFG1;Art der eingeleiteten Maßnahmen;MNH-KJH;Inanspruchnahme v. Lstg. d. Kinder- u. Jugendhilfe;2309;Anzahl;MFG001;Maßnahmen des Familiengerichts bei Kindeswohlgef.
22522;Statistik der Pflegeerlaubnis, Vormundschaften etc;JAHR;Jahr;2020;DLAND;Bundesländer;15;Sachsen-Anhalt;MNHFG1;Art der eingeleiteten Maßnahmen;MNH-SORGV;Vollst. Übertrag. d. Sorge auf Jugendamt o. Dritte;222;Anzahl;MFG001;Maßnahmen des Familiengerichts bei Kindeswohlgef.
22522;Statistik der Pflegeerlaubnis, Vormundschaften etc;JAHR;Jahr;2024;DLAND;Bundesländer;10;Saarland;MNHFG1;Art der eingeleiteten Maßnahmen;MNH-ERKL;Ersetzung von Erklärungen d. Sorgeberechtigten;31;Anzahl;MFG001;Maßnahmen des Familiengerichts bei Kindeswohlgef.
22522;Statistik der Pflegeerlaubnis, Vormundschaften etc;JAHR;Jahr;2012;DLAND;Bundesländer;06;Hessen;MNHFG1;Art der eingeleiteten Maßnahmen;MNH-KJH;Inanspruchnahme v. Lstg. d. Kinder- u. Jugendhilfe;363;Anzahl;MFG001;Maßnahmen des Familiengerichts bei Kindeswohlgef.
22522;Statistik der Pflegeerlaubnis, Vormundschaften etc;JAHR;Jahr;2019;DLAND;Bundesländer;04;Bremen;MNHFG1;Art der eingeleiteten Maßnahmen;MNH-SORGV;Vollst. Übertrag. d. Sorge auf Jugendamt o. Dritte;163;Anzahl;MFG001;Maßnahmen des Familiengerichts bei Kindeswohlgef.
22522;Statistik der Pflegeerlaubnis, Vormundschaften etc;JAHR;Jahr;2013;DLAND;Bundesländer;14;Sachsen;MNHFG1;Art der eingeleiteten Maßnahmen;MNH-ERKL;Ersetzung von Erklärungen d. Sorgeberechtigten;101;Anzahl;MFG001;Maßnahmen des Familiengerichts bei Kindeswohlgef.
22522;Statistik der Pflegeerlaubnis, Vormundschaften etc;JAHR;Jahr;2016;DLAND;Bundesländer;12;Brandenburg;MNHFG1;Art der eingeleiteten Maßnahmen;;Insgesamt;1375;Anzahl;MFG001;Maßnahmen des Familiengerichts bei Kindeswohlgef.
22522;Statistik der Pflegeerlaubnis, Vormundschaften etc;JAHR;Jahr;2024;DLAND;Bundesländer;13;Mecklenburg-Vorpommern;MNHFG1;Art der eingeleiteten Maßnahmen;MNH-GEVE;Ge- oder Verbote gg. Sorgeberechtigten o. Dritten;40;Anzahl;MFG001;Maßnahmen des Familiengerichts bei Kindeswohlgef.
22522;Statistik der Pflegeerlaubnis, Vormundschaften etc;JAHR;Jahr;2024;DLAND;Bundesländer;09;Bayern;MNHFG1;Art der eingeleiteten Maßnahmen;;Insgesamt;3202;Anzahl;MFG001;Maßnahmen des Familiengerichts bei Kindeswohlgef.
22522;Statistik der Pflegeerlaubnis, Vormundschaften etc;JAHR;Jahr;2016;DLAND;Bundesländer;07;Rheinland-Pfalz;MNHFG1;Art der eingeleiteten Maßnahmen;MNH-KJH;Inanspruchnahme v. Lstg. d. Kinder- u. Jugendhilfe;472;Anzahl;MFG001;Maßnahmen des Familiengerichts bei Kindeswohlgef.
22522;Statistik der Pflegeerlaubnis, Vormundschaften etc;JAHR;Jahr;2017;DLAND;Bundesländer;01;Schleswig-Holstein;MNHFG1;Art der eingeleiteten Maßnahmen;MNH-SORGT;Teilw. Übertrag. d. Sorge auf Jugendamt o. Dritte;217;Anzahl;MFG001;Maßnahmen des Familiengerichts bei Kindeswohlgef.
22522;Statistik der Pflegeerlaubnis, Vormundschaften etc;JAHR;Jahr;2023;DLAND;Bundesländer;15;Sachsen-Anhalt;MNHFG1;Art der eingeleiteten Maßnahmen;MNH-SORGT;Teilw. Übertrag. d. Sorge auf Jugendamt o. Dritte;274;Anzahl;MFG001;Maßnahmen des Familiengerichts bei Kindeswohlgef.
22522;Statistik der Pflegeerlaubnis, Vormundschaften etc;JAHR;Jahr;2020;DLAND;Bundesländer;08;Baden-Württemberg;MNHFG1;Art der eingeleiteten Maßnahmen;MNH-SORGV;Vollst. Übertrag. d. Sorge auf Jugendamt o. Dritte;407;Anzahl;MFG001;Maßnahmen des Familiengerichts bei Kindeswohlgef.
22522;Statistik der Pflegeerlaubnis, Vormundschaften etc;JAHR;Jahr;2023;DLAND;Bundesländer;15;Sachsen-Anhalt;MNHFG1;Art der eingeleiteten Maßnahmen;MNH-KJH;Inanspruchnahme v. Lstg. d. Kinder- u. Jugendhilfe;209;Anzahl;MFG001;Maßnahmen des Familiengerichts bei Kindeswohlgef.
22522;Statistik der Pflegeerlaubnis, Vormundschaften etc;JAHR;Jahr;2024;DLAND;Bundesländer;05;Nordrhein-Westfalen;MNHFG1;Art der eingeleiteten Maßnahmen;MNH-ERKL;Ersetzung von Erklärungen d. Sorgeberechtigten;515;Anzahl;MFG001;Maßnahmen des Familiengerichts bei Kindeswohlgef.
22522;Statistik der Pflegeerlaubnis, Vormundschaften etc;JAHR;Jahr;2023;DLAND;Bundesländer;15;Sachsen-Anhalt;MNHFG1;Art der eingeleiteten Maßnahmen;MNH-SORGV;Vollst. Übertrag. d. Sorge auf Jugendamt o. Dritte;251;Anzahl;MFG001;Maßnahmen des Familiengerichts bei Kindeswohlgef.
22522;Statistik der Pflegeerlaubnis, Vormundschaften etc;JAHR;Jahr;2020;DLAND;Bundesländer;08;Baden-Württemberg;MNHFG1;Art der eingeleiteten Maßnahmen;MNH-GEVE;Ge- oder Verbote gg. Sorgeberechtigten o. Dritten;332;Anzahl;MFG001;Maßnahmen des Familiengerichts bei Kindeswohlgef.
22522;Statistik der Pflegeerlaubnis, Vormundschaften etc;JAHR;Jahr;2018;DLAND;Bundesländer;13;Mecklenburg-Vorpommern;MNHFG1;Art der eingeleiteten Maßnahmen;MNH-KJH;Inanspruchnahme v. Lstg. d. Kinder- u. Jugendhilfe;94;Anzahl;MFG001;Maßnahmen des Familiengerichts bei Kindeswohlgef.
22522;Statistik der Pflegeerlaubnis, Vormundschaften etc;JAHR;Jahr;2016;DLAND;Bundesländer;10;Saarland;MNHFG1;Art der eingeleiteten Maßnahmen;MNH-ERKL;Ersetzung von Erklärungen d. Sorgeberechtigten;54;Anzahl;MFG001;Maßnahmen des Familiengerichts bei Kindeswohlgef.
22522;Statistik der Pflegeerlaubnis, Vormundschaften etc;JAHR;Jahr;2013;DLAND;Bundesländer;16;Thüringen;MNHFG1;Art der eingeleiteten Maßnahmen;MNH-SORGT;Teilw. Übertrag. d. Sorge auf Jugendamt o. Dritte;265;Anzahl;MFG001;Maßnahmen des Familiengerichts bei Kindeswohlgef.
22522;Statistik der Pflegeerlaubnis, Vormundschaften etc;JAHR;Jahr;2017;DLAND;Bundesländer;03;Niedersachsen;MNHFG1;Art der eingeleiteten Maßnahmen;MNH-KJH;Inanspruchnahme v. Lstg. d. Kinder- u. Jugendhilfe;600;Anzahl;MFG001;Maßnahmen des Familiengerichts bei Kindeswohlgef.
22522;Statistik der Pflegeerlaubnis, Vormundschaften etc;JAHR;Jahr;2021;DLAND;Bundesländer;08;Baden-Württemberg;MNHFG1;Art der eingeleiteten Maßnahmen;MNH-SORGV;Vollst. Übertrag. d. Sorge auf Jugendamt o. Dritte;410;Anzahl;MFG001;Maßnahmen des Familiengerichts bei Kindeswohlgef.
22522;Statistik der Pflegeerlaubnis, Vormundschaften etc;JAHR;Jahr;2016;DLAND;Bundesländer;01;Schleswig-Holstein;MNHFG1;Art der eingeleiteten Maßnahmen;MNH-SORGT;Teilw. Übertrag. d. Sorge auf Jugendamt o. Dritte;250;Anzahl;MFG001;Maßnahmen des Familiengerichts bei Kindeswohlgef.
22522;Statistik der Pflegeerlaubnis, Vormundschaften etc;JAHR;Jahr;2016;DLAND;Bundesländer;09;Bayern;MNHFG1;Art der eingeleiteten Maßnahmen;MNH-GEVE;Ge- oder Verbote gg. Sorgeberechtigten o. Dritten;428;Anzahl;MFG001;Maßnahmen des Familiengerichts bei Kindeswohlgef.
22522;Statistik der Pflegeerlaubnis, Vormundschaften etc;JAHR;Jahr;2013;DLAND;Bundesländer;01;Schleswig-Holstein;MNHFG1;Art der eingeleiteten Maßnahmen;MNH-SORGV;Vollst. Übertrag. d. Sorge auf Jugendamt o. Dritte;179;Anzahl;MFG001;Maßnahmen des Familiengerichts bei Kindeswohlgef.
22522;Statistik der Pflegeerlaubnis, Vormundschaften etc;JAHR;Jahr;2024;DLAND;Bundesländer;08;Baden-Württemberg;MNHFG1;Art der eingeleiteten Maßnahmen;MNH-SORGT;Teilw. Übertrag. d. Sorge auf Jugendamt o. Dritte;628;Anzahl;MFG001;Maßnahmen des Familiengerichts bei Kindeswohlgef.
22522;Statistik der Pflegeerlaubnis, Vormundschaften etc;JAHR;Jahr;2018;DLAND;Bundesländer;11;Berlin;MNHFG1;Art der eingeleiteten Maßnahmen;MNH-SORGV;Vollst. Übertrag. d. Sorge auf Jugendamt o. Dritte;675;Anzahl;MFG001;Maßnahmen des Familiengerichts bei Kindeswohlgef.
22522;Statistik der Pflegeerlaubnis, Vormundschaften etc;JAHR;Jahr;2022;DLAND;Bundesländer;01;Schleswig-Holstein;MNHFG1;Art der eingeleiteten Maßnahmen;MNH-KJH;Inanspruchnahme v. Lstg. d. Kinder- u. Jugendhilfe;233;Anzahl;MFG001;Maßnahmen des Familiengerichts bei Kindeswohlgef.
22522;Statistik der Pflegeerlaubnis, Vormundschaften etc;JAHR;Jahr;2012;DLAND;Bundesländer;13;Mecklenburg-Vorpommern;MNHFG1;Art der eingeleiteten Maßnahmen;MNH-GEVE;Ge- oder Verbote gg. Sorgeberechtigten o. Dritten;27;Anzahl;MFG001;Maßnahmen des Familiengerichts bei Kindeswohlgef.
22522;Statistik der Pflegeerlaubnis, Vormundschaften etc;JAHR;Jahr;2019;DLAND;Bundesländer;09;Bayern;MNHFG1;Art der eingeleiteten Maßnahmen;;Insgesamt;3112;Anzahl;MFG001;Maßnahmen des Familiengerichts bei Kindeswohlgef.
22522;Statistik der Pflegeerlaubnis, Vormundschaften etc;JAHR;Jahr;2025;DLAND;Bundesländer;14;Sachsen;MNHFG1;Art der eingeleiteten Maßnahmen;MNH-ERKL;Ersetzung von Erklärungen d. Sorgeberechtigten;79;Anzahl;MFG001;Maßnahmen des Familiengerichts bei Kindeswohlgef.
22522;Statistik der Pflegeerlaubnis, Vormundschaften etc;JAHR;Jahr;2021;DLAND;Bundesländer;09;Bayern;MNHFG1;Art der eingeleiteten Maßnahmen;MNH-ERKL;Ersetzung von Erklärungen d. Sorgeberechtigten;134;Anzahl;MFG001;Maßnahmen des Familiengerichts bei Kindeswohlgef.
22522;Statistik der Pflegeerlaubnis, Vormundschaften etc;JAHR;Jahr;2022;DLAND;Bundesländer;15;Sachsen-Anhalt;MNHFG1;Art der eingeleiteten Maßnahmen;MNH-SORGT;Teilw. Übertrag. d. Sorge auf Jugendamt o. Dritte;296;Anzahl;MFG001;Maßnahmen des Familiengerichts bei Kindeswohlgef.
22522;Statistik der Pflegeerlaubnis, Vormundschaften etc;JAHR;Jahr;2020;DLAND;Bundesländer;06;Hessen;MNHFG1;Art der eingeleiteten Maßnahmen;;Insgesamt;1525;Anzahl;MFG001;Maßnahmen des Familiengerichts bei Kindeswohlgef.
22522;Statistik der Pflegeerlaubnis, Vormundschaften etc;JAHR;Jahr;2017;DLAND;Bundesländer;11;Berlin;MNHFG1;Art der eingeleiteten Maßnahmen;MNH-SORGV;Vollst. Übertrag. d. Sorge auf Jugendamt o. Dritte;668;Anzahl;MFG001;Maßnahmen des Familiengerichts bei Kindeswohlgef.
22522;Statistik der Pflegeerlaubnis, Vormundschaften etc;JAHR;Jahr;2025;DLAND;Bundesländer;01;Schleswig-Holstein;MNHFG1;Art der eingeleiteten Maßnahmen;MNH-ERKL;Ersetzung von Erklärungen d. Sorgeberechtigten;55;Anzahl;MFG001;Maßnahmen des Familiengerichts bei Kindeswohlgef.
22522;Statistik der Pflegeerlaubnis, Vormundschaften etc;JAHR;Jahr;2015;DLAND;Bundesländer;14;Sachsen;MNHFG1;Art der eingeleiteten Maßnahmen;MNH-ERKL;Ersetzung von Erklärungen d. Sorgeberechtigten;101;Anzahl;MFG001;Maßnahmen des Familiengerichts bei Kindeswohlgef.
22522;Statistik der Pflegeerlaubnis, Vormundschaften etc;JAHR;Jahr;2015;DLAND;Bundesländer;01;Schleswig-Holstein;MNHFG1;Art der eingeleiteten Maßnahmen;MNH-SORGT;Teilw. Übertrag. d. Sorge auf Jugendamt o. Dritte;235;Anzahl;MFG001;Maßnahmen des Familiengerichts bei Kindeswohlgef.
22522;Statistik der Pflegeerlaubnis, Vormundschaften etc;JAHR;Jahr;2022;DLAND;Bundesländer;08;Baden-Württemberg;MNHFG1;Art der eingeleiteten Maßnahmen;MNH-SORGV;Vollst. Übertrag. d. Sorge auf Jugendamt o. Dritte;632;Anzahl;MFG001;Maßnahmen des Familiengerichts bei Kindeswohlgef.
22522;Statistik der Pflegeerlaubnis, Vormundschaften etc;JAHR;Jahr;2014;DLAND;Bundesländer;05;Nordrhein-Westfalen;MNHFG1;Art der eingeleiteten Maßnahmen;MNH-ERKL;Ersetzung von Erklärungen d. Sorgeberechtigten;476;Anzahl;MFG001;Maßnahmen des Familiengerichts bei Kindeswohlgef.
22522;Statistik der Pflegeerlaubnis, Vormundschaften etc;JAHR;Jahr;2024;DLAND;Bundesländer;15;Sachsen-Anhalt;MNHFG1;Art der eingeleiteten Maßnahmen;MNH-SORGV;Vollst. Übertrag. d. Sorge auf Jugendamt o. Dritte;307;Anzahl;MFG001;Maßnahmen des Familiengerichts bei Kindeswohlgef.
22522;Statistik der Pflegeerlaubnis, Vormundschaften etc;JAHR;Jahr;2012;DLAND;Bundesländer;04;Bremen;MNHFG1;Art der eingeleiteten Maßnahmen;MNH-KJH;Inanspruchnahme v. Lstg. d. Kinder- u. Jugendhilfe;126;Anzahl;MFG001;Maßnahmen des Familiengerichts bei Kindeswohlgef.
22522;Statistik der Pflegeerlaubnis, Vormundschaften etc;JAHR;Jahr;2021;DLAND;Bundesländer;02;Hamburg;MNHFG1;Art der eingeleiteten Maßnahmen;;Insgesamt;1025;Anzahl;MFG001;Maßnahmen des Familiengerichts bei Kindeswohlgef.
22522;Statistik der Pflegeerlaubnis, Vormundschaften etc;JAHR;Jahr;2014;DLAND;Bundesländer;08;Baden-Württemberg;MNHFG1;Art der eingeleiteten Maßnahmen;;Insgesamt;2237;Anzahl;MFG001;Maßnahmen des Familiengerichts bei Kindeswohlgef.
22522;Statistik der Pflegeerlaubnis, Vormundschaften etc;JAHR;Jahr;2012;DLAND;Bundesländer;16;Thüringen;MNHFG1;Art der eingeleiteten Maßnahmen;MNH-SORGT;Teilw. Übertrag. d. Sorge auf Jugendamt o. Dritte;185;Anzahl;MFG001;Maßnahmen des Familiengerichts bei Kindeswohlgef.
22522;Statistik der Pflegeerlaubnis, Vormundschaften etc;JAHR;Jahr;2013;DLAND;Bundesländer;14;Sachsen;MNHFG1;Art der eingeleiteten Maßnahmen;MNH-KJH;Inanspruchnahme v. Lstg. d. Kinder- u. Jugendhilfe;472;Anzahl;MFG001;Maßnahmen des Familiengerichts bei Kindeswohlgef.
22522;Statistik der Pflegeerlaubnis, Vormundschaften etc;JAHR;Jahr;2017;DLAND;Bundesländer;05;Nordrhein-Westfalen;MNHFG1;Art der eingeleiteten Maßnahmen;MNH-GEVE;Ge- oder Verbote gg. Sorgeberechtigten o. Dritten;1061;Anzahl;MFG001;Maßnahmen des Familiengerichts bei Kindeswohlgef.
22522;Statistik der Pflegeerlaubnis, Vormundschaften etc;JAHR;Jahr;2021;DLAND;Bundesländer;16;Thüringen;MNHFG1;Art der eingeleiteten Maßnahmen;;Insgesamt;779;Anzahl;MFG001;Maßnahmen des Familiengerichts bei Kindeswohlgef.
22522;Statistik der Pflegeerlaubnis, Vormundschaften etc;JAHR;Jahr;2025;DLAND;Bundesländer;08;Baden-Württemberg;MNHFG1;Art der eingeleiteten Maßnahmen;MNH-SORGT;Teilw. Übertrag. d. Sorge auf Jugendamt o. Dritte;594;Anzahl;MFG001;Maßnahmen des Familiengerichts bei Kindeswohlgef.
22522;Statistik der Pflegeerlaubnis, Vormundschaften etc;JAHR;Jahr;2022;DLAND;Bundesländer;13;Mecklenburg-Vorpommern;MNHFG1;Art der eingeleiteten Maßnahmen;MNH-GEVE;Ge- oder Verbote gg. Sorgeberechtigten o. Dritten;31;Anzahl;MFG001;Maßnahmen des Familiengerichts bei Kindeswohlgef.
22522;Statistik der Pflegeerlaubnis, Vormundschaften etc;JAHR;Jahr;2012;DLAND;Bundesländer;01;Schleswig-Holstein;MNHFG1;Art der eingeleiteten Maßnahmen;MNH-SORGV;Vollst. Übertrag. d. Sorge auf Jugendamt o. Dritte;167;Anzahl;MFG001;Maßnahmen des Familiengerichts bei Kindeswohlgef.
22522;Statistik der Pflegeerlaubnis, Vormundschaften etc;JAHR;Jahr;2022;DLAND;Bundesländer;07;Rheinland-Pfalz;MNHFG1;Art der eingeleiteten Maßnahmen;MNH-KJH;Inanspruchnahme v. Lstg. d. Kinder- u. Jugendhilfe;475;Anzahl;MFG001;Maßnahmen des Familiengerichts bei Kindeswohlgef.
22522;Statistik der Pflegeerlaubnis, Vormundschaften etc;JAHR;Jahr;2022;DLAND;Bundesländer;12;Brandenburg;MNHFG1;Art der eingeleiteten Maßnahmen;;Insgesamt;861;Anzahl;MFG001;Maßnahmen des Familiengerichts bei Kindeswohlgef.
22522;Statistik der Pflegeerlaubnis, Vormundschaften etc;JAHR;Jahr;2021;DLAND;Bundesländer;04;Bremen;MNHFG1;Art der eingeleiteten Maßnahmen;MNH-GEVE;Ge- oder Verbote gg. Sorgeberechtigten o. Dritten;250;Anzahl;MFG001;Maßnahmen des Familiengerichts bei Kindeswohlgef.
22522;Statistik der Pflegeerlaubnis, Vormundschaften etc;JAHR;Jahr;2014;DLAND;Bundesländer;10;Saarland;MNHFG1;Art der eingeleiteten Maßnahmen;MNH-KJH;Inanspruchnahme v. Lstg. d. Kinder- u. Jugendhilfe;110;Anzahl;MFG001;Maßnahmen des Familiengerichts bei Kindeswohlgef.
22522;Statistik der Pflegeerlaubnis, Vormundschaften etc;JAHR;Jahr;2015;DLAND;Bundesländer;04;Bremen;MNHFG1;Art der eingeleiteten Maßnahmen;;Insgesamt;482;Anzahl;MFG001;Maßnahmen des Familiengerichts bei Kindeswohlgef.
22522;Statistik der Pflegeerlaubnis, Vormundschaften etc;JAHR;Jahr;2025;DLAND;Bundesländer;07;Rheinland-Pfalz;MNHFG1;Art der eingeleiteten Maßnahmen;;Insgesamt;1784;Anzahl;MFG001;Maßnahmen des Familiengerichts bei Kindeswohlgef.
22522;Statistik der Pflegeerlaubnis, Vormundschaften etc;JAHR;Jahr;2012;DLAND;Bundesländer;15;Sachsen-Anhalt;MNHFG1;Art der eingeleiteten Maßnahmen;;Insgesamt;558;Anzahl;MFG001;Maßnahmen des Familiengerichts bei Kindeswohlgef.
22522;Statistik der Pflegeerlaubnis, Vormundschaften etc;JAHR;Jahr;2014;DLAND;Bundesländer;01;Schleswig-Holstein;MNHFG1;Art der eingeleiteten Maßnahmen;MNH-SORGT;Teilw. Übertrag. d. Sorge auf Jugendamt o. Dritte;244;Anzahl;MFG001;Maßnahmen des Familiengerichts bei Kindeswohlgef.
22522;Statistik der Pflegeerlaubnis, Vormundschaften etc;JAHR;Jahr;2015;DLAND;Bundesländer;08;Baden-Württemberg;MNHFG1;Art der eingeleiteten Maßnahmen;;Insgesamt;2094;Anzahl;MFG001;Maßnahmen des Familiengerichts bei Kindeswohlgef.
22522;Statistik der Pflegeerlaubnis, Vormundschaften etc;JAHR;Jahr;2013;DLAND;Bundesländer;09;Bayern;MNHFG1;Art der eingeleiteten Maßnahmen;MNH-ERKL;Ersetzung von Erklärungen d. Sorgeberechtigten;264;Anzahl;MFG001;Maßnahmen des Familiengerichts bei Kindeswohlgef.
22522;Statistik der Pflegeerlaubnis, Vormundschaften etc;JAHR;Jahr;2024;DLAND;Bundesländer;12;Brandenburg;MNHFG1;Art der eingeleiteten Maßnahmen;MNH-SORGT;Teilw. Übertrag. d. Sorge auf Jugendamt o. Dritte;242;Anzahl;MFG001;Maßnahmen des Familiengerichts bei Kindeswohlgef.
22522;Statistik der Pflegeerlaubnis, Vormundschaften etc;JAHR;Jahr;2018;DLAND;Bundesländer;04;Bremen;MNHFG1;Art der eingeleiteten Maßnahmen;MNH-SORGT;Teilw. Übertrag. d. Sorge auf Jugendamt o. Dritte;192;Anzahl;MFG001;Maßnahmen des Familiengerichts bei Kindeswohlgef.
22522;Statistik der Pflegeerlaubnis, Vormundschaften etc;JAHR;Jahr;2021;DLAND;Bundesländer;12;Brandenburg;MNHFG1;Art der eingeleiteten Maßnahmen;MNH-SORGV;Vollst. Übertrag. d. Sorge auf Jugendamt o. Dritte;174;Anzahl;MFG001;Maßnahmen des Familiengerichts bei Kindeswohlgef.
22522;Statistik der Pflegeerlaubnis, Vormundschaften etc;JAHR;Jahr;2015;DLAND;Bundesländer;04;Bremen;MNHFG1;Art der eingeleiteten Maßnahmen;MNH-SORGV;Vollst. Übertrag. d. Sorge auf Jugendamt o. Dritte;68;Anzahl;MFG001;Maßnahmen des Familiengerichts bei Kindeswohlgef.
22522;Statistik der Pflegeerlaubnis, Vormundschaften etc;JAHR;Jahr;2017;DLAND;Bundesländer;10;Saarland;MNHFG1;Art der eingeleiteten Maßnahmen;;Insgesamt;616;Anzahl;MFG001;Maßnahmen des Familiengerichts bei Kindeswohlgef.
22522;Statistik der Pflegeerlaubnis, Vormundschaften etc;JAHR;Jahr;2013;DLAND;Bundesländer;09;Bayern;MNHFG1;Art der eingeleiteten Maßnahmen;MNH-SORGT;Teilw. Übertrag. d. Sorge auf Jugendamt o. Dritte;1264;Anzahl;MFG001;Maßnahmen des Familiengerichts bei Kindeswohlgef.
22522;Statistik der Pflegeerlaubnis, Vormundschaften etc;JAHR;Jahr;2021;DLAND;Bundesländer;09;Bayern;MNHFG1;Art der eingeleiteten Maßnahmen;MNH-KJH;Inanspruchnahme v. Lstg. d. Kinder- u. Jugendhilfe;642;Anzahl;MFG001;Maßnahmen des Familiengerichts bei Kindeswohlgef.
22522;Statistik der Pflegeerlaubnis, Vormundschaften etc;JAHR;Jahr;2014;DLAND;Bundesländer;09;Bayern;MNHFG1;Art der eingeleiteten Maßnahmen;MNH-GEVE;Ge- oder Verbote gg. Sorgeberechtigten o. Dritten;442;Anzahl;MFG001;Maßnahmen des Familiengerichts bei Kindeswohlgef.
22522;Statistik der Pflegeerlaubnis, Vormundschaften etc;JAHR;Jahr;2013;DLAND;Bundesländer;10;Saarland;MNHFG1;Art der eingeleiteten Maßnahmen;MNH-KJH;Inanspruchnahme v. Lstg. d. Kinder- u. Jugendhilfe;137;Anzahl;MFG001;Maßnahmen des Familiengerichts bei Kindeswohlgef.
22522;Statistik der Pflegeerlaubnis, Vormundschaften etc;JAHR;Jahr;2025;DLAND;Bundesländer;15;Sachsen-Anhalt;MNHFG1;Art der eingeleiteten Maßnahmen;MNH-SORGV;Vollst. Übertrag. d. Sorge auf Jugendamt o. Dritte;317;Anzahl;MFG001;Maßnahmen des Familiengerichts bei Kindeswohlgef.
22522;Statistik der Pflegeerlaubnis, Vormundschaften etc;JAHR;Jahr;2014;DLAND;Bundesländer;06;Hessen;MNHFG1;Art der eingeleiteten Maßnahmen;MNH-ERKL;Ersetzung von Erklärungen d. Sorgeberechtigten;46;Anzahl;MFG001;Maßnahmen des Familiengerichts bei Kindeswohlgef.
22522;Statistik der Pflegeerlaubnis, Vormundschaften etc;JAHR;Jahr;2016;DLAND;Bundesländer;03;Niedersachsen;MNHFG1;Art der eingeleiteten Maßnahmen;MNH-KJH;Inanspruchnahme v. Lstg. d. Kinder- u. Jugendhilfe;711;Anzahl;MFG001;Maßnahmen des Familiengerichts bei Kindeswohlgef.
22522;Statistik der Pflegeerlaubnis, Vormundschaften etc;JAHR;Jahr;2016;DLAND;Bundesländer;08;Baden-Württemberg;MNHFG1;Art der eingeleiteten Maßnahmen;MNH-GEVE;Ge- oder Verbote gg. Sorgeberechtigten o. Dritten;271;Anzahl;MFG001;Maßnahmen des Familiengerichts bei Kindeswohlgef.
22522;Statistik der Pflegeerlaubnis, Vormundschaften etc;JAHR;Jahr;2021;DLAND;Bundesländer;13;Mecklenburg-Vorpommern;MNHFG1;Art der eingeleiteten Maßnahmen;MNH-ERKL;Ersetzung von Erklärungen d. Sorgeberechtigten;11;Anzahl;MFG001;Maßnahmen des Familiengerichts bei Kindeswohlgef.
22522;Statistik der Pflegeerlaubnis, Vormundschaften etc;JAHR;Jahr;2013;DLAND;Bundesländer;12;Brandenburg;MNHFG1;Art der eingeleiteten Maßnahmen;MNH-KJH;Inanspruchnahme v. Lstg. d. Kinder- u. Jugendhilfe;280;Anzahl;MFG001;Maßnahmen des Familiengerichts bei Kindeswohlgef.
22522;Statistik der Pflegeerlaubnis, Vormundschaften etc;JAHR;Jahr;2014;DLAND;Bundesländer;16;Thüringen;MNHFG1;Art der eingeleiteten Maßnahmen;MNH-SORGT;Teilw. Übertrag. d. Sorge auf Jugendamt o. Dritte;264;Anzahl;MFG001;Maßnahmen des Familiengerichts bei Kindeswohlgef.
22522;Statistik der Pflegeerlaubnis, Vormundschaften etc;JAHR;Jahr;2017;DLAND;Bundesländer;14;Sachsen;MNHFG1;Art der eingeleiteten Maßnahmen;MNH-ERKL;Ersetzung von Erklärungen d. Sorgeberechtigten;338;Anzahl;MFG001;Maßnahmen des Familiengerichts bei Kindeswohlgef.
22522;Statistik der Pflegeerlaubnis, Vormundschaften etc;JAHR;Jahr;2023;DLAND;Bundesländer;11;Berlin;MNHFG1;Art der eingeleiteten Maßnahmen;MNH-KJH;Inanspruchnahme v. Lstg. d. Kinder- u. Jugendhilfe;240;Anzahl;MFG001;Maßnahmen des Familiengerichts bei Kindeswohlgef.
22522;Statistik der Pflegeerlaubnis, Vormundschaften etc;JAHR;Jahr;2016;DLAND;Bundesländer;16;Thüringen;MNHFG1;Art der eingeleiteten Maßnahmen;MNH-SORGT;Teilw. Übertrag. d. Sorge auf Jugendamt o. Dritte;333;Anzahl;MFG001;Maßnahmen des Familiengerichts bei Kindeswohlgef.
22522;Statistik der Pflegeerlaubnis, Vormundschaften etc;JAHR;Jahr;2018;DLAND;Bundesländer;07;Rheinland-Pfalz;MNHFG1;Art der eingeleiteten Maßnahmen;MNH-SORGV;Vollst. Übertrag. d. Sorge auf Jugendamt o. Dritte;407;Anzahl;MFG001;Maßnahmen des Familiengerichts bei Kindeswohlgef.
22522;Statistik der Pflegeerlaubnis, Vormundschaften etc;JAHR;Jahr;2013;DLAND;Bundesländer;16;Thüringen;MNHFG1;Art der eingeleiteten Maßnahmen;MNH-SORGV;Vollst. Übertrag. d. Sorge auf Jugendamt o. Dritte;179;Anzahl;MFG001;Maßnahmen des Familiengerichts bei Kindeswohlgef.
22522;Statistik der Pflegeerlaubnis, Vormundschaften etc;JAHR;Jahr;2020;DLAND;Bundesländer;15;Sachsen-Anhalt;MNHFG1;Art der eingeleiteten Maßnahmen;MNH-SORGT;Teilw. Übertrag. d. Sorge auf Jugendamt o. Dritte;284;Anzahl;MFG001;Maßnahmen des Familiengerichts bei Kindeswohlgef.
22522;Statistik der Pflegeerlaubnis, Vormundschaften etc;JAHR;Jahr;2024;DLAND;Bundesländer;11;Berlin;MNHFG1;Art der eingeleiteten Maßnahmen;MNH-KJH;Inanspruchnahme v. Lstg. d. Kinder- u. Jugendhilfe;247;Anzahl;MFG001;Maßnahmen des Familiengerichts bei Kindeswohlgef.
22522;Statistik der Pflegeerlaubnis, Vormundschaften etc;JAHR;Jahr;2020;DLAND;Bundesländer;08;Baden-Württemberg;MNHFG1;Art der eingeleiteten Maßnahmen;MNH-SORGT;Teilw. Übertrag. d. Sorge auf Jugendamt o. Dritte;536;Anzahl;MFG001;Maßnahmen des Familiengerichts bei Kindeswohlgef.
22522;Statistik der Pflegeerlaubnis, Vormundschaften etc;JAHR;Jahr;2020;DLAND;Bundesländer;07;Rheinland-Pfalz;MNHFG1;Art der eingeleiteten Maßnahmen;MNH-GEVE;Ge- oder Verbote gg. Sorgeberechtigten o. Dritten;330;Anzahl;MFG001;Maßnahmen des Familiengerichts bei Kindeswohlgef.
22522;Statistik der Pflegeerlaubnis, Vormundschaften etc;JAHR;Jahr;2023;DLAND;Bundesländer;01;Schleswig-Holstein;MNHFG1;Art der eingeleiteten Maßnahmen;MNH-KJH;Inanspruchnahme v. Lstg. d. Kinder- u. Jugendhilfe;241;Anzahl;MFG001;Maßnahmen des Familiengerichts bei Kindeswohlgef.
22522;Statistik der Pflegeerlaubnis, Vormundschaften etc;JAHR;Jahr;2021;DLAND;Bundesländer;04;Bremen;MNHFG1;Art der eingeleiteten Maßnahmen;;Insgesamt;1170;Anzahl;MFG001;Maßnahmen des Familiengerichts bei Kindeswohlgef.
22522;Statistik der Pflegeerlaubnis, Vormundschaften etc;JAHR;Jahr;2021;DLAND;Bundesländer;16;Thüringen;MNHFG1;Art der eingeleiteten Maßnahmen;MNH-GEVE;Ge- oder Verbote gg. Sorgeberechtigten o. Dritten;110;Anzahl;MFG001;Maßnahmen des Familiengerichts bei Kindeswohlgef.
22522;Statistik der Pflegeerlaubnis, Vormundschaften etc;JAHR;Jahr;2017;DLAND;Bundesländer;13;Mecklenburg-Vorpommern;MNHFG1;Art der eingeleiteten Maßnahmen;MNH-KJH;Inanspruchnahme v. Lstg. d. Kinder- u. Jugendhilfe;116;Anzahl;MFG001;Maßnahmen des Familiengerichts bei Kindeswohlgef.
22522;Statistik der Pflegeerlaubnis, Vormundschaften etc;JAHR;Jahr;2022;DLAND;Bundesländer;14;Sachsen;MNHFG1;Art der eingeleiteten Maßnahmen;;Insgesamt;1415;Anzahl;MFG001;Maßnahmen des Familiengerichts bei Kindeswohlgef.
22522;Statistik der Pflegeerlaubnis, Vormundschaften etc;JAHR;Jahr;2021;DLAND;Bundesländer;05;Nordrhein-Westfalen;MNHFG1;Art der eingeleiteten Maßnahmen;MNH-SORGT;Teilw. Übertrag. d. Sorge auf Jugendamt o. Dritte;2324;Anzahl;MFG001;Maßnahmen des Familiengerichts bei Kindeswohlgef.
22522;Statistik der Pflegeerlaubnis, Vormundschaften etc;JAHR;Jahr;2017;DLAND;Bundesländer;12;Brandenburg;MNHFG1;Art der eingeleiteten Maßnahmen;;Insgesamt;1070;Anzahl;MFG001;Maßnahmen des Familiengerichts bei Kindeswohlgef.
22522;Statistik der Pflegeerlaubnis, Vormundschaften etc;JAHR;Jahr;2015;DLAND;Bundesländer;04;Bremen;MNHFG1;Art der eingeleiteten Maßnahmen;MNH-GEVE;Ge- oder Verbote gg. Sorgeberechtigten o. Dritten;39;Anzahl;MFG001;Maßnahmen des Familiengerichts bei Kindeswohlgef.
22522;Statistik der Pflegeerlaubnis, Vormundschaften etc;JAHR;Jahr;2019;DLAND;Bundesländer;01;Schleswig-Holstein;MNHFG1;Art der eingeleiteten Maßnahmen;MNH-SORGT;Teilw. Übertrag. d. Sorge auf Jugendamt o. Dritte;258;Anzahl;MFG001;Maßnahmen des Familiengerichts bei Kindeswohlgef.
22522;Statistik der Pflegeerlaubnis, Vormundschaften etc;JAHR;Jahr;2020;DLAND;Bundesländer;12;Brandenburg;MNHFG1;Art der eingeleiteten Maßnahmen;MNH-GEVE;Ge- oder Verbote gg. Sorgeberechtigten o. Dritten;146;Anzahl;MFG001;Maßnahmen des Familiengerichts bei Kindeswohlgef.
22522;Statistik der Pflegeerlaubnis, Vormundschaften etc;JAHR;Jahr;2016;DLAND;Bundesländer;16;Thüringen;MNHFG1;Art der eingeleiteten Maßnahmen;;Insgesamt;1234;Anzahl;MFG001;Maßnahmen des Familiengerichts bei Kindeswohlgef.
22522;Statistik der Pflegeerlaubnis, Vormundschaften etc;JAHR;Jahr;2016;DLAND;Bundesländer;02;Hamburg;MNHFG1;Art der eingeleiteten Maßnahmen;;Insgesamt;1074;Anzahl;MFG001;Maßnahmen des Familiengerichts bei Kindeswohlgef.
22522;Statistik der Pflegeerlaubnis, Vormundschaften etc;JAHR;Jahr;2015;DLAND;Bundesländer;06;Hessen;MNHFG1;Art der eingeleiteten Maßnahmen;;Insgesamt;1541;Anzahl;MFG001;Maßnahmen des Familiengerichts bei Kindeswohlgef.
22522;Statistik der Pflegeerlaubnis, Vormundschaften etc;JAHR;Jahr;2022;DLAND;Bundesländer;16;Thüringen;MNHFG1;Art der eingeleiteten Maßnahmen;;Insgesamt;713;Anzahl;MFG001;Maßnahmen des Familiengerichts bei Kindeswohlgef.
22522;Statistik der Pflegeerlaubnis, Vormundschaften etc;JAHR;Jahr;2016;DLAND;Bundesländer;13;Mecklenburg-Vorpommern;MNHFG1;Art der eingeleiteten Maßnahmen;MNH-GEVE;Ge- oder Verbote gg. Sorgeberechtigten o. Dritten;43;Anzahl;MFG001;Maßnahmen des Familiengerichts bei Kindeswohlgef.
22522;Statistik der Pflegeerlaubnis, Vormundschaften etc;JAHR;Jahr;2013;DLAND;Bundesländer;13;Mecklenburg-Vorpommern;MNHFG1;Art der eingeleiteten Maßnahmen;MNH-SORGT;Teilw. Übertrag. d. Sorge auf Jugendamt o. Dritte;92;Anzahl;MFG001;Maßnahmen des Familiengerichts bei Kindeswohlgef.
22522;Statistik der Pflegeerlaubnis, Vormundschaften etc;JAHR;Jahr;2016;DLAND;Bundesländer;01;Schleswig-Holstein;MNHFG1;Art der eingeleiteten Maßnahmen;MNH-GEVE;Ge- oder Verbote gg. Sorgeberechtigten o. Dritten;191;Anzahl;MFG001;Maßnahmen des Familiengerichts bei Kindeswohlgef.
22522;Statistik der Pflegeerlaubnis, Vormundschaften etc;JAHR;Jahr;2016;DLAND;Bundesländer;01;Schleswig-Holstein;MNHFG1;Art der eingeleiteten Maßnahmen;MNH-SORGV;Vollst. Übertrag. d. Sorge auf Jugendamt o. Dritte;225;Anzahl;MFG001;Maßnahmen des Familiengerichts bei Kindeswohlgef.
22522;Statistik der Pflegeerlaubnis, Vormundschaften etc;JAHR;Jahr;2025;DLAND;Bundesländer;02;Hamburg;MNHFG1;Art der eingeleiteten Maßnahmen;MNH-ERKL;Ersetzung von Erklärungen d. Sorgeberechtigten;47;Anzahl;MFG001;Maßnahmen des Familiengerichts bei Kindeswohlgef.
22522;Statistik der Pflegeerlaubnis, Vormundschaften etc;JAHR;Jahr;2025;DLAND;Bundesländer;09;Bayern;MNHFG1;Art der eingeleiteten Maßnahmen;;Insgesamt;3071;Anzahl;MFG001;Maßnahmen des Familiengerichts bei Kindeswohlgef.
22522;Statistik der Pflegeerlaubnis, Vormundschaften etc;JAHR;Jahr;2024;DLAND;Bundesländer;08;Baden-Württemberg;MNHFG1;Art der eingeleiteten Maßnahmen;MNH-GEVE;Ge- oder Verbote gg. Sorgeberechtigten o. Dritten;413;Anzahl;MFG001;Maßnahmen des Familiengerichts bei Kindeswohlgef.
22522;Statistik der Pflegeerlaubnis, Vormundschaften etc;JAHR;Jahr;2012;DLAND;Bundesländer;02;Hamburg;MNHFG1;Art der eingeleiteten Maßnahmen;MNH-KJH;Inanspruchnahme v. Lstg. d. Kinder- u. Jugendhilfe;235;Anzahl;MFG001;Maßnahmen des Familiengerichts bei Kindeswohlgef.
22522;Statistik der Pflegeerlaubnis, Vormundschaften etc;JAHR;Jahr;2015;DLAND;Bundesländer;11;Berlin;MNHFG1;Art der eingeleiteten Maßnahmen;MNH-SORGV;Vollst. Übertrag. d. Sorge auf Jugendamt o. Dritte;560;Anzahl;MFG001;Maßnahmen des Familiengerichts bei Kindeswohlgef.
22522;Statistik der Pflegeerlaubnis, Vormundschaften etc;JAHR;Jahr;2018;DLAND;Bundesländer;11;Berlin;MNHFG1;Art der eingeleiteten Maßnahmen;MNH-SORGT;Teilw. Übertrag. d. Sorge auf Jugendamt o. Dritte;548;Anzahl;MFG001;Maßnahmen des Familiengerichts bei Kindeswohlgef.
22522;Statistik der Pflegeerlaubnis, Vormundschaften etc;JAHR;Jahr;2021;DLAND;Bundesländer;07;Rheinland-Pfalz;MNHFG1;Art der eingeleiteten Maßnahmen;MNH-KJH;Inanspruchnahme v. Lstg. d. Kinder- u. Jugendhilfe;463;Anzahl;MFG001;Maßnahmen des Familiengerichts bei Kindeswohlgef.
22522;Statistik der Pflegeerlaubnis, Vormundschaften etc;JAHR;Jahr;2017;DLAND;Bundesländer;10;Saarland;MNHFG1;Art der eingeleiteten Maßnahmen;MNH-GEVE;Ge- oder Verbote gg. Sorgeberechtigten o. Dritten;92;Anzahl;MFG001;Maßnahmen des Familiengerichts bei Kindeswohlgef.
22522;Statistik der Pflegeerlaubnis, Vormundschaften etc;JAHR;Jahr;2024;DLAND;Bundesländer;08;Baden-Württemberg;MNHFG1;Art der eingeleiteten Maßnahmen;MNH-SORGV;Vollst. Übertrag. d. Sorge auf Jugendamt o. Dritte;579;Anzahl;MFG001;Maßnahmen des Familiengerichts bei Kindeswohlgef.
22522;Statistik der Pflegeerlaubnis, Vormundschaften etc;JAHR;Jahr;2022;DLAND;Bundesländer;03;Niedersachsen;MNHFG1;Art der eingeleiteten Maßnahmen;MNH-KJH;Inanspruchnahme v. Lstg. d. Kinder- u. Jugendhilfe;656;Anzahl;MFG001;Maßnahmen des Familiengerichts bei Kindeswohlgef.
22522;Statistik der Pflegeerlaubnis, Vormundschaften etc;JAHR;Jahr;2025;DLAND;Bundesländer;09;Bayern;MNHFG1;Art der eingeleiteten Maßnahmen;MNH-ERKL;Ersetzung von Erklärungen d. Sorgeberechtigten;171;Anzahl;MFG001;Maßnahmen des Familiengerichts bei Kindeswohlgef.
22522;Statistik der Pflegeerlaubnis, Vormundschaften etc;JAHR;Jahr;2022;DLAND;Bundesländer;15;Sachsen-Anhalt;MNHFG1;Art der eingeleiteten Maßnahmen;MNH-SORGV;Vollst. Übertrag. d. Sorge auf Jugendamt o. Dritte;247;Anzahl;MFG001;Maßnahmen des Familiengerichts bei Kindeswohlgef.
22522;Statistik der Pflegeerlaubnis, Vormundschaften etc;JAHR;Jahr;2012;DLAND;Bundesländer;12;Brandenburg;MNHFG1;Art der eingeleiteten Maßnahmen;MNH-GEVE;Ge- oder Verbote gg. Sorgeberechtigten o. Dritten;89;Anzahl;MFG001;Maßnahmen des Familiengerichts bei Kindeswohlgef.
22522;Statistik der Pflegeerlaubnis, Vormundschaften etc;JAHR;Jahr;2017;DLAND;Bundesländer;04;Bremen;MNHFG1;Art der eingeleiteten Maßnahmen;MNH-SORGV;Vollst. Übertrag. d. Sorge auf Jugendamt o. Dritte;259;Anzahl;MFG001;Maßnahmen des Familiengerichts bei Kindeswohlgef.
22522;Statistik der Pflegeerlaubnis, Vormundschaften etc;JAHR;Jahr;2015;DLAND;Bundesländer;15;Sachsen-Anhalt;MNHFG1;Art der eingeleiteten Maßnahmen;MNH-ERKL;Ersetzung von Erklärungen d. Sorgeberechtigten;20;Anzahl;MFG001;Maßnahmen des Familiengerichts bei Kindeswohlgef.
22522;Statistik der Pflegeerlaubnis, Vormundschaften etc;JAHR;Jahr;2023;DLAND;Bundesländer;13;Mecklenburg-Vorpommern;MNHFG1;Art der eingeleiteten Maßnahmen;MNH-KJH;Inanspruchnahme v. Lstg. d. Kinder- u. Jugendhilfe;93;Anzahl;MFG001;Maßnahmen des Familiengerichts bei Kindeswohlgef.
22522;Statistik der Pflegeerlaubnis, Vormundschaften etc;JAHR;Jahr;2022;DLAND;Bundesländer;08;Baden-Württemberg;MNHFG1;Art der eingeleiteten Maßnahmen;MNH-SORGT;Teilw. Übertrag. d. Sorge auf Jugendamt o. Dritte;626;Anzahl;MFG001;Maßnahmen des Familiengerichts bei Kindeswohlgef.
22522;Statistik der Pflegeerlaubnis, Vormundschaften etc;JAHR;Jahr;2017;DLAND;Bundesländer;02;Hamburg;MNHFG1;Art der eingeleiteten Maßnahmen;MNH-ERKL;Ersetzung von Erklärungen d. Sorgeberechtigten;83;Anzahl;MFG001;Maßnahmen des Familiengerichts bei Kindeswohlgef.
22522;Statistik der Pflegeerlaubnis, Vormundschaften etc;JAHR;Jahr;2021;DLAND;Bundesländer;01;Schleswig-Holstein;MNHFG1;Art der eingeleiteten Maßnahmen;MNH-ERKL;Ersetzung von Erklärungen d. Sorgeberechtigten;72;Anzahl;MFG001;Maßnahmen des Familiengerichts bei Kindeswohlgef.
22522;Statistik der Pflegeerlaubnis, Vormundschaften etc;JAHR;Jahr;2015;DLAND;Bundesländer;09;Bayern;MNHFG1;Art der eingeleiteten Maßnahmen;MNH-KJH;Inanspruchnahme v. Lstg. d. Kinder- u. Jugendhilfe;912;Anzahl;MFG001;Maßnahmen des Familiengerichts bei Kindeswohlgef.
22522;Statistik der Pflegeerlaubnis, Vormundschaften etc;JAHR;Jahr;2012;DLAND;Bundesländer;13;Mecklenburg-Vorpommern;MNHFG1;Art der eingeleiteten Maßnahmen;;Insgesamt;411;Anzahl;MFG001;Maßnahmen des Familiengerichts bei Kindeswohlgef.
22522;Statistik der Pflegeerlaubnis, Vormundschaften etc;JAHR;Jahr;2013;DLAND;Bundesländer;05;Nordrhein-Westfalen;MNHFG1;Art der eingeleiteten Maßnahmen;MNH-GEVE;Ge- oder Verbote gg. Sorgeberechtigten o. Dritten;857;Anzahl;MFG001;Maßnahmen des Familiengerichts bei Kindeswohlgef.
22522;Statistik der Pflegeerlaubnis, Vormundschaften etc;JAHR;Jahr;2022;DLAND;Bundesländer;10;Saarland;MNHFG1;Art der eingeleiteten Maßnahmen;MNH-ERKL;Ersetzung von Erklärungen d. Sorgeberechtigten;26;Anzahl;MFG001;Maßnahmen des Familiengerichts bei Kindeswohlgef.
22522;Statistik der Pflegeerlaubnis, Vormundschaften etc;JAHR;Jahr;2016;DLAND;Bundesländer;05;Nordrhein-Westfalen;MNHFG1;Art der eingeleiteten Maßnahmen;MNH-KJH;Inanspruchnahme v. Lstg. d. Kinder- u. Jugendhilfe;2419;Anzahl;MFG001;Maßnahmen des Familiengerichts bei Kindeswohlgef.
22522;Statistik der Pflegeerlaubnis, Vormundschaften etc;JAHR;Jahr;2012;DLAND;Bundesländer;01;Schleswig-Holstein;MNHFG1;Art der eingeleiteten Maßnahmen;MNH-SORGT;Teilw. Übertrag. d. Sorge auf Jugendamt o. Dritte;273;Anzahl;MFG001;Maßnahmen des Familiengerichts bei Kindeswohlgef.
22522;Statistik der Pflegeerlaubnis, Vormundschaften etc;JAHR;Jahr;2017;DLAND;Bundesländer;15;Sachsen-Anhalt;MNHFG1;Art der eingeleiteten Maßnahmen;MNH-KJH;Inanspruchnahme v. Lstg. d. Kinder- u. Jugendhilfe;380;Anzahl;MFG001;Maßnahmen des Familiengerichts bei Kindeswohlgef.
22522;Statistik der Pflegeerlaubnis, Vormundschaften etc;JAHR;Jahr;2017;DLAND;Bundesländer;01;Schleswig-Holstein;MNHFG1;Art der eingeleiteten Maßnahmen;MNH-KJH;Inanspruchnahme v. Lstg. d. Kinder- u. Jugendhilfe;325;Anzahl;MFG001;Maßnahmen des Familiengerichts bei Kindeswohlgef.
22522;Statistik der Pflegeerlaubnis, Vormundschaften etc;JAHR;Jahr;2018;DLAND;Bundesländer;11;Berlin;MNHFG1;Art der eingeleiteten Maßnahmen;MNH-ERKL;Ersetzung von Erklärungen d. Sorgeberechtigten;208;Anzahl;MFG001;Maßnahmen des Familiengerichts bei Kindeswohlgef.
22522;Statistik der Pflegeerlaubnis, Vormundschaften etc;JAHR;Jahr;2022;DLAND;Bundesländer;12;Brandenburg;MNHFG1;Art der eingeleiteten Maßnahmen;MNH-SORGT;Teilw. Übertrag. d. Sorge auf Jugendamt o. Dritte;202;Anzahl;MFG001;Maßnahmen des Familiengerichts bei Kindeswohlgef.
22522;Statistik der Pflegeerlaubnis, Vormundschaften etc;JAHR;Jahr;2013;DLAND;Bundesländer;01;Schleswig-Holstein;MNHFG1;Art der eingeleiteten Maßnahmen;MNH-ERKL;Ersetzung von Erklärungen d. Sorgeberechtigten;88;Anzahl;MFG001;Maßnahmen des Familiengerichts bei Kindeswohlgef.
22522;Statistik der Pflegeerlaubnis, Vormundschaften etc;JAHR;Jahr;2021;DLAND;Bundesländer;06;Hessen;MNHFG1;Art der eingeleiteten Maßnahmen;;Insgesamt;1546;Anzahl;MFG001;Maßnahmen des Familiengerichts bei Kindeswohlgef.
22522;Statistik der Pflegeerlaubnis, Vormundschaften etc;JAHR;Jahr;2014;DLAND;Bundesländer;14;Sachsen;MNHFG1;Art der eingeleiteten Maßnahmen;MNH-GEVE;Ge- oder Verbote gg. Sorgeberechtigten o. Dritten;294;Anzahl;MFG001;Maßnahmen des Familiengerichts bei Kindeswohlgef.
22522;Statistik der Pflegeerlaubnis, Vormundschaften etc;JAHR;Jahr;2023;DLAND;Bundesländer;15;Sachsen-Anhalt;MNHFG1;Art der eingeleiteten Maßnahmen;MNH-ERKL;Ersetzung von Erklärungen d. Sorgeberechtigten;27;Anzahl;MFG001;Maßnahmen des Familiengerichts bei Kindeswohlgef.
22522;Statistik der Pflegeerlaubnis, Vormundschaften etc;JAHR;Jahr;2016;DLAND;Bundesländer;11;Berlin;MNHFG1;Art der eingeleiteten Maßnahmen;MNH-SORGT;Teilw. Übertrag. d. Sorge auf Jugendamt o. Dritte;676;Anzahl;MFG001;Maßnahmen des Familiengerichts bei Kindeswohlgef.
22522;Statistik der Pflegeerlaubnis, Vormundschaften etc;JAHR;Jahr;2015;DLAND;Bundesländer;16;Thüringen;MNHFG1;Art der eingeleiteten Maßnahmen;MNH-SORGV;Vollst. Übertrag. d. Sorge auf Jugendamt o. Dritte;265;Anzahl;MFG001;Maßnahmen des Familiengerichts bei Kindeswohlgef.
22522;Statistik der Pflegeerlaubnis, Vormundschaften etc;JAHR;Jahr;2024;DLAND;Bundesländer;01;Schleswig-Holstein;MNHFG1;Art der eingeleiteten Maßnahmen;;Insgesamt;787;Anzahl;MFG001;Maßnahmen des Familiengerichts bei Kindeswohlgef.
22522;Statistik der Pflegeerlaubnis, Vormundschaften etc;JAHR;Jahr;2018;DLAND;Bundesländer;07;Rheinland-Pfalz;MNHFG1;Art der eingeleiteten Maßnahmen;MNH-ERKL;Ersetzung von Erklärungen d. Sorgeberechtigten;145;Anzahl;MFG001;Maßnahmen des Familiengerichts bei Kindeswohlgef.
22522;Statistik der Pflegeerlaubnis, Vormundschaften etc;JAHR;Jahr;2013;DLAND;Bundesländer;11;Berlin;MNHFG1;Art der eingeleiteten Maßnahmen;;Insgesamt;1919;Anzahl;MFG001;Maßnahmen des Familiengerichts bei Kindeswohlgef.
22522;Statistik der Pflegeerlaubnis, Vormundschaften etc;JAHR;Jahr;2019;DLAND;Bundesländer;16;Thüringen;MNHFG1;Art der eingeleiteten Maßnahmen;MNH-ERKL;Ersetzung von Erklärungen d. Sorgeberechtigten;42;Anzahl;MFG001;Maßnahmen des Familiengerichts bei Kindeswohlgef.
22522;Statistik der Pflegeerlaubnis, Vormundschaften etc;JAHR;Jahr;2021;DLAND;Bundesländer;08;Baden-Württemberg;MNHFG1;Art der eingeleiteten Maßnahmen;;Insgesamt;2017;Anzahl;MFG001;Maßnahmen des Familiengerichts bei Kindeswohlgef.
22522;Statistik der Pflegeerlaubnis, Vormundschaften etc;JAHR;Jahr;2017;DLAND;Bundesländer;09;Bayern;MNHFG1;Art der eingeleiteten Maßnahmen;MNH-ERKL;Ersetzung von Erklärungen d. Sorgeberechtigten;234;Anzahl;MFG001;Maßnahmen des Familiengerichts bei Kindeswohlgef.
22522;Statistik der Pflegeerlaubnis, Vormundschaften etc;JAHR;Jahr;2022;DLAND;Bundesländer;05;Nordrhein-Westfalen;MNHFG1;Art der eingeleiteten Maßnahmen;MNH-SORGV;Vollst. Übertrag. d. Sorge auf Jugendamt o. Dritte;2114;Anzahl;MFG001;Maßnahmen des Familiengerichts bei Kindeswohlgef.
22522;Statistik der Pflegeerlaubnis, Vormundschaften etc;JAHR;Jahr;2022;DLAND;Bundesländer;13;Mecklenburg-Vorpommern;MNHFG1;Art der eingeleiteten Maßnahmen;MNH-KJH;Inanspruchnahme v. Lstg. d. Kinder- u. Jugendhilfe;65;Anzahl;MFG001;Maßnahmen des Familiengerichts bei Kindeswohlgef.
22522;Statistik der Pflegeerlaubnis, Vormundschaften etc;JAHR;Jahr;2013;DLAND;Bundesländer;09;Bayern;MNHFG1;Art der eingeleiteten Maßnahmen;MNH-SORGV;Vollst. Übertrag. d. Sorge auf Jugendamt o. Dritte;791;Anzahl;MFG001;Maßnahmen des Familiengerichts bei Kindeswohlgef.
22522;Statistik der Pflegeerlaubnis, Vormundschaften etc;JAHR;Jahr;2024;DLAND;Bundesländer;15;Sachsen-Anhalt;MNHFG1;Art der eingeleiteten Maßnahmen;MNH-KJH;Inanspruchnahme v. Lstg. d. Kinder- u. Jugendhilfe;255;Anzahl;MFG001;Maßnahmen des Familiengerichts bei Kindeswohlgef.
22522;Statistik der Pflegeerlaubnis, Vormundschaften etc;JAHR;Jahr;2022;DLAND;Bundesländer;09;Bayern;MNHFG1;Art der eingeleiteten Maßnahmen;MNH-GEVE;Ge- oder Verbote gg. Sorgeberechtigten o. Dritten;405;Anzahl;MFG001;Maßnahmen des Familiengerichts bei Kindeswohlgef.
22522;Statistik der Pflegeerlaubnis, Vormundschaften etc;JAHR;Jahr;2019;DLAND;Bundesländer;11;Berlin;MNHFG1;Art der eingeleiteten Maßnahmen;MNH-KJH;Inanspruchnahme v. Lstg. d. Kinder- u. Jugendhilfe;550;Anzahl;MFG001;Maßnahmen des Familiengerichts bei Kindeswohlgef.
22522;Statistik der Pflegeerlaubnis, Vormundschaften etc;JAHR;Jahr;2017;DLAND;Bundesländer;14;Sachsen;MNHFG1;Art der eingeleiteten Maßnahmen;MNH-SORGV;Vollst. Übertrag. d. Sorge auf Jugendamt o. Dritte;724;Anzahl;MFG001;Maßnahmen des Familiengerichts bei Kindeswohlgef.
22522;Statistik der Pflegeerlaubnis, Vormundschaften etc;JAHR;Jahr;2014;DLAND;Bundesländer;02;Hamburg;MNHFG1;Art der eingeleiteten Maßnahmen;;Insgesamt;1030;Anzahl;MFG001;Maßnahmen des Familiengerichts bei Kindeswohlgef.
22522;Statistik der Pflegeerlaubnis, Vormundschaften etc;JAHR;Jahr;2012;DLAND;Bundesländer;14;Sachsen;MNHFG1;Art der eingeleiteten Maßnahmen;MNH-KJH;Inanspruchnahme v. Lstg. d. Kinder- u. Jugendhilfe;439;Anzahl;MFG001;Maßnahmen des Familiengerichts bei Kindeswohlgef.
22522;Statistik der Pflegeerlaubnis, Vormundschaften etc;JAHR;Jahr;2012;DLAND;Bundesländer;04;Bremen;MNHFG1;Art der eingeleiteten Maßnahmen;MNH-SORGV;Vollst. Übertrag. d. Sorge auf Jugendamt o. Dritte;30;Anzahl;MFG001;Maßnahmen des Familiengerichts bei Kindeswohlgef.
22522;Statistik der Pflegeerlaubnis, Vormundschaften etc;JAHR;Jahr;2019;DLAND;Bundesländer;03;Niedersachsen;MNHFG1;Art der eingeleiteten Maßnahmen;MNH-ERKL;Ersetzung von Erklärungen d. Sorgeberechtigten;171;Anzahl;MFG001;Maßnahmen des Familiengerichts bei Kindeswohlgef.
22522;Statistik der Pflegeerlaubnis, Vormundschaften etc;JAHR;Jahr;2016;DLAND;Bundesländer;04;Bremen;MNHFG1;Art der eingeleiteten Maßnahmen;;Insgesamt;680;Anzahl;MFG001;Maßnahmen des Familiengerichts bei Kindeswohlgef.
22522;Statistik der Pflegeerlaubnis, Vormundschaften etc;JAHR;Jahr;2015;DLAND;Bundesländer;13;Mecklenburg-Vorpommern;MNHFG1;Art der eingeleiteten Maßnahmen;MNH-SORGT;Teilw. Übertrag. d. Sorge auf Jugendamt o. Dritte;53;Anzahl;MFG001;Maßnahmen des Familiengerichts bei Kindeswohlgef.
22522;Statistik der Pflegeerlaubnis, Vormundschaften etc;JAHR;Jahr;2014;DLAND;Bundesländer;16;Thüringen;MNHFG1;Art der eingeleiteten Maßnahmen;MNH-KJH;Inanspruchnahme v. Lstg. d. Kinder- u. Jugendhilfe;246;Anzahl;MFG001;Maßnahmen des Familiengerichts bei Kindeswohlgef.
22522;Statistik der Pflegeerlaubnis, Vormundschaften etc;JAHR;Jahr;2016;DLAND;Bundesländer;07;Rheinland-Pfalz;MNHFG1;Art der eingeleiteten Maßnahmen;MNH-SORGV;Vollst. Übertrag. d. Sorge auf Jugendamt o. Dritte;339;Anzahl;MFG001;Maßnahmen des Familiengerichts bei Kindeswohlgef.
22522;Statistik der Pflegeerlaubnis, Vormundschaften etc;JAHR;Jahr;2013;DLAND;Bundesländer;03;Niedersachsen;MNHFG1;Art der eingeleiteten Maßnahmen;MNH-GEVE;Ge- oder Verbote gg. Sorgeberechtigten o. Dritten;228;Anzahl;MFG001;Maßnahmen des Familiengerichts bei Kindeswohlgef.
22522;Statistik der Pflegeerlaubnis, Vormundschaften etc;JAHR;Jahr;2023;DLAND;Bundesländer;02;Hamburg;MNHFG1;Art der eingeleiteten Maßnahmen;MNH-ERKL;Ersetzung von Erklärungen d. Sorgeberechtigten;44;Anzahl;MFG001;Maßnahmen des Familiengerichts bei Kindeswohlgef.
22522;Statistik der Pflegeerlaubnis, Vormundschaften etc;JAHR;Jahr;2021;DLAND;Bundesländer;02;Hamburg;MNHFG1;Art der eingeleiteten Maßnahmen;MNH-SORGT;Teilw. Übertrag. d. Sorge auf Jugendamt o. Dritte;284;Anzahl;MFG001;Maßnahmen des Familiengerichts bei Kindeswohlgef.
22522;Statistik der Pflegeerlaubnis, Vormundschaften etc;JAHR;Jahr;2014;DLAND;Bundesländer;12;Brandenburg;MNHFG1;Art der eingeleiteten Maßnahmen;MNH-GEVE;Ge- oder Verbote gg. Sorgeberechtigten o. Dritten;107;Anzahl;MFG001;Maßnahmen des Familiengerichts bei Kindeswohlgef.
22522;Statistik der Pflegeerlaubnis, Vormundschaften etc;JAHR;Jahr;2025;DLAND;Bundesländer;03;Niedersachsen;MNHFG1;Art der eingeleiteten Maßnahmen;MNH-SORGV;Vollst. Übertrag. d. Sorge auf Jugendamt o. Dritte;696;Anzahl;MFG001;Maßnahmen des Familiengerichts bei Kindeswohlgef.
22522;Statistik der Pflegeerlaubnis, Vormundschaften etc;JAHR;Jahr;2012;DLAND;Bundesländer;11;Berlin;MNHFG1;Art der eingeleiteten Maßnahmen;MNH-SORGV;Vollst. Übertrag. d. Sorge auf Jugendamt o. Dritte;748;Anzahl;MFG001;Maßnahmen des Familiengerichts bei Kindeswohlgef.
22522;Statistik der Pflegeerlaubnis, Vormundschaften etc;JAHR;Jahr;2025;DLAND;Bundesländer;13;Mecklenburg-Vorpommern;MNHFG1;Art der eingeleiteten Maßnahmen;MNH-ERKL;Ersetzung von Erklärungen d. Sorgeberechtigten;15;Anzahl;MFG001;Maßnahmen des Familiengerichts bei Kindeswohlgef.
22522;Statistik der Pflegeerlaubnis, Vormundschaften etc;JAHR;Jahr;2023;DLAND;Bundesländer;12;Brandenburg;MNHFG1;Art der eingeleiteten Maßnahmen;MNH-SORGV;Vollst. Übertrag. d. Sorge auf Jugendamt o. Dritte;241;Anzahl;MFG001;Maßnahmen des Familiengerichts bei Kindeswohlgef.
22522;Statistik der Pflegeerlaubnis, Vormundschaften etc;JAHR;Jahr;2015;DLAND;Bundesländer;07;Rheinland-Pfalz;MNHFG1;Art der eingeleiteten Maßnahmen;MNH-KJH;Inanspruchnahme v. Lstg. d. Kinder- u. Jugendhilfe;475;Anzahl;MFG001;Maßnahmen des Familiengerichts bei Kindeswohlgef.
22522;Statistik der Pflegeerlaubnis, Vormundschaften etc;JAHR;Jahr;2025;DLAND;Bundesländer;06;Hessen;MNHFG1;Art der eingeleiteten Maßnahmen;MNH-KJH;Inanspruchnahme v. Lstg. d. Kinder- u. Jugendhilfe;412;Anzahl;MFG001;Maßnahmen des Familiengerichts bei Kindeswohlgef.
22522;Statistik der Pflegeerlaubnis, Vormundschaften etc;JAHR;Jahr;2024;DLAND;Bundesländer;11;Berlin;MNHFG1;Art der eingeleiteten Maßnahmen;MNH-ERKL;Ersetzung von Erklärungen d. Sorgeberechtigten;112;Anzahl;MFG001;Maßnahmen des Familiengerichts bei Kindeswohlgef.
22522;Statistik der Pflegeerlaubnis, Vormundschaften etc;JAHR;Jahr;2019;DLAND;Bundesländer;16;Thüringen;MNHFG1;Art der eingeleiteten Maßnahmen;MNH-SORGT;Teilw. Übertrag. d. Sorge auf Jugendamt o. Dritte;379;Anzahl;MFG001;Maßnahmen des Familiengerichts bei Kindeswohlgef.
22522;Statistik der Pflegeerlaubnis, Vormundschaften etc;JAHR;Jahr;2017;DLAND;Bundesländer;09;Bayern;MNHFG1;Art der eingeleiteten Maßnahmen;MNH-KJH;Inanspruchnahme v. Lstg. d. Kinder- u. Jugendhilfe;923;Anzahl;MFG001;Maßnahmen des Familiengerichts bei Kindeswohlgef.
22522;Statistik der Pflegeerlaubnis, Vormundschaften etc;JAHR;Jahr;2025;DLAND;Bundesländer;10;Saarland;MNHFG1;Art der eingeleiteten Maßnahmen;MNH-SORGV;Vollst. Übertrag. d. Sorge auf Jugendamt o. Dritte;120;Anzahl;MFG001;Maßnahmen des Familiengerichts bei Kindeswohlgef.
22522;Statistik der Pflegeerlaubnis, Vormundschaften etc;JAHR;Jahr;2012;DLAND;Bundesländer;16;Thüringen;MNHFG1;Art der eingeleiteten Maßnahmen;MNH-KJH;Inanspruchnahme v. Lstg. d. Kinder- u. Jugendhilfe;224;Anzahl;MFG001;Maßnahmen des Familiengerichts bei Kindeswohlgef.
22522;Statistik der Pflegeerlaubnis, Vormundschaften etc;JAHR;Jahr;2018;DLAND;Bundesländer;07;Rheinland-Pfalz;MNHFG1;Art der eingeleiteten Maßnahmen;MNH-SORGT;Teilw. Übertrag. d. Sorge auf Jugendamt o. Dritte;508;Anzahl;MFG001;Maßnahmen des Familiengerichts bei Kindeswohlgef.
22522;Statistik der Pflegeerlaubnis, Vormundschaften etc;JAHR;Jahr;2014;DLAND;Bundesländer;09;Bayern;MNHFG1;Art der eingeleiteten Maßnahmen;MNH-SORGV;Vollst. Übertrag. d. Sorge auf Jugendamt o. Dritte;1204;Anzahl;MFG001;Maßnahmen des Familiengerichts bei Kindeswohlgef.
22522;Statistik der Pflegeerlaubnis, Vormundschaften etc;JAHR;Jahr;2023;DLAND;Bundesländer;03;Niedersachsen;MNHFG1;Art der eingeleiteten Maßnahmen;MNH-GEVE;Ge- oder Verbote gg. Sorgeberechtigten o. Dritten;423;Anzahl;MFG001;Maßnahmen des Familiengerichts bei Kindeswohlgef.
22522;Statistik der Pflegeerlaubnis, Vormundschaften etc;JAHR;Jahr;2020;DLAND;Bundesländer;10;Saarland;MNHFG1;Art der eingeleiteten Maßnahmen;MNH-KJH;Inanspruchnahme v. Lstg. d. Kinder- u. Jugendhilfe;239;Anzahl;MFG001;Maßnahmen des Familiengerichts bei Kindeswohlgef.
22522;Statistik der Pflegeerlaubnis, Vormundschaften etc;JAHR;Jahr;2022;DLAND;Bundesländer;06;Hessen;MNHFG1;Art der eingeleiteten Maßnahmen;MNH-ERKL;Ersetzung von Erklärungen d. Sorgeberechtigten;87;Anzahl;MFG001;Maßnahmen des Familiengerichts bei Kindeswohlgef.
22522;Statistik der Pflegeerlaubnis, Vormundschaften etc;JAHR;Jahr;2014;DLAND;Bundesländer;13;Mecklenburg-Vorpommern;MNHFG1;Art der eingeleiteten Maßnahmen;MNH-SORGT;Teilw. Übertrag. d. Sorge auf Jugendamt o. Dritte;54;Anzahl;MFG001;Maßnahmen des Familiengerichts bei Kindeswohlgef.
22522;Statistik der Pflegeerlaubnis, Vormundschaften etc;JAHR;Jahr;2022;DLAND;Bundesländer;02;Hamburg;MNHFG1;Art der eingeleiteten Maßnahmen;MNH-SORGT;Teilw. Übertrag. d. Sorge auf Jugendamt o. Dritte;229;Anzahl;MFG001;Maßnahmen des Familiengerichts bei Kindeswohlgef.
22522;Statistik der Pflegeerlaubnis, Vormundschaften etc;JAHR;Jahr;2019;DLAND;Bundesländer;01;Schleswig-Holstein;MNHFG1;Art der eingeleiteten Maßnahmen;MNH-ERKL;Ersetzung von Erklärungen d. Sorgeberechtigten;66;Anzahl;MFG001;Maßnahmen des Familiengerichts bei Kindeswohlgef.
22522;Statistik der Pflegeerlaubnis, Vormundschaften etc;JAHR;Jahr;2021;DLAND;Bundesländer;05;Nordrhein-Westfalen;MNHFG1;Art der eingeleiteten Maßnahmen;MNH-SORGV;Vollst. Übertrag. d. Sorge auf Jugendamt o. Dritte;1905;Anzahl;MFG001;Maßnahmen des Familiengerichts bei Kindeswohlgef.
22522;Statistik der Pflegeerlaubnis, Vormundschaften etc;JAHR;Jahr;2018;DLAND;Bundesländer;07;Rheinland-Pfalz;MNHFG1;Art der eingeleiteten Maßnahmen;;Insgesamt;2123;Anzahl;MFG001;Maßnahmen des Familiengerichts bei Kindeswohlgef.
22522;Statistik der Pflegeerlaubnis, Vormundschaften etc;JAHR;Jahr;2016;DLAND;Bundesländer;04;Bremen;MNHFG1;Art der eingeleiteten Maßnahmen;MNH-SORGT;Teilw. Übertrag. d. Sorge auf Jugendamt o. Dritte;231;Anzahl;MFG001;Maßnahmen des Familiengerichts bei Kindeswohlgef.
22522;Statistik der Pflegeerlaubnis, Vormundschaften etc;JAHR;Jahr;2012;DLAND;Bundesländer;11;Berlin;MNHFG1;Art der eingeleiteten Maßnahmen;MNH-ERKL;Ersetzung von Erklärungen d. Sorgeberechtigten;163;Anzahl;MFG001;Maßnahmen des Familiengerichts bei Kindeswohlgef.
22522;Statistik der Pflegeerlaubnis, Vormundschaften etc;JAHR;Jahr;2018;DLAND;Bundesländer;14;Sachsen;MNHFG1;Art der eingeleiteten Maßnahmen;MNH-SORGV;Vollst. Übertrag. d. Sorge auf Jugendamt o. Dritte;600;Anzahl;MFG001;Maßnahmen des Familiengerichts bei Kindeswohlgef.
22522;Statistik der Pflegeerlaubnis, Vormundschaften etc;JAHR;Jahr;2019;DLAND;Bundesländer;04;Bremen;MNHFG1;Art der eingeleiteten Maßnahmen;MNH-GEVE;Ge- oder Verbote gg. Sorgeberechtigten o. Dritten;212;Anzahl;MFG001;Maßnahmen des Familiengerichts bei Kindeswohlgef.
22522;Statistik der Pflegeerlaubnis, Vormundschaften etc;JAHR;Jahr;2019;DLAND;Bundesländer;01;Schleswig-Holstein;MNHFG1;Art der eingeleiteten Maßnahmen;MNH-SORGV;Vollst. Übertrag. d. Sorge auf Jugendamt o. Dritte;262;Anzahl;MFG001;Maßnahmen des Familiengerichts bei Kindeswohlgef.
22522;Statistik der Pflegeerlaubnis, Vormundschaften etc;JAHR;Jahr;2021;DLAND;Bundesländer;15;Sachsen-Anhalt;MNHFG1;Art der eingeleiteten Maßnahmen;MNH-ERKL;Ersetzung von Erklärungen d. Sorgeberechtigten;28;Anzahl;MFG001;Maßnahmen des Familiengerichts bei Kindeswohlgef.
22522;Statistik der Pflegeerlaubnis, Vormundschaften etc;JAHR;Jahr;2016;DLAND;Bundesländer;14;Sachsen;MNHFG1;Art der eingeleiteten Maßnahmen;MNH-GEVE;Ge- oder Verbote gg. Sorgeberechtigten o. Dritten;194;Anzahl;MFG001;Maßnahmen des Familiengerichts bei Kindeswohlgef.
22522;Statistik der Pflegeerlaubnis, Vormundschaften etc;JAHR;Jahr;2015;DLAND;Bundesländer;09;Bayern;MNHFG1;Art der eingeleiteten Maßnahmen;MNH-SORGT;Teilw. Übertrag. d. Sorge auf Jugendamt o. Dritte;1045;Anzahl;MFG001;Maßnahmen des Familiengerichts bei Kindeswohlgef.
22522;Statistik der Pflegeerlaubnis, Vormundschaften etc;JAHR;Jahr;2017;DLAND;Bundesländer;07;Rheinland-Pfalz;MNHFG1;Art der eingeleiteten Maßnahmen;MNH-SORGV;Vollst. Übertrag. d. Sorge auf Jugendamt o. Dritte;346;Anzahl;MFG001;Maßnahmen des Familiengerichts bei Kindeswohlgef.
22522;Statistik der Pflegeerlaubnis, Vormundschaften etc;JAHR;Jahr;2024;DLAND;Bundesländer;09;Bayern;MNHFG1;Art der eingeleiteten Maßnahmen;MNH-GEVE;Ge- oder Verbote gg. Sorgeberechtigten o. Dritten;438;Anzahl;MFG001;Maßnahmen des Familiengerichts bei Kindeswohlgef.
22522;Statistik der Pflegeerlaubnis, Vormundschaften etc;JAHR;Jahr;2016;DLAND;Bundesländer;07;Rheinland-Pfalz;MNHFG1;Art der eingeleiteten Maßnahmen;MNH-ERKL;Ersetzung von Erklärungen d. Sorgeberechtigten;79;Anzahl;MFG001;Maßnahmen des Familiengerichts bei Kindeswohlgef.
22522;Statistik der Pflegeerlaubnis, Vormundschaften etc;JAHR;Jahr;2020;DLAND;Bundesländer;14;Sachsen;MNHFG1;Art der eingeleiteten Maßnahmen;MNH-KJH;Inanspruchnahme v. Lstg. d. Kinder- u. Jugendhilfe;395;Anzahl;MFG001;Maßnahmen des Familiengerichts bei Kindeswohlgef.
22522;Statistik der Pflegeerlaubnis, Vormundschaften etc;JAHR;Jahr;2020;DLAND;Bundesländer;14;Sachsen;MNHFG1;Art der eingeleiteten Maßnahmen;;Insgesamt;1685;Anzahl;MFG001;Maßnahmen des Familiengerichts bei Kindeswohlgef.
22522;Statistik der Pflegeerlaubnis, Vormundschaften etc;JAHR;Jahr;2020;DLAND;Bundesländer;13;Mecklenburg-Vorpommern;MNHFG1;Art der eingeleiteten Maßnahmen;MNH-GEVE;Ge- oder Verbote gg. Sorgeberechtigten o. Dritten;20;Anzahl;MFG001;Maßnahmen des Familiengerichts bei Kindeswohlgef.
22522;Statistik der Pflegeerlaubnis, Vormundschaften etc;JAHR;Jahr;2024;DLAND;Bundesländer;12;Brandenburg;MNHFG1;Art der eingeleiteten Maßnahmen;MNH-GEVE;Ge- oder Verbote gg. Sorgeberechtigten o. Dritten;112;Anzahl;MFG001;Maßnahmen des Familiengerichts bei Kindeswohlgef.
22522;Statistik der Pflegeerlaubnis, Vormundschaften etc;JAHR;Jahr;2019;DLAND;Bundesländer;09;Bayern;MNHFG1;Art der eingeleiteten Maßnahmen;MNH-ERKL;Ersetzung von Erklärungen d. Sorgeberechtigten;148;Anzahl;MFG001;Maßnahmen des Familiengerichts bei Kindeswohlgef.
22522;Statistik der Pflegeerlaubnis, Vormundschaften etc;JAHR;Jahr;2012;DLAND;Bundesländer;03;Niedersachsen;MNHFG1;Art der eingeleiteten Maßnahmen;;Insgesamt;1634;Anzahl;MFG001;Maßnahmen des Familiengerichts bei Kindeswohlgef.
22522;Statistik der Pflegeerlaubnis, Vormundschaften etc;JAHR;Jahr;2023;DLAND;Bundesländer;07;Rheinland-Pfalz;MNHFG1;Art der eingeleiteten Maßnahmen;;Insgesamt;1925;Anzahl;MFG001;Maßnahmen des Familiengerichts bei Kindeswohlgef.
22522;Statistik der Pflegeerlaubnis, Vormundschaften etc;JAHR;Jahr;2014;DLAND;Bundesländer;06;Hessen;MNHFG1;Art der eingeleiteten Maßnahmen;MNH-SORGT;Teilw. Übertrag. d. Sorge auf Jugendamt o. Dritte;377;Anzahl;MFG001;Maßnahmen des Familiengerichts bei Kindeswohlgef.
22522;Statistik der Pflegeerlaubnis, Vormundschaften etc;JAHR;Jahr;2013;DLAND;Bundesländer;13;Mecklenburg-Vorpommern;MNHFG1;Art der eingeleiteten Maßnahmen;MNH-SORGV;Vollst. Übertrag. d. Sorge auf Jugendamt o. Dritte;73;Anzahl;MFG001;Maßnahmen des Familiengerichts bei Kindeswohlgef.
22522;Statistik der Pflegeerlaubnis, Vormundschaften etc;JAHR;Jahr;2012;DLAND;Bundesländer;01;Schleswig-Holstein;MNHFG1;Art der eingeleiteten Maßnahmen;MNH-GEVE;Ge- oder Verbote gg. Sorgeberechtigten o. Dritten;148;Anzahl;MFG001;Maßnahmen des Familiengerichts bei Kindeswohlgef.
22522;Statistik der Pflegeerlaubnis, Vormundschaften etc;JAHR;Jahr;2017;DLAND;Bundesländer;16;Thüringen;MNHFG1;Art der eingeleiteten Maßnahmen;MNH-ERKL;Ersetzung von Erklärungen d. Sorgeberechtigten;53;Anzahl;MFG001;Maßnahmen des Familiengerichts bei Kindeswohlgef.
22522;Statistik der Pflegeerlaubnis, Vormundschaften etc;JAHR;Jahr;2016;DLAND;Bundesländer;01;Schleswig-Holstein;MNHFG1;Art der eingeleiteten Maßnahmen;MNH-KJH;Inanspruchnahme v. Lstg. d. Kinder- u. Jugendhilfe;270;Anzahl;MFG001;Maßnahmen des Familiengerichts bei Kindeswohlgef.
22522;Statistik der Pflegeerlaubnis, Vormundschaften etc;JAHR;Jahr;2025;DLAND;Bundesländer;05;Nordrhein-Westfalen;MNHFG1;Art der eingeleiteten Maßnahmen;MNH-GEVE;Ge- oder Verbote gg. Sorgeberechtigten o. Dritten;1121;Anzahl;MFG001;Maßnahmen des Familiengerichts bei Kindeswohlgef.
22522;Statistik der Pflegeerlaubnis, Vormundschaften etc;JAHR;Jahr;2021;DLAND;Bundesländer;05;Nordrhein-Westfalen;MNHFG1;Art der eingeleiteten Maßnahmen;MNH-KJH;Inanspruchnahme v. Lstg. d. Kinder- u. Jugendhilfe;2328;Anzahl;MFG001;Maßnahmen des Familiengerichts bei Kindeswohlgef.
22522;Statistik der Pflegeerlaubnis, Vormundschaften etc;JAHR;Jahr;2016;DLAND;Bundesländer;05;Nordrhein-Westfalen;MNHFG1;Art der eingeleiteten Maßnahmen;MNH-ERKL;Ersetzung von Erklärungen d. Sorgeberechtigten;487;Anzahl;MFG001;Maßnahmen des Familiengerichts bei Kindeswohlgef.
22522;Statistik der Pflegeerlaubnis, Vormundschaften etc;JAHR;Jahr;2020;DLAND;Bundesländer;04;Bremen;MNHFG1;Art der eingeleiteten Maßnahmen;MNH-ERKL;Ersetzung von Erklärungen d. Sorgeberechtigten;149;Anzahl;MFG001;Maßnahmen des Familiengerichts bei Kindeswohlgef.
22522;Statistik der Pflegeerlaubnis, Vormundschaften etc;JAHR;Jahr;2013;DLAND;Bundesländer;08;Baden-Württemberg;MNHFG1;Art der eingeleiteten Maßnahmen;MNH-KJH;Inanspruchnahme v. Lstg. d. Kinder- u. Jugendhilfe;686;Anzahl;MFG001;Maßnahmen des Familiengerichts bei Kindeswohlgef.
22522;Statistik der Pflegeerlaubnis, Vormundschaften etc;JAHR;Jahr;2014;DLAND;Bundesländer;16;Thüringen;MNHFG1;Art der eingeleiteten Maßnahmen;MNH-SORGV;Vollst. Übertrag. d. Sorge auf Jugendamt o. Dritte;216;Anzahl;MFG001;Maßnahmen des Familiengerichts bei Kindeswohlgef.
22522;Statistik der Pflegeerlaubnis, Vormundschaften etc;JAHR;Jahr;2015;DLAND;Bundesländer;10;Saarland;MNHFG1;Art der eingeleiteten Maßnahmen;;Insgesamt;706;Anzahl;MFG001;Maßnahmen des Familiengerichts bei Kindeswohlgef.
22522;Statistik der Pflegeerlaubnis, Vormundschaften etc;JAHR;Jahr;2018;DLAND;Bundesländer;08;Baden-Württemberg;MNHFG1;Art der eingeleiteten Maßnahmen;MNH-GEVE;Ge- oder Verbote gg. Sorgeberechtigten o. Dritten;346;Anzahl;MFG001;Maßnahmen des Familiengerichts bei Kindeswohlgef.
22522;Statistik der Pflegeerlaubnis, Vormundschaften etc;JAHR;Jahr;2017;DLAND;Bundesländer;04;Bremen;MNHFG1;Art der eingeleiteten Maßnahmen;MNH-SORGT;Teilw. Übertrag. d. Sorge auf Jugendamt o. Dritte;492;Anzahl;MFG001;Maßnahmen des Familiengerichts bei Kindeswohlgef.
22522;Statistik der Pflegeerlaubnis, Vormundschaften etc;JAHR;Jahr;2013;DLAND;Bundesländer;02;Hamburg;MNHFG1;Art der eingeleiteten Maßnahmen;MNH-ERKL;Ersetzung von Erklärungen d. Sorgeberechtigten;50;Anzahl;MFG001;Maßnahmen des Familiengerichts bei Kindeswohlgef.
22522;Statistik der Pflegeerlaubnis, Vormundschaften etc;JAHR;Jahr;2012;DLAND;Bundesländer;04;Bremen;MNHFG1;Art der eingeleiteten Maßnahmen;MNH-SORGT;Teilw. Übertrag. d. Sorge auf Jugendamt o. Dritte;100;Anzahl;MFG001;Maßnahmen des Familiengerichts bei Kindeswohlgef.
22522;Statistik der Pflegeerlaubnis, Vormundschaften etc;JAHR;Jahr;2023;DLAND;Bundesländer;05;Nordrhein-Westfalen;MNHFG1;Art der eingeleiteten Maßnahmen;MNH-SORGT;Teilw. Übertrag. d. Sorge auf Jugendamt o. Dritte;2099;Anzahl;MFG001;Maßnahmen des Familiengerichts bei Kindeswohlgef.
22522;Statistik der Pflegeerlaubnis, Vormundschaften etc;JAHR;Jahr;2025;DLAND;Bundesländer;13;Mecklenburg-Vorpommern;MNHFG1;Art der eingeleiteten Maßnahmen;;Insgesamt;356;Anzahl;MFG001;Maßnahmen des Familiengerichts bei Kindeswohlgef.
22522;Statistik der Pflegeerlaubnis, Vormundschaften etc;JAHR;Jahr;2022;DLAND;Bundesländer;07;Rheinland-Pfalz;MNHFG1;Art der eingeleiteten Maßnahmen;MNH-GEVE;Ge- oder Verbote gg. Sorgeberechtigten o. Dritten;171;Anzahl;MFG001;Maßnahmen des Familiengerichts bei Kindeswohlgef.
22522;Statistik der Pflegeerlaubnis, Vormundschaften etc;JAHR;Jahr;2020;DLAND;Bundesländer;06;Hessen;MNHFG1;Art der eingeleiteten Maßnahmen;MNH-ERKL;Ersetzung von Erklärungen d. Sorgeberechtigten;69;Anzahl;MFG001;Maßnahmen des Familiengerichts bei Kindeswohlgef.
22522;Statistik der Pflegeerlaubnis, Vormundschaften etc;JAHR;Jahr;2016;DLAND;Bundesländer;15;Sachsen-Anhalt;MNHFG1;Art der eingeleiteten Maßnahmen;MNH-KJH;Inanspruchnahme v. Lstg. d. Kinder- u. Jugendhilfe;282;Anzahl;MFG001;Maßnahmen des Familiengerichts bei Kindeswohlgef.
22522;Statistik der Pflegeerlaubnis, Vormundschaften etc;JAHR;Jahr;2017;DLAND;Bundesländer;16;Thüringen;MNHFG1;Art der eingeleiteten Maßnahmen;;Insgesamt;1296;Anzahl;MFG001;Maßnahmen des Familiengerichts bei Kindeswohlgef.
22522;Statistik der Pflegeerlaubnis, Vormundschaften etc;JAHR;Jahr;2013;DLAND;Bundesländer;10;Saarland;MNHFG1;Art der eingeleiteten Maßnahmen;MNH-SORGT;Teilw. Übertrag. d. Sorge auf Jugendamt o. Dritte;139;Anzahl;MFG001;Maßnahmen des Familiengerichts bei Kindeswohlgef.
22522;Statistik der Pflegeerlaubnis, Vormundschaften etc;JAHR;Jahr;2017;DLAND;Bundesländer;01;Schleswig-Holstein;MNHFG1;Art der eingeleiteten Maßnahmen;MNH-ERKL;Ersetzung von Erklärungen d. Sorgeberechtigten;181;Anzahl;MFG001;Maßnahmen des Familiengerichts bei Kindeswohlgef.
22522;Statistik der Pflegeerlaubnis, Vormundschaften etc;JAHR;Jahr;2023;DLAND;Bundesländer;16;Thüringen;MNHFG1;Art der eingeleiteten Maßnahmen;MNH-GEVE;Ge- oder Verbote gg. Sorgeberechtigten o. Dritten;66;Anzahl;MFG001;Maßnahmen des Familiengerichts bei Kindeswohlgef.
22522;Statistik der Pflegeerlaubnis, Vormundschaften etc;JAHR;Jahr;2024;DLAND;Bundesländer;03;Niedersachsen;MNHFG1;Art der eingeleiteten Maßnahmen;MNH-SORGV;Vollst. Übertrag. d. Sorge auf Jugendamt o. Dritte;970;Anzahl;MFG001;Maßnahmen des Familiengerichts bei Kindeswohlgef.
22522;Statistik der Pflegeerlaubnis, Vormundschaften etc;JAHR;Jahr;2023;DLAND;Bundesländer;03;Niedersachsen;MNHFG1;Art der eingeleiteten Maßnahmen;MNH-KJH;Inanspruchnahme v. Lstg. d. Kinder- u. Jugendhilfe;632;Anzahl;MFG001;Maßnahmen des Familiengerichts bei Kindeswohlgef.
22522;Statistik der Pflegeerlaubnis, Vormundschaften etc;JAHR;Jahr;2019;DLAND;Bundesländer;01;Schleswig-Holstein;MNHFG1;Art der eingeleiteten Maßnahmen;;Insgesamt;1124;Anzahl;MFG001;Maßnahmen des Familiengerichts bei Kindeswohlgef.
22522;Statistik der Pflegeerlaubnis, Vormundschaften etc;JAHR;Jahr;2013;DLAND;Bundesländer;06;Hessen;MNHFG1;Art der eingeleiteten Maßnahmen;MNH-SORGT;Teilw. Übertrag. d. Sorge auf Jugendamt o. Dritte;412;Anzahl;MFG001;Maßnahmen des Familiengerichts bei Kindeswohlgef.
22522;Statistik der Pflegeerlaubnis, Vormundschaften etc;JAHR;Jahr;2022;DLAND;Bundesländer;12;Brandenburg;MNHFG1;Art der eingeleiteten Maßnahmen;MNH-SORGV;Vollst. Übertrag. d. Sorge auf Jugendamt o. Dritte;222;Anzahl;MFG001;Maßnahmen des Familiengerichts bei Kindeswohlgef.
22522;Statistik der Pflegeerlaubnis, Vormundschaften etc;JAHR;Jahr;2025;DLAND;Bundesländer;03;Niedersachsen;MNHFG1;Art der eingeleiteten Maßnahmen;MNH-GEVE;Ge- oder Verbote gg. Sorgeberechtigten o. Dritten;279;Anzahl;MFG001;Maßnahmen des Familiengerichts bei Kindeswohlgef.
22522;Statistik der Pflegeerlaubnis, Vormundschaften etc;JAHR;Jahr;2014;DLAND;Bundesländer;11;Berlin;MNHFG1;Art der eingeleiteten Maßnahmen;MNH-ERKL;Ersetzung von Erklärungen d. Sorgeberechtigten;127;Anzahl;MFG001;Maßnahmen des Familiengerichts bei Kindeswohlgef.
22522;Statistik der Pflegeerlaubnis, Vormundschaften etc;JAHR;Jahr;2019;DLAND;Bundesländer;15;Sachsen-Anhalt;MNHFG1;Art der eingeleiteten Maßnahmen;;Insgesamt;1016;Anzahl;MFG001;Maßnahmen des Familiengerichts bei Kindeswohlgef.
22522;Statistik der Pflegeerlaubnis, Vormundschaften etc;JAHR;Jahr;2025;DLAND;Bundesländer;02;Hamburg;MNHFG1;Art der eingeleiteten Maßnahmen;MNH-KJH;Inanspruchnahme v. Lstg. d. Kinder- u. Jugendhilfe;254;Anzahl;MFG001;Maßnahmen des Familiengerichts bei Kindeswohlgef.
22522;Statistik der Pflegeerlaubnis, Vormundschaften etc;JAHR;Jahr;2018;DLAND;Bundesländer;02;Hamburg;MNHFG1;Art der eingeleiteten Maßnahmen;MNH-GEVE;Ge- oder Verbote gg. Sorgeberechtigten o. Dritten;150;Anzahl;MFG001;Maßnahmen des Familiengerichts bei Kindeswohlgef.
22522;Statistik der Pflegeerlaubnis, Vormundschaften etc;JAHR;Jahr;2024;DLAND;Bundesländer;01;Schleswig-Holstein;MNHFG1;Art der eingeleiteten Maßnahmen;MNH-KJH;Inanspruchnahme v. Lstg. d. Kinder- u. Jugendhilfe;260;Anzahl;MFG001;Maßnahmen des Familiengerichts bei Kindeswohlgef.
22522;Statistik der Pflegeerlaubnis, Vormundschaften etc;JAHR;Jahr;2012;DLAND;Bundesländer;07;Rheinland-Pfalz;MNHFG1;Art der eingeleiteten Maßnahmen;MNH-SORGV;Vollst. Übertrag. d. Sorge auf Jugendamt o. Dritte;321;Anzahl;MFG001;Maßnahmen des Familiengerichts bei Kindeswohlgef.
22522;Statistik der Pflegeerlaubnis, Vormundschaften etc;JAHR;Jahr;2015;DLAND;Bundesländer;16;Thüringen;MNHFG1;Art der eingeleiteten Maßnahmen;MNH-SORGT;Teilw. Übertrag. d. Sorge auf Jugendamt o. Dritte;213;Anzahl;MFG001;Maßnahmen des Familiengerichts bei Kindeswohlgef.
22522;Statistik der Pflegeerlaubnis, Vormundschaften etc;JAHR;Jahr;2017;DLAND;Bundesländer;05;Nordrhein-Westfalen;MNHFG1;Art der eingeleiteten Maßnahmen;MNH-KJH;Inanspruchnahme v. Lstg. d. Kinder- u. Jugendhilfe;2513;Anzahl;MFG001;Maßnahmen des Familiengerichts bei Kindeswohlgef.
22522;Statistik der Pflegeerlaubnis, Vormundschaften etc;JAHR;Jahr;2025;DLAND;Bundesländer;06;Hessen;MNHFG1;Art der eingeleiteten Maßnahmen;MNH-SORGV;Vollst. Übertrag. d. Sorge auf Jugendamt o. Dritte;378;Anzahl;MFG001;Maßnahmen des Familiengerichts bei Kindeswohlgef.
22522;Statistik der Pflegeerlaubnis, Vormundschaften etc;JAHR;Jahr;2023;DLAND;Bundesländer;08;Baden-Württemberg;MNHFG1;Art der eingeleiteten Maßnahmen;MNH-SORGV;Vollst. Übertrag. d. Sorge auf Jugendamt o. Dritte;593;Anzahl;MFG001;Maßnahmen des Familiengerichts bei Kindeswohlgef.
22522;Statistik der Pflegeerlaubnis, Vormundschaften etc;JAHR;Jahr;2018;DLAND;Bundesländer;10;Saarland;MNHFG1;Art der eingeleiteten Maßnahmen;MNH-ERKL;Ersetzung von Erklärungen d. Sorgeberechtigten;54;Anzahl;MFG001;Maßnahmen des Familiengerichts bei Kindeswohlgef.
22522;Statistik der Pflegeerlaubnis, Vormundschaften etc;JAHR;Jahr;2015;DLAND;Bundesländer;03;Niedersachsen;MNHFG1;Art der eingeleiteten Maßnahmen;MNH-KJH;Inanspruchnahme v. Lstg. d. Kinder- u. Jugendhilfe;718;Anzahl;MFG001;Maßnahmen des Familiengerichts bei Kindeswohlgef.
22522;Statistik der Pflegeerlaubnis, Vormundschaften etc;JAHR;Jahr;2014;DLAND;Bundesländer;12;Brandenburg;MNHFG1;Art der eingeleiteten Maßnahmen;MNH-KJH;Inanspruchnahme v. Lstg. d. Kinder- u. Jugendhilfe;282;Anzahl;MFG001;Maßnahmen des Familiengerichts bei Kindeswohlgef.
22522;Statistik der Pflegeerlaubnis, Vormundschaften etc;JAHR;Jahr;2012;DLAND;Bundesländer;10;Saarland;MNHFG1;Art der eingeleiteten Maßnahmen;MNH-KJH;Inanspruchnahme v. Lstg. d. Kinder- u. Jugendhilfe;111;Anzahl;MFG001;Maßnahmen des Familiengerichts bei Kindeswohlgef.
22522;Statistik der Pflegeerlaubnis, Vormundschaften etc;JAHR;Jahr;2016;DLAND;Bundesländer;11;Berlin;MNHFG1;Art der eingeleiteten Maßnahmen;MNH-SORGV;Vollst. Übertrag. d. Sorge auf Jugendamt o. Dritte;560;Anzahl;MFG001;Maßnahmen des Familiengerichts bei Kindeswohlgef.
22522;Statistik der Pflegeerlaubnis, Vormundschaften etc;JAHR;Jahr;2017;DLAND;Bundesländer;16;Thüringen;MNHFG1;Art der eingeleiteten Maßnahmen;MNH-GEVE;Ge- oder Verbote gg. Sorgeberechtigten o. Dritten;101;Anzahl;MFG001;Maßnahmen des Familiengerichts bei Kindeswohlgef.
22522;Statistik der Pflegeerlaubnis, Vormundschaften etc;JAHR;Jahr;2021;DLAND;Bundesländer;15;Sachsen-Anhalt;MNHFG1;Art der eingeleiteten Maßnahmen;MNH-GEVE;Ge- oder Verbote gg. Sorgeberechtigten o. Dritten;151;Anzahl;MFG001;Maßnahmen des Familiengerichts bei Kindeswohlgef.
22522;Statistik der Pflegeerlaubnis, Vormundschaften etc;JAHR;Jahr;2023;DLAND;Bundesländer;10;Saarland;MNHFG1;Art der eingeleiteten Maßnahmen;MNH-GEVE;Ge- oder Verbote gg. Sorgeberechtigten o. Dritten;69;Anzahl;MFG001;Maßnahmen des Familiengerichts bei Kindeswohlgef.
22522;Statistik der Pflegeerlaubnis, Vormundschaften etc;JAHR;Jahr;2018;DLAND;Bundesländer;01;Schleswig-Holstein;MNHFG1;Art der eingeleiteten Maßnahmen;MNH-GEVE;Ge- oder Verbote gg. Sorgeberechtigten o. Dritten;143;Anzahl;MFG001;Maßnahmen des Familiengerichts bei Kindeswohlgef.
22522;Statistik der Pflegeerlaubnis, Vormundschaften etc;JAHR;Jahr;2021;DLAND;Bundesländer;12;Brandenburg;MNHFG1;Art der eingeleiteten Maßnahmen;;Insgesamt;775;Anzahl;MFG001;Maßnahmen des Familiengerichts bei Kindeswohlgef.
22522;Statistik der Pflegeerlaubnis, Vormundschaften etc;JAHR;Jahr;2022;DLAND;Bundesländer;05;Nordrhein-Westfalen;MNHFG1;Art der eingeleiteten Maßnahmen;MNH-SORGT;Teilw. Übertrag. d. Sorge auf Jugendamt o. Dritte;2280;Anzahl;MFG001;Maßnahmen des Familiengerichts bei Kindeswohlgef.
22522;Statistik der Pflegeerlaubnis, Vormundschaften etc;JAHR;Jahr;2014;DLAND;Bundesländer;16;Thüringen;MNHFG1;Art der eingeleiteten Maßnahmen;;Insgesamt;859;Anzahl;MFG001;Maßnahmen des Familiengerichts bei Kindeswohlgef.
22522;Statistik der Pflegeerlaubnis, Vormundschaften etc;JAHR;Jahr;2013;DLAND;Bundesländer;15;Sachsen-Anhalt;MNHFG1;Art der eingeleiteten Maßnahmen;;Insgesamt;680;Anzahl;MFG001;Maßnahmen des Familiengerichts bei Kindeswohlgef.
22522;Statistik der Pflegeerlaubnis, Vormundschaften etc;JAHR;Jahr;2014;DLAND;Bundesländer;10;Saarland;MNHFG1;Art der eingeleiteten Maßnahmen;MNH-SORGT;Teilw. Übertrag. d. Sorge auf Jugendamt o. Dritte;98;Anzahl;MFG001;Maßnahmen des Familiengerichts bei Kindeswohlgef.
22522;Statistik der Pflegeerlaubnis, Vormundschaften etc;JAHR;Jahr;2014;DLAND;Bundesländer;02;Hamburg;MNHFG1;Art der eingeleiteten Maßnahmen;MNH-KJH;Inanspruchnahme v. Lstg. d. Kinder- u. Jugendhilfe;283;Anzahl;MFG001;Maßnahmen des Familiengerichts bei Kindeswohlgef.
22522;Statistik der Pflegeerlaubnis, Vormundschaften etc;JAHR;Jahr;2013;DLAND;Bundesländer;03;Niedersachsen;MNHFG1;Art der eingeleiteten Maßnahmen;MNH-SORGT;Teilw. Übertrag. d. Sorge auf Jugendamt o. Dritte;565;Anzahl;MFG001;Maßnahmen des Familiengerichts bei Kindeswohlgef.
22522;Statistik der Pflegeerlaubnis, Vormundschaften etc;JAHR;Jahr;2023;DLAND;Bundesländer;12;Brandenburg;MNHFG1;Art der eingeleiteten Maßnahmen;MNH-SORGT;Teilw. Übertrag. d. Sorge auf Jugendamt o. Dritte;255;Anzahl;MFG001;Maßnahmen des Familiengerichts bei Kindeswohlgef.
22522;Statistik der Pflegeerlaubnis, Vormundschaften etc;JAHR;Jahr;2015;DLAND;Bundesländer;06;Hessen;MNHFG1;Art der eingeleiteten Maßnahmen;MNH-GEVE;Ge- oder Verbote gg. Sorgeberechtigten o. Dritten;178;Anzahl;MFG001;Maßnahmen des Familiengerichts bei Kindeswohlgef.
22522;Statistik der Pflegeerlaubnis, Vormundschaften etc;JAHR;Jahr;2021;DLAND;Bundesländer;02;Hamburg;MNHFG1;Art der eingeleiteten Maßnahmen;MNH-SORGV;Vollst. Übertrag. d. Sorge auf Jugendamt o. Dritte;225;Anzahl;MFG001;Maßnahmen des Familiengerichts bei Kindeswohlgef.
22522;Statistik der Pflegeerlaubnis, Vormundschaften etc;JAHR;Jahr;2016;DLAND;Bundesländer;08;Baden-Württemberg;MNHFG1;Art der eingeleiteten Maßnahmen;;Insgesamt;2703;Anzahl;MFG001;Maßnahmen des Familiengerichts bei Kindeswohlgef.
22522;Statistik der Pflegeerlaubnis, Vormundschaften etc;JAHR;Jahr;2019;DLAND;Bundesländer;10;Saarland;MNHFG1;Art der eingeleiteten Maßnahmen;MNH-GEVE;Ge- oder Verbote gg. Sorgeberechtigten o. Dritten;118;Anzahl;MFG001;Maßnahmen des Familiengerichts bei Kindeswohlgef.
22522;Statistik der Pflegeerlaubnis, Vormundschaften etc;JAHR;Jahr;2025;DLAND;Bundesländer;03;Niedersachsen;MNHFG1;Art der eingeleiteten Maßnahmen;MNH-SORGT;Teilw. Übertrag. d. Sorge auf Jugendamt o. Dritte;578;Anzahl;MFG001;Maßnahmen des Familiengerichts bei Kindeswohlgef.
22522;Statistik der Pflegeerlaubnis, Vormundschaften etc;JAHR;Jahr;2020;DLAND;Bundesländer;03;Niedersachsen;MNHFG1;Art der eingeleiteten Maßnahmen;MNH-SORGV;Vollst. Übertrag. d. Sorge auf Jugendamt o. Dritte;704;Anzahl;MFG001;Maßnahmen des Familiengerichts bei Kindeswohlgef.
22522;Statistik der Pflegeerlaubnis, Vormundschaften etc;JAHR;Jahr;2019;DLAND;Bundesländer;15;Sachsen-Anhalt;MNHFG1;Art der eingeleiteten Maßnahmen;MNH-KJH;Inanspruchnahme v. Lstg. d. Kinder- u. Jugendhilfe;312;Anzahl;MFG001;Maßnahmen des Familiengerichts bei Kindeswohlgef.
22522;Statistik der Pflegeerlaubnis, Vormundschaften etc;JAHR;Jahr;2024;DLAND;Bundesländer;05;Nordrhein-Westfalen;MNHFG1;Art der eingeleiteten Maßnahmen;;Insgesamt;8668;Anzahl;MFG001;Maßnahmen des Familiengerichts bei Kindeswohlgef.
22522;Statistik der Pflegeerlaubnis, Vormundschaften etc;JAHR;Jahr;2019;DLAND;Bundesländer;16;Thüringen;MNHFG1;Art der eingeleiteten Maßnahmen;MNH-SORGV;Vollst. Übertrag. d. Sorge auf Jugendamt o. Dritte;346;Anzahl;MFG001;Maßnahmen des Familiengerichts bei Kindeswohlgef.
22522;Statistik der Pflegeerlaubnis, Vormundschaften etc;JAHR;Jahr;2012;DLAND;Bundesländer;11;Berlin;MNHFG1;Art der eingeleiteten Maßnahmen;MNH-SORGT;Teilw. Übertrag. d. Sorge auf Jugendamt o. Dritte;603;Anzahl;MFG001;Maßnahmen des Familiengerichts bei Kindeswohlgef.
22522;Statistik der Pflegeerlaubnis, Vormundschaften etc;JAHR;Jahr;2025;DLAND;Bundesländer;13;Mecklenburg-Vorpommern;MNHFG1;Art der eingeleiteten Maßnahmen;MNH-KJH;Inanspruchnahme v. Lstg. d. Kinder- u. Jugendhilfe;102;Anzahl;MFG001;Maßnahmen des Familiengerichts bei Kindeswohlgef.
22522;Statistik der Pflegeerlaubnis, Vormundschaften etc;JAHR;Jahr;2019;DLAND;Bundesländer;08;Baden-Württemberg;MNHFG1;Art der eingeleiteten Maßnahmen;MNH-KJH;Inanspruchnahme v. Lstg. d. Kinder- u. Jugendhilfe;597;Anzahl;MFG001;Maßnahmen des Familiengerichts bei Kindeswohlgef.
22522;Statistik der Pflegeerlaubnis, Vormundschaften etc;JAHR;Jahr;2014;DLAND;Bundesländer;09;Bayern;MNHFG1;Art der eingeleiteten Maßnahmen;MNH-SORGT;Teilw. Übertrag. d. Sorge auf Jugendamt o. Dritte;1400;Anzahl;MFG001;Maßnahmen des Familiengerichts bei Kindeswohlgef.
22522;Statistik der Pflegeerlaubnis, Vormundschaften etc;JAHR;Jahr;2014;DLAND;Bundesländer;06;Hessen;MNHFG1;Art der eingeleiteten Maßnahmen;;Insgesamt;1316;Anzahl;MFG001;Maßnahmen des Familiengerichts bei Kindeswohlgef.
22522;Statistik der Pflegeerlaubnis, Vormundschaften etc;JAHR;Jahr;2019;DLAND;Bundesländer;11;Berlin;MNHFG1;Art der eingeleiteten Maßnahmen;MNH-GEVE;Ge- oder Verbote gg. Sorgeberechtigten o. Dritten;488;Anzahl;MFG001;Maßnahmen des Familiengerichts bei Kindeswohlgef.
22522;Statistik der Pflegeerlaubnis, Vormundschaften etc;JAHR;Jahr;2016;DLAND;Bundesländer;07;Rheinland-Pfalz;MNHFG1;Art der eingeleiteten Maßnahmen;MNH-GEVE;Ge- oder Verbote gg. Sorgeberechtigten o. Dritten;207;Anzahl;MFG001;Maßnahmen des Familiengerichts bei Kindeswohlgef.
22522;Statistik der Pflegeerlaubnis, Vormundschaften etc;JAHR;Jahr;2016;DLAND;Bundesländer;15;Sachsen-Anhalt;MNHFG1;Art der eingeleiteten Maßnahmen;MNH-GEVE;Ge- oder Verbote gg. Sorgeberechtigten o. Dritten;89;Anzahl;MFG001;Maßnahmen des Familiengerichts bei Kindeswohlgef.
22522;Statistik der Pflegeerlaubnis, Vormundschaften etc;JAHR;Jahr;2022;DLAND;Bundesländer;01;Schleswig-Holstein;MNHFG1;Art der eingeleiteten Maßnahmen;MNH-GEVE;Ge- oder Verbote gg. Sorgeberechtigten o. Dritten;103;Anzahl;MFG001;Maßnahmen des Familiengerichts bei Kindeswohlgef.
22522;Statistik der Pflegeerlaubnis, Vormundschaften etc;JAHR;Jahr;2023;DLAND;Bundesländer;08;Baden-Württemberg;MNHFG1;Art der eingeleiteten Maßnahmen;MNH-ERKL;Ersetzung von Erklärungen d. Sorgeberechtigten;175;Anzahl;MFG001;Maßnahmen des Familiengerichts bei Kindeswohlgef.
22522;Statistik der Pflegeerlaubnis, Vormundschaften etc;JAHR;Jahr;2014;DLAND;Bundesländer;13;Mecklenburg-Vorpommern;MNHFG1;Art der eingeleiteten Maßnahmen;MNH-SORGV;Vollst. Übertrag. d. Sorge auf Jugendamt o. Dritte;66;Anzahl;MFG001;Maßnahmen des Familiengerichts bei Kindeswohlgef.
22522;Statistik der Pflegeerlaubnis, Vormundschaften etc;JAHR;Jahr;2020;DLAND;Bundesländer;07;Rheinland-Pfalz;MNHFG1;Art der eingeleiteten Maßnahmen;MNH-KJH;Inanspruchnahme v. Lstg. d. Kinder- u. Jugendhilfe;613;Anzahl;MFG001;Maßnahmen des Familiengerichts bei Kindeswohlgef.
22522;Statistik der Pflegeerlaubnis, Vormundschaften etc;JAHR;Jahr;2022;DLAND;Bundesländer;09;Bayern;MNHFG1;Art der eingeleiteten Maßnahmen;MNH-KJH;Inanspruchnahme v. Lstg. d. Kinder- u. Jugendhilfe;620;Anzahl;MFG001;Maßnahmen des Familiengerichts bei Kindeswohlgef.
22522;Statistik der Pflegeerlaubnis, Vormundschaften etc;JAHR;Jahr;2020;DLAND;Bundesländer;06;Hessen;MNHFG1;Art der eingeleiteten Maßnahmen;MNH-GEVE;Ge- oder Verbote gg. Sorgeberechtigten o. Dritten;140;Anzahl;MFG001;Maßnahmen des Familiengerichts bei Kindeswohlgef.
22522;Statistik der Pflegeerlaubnis, Vormundschaften etc;JAHR;Jahr;2016;DLAND;Bundesländer;04;Bremen;MNHFG1;Art der eingeleiteten Maßnahmen;MNH-SORGV;Vollst. Übertrag. d. Sorge auf Jugendamt o. Dritte;124;Anzahl;MFG001;Maßnahmen des Familiengerichts bei Kindeswohlgef.
22522;Statistik der Pflegeerlaubnis, Vormundschaften etc;JAHR;Jahr;2018;DLAND;Bundesländer;14;Sachsen;MNHFG1;Art der eingeleiteten Maßnahmen;MNH-SORGT;Teilw. Übertrag. d. Sorge auf Jugendamt o. Dritte;424;Anzahl;MFG001;Maßnahmen des Familiengerichts bei Kindeswohlgef.
22522;Statistik der Pflegeerlaubnis, Vormundschaften etc;JAHR;Jahr;2020;DLAND;Bundesländer;14;Sachsen;MNHFG1;Art der eingeleiteten Maßnahmen;MNH-GEVE;Ge- oder Verbote gg. Sorgeberechtigten o. Dritten;198;Anzahl;MFG001;Maßnahmen des Familiengerichts bei Kindeswohlgef.
22522;Statistik der Pflegeerlaubnis, Vormundschaften etc;JAHR;Jahr;2015;DLAND;Bundesländer;05;Nordrhein-Westfalen;MNHFG1;Art der eingeleiteten Maßnahmen;MNH-GEVE;Ge- oder Verbote gg. Sorgeberechtigten o. Dritten;833;Anzahl;MFG001;Maßnahmen des Familiengerichts bei Kindeswohlgef.
22522;Statistik der Pflegeerlaubnis, Vormundschaften etc;JAHR;Jahr;2023;DLAND;Bundesländer;09;Bayern;MNHFG1;Art der eingeleiteten Maßnahmen;MNH-ERKL;Ersetzung von Erklärungen d. Sorgeberechtigten;107;Anzahl;MFG001;Maßnahmen des Familiengerichts bei Kindeswohlgef.
22522;Statistik der Pflegeerlaubnis, Vormundschaften etc;JAHR;Jahr;2016;DLAND;Bundesländer;11;Berlin;MNHFG1;Art der eingeleiteten Maßnahmen;MNH-KJH;Inanspruchnahme v. Lstg. d. Kinder- u. Jugendhilfe;787;Anzahl;MFG001;Maßnahmen des Familiengerichts bei Kindeswohlgef.
22522;Statistik der Pflegeerlaubnis, Vormundschaften etc;JAHR;Jahr;2023;DLAND;Bundesländer;02;Hamburg;MNHFG1;Art der eingeleiteten Maßnahmen;MNH-GEVE;Ge- oder Verbote gg. Sorgeberechtigten o. Dritten;176;Anzahl;MFG001;Maßnahmen des Familiengerichts bei Kindeswohlgef.
22522;Statistik der Pflegeerlaubnis, Vormundschaften etc;JAHR;Jahr;2020;DLAND;Bundesländer;05;Nordrhein-Westfalen;MNHFG1;Art der eingeleiteten Maßnahmen;MNH-ERKL;Ersetzung von Erklärungen d. Sorgeberechtigten;513;Anzahl;MFG001;Maßnahmen des Familiengerichts bei Kindeswohlgef.
22522;Statistik der Pflegeerlaubnis, Vormundschaften etc;JAHR;Jahr;2017;DLAND;Bundesländer;07;Rheinland-Pfalz;MNHFG1;Art der eingeleiteten Maßnahmen;MNH-SORGT;Teilw. Übertrag. d. Sorge auf Jugendamt o. Dritte;440;Anzahl;MFG001;Maßnahmen des Familiengerichts bei Kindeswohlgef.
22522;Statistik der Pflegeerlaubnis, Vormundschaften etc;JAHR;Jahr;2021;DLAND;Bundesländer;01;Schleswig-Holstein;MNHFG1;Art der eingeleiteten Maßnahmen;MNH-KJH;Inanspruchnahme v. Lstg. d. Kinder- u. Jugendhilfe;266;Anzahl;MFG001;Maßnahmen des Familiengerichts bei Kindeswohlgef.
22522;Statistik der Pflegeerlaubnis, Vormundschaften etc;JAHR;Jahr;2013;DLAND;Bundesländer;04;Bremen;MNHFG1;Art der eingeleiteten Maßnahmen;MNH-KJH;Inanspruchnahme v. Lstg. d. Kinder- u. Jugendhilfe;199;Anzahl;MFG001;Maßnahmen des Familiengerichts bei Kindeswohlgef.
22522;Statistik der Pflegeerlaubnis, Vormundschaften etc;JAHR;Jahr;2021;DLAND;Bundesländer;15;Sachsen-Anhalt;MNHFG1;Art der eingeleiteten Maßnahmen;MNH-KJH;Inanspruchnahme v. Lstg. d. Kinder- u. Jugendhilfe;375;Anzahl;MFG001;Maßnahmen des Familiengerichts bei Kindeswohlgef.
22522;Statistik der Pflegeerlaubnis, Vormundschaften etc;JAHR;Jahr;2012;DLAND;Bundesländer;10;Saarland;MNHFG1;Art der eingeleiteten Maßnahmen;MNH-ERKL;Ersetzung von Erklärungen d. Sorgeberechtigten;9;Anzahl;MFG001;Maßnahmen des Familiengerichts bei Kindeswohlgef.
22522;Statistik der Pflegeerlaubnis, Vormundschaften etc;JAHR;Jahr;2012;DLAND;Bundesländer;09;Bayern;MNHFG1;Art der eingeleiteten Maßnahmen;MNH-GEVE;Ge- oder Verbote gg. Sorgeberechtigten o. Dritten;816;Anzahl;MFG001;Maßnahmen des Familiengerichts bei Kindeswohlgef.
22522;Statistik der Pflegeerlaubnis, Vormundschaften etc;JAHR;Jahr;2018;DLAND;Bundesländer;03;Niedersachsen;MNHFG1;Art der eingeleiteten Maßnahmen;MNH-KJH;Inanspruchnahme v. Lstg. d. Kinder- u. Jugendhilfe;706;Anzahl;MFG001;Maßnahmen des Familiengerichts bei Kindeswohlgef.
22522;Statistik der Pflegeerlaubnis, Vormundschaften etc;JAHR;Jahr;2019;DLAND;Bundesländer;03;Niedersachsen;MNHFG1;Art der eingeleiteten Maßnahmen;MNH-GEVE;Ge- oder Verbote gg. Sorgeberechtigten o. Dritten;360;Anzahl;MFG001;Maßnahmen des Familiengerichts bei Kindeswohlgef.
22522;Statistik der Pflegeerlaubnis, Vormundschaften etc;JAHR;Jahr;2024;DLAND;Bundesländer;08;Baden-Württemberg;MNHFG1;Art der eingeleiteten Maßnahmen;MNH-KJH;Inanspruchnahme v. Lstg. d. Kinder- u. Jugendhilfe;661;Anzahl;MFG001;Maßnahmen des Familiengerichts bei Kindeswohlgef.
22522;Statistik der Pflegeerlaubnis, Vormundschaften etc;JAHR;Jahr;2023;DLAND;Bundesländer;07;Rheinland-Pfalz;MNHFG1;Art der eingeleiteten Maßnahmen;MNH-KJH;Inanspruchnahme v. Lstg. d. Kinder- u. Jugendhilfe;562;Anzahl;MFG001;Maßnahmen des Familiengerichts bei Kindeswohlgef.
22522;Statistik der Pflegeerlaubnis, Vormundschaften etc;JAHR;Jahr;2021;DLAND;Bundesländer;14;Sachsen;MNHFG1;Art der eingeleiteten Maßnahmen;MNH-ERKL;Ersetzung von Erklärungen d. Sorgeberechtigten;93;Anzahl;MFG001;Maßnahmen des Familiengerichts bei Kindeswohlgef.
22522;Statistik der Pflegeerlaubnis, Vormundschaften etc;JAHR;Jahr;2013;DLAND;Bundesländer;03;Niedersachsen;MNHFG1;Art der eingeleiteten Maßnahmen;MNH-ERKL;Ersetzung von Erklärungen d. Sorgeberechtigten;89;Anzahl;MFG001;Maßnahmen des Familiengerichts bei Kindeswohlgef.
22522;Statistik der Pflegeerlaubnis, Vormundschaften etc;JAHR;Jahr;2019;DLAND;Bundesländer;09;Bayern;MNHFG1;Art der eingeleiteten Maßnahmen;MNH-SORGT;Teilw. Übertrag. d. Sorge auf Jugendamt o. Dritte;1201;Anzahl;MFG001;Maßnahmen des Familiengerichts bei Kindeswohlgef.
22522;Statistik der Pflegeerlaubnis, Vormundschaften etc;JAHR;Jahr;2013;DLAND;Bundesländer;08;Baden-Württemberg;MNHFG1;Art der eingeleiteten Maßnahmen;;Insgesamt;2019;Anzahl;MFG001;Maßnahmen des Familiengerichts bei Kindeswohlgef.
22522;Statistik der Pflegeerlaubnis, Vormundschaften etc;JAHR;Jahr;2017;DLAND;Bundesländer;15;Sachsen-Anhalt;MNHFG1;Art der eingeleiteten Maßnahmen;MNH-ERKL;Ersetzung von Erklärungen d. Sorgeberechtigten;27;Anzahl;MFG001;Maßnahmen des Familiengerichts bei Kindeswohlgef.
22522;Statistik der Pflegeerlaubnis, Vormundschaften etc;JAHR;Jahr;2016;DLAND;Bundesländer;06;Hessen;MNHFG1;Art der eingeleiteten Maßnahmen;MNH-ERKL;Ersetzung von Erklärungen d. Sorgeberechtigten;47;Anzahl;MFG001;Maßnahmen des Familiengerichts bei Kindeswohlgef.
22522;Statistik der Pflegeerlaubnis, Vormundschaften etc;JAHR;Jahr;2012;DLAND;Bundesländer;07;Rheinland-Pfalz;MNHFG1;Art der eingeleiteten Maßnahmen;;Insgesamt;1674;Anzahl;MFG001;Maßnahmen des Familiengerichts bei Kindeswohlgef.
22522;Statistik der Pflegeerlaubnis, Vormundschaften etc;JAHR;Jahr;2015;DLAND;Bundesländer;10;Saarland;MNHFG1;Art der eingeleiteten Maßnahmen;MNH-KJH;Inanspruchnahme v. Lstg. d. Kinder- u. Jugendhilfe;269;Anzahl;MFG001;Maßnahmen des Familiengerichts bei Kindeswohlgef.
22522;Statistik der Pflegeerlaubnis, Vormundschaften etc;JAHR;Jahr;2020;DLAND;Bundesländer;04;Bremen;MNHFG1;Art der eingeleiteten Maßnahmen;;Insgesamt;1331;Anzahl;MFG001;Maßnahmen des Familiengerichts bei Kindeswohlgef.
22522;Statistik der Pflegeerlaubnis, Vormundschaften etc;JAHR;Jahr;2024;DLAND;Bundesländer;11;Berlin;MNHFG1;Art der eingeleiteten Maßnahmen;MNH-GEVE;Ge- oder Verbote gg. Sorgeberechtigten o. Dritten;236;Anzahl;MFG001;Maßnahmen des Familiengerichts bei Kindeswohlgef.
22522;Statistik der Pflegeerlaubnis, Vormundschaften etc;JAHR;Jahr;2015;DLAND;Bundesländer;14;Sachsen;MNHFG1;Art der eingeleiteten Maßnahmen;;Insgesamt;2105;Anzahl;MFG001;Maßnahmen des Familiengerichts bei Kindeswohlgef.
22522;Statistik der Pflegeerlaubnis, Vormundschaften etc;JAHR;Jahr;2025;DLAND;Bundesländer;04;Bremen;MNHFG1;Art der eingeleiteten Maßnahmen;MNH-GEVE;Ge- oder Verbote gg. Sorgeberechtigten o. Dritten;100;Anzahl;MFG001;Maßnahmen des Familiengerichts bei Kindeswohlgef.
22522;Statistik der Pflegeerlaubnis, Vormundschaften etc;JAHR;Jahr;2014;DLAND;Bundesländer;04;Bremen;MNHFG1;Art der eingeleiteten Maßnahmen;MNH-ERKL;Ersetzung von Erklärungen d. Sorgeberechtigten;19;Anzahl;MFG001;Maßnahmen des Familiengerichts bei Kindeswohlgef.
22522;Statistik der Pflegeerlaubnis, Vormundschaften etc;JAHR;Jahr;2015;DLAND;Bundesländer;01;Schleswig-Holstein;MNHFG1;Art der eingeleiteten Maßnahmen;MNH-SORGV;Vollst. Übertrag. d. Sorge auf Jugendamt o. Dritte;227;Anzahl;MFG001;Maßnahmen des Familiengerichts bei Kindeswohlgef.
22522;Statistik der Pflegeerlaubnis, Vormundschaften etc;JAHR;Jahr;2017;DLAND;Bundesländer;11;Berlin;MNHFG1;Art der eingeleiteten Maßnahmen;MNH-SORGT;Teilw. Übertrag. d. Sorge auf Jugendamt o. Dritte;604;Anzahl;MFG001;Maßnahmen des Familiengerichts bei Kindeswohlgef.
22522;Statistik der Pflegeerlaubnis, Vormundschaften etc;JAHR;Jahr;2014;DLAND;Bundesländer;12;Brandenburg;MNHFG1;Art der eingeleiteten Maßnahmen;MNH-ERKL;Ersetzung von Erklärungen d. Sorgeberechtigten;43;Anzahl;MFG001;Maßnahmen des Familiengerichts bei Kindeswohlgef.
22522;Statistik der Pflegeerlaubnis, Vormundschaften etc;JAHR;Jahr;2013;DLAND;Bundesländer;10;Saarland;MNHFG1;Art der eingeleiteten Maßnahmen;MNH-SORGV;Vollst. Übertrag. d. Sorge auf Jugendamt o. Dritte;327;Anzahl;MFG001;Maßnahmen des Familiengerichts bei Kindeswohlgef.
22522;Statistik der Pflegeerlaubnis, Vormundschaften etc;JAHR;Jahr;2019;DLAND;Bundesländer;05;Nordrhein-Westfalen;MNHFG1;Art der eingeleiteten Maßnahmen;;Insgesamt;9556;Anzahl;MFG001;Maßnahmen des Familiengerichts bei Kindeswohlgef.
22522;Statistik der Pflegeerlaubnis, Vormundschaften etc;JAHR;Jahr;2015;DLAND;Bundesländer;13;Mecklenburg-Vorpommern;MNHFG1;Art der eingeleiteten Maßnahmen;MNH-ERKL;Ersetzung von Erklärungen d. Sorgeberechtigten;16;Anzahl;MFG001;Maßnahmen des Familiengerichts bei Kindeswohlgef.
22522;Statistik der Pflegeerlaubnis, Vormundschaften etc;JAHR;Jahr;2019;DLAND;Bundesländer;13;Mecklenburg-Vorpommern;MNHFG1;Art der eingeleiteten Maßnahmen;MNH-SORGT;Teilw. Übertrag. d. Sorge auf Jugendamt o. Dritte;112;Anzahl;MFG001;Maßnahmen des Familiengerichts bei Kindeswohlgef.
22522;Statistik der Pflegeerlaubnis, Vormundschaften etc;JAHR;Jahr;2025;DLAND;Bundesländer;03;Niedersachsen;MNHFG1;Art der eingeleiteten Maßnahmen;;Insgesamt;2284;Anzahl;MFG001;Maßnahmen des Familiengerichts bei Kindeswohlgef.
22522;Statistik der Pflegeerlaubnis, Vormundschaften etc;JAHR;Jahr;2013;DLAND;Bundesländer;06;Hessen;MNHFG1;Art der eingeleiteten Maßnahmen;MNH-SORGV;Vollst. Übertrag. d. Sorge auf Jugendamt o. Dritte;301;Anzahl;MFG001;Maßnahmen des Familiengerichts bei Kindeswohlgef.
22522;Statistik der Pflegeerlaubnis, Vormundschaften etc;JAHR;Jahr;2019;DLAND;Bundesländer;02;Hamburg;MNHFG1;Art der eingeleiteten Maßnahmen;MNH-KJH;Inanspruchnahme v. Lstg. d. Kinder- u. Jugendhilfe;303;Anzahl;MFG001;Maßnahmen des Familiengerichts bei Kindeswohlgef.
22522;Statistik der Pflegeerlaubnis, Vormundschaften etc;JAHR;Jahr;2024;DLAND;Bundesländer;06;Hessen;MNHFG1;Art der eingeleiteten Maßnahmen;MNH-KJH;Inanspruchnahme v. Lstg. d. Kinder- u. Jugendhilfe;401;Anzahl;MFG001;Maßnahmen des Familiengerichts bei Kindeswohlgef.
22522;Statistik der Pflegeerlaubnis, Vormundschaften etc;JAHR;Jahr;2025;DLAND;Bundesländer;02;Hamburg;MNHFG1;Art der eingeleiteten Maßnahmen;MNH-SORGV;Vollst. Übertrag. d. Sorge auf Jugendamt o. Dritte;268;Anzahl;MFG001;Maßnahmen des Familiengerichts bei Kindeswohlgef.
22522;Statistik der Pflegeerlaubnis, Vormundschaften etc;JAHR;Jahr;2014;DLAND;Bundesländer;02;Hamburg;MNHFG1;Art der eingeleiteten Maßnahmen;MNH-GEVE;Ge- oder Verbote gg. Sorgeberechtigten o. Dritten;124;Anzahl;MFG001;Maßnahmen des Familiengerichts bei Kindeswohlgef.
22522;Statistik der Pflegeerlaubnis, Vormundschaften etc;JAHR;Jahr;2025;DLAND;Bundesländer;15;Sachsen-Anhalt;MNHFG1;Art der eingeleiteten Maßnahmen;MNH-GEVE;Ge- oder Verbote gg. Sorgeberechtigten o. Dritten;138;Anzahl;MFG001;Maßnahmen des Familiengerichts bei Kindeswohlgef.
22522;Statistik der Pflegeerlaubnis, Vormundschaften etc;JAHR;Jahr;2014;DLAND;Bundesländer;12;Brandenburg;MNHFG1;Art der eingeleiteten Maßnahmen;;Insgesamt;864;Anzahl;MFG001;Maßnahmen des Familiengerichts bei Kindeswohlgef.
22522;Statistik der Pflegeerlaubnis, Vormundschaften etc;JAHR;Jahr;2020;DLAND;Bundesländer;02;Hamburg;MNHFG1;Art der eingeleiteten Maßnahmen;MNH-KJH;Inanspruchnahme v. Lstg. d. Kinder- u. Jugendhilfe;328;Anzahl;MFG001;Maßnahmen des Familiengerichts bei Kindeswohlgef.
22522;Statistik der Pflegeerlaubnis, Vormundschaften etc;JAHR;Jahr;2019;DLAND;Bundesländer;07;Rheinland-Pfalz;MNHFG1;Art der eingeleiteten Maßnahmen;MNH-GEVE;Ge- oder Verbote gg. Sorgeberechtigten o. Dritten;336;Anzahl;MFG001;Maßnahmen des Familiengerichts bei Kindeswohlgef.
22522;Statistik der Pflegeerlaubnis, Vormundschaften etc;JAHR;Jahr;2024;DLAND;Bundesländer;12;Brandenburg;MNHFG1;Art der eingeleiteten Maßnahmen;MNH-ERKL;Ersetzung von Erklärungen d. Sorgeberechtigten;38;Anzahl;MFG001;Maßnahmen des Familiengerichts bei Kindeswohlgef.
22522;Statistik der Pflegeerlaubnis, Vormundschaften etc;JAHR;Jahr;2013;DLAND;Bundesländer;15;Sachsen-Anhalt;MNHFG1;Art der eingeleiteten Maßnahmen;MNH-GEVE;Ge- oder Verbote gg. Sorgeberechtigten o. Dritten;77;Anzahl;MFG001;Maßnahmen des Familiengerichts bei Kindeswohlgef.
22522;Statistik der Pflegeerlaubnis, Vormundschaften etc;JAHR;Jahr;2014;DLAND;Bundesländer;11;Berlin;MNHFG1;Art der eingeleiteten Maßnahmen;;Insgesamt;2638;Anzahl;MFG001;Maßnahmen des Familiengerichts bei Kindeswohlgef.
22522;Statistik der Pflegeerlaubnis, Vormundschaften etc;JAHR;Jahr;2025;DLAND;Bundesländer;16;Thüringen;MNHFG1;Art der eingeleiteten Maßnahmen;MNH-KJH;Inanspruchnahme v. Lstg. d. Kinder- u. Jugendhilfe;151;Anzahl;MFG001;Maßnahmen des Familiengerichts bei Kindeswohlgef.
22522;Statistik der Pflegeerlaubnis, Vormundschaften etc;JAHR;Jahr;2018;DLAND;Bundesländer;15;Sachsen-Anhalt;MNHFG1;Art der eingeleiteten Maßnahmen;;Insgesamt;972;Anzahl;MFG001;Maßnahmen des Familiengerichts bei Kindeswohlgef.
22522;Statistik der Pflegeerlaubnis, Vormundschaften etc;JAHR;Jahr;2014;DLAND;Bundesländer;14;Sachsen;MNHFG1;Art der eingeleiteten Maßnahmen;MNH-SORGT;Teilw. Übertrag. d. Sorge auf Jugendamt o. Dritte;397;Anzahl;MFG001;Maßnahmen des Familiengerichts bei Kindeswohlgef.
22522;Statistik der Pflegeerlaubnis, Vormundschaften etc;JAHR;Jahr;2017;DLAND;Bundesländer;08;Baden-Württemberg;MNHFG1;Art der eingeleiteten Maßnahmen;MNH-ERKL;Ersetzung von Erklärungen d. Sorgeberechtigten;73;Anzahl;MFG001;Maßnahmen des Familiengerichts bei Kindeswohlgef.
22522;Statistik der Pflegeerlaubnis, Vormundschaften etc;JAHR;Jahr;2021;DLAND;Bundesländer;07;Rheinland-Pfalz;MNHFG1;Art der eingeleiteten Maßnahmen;MNH-ERKL;Ersetzung von Erklärungen d. Sorgeberechtigten;119;Anzahl;MFG001;Maßnahmen des Familiengerichts bei Kindeswohlgef.
22522;Statistik der Pflegeerlaubnis, Vormundschaften etc;JAHR;Jahr;2023;DLAND;Bundesländer;06;Hessen;MNHFG1;Art der eingeleiteten Maßnahmen;MNH-GEVE;Ge- oder Verbote gg. Sorgeberechtigten o. Dritten;210;Anzahl;MFG001;Maßnahmen des Familiengerichts bei Kindeswohlgef.
22522;Statistik der Pflegeerlaubnis, Vormundschaften etc;JAHR;Jahr;2022;DLAND;Bundesländer;07;Rheinland-Pfalz;MNHFG1;Art der eingeleiteten Maßnahmen;MNH-ERKL;Ersetzung von Erklärungen d. Sorgeberechtigten;101;Anzahl;MFG001;Maßnahmen des Familiengerichts bei Kindeswohlgef.
22522;Statistik der Pflegeerlaubnis, Vormundschaften etc;JAHR;Jahr;2012;DLAND;Bundesländer;12;Brandenburg;MNHFG1;Art der eingeleiteten Maßnahmen;MNH-ERKL;Ersetzung von Erklärungen d. Sorgeberechtigten;68;Anzahl;MFG001;Maßnahmen des Familiengerichts bei Kindeswohlgef.
22522;Statistik der Pflegeerlaubnis, Vormundschaften etc;JAHR;Jahr;2020;DLAND;Bundesländer;03;Niedersachsen;MNHFG1;Art der eingeleiteten Maßnahmen;MNH-SORGT;Teilw. Übertrag. d. Sorge auf Jugendamt o. Dritte;611;Anzahl;MFG001;Maßnahmen des Familiengerichts bei Kindeswohlgef.
22522;Statistik der Pflegeerlaubnis, Vormundschaften etc;JAHR;Jahr;2019;DLAND;Bundesländer;01;Schleswig-Holstein;MNHFG1;Art der eingeleiteten Maßnahmen;MNH-KJH;Inanspruchnahme v. Lstg. d. Kinder- u. Jugendhilfe;368;Anzahl;MFG001;Maßnahmen des Familiengerichts bei Kindeswohlgef.
22522;Statistik der Pflegeerlaubnis, Vormundschaften etc;JAHR;Jahr;2013;DLAND;Bundesländer;03;Niedersachsen;MNHFG1;Art der eingeleiteten Maßnahmen;;Insgesamt;2134;Anzahl;MFG001;Maßnahmen des Familiengerichts bei Kindeswohlgef.
22522;Statistik der Pflegeerlaubnis, Vormundschaften etc;JAHR;Jahr;2024;DLAND;Bundesländer;03;Niedersachsen;MNHFG1;Art der eingeleiteten Maßnahmen;MNH-ERKL;Ersetzung von Erklärungen d. Sorgeberechtigten;226;Anzahl;MFG001;Maßnahmen des Familiengerichts bei Kindeswohlgef.
22522;Statistik der Pflegeerlaubnis, Vormundschaften etc;JAHR;Jahr;2024;DLAND;Bundesländer;07;Rheinland-Pfalz;MNHFG1;Art der eingeleiteten Maßnahmen;MNH-KJH;Inanspruchnahme v. Lstg. d. Kinder- u. Jugendhilfe;610;Anzahl;MFG001;Maßnahmen des Familiengerichts bei Kindeswohlgef.
22522;Statistik der Pflegeerlaubnis, Vormundschaften etc;JAHR;Jahr;2020;DLAND;Bundesländer;03;Niedersachsen;MNHFG1;Art der eingeleiteten Maßnahmen;MNH-KJH;Inanspruchnahme v. Lstg. d. Kinder- u. Jugendhilfe;710;Anzahl;MFG001;Maßnahmen des Familiengerichts bei Kindeswohlgef.
22522;Statistik der Pflegeerlaubnis, Vormundschaften etc;JAHR;Jahr;2012;DLAND;Bundesländer;03;Niedersachsen;MNHFG1;Art der eingeleiteten Maßnahmen;MNH-ERKL;Ersetzung von Erklärungen d. Sorgeberechtigten;93;Anzahl;MFG001;Maßnahmen des Familiengerichts bei Kindeswohlgef.
22522;Statistik der Pflegeerlaubnis, Vormundschaften etc;JAHR;Jahr;2014;DLAND;Bundesländer;11;Berlin;MNHFG1;Art der eingeleiteten Maßnahmen;MNH-GEVE;Ge- oder Verbote gg. Sorgeberechtigten o. Dritten;375;Anzahl;MFG001;Maßnahmen des Familiengerichts bei Kindeswohlgef.
22522;Statistik der Pflegeerlaubnis, Vormundschaften etc;JAHR;Jahr;2014;DLAND;Bundesländer;10;Saarland;MNHFG1;Art der eingeleiteten Maßnahmen;;Insgesamt;657;Anzahl;MFG001;Maßnahmen des Familiengerichts bei Kindeswohlgef.
22522;Statistik der Pflegeerlaubnis, Vormundschaften etc;JAHR;Jahr;2018;DLAND;Bundesländer;09;Bayern;MNHFG1;Art der eingeleiteten Maßnahmen;MNH-KJH;Inanspruchnahme v. Lstg. d. Kinder- u. Jugendhilfe;682;Anzahl;MFG001;Maßnahmen des Familiengerichts bei Kindeswohlgef.
22522;Statistik der Pflegeerlaubnis, Vormundschaften etc;JAHR;Jahr;2012;DLAND;Bundesländer;03;Niedersachsen;MNHFG1;Art der eingeleiteten Maßnahmen;MNH-SORGV;Vollst. Übertrag. d. Sorge auf Jugendamt o. Dritte;447;Anzahl;MFG001;Maßnahmen des Familiengerichts bei Kindeswohlgef.
22522;Statistik der Pflegeerlaubnis, Vormundschaften etc;JAHR;Jahr;2018;DLAND;Bundesländer;08;Baden-Württemberg;MNHFG1;Art der eingeleiteten Maßnahmen;MNH-ERKL;Ersetzung von Erklärungen d. Sorgeberechtigten;72;Anzahl;MFG001;Maßnahmen des Familiengerichts bei Kindeswohlgef.
22522;Statistik der Pflegeerlaubnis, Vormundschaften etc;JAHR;Jahr;2012;DLAND;Bundesländer;08;Baden-Württemberg;MNHFG1;Art der eingeleiteten Maßnahmen;;Insgesamt;1994;Anzahl;MFG001;Maßnahmen des Familiengerichts bei Kindeswohlgef.
22522;Statistik der Pflegeerlaubnis, Vormundschaften etc;JAHR;Jahr;2025;DLAND;Bundesländer;14;Sachsen;MNHFG1;Art der eingeleiteten Maßnahmen;MNH-KJH;Inanspruchnahme v. Lstg. d. Kinder- u. Jugendhilfe;297;Anzahl;MFG001;Maßnahmen des Familiengerichts bei Kindeswohlgef.
22522;Statistik der Pflegeerlaubnis, Vormundschaften etc;JAHR;Jahr;2015;DLAND;Bundesländer;14;Sachsen;MNHFG1;Art der eingeleiteten Maßnahmen;MNH-SORGT;Teilw. Übertrag. d. Sorge auf Jugendamt o. Dritte;498;Anzahl;MFG001;Maßnahmen des Familiengerichts bei Kindeswohlgef.
22522;Statistik der Pflegeerlaubnis, Vormundschaften etc;JAHR;Jahr;2020;DLAND;Bundesländer;06;Hessen;MNHFG1;Art der eingeleiteten Maßnahmen;MNH-SORGV;Vollst. Übertrag. d. Sorge auf Jugendamt o. Dritte;438;Anzahl;MFG001;Maßnahmen des Familiengerichts bei Kindeswohlgef.
22522;Statistik der Pflegeerlaubnis, Vormundschaften etc;JAHR;Jahr;2016;DLAND;Bundesländer;02;Hamburg;MNHFG1;Art der eingeleiteten Maßnahmen;MNH-GEVE;Ge- oder Verbote gg. Sorgeberechtigten o. Dritten;156;Anzahl;MFG001;Maßnahmen des Familiengerichts bei Kindeswohlgef.
22522;Statistik der Pflegeerlaubnis, Vormundschaften etc;JAHR;Jahr;2015;DLAND;Bundesländer;12;Brandenburg;MNHFG1;Art der eingeleiteten Maßnahmen;MNH-ERKL;Ersetzung von Erklärungen d. Sorgeberechtigten;63;Anzahl;MFG001;Maßnahmen des Familiengerichts bei Kindeswohlgef.
22522;Statistik der Pflegeerlaubnis, Vormundschaften etc;JAHR;Jahr;2021;DLAND;Bundesländer;10;Saarland;MNHFG1;Art der eingeleiteten Maßnahmen;MNH-KJH;Inanspruchnahme v. Lstg. d. Kinder- u. Jugendhilfe;187;Anzahl;MFG001;Maßnahmen des Familiengerichts bei Kindeswohlgef.
22522;Statistik der Pflegeerlaubnis, Vormundschaften etc;JAHR;Jahr;2025;DLAND;Bundesländer;03;Niedersachsen;MNHFG1;Art der eingeleiteten Maßnahmen;MNH-ERKL;Ersetzung von Erklärungen d. Sorgeberechtigten;122;Anzahl;MFG001;Maßnahmen des Familiengerichts bei Kindeswohlgef.
22522;Statistik der Pflegeerlaubnis, Vormundschaften etc;JAHR;Jahr;2018;DLAND;Bundesländer;02;Hamburg;MNHFG1;Art der eingeleiteten Maßnahmen;MNH-SORGV;Vollst. Übertrag. d. Sorge auf Jugendamt o. Dritte;192;Anzahl;MFG001;Maßnahmen des Familiengerichts bei Kindeswohlgef.
22522;Statistik der Pflegeerlaubnis, Vormundschaften etc;JAHR;Jahr;2013;DLAND;Bundesländer;04;Bremen;MNHFG1;Art der eingeleiteten Maßnahmen;;Insgesamt;622;Anzahl;MFG001;Maßnahmen des Familiengerichts bei Kindeswohlgef.
22522;Statistik der Pflegeerlaubnis, Vormundschaften etc;JAHR;Jahr;2018;DLAND;Bundesländer;08;Baden-Württemberg;MNHFG1;Art der eingeleiteten Maßnahmen;MNH-KJH;Inanspruchnahme v. Lstg. d. Kinder- u. Jugendhilfe;550;Anzahl;MFG001;Maßnahmen des Familiengerichts bei Kindeswohlgef.
22522;Statistik der Pflegeerlaubnis, Vormundschaften etc;JAHR;Jahr;2017;DLAND;Bundesländer;07;Rheinland-Pfalz;MNHFG1;Art der eingeleiteten Maßnahmen;MNH-GEVE;Ge- oder Verbote gg. Sorgeberechtigten o. Dritten;210;Anzahl;MFG001;Maßnahmen des Familiengerichts bei Kindeswohlgef.
22522;Statistik der Pflegeerlaubnis, Vormundschaften etc;JAHR;Jahr;2019;DLAND;Bundesländer;10;Saarland;MNHFG1;Art der eingeleiteten Maßnahmen;MNH-SORGT;Teilw. Übertrag. d. Sorge auf Jugendamt o. Dritte;104;Anzahl;MFG001;Maßnahmen des Familiengerichts bei Kindeswohlgef.
22522;Statistik der Pflegeerlaubnis, Vormundschaften etc;JAHR;Jahr;2019;DLAND;Bundesländer;04;Bremen;MNHFG1;Art der eingeleiteten Maßnahmen;MNH-KJH;Inanspruchnahme v. Lstg. d. Kinder- u. Jugendhilfe;330;Anzahl;MFG001;Maßnahmen des Familiengerichts bei Kindeswohlgef.
22522;Statistik der Pflegeerlaubnis, Vormundschaften etc;JAHR;Jahr;2022;DLAND;Bundesländer;06;Hessen;MNHFG1;Art der eingeleiteten Maßnahmen;;Insgesamt;1310;Anzahl;MFG001;Maßnahmen des Familiengerichts bei Kindeswohlgef.
22522;Statistik der Pflegeerlaubnis, Vormundschaften etc;JAHR;Jahr;2017;DLAND;Bundesländer;02;Hamburg;MNHFG1;Art der eingeleiteten Maßnahmen;;Insgesamt;1184;Anzahl;MFG001;Maßnahmen des Familiengerichts bei Kindeswohlgef.
22522;Statistik der Pflegeerlaubnis, Vormundschaften etc;JAHR;Jahr;2015;DLAND;Bundesländer;08;Baden-Württemberg;MNHFG1;Art der eingeleiteten Maßnahmen;MNH-ERKL;Ersetzung von Erklärungen d. Sorgeberechtigten;98;Anzahl;MFG001;Maßnahmen des Familiengerichts bei Kindeswohlgef.
22522;Statistik der Pflegeerlaubnis, Vormundschaften etc;JAHR;Jahr;2014;DLAND;Bundesländer;09;Bayern;MNHFG1;Art der eingeleiteten Maßnahmen;MNH-KJH;Inanspruchnahme v. Lstg. d. Kinder- u. Jugendhilfe;827;Anzahl;MFG001;Maßnahmen des Familiengerichts bei Kindeswohlgef.
22522;Statistik der Pflegeerlaubnis, Vormundschaften etc;JAHR;Jahr;2014;DLAND;Bundesländer;04;Bremen;MNHFG1;Art der eingeleiteten Maßnahmen;MNH-KJH;Inanspruchnahme v. Lstg. d. Kinder- u. Jugendhilfe;197;Anzahl;MFG001;Maßnahmen des Familiengerichts bei Kindeswohlgef.
22522;Statistik der Pflegeerlaubnis, Vormundschaften etc;JAHR;Jahr;2019;DLAND;Bundesländer;09;Bayern;MNHFG1;Art der eingeleiteten Maßnahmen;MNH-SORGV;Vollst. Übertrag. d. Sorge auf Jugendamt o. Dritte;585;Anzahl;MFG001;Maßnahmen des Familiengerichts bei Kindeswohlgef.
22522;Statistik der Pflegeerlaubnis, Vormundschaften etc;JAHR;Jahr;2013;DLAND;Bundesländer;07;Rheinland-Pfalz;MNHFG1;Art der eingeleiteten Maßnahmen;MNH-SORGT;Teilw. Übertrag. d. Sorge auf Jugendamt o. Dritte;514;Anzahl;MFG001;Maßnahmen des Familiengerichts bei Kindeswohlgef.
22522;Statistik der Pflegeerlaubnis, Vormundschaften etc;JAHR;Jahr;2024;DLAND;Bundesländer;02;Hamburg;MNHFG1;Art der eingeleiteten Maßnahmen;MNH-SORGV;Vollst. Übertrag. d. Sorge auf Jugendamt o. Dritte;221;Anzahl;MFG001;Maßnahmen des Familiengerichts bei Kindeswohlgef.
22522;Statistik der Pflegeerlaubnis, Vormundschaften etc;JAHR;Jahr;2021;DLAND;Bundesländer;06;Hessen;MNHFG1;Art der eingeleiteten Maßnahmen;MNH-GEVE;Ge- oder Verbote gg. Sorgeberechtigten o. Dritten;210;Anzahl;MFG001;Maßnahmen des Familiengerichts bei Kindeswohlgef.
22522;Statistik der Pflegeerlaubnis, Vormundschaften etc;JAHR;Jahr;2013;DLAND;Bundesländer;06;Hessen;MNHFG1;Art der eingeleiteten Maßnahmen;MNH-GEVE;Ge- oder Verbote gg. Sorgeberechtigten o. Dritten;184;Anzahl;MFG001;Maßnahmen des Familiengerichts bei Kindeswohlgef.
22522;Statistik der Pflegeerlaubnis, Vormundschaften etc;JAHR;Jahr;2017;DLAND;Bundesländer;09;Bayern;MNHFG1;Art der eingeleiteten Maßnahmen;;Insgesamt;3466;Anzahl;MFG001;Maßnahmen des Familiengerichts bei Kindeswohlgef.
22522;Statistik der Pflegeerlaubnis, Vormundschaften etc;JAHR;Jahr;2020;DLAND;Bundesländer;01;Schleswig-Holstein;MNHFG1;Art der eingeleiteten Maßnahmen;MNH-KJH;Inanspruchnahme v. Lstg. d. Kinder- u. Jugendhilfe;351;Anzahl;MFG001;Maßnahmen des Familiengerichts bei Kindeswohlgef.
22522;Statistik der Pflegeerlaubnis, Vormundschaften etc;JAHR;Jahr;2020;DLAND;Bundesländer;10;Saarland;MNHFG1;Art der eingeleiteten Maßnahmen;MNH-SORGV;Vollst. Übertrag. d. Sorge auf Jugendamt o. Dritte;120;Anzahl;MFG001;Maßnahmen des Familiengerichts bei Kindeswohlgef.
22522;Statistik der Pflegeerlaubnis, Vormundschaften etc;JAHR;Jahr;2024;DLAND;Bundesländer;05;Nordrhein-Westfalen;MNHFG1;Art der eingeleiteten Maßnahmen;MNH-KJH;Inanspruchnahme v. Lstg. d. Kinder- u. Jugendhilfe;2773;Anzahl;MFG001;Maßnahmen des Familiengerichts bei Kindeswohlgef.
22522;Statistik der Pflegeerlaubnis, Vormundschaften etc;JAHR;Jahr;2024;DLAND;Bundesländer;07;Rheinland-Pfalz;MNHFG1;Art der eingeleiteten Maßnahmen;MNH-ERKL;Ersetzung von Erklärungen d. Sorgeberechtigten;126;Anzahl;MFG001;Maßnahmen des Familiengerichts bei Kindeswohlgef.
22522;Statistik der Pflegeerlaubnis, Vormundschaften etc;JAHR;Jahr;2021;DLAND;Bundesländer;14;Sachsen;MNHFG1;Art der eingeleiteten Maßnahmen;MNH-SORGT;Teilw. Übertrag. d. Sorge auf Jugendamt o. Dritte;477;Anzahl;MFG001;Maßnahmen des Familiengerichts bei Kindeswohlgef.
22522;Statistik der Pflegeerlaubnis, Vormundschaften etc;JAHR;Jahr;2025;DLAND;Bundesländer;01;Schleswig-Holstein;MNHFG1;Art der eingeleiteten Maßnahmen;MNH-KJH;Inanspruchnahme v. Lstg. d. Kinder- u. Jugendhilfe;322;Anzahl;MFG001;Maßnahmen des Familiengerichts bei Kindeswohlgef.
22522;Statistik der Pflegeerlaubnis, Vormundschaften etc;JAHR;Jahr;2016;DLAND;Bundesländer;14;Sachsen;MNHFG1;Art der eingeleiteten Maßnahmen;MNH-SORGT;Teilw. Übertrag. d. Sorge auf Jugendamt o. Dritte;384;Anzahl;MFG001;Maßnahmen des Familiengerichts bei Kindeswohlgef.
22522;Statistik der Pflegeerlaubnis, Vormundschaften etc;JAHR;Jahr;2025;DLAND;Bundesländer;15;Sachsen-Anhalt;MNHFG1;Art der eingeleiteten Maßnahmen;MNH-KJH;Inanspruchnahme v. Lstg. d. Kinder- u. Jugendhilfe;176;Anzahl;MFG001;Maßnahmen des Familiengerichts bei Kindeswohlgef.
22522;Statistik der Pflegeerlaubnis, Vormundschaften etc;JAHR;Jahr;2012;DLAND;Bundesländer;09;Bayern;MNHFG1;Art der eingeleiteten Maßnahmen;;Insgesamt;5509;Anzahl;MFG001;Maßnahmen des Familiengerichts bei Kindeswohlgef.
22522;Statistik der Pflegeerlaubnis, Vormundschaften etc;JAHR;Jahr;2024;DLAND;Bundesländer;02;Hamburg;MNHFG1;Art der eingeleiteten Maßnahmen;MNH-GEVE;Ge- oder Verbote gg. Sorgeberechtigten o. Dritten;201;Anzahl;MFG001;Maßnahmen des Familiengerichts bei Kindeswohlgef.
22522;Statistik der Pflegeerlaubnis, Vormundschaften etc;JAHR;Jahr;2022;DLAND;Bundesländer;03;Niedersachsen;MNHFG1;Art der eingeleiteten Maßnahmen;MNH-ERKL;Ersetzung von Erklärungen d. Sorgeberechtigten;115;Anzahl;MFG001;Maßnahmen des Familiengerichts bei Kindeswohlgef.
22522;Statistik der Pflegeerlaubnis, Vormundschaften etc;JAHR;Jahr;2018;DLAND;Bundesländer;04;Bremen;MNHFG1;Art der eingeleiteten Maßnahmen;MNH-ERKL;Ersetzung von Erklärungen d. Sorgeberechtigten;87;Anzahl;MFG001;Maßnahmen des Familiengerichts bei Kindeswohlgef.
22522;Statistik der Pflegeerlaubnis, Vormundschaften etc;JAHR;Jahr;2014;DLAND;Bundesländer;07;Rheinland-Pfalz;MNHFG1;Art der eingeleiteten Maßnahmen;MNH-SORGT;Teilw. Übertrag. d. Sorge auf Jugendamt o. Dritte;490;Anzahl;MFG001;Maßnahmen des Familiengerichts bei Kindeswohlgef.
22522;Statistik der Pflegeerlaubnis, Vormundschaften etc;JAHR;Jahr;2019;DLAND;Bundesländer;06;Hessen;MNHFG1;Art der eingeleiteten Maßnahmen;MNH-SORGT;Teilw. Übertrag. d. Sorge auf Jugendamt o. Dritte;469;Anzahl;MFG001;Maßnahmen des Familiengerichts bei Kindeswohlgef.
22522;Statistik der Pflegeerlaubnis, Vormundschaften etc;JAHR;Jahr;2014;DLAND;Bundesländer;03;Niedersachsen;MNHFG1;Art der eingeleiteten Maßnahmen;MNH-KJH;Inanspruchnahme v. Lstg. d. Kinder- u. Jugendhilfe;591;Anzahl;MFG001;Maßnahmen des Familiengerichts bei Kindeswohlgef.
22522;Statistik der Pflegeerlaubnis, Vormundschaften etc;JAHR;Jahr;2025;DLAND;Bundesländer;08;Baden-Württemberg;MNHFG1;Art der eingeleiteten Maßnahmen;MNH-ERKL;Ersetzung von Erklärungen d. Sorgeberechtigten;138;Anzahl;MFG001;Maßnahmen des Familiengerichts bei Kindeswohlgef.
22522;Statistik der Pflegeerlaubnis, Vormundschaften etc;JAHR;Jahr;2023;DLAND;Bundesländer;02;Hamburg;MNHFG1;Art der eingeleiteten Maßnahmen;MNH-SORGV;Vollst. Übertrag. d. Sorge auf Jugendamt o. Dritte;206;Anzahl;MFG001;Maßnahmen des Familiengerichts bei Kindeswohlgef.
22522;Statistik der Pflegeerlaubnis, Vormundschaften etc;JAHR;Jahr;2013;DLAND;Bundesländer;14;Sachsen;MNHFG1;Art der eingeleiteten Maßnahmen;MNH-SORGV;Vollst. Übertrag. d. Sorge auf Jugendamt o. Dritte;471;Anzahl;MFG001;Maßnahmen des Familiengerichts bei Kindeswohlgef.
22522;Statistik der Pflegeerlaubnis, Vormundschaften etc;JAHR;Jahr;2021;DLAND;Bundesländer;11;Berlin;MNHFG1;Art der eingeleiteten Maßnahmen;MNH-KJH;Inanspruchnahme v. Lstg. d. Kinder- u. Jugendhilfe;401;Anzahl;MFG001;Maßnahmen des Familiengerichts bei Kindeswohlgef.
22522;Statistik der Pflegeerlaubnis, Vormundschaften etc;JAHR;Jahr;2022;DLAND;Bundesländer;05;Nordrhein-Westfalen;MNHFG1;Art der eingeleiteten Maßnahmen;;Insgesamt;8369;Anzahl;MFG001;Maßnahmen des Familiengerichts bei Kindeswohlgef.
22522;Statistik der Pflegeerlaubnis, Vormundschaften etc;JAHR;Jahr;2019;DLAND;Bundesländer;13;Mecklenburg-Vorpommern;MNHFG1;Art der eingeleiteten Maßnahmen;MNH-SORGV;Vollst. Übertrag. d. Sorge auf Jugendamt o. Dritte;99;Anzahl;MFG001;Maßnahmen des Familiengerichts bei Kindeswohlgef.
22522;Statistik der Pflegeerlaubnis, Vormundschaften etc;JAHR;Jahr;2020;DLAND;Bundesländer;01;Schleswig-Holstein;MNHFG1;Art der eingeleiteten Maßnahmen;MNH-GEVE;Ge- oder Verbote gg. Sorgeberechtigten o. Dritten;187;Anzahl;MFG001;Maßnahmen des Familiengerichts bei Kindeswohlgef.
22522;Statistik der Pflegeerlaubnis, Vormundschaften etc;JAHR;Jahr;2018;DLAND;Bundesländer;07;Rheinland-Pfalz;MNHFG1;Art der eingeleiteten Maßnahmen;MNH-KJH;Inanspruchnahme v. Lstg. d. Kinder- u. Jugendhilfe;735;Anzahl;MFG001;Maßnahmen des Familiengerichts bei Kindeswohlgef.
22522;Statistik der Pflegeerlaubnis, Vormundschaften etc;JAHR;Jahr;2012;DLAND;Bundesländer;16;Thüringen;MNHFG1;Art der eingeleiteten Maßnahmen;MNH-ERKL;Ersetzung von Erklärungen d. Sorgeberechtigten;39;Anzahl;MFG001;Maßnahmen des Familiengerichts bei Kindeswohlgef.
22522;Statistik der Pflegeerlaubnis, Vormundschaften etc;JAHR;Jahr;2019;DLAND;Bundesländer;03;Niedersachsen;MNHFG1;Art der eingeleiteten Maßnahmen;MNH-KJH;Inanspruchnahme v. Lstg. d. Kinder- u. Jugendhilfe;710;Anzahl;MFG001;Maßnahmen des Familiengerichts bei Kindeswohlgef.
22522;Statistik der Pflegeerlaubnis, Vormundschaften etc;JAHR;Jahr;2019;DLAND;Bundesländer;12;Brandenburg;MNHFG1;Art der eingeleiteten Maßnahmen;MNH-GEVE;Ge- oder Verbote gg. Sorgeberechtigten o. Dritten;104;Anzahl;MFG001;Maßnahmen des Familiengerichts bei Kindeswohlgef.
22522;Statistik der Pflegeerlaubnis, Vormundschaften etc;JAHR;Jahr;2018;DLAND;Bundesländer;01;Schleswig-Holstein;MNHFG1;Art der eingeleiteten Maßnahmen;;Insgesamt;951;Anzahl;MFG001;Maßnahmen des Familiengerichts bei Kindeswohlgef.
22522;Statistik der Pflegeerlaubnis, Vormundschaften etc;JAHR;Jahr;2025;DLAND;Bundesländer;02;Hamburg;MNHFG1;Art der eingeleiteten Maßnahmen;MNH-SORGT;Teilw. Übertrag. d. Sorge auf Jugendamt o. Dritte;278;Anzahl;MFG001;Maßnahmen des Familiengerichts bei Kindeswohlgef.
22522;Statistik der Pflegeerlaubnis, Vormundschaften etc;JAHR;Jahr;2022;DLAND;Bundesländer;14;Sachsen;MNHFG1;Art der eingeleiteten Maßnahmen;MNH-SORGT;Teilw. Übertrag. d. Sorge auf Jugendamt o. Dritte;380;Anzahl;MFG001;Maßnahmen des Familiengerichts bei Kindeswohlgef.
22522;Statistik der Pflegeerlaubnis, Vormundschaften etc;JAHR;Jahr;2013;DLAND;Bundesländer;16;Thüringen;MNHFG1;Art der eingeleiteten Maßnahmen;;Insgesamt;771;Anzahl;MFG001;Maßnahmen des Familiengerichts bei Kindeswohlgef.
22522;Statistik der Pflegeerlaubnis, Vormundschaften etc;JAHR;Jahr;2021;DLAND;Bundesländer;02;Hamburg;MNHFG1;Art der eingeleiteten Maßnahmen;MNH-GEVE;Ge- oder Verbote gg. Sorgeberechtigten o. Dritten;169;Anzahl;MFG001;Maßnahmen des Familiengerichts bei Kindeswohlgef.
22522;Statistik der Pflegeerlaubnis, Vormundschaften etc;JAHR;Jahr;2022;DLAND;Bundesländer;02;Hamburg;MNHFG1;Art der eingeleiteten Maßnahmen;MNH-SORGV;Vollst. Übertrag. d. Sorge auf Jugendamt o. Dritte;288;Anzahl;MFG001;Maßnahmen des Familiengerichts bei Kindeswohlgef.
22522;Statistik der Pflegeerlaubnis, Vormundschaften etc;JAHR;Jahr;2019;DLAND;Bundesländer;03;Niedersachsen;MNHFG1;Art der eingeleiteten Maßnahmen;MNH-SORGT;Teilw. Übertrag. d. Sorge auf Jugendamt o. Dritte;609;Anzahl;MFG001;Maßnahmen des Familiengerichts bei Kindeswohlgef.
22522;Statistik der Pflegeerlaubnis, Vormundschaften etc;JAHR;Jahr;2012;DLAND;Bundesländer;03;Niedersachsen;MNHFG1;Art der eingeleiteten Maßnahmen;MNH-SORGT;Teilw. Übertrag. d. Sorge auf Jugendamt o. Dritte;457;Anzahl;MFG001;Maßnahmen des Familiengerichts bei Kindeswohlgef.
22522;Statistik der Pflegeerlaubnis, Vormundschaften etc;JAHR;Jahr;2019;DLAND;Bundesländer;11;Berlin;MNHFG1;Art der eingeleiteten Maßnahmen;;Insgesamt;2203;Anzahl;MFG001;Maßnahmen des Familiengerichts bei Kindeswohlgef.
22522;Statistik der Pflegeerlaubnis, Vormundschaften etc;JAHR;Jahr;2022;DLAND;Bundesländer;04;Bremen;MNHFG1;Art der eingeleiteten Maßnahmen;;Insgesamt;1167;Anzahl;MFG001;Maßnahmen des Familiengerichts bei Kindeswohlgef.
22522;Statistik der Pflegeerlaubnis, Vormundschaften etc;JAHR;Jahr;2023;DLAND;Bundesländer;05;Nordrhein-Westfalen;MNHFG1;Art der eingeleiteten Maßnahmen;;Insgesamt;8291;Anzahl;MFG001;Maßnahmen des Familiengerichts bei Kindeswohlgef.
22522;Statistik der Pflegeerlaubnis, Vormundschaften etc;JAHR;Jahr;2018;DLAND;Bundesländer;10;Saarland;MNHFG1;Art der eingeleiteten Maßnahmen;;Insgesamt;614;Anzahl;MFG001;Maßnahmen des Familiengerichts bei Kindeswohlgef.
22522;Statistik der Pflegeerlaubnis, Vormundschaften etc;JAHR;Jahr;2013;DLAND;Bundesländer;11;Berlin;MNHFG1;Art der eingeleiteten Maßnahmen;MNH-SORGT;Teilw. Übertrag. d. Sorge auf Jugendamt o. Dritte;438;Anzahl;MFG001;Maßnahmen des Familiengerichts bei Kindeswohlgef.
22522;Statistik der Pflegeerlaubnis, Vormundschaften etc;JAHR;Jahr;2020;DLAND;Bundesländer;08;Baden-Württemberg;MNHFG1;Art der eingeleiteten Maßnahmen;MNH-KJH;Inanspruchnahme v. Lstg. d. Kinder- u. Jugendhilfe;662;Anzahl;MFG001;Maßnahmen des Familiengerichts bei Kindeswohlgef.
22522;Statistik der Pflegeerlaubnis, Vormundschaften etc;JAHR;Jahr;2020;DLAND;Bundesländer;12;Brandenburg;MNHFG1;Art der eingeleiteten Maßnahmen;MNH-ERKL;Ersetzung von Erklärungen d. Sorgeberechtigten;86;Anzahl;MFG001;Maßnahmen des Familiengerichts bei Kindeswohlgef.
22522;Statistik der Pflegeerlaubnis, Vormundschaften etc;JAHR;Jahr;2017;DLAND;Bundesländer;14;Sachsen;MNHFG1;Art der eingeleiteten Maßnahmen;MNH-SORGT;Teilw. Übertrag. d. Sorge auf Jugendamt o. Dritte;623;Anzahl;MFG001;Maßnahmen des Familiengerichts bei Kindeswohlgef.
22522;Statistik der Pflegeerlaubnis, Vormundschaften etc;JAHR;Jahr;2020;DLAND;Bundesländer;16;Thüringen;MNHFG1;Art der eingeleiteten Maßnahmen;MNH-KJH;Inanspruchnahme v. Lstg. d. Kinder- u. Jugendhilfe;253;Anzahl;MFG001;Maßnahmen des Familiengerichts bei Kindeswohlgef.
22522;Statistik der Pflegeerlaubnis, Vormundschaften etc;JAHR;Jahr;2017;DLAND;Bundesländer;03;Niedersachsen;MNHFG1;Art der eingeleiteten Maßnahmen;MNH-GEVE;Ge- oder Verbote gg. Sorgeberechtigten o. Dritten;286;Anzahl;MFG001;Maßnahmen des Familiengerichts bei Kindeswohlgef.
22522;Statistik der Pflegeerlaubnis, Vormundschaften etc;JAHR;Jahr;2013;DLAND;Bundesländer;08;Baden-Württemberg;MNHFG1;Art der eingeleiteten Maßnahmen;MNH-ERKL;Ersetzung von Erklärungen d. Sorgeberechtigten;77;Anzahl;MFG001;Maßnahmen des Familiengerichts bei Kindeswohlgef.
22522;Statistik der Pflegeerlaubnis, Vormundschaften etc;JAHR;Jahr;2016;DLAND;Bundesländer;13;Mecklenburg-Vorpommern;MNHFG1;Art der eingeleiteten Maßnahmen;MNH-ERKL;Ersetzung von Erklärungen d. Sorgeberechtigten;13;Anzahl;MFG001;Maßnahmen des Familiengerichts bei Kindeswohlgef.
22522;Statistik der Pflegeerlaubnis, Vormundschaften etc;JAHR;Jahr;2017;DLAND;Bundesländer;02;Hamburg;MNHFG1;Art der eingeleiteten Maßnahmen;MNH-SORGV;Vollst. Übertrag. d. Sorge auf Jugendamt o. Dritte;232;Anzahl;MFG001;Maßnahmen des Familiengerichts bei Kindeswohlgef.
22522;Statistik der Pflegeerlaubnis, Vormundschaften etc;JAHR;Jahr;2014;DLAND;Bundesländer;14;Sachsen;MNHFG1;Art der eingeleiteten Maßnahmen;MNH-SORGV;Vollst. Übertrag. d. Sorge auf Jugendamt o. Dritte;604;Anzahl;MFG001;Maßnahmen des Familiengerichts bei Kindeswohlgef.
22522;Statistik der Pflegeerlaubnis, Vormundschaften etc;JAHR;Jahr;2015;DLAND;Bundesländer;03;Niedersachsen;MNHFG1;Art der eingeleiteten Maßnahmen;MNH-ERKL;Ersetzung von Erklärungen d. Sorgeberechtigten;153;Anzahl;MFG001;Maßnahmen des Familiengerichts bei Kindeswohlgef.
22522;Statistik der Pflegeerlaubnis, Vormundschaften etc;JAHR;Jahr;2024;DLAND;Bundesländer;15;Sachsen-Anhalt;MNHFG1;Art der eingeleiteten Maßnahmen;;Insgesamt;999;Anzahl;MFG001;Maßnahmen des Familiengerichts bei Kindeswohlgef.
22522;Statistik der Pflegeerlaubnis, Vormundschaften etc;JAHR;Jahr;2023;DLAND;Bundesländer;14;Sachsen;MNHFG1;Art der eingeleiteten Maßnahmen;;Insgesamt;1732;Anzahl;MFG001;Maßnahmen des Familiengerichts bei Kindeswohlgef.
22522;Statistik der Pflegeerlaubnis, Vormundschaften etc;JAHR;Jahr;2019;DLAND;Bundesländer;16;Thüringen;MNHFG1;Art der eingeleiteten Maßnahmen;MNH-KJH;Inanspruchnahme v. Lstg. d. Kinder- u. Jugendhilfe;277;Anzahl;MFG001;Maßnahmen des Familiengerichts bei Kindeswohlgef.
22522;Statistik der Pflegeerlaubnis, Vormundschaften etc;JAHR;Jahr;2016;DLAND;Bundesländer;07;Rheinland-Pfalz;MNHFG1;Art der eingeleiteten Maßnahmen;MNH-SORGT;Teilw. Übertrag. d. Sorge auf Jugendamt o. Dritte;383;Anzahl;MFG001;Maßnahmen des Familiengerichts bei Kindeswohlgef.
22522;Statistik der Pflegeerlaubnis, Vormundschaften etc;JAHR;Jahr;2012;DLAND;Bundesländer;06;Hessen;MNHFG1;Art der eingeleiteten Maßnahmen;MNH-SORGV;Vollst. Übertrag. d. Sorge auf Jugendamt o. Dritte;280;Anzahl;MFG001;Maßnahmen des Familiengerichts bei Kindeswohlgef.
22522;Statistik der Pflegeerlaubnis, Vormundschaften etc;JAHR;Jahr;2020;DLAND;Bundesländer;03;Niedersachsen;MNHFG1;Art der eingeleiteten Maßnahmen;MNH-ERKL;Ersetzung von Erklärungen d. Sorgeberechtigten;191;Anzahl;MFG001;Maßnahmen des Familiengerichts bei Kindeswohlgef.
22522;Statistik der Pflegeerlaubnis, Vormundschaften etc;JAHR;Jahr;2013;DLAND;Bundesländer;10;Saarland;MNHFG1;Art der eingeleiteten Maßnahmen;MNH-GEVE;Ge- oder Verbote gg. Sorgeberechtigten o. Dritten;49;Anzahl;MFG001;Maßnahmen des Familiengerichts bei Kindeswohlgef.
22522;Statistik der Pflegeerlaubnis, Vormundschaften etc;JAHR;Jahr;2020;DLAND;Bundesländer;15;Sachsen-Anhalt;MNHFG1;Art der eingeleiteten Maßnahmen;MNH-GEVE;Ge- oder Verbote gg. Sorgeberechtigten o. Dritten;83;Anzahl;MFG001;Maßnahmen des Familiengerichts bei Kindeswohlgef.
22522;Statistik der Pflegeerlaubnis, Vormundschaften etc;JAHR;Jahr;2016;DLAND;Bundesländer;04;Bremen;MNHFG1;Art der eingeleiteten Maßnahmen;MNH-ERKL;Ersetzung von Erklärungen d. Sorgeberechtigten;67;Anzahl;MFG001;Maßnahmen des Familiengerichts bei Kindeswohlgef.
22522;Statistik der Pflegeerlaubnis, Vormundschaften etc;JAHR;Jahr;2022;DLAND;Bundesländer;10;Saarland;MNHFG1;Art der eingeleiteten Maßnahmen;MNH-GEVE;Ge- oder Verbote gg. Sorgeberechtigten o. Dritten;52;Anzahl;MFG001;Maßnahmen des Familiengerichts bei Kindeswohlgef.
22522;Statistik der Pflegeerlaubnis, Vormundschaften etc;JAHR;Jahr;2016;DLAND;Bundesländer;16;Thüringen;MNHFG1;Art der eingeleiteten Maßnahmen;MNH-GEVE;Ge- oder Verbote gg. Sorgeberechtigten o. Dritten;112;Anzahl;MFG001;Maßnahmen des Familiengerichts bei Kindeswohlgef.
22522;Statistik der Pflegeerlaubnis, Vormundschaften etc;JAHR;Jahr;2021;DLAND;Bundesländer;16;Thüringen;MNHFG1;Art der eingeleiteten Maßnahmen;MNH-KJH;Inanspruchnahme v. Lstg. d. Kinder- u. Jugendhilfe;203;Anzahl;MFG001;Maßnahmen des Familiengerichts bei Kindeswohlgef.
22522;Statistik der Pflegeerlaubnis, Vormundschaften etc;JAHR;Jahr;2018;DLAND;Bundesländer;11;Berlin;MNHFG1;Art der eingeleiteten Maßnahmen;MNH-GEVE;Ge- oder Verbote gg. Sorgeberechtigten o. Dritten;507;Anzahl;MFG001;Maßnahmen des Familiengerichts bei Kindeswohlgef.
22522;Statistik der Pflegeerlaubnis, Vormundschaften etc;JAHR;Jahr;2015;DLAND;Bundesländer;04;Bremen;MNHFG1;Art der eingeleiteten Maßnahmen;MNH-KJH;Inanspruchnahme v. Lstg. d. Kinder- u. Jugendhilfe;150;Anzahl;MFG001;Maßnahmen des Familiengerichts bei Kindeswohlgef.
22522;Statistik der Pflegeerlaubnis, Vormundschaften etc;JAHR;Jahr;2016;DLAND;Bundesländer;14;Sachsen;MNHFG1;Art der eingeleiteten Maßnahmen;MNH-KJH;Inanspruchnahme v. Lstg. d. Kinder- u. Jugendhilfe;462;Anzahl;MFG001;Maßnahmen des Familiengerichts bei Kindeswohlgef.
22522;Statistik der Pflegeerlaubnis, Vormundschaften etc;JAHR;Jahr;2023;DLAND;Bundesländer;11;Berlin;MNHFG1;Art der eingeleiteten Maßnahmen;MNH-GEVE;Ge- oder Verbote gg. Sorgeberechtigten o. Dritten;429;Anzahl;MFG001;Maßnahmen des Familiengerichts bei Kindeswohlgef.
22522;Statistik der Pflegeerlaubnis, Vormundschaften etc;JAHR;Jahr;2015;DLAND;Bundesländer;11;Berlin;MNHFG1;Art der eingeleiteten Maßnahmen;MNH-KJH;Inanspruchnahme v. Lstg. d. Kinder- u. Jugendhilfe;805;Anzahl;MFG001;Maßnahmen des Familiengerichts bei Kindeswohlgef.
22522;Statistik der Pflegeerlaubnis, Vormundschaften etc;JAHR;Jahr;2023;DLAND;Bundesländer;12;Brandenburg;MNHFG1;Art der eingeleiteten Maßnahmen;;Insgesamt;851;Anzahl;MFG001;Maßnahmen des Familiengerichts bei Kindeswohlgef.
22522;Statistik der Pflegeerlaubnis, Vormundschaften etc;JAHR;Jahr;2013;DLAND;Bundesländer;09;Bayern;MNHFG1;Art der eingeleiteten Maßnahmen;;Insgesamt;3743;Anzahl;MFG001;Maßnahmen des Familiengerichts bei Kindeswohlgef.
22522;Statistik der Pflegeerlaubnis, Vormundschaften etc;JAHR;Jahr;2019;DLAND;Bundesländer;16;Thüringen;MNHFG1;Art der eingeleiteten Maßnahmen;MNH-GEVE;Ge- oder Verbote gg. Sorgeberechtigten o. Dritten;98;Anzahl;MFG001;Maßnahmen des Familiengerichts bei Kindeswohlgef.
22522;Statistik der Pflegeerlaubnis, Vormundschaften etc;JAHR;Jahr;2023;DLAND;Bundesländer;11;Berlin;MNHFG1;Art der eingeleiteten Maßnahmen;MNH-ERKL;Ersetzung von Erklärungen d. Sorgeberechtigten;188;Anzahl;MFG001;Maßnahmen des Familiengerichts bei Kindeswohlgef.
22522;Statistik der Pflegeerlaubnis, Vormundschaften etc;JAHR;Jahr;2018;DLAND;Bundesländer;02;Hamburg;MNHFG1;Art der eingeleiteten Maßnahmen;MNH-SORGT;Teilw. Übertrag. d. Sorge auf Jugendamt o. Dritte;276;Anzahl;MFG001;Maßnahmen des Familiengerichts bei Kindeswohlgef.
22522;Statistik der Pflegeerlaubnis, Vormundschaften etc;JAHR;Jahr;2024;DLAND;Bundesländer;13;Mecklenburg-Vorpommern;MNHFG1;Art der eingeleiteten Maßnahmen;;Insgesamt;286;Anzahl;MFG001;Maßnahmen des Familiengerichts bei Kindeswohlgef.
22522;Statistik der Pflegeerlaubnis, Vormundschaften etc;JAHR;Jahr;2012;DLAND;Bundesländer;10;Saarland;MNHFG1;Art der eingeleiteten Maßnahmen;MNH-SORGV;Vollst. Übertrag. d. Sorge auf Jugendamt o. Dritte;250;Anzahl;MFG001;Maßnahmen des Familiengerichts bei Kindeswohlgef.
22522;Statistik der Pflegeerlaubnis, Vormundschaften etc;JAHR;Jahr;2020;DLAND;Bundesländer;06;Hessen;MNHFG1;Art der eingeleiteten Maßnahmen;MNH-SORGT;Teilw. Übertrag. d. Sorge auf Jugendamt o. Dritte;430;Anzahl;MFG001;Maßnahmen des Familiengerichts bei Kindeswohlgef.
22522;Statistik der Pflegeerlaubnis, Vormundschaften etc;JAHR;Jahr;2019;DLAND;Bundesländer;12;Brandenburg;MNHFG1;Art der eingeleiteten Maßnahmen;MNH-ERKL;Ersetzung von Erklärungen d. Sorgeberechtigten;41;Anzahl;MFG001;Maßnahmen des Familiengerichts bei Kindeswohlgef.
22522;Statistik der Pflegeerlaubnis, Vormundschaften etc;JAHR;Jahr;2023;DLAND;Bundesländer;15;Sachsen-Anhalt;MNHFG1;Art der eingeleiteten Maßnahmen;MNH-GEVE;Ge- oder Verbote gg. Sorgeberechtigten o. Dritten;88;Anzahl;MFG001;Maßnahmen des Familiengerichts bei Kindeswohlgef.
22522;Statistik der Pflegeerlaubnis, Vormundschaften etc;JAHR;Jahr;2015;DLAND;Bundesländer;02;Hamburg;MNHFG1;Art der eingeleiteten Maßnahmen;MNH-SORGV;Vollst. Übertrag. d. Sorge auf Jugendamt o. Dritte;190;Anzahl;MFG001;Maßnahmen des Familiengerichts bei Kindeswohlgef.
22522;Statistik der Pflegeerlaubnis, Vormundschaften etc;JAHR;Jahr;2025;DLAND;Bundesländer;10;Saarland;MNHFG1;Art der eingeleiteten Maßnahmen;MNH-GEVE;Ge- oder Verbote gg. Sorgeberechtigten o. Dritten;68;Anzahl;MFG001;Maßnahmen des Familiengerichts bei Kindeswohlgef.
22522;Statistik der Pflegeerlaubnis, Vormundschaften etc;JAHR;Jahr;2012;DLAND;Bundesländer;07;Rheinland-Pfalz;MNHFG1;Art der eingeleiteten Maßnahmen;MNH-ERKL;Ersetzung von Erklärungen d. Sorgeberechtigten;96;Anzahl;MFG001;Maßnahmen des Familiengerichts bei Kindeswohlgef.
22522;Statistik der Pflegeerlaubnis, Vormundschaften etc;JAHR;Jahr;2024;DLAND;Bundesländer;14;Sachsen;MNHFG1;Art der eingeleiteten Maßnahmen;MNH-SORGT;Teilw. Übertrag. d. Sorge auf Jugendamt o. Dritte;390;Anzahl;MFG001;Maßnahmen des Familiengerichts bei Kindeswohlgef.
22522;Statistik der Pflegeerlaubnis, Vormundschaften etc;JAHR;Jahr;2024;DLAND;Bundesländer;16;Thüringen;MNHFG1;Art der eingeleiteten Maßnahmen;MNH-ERKL;Ersetzung von Erklärungen d. Sorgeberechtigten;27;Anzahl;MFG001;Maßnahmen des Familiengerichts bei Kindeswohlgef.
22522;Statistik der Pflegeerlaubnis, Vormundschaften etc;JAHR;Jahr;2017;DLAND;Bundesländer;07;Rheinland-Pfalz;MNHFG1;Art der eingeleiteten Maßnahmen;;Insgesamt;1672;Anzahl;MFG001;Maßnahmen des Familiengerichts bei Kindeswohlgef.
22522;Statistik der Pflegeerlaubnis, Vormundschaften etc;JAHR;Jahr;2018;DLAND;Bundesländer;03;Niedersachsen;MNHFG1;Art der eingeleiteten Maßnahmen;;Insgesamt;2266;Anzahl;MFG001;Maßnahmen des Familiengerichts bei Kindeswohlgef.
22522;Statistik der Pflegeerlaubnis, Vormundschaften etc;JAHR;Jahr;2019;DLAND;Bundesländer;10;Saarland;MNHFG1;Art der eingeleiteten Maßnahmen;MNH-SORGV;Vollst. Übertrag. d. Sorge auf Jugendamt o. Dritte;93;Anzahl;MFG001;Maßnahmen des Familiengerichts bei Kindeswohlgef.
22522;Statistik der Pflegeerlaubnis, Vormundschaften etc;JAHR;Jahr;2013;DLAND;Bundesländer;07;Rheinland-Pfalz;MNHFG1;Art der eingeleiteten Maßnahmen;MNH-SORGV;Vollst. Übertrag. d. Sorge auf Jugendamt o. Dritte;308;Anzahl;MFG001;Maßnahmen des Familiengerichts bei Kindeswohlgef.
22522;Statistik der Pflegeerlaubnis, Vormundschaften etc;JAHR;Jahr;2025;DLAND;Bundesländer;06;Hessen;MNHFG1;Art der eingeleiteten Maßnahmen;MNH-GEVE;Ge- oder Verbote gg. Sorgeberechtigten o. Dritten;191;Anzahl;MFG001;Maßnahmen des Familiengerichts bei Kindeswohlgef.
22522;Statistik der Pflegeerlaubnis, Vormundschaften etc;JAHR;Jahr;2020;DLAND;Bundesländer;09;Bayern;MNHFG1;Art der eingeleiteten Maßnahmen;MNH-SORGV;Vollst. Übertrag. d. Sorge auf Jugendamt o. Dritte;596;Anzahl;MFG001;Maßnahmen des Familiengerichts bei Kindeswohlgef.
22522;Statistik der Pflegeerlaubnis, Vormundschaften etc;JAHR;Jahr;2015;DLAND;Bundesländer;15;Sachsen-Anhalt;MNHFG1;Art der eingeleiteten Maßnahmen;MNH-GEVE;Ge- oder Verbote gg. Sorgeberechtigten o. Dritten;77;Anzahl;MFG001;Maßnahmen des Familiengerichts bei Kindeswohlgef.
22522;Statistik der Pflegeerlaubnis, Vormundschaften etc;JAHR;Jahr;2020;DLAND;Bundesländer;15;Sachsen-Anhalt;MNHFG1;Art der eingeleiteten Maßnahmen;MNH-ERKL;Ersetzung von Erklärungen d. Sorgeberechtigten;48;Anzahl;MFG001;Maßnahmen des Familiengerichts bei Kindeswohlgef.
22522;Statistik der Pflegeerlaubnis, Vormundschaften etc;JAHR;Jahr;2020;DLAND;Bundesländer;10;Saarland;MNHFG1;Art der eingeleiteten Maßnahmen;MNH-SORGT;Teilw. Übertrag. d. Sorge auf Jugendamt o. Dritte;127;Anzahl;MFG001;Maßnahmen des Familiengerichts bei Kindeswohlgef.
22522;Statistik der Pflegeerlaubnis, Vormundschaften etc;JAHR;Jahr;2023;DLAND;Bundesländer;05;Nordrhein-Westfalen;MNHFG1;Art der eingeleiteten Maßnahmen;MNH-SORGV;Vollst. Übertrag. d. Sorge auf Jugendamt o. Dritte;2016;Anzahl;MFG001;Maßnahmen des Familiengerichts bei Kindeswohlgef.
22522;Statistik der Pflegeerlaubnis, Vormundschaften etc;JAHR;Jahr;2021;DLAND;Bundesländer;14;Sachsen;MNHFG1;Art der eingeleiteten Maßnahmen;MNH-SORGV;Vollst. Übertrag. d. Sorge auf Jugendamt o. Dritte;549;Anzahl;MFG001;Maßnahmen des Familiengerichts bei Kindeswohlgef.
22522;Statistik der Pflegeerlaubnis, Vormundschaften etc;JAHR;Jahr;2016;DLAND;Bundesländer;14;Sachsen;MNHFG1;Art der eingeleiteten Maßnahmen;MNH-SORGV;Vollst. Übertrag. d. Sorge auf Jugendamt o. Dritte;711;Anzahl;MFG001;Maßnahmen des Familiengerichts bei Kindeswohlgef.
22522;Statistik der Pflegeerlaubnis, Vormundschaften etc;JAHR;Jahr;2023;DLAND;Bundesländer;06;Hessen;MNHFG1;Art der eingeleiteten Maßnahmen;MNH-KJH;Inanspruchnahme v. Lstg. d. Kinder- u. Jugendhilfe;518;Anzahl;MFG001;Maßnahmen des Familiengerichts bei Kindeswohlgef.
22522;Statistik der Pflegeerlaubnis, Vormundschaften etc;JAHR;Jahr;2022;DLAND;Bundesländer;10;Saarland;MNHFG1;Art der eingeleiteten Maßnahmen;MNH-KJH;Inanspruchnahme v. Lstg. d. Kinder- u. Jugendhilfe;162;Anzahl;MFG001;Maßnahmen des Familiengerichts bei Kindeswohlgef.
22522;Statistik der Pflegeerlaubnis, Vormundschaften etc;JAHR;Jahr;2018;DLAND;Bundesländer;05;Nordrhein-Westfalen;MNHFG1;Art der eingeleiteten Maßnahmen;MNH-SORGV;Vollst. Übertrag. d. Sorge auf Jugendamt o. Dritte;2026;Anzahl;MFG001;Maßnahmen des Familiengerichts bei Kindeswohlgef.
22522;Statistik der Pflegeerlaubnis, Vormundschaften etc;JAHR;Jahr;2021;DLAND;Bundesländer;11;Berlin;MNHFG1;Art der eingeleiteten Maßnahmen;MNH-SORGT;Teilw. Übertrag. d. Sorge auf Jugendamt o. Dritte;358;Anzahl;MFG001;Maßnahmen des Familiengerichts bei Kindeswohlgef.
22522;Statistik der Pflegeerlaubnis, Vormundschaften etc;JAHR;Jahr;2023;DLAND;Bundesländer;02;Hamburg;MNHFG1;Art der eingeleiteten Maßnahmen;MNH-SORGT;Teilw. Übertrag. d. Sorge auf Jugendamt o. Dritte;261;Anzahl;MFG001;Maßnahmen des Familiengerichts bei Kindeswohlgef.
22522;Statistik der Pflegeerlaubnis, Vormundschaften etc;JAHR;Jahr;2013;DLAND;Bundesländer;02;Hamburg;MNHFG1;Art der eingeleiteten Maßnahmen;;Insgesamt;805;Anzahl;MFG001;Maßnahmen des Familiengerichts bei Kindeswohlgef.
22522;Statistik der Pflegeerlaubnis, Vormundschaften etc;JAHR;Jahr;2021;DLAND;Bundesländer;07;Rheinland-Pfalz;MNHFG1;Art der eingeleiteten Maßnahmen;MNH-SORGT;Teilw. Übertrag. d. Sorge auf Jugendamt o. Dritte;427;Anzahl;MFG001;Maßnahmen des Familiengerichts bei Kindeswohlgef.
22522;Statistik der Pflegeerlaubnis, Vormundschaften etc;JAHR;Jahr;2018;DLAND;Bundesländer;15;Sachsen-Anhalt;MNHFG1;Art der eingeleiteten Maßnahmen;MNH-GEVE;Ge- oder Verbote gg. Sorgeberechtigten o. Dritten;97;Anzahl;MFG001;Maßnahmen des Familiengerichts bei Kindeswohlgef.
22522;Statistik der Pflegeerlaubnis, Vormundschaften etc;JAHR;Jahr;2021;DLAND;Bundesländer;16;Thüringen;MNHFG1;Art der eingeleiteten Maßnahmen;MNH-ERKL;Ersetzung von Erklärungen d. Sorgeberechtigten;58;Anzahl;MFG001;Maßnahmen des Familiengerichts bei Kindeswohlgef.
22522;Statistik der Pflegeerlaubnis, Vormundschaften etc;JAHR;Jahr;2020;DLAND;Bundesländer;13;Mecklenburg-Vorpommern;MNHFG1;Art der eingeleiteten Maßnahmen;MNH-SORGV;Vollst. Übertrag. d. Sorge auf Jugendamt o. Dritte;113;Anzahl;MFG001;Maßnahmen des Familiengerichts bei Kindeswohlgef.
22522;Statistik der Pflegeerlaubnis, Vormundschaften etc;JAHR;Jahr;2019;DLAND;Bundesländer;06;Hessen;MNHFG1;Art der eingeleiteten Maßnahmen;MNH-SORGV;Vollst. Übertrag. d. Sorge auf Jugendamt o. Dritte;557;Anzahl;MFG001;Maßnahmen des Familiengerichts bei Kindeswohlgef.
22522;Statistik der Pflegeerlaubnis, Vormundschaften etc;JAHR;Jahr;2016;DLAND;Bundesländer;16;Thüringen;MNHFG1;Art der eingeleiteten Maßnahmen;MNH-ERKL;Ersetzung von Erklärungen d. Sorgeberechtigten;60;Anzahl;MFG001;Maßnahmen des Familiengerichts bei Kindeswohlgef.
22522;Statistik der Pflegeerlaubnis, Vormundschaften etc;JAHR;Jahr;2022;DLAND;Bundesländer;14;Sachsen;MNHFG1;Art der eingeleiteten Maßnahmen;MNH-GEVE;Ge- oder Verbote gg. Sorgeberechtigten o. Dritten;149;Anzahl;MFG001;Maßnahmen des Familiengerichts bei Kindeswohlgef.
22522;Statistik der Pflegeerlaubnis, Vormundschaften etc;JAHR;Jahr;2020;DLAND;Bundesländer;10;Saarland;MNHFG1;Art der eingeleiteten Maßnahmen;;Insgesamt;618;Anzahl;MFG001;Maßnahmen des Familiengerichts bei Kindeswohlgef.
22522;Statistik der Pflegeerlaubnis, Vormundschaften etc;JAHR;Jahr;2016;DLAND;Bundesländer;12;Brandenburg;MNHFG1;Art der eingeleiteten Maßnahmen;MNH-KJH;Inanspruchnahme v. Lstg. d. Kinder- u. Jugendhilfe;324;Anzahl;MFG001;Maßnahmen des Familiengerichts bei Kindeswohlgef.
22522;Statistik der Pflegeerlaubnis, Vormundschaften etc;JAHR;Jahr;2018;DLAND;Bundesländer;01;Schleswig-Holstein;MNHFG1;Art der eingeleiteten Maßnahmen;MNH-KJH;Inanspruchnahme v. Lstg. d. Kinder- u. Jugendhilfe;249;Anzahl;MFG001;Maßnahmen des Familiengerichts bei Kindeswohlgef.
22522;Statistik der Pflegeerlaubnis, Vormundschaften etc;JAHR;Jahr;2019;DLAND;Bundesländer;03;Niedersachsen;MNHFG1;Art der eingeleiteten Maßnahmen;MNH-SORGV;Vollst. Übertrag. d. Sorge auf Jugendamt o. Dritte;689;Anzahl;MFG001;Maßnahmen des Familiengerichts bei Kindeswohlgef.
22522;Statistik der Pflegeerlaubnis, Vormundschaften etc;JAHR;Jahr;2012;DLAND;Bundesländer;15;Sachsen-Anhalt;MNHFG1;Art der eingeleiteten Maßnahmen;MNH-KJH;Inanspruchnahme v. Lstg. d. Kinder- u. Jugendhilfe;218;Anzahl;MFG001;Maßnahmen des Familiengerichts bei Kindeswohlgef.
22522;Statistik der Pflegeerlaubnis, Vormundschaften etc;JAHR;Jahr;2017;DLAND;Bundesländer;05;Nordrhein-Westfalen;MNHFG1;Art der eingeleiteten Maßnahmen;MNH-SORGV;Vollst. Übertrag. d. Sorge auf Jugendamt o. Dritte;1867;Anzahl;MFG001;Maßnahmen des Familiengerichts bei Kindeswohlgef.
22522;Statistik der Pflegeerlaubnis, Vormundschaften etc;JAHR;Jahr;2025;DLAND;Bundesländer;07;Rheinland-Pfalz;MNHFG1;Art der eingeleiteten Maßnahmen;MNH-KJH;Inanspruchnahme v. Lstg. d. Kinder- u. Jugendhilfe;640;Anzahl;MFG001;Maßnahmen des Familiengerichts bei Kindeswohlgef.
22522;Statistik der Pflegeerlaubnis, Vormundschaften etc;JAHR;Jahr;2013;DLAND;Bundesländer;11;Berlin;MNHFG1;Art der eingeleiteten Maßnahmen;MNH-SORGV;Vollst. Übertrag. d. Sorge auf Jugendamt o. Dritte;334;Anzahl;MFG001;Maßnahmen des Familiengerichts bei Kindeswohlgef.
22522;Statistik der Pflegeerlaubnis, Vormundschaften etc;JAHR;Jahr;2021;DLAND;Bundesländer;03;Niedersachsen;MNHFG1;Art der eingeleiteten Maßnahmen;MNH-KJH;Inanspruchnahme v. Lstg. d. Kinder- u. Jugendhilfe;806;Anzahl;MFG001;Maßnahmen des Familiengerichts bei Kindeswohlgef.
22522;Statistik der Pflegeerlaubnis, Vormundschaften etc;JAHR;Jahr;2023;DLAND;Bundesländer;05;Nordrhein-Westfalen;MNHFG1;Art der eingeleiteten Maßnahmen;MNH-KJH;Inanspruchnahme v. Lstg. d. Kinder- u. Jugendhilfe;2459;Anzahl;MFG001;Maßnahmen des Familiengerichts bei Kindeswohlgef.
22522;Statistik der Pflegeerlaubnis, Vormundschaften etc;JAHR;Jahr;2017;DLAND;Bundesländer;15;Sachsen-Anhalt;MNHFG1;Art der eingeleiteten Maßnahmen;;Insgesamt;1056;Anzahl;MFG001;Maßnahmen des Familiengerichts bei Kindeswohlgef.
22522;Statistik der Pflegeerlaubnis, Vormundschaften etc;JAHR;Jahr;2024;DLAND;Bundesländer;12;Brandenburg;MNHFG1;Art der eingeleiteten Maßnahmen;MNH-SORGV;Vollst. Übertrag. d. Sorge auf Jugendamt o. Dritte;206;Anzahl;MFG001;Maßnahmen des Familiengerichts bei Kindeswohlgef.
22522;Statistik der Pflegeerlaubnis, Vormundschaften etc;JAHR;Jahr;2015;DLAND;Bundesländer;13;Mecklenburg-Vorpommern;MNHFG1;Art der eingeleiteten Maßnahmen;;Insgesamt;247;Anzahl;MFG001;Maßnahmen des Familiengerichts bei Kindeswohlgef.
22522;Statistik der Pflegeerlaubnis, Vormundschaften etc;JAHR;Jahr;2015;DLAND;Bundesländer;12;Brandenburg;MNHFG1;Art der eingeleiteten Maßnahmen;;Insgesamt;984;Anzahl;MFG001;Maßnahmen des Familiengerichts bei Kindeswohlgef.
22522;Statistik der Pflegeerlaubnis, Vormundschaften etc;JAHR;Jahr;2015;DLAND;Bundesländer;04;Bremen;MNHFG1;Art der eingeleiteten Maßnahmen;MNH-SORGT;Teilw. Übertrag. d. Sorge auf Jugendamt o. Dritte;202;Anzahl;MFG001;Maßnahmen des Familiengerichts bei Kindeswohlgef.
22522;Statistik der Pflegeerlaubnis, Vormundschaften etc;JAHR;Jahr;2012;DLAND;Bundesländer;05;Nordrhein-Westfalen;MNHFG1;Art der eingeleiteten Maßnahmen;MNH-GEVE;Ge- oder Verbote gg. Sorgeberechtigten o. Dritten;722;Anzahl;MFG001;Maßnahmen des Familiengerichts bei Kindeswohlgef.
22522;Statistik der Pflegeerlaubnis, Vormundschaften etc;JAHR;Jahr;2020;DLAND;Bundesländer;16;Thüringen;MNHFG1;Art der eingeleiteten Maßnahmen;MNH-SORGV;Vollst. Übertrag. d. Sorge auf Jugendamt o. Dritte;270;Anzahl;MFG001;Maßnahmen des Familiengerichts bei Kindeswohlgef.
22522;Statistik der Pflegeerlaubnis, Vormundschaften etc;JAHR;Jahr;2020;DLAND;Bundesländer;16;Thüringen;MNHFG1;Art der eingeleiteten Maßnahmen;;Insgesamt;1040;Anzahl;MFG001;Maßnahmen des Familiengerichts bei Kindeswohlgef.
22522;Statistik der Pflegeerlaubnis, Vormundschaften etc;JAHR;Jahr;2022;DLAND;Bundesländer;11;Berlin;MNHFG1;Art der eingeleiteten Maßnahmen;MNH-SORGT;Teilw. Übertrag. d. Sorge auf Jugendamt o. Dritte;284;Anzahl;MFG001;Maßnahmen des Familiengerichts bei Kindeswohlgef.
22522;Statistik der Pflegeerlaubnis, Vormundschaften etc;JAHR;Jahr;2017;DLAND;Bundesländer;14;Sachsen;MNHFG1;Art der eingeleiteten Maßnahmen;;Insgesamt;2312;Anzahl;MFG001;Maßnahmen des Familiengerichts bei Kindeswohlgef.
22522;Statistik der Pflegeerlaubnis, Vormundschaften etc;JAHR;Jahr;2017;DLAND;Bundesländer;02;Hamburg;MNHFG1;Art der eingeleiteten Maßnahmen;MNH-SORGT;Teilw. Übertrag. d. Sorge auf Jugendamt o. Dritte;362;Anzahl;MFG001;Maßnahmen des Familiengerichts bei Kindeswohlgef.
22522;Statistik der Pflegeerlaubnis, Vormundschaften etc;JAHR;Jahr;2024;DLAND;Bundesländer;16;Thüringen;MNHFG1;Art der eingeleiteten Maßnahmen;MNH-GEVE;Ge- oder Verbote gg. Sorgeberechtigten o. Dritten;104;Anzahl;MFG001;Maßnahmen des Familiengerichts bei Kindeswohlgef.
22522;Statistik der Pflegeerlaubnis, Vormundschaften etc;JAHR;Jahr;2025;DLAND;Bundesländer;05;Nordrhein-Westfalen;MNHFG1;Art der eingeleiteten Maßnahmen;MNH-SORGT;Teilw. Übertrag. d. Sorge auf Jugendamt o. Dritte;2397;Anzahl;MFG001;Maßnahmen des Familiengerichts bei Kindeswohlgef.
22522;Statistik der Pflegeerlaubnis, Vormundschaften etc;JAHR;Jahr;2025;DLAND;Bundesländer;01;Schleswig-Holstein;MNHFG1;Art der eingeleiteten Maßnahmen;MNH-GEVE;Ge- oder Verbote gg. Sorgeberechtigten o. Dritten;121;Anzahl;MFG001;Maßnahmen des Familiengerichts bei Kindeswohlgef.
22522;Statistik der Pflegeerlaubnis, Vormundschaften etc;JAHR;Jahr;2012;DLAND;Bundesländer;06;Hessen;MNHFG1;Art der eingeleiteten Maßnahmen;MNH-SORGT;Teilw. Übertrag. d. Sorge auf Jugendamt o. Dritte;361;Anzahl;MFG001;Maßnahmen des Familiengerichts bei Kindeswohlgef.
22522;Statistik der Pflegeerlaubnis, Vormundschaften etc;JAHR;Jahr;2021;DLAND;Bundesländer;02;Hamburg;MNHFG1;Art der eingeleiteten Maßnahmen;MNH-KJH;Inanspruchnahme v. Lstg. d. Kinder- u. Jugendhilfe;293;Anzahl;MFG001;Maßnahmen des Familiengerichts bei Kindeswohlgef.
22522;Statistik der Pflegeerlaubnis, Vormundschaften etc;JAHR;Jahr;2023;DLAND;Bundesländer;07;Rheinland-Pfalz;MNHFG1;Art der eingeleiteten Maßnahmen;MNH-SORGT;Teilw. Übertrag. d. Sorge auf Jugendamt o. Dritte;501;Anzahl;MFG001;Maßnahmen des Familiengerichts bei Kindeswohlgef.
22522;Statistik der Pflegeerlaubnis, Vormundschaften etc;JAHR;Jahr;2024;DLAND;Bundesländer;14;Sachsen;MNHFG1;Art der eingeleiteten Maßnahmen;MNH-GEVE;Ge- oder Verbote gg. Sorgeberechtigten o. Dritten;172;Anzahl;MFG001;Maßnahmen des Familiengerichts bei Kindeswohlgef.
22522;Statistik der Pflegeerlaubnis, Vormundschaften etc;JAHR;Jahr;2013;DLAND;Bundesländer;15;Sachsen-Anhalt;MNHFG1;Art der eingeleiteten Maßnahmen;MNH-ERKL;Ersetzung von Erklärungen d. Sorgeberechtigten;32;Anzahl;MFG001;Maßnahmen des Familiengerichts bei Kindeswohlgef.
22522;Statistik der Pflegeerlaubnis, Vormundschaften etc;JAHR;Jahr;2024;DLAND;Bundesländer;14;Sachsen;MNHFG1;Art der eingeleiteten Maßnahmen;MNH-KJH;Inanspruchnahme v. Lstg. d. Kinder- u. Jugendhilfe;335;Anzahl;MFG001;Maßnahmen des Familiengerichts bei Kindeswohlgef.
22522;Statistik der Pflegeerlaubnis, Vormundschaften etc;JAHR;Jahr;2013;DLAND;Bundesländer;10;Saarland;MNHFG1;Art der eingeleiteten Maßnahmen;;Insgesamt;683;Anzahl;MFG001;Maßnahmen des Familiengerichts bei Kindeswohlgef.
22522;Statistik der Pflegeerlaubnis, Vormundschaften etc;JAHR;Jahr;2024;DLAND;Bundesländer;07;Rheinland-Pfalz;MNHFG1;Art der eingeleiteten Maßnahmen;MNH-GEVE;Ge- oder Verbote gg. Sorgeberechtigten o. Dritten;277;Anzahl;MFG001;Maßnahmen des Familiengerichts bei Kindeswohlgef.
22522;Statistik der Pflegeerlaubnis, Vormundschaften etc;JAHR;Jahr;2012;DLAND;Bundesländer;07;Rheinland-Pfalz;MNHFG1;Art der eingeleiteten Maßnahmen;MNH-GEVE;Ge- oder Verbote gg. Sorgeberechtigten o. Dritten;154;Anzahl;MFG001;Maßnahmen des Familiengerichts bei Kindeswohlgef.
22522;Statistik der Pflegeerlaubnis, Vormundschaften etc;JAHR;Jahr;2012;DLAND;Bundesländer;01;Schleswig-Holstein;MNHFG1;Art der eingeleiteten Maßnahmen;;Insgesamt;979;Anzahl;MFG001;Maßnahmen des Familiengerichts bei Kindeswohlgef.
22522;Statistik der Pflegeerlaubnis, Vormundschaften etc;JAHR;Jahr;2013;DLAND;Bundesländer;01;Schleswig-Holstein;MNHFG1;Art der eingeleiteten Maßnahmen;MNH-GEVE;Ge- oder Verbote gg. Sorgeberechtigten o. Dritten;198;Anzahl;MFG001;Maßnahmen des Familiengerichts bei Kindeswohlgef.
22522;Statistik der Pflegeerlaubnis, Vormundschaften etc;JAHR;Jahr;2021;DLAND;Bundesländer;04;Bremen;MNHFG1;Art der eingeleiteten Maßnahmen;MNH-ERKL;Ersetzung von Erklärungen d. Sorgeberechtigten;174;Anzahl;MFG001;Maßnahmen des Familiengerichts bei Kindeswohlgef.
22522;Statistik der Pflegeerlaubnis, Vormundschaften etc;JAHR;Jahr;2015;DLAND;Bundesländer;07;Rheinland-Pfalz;MNHFG1;Art der eingeleiteten Maßnahmen;MNH-SORGV;Vollst. Übertrag. d. Sorge auf Jugendamt o. Dritte;464;Anzahl;MFG001;Maßnahmen des Familiengerichts bei Kindeswohlgef.
22522;Statistik der Pflegeerlaubnis, Vormundschaften etc;JAHR;Jahr;2024;DLAND;Bundesländer;05;Nordrhein-Westfalen;MNHFG1;Art der eingeleiteten Maßnahmen;MNH-GEVE;Ge- oder Verbote gg. Sorgeberechtigten o. Dritten;1179;Anzahl;MFG001;Maßnahmen des Familiengerichts bei Kindeswohlgef.
22522;Statistik der Pflegeerlaubnis, Vormundschaften etc;JAHR;Jahr;2013;DLAND;Bundesländer;13;Mecklenburg-Vorpommern;MNHFG1;Art der eingeleiteten Maßnahmen;MNH-ERKL;Ersetzung von Erklärungen d. Sorgeberechtigten;14;Anzahl;MFG001;Maßnahmen des Familiengerichts bei Kindeswohlgef.
22522;Statistik der Pflegeerlaubnis, Vormundschaften etc;JAHR;Jahr;2018;DLAND;Bundesländer;02;Hamburg;MNHFG1;Art der eingeleiteten Maßnahmen;MNH-KJH;Inanspruchnahme v. Lstg. d. Kinder- u. Jugendhilfe;296;Anzahl;MFG001;Maßnahmen des Familiengerichts bei Kindeswohlgef.
22522;Statistik der Pflegeerlaubnis, Vormundschaften etc;JAHR;Jahr;2021;DLAND;Bundesländer;09;Bayern;MNHFG1;Art der eingeleiteten Maßnahmen;MNH-GEVE;Ge- oder Verbote gg. Sorgeberechtigten o. Dritten;320;Anzahl;MFG001;Maßnahmen des Familiengerichts bei Kindeswohlgef.
22522;Statistik der Pflegeerlaubnis, Vormundschaften etc;JAHR;Jahr;2017;DLAND;Bundesländer;05;Nordrhein-Westfalen;MNHFG1;Art der eingeleiteten Maßnahmen;MNH-ERKL;Ersetzung von Erklärungen d. Sorgeberechtigten;483;Anzahl;MFG001;Maßnahmen des Familiengerichts bei Kindeswohlgef.
22522;Statistik der Pflegeerlaubnis, Vormundschaften etc;JAHR;Jahr;2022;DLAND;Bundesländer;14;Sachsen;MNHFG1;Art der eingeleiteten Maßnahmen;MNH-SORGV;Vollst. Übertrag. d. Sorge auf Jugendamt o. Dritte;432;Anzahl;MFG001;Maßnahmen des Familiengerichts bei Kindeswohlgef.
22522;Statistik der Pflegeerlaubnis, Vormundschaften etc;JAHR;Jahr;2024;DLAND;Bundesländer;05;Nordrhein-Westfalen;MNHFG1;Art der eingeleiteten Maßnahmen;MNH-SORGV;Vollst. Übertrag. d. Sorge auf Jugendamt o. Dritte;2008;Anzahl;MFG001;Maßnahmen des Familiengerichts bei Kindeswohlgef.
22522;Statistik der Pflegeerlaubnis, Vormundschaften etc;JAHR;Jahr;2023;DLAND;Bundesländer;11;Berlin;MNHFG1;Art der eingeleiteten Maßnahmen;MNH-SORGT;Teilw. Übertrag. d. Sorge auf Jugendamt o. Dritte;198;Anzahl;MFG001;Maßnahmen des Familiengerichts bei Kindeswohlgef.
22522;Statistik der Pflegeerlaubnis, Vormundschaften etc;JAHR;Jahr;2013;DLAND;Bundesländer;04;Bremen;MNHFG1;Art der eingeleiteten Maßnahmen;MNH-SORGT;Teilw. Übertrag. d. Sorge auf Jugendamt o. Dritte;177;Anzahl;MFG001;Maßnahmen des Familiengerichts bei Kindeswohlgef.
22522;Statistik der Pflegeerlaubnis, Vormundschaften etc;JAHR;Jahr;2024;DLAND;Bundesländer;13;Mecklenburg-Vorpommern;MNHFG1;Art der eingeleiteten Maßnahmen;MNH-KJH;Inanspruchnahme v. Lstg. d. Kinder- u. Jugendhilfe;91;Anzahl;MFG001;Maßnahmen des Familiengerichts bei Kindeswohlgef.
22522;Statistik der Pflegeerlaubnis, Vormundschaften etc;JAHR;Jahr;2013;DLAND;Bundesländer;04;Bremen;MNHFG1;Art der eingeleiteten Maßnahmen;MNH-SORGV;Vollst. Übertrag. d. Sorge auf Jugendamt o. Dritte;147;Anzahl;MFG001;Maßnahmen des Familiengerichts bei Kindeswohlgef.
22522;Statistik der Pflegeerlaubnis, Vormundschaften etc;JAHR;Jahr;2018;DLAND;Bundesländer;06;Hessen;MNHFG1;Art der eingeleiteten Maßnahmen;MNH-GEVE;Ge- oder Verbote gg. Sorgeberechtigten o. Dritten;171;Anzahl;MFG001;Maßnahmen des Familiengerichts bei Kindeswohlgef.
22522;Statistik der Pflegeerlaubnis, Vormundschaften etc;JAHR;Jahr;2012;DLAND;Bundesländer;10;Saarland;MNHFG1;Art der eingeleiteten Maßnahmen;MNH-SORGT;Teilw. Übertrag. d. Sorge auf Jugendamt o. Dritte;115;Anzahl;MFG001;Maßnahmen des Familiengerichts bei Kindeswohlgef.
22522;Statistik der Pflegeerlaubnis, Vormundschaften etc;JAHR;Jahr;2024;DLAND;Bundesländer;05;Nordrhein-Westfalen;MNHFG1;Art der eingeleiteten Maßnahmen;MNH-SORGT;Teilw. Übertrag. d. Sorge auf Jugendamt o. Dritte;2193;Anzahl;MFG001;Maßnahmen des Familiengerichts bei Kindeswohlgef.
22522;Statistik der Pflegeerlaubnis, Vormundschaften etc;JAHR;Jahr;2021;DLAND;Bundesländer;10;Saarland;MNHFG1;Art der eingeleiteten Maßnahmen;;Insgesamt;532;Anzahl;MFG001;Maßnahmen des Familiengerichts bei Kindeswohlgef.
22522;Statistik der Pflegeerlaubnis, Vormundschaften etc;JAHR;Jahr;2017;DLAND;Bundesländer;12;Brandenburg;MNHFG1;Art der eingeleiteten Maßnahmen;MNH-SORGV;Vollst. Übertrag. d. Sorge auf Jugendamt o. Dritte;307;Anzahl;MFG001;Maßnahmen des Familiengerichts bei Kindeswohlgef.
22522;Statistik der Pflegeerlaubnis, Vormundschaften etc;JAHR;Jahr;2016;DLAND;Bundesländer;07;Rheinland-Pfalz;MNHFG1;Art der eingeleiteten Maßnahmen;;Insgesamt;1480;Anzahl;MFG001;Maßnahmen des Familiengerichts bei Kindeswohlgef.
22522;Statistik der Pflegeerlaubnis, Vormundschaften etc;JAHR;Jahr;2022;DLAND;Bundesländer;07;Rheinland-Pfalz;MNHFG1;Art der eingeleiteten Maßnahmen;MNH-SORGV;Vollst. Übertrag. d. Sorge auf Jugendamt o. Dritte;433;Anzahl;MFG001;Maßnahmen des Familiengerichts bei Kindeswohlgef.
22522;Statistik der Pflegeerlaubnis, Vormundschaften etc;JAHR;Jahr;2022;DLAND;Bundesländer;05;Nordrhein-Westfalen;MNHFG1;Art der eingeleiteten Maßnahmen;MNH-GEVE;Ge- oder Verbote gg. Sorgeberechtigten o. Dritten;1165;Anzahl;MFG001;Maßnahmen des Familiengerichts bei Kindeswohlgef.
22522;Statistik der Pflegeerlaubnis, Vormundschaften etc;JAHR;Jahr;2020;DLAND;Bundesländer;09;Bayern;MNHFG1;Art der eingeleiteten Maßnahmen;MNH-SORGT;Teilw. Übertrag. d. Sorge auf Jugendamt o. Dritte;1222;Anzahl;MFG001;Maßnahmen des Familiengerichts bei Kindeswohlgef.
22522;Statistik der Pflegeerlaubnis, Vormundschaften etc;JAHR;Jahr;2016;DLAND;Bundesländer;06;Hessen;MNHFG1;Art der eingeleiteten Maßnahmen;;Insgesamt;1720;Anzahl;MFG001;Maßnahmen des Familiengerichts bei Kindeswohlgef.
22522;Statistik der Pflegeerlaubnis, Vormundschaften etc;JAHR;Jahr;2019;DLAND;Bundesländer;09;Bayern;MNHFG1;Art der eingeleiteten Maßnahmen;MNH-KJH;Inanspruchnahme v. Lstg. d. Kinder- u. Jugendhilfe;799;Anzahl;MFG001;Maßnahmen des Familiengerichts bei Kindeswohlgef.
22522;Statistik der Pflegeerlaubnis, Vormundschaften etc;JAHR;Jahr;2022;DLAND;Bundesländer;03;Niedersachsen;MNHFG1;Art der eingeleiteten Maßnahmen;MNH-GEVE;Ge- oder Verbote gg. Sorgeberechtigten o. Dritten;320;Anzahl;MFG001;Maßnahmen des Familiengerichts bei Kindeswohlgef.
22522;Statistik der Pflegeerlaubnis, Vormundschaften etc;JAHR;Jahr;2015;DLAND;Bundesländer;03;Niedersachsen;MNHFG1;Art der eingeleiteten Maßnahmen;MNH-GEVE;Ge- oder Verbote gg. Sorgeberechtigten o. Dritten;291;Anzahl;MFG001;Maßnahmen des Familiengerichts bei Kindeswohlgef.
22522;Statistik der Pflegeerlaubnis, Vormundschaften etc;JAHR;Jahr;2023;DLAND;Bundesländer;06;Hessen;MNHFG1;Art der eingeleiteten Maßnahmen;MNH-ERKL;Ersetzung von Erklärungen d. Sorgeberechtigten;60;Anzahl;MFG001;Maßnahmen des Familiengerichts bei Kindeswohlgef.
22522;Statistik der Pflegeerlaubnis, Vormundschaften etc;JAHR;Jahr;2019;DLAND;Bundesländer;07;Rheinland-Pfalz;MNHFG1;Art der eingeleiteten Maßnahmen;MNH-ERKL;Ersetzung von Erklärungen d. Sorgeberechtigten;106;Anzahl;MFG001;Maßnahmen des Familiengerichts bei Kindeswohlgef.
22522;Statistik der Pflegeerlaubnis, Vormundschaften etc;JAHR;Jahr;2021;DLAND;Bundesländer;04;Bremen;MNHFG1;Art der eingeleiteten Maßnahmen;MNH-SORGT;Teilw. Übertrag. d. Sorge auf Jugendamt o. Dritte;201;Anzahl;MFG001;Maßnahmen des Familiengerichts bei Kindeswohlgef.
22522;Statistik der Pflegeerlaubnis, Vormundschaften etc;JAHR;Jahr;2016;DLAND;Bundesländer;05;Nordrhein-Westfalen;MNHFG1;Art der eingeleiteten Maßnahmen;MNH-SORGV;Vollst. Übertrag. d. Sorge auf Jugendamt o. Dritte;2024;Anzahl;MFG001;Maßnahmen des Familiengerichts bei Kindeswohlgef.
22522;Statistik der Pflegeerlaubnis, Vormundschaften etc;JAHR;Jahr;2015;DLAND;Bundesländer;11;Berlin;MNHFG1;Art der eingeleiteten Maßnahmen;MNH-SORGT;Teilw. Übertrag. d. Sorge auf Jugendamt o. Dritte;574;Anzahl;MFG001;Maßnahmen des Familiengerichts bei Kindeswohlgef.
22522;Statistik der Pflegeerlaubnis, Vormundschaften etc;JAHR;Jahr;2015;DLAND;Bundesländer;05;Nordrhein-Westfalen;MNHFG1;Art der eingeleiteten Maßnahmen;MNH-KJH;Inanspruchnahme v. Lstg. d. Kinder- u. Jugendhilfe;2268;Anzahl;MFG001;Maßnahmen des Familiengerichts bei Kindeswohlgef.
22522;Statistik der Pflegeerlaubnis, Vormundschaften etc;JAHR;Jahr;2021;DLAND;Bundesländer;02;Hamburg;MNHFG1;Art der eingeleiteten Maßnahmen;MNH-ERKL;Ersetzung von Erklärungen d. Sorgeberechtigten;54;Anzahl;MFG001;Maßnahmen des Familiengerichts bei Kindeswohlgef.
22522;Statistik der Pflegeerlaubnis, Vormundschaften etc;JAHR;Jahr;2017;DLAND;Bundesländer;03;Niedersachsen;MNHFG1;Art der eingeleiteten Maßnahmen;MNH-ERKL;Ersetzung von Erklärungen d. Sorgeberechtigten;113;Anzahl;MFG001;Maßnahmen des Familiengerichts bei Kindeswohlgef.
22522;Statistik der Pflegeerlaubnis, Vormundschaften etc;JAHR;Jahr;2019;DLAND;Bundesländer;10;Saarland;MNHFG1;Art der eingeleiteten Maßnahmen;MNH-KJH;Inanspruchnahme v. Lstg. d. Kinder- u. Jugendhilfe;220;Anzahl;MFG001;Maßnahmen des Familiengerichts bei Kindeswohlgef.
22522;Statistik der Pflegeerlaubnis, Vormundschaften etc;JAHR;Jahr;2025;DLAND;Bundesländer;05;Nordrhein-Westfalen;MNHFG1;Art der eingeleiteten Maßnahmen;MNH-SORGV;Vollst. Übertrag. d. Sorge auf Jugendamt o. Dritte;2038;Anzahl;MFG001;Maßnahmen des Familiengerichts bei Kindeswohlgef.
22522;Statistik der Pflegeerlaubnis, Vormundschaften etc;JAHR;Jahr;2023;DLAND;Bundesländer;14;Sachsen;MNHFG1;Art der eingeleiteten Maßnahmen;MNH-SORGV;Vollst. Übertrag. d. Sorge auf Jugendamt o. Dritte;672;Anzahl;MFG001;Maßnahmen des Familiengerichts bei Kindeswohlgef.
22522;Statistik der Pflegeerlaubnis, Vormundschaften etc;JAHR;Jahr;2012;DLAND;Bundesländer;02;Hamburg;MNHFG1;Art der eingeleiteten Maßnahmen;;Insgesamt;682;Anzahl;MFG001;Maßnahmen des Familiengerichts bei Kindeswohlgef.
22522;Statistik der Pflegeerlaubnis, Vormundschaften etc;JAHR;Jahr;2016;DLAND;Bundesländer;09;Bayern;MNHFG1;Art der eingeleiteten Maßnahmen;MNH-ERKL;Ersetzung von Erklärungen d. Sorgeberechtigten;210;Anzahl;MFG001;Maßnahmen des Familiengerichts bei Kindeswohlgef.
22522;Statistik der Pflegeerlaubnis, Vormundschaften etc;JAHR;Jahr;2020;DLAND;Bundesländer;09;Bayern;MNHFG1;Art der eingeleiteten Maßnahmen;MNH-KJH;Inanspruchnahme v. Lstg. d. Kinder- u. Jugendhilfe;777;Anzahl;MFG001;Maßnahmen des Familiengerichts bei Kindeswohlgef.
22522;Statistik der Pflegeerlaubnis, Vormundschaften etc;JAHR;Jahr;2025;DLAND;Bundesländer;08;Baden-Württemberg;MNHFG1;Art der eingeleiteten Maßnahmen;MNH-KJH;Inanspruchnahme v. Lstg. d. Kinder- u. Jugendhilfe;727;Anzahl;MFG001;Maßnahmen des Familiengerichts bei Kindeswohlgef.
22522;Statistik der Pflegeerlaubnis, Vormundschaften etc;JAHR;Jahr;2018;DLAND;Bundesländer;05;Nordrhein-Westfalen;MNHFG1;Art der eingeleiteten Maßnahmen;MNH-SORGT;Teilw. Übertrag. d. Sorge auf Jugendamt o. Dritte;2546;Anzahl;MFG001;Maßnahmen des Familiengerichts bei Kindeswohlgef.
22522;Statistik der Pflegeerlaubnis, Vormundschaften etc;JAHR;Jahr;2012;DLAND;Bundesländer;13;Mecklenburg-Vorpommern;MNHFG1;Art der eingeleiteten Maßnahmen;MNH-SORGV;Vollst. Übertrag. d. Sorge auf Jugendamt o. Dritte;74;Anzahl;MFG001;Maßnahmen des Familiengerichts bei Kindeswohlgef.
22522;Statistik der Pflegeerlaubnis, Vormundschaften etc;JAHR;Jahr;2014;DLAND;Bundesländer;04;Bremen;MNHFG1;Art der eingeleiteten Maßnahmen;MNH-SORGV;Vollst. Übertrag. d. Sorge auf Jugendamt o. Dritte;114;Anzahl;MFG001;Maßnahmen des Familiengerichts bei Kindeswohlgef.
22522;Statistik der Pflegeerlaubnis, Vormundschaften etc;JAHR;Jahr;2012;DLAND;Bundesländer;16;Thüringen;MNHFG1;Art der eingeleiteten Maßnahmen;;Insgesamt;693;Anzahl;MFG001;Maßnahmen des Familiengerichts bei Kindeswohlgef.
22522;Statistik der Pflegeerlaubnis, Vormundschaften etc;JAHR;Jahr;2021;DLAND;Bundesländer;11;Berlin;MNHFG1;Art der eingeleiteten Maßnahmen;MNH-SORGV;Vollst. Übertrag. d. Sorge auf Jugendamt o. Dritte;444;Anzahl;MFG001;Maßnahmen des Familiengerichts bei Kindeswohlgef.
22522;Statistik der Pflegeerlaubnis, Vormundschaften etc;JAHR;Jahr;2014;DLAND;Bundesländer;11;Berlin;MNHFG1;Art der eingeleiteten Maßnahmen;MNH-SORGT;Teilw. Übertrag. d. Sorge auf Jugendamt o. Dritte;768;Anzahl;MFG001;Maßnahmen des Familiengerichts bei Kindeswohlgef.
22522;Statistik der Pflegeerlaubnis, Vormundschaften etc;JAHR;Jahr;2014;DLAND;Bundesländer;07;Rheinland-Pfalz;MNHFG1;Art der eingeleiteten Maßnahmen;MNH-GEVE;Ge- oder Verbote gg. Sorgeberechtigten o. Dritten;146;Anzahl;MFG001;Maßnahmen des Familiengerichts bei Kindeswohlgef.
22522;Statistik der Pflegeerlaubnis, Vormundschaften etc;JAHR;Jahr;2022;DLAND;Bundesländer;04;Bremen;MNHFG1;Art der eingeleiteten Maßnahmen;MNH-SORGT;Teilw. Übertrag. d. Sorge auf Jugendamt o. Dritte;168;Anzahl;MFG001;Maßnahmen des Familiengerichts bei Kindeswohlgef.
22522;Statistik der Pflegeerlaubnis, Vormundschaften etc;JAHR;Jahr;2020;DLAND;Bundesländer;15;Sachsen-Anhalt;MNHFG1;Art der eingeleiteten Maßnahmen;MNH-KJH;Inanspruchnahme v. Lstg. d. Kinder- u. Jugendhilfe;282;Anzahl;MFG001;Maßnahmen des Familiengerichts bei Kindeswohlgef.
22522;Statistik der Pflegeerlaubnis, Vormundschaften etc;JAHR;Jahr;2016;DLAND;Bundesländer;02;Hamburg;MNHFG1;Art der eingeleiteten Maßnahmen;MNH-SORGT;Teilw. Übertrag. d. Sorge auf Jugendamt o. Dritte;321;Anzahl;MFG001;Maßnahmen des Familiengerichts bei Kindeswohlgef.
22522;Statistik der Pflegeerlaubnis, Vormundschaften etc;JAHR;Jahr;2021;DLAND;Bundesländer;07;Rheinland-Pfalz;MNHFG1;Art der eingeleiteten Maßnahmen;MNH-SORGV;Vollst. Übertrag. d. Sorge auf Jugendamt o. Dritte;291;Anzahl;MFG001;Maßnahmen des Familiengerichts bei Kindeswohlgef.
22522;Statistik der Pflegeerlaubnis, Vormundschaften etc;JAHR;Jahr;2020;DLAND;Bundesländer;08;Baden-Württemberg;MNHFG1;Art der eingeleiteten Maßnahmen;MNH-ERKL;Ersetzung von Erklärungen d. Sorgeberechtigten;104;Anzahl;MFG001;Maßnahmen des Familiengerichts bei Kindeswohlgef.
22522;Statistik der Pflegeerlaubnis, Vormundschaften etc;JAHR;Jahr;2025;DLAND;Bundesländer;12;Brandenburg;MNHFG1;Art der eingeleiteten Maßnahmen;MNH-SORGT;Teilw. Übertrag. d. Sorge auf Jugendamt o. Dritte;245;Anzahl;MFG001;Maßnahmen des Familiengerichts bei Kindeswohlgef.
22522;Statistik der Pflegeerlaubnis, Vormundschaften etc;JAHR;Jahr;2015;DLAND;Bundesländer;01;Schleswig-Holstein;MNHFG1;Art der eingeleiteten Maßnahmen;MNH-GEVE;Ge- oder Verbote gg. Sorgeberechtigten o. Dritten;218;Anzahl;MFG001;Maßnahmen des Familiengerichts bei Kindeswohlgef.
22522;Statistik der Pflegeerlaubnis, Vormundschaften etc;JAHR;Jahr;2020;DLAND;Bundesländer;13;Mecklenburg-Vorpommern;MNHFG1;Art der eingeleiteten Maßnahmen;MNH-SORGT;Teilw. Übertrag. d. Sorge auf Jugendamt o. Dritte;113;Anzahl;MFG001;Maßnahmen des Familiengerichts bei Kindeswohlgef.
22522;Statistik der Pflegeerlaubnis, Vormundschaften etc;JAHR;Jahr;2019;DLAND;Bundesländer;05;Nordrhein-Westfalen;MNHFG1;Art der eingeleiteten Maßnahmen;MNH-ERKL;Ersetzung von Erklärungen d. Sorgeberechtigten;633;Anzahl;MFG001;Maßnahmen des Familiengerichts bei Kindeswohlgef.
22522;Statistik der Pflegeerlaubnis, Vormundschaften etc;JAHR;Jahr;2012;DLAND;Bundesländer;09;Bayern;MNHFG1;Art der eingeleiteten Maßnahmen;MNH-SORGV;Vollst. Übertrag. d. Sorge auf Jugendamt o. Dritte;707;Anzahl;MFG001;Maßnahmen des Familiengerichts bei Kindeswohlgef.
22522;Statistik der Pflegeerlaubnis, Vormundschaften etc;JAHR;Jahr;2018;DLAND;Bundesländer;12;Brandenburg;MNHFG1;Art der eingeleiteten Maßnahmen;MNH-SORGV;Vollst. Übertrag. d. Sorge auf Jugendamt o. Dritte;305;Anzahl;MFG001;Maßnahmen des Familiengerichts bei Kindeswohlgef.
22522;Statistik der Pflegeerlaubnis, Vormundschaften etc;JAHR;Jahr;2023;DLAND;Bundesländer;04;Bremen;MNHFG1;Art der eingeleiteten Maßnahmen;MNH-ERKL;Ersetzung von Erklärungen d. Sorgeberechtigten;158;Anzahl;MFG001;Maßnahmen des Familiengerichts bei Kindeswohlgef.
22522;Statistik der Pflegeerlaubnis, Vormundschaften etc;JAHR;Jahr;2017;DLAND;Bundesländer;05;Nordrhein-Westfalen;MNHFG1;Art der eingeleiteten Maßnahmen;MNH-SORGT;Teilw. Übertrag. d. Sorge auf Jugendamt o. Dritte;2461;Anzahl;MFG001;Maßnahmen des Familiengerichts bei Kindeswohlgef.
22522;Statistik der Pflegeerlaubnis, Vormundschaften etc;JAHR;Jahr;2022;DLAND;Bundesländer;12;Brandenburg;MNHFG1;Art der eingeleiteten Maßnahmen;MNH-GEVE;Ge- oder Verbote gg. Sorgeberechtigten o. Dritten;148;Anzahl;MFG001;Maßnahmen des Familiengerichts bei Kindeswohlgef.
22522;Statistik der Pflegeerlaubnis, Vormundschaften etc;JAHR;Jahr;2017;DLAND;Bundesländer;12;Brandenburg;MNHFG1;Art der eingeleiteten Maßnahmen;MNH-ERKL;Ersetzung von Erklärungen d. Sorgeberechtigten;66;Anzahl;MFG001;Maßnahmen des Familiengerichts bei Kindeswohlgef.
22522;Statistik der Pflegeerlaubnis, Vormundschaften etc;JAHR;Jahr;2020;DLAND;Bundesländer;02;Hamburg;MNHFG1;Art der eingeleiteten Maßnahmen;;Insgesamt;1069;Anzahl;MFG001;Maßnahmen des Familiengerichts bei Kindeswohlgef.
22522;Statistik der Pflegeerlaubnis, Vormundschaften etc;JAHR;Jahr;2021;DLAND;Bundesländer;03;Niedersachsen;MNHFG1;Art der eingeleiteten Maßnahmen;;Insgesamt;2447;Anzahl;MFG001;Maßnahmen des Familiengerichts bei Kindeswohlgef.
22522;Statistik der Pflegeerlaubnis, Vormundschaften etc;JAHR;Jahr;2015;DLAND;Bundesländer;07;Rheinland-Pfalz;MNHFG1;Art der eingeleiteten Maßnahmen;MNH-SORGT;Teilw. Übertrag. d. Sorge auf Jugendamt o. Dritte;515;Anzahl;MFG001;Maßnahmen des Familiengerichts bei Kindeswohlgef.
22522;Statistik der Pflegeerlaubnis, Vormundschaften etc;JAHR;Jahr;2018;DLAND;Bundesländer;08;Baden-Württemberg;MNHFG1;Art der eingeleiteten Maßnahmen;MNH-SORGV;Vollst. Übertrag. d. Sorge auf Jugendamt o. Dritte;429;Anzahl;MFG001;Maßnahmen des Familiengerichts bei Kindeswohlgef.
22522;Statistik der Pflegeerlaubnis, Vormundschaften etc;JAHR;Jahr;2021;DLAND;Bundesländer;11;Berlin;MNHFG1;Art der eingeleiteten Maßnahmen;MNH-ERKL;Ersetzung von Erklärungen d. Sorgeberechtigten;183;Anzahl;MFG001;Maßnahmen des Familiengerichts bei Kindeswohlgef.
22522;Statistik der Pflegeerlaubnis, Vormundschaften etc;JAHR;Jahr;2020;DLAND;Bundesländer;01;Schleswig-Holstein;MNHFG1;Art der eingeleiteten Maßnahmen;MNH-ERKL;Ersetzung von Erklärungen d. Sorgeberechtigten;53;Anzahl;MFG001;Maßnahmen des Familiengerichts bei Kindeswohlgef.
22522;Statistik der Pflegeerlaubnis, Vormundschaften etc;JAHR;Jahr;2014;DLAND;Bundesländer;07;Rheinland-Pfalz;MNHFG1;Art der eingeleiteten Maßnahmen;MNH-ERKL;Ersetzung von Erklärungen d. Sorgeberechtigten;75;Anzahl;MFG001;Maßnahmen des Familiengerichts bei Kindeswohlgef.
22522;Statistik der Pflegeerlaubnis, Vormundschaften etc;JAHR;Jahr;2016;DLAND;Bundesländer;02;Hamburg;MNHFG1;Art der eingeleiteten Maßnahmen;MNH-ERKL;Ersetzung von Erklärungen d. Sorgeberechtigten;77;Anzahl;MFG001;Maßnahmen des Familiengerichts bei Kindeswohlgef.
22522;Statistik der Pflegeerlaubnis, Vormundschaften etc;JAHR;Jahr;2016;DLAND;Bundesländer;13;Mecklenburg-Vorpommern;MNHFG1;Art der eingeleiteten Maßnahmen;MNH-KJH;Inanspruchnahme v. Lstg. d. Kinder- u. Jugendhilfe;128;Anzahl;MFG001;Maßnahmen des Familiengerichts bei Kindeswohlgef.
22522;Statistik der Pflegeerlaubnis, Vormundschaften etc;JAHR;Jahr;2015;DLAND;Bundesländer;12;Brandenburg;MNHFG1;Art der eingeleiteten Maßnahmen;MNH-KJH;Inanspruchnahme v. Lstg. d. Kinder- u. Jugendhilfe;331;Anzahl;MFG001;Maßnahmen des Familiengerichts bei Kindeswohlgef.
22522;Statistik der Pflegeerlaubnis, Vormundschaften etc;JAHR;Jahr;2018;DLAND;Bundesländer;13;Mecklenburg-Vorpommern;MNHFG1;Art der eingeleiteten Maßnahmen;MNH-GEVE;Ge- oder Verbote gg. Sorgeberechtigten o. Dritten;44;Anzahl;MFG001;Maßnahmen des Familiengerichts bei Kindeswohlgef.
22522;Statistik der Pflegeerlaubnis, Vormundschaften etc;JAHR;Jahr;2017;DLAND;Bundesländer;14;Sachsen;MNHFG1;Art der eingeleiteten Maßnahmen;MNH-KJH;Inanspruchnahme v. Lstg. d. Kinder- u. Jugendhilfe;435;Anzahl;MFG001;Maßnahmen des Familiengerichts bei Kindeswohlgef.
22522;Statistik der Pflegeerlaubnis, Vormundschaften etc;JAHR;Jahr;2022;DLAND;Bundesländer;11;Berlin;MNHFG1;Art der eingeleiteten Maßnahmen;MNH-SORGV;Vollst. Übertrag. d. Sorge auf Jugendamt o. Dritte;330;Anzahl;MFG001;Maßnahmen des Familiengerichts bei Kindeswohlgef.
22522;Statistik der Pflegeerlaubnis, Vormundschaften etc;JAHR;Jahr;2020;DLAND;Bundesländer;16;Thüringen;MNHFG1;Art der eingeleiteten Maßnahmen;MNH-SORGT;Teilw. Übertrag. d. Sorge auf Jugendamt o. Dritte;335;Anzahl;MFG001;Maßnahmen des Familiengerichts bei Kindeswohlgef.
22522;Statistik der Pflegeerlaubnis, Vormundschaften etc;JAHR;Jahr;2018;DLAND;Bundesländer;15;Sachsen-Anhalt;MNHFG1;Art der eingeleiteten Maßnahmen;MNH-KJH;Inanspruchnahme v. Lstg. d. Kinder- u. Jugendhilfe;291;Anzahl;MFG001;Maßnahmen des Familiengerichts bei Kindeswohlgef.
22522;Statistik der Pflegeerlaubnis, Vormundschaften etc;JAHR;Jahr;2025;DLAND;Bundesländer;15;Sachsen-Anhalt;MNHFG1;Art der eingeleiteten Maßnahmen;;Insgesamt;917;Anzahl;MFG001;Maßnahmen des Familiengerichts bei Kindeswohlgef.
22522;Statistik der Pflegeerlaubnis, Vormundschaften etc;JAHR;Jahr;2019;DLAND;Bundesländer;14;Sachsen;MNHFG1;Art der eingeleiteten Maßnahmen;MNH-GEVE;Ge- oder Verbote gg. Sorgeberechtigten o. Dritten;195;Anzahl;MFG001;Maßnahmen des Familiengerichts bei Kindeswohlgef.
22522;Statistik der Pflegeerlaubnis, Vormundschaften etc;JAHR;Jahr;2019;DLAND;Bundesländer;10;Saarland;MNHFG1;Art der eingeleiteten Maßnahmen;;Insgesamt;582;Anzahl;MFG001;Maßnahmen des Familiengerichts bei Kindeswohlgef.
22522;Statistik der Pflegeerlaubnis, Vormundschaften etc;JAHR;Jahr;2025;DLAND;Bundesländer;08;Baden-Württemberg;MNHFG1;Art der eingeleiteten Maßnahmen;;Insgesamt;2449;Anzahl;MFG001;Maßnahmen des Familiengerichts bei Kindeswohlgef.
22522;Statistik der Pflegeerlaubnis, Vormundschaften etc;JAHR;Jahr;2023;DLAND;Bundesländer;06;Hessen;MNHFG1;Art der eingeleiteten Maßnahmen;;Insgesamt;1492;Anzahl;MFG001;Maßnahmen des Familiengerichts bei Kindeswohlgef.
22522;Statistik der Pflegeerlaubnis, Vormundschaften etc;JAHR;Jahr;2017;DLAND;Bundesländer;08;Baden-Württemberg;MNHFG1;Art der eingeleiteten Maßnahmen;;Insgesamt;1757;Anzahl;MFG001;Maßnahmen des Familiengerichts bei Kindeswohlgef.
22522;Statistik der Pflegeerlaubnis, Vormundschaften etc;JAHR;Jahr;2017;DLAND;Bundesländer;01;Schleswig-Holstein;MNHFG1;Art der eingeleiteten Maßnahmen;;Insgesamt;1171;Anzahl;MFG001;Maßnahmen des Familiengerichts bei Kindeswohlgef.
22522;Statistik der Pflegeerlaubnis, Vormundschaften etc;JAHR;Jahr;2016;DLAND;Bundesländer;11;Berlin;MNHFG1;Art der eingeleiteten Maßnahmen;MNH-ERKL;Ersetzung von Erklärungen d. Sorgeberechtigten;152;Anzahl;MFG001;Maßnahmen des Familiengerichts bei Kindeswohlgef.
22522;Statistik der Pflegeerlaubnis, Vormundschaften etc;JAHR;Jahr;2023;DLAND;Bundesländer;13;Mecklenburg-Vorpommern;MNHFG1;Art der eingeleiteten Maßnahmen;;Insgesamt;334;Anzahl;MFG001;Maßnahmen des Familiengerichts bei Kindeswohlgef.
22522;Statistik der Pflegeerlaubnis, Vormundschaften etc;JAHR;Jahr;2014;DLAND;Bundesländer;16;Thüringen;MNHFG1;Art der eingeleiteten Maßnahmen;MNH-ERKL;Ersetzung von Erklärungen d. Sorgeberechtigten;32;Anzahl;MFG001;Maßnahmen des Familiengerichts bei Kindeswohlgef.
22522;Statistik der Pflegeerlaubnis, Vormundschaften etc;JAHR;Jahr;2019;DLAND;Bundesländer;03;Niedersachsen;MNHFG1;Art der eingeleiteten Maßnahmen;;Insgesamt;2539;Anzahl;MFG001;Maßnahmen des Familiengerichts bei Kindeswohlgef.
22522;Statistik der Pflegeerlaubnis, Vormundschaften etc;JAHR;Jahr;2020;DLAND;Bundesländer;10;Saarland;MNHFG1;Art der eingeleiteten Maßnahmen;MNH-ERKL;Ersetzung von Erklärungen d. Sorgeberechtigten;42;Anzahl;MFG001;Maßnahmen des Familiengerichts bei Kindeswohlgef.
22522;Statistik der Pflegeerlaubnis, Vormundschaften etc;JAHR;Jahr;2015;DLAND;Bundesländer;01;Schleswig-Holstein;MNHFG1;Art der eingeleiteten Maßnahmen;MNH-ERKL;Ersetzung von Erklärungen d. Sorgeberechtigten;95;Anzahl;MFG001;Maßnahmen des Familiengerichts bei Kindeswohlgef.
22522;Statistik der Pflegeerlaubnis, Vormundschaften etc;JAHR;Jahr;2013;DLAND;Bundesländer;06;Hessen;MNHFG1;Art der eingeleiteten Maßnahmen;MNH-ERKL;Ersetzung von Erklärungen d. Sorgeberechtigten;47;Anzahl;MFG001;Maßnahmen des Familiengerichts bei Kindeswohlgef.
22522;Statistik der Pflegeerlaubnis, Vormundschaften etc;JAHR;Jahr;2025;DLAND;Bundesländer;08;Baden-Württemberg;MNHFG1;Art der eingeleiteten Maßnahmen;MNH-GEVE;Ge- oder Verbote gg. Sorgeberechtigten o. Dritten;410;Anzahl;MFG001;Maßnahmen des Familiengerichts bei Kindeswohlgef.
22522;Statistik der Pflegeerlaubnis, Vormundschaften etc;JAHR;Jahr;2013;DLAND;Bundesländer;02;Hamburg;MNHFG1;Art der eingeleiteten Maßnahmen;MNH-KJH;Inanspruchnahme v. Lstg. d. Kinder- u. Jugendhilfe;250;Anzahl;MFG001;Maßnahmen des Familiengerichts bei Kindeswohlgef.
22522;Statistik der Pflegeerlaubnis, Vormundschaften etc;JAHR;Jahr;2013;DLAND;Bundesländer;09;Bayern;MNHFG1;Art der eingeleiteten Maßnahmen;MNH-KJH;Inanspruchnahme v. Lstg. d. Kinder- u. Jugendhilfe;963;Anzahl;MFG001;Maßnahmen des Familiengerichts bei Kindeswohlgef.
22522;Statistik der Pflegeerlaubnis, Vormundschaften etc;JAHR;Jahr;2012;DLAND;Bundesländer;14;Sachsen;MNHFG1;Art der eingeleiteten Maßnahmen;MNH-GEVE;Ge- oder Verbote gg. Sorgeberechtigten o. Dritten;142;Anzahl;MFG001;Maßnahmen des Familiengerichts bei Kindeswohlgef.
22522;Statistik der Pflegeerlaubnis, Vormundschaften etc;JAHR;Jahr;2017;DLAND;Bundesländer;12;Brandenburg;MNHFG1;Art der eingeleiteten Maßnahmen;MNH-GEVE;Ge- oder Verbote gg. Sorgeberechtigten o. Dritten;113;Anzahl;MFG001;Maßnahmen des Familiengerichts bei Kindeswohlgef.
22522;Statistik der Pflegeerlaubnis, Vormundschaften etc;JAHR;Jahr;2025;DLAND;Bundesländer;15;Sachsen-Anhalt;MNHFG1;Art der eingeleiteten Maßnahmen;MNH-ERKL;Ersetzung von Erklärungen d. Sorgeberechtigten;12;Anzahl;MFG001;Maßnahmen des Familiengerichts bei Kindeswohlgef.
22522;Statistik der Pflegeerlaubnis, Vormundschaften etc;JAHR;Jahr;2012;DLAND;Bundesländer;08;Baden-Württemberg;MNHFG1;Art der eingeleiteten Maßnahmen;MNH-KJH;Inanspruchnahme v. Lstg. d. Kinder- u. Jugendhilfe;625;Anzahl;MFG001;Maßnahmen des Familiengerichts bei Kindeswohlgef.
22522;Statistik der Pflegeerlaubnis, Vormundschaften etc;JAHR;Jahr;2015;DLAND;Bundesländer;14;Sachsen;MNHFG1;Art der eingeleiteten Maßnahmen;MNH-SORGV;Vollst. Übertrag. d. Sorge auf Jugendamt o. Dritte;726;Anzahl;MFG001;Maßnahmen des Familiengerichts bei Kindeswohlgef.
22522;Statistik der Pflegeerlaubnis, Vormundschaften etc;JAHR;Jahr;2022;DLAND;Bundesländer;07;Rheinland-Pfalz;MNHFG1;Art der eingeleiteten Maßnahmen;MNH-SORGT;Teilw. Übertrag. d. Sorge auf Jugendamt o. Dritte;529;Anzahl;MFG001;Maßnahmen des Familiengerichts bei Kindeswohlgef.
22522;Statistik der Pflegeerlaubnis, Vormundschaften etc;JAHR;Jahr;2022;DLAND;Bundesländer;11;Berlin;MNHFG1;Art der eingeleiteten Maßnahmen;MNH-KJH;Inanspruchnahme v. Lstg. d. Kinder- u. Jugendhilfe;305;Anzahl;MFG001;Maßnahmen des Familiengerichts bei Kindeswohlgef.
22522;Statistik der Pflegeerlaubnis, Vormundschaften etc;JAHR;Jahr;2023;DLAND;Bundesländer;12;Brandenburg;MNHFG1;Art der eingeleiteten Maßnahmen;MNH-KJH;Inanspruchnahme v. Lstg. d. Kinder- u. Jugendhilfe;250;Anzahl;MFG001;Maßnahmen des Familiengerichts bei Kindeswohlgef.
22522;Statistik der Pflegeerlaubnis, Vormundschaften etc;JAHR;Jahr;2023;DLAND;Bundesländer;13;Mecklenburg-Vorpommern;MNHFG1;Art der eingeleiteten Maßnahmen;MNH-GEVE;Ge- oder Verbote gg. Sorgeberechtigten o. Dritten;47;Anzahl;MFG001;Maßnahmen des Familiengerichts bei Kindeswohlgef.
22522;Statistik der Pflegeerlaubnis, Vormundschaften etc;JAHR;Jahr;2014;DLAND;Bundesländer;04;Bremen;MNHFG1;Art der eingeleiteten Maßnahmen;;Insgesamt;522;Anzahl;MFG001;Maßnahmen des Familiengerichts bei Kindeswohlgef.
22522;Statistik der Pflegeerlaubnis, Vormundschaften etc;JAHR;Jahr;2018;DLAND;Bundesländer;13;Mecklenburg-Vorpommern;MNHFG1;Art der eingeleiteten Maßnahmen;MNH-ERKL;Ersetzung von Erklärungen d. Sorgeberechtigten;19;Anzahl;MFG001;Maßnahmen des Familiengerichts bei Kindeswohlgef.
22522;Statistik der Pflegeerlaubnis, Vormundschaften etc;JAHR;Jahr;2024;DLAND;Bundesländer;02;Hamburg;MNHFG1;Art der eingeleiteten Maßnahmen;MNH-SORGT;Teilw. Übertrag. d. Sorge auf Jugendamt o. Dritte;253;Anzahl;MFG001;Maßnahmen des Familiengerichts bei Kindeswohlgef.
22522;Statistik der Pflegeerlaubnis, Vormundschaften etc;JAHR;Jahr;2021;DLAND;Bundesländer;04;Bremen;MNHFG1;Art der eingeleiteten Maßnahmen;MNH-SORGV;Vollst. Übertrag. d. Sorge auf Jugendamt o. Dritte;168;Anzahl;MFG001;Maßnahmen des Familiengerichts bei Kindeswohlgef.
22522;Statistik der Pflegeerlaubnis, Vormundschaften etc;JAHR;Jahr;2023;DLAND;Bundesländer;14;Sachsen;MNHFG1;Art der eingeleiteten Maßnahmen;MNH-SORGT;Teilw. Übertrag. d. Sorge auf Jugendamt o. Dritte;442;Anzahl;MFG001;Maßnahmen des Familiengerichts bei Kindeswohlgef.
22522;Statistik der Pflegeerlaubnis, Vormundschaften etc;JAHR;Jahr;2018;DLAND;Bundesländer;15;Sachsen-Anhalt;MNHFG1;Art der eingeleiteten Maßnahmen;MNH-SORGV;Vollst. Übertrag. d. Sorge auf Jugendamt o. Dritte;290;Anzahl;MFG001;Maßnahmen des Familiengerichts bei Kindeswohlgef.
22522;Statistik der Pflegeerlaubnis, Vormundschaften etc;JAHR;Jahr;2013;DLAND;Bundesländer;01;Schleswig-Holstein;MNHFG1;Art der eingeleiteten Maßnahmen;MNH-SORGT;Teilw. Übertrag. d. Sorge auf Jugendamt o. Dritte;336;Anzahl;MFG001;Maßnahmen des Familiengerichts bei Kindeswohlgef.
22522;Statistik der Pflegeerlaubnis, Vormundschaften etc;JAHR;Jahr;2017;DLAND;Bundesländer;07;Rheinland-Pfalz;MNHFG1;Art der eingeleiteten Maßnahmen;MNH-KJH;Inanspruchnahme v. Lstg. d. Kinder- u. Jugendhilfe;539;Anzahl;MFG001;Maßnahmen des Familiengerichts bei Kindeswohlgef.
22522;Statistik der Pflegeerlaubnis, Vormundschaften etc;JAHR;Jahr;2016;DLAND;Bundesländer;06;Hessen;MNHFG1;Art der eingeleiteten Maßnahmen;MNH-KJH;Inanspruchnahme v. Lstg. d. Kinder- u. Jugendhilfe;384;Anzahl;MFG001;Maßnahmen des Familiengerichts bei Kindeswohlgef.
22522;Statistik der Pflegeerlaubnis, Vormundschaften etc;JAHR;Jahr;2022;DLAND;Bundesländer;12;Brandenburg;MNHFG1;Art der eingeleiteten Maßnahmen;MNH-ERKL;Ersetzung von Erklärungen d. Sorgeberechtigten;42;Anzahl;MFG001;Maßnahmen des Familiengerichts bei Kindeswohlgef.
22522;Statistik der Pflegeerlaubnis, Vormundschaften etc;JAHR;Jahr;2014;DLAND;Bundesländer;16;Thüringen;MNHFG1;Art der eingeleiteten Maßnahmen;MNH-GEVE;Ge- oder Verbote gg. Sorgeberechtigten o. Dritten;101;Anzahl;MFG001;Maßnahmen des Familiengerichts bei Kindeswohlgef.
22522;Statistik der Pflegeerlaubnis, Vormundschaften etc;JAHR;Jahr;2015;DLAND;Bundesländer;10;Saarland;MNHFG1;Art der eingeleiteten Maßnahmen;MNH-GEVE;Ge- oder Verbote gg. Sorgeberechtigten o. Dritten;108;Anzahl;MFG001;Maßnahmen des Familiengerichts bei Kindeswohlgef.
22522;Statistik der Pflegeerlaubnis, Vormundschaften etc;JAHR;Jahr;2020;DLAND;Bundesländer;10;Saarland;MNHFG1;Art der eingeleiteten Maßnahmen;MNH-GEVE;Ge- oder Verbote gg. Sorgeberechtigten o. Dritten;90;Anzahl;MFG001;Maßnahmen des Familiengerichts bei Kindeswohlgef.
22522;Statistik der Pflegeerlaubnis, Vormundschaften etc;JAHR;Jahr;2024;DLAND;Bundesländer;14;Sachsen;MNHFG1;Art der eingeleiteten Maßnahmen;;Insgesamt;1375;Anzahl;MFG001;Maßnahmen des Familiengerichts bei Kindeswohlgef.
22522;Statistik der Pflegeerlaubnis, Vormundschaften etc;JAHR;Jahr;2012;DLAND;Bundesländer;13;Mecklenburg-Vorpommern;MNHFG1;Art der eingeleiteten Maßnahmen;MNH-SORGT;Teilw. Übertrag. d. Sorge auf Jugendamt o. Dritte;112;Anzahl;MFG001;Maßnahmen des Familiengerichts bei Kindeswohlgef.
22522;Statistik der Pflegeerlaubnis, Vormundschaften etc;JAHR;Jahr;2014;DLAND;Bundesländer;04;Bremen;MNHFG1;Art der eingeleiteten Maßnahmen;MNH-SORGT;Teilw. Übertrag. d. Sorge auf Jugendamt o. Dritte;131;Anzahl;MFG001;Maßnahmen des Familiengerichts bei Kindeswohlgef.
22522;Statistik der Pflegeerlaubnis, Vormundschaften etc;JAHR;Jahr;2024;DLAND;Bundesländer;07;Rheinland-Pfalz;MNHFG1;Art der eingeleiteten Maßnahmen;;Insgesamt;1972;Anzahl;MFG001;Maßnahmen des Familiengerichts bei Kindeswohlgef.
22522;Statistik der Pflegeerlaubnis, Vormundschaften etc;JAHR;Jahr;2023;DLAND;Bundesländer;13;Mecklenburg-Vorpommern;MNHFG1;Art der eingeleiteten Maßnahmen;MNH-ERKL;Ersetzung von Erklärungen d. Sorgeberechtigten;16;Anzahl;MFG001;Maßnahmen des Familiengerichts bei Kindeswohlgef.
22522;Statistik der Pflegeerlaubnis, Vormundschaften etc;JAHR;Jahr;2019;DLAND;Bundesländer;14;Sachsen;MNHFG1;Art der eingeleiteten Maßnahmen;MNH-ERKL;Ersetzung von Erklärungen d. Sorgeberechtigten;85;Anzahl;MFG001;Maßnahmen des Familiengerichts bei Kindeswohlgef.
22522;Statistik der Pflegeerlaubnis, Vormundschaften etc;JAHR;Jahr;2024;DLAND;Bundesländer;14;Sachsen;MNHFG1;Art der eingeleiteten Maßnahmen;MNH-ERKL;Ersetzung von Erklärungen d. Sorgeberechtigten;62;Anzahl;MFG001;Maßnahmen des Familiengerichts bei Kindeswohlgef.
22522;Statistik der Pflegeerlaubnis, Vormundschaften etc;JAHR;Jahr;2018;DLAND;Bundesländer;12;Brandenburg;MNHFG1;Art der eingeleiteten Maßnahmen;MNH-SORGT;Teilw. Übertrag. d. Sorge auf Jugendamt o. Dritte;276;Anzahl;MFG001;Maßnahmen des Familiengerichts bei Kindeswohlgef.
22522;Statistik der Pflegeerlaubnis, Vormundschaften etc;JAHR;Jahr;2014;DLAND;Bundesländer;11;Berlin;MNHFG1;Art der eingeleiteten Maßnahmen;MNH-SORGV;Vollst. Übertrag. d. Sorge auf Jugendamt o. Dritte;706;Anzahl;MFG001;Maßnahmen des Familiengerichts bei Kindeswohlgef.
22522;Statistik der Pflegeerlaubnis, Vormundschaften etc;JAHR;Jahr;2014;DLAND;Bundesländer;07;Rheinland-Pfalz;MNHFG1;Art der eingeleiteten Maßnahmen;MNH-SORGV;Vollst. Übertrag. d. Sorge auf Jugendamt o. Dritte;378;Anzahl;MFG001;Maßnahmen des Familiengerichts bei Kindeswohlgef.
22522;Statistik der Pflegeerlaubnis, Vormundschaften etc;JAHR;Jahr;2018;DLAND;Bundesländer;16;Thüringen;MNHFG1;Art der eingeleiteten Maßnahmen;;Insgesamt;1063;Anzahl;MFG001;Maßnahmen des Familiengerichts bei Kindeswohlgef.
22522;Statistik der Pflegeerlaubnis, Vormundschaften etc;JAHR;Jahr;2012;DLAND;Bundesländer;16;Thüringen;MNHFG1;Art der eingeleiteten Maßnahmen;MNH-SORGV;Vollst. Übertrag. d. Sorge auf Jugendamt o. Dritte;113;Anzahl;MFG001;Maßnahmen des Familiengerichts bei Kindeswohlgef.
22522;Statistik der Pflegeerlaubnis, Vormundschaften etc;JAHR;Jahr;2016;DLAND;Bundesländer;02;Hamburg;MNHFG1;Art der eingeleiteten Maßnahmen;MNH-SORGV;Vollst. Übertrag. d. Sorge auf Jugendamt o. Dritte;215;Anzahl;MFG001;Maßnahmen des Familiengerichts bei Kindeswohlgef.
22522;Statistik der Pflegeerlaubnis, Vormundschaften etc;JAHR;Jahr;2016;DLAND;Bundesländer;11;Berlin;MNHFG1;Art der eingeleiteten Maßnahmen;MNH-GEVE;Ge- oder Verbote gg. Sorgeberechtigten o. Dritten;490;Anzahl;MFG001;Maßnahmen des Familiengerichts bei Kindeswohlgef.
22522;Statistik der Pflegeerlaubnis, Vormundschaften etc;JAHR;Jahr;2021;DLAND;Bundesländer;11;Berlin;MNHFG1;Art der eingeleiteten Maßnahmen;MNH-GEVE;Ge- oder Verbote gg. Sorgeberechtigten o. Dritten;436;Anzahl;MFG001;Maßnahmen des Familiengerichts bei Kindeswohlgef.
22522;Statistik der Pflegeerlaubnis, Vormundschaften etc;JAHR;Jahr;2025;DLAND;Bundesländer;12;Brandenburg;MNHFG1;Art der eingeleiteten Maßnahmen;MNH-SORGV;Vollst. Übertrag. d. Sorge auf Jugendamt o. Dritte;201;Anzahl;MFG001;Maßnahmen des Familiengerichts bei Kindeswohlgef.
22522;Statistik der Pflegeerlaubnis, Vormundschaften etc;JAHR;Jahr;2018;DLAND;Bundesländer;09;Bayern;MNHFG1;Art der eingeleiteten Maßnahmen;;Insgesamt;2824;Anzahl;MFG001;Maßnahmen des Familiengerichts bei Kindeswohlgef.
22522;Statistik der Pflegeerlaubnis, Vormundschaften etc;JAHR;Jahr;2025;DLAND;Bundesländer;08;Baden-Württemberg;MNHFG1;Art der eingeleiteten Maßnahmen;MNH-SORGV;Vollst. Übertrag. d. Sorge auf Jugendamt o. Dritte;580;Anzahl;MFG001;Maßnahmen des Familiengerichts bei Kindeswohlgef.
22522;Statistik der Pflegeerlaubnis, Vormundschaften etc;JAHR;Jahr;2012;DLAND;Bundesländer;09;Bayern;MNHFG1;Art der eingeleiteten Maßnahmen;MNH-SORGT;Teilw. Übertrag. d. Sorge auf Jugendamt o. Dritte;1542;Anzahl;MFG001;Maßnahmen des Familiengerichts bei Kindeswohlgef.
22522;Statistik der Pflegeerlaubnis, Vormundschaften etc;JAHR;Jahr;2018;DLAND;Bundesländer;02;Hamburg;MNHFG1;Art der eingeleiteten Maßnahmen;;Insgesamt;966;Anzahl;MFG001;Maßnahmen des Familiengerichts bei Kindeswohlgef.
22522;Statistik der Pflegeerlaubnis, Vormundschaften etc;JAHR;Jahr;2012;DLAND;Bundesländer;01;Schleswig-Holstein;MNHFG1;Art der eingeleiteten Maßnahmen;MNH-KJH;Inanspruchnahme v. Lstg. d. Kinder- u. Jugendhilfe;307;Anzahl;MFG001;Maßnahmen des Familiengerichts bei Kindeswohlgef.
