statistics_code;statistics_label;time_code;time_label;time;1_variable_code;1_variable_label;1_variable_attribute_code;1_variable_attribute_label;2_variable_code;2_variable_label;2_variable_attribute_code;2_variable_attribute_label;3_variable_code;3_variable_label;3_variable_attribute_code;3_variable_attribute_label;value;value_unit;value_variable_code;value_variable_label
31121;Statistik der Baufertigstellungen;JAHR;Jahr;2025;DLAND;Bundesländer;16;Thüringen;BAUGB2;Gebäudeart;GBD-NW;Nichtwohngebäude;GSSZL1;Geschosszahl;VOLLGSS-01;1 Vollgeschoss;0;1000 qm;FLC014;Wohnfläche der Wohnungen
31121;Statistik der Baufertigstellungen;JAHR;Jahr;2025;DLAND;Bundesländer;16;Thüringen;BAUGB2;Gebäudeart;GBD-NW;Nichtwohngebäude;GSSZL1;Geschosszahl;VOLLGSS-01;1 Vollgeschoss;1;Anzahl;WOHN01;Wohnungen
31121;Statistik der Baufertigstellungen;JAHR;Jahr;2025;DLAND;Bundesländer;16;Thüringen;BAUGB2;Gebäudeart;GBD-NW;Nichtwohngebäude;GSSZL1;Geschosszahl;VOLLGSS-01;1 Vollgeschoss;503;Anzahl;BAU005;Neue Gebäude
31121;Statistik der Baufertigstellungen;JAHR;Jahr;2025;DLAND;Bundesländer;16;Thüringen;BAUGB2;Gebäudeart;GBD-NW;Nichtwohngebäude;GSSZL1;Geschosszahl;VOLLGSS-01;1 Vollgeschoss;287957;Tsd. EUR;VKB001;Veranschlagte Kosten des Bauwerks
31121;Statistik der Baufertigstellungen;JAHR;Jahr;2025;DLAND;Bundesländer;16;Thüringen;BAUGB2;Gebäudeart;GBD-NW;Nichtwohngebäude;GSSZL1;Geschosszahl;VOLLGSS-01;1 Vollgeschoss;3135;1000 cbm;FLC003;Rauminhalt
31121;Statistik der Baufertigstellungen;JAHR;Jahr;2025;DLAND;Bundesländer;16;Thüringen;BAUGB2;Gebäudeart;GBD-NW;Nichtwohngebäude;GSSZL1;Geschosszahl;VOLLGSS-01;1 Vollgeschoss;337;1000 qm;FLC002;Nutzfläche
31121;Statistik der Baufertigstellungen;JAHR;Jahr;2025;DLAND;Bundesländer;09;Bayern;BAUGB2;Gebäudeart;GBD-W;Wohngebäude;GSSZL1;Geschosszahl;VOLLGSS-06-07;6-7 Vollgeschosse;147;1000 qm;FLC014;Wohnfläche der Wohnungen
31121;Statistik der Baufertigstellungen;JAHR;Jahr;2025;DLAND;Bundesländer;09;Bayern;BAUGB2;Gebäudeart;GBD-W;Wohngebäude;GSSZL1;Geschosszahl;VOLLGSS-06-07;6-7 Vollgeschosse;2703;Anzahl;WOHN01;Wohnungen
31121;Statistik der Baufertigstellungen;JAHR;Jahr;2025;DLAND;Bundesländer;09;Bayern;BAUGB2;Gebäudeart;GBD-W;Wohngebäude;GSSZL1;Geschosszahl;VOLLGSS-06-07;6-7 Vollgeschosse;82;Anzahl;BAU005;Neue Gebäude
31121;Statistik der Baufertigstellungen;JAHR;Jahr;2025;DLAND;Bundesländer;09;Bayern;BAUGB2;Gebäudeart;GBD-W;Wohngebäude;GSSZL1;Geschosszahl;VOLLGSS-06-07;6-7 Vollgeschosse;404310;Tsd. EUR;VKB001;Veranschlagte Kosten des Bauwerks
31121;Statistik der Baufertigstellungen;JAHR;Jahr;2025;DLAND;Bundesländer;09;Bayern;BAUGB2;Gebäudeart;GBD-W;Wohngebäude;GSSZL1;Geschosszahl;VOLLGSS-06-07;6-7 Vollgeschosse;799;1000 cbm;FLC003;Rauminhalt
31121;Statistik der Baufertigstellungen;JAHR;Jahr;2025;DLAND;Bundesländer;09;Bayern;BAUGB2;Gebäudeart;GBD-W;Wohngebäude;GSSZL1;Geschosszahl;VOLLGSS-06-07;6-7 Vollgeschosse;26;1000 qm;FLC002;Nutzfläche
31121;Statistik der Baufertigstellungen;JAHR;Jahr;2025;DLAND;Bundesländer;12;Brandenburg;BAUGB2;Gebäudeart;GBD-NW;Nichtwohngebäude;GSSZL1;Geschosszahl;VOLLGSS-01;1 Vollgeschoss;0;1000 qm;FLC014;Wohnfläche der Wohnungen
31121;Statistik der Baufertigstellungen;JAHR;Jahr;2025;DLAND;Bundesländer;12;Brandenburg;BAUGB2;Gebäudeart;GBD-NW;Nichtwohngebäude;GSSZL1;Geschosszahl;VOLLGSS-01;1 Vollgeschoss;1;Anzahl;WOHN01;Wohnungen
31121;Statistik der Baufertigstellungen;JAHR;Jahr;2025;DLAND;Bundesländer;12;Brandenburg;BAUGB2;Gebäudeart;GBD-NW;Nichtwohngebäude;GSSZL1;Geschosszahl;VOLLGSS-01;1 Vollgeschoss;379;Anzahl;BAU005;Neue Gebäude
31121;Statistik der Baufertigstellungen;JAHR;Jahr;2025;DLAND;Bundesländer;12;Brandenburg;BAUGB2;Gebäudeart;GBD-NW;Nichtwohngebäude;GSSZL1;Geschosszahl;VOLLGSS-01;1 Vollgeschoss;436688;Tsd. EUR;VKB001;Veranschlagte Kosten des Bauwerks
31121;Statistik der Baufertigstellungen;JAHR;Jahr;2025;DLAND;Bundesländer;12;Brandenburg;BAUGB2;Gebäudeart;GBD-NW;Nichtwohngebäude;GSSZL1;Geschosszahl;VOLLGSS-01;1 Vollgeschoss;4688;1000 cbm;FLC003;Rauminhalt
31121;Statistik der Baufertigstellungen;JAHR;Jahr;2025;DLAND;Bundesländer;12;Brandenburg;BAUGB2;Gebäudeart;GBD-NW;Nichtwohngebäude;GSSZL1;Geschosszahl;VOLLGSS-01;1 Vollgeschoss;552;1000 qm;FLC002;Nutzfläche
31121;Statistik der Baufertigstellungen;JAHR;Jahr;2025;DLAND;Bundesländer;09;Bayern;BAUGB2;Gebäudeart;GBD-W;Wohngebäude;GSSZL1;Geschosszahl;VOLLGSS-03;3 Vollgeschosse;738;1000 qm;FLC014;Wohnfläche der Wohnungen
31121;Statistik der Baufertigstellungen;JAHR;Jahr;2025;DLAND;Bundesländer;09;Bayern;BAUGB2;Gebäudeart;GBD-W;Wohngebäude;GSSZL1;Geschosszahl;VOLLGSS-03;3 Vollgeschosse;9980;Anzahl;WOHN01;Wohnungen
31121;Statistik der Baufertigstellungen;JAHR;Jahr;2025;DLAND;Bundesländer;09;Bayern;BAUGB2;Gebäudeart;GBD-W;Wohngebäude;GSSZL1;Geschosszahl;VOLLGSS-03;3 Vollgeschosse;1357;Anzahl;BAU005;Neue Gebäude
31121;Statistik der Baufertigstellungen;JAHR;Jahr;2025;DLAND;Bundesländer;09;Bayern;BAUGB2;Gebäudeart;GBD-W;Wohngebäude;GSSZL1;Geschosszahl;VOLLGSS-03;3 Vollgeschosse;1943548;Tsd. EUR;VKB001;Veranschlagte Kosten des Bauwerks
31121;Statistik der Baufertigstellungen;JAHR;Jahr;2025;DLAND;Bundesländer;09;Bayern;BAUGB2;Gebäudeart;GBD-W;Wohngebäude;GSSZL1;Geschosszahl;VOLLGSS-03;3 Vollgeschosse;4131;1000 cbm;FLC003;Rauminhalt
31121;Statistik der Baufertigstellungen;JAHR;Jahr;2025;DLAND;Bundesländer;09;Bayern;BAUGB2;Gebäudeart;GBD-W;Wohngebäude;GSSZL1;Geschosszahl;VOLLGSS-03;3 Vollgeschosse;218;1000 qm;FLC002;Nutzfläche
31121;Statistik der Baufertigstellungen;JAHR;Jahr;2025;DLAND;Bundesländer;11;Berlin;BAUGB2;Gebäudeart;GBD-NW;Nichtwohngebäude;GSSZL1;Geschosszahl;VOLLGSS-03;3 Vollgeschosse;-;1000 qm;FLC014;Wohnfläche der Wohnungen
31121;Statistik der Baufertigstellungen;JAHR;Jahr;2025;DLAND;Bundesländer;11;Berlin;BAUGB2;Gebäudeart;GBD-NW;Nichtwohngebäude;GSSZL1;Geschosszahl;VOLLGSS-03;3 Vollgeschosse;-;Anzahl;WOHN01;Wohnungen
31121;Statistik der Baufertigstellungen;JAHR;Jahr;2025;DLAND;Bundesländer;11;Berlin;BAUGB2;Gebäudeart;GBD-NW;Nichtwohngebäude;GSSZL1;Geschosszahl;VOLLGSS-03;3 Vollgeschosse;20;Anzahl;BAU005;Neue Gebäude
31121;Statistik der Baufertigstellungen;JAHR;Jahr;2025;DLAND;Bundesländer;11;Berlin;BAUGB2;Gebäudeart;GBD-NW;Nichtwohngebäude;GSSZL1;Geschosszahl;VOLLGSS-03;3 Vollgeschosse;128591;Tsd. EUR;VKB001;Veranschlagte Kosten des Bauwerks
31121;Statistik der Baufertigstellungen;JAHR;Jahr;2025;DLAND;Bundesländer;11;Berlin;BAUGB2;Gebäudeart;GBD-NW;Nichtwohngebäude;GSSZL1;Geschosszahl;VOLLGSS-03;3 Vollgeschosse;327;1000 cbm;FLC003;Rauminhalt
31121;Statistik der Baufertigstellungen;JAHR;Jahr;2025;DLAND;Bundesländer;11;Berlin;BAUGB2;Gebäudeart;GBD-NW;Nichtwohngebäude;GSSZL1;Geschosszahl;VOLLGSS-03;3 Vollgeschosse;51;1000 qm;FLC002;Nutzfläche
31121;Statistik der Baufertigstellungen;JAHR;Jahr;2025;DLAND;Bundesländer;05;Nordrhein-Westfalen;BAUGB2;Gebäudeart;GBD-NW;Nichtwohngebäude;GSSZL1;Geschosszahl;VOLLGSS-04-05;4-5 Vollgeschosse;5;1000 qm;FLC014;Wohnfläche der Wohnungen
31121;Statistik der Baufertigstellungen;JAHR;Jahr;2025;DLAND;Bundesländer;05;Nordrhein-Westfalen;BAUGB2;Gebäudeart;GBD-NW;Nichtwohngebäude;GSSZL1;Geschosszahl;VOLLGSS-04-05;4-5 Vollgeschosse;68;Anzahl;WOHN01;Wohnungen
31121;Statistik der Baufertigstellungen;JAHR;Jahr;2025;DLAND;Bundesländer;05;Nordrhein-Westfalen;BAUGB2;Gebäudeart;GBD-NW;Nichtwohngebäude;GSSZL1;Geschosszahl;VOLLGSS-04-05;4-5 Vollgeschosse;81;Anzahl;BAU005;Neue Gebäude
31121;Statistik der Baufertigstellungen;JAHR;Jahr;2025;DLAND;Bundesländer;05;Nordrhein-Westfalen;BAUGB2;Gebäudeart;GBD-NW;Nichtwohngebäude;GSSZL1;Geschosszahl;VOLLGSS-04-05;4-5 Vollgeschosse;984504;Tsd. EUR;VKB001;Veranschlagte Kosten des Bauwerks
31121;Statistik der Baufertigstellungen;JAHR;Jahr;2025;DLAND;Bundesländer;05;Nordrhein-Westfalen;BAUGB2;Gebäudeart;GBD-NW;Nichtwohngebäude;GSSZL1;Geschosszahl;VOLLGSS-04-05;4-5 Vollgeschosse;2481;1000 cbm;FLC003;Rauminhalt
31121;Statistik der Baufertigstellungen;JAHR;Jahr;2025;DLAND;Bundesländer;05;Nordrhein-Westfalen;BAUGB2;Gebäudeart;GBD-NW;Nichtwohngebäude;GSSZL1;Geschosszahl;VOLLGSS-04-05;4-5 Vollgeschosse;420;1000 qm;FLC002;Nutzfläche
31121;Statistik der Baufertigstellungen;JAHR;Jahr;2025;DLAND;Bundesländer;11;Berlin;BAUGB2;Gebäudeart;GBD-W-NW;Wohn- und Nichtwohngebäude;GSSZL1;Geschosszahl;VOLLGSS-06-07;6-7 Vollgeschosse;183;1000 qm;FLC014;Wohnfläche der Wohnungen
31121;Statistik der Baufertigstellungen;JAHR;Jahr;2025;DLAND;Bundesländer;11;Berlin;BAUGB2;Gebäudeart;GBD-W-NW;Wohn- und Nichtwohngebäude;GSSZL1;Geschosszahl;VOLLGSS-06-07;6-7 Vollgeschosse;2985;Anzahl;WOHN01;Wohnungen
31121;Statistik der Baufertigstellungen;JAHR;Jahr;2025;DLAND;Bundesländer;11;Berlin;BAUGB2;Gebäudeart;GBD-W-NW;Wohn- und Nichtwohngebäude;GSSZL1;Geschosszahl;VOLLGSS-06-07;6-7 Vollgeschosse;118;Anzahl;BAU005;Neue Gebäude
31121;Statistik der Baufertigstellungen;JAHR;Jahr;2025;DLAND;Bundesländer;11;Berlin;BAUGB2;Gebäudeart;GBD-W-NW;Wohn- und Nichtwohngebäude;GSSZL1;Geschosszahl;VOLLGSS-06-07;6-7 Vollgeschosse;603033;Tsd. EUR;VKB001;Veranschlagte Kosten des Bauwerks
31121;Statistik der Baufertigstellungen;JAHR;Jahr;2025;DLAND;Bundesländer;11;Berlin;BAUGB2;Gebäudeart;GBD-W-NW;Wohn- und Nichtwohngebäude;GSSZL1;Geschosszahl;VOLLGSS-06-07;6-7 Vollgeschosse;1337;1000 cbm;FLC003;Rauminhalt
31121;Statistik der Baufertigstellungen;JAHR;Jahr;2025;DLAND;Bundesländer;11;Berlin;BAUGB2;Gebäudeart;GBD-W-NW;Wohn- und Nichtwohngebäude;GSSZL1;Geschosszahl;VOLLGSS-06-07;6-7 Vollgeschosse;119;1000 qm;FLC002;Nutzfläche
31121;Statistik der Baufertigstellungen;JAHR;Jahr;2025;DLAND;Bundesländer;04;Bremen;BAUGB2;Gebäudeart;GBD-W;Wohngebäude;GSSZL1;Geschosszahl;VOLLGSS-08-12;8-12 Vollgeschosse;1;1000 qm;FLC014;Wohnfläche der Wohnungen
31121;Statistik der Baufertigstellungen;JAHR;Jahr;2025;DLAND;Bundesländer;04;Bremen;BAUGB2;Gebäudeart;GBD-W;Wohngebäude;GSSZL1;Geschosszahl;VOLLGSS-08-12;8-12 Vollgeschosse;8;Anzahl;WOHN01;Wohnungen
31121;Statistik der Baufertigstellungen;JAHR;Jahr;2025;DLAND;Bundesländer;04;Bremen;BAUGB2;Gebäudeart;GBD-W;Wohngebäude;GSSZL1;Geschosszahl;VOLLGSS-08-12;8-12 Vollgeschosse;1;Anzahl;BAU005;Neue Gebäude
31121;Statistik der Baufertigstellungen;JAHR;Jahr;2025;DLAND;Bundesländer;04;Bremen;BAUGB2;Gebäudeart;GBD-W;Wohngebäude;GSSZL1;Geschosszahl;VOLLGSS-08-12;8-12 Vollgeschosse;1000;Tsd. EUR;VKB001;Veranschlagte Kosten des Bauwerks
31121;Statistik der Baufertigstellungen;JAHR;Jahr;2025;DLAND;Bundesländer;04;Bremen;BAUGB2;Gebäudeart;GBD-W;Wohngebäude;GSSZL1;Geschosszahl;VOLLGSS-08-12;8-12 Vollgeschosse;3;1000 cbm;FLC003;Rauminhalt
31121;Statistik der Baufertigstellungen;JAHR;Jahr;2025;DLAND;Bundesländer;04;Bremen;BAUGB2;Gebäudeart;GBD-W;Wohngebäude;GSSZL1;Geschosszahl;VOLLGSS-08-12;8-12 Vollgeschosse;0;1000 qm;FLC002;Nutzfläche
31121;Statistik der Baufertigstellungen;JAHR;Jahr;2025;DLAND;Bundesländer;12;Brandenburg;BAUGB2;Gebäudeart;GBD-W-NW;Wohn- und Nichtwohngebäude;GSSZL1;Geschosszahl;VOLLGSS-01;1 Vollgeschoss;101;1000 qm;FLC014;Wohnfläche der Wohnungen
31121;Statistik der Baufertigstellungen;JAHR;Jahr;2025;DLAND;Bundesländer;12;Brandenburg;BAUGB2;Gebäudeart;GBD-W-NW;Wohn- und Nichtwohngebäude;GSSZL1;Geschosszahl;VOLLGSS-01;1 Vollgeschoss;988;Anzahl;WOHN01;Wohnungen
31121;Statistik der Baufertigstellungen;JAHR;Jahr;2025;DLAND;Bundesländer;12;Brandenburg;BAUGB2;Gebäudeart;GBD-W-NW;Wohn- und Nichtwohngebäude;GSSZL1;Geschosszahl;VOLLGSS-01;1 Vollgeschoss;1299;Anzahl;BAU005;Neue Gebäude
31121;Statistik der Baufertigstellungen;JAHR;Jahr;2025;DLAND;Bundesländer;12;Brandenburg;BAUGB2;Gebäudeart;GBD-W-NW;Wohn- und Nichtwohngebäude;GSSZL1;Geschosszahl;VOLLGSS-01;1 Vollgeschoss;644676;Tsd. EUR;VKB001;Veranschlagte Kosten des Bauwerks
31121;Statistik der Baufertigstellungen;JAHR;Jahr;2025;DLAND;Bundesländer;12;Brandenburg;BAUGB2;Gebäudeart;GBD-W-NW;Wohn- und Nichtwohngebäude;GSSZL1;Geschosszahl;VOLLGSS-01;1 Vollgeschoss;5251;1000 cbm;FLC003;Rauminhalt
31121;Statistik der Baufertigstellungen;JAHR;Jahr;2025;DLAND;Bundesländer;12;Brandenburg;BAUGB2;Gebäudeart;GBD-W-NW;Wohn- und Nichtwohngebäude;GSSZL1;Geschosszahl;VOLLGSS-01;1 Vollgeschoss;568;1000 qm;FLC002;Nutzfläche
31121;Statistik der Baufertigstellungen;JAHR;Jahr;2025;DLAND;Bundesländer;10;Saarland;BAUGB2;Gebäudeart;GBD-W-NW;Wohn- und Nichtwohngebäude;GSSZL1;Geschosszahl;VOLLGSS-02;2 Vollgeschosse;43;1000 qm;FLC014;Wohnfläche der Wohnungen
31121;Statistik der Baufertigstellungen;JAHR;Jahr;2025;DLAND;Bundesländer;10;Saarland;BAUGB2;Gebäudeart;GBD-W-NW;Wohn- und Nichtwohngebäude;GSSZL1;Geschosszahl;VOLLGSS-02;2 Vollgeschosse;379;Anzahl;WOHN01;Wohnungen
31121;Statistik der Baufertigstellungen;JAHR;Jahr;2025;DLAND;Bundesländer;10;Saarland;BAUGB2;Gebäudeart;GBD-W-NW;Wohn- und Nichtwohngebäude;GSSZL1;Geschosszahl;VOLLGSS-02;2 Vollgeschosse;201;Anzahl;BAU005;Neue Gebäude
31121;Statistik der Baufertigstellungen;JAHR;Jahr;2025;DLAND;Bundesländer;10;Saarland;BAUGB2;Gebäudeart;GBD-W-NW;Wohn- und Nichtwohngebäude;GSSZL1;Geschosszahl;VOLLGSS-02;2 Vollgeschosse;150017;Tsd. EUR;VKB001;Veranschlagte Kosten des Bauwerks
31121;Statistik der Baufertigstellungen;JAHR;Jahr;2025;DLAND;Bundesländer;10;Saarland;BAUGB2;Gebäudeart;GBD-W-NW;Wohn- und Nichtwohngebäude;GSSZL1;Geschosszahl;VOLLGSS-02;2 Vollgeschosse;512;1000 cbm;FLC003;Rauminhalt
31121;Statistik der Baufertigstellungen;JAHR;Jahr;2025;DLAND;Bundesländer;10;Saarland;BAUGB2;Gebäudeart;GBD-W-NW;Wohn- und Nichtwohngebäude;GSSZL1;Geschosszahl;VOLLGSS-02;2 Vollgeschosse;48;1000 qm;FLC002;Nutzfläche
31121;Statistik der Baufertigstellungen;JAHR;Jahr;2025;DLAND;Bundesländer;08;Baden-Württemberg;BAUGB2;Gebäudeart;GBD-NW;Nichtwohngebäude;GSSZL1;Geschosszahl;VOLLGSS-03;3 Vollgeschosse;18;1000 qm;FLC014;Wohnfläche der Wohnungen
31121;Statistik der Baufertigstellungen;JAHR;Jahr;2025;DLAND;Bundesländer;08;Baden-Württemberg;BAUGB2;Gebäudeart;GBD-NW;Nichtwohngebäude;GSSZL1;Geschosszahl;VOLLGSS-03;3 Vollgeschosse;211;Anzahl;WOHN01;Wohnungen
31121;Statistik der Baufertigstellungen;JAHR;Jahr;2025;DLAND;Bundesländer;08;Baden-Württemberg;BAUGB2;Gebäudeart;GBD-NW;Nichtwohngebäude;GSSZL1;Geschosszahl;VOLLGSS-03;3 Vollgeschosse;165;Anzahl;BAU005;Neue Gebäude
31121;Statistik der Baufertigstellungen;JAHR;Jahr;2025;DLAND;Bundesländer;08;Baden-Württemberg;BAUGB2;Gebäudeart;GBD-NW;Nichtwohngebäude;GSSZL1;Geschosszahl;VOLLGSS-03;3 Vollgeschosse;911375;Tsd. EUR;VKB001;Veranschlagte Kosten des Bauwerks
31121;Statistik der Baufertigstellungen;JAHR;Jahr;2025;DLAND;Bundesländer;08;Baden-Württemberg;BAUGB2;Gebäudeart;GBD-NW;Nichtwohngebäude;GSSZL1;Geschosszahl;VOLLGSS-03;3 Vollgeschosse;3263;1000 cbm;FLC003;Rauminhalt
31121;Statistik der Baufertigstellungen;JAHR;Jahr;2025;DLAND;Bundesländer;08;Baden-Württemberg;BAUGB2;Gebäudeart;GBD-NW;Nichtwohngebäude;GSSZL1;Geschosszahl;VOLLGSS-03;3 Vollgeschosse;463;1000 qm;FLC002;Nutzfläche
31121;Statistik der Baufertigstellungen;JAHR;Jahr;2025;DLAND;Bundesländer;16;Thüringen;BAUGB2;Gebäudeart;GBD-W;Wohngebäude;GSSZL1;Geschosszahl;VOLLGSS-08-12;8-12 Vollgeschosse;-;1000 qm;FLC014;Wohnfläche der Wohnungen
31121;Statistik der Baufertigstellungen;JAHR;Jahr;2025;DLAND;Bundesländer;16;Thüringen;BAUGB2;Gebäudeart;GBD-W;Wohngebäude;GSSZL1;Geschosszahl;VOLLGSS-08-12;8-12 Vollgeschosse;-;Anzahl;WOHN01;Wohnungen
31121;Statistik der Baufertigstellungen;JAHR;Jahr;2025;DLAND;Bundesländer;16;Thüringen;BAUGB2;Gebäudeart;GBD-W;Wohngebäude;GSSZL1;Geschosszahl;VOLLGSS-08-12;8-12 Vollgeschosse;-;Anzahl;BAU005;Neue Gebäude
31121;Statistik der Baufertigstellungen;JAHR;Jahr;2025;DLAND;Bundesländer;16;Thüringen;BAUGB2;Gebäudeart;GBD-W;Wohngebäude;GSSZL1;Geschosszahl;VOLLGSS-08-12;8-12 Vollgeschosse;-;Tsd. EUR;VKB001;Veranschlagte Kosten des Bauwerks
31121;Statistik der Baufertigstellungen;JAHR;Jahr;2025;DLAND;Bundesländer;16;Thüringen;BAUGB2;Gebäudeart;GBD-W;Wohngebäude;GSSZL1;Geschosszahl;VOLLGSS-08-12;8-12 Vollgeschosse;-;1000 cbm;FLC003;Rauminhalt
31121;Statistik der Baufertigstellungen;JAHR;Jahr;2025;DLAND;Bundesländer;16;Thüringen;BAUGB2;Gebäudeart;GBD-W;Wohngebäude;GSSZL1;Geschosszahl;VOLLGSS-08-12;8-12 Vollgeschosse;-;1000 qm;FLC002;Nutzfläche
31121;Statistik der Baufertigstellungen;JAHR;Jahr;2025;DLAND;Bundesländer;13;Mecklenburg-Vorpommern;BAUGB2;Gebäudeart;GBD-NW;Nichtwohngebäude;GSSZL1;Geschosszahl;VOLLGSS-13UM;13 und mehr Vollgeschosse;-;1000 qm;FLC014;Wohnfläche der Wohnungen
31121;Statistik der Baufertigstellungen;JAHR;Jahr;2025;DLAND;Bundesländer;13;Mecklenburg-Vorpommern;BAUGB2;Gebäudeart;GBD-NW;Nichtwohngebäude;GSSZL1;Geschosszahl;VOLLGSS-13UM;13 und mehr Vollgeschosse;-;Anzahl;WOHN01;Wohnungen
31121;Statistik der Baufertigstellungen;JAHR;Jahr;2025;DLAND;Bundesländer;13;Mecklenburg-Vorpommern;BAUGB2;Gebäudeart;GBD-NW;Nichtwohngebäude;GSSZL1;Geschosszahl;VOLLGSS-13UM;13 und mehr Vollgeschosse;-;Anzahl;BAU005;Neue Gebäude
31121;Statistik der Baufertigstellungen;JAHR;Jahr;2025;DLAND;Bundesländer;13;Mecklenburg-Vorpommern;BAUGB2;Gebäudeart;GBD-NW;Nichtwohngebäude;GSSZL1;Geschosszahl;VOLLGSS-13UM;13 und mehr Vollgeschosse;-;Tsd. EUR;VKB001;Veranschlagte Kosten des Bauwerks
31121;Statistik der Baufertigstellungen;JAHR;Jahr;2025;DLAND;Bundesländer;13;Mecklenburg-Vorpommern;BAUGB2;Gebäudeart;GBD-NW;Nichtwohngebäude;GSSZL1;Geschosszahl;VOLLGSS-13UM;13 und mehr Vollgeschosse;-;1000 cbm;FLC003;Rauminhalt
31121;Statistik der Baufertigstellungen;JAHR;Jahr;2025;DLAND;Bundesländer;13;Mecklenburg-Vorpommern;BAUGB2;Gebäudeart;GBD-NW;Nichtwohngebäude;GSSZL1;Geschosszahl;VOLLGSS-13UM;13 und mehr Vollgeschosse;-;1000 qm;FLC002;Nutzfläche
31121;Statistik der Baufertigstellungen;JAHR;Jahr;2025;DLAND;Bundesländer;04;Bremen;BAUGB2;Gebäudeart;GBD-NW;Nichtwohngebäude;GSSZL1;Geschosszahl;VOLLGSS-03;3 Vollgeschosse;1;1000 qm;FLC014;Wohnfläche der Wohnungen
31121;Statistik der Baufertigstellungen;JAHR;Jahr;2025;DLAND;Bundesländer;04;Bremen;BAUGB2;Gebäudeart;GBD-NW;Nichtwohngebäude;GSSZL1;Geschosszahl;VOLLGSS-03;3 Vollgeschosse;8;Anzahl;WOHN01;Wohnungen
31121;Statistik der Baufertigstellungen;JAHR;Jahr;2025;DLAND;Bundesländer;04;Bremen;BAUGB2;Gebäudeart;GBD-NW;Nichtwohngebäude;GSSZL1;Geschosszahl;VOLLGSS-03;3 Vollgeschosse;4;Anzahl;BAU005;Neue Gebäude
31121;Statistik der Baufertigstellungen;JAHR;Jahr;2025;DLAND;Bundesländer;04;Bremen;BAUGB2;Gebäudeart;GBD-NW;Nichtwohngebäude;GSSZL1;Geschosszahl;VOLLGSS-03;3 Vollgeschosse;13047;Tsd. EUR;VKB001;Veranschlagte Kosten des Bauwerks
31121;Statistik der Baufertigstellungen;JAHR;Jahr;2025;DLAND;Bundesländer;04;Bremen;BAUGB2;Gebäudeart;GBD-NW;Nichtwohngebäude;GSSZL1;Geschosszahl;VOLLGSS-03;3 Vollgeschosse;32;1000 cbm;FLC003;Rauminhalt
31121;Statistik der Baufertigstellungen;JAHR;Jahr;2025;DLAND;Bundesländer;04;Bremen;BAUGB2;Gebäudeart;GBD-NW;Nichtwohngebäude;GSSZL1;Geschosszahl;VOLLGSS-03;3 Vollgeschosse;6;1000 qm;FLC002;Nutzfläche
31121;Statistik der Baufertigstellungen;JAHR;Jahr;2025;DLAND;Bundesländer;05;Nordrhein-Westfalen;BAUGB2;Gebäudeart;GBD-NW;Nichtwohngebäude;GSSZL1;Geschosszahl;VOLLGSS-01;1 Vollgeschoss;2;1000 qm;FLC014;Wohnfläche der Wohnungen
31121;Statistik der Baufertigstellungen;JAHR;Jahr;2025;DLAND;Bundesländer;05;Nordrhein-Westfalen;BAUGB2;Gebäudeart;GBD-NW;Nichtwohngebäude;GSSZL1;Geschosszahl;VOLLGSS-01;1 Vollgeschoss;18;Anzahl;WOHN01;Wohnungen
31121;Statistik der Baufertigstellungen;JAHR;Jahr;2025;DLAND;Bundesländer;05;Nordrhein-Westfalen;BAUGB2;Gebäudeart;GBD-NW;Nichtwohngebäude;GSSZL1;Geschosszahl;VOLLGSS-01;1 Vollgeschoss;1827;Anzahl;BAU005;Neue Gebäude
31121;Statistik der Baufertigstellungen;JAHR;Jahr;2025;DLAND;Bundesländer;05;Nordrhein-Westfalen;BAUGB2;Gebäudeart;GBD-NW;Nichtwohngebäude;GSSZL1;Geschosszahl;VOLLGSS-01;1 Vollgeschoss;1749052;Tsd. EUR;VKB001;Veranschlagte Kosten des Bauwerks
31121;Statistik der Baufertigstellungen;JAHR;Jahr;2025;DLAND;Bundesländer;05;Nordrhein-Westfalen;BAUGB2;Gebäudeart;GBD-NW;Nichtwohngebäude;GSSZL1;Geschosszahl;VOLLGSS-01;1 Vollgeschoss;16515;1000 cbm;FLC003;Rauminhalt
31121;Statistik der Baufertigstellungen;JAHR;Jahr;2025;DLAND;Bundesländer;05;Nordrhein-Westfalen;BAUGB2;Gebäudeart;GBD-NW;Nichtwohngebäude;GSSZL1;Geschosszahl;VOLLGSS-01;1 Vollgeschoss;1994;1000 qm;FLC002;Nutzfläche
31121;Statistik der Baufertigstellungen;JAHR;Jahr;2025;DLAND;Bundesländer;15;Sachsen-Anhalt;BAUGB2;Gebäudeart;GBD-NW;Nichtwohngebäude;GSSZL1;Geschosszahl;VOLLGSS-06-07;6-7 Vollgeschosse;-;1000 qm;FLC014;Wohnfläche der Wohnungen
31121;Statistik der Baufertigstellungen;JAHR;Jahr;2025;DLAND;Bundesländer;15;Sachsen-Anhalt;BAUGB2;Gebäudeart;GBD-NW;Nichtwohngebäude;GSSZL1;Geschosszahl;VOLLGSS-06-07;6-7 Vollgeschosse;-;Anzahl;WOHN01;Wohnungen
31121;Statistik der Baufertigstellungen;JAHR;Jahr;2025;DLAND;Bundesländer;15;Sachsen-Anhalt;BAUGB2;Gebäudeart;GBD-NW;Nichtwohngebäude;GSSZL1;Geschosszahl;VOLLGSS-06-07;6-7 Vollgeschosse;3;Anzahl;BAU005;Neue Gebäude
31121;Statistik der Baufertigstellungen;JAHR;Jahr;2025;DLAND;Bundesländer;15;Sachsen-Anhalt;BAUGB2;Gebäudeart;GBD-NW;Nichtwohngebäude;GSSZL1;Geschosszahl;VOLLGSS-06-07;6-7 Vollgeschosse;33025;Tsd. EUR;VKB001;Veranschlagte Kosten des Bauwerks
31121;Statistik der Baufertigstellungen;JAHR;Jahr;2025;DLAND;Bundesländer;15;Sachsen-Anhalt;BAUGB2;Gebäudeart;GBD-NW;Nichtwohngebäude;GSSZL1;Geschosszahl;VOLLGSS-06-07;6-7 Vollgeschosse;68;1000 cbm;FLC003;Rauminhalt
31121;Statistik der Baufertigstellungen;JAHR;Jahr;2025;DLAND;Bundesländer;15;Sachsen-Anhalt;BAUGB2;Gebäudeart;GBD-NW;Nichtwohngebäude;GSSZL1;Geschosszahl;VOLLGSS-06-07;6-7 Vollgeschosse;15;1000 qm;FLC002;Nutzfläche
31121;Statistik der Baufertigstellungen;JAHR;Jahr;2025;DLAND;Bundesländer;08;Baden-Württemberg;BAUGB2;Gebäudeart;GBD-W-NW;Wohn- und Nichtwohngebäude;GSSZL1;Geschosszahl;VOLLGSS-06-07;6-7 Vollgeschosse;89;1000 qm;FLC014;Wohnfläche der Wohnungen
31121;Statistik der Baufertigstellungen;JAHR;Jahr;2025;DLAND;Bundesländer;08;Baden-Württemberg;BAUGB2;Gebäudeart;GBD-W-NW;Wohn- und Nichtwohngebäude;GSSZL1;Geschosszahl;VOLLGSS-06-07;6-7 Vollgeschosse;1315;Anzahl;WOHN01;Wohnungen
31121;Statistik der Baufertigstellungen;JAHR;Jahr;2025;DLAND;Bundesländer;08;Baden-Württemberg;BAUGB2;Gebäudeart;GBD-W-NW;Wohn- und Nichtwohngebäude;GSSZL1;Geschosszahl;VOLLGSS-06-07;6-7 Vollgeschosse;80;Anzahl;BAU005;Neue Gebäude
31121;Statistik der Baufertigstellungen;JAHR;Jahr;2025;DLAND;Bundesländer;08;Baden-Württemberg;BAUGB2;Gebäudeart;GBD-W-NW;Wohn- und Nichtwohngebäude;GSSZL1;Geschosszahl;VOLLGSS-06-07;6-7 Vollgeschosse;795702;Tsd. EUR;VKB001;Veranschlagte Kosten des Bauwerks
31121;Statistik der Baufertigstellungen;JAHR;Jahr;2025;DLAND;Bundesländer;08;Baden-Württemberg;BAUGB2;Gebäudeart;GBD-W-NW;Wohn- und Nichtwohngebäude;GSSZL1;Geschosszahl;VOLLGSS-06-07;6-7 Vollgeschosse;2021;1000 cbm;FLC003;Rauminhalt
31121;Statistik der Baufertigstellungen;JAHR;Jahr;2025;DLAND;Bundesländer;08;Baden-Württemberg;BAUGB2;Gebäudeart;GBD-W-NW;Wohn- und Nichtwohngebäude;GSSZL1;Geschosszahl;VOLLGSS-06-07;6-7 Vollgeschosse;277;1000 qm;FLC002;Nutzfläche
31121;Statistik der Baufertigstellungen;JAHR;Jahr;2025;DLAND;Bundesländer;01;Schleswig-Holstein;BAUGB2;Gebäudeart;GBD-W-NW;Wohn- und Nichtwohngebäude;GSSZL1;Geschosszahl;VOLLGSS-01;1 Vollgeschoss;259;1000 qm;FLC014;Wohnfläche der Wohnungen
31121;Statistik der Baufertigstellungen;JAHR;Jahr;2025;DLAND;Bundesländer;01;Schleswig-Holstein;BAUGB2;Gebäudeart;GBD-W-NW;Wohn- und Nichtwohngebäude;GSSZL1;Geschosszahl;VOLLGSS-01;1 Vollgeschoss;2314;Anzahl;WOHN01;Wohnungen
31121;Statistik der Baufertigstellungen;JAHR;Jahr;2025;DLAND;Bundesländer;01;Schleswig-Holstein;BAUGB2;Gebäudeart;GBD-W-NW;Wohn- und Nichtwohngebäude;GSSZL1;Geschosszahl;VOLLGSS-01;1 Vollgeschoss;2301;Anzahl;BAU005;Neue Gebäude
31121;Statistik der Baufertigstellungen;JAHR;Jahr;2025;DLAND;Bundesländer;01;Schleswig-Holstein;BAUGB2;Gebäudeart;GBD-W-NW;Wohn- und Nichtwohngebäude;GSSZL1;Geschosszahl;VOLLGSS-01;1 Vollgeschoss;972452;Tsd. EUR;VKB001;Veranschlagte Kosten des Bauwerks
31121;Statistik der Baufertigstellungen;JAHR;Jahr;2025;DLAND;Bundesländer;01;Schleswig-Holstein;BAUGB2;Gebäudeart;GBD-W-NW;Wohn- und Nichtwohngebäude;GSSZL1;Geschosszahl;VOLLGSS-01;1 Vollgeschoss;3989;1000 cbm;FLC003;Rauminhalt
31121;Statistik der Baufertigstellungen;JAHR;Jahr;2025;DLAND;Bundesländer;01;Schleswig-Holstein;BAUGB2;Gebäudeart;GBD-W-NW;Wohn- und Nichtwohngebäude;GSSZL1;Geschosszahl;VOLLGSS-01;1 Vollgeschoss;425;1000 qm;FLC002;Nutzfläche
31121;Statistik der Baufertigstellungen;JAHR;Jahr;2025;DLAND;Bundesländer;10;Saarland;BAUGB2;Gebäudeart;GBD-W-NW;Wohn- und Nichtwohngebäude;GSSZL1;Geschosszahl;VOLLGSS-06-07;6-7 Vollgeschosse;3;1000 qm;FLC014;Wohnfläche der Wohnungen
31121;Statistik der Baufertigstellungen;JAHR;Jahr;2025;DLAND;Bundesländer;10;Saarland;BAUGB2;Gebäudeart;GBD-W-NW;Wohn- und Nichtwohngebäude;GSSZL1;Geschosszahl;VOLLGSS-06-07;6-7 Vollgeschosse;40;Anzahl;WOHN01;Wohnungen
31121;Statistik der Baufertigstellungen;JAHR;Jahr;2025;DLAND;Bundesländer;10;Saarland;BAUGB2;Gebäudeart;GBD-W-NW;Wohn- und Nichtwohngebäude;GSSZL1;Geschosszahl;VOLLGSS-06-07;6-7 Vollgeschosse;3;Anzahl;BAU005;Neue Gebäude
31121;Statistik der Baufertigstellungen;JAHR;Jahr;2025;DLAND;Bundesländer;10;Saarland;BAUGB2;Gebäudeart;GBD-W-NW;Wohn- und Nichtwohngebäude;GSSZL1;Geschosszahl;VOLLGSS-06-07;6-7 Vollgeschosse;15500;Tsd. EUR;VKB001;Veranschlagte Kosten des Bauwerks
31121;Statistik der Baufertigstellungen;JAHR;Jahr;2025;DLAND;Bundesländer;10;Saarland;BAUGB2;Gebäudeart;GBD-W-NW;Wohn- und Nichtwohngebäude;GSSZL1;Geschosszahl;VOLLGSS-06-07;6-7 Vollgeschosse;29;1000 cbm;FLC003;Rauminhalt
31121;Statistik der Baufertigstellungen;JAHR;Jahr;2025;DLAND;Bundesländer;10;Saarland;BAUGB2;Gebäudeart;GBD-W-NW;Wohn- und Nichtwohngebäude;GSSZL1;Geschosszahl;VOLLGSS-06-07;6-7 Vollgeschosse;3;1000 qm;FLC002;Nutzfläche
31121;Statistik der Baufertigstellungen;JAHR;Jahr;2025;DLAND;Bundesländer;03;Niedersachsen;BAUGB2;Gebäudeart;GBD-W;Wohngebäude;GSSZL1;Geschosszahl;VOLLGSS-13UM;13 und mehr Vollgeschosse;-;1000 qm;FLC014;Wohnfläche der Wohnungen
31121;Statistik der Baufertigstellungen;JAHR;Jahr;2025;DLAND;Bundesländer;03;Niedersachsen;BAUGB2;Gebäudeart;GBD-W;Wohngebäude;GSSZL1;Geschosszahl;VOLLGSS-13UM;13 und mehr Vollgeschosse;-;Anzahl;WOHN01;Wohnungen
31121;Statistik der Baufertigstellungen;JAHR;Jahr;2025;DLAND;Bundesländer;03;Niedersachsen;BAUGB2;Gebäudeart;GBD-W;Wohngebäude;GSSZL1;Geschosszahl;VOLLGSS-13UM;13 und mehr Vollgeschosse;-;Anzahl;BAU005;Neue Gebäude
31121;Statistik der Baufertigstellungen;JAHR;Jahr;2025;DLAND;Bundesländer;03;Niedersachsen;BAUGB2;Gebäudeart;GBD-W;Wohngebäude;GSSZL1;Geschosszahl;VOLLGSS-13UM;13 und mehr Vollgeschosse;-;Tsd. EUR;VKB001;Veranschlagte Kosten des Bauwerks
31121;Statistik der Baufertigstellungen;JAHR;Jahr;2025;DLAND;Bundesländer;03;Niedersachsen;BAUGB2;Gebäudeart;GBD-W;Wohngebäude;GSSZL1;Geschosszahl;VOLLGSS-13UM;13 und mehr Vollgeschosse;-;1000 cbm;FLC003;Rauminhalt
31121;Statistik der Baufertigstellungen;JAHR;Jahr;2025;DLAND;Bundesländer;03;Niedersachsen;BAUGB2;Gebäudeart;GBD-W;Wohngebäude;GSSZL1;Geschosszahl;VOLLGSS-13UM;13 und mehr Vollgeschosse;-;1000 qm;FLC002;Nutzfläche
31121;Statistik der Baufertigstellungen;JAHR;Jahr;2025;DLAND;Bundesländer;02;Hamburg;BAUGB2;Gebäudeart;GBD-NW;Nichtwohngebäude;GSSZL1;Geschosszahl;VOLLGSS-13UM;13 und mehr Vollgeschosse;-;1000 qm;FLC014;Wohnfläche der Wohnungen
31121;Statistik der Baufertigstellungen;JAHR;Jahr;2025;DLAND;Bundesländer;02;Hamburg;BAUGB2;Gebäudeart;GBD-NW;Nichtwohngebäude;GSSZL1;Geschosszahl;VOLLGSS-13UM;13 und mehr Vollgeschosse;-;Anzahl;WOHN01;Wohnungen
31121;Statistik der Baufertigstellungen;JAHR;Jahr;2025;DLAND;Bundesländer;02;Hamburg;BAUGB2;Gebäudeart;GBD-NW;Nichtwohngebäude;GSSZL1;Geschosszahl;VOLLGSS-13UM;13 und mehr Vollgeschosse;-;Anzahl;BAU005;Neue Gebäude
31121;Statistik der Baufertigstellungen;JAHR;Jahr;2025;DLAND;Bundesländer;02;Hamburg;BAUGB2;Gebäudeart;GBD-NW;Nichtwohngebäude;GSSZL1;Geschosszahl;VOLLGSS-13UM;13 und mehr Vollgeschosse;-;Tsd. EUR;VKB001;Veranschlagte Kosten des Bauwerks
31121;Statistik der Baufertigstellungen;JAHR;Jahr;2025;DLAND;Bundesländer;02;Hamburg;BAUGB2;Gebäudeart;GBD-NW;Nichtwohngebäude;GSSZL1;Geschosszahl;VOLLGSS-13UM;13 und mehr Vollgeschosse;-;1000 cbm;FLC003;Rauminhalt
31121;Statistik der Baufertigstellungen;JAHR;Jahr;2025;DLAND;Bundesländer;02;Hamburg;BAUGB2;Gebäudeart;GBD-NW;Nichtwohngebäude;GSSZL1;Geschosszahl;VOLLGSS-13UM;13 und mehr Vollgeschosse;-;1000 qm;FLC002;Nutzfläche
31121;Statistik der Baufertigstellungen;JAHR;Jahr;2025;DLAND;Bundesländer;09;Bayern;BAUGB2;Gebäudeart;GBD-NW;Nichtwohngebäude;GSSZL1;Geschosszahl;VOLLGSS-01;1 Vollgeschoss;5;1000 qm;FLC014;Wohnfläche der Wohnungen
31121;Statistik der Baufertigstellungen;JAHR;Jahr;2025;DLAND;Bundesländer;09;Bayern;BAUGB2;Gebäudeart;GBD-NW;Nichtwohngebäude;GSSZL1;Geschosszahl;VOLLGSS-01;1 Vollgeschoss;49;Anzahl;WOHN01;Wohnungen
31121;Statistik der Baufertigstellungen;JAHR;Jahr;2025;DLAND;Bundesländer;09;Bayern;BAUGB2;Gebäudeart;GBD-NW;Nichtwohngebäude;GSSZL1;Geschosszahl;VOLLGSS-01;1 Vollgeschoss;4424;Anzahl;BAU005;Neue Gebäude
31121;Statistik der Baufertigstellungen;JAHR;Jahr;2025;DLAND;Bundesländer;09;Bayern;BAUGB2;Gebäudeart;GBD-NW;Nichtwohngebäude;GSSZL1;Geschosszahl;VOLLGSS-01;1 Vollgeschoss;2505195;Tsd. EUR;VKB001;Veranschlagte Kosten des Bauwerks
31121;Statistik der Baufertigstellungen;JAHR;Jahr;2025;DLAND;Bundesländer;09;Bayern;BAUGB2;Gebäudeart;GBD-NW;Nichtwohngebäude;GSSZL1;Geschosszahl;VOLLGSS-01;1 Vollgeschoss;20619;1000 cbm;FLC003;Rauminhalt
31121;Statistik der Baufertigstellungen;JAHR;Jahr;2025;DLAND;Bundesländer;09;Bayern;BAUGB2;Gebäudeart;GBD-NW;Nichtwohngebäude;GSSZL1;Geschosszahl;VOLLGSS-01;1 Vollgeschoss;2686;1000 qm;FLC002;Nutzfläche
31121;Statistik der Baufertigstellungen;JAHR;Jahr;2025;DLAND;Bundesländer;15;Sachsen-Anhalt;BAUGB2;Gebäudeart;GBD-NW;Nichtwohngebäude;GSSZL1;Geschosszahl;VOLLGSS-03;3 Vollgeschosse;-;1000 qm;FLC014;Wohnfläche der Wohnungen
31121;Statistik der Baufertigstellungen;JAHR;Jahr;2025;DLAND;Bundesländer;15;Sachsen-Anhalt;BAUGB2;Gebäudeart;GBD-NW;Nichtwohngebäude;GSSZL1;Geschosszahl;VOLLGSS-03;3 Vollgeschosse;-;Anzahl;WOHN01;Wohnungen
31121;Statistik der Baufertigstellungen;JAHR;Jahr;2025;DLAND;Bundesländer;15;Sachsen-Anhalt;BAUGB2;Gebäudeart;GBD-NW;Nichtwohngebäude;GSSZL1;Geschosszahl;VOLLGSS-03;3 Vollgeschosse;13;Anzahl;BAU005;Neue Gebäude
31121;Statistik der Baufertigstellungen;JAHR;Jahr;2025;DLAND;Bundesländer;15;Sachsen-Anhalt;BAUGB2;Gebäudeart;GBD-NW;Nichtwohngebäude;GSSZL1;Geschosszahl;VOLLGSS-03;3 Vollgeschosse;38378;Tsd. EUR;VKB001;Veranschlagte Kosten des Bauwerks
31121;Statistik der Baufertigstellungen;JAHR;Jahr;2025;DLAND;Bundesländer;15;Sachsen-Anhalt;BAUGB2;Gebäudeart;GBD-NW;Nichtwohngebäude;GSSZL1;Geschosszahl;VOLLGSS-03;3 Vollgeschosse;155;1000 cbm;FLC003;Rauminhalt
31121;Statistik der Baufertigstellungen;JAHR;Jahr;2025;DLAND;Bundesländer;15;Sachsen-Anhalt;BAUGB2;Gebäudeart;GBD-NW;Nichtwohngebäude;GSSZL1;Geschosszahl;VOLLGSS-03;3 Vollgeschosse;23;1000 qm;FLC002;Nutzfläche
31121;Statistik der Baufertigstellungen;JAHR;Jahr;2025;DLAND;Bundesländer;11;Berlin;BAUGB2;Gebäudeart;GBD-NW;Nichtwohngebäude;GSSZL1;Geschosszahl;VOLLGSS-04-05;4-5 Vollgeschosse;7;1000 qm;FLC014;Wohnfläche der Wohnungen
31121;Statistik der Baufertigstellungen;JAHR;Jahr;2025;DLAND;Bundesländer;11;Berlin;BAUGB2;Gebäudeart;GBD-NW;Nichtwohngebäude;GSSZL1;Geschosszahl;VOLLGSS-04-05;4-5 Vollgeschosse;90;Anzahl;WOHN01;Wohnungen
31121;Statistik der Baufertigstellungen;JAHR;Jahr;2025;DLAND;Bundesländer;11;Berlin;BAUGB2;Gebäudeart;GBD-NW;Nichtwohngebäude;GSSZL1;Geschosszahl;VOLLGSS-04-05;4-5 Vollgeschosse;34;Anzahl;BAU005;Neue Gebäude
31121;Statistik der Baufertigstellungen;JAHR;Jahr;2025;DLAND;Bundesländer;11;Berlin;BAUGB2;Gebäudeart;GBD-NW;Nichtwohngebäude;GSSZL1;Geschosszahl;VOLLGSS-04-05;4-5 Vollgeschosse;508884;Tsd. EUR;VKB001;Veranschlagte Kosten des Bauwerks
31121;Statistik der Baufertigstellungen;JAHR;Jahr;2025;DLAND;Bundesländer;11;Berlin;BAUGB2;Gebäudeart;GBD-NW;Nichtwohngebäude;GSSZL1;Geschosszahl;VOLLGSS-04-05;4-5 Vollgeschosse;953;1000 cbm;FLC003;Rauminhalt
31121;Statistik der Baufertigstellungen;JAHR;Jahr;2025;DLAND;Bundesländer;11;Berlin;BAUGB2;Gebäudeart;GBD-NW;Nichtwohngebäude;GSSZL1;Geschosszahl;VOLLGSS-04-05;4-5 Vollgeschosse;139;1000 qm;FLC002;Nutzfläche
31121;Statistik der Baufertigstellungen;JAHR;Jahr;2025;DLAND;Bundesländer;03;Niedersachsen;BAUGB2;Gebäudeart;GBD-W;Wohngebäude;GSSZL1;Geschosszahl;VOLLGSS-01;1 Vollgeschoss;753;1000 qm;FLC014;Wohnfläche der Wohnungen
31121;Statistik der Baufertigstellungen;JAHR;Jahr;2025;DLAND;Bundesländer;03;Niedersachsen;BAUGB2;Gebäudeart;GBD-W;Wohngebäude;GSSZL1;Geschosszahl;VOLLGSS-01;1 Vollgeschoss;6003;Anzahl;WOHN01;Wohnungen
31121;Statistik der Baufertigstellungen;JAHR;Jahr;2025;DLAND;Bundesländer;03;Niedersachsen;BAUGB2;Gebäudeart;GBD-W;Wohngebäude;GSSZL1;Geschosszahl;VOLLGSS-01;1 Vollgeschoss;4498;Anzahl;BAU005;Neue Gebäude
31121;Statistik der Baufertigstellungen;JAHR;Jahr;2025;DLAND;Bundesländer;03;Niedersachsen;BAUGB2;Gebäudeart;GBD-W;Wohngebäude;GSSZL1;Geschosszahl;VOLLGSS-01;1 Vollgeschoss;1431575;Tsd. EUR;VKB001;Veranschlagte Kosten des Bauwerks
31121;Statistik der Baufertigstellungen;JAHR;Jahr;2025;DLAND;Bundesländer;03;Niedersachsen;BAUGB2;Gebäudeart;GBD-W;Wohngebäude;GSSZL1;Geschosszahl;VOLLGSS-01;1 Vollgeschoss;3910;1000 cbm;FLC003;Rauminhalt
31121;Statistik der Baufertigstellungen;JAHR;Jahr;2025;DLAND;Bundesländer;03;Niedersachsen;BAUGB2;Gebäudeart;GBD-W;Wohngebäude;GSSZL1;Geschosszahl;VOLLGSS-01;1 Vollgeschoss;168;1000 qm;FLC002;Nutzfläche
31121;Statistik der Baufertigstellungen;JAHR;Jahr;2025;DLAND;Bundesländer;13;Mecklenburg-Vorpommern;BAUGB2;Gebäudeart;GBD-W-NW;Wohn- und Nichtwohngebäude;GSSZL1;Geschosszahl;VOLLGSS-13UM;13 und mehr Vollgeschosse;-;1000 qm;FLC014;Wohnfläche der Wohnungen
31121;Statistik der Baufertigstellungen;JAHR;Jahr;2025;DLAND;Bundesländer;13;Mecklenburg-Vorpommern;BAUGB2;Gebäudeart;GBD-W-NW;Wohn- und Nichtwohngebäude;GSSZL1;Geschosszahl;VOLLGSS-13UM;13 und mehr Vollgeschosse;-;Anzahl;WOHN01;Wohnungen
31121;Statistik der Baufertigstellungen;JAHR;Jahr;2025;DLAND;Bundesländer;13;Mecklenburg-Vorpommern;BAUGB2;Gebäudeart;GBD-W-NW;Wohn- und Nichtwohngebäude;GSSZL1;Geschosszahl;VOLLGSS-13UM;13 und mehr Vollgeschosse;-;Anzahl;BAU005;Neue Gebäude
31121;Statistik der Baufertigstellungen;JAHR;Jahr;2025;DLAND;Bundesländer;13;Mecklenburg-Vorpommern;BAUGB2;Gebäudeart;GBD-W-NW;Wohn- und Nichtwohngebäude;GSSZL1;Geschosszahl;VOLLGSS-13UM;13 und mehr Vollgeschosse;-;Tsd. EUR;VKB001;Veranschlagte Kosten des Bauwerks
31121;Statistik der Baufertigstellungen;JAHR;Jahr;2025;DLAND;Bundesländer;13;Mecklenburg-Vorpommern;BAUGB2;Gebäudeart;GBD-W-NW;Wohn- und Nichtwohngebäude;GSSZL1;Geschosszahl;VOLLGSS-13UM;13 und mehr Vollgeschosse;-;1000 cbm;FLC003;Rauminhalt
31121;Statistik der Baufertigstellungen;JAHR;Jahr;2025;DLAND;Bundesländer;13;Mecklenburg-Vorpommern;BAUGB2;Gebäudeart;GBD-W-NW;Wohn- und Nichtwohngebäude;GSSZL1;Geschosszahl;VOLLGSS-13UM;13 und mehr Vollgeschosse;-;1000 qm;FLC002;Nutzfläche
31121;Statistik der Baufertigstellungen;JAHR;Jahr;2025;DLAND;Bundesländer;12;Brandenburg;BAUGB2;Gebäudeart;GBD-W;Wohngebäude;GSSZL1;Geschosszahl;VOLLGSS-01;1 Vollgeschoss;101;1000 qm;FLC014;Wohnfläche der Wohnungen
31121;Statistik der Baufertigstellungen;JAHR;Jahr;2025;DLAND;Bundesländer;12;Brandenburg;BAUGB2;Gebäudeart;GBD-W;Wohngebäude;GSSZL1;Geschosszahl;VOLLGSS-01;1 Vollgeschoss;987;Anzahl;WOHN01;Wohnungen
31121;Statistik der Baufertigstellungen;JAHR;Jahr;2025;DLAND;Bundesländer;12;Brandenburg;BAUGB2;Gebäudeart;GBD-W;Wohngebäude;GSSZL1;Geschosszahl;VOLLGSS-01;1 Vollgeschoss;920;Anzahl;BAU005;Neue Gebäude
31121;Statistik der Baufertigstellungen;JAHR;Jahr;2025;DLAND;Bundesländer;12;Brandenburg;BAUGB2;Gebäudeart;GBD-W;Wohngebäude;GSSZL1;Geschosszahl;VOLLGSS-01;1 Vollgeschoss;207988;Tsd. EUR;VKB001;Veranschlagte Kosten des Bauwerks
31121;Statistik der Baufertigstellungen;JAHR;Jahr;2025;DLAND;Bundesländer;12;Brandenburg;BAUGB2;Gebäudeart;GBD-W;Wohngebäude;GSSZL1;Geschosszahl;VOLLGSS-01;1 Vollgeschoss;563;1000 cbm;FLC003;Rauminhalt
31121;Statistik der Baufertigstellungen;JAHR;Jahr;2025;DLAND;Bundesländer;12;Brandenburg;BAUGB2;Gebäudeart;GBD-W;Wohngebäude;GSSZL1;Geschosszahl;VOLLGSS-01;1 Vollgeschoss;17;1000 qm;FLC002;Nutzfläche
31121;Statistik der Baufertigstellungen;JAHR;Jahr;2025;DLAND;Bundesländer;04;Bremen;BAUGB2;Gebäudeart;GBD-W;Wohngebäude;GSSZL1;Geschosszahl;VOLLGSS-01;1 Vollgeschoss;14;1000 qm;FLC014;Wohnfläche der Wohnungen
31121;Statistik der Baufertigstellungen;JAHR;Jahr;2025;DLAND;Bundesländer;04;Bremen;BAUGB2;Gebäudeart;GBD-W;Wohngebäude;GSSZL1;Geschosszahl;VOLLGSS-01;1 Vollgeschoss;112;Anzahl;WOHN01;Wohnungen
31121;Statistik der Baufertigstellungen;JAHR;Jahr;2025;DLAND;Bundesländer;04;Bremen;BAUGB2;Gebäudeart;GBD-W;Wohngebäude;GSSZL1;Geschosszahl;VOLLGSS-01;1 Vollgeschoss;78;Anzahl;BAU005;Neue Gebäude
31121;Statistik der Baufertigstellungen;JAHR;Jahr;2025;DLAND;Bundesländer;04;Bremen;BAUGB2;Gebäudeart;GBD-W;Wohngebäude;GSSZL1;Geschosszahl;VOLLGSS-01;1 Vollgeschoss;29017;Tsd. EUR;VKB001;Veranschlagte Kosten des Bauwerks
31121;Statistik der Baufertigstellungen;JAHR;Jahr;2025;DLAND;Bundesländer;04;Bremen;BAUGB2;Gebäudeart;GBD-W;Wohngebäude;GSSZL1;Geschosszahl;VOLLGSS-01;1 Vollgeschoss;71;1000 cbm;FLC003;Rauminhalt
31121;Statistik der Baufertigstellungen;JAHR;Jahr;2025;DLAND;Bundesländer;04;Bremen;BAUGB2;Gebäudeart;GBD-W;Wohngebäude;GSSZL1;Geschosszahl;VOLLGSS-01;1 Vollgeschoss;3;1000 qm;FLC002;Nutzfläche
31121;Statistik der Baufertigstellungen;JAHR;Jahr;2025;DLAND;Bundesländer;02;Hamburg;BAUGB2;Gebäudeart;GBD-W;Wohngebäude;GSSZL1;Geschosszahl;VOLLGSS-03;3 Vollgeschosse;44;1000 qm;FLC014;Wohnfläche der Wohnungen
31121;Statistik der Baufertigstellungen;JAHR;Jahr;2025;DLAND;Bundesländer;02;Hamburg;BAUGB2;Gebäudeart;GBD-W;Wohngebäude;GSSZL1;Geschosszahl;VOLLGSS-03;3 Vollgeschosse;660;Anzahl;WOHN01;Wohnungen
31121;Statistik der Baufertigstellungen;JAHR;Jahr;2025;DLAND;Bundesländer;02;Hamburg;BAUGB2;Gebäudeart;GBD-W;Wohngebäude;GSSZL1;Geschosszahl;VOLLGSS-03;3 Vollgeschosse;58;Anzahl;BAU005;Neue Gebäude
31121;Statistik der Baufertigstellungen;JAHR;Jahr;2025;DLAND;Bundesländer;02;Hamburg;BAUGB2;Gebäudeart;GBD-W;Wohngebäude;GSSZL1;Geschosszahl;VOLLGSS-03;3 Vollgeschosse;101426;Tsd. EUR;VKB001;Veranschlagte Kosten des Bauwerks
31121;Statistik der Baufertigstellungen;JAHR;Jahr;2025;DLAND;Bundesländer;02;Hamburg;BAUGB2;Gebäudeart;GBD-W;Wohngebäude;GSSZL1;Geschosszahl;VOLLGSS-03;3 Vollgeschosse;237;1000 cbm;FLC003;Rauminhalt
31121;Statistik der Baufertigstellungen;JAHR;Jahr;2025;DLAND;Bundesländer;02;Hamburg;BAUGB2;Gebäudeart;GBD-W;Wohngebäude;GSSZL1;Geschosszahl;VOLLGSS-03;3 Vollgeschosse;11;1000 qm;FLC002;Nutzfläche
31121;Statistik der Baufertigstellungen;JAHR;Jahr;2025;DLAND;Bundesländer;09;Bayern;BAUGB2;Gebäudeart;GBD-W-NW;Wohn- und Nichtwohngebäude;GSSZL1;Geschosszahl;VOLLGSS-06-07;6-7 Vollgeschosse;147;1000 qm;FLC014;Wohnfläche der Wohnungen
31121;Statistik der Baufertigstellungen;JAHR;Jahr;2025;DLAND;Bundesländer;09;Bayern;BAUGB2;Gebäudeart;GBD-W-NW;Wohn- und Nichtwohngebäude;GSSZL1;Geschosszahl;VOLLGSS-06-07;6-7 Vollgeschosse;2705;Anzahl;WOHN01;Wohnungen
31121;Statistik der Baufertigstellungen;JAHR;Jahr;2025;DLAND;Bundesländer;09;Bayern;BAUGB2;Gebäudeart;GBD-W-NW;Wohn- und Nichtwohngebäude;GSSZL1;Geschosszahl;VOLLGSS-06-07;6-7 Vollgeschosse;98;Anzahl;BAU005;Neue Gebäude
31121;Statistik der Baufertigstellungen;JAHR;Jahr;2025;DLAND;Bundesländer;09;Bayern;BAUGB2;Gebäudeart;GBD-W-NW;Wohn- und Nichtwohngebäude;GSSZL1;Geschosszahl;VOLLGSS-06-07;6-7 Vollgeschosse;864742;Tsd. EUR;VKB001;Veranschlagte Kosten des Bauwerks
31121;Statistik der Baufertigstellungen;JAHR;Jahr;2025;DLAND;Bundesländer;09;Bayern;BAUGB2;Gebäudeart;GBD-W-NW;Wohn- und Nichtwohngebäude;GSSZL1;Geschosszahl;VOLLGSS-06-07;6-7 Vollgeschosse;1561;1000 cbm;FLC003;Rauminhalt
31121;Statistik der Baufertigstellungen;JAHR;Jahr;2025;DLAND;Bundesländer;09;Bayern;BAUGB2;Gebäudeart;GBD-W-NW;Wohn- und Nichtwohngebäude;GSSZL1;Geschosszahl;VOLLGSS-06-07;6-7 Vollgeschosse;152;1000 qm;FLC002;Nutzfläche
31121;Statistik der Baufertigstellungen;JAHR;Jahr;2025;DLAND;Bundesländer;06;Hessen;BAUGB2;Gebäudeart;GBD-W-NW;Wohn- und Nichtwohngebäude;GSSZL1;Geschosszahl;VOLLGSS-06-07;6-7 Vollgeschosse;164;1000 qm;FLC014;Wohnfläche der Wohnungen
31121;Statistik der Baufertigstellungen;JAHR;Jahr;2025;DLAND;Bundesländer;06;Hessen;BAUGB2;Gebäudeart;GBD-W-NW;Wohn- und Nichtwohngebäude;GSSZL1;Geschosszahl;VOLLGSS-06-07;6-7 Vollgeschosse;2374;Anzahl;WOHN01;Wohnungen
31121;Statistik der Baufertigstellungen;JAHR;Jahr;2025;DLAND;Bundesländer;06;Hessen;BAUGB2;Gebäudeart;GBD-W-NW;Wohn- und Nichtwohngebäude;GSSZL1;Geschosszahl;VOLLGSS-06-07;6-7 Vollgeschosse;82;Anzahl;BAU005;Neue Gebäude
31121;Statistik der Baufertigstellungen;JAHR;Jahr;2025;DLAND;Bundesländer;06;Hessen;BAUGB2;Gebäudeart;GBD-W-NW;Wohn- und Nichtwohngebäude;GSSZL1;Geschosszahl;VOLLGSS-06-07;6-7 Vollgeschosse;479136;Tsd. EUR;VKB001;Veranschlagte Kosten des Bauwerks
31121;Statistik der Baufertigstellungen;JAHR;Jahr;2025;DLAND;Bundesländer;06;Hessen;BAUGB2;Gebäudeart;GBD-W-NW;Wohn- und Nichtwohngebäude;GSSZL1;Geschosszahl;VOLLGSS-06-07;6-7 Vollgeschosse;1191;1000 cbm;FLC003;Rauminhalt
31121;Statistik der Baufertigstellungen;JAHR;Jahr;2025;DLAND;Bundesländer;06;Hessen;BAUGB2;Gebäudeart;GBD-W-NW;Wohn- und Nichtwohngebäude;GSSZL1;Geschosszahl;VOLLGSS-06-07;6-7 Vollgeschosse;76;1000 qm;FLC002;Nutzfläche
31121;Statistik der Baufertigstellungen;JAHR;Jahr;2025;DLAND;Bundesländer;05;Nordrhein-Westfalen;BAUGB2;Gebäudeart;GBD-W-NW;Wohn- und Nichtwohngebäude;GSSZL1;Geschosszahl;VOLLGSS-06-07;6-7 Vollgeschosse;64;1000 qm;FLC014;Wohnfläche der Wohnungen
31121;Statistik der Baufertigstellungen;JAHR;Jahr;2025;DLAND;Bundesländer;05;Nordrhein-Westfalen;BAUGB2;Gebäudeart;GBD-W-NW;Wohn- und Nichtwohngebäude;GSSZL1;Geschosszahl;VOLLGSS-06-07;6-7 Vollgeschosse;919;Anzahl;WOHN01;Wohnungen
31121;Statistik der Baufertigstellungen;JAHR;Jahr;2025;DLAND;Bundesländer;05;Nordrhein-Westfalen;BAUGB2;Gebäudeart;GBD-W-NW;Wohn- und Nichtwohngebäude;GSSZL1;Geschosszahl;VOLLGSS-06-07;6-7 Vollgeschosse;41;Anzahl;BAU005;Neue Gebäude
31121;Statistik der Baufertigstellungen;JAHR;Jahr;2025;DLAND;Bundesländer;05;Nordrhein-Westfalen;BAUGB2;Gebäudeart;GBD-W-NW;Wohn- und Nichtwohngebäude;GSSZL1;Geschosszahl;VOLLGSS-06-07;6-7 Vollgeschosse;497375;Tsd. EUR;VKB001;Veranschlagte Kosten des Bauwerks
31121;Statistik der Baufertigstellungen;JAHR;Jahr;2025;DLAND;Bundesländer;05;Nordrhein-Westfalen;BAUGB2;Gebäudeart;GBD-W-NW;Wohn- und Nichtwohngebäude;GSSZL1;Geschosszahl;VOLLGSS-06-07;6-7 Vollgeschosse;1371;1000 cbm;FLC003;Rauminhalt
31121;Statistik der Baufertigstellungen;JAHR;Jahr;2025;DLAND;Bundesländer;05;Nordrhein-Westfalen;BAUGB2;Gebäudeart;GBD-W-NW;Wohn- und Nichtwohngebäude;GSSZL1;Geschosszahl;VOLLGSS-06-07;6-7 Vollgeschosse;188;1000 qm;FLC002;Nutzfläche
31121;Statistik der Baufertigstellungen;JAHR;Jahr;2025;DLAND;Bundesländer;03;Niedersachsen;BAUGB2;Gebäudeart;GBD-W;Wohngebäude;GSSZL1;Geschosszahl;VOLLGSS-08-12;8-12 Vollgeschosse;2;1000 qm;FLC014;Wohnfläche der Wohnungen
31121;Statistik der Baufertigstellungen;JAHR;Jahr;2025;DLAND;Bundesländer;03;Niedersachsen;BAUGB2;Gebäudeart;GBD-W;Wohngebäude;GSSZL1;Geschosszahl;VOLLGSS-08-12;8-12 Vollgeschosse;23;Anzahl;WOHN01;Wohnungen
31121;Statistik der Baufertigstellungen;JAHR;Jahr;2025;DLAND;Bundesländer;03;Niedersachsen;BAUGB2;Gebäudeart;GBD-W;Wohngebäude;GSSZL1;Geschosszahl;VOLLGSS-08-12;8-12 Vollgeschosse;1;Anzahl;BAU005;Neue Gebäude
31121;Statistik der Baufertigstellungen;JAHR;Jahr;2025;DLAND;Bundesländer;03;Niedersachsen;BAUGB2;Gebäudeart;GBD-W;Wohngebäude;GSSZL1;Geschosszahl;VOLLGSS-08-12;8-12 Vollgeschosse;5260;Tsd. EUR;VKB001;Veranschlagte Kosten des Bauwerks
31121;Statistik der Baufertigstellungen;JAHR;Jahr;2025;DLAND;Bundesländer;03;Niedersachsen;BAUGB2;Gebäudeart;GBD-W;Wohngebäude;GSSZL1;Geschosszahl;VOLLGSS-08-12;8-12 Vollgeschosse;8;1000 cbm;FLC003;Rauminhalt
31121;Statistik der Baufertigstellungen;JAHR;Jahr;2025;DLAND;Bundesländer;03;Niedersachsen;BAUGB2;Gebäudeart;GBD-W;Wohngebäude;GSSZL1;Geschosszahl;VOLLGSS-08-12;8-12 Vollgeschosse;0;1000 qm;FLC002;Nutzfläche
31121;Statistik der Baufertigstellungen;JAHR;Jahr;2025;DLAND;Bundesländer;11;Berlin;BAUGB2;Gebäudeart;GBD-W-NW;Wohn- und Nichtwohngebäude;GSSZL1;Geschosszahl;VOLLGSS-01;1 Vollgeschoss;17;1000 qm;FLC014;Wohnfläche der Wohnungen
31121;Statistik der Baufertigstellungen;JAHR;Jahr;2025;DLAND;Bundesländer;11;Berlin;BAUGB2;Gebäudeart;GBD-W-NW;Wohn- und Nichtwohngebäude;GSSZL1;Geschosszahl;VOLLGSS-01;1 Vollgeschoss;131;Anzahl;WOHN01;Wohnungen
31121;Statistik der Baufertigstellungen;JAHR;Jahr;2025;DLAND;Bundesländer;11;Berlin;BAUGB2;Gebäudeart;GBD-W-NW;Wohn- und Nichtwohngebäude;GSSZL1;Geschosszahl;VOLLGSS-01;1 Vollgeschoss;189;Anzahl;BAU005;Neue Gebäude
31121;Statistik der Baufertigstellungen;JAHR;Jahr;2025;DLAND;Bundesländer;11;Berlin;BAUGB2;Gebäudeart;GBD-W-NW;Wohn- und Nichtwohngebäude;GSSZL1;Geschosszahl;VOLLGSS-01;1 Vollgeschoss;134509;Tsd. EUR;VKB001;Veranschlagte Kosten des Bauwerks
31121;Statistik der Baufertigstellungen;JAHR;Jahr;2025;DLAND;Bundesländer;11;Berlin;BAUGB2;Gebäudeart;GBD-W-NW;Wohn- und Nichtwohngebäude;GSSZL1;Geschosszahl;VOLLGSS-01;1 Vollgeschoss;525;1000 cbm;FLC003;Rauminhalt
31121;Statistik der Baufertigstellungen;JAHR;Jahr;2025;DLAND;Bundesländer;11;Berlin;BAUGB2;Gebäudeart;GBD-W-NW;Wohn- und Nichtwohngebäude;GSSZL1;Geschosszahl;VOLLGSS-01;1 Vollgeschoss;79;1000 qm;FLC002;Nutzfläche
31121;Statistik der Baufertigstellungen;JAHR;Jahr;2025;DLAND;Bundesländer;12;Brandenburg;BAUGB2;Gebäudeart;GBD-W-NW;Wohn- und Nichtwohngebäude;GSSZL1;Geschosszahl;VOLLGSS-06-07;6-7 Vollgeschosse;15;1000 qm;FLC014;Wohnfläche der Wohnungen
31121;Statistik der Baufertigstellungen;JAHR;Jahr;2025;DLAND;Bundesländer;12;Brandenburg;BAUGB2;Gebäudeart;GBD-W-NW;Wohn- und Nichtwohngebäude;GSSZL1;Geschosszahl;VOLLGSS-06-07;6-7 Vollgeschosse;396;Anzahl;WOHN01;Wohnungen
31121;Statistik der Baufertigstellungen;JAHR;Jahr;2025;DLAND;Bundesländer;12;Brandenburg;BAUGB2;Gebäudeart;GBD-W-NW;Wohn- und Nichtwohngebäude;GSSZL1;Geschosszahl;VOLLGSS-06-07;6-7 Vollgeschosse;9;Anzahl;BAU005;Neue Gebäude
31121;Statistik der Baufertigstellungen;JAHR;Jahr;2025;DLAND;Bundesländer;12;Brandenburg;BAUGB2;Gebäudeart;GBD-W-NW;Wohn- und Nichtwohngebäude;GSSZL1;Geschosszahl;VOLLGSS-06-07;6-7 Vollgeschosse;39758;Tsd. EUR;VKB001;Veranschlagte Kosten des Bauwerks
31121;Statistik der Baufertigstellungen;JAHR;Jahr;2025;DLAND;Bundesländer;12;Brandenburg;BAUGB2;Gebäudeart;GBD-W-NW;Wohn- und Nichtwohngebäude;GSSZL1;Geschosszahl;VOLLGSS-06-07;6-7 Vollgeschosse;108;1000 cbm;FLC003;Rauminhalt
31121;Statistik der Baufertigstellungen;JAHR;Jahr;2025;DLAND;Bundesländer;12;Brandenburg;BAUGB2;Gebäudeart;GBD-W-NW;Wohn- und Nichtwohngebäude;GSSZL1;Geschosszahl;VOLLGSS-06-07;6-7 Vollgeschosse;16;1000 qm;FLC002;Nutzfläche
31121;Statistik der Baufertigstellungen;JAHR;Jahr;2025;DLAND;Bundesländer;01;Schleswig-Holstein;BAUGB2;Gebäudeart;GBD-NW;Nichtwohngebäude;GSSZL1;Geschosszahl;VOLLGSS-02;2 Vollgeschosse;3;1000 qm;FLC014;Wohnfläche der Wohnungen
31121;Statistik der Baufertigstellungen;JAHR;Jahr;2025;DLAND;Bundesländer;01;Schleswig-Holstein;BAUGB2;Gebäudeart;GBD-NW;Nichtwohngebäude;GSSZL1;Geschosszahl;VOLLGSS-02;2 Vollgeschosse;30;Anzahl;WOHN01;Wohnungen
31121;Statistik der Baufertigstellungen;JAHR;Jahr;2025;DLAND;Bundesländer;01;Schleswig-Holstein;BAUGB2;Gebäudeart;GBD-NW;Nichtwohngebäude;GSSZL1;Geschosszahl;VOLLGSS-02;2 Vollgeschosse;116;Anzahl;BAU005;Neue Gebäude
31121;Statistik der Baufertigstellungen;JAHR;Jahr;2025;DLAND;Bundesländer;01;Schleswig-Holstein;BAUGB2;Gebäudeart;GBD-NW;Nichtwohngebäude;GSSZL1;Geschosszahl;VOLLGSS-02;2 Vollgeschosse;337851;Tsd. EUR;VKB001;Veranschlagte Kosten des Bauwerks
31121;Statistik der Baufertigstellungen;JAHR;Jahr;2025;DLAND;Bundesländer;01;Schleswig-Holstein;BAUGB2;Gebäudeart;GBD-NW;Nichtwohngebäude;GSSZL1;Geschosszahl;VOLLGSS-02;2 Vollgeschosse;1629;1000 cbm;FLC003;Rauminhalt
31121;Statistik der Baufertigstellungen;JAHR;Jahr;2025;DLAND;Bundesländer;01;Schleswig-Holstein;BAUGB2;Gebäudeart;GBD-NW;Nichtwohngebäude;GSSZL1;Geschosszahl;VOLLGSS-02;2 Vollgeschosse;212;1000 qm;FLC002;Nutzfläche
31121;Statistik der Baufertigstellungen;JAHR;Jahr;2025;DLAND;Bundesländer;12;Brandenburg;BAUGB2;Gebäudeart;GBD-NW;Nichtwohngebäude;GSSZL1;Geschosszahl;VOLLGSS-13UM;13 und mehr Vollgeschosse;-;1000 qm;FLC014;Wohnfläche der Wohnungen
31121;Statistik der Baufertigstellungen;JAHR;Jahr;2025;DLAND;Bundesländer;12;Brandenburg;BAUGB2;Gebäudeart;GBD-NW;Nichtwohngebäude;GSSZL1;Geschosszahl;VOLLGSS-13UM;13 und mehr Vollgeschosse;-;Anzahl;WOHN01;Wohnungen
31121;Statistik der Baufertigstellungen;JAHR;Jahr;2025;DLAND;Bundesländer;12;Brandenburg;BAUGB2;Gebäudeart;GBD-NW;Nichtwohngebäude;GSSZL1;Geschosszahl;VOLLGSS-13UM;13 und mehr Vollgeschosse;-;Anzahl;BAU005;Neue Gebäude
31121;Statistik der Baufertigstellungen;JAHR;Jahr;2025;DLAND;Bundesländer;12;Brandenburg;BAUGB2;Gebäudeart;GBD-NW;Nichtwohngebäude;GSSZL1;Geschosszahl;VOLLGSS-13UM;13 und mehr Vollgeschosse;-;Tsd. EUR;VKB001;Veranschlagte Kosten des Bauwerks
31121;Statistik der Baufertigstellungen;JAHR;Jahr;2025;DLAND;Bundesländer;12;Brandenburg;BAUGB2;Gebäudeart;GBD-NW;Nichtwohngebäude;GSSZL1;Geschosszahl;VOLLGSS-13UM;13 und mehr Vollgeschosse;-;1000 cbm;FLC003;Rauminhalt
31121;Statistik der Baufertigstellungen;JAHR;Jahr;2025;DLAND;Bundesländer;12;Brandenburg;BAUGB2;Gebäudeart;GBD-NW;Nichtwohngebäude;GSSZL1;Geschosszahl;VOLLGSS-13UM;13 und mehr Vollgeschosse;-;1000 qm;FLC002;Nutzfläche
31121;Statistik der Baufertigstellungen;JAHR;Jahr;2025;DLAND;Bundesländer;14;Sachsen;BAUGB2;Gebäudeart;GBD-NW;Nichtwohngebäude;GSSZL1;Geschosszahl;VOLLGSS-06-07;6-7 Vollgeschosse;2;1000 qm;FLC014;Wohnfläche der Wohnungen
31121;Statistik der Baufertigstellungen;JAHR;Jahr;2025;DLAND;Bundesländer;14;Sachsen;BAUGB2;Gebäudeart;GBD-NW;Nichtwohngebäude;GSSZL1;Geschosszahl;VOLLGSS-06-07;6-7 Vollgeschosse;68;Anzahl;WOHN01;Wohnungen
31121;Statistik der Baufertigstellungen;JAHR;Jahr;2025;DLAND;Bundesländer;14;Sachsen;BAUGB2;Gebäudeart;GBD-NW;Nichtwohngebäude;GSSZL1;Geschosszahl;VOLLGSS-06-07;6-7 Vollgeschosse;5;Anzahl;BAU005;Neue Gebäude
31121;Statistik der Baufertigstellungen;JAHR;Jahr;2025;DLAND;Bundesländer;14;Sachsen;BAUGB2;Gebäudeart;GBD-NW;Nichtwohngebäude;GSSZL1;Geschosszahl;VOLLGSS-06-07;6-7 Vollgeschosse;111907;Tsd. EUR;VKB001;Veranschlagte Kosten des Bauwerks
31121;Statistik der Baufertigstellungen;JAHR;Jahr;2025;DLAND;Bundesländer;14;Sachsen;BAUGB2;Gebäudeart;GBD-NW;Nichtwohngebäude;GSSZL1;Geschosszahl;VOLLGSS-06-07;6-7 Vollgeschosse;250;1000 cbm;FLC003;Rauminhalt
31121;Statistik der Baufertigstellungen;JAHR;Jahr;2025;DLAND;Bundesländer;14;Sachsen;BAUGB2;Gebäudeart;GBD-NW;Nichtwohngebäude;GSSZL1;Geschosszahl;VOLLGSS-06-07;6-7 Vollgeschosse;41;1000 qm;FLC002;Nutzfläche
31121;Statistik der Baufertigstellungen;JAHR;Jahr;2025;DLAND;Bundesländer;10;Saarland;BAUGB2;Gebäudeart;GBD-W;Wohngebäude;GSSZL1;Geschosszahl;VOLLGSS-03;3 Vollgeschosse;33;1000 qm;FLC014;Wohnfläche der Wohnungen
31121;Statistik der Baufertigstellungen;JAHR;Jahr;2025;DLAND;Bundesländer;10;Saarland;BAUGB2;Gebäudeart;GBD-W;Wohngebäude;GSSZL1;Geschosszahl;VOLLGSS-03;3 Vollgeschosse;330;Anzahl;WOHN01;Wohnungen
31121;Statistik der Baufertigstellungen;JAHR;Jahr;2025;DLAND;Bundesländer;10;Saarland;BAUGB2;Gebäudeart;GBD-W;Wohngebäude;GSSZL1;Geschosszahl;VOLLGSS-03;3 Vollgeschosse;42;Anzahl;BAU005;Neue Gebäude
31121;Statistik der Baufertigstellungen;JAHR;Jahr;2025;DLAND;Bundesländer;10;Saarland;BAUGB2;Gebäudeart;GBD-W;Wohngebäude;GSSZL1;Geschosszahl;VOLLGSS-03;3 Vollgeschosse;63657;Tsd. EUR;VKB001;Veranschlagte Kosten des Bauwerks
31121;Statistik der Baufertigstellungen;JAHR;Jahr;2025;DLAND;Bundesländer;10;Saarland;BAUGB2;Gebäudeart;GBD-W;Wohngebäude;GSSZL1;Geschosszahl;VOLLGSS-03;3 Vollgeschosse;178;1000 cbm;FLC003;Rauminhalt
31121;Statistik der Baufertigstellungen;JAHR;Jahr;2025;DLAND;Bundesländer;10;Saarland;BAUGB2;Gebäudeart;GBD-W;Wohngebäude;GSSZL1;Geschosszahl;VOLLGSS-03;3 Vollgeschosse;8;1000 qm;FLC002;Nutzfläche
31121;Statistik der Baufertigstellungen;JAHR;Jahr;2025;DLAND;Bundesländer;01;Schleswig-Holstein;BAUGB2;Gebäudeart;GBD-W;Wohngebäude;GSSZL1;Geschosszahl;VOLLGSS-03;3 Vollgeschosse;100;1000 qm;FLC014;Wohnfläche der Wohnungen
31121;Statistik der Baufertigstellungen;JAHR;Jahr;2025;DLAND;Bundesländer;01;Schleswig-Holstein;BAUGB2;Gebäudeart;GBD-W;Wohngebäude;GSSZL1;Geschosszahl;VOLLGSS-03;3 Vollgeschosse;1444;Anzahl;WOHN01;Wohnungen
31121;Statistik der Baufertigstellungen;JAHR;Jahr;2025;DLAND;Bundesländer;01;Schleswig-Holstein;BAUGB2;Gebäudeart;GBD-W;Wohngebäude;GSSZL1;Geschosszahl;VOLLGSS-03;3 Vollgeschosse;118;Anzahl;BAU005;Neue Gebäude
31121;Statistik der Baufertigstellungen;JAHR;Jahr;2025;DLAND;Bundesländer;01;Schleswig-Holstein;BAUGB2;Gebäudeart;GBD-W;Wohngebäude;GSSZL1;Geschosszahl;VOLLGSS-03;3 Vollgeschosse;212457;Tsd. EUR;VKB001;Veranschlagte Kosten des Bauwerks
31121;Statistik der Baufertigstellungen;JAHR;Jahr;2025;DLAND;Bundesländer;01;Schleswig-Holstein;BAUGB2;Gebäudeart;GBD-W;Wohngebäude;GSSZL1;Geschosszahl;VOLLGSS-03;3 Vollgeschosse;538;1000 cbm;FLC003;Rauminhalt
31121;Statistik der Baufertigstellungen;JAHR;Jahr;2025;DLAND;Bundesländer;01;Schleswig-Holstein;BAUGB2;Gebäudeart;GBD-W;Wohngebäude;GSSZL1;Geschosszahl;VOLLGSS-03;3 Vollgeschosse;27;1000 qm;FLC002;Nutzfläche
31121;Statistik der Baufertigstellungen;JAHR;Jahr;2025;DLAND;Bundesländer;11;Berlin;BAUGB2;Gebäudeart;GBD-W;Wohngebäude;GSSZL1;Geschosszahl;VOLLGSS-01;1 Vollgeschoss;17;1000 qm;FLC014;Wohnfläche der Wohnungen
31121;Statistik der Baufertigstellungen;JAHR;Jahr;2025;DLAND;Bundesländer;11;Berlin;BAUGB2;Gebäudeart;GBD-W;Wohngebäude;GSSZL1;Geschosszahl;VOLLGSS-01;1 Vollgeschoss;130;Anzahl;WOHN01;Wohnungen
31121;Statistik der Baufertigstellungen;JAHR;Jahr;2025;DLAND;Bundesländer;11;Berlin;BAUGB2;Gebäudeart;GBD-W;Wohngebäude;GSSZL1;Geschosszahl;VOLLGSS-01;1 Vollgeschoss;126;Anzahl;BAU005;Neue Gebäude
31121;Statistik der Baufertigstellungen;JAHR;Jahr;2025;DLAND;Bundesländer;11;Berlin;BAUGB2;Gebäudeart;GBD-W;Wohngebäude;GSSZL1;Geschosszahl;VOLLGSS-01;1 Vollgeschoss;40303;Tsd. EUR;VKB001;Veranschlagte Kosten des Bauwerks
31121;Statistik der Baufertigstellungen;JAHR;Jahr;2025;DLAND;Bundesländer;11;Berlin;BAUGB2;Gebäudeart;GBD-W;Wohngebäude;GSSZL1;Geschosszahl;VOLLGSS-01;1 Vollgeschoss;83;1000 cbm;FLC003;Rauminhalt
31121;Statistik der Baufertigstellungen;JAHR;Jahr;2025;DLAND;Bundesländer;11;Berlin;BAUGB2;Gebäudeart;GBD-W;Wohngebäude;GSSZL1;Geschosszahl;VOLLGSS-01;1 Vollgeschoss;3;1000 qm;FLC002;Nutzfläche
31121;Statistik der Baufertigstellungen;JAHR;Jahr;2025;DLAND;Bundesländer;03;Niedersachsen;BAUGB2;Gebäudeart;GBD-NW;Nichtwohngebäude;GSSZL1;Geschosszahl;VOLLGSS-13UM;13 und mehr Vollgeschosse;-;1000 qm;FLC014;Wohnfläche der Wohnungen
31121;Statistik der Baufertigstellungen;JAHR;Jahr;2025;DLAND;Bundesländer;03;Niedersachsen;BAUGB2;Gebäudeart;GBD-NW;Nichtwohngebäude;GSSZL1;Geschosszahl;VOLLGSS-13UM;13 und mehr Vollgeschosse;-;Anzahl;WOHN01;Wohnungen
31121;Statistik der Baufertigstellungen;JAHR;Jahr;2025;DLAND;Bundesländer;03;Niedersachsen;BAUGB2;Gebäudeart;GBD-NW;Nichtwohngebäude;GSSZL1;Geschosszahl;VOLLGSS-13UM;13 und mehr Vollgeschosse;-;Anzahl;BAU005;Neue Gebäude
31121;Statistik der Baufertigstellungen;JAHR;Jahr;2025;DLAND;Bundesländer;03;Niedersachsen;BAUGB2;Gebäudeart;GBD-NW;Nichtwohngebäude;GSSZL1;Geschosszahl;VOLLGSS-13UM;13 und mehr Vollgeschosse;-;Tsd. EUR;VKB001;Veranschlagte Kosten des Bauwerks
31121;Statistik der Baufertigstellungen;JAHR;Jahr;2025;DLAND;Bundesländer;03;Niedersachsen;BAUGB2;Gebäudeart;GBD-NW;Nichtwohngebäude;GSSZL1;Geschosszahl;VOLLGSS-13UM;13 und mehr Vollgeschosse;-;1000 cbm;FLC003;Rauminhalt
31121;Statistik der Baufertigstellungen;JAHR;Jahr;2025;DLAND;Bundesländer;03;Niedersachsen;BAUGB2;Gebäudeart;GBD-NW;Nichtwohngebäude;GSSZL1;Geschosszahl;VOLLGSS-13UM;13 und mehr Vollgeschosse;-;1000 qm;FLC002;Nutzfläche
31121;Statistik der Baufertigstellungen;JAHR;Jahr;2025;DLAND;Bundesländer;02;Hamburg;BAUGB2;Gebäudeart;GBD-W-NW;Wohn- und Nichtwohngebäude;GSSZL1;Geschosszahl;VOLLGSS-01;1 Vollgeschoss;51;1000 qm;FLC014;Wohnfläche der Wohnungen
31121;Statistik der Baufertigstellungen;JAHR;Jahr;2025;DLAND;Bundesländer;02;Hamburg;BAUGB2;Gebäudeart;GBD-W-NW;Wohn- und Nichtwohngebäude;GSSZL1;Geschosszahl;VOLLGSS-01;1 Vollgeschoss;421;Anzahl;WOHN01;Wohnungen
31121;Statistik der Baufertigstellungen;JAHR;Jahr;2025;DLAND;Bundesländer;02;Hamburg;BAUGB2;Gebäudeart;GBD-W-NW;Wohn- und Nichtwohngebäude;GSSZL1;Geschosszahl;VOLLGSS-01;1 Vollgeschoss;316;Anzahl;BAU005;Neue Gebäude
31121;Statistik der Baufertigstellungen;JAHR;Jahr;2025;DLAND;Bundesländer;02;Hamburg;BAUGB2;Gebäudeart;GBD-W-NW;Wohn- und Nichtwohngebäude;GSSZL1;Geschosszahl;VOLLGSS-01;1 Vollgeschoss;135181;Tsd. EUR;VKB001;Veranschlagte Kosten des Bauwerks
31121;Statistik der Baufertigstellungen;JAHR;Jahr;2025;DLAND;Bundesländer;02;Hamburg;BAUGB2;Gebäudeart;GBD-W-NW;Wohn- und Nichtwohngebäude;GSSZL1;Geschosszahl;VOLLGSS-01;1 Vollgeschoss;353;1000 cbm;FLC003;Rauminhalt
31121;Statistik der Baufertigstellungen;JAHR;Jahr;2025;DLAND;Bundesländer;02;Hamburg;BAUGB2;Gebäudeart;GBD-W-NW;Wohn- und Nichtwohngebäude;GSSZL1;Geschosszahl;VOLLGSS-01;1 Vollgeschoss;28;1000 qm;FLC002;Nutzfläche
31121;Statistik der Baufertigstellungen;JAHR;Jahr;2025;DLAND;Bundesländer;10;Saarland;BAUGB2;Gebäudeart;GBD-NW;Nichtwohngebäude;GSSZL1;Geschosszahl;VOLLGSS-04-05;4-5 Vollgeschosse;2;1000 qm;FLC014;Wohnfläche der Wohnungen
31121;Statistik der Baufertigstellungen;JAHR;Jahr;2025;DLAND;Bundesländer;10;Saarland;BAUGB2;Gebäudeart;GBD-NW;Nichtwohngebäude;GSSZL1;Geschosszahl;VOLLGSS-04-05;4-5 Vollgeschosse;102;Anzahl;WOHN01;Wohnungen
31121;Statistik der Baufertigstellungen;JAHR;Jahr;2025;DLAND;Bundesländer;10;Saarland;BAUGB2;Gebäudeart;GBD-NW;Nichtwohngebäude;GSSZL1;Geschosszahl;VOLLGSS-04-05;4-5 Vollgeschosse;2;Anzahl;BAU005;Neue Gebäude
31121;Statistik der Baufertigstellungen;JAHR;Jahr;2025;DLAND;Bundesländer;10;Saarland;BAUGB2;Gebäudeart;GBD-NW;Nichtwohngebäude;GSSZL1;Geschosszahl;VOLLGSS-04-05;4-5 Vollgeschosse;7358;Tsd. EUR;VKB001;Veranschlagte Kosten des Bauwerks
31121;Statistik der Baufertigstellungen;JAHR;Jahr;2025;DLAND;Bundesländer;10;Saarland;BAUGB2;Gebäudeart;GBD-NW;Nichtwohngebäude;GSSZL1;Geschosszahl;VOLLGSS-04-05;4-5 Vollgeschosse;34;1000 cbm;FLC003;Rauminhalt
31121;Statistik der Baufertigstellungen;JAHR;Jahr;2025;DLAND;Bundesländer;10;Saarland;BAUGB2;Gebäudeart;GBD-NW;Nichtwohngebäude;GSSZL1;Geschosszahl;VOLLGSS-04-05;4-5 Vollgeschosse;5;1000 qm;FLC002;Nutzfläche
31121;Statistik der Baufertigstellungen;JAHR;Jahr;2025;DLAND;Bundesländer;02;Hamburg;BAUGB2;Gebäudeart;GBD-W-NW;Wohn- und Nichtwohngebäude;GSSZL1;Geschosszahl;VOLLGSS-04-05;4-5 Vollgeschosse;118;1000 qm;FLC014;Wohnfläche der Wohnungen
31121;Statistik der Baufertigstellungen;JAHR;Jahr;2025;DLAND;Bundesländer;02;Hamburg;BAUGB2;Gebäudeart;GBD-W-NW;Wohn- und Nichtwohngebäude;GSSZL1;Geschosszahl;VOLLGSS-04-05;4-5 Vollgeschosse;1759;Anzahl;WOHN01;Wohnungen
31121;Statistik der Baufertigstellungen;JAHR;Jahr;2025;DLAND;Bundesländer;02;Hamburg;BAUGB2;Gebäudeart;GBD-W-NW;Wohn- und Nichtwohngebäude;GSSZL1;Geschosszahl;VOLLGSS-04-05;4-5 Vollgeschosse;105;Anzahl;BAU005;Neue Gebäude
31121;Statistik der Baufertigstellungen;JAHR;Jahr;2025;DLAND;Bundesländer;02;Hamburg;BAUGB2;Gebäudeart;GBD-W-NW;Wohn- und Nichtwohngebäude;GSSZL1;Geschosszahl;VOLLGSS-04-05;4-5 Vollgeschosse;368939;Tsd. EUR;VKB001;Veranschlagte Kosten des Bauwerks
31121;Statistik der Baufertigstellungen;JAHR;Jahr;2025;DLAND;Bundesländer;02;Hamburg;BAUGB2;Gebäudeart;GBD-W-NW;Wohn- und Nichtwohngebäude;GSSZL1;Geschosszahl;VOLLGSS-04-05;4-5 Vollgeschosse;878;1000 cbm;FLC003;Rauminhalt
31121;Statistik der Baufertigstellungen;JAHR;Jahr;2025;DLAND;Bundesländer;02;Hamburg;BAUGB2;Gebäudeart;GBD-W-NW;Wohn- und Nichtwohngebäude;GSSZL1;Geschosszahl;VOLLGSS-04-05;4-5 Vollgeschosse;75;1000 qm;FLC002;Nutzfläche
31121;Statistik der Baufertigstellungen;JAHR;Jahr;2025;DLAND;Bundesländer;08;Baden-Württemberg;BAUGB2;Gebäudeart;GBD-W;Wohngebäude;GSSZL1;Geschosszahl;VOLLGSS-03;3 Vollgeschosse;468;1000 qm;FLC014;Wohnfläche der Wohnungen
31121;Statistik der Baufertigstellungen;JAHR;Jahr;2025;DLAND;Bundesländer;08;Baden-Württemberg;BAUGB2;Gebäudeart;GBD-W;Wohngebäude;GSSZL1;Geschosszahl;VOLLGSS-03;3 Vollgeschosse;5771;Anzahl;WOHN01;Wohnungen
31121;Statistik der Baufertigstellungen;JAHR;Jahr;2025;DLAND;Bundesländer;08;Baden-Württemberg;BAUGB2;Gebäudeart;GBD-W;Wohngebäude;GSSZL1;Geschosszahl;VOLLGSS-03;3 Vollgeschosse;750;Anzahl;BAU005;Neue Gebäude
31121;Statistik der Baufertigstellungen;JAHR;Jahr;2025;DLAND;Bundesländer;08;Baden-Württemberg;BAUGB2;Gebäudeart;GBD-W;Wohngebäude;GSSZL1;Geschosszahl;VOLLGSS-03;3 Vollgeschosse;1133977;Tsd. EUR;VKB001;Veranschlagte Kosten des Bauwerks
31121;Statistik der Baufertigstellungen;JAHR;Jahr;2025;DLAND;Bundesländer;08;Baden-Württemberg;BAUGB2;Gebäudeart;GBD-W;Wohngebäude;GSSZL1;Geschosszahl;VOLLGSS-03;3 Vollgeschosse;2591;1000 cbm;FLC003;Rauminhalt
31121;Statistik der Baufertigstellungen;JAHR;Jahr;2025;DLAND;Bundesländer;08;Baden-Württemberg;BAUGB2;Gebäudeart;GBD-W;Wohngebäude;GSSZL1;Geschosszahl;VOLLGSS-03;3 Vollgeschosse;168;1000 qm;FLC002;Nutzfläche
31121;Statistik der Baufertigstellungen;JAHR;Jahr;2025;DLAND;Bundesländer;16;Thüringen;BAUGB2;Gebäudeart;GBD-W-NW;Wohn- und Nichtwohngebäude;GSSZL1;Geschosszahl;VOLLGSS-13UM;13 und mehr Vollgeschosse;-;1000 qm;FLC014;Wohnfläche der Wohnungen
31121;Statistik der Baufertigstellungen;JAHR;Jahr;2025;DLAND;Bundesländer;16;Thüringen;BAUGB2;Gebäudeart;GBD-W-NW;Wohn- und Nichtwohngebäude;GSSZL1;Geschosszahl;VOLLGSS-13UM;13 und mehr Vollgeschosse;-;Anzahl;WOHN01;Wohnungen
31121;Statistik der Baufertigstellungen;JAHR;Jahr;2025;DLAND;Bundesländer;16;Thüringen;BAUGB2;Gebäudeart;GBD-W-NW;Wohn- und Nichtwohngebäude;GSSZL1;Geschosszahl;VOLLGSS-13UM;13 und mehr Vollgeschosse;-;Anzahl;BAU005;Neue Gebäude
31121;Statistik der Baufertigstellungen;JAHR;Jahr;2025;DLAND;Bundesländer;16;Thüringen;BAUGB2;Gebäudeart;GBD-W-NW;Wohn- und Nichtwohngebäude;GSSZL1;Geschosszahl;VOLLGSS-13UM;13 und mehr Vollgeschosse;-;Tsd. EUR;VKB001;Veranschlagte Kosten des Bauwerks
31121;Statistik der Baufertigstellungen;JAHR;Jahr;2025;DLAND;Bundesländer;16;Thüringen;BAUGB2;Gebäudeart;GBD-W-NW;Wohn- und Nichtwohngebäude;GSSZL1;Geschosszahl;VOLLGSS-13UM;13 und mehr Vollgeschosse;-;1000 cbm;FLC003;Rauminhalt
31121;Statistik der Baufertigstellungen;JAHR;Jahr;2025;DLAND;Bundesländer;16;Thüringen;BAUGB2;Gebäudeart;GBD-W-NW;Wohn- und Nichtwohngebäude;GSSZL1;Geschosszahl;VOLLGSS-13UM;13 und mehr Vollgeschosse;-;1000 qm;FLC002;Nutzfläche
31121;Statistik der Baufertigstellungen;JAHR;Jahr;2025;DLAND;Bundesländer;15;Sachsen-Anhalt;BAUGB2;Gebäudeart;GBD-W-NW;Wohn- und Nichtwohngebäude;GSSZL1;Geschosszahl;VOLLGSS-08-12;8-12 Vollgeschosse;-;1000 qm;FLC014;Wohnfläche der Wohnungen
31121;Statistik der Baufertigstellungen;JAHR;Jahr;2025;DLAND;Bundesländer;15;Sachsen-Anhalt;BAUGB2;Gebäudeart;GBD-W-NW;Wohn- und Nichtwohngebäude;GSSZL1;Geschosszahl;VOLLGSS-08-12;8-12 Vollgeschosse;-;Anzahl;WOHN01;Wohnungen
31121;Statistik der Baufertigstellungen;JAHR;Jahr;2025;DLAND;Bundesländer;15;Sachsen-Anhalt;BAUGB2;Gebäudeart;GBD-W-NW;Wohn- und Nichtwohngebäude;GSSZL1;Geschosszahl;VOLLGSS-08-12;8-12 Vollgeschosse;-;Anzahl;BAU005;Neue Gebäude
31121;Statistik der Baufertigstellungen;JAHR;Jahr;2025;DLAND;Bundesländer;15;Sachsen-Anhalt;BAUGB2;Gebäudeart;GBD-W-NW;Wohn- und Nichtwohngebäude;GSSZL1;Geschosszahl;VOLLGSS-08-12;8-12 Vollgeschosse;-;Tsd. EUR;VKB001;Veranschlagte Kosten des Bauwerks
31121;Statistik der Baufertigstellungen;JAHR;Jahr;2025;DLAND;Bundesländer;15;Sachsen-Anhalt;BAUGB2;Gebäudeart;GBD-W-NW;Wohn- und Nichtwohngebäude;GSSZL1;Geschosszahl;VOLLGSS-08-12;8-12 Vollgeschosse;-;1000 cbm;FLC003;Rauminhalt
31121;Statistik der Baufertigstellungen;JAHR;Jahr;2025;DLAND;Bundesländer;15;Sachsen-Anhalt;BAUGB2;Gebäudeart;GBD-W-NW;Wohn- und Nichtwohngebäude;GSSZL1;Geschosszahl;VOLLGSS-08-12;8-12 Vollgeschosse;-;1000 qm;FLC002;Nutzfläche
31121;Statistik der Baufertigstellungen;JAHR;Jahr;2025;DLAND;Bundesländer;12;Brandenburg;BAUGB2;Gebäudeart;GBD-NW;Nichtwohngebäude;GSSZL1;Geschosszahl;VOLLGSS-04-05;4-5 Vollgeschosse;1;1000 qm;FLC014;Wohnfläche der Wohnungen
31121;Statistik der Baufertigstellungen;JAHR;Jahr;2025;DLAND;Bundesländer;12;Brandenburg;BAUGB2;Gebäudeart;GBD-NW;Nichtwohngebäude;GSSZL1;Geschosszahl;VOLLGSS-04-05;4-5 Vollgeschosse;12;Anzahl;WOHN01;Wohnungen
31121;Statistik der Baufertigstellungen;JAHR;Jahr;2025;DLAND;Bundesländer;12;Brandenburg;BAUGB2;Gebäudeart;GBD-NW;Nichtwohngebäude;GSSZL1;Geschosszahl;VOLLGSS-04-05;4-5 Vollgeschosse;18;Anzahl;BAU005;Neue Gebäude
31121;Statistik der Baufertigstellungen;JAHR;Jahr;2025;DLAND;Bundesländer;12;Brandenburg;BAUGB2;Gebäudeart;GBD-NW;Nichtwohngebäude;GSSZL1;Geschosszahl;VOLLGSS-04-05;4-5 Vollgeschosse;103386;Tsd. EUR;VKB001;Veranschlagte Kosten des Bauwerks
31121;Statistik der Baufertigstellungen;JAHR;Jahr;2025;DLAND;Bundesländer;12;Brandenburg;BAUGB2;Gebäudeart;GBD-NW;Nichtwohngebäude;GSSZL1;Geschosszahl;VOLLGSS-04-05;4-5 Vollgeschosse;215;1000 cbm;FLC003;Rauminhalt
31121;Statistik der Baufertigstellungen;JAHR;Jahr;2025;DLAND;Bundesländer;12;Brandenburg;BAUGB2;Gebäudeart;GBD-NW;Nichtwohngebäude;GSSZL1;Geschosszahl;VOLLGSS-04-05;4-5 Vollgeschosse;44;1000 qm;FLC002;Nutzfläche
31121;Statistik der Baufertigstellungen;JAHR;Jahr;2025;DLAND;Bundesländer;02;Hamburg;BAUGB2;Gebäudeart;GBD-W;Wohngebäude;GSSZL1;Geschosszahl;VOLLGSS-08-12;8-12 Vollgeschosse;54;1000 qm;FLC014;Wohnfläche der Wohnungen
31121;Statistik der Baufertigstellungen;JAHR;Jahr;2025;DLAND;Bundesländer;02;Hamburg;BAUGB2;Gebäudeart;GBD-W;Wohngebäude;GSSZL1;Geschosszahl;VOLLGSS-08-12;8-12 Vollgeschosse;914;Anzahl;WOHN01;Wohnungen
31121;Statistik der Baufertigstellungen;JAHR;Jahr;2025;DLAND;Bundesländer;02;Hamburg;BAUGB2;Gebäudeart;GBD-W;Wohngebäude;GSSZL1;Geschosszahl;VOLLGSS-08-12;8-12 Vollgeschosse;26;Anzahl;BAU005;Neue Gebäude
31121;Statistik der Baufertigstellungen;JAHR;Jahr;2025;DLAND;Bundesländer;02;Hamburg;BAUGB2;Gebäudeart;GBD-W;Wohngebäude;GSSZL1;Geschosszahl;VOLLGSS-08-12;8-12 Vollgeschosse;153106;Tsd. EUR;VKB001;Veranschlagte Kosten des Bauwerks
31121;Statistik der Baufertigstellungen;JAHR;Jahr;2025;DLAND;Bundesländer;02;Hamburg;BAUGB2;Gebäudeart;GBD-W;Wohngebäude;GSSZL1;Geschosszahl;VOLLGSS-08-12;8-12 Vollgeschosse;364;1000 cbm;FLC003;Rauminhalt
31121;Statistik der Baufertigstellungen;JAHR;Jahr;2025;DLAND;Bundesländer;02;Hamburg;BAUGB2;Gebäudeart;GBD-W;Wohngebäude;GSSZL1;Geschosszahl;VOLLGSS-08-12;8-12 Vollgeschosse;13;1000 qm;FLC002;Nutzfläche
31121;Statistik der Baufertigstellungen;JAHR;Jahr;2025;DLAND;Bundesländer;13;Mecklenburg-Vorpommern;BAUGB2;Gebäudeart;GBD-NW;Nichtwohngebäude;GSSZL1;Geschosszahl;VOLLGSS-06-07;6-7 Vollgeschosse;-;1000 qm;FLC014;Wohnfläche der Wohnungen
31121;Statistik der Baufertigstellungen;JAHR;Jahr;2025;DLAND;Bundesländer;13;Mecklenburg-Vorpommern;BAUGB2;Gebäudeart;GBD-NW;Nichtwohngebäude;GSSZL1;Geschosszahl;VOLLGSS-06-07;6-7 Vollgeschosse;-;Anzahl;WOHN01;Wohnungen
31121;Statistik der Baufertigstellungen;JAHR;Jahr;2025;DLAND;Bundesländer;13;Mecklenburg-Vorpommern;BAUGB2;Gebäudeart;GBD-NW;Nichtwohngebäude;GSSZL1;Geschosszahl;VOLLGSS-06-07;6-7 Vollgeschosse;-;Anzahl;BAU005;Neue Gebäude
31121;Statistik der Baufertigstellungen;JAHR;Jahr;2025;DLAND;Bundesländer;13;Mecklenburg-Vorpommern;BAUGB2;Gebäudeart;GBD-NW;Nichtwohngebäude;GSSZL1;Geschosszahl;VOLLGSS-06-07;6-7 Vollgeschosse;-;Tsd. EUR;VKB001;Veranschlagte Kosten des Bauwerks
31121;Statistik der Baufertigstellungen;JAHR;Jahr;2025;DLAND;Bundesländer;13;Mecklenburg-Vorpommern;BAUGB2;Gebäudeart;GBD-NW;Nichtwohngebäude;GSSZL1;Geschosszahl;VOLLGSS-06-07;6-7 Vollgeschosse;-;1000 cbm;FLC003;Rauminhalt
31121;Statistik der Baufertigstellungen;JAHR;Jahr;2025;DLAND;Bundesländer;13;Mecklenburg-Vorpommern;BAUGB2;Gebäudeart;GBD-NW;Nichtwohngebäude;GSSZL1;Geschosszahl;VOLLGSS-06-07;6-7 Vollgeschosse;-;1000 qm;FLC002;Nutzfläche
31121;Statistik der Baufertigstellungen;JAHR;Jahr;2025;DLAND;Bundesländer;14;Sachsen;BAUGB2;Gebäudeart;GBD-W-NW;Wohn- und Nichtwohngebäude;GSSZL1;Geschosszahl;VOLLGSS-06-07;6-7 Vollgeschosse;88;1000 qm;FLC014;Wohnfläche der Wohnungen
31121;Statistik der Baufertigstellungen;JAHR;Jahr;2025;DLAND;Bundesländer;14;Sachsen;BAUGB2;Gebäudeart;GBD-W-NW;Wohn- und Nichtwohngebäude;GSSZL1;Geschosszahl;VOLLGSS-06-07;6-7 Vollgeschosse;1234;Anzahl;WOHN01;Wohnungen
31121;Statistik der Baufertigstellungen;JAHR;Jahr;2025;DLAND;Bundesländer;14;Sachsen;BAUGB2;Gebäudeart;GBD-W-NW;Wohn- und Nichtwohngebäude;GSSZL1;Geschosszahl;VOLLGSS-06-07;6-7 Vollgeschosse;60;Anzahl;BAU005;Neue Gebäude
31121;Statistik der Baufertigstellungen;JAHR;Jahr;2025;DLAND;Bundesländer;14;Sachsen;BAUGB2;Gebäudeart;GBD-W-NW;Wohn- und Nichtwohngebäude;GSSZL1;Geschosszahl;VOLLGSS-06-07;6-7 Vollgeschosse;290701;Tsd. EUR;VKB001;Veranschlagte Kosten des Bauwerks
31121;Statistik der Baufertigstellungen;JAHR;Jahr;2025;DLAND;Bundesländer;14;Sachsen;BAUGB2;Gebäudeart;GBD-W-NW;Wohn- und Nichtwohngebäude;GSSZL1;Geschosszahl;VOLLGSS-06-07;6-7 Vollgeschosse;744;1000 cbm;FLC003;Rauminhalt
31121;Statistik der Baufertigstellungen;JAHR;Jahr;2025;DLAND;Bundesländer;14;Sachsen;BAUGB2;Gebäudeart;GBD-W-NW;Wohn- und Nichtwohngebäude;GSSZL1;Geschosszahl;VOLLGSS-06-07;6-7 Vollgeschosse;59;1000 qm;FLC002;Nutzfläche
31121;Statistik der Baufertigstellungen;JAHR;Jahr;2025;DLAND;Bundesländer;07;Rheinland-Pfalz;BAUGB2;Gebäudeart;GBD-W;Wohngebäude;GSSZL1;Geschosszahl;VOLLGSS-13UM;13 und mehr Vollgeschosse;-;1000 qm;FLC014;Wohnfläche der Wohnungen
31121;Statistik der Baufertigstellungen;JAHR;Jahr;2025;DLAND;Bundesländer;07;Rheinland-Pfalz;BAUGB2;Gebäudeart;GBD-W;Wohngebäude;GSSZL1;Geschosszahl;VOLLGSS-13UM;13 und mehr Vollgeschosse;-;Anzahl;WOHN01;Wohnungen
31121;Statistik der Baufertigstellungen;JAHR;Jahr;2025;DLAND;Bundesländer;07;Rheinland-Pfalz;BAUGB2;Gebäudeart;GBD-W;Wohngebäude;GSSZL1;Geschosszahl;VOLLGSS-13UM;13 und mehr Vollgeschosse;-;Anzahl;BAU005;Neue Gebäude
31121;Statistik der Baufertigstellungen;JAHR;Jahr;2025;DLAND;Bundesländer;07;Rheinland-Pfalz;BAUGB2;Gebäudeart;GBD-W;Wohngebäude;GSSZL1;Geschosszahl;VOLLGSS-13UM;13 und mehr Vollgeschosse;-;Tsd. EUR;VKB001;Veranschlagte Kosten des Bauwerks
31121;Statistik der Baufertigstellungen;JAHR;Jahr;2025;DLAND;Bundesländer;07;Rheinland-Pfalz;BAUGB2;Gebäudeart;GBD-W;Wohngebäude;GSSZL1;Geschosszahl;VOLLGSS-13UM;13 und mehr Vollgeschosse;-;1000 cbm;FLC003;Rauminhalt
31121;Statistik der Baufertigstellungen;JAHR;Jahr;2025;DLAND;Bundesländer;07;Rheinland-Pfalz;BAUGB2;Gebäudeart;GBD-W;Wohngebäude;GSSZL1;Geschosszahl;VOLLGSS-13UM;13 und mehr Vollgeschosse;-;1000 qm;FLC002;Nutzfläche
31121;Statistik der Baufertigstellungen;JAHR;Jahr;2025;DLAND;Bundesländer;03;Niedersachsen;BAUGB2;Gebäudeart;GBD-W-NW;Wohn- und Nichtwohngebäude;GSSZL1;Geschosszahl;VOLLGSS-13UM;13 und mehr Vollgeschosse;-;1000 qm;FLC014;Wohnfläche der Wohnungen
31121;Statistik der Baufertigstellungen;JAHR;Jahr;2025;DLAND;Bundesländer;03;Niedersachsen;BAUGB2;Gebäudeart;GBD-W-NW;Wohn- und Nichtwohngebäude;GSSZL1;Geschosszahl;VOLLGSS-13UM;13 und mehr Vollgeschosse;-;Anzahl;WOHN01;Wohnungen
31121;Statistik der Baufertigstellungen;JAHR;Jahr;2025;DLAND;Bundesländer;03;Niedersachsen;BAUGB2;Gebäudeart;GBD-W-NW;Wohn- und Nichtwohngebäude;GSSZL1;Geschosszahl;VOLLGSS-13UM;13 und mehr Vollgeschosse;-;Anzahl;BAU005;Neue Gebäude
31121;Statistik der Baufertigstellungen;JAHR;Jahr;2025;DLAND;Bundesländer;03;Niedersachsen;BAUGB2;Gebäudeart;GBD-W-NW;Wohn- und Nichtwohngebäude;GSSZL1;Geschosszahl;VOLLGSS-13UM;13 und mehr Vollgeschosse;-;Tsd. EUR;VKB001;Veranschlagte Kosten des Bauwerks
31121;Statistik der Baufertigstellungen;JAHR;Jahr;2025;DLAND;Bundesländer;03;Niedersachsen;BAUGB2;Gebäudeart;GBD-W-NW;Wohn- und Nichtwohngebäude;GSSZL1;Geschosszahl;VOLLGSS-13UM;13 und mehr Vollgeschosse;-;1000 cbm;FLC003;Rauminhalt
31121;Statistik der Baufertigstellungen;JAHR;Jahr;2025;DLAND;Bundesländer;03;Niedersachsen;BAUGB2;Gebäudeart;GBD-W-NW;Wohn- und Nichtwohngebäude;GSSZL1;Geschosszahl;VOLLGSS-13UM;13 und mehr Vollgeschosse;-;1000 qm;FLC002;Nutzfläche
31121;Statistik der Baufertigstellungen;JAHR;Jahr;2025;DLAND;Bundesländer;08;Baden-Württemberg;BAUGB2;Gebäudeart;GBD-W-NW;Wohn- und Nichtwohngebäude;GSSZL1;Geschosszahl;VOLLGSS-13UM;13 und mehr Vollgeschosse;8;1000 qm;FLC014;Wohnfläche der Wohnungen
31121;Statistik der Baufertigstellungen;JAHR;Jahr;2025;DLAND;Bundesländer;08;Baden-Württemberg;BAUGB2;Gebäudeart;GBD-W-NW;Wohn- und Nichtwohngebäude;GSSZL1;Geschosszahl;VOLLGSS-13UM;13 und mehr Vollgeschosse;93;Anzahl;WOHN01;Wohnungen
31121;Statistik der Baufertigstellungen;JAHR;Jahr;2025;DLAND;Bundesländer;08;Baden-Württemberg;BAUGB2;Gebäudeart;GBD-W-NW;Wohn- und Nichtwohngebäude;GSSZL1;Geschosszahl;VOLLGSS-13UM;13 und mehr Vollgeschosse;2;Anzahl;BAU005;Neue Gebäude
31121;Statistik der Baufertigstellungen;JAHR;Jahr;2025;DLAND;Bundesländer;08;Baden-Württemberg;BAUGB2;Gebäudeart;GBD-W-NW;Wohn- und Nichtwohngebäude;GSSZL1;Geschosszahl;VOLLGSS-13UM;13 und mehr Vollgeschosse;32521;Tsd. EUR;VKB001;Veranschlagte Kosten des Bauwerks
31121;Statistik der Baufertigstellungen;JAHR;Jahr;2025;DLAND;Bundesländer;08;Baden-Württemberg;BAUGB2;Gebäudeart;GBD-W-NW;Wohn- und Nichtwohngebäude;GSSZL1;Geschosszahl;VOLLGSS-13UM;13 und mehr Vollgeschosse;61;1000 cbm;FLC003;Rauminhalt
31121;Statistik der Baufertigstellungen;JAHR;Jahr;2025;DLAND;Bundesländer;08;Baden-Württemberg;BAUGB2;Gebäudeart;GBD-W-NW;Wohn- und Nichtwohngebäude;GSSZL1;Geschosszahl;VOLLGSS-13UM;13 und mehr Vollgeschosse;4;1000 qm;FLC002;Nutzfläche
31121;Statistik der Baufertigstellungen;JAHR;Jahr;2025;DLAND;Bundesländer;10;Saarland;BAUGB2;Gebäudeart;GBD-W-NW;Wohn- und Nichtwohngebäude;GSSZL1;Geschosszahl;VOLLGSS-01;1 Vollgeschoss;11;1000 qm;FLC014;Wohnfläche der Wohnungen
31121;Statistik der Baufertigstellungen;JAHR;Jahr;2025;DLAND;Bundesländer;10;Saarland;BAUGB2;Gebäudeart;GBD-W-NW;Wohn- und Nichtwohngebäude;GSSZL1;Geschosszahl;VOLLGSS-01;1 Vollgeschoss;82;Anzahl;WOHN01;Wohnungen
31121;Statistik der Baufertigstellungen;JAHR;Jahr;2025;DLAND;Bundesländer;10;Saarland;BAUGB2;Gebäudeart;GBD-W-NW;Wohn- und Nichtwohngebäude;GSSZL1;Geschosszahl;VOLLGSS-01;1 Vollgeschoss;230;Anzahl;BAU005;Neue Gebäude
31121;Statistik der Baufertigstellungen;JAHR;Jahr;2025;DLAND;Bundesländer;10;Saarland;BAUGB2;Gebäudeart;GBD-W-NW;Wohn- und Nichtwohngebäude;GSSZL1;Geschosszahl;VOLLGSS-01;1 Vollgeschoss;80746;Tsd. EUR;VKB001;Veranschlagte Kosten des Bauwerks
31121;Statistik der Baufertigstellungen;JAHR;Jahr;2025;DLAND;Bundesländer;10;Saarland;BAUGB2;Gebäudeart;GBD-W-NW;Wohn- und Nichtwohngebäude;GSSZL1;Geschosszahl;VOLLGSS-01;1 Vollgeschoss;436;1000 cbm;FLC003;Rauminhalt
31121;Statistik der Baufertigstellungen;JAHR;Jahr;2025;DLAND;Bundesländer;10;Saarland;BAUGB2;Gebäudeart;GBD-W-NW;Wohn- und Nichtwohngebäude;GSSZL1;Geschosszahl;VOLLGSS-01;1 Vollgeschoss;55;1000 qm;FLC002;Nutzfläche
31121;Statistik der Baufertigstellungen;JAHR;Jahr;2025;DLAND;Bundesländer;12;Brandenburg;BAUGB2;Gebäudeart;GBD-W-NW;Wohn- und Nichtwohngebäude;GSSZL1;Geschosszahl;VOLLGSS-02;2 Vollgeschosse;283;1000 qm;FLC014;Wohnfläche der Wohnungen
31121;Statistik der Baufertigstellungen;JAHR;Jahr;2025;DLAND;Bundesländer;12;Brandenburg;BAUGB2;Gebäudeart;GBD-W-NW;Wohn- und Nichtwohngebäude;GSSZL1;Geschosszahl;VOLLGSS-02;2 Vollgeschosse;2314;Anzahl;WOHN01;Wohnungen
31121;Statistik der Baufertigstellungen;JAHR;Jahr;2025;DLAND;Bundesländer;12;Brandenburg;BAUGB2;Gebäudeart;GBD-W-NW;Wohn- und Nichtwohngebäude;GSSZL1;Geschosszahl;VOLLGSS-02;2 Vollgeschosse;1887;Anzahl;BAU005;Neue Gebäude
31121;Statistik der Baufertigstellungen;JAHR;Jahr;2025;DLAND;Bundesländer;12;Brandenburg;BAUGB2;Gebäudeart;GBD-W-NW;Wohn- und Nichtwohngebäude;GSSZL1;Geschosszahl;VOLLGSS-02;2 Vollgeschosse;762358;Tsd. EUR;VKB001;Veranschlagte Kosten des Bauwerks
31121;Statistik der Baufertigstellungen;JAHR;Jahr;2025;DLAND;Bundesländer;12;Brandenburg;BAUGB2;Gebäudeart;GBD-W-NW;Wohn- und Nichtwohngebäude;GSSZL1;Geschosszahl;VOLLGSS-02;2 Vollgeschosse;3033;1000 cbm;FLC003;Rauminhalt
31121;Statistik der Baufertigstellungen;JAHR;Jahr;2025;DLAND;Bundesländer;12;Brandenburg;BAUGB2;Gebäudeart;GBD-W-NW;Wohn- und Nichtwohngebäude;GSSZL1;Geschosszahl;VOLLGSS-02;2 Vollgeschosse;215;1000 qm;FLC002;Nutzfläche
31121;Statistik der Baufertigstellungen;JAHR;Jahr;2025;DLAND;Bundesländer;03;Niedersachsen;BAUGB2;Gebäudeart;GBD-W-NW;Wohn- und Nichtwohngebäude;GSSZL1;Geschosszahl;VOLLGSS-06-07;6-7 Vollgeschosse;7;1000 qm;FLC014;Wohnfläche der Wohnungen
31121;Statistik der Baufertigstellungen;JAHR;Jahr;2025;DLAND;Bundesländer;03;Niedersachsen;BAUGB2;Gebäudeart;GBD-W-NW;Wohn- und Nichtwohngebäude;GSSZL1;Geschosszahl;VOLLGSS-06-07;6-7 Vollgeschosse;103;Anzahl;WOHN01;Wohnungen
31121;Statistik der Baufertigstellungen;JAHR;Jahr;2025;DLAND;Bundesländer;03;Niedersachsen;BAUGB2;Gebäudeart;GBD-W-NW;Wohn- und Nichtwohngebäude;GSSZL1;Geschosszahl;VOLLGSS-06-07;6-7 Vollgeschosse;6;Anzahl;BAU005;Neue Gebäude
31121;Statistik der Baufertigstellungen;JAHR;Jahr;2025;DLAND;Bundesländer;03;Niedersachsen;BAUGB2;Gebäudeart;GBD-W-NW;Wohn- und Nichtwohngebäude;GSSZL1;Geschosszahl;VOLLGSS-06-07;6-7 Vollgeschosse;56821;Tsd. EUR;VKB001;Veranschlagte Kosten des Bauwerks
31121;Statistik der Baufertigstellungen;JAHR;Jahr;2025;DLAND;Bundesländer;03;Niedersachsen;BAUGB2;Gebäudeart;GBD-W-NW;Wohn- und Nichtwohngebäude;GSSZL1;Geschosszahl;VOLLGSS-06-07;6-7 Vollgeschosse;219;1000 cbm;FLC003;Rauminhalt
31121;Statistik der Baufertigstellungen;JAHR;Jahr;2025;DLAND;Bundesländer;03;Niedersachsen;BAUGB2;Gebäudeart;GBD-W-NW;Wohn- und Nichtwohngebäude;GSSZL1;Geschosszahl;VOLLGSS-06-07;6-7 Vollgeschosse;33;1000 qm;FLC002;Nutzfläche
31121;Statistik der Baufertigstellungen;JAHR;Jahr;2025;DLAND;Bundesländer;04;Bremen;BAUGB2;Gebäudeart;GBD-NW;Nichtwohngebäude;GSSZL1;Geschosszahl;VOLLGSS-13UM;13 und mehr Vollgeschosse;-;1000 qm;FLC014;Wohnfläche der Wohnungen
31121;Statistik der Baufertigstellungen;JAHR;Jahr;2025;DLAND;Bundesländer;04;Bremen;BAUGB2;Gebäudeart;GBD-NW;Nichtwohngebäude;GSSZL1;Geschosszahl;VOLLGSS-13UM;13 und mehr Vollgeschosse;-;Anzahl;WOHN01;Wohnungen
31121;Statistik der Baufertigstellungen;JAHR;Jahr;2025;DLAND;Bundesländer;04;Bremen;BAUGB2;Gebäudeart;GBD-NW;Nichtwohngebäude;GSSZL1;Geschosszahl;VOLLGSS-13UM;13 und mehr Vollgeschosse;-;Anzahl;BAU005;Neue Gebäude
31121;Statistik der Baufertigstellungen;JAHR;Jahr;2025;DLAND;Bundesländer;04;Bremen;BAUGB2;Gebäudeart;GBD-NW;Nichtwohngebäude;GSSZL1;Geschosszahl;VOLLGSS-13UM;13 und mehr Vollgeschosse;-;Tsd. EUR;VKB001;Veranschlagte Kosten des Bauwerks
31121;Statistik der Baufertigstellungen;JAHR;Jahr;2025;DLAND;Bundesländer;04;Bremen;BAUGB2;Gebäudeart;GBD-NW;Nichtwohngebäude;GSSZL1;Geschosszahl;VOLLGSS-13UM;13 und mehr Vollgeschosse;-;1000 cbm;FLC003;Rauminhalt
31121;Statistik der Baufertigstellungen;JAHR;Jahr;2025;DLAND;Bundesländer;04;Bremen;BAUGB2;Gebäudeart;GBD-NW;Nichtwohngebäude;GSSZL1;Geschosszahl;VOLLGSS-13UM;13 und mehr Vollgeschosse;-;1000 qm;FLC002;Nutzfläche
31121;Statistik der Baufertigstellungen;JAHR;Jahr;2025;DLAND;Bundesländer;08;Baden-Württemberg;BAUGB2;Gebäudeart;GBD-NW;Nichtwohngebäude;GSSZL1;Geschosszahl;VOLLGSS-06-07;6-7 Vollgeschosse;1;1000 qm;FLC014;Wohnfläche der Wohnungen
31121;Statistik der Baufertigstellungen;JAHR;Jahr;2025;DLAND;Bundesländer;08;Baden-Württemberg;BAUGB2;Gebäudeart;GBD-NW;Nichtwohngebäude;GSSZL1;Geschosszahl;VOLLGSS-06-07;6-7 Vollgeschosse;12;Anzahl;WOHN01;Wohnungen
31121;Statistik der Baufertigstellungen;JAHR;Jahr;2025;DLAND;Bundesländer;08;Baden-Württemberg;BAUGB2;Gebäudeart;GBD-NW;Nichtwohngebäude;GSSZL1;Geschosszahl;VOLLGSS-06-07;6-7 Vollgeschosse;23;Anzahl;BAU005;Neue Gebäude
31121;Statistik der Baufertigstellungen;JAHR;Jahr;2025;DLAND;Bundesländer;08;Baden-Württemberg;BAUGB2;Gebäudeart;GBD-NW;Nichtwohngebäude;GSSZL1;Geschosszahl;VOLLGSS-06-07;6-7 Vollgeschosse;566459;Tsd. EUR;VKB001;Veranschlagte Kosten des Bauwerks
31121;Statistik der Baufertigstellungen;JAHR;Jahr;2025;DLAND;Bundesländer;08;Baden-Württemberg;BAUGB2;Gebäudeart;GBD-NW;Nichtwohngebäude;GSSZL1;Geschosszahl;VOLLGSS-06-07;6-7 Vollgeschosse;1503;1000 cbm;FLC003;Rauminhalt
31121;Statistik der Baufertigstellungen;JAHR;Jahr;2025;DLAND;Bundesländer;08;Baden-Württemberg;BAUGB2;Gebäudeart;GBD-NW;Nichtwohngebäude;GSSZL1;Geschosszahl;VOLLGSS-06-07;6-7 Vollgeschosse;251;1000 qm;FLC002;Nutzfläche
31121;Statistik der Baufertigstellungen;JAHR;Jahr;2025;DLAND;Bundesländer;16;Thüringen;BAUGB2;Gebäudeart;GBD-W;Wohngebäude;GSSZL1;Geschosszahl;VOLLGSS-03;3 Vollgeschosse;17;1000 qm;FLC014;Wohnfläche der Wohnungen
31121;Statistik der Baufertigstellungen;JAHR;Jahr;2025;DLAND;Bundesländer;16;Thüringen;BAUGB2;Gebäudeart;GBD-W;Wohngebäude;GSSZL1;Geschosszahl;VOLLGSS-03;3 Vollgeschosse;189;Anzahl;WOHN01;Wohnungen
31121;Statistik der Baufertigstellungen;JAHR;Jahr;2025;DLAND;Bundesländer;16;Thüringen;BAUGB2;Gebäudeart;GBD-W;Wohngebäude;GSSZL1;Geschosszahl;VOLLGSS-03;3 Vollgeschosse;32;Anzahl;BAU005;Neue Gebäude
31121;Statistik der Baufertigstellungen;JAHR;Jahr;2025;DLAND;Bundesländer;16;Thüringen;BAUGB2;Gebäudeart;GBD-W;Wohngebäude;GSSZL1;Geschosszahl;VOLLGSS-03;3 Vollgeschosse;29973;Tsd. EUR;VKB001;Veranschlagte Kosten des Bauwerks
31121;Statistik der Baufertigstellungen;JAHR;Jahr;2025;DLAND;Bundesländer;16;Thüringen;BAUGB2;Gebäudeart;GBD-W;Wohngebäude;GSSZL1;Geschosszahl;VOLLGSS-03;3 Vollgeschosse;93;1000 cbm;FLC003;Rauminhalt
31121;Statistik der Baufertigstellungen;JAHR;Jahr;2025;DLAND;Bundesländer;16;Thüringen;BAUGB2;Gebäudeart;GBD-W;Wohngebäude;GSSZL1;Geschosszahl;VOLLGSS-03;3 Vollgeschosse;6;1000 qm;FLC002;Nutzfläche
31121;Statistik der Baufertigstellungen;JAHR;Jahr;2025;DLAND;Bundesländer;15;Sachsen-Anhalt;BAUGB2;Gebäudeart;GBD-NW;Nichtwohngebäude;GSSZL1;Geschosszahl;VOLLGSS-13UM;13 und mehr Vollgeschosse;-;1000 qm;FLC014;Wohnfläche der Wohnungen
31121;Statistik der Baufertigstellungen;JAHR;Jahr;2025;DLAND;Bundesländer;15;Sachsen-Anhalt;BAUGB2;Gebäudeart;GBD-NW;Nichtwohngebäude;GSSZL1;Geschosszahl;VOLLGSS-13UM;13 und mehr Vollgeschosse;-;Anzahl;WOHN01;Wohnungen
31121;Statistik der Baufertigstellungen;JAHR;Jahr;2025;DLAND;Bundesländer;15;Sachsen-Anhalt;BAUGB2;Gebäudeart;GBD-NW;Nichtwohngebäude;GSSZL1;Geschosszahl;VOLLGSS-13UM;13 und mehr Vollgeschosse;-;Anzahl;BAU005;Neue Gebäude
31121;Statistik der Baufertigstellungen;JAHR;Jahr;2025;DLAND;Bundesländer;15;Sachsen-Anhalt;BAUGB2;Gebäudeart;GBD-NW;Nichtwohngebäude;GSSZL1;Geschosszahl;VOLLGSS-13UM;13 und mehr Vollgeschosse;-;Tsd. EUR;VKB001;Veranschlagte Kosten des Bauwerks
31121;Statistik der Baufertigstellungen;JAHR;Jahr;2025;DLAND;Bundesländer;15;Sachsen-Anhalt;BAUGB2;Gebäudeart;GBD-NW;Nichtwohngebäude;GSSZL1;Geschosszahl;VOLLGSS-13UM;13 und mehr Vollgeschosse;-;1000 cbm;FLC003;Rauminhalt
31121;Statistik der Baufertigstellungen;JAHR;Jahr;2025;DLAND;Bundesländer;15;Sachsen-Anhalt;BAUGB2;Gebäudeart;GBD-NW;Nichtwohngebäude;GSSZL1;Geschosszahl;VOLLGSS-13UM;13 und mehr Vollgeschosse;-;1000 qm;FLC002;Nutzfläche
31121;Statistik der Baufertigstellungen;JAHR;Jahr;2025;DLAND;Bundesländer;01;Schleswig-Holstein;BAUGB2;Gebäudeart;GBD-W-NW;Wohn- und Nichtwohngebäude;GSSZL1;Geschosszahl;VOLLGSS-02;2 Vollgeschosse;235;1000 qm;FLC014;Wohnfläche der Wohnungen
31121;Statistik der Baufertigstellungen;JAHR;Jahr;2025;DLAND;Bundesländer;01;Schleswig-Holstein;BAUGB2;Gebäudeart;GBD-W-NW;Wohn- und Nichtwohngebäude;GSSZL1;Geschosszahl;VOLLGSS-02;2 Vollgeschosse;2455;Anzahl;WOHN01;Wohnungen
31121;Statistik der Baufertigstellungen;JAHR;Jahr;2025;DLAND;Bundesländer;01;Schleswig-Holstein;BAUGB2;Gebäudeart;GBD-W-NW;Wohn- und Nichtwohngebäude;GSSZL1;Geschosszahl;VOLLGSS-02;2 Vollgeschosse;1076;Anzahl;BAU005;Neue Gebäude
31121;Statistik der Baufertigstellungen;JAHR;Jahr;2025;DLAND;Bundesländer;01;Schleswig-Holstein;BAUGB2;Gebäudeart;GBD-W-NW;Wohn- und Nichtwohngebäude;GSSZL1;Geschosszahl;VOLLGSS-02;2 Vollgeschosse;821264;Tsd. EUR;VKB001;Veranschlagte Kosten des Bauwerks
31121;Statistik der Baufertigstellungen;JAHR;Jahr;2025;DLAND;Bundesländer;01;Schleswig-Holstein;BAUGB2;Gebäudeart;GBD-W-NW;Wohn- und Nichtwohngebäude;GSSZL1;Geschosszahl;VOLLGSS-02;2 Vollgeschosse;2768;1000 cbm;FLC003;Rauminhalt
31121;Statistik der Baufertigstellungen;JAHR;Jahr;2025;DLAND;Bundesländer;01;Schleswig-Holstein;BAUGB2;Gebäudeart;GBD-W-NW;Wohn- und Nichtwohngebäude;GSSZL1;Geschosszahl;VOLLGSS-02;2 Vollgeschosse;258;1000 qm;FLC002;Nutzfläche
31121;Statistik der Baufertigstellungen;JAHR;Jahr;2025;DLAND;Bundesländer;02;Hamburg;BAUGB2;Gebäudeart;GBD-W;Wohngebäude;GSSZL1;Geschosszahl;VOLLGSS-02;2 Vollgeschosse;60;1000 qm;FLC014;Wohnfläche der Wohnungen
31121;Statistik der Baufertigstellungen;JAHR;Jahr;2025;DLAND;Bundesländer;02;Hamburg;BAUGB2;Gebäudeart;GBD-W;Wohngebäude;GSSZL1;Geschosszahl;VOLLGSS-02;2 Vollgeschosse;620;Anzahl;WOHN01;Wohnungen
31121;Statistik der Baufertigstellungen;JAHR;Jahr;2025;DLAND;Bundesländer;02;Hamburg;BAUGB2;Gebäudeart;GBD-W;Wohngebäude;GSSZL1;Geschosszahl;VOLLGSS-02;2 Vollgeschosse;173;Anzahl;BAU005;Neue Gebäude
31121;Statistik der Baufertigstellungen;JAHR;Jahr;2025;DLAND;Bundesländer;02;Hamburg;BAUGB2;Gebäudeart;GBD-W;Wohngebäude;GSSZL1;Geschosszahl;VOLLGSS-02;2 Vollgeschosse;148691;Tsd. EUR;VKB001;Veranschlagte Kosten des Bauwerks
31121;Statistik der Baufertigstellungen;JAHR;Jahr;2025;DLAND;Bundesländer;02;Hamburg;BAUGB2;Gebäudeart;GBD-W;Wohngebäude;GSSZL1;Geschosszahl;VOLLGSS-02;2 Vollgeschosse;309;1000 cbm;FLC003;Rauminhalt
31121;Statistik der Baufertigstellungen;JAHR;Jahr;2025;DLAND;Bundesländer;02;Hamburg;BAUGB2;Gebäudeart;GBD-W;Wohngebäude;GSSZL1;Geschosszahl;VOLLGSS-02;2 Vollgeschosse;12;1000 qm;FLC002;Nutzfläche
31121;Statistik der Baufertigstellungen;JAHR;Jahr;2025;DLAND;Bundesländer;12;Brandenburg;BAUGB2;Gebäudeart;GBD-NW;Nichtwohngebäude;GSSZL1;Geschosszahl;VOLLGSS-06-07;6-7 Vollgeschosse;-;1000 qm;FLC014;Wohnfläche der Wohnungen
31121;Statistik der Baufertigstellungen;JAHR;Jahr;2025;DLAND;Bundesländer;12;Brandenburg;BAUGB2;Gebäudeart;GBD-NW;Nichtwohngebäude;GSSZL1;Geschosszahl;VOLLGSS-06-07;6-7 Vollgeschosse;-;Anzahl;WOHN01;Wohnungen
31121;Statistik der Baufertigstellungen;JAHR;Jahr;2025;DLAND;Bundesländer;12;Brandenburg;BAUGB2;Gebäudeart;GBD-NW;Nichtwohngebäude;GSSZL1;Geschosszahl;VOLLGSS-06-07;6-7 Vollgeschosse;2;Anzahl;BAU005;Neue Gebäude
31121;Statistik der Baufertigstellungen;JAHR;Jahr;2025;DLAND;Bundesländer;12;Brandenburg;BAUGB2;Gebäudeart;GBD-NW;Nichtwohngebäude;GSSZL1;Geschosszahl;VOLLGSS-06-07;6-7 Vollgeschosse;16147;Tsd. EUR;VKB001;Veranschlagte Kosten des Bauwerks
31121;Statistik der Baufertigstellungen;JAHR;Jahr;2025;DLAND;Bundesländer;12;Brandenburg;BAUGB2;Gebäudeart;GBD-NW;Nichtwohngebäude;GSSZL1;Geschosszahl;VOLLGSS-06-07;6-7 Vollgeschosse;46;1000 cbm;FLC003;Rauminhalt
31121;Statistik der Baufertigstellungen;JAHR;Jahr;2025;DLAND;Bundesländer;12;Brandenburg;BAUGB2;Gebäudeart;GBD-NW;Nichtwohngebäude;GSSZL1;Geschosszahl;VOLLGSS-06-07;6-7 Vollgeschosse;13;1000 qm;FLC002;Nutzfläche
31121;Statistik der Baufertigstellungen;JAHR;Jahr;2025;DLAND;Bundesländer;04;Bremen;BAUGB2;Gebäudeart;GBD-W;Wohngebäude;GSSZL1;Geschosszahl;VOLLGSS-02;2 Vollgeschosse;26;1000 qm;FLC014;Wohnfläche der Wohnungen
31121;Statistik der Baufertigstellungen;JAHR;Jahr;2025;DLAND;Bundesländer;04;Bremen;BAUGB2;Gebäudeart;GBD-W;Wohngebäude;GSSZL1;Geschosszahl;VOLLGSS-02;2 Vollgeschosse;253;Anzahl;WOHN01;Wohnungen
31121;Statistik der Baufertigstellungen;JAHR;Jahr;2025;DLAND;Bundesländer;04;Bremen;BAUGB2;Gebäudeart;GBD-W;Wohngebäude;GSSZL1;Geschosszahl;VOLLGSS-02;2 Vollgeschosse;92;Anzahl;BAU005;Neue Gebäude
31121;Statistik der Baufertigstellungen;JAHR;Jahr;2025;DLAND;Bundesländer;04;Bremen;BAUGB2;Gebäudeart;GBD-W;Wohngebäude;GSSZL1;Geschosszahl;VOLLGSS-02;2 Vollgeschosse;44849;Tsd. EUR;VKB001;Veranschlagte Kosten des Bauwerks
31121;Statistik der Baufertigstellungen;JAHR;Jahr;2025;DLAND;Bundesländer;04;Bremen;BAUGB2;Gebäudeart;GBD-W;Wohngebäude;GSSZL1;Geschosszahl;VOLLGSS-02;2 Vollgeschosse;123;1000 cbm;FLC003;Rauminhalt
31121;Statistik der Baufertigstellungen;JAHR;Jahr;2025;DLAND;Bundesländer;04;Bremen;BAUGB2;Gebäudeart;GBD-W;Wohngebäude;GSSZL1;Geschosszahl;VOLLGSS-02;2 Vollgeschosse;4;1000 qm;FLC002;Nutzfläche
31121;Statistik der Baufertigstellungen;JAHR;Jahr;2025;DLAND;Bundesländer;01;Schleswig-Holstein;BAUGB2;Gebäudeart;GBD-W;Wohngebäude;GSSZL1;Geschosszahl;VOLLGSS-08-12;8-12 Vollgeschosse;8;1000 qm;FLC014;Wohnfläche der Wohnungen
31121;Statistik der Baufertigstellungen;JAHR;Jahr;2025;DLAND;Bundesländer;01;Schleswig-Holstein;BAUGB2;Gebäudeart;GBD-W;Wohngebäude;GSSZL1;Geschosszahl;VOLLGSS-08-12;8-12 Vollgeschosse;100;Anzahl;WOHN01;Wohnungen
31121;Statistik der Baufertigstellungen;JAHR;Jahr;2025;DLAND;Bundesländer;01;Schleswig-Holstein;BAUGB2;Gebäudeart;GBD-W;Wohngebäude;GSSZL1;Geschosszahl;VOLLGSS-08-12;8-12 Vollgeschosse;4;Anzahl;BAU005;Neue Gebäude
31121;Statistik der Baufertigstellungen;JAHR;Jahr;2025;DLAND;Bundesländer;01;Schleswig-Holstein;BAUGB2;Gebäudeart;GBD-W;Wohngebäude;GSSZL1;Geschosszahl;VOLLGSS-08-12;8-12 Vollgeschosse;19296;Tsd. EUR;VKB001;Veranschlagte Kosten des Bauwerks
31121;Statistik der Baufertigstellungen;JAHR;Jahr;2025;DLAND;Bundesländer;01;Schleswig-Holstein;BAUGB2;Gebäudeart;GBD-W;Wohngebäude;GSSZL1;Geschosszahl;VOLLGSS-08-12;8-12 Vollgeschosse;45;1000 cbm;FLC003;Rauminhalt
31121;Statistik der Baufertigstellungen;JAHR;Jahr;2025;DLAND;Bundesländer;01;Schleswig-Holstein;BAUGB2;Gebäudeart;GBD-W;Wohngebäude;GSSZL1;Geschosszahl;VOLLGSS-08-12;8-12 Vollgeschosse;3;1000 qm;FLC002;Nutzfläche
31121;Statistik der Baufertigstellungen;JAHR;Jahr;2025;DLAND;Bundesländer;09;Bayern;BAUGB2;Gebäudeart;GBD-W-NW;Wohn- und Nichtwohngebäude;GSSZL1;Geschosszahl;VOLLGSS-08-12;8-12 Vollgeschosse;13;1000 qm;FLC014;Wohnfläche der Wohnungen
31121;Statistik der Baufertigstellungen;JAHR;Jahr;2025;DLAND;Bundesländer;09;Bayern;BAUGB2;Gebäudeart;GBD-W-NW;Wohn- und Nichtwohngebäude;GSSZL1;Geschosszahl;VOLLGSS-08-12;8-12 Vollgeschosse;205;Anzahl;WOHN01;Wohnungen
31121;Statistik der Baufertigstellungen;JAHR;Jahr;2025;DLAND;Bundesländer;09;Bayern;BAUGB2;Gebäudeart;GBD-W-NW;Wohn- und Nichtwohngebäude;GSSZL1;Geschosszahl;VOLLGSS-08-12;8-12 Vollgeschosse;11;Anzahl;BAU005;Neue Gebäude
31121;Statistik der Baufertigstellungen;JAHR;Jahr;2025;DLAND;Bundesländer;09;Bayern;BAUGB2;Gebäudeart;GBD-W-NW;Wohn- und Nichtwohngebäude;GSSZL1;Geschosszahl;VOLLGSS-08-12;8-12 Vollgeschosse;192377;Tsd. EUR;VKB001;Veranschlagte Kosten des Bauwerks
31121;Statistik der Baufertigstellungen;JAHR;Jahr;2025;DLAND;Bundesländer;09;Bayern;BAUGB2;Gebäudeart;GBD-W-NW;Wohn- und Nichtwohngebäude;GSSZL1;Geschosszahl;VOLLGSS-08-12;8-12 Vollgeschosse;349;1000 cbm;FLC003;Rauminhalt
31121;Statistik der Baufertigstellungen;JAHR;Jahr;2025;DLAND;Bundesländer;09;Bayern;BAUGB2;Gebäudeart;GBD-W-NW;Wohn- und Nichtwohngebäude;GSSZL1;Geschosszahl;VOLLGSS-08-12;8-12 Vollgeschosse;50;1000 qm;FLC002;Nutzfläche
31121;Statistik der Baufertigstellungen;JAHR;Jahr;2025;DLAND;Bundesländer;12;Brandenburg;BAUGB2;Gebäudeart;GBD-W;Wohngebäude;GSSZL1;Geschosszahl;VOLLGSS-02;2 Vollgeschosse;282;1000 qm;FLC014;Wohnfläche der Wohnungen
31121;Statistik der Baufertigstellungen;JAHR;Jahr;2025;DLAND;Bundesländer;12;Brandenburg;BAUGB2;Gebäudeart;GBD-W;Wohngebäude;GSSZL1;Geschosszahl;VOLLGSS-02;2 Vollgeschosse;2298;Anzahl;WOHN01;Wohnungen
31121;Statistik der Baufertigstellungen;JAHR;Jahr;2025;DLAND;Bundesländer;12;Brandenburg;BAUGB2;Gebäudeart;GBD-W;Wohngebäude;GSSZL1;Geschosszahl;VOLLGSS-02;2 Vollgeschosse;1800;Anzahl;BAU005;Neue Gebäude
31121;Statistik der Baufertigstellungen;JAHR;Jahr;2025;DLAND;Bundesländer;12;Brandenburg;BAUGB2;Gebäudeart;GBD-W;Wohngebäude;GSSZL1;Geschosszahl;VOLLGSS-02;2 Vollgeschosse;597187;Tsd. EUR;VKB001;Veranschlagte Kosten des Bauwerks
31121;Statistik der Baufertigstellungen;JAHR;Jahr;2025;DLAND;Bundesländer;12;Brandenburg;BAUGB2;Gebäudeart;GBD-W;Wohngebäude;GSSZL1;Geschosszahl;VOLLGSS-02;2 Vollgeschosse;1420;1000 cbm;FLC003;Rauminhalt
31121;Statistik der Baufertigstellungen;JAHR;Jahr;2025;DLAND;Bundesländer;12;Brandenburg;BAUGB2;Gebäudeart;GBD-W;Wohngebäude;GSSZL1;Geschosszahl;VOLLGSS-02;2 Vollgeschosse;45;1000 qm;FLC002;Nutzfläche
31121;Statistik der Baufertigstellungen;JAHR;Jahr;2025;DLAND;Bundesländer;11;Berlin;BAUGB2;Gebäudeart;GBD-W-NW;Wohn- und Nichtwohngebäude;GSSZL1;Geschosszahl;VOLLGSS-02;2 Vollgeschosse;105;1000 qm;FLC014;Wohnfläche der Wohnungen
31121;Statistik der Baufertigstellungen;JAHR;Jahr;2025;DLAND;Bundesländer;11;Berlin;BAUGB2;Gebäudeart;GBD-W-NW;Wohn- und Nichtwohngebäude;GSSZL1;Geschosszahl;VOLLGSS-02;2 Vollgeschosse;908;Anzahl;WOHN01;Wohnungen
31121;Statistik der Baufertigstellungen;JAHR;Jahr;2025;DLAND;Bundesländer;11;Berlin;BAUGB2;Gebäudeart;GBD-W-NW;Wohn- und Nichtwohngebäude;GSSZL1;Geschosszahl;VOLLGSS-02;2 Vollgeschosse;639;Anzahl;BAU005;Neue Gebäude
31121;Statistik der Baufertigstellungen;JAHR;Jahr;2025;DLAND;Bundesländer;11;Berlin;BAUGB2;Gebäudeart;GBD-W-NW;Wohn- und Nichtwohngebäude;GSSZL1;Geschosszahl;VOLLGSS-02;2 Vollgeschosse;373161;Tsd. EUR;VKB001;Veranschlagte Kosten des Bauwerks
31121;Statistik der Baufertigstellungen;JAHR;Jahr;2025;DLAND;Bundesländer;11;Berlin;BAUGB2;Gebäudeart;GBD-W-NW;Wohn- und Nichtwohngebäude;GSSZL1;Geschosszahl;VOLLGSS-02;2 Vollgeschosse;878;1000 cbm;FLC003;Rauminhalt
31121;Statistik der Baufertigstellungen;JAHR;Jahr;2025;DLAND;Bundesländer;11;Berlin;BAUGB2;Gebäudeart;GBD-W-NW;Wohn- und Nichtwohngebäude;GSSZL1;Geschosszahl;VOLLGSS-02;2 Vollgeschosse;68;1000 qm;FLC002;Nutzfläche
31121;Statistik der Baufertigstellungen;JAHR;Jahr;2025;DLAND;Bundesländer;10;Saarland;BAUGB2;Gebäudeart;GBD-W;Wohngebäude;GSSZL1;Geschosszahl;VOLLGSS-02;2 Vollgeschosse;43;1000 qm;FLC014;Wohnfläche der Wohnungen
31121;Statistik der Baufertigstellungen;JAHR;Jahr;2025;DLAND;Bundesländer;10;Saarland;BAUGB2;Gebäudeart;GBD-W;Wohngebäude;GSSZL1;Geschosszahl;VOLLGSS-02;2 Vollgeschosse;375;Anzahl;WOHN01;Wohnungen
31121;Statistik der Baufertigstellungen;JAHR;Jahr;2025;DLAND;Bundesländer;10;Saarland;BAUGB2;Gebäudeart;GBD-W;Wohngebäude;GSSZL1;Geschosszahl;VOLLGSS-02;2 Vollgeschosse;178;Anzahl;BAU005;Neue Gebäude
31121;Statistik der Baufertigstellungen;JAHR;Jahr;2025;DLAND;Bundesländer;10;Saarland;BAUGB2;Gebäudeart;GBD-W;Wohngebäude;GSSZL1;Geschosszahl;VOLLGSS-02;2 Vollgeschosse;100909;Tsd. EUR;VKB001;Veranschlagte Kosten des Bauwerks
31121;Statistik der Baufertigstellungen;JAHR;Jahr;2025;DLAND;Bundesländer;10;Saarland;BAUGB2;Gebäudeart;GBD-W;Wohngebäude;GSSZL1;Geschosszahl;VOLLGSS-02;2 Vollgeschosse;230;1000 cbm;FLC003;Rauminhalt
31121;Statistik der Baufertigstellungen;JAHR;Jahr;2025;DLAND;Bundesländer;10;Saarland;BAUGB2;Gebäudeart;GBD-W;Wohngebäude;GSSZL1;Geschosszahl;VOLLGSS-02;2 Vollgeschosse;10;1000 qm;FLC002;Nutzfläche
31121;Statistik der Baufertigstellungen;JAHR;Jahr;2025;DLAND;Bundesländer;13;Mecklenburg-Vorpommern;BAUGB2;Gebäudeart;GBD-NW;Nichtwohngebäude;GSSZL1;Geschosszahl;VOLLGSS-04-05;4-5 Vollgeschosse;0;1000 qm;FLC014;Wohnfläche der Wohnungen
31121;Statistik der Baufertigstellungen;JAHR;Jahr;2025;DLAND;Bundesländer;13;Mecklenburg-Vorpommern;BAUGB2;Gebäudeart;GBD-NW;Nichtwohngebäude;GSSZL1;Geschosszahl;VOLLGSS-04-05;4-5 Vollgeschosse;1;Anzahl;WOHN01;Wohnungen
31121;Statistik der Baufertigstellungen;JAHR;Jahr;2025;DLAND;Bundesländer;13;Mecklenburg-Vorpommern;BAUGB2;Gebäudeart;GBD-NW;Nichtwohngebäude;GSSZL1;Geschosszahl;VOLLGSS-04-05;4-5 Vollgeschosse;10;Anzahl;BAU005;Neue Gebäude
31121;Statistik der Baufertigstellungen;JAHR;Jahr;2025;DLAND;Bundesländer;13;Mecklenburg-Vorpommern;BAUGB2;Gebäudeart;GBD-NW;Nichtwohngebäude;GSSZL1;Geschosszahl;VOLLGSS-04-05;4-5 Vollgeschosse;133657;Tsd. EUR;VKB001;Veranschlagte Kosten des Bauwerks
31121;Statistik der Baufertigstellungen;JAHR;Jahr;2025;DLAND;Bundesländer;13;Mecklenburg-Vorpommern;BAUGB2;Gebäudeart;GBD-NW;Nichtwohngebäude;GSSZL1;Geschosszahl;VOLLGSS-04-05;4-5 Vollgeschosse;255;1000 cbm;FLC003;Rauminhalt
31121;Statistik der Baufertigstellungen;JAHR;Jahr;2025;DLAND;Bundesländer;13;Mecklenburg-Vorpommern;BAUGB2;Gebäudeart;GBD-NW;Nichtwohngebäude;GSSZL1;Geschosszahl;VOLLGSS-04-05;4-5 Vollgeschosse;47;1000 qm;FLC002;Nutzfläche
31121;Statistik der Baufertigstellungen;JAHR;Jahr;2025;DLAND;Bundesländer;01;Schleswig-Holstein;BAUGB2;Gebäudeart;GBD-NW;Nichtwohngebäude;GSSZL1;Geschosszahl;VOLLGSS-03;3 Vollgeschosse;5;1000 qm;FLC014;Wohnfläche der Wohnungen
31121;Statistik der Baufertigstellungen;JAHR;Jahr;2025;DLAND;Bundesländer;01;Schleswig-Holstein;BAUGB2;Gebäudeart;GBD-NW;Nichtwohngebäude;GSSZL1;Geschosszahl;VOLLGSS-03;3 Vollgeschosse;76;Anzahl;WOHN01;Wohnungen
31121;Statistik der Baufertigstellungen;JAHR;Jahr;2025;DLAND;Bundesländer;01;Schleswig-Holstein;BAUGB2;Gebäudeart;GBD-NW;Nichtwohngebäude;GSSZL1;Geschosszahl;VOLLGSS-03;3 Vollgeschosse;43;Anzahl;BAU005;Neue Gebäude
31121;Statistik der Baufertigstellungen;JAHR;Jahr;2025;DLAND;Bundesländer;01;Schleswig-Holstein;BAUGB2;Gebäudeart;GBD-NW;Nichtwohngebäude;GSSZL1;Geschosszahl;VOLLGSS-03;3 Vollgeschosse;159414;Tsd. EUR;VKB001;Veranschlagte Kosten des Bauwerks
31121;Statistik der Baufertigstellungen;JAHR;Jahr;2025;DLAND;Bundesländer;01;Schleswig-Holstein;BAUGB2;Gebäudeart;GBD-NW;Nichtwohngebäude;GSSZL1;Geschosszahl;VOLLGSS-03;3 Vollgeschosse;753;1000 cbm;FLC003;Rauminhalt
31121;Statistik der Baufertigstellungen;JAHR;Jahr;2025;DLAND;Bundesländer;01;Schleswig-Holstein;BAUGB2;Gebäudeart;GBD-NW;Nichtwohngebäude;GSSZL1;Geschosszahl;VOLLGSS-03;3 Vollgeschosse;122;1000 qm;FLC002;Nutzfläche
31121;Statistik der Baufertigstellungen;JAHR;Jahr;2025;DLAND;Bundesländer;09;Bayern;BAUGB2;Gebäudeart;GBD-NW;Nichtwohngebäude;GSSZL1;Geschosszahl;VOLLGSS-06-07;6-7 Vollgeschosse;0;1000 qm;FLC014;Wohnfläche der Wohnungen
31121;Statistik der Baufertigstellungen;JAHR;Jahr;2025;DLAND;Bundesländer;09;Bayern;BAUGB2;Gebäudeart;GBD-NW;Nichtwohngebäude;GSSZL1;Geschosszahl;VOLLGSS-06-07;6-7 Vollgeschosse;2;Anzahl;WOHN01;Wohnungen
31121;Statistik der Baufertigstellungen;JAHR;Jahr;2025;DLAND;Bundesländer;09;Bayern;BAUGB2;Gebäudeart;GBD-NW;Nichtwohngebäude;GSSZL1;Geschosszahl;VOLLGSS-06-07;6-7 Vollgeschosse;16;Anzahl;BAU005;Neue Gebäude
31121;Statistik der Baufertigstellungen;JAHR;Jahr;2025;DLAND;Bundesländer;09;Bayern;BAUGB2;Gebäudeart;GBD-NW;Nichtwohngebäude;GSSZL1;Geschosszahl;VOLLGSS-06-07;6-7 Vollgeschosse;460432;Tsd. EUR;VKB001;Veranschlagte Kosten des Bauwerks
31121;Statistik der Baufertigstellungen;JAHR;Jahr;2025;DLAND;Bundesländer;09;Bayern;BAUGB2;Gebäudeart;GBD-NW;Nichtwohngebäude;GSSZL1;Geschosszahl;VOLLGSS-06-07;6-7 Vollgeschosse;762;1000 cbm;FLC003;Rauminhalt
31121;Statistik der Baufertigstellungen;JAHR;Jahr;2025;DLAND;Bundesländer;09;Bayern;BAUGB2;Gebäudeart;GBD-NW;Nichtwohngebäude;GSSZL1;Geschosszahl;VOLLGSS-06-07;6-7 Vollgeschosse;126;1000 qm;FLC002;Nutzfläche
31121;Statistik der Baufertigstellungen;JAHR;Jahr;2025;DLAND;Bundesländer;05;Nordrhein-Westfalen;BAUGB2;Gebäudeart;GBD-NW;Nichtwohngebäude;GSSZL1;Geschosszahl;VOLLGSS-13UM;13 und mehr Vollgeschosse;-;1000 qm;FLC014;Wohnfläche der Wohnungen
31121;Statistik der Baufertigstellungen;JAHR;Jahr;2025;DLAND;Bundesländer;05;Nordrhein-Westfalen;BAUGB2;Gebäudeart;GBD-NW;Nichtwohngebäude;GSSZL1;Geschosszahl;VOLLGSS-13UM;13 und mehr Vollgeschosse;-;Anzahl;WOHN01;Wohnungen
31121;Statistik der Baufertigstellungen;JAHR;Jahr;2025;DLAND;Bundesländer;05;Nordrhein-Westfalen;BAUGB2;Gebäudeart;GBD-NW;Nichtwohngebäude;GSSZL1;Geschosszahl;VOLLGSS-13UM;13 und mehr Vollgeschosse;1;Anzahl;BAU005;Neue Gebäude
31121;Statistik der Baufertigstellungen;JAHR;Jahr;2025;DLAND;Bundesländer;05;Nordrhein-Westfalen;BAUGB2;Gebäudeart;GBD-NW;Nichtwohngebäude;GSSZL1;Geschosszahl;VOLLGSS-13UM;13 und mehr Vollgeschosse;17215;Tsd. EUR;VKB001;Veranschlagte Kosten des Bauwerks
31121;Statistik der Baufertigstellungen;JAHR;Jahr;2025;DLAND;Bundesländer;05;Nordrhein-Westfalen;BAUGB2;Gebäudeart;GBD-NW;Nichtwohngebäude;GSSZL1;Geschosszahl;VOLLGSS-13UM;13 und mehr Vollgeschosse;106;1000 cbm;FLC003;Rauminhalt
31121;Statistik der Baufertigstellungen;JAHR;Jahr;2025;DLAND;Bundesländer;05;Nordrhein-Westfalen;BAUGB2;Gebäudeart;GBD-NW;Nichtwohngebäude;GSSZL1;Geschosszahl;VOLLGSS-13UM;13 und mehr Vollgeschosse;14;1000 qm;FLC002;Nutzfläche
31121;Statistik der Baufertigstellungen;JAHR;Jahr;2025;DLAND;Bundesländer;02;Hamburg;BAUGB2;Gebäudeart;GBD-W-NW;Wohn- und Nichtwohngebäude;GSSZL1;Geschosszahl;VOLLGSS-02;2 Vollgeschosse;60;1000 qm;FLC014;Wohnfläche der Wohnungen
31121;Statistik der Baufertigstellungen;JAHR;Jahr;2025;DLAND;Bundesländer;02;Hamburg;BAUGB2;Gebäudeart;GBD-W-NW;Wohn- und Nichtwohngebäude;GSSZL1;Geschosszahl;VOLLGSS-02;2 Vollgeschosse;621;Anzahl;WOHN01;Wohnungen
31121;Statistik der Baufertigstellungen;JAHR;Jahr;2025;DLAND;Bundesländer;02;Hamburg;BAUGB2;Gebäudeart;GBD-W-NW;Wohn- und Nichtwohngebäude;GSSZL1;Geschosszahl;VOLLGSS-02;2 Vollgeschosse;184;Anzahl;BAU005;Neue Gebäude
31121;Statistik der Baufertigstellungen;JAHR;Jahr;2025;DLAND;Bundesländer;02;Hamburg;BAUGB2;Gebäudeart;GBD-W-NW;Wohn- und Nichtwohngebäude;GSSZL1;Geschosszahl;VOLLGSS-02;2 Vollgeschosse;190600;Tsd. EUR;VKB001;Veranschlagte Kosten des Bauwerks
31121;Statistik der Baufertigstellungen;JAHR;Jahr;2025;DLAND;Bundesländer;02;Hamburg;BAUGB2;Gebäudeart;GBD-W-NW;Wohn- und Nichtwohngebäude;GSSZL1;Geschosszahl;VOLLGSS-02;2 Vollgeschosse;512;1000 cbm;FLC003;Rauminhalt
31121;Statistik der Baufertigstellungen;JAHR;Jahr;2025;DLAND;Bundesländer;02;Hamburg;BAUGB2;Gebäudeart;GBD-W-NW;Wohn- und Nichtwohngebäude;GSSZL1;Geschosszahl;VOLLGSS-02;2 Vollgeschosse;42;1000 qm;FLC002;Nutzfläche
31121;Statistik der Baufertigstellungen;JAHR;Jahr;2025;DLAND;Bundesländer;13;Mecklenburg-Vorpommern;BAUGB2;Gebäudeart;GBD-W;Wohngebäude;GSSZL1;Geschosszahl;VOLLGSS-13UM;13 und mehr Vollgeschosse;-;1000 qm;FLC014;Wohnfläche der Wohnungen
31121;Statistik der Baufertigstellungen;JAHR;Jahr;2025;DLAND;Bundesländer;13;Mecklenburg-Vorpommern;BAUGB2;Gebäudeart;GBD-W;Wohngebäude;GSSZL1;Geschosszahl;VOLLGSS-13UM;13 und mehr Vollgeschosse;-;Anzahl;WOHN01;Wohnungen
31121;Statistik der Baufertigstellungen;JAHR;Jahr;2025;DLAND;Bundesländer;13;Mecklenburg-Vorpommern;BAUGB2;Gebäudeart;GBD-W;Wohngebäude;GSSZL1;Geschosszahl;VOLLGSS-13UM;13 und mehr Vollgeschosse;-;Anzahl;BAU005;Neue Gebäude
31121;Statistik der Baufertigstellungen;JAHR;Jahr;2025;DLAND;Bundesländer;13;Mecklenburg-Vorpommern;BAUGB2;Gebäudeart;GBD-W;Wohngebäude;GSSZL1;Geschosszahl;VOLLGSS-13UM;13 und mehr Vollgeschosse;-;Tsd. EUR;VKB001;Veranschlagte Kosten des Bauwerks
31121;Statistik der Baufertigstellungen;JAHR;Jahr;2025;DLAND;Bundesländer;13;Mecklenburg-Vorpommern;BAUGB2;Gebäudeart;GBD-W;Wohngebäude;GSSZL1;Geschosszahl;VOLLGSS-13UM;13 und mehr Vollgeschosse;-;1000 cbm;FLC003;Rauminhalt
31121;Statistik der Baufertigstellungen;JAHR;Jahr;2025;DLAND;Bundesländer;13;Mecklenburg-Vorpommern;BAUGB2;Gebäudeart;GBD-W;Wohngebäude;GSSZL1;Geschosszahl;VOLLGSS-13UM;13 und mehr Vollgeschosse;-;1000 qm;FLC002;Nutzfläche
31121;Statistik der Baufertigstellungen;JAHR;Jahr;2025;DLAND;Bundesländer;14;Sachsen;BAUGB2;Gebäudeart;GBD-NW;Nichtwohngebäude;GSSZL1;Geschosszahl;VOLLGSS-13UM;13 und mehr Vollgeschosse;-;1000 qm;FLC014;Wohnfläche der Wohnungen
31121;Statistik der Baufertigstellungen;JAHR;Jahr;2025;DLAND;Bundesländer;14;Sachsen;BAUGB2;Gebäudeart;GBD-NW;Nichtwohngebäude;GSSZL1;Geschosszahl;VOLLGSS-13UM;13 und mehr Vollgeschosse;-;Anzahl;WOHN01;Wohnungen
31121;Statistik der Baufertigstellungen;JAHR;Jahr;2025;DLAND;Bundesländer;14;Sachsen;BAUGB2;Gebäudeart;GBD-NW;Nichtwohngebäude;GSSZL1;Geschosszahl;VOLLGSS-13UM;13 und mehr Vollgeschosse;-;Anzahl;BAU005;Neue Gebäude
31121;Statistik der Baufertigstellungen;JAHR;Jahr;2025;DLAND;Bundesländer;14;Sachsen;BAUGB2;Gebäudeart;GBD-NW;Nichtwohngebäude;GSSZL1;Geschosszahl;VOLLGSS-13UM;13 und mehr Vollgeschosse;-;Tsd. EUR;VKB001;Veranschlagte Kosten des Bauwerks
31121;Statistik der Baufertigstellungen;JAHR;Jahr;2025;DLAND;Bundesländer;14;Sachsen;BAUGB2;Gebäudeart;GBD-NW;Nichtwohngebäude;GSSZL1;Geschosszahl;VOLLGSS-13UM;13 und mehr Vollgeschosse;-;1000 cbm;FLC003;Rauminhalt
31121;Statistik der Baufertigstellungen;JAHR;Jahr;2025;DLAND;Bundesländer;14;Sachsen;BAUGB2;Gebäudeart;GBD-NW;Nichtwohngebäude;GSSZL1;Geschosszahl;VOLLGSS-13UM;13 und mehr Vollgeschosse;-;1000 qm;FLC002;Nutzfläche
31121;Statistik der Baufertigstellungen;JAHR;Jahr;2025;DLAND;Bundesländer;08;Baden-Württemberg;BAUGB2;Gebäudeart;GBD-W;Wohngebäude;GSSZL1;Geschosszahl;VOLLGSS-02;2 Vollgeschosse;1230;1000 qm;FLC014;Wohnfläche der Wohnungen
31121;Statistik der Baufertigstellungen;JAHR;Jahr;2025;DLAND;Bundesländer;08;Baden-Württemberg;BAUGB2;Gebäudeart;GBD-W;Wohngebäude;GSSZL1;Geschosszahl;VOLLGSS-02;2 Vollgeschosse;10320;Anzahl;WOHN01;Wohnungen
31121;Statistik der Baufertigstellungen;JAHR;Jahr;2025;DLAND;Bundesländer;08;Baden-Württemberg;BAUGB2;Gebäudeart;GBD-W;Wohngebäude;GSSZL1;Geschosszahl;VOLLGSS-02;2 Vollgeschosse;5460;Anzahl;BAU005;Neue Gebäude
31121;Statistik der Baufertigstellungen;JAHR;Jahr;2025;DLAND;Bundesländer;08;Baden-Württemberg;BAUGB2;Gebäudeart;GBD-W;Wohngebäude;GSSZL1;Geschosszahl;VOLLGSS-02;2 Vollgeschosse;3054059;Tsd. EUR;VKB001;Veranschlagte Kosten des Bauwerks
31121;Statistik der Baufertigstellungen;JAHR;Jahr;2025;DLAND;Bundesländer;08;Baden-Württemberg;BAUGB2;Gebäudeart;GBD-W;Wohngebäude;GSSZL1;Geschosszahl;VOLLGSS-02;2 Vollgeschosse;6727;1000 cbm;FLC003;Rauminhalt
31121;Statistik der Baufertigstellungen;JAHR;Jahr;2025;DLAND;Bundesländer;08;Baden-Württemberg;BAUGB2;Gebäudeart;GBD-W;Wohngebäude;GSSZL1;Geschosszahl;VOLLGSS-02;2 Vollgeschosse;436;1000 qm;FLC002;Nutzfläche
31121;Statistik der Baufertigstellungen;JAHR;Jahr;2025;DLAND;Bundesländer;02;Hamburg;BAUGB2;Gebäudeart;GBD-NW;Nichtwohngebäude;GSSZL1;Geschosszahl;VOLLGSS-04-05;4-5 Vollgeschosse;0;1000 qm;FLC014;Wohnfläche der Wohnungen
31121;Statistik der Baufertigstellungen;JAHR;Jahr;2025;DLAND;Bundesländer;02;Hamburg;BAUGB2;Gebäudeart;GBD-NW;Nichtwohngebäude;GSSZL1;Geschosszahl;VOLLGSS-04-05;4-5 Vollgeschosse;5;Anzahl;WOHN01;Wohnungen
31121;Statistik der Baufertigstellungen;JAHR;Jahr;2025;DLAND;Bundesländer;02;Hamburg;BAUGB2;Gebäudeart;GBD-NW;Nichtwohngebäude;GSSZL1;Geschosszahl;VOLLGSS-04-05;4-5 Vollgeschosse;9;Anzahl;BAU005;Neue Gebäude
31121;Statistik der Baufertigstellungen;JAHR;Jahr;2025;DLAND;Bundesländer;02;Hamburg;BAUGB2;Gebäudeart;GBD-NW;Nichtwohngebäude;GSSZL1;Geschosszahl;VOLLGSS-04-05;4-5 Vollgeschosse;83404;Tsd. EUR;VKB001;Veranschlagte Kosten des Bauwerks
31121;Statistik der Baufertigstellungen;JAHR;Jahr;2025;DLAND;Bundesländer;02;Hamburg;BAUGB2;Gebäudeart;GBD-NW;Nichtwohngebäude;GSSZL1;Geschosszahl;VOLLGSS-04-05;4-5 Vollgeschosse;253;1000 cbm;FLC003;Rauminhalt
31121;Statistik der Baufertigstellungen;JAHR;Jahr;2025;DLAND;Bundesländer;02;Hamburg;BAUGB2;Gebäudeart;GBD-NW;Nichtwohngebäude;GSSZL1;Geschosszahl;VOLLGSS-04-05;4-5 Vollgeschosse;47;1000 qm;FLC002;Nutzfläche
31121;Statistik der Baufertigstellungen;JAHR;Jahr;2025;DLAND;Bundesländer;05;Nordrhein-Westfalen;BAUGB2;Gebäudeart;GBD-W-NW;Wohn- und Nichtwohngebäude;GSSZL1;Geschosszahl;VOLLGSS-04-05;4-5 Vollgeschosse;503;1000 qm;FLC014;Wohnfläche der Wohnungen
31121;Statistik der Baufertigstellungen;JAHR;Jahr;2025;DLAND;Bundesländer;05;Nordrhein-Westfalen;BAUGB2;Gebäudeart;GBD-W-NW;Wohn- und Nichtwohngebäude;GSSZL1;Geschosszahl;VOLLGSS-04-05;4-5 Vollgeschosse;7212;Anzahl;WOHN01;Wohnungen
31121;Statistik der Baufertigstellungen;JAHR;Jahr;2025;DLAND;Bundesländer;05;Nordrhein-Westfalen;BAUGB2;Gebäudeart;GBD-W-NW;Wohn- und Nichtwohngebäude;GSSZL1;Geschosszahl;VOLLGSS-04-05;4-5 Vollgeschosse;378;Anzahl;BAU005;Neue Gebäude
31121;Statistik der Baufertigstellungen;JAHR;Jahr;2025;DLAND;Bundesländer;05;Nordrhein-Westfalen;BAUGB2;Gebäudeart;GBD-W-NW;Wohn- und Nichtwohngebäude;GSSZL1;Geschosszahl;VOLLGSS-04-05;4-5 Vollgeschosse;2057972;Tsd. EUR;VKB001;Veranschlagte Kosten des Bauwerks
31121;Statistik der Baufertigstellungen;JAHR;Jahr;2025;DLAND;Bundesländer;05;Nordrhein-Westfalen;BAUGB2;Gebäudeart;GBD-W-NW;Wohn- und Nichtwohngebäude;GSSZL1;Geschosszahl;VOLLGSS-04-05;4-5 Vollgeschosse;5350;1000 cbm;FLC003;Rauminhalt
31121;Statistik der Baufertigstellungen;JAHR;Jahr;2025;DLAND;Bundesländer;05;Nordrhein-Westfalen;BAUGB2;Gebäudeart;GBD-W-NW;Wohn- und Nichtwohngebäude;GSSZL1;Geschosszahl;VOLLGSS-04-05;4-5 Vollgeschosse;558;1000 qm;FLC002;Nutzfläche
31121;Statistik der Baufertigstellungen;JAHR;Jahr;2025;DLAND;Bundesländer;10;Saarland;BAUGB2;Gebäudeart;GBD-W;Wohngebäude;GSSZL1;Geschosszahl;VOLLGSS-13UM;13 und mehr Vollgeschosse;-;1000 qm;FLC014;Wohnfläche der Wohnungen
31121;Statistik der Baufertigstellungen;JAHR;Jahr;2025;DLAND;Bundesländer;10;Saarland;BAUGB2;Gebäudeart;GBD-W;Wohngebäude;GSSZL1;Geschosszahl;VOLLGSS-13UM;13 und mehr Vollgeschosse;-;Anzahl;WOHN01;Wohnungen
31121;Statistik der Baufertigstellungen;JAHR;Jahr;2025;DLAND;Bundesländer;10;Saarland;BAUGB2;Gebäudeart;GBD-W;Wohngebäude;GSSZL1;Geschosszahl;VOLLGSS-13UM;13 und mehr Vollgeschosse;-;Anzahl;BAU005;Neue Gebäude
31121;Statistik der Baufertigstellungen;JAHR;Jahr;2025;DLAND;Bundesländer;10;Saarland;BAUGB2;Gebäudeart;GBD-W;Wohngebäude;GSSZL1;Geschosszahl;VOLLGSS-13UM;13 und mehr Vollgeschosse;-;Tsd. EUR;VKB001;Veranschlagte Kosten des Bauwerks
31121;Statistik der Baufertigstellungen;JAHR;Jahr;2025;DLAND;Bundesländer;10;Saarland;BAUGB2;Gebäudeart;GBD-W;Wohngebäude;GSSZL1;Geschosszahl;VOLLGSS-13UM;13 und mehr Vollgeschosse;-;1000 cbm;FLC003;Rauminhalt
31121;Statistik der Baufertigstellungen;JAHR;Jahr;2025;DLAND;Bundesländer;10;Saarland;BAUGB2;Gebäudeart;GBD-W;Wohngebäude;GSSZL1;Geschosszahl;VOLLGSS-13UM;13 und mehr Vollgeschosse;-;1000 qm;FLC002;Nutzfläche
31121;Statistik der Baufertigstellungen;JAHR;Jahr;2025;DLAND;Bundesländer;12;Brandenburg;BAUGB2;Gebäudeart;GBD-W-NW;Wohn- und Nichtwohngebäude;GSSZL1;Geschosszahl;VOLLGSS-08-12;8-12 Vollgeschosse;-;1000 qm;FLC014;Wohnfläche der Wohnungen
31121;Statistik der Baufertigstellungen;JAHR;Jahr;2025;DLAND;Bundesländer;12;Brandenburg;BAUGB2;Gebäudeart;GBD-W-NW;Wohn- und Nichtwohngebäude;GSSZL1;Geschosszahl;VOLLGSS-08-12;8-12 Vollgeschosse;-;Anzahl;WOHN01;Wohnungen
31121;Statistik der Baufertigstellungen;JAHR;Jahr;2025;DLAND;Bundesländer;12;Brandenburg;BAUGB2;Gebäudeart;GBD-W-NW;Wohn- und Nichtwohngebäude;GSSZL1;Geschosszahl;VOLLGSS-08-12;8-12 Vollgeschosse;-;Anzahl;BAU005;Neue Gebäude
31121;Statistik der Baufertigstellungen;JAHR;Jahr;2025;DLAND;Bundesländer;12;Brandenburg;BAUGB2;Gebäudeart;GBD-W-NW;Wohn- und Nichtwohngebäude;GSSZL1;Geschosszahl;VOLLGSS-08-12;8-12 Vollgeschosse;-;Tsd. EUR;VKB001;Veranschlagte Kosten des Bauwerks
31121;Statistik der Baufertigstellungen;JAHR;Jahr;2025;DLAND;Bundesländer;12;Brandenburg;BAUGB2;Gebäudeart;GBD-W-NW;Wohn- und Nichtwohngebäude;GSSZL1;Geschosszahl;VOLLGSS-08-12;8-12 Vollgeschosse;-;1000 cbm;FLC003;Rauminhalt
31121;Statistik der Baufertigstellungen;JAHR;Jahr;2025;DLAND;Bundesländer;12;Brandenburg;BAUGB2;Gebäudeart;GBD-W-NW;Wohn- und Nichtwohngebäude;GSSZL1;Geschosszahl;VOLLGSS-08-12;8-12 Vollgeschosse;-;1000 qm;FLC002;Nutzfläche
31121;Statistik der Baufertigstellungen;JAHR;Jahr;2025;DLAND;Bundesländer;08;Baden-Württemberg;BAUGB2;Gebäudeart;GBD-W;Wohngebäude;GSSZL1;Geschosszahl;VOLLGSS-08-12;8-12 Vollgeschosse;14;1000 qm;FLC014;Wohnfläche der Wohnungen
31121;Statistik der Baufertigstellungen;JAHR;Jahr;2025;DLAND;Bundesländer;08;Baden-Württemberg;BAUGB2;Gebäudeart;GBD-W;Wohngebäude;GSSZL1;Geschosszahl;VOLLGSS-08-12;8-12 Vollgeschosse;341;Anzahl;WOHN01;Wohnungen
31121;Statistik der Baufertigstellungen;JAHR;Jahr;2025;DLAND;Bundesländer;08;Baden-Württemberg;BAUGB2;Gebäudeart;GBD-W;Wohngebäude;GSSZL1;Geschosszahl;VOLLGSS-08-12;8-12 Vollgeschosse;8;Anzahl;BAU005;Neue Gebäude
31121;Statistik der Baufertigstellungen;JAHR;Jahr;2025;DLAND;Bundesländer;08;Baden-Württemberg;BAUGB2;Gebäudeart;GBD-W;Wohngebäude;GSSZL1;Geschosszahl;VOLLGSS-08-12;8-12 Vollgeschosse;36840;Tsd. EUR;VKB001;Veranschlagte Kosten des Bauwerks
31121;Statistik der Baufertigstellungen;JAHR;Jahr;2025;DLAND;Bundesländer;08;Baden-Württemberg;BAUGB2;Gebäudeart;GBD-W;Wohngebäude;GSSZL1;Geschosszahl;VOLLGSS-08-12;8-12 Vollgeschosse;95;1000 cbm;FLC003;Rauminhalt
31121;Statistik der Baufertigstellungen;JAHR;Jahr;2025;DLAND;Bundesländer;08;Baden-Württemberg;BAUGB2;Gebäudeart;GBD-W;Wohngebäude;GSSZL1;Geschosszahl;VOLLGSS-08-12;8-12 Vollgeschosse;4;1000 qm;FLC002;Nutzfläche
31121;Statistik der Baufertigstellungen;JAHR;Jahr;2025;DLAND;Bundesländer;08;Baden-Württemberg;BAUGB2;Gebäudeart;GBD-W-NW;Wohn- und Nichtwohngebäude;GSSZL1;Geschosszahl;VOLLGSS-03;3 Vollgeschosse;486;1000 qm;FLC014;Wohnfläche der Wohnungen
31121;Statistik der Baufertigstellungen;JAHR;Jahr;2025;DLAND;Bundesländer;08;Baden-Württemberg;BAUGB2;Gebäudeart;GBD-W-NW;Wohn- und Nichtwohngebäude;GSSZL1;Geschosszahl;VOLLGSS-03;3 Vollgeschosse;5982;Anzahl;WOHN01;Wohnungen
31121;Statistik der Baufertigstellungen;JAHR;Jahr;2025;DLAND;Bundesländer;08;Baden-Württemberg;BAUGB2;Gebäudeart;GBD-W-NW;Wohn- und Nichtwohngebäude;GSSZL1;Geschosszahl;VOLLGSS-03;3 Vollgeschosse;915;Anzahl;BAU005;Neue Gebäude
31121;Statistik der Baufertigstellungen;JAHR;Jahr;2025;DLAND;Bundesländer;08;Baden-Württemberg;BAUGB2;Gebäudeart;GBD-W-NW;Wohn- und Nichtwohngebäude;GSSZL1;Geschosszahl;VOLLGSS-03;3 Vollgeschosse;2045352;Tsd. EUR;VKB001;Veranschlagte Kosten des Bauwerks
31121;Statistik der Baufertigstellungen;JAHR;Jahr;2025;DLAND;Bundesländer;08;Baden-Württemberg;BAUGB2;Gebäudeart;GBD-W-NW;Wohn- und Nichtwohngebäude;GSSZL1;Geschosszahl;VOLLGSS-03;3 Vollgeschosse;5854;1000 cbm;FLC003;Rauminhalt
31121;Statistik der Baufertigstellungen;JAHR;Jahr;2025;DLAND;Bundesländer;08;Baden-Württemberg;BAUGB2;Gebäudeart;GBD-W-NW;Wohn- und Nichtwohngebäude;GSSZL1;Geschosszahl;VOLLGSS-03;3 Vollgeschosse;631;1000 qm;FLC002;Nutzfläche
31121;Statistik der Baufertigstellungen;JAHR;Jahr;2025;DLAND;Bundesländer;13;Mecklenburg-Vorpommern;BAUGB2;Gebäudeart;GBD-W-NW;Wohn- und Nichtwohngebäude;GSSZL1;Geschosszahl;VOLLGSS-08-12;8-12 Vollgeschosse;4;1000 qm;FLC014;Wohnfläche der Wohnungen
31121;Statistik der Baufertigstellungen;JAHR;Jahr;2025;DLAND;Bundesländer;13;Mecklenburg-Vorpommern;BAUGB2;Gebäudeart;GBD-W-NW;Wohn- und Nichtwohngebäude;GSSZL1;Geschosszahl;VOLLGSS-08-12;8-12 Vollgeschosse;62;Anzahl;WOHN01;Wohnungen
31121;Statistik der Baufertigstellungen;JAHR;Jahr;2025;DLAND;Bundesländer;13;Mecklenburg-Vorpommern;BAUGB2;Gebäudeart;GBD-W-NW;Wohn- und Nichtwohngebäude;GSSZL1;Geschosszahl;VOLLGSS-08-12;8-12 Vollgeschosse;1;Anzahl;BAU005;Neue Gebäude
31121;Statistik der Baufertigstellungen;JAHR;Jahr;2025;DLAND;Bundesländer;13;Mecklenburg-Vorpommern;BAUGB2;Gebäudeart;GBD-W-NW;Wohn- und Nichtwohngebäude;GSSZL1;Geschosszahl;VOLLGSS-08-12;8-12 Vollgeschosse;11966;Tsd. EUR;VKB001;Veranschlagte Kosten des Bauwerks
31121;Statistik der Baufertigstellungen;JAHR;Jahr;2025;DLAND;Bundesländer;13;Mecklenburg-Vorpommern;BAUGB2;Gebäudeart;GBD-W-NW;Wohn- und Nichtwohngebäude;GSSZL1;Geschosszahl;VOLLGSS-08-12;8-12 Vollgeschosse;24;1000 cbm;FLC003;Rauminhalt
31121;Statistik der Baufertigstellungen;JAHR;Jahr;2025;DLAND;Bundesländer;13;Mecklenburg-Vorpommern;BAUGB2;Gebäudeart;GBD-W-NW;Wohn- und Nichtwohngebäude;GSSZL1;Geschosszahl;VOLLGSS-08-12;8-12 Vollgeschosse;1;1000 qm;FLC002;Nutzfläche
31121;Statistik der Baufertigstellungen;JAHR;Jahr;2025;DLAND;Bundesländer;05;Nordrhein-Westfalen;BAUGB2;Gebäudeart;GBD-W;Wohngebäude;GSSZL1;Geschosszahl;VOLLGSS-01;1 Vollgeschoss;474;1000 qm;FLC014;Wohnfläche der Wohnungen
31121;Statistik der Baufertigstellungen;JAHR;Jahr;2025;DLAND;Bundesländer;05;Nordrhein-Westfalen;BAUGB2;Gebäudeart;GBD-W;Wohngebäude;GSSZL1;Geschosszahl;VOLLGSS-01;1 Vollgeschoss;3529;Anzahl;WOHN01;Wohnungen
31121;Statistik der Baufertigstellungen;JAHR;Jahr;2025;DLAND;Bundesländer;05;Nordrhein-Westfalen;BAUGB2;Gebäudeart;GBD-W;Wohngebäude;GSSZL1;Geschosszahl;VOLLGSS-01;1 Vollgeschoss;3059;Anzahl;BAU005;Neue Gebäude
31121;Statistik der Baufertigstellungen;JAHR;Jahr;2025;DLAND;Bundesländer;05;Nordrhein-Westfalen;BAUGB2;Gebäudeart;GBD-W;Wohngebäude;GSSZL1;Geschosszahl;VOLLGSS-01;1 Vollgeschoss;1032750;Tsd. EUR;VKB001;Veranschlagte Kosten des Bauwerks
31121;Statistik der Baufertigstellungen;JAHR;Jahr;2025;DLAND;Bundesländer;05;Nordrhein-Westfalen;BAUGB2;Gebäudeart;GBD-W;Wohngebäude;GSSZL1;Geschosszahl;VOLLGSS-01;1 Vollgeschoss;2570;1000 cbm;FLC003;Rauminhalt
31121;Statistik der Baufertigstellungen;JAHR;Jahr;2025;DLAND;Bundesländer;05;Nordrhein-Westfalen;BAUGB2;Gebäudeart;GBD-W;Wohngebäude;GSSZL1;Geschosszahl;VOLLGSS-01;1 Vollgeschoss;89;1000 qm;FLC002;Nutzfläche
31121;Statistik der Baufertigstellungen;JAHR;Jahr;2025;DLAND;Bundesländer;15;Sachsen-Anhalt;BAUGB2;Gebäudeart;GBD-W;Wohngebäude;GSSZL1;Geschosszahl;VOLLGSS-03;3 Vollgeschosse;29;1000 qm;FLC014;Wohnfläche der Wohnungen
31121;Statistik der Baufertigstellungen;JAHR;Jahr;2025;DLAND;Bundesländer;15;Sachsen-Anhalt;BAUGB2;Gebäudeart;GBD-W;Wohngebäude;GSSZL1;Geschosszahl;VOLLGSS-03;3 Vollgeschosse;319;Anzahl;WOHN01;Wohnungen
31121;Statistik der Baufertigstellungen;JAHR;Jahr;2025;DLAND;Bundesländer;15;Sachsen-Anhalt;BAUGB2;Gebäudeart;GBD-W;Wohngebäude;GSSZL1;Geschosszahl;VOLLGSS-03;3 Vollgeschosse;33;Anzahl;BAU005;Neue Gebäude
31121;Statistik der Baufertigstellungen;JAHR;Jahr;2025;DLAND;Bundesländer;15;Sachsen-Anhalt;BAUGB2;Gebäudeart;GBD-W;Wohngebäude;GSSZL1;Geschosszahl;VOLLGSS-03;3 Vollgeschosse;39231;Tsd. EUR;VKB001;Veranschlagte Kosten des Bauwerks
31121;Statistik der Baufertigstellungen;JAHR;Jahr;2025;DLAND;Bundesländer;15;Sachsen-Anhalt;BAUGB2;Gebäudeart;GBD-W;Wohngebäude;GSSZL1;Geschosszahl;VOLLGSS-03;3 Vollgeschosse;152;1000 cbm;FLC003;Rauminhalt
31121;Statistik der Baufertigstellungen;JAHR;Jahr;2025;DLAND;Bundesländer;15;Sachsen-Anhalt;BAUGB2;Gebäudeart;GBD-W;Wohngebäude;GSSZL1;Geschosszahl;VOLLGSS-03;3 Vollgeschosse;9;1000 qm;FLC002;Nutzfläche
31121;Statistik der Baufertigstellungen;JAHR;Jahr;2025;DLAND;Bundesländer;12;Brandenburg;BAUGB2;Gebäudeart;GBD-W-NW;Wohn- und Nichtwohngebäude;GSSZL1;Geschosszahl;VOLLGSS-03;3 Vollgeschosse;96;1000 qm;FLC014;Wohnfläche der Wohnungen
31121;Statistik der Baufertigstellungen;JAHR;Jahr;2025;DLAND;Bundesländer;12;Brandenburg;BAUGB2;Gebäudeart;GBD-W-NW;Wohn- und Nichtwohngebäude;GSSZL1;Geschosszahl;VOLLGSS-03;3 Vollgeschosse;1025;Anzahl;WOHN01;Wohnungen
31121;Statistik der Baufertigstellungen;JAHR;Jahr;2025;DLAND;Bundesländer;12;Brandenburg;BAUGB2;Gebäudeart;GBD-W-NW;Wohn- und Nichtwohngebäude;GSSZL1;Geschosszahl;VOLLGSS-03;3 Vollgeschosse;366;Anzahl;BAU005;Neue Gebäude
31121;Statistik der Baufertigstellungen;JAHR;Jahr;2025;DLAND;Bundesländer;12;Brandenburg;BAUGB2;Gebäudeart;GBD-W-NW;Wohn- und Nichtwohngebäude;GSSZL1;Geschosszahl;VOLLGSS-03;3 Vollgeschosse;362734;Tsd. EUR;VKB001;Veranschlagte Kosten des Bauwerks
31121;Statistik der Baufertigstellungen;JAHR;Jahr;2025;DLAND;Bundesländer;12;Brandenburg;BAUGB2;Gebäudeart;GBD-W-NW;Wohn- und Nichtwohngebäude;GSSZL1;Geschosszahl;VOLLGSS-03;3 Vollgeschosse;1183;1000 cbm;FLC003;Rauminhalt
31121;Statistik der Baufertigstellungen;JAHR;Jahr;2025;DLAND;Bundesländer;12;Brandenburg;BAUGB2;Gebäudeart;GBD-W-NW;Wohn- und Nichtwohngebäude;GSSZL1;Geschosszahl;VOLLGSS-03;3 Vollgeschosse;102;1000 qm;FLC002;Nutzfläche
31121;Statistik der Baufertigstellungen;JAHR;Jahr;2025;DLAND;Bundesländer;04;Bremen;BAUGB2;Gebäudeart;GBD-W-NW;Wohn- und Nichtwohngebäude;GSSZL1;Geschosszahl;VOLLGSS-13UM;13 und mehr Vollgeschosse;-;1000 qm;FLC014;Wohnfläche der Wohnungen
31121;Statistik der Baufertigstellungen;JAHR;Jahr;2025;DLAND;Bundesländer;04;Bremen;BAUGB2;Gebäudeart;GBD-W-NW;Wohn- und Nichtwohngebäude;GSSZL1;Geschosszahl;VOLLGSS-13UM;13 und mehr Vollgeschosse;-;Anzahl;WOHN01;Wohnungen
31121;Statistik der Baufertigstellungen;JAHR;Jahr;2025;DLAND;Bundesländer;04;Bremen;BAUGB2;Gebäudeart;GBD-W-NW;Wohn- und Nichtwohngebäude;GSSZL1;Geschosszahl;VOLLGSS-13UM;13 und mehr Vollgeschosse;-;Anzahl;BAU005;Neue Gebäude
31121;Statistik der Baufertigstellungen;JAHR;Jahr;2025;DLAND;Bundesländer;04;Bremen;BAUGB2;Gebäudeart;GBD-W-NW;Wohn- und Nichtwohngebäude;GSSZL1;Geschosszahl;VOLLGSS-13UM;13 und mehr Vollgeschosse;-;Tsd. EUR;VKB001;Veranschlagte Kosten des Bauwerks
31121;Statistik der Baufertigstellungen;JAHR;Jahr;2025;DLAND;Bundesländer;04;Bremen;BAUGB2;Gebäudeart;GBD-W-NW;Wohn- und Nichtwohngebäude;GSSZL1;Geschosszahl;VOLLGSS-13UM;13 und mehr Vollgeschosse;-;1000 cbm;FLC003;Rauminhalt
31121;Statistik der Baufertigstellungen;JAHR;Jahr;2025;DLAND;Bundesländer;04;Bremen;BAUGB2;Gebäudeart;GBD-W-NW;Wohn- und Nichtwohngebäude;GSSZL1;Geschosszahl;VOLLGSS-13UM;13 und mehr Vollgeschosse;-;1000 qm;FLC002;Nutzfläche
31121;Statistik der Baufertigstellungen;JAHR;Jahr;2025;DLAND;Bundesländer;04;Bremen;BAUGB2;Gebäudeart;GBD-W-NW;Wohn- und Nichtwohngebäude;GSSZL1;Geschosszahl;VOLLGSS-04-05;4-5 Vollgeschosse;12;1000 qm;FLC014;Wohnfläche der Wohnungen
31121;Statistik der Baufertigstellungen;JAHR;Jahr;2025;DLAND;Bundesländer;04;Bremen;BAUGB2;Gebäudeart;GBD-W-NW;Wohn- und Nichtwohngebäude;GSSZL1;Geschosszahl;VOLLGSS-04-05;4-5 Vollgeschosse;219;Anzahl;WOHN01;Wohnungen
31121;Statistik der Baufertigstellungen;JAHR;Jahr;2025;DLAND;Bundesländer;04;Bremen;BAUGB2;Gebäudeart;GBD-W-NW;Wohn- und Nichtwohngebäude;GSSZL1;Geschosszahl;VOLLGSS-04-05;4-5 Vollgeschosse;11;Anzahl;BAU005;Neue Gebäude
31121;Statistik der Baufertigstellungen;JAHR;Jahr;2025;DLAND;Bundesländer;04;Bremen;BAUGB2;Gebäudeart;GBD-W-NW;Wohn- und Nichtwohngebäude;GSSZL1;Geschosszahl;VOLLGSS-04-05;4-5 Vollgeschosse;113781;Tsd. EUR;VKB001;Veranschlagte Kosten des Bauwerks
31121;Statistik der Baufertigstellungen;JAHR;Jahr;2025;DLAND;Bundesländer;04;Bremen;BAUGB2;Gebäudeart;GBD-W-NW;Wohn- und Nichtwohngebäude;GSSZL1;Geschosszahl;VOLLGSS-04-05;4-5 Vollgeschosse;194;1000 cbm;FLC003;Rauminhalt
31121;Statistik der Baufertigstellungen;JAHR;Jahr;2025;DLAND;Bundesländer;04;Bremen;BAUGB2;Gebäudeart;GBD-W-NW;Wohn- und Nichtwohngebäude;GSSZL1;Geschosszahl;VOLLGSS-04-05;4-5 Vollgeschosse;26;1000 qm;FLC002;Nutzfläche
31121;Statistik der Baufertigstellungen;JAHR;Jahr;2025;DLAND;Bundesländer;09;Bayern;BAUGB2;Gebäudeart;GBD-W;Wohngebäude;GSSZL1;Geschosszahl;VOLLGSS-01;1 Vollgeschoss;268;1000 qm;FLC014;Wohnfläche der Wohnungen
31121;Statistik der Baufertigstellungen;JAHR;Jahr;2025;DLAND;Bundesländer;09;Bayern;BAUGB2;Gebäudeart;GBD-W;Wohngebäude;GSSZL1;Geschosszahl;VOLLGSS-01;1 Vollgeschoss;2233;Anzahl;WOHN01;Wohnungen
31121;Statistik der Baufertigstellungen;JAHR;Jahr;2025;DLAND;Bundesländer;09;Bayern;BAUGB2;Gebäudeart;GBD-W;Wohngebäude;GSSZL1;Geschosszahl;VOLLGSS-01;1 Vollgeschoss;1947;Anzahl;BAU005;Neue Gebäude
31121;Statistik der Baufertigstellungen;JAHR;Jahr;2025;DLAND;Bundesländer;09;Bayern;BAUGB2;Gebäudeart;GBD-W;Wohngebäude;GSSZL1;Geschosszahl;VOLLGSS-01;1 Vollgeschoss;690735;Tsd. EUR;VKB001;Veranschlagte Kosten des Bauwerks
31121;Statistik der Baufertigstellungen;JAHR;Jahr;2025;DLAND;Bundesländer;09;Bayern;BAUGB2;Gebäudeart;GBD-W;Wohngebäude;GSSZL1;Geschosszahl;VOLLGSS-01;1 Vollgeschoss;1558;1000 cbm;FLC003;Rauminhalt
31121;Statistik der Baufertigstellungen;JAHR;Jahr;2025;DLAND;Bundesländer;09;Bayern;BAUGB2;Gebäudeart;GBD-W;Wohngebäude;GSSZL1;Geschosszahl;VOLLGSS-01;1 Vollgeschoss;79;1000 qm;FLC002;Nutzfläche
31121;Statistik der Baufertigstellungen;JAHR;Jahr;2025;DLAND;Bundesländer;14;Sachsen;BAUGB2;Gebäudeart;GBD-NW;Nichtwohngebäude;GSSZL1;Geschosszahl;VOLLGSS-04-05;4-5 Vollgeschosse;1;1000 qm;FLC014;Wohnfläche der Wohnungen
31121;Statistik der Baufertigstellungen;JAHR;Jahr;2025;DLAND;Bundesländer;14;Sachsen;BAUGB2;Gebäudeart;GBD-NW;Nichtwohngebäude;GSSZL1;Geschosszahl;VOLLGSS-04-05;4-5 Vollgeschosse;2;Anzahl;WOHN01;Wohnungen
31121;Statistik der Baufertigstellungen;JAHR;Jahr;2025;DLAND;Bundesländer;14;Sachsen;BAUGB2;Gebäudeart;GBD-NW;Nichtwohngebäude;GSSZL1;Geschosszahl;VOLLGSS-04-05;4-5 Vollgeschosse;17;Anzahl;BAU005;Neue Gebäude
31121;Statistik der Baufertigstellungen;JAHR;Jahr;2025;DLAND;Bundesländer;14;Sachsen;BAUGB2;Gebäudeart;GBD-NW;Nichtwohngebäude;GSSZL1;Geschosszahl;VOLLGSS-04-05;4-5 Vollgeschosse;195250;Tsd. EUR;VKB001;Veranschlagte Kosten des Bauwerks
31121;Statistik der Baufertigstellungen;JAHR;Jahr;2025;DLAND;Bundesländer;14;Sachsen;BAUGB2;Gebäudeart;GBD-NW;Nichtwohngebäude;GSSZL1;Geschosszahl;VOLLGSS-04-05;4-5 Vollgeschosse;362;1000 cbm;FLC003;Rauminhalt
31121;Statistik der Baufertigstellungen;JAHR;Jahr;2025;DLAND;Bundesländer;14;Sachsen;BAUGB2;Gebäudeart;GBD-NW;Nichtwohngebäude;GSSZL1;Geschosszahl;VOLLGSS-04-05;4-5 Vollgeschosse;54;1000 qm;FLC002;Nutzfläche
31121;Statistik der Baufertigstellungen;JAHR;Jahr;2025;DLAND;Bundesländer;01;Schleswig-Holstein;BAUGB2;Gebäudeart;GBD-W-NW;Wohn- und Nichtwohngebäude;GSSZL1;Geschosszahl;VOLLGSS-03;3 Vollgeschosse;106;1000 qm;FLC014;Wohnfläche der Wohnungen
31121;Statistik der Baufertigstellungen;JAHR;Jahr;2025;DLAND;Bundesländer;01;Schleswig-Holstein;BAUGB2;Gebäudeart;GBD-W-NW;Wohn- und Nichtwohngebäude;GSSZL1;Geschosszahl;VOLLGSS-03;3 Vollgeschosse;1520;Anzahl;WOHN01;Wohnungen
31121;Statistik der Baufertigstellungen;JAHR;Jahr;2025;DLAND;Bundesländer;01;Schleswig-Holstein;BAUGB2;Gebäudeart;GBD-W-NW;Wohn- und Nichtwohngebäude;GSSZL1;Geschosszahl;VOLLGSS-03;3 Vollgeschosse;161;Anzahl;BAU005;Neue Gebäude
31121;Statistik der Baufertigstellungen;JAHR;Jahr;2025;DLAND;Bundesländer;01;Schleswig-Holstein;BAUGB2;Gebäudeart;GBD-W-NW;Wohn- und Nichtwohngebäude;GSSZL1;Geschosszahl;VOLLGSS-03;3 Vollgeschosse;371871;Tsd. EUR;VKB001;Veranschlagte Kosten des Bauwerks
31121;Statistik der Baufertigstellungen;JAHR;Jahr;2025;DLAND;Bundesländer;01;Schleswig-Holstein;BAUGB2;Gebäudeart;GBD-W-NW;Wohn- und Nichtwohngebäude;GSSZL1;Geschosszahl;VOLLGSS-03;3 Vollgeschosse;1291;1000 cbm;FLC003;Rauminhalt
31121;Statistik der Baufertigstellungen;JAHR;Jahr;2025;DLAND;Bundesländer;01;Schleswig-Holstein;BAUGB2;Gebäudeart;GBD-W-NW;Wohn- und Nichtwohngebäude;GSSZL1;Geschosszahl;VOLLGSS-03;3 Vollgeschosse;149;1000 qm;FLC002;Nutzfläche
31121;Statistik der Baufertigstellungen;JAHR;Jahr;2025;DLAND;Bundesländer;15;Sachsen-Anhalt;BAUGB2;Gebäudeart;GBD-W;Wohngebäude;GSSZL1;Geschosszahl;VOLLGSS-06-07;6-7 Vollgeschosse;8;1000 qm;FLC014;Wohnfläche der Wohnungen
31121;Statistik der Baufertigstellungen;JAHR;Jahr;2025;DLAND;Bundesländer;15;Sachsen-Anhalt;BAUGB2;Gebäudeart;GBD-W;Wohngebäude;GSSZL1;Geschosszahl;VOLLGSS-06-07;6-7 Vollgeschosse;241;Anzahl;WOHN01;Wohnungen
31121;Statistik der Baufertigstellungen;JAHR;Jahr;2025;DLAND;Bundesländer;15;Sachsen-Anhalt;BAUGB2;Gebäudeart;GBD-W;Wohngebäude;GSSZL1;Geschosszahl;VOLLGSS-06-07;6-7 Vollgeschosse;4;Anzahl;BAU005;Neue Gebäude
31121;Statistik der Baufertigstellungen;JAHR;Jahr;2025;DLAND;Bundesländer;15;Sachsen-Anhalt;BAUGB2;Gebäudeart;GBD-W;Wohngebäude;GSSZL1;Geschosszahl;VOLLGSS-06-07;6-7 Vollgeschosse;8660;Tsd. EUR;VKB001;Veranschlagte Kosten des Bauwerks
31121;Statistik der Baufertigstellungen;JAHR;Jahr;2025;DLAND;Bundesländer;15;Sachsen-Anhalt;BAUGB2;Gebäudeart;GBD-W;Wohngebäude;GSSZL1;Geschosszahl;VOLLGSS-06-07;6-7 Vollgeschosse;39;1000 cbm;FLC003;Rauminhalt
31121;Statistik der Baufertigstellungen;JAHR;Jahr;2025;DLAND;Bundesländer;15;Sachsen-Anhalt;BAUGB2;Gebäudeart;GBD-W;Wohngebäude;GSSZL1;Geschosszahl;VOLLGSS-06-07;6-7 Vollgeschosse;3;1000 qm;FLC002;Nutzfläche
31121;Statistik der Baufertigstellungen;JAHR;Jahr;2025;DLAND;Bundesländer;03;Niedersachsen;BAUGB2;Gebäudeart;GBD-W;Wohngebäude;GSSZL1;Geschosszahl;VOLLGSS-04-05;4-5 Vollgeschosse;104;1000 qm;FLC014;Wohnfläche der Wohnungen
31121;Statistik der Baufertigstellungen;JAHR;Jahr;2025;DLAND;Bundesländer;03;Niedersachsen;BAUGB2;Gebäudeart;GBD-W;Wohngebäude;GSSZL1;Geschosszahl;VOLLGSS-04-05;4-5 Vollgeschosse;1545;Anzahl;WOHN01;Wohnungen
31121;Statistik der Baufertigstellungen;JAHR;Jahr;2025;DLAND;Bundesländer;03;Niedersachsen;BAUGB2;Gebäudeart;GBD-W;Wohngebäude;GSSZL1;Geschosszahl;VOLLGSS-04-05;4-5 Vollgeschosse;55;Anzahl;BAU005;Neue Gebäude
31121;Statistik der Baufertigstellungen;JAHR;Jahr;2025;DLAND;Bundesländer;03;Niedersachsen;BAUGB2;Gebäudeart;GBD-W;Wohngebäude;GSSZL1;Geschosszahl;VOLLGSS-04-05;4-5 Vollgeschosse;245519;Tsd. EUR;VKB001;Veranschlagte Kosten des Bauwerks
31121;Statistik der Baufertigstellungen;JAHR;Jahr;2025;DLAND;Bundesländer;03;Niedersachsen;BAUGB2;Gebäudeart;GBD-W;Wohngebäude;GSSZL1;Geschosszahl;VOLLGSS-04-05;4-5 Vollgeschosse;588;1000 cbm;FLC003;Rauminhalt
31121;Statistik der Baufertigstellungen;JAHR;Jahr;2025;DLAND;Bundesländer;03;Niedersachsen;BAUGB2;Gebäudeart;GBD-W;Wohngebäude;GSSZL1;Geschosszahl;VOLLGSS-04-05;4-5 Vollgeschosse;40;1000 qm;FLC002;Nutzfläche
31121;Statistik der Baufertigstellungen;JAHR;Jahr;2025;DLAND;Bundesländer;05;Nordrhein-Westfalen;BAUGB2;Gebäudeart;GBD-W-NW;Wohn- und Nichtwohngebäude;GSSZL1;Geschosszahl;VOLLGSS-13UM;13 und mehr Vollgeschosse;16;1000 qm;FLC014;Wohnfläche der Wohnungen
31121;Statistik der Baufertigstellungen;JAHR;Jahr;2025;DLAND;Bundesländer;05;Nordrhein-Westfalen;BAUGB2;Gebäudeart;GBD-W-NW;Wohn- und Nichtwohngebäude;GSSZL1;Geschosszahl;VOLLGSS-13UM;13 und mehr Vollgeschosse;155;Anzahl;WOHN01;Wohnungen
31121;Statistik der Baufertigstellungen;JAHR;Jahr;2025;DLAND;Bundesländer;05;Nordrhein-Westfalen;BAUGB2;Gebäudeart;GBD-W-NW;Wohn- und Nichtwohngebäude;GSSZL1;Geschosszahl;VOLLGSS-13UM;13 und mehr Vollgeschosse;3;Anzahl;BAU005;Neue Gebäude
31121;Statistik der Baufertigstellungen;JAHR;Jahr;2025;DLAND;Bundesländer;05;Nordrhein-Westfalen;BAUGB2;Gebäudeart;GBD-W-NW;Wohn- und Nichtwohngebäude;GSSZL1;Geschosszahl;VOLLGSS-13UM;13 und mehr Vollgeschosse;63443;Tsd. EUR;VKB001;Veranschlagte Kosten des Bauwerks
31121;Statistik der Baufertigstellungen;JAHR;Jahr;2025;DLAND;Bundesländer;05;Nordrhein-Westfalen;BAUGB2;Gebäudeart;GBD-W-NW;Wohn- und Nichtwohngebäude;GSSZL1;Geschosszahl;VOLLGSS-13UM;13 und mehr Vollgeschosse;217;1000 cbm;FLC003;Rauminhalt
31121;Statistik der Baufertigstellungen;JAHR;Jahr;2025;DLAND;Bundesländer;05;Nordrhein-Westfalen;BAUGB2;Gebäudeart;GBD-W-NW;Wohn- und Nichtwohngebäude;GSSZL1;Geschosszahl;VOLLGSS-13UM;13 und mehr Vollgeschosse;19;1000 qm;FLC002;Nutzfläche
31121;Statistik der Baufertigstellungen;JAHR;Jahr;2025;DLAND;Bundesländer;14;Sachsen;BAUGB2;Gebäudeart;GBD-W;Wohngebäude;GSSZL1;Geschosszahl;VOLLGSS-01;1 Vollgeschoss;83;1000 qm;FLC014;Wohnfläche der Wohnungen
31121;Statistik der Baufertigstellungen;JAHR;Jahr;2025;DLAND;Bundesländer;14;Sachsen;BAUGB2;Gebäudeart;GBD-W;Wohngebäude;GSSZL1;Geschosszahl;VOLLGSS-01;1 Vollgeschoss;675;Anzahl;WOHN01;Wohnungen
31121;Statistik der Baufertigstellungen;JAHR;Jahr;2025;DLAND;Bundesländer;14;Sachsen;BAUGB2;Gebäudeart;GBD-W;Wohngebäude;GSSZL1;Geschosszahl;VOLLGSS-01;1 Vollgeschoss;643;Anzahl;BAU005;Neue Gebäude
31121;Statistik der Baufertigstellungen;JAHR;Jahr;2025;DLAND;Bundesländer;14;Sachsen;BAUGB2;Gebäudeart;GBD-W;Wohngebäude;GSSZL1;Geschosszahl;VOLLGSS-01;1 Vollgeschoss;170784;Tsd. EUR;VKB001;Veranschlagte Kosten des Bauwerks
31121;Statistik der Baufertigstellungen;JAHR;Jahr;2025;DLAND;Bundesländer;14;Sachsen;BAUGB2;Gebäudeart;GBD-W;Wohngebäude;GSSZL1;Geschosszahl;VOLLGSS-01;1 Vollgeschoss;443;1000 cbm;FLC003;Rauminhalt
31121;Statistik der Baufertigstellungen;JAHR;Jahr;2025;DLAND;Bundesländer;14;Sachsen;BAUGB2;Gebäudeart;GBD-W;Wohngebäude;GSSZL1;Geschosszahl;VOLLGSS-01;1 Vollgeschoss;14;1000 qm;FLC002;Nutzfläche
31121;Statistik der Baufertigstellungen;JAHR;Jahr;2025;DLAND;Bundesländer;06;Hessen;BAUGB2;Gebäudeart;GBD-W;Wohngebäude;GSSZL1;Geschosszahl;VOLLGSS-06-07;6-7 Vollgeschosse;163;1000 qm;FLC014;Wohnfläche der Wohnungen
31121;Statistik der Baufertigstellungen;JAHR;Jahr;2025;DLAND;Bundesländer;06;Hessen;BAUGB2;Gebäudeart;GBD-W;Wohngebäude;GSSZL1;Geschosszahl;VOLLGSS-06-07;6-7 Vollgeschosse;2359;Anzahl;WOHN01;Wohnungen
31121;Statistik der Baufertigstellungen;JAHR;Jahr;2025;DLAND;Bundesländer;06;Hessen;BAUGB2;Gebäudeart;GBD-W;Wohngebäude;GSSZL1;Geschosszahl;VOLLGSS-06-07;6-7 Vollgeschosse;73;Anzahl;BAU005;Neue Gebäude
31121;Statistik der Baufertigstellungen;JAHR;Jahr;2025;DLAND;Bundesländer;06;Hessen;BAUGB2;Gebäudeart;GBD-W;Wohngebäude;GSSZL1;Geschosszahl;VOLLGSS-06-07;6-7 Vollgeschosse;332001;Tsd. EUR;VKB001;Veranschlagte Kosten des Bauwerks
31121;Statistik der Baufertigstellungen;JAHR;Jahr;2025;DLAND;Bundesländer;06;Hessen;BAUGB2;Gebäudeart;GBD-W;Wohngebäude;GSSZL1;Geschosszahl;VOLLGSS-06-07;6-7 Vollgeschosse;900;1000 cbm;FLC003;Rauminhalt
31121;Statistik der Baufertigstellungen;JAHR;Jahr;2025;DLAND;Bundesländer;06;Hessen;BAUGB2;Gebäudeart;GBD-W;Wohngebäude;GSSZL1;Geschosszahl;VOLLGSS-06-07;6-7 Vollgeschosse;36;1000 qm;FLC002;Nutzfläche
31121;Statistik der Baufertigstellungen;JAHR;Jahr;2025;DLAND;Bundesländer;03;Niedersachsen;BAUGB2;Gebäudeart;GBD-W-NW;Wohn- und Nichtwohngebäude;GSSZL1;Geschosszahl;VOLLGSS-04-05;4-5 Vollgeschosse;104;1000 qm;FLC014;Wohnfläche der Wohnungen
31121;Statistik der Baufertigstellungen;JAHR;Jahr;2025;DLAND;Bundesländer;03;Niedersachsen;BAUGB2;Gebäudeart;GBD-W-NW;Wohn- und Nichtwohngebäude;GSSZL1;Geschosszahl;VOLLGSS-04-05;4-5 Vollgeschosse;1551;Anzahl;WOHN01;Wohnungen
31121;Statistik der Baufertigstellungen;JAHR;Jahr;2025;DLAND;Bundesländer;03;Niedersachsen;BAUGB2;Gebäudeart;GBD-W-NW;Wohn- und Nichtwohngebäude;GSSZL1;Geschosszahl;VOLLGSS-04-05;4-5 Vollgeschosse;73;Anzahl;BAU005;Neue Gebäude
31121;Statistik der Baufertigstellungen;JAHR;Jahr;2025;DLAND;Bundesländer;03;Niedersachsen;BAUGB2;Gebäudeart;GBD-W-NW;Wohn- und Nichtwohngebäude;GSSZL1;Geschosszahl;VOLLGSS-04-05;4-5 Vollgeschosse;380477;Tsd. EUR;VKB001;Veranschlagte Kosten des Bauwerks
31121;Statistik der Baufertigstellungen;JAHR;Jahr;2025;DLAND;Bundesländer;03;Niedersachsen;BAUGB2;Gebäudeart;GBD-W-NW;Wohn- und Nichtwohngebäude;GSSZL1;Geschosszahl;VOLLGSS-04-05;4-5 Vollgeschosse;1068;1000 cbm;FLC003;Rauminhalt
31121;Statistik der Baufertigstellungen;JAHR;Jahr;2025;DLAND;Bundesländer;03;Niedersachsen;BAUGB2;Gebäudeart;GBD-W-NW;Wohn- und Nichtwohngebäude;GSSZL1;Geschosszahl;VOLLGSS-04-05;4-5 Vollgeschosse;118;1000 qm;FLC002;Nutzfläche
31121;Statistik der Baufertigstellungen;JAHR;Jahr;2025;DLAND;Bundesländer;14;Sachsen;BAUGB2;Gebäudeart;GBD-W-NW;Wohn- und Nichtwohngebäude;GSSZL1;Geschosszahl;VOLLGSS-08-12;8-12 Vollgeschosse;-;1000 qm;FLC014;Wohnfläche der Wohnungen
31121;Statistik der Baufertigstellungen;JAHR;Jahr;2025;DLAND;Bundesländer;14;Sachsen;BAUGB2;Gebäudeart;GBD-W-NW;Wohn- und Nichtwohngebäude;GSSZL1;Geschosszahl;VOLLGSS-08-12;8-12 Vollgeschosse;-;Anzahl;WOHN01;Wohnungen
31121;Statistik der Baufertigstellungen;JAHR;Jahr;2025;DLAND;Bundesländer;14;Sachsen;BAUGB2;Gebäudeart;GBD-W-NW;Wohn- und Nichtwohngebäude;GSSZL1;Geschosszahl;VOLLGSS-08-12;8-12 Vollgeschosse;3;Anzahl;BAU005;Neue Gebäude
31121;Statistik der Baufertigstellungen;JAHR;Jahr;2025;DLAND;Bundesländer;14;Sachsen;BAUGB2;Gebäudeart;GBD-W-NW;Wohn- und Nichtwohngebäude;GSSZL1;Geschosszahl;VOLLGSS-08-12;8-12 Vollgeschosse;116757;Tsd. EUR;VKB001;Veranschlagte Kosten des Bauwerks
31121;Statistik der Baufertigstellungen;JAHR;Jahr;2025;DLAND;Bundesländer;14;Sachsen;BAUGB2;Gebäudeart;GBD-W-NW;Wohn- und Nichtwohngebäude;GSSZL1;Geschosszahl;VOLLGSS-08-12;8-12 Vollgeschosse;186;1000 cbm;FLC003;Rauminhalt
31121;Statistik der Baufertigstellungen;JAHR;Jahr;2025;DLAND;Bundesländer;14;Sachsen;BAUGB2;Gebäudeart;GBD-W-NW;Wohn- und Nichtwohngebäude;GSSZL1;Geschosszahl;VOLLGSS-08-12;8-12 Vollgeschosse;27;1000 qm;FLC002;Nutzfläche
31121;Statistik der Baufertigstellungen;JAHR;Jahr;2025;DLAND;Bundesländer;16;Thüringen;BAUGB2;Gebäudeart;GBD-NW;Nichtwohngebäude;GSSZL1;Geschosszahl;VOLLGSS-08-12;8-12 Vollgeschosse;-;1000 qm;FLC014;Wohnfläche der Wohnungen
31121;Statistik der Baufertigstellungen;JAHR;Jahr;2025;DLAND;Bundesländer;16;Thüringen;BAUGB2;Gebäudeart;GBD-NW;Nichtwohngebäude;GSSZL1;Geschosszahl;VOLLGSS-08-12;8-12 Vollgeschosse;-;Anzahl;WOHN01;Wohnungen
31121;Statistik der Baufertigstellungen;JAHR;Jahr;2025;DLAND;Bundesländer;16;Thüringen;BAUGB2;Gebäudeart;GBD-NW;Nichtwohngebäude;GSSZL1;Geschosszahl;VOLLGSS-08-12;8-12 Vollgeschosse;-;Anzahl;BAU005;Neue Gebäude
31121;Statistik der Baufertigstellungen;JAHR;Jahr;2025;DLAND;Bundesländer;16;Thüringen;BAUGB2;Gebäudeart;GBD-NW;Nichtwohngebäude;GSSZL1;Geschosszahl;VOLLGSS-08-12;8-12 Vollgeschosse;-;Tsd. EUR;VKB001;Veranschlagte Kosten des Bauwerks
31121;Statistik der Baufertigstellungen;JAHR;Jahr;2025;DLAND;Bundesländer;16;Thüringen;BAUGB2;Gebäudeart;GBD-NW;Nichtwohngebäude;GSSZL1;Geschosszahl;VOLLGSS-08-12;8-12 Vollgeschosse;-;1000 cbm;FLC003;Rauminhalt
31121;Statistik der Baufertigstellungen;JAHR;Jahr;2025;DLAND;Bundesländer;16;Thüringen;BAUGB2;Gebäudeart;GBD-NW;Nichtwohngebäude;GSSZL1;Geschosszahl;VOLLGSS-08-12;8-12 Vollgeschosse;-;1000 qm;FLC002;Nutzfläche
31121;Statistik der Baufertigstellungen;JAHR;Jahr;2025;DLAND;Bundesländer;12;Brandenburg;BAUGB2;Gebäudeart;GBD-W;Wohngebäude;GSSZL1;Geschosszahl;VOLLGSS-03;3 Vollgeschosse;96;1000 qm;FLC014;Wohnfläche der Wohnungen
31121;Statistik der Baufertigstellungen;JAHR;Jahr;2025;DLAND;Bundesländer;12;Brandenburg;BAUGB2;Gebäudeart;GBD-W;Wohngebäude;GSSZL1;Geschosszahl;VOLLGSS-03;3 Vollgeschosse;1022;Anzahl;WOHN01;Wohnungen
31121;Statistik der Baufertigstellungen;JAHR;Jahr;2025;DLAND;Bundesländer;12;Brandenburg;BAUGB2;Gebäudeart;GBD-W;Wohngebäude;GSSZL1;Geschosszahl;VOLLGSS-03;3 Vollgeschosse;340;Anzahl;BAU005;Neue Gebäude
31121;Statistik der Baufertigstellungen;JAHR;Jahr;2025;DLAND;Bundesländer;12;Brandenburg;BAUGB2;Gebäudeart;GBD-W;Wohngebäude;GSSZL1;Geschosszahl;VOLLGSS-03;3 Vollgeschosse;168647;Tsd. EUR;VKB001;Veranschlagte Kosten des Bauwerks
31121;Statistik der Baufertigstellungen;JAHR;Jahr;2025;DLAND;Bundesländer;12;Brandenburg;BAUGB2;Gebäudeart;GBD-W;Wohngebäude;GSSZL1;Geschosszahl;VOLLGSS-03;3 Vollgeschosse;456;1000 cbm;FLC003;Rauminhalt
31121;Statistik der Baufertigstellungen;JAHR;Jahr;2025;DLAND;Bundesländer;12;Brandenburg;BAUGB2;Gebäudeart;GBD-W;Wohngebäude;GSSZL1;Geschosszahl;VOLLGSS-03;3 Vollgeschosse;18;1000 qm;FLC002;Nutzfläche
31121;Statistik der Baufertigstellungen;JAHR;Jahr;2025;DLAND;Bundesländer;04;Bremen;BAUGB2;Gebäudeart;GBD-W;Wohngebäude;GSSZL1;Geschosszahl;VOLLGSS-13UM;13 und mehr Vollgeschosse;-;1000 qm;FLC014;Wohnfläche der Wohnungen
31121;Statistik der Baufertigstellungen;JAHR;Jahr;2025;DLAND;Bundesländer;04;Bremen;BAUGB2;Gebäudeart;GBD-W;Wohngebäude;GSSZL1;Geschosszahl;VOLLGSS-13UM;13 und mehr Vollgeschosse;-;Anzahl;WOHN01;Wohnungen
31121;Statistik der Baufertigstellungen;JAHR;Jahr;2025;DLAND;Bundesländer;04;Bremen;BAUGB2;Gebäudeart;GBD-W;Wohngebäude;GSSZL1;Geschosszahl;VOLLGSS-13UM;13 und mehr Vollgeschosse;-;Anzahl;BAU005;Neue Gebäude
31121;Statistik der Baufertigstellungen;JAHR;Jahr;2025;DLAND;Bundesländer;04;Bremen;BAUGB2;Gebäudeart;GBD-W;Wohngebäude;GSSZL1;Geschosszahl;VOLLGSS-13UM;13 und mehr Vollgeschosse;-;Tsd. EUR;VKB001;Veranschlagte Kosten des Bauwerks
31121;Statistik der Baufertigstellungen;JAHR;Jahr;2025;DLAND;Bundesländer;04;Bremen;BAUGB2;Gebäudeart;GBD-W;Wohngebäude;GSSZL1;Geschosszahl;VOLLGSS-13UM;13 und mehr Vollgeschosse;-;1000 cbm;FLC003;Rauminhalt
31121;Statistik der Baufertigstellungen;JAHR;Jahr;2025;DLAND;Bundesländer;04;Bremen;BAUGB2;Gebäudeart;GBD-W;Wohngebäude;GSSZL1;Geschosszahl;VOLLGSS-13UM;13 und mehr Vollgeschosse;-;1000 qm;FLC002;Nutzfläche
31121;Statistik der Baufertigstellungen;JAHR;Jahr;2025;DLAND;Bundesländer;13;Mecklenburg-Vorpommern;BAUGB2;Gebäudeart;GBD-W-NW;Wohn- und Nichtwohngebäude;GSSZL1;Geschosszahl;VOLLGSS-02;2 Vollgeschosse;73;1000 qm;FLC014;Wohnfläche der Wohnungen
31121;Statistik der Baufertigstellungen;JAHR;Jahr;2025;DLAND;Bundesländer;13;Mecklenburg-Vorpommern;BAUGB2;Gebäudeart;GBD-W-NW;Wohn- und Nichtwohngebäude;GSSZL1;Geschosszahl;VOLLGSS-02;2 Vollgeschosse;738;Anzahl;WOHN01;Wohnungen
31121;Statistik der Baufertigstellungen;JAHR;Jahr;2025;DLAND;Bundesländer;13;Mecklenburg-Vorpommern;BAUGB2;Gebäudeart;GBD-W-NW;Wohn- und Nichtwohngebäude;GSSZL1;Geschosszahl;VOLLGSS-02;2 Vollgeschosse;371;Anzahl;BAU005;Neue Gebäude
31121;Statistik der Baufertigstellungen;JAHR;Jahr;2025;DLAND;Bundesländer;13;Mecklenburg-Vorpommern;BAUGB2;Gebäudeart;GBD-W-NW;Wohn- und Nichtwohngebäude;GSSZL1;Geschosszahl;VOLLGSS-02;2 Vollgeschosse;228018;Tsd. EUR;VKB001;Veranschlagte Kosten des Bauwerks
31121;Statistik der Baufertigstellungen;JAHR;Jahr;2025;DLAND;Bundesländer;13;Mecklenburg-Vorpommern;BAUGB2;Gebäudeart;GBD-W-NW;Wohn- und Nichtwohngebäude;GSSZL1;Geschosszahl;VOLLGSS-02;2 Vollgeschosse;634;1000 cbm;FLC003;Rauminhalt
31121;Statistik der Baufertigstellungen;JAHR;Jahr;2025;DLAND;Bundesländer;13;Mecklenburg-Vorpommern;BAUGB2;Gebäudeart;GBD-W-NW;Wohn- und Nichtwohngebäude;GSSZL1;Geschosszahl;VOLLGSS-02;2 Vollgeschosse;60;1000 qm;FLC002;Nutzfläche
31121;Statistik der Baufertigstellungen;JAHR;Jahr;2025;DLAND;Bundesländer;10;Saarland;BAUGB2;Gebäudeart;GBD-W;Wohngebäude;GSSZL1;Geschosszahl;VOLLGSS-01;1 Vollgeschoss;11;1000 qm;FLC014;Wohnfläche der Wohnungen
31121;Statistik der Baufertigstellungen;JAHR;Jahr;2025;DLAND;Bundesländer;10;Saarland;BAUGB2;Gebäudeart;GBD-W;Wohngebäude;GSSZL1;Geschosszahl;VOLLGSS-01;1 Vollgeschoss;81;Anzahl;WOHN01;Wohnungen
31121;Statistik der Baufertigstellungen;JAHR;Jahr;2025;DLAND;Bundesländer;10;Saarland;BAUGB2;Gebäudeart;GBD-W;Wohngebäude;GSSZL1;Geschosszahl;VOLLGSS-01;1 Vollgeschoss;73;Anzahl;BAU005;Neue Gebäude
31121;Statistik der Baufertigstellungen;JAHR;Jahr;2025;DLAND;Bundesländer;10;Saarland;BAUGB2;Gebäudeart;GBD-W;Wohngebäude;GSSZL1;Geschosszahl;VOLLGSS-01;1 Vollgeschoss;26283;Tsd. EUR;VKB001;Veranschlagte Kosten des Bauwerks
31121;Statistik der Baufertigstellungen;JAHR;Jahr;2025;DLAND;Bundesländer;10;Saarland;BAUGB2;Gebäudeart;GBD-W;Wohngebäude;GSSZL1;Geschosszahl;VOLLGSS-01;1 Vollgeschoss;62;1000 cbm;FLC003;Rauminhalt
31121;Statistik der Baufertigstellungen;JAHR;Jahr;2025;DLAND;Bundesländer;10;Saarland;BAUGB2;Gebäudeart;GBD-W;Wohngebäude;GSSZL1;Geschosszahl;VOLLGSS-01;1 Vollgeschoss;2;1000 qm;FLC002;Nutzfläche
31121;Statistik der Baufertigstellungen;JAHR;Jahr;2025;DLAND;Bundesländer;06;Hessen;BAUGB2;Gebäudeart;GBD-W;Wohngebäude;GSSZL1;Geschosszahl;VOLLGSS-13UM;13 und mehr Vollgeschosse;23;1000 qm;FLC014;Wohnfläche der Wohnungen
31121;Statistik der Baufertigstellungen;JAHR;Jahr;2025;DLAND;Bundesländer;06;Hessen;BAUGB2;Gebäudeart;GBD-W;Wohngebäude;GSSZL1;Geschosszahl;VOLLGSS-13UM;13 und mehr Vollgeschosse;228;Anzahl;WOHN01;Wohnungen
31121;Statistik der Baufertigstellungen;JAHR;Jahr;2025;DLAND;Bundesländer;06;Hessen;BAUGB2;Gebäudeart;GBD-W;Wohngebäude;GSSZL1;Geschosszahl;VOLLGSS-13UM;13 und mehr Vollgeschosse;3;Anzahl;BAU005;Neue Gebäude
31121;Statistik der Baufertigstellungen;JAHR;Jahr;2025;DLAND;Bundesländer;06;Hessen;BAUGB2;Gebäudeart;GBD-W;Wohngebäude;GSSZL1;Geschosszahl;VOLLGSS-13UM;13 und mehr Vollgeschosse;51285;Tsd. EUR;VKB001;Veranschlagte Kosten des Bauwerks
31121;Statistik der Baufertigstellungen;JAHR;Jahr;2025;DLAND;Bundesländer;06;Hessen;BAUGB2;Gebäudeart;GBD-W;Wohngebäude;GSSZL1;Geschosszahl;VOLLGSS-13UM;13 und mehr Vollgeschosse;128;1000 cbm;FLC003;Rauminhalt
31121;Statistik der Baufertigstellungen;JAHR;Jahr;2025;DLAND;Bundesländer;06;Hessen;BAUGB2;Gebäudeart;GBD-W;Wohngebäude;GSSZL1;Geschosszahl;VOLLGSS-13UM;13 und mehr Vollgeschosse;5;1000 qm;FLC002;Nutzfläche
31121;Statistik der Baufertigstellungen;JAHR;Jahr;2025;DLAND;Bundesländer;15;Sachsen-Anhalt;BAUGB2;Gebäudeart;GBD-W-NW;Wohn- und Nichtwohngebäude;GSSZL1;Geschosszahl;VOLLGSS-13UM;13 und mehr Vollgeschosse;-;1000 qm;FLC014;Wohnfläche der Wohnungen
31121;Statistik der Baufertigstellungen;JAHR;Jahr;2025;DLAND;Bundesländer;15;Sachsen-Anhalt;BAUGB2;Gebäudeart;GBD-W-NW;Wohn- und Nichtwohngebäude;GSSZL1;Geschosszahl;VOLLGSS-13UM;13 und mehr Vollgeschosse;-;Anzahl;WOHN01;Wohnungen
31121;Statistik der Baufertigstellungen;JAHR;Jahr;2025;DLAND;Bundesländer;15;Sachsen-Anhalt;BAUGB2;Gebäudeart;GBD-W-NW;Wohn- und Nichtwohngebäude;GSSZL1;Geschosszahl;VOLLGSS-13UM;13 und mehr Vollgeschosse;-;Anzahl;BAU005;Neue Gebäude
31121;Statistik der Baufertigstellungen;JAHR;Jahr;2025;DLAND;Bundesländer;15;Sachsen-Anhalt;BAUGB2;Gebäudeart;GBD-W-NW;Wohn- und Nichtwohngebäude;GSSZL1;Geschosszahl;VOLLGSS-13UM;13 und mehr Vollgeschosse;-;Tsd. EUR;VKB001;Veranschlagte Kosten des Bauwerks
31121;Statistik der Baufertigstellungen;JAHR;Jahr;2025;DLAND;Bundesländer;15;Sachsen-Anhalt;BAUGB2;Gebäudeart;GBD-W-NW;Wohn- und Nichtwohngebäude;GSSZL1;Geschosszahl;VOLLGSS-13UM;13 und mehr Vollgeschosse;-;1000 cbm;FLC003;Rauminhalt
31121;Statistik der Baufertigstellungen;JAHR;Jahr;2025;DLAND;Bundesländer;15;Sachsen-Anhalt;BAUGB2;Gebäudeart;GBD-W-NW;Wohn- und Nichtwohngebäude;GSSZL1;Geschosszahl;VOLLGSS-13UM;13 und mehr Vollgeschosse;-;1000 qm;FLC002;Nutzfläche
31121;Statistik der Baufertigstellungen;JAHR;Jahr;2025;DLAND;Bundesländer;15;Sachsen-Anhalt;BAUGB2;Gebäudeart;GBD-W-NW;Wohn- und Nichtwohngebäude;GSSZL1;Geschosszahl;VOLLGSS-01;1 Vollgeschoss;75;1000 qm;FLC014;Wohnfläche der Wohnungen
31121;Statistik der Baufertigstellungen;JAHR;Jahr;2025;DLAND;Bundesländer;15;Sachsen-Anhalt;BAUGB2;Gebäudeart;GBD-W-NW;Wohn- und Nichtwohngebäude;GSSZL1;Geschosszahl;VOLLGSS-01;1 Vollgeschoss;668;Anzahl;WOHN01;Wohnungen
31121;Statistik der Baufertigstellungen;JAHR;Jahr;2025;DLAND;Bundesländer;15;Sachsen-Anhalt;BAUGB2;Gebäudeart;GBD-W-NW;Wohn- und Nichtwohngebäude;GSSZL1;Geschosszahl;VOLLGSS-01;1 Vollgeschoss;885;Anzahl;BAU005;Neue Gebäude
31121;Statistik der Baufertigstellungen;JAHR;Jahr;2025;DLAND;Bundesländer;15;Sachsen-Anhalt;BAUGB2;Gebäudeart;GBD-W-NW;Wohn- und Nichtwohngebäude;GSSZL1;Geschosszahl;VOLLGSS-01;1 Vollgeschoss;472142;Tsd. EUR;VKB001;Veranschlagte Kosten des Bauwerks
31121;Statistik der Baufertigstellungen;JAHR;Jahr;2025;DLAND;Bundesländer;15;Sachsen-Anhalt;BAUGB2;Gebäudeart;GBD-W-NW;Wohn- und Nichtwohngebäude;GSSZL1;Geschosszahl;VOLLGSS-01;1 Vollgeschoss;4845;1000 cbm;FLC003;Rauminhalt
31121;Statistik der Baufertigstellungen;JAHR;Jahr;2025;DLAND;Bundesländer;15;Sachsen-Anhalt;BAUGB2;Gebäudeart;GBD-W-NW;Wohn- und Nichtwohngebäude;GSSZL1;Geschosszahl;VOLLGSS-01;1 Vollgeschoss;444;1000 qm;FLC002;Nutzfläche
31121;Statistik der Baufertigstellungen;JAHR;Jahr;2025;DLAND;Bundesländer;11;Berlin;BAUGB2;Gebäudeart;GBD-W;Wohngebäude;GSSZL1;Geschosszahl;VOLLGSS-03;3 Vollgeschosse;62;1000 qm;FLC014;Wohnfläche der Wohnungen
31121;Statistik der Baufertigstellungen;JAHR;Jahr;2025;DLAND;Bundesländer;11;Berlin;BAUGB2;Gebäudeart;GBD-W;Wohngebäude;GSSZL1;Geschosszahl;VOLLGSS-03;3 Vollgeschosse;706;Anzahl;WOHN01;Wohnungen
31121;Statistik der Baufertigstellungen;JAHR;Jahr;2025;DLAND;Bundesländer;11;Berlin;BAUGB2;Gebäudeart;GBD-W;Wohngebäude;GSSZL1;Geschosszahl;VOLLGSS-03;3 Vollgeschosse;118;Anzahl;BAU005;Neue Gebäude
31121;Statistik der Baufertigstellungen;JAHR;Jahr;2025;DLAND;Bundesländer;11;Berlin;BAUGB2;Gebäudeart;GBD-W;Wohngebäude;GSSZL1;Geschosszahl;VOLLGSS-03;3 Vollgeschosse;143685;Tsd. EUR;VKB001;Veranschlagte Kosten des Bauwerks
31121;Statistik der Baufertigstellungen;JAHR;Jahr;2025;DLAND;Bundesländer;11;Berlin;BAUGB2;Gebäudeart;GBD-W;Wohngebäude;GSSZL1;Geschosszahl;VOLLGSS-03;3 Vollgeschosse;316;1000 cbm;FLC003;Rauminhalt
31121;Statistik der Baufertigstellungen;JAHR;Jahr;2025;DLAND;Bundesländer;11;Berlin;BAUGB2;Gebäudeart;GBD-W;Wohngebäude;GSSZL1;Geschosszahl;VOLLGSS-03;3 Vollgeschosse;12;1000 qm;FLC002;Nutzfläche
31121;Statistik der Baufertigstellungen;JAHR;Jahr;2025;DLAND;Bundesländer;04;Bremen;BAUGB2;Gebäudeart;GBD-NW;Nichtwohngebäude;GSSZL1;Geschosszahl;VOLLGSS-08-12;8-12 Vollgeschosse;-;1000 qm;FLC014;Wohnfläche der Wohnungen
31121;Statistik der Baufertigstellungen;JAHR;Jahr;2025;DLAND;Bundesländer;04;Bremen;BAUGB2;Gebäudeart;GBD-NW;Nichtwohngebäude;GSSZL1;Geschosszahl;VOLLGSS-08-12;8-12 Vollgeschosse;-;Anzahl;WOHN01;Wohnungen
31121;Statistik der Baufertigstellungen;JAHR;Jahr;2025;DLAND;Bundesländer;04;Bremen;BAUGB2;Gebäudeart;GBD-NW;Nichtwohngebäude;GSSZL1;Geschosszahl;VOLLGSS-08-12;8-12 Vollgeschosse;1;Anzahl;BAU005;Neue Gebäude
31121;Statistik der Baufertigstellungen;JAHR;Jahr;2025;DLAND;Bundesländer;04;Bremen;BAUGB2;Gebäudeart;GBD-NW;Nichtwohngebäude;GSSZL1;Geschosszahl;VOLLGSS-08-12;8-12 Vollgeschosse;11550;Tsd. EUR;VKB001;Veranschlagte Kosten des Bauwerks
31121;Statistik der Baufertigstellungen;JAHR;Jahr;2025;DLAND;Bundesländer;04;Bremen;BAUGB2;Gebäudeart;GBD-NW;Nichtwohngebäude;GSSZL1;Geschosszahl;VOLLGSS-08-12;8-12 Vollgeschosse;22;1000 cbm;FLC003;Rauminhalt
31121;Statistik der Baufertigstellungen;JAHR;Jahr;2025;DLAND;Bundesländer;04;Bremen;BAUGB2;Gebäudeart;GBD-NW;Nichtwohngebäude;GSSZL1;Geschosszahl;VOLLGSS-08-12;8-12 Vollgeschosse;6;1000 qm;FLC002;Nutzfläche
31121;Statistik der Baufertigstellungen;JAHR;Jahr;2025;DLAND;Bundesländer;13;Mecklenburg-Vorpommern;BAUGB2;Gebäudeart;GBD-W;Wohngebäude;GSSZL1;Geschosszahl;VOLLGSS-08-12;8-12 Vollgeschosse;4;1000 qm;FLC014;Wohnfläche der Wohnungen
31121;Statistik der Baufertigstellungen;JAHR;Jahr;2025;DLAND;Bundesländer;13;Mecklenburg-Vorpommern;BAUGB2;Gebäudeart;GBD-W;Wohngebäude;GSSZL1;Geschosszahl;VOLLGSS-08-12;8-12 Vollgeschosse;62;Anzahl;WOHN01;Wohnungen
31121;Statistik der Baufertigstellungen;JAHR;Jahr;2025;DLAND;Bundesländer;13;Mecklenburg-Vorpommern;BAUGB2;Gebäudeart;GBD-W;Wohngebäude;GSSZL1;Geschosszahl;VOLLGSS-08-12;8-12 Vollgeschosse;1;Anzahl;BAU005;Neue Gebäude
31121;Statistik der Baufertigstellungen;JAHR;Jahr;2025;DLAND;Bundesländer;13;Mecklenburg-Vorpommern;BAUGB2;Gebäudeart;GBD-W;Wohngebäude;GSSZL1;Geschosszahl;VOLLGSS-08-12;8-12 Vollgeschosse;11966;Tsd. EUR;VKB001;Veranschlagte Kosten des Bauwerks
31121;Statistik der Baufertigstellungen;JAHR;Jahr;2025;DLAND;Bundesländer;13;Mecklenburg-Vorpommern;BAUGB2;Gebäudeart;GBD-W;Wohngebäude;GSSZL1;Geschosszahl;VOLLGSS-08-12;8-12 Vollgeschosse;24;1000 cbm;FLC003;Rauminhalt
31121;Statistik der Baufertigstellungen;JAHR;Jahr;2025;DLAND;Bundesländer;13;Mecklenburg-Vorpommern;BAUGB2;Gebäudeart;GBD-W;Wohngebäude;GSSZL1;Geschosszahl;VOLLGSS-08-12;8-12 Vollgeschosse;1;1000 qm;FLC002;Nutzfläche
31121;Statistik der Baufertigstellungen;JAHR;Jahr;2025;DLAND;Bundesländer;06;Hessen;BAUGB2;Gebäudeart;GBD-NW;Nichtwohngebäude;GSSZL1;Geschosszahl;VOLLGSS-06-07;6-7 Vollgeschosse;1;1000 qm;FLC014;Wohnfläche der Wohnungen
31121;Statistik der Baufertigstellungen;JAHR;Jahr;2025;DLAND;Bundesländer;06;Hessen;BAUGB2;Gebäudeart;GBD-NW;Nichtwohngebäude;GSSZL1;Geschosszahl;VOLLGSS-06-07;6-7 Vollgeschosse;15;Anzahl;WOHN01;Wohnungen
31121;Statistik der Baufertigstellungen;JAHR;Jahr;2025;DLAND;Bundesländer;06;Hessen;BAUGB2;Gebäudeart;GBD-NW;Nichtwohngebäude;GSSZL1;Geschosszahl;VOLLGSS-06-07;6-7 Vollgeschosse;9;Anzahl;BAU005;Neue Gebäude
31121;Statistik der Baufertigstellungen;JAHR;Jahr;2025;DLAND;Bundesländer;06;Hessen;BAUGB2;Gebäudeart;GBD-NW;Nichtwohngebäude;GSSZL1;Geschosszahl;VOLLGSS-06-07;6-7 Vollgeschosse;147135;Tsd. EUR;VKB001;Veranschlagte Kosten des Bauwerks
31121;Statistik der Baufertigstellungen;JAHR;Jahr;2025;DLAND;Bundesländer;06;Hessen;BAUGB2;Gebäudeart;GBD-NW;Nichtwohngebäude;GSSZL1;Geschosszahl;VOLLGSS-06-07;6-7 Vollgeschosse;291;1000 cbm;FLC003;Rauminhalt
31121;Statistik der Baufertigstellungen;JAHR;Jahr;2025;DLAND;Bundesländer;06;Hessen;BAUGB2;Gebäudeart;GBD-NW;Nichtwohngebäude;GSSZL1;Geschosszahl;VOLLGSS-06-07;6-7 Vollgeschosse;39;1000 qm;FLC002;Nutzfläche
31121;Statistik der Baufertigstellungen;JAHR;Jahr;2025;DLAND;Bundesländer;08;Baden-Württemberg;BAUGB2;Gebäudeart;GBD-NW;Nichtwohngebäude;GSSZL1;Geschosszahl;VOLLGSS-04-05;4-5 Vollgeschosse;20;1000 qm;FLC014;Wohnfläche der Wohnungen
31121;Statistik der Baufertigstellungen;JAHR;Jahr;2025;DLAND;Bundesländer;08;Baden-Württemberg;BAUGB2;Gebäudeart;GBD-NW;Nichtwohngebäude;GSSZL1;Geschosszahl;VOLLGSS-04-05;4-5 Vollgeschosse;275;Anzahl;WOHN01;Wohnungen
31121;Statistik der Baufertigstellungen;JAHR;Jahr;2025;DLAND;Bundesländer;08;Baden-Württemberg;BAUGB2;Gebäudeart;GBD-NW;Nichtwohngebäude;GSSZL1;Geschosszahl;VOLLGSS-04-05;4-5 Vollgeschosse;119;Anzahl;BAU005;Neue Gebäude
31121;Statistik der Baufertigstellungen;JAHR;Jahr;2025;DLAND;Bundesländer;08;Baden-Württemberg;BAUGB2;Gebäudeart;GBD-NW;Nichtwohngebäude;GSSZL1;Geschosszahl;VOLLGSS-04-05;4-5 Vollgeschosse;1420687;Tsd. EUR;VKB001;Veranschlagte Kosten des Bauwerks
31121;Statistik der Baufertigstellungen;JAHR;Jahr;2025;DLAND;Bundesländer;08;Baden-Württemberg;BAUGB2;Gebäudeart;GBD-NW;Nichtwohngebäude;GSSZL1;Geschosszahl;VOLLGSS-04-05;4-5 Vollgeschosse;3487;1000 cbm;FLC003;Rauminhalt
31121;Statistik der Baufertigstellungen;JAHR;Jahr;2025;DLAND;Bundesländer;08;Baden-Württemberg;BAUGB2;Gebäudeart;GBD-NW;Nichtwohngebäude;GSSZL1;Geschosszahl;VOLLGSS-04-05;4-5 Vollgeschosse;598;1000 qm;FLC002;Nutzfläche
31121;Statistik der Baufertigstellungen;JAHR;Jahr;2025;DLAND;Bundesländer;12;Brandenburg;BAUGB2;Gebäudeart;GBD-W;Wohngebäude;GSSZL1;Geschosszahl;VOLLGSS-04-05;4-5 Vollgeschosse;108;1000 qm;FLC014;Wohnfläche der Wohnungen
31121;Statistik der Baufertigstellungen;JAHR;Jahr;2025;DLAND;Bundesländer;12;Brandenburg;BAUGB2;Gebäudeart;GBD-W;Wohngebäude;GSSZL1;Geschosszahl;VOLLGSS-04-05;4-5 Vollgeschosse;1754;Anzahl;WOHN01;Wohnungen
31121;Statistik der Baufertigstellungen;JAHR;Jahr;2025;DLAND;Bundesländer;12;Brandenburg;BAUGB2;Gebäudeart;GBD-W;Wohngebäude;GSSZL1;Geschosszahl;VOLLGSS-04-05;4-5 Vollgeschosse;87;Anzahl;BAU005;Neue Gebäude
31121;Statistik der Baufertigstellungen;JAHR;Jahr;2025;DLAND;Bundesländer;12;Brandenburg;BAUGB2;Gebäudeart;GBD-W;Wohngebäude;GSSZL1;Geschosszahl;VOLLGSS-04-05;4-5 Vollgeschosse;237728;Tsd. EUR;VKB001;Veranschlagte Kosten des Bauwerks
31121;Statistik der Baufertigstellungen;JAHR;Jahr;2025;DLAND;Bundesländer;12;Brandenburg;BAUGB2;Gebäudeart;GBD-W;Wohngebäude;GSSZL1;Geschosszahl;VOLLGSS-04-05;4-5 Vollgeschosse;590;1000 cbm;FLC003;Rauminhalt
31121;Statistik der Baufertigstellungen;JAHR;Jahr;2025;DLAND;Bundesländer;12;Brandenburg;BAUGB2;Gebäudeart;GBD-W;Wohngebäude;GSSZL1;Geschosszahl;VOLLGSS-04-05;4-5 Vollgeschosse;30;1000 qm;FLC002;Nutzfläche
31121;Statistik der Baufertigstellungen;JAHR;Jahr;2025;DLAND;Bundesländer;06;Hessen;BAUGB2;Gebäudeart;GBD-W-NW;Wohn- und Nichtwohngebäude;GSSZL1;Geschosszahl;VOLLGSS-01;1 Vollgeschoss;123;1000 qm;FLC014;Wohnfläche der Wohnungen
31121;Statistik der Baufertigstellungen;JAHR;Jahr;2025;DLAND;Bundesländer;06;Hessen;BAUGB2;Gebäudeart;GBD-W-NW;Wohn- und Nichtwohngebäude;GSSZL1;Geschosszahl;VOLLGSS-01;1 Vollgeschoss;907;Anzahl;WOHN01;Wohnungen
31121;Statistik der Baufertigstellungen;JAHR;Jahr;2025;DLAND;Bundesländer;06;Hessen;BAUGB2;Gebäudeart;GBD-W-NW;Wohn- und Nichtwohngebäude;GSSZL1;Geschosszahl;VOLLGSS-01;1 Vollgeschoss;1535;Anzahl;BAU005;Neue Gebäude
31121;Statistik der Baufertigstellungen;JAHR;Jahr;2025;DLAND;Bundesländer;06;Hessen;BAUGB2;Gebäudeart;GBD-W-NW;Wohn- und Nichtwohngebäude;GSSZL1;Geschosszahl;VOLLGSS-01;1 Vollgeschoss;951874;Tsd. EUR;VKB001;Veranschlagte Kosten des Bauwerks
31121;Statistik der Baufertigstellungen;JAHR;Jahr;2025;DLAND;Bundesländer;06;Hessen;BAUGB2;Gebäudeart;GBD-W-NW;Wohn- und Nichtwohngebäude;GSSZL1;Geschosszahl;VOLLGSS-01;1 Vollgeschoss;7022;1000 cbm;FLC003;Rauminhalt
31121;Statistik der Baufertigstellungen;JAHR;Jahr;2025;DLAND;Bundesländer;06;Hessen;BAUGB2;Gebäudeart;GBD-W-NW;Wohn- und Nichtwohngebäude;GSSZL1;Geschosszahl;VOLLGSS-01;1 Vollgeschoss;779;1000 qm;FLC002;Nutzfläche
31121;Statistik der Baufertigstellungen;JAHR;Jahr;2025;DLAND;Bundesländer;12;Brandenburg;BAUGB2;Gebäudeart;GBD-W;Wohngebäude;GSSZL1;Geschosszahl;VOLLGSS-13UM;13 und mehr Vollgeschosse;-;1000 qm;FLC014;Wohnfläche der Wohnungen
31121;Statistik der Baufertigstellungen;JAHR;Jahr;2025;DLAND;Bundesländer;12;Brandenburg;BAUGB2;Gebäudeart;GBD-W;Wohngebäude;GSSZL1;Geschosszahl;VOLLGSS-13UM;13 und mehr Vollgeschosse;-;Anzahl;WOHN01;Wohnungen
31121;Statistik der Baufertigstellungen;JAHR;Jahr;2025;DLAND;Bundesländer;12;Brandenburg;BAUGB2;Gebäudeart;GBD-W;Wohngebäude;GSSZL1;Geschosszahl;VOLLGSS-13UM;13 und mehr Vollgeschosse;-;Anzahl;BAU005;Neue Gebäude
31121;Statistik der Baufertigstellungen;JAHR;Jahr;2025;DLAND;Bundesländer;12;Brandenburg;BAUGB2;Gebäudeart;GBD-W;Wohngebäude;GSSZL1;Geschosszahl;VOLLGSS-13UM;13 und mehr Vollgeschosse;-;Tsd. EUR;VKB001;Veranschlagte Kosten des Bauwerks
31121;Statistik der Baufertigstellungen;JAHR;Jahr;2025;DLAND;Bundesländer;12;Brandenburg;BAUGB2;Gebäudeart;GBD-W;Wohngebäude;GSSZL1;Geschosszahl;VOLLGSS-13UM;13 und mehr Vollgeschosse;-;1000 cbm;FLC003;Rauminhalt
31121;Statistik der Baufertigstellungen;JAHR;Jahr;2025;DLAND;Bundesländer;12;Brandenburg;BAUGB2;Gebäudeart;GBD-W;Wohngebäude;GSSZL1;Geschosszahl;VOLLGSS-13UM;13 und mehr Vollgeschosse;-;1000 qm;FLC002;Nutzfläche
31121;Statistik der Baufertigstellungen;JAHR;Jahr;2025;DLAND;Bundesländer;04;Bremen;BAUGB2;Gebäudeart;GBD-W-NW;Wohn- und Nichtwohngebäude;GSSZL1;Geschosszahl;VOLLGSS-02;2 Vollgeschosse;26;1000 qm;FLC014;Wohnfläche der Wohnungen
31121;Statistik der Baufertigstellungen;JAHR;Jahr;2025;DLAND;Bundesländer;04;Bremen;BAUGB2;Gebäudeart;GBD-W-NW;Wohn- und Nichtwohngebäude;GSSZL1;Geschosszahl;VOLLGSS-02;2 Vollgeschosse;253;Anzahl;WOHN01;Wohnungen
31121;Statistik der Baufertigstellungen;JAHR;Jahr;2025;DLAND;Bundesländer;04;Bremen;BAUGB2;Gebäudeart;GBD-W-NW;Wohn- und Nichtwohngebäude;GSSZL1;Geschosszahl;VOLLGSS-02;2 Vollgeschosse;108;Anzahl;BAU005;Neue Gebäude
31121;Statistik der Baufertigstellungen;JAHR;Jahr;2025;DLAND;Bundesländer;04;Bremen;BAUGB2;Gebäudeart;GBD-W-NW;Wohn- und Nichtwohngebäude;GSSZL1;Geschosszahl;VOLLGSS-02;2 Vollgeschosse;89820;Tsd. EUR;VKB001;Veranschlagte Kosten des Bauwerks
31121;Statistik der Baufertigstellungen;JAHR;Jahr;2025;DLAND;Bundesländer;04;Bremen;BAUGB2;Gebäudeart;GBD-W-NW;Wohn- und Nichtwohngebäude;GSSZL1;Geschosszahl;VOLLGSS-02;2 Vollgeschosse;348;1000 cbm;FLC003;Rauminhalt
31121;Statistik der Baufertigstellungen;JAHR;Jahr;2025;DLAND;Bundesländer;04;Bremen;BAUGB2;Gebäudeart;GBD-W-NW;Wohn- und Nichtwohngebäude;GSSZL1;Geschosszahl;VOLLGSS-02;2 Vollgeschosse;51;1000 qm;FLC002;Nutzfläche
31121;Statistik der Baufertigstellungen;JAHR;Jahr;2025;DLAND;Bundesländer;01;Schleswig-Holstein;BAUGB2;Gebäudeart;GBD-W;Wohngebäude;GSSZL1;Geschosszahl;VOLLGSS-01;1 Vollgeschoss;257;1000 qm;FLC014;Wohnfläche der Wohnungen
31121;Statistik der Baufertigstellungen;JAHR;Jahr;2025;DLAND;Bundesländer;01;Schleswig-Holstein;BAUGB2;Gebäudeart;GBD-W;Wohngebäude;GSSZL1;Geschosszahl;VOLLGSS-01;1 Vollgeschoss;2294;Anzahl;WOHN01;Wohnungen
31121;Statistik der Baufertigstellungen;JAHR;Jahr;2025;DLAND;Bundesländer;01;Schleswig-Holstein;BAUGB2;Gebäudeart;GBD-W;Wohngebäude;GSSZL1;Geschosszahl;VOLLGSS-01;1 Vollgeschoss;1742;Anzahl;BAU005;Neue Gebäude
31121;Statistik der Baufertigstellungen;JAHR;Jahr;2025;DLAND;Bundesländer;01;Schleswig-Holstein;BAUGB2;Gebäudeart;GBD-W;Wohngebäude;GSSZL1;Geschosszahl;VOLLGSS-01;1 Vollgeschoss;577313;Tsd. EUR;VKB001;Veranschlagte Kosten des Bauwerks
31121;Statistik der Baufertigstellungen;JAHR;Jahr;2025;DLAND;Bundesländer;01;Schleswig-Holstein;BAUGB2;Gebäudeart;GBD-W;Wohngebäude;GSSZL1;Geschosszahl;VOLLGSS-01;1 Vollgeschoss;1303;1000 cbm;FLC003;Rauminhalt
31121;Statistik der Baufertigstellungen;JAHR;Jahr;2025;DLAND;Bundesländer;01;Schleswig-Holstein;BAUGB2;Gebäudeart;GBD-W;Wohngebäude;GSSZL1;Geschosszahl;VOLLGSS-01;1 Vollgeschoss;42;1000 qm;FLC002;Nutzfläche
31121;Statistik der Baufertigstellungen;JAHR;Jahr;2025;DLAND;Bundesländer;09;Bayern;BAUGB2;Gebäudeart;GBD-NW;Nichtwohngebäude;GSSZL1;Geschosszahl;VOLLGSS-08-12;8-12 Vollgeschosse;1;1000 qm;FLC014;Wohnfläche der Wohnungen
31121;Statistik der Baufertigstellungen;JAHR;Jahr;2025;DLAND;Bundesländer;09;Bayern;BAUGB2;Gebäudeart;GBD-NW;Nichtwohngebäude;GSSZL1;Geschosszahl;VOLLGSS-08-12;8-12 Vollgeschosse;10;Anzahl;WOHN01;Wohnungen
31121;Statistik der Baufertigstellungen;JAHR;Jahr;2025;DLAND;Bundesländer;09;Bayern;BAUGB2;Gebäudeart;GBD-NW;Nichtwohngebäude;GSSZL1;Geschosszahl;VOLLGSS-08-12;8-12 Vollgeschosse;5;Anzahl;BAU005;Neue Gebäude
31121;Statistik der Baufertigstellungen;JAHR;Jahr;2025;DLAND;Bundesländer;09;Bayern;BAUGB2;Gebäudeart;GBD-NW;Nichtwohngebäude;GSSZL1;Geschosszahl;VOLLGSS-08-12;8-12 Vollgeschosse;166263;Tsd. EUR;VKB001;Veranschlagte Kosten des Bauwerks
31121;Statistik der Baufertigstellungen;JAHR;Jahr;2025;DLAND;Bundesländer;09;Bayern;BAUGB2;Gebäudeart;GBD-NW;Nichtwohngebäude;GSSZL1;Geschosszahl;VOLLGSS-08-12;8-12 Vollgeschosse;291;1000 cbm;FLC003;Rauminhalt
31121;Statistik der Baufertigstellungen;JAHR;Jahr;2025;DLAND;Bundesländer;09;Bayern;BAUGB2;Gebäudeart;GBD-NW;Nichtwohngebäude;GSSZL1;Geschosszahl;VOLLGSS-08-12;8-12 Vollgeschosse;49;1000 qm;FLC002;Nutzfläche
31121;Statistik der Baufertigstellungen;JAHR;Jahr;2025;DLAND;Bundesländer;16;Thüringen;BAUGB2;Gebäudeart;GBD-NW;Nichtwohngebäude;GSSZL1;Geschosszahl;VOLLGSS-13UM;13 und mehr Vollgeschosse;-;1000 qm;FLC014;Wohnfläche der Wohnungen
31121;Statistik der Baufertigstellungen;JAHR;Jahr;2025;DLAND;Bundesländer;16;Thüringen;BAUGB2;Gebäudeart;GBD-NW;Nichtwohngebäude;GSSZL1;Geschosszahl;VOLLGSS-13UM;13 und mehr Vollgeschosse;-;Anzahl;WOHN01;Wohnungen
31121;Statistik der Baufertigstellungen;JAHR;Jahr;2025;DLAND;Bundesländer;16;Thüringen;BAUGB2;Gebäudeart;GBD-NW;Nichtwohngebäude;GSSZL1;Geschosszahl;VOLLGSS-13UM;13 und mehr Vollgeschosse;-;Anzahl;BAU005;Neue Gebäude
31121;Statistik der Baufertigstellungen;JAHR;Jahr;2025;DLAND;Bundesländer;16;Thüringen;BAUGB2;Gebäudeart;GBD-NW;Nichtwohngebäude;GSSZL1;Geschosszahl;VOLLGSS-13UM;13 und mehr Vollgeschosse;-;Tsd. EUR;VKB001;Veranschlagte Kosten des Bauwerks
31121;Statistik der Baufertigstellungen;JAHR;Jahr;2025;DLAND;Bundesländer;16;Thüringen;BAUGB2;Gebäudeart;GBD-NW;Nichtwohngebäude;GSSZL1;Geschosszahl;VOLLGSS-13UM;13 und mehr Vollgeschosse;-;1000 cbm;FLC003;Rauminhalt
31121;Statistik der Baufertigstellungen;JAHR;Jahr;2025;DLAND;Bundesländer;16;Thüringen;BAUGB2;Gebäudeart;GBD-NW;Nichtwohngebäude;GSSZL1;Geschosszahl;VOLLGSS-13UM;13 und mehr Vollgeschosse;-;1000 qm;FLC002;Nutzfläche
31121;Statistik der Baufertigstellungen;JAHR;Jahr;2025;DLAND;Bundesländer;04;Bremen;BAUGB2;Gebäudeart;GBD-W-NW;Wohn- und Nichtwohngebäude;GSSZL1;Geschosszahl;VOLLGSS-06-07;6-7 Vollgeschosse;-;1000 qm;FLC014;Wohnfläche der Wohnungen
31121;Statistik der Baufertigstellungen;JAHR;Jahr;2025;DLAND;Bundesländer;04;Bremen;BAUGB2;Gebäudeart;GBD-W-NW;Wohn- und Nichtwohngebäude;GSSZL1;Geschosszahl;VOLLGSS-06-07;6-7 Vollgeschosse;-;Anzahl;WOHN01;Wohnungen
31121;Statistik der Baufertigstellungen;JAHR;Jahr;2025;DLAND;Bundesländer;04;Bremen;BAUGB2;Gebäudeart;GBD-W-NW;Wohn- und Nichtwohngebäude;GSSZL1;Geschosszahl;VOLLGSS-06-07;6-7 Vollgeschosse;1;Anzahl;BAU005;Neue Gebäude
31121;Statistik der Baufertigstellungen;JAHR;Jahr;2025;DLAND;Bundesländer;04;Bremen;BAUGB2;Gebäudeart;GBD-W-NW;Wohn- und Nichtwohngebäude;GSSZL1;Geschosszahl;VOLLGSS-06-07;6-7 Vollgeschosse;7545;Tsd. EUR;VKB001;Veranschlagte Kosten des Bauwerks
31121;Statistik der Baufertigstellungen;JAHR;Jahr;2025;DLAND;Bundesländer;04;Bremen;BAUGB2;Gebäudeart;GBD-W-NW;Wohn- und Nichtwohngebäude;GSSZL1;Geschosszahl;VOLLGSS-06-07;6-7 Vollgeschosse;44;1000 cbm;FLC003;Rauminhalt
31121;Statistik der Baufertigstellungen;JAHR;Jahr;2025;DLAND;Bundesländer;04;Bremen;BAUGB2;Gebäudeart;GBD-W-NW;Wohn- und Nichtwohngebäude;GSSZL1;Geschosszahl;VOLLGSS-06-07;6-7 Vollgeschosse;8;1000 qm;FLC002;Nutzfläche
31121;Statistik der Baufertigstellungen;JAHR;Jahr;2025;DLAND;Bundesländer;10;Saarland;BAUGB2;Gebäudeart;GBD-W;Wohngebäude;GSSZL1;Geschosszahl;VOLLGSS-06-07;6-7 Vollgeschosse;2;1000 qm;FLC014;Wohnfläche der Wohnungen
31121;Statistik der Baufertigstellungen;JAHR;Jahr;2025;DLAND;Bundesländer;10;Saarland;BAUGB2;Gebäudeart;GBD-W;Wohngebäude;GSSZL1;Geschosszahl;VOLLGSS-06-07;6-7 Vollgeschosse;36;Anzahl;WOHN01;Wohnungen
31121;Statistik der Baufertigstellungen;JAHR;Jahr;2025;DLAND;Bundesländer;10;Saarland;BAUGB2;Gebäudeart;GBD-W;Wohngebäude;GSSZL1;Geschosszahl;VOLLGSS-06-07;6-7 Vollgeschosse;1;Anzahl;BAU005;Neue Gebäude
31121;Statistik der Baufertigstellungen;JAHR;Jahr;2025;DLAND;Bundesländer;10;Saarland;BAUGB2;Gebäudeart;GBD-W;Wohngebäude;GSSZL1;Geschosszahl;VOLLGSS-06-07;6-7 Vollgeschosse;10000;Tsd. EUR;VKB001;Veranschlagte Kosten des Bauwerks
31121;Statistik der Baufertigstellungen;JAHR;Jahr;2025;DLAND;Bundesländer;10;Saarland;BAUGB2;Gebäudeart;GBD-W;Wohngebäude;GSSZL1;Geschosszahl;VOLLGSS-06-07;6-7 Vollgeschosse;17;1000 cbm;FLC003;Rauminhalt
31121;Statistik der Baufertigstellungen;JAHR;Jahr;2025;DLAND;Bundesländer;10;Saarland;BAUGB2;Gebäudeart;GBD-W;Wohngebäude;GSSZL1;Geschosszahl;VOLLGSS-06-07;6-7 Vollgeschosse;0;1000 qm;FLC002;Nutzfläche
31121;Statistik der Baufertigstellungen;JAHR;Jahr;2025;DLAND;Bundesländer;08;Baden-Württemberg;BAUGB2;Gebäudeart;GBD-W;Wohngebäude;GSSZL1;Geschosszahl;VOLLGSS-01;1 Vollgeschoss;217;1000 qm;FLC014;Wohnfläche der Wohnungen
31121;Statistik der Baufertigstellungen;JAHR;Jahr;2025;DLAND;Bundesländer;08;Baden-Württemberg;BAUGB2;Gebäudeart;GBD-W;Wohngebäude;GSSZL1;Geschosszahl;VOLLGSS-01;1 Vollgeschoss;1690;Anzahl;WOHN01;Wohnungen
31121;Statistik der Baufertigstellungen;JAHR;Jahr;2025;DLAND;Bundesländer;08;Baden-Württemberg;BAUGB2;Gebäudeart;GBD-W;Wohngebäude;GSSZL1;Geschosszahl;VOLLGSS-01;1 Vollgeschoss;1344;Anzahl;BAU005;Neue Gebäude
31121;Statistik der Baufertigstellungen;JAHR;Jahr;2025;DLAND;Bundesländer;08;Baden-Württemberg;BAUGB2;Gebäudeart;GBD-W;Wohngebäude;GSSZL1;Geschosszahl;VOLLGSS-01;1 Vollgeschoss;566161;Tsd. EUR;VKB001;Veranschlagte Kosten des Bauwerks
31121;Statistik der Baufertigstellungen;JAHR;Jahr;2025;DLAND;Bundesländer;08;Baden-Württemberg;BAUGB2;Gebäudeart;GBD-W;Wohngebäude;GSSZL1;Geschosszahl;VOLLGSS-01;1 Vollgeschoss;1199;1000 cbm;FLC003;Rauminhalt
31121;Statistik der Baufertigstellungen;JAHR;Jahr;2025;DLAND;Bundesländer;08;Baden-Württemberg;BAUGB2;Gebäudeart;GBD-W;Wohngebäude;GSSZL1;Geschosszahl;VOLLGSS-01;1 Vollgeschoss;80;1000 qm;FLC002;Nutzfläche
31121;Statistik der Baufertigstellungen;JAHR;Jahr;2025;DLAND;Bundesländer;08;Baden-Württemberg;BAUGB2;Gebäudeart;GBD-W;Wohngebäude;GSSZL1;Geschosszahl;VOLLGSS-04-05;4-5 Vollgeschosse;394;1000 qm;FLC014;Wohnfläche der Wohnungen
31121;Statistik der Baufertigstellungen;JAHR;Jahr;2025;DLAND;Bundesländer;08;Baden-Württemberg;BAUGB2;Gebäudeart;GBD-W;Wohngebäude;GSSZL1;Geschosszahl;VOLLGSS-04-05;4-5 Vollgeschosse;5381;Anzahl;WOHN01;Wohnungen
31121;Statistik der Baufertigstellungen;JAHR;Jahr;2025;DLAND;Bundesländer;08;Baden-Württemberg;BAUGB2;Gebäudeart;GBD-W;Wohngebäude;GSSZL1;Geschosszahl;VOLLGSS-04-05;4-5 Vollgeschosse;349;Anzahl;BAU005;Neue Gebäude
31121;Statistik der Baufertigstellungen;JAHR;Jahr;2025;DLAND;Bundesländer;08;Baden-Württemberg;BAUGB2;Gebäudeart;GBD-W;Wohngebäude;GSSZL1;Geschosszahl;VOLLGSS-04-05;4-5 Vollgeschosse;968726;Tsd. EUR;VKB001;Veranschlagte Kosten des Bauwerks
31121;Statistik der Baufertigstellungen;JAHR;Jahr;2025;DLAND;Bundesländer;08;Baden-Württemberg;BAUGB2;Gebäudeart;GBD-W;Wohngebäude;GSSZL1;Geschosszahl;VOLLGSS-04-05;4-5 Vollgeschosse;2261;1000 cbm;FLC003;Rauminhalt
31121;Statistik der Baufertigstellungen;JAHR;Jahr;2025;DLAND;Bundesländer;08;Baden-Württemberg;BAUGB2;Gebäudeart;GBD-W;Wohngebäude;GSSZL1;Geschosszahl;VOLLGSS-04-05;4-5 Vollgeschosse;117;1000 qm;FLC002;Nutzfläche
31121;Statistik der Baufertigstellungen;JAHR;Jahr;2025;DLAND;Bundesländer;09;Bayern;BAUGB2;Gebäudeart;GBD-W;Wohngebäude;GSSZL1;Geschosszahl;VOLLGSS-02;2 Vollgeschosse;2285;1000 qm;FLC014;Wohnfläche der Wohnungen
31121;Statistik der Baufertigstellungen;JAHR;Jahr;2025;DLAND;Bundesländer;09;Bayern;BAUGB2;Gebäudeart;GBD-W;Wohngebäude;GSSZL1;Geschosszahl;VOLLGSS-02;2 Vollgeschosse;17022;Anzahl;WOHN01;Wohnungen
31121;Statistik der Baufertigstellungen;JAHR;Jahr;2025;DLAND;Bundesländer;09;Bayern;BAUGB2;Gebäudeart;GBD-W;Wohngebäude;GSSZL1;Geschosszahl;VOLLGSS-02;2 Vollgeschosse;11457;Anzahl;BAU005;Neue Gebäude
31121;Statistik der Baufertigstellungen;JAHR;Jahr;2025;DLAND;Bundesländer;09;Bayern;BAUGB2;Gebäudeart;GBD-W;Wohngebäude;GSSZL1;Geschosszahl;VOLLGSS-02;2 Vollgeschosse;6086731;Tsd. EUR;VKB001;Veranschlagte Kosten des Bauwerks
31121;Statistik der Baufertigstellungen;JAHR;Jahr;2025;DLAND;Bundesländer;09;Bayern;BAUGB2;Gebäudeart;GBD-W;Wohngebäude;GSSZL1;Geschosszahl;VOLLGSS-02;2 Vollgeschosse;13202;1000 cbm;FLC003;Rauminhalt
31121;Statistik der Baufertigstellungen;JAHR;Jahr;2025;DLAND;Bundesländer;09;Bayern;BAUGB2;Gebäudeart;GBD-W;Wohngebäude;GSSZL1;Geschosszahl;VOLLGSS-02;2 Vollgeschosse;743;1000 qm;FLC002;Nutzfläche
31121;Statistik der Baufertigstellungen;JAHR;Jahr;2025;DLAND;Bundesländer;06;Hessen;BAUGB2;Gebäudeart;GBD-W;Wohngebäude;GSSZL1;Geschosszahl;VOLLGSS-08-12;8-12 Vollgeschosse;52;1000 qm;FLC014;Wohnfläche der Wohnungen
31121;Statistik der Baufertigstellungen;JAHR;Jahr;2025;DLAND;Bundesländer;06;Hessen;BAUGB2;Gebäudeart;GBD-W;Wohngebäude;GSSZL1;Geschosszahl;VOLLGSS-08-12;8-12 Vollgeschosse;735;Anzahl;WOHN01;Wohnungen
31121;Statistik der Baufertigstellungen;JAHR;Jahr;2025;DLAND;Bundesländer;06;Hessen;BAUGB2;Gebäudeart;GBD-W;Wohngebäude;GSSZL1;Geschosszahl;VOLLGSS-08-12;8-12 Vollgeschosse;21;Anzahl;BAU005;Neue Gebäude
31121;Statistik der Baufertigstellungen;JAHR;Jahr;2025;DLAND;Bundesländer;06;Hessen;BAUGB2;Gebäudeart;GBD-W;Wohngebäude;GSSZL1;Geschosszahl;VOLLGSS-08-12;8-12 Vollgeschosse;99521;Tsd. EUR;VKB001;Veranschlagte Kosten des Bauwerks
31121;Statistik der Baufertigstellungen;JAHR;Jahr;2025;DLAND;Bundesländer;06;Hessen;BAUGB2;Gebäudeart;GBD-W;Wohngebäude;GSSZL1;Geschosszahl;VOLLGSS-08-12;8-12 Vollgeschosse;285;1000 cbm;FLC003;Rauminhalt
31121;Statistik der Baufertigstellungen;JAHR;Jahr;2025;DLAND;Bundesländer;06;Hessen;BAUGB2;Gebäudeart;GBD-W;Wohngebäude;GSSZL1;Geschosszahl;VOLLGSS-08-12;8-12 Vollgeschosse;14;1000 qm;FLC002;Nutzfläche
31121;Statistik der Baufertigstellungen;JAHR;Jahr;2025;DLAND;Bundesländer;05;Nordrhein-Westfalen;BAUGB2;Gebäudeart;GBD-W-NW;Wohn- und Nichtwohngebäude;GSSZL1;Geschosszahl;VOLLGSS-08-12;8-12 Vollgeschosse;7;1000 qm;FLC014;Wohnfläche der Wohnungen
31121;Statistik der Baufertigstellungen;JAHR;Jahr;2025;DLAND;Bundesländer;05;Nordrhein-Westfalen;BAUGB2;Gebäudeart;GBD-W-NW;Wohn- und Nichtwohngebäude;GSSZL1;Geschosszahl;VOLLGSS-08-12;8-12 Vollgeschosse;84;Anzahl;WOHN01;Wohnungen
31121;Statistik der Baufertigstellungen;JAHR;Jahr;2025;DLAND;Bundesländer;05;Nordrhein-Westfalen;BAUGB2;Gebäudeart;GBD-W-NW;Wohn- und Nichtwohngebäude;GSSZL1;Geschosszahl;VOLLGSS-08-12;8-12 Vollgeschosse;9;Anzahl;BAU005;Neue Gebäude
31121;Statistik der Baufertigstellungen;JAHR;Jahr;2025;DLAND;Bundesländer;05;Nordrhein-Westfalen;BAUGB2;Gebäudeart;GBD-W-NW;Wohn- und Nichtwohngebäude;GSSZL1;Geschosszahl;VOLLGSS-08-12;8-12 Vollgeschosse;236203;Tsd. EUR;VKB001;Veranschlagte Kosten des Bauwerks
31121;Statistik der Baufertigstellungen;JAHR;Jahr;2025;DLAND;Bundesländer;05;Nordrhein-Westfalen;BAUGB2;Gebäudeart;GBD-W-NW;Wohn- und Nichtwohngebäude;GSSZL1;Geschosszahl;VOLLGSS-08-12;8-12 Vollgeschosse;532;1000 cbm;FLC003;Rauminhalt
31121;Statistik der Baufertigstellungen;JAHR;Jahr;2025;DLAND;Bundesländer;05;Nordrhein-Westfalen;BAUGB2;Gebäudeart;GBD-W-NW;Wohn- und Nichtwohngebäude;GSSZL1;Geschosszahl;VOLLGSS-08-12;8-12 Vollgeschosse;79;1000 qm;FLC002;Nutzfläche
31121;Statistik der Baufertigstellungen;JAHR;Jahr;2025;DLAND;Bundesländer;16;Thüringen;BAUGB2;Gebäudeart;GBD-NW;Nichtwohngebäude;GSSZL1;Geschosszahl;VOLLGSS-06-07;6-7 Vollgeschosse;-;1000 qm;FLC014;Wohnfläche der Wohnungen
31121;Statistik der Baufertigstellungen;JAHR;Jahr;2025;DLAND;Bundesländer;16;Thüringen;BAUGB2;Gebäudeart;GBD-NW;Nichtwohngebäude;GSSZL1;Geschosszahl;VOLLGSS-06-07;6-7 Vollgeschosse;-;Anzahl;WOHN01;Wohnungen
31121;Statistik der Baufertigstellungen;JAHR;Jahr;2025;DLAND;Bundesländer;16;Thüringen;BAUGB2;Gebäudeart;GBD-NW;Nichtwohngebäude;GSSZL1;Geschosszahl;VOLLGSS-06-07;6-7 Vollgeschosse;-;Anzahl;BAU005;Neue Gebäude
31121;Statistik der Baufertigstellungen;JAHR;Jahr;2025;DLAND;Bundesländer;16;Thüringen;BAUGB2;Gebäudeart;GBD-NW;Nichtwohngebäude;GSSZL1;Geschosszahl;VOLLGSS-06-07;6-7 Vollgeschosse;-;Tsd. EUR;VKB001;Veranschlagte Kosten des Bauwerks
31121;Statistik der Baufertigstellungen;JAHR;Jahr;2025;DLAND;Bundesländer;16;Thüringen;BAUGB2;Gebäudeart;GBD-NW;Nichtwohngebäude;GSSZL1;Geschosszahl;VOLLGSS-06-07;6-7 Vollgeschosse;-;1000 cbm;FLC003;Rauminhalt
31121;Statistik der Baufertigstellungen;JAHR;Jahr;2025;DLAND;Bundesländer;16;Thüringen;BAUGB2;Gebäudeart;GBD-NW;Nichtwohngebäude;GSSZL1;Geschosszahl;VOLLGSS-06-07;6-7 Vollgeschosse;-;1000 qm;FLC002;Nutzfläche
31121;Statistik der Baufertigstellungen;JAHR;Jahr;2025;DLAND;Bundesländer;07;Rheinland-Pfalz;BAUGB2;Gebäudeart;GBD-NW;Nichtwohngebäude;GSSZL1;Geschosszahl;VOLLGSS-13UM;13 und mehr Vollgeschosse;-;1000 qm;FLC014;Wohnfläche der Wohnungen
31121;Statistik der Baufertigstellungen;JAHR;Jahr;2025;DLAND;Bundesländer;07;Rheinland-Pfalz;BAUGB2;Gebäudeart;GBD-NW;Nichtwohngebäude;GSSZL1;Geschosszahl;VOLLGSS-13UM;13 und mehr Vollgeschosse;-;Anzahl;WOHN01;Wohnungen
31121;Statistik der Baufertigstellungen;JAHR;Jahr;2025;DLAND;Bundesländer;07;Rheinland-Pfalz;BAUGB2;Gebäudeart;GBD-NW;Nichtwohngebäude;GSSZL1;Geschosszahl;VOLLGSS-13UM;13 und mehr Vollgeschosse;1;Anzahl;BAU005;Neue Gebäude
31121;Statistik der Baufertigstellungen;JAHR;Jahr;2025;DLAND;Bundesländer;07;Rheinland-Pfalz;BAUGB2;Gebäudeart;GBD-NW;Nichtwohngebäude;GSSZL1;Geschosszahl;VOLLGSS-13UM;13 und mehr Vollgeschosse;41933;Tsd. EUR;VKB001;Veranschlagte Kosten des Bauwerks
31121;Statistik der Baufertigstellungen;JAHR;Jahr;2025;DLAND;Bundesländer;07;Rheinland-Pfalz;BAUGB2;Gebäudeart;GBD-NW;Nichtwohngebäude;GSSZL1;Geschosszahl;VOLLGSS-13UM;13 und mehr Vollgeschosse;79;1000 cbm;FLC003;Rauminhalt
31121;Statistik der Baufertigstellungen;JAHR;Jahr;2025;DLAND;Bundesländer;07;Rheinland-Pfalz;BAUGB2;Gebäudeart;GBD-NW;Nichtwohngebäude;GSSZL1;Geschosszahl;VOLLGSS-13UM;13 und mehr Vollgeschosse;17;1000 qm;FLC002;Nutzfläche
31121;Statistik der Baufertigstellungen;JAHR;Jahr;2025;DLAND;Bundesländer;12;Brandenburg;BAUGB2;Gebäudeart;GBD-W-NW;Wohn- und Nichtwohngebäude;GSSZL1;Geschosszahl;VOLLGSS-04-05;4-5 Vollgeschosse;108;1000 qm;FLC014;Wohnfläche der Wohnungen
31121;Statistik der Baufertigstellungen;JAHR;Jahr;2025;DLAND;Bundesländer;12;Brandenburg;BAUGB2;Gebäudeart;GBD-W-NW;Wohn- und Nichtwohngebäude;GSSZL1;Geschosszahl;VOLLGSS-04-05;4-5 Vollgeschosse;1766;Anzahl;WOHN01;Wohnungen
31121;Statistik der Baufertigstellungen;JAHR;Jahr;2025;DLAND;Bundesländer;12;Brandenburg;BAUGB2;Gebäudeart;GBD-W-NW;Wohn- und Nichtwohngebäude;GSSZL1;Geschosszahl;VOLLGSS-04-05;4-5 Vollgeschosse;105;Anzahl;BAU005;Neue Gebäude
31121;Statistik der Baufertigstellungen;JAHR;Jahr;2025;DLAND;Bundesländer;12;Brandenburg;BAUGB2;Gebäudeart;GBD-W-NW;Wohn- und Nichtwohngebäude;GSSZL1;Geschosszahl;VOLLGSS-04-05;4-5 Vollgeschosse;341114;Tsd. EUR;VKB001;Veranschlagte Kosten des Bauwerks
31121;Statistik der Baufertigstellungen;JAHR;Jahr;2025;DLAND;Bundesländer;12;Brandenburg;BAUGB2;Gebäudeart;GBD-W-NW;Wohn- und Nichtwohngebäude;GSSZL1;Geschosszahl;VOLLGSS-04-05;4-5 Vollgeschosse;805;1000 cbm;FLC003;Rauminhalt
31121;Statistik der Baufertigstellungen;JAHR;Jahr;2025;DLAND;Bundesländer;12;Brandenburg;BAUGB2;Gebäudeart;GBD-W-NW;Wohn- und Nichtwohngebäude;GSSZL1;Geschosszahl;VOLLGSS-04-05;4-5 Vollgeschosse;75;1000 qm;FLC002;Nutzfläche
31121;Statistik der Baufertigstellungen;JAHR;Jahr;2025;DLAND;Bundesländer;04;Bremen;BAUGB2;Gebäudeart;GBD-NW;Nichtwohngebäude;GSSZL1;Geschosszahl;VOLLGSS-04-05;4-5 Vollgeschosse;2;1000 qm;FLC014;Wohnfläche der Wohnungen
31121;Statistik der Baufertigstellungen;JAHR;Jahr;2025;DLAND;Bundesländer;04;Bremen;BAUGB2;Gebäudeart;GBD-NW;Nichtwohngebäude;GSSZL1;Geschosszahl;VOLLGSS-04-05;4-5 Vollgeschosse;35;Anzahl;WOHN01;Wohnungen
31121;Statistik der Baufertigstellungen;JAHR;Jahr;2025;DLAND;Bundesländer;04;Bremen;BAUGB2;Gebäudeart;GBD-NW;Nichtwohngebäude;GSSZL1;Geschosszahl;VOLLGSS-04-05;4-5 Vollgeschosse;5;Anzahl;BAU005;Neue Gebäude
31121;Statistik der Baufertigstellungen;JAHR;Jahr;2025;DLAND;Bundesländer;04;Bremen;BAUGB2;Gebäudeart;GBD-NW;Nichtwohngebäude;GSSZL1;Geschosszahl;VOLLGSS-04-05;4-5 Vollgeschosse;87958;Tsd. EUR;VKB001;Veranschlagte Kosten des Bauwerks
31121;Statistik der Baufertigstellungen;JAHR;Jahr;2025;DLAND;Bundesländer;04;Bremen;BAUGB2;Gebäudeart;GBD-NW;Nichtwohngebäude;GSSZL1;Geschosszahl;VOLLGSS-04-05;4-5 Vollgeschosse;137;1000 cbm;FLC003;Rauminhalt
31121;Statistik der Baufertigstellungen;JAHR;Jahr;2025;DLAND;Bundesländer;04;Bremen;BAUGB2;Gebäudeart;GBD-NW;Nichtwohngebäude;GSSZL1;Geschosszahl;VOLLGSS-04-05;4-5 Vollgeschosse;24;1000 qm;FLC002;Nutzfläche
31121;Statistik der Baufertigstellungen;JAHR;Jahr;2025;DLAND;Bundesländer;10;Saarland;BAUGB2;Gebäudeart;GBD-W-NW;Wohn- und Nichtwohngebäude;GSSZL1;Geschosszahl;VOLLGSS-03;3 Vollgeschosse;33;1000 qm;FLC014;Wohnfläche der Wohnungen
31121;Statistik der Baufertigstellungen;JAHR;Jahr;2025;DLAND;Bundesländer;10;Saarland;BAUGB2;Gebäudeart;GBD-W-NW;Wohn- und Nichtwohngebäude;GSSZL1;Geschosszahl;VOLLGSS-03;3 Vollgeschosse;330;Anzahl;WOHN01;Wohnungen
31121;Statistik der Baufertigstellungen;JAHR;Jahr;2025;DLAND;Bundesländer;10;Saarland;BAUGB2;Gebäudeart;GBD-W-NW;Wohn- und Nichtwohngebäude;GSSZL1;Geschosszahl;VOLLGSS-03;3 Vollgeschosse;46;Anzahl;BAU005;Neue Gebäude
31121;Statistik der Baufertigstellungen;JAHR;Jahr;2025;DLAND;Bundesländer;10;Saarland;BAUGB2;Gebäudeart;GBD-W-NW;Wohn- und Nichtwohngebäude;GSSZL1;Geschosszahl;VOLLGSS-03;3 Vollgeschosse;79552;Tsd. EUR;VKB001;Veranschlagte Kosten des Bauwerks
31121;Statistik der Baufertigstellungen;JAHR;Jahr;2025;DLAND;Bundesländer;10;Saarland;BAUGB2;Gebäudeart;GBD-W-NW;Wohn- und Nichtwohngebäude;GSSZL1;Geschosszahl;VOLLGSS-03;3 Vollgeschosse;213;1000 cbm;FLC003;Rauminhalt
31121;Statistik der Baufertigstellungen;JAHR;Jahr;2025;DLAND;Bundesländer;10;Saarland;BAUGB2;Gebäudeart;GBD-W-NW;Wohn- und Nichtwohngebäude;GSSZL1;Geschosszahl;VOLLGSS-03;3 Vollgeschosse;15;1000 qm;FLC002;Nutzfläche
31121;Statistik der Baufertigstellungen;JAHR;Jahr;2025;DLAND;Bundesländer;11;Berlin;BAUGB2;Gebäudeart;GBD-NW;Nichtwohngebäude;GSSZL1;Geschosszahl;VOLLGSS-13UM;13 und mehr Vollgeschosse;-;1000 qm;FLC014;Wohnfläche der Wohnungen
31121;Statistik der Baufertigstellungen;JAHR;Jahr;2025;DLAND;Bundesländer;11;Berlin;BAUGB2;Gebäudeart;GBD-NW;Nichtwohngebäude;GSSZL1;Geschosszahl;VOLLGSS-13UM;13 und mehr Vollgeschosse;-;Anzahl;WOHN01;Wohnungen
31121;Statistik der Baufertigstellungen;JAHR;Jahr;2025;DLAND;Bundesländer;11;Berlin;BAUGB2;Gebäudeart;GBD-NW;Nichtwohngebäude;GSSZL1;Geschosszahl;VOLLGSS-13UM;13 und mehr Vollgeschosse;1;Anzahl;BAU005;Neue Gebäude
31121;Statistik der Baufertigstellungen;JAHR;Jahr;2025;DLAND;Bundesländer;11;Berlin;BAUGB2;Gebäudeart;GBD-NW;Nichtwohngebäude;GSSZL1;Geschosszahl;VOLLGSS-13UM;13 und mehr Vollgeschosse;44809;Tsd. EUR;VKB001;Veranschlagte Kosten des Bauwerks
31121;Statistik der Baufertigstellungen;JAHR;Jahr;2025;DLAND;Bundesländer;11;Berlin;BAUGB2;Gebäudeart;GBD-NW;Nichtwohngebäude;GSSZL1;Geschosszahl;VOLLGSS-13UM;13 und mehr Vollgeschosse;91;1000 cbm;FLC003;Rauminhalt
31121;Statistik der Baufertigstellungen;JAHR;Jahr;2025;DLAND;Bundesländer;11;Berlin;BAUGB2;Gebäudeart;GBD-NW;Nichtwohngebäude;GSSZL1;Geschosszahl;VOLLGSS-13UM;13 und mehr Vollgeschosse;14;1000 qm;FLC002;Nutzfläche
31121;Statistik der Baufertigstellungen;JAHR;Jahr;2025;DLAND;Bundesländer;05;Nordrhein-Westfalen;BAUGB2;Gebäudeart;GBD-W;Wohngebäude;GSSZL1;Geschosszahl;VOLLGSS-02;2 Vollgeschosse;1376;1000 qm;FLC014;Wohnfläche der Wohnungen
31121;Statistik der Baufertigstellungen;JAHR;Jahr;2025;DLAND;Bundesländer;05;Nordrhein-Westfalen;BAUGB2;Gebäudeart;GBD-W;Wohngebäude;GSSZL1;Geschosszahl;VOLLGSS-02;2 Vollgeschosse;12622;Anzahl;WOHN01;Wohnungen
31121;Statistik der Baufertigstellungen;JAHR;Jahr;2025;DLAND;Bundesländer;05;Nordrhein-Westfalen;BAUGB2;Gebäudeart;GBD-W;Wohngebäude;GSSZL1;Geschosszahl;VOLLGSS-02;2 Vollgeschosse;5327;Anzahl;BAU005;Neue Gebäude
31121;Statistik der Baufertigstellungen;JAHR;Jahr;2025;DLAND;Bundesländer;05;Nordrhein-Westfalen;BAUGB2;Gebäudeart;GBD-W;Wohngebäude;GSSZL1;Geschosszahl;VOLLGSS-02;2 Vollgeschosse;2893604;Tsd. EUR;VKB001;Veranschlagte Kosten des Bauwerks
31121;Statistik der Baufertigstellungen;JAHR;Jahr;2025;DLAND;Bundesländer;05;Nordrhein-Westfalen;BAUGB2;Gebäudeart;GBD-W;Wohngebäude;GSSZL1;Geschosszahl;VOLLGSS-02;2 Vollgeschosse;7392;1000 cbm;FLC003;Rauminhalt
31121;Statistik der Baufertigstellungen;JAHR;Jahr;2025;DLAND;Bundesländer;05;Nordrhein-Westfalen;BAUGB2;Gebäudeart;GBD-W;Wohngebäude;GSSZL1;Geschosszahl;VOLLGSS-02;2 Vollgeschosse;285;1000 qm;FLC002;Nutzfläche
31121;Statistik der Baufertigstellungen;JAHR;Jahr;2025;DLAND;Bundesländer;15;Sachsen-Anhalt;BAUGB2;Gebäudeart;GBD-W;Wohngebäude;GSSZL1;Geschosszahl;VOLLGSS-02;2 Vollgeschosse;75;1000 qm;FLC014;Wohnfläche der Wohnungen
31121;Statistik der Baufertigstellungen;JAHR;Jahr;2025;DLAND;Bundesländer;15;Sachsen-Anhalt;BAUGB2;Gebäudeart;GBD-W;Wohngebäude;GSSZL1;Geschosszahl;VOLLGSS-02;2 Vollgeschosse;593;Anzahl;WOHN01;Wohnungen
31121;Statistik der Baufertigstellungen;JAHR;Jahr;2025;DLAND;Bundesländer;15;Sachsen-Anhalt;BAUGB2;Gebäudeart;GBD-W;Wohngebäude;GSSZL1;Geschosszahl;VOLLGSS-02;2 Vollgeschosse;422;Anzahl;BAU005;Neue Gebäude
31121;Statistik der Baufertigstellungen;JAHR;Jahr;2025;DLAND;Bundesländer;15;Sachsen-Anhalt;BAUGB2;Gebäudeart;GBD-W;Wohngebäude;GSSZL1;Geschosszahl;VOLLGSS-02;2 Vollgeschosse;140918;Tsd. EUR;VKB001;Veranschlagte Kosten des Bauwerks
31121;Statistik der Baufertigstellungen;JAHR;Jahr;2025;DLAND;Bundesländer;15;Sachsen-Anhalt;BAUGB2;Gebäudeart;GBD-W;Wohngebäude;GSSZL1;Geschosszahl;VOLLGSS-02;2 Vollgeschosse;365;1000 cbm;FLC003;Rauminhalt
31121;Statistik der Baufertigstellungen;JAHR;Jahr;2025;DLAND;Bundesländer;15;Sachsen-Anhalt;BAUGB2;Gebäudeart;GBD-W;Wohngebäude;GSSZL1;Geschosszahl;VOLLGSS-02;2 Vollgeschosse;8;1000 qm;FLC002;Nutzfläche
31121;Statistik der Baufertigstellungen;JAHR;Jahr;2025;DLAND;Bundesländer;09;Bayern;BAUGB2;Gebäudeart;GBD-W-NW;Wohn- und Nichtwohngebäude;GSSZL1;Geschosszahl;VOLLGSS-04-05;4-5 Vollgeschosse;483;1000 qm;FLC014;Wohnfläche der Wohnungen
31121;Statistik der Baufertigstellungen;JAHR;Jahr;2025;DLAND;Bundesländer;09;Bayern;BAUGB2;Gebäudeart;GBD-W-NW;Wohn- und Nichtwohngebäude;GSSZL1;Geschosszahl;VOLLGSS-04-05;4-5 Vollgeschosse;7432;Anzahl;WOHN01;Wohnungen
31121;Statistik der Baufertigstellungen;JAHR;Jahr;2025;DLAND;Bundesländer;09;Bayern;BAUGB2;Gebäudeart;GBD-W-NW;Wohn- und Nichtwohngebäude;GSSZL1;Geschosszahl;VOLLGSS-04-05;4-5 Vollgeschosse;494;Anzahl;BAU005;Neue Gebäude
31121;Statistik der Baufertigstellungen;JAHR;Jahr;2025;DLAND;Bundesländer;09;Bayern;BAUGB2;Gebäudeart;GBD-W-NW;Wohn- und Nichtwohngebäude;GSSZL1;Geschosszahl;VOLLGSS-04-05;4-5 Vollgeschosse;3516688;Tsd. EUR;VKB001;Veranschlagte Kosten des Bauwerks
31121;Statistik der Baufertigstellungen;JAHR;Jahr;2025;DLAND;Bundesländer;09;Bayern;BAUGB2;Gebäudeart;GBD-W-NW;Wohn- und Nichtwohngebäude;GSSZL1;Geschosszahl;VOLLGSS-04-05;4-5 Vollgeschosse;7417;1000 cbm;FLC003;Rauminhalt
31121;Statistik der Baufertigstellungen;JAHR;Jahr;2025;DLAND;Bundesländer;09;Bayern;BAUGB2;Gebäudeart;GBD-W-NW;Wohn- und Nichtwohngebäude;GSSZL1;Geschosszahl;VOLLGSS-04-05;4-5 Vollgeschosse;779;1000 qm;FLC002;Nutzfläche
31121;Statistik der Baufertigstellungen;JAHR;Jahr;2025;DLAND;Bundesländer;02;Hamburg;BAUGB2;Gebäudeart;GBD-NW;Nichtwohngebäude;GSSZL1;Geschosszahl;VOLLGSS-06-07;6-7 Vollgeschosse;3;1000 qm;FLC014;Wohnfläche der Wohnungen
31121;Statistik der Baufertigstellungen;JAHR;Jahr;2025;DLAND;Bundesländer;02;Hamburg;BAUGB2;Gebäudeart;GBD-NW;Nichtwohngebäude;GSSZL1;Geschosszahl;VOLLGSS-06-07;6-7 Vollgeschosse;53;Anzahl;WOHN01;Wohnungen
31121;Statistik der Baufertigstellungen;JAHR;Jahr;2025;DLAND;Bundesländer;02;Hamburg;BAUGB2;Gebäudeart;GBD-NW;Nichtwohngebäude;GSSZL1;Geschosszahl;VOLLGSS-06-07;6-7 Vollgeschosse;9;Anzahl;BAU005;Neue Gebäude
31121;Statistik der Baufertigstellungen;JAHR;Jahr;2025;DLAND;Bundesländer;02;Hamburg;BAUGB2;Gebäudeart;GBD-NW;Nichtwohngebäude;GSSZL1;Geschosszahl;VOLLGSS-06-07;6-7 Vollgeschosse;174184;Tsd. EUR;VKB001;Veranschlagte Kosten des Bauwerks
31121;Statistik der Baufertigstellungen;JAHR;Jahr;2025;DLAND;Bundesländer;02;Hamburg;BAUGB2;Gebäudeart;GBD-NW;Nichtwohngebäude;GSSZL1;Geschosszahl;VOLLGSS-06-07;6-7 Vollgeschosse;478;1000 cbm;FLC003;Rauminhalt
31121;Statistik der Baufertigstellungen;JAHR;Jahr;2025;DLAND;Bundesländer;02;Hamburg;BAUGB2;Gebäudeart;GBD-NW;Nichtwohngebäude;GSSZL1;Geschosszahl;VOLLGSS-06-07;6-7 Vollgeschosse;81;1000 qm;FLC002;Nutzfläche
31121;Statistik der Baufertigstellungen;JAHR;Jahr;2025;DLAND;Bundesländer;13;Mecklenburg-Vorpommern;BAUGB2;Gebäudeart;GBD-W-NW;Wohn- und Nichtwohngebäude;GSSZL1;Geschosszahl;VOLLGSS-06-07;6-7 Vollgeschosse;5;1000 qm;FLC014;Wohnfläche der Wohnungen
31121;Statistik der Baufertigstellungen;JAHR;Jahr;2025;DLAND;Bundesländer;13;Mecklenburg-Vorpommern;BAUGB2;Gebäudeart;GBD-W-NW;Wohn- und Nichtwohngebäude;GSSZL1;Geschosszahl;VOLLGSS-06-07;6-7 Vollgeschosse;79;Anzahl;WOHN01;Wohnungen
31121;Statistik der Baufertigstellungen;JAHR;Jahr;2025;DLAND;Bundesländer;13;Mecklenburg-Vorpommern;BAUGB2;Gebäudeart;GBD-W-NW;Wohn- und Nichtwohngebäude;GSSZL1;Geschosszahl;VOLLGSS-06-07;6-7 Vollgeschosse;2;Anzahl;BAU005;Neue Gebäude
31121;Statistik der Baufertigstellungen;JAHR;Jahr;2025;DLAND;Bundesländer;13;Mecklenburg-Vorpommern;BAUGB2;Gebäudeart;GBD-W-NW;Wohn- und Nichtwohngebäude;GSSZL1;Geschosszahl;VOLLGSS-06-07;6-7 Vollgeschosse;12591;Tsd. EUR;VKB001;Veranschlagte Kosten des Bauwerks
31121;Statistik der Baufertigstellungen;JAHR;Jahr;2025;DLAND;Bundesländer;13;Mecklenburg-Vorpommern;BAUGB2;Gebäudeart;GBD-W-NW;Wohn- und Nichtwohngebäude;GSSZL1;Geschosszahl;VOLLGSS-06-07;6-7 Vollgeschosse;29;1000 cbm;FLC003;Rauminhalt
31121;Statistik der Baufertigstellungen;JAHR;Jahr;2025;DLAND;Bundesländer;13;Mecklenburg-Vorpommern;BAUGB2;Gebäudeart;GBD-W-NW;Wohn- und Nichtwohngebäude;GSSZL1;Geschosszahl;VOLLGSS-06-07;6-7 Vollgeschosse;2;1000 qm;FLC002;Nutzfläche
31121;Statistik der Baufertigstellungen;JAHR;Jahr;2025;DLAND;Bundesländer;02;Hamburg;BAUGB2;Gebäudeart;GBD-NW;Nichtwohngebäude;GSSZL1;Geschosszahl;VOLLGSS-08-12;8-12 Vollgeschosse;2;1000 qm;FLC014;Wohnfläche der Wohnungen
31121;Statistik der Baufertigstellungen;JAHR;Jahr;2025;DLAND;Bundesländer;02;Hamburg;BAUGB2;Gebäudeart;GBD-NW;Nichtwohngebäude;GSSZL1;Geschosszahl;VOLLGSS-08-12;8-12 Vollgeschosse;35;Anzahl;WOHN01;Wohnungen
31121;Statistik der Baufertigstellungen;JAHR;Jahr;2025;DLAND;Bundesländer;02;Hamburg;BAUGB2;Gebäudeart;GBD-NW;Nichtwohngebäude;GSSZL1;Geschosszahl;VOLLGSS-08-12;8-12 Vollgeschosse;3;Anzahl;BAU005;Neue Gebäude
31121;Statistik der Baufertigstellungen;JAHR;Jahr;2025;DLAND;Bundesländer;02;Hamburg;BAUGB2;Gebäudeart;GBD-NW;Nichtwohngebäude;GSSZL1;Geschosszahl;VOLLGSS-08-12;8-12 Vollgeschosse;33400;Tsd. EUR;VKB001;Veranschlagte Kosten des Bauwerks
31121;Statistik der Baufertigstellungen;JAHR;Jahr;2025;DLAND;Bundesländer;02;Hamburg;BAUGB2;Gebäudeart;GBD-NW;Nichtwohngebäude;GSSZL1;Geschosszahl;VOLLGSS-08-12;8-12 Vollgeschosse;117;1000 cbm;FLC003;Rauminhalt
31121;Statistik der Baufertigstellungen;JAHR;Jahr;2025;DLAND;Bundesländer;02;Hamburg;BAUGB2;Gebäudeart;GBD-NW;Nichtwohngebäude;GSSZL1;Geschosszahl;VOLLGSS-08-12;8-12 Vollgeschosse;21;1000 qm;FLC002;Nutzfläche
31121;Statistik der Baufertigstellungen;JAHR;Jahr;2025;DLAND;Bundesländer;06;Hessen;BAUGB2;Gebäudeart;GBD-W-NW;Wohn- und Nichtwohngebäude;GSSZL1;Geschosszahl;VOLLGSS-13UM;13 und mehr Vollgeschosse;23;1000 qm;FLC014;Wohnfläche der Wohnungen
31121;Statistik der Baufertigstellungen;JAHR;Jahr;2025;DLAND;Bundesländer;06;Hessen;BAUGB2;Gebäudeart;GBD-W-NW;Wohn- und Nichtwohngebäude;GSSZL1;Geschosszahl;VOLLGSS-13UM;13 und mehr Vollgeschosse;228;Anzahl;WOHN01;Wohnungen
31121;Statistik der Baufertigstellungen;JAHR;Jahr;2025;DLAND;Bundesländer;06;Hessen;BAUGB2;Gebäudeart;GBD-W-NW;Wohn- und Nichtwohngebäude;GSSZL1;Geschosszahl;VOLLGSS-13UM;13 und mehr Vollgeschosse;3;Anzahl;BAU005;Neue Gebäude
31121;Statistik der Baufertigstellungen;JAHR;Jahr;2025;DLAND;Bundesländer;06;Hessen;BAUGB2;Gebäudeart;GBD-W-NW;Wohn- und Nichtwohngebäude;GSSZL1;Geschosszahl;VOLLGSS-13UM;13 und mehr Vollgeschosse;51285;Tsd. EUR;VKB001;Veranschlagte Kosten des Bauwerks
31121;Statistik der Baufertigstellungen;JAHR;Jahr;2025;DLAND;Bundesländer;06;Hessen;BAUGB2;Gebäudeart;GBD-W-NW;Wohn- und Nichtwohngebäude;GSSZL1;Geschosszahl;VOLLGSS-13UM;13 und mehr Vollgeschosse;128;1000 cbm;FLC003;Rauminhalt
31121;Statistik der Baufertigstellungen;JAHR;Jahr;2025;DLAND;Bundesländer;06;Hessen;BAUGB2;Gebäudeart;GBD-W-NW;Wohn- und Nichtwohngebäude;GSSZL1;Geschosszahl;VOLLGSS-13UM;13 und mehr Vollgeschosse;5;1000 qm;FLC002;Nutzfläche
31121;Statistik der Baufertigstellungen;JAHR;Jahr;2025;DLAND;Bundesländer;05;Nordrhein-Westfalen;BAUGB2;Gebäudeart;GBD-W;Wohngebäude;GSSZL1;Geschosszahl;VOLLGSS-13UM;13 und mehr Vollgeschosse;16;1000 qm;FLC014;Wohnfläche der Wohnungen
31121;Statistik der Baufertigstellungen;JAHR;Jahr;2025;DLAND;Bundesländer;05;Nordrhein-Westfalen;BAUGB2;Gebäudeart;GBD-W;Wohngebäude;GSSZL1;Geschosszahl;VOLLGSS-13UM;13 und mehr Vollgeschosse;155;Anzahl;WOHN01;Wohnungen
31121;Statistik der Baufertigstellungen;JAHR;Jahr;2025;DLAND;Bundesländer;05;Nordrhein-Westfalen;BAUGB2;Gebäudeart;GBD-W;Wohngebäude;GSSZL1;Geschosszahl;VOLLGSS-13UM;13 und mehr Vollgeschosse;2;Anzahl;BAU005;Neue Gebäude
31121;Statistik der Baufertigstellungen;JAHR;Jahr;2025;DLAND;Bundesländer;05;Nordrhein-Westfalen;BAUGB2;Gebäudeart;GBD-W;Wohngebäude;GSSZL1;Geschosszahl;VOLLGSS-13UM;13 und mehr Vollgeschosse;46228;Tsd. EUR;VKB001;Veranschlagte Kosten des Bauwerks
31121;Statistik der Baufertigstellungen;JAHR;Jahr;2025;DLAND;Bundesländer;05;Nordrhein-Westfalen;BAUGB2;Gebäudeart;GBD-W;Wohngebäude;GSSZL1;Geschosszahl;VOLLGSS-13UM;13 und mehr Vollgeschosse;111;1000 cbm;FLC003;Rauminhalt
31121;Statistik der Baufertigstellungen;JAHR;Jahr;2025;DLAND;Bundesländer;05;Nordrhein-Westfalen;BAUGB2;Gebäudeart;GBD-W;Wohngebäude;GSSZL1;Geschosszahl;VOLLGSS-13UM;13 und mehr Vollgeschosse;6;1000 qm;FLC002;Nutzfläche
31121;Statistik der Baufertigstellungen;JAHR;Jahr;2025;DLAND;Bundesländer;06;Hessen;BAUGB2;Gebäudeart;GBD-NW;Nichtwohngebäude;GSSZL1;Geschosszahl;VOLLGSS-04-05;4-5 Vollgeschosse;2;1000 qm;FLC014;Wohnfläche der Wohnungen
31121;Statistik der Baufertigstellungen;JAHR;Jahr;2025;DLAND;Bundesländer;06;Hessen;BAUGB2;Gebäudeart;GBD-NW;Nichtwohngebäude;GSSZL1;Geschosszahl;VOLLGSS-04-05;4-5 Vollgeschosse;36;Anzahl;WOHN01;Wohnungen
31121;Statistik der Baufertigstellungen;JAHR;Jahr;2025;DLAND;Bundesländer;06;Hessen;BAUGB2;Gebäudeart;GBD-NW;Nichtwohngebäude;GSSZL1;Geschosszahl;VOLLGSS-04-05;4-5 Vollgeschosse;25;Anzahl;BAU005;Neue Gebäude
31121;Statistik der Baufertigstellungen;JAHR;Jahr;2025;DLAND;Bundesländer;06;Hessen;BAUGB2;Gebäudeart;GBD-NW;Nichtwohngebäude;GSSZL1;Geschosszahl;VOLLGSS-04-05;4-5 Vollgeschosse;425633;Tsd. EUR;VKB001;Veranschlagte Kosten des Bauwerks
31121;Statistik der Baufertigstellungen;JAHR;Jahr;2025;DLAND;Bundesländer;06;Hessen;BAUGB2;Gebäudeart;GBD-NW;Nichtwohngebäude;GSSZL1;Geschosszahl;VOLLGSS-04-05;4-5 Vollgeschosse;728;1000 cbm;FLC003;Rauminhalt
31121;Statistik der Baufertigstellungen;JAHR;Jahr;2025;DLAND;Bundesländer;06;Hessen;BAUGB2;Gebäudeart;GBD-NW;Nichtwohngebäude;GSSZL1;Geschosszahl;VOLLGSS-04-05;4-5 Vollgeschosse;129;1000 qm;FLC002;Nutzfläche
31121;Statistik der Baufertigstellungen;JAHR;Jahr;2025;DLAND;Bundesländer;14;Sachsen;BAUGB2;Gebäudeart;GBD-NW;Nichtwohngebäude;GSSZL1;Geschosszahl;VOLLGSS-08-12;8-12 Vollgeschosse;-;1000 qm;FLC014;Wohnfläche der Wohnungen
31121;Statistik der Baufertigstellungen;JAHR;Jahr;2025;DLAND;Bundesländer;14;Sachsen;BAUGB2;Gebäudeart;GBD-NW;Nichtwohngebäude;GSSZL1;Geschosszahl;VOLLGSS-08-12;8-12 Vollgeschosse;-;Anzahl;WOHN01;Wohnungen
31121;Statistik der Baufertigstellungen;JAHR;Jahr;2025;DLAND;Bundesländer;14;Sachsen;BAUGB2;Gebäudeart;GBD-NW;Nichtwohngebäude;GSSZL1;Geschosszahl;VOLLGSS-08-12;8-12 Vollgeschosse;3;Anzahl;BAU005;Neue Gebäude
31121;Statistik der Baufertigstellungen;JAHR;Jahr;2025;DLAND;Bundesländer;14;Sachsen;BAUGB2;Gebäudeart;GBD-NW;Nichtwohngebäude;GSSZL1;Geschosszahl;VOLLGSS-08-12;8-12 Vollgeschosse;116757;Tsd. EUR;VKB001;Veranschlagte Kosten des Bauwerks
31121;Statistik der Baufertigstellungen;JAHR;Jahr;2025;DLAND;Bundesländer;14;Sachsen;BAUGB2;Gebäudeart;GBD-NW;Nichtwohngebäude;GSSZL1;Geschosszahl;VOLLGSS-08-12;8-12 Vollgeschosse;186;1000 cbm;FLC003;Rauminhalt
31121;Statistik der Baufertigstellungen;JAHR;Jahr;2025;DLAND;Bundesländer;14;Sachsen;BAUGB2;Gebäudeart;GBD-NW;Nichtwohngebäude;GSSZL1;Geschosszahl;VOLLGSS-08-12;8-12 Vollgeschosse;27;1000 qm;FLC002;Nutzfläche
31121;Statistik der Baufertigstellungen;JAHR;Jahr;2025;DLAND;Bundesländer;04;Bremen;BAUGB2;Gebäudeart;GBD-NW;Nichtwohngebäude;GSSZL1;Geschosszahl;VOLLGSS-06-07;6-7 Vollgeschosse;-;1000 qm;FLC014;Wohnfläche der Wohnungen
31121;Statistik der Baufertigstellungen;JAHR;Jahr;2025;DLAND;Bundesländer;04;Bremen;BAUGB2;Gebäudeart;GBD-NW;Nichtwohngebäude;GSSZL1;Geschosszahl;VOLLGSS-06-07;6-7 Vollgeschosse;-;Anzahl;WOHN01;Wohnungen
31121;Statistik der Baufertigstellungen;JAHR;Jahr;2025;DLAND;Bundesländer;04;Bremen;BAUGB2;Gebäudeart;GBD-NW;Nichtwohngebäude;GSSZL1;Geschosszahl;VOLLGSS-06-07;6-7 Vollgeschosse;1;Anzahl;BAU005;Neue Gebäude
31121;Statistik der Baufertigstellungen;JAHR;Jahr;2025;DLAND;Bundesländer;04;Bremen;BAUGB2;Gebäudeart;GBD-NW;Nichtwohngebäude;GSSZL1;Geschosszahl;VOLLGSS-06-07;6-7 Vollgeschosse;7545;Tsd. EUR;VKB001;Veranschlagte Kosten des Bauwerks
31121;Statistik der Baufertigstellungen;JAHR;Jahr;2025;DLAND;Bundesländer;04;Bremen;BAUGB2;Gebäudeart;GBD-NW;Nichtwohngebäude;GSSZL1;Geschosszahl;VOLLGSS-06-07;6-7 Vollgeschosse;44;1000 cbm;FLC003;Rauminhalt
31121;Statistik der Baufertigstellungen;JAHR;Jahr;2025;DLAND;Bundesländer;04;Bremen;BAUGB2;Gebäudeart;GBD-NW;Nichtwohngebäude;GSSZL1;Geschosszahl;VOLLGSS-06-07;6-7 Vollgeschosse;8;1000 qm;FLC002;Nutzfläche
31121;Statistik der Baufertigstellungen;JAHR;Jahr;2025;DLAND;Bundesländer;08;Baden-Württemberg;BAUGB2;Gebäudeart;GBD-W;Wohngebäude;GSSZL1;Geschosszahl;VOLLGSS-06-07;6-7 Vollgeschosse;88;1000 qm;FLC014;Wohnfläche der Wohnungen
31121;Statistik der Baufertigstellungen;JAHR;Jahr;2025;DLAND;Bundesländer;08;Baden-Württemberg;BAUGB2;Gebäudeart;GBD-W;Wohngebäude;GSSZL1;Geschosszahl;VOLLGSS-06-07;6-7 Vollgeschosse;1303;Anzahl;WOHN01;Wohnungen
31121;Statistik der Baufertigstellungen;JAHR;Jahr;2025;DLAND;Bundesländer;08;Baden-Württemberg;BAUGB2;Gebäudeart;GBD-W;Wohngebäude;GSSZL1;Geschosszahl;VOLLGSS-06-07;6-7 Vollgeschosse;57;Anzahl;BAU005;Neue Gebäude
31121;Statistik der Baufertigstellungen;JAHR;Jahr;2025;DLAND;Bundesländer;08;Baden-Württemberg;BAUGB2;Gebäudeart;GBD-W;Wohngebäude;GSSZL1;Geschosszahl;VOLLGSS-06-07;6-7 Vollgeschosse;229243;Tsd. EUR;VKB001;Veranschlagte Kosten des Bauwerks
31121;Statistik der Baufertigstellungen;JAHR;Jahr;2025;DLAND;Bundesländer;08;Baden-Württemberg;BAUGB2;Gebäudeart;GBD-W;Wohngebäude;GSSZL1;Geschosszahl;VOLLGSS-06-07;6-7 Vollgeschosse;518;1000 cbm;FLC003;Rauminhalt
31121;Statistik der Baufertigstellungen;JAHR;Jahr;2025;DLAND;Bundesländer;08;Baden-Württemberg;BAUGB2;Gebäudeart;GBD-W;Wohngebäude;GSSZL1;Geschosszahl;VOLLGSS-06-07;6-7 Vollgeschosse;26;1000 qm;FLC002;Nutzfläche
31121;Statistik der Baufertigstellungen;JAHR;Jahr;2025;DLAND;Bundesländer;10;Saarland;BAUGB2;Gebäudeart;GBD-W;Wohngebäude;GSSZL1;Geschosszahl;VOLLGSS-04-05;4-5 Vollgeschosse;2;1000 qm;FLC014;Wohnfläche der Wohnungen
31121;Statistik der Baufertigstellungen;JAHR;Jahr;2025;DLAND;Bundesländer;10;Saarland;BAUGB2;Gebäudeart;GBD-W;Wohngebäude;GSSZL1;Geschosszahl;VOLLGSS-04-05;4-5 Vollgeschosse;22;Anzahl;WOHN01;Wohnungen
31121;Statistik der Baufertigstellungen;JAHR;Jahr;2025;DLAND;Bundesländer;10;Saarland;BAUGB2;Gebäudeart;GBD-W;Wohngebäude;GSSZL1;Geschosszahl;VOLLGSS-04-05;4-5 Vollgeschosse;3;Anzahl;BAU005;Neue Gebäude
31121;Statistik der Baufertigstellungen;JAHR;Jahr;2025;DLAND;Bundesländer;10;Saarland;BAUGB2;Gebäudeart;GBD-W;Wohngebäude;GSSZL1;Geschosszahl;VOLLGSS-04-05;4-5 Vollgeschosse;4600;Tsd. EUR;VKB001;Veranschlagte Kosten des Bauwerks
31121;Statistik der Baufertigstellungen;JAHR;Jahr;2025;DLAND;Bundesländer;10;Saarland;BAUGB2;Gebäudeart;GBD-W;Wohngebäude;GSSZL1;Geschosszahl;VOLLGSS-04-05;4-5 Vollgeschosse;13;1000 cbm;FLC003;Rauminhalt
31121;Statistik der Baufertigstellungen;JAHR;Jahr;2025;DLAND;Bundesländer;10;Saarland;BAUGB2;Gebäudeart;GBD-W;Wohngebäude;GSSZL1;Geschosszahl;VOLLGSS-04-05;4-5 Vollgeschosse;0;1000 qm;FLC002;Nutzfläche
31121;Statistik der Baufertigstellungen;JAHR;Jahr;2025;DLAND;Bundesländer;14;Sachsen;BAUGB2;Gebäudeart;GBD-W-NW;Wohn- und Nichtwohngebäude;GSSZL1;Geschosszahl;VOLLGSS-13UM;13 und mehr Vollgeschosse;3;1000 qm;FLC014;Wohnfläche der Wohnungen
31121;Statistik der Baufertigstellungen;JAHR;Jahr;2025;DLAND;Bundesländer;14;Sachsen;BAUGB2;Gebäudeart;GBD-W-NW;Wohn- und Nichtwohngebäude;GSSZL1;Geschosszahl;VOLLGSS-13UM;13 und mehr Vollgeschosse;46;Anzahl;WOHN01;Wohnungen
31121;Statistik der Baufertigstellungen;JAHR;Jahr;2025;DLAND;Bundesländer;14;Sachsen;BAUGB2;Gebäudeart;GBD-W-NW;Wohn- und Nichtwohngebäude;GSSZL1;Geschosszahl;VOLLGSS-13UM;13 und mehr Vollgeschosse;1;Anzahl;BAU005;Neue Gebäude
31121;Statistik der Baufertigstellungen;JAHR;Jahr;2025;DLAND;Bundesländer;14;Sachsen;BAUGB2;Gebäudeart;GBD-W-NW;Wohn- und Nichtwohngebäude;GSSZL1;Geschosszahl;VOLLGSS-13UM;13 und mehr Vollgeschosse;4300;Tsd. EUR;VKB001;Veranschlagte Kosten des Bauwerks
31121;Statistik der Baufertigstellungen;JAHR;Jahr;2025;DLAND;Bundesländer;14;Sachsen;BAUGB2;Gebäudeart;GBD-W-NW;Wohn- und Nichtwohngebäude;GSSZL1;Geschosszahl;VOLLGSS-13UM;13 und mehr Vollgeschosse;14;1000 cbm;FLC003;Rauminhalt
31121;Statistik der Baufertigstellungen;JAHR;Jahr;2025;DLAND;Bundesländer;14;Sachsen;BAUGB2;Gebäudeart;GBD-W-NW;Wohn- und Nichtwohngebäude;GSSZL1;Geschosszahl;VOLLGSS-13UM;13 und mehr Vollgeschosse;1;1000 qm;FLC002;Nutzfläche
31121;Statistik der Baufertigstellungen;JAHR;Jahr;2025;DLAND;Bundesländer;13;Mecklenburg-Vorpommern;BAUGB2;Gebäudeart;GBD-W-NW;Wohn- und Nichtwohngebäude;GSSZL1;Geschosszahl;VOLLGSS-01;1 Vollgeschoss;129;1000 qm;FLC014;Wohnfläche der Wohnungen
31121;Statistik der Baufertigstellungen;JAHR;Jahr;2025;DLAND;Bundesländer;13;Mecklenburg-Vorpommern;BAUGB2;Gebäudeart;GBD-W-NW;Wohn- und Nichtwohngebäude;GSSZL1;Geschosszahl;VOLLGSS-01;1 Vollgeschoss;1049;Anzahl;WOHN01;Wohnungen
31121;Statistik der Baufertigstellungen;JAHR;Jahr;2025;DLAND;Bundesländer;13;Mecklenburg-Vorpommern;BAUGB2;Gebäudeart;GBD-W-NW;Wohn- und Nichtwohngebäude;GSSZL1;Geschosszahl;VOLLGSS-01;1 Vollgeschoss;1271;Anzahl;BAU005;Neue Gebäude
31121;Statistik der Baufertigstellungen;JAHR;Jahr;2025;DLAND;Bundesländer;13;Mecklenburg-Vorpommern;BAUGB2;Gebäudeart;GBD-W-NW;Wohn- und Nichtwohngebäude;GSSZL1;Geschosszahl;VOLLGSS-01;1 Vollgeschoss;446140;Tsd. EUR;VKB001;Veranschlagte Kosten des Bauwerks
31121;Statistik der Baufertigstellungen;JAHR;Jahr;2025;DLAND;Bundesländer;13;Mecklenburg-Vorpommern;BAUGB2;Gebäudeart;GBD-W-NW;Wohn- und Nichtwohngebäude;GSSZL1;Geschosszahl;VOLLGSS-01;1 Vollgeschoss;1965;1000 cbm;FLC003;Rauminhalt
31121;Statistik der Baufertigstellungen;JAHR;Jahr;2025;DLAND;Bundesländer;13;Mecklenburg-Vorpommern;BAUGB2;Gebäudeart;GBD-W-NW;Wohn- und Nichtwohngebäude;GSSZL1;Geschosszahl;VOLLGSS-01;1 Vollgeschoss;200;1000 qm;FLC002;Nutzfläche
31121;Statistik der Baufertigstellungen;JAHR;Jahr;2025;DLAND;Bundesländer;15;Sachsen-Anhalt;BAUGB2;Gebäudeart;GBD-W-NW;Wohn- und Nichtwohngebäude;GSSZL1;Geschosszahl;VOLLGSS-02;2 Vollgeschosse;75;1000 qm;FLC014;Wohnfläche der Wohnungen
31121;Statistik der Baufertigstellungen;JAHR;Jahr;2025;DLAND;Bundesländer;15;Sachsen-Anhalt;BAUGB2;Gebäudeart;GBD-W-NW;Wohn- und Nichtwohngebäude;GSSZL1;Geschosszahl;VOLLGSS-02;2 Vollgeschosse;596;Anzahl;WOHN01;Wohnungen
31121;Statistik der Baufertigstellungen;JAHR;Jahr;2025;DLAND;Bundesländer;15;Sachsen-Anhalt;BAUGB2;Gebäudeart;GBD-W-NW;Wohn- und Nichtwohngebäude;GSSZL1;Geschosszahl;VOLLGSS-02;2 Vollgeschosse;478;Anzahl;BAU005;Neue Gebäude
31121;Statistik der Baufertigstellungen;JAHR;Jahr;2025;DLAND;Bundesländer;15;Sachsen-Anhalt;BAUGB2;Gebäudeart;GBD-W-NW;Wohn- und Nichtwohngebäude;GSSZL1;Geschosszahl;VOLLGSS-02;2 Vollgeschosse;290382;Tsd. EUR;VKB001;Veranschlagte Kosten des Bauwerks
31121;Statistik der Baufertigstellungen;JAHR;Jahr;2025;DLAND;Bundesländer;15;Sachsen-Anhalt;BAUGB2;Gebäudeart;GBD-W-NW;Wohn- und Nichtwohngebäude;GSSZL1;Geschosszahl;VOLLGSS-02;2 Vollgeschosse;2034;1000 cbm;FLC003;Rauminhalt
31121;Statistik der Baufertigstellungen;JAHR;Jahr;2025;DLAND;Bundesländer;15;Sachsen-Anhalt;BAUGB2;Gebäudeart;GBD-W-NW;Wohn- und Nichtwohngebäude;GSSZL1;Geschosszahl;VOLLGSS-02;2 Vollgeschosse;176;1000 qm;FLC002;Nutzfläche
31121;Statistik der Baufertigstellungen;JAHR;Jahr;2025;DLAND;Bundesländer;01;Schleswig-Holstein;BAUGB2;Gebäudeart;GBD-W;Wohngebäude;GSSZL1;Geschosszahl;VOLLGSS-02;2 Vollgeschosse;232;1000 qm;FLC014;Wohnfläche der Wohnungen
31121;Statistik der Baufertigstellungen;JAHR;Jahr;2025;DLAND;Bundesländer;01;Schleswig-Holstein;BAUGB2;Gebäudeart;GBD-W;Wohngebäude;GSSZL1;Geschosszahl;VOLLGSS-02;2 Vollgeschosse;2425;Anzahl;WOHN01;Wohnungen
31121;Statistik der Baufertigstellungen;JAHR;Jahr;2025;DLAND;Bundesländer;01;Schleswig-Holstein;BAUGB2;Gebäudeart;GBD-W;Wohngebäude;GSSZL1;Geschosszahl;VOLLGSS-02;2 Vollgeschosse;960;Anzahl;BAU005;Neue Gebäude
31121;Statistik der Baufertigstellungen;JAHR;Jahr;2025;DLAND;Bundesländer;01;Schleswig-Holstein;BAUGB2;Gebäudeart;GBD-W;Wohngebäude;GSSZL1;Geschosszahl;VOLLGSS-02;2 Vollgeschosse;483413;Tsd. EUR;VKB001;Veranschlagte Kosten des Bauwerks
31121;Statistik der Baufertigstellungen;JAHR;Jahr;2025;DLAND;Bundesländer;01;Schleswig-Holstein;BAUGB2;Gebäudeart;GBD-W;Wohngebäude;GSSZL1;Geschosszahl;VOLLGSS-02;2 Vollgeschosse;1139;1000 cbm;FLC003;Rauminhalt
31121;Statistik der Baufertigstellungen;JAHR;Jahr;2025;DLAND;Bundesländer;01;Schleswig-Holstein;BAUGB2;Gebäudeart;GBD-W;Wohngebäude;GSSZL1;Geschosszahl;VOLLGSS-02;2 Vollgeschosse;45;1000 qm;FLC002;Nutzfläche
31121;Statistik der Baufertigstellungen;JAHR;Jahr;2025;DLAND;Bundesländer;06;Hessen;BAUGB2;Gebäudeart;GBD-W-NW;Wohn- und Nichtwohngebäude;GSSZL1;Geschosszahl;VOLLGSS-02;2 Vollgeschosse;529;1000 qm;FLC014;Wohnfläche der Wohnungen
31121;Statistik der Baufertigstellungen;JAHR;Jahr;2025;DLAND;Bundesländer;06;Hessen;BAUGB2;Gebäudeart;GBD-W-NW;Wohn- und Nichtwohngebäude;GSSZL1;Geschosszahl;VOLLGSS-02;2 Vollgeschosse;4407;Anzahl;WOHN01;Wohnungen
31121;Statistik der Baufertigstellungen;JAHR;Jahr;2025;DLAND;Bundesländer;06;Hessen;BAUGB2;Gebäudeart;GBD-W-NW;Wohn- und Nichtwohngebäude;GSSZL1;Geschosszahl;VOLLGSS-02;2 Vollgeschosse;2366;Anzahl;BAU005;Neue Gebäude
31121;Statistik der Baufertigstellungen;JAHR;Jahr;2025;DLAND;Bundesländer;06;Hessen;BAUGB2;Gebäudeart;GBD-W-NW;Wohn- und Nichtwohngebäude;GSSZL1;Geschosszahl;VOLLGSS-02;2 Vollgeschosse;1600485;Tsd. EUR;VKB001;Veranschlagte Kosten des Bauwerks
31121;Statistik der Baufertigstellungen;JAHR;Jahr;2025;DLAND;Bundesländer;06;Hessen;BAUGB2;Gebäudeart;GBD-W-NW;Wohn- und Nichtwohngebäude;GSSZL1;Geschosszahl;VOLLGSS-02;2 Vollgeschosse;4353;1000 cbm;FLC003;Rauminhalt
31121;Statistik der Baufertigstellungen;JAHR;Jahr;2025;DLAND;Bundesländer;06;Hessen;BAUGB2;Gebäudeart;GBD-W-NW;Wohn- und Nichtwohngebäude;GSSZL1;Geschosszahl;VOLLGSS-02;2 Vollgeschosse;394;1000 qm;FLC002;Nutzfläche
31121;Statistik der Baufertigstellungen;JAHR;Jahr;2025;DLAND;Bundesländer;15;Sachsen-Anhalt;BAUGB2;Gebäudeart;GBD-W;Wohngebäude;GSSZL1;Geschosszahl;VOLLGSS-08-12;8-12 Vollgeschosse;-;1000 qm;FLC014;Wohnfläche der Wohnungen
31121;Statistik der Baufertigstellungen;JAHR;Jahr;2025;DLAND;Bundesländer;15;Sachsen-Anhalt;BAUGB2;Gebäudeart;GBD-W;Wohngebäude;GSSZL1;Geschosszahl;VOLLGSS-08-12;8-12 Vollgeschosse;-;Anzahl;WOHN01;Wohnungen
31121;Statistik der Baufertigstellungen;JAHR;Jahr;2025;DLAND;Bundesländer;15;Sachsen-Anhalt;BAUGB2;Gebäudeart;GBD-W;Wohngebäude;GSSZL1;Geschosszahl;VOLLGSS-08-12;8-12 Vollgeschosse;-;Anzahl;BAU005;Neue Gebäude
31121;Statistik der Baufertigstellungen;JAHR;Jahr;2025;DLAND;Bundesländer;15;Sachsen-Anhalt;BAUGB2;Gebäudeart;GBD-W;Wohngebäude;GSSZL1;Geschosszahl;VOLLGSS-08-12;8-12 Vollgeschosse;-;Tsd. EUR;VKB001;Veranschlagte Kosten des Bauwerks
31121;Statistik der Baufertigstellungen;JAHR;Jahr;2025;DLAND;Bundesländer;15;Sachsen-Anhalt;BAUGB2;Gebäudeart;GBD-W;Wohngebäude;GSSZL1;Geschosszahl;VOLLGSS-08-12;8-12 Vollgeschosse;-;1000 cbm;FLC003;Rauminhalt
31121;Statistik der Baufertigstellungen;JAHR;Jahr;2025;DLAND;Bundesländer;15;Sachsen-Anhalt;BAUGB2;Gebäudeart;GBD-W;Wohngebäude;GSSZL1;Geschosszahl;VOLLGSS-08-12;8-12 Vollgeschosse;-;1000 qm;FLC002;Nutzfläche
31121;Statistik der Baufertigstellungen;JAHR;Jahr;2025;DLAND;Bundesländer;11;Berlin;BAUGB2;Gebäudeart;GBD-W;Wohngebäude;GSSZL1;Geschosszahl;VOLLGSS-02;2 Vollgeschosse;105;1000 qm;FLC014;Wohnfläche der Wohnungen
31121;Statistik der Baufertigstellungen;JAHR;Jahr;2025;DLAND;Bundesländer;11;Berlin;BAUGB2;Gebäudeart;GBD-W;Wohngebäude;GSSZL1;Geschosszahl;VOLLGSS-02;2 Vollgeschosse;906;Anzahl;WOHN01;Wohnungen
31121;Statistik der Baufertigstellungen;JAHR;Jahr;2025;DLAND;Bundesländer;11;Berlin;BAUGB2;Gebäudeart;GBD-W;Wohngebäude;GSSZL1;Geschosszahl;VOLLGSS-02;2 Vollgeschosse;606;Anzahl;BAU005;Neue Gebäude
31121;Statistik der Baufertigstellungen;JAHR;Jahr;2025;DLAND;Bundesländer;11;Berlin;BAUGB2;Gebäudeart;GBD-W;Wohngebäude;GSSZL1;Geschosszahl;VOLLGSS-02;2 Vollgeschosse;243436;Tsd. EUR;VKB001;Veranschlagte Kosten des Bauwerks
31121;Statistik der Baufertigstellungen;JAHR;Jahr;2025;DLAND;Bundesländer;11;Berlin;BAUGB2;Gebäudeart;GBD-W;Wohngebäude;GSSZL1;Geschosszahl;VOLLGSS-02;2 Vollgeschosse;524;1000 cbm;FLC003;Rauminhalt
31121;Statistik der Baufertigstellungen;JAHR;Jahr;2025;DLAND;Bundesländer;11;Berlin;BAUGB2;Gebäudeart;GBD-W;Wohngebäude;GSSZL1;Geschosszahl;VOLLGSS-02;2 Vollgeschosse;22;1000 qm;FLC002;Nutzfläche
31121;Statistik der Baufertigstellungen;JAHR;Jahr;2025;DLAND;Bundesländer;04;Bremen;BAUGB2;Gebäudeart;GBD-W-NW;Wohn- und Nichtwohngebäude;GSSZL1;Geschosszahl;VOLLGSS-01;1 Vollgeschoss;14;1000 qm;FLC014;Wohnfläche der Wohnungen
31121;Statistik der Baufertigstellungen;JAHR;Jahr;2025;DLAND;Bundesländer;04;Bremen;BAUGB2;Gebäudeart;GBD-W-NW;Wohn- und Nichtwohngebäude;GSSZL1;Geschosszahl;VOLLGSS-01;1 Vollgeschoss;113;Anzahl;WOHN01;Wohnungen
31121;Statistik der Baufertigstellungen;JAHR;Jahr;2025;DLAND;Bundesländer;04;Bremen;BAUGB2;Gebäudeart;GBD-W-NW;Wohn- und Nichtwohngebäude;GSSZL1;Geschosszahl;VOLLGSS-01;1 Vollgeschoss;137;Anzahl;BAU005;Neue Gebäude
31121;Statistik der Baufertigstellungen;JAHR;Jahr;2025;DLAND;Bundesländer;04;Bremen;BAUGB2;Gebäudeart;GBD-W-NW;Wohn- und Nichtwohngebäude;GSSZL1;Geschosszahl;VOLLGSS-01;1 Vollgeschoss;79315;Tsd. EUR;VKB001;Veranschlagte Kosten des Bauwerks
31121;Statistik der Baufertigstellungen;JAHR;Jahr;2025;DLAND;Bundesländer;04;Bremen;BAUGB2;Gebäudeart;GBD-W-NW;Wohn- und Nichtwohngebäude;GSSZL1;Geschosszahl;VOLLGSS-01;1 Vollgeschoss;1325;1000 cbm;FLC003;Rauminhalt
31121;Statistik der Baufertigstellungen;JAHR;Jahr;2025;DLAND;Bundesländer;04;Bremen;BAUGB2;Gebäudeart;GBD-W-NW;Wohn- und Nichtwohngebäude;GSSZL1;Geschosszahl;VOLLGSS-01;1 Vollgeschoss;112;1000 qm;FLC002;Nutzfläche
31121;Statistik der Baufertigstellungen;JAHR;Jahr;2025;DLAND;Bundesländer;01;Schleswig-Holstein;BAUGB2;Gebäudeart;GBD-W;Wohngebäude;GSSZL1;Geschosszahl;VOLLGSS-04-05;4-5 Vollgeschosse;100;1000 qm;FLC014;Wohnfläche der Wohnungen
31121;Statistik der Baufertigstellungen;JAHR;Jahr;2025;DLAND;Bundesländer;01;Schleswig-Holstein;BAUGB2;Gebäudeart;GBD-W;Wohngebäude;GSSZL1;Geschosszahl;VOLLGSS-04-05;4-5 Vollgeschosse;1406;Anzahl;WOHN01;Wohnungen
31121;Statistik der Baufertigstellungen;JAHR;Jahr;2025;DLAND;Bundesländer;01;Schleswig-Holstein;BAUGB2;Gebäudeart;GBD-W;Wohngebäude;GSSZL1;Geschosszahl;VOLLGSS-04-05;4-5 Vollgeschosse;63;Anzahl;BAU005;Neue Gebäude
31121;Statistik der Baufertigstellungen;JAHR;Jahr;2025;DLAND;Bundesländer;01;Schleswig-Holstein;BAUGB2;Gebäudeart;GBD-W;Wohngebäude;GSSZL1;Geschosszahl;VOLLGSS-04-05;4-5 Vollgeschosse;200973;Tsd. EUR;VKB001;Veranschlagte Kosten des Bauwerks
31121;Statistik der Baufertigstellungen;JAHR;Jahr;2025;DLAND;Bundesländer;01;Schleswig-Holstein;BAUGB2;Gebäudeart;GBD-W;Wohngebäude;GSSZL1;Geschosszahl;VOLLGSS-04-05;4-5 Vollgeschosse;511;1000 cbm;FLC003;Rauminhalt
31121;Statistik der Baufertigstellungen;JAHR;Jahr;2025;DLAND;Bundesländer;01;Schleswig-Holstein;BAUGB2;Gebäudeart;GBD-W;Wohngebäude;GSSZL1;Geschosszahl;VOLLGSS-04-05;4-5 Vollgeschosse;24;1000 qm;FLC002;Nutzfläche
31121;Statistik der Baufertigstellungen;JAHR;Jahr;2025;DLAND;Bundesländer;03;Niedersachsen;BAUGB2;Gebäudeart;GBD-NW;Nichtwohngebäude;GSSZL1;Geschosszahl;VOLLGSS-06-07;6-7 Vollgeschosse;-;1000 qm;FLC014;Wohnfläche der Wohnungen
31121;Statistik der Baufertigstellungen;JAHR;Jahr;2025;DLAND;Bundesländer;03;Niedersachsen;BAUGB2;Gebäudeart;GBD-NW;Nichtwohngebäude;GSSZL1;Geschosszahl;VOLLGSS-06-07;6-7 Vollgeschosse;-;Anzahl;WOHN01;Wohnungen
31121;Statistik der Baufertigstellungen;JAHR;Jahr;2025;DLAND;Bundesländer;03;Niedersachsen;BAUGB2;Gebäudeart;GBD-NW;Nichtwohngebäude;GSSZL1;Geschosszahl;VOLLGSS-06-07;6-7 Vollgeschosse;1;Anzahl;BAU005;Neue Gebäude
31121;Statistik der Baufertigstellungen;JAHR;Jahr;2025;DLAND;Bundesländer;03;Niedersachsen;BAUGB2;Gebäudeart;GBD-NW;Nichtwohngebäude;GSSZL1;Geschosszahl;VOLLGSS-06-07;6-7 Vollgeschosse;42695;Tsd. EUR;VKB001;Veranschlagte Kosten des Bauwerks
31121;Statistik der Baufertigstellungen;JAHR;Jahr;2025;DLAND;Bundesländer;03;Niedersachsen;BAUGB2;Gebäudeart;GBD-NW;Nichtwohngebäude;GSSZL1;Geschosszahl;VOLLGSS-06-07;6-7 Vollgeschosse;175;1000 cbm;FLC003;Rauminhalt
31121;Statistik der Baufertigstellungen;JAHR;Jahr;2025;DLAND;Bundesländer;03;Niedersachsen;BAUGB2;Gebäudeart;GBD-NW;Nichtwohngebäude;GSSZL1;Geschosszahl;VOLLGSS-06-07;6-7 Vollgeschosse;30;1000 qm;FLC002;Nutzfläche
31121;Statistik der Baufertigstellungen;JAHR;Jahr;2025;DLAND;Bundesländer;12;Brandenburg;BAUGB2;Gebäudeart;GBD-W;Wohngebäude;GSSZL1;Geschosszahl;VOLLGSS-06-07;6-7 Vollgeschosse;15;1000 qm;FLC014;Wohnfläche der Wohnungen
31121;Statistik der Baufertigstellungen;JAHR;Jahr;2025;DLAND;Bundesländer;12;Brandenburg;BAUGB2;Gebäudeart;GBD-W;Wohngebäude;GSSZL1;Geschosszahl;VOLLGSS-06-07;6-7 Vollgeschosse;396;Anzahl;WOHN01;Wohnungen
31121;Statistik der Baufertigstellungen;JAHR;Jahr;2025;DLAND;Bundesländer;12;Brandenburg;BAUGB2;Gebäudeart;GBD-W;Wohngebäude;GSSZL1;Geschosszahl;VOLLGSS-06-07;6-7 Vollgeschosse;7;Anzahl;BAU005;Neue Gebäude
31121;Statistik der Baufertigstellungen;JAHR;Jahr;2025;DLAND;Bundesländer;12;Brandenburg;BAUGB2;Gebäudeart;GBD-W;Wohngebäude;GSSZL1;Geschosszahl;VOLLGSS-06-07;6-7 Vollgeschosse;23611;Tsd. EUR;VKB001;Veranschlagte Kosten des Bauwerks
31121;Statistik der Baufertigstellungen;JAHR;Jahr;2025;DLAND;Bundesländer;12;Brandenburg;BAUGB2;Gebäudeart;GBD-W;Wohngebäude;GSSZL1;Geschosszahl;VOLLGSS-06-07;6-7 Vollgeschosse;62;1000 cbm;FLC003;Rauminhalt
31121;Statistik der Baufertigstellungen;JAHR;Jahr;2025;DLAND;Bundesländer;12;Brandenburg;BAUGB2;Gebäudeart;GBD-W;Wohngebäude;GSSZL1;Geschosszahl;VOLLGSS-06-07;6-7 Vollgeschosse;4;1000 qm;FLC002;Nutzfläche
31121;Statistik der Baufertigstellungen;JAHR;Jahr;2025;DLAND;Bundesländer;14;Sachsen;BAUGB2;Gebäudeart;GBD-NW;Nichtwohngebäude;GSSZL1;Geschosszahl;VOLLGSS-01;1 Vollgeschoss;0;1000 qm;FLC014;Wohnfläche der Wohnungen
31121;Statistik der Baufertigstellungen;JAHR;Jahr;2025;DLAND;Bundesländer;14;Sachsen;BAUGB2;Gebäudeart;GBD-NW;Nichtwohngebäude;GSSZL1;Geschosszahl;VOLLGSS-01;1 Vollgeschoss;3;Anzahl;WOHN01;Wohnungen
31121;Statistik der Baufertigstellungen;JAHR;Jahr;2025;DLAND;Bundesländer;14;Sachsen;BAUGB2;Gebäudeart;GBD-NW;Nichtwohngebäude;GSSZL1;Geschosszahl;VOLLGSS-01;1 Vollgeschoss;643;Anzahl;BAU005;Neue Gebäude
31121;Statistik der Baufertigstellungen;JAHR;Jahr;2025;DLAND;Bundesländer;14;Sachsen;BAUGB2;Gebäudeart;GBD-NW;Nichtwohngebäude;GSSZL1;Geschosszahl;VOLLGSS-01;1 Vollgeschoss;430316;Tsd. EUR;VKB001;Veranschlagte Kosten des Bauwerks
31121;Statistik der Baufertigstellungen;JAHR;Jahr;2025;DLAND;Bundesländer;14;Sachsen;BAUGB2;Gebäudeart;GBD-NW;Nichtwohngebäude;GSSZL1;Geschosszahl;VOLLGSS-01;1 Vollgeschoss;3667;1000 cbm;FLC003;Rauminhalt
31121;Statistik der Baufertigstellungen;JAHR;Jahr;2025;DLAND;Bundesländer;14;Sachsen;BAUGB2;Gebäudeart;GBD-NW;Nichtwohngebäude;GSSZL1;Geschosszahl;VOLLGSS-01;1 Vollgeschoss;432;1000 qm;FLC002;Nutzfläche
31121;Statistik der Baufertigstellungen;JAHR;Jahr;2025;DLAND;Bundesländer;06;Hessen;BAUGB2;Gebäudeart;GBD-W;Wohngebäude;GSSZL1;Geschosszahl;VOLLGSS-04-05;4-5 Vollgeschosse;157;1000 qm;FLC014;Wohnfläche der Wohnungen
31121;Statistik der Baufertigstellungen;JAHR;Jahr;2025;DLAND;Bundesländer;06;Hessen;BAUGB2;Gebäudeart;GBD-W;Wohngebäude;GSSZL1;Geschosszahl;VOLLGSS-04-05;4-5 Vollgeschosse;2055;Anzahl;WOHN01;Wohnungen
31121;Statistik der Baufertigstellungen;JAHR;Jahr;2025;DLAND;Bundesländer;06;Hessen;BAUGB2;Gebäudeart;GBD-W;Wohngebäude;GSSZL1;Geschosszahl;VOLLGSS-04-05;4-5 Vollgeschosse;123;Anzahl;BAU005;Neue Gebäude
31121;Statistik der Baufertigstellungen;JAHR;Jahr;2025;DLAND;Bundesländer;06;Hessen;BAUGB2;Gebäudeart;GBD-W;Wohngebäude;GSSZL1;Geschosszahl;VOLLGSS-04-05;4-5 Vollgeschosse;320231;Tsd. EUR;VKB001;Veranschlagte Kosten des Bauwerks
31121;Statistik der Baufertigstellungen;JAHR;Jahr;2025;DLAND;Bundesländer;06;Hessen;BAUGB2;Gebäudeart;GBD-W;Wohngebäude;GSSZL1;Geschosszahl;VOLLGSS-04-05;4-5 Vollgeschosse;816;1000 cbm;FLC003;Rauminhalt
31121;Statistik der Baufertigstellungen;JAHR;Jahr;2025;DLAND;Bundesländer;06;Hessen;BAUGB2;Gebäudeart;GBD-W;Wohngebäude;GSSZL1;Geschosszahl;VOLLGSS-04-05;4-5 Vollgeschosse;39;1000 qm;FLC002;Nutzfläche
31121;Statistik der Baufertigstellungen;JAHR;Jahr;2025;DLAND;Bundesländer;01;Schleswig-Holstein;BAUGB2;Gebäudeart;GBD-W;Wohngebäude;GSSZL1;Geschosszahl;VOLLGSS-06-07;6-7 Vollgeschosse;5;1000 qm;FLC014;Wohnfläche der Wohnungen
31121;Statistik der Baufertigstellungen;JAHR;Jahr;2025;DLAND;Bundesländer;01;Schleswig-Holstein;BAUGB2;Gebäudeart;GBD-W;Wohngebäude;GSSZL1;Geschosszahl;VOLLGSS-06-07;6-7 Vollgeschosse;74;Anzahl;WOHN01;Wohnungen
31121;Statistik der Baufertigstellungen;JAHR;Jahr;2025;DLAND;Bundesländer;01;Schleswig-Holstein;BAUGB2;Gebäudeart;GBD-W;Wohngebäude;GSSZL1;Geschosszahl;VOLLGSS-06-07;6-7 Vollgeschosse;1;Anzahl;BAU005;Neue Gebäude
31121;Statistik der Baufertigstellungen;JAHR;Jahr;2025;DLAND;Bundesländer;01;Schleswig-Holstein;BAUGB2;Gebäudeart;GBD-W;Wohngebäude;GSSZL1;Geschosszahl;VOLLGSS-06-07;6-7 Vollgeschosse;10588;Tsd. EUR;VKB001;Veranschlagte Kosten des Bauwerks
31121;Statistik der Baufertigstellungen;JAHR;Jahr;2025;DLAND;Bundesländer;01;Schleswig-Holstein;BAUGB2;Gebäudeart;GBD-W;Wohngebäude;GSSZL1;Geschosszahl;VOLLGSS-06-07;6-7 Vollgeschosse;31;1000 cbm;FLC003;Rauminhalt
31121;Statistik der Baufertigstellungen;JAHR;Jahr;2025;DLAND;Bundesländer;01;Schleswig-Holstein;BAUGB2;Gebäudeart;GBD-W;Wohngebäude;GSSZL1;Geschosszahl;VOLLGSS-06-07;6-7 Vollgeschosse;3;1000 qm;FLC002;Nutzfläche
31121;Statistik der Baufertigstellungen;JAHR;Jahr;2025;DLAND;Bundesländer;02;Hamburg;BAUGB2;Gebäudeart;GBD-W-NW;Wohn- und Nichtwohngebäude;GSSZL1;Geschosszahl;VOLLGSS-13UM;13 und mehr Vollgeschosse;7;1000 qm;FLC014;Wohnfläche der Wohnungen
31121;Statistik der Baufertigstellungen;JAHR;Jahr;2025;DLAND;Bundesländer;02;Hamburg;BAUGB2;Gebäudeart;GBD-W-NW;Wohn- und Nichtwohngebäude;GSSZL1;Geschosszahl;VOLLGSS-13UM;13 und mehr Vollgeschosse;75;Anzahl;WOHN01;Wohnungen
31121;Statistik der Baufertigstellungen;JAHR;Jahr;2025;DLAND;Bundesländer;02;Hamburg;BAUGB2;Gebäudeart;GBD-W-NW;Wohn- und Nichtwohngebäude;GSSZL1;Geschosszahl;VOLLGSS-13UM;13 und mehr Vollgeschosse;1;Anzahl;BAU005;Neue Gebäude
31121;Statistik der Baufertigstellungen;JAHR;Jahr;2025;DLAND;Bundesländer;02;Hamburg;BAUGB2;Gebäudeart;GBD-W-NW;Wohn- und Nichtwohngebäude;GSSZL1;Geschosszahl;VOLLGSS-13UM;13 und mehr Vollgeschosse;28361;Tsd. EUR;VKB001;Veranschlagte Kosten des Bauwerks
31121;Statistik der Baufertigstellungen;JAHR;Jahr;2025;DLAND;Bundesländer;02;Hamburg;BAUGB2;Gebäudeart;GBD-W-NW;Wohn- und Nichtwohngebäude;GSSZL1;Geschosszahl;VOLLGSS-13UM;13 und mehr Vollgeschosse;44;1000 cbm;FLC003;Rauminhalt
31121;Statistik der Baufertigstellungen;JAHR;Jahr;2025;DLAND;Bundesländer;02;Hamburg;BAUGB2;Gebäudeart;GBD-W-NW;Wohn- und Nichtwohngebäude;GSSZL1;Geschosszahl;VOLLGSS-13UM;13 und mehr Vollgeschosse;0;1000 qm;FLC002;Nutzfläche
31121;Statistik der Baufertigstellungen;JAHR;Jahr;2025;DLAND;Bundesländer;08;Baden-Württemberg;BAUGB2;Gebäudeart;GBD-W-NW;Wohn- und Nichtwohngebäude;GSSZL1;Geschosszahl;VOLLGSS-01;1 Vollgeschoss;220;1000 qm;FLC014;Wohnfläche der Wohnungen
31121;Statistik der Baufertigstellungen;JAHR;Jahr;2025;DLAND;Bundesländer;08;Baden-Württemberg;BAUGB2;Gebäudeart;GBD-W-NW;Wohn- und Nichtwohngebäude;GSSZL1;Geschosszahl;VOLLGSS-01;1 Vollgeschoss;1719;Anzahl;WOHN01;Wohnungen
31121;Statistik der Baufertigstellungen;JAHR;Jahr;2025;DLAND;Bundesländer;08;Baden-Württemberg;BAUGB2;Gebäudeart;GBD-W-NW;Wohn- und Nichtwohngebäude;GSSZL1;Geschosszahl;VOLLGSS-01;1 Vollgeschoss;3038;Anzahl;BAU005;Neue Gebäude
31121;Statistik der Baufertigstellungen;JAHR;Jahr;2025;DLAND;Bundesländer;08;Baden-Württemberg;BAUGB2;Gebäudeart;GBD-W-NW;Wohn- und Nichtwohngebäude;GSSZL1;Geschosszahl;VOLLGSS-01;1 Vollgeschoss;2462075;Tsd. EUR;VKB001;Veranschlagte Kosten des Bauwerks
31121;Statistik der Baufertigstellungen;JAHR;Jahr;2025;DLAND;Bundesländer;08;Baden-Württemberg;BAUGB2;Gebäudeart;GBD-W-NW;Wohn- und Nichtwohngebäude;GSSZL1;Geschosszahl;VOLLGSS-01;1 Vollgeschoss;14785;1000 cbm;FLC003;Rauminhalt
31121;Statistik der Baufertigstellungen;JAHR;Jahr;2025;DLAND;Bundesländer;08;Baden-Württemberg;BAUGB2;Gebäudeart;GBD-W-NW;Wohn- und Nichtwohngebäude;GSSZL1;Geschosszahl;VOLLGSS-01;1 Vollgeschoss;1668;1000 qm;FLC002;Nutzfläche
31121;Statistik der Baufertigstellungen;JAHR;Jahr;2025;DLAND;Bundesländer;15;Sachsen-Anhalt;BAUGB2;Gebäudeart;GBD-W-NW;Wohn- und Nichtwohngebäude;GSSZL1;Geschosszahl;VOLLGSS-04-05;4-5 Vollgeschosse;16;1000 qm;FLC014;Wohnfläche der Wohnungen
31121;Statistik der Baufertigstellungen;JAHR;Jahr;2025;DLAND;Bundesländer;15;Sachsen-Anhalt;BAUGB2;Gebäudeart;GBD-W-NW;Wohn- und Nichtwohngebäude;GSSZL1;Geschosszahl;VOLLGSS-04-05;4-5 Vollgeschosse;287;Anzahl;WOHN01;Wohnungen
31121;Statistik der Baufertigstellungen;JAHR;Jahr;2025;DLAND;Bundesländer;15;Sachsen-Anhalt;BAUGB2;Gebäudeart;GBD-W-NW;Wohn- und Nichtwohngebäude;GSSZL1;Geschosszahl;VOLLGSS-04-05;4-5 Vollgeschosse;15;Anzahl;BAU005;Neue Gebäude
31121;Statistik der Baufertigstellungen;JAHR;Jahr;2025;DLAND;Bundesländer;15;Sachsen-Anhalt;BAUGB2;Gebäudeart;GBD-W-NW;Wohn- und Nichtwohngebäude;GSSZL1;Geschosszahl;VOLLGSS-04-05;4-5 Vollgeschosse;177838;Tsd. EUR;VKB001;Veranschlagte Kosten des Bauwerks
31121;Statistik der Baufertigstellungen;JAHR;Jahr;2025;DLAND;Bundesländer;15;Sachsen-Anhalt;BAUGB2;Gebäudeart;GBD-W-NW;Wohn- und Nichtwohngebäude;GSSZL1;Geschosszahl;VOLLGSS-04-05;4-5 Vollgeschosse;140;1000 cbm;FLC003;Rauminhalt
31121;Statistik der Baufertigstellungen;JAHR;Jahr;2025;DLAND;Bundesländer;15;Sachsen-Anhalt;BAUGB2;Gebäudeart;GBD-W-NW;Wohn- und Nichtwohngebäude;GSSZL1;Geschosszahl;VOLLGSS-04-05;4-5 Vollgeschosse;15;1000 qm;FLC002;Nutzfläche
31121;Statistik der Baufertigstellungen;JAHR;Jahr;2025;DLAND;Bundesländer;10;Saarland;BAUGB2;Gebäudeart;GBD-NW;Nichtwohngebäude;GSSZL1;Geschosszahl;VOLLGSS-01;1 Vollgeschoss;0;1000 qm;FLC014;Wohnfläche der Wohnungen
31121;Statistik der Baufertigstellungen;JAHR;Jahr;2025;DLAND;Bundesländer;10;Saarland;BAUGB2;Gebäudeart;GBD-NW;Nichtwohngebäude;GSSZL1;Geschosszahl;VOLLGSS-01;1 Vollgeschoss;1;Anzahl;WOHN01;Wohnungen
31121;Statistik der Baufertigstellungen;JAHR;Jahr;2025;DLAND;Bundesländer;10;Saarland;BAUGB2;Gebäudeart;GBD-NW;Nichtwohngebäude;GSSZL1;Geschosszahl;VOLLGSS-01;1 Vollgeschoss;157;Anzahl;BAU005;Neue Gebäude
31121;Statistik der Baufertigstellungen;JAHR;Jahr;2025;DLAND;Bundesländer;10;Saarland;BAUGB2;Gebäudeart;GBD-NW;Nichtwohngebäude;GSSZL1;Geschosszahl;VOLLGSS-01;1 Vollgeschoss;54463;Tsd. EUR;VKB001;Veranschlagte Kosten des Bauwerks
31121;Statistik der Baufertigstellungen;JAHR;Jahr;2025;DLAND;Bundesländer;10;Saarland;BAUGB2;Gebäudeart;GBD-NW;Nichtwohngebäude;GSSZL1;Geschosszahl;VOLLGSS-01;1 Vollgeschoss;374;1000 cbm;FLC003;Rauminhalt
31121;Statistik der Baufertigstellungen;JAHR;Jahr;2025;DLAND;Bundesländer;10;Saarland;BAUGB2;Gebäudeart;GBD-NW;Nichtwohngebäude;GSSZL1;Geschosszahl;VOLLGSS-01;1 Vollgeschoss;53;1000 qm;FLC002;Nutzfläche
31121;Statistik der Baufertigstellungen;JAHR;Jahr;2025;DLAND;Bundesländer;09;Bayern;BAUGB2;Gebäudeart;GBD-NW;Nichtwohngebäude;GSSZL1;Geschosszahl;VOLLGSS-13UM;13 und mehr Vollgeschosse;-;1000 qm;FLC014;Wohnfläche der Wohnungen
31121;Statistik der Baufertigstellungen;JAHR;Jahr;2025;DLAND;Bundesländer;09;Bayern;BAUGB2;Gebäudeart;GBD-NW;Nichtwohngebäude;GSSZL1;Geschosszahl;VOLLGSS-13UM;13 und mehr Vollgeschosse;-;Anzahl;WOHN01;Wohnungen
31121;Statistik der Baufertigstellungen;JAHR;Jahr;2025;DLAND;Bundesländer;09;Bayern;BAUGB2;Gebäudeart;GBD-NW;Nichtwohngebäude;GSSZL1;Geschosszahl;VOLLGSS-13UM;13 und mehr Vollgeschosse;1;Anzahl;BAU005;Neue Gebäude
31121;Statistik der Baufertigstellungen;JAHR;Jahr;2025;DLAND;Bundesländer;09;Bayern;BAUGB2;Gebäudeart;GBD-NW;Nichtwohngebäude;GSSZL1;Geschosszahl;VOLLGSS-13UM;13 und mehr Vollgeschosse;65687;Tsd. EUR;VKB001;Veranschlagte Kosten des Bauwerks
31121;Statistik der Baufertigstellungen;JAHR;Jahr;2025;DLAND;Bundesländer;09;Bayern;BAUGB2;Gebäudeart;GBD-NW;Nichtwohngebäude;GSSZL1;Geschosszahl;VOLLGSS-13UM;13 und mehr Vollgeschosse;84;1000 cbm;FLC003;Rauminhalt
31121;Statistik der Baufertigstellungen;JAHR;Jahr;2025;DLAND;Bundesländer;09;Bayern;BAUGB2;Gebäudeart;GBD-NW;Nichtwohngebäude;GSSZL1;Geschosszahl;VOLLGSS-13UM;13 und mehr Vollgeschosse;14;1000 qm;FLC002;Nutzfläche
31121;Statistik der Baufertigstellungen;JAHR;Jahr;2025;DLAND;Bundesländer;11;Berlin;BAUGB2;Gebäudeart;GBD-W;Wohngebäude;GSSZL1;Geschosszahl;VOLLGSS-13UM;13 und mehr Vollgeschosse;5;1000 qm;FLC014;Wohnfläche der Wohnungen
31121;Statistik der Baufertigstellungen;JAHR;Jahr;2025;DLAND;Bundesländer;11;Berlin;BAUGB2;Gebäudeart;GBD-W;Wohngebäude;GSSZL1;Geschosszahl;VOLLGSS-13UM;13 und mehr Vollgeschosse;145;Anzahl;WOHN01;Wohnungen
31121;Statistik der Baufertigstellungen;JAHR;Jahr;2025;DLAND;Bundesländer;11;Berlin;BAUGB2;Gebäudeart;GBD-W;Wohngebäude;GSSZL1;Geschosszahl;VOLLGSS-13UM;13 und mehr Vollgeschosse;1;Anzahl;BAU005;Neue Gebäude
31121;Statistik der Baufertigstellungen;JAHR;Jahr;2025;DLAND;Bundesländer;11;Berlin;BAUGB2;Gebäudeart;GBD-W;Wohngebäude;GSSZL1;Geschosszahl;VOLLGSS-13UM;13 und mehr Vollgeschosse;6886;Tsd. EUR;VKB001;Veranschlagte Kosten des Bauwerks
31121;Statistik der Baufertigstellungen;JAHR;Jahr;2025;DLAND;Bundesländer;11;Berlin;BAUGB2;Gebäudeart;GBD-W;Wohngebäude;GSSZL1;Geschosszahl;VOLLGSS-13UM;13 und mehr Vollgeschosse;26;1000 cbm;FLC003;Rauminhalt
31121;Statistik der Baufertigstellungen;JAHR;Jahr;2025;DLAND;Bundesländer;11;Berlin;BAUGB2;Gebäudeart;GBD-W;Wohngebäude;GSSZL1;Geschosszahl;VOLLGSS-13UM;13 und mehr Vollgeschosse;0;1000 qm;FLC002;Nutzfläche
31121;Statistik der Baufertigstellungen;JAHR;Jahr;2025;DLAND;Bundesländer;07;Rheinland-Pfalz;BAUGB2;Gebäudeart;GBD-NW;Nichtwohngebäude;GSSZL1;Geschosszahl;VOLLGSS-08-12;8-12 Vollgeschosse;-;1000 qm;FLC014;Wohnfläche der Wohnungen
31121;Statistik der Baufertigstellungen;JAHR;Jahr;2025;DLAND;Bundesländer;07;Rheinland-Pfalz;BAUGB2;Gebäudeart;GBD-NW;Nichtwohngebäude;GSSZL1;Geschosszahl;VOLLGSS-08-12;8-12 Vollgeschosse;-;Anzahl;WOHN01;Wohnungen
31121;Statistik der Baufertigstellungen;JAHR;Jahr;2025;DLAND;Bundesländer;07;Rheinland-Pfalz;BAUGB2;Gebäudeart;GBD-NW;Nichtwohngebäude;GSSZL1;Geschosszahl;VOLLGSS-08-12;8-12 Vollgeschosse;-;Anzahl;BAU005;Neue Gebäude
31121;Statistik der Baufertigstellungen;JAHR;Jahr;2025;DLAND;Bundesländer;07;Rheinland-Pfalz;BAUGB2;Gebäudeart;GBD-NW;Nichtwohngebäude;GSSZL1;Geschosszahl;VOLLGSS-08-12;8-12 Vollgeschosse;-;Tsd. EUR;VKB001;Veranschlagte Kosten des Bauwerks
31121;Statistik der Baufertigstellungen;JAHR;Jahr;2025;DLAND;Bundesländer;07;Rheinland-Pfalz;BAUGB2;Gebäudeart;GBD-NW;Nichtwohngebäude;GSSZL1;Geschosszahl;VOLLGSS-08-12;8-12 Vollgeschosse;-;1000 cbm;FLC003;Rauminhalt
31121;Statistik der Baufertigstellungen;JAHR;Jahr;2025;DLAND;Bundesländer;07;Rheinland-Pfalz;BAUGB2;Gebäudeart;GBD-NW;Nichtwohngebäude;GSSZL1;Geschosszahl;VOLLGSS-08-12;8-12 Vollgeschosse;-;1000 qm;FLC002;Nutzfläche
31121;Statistik der Baufertigstellungen;JAHR;Jahr;2025;DLAND;Bundesländer;02;Hamburg;BAUGB2;Gebäudeart;GBD-W-NW;Wohn- und Nichtwohngebäude;GSSZL1;Geschosszahl;VOLLGSS-08-12;8-12 Vollgeschosse;56;1000 qm;FLC014;Wohnfläche der Wohnungen
31121;Statistik der Baufertigstellungen;JAHR;Jahr;2025;DLAND;Bundesländer;02;Hamburg;BAUGB2;Gebäudeart;GBD-W-NW;Wohn- und Nichtwohngebäude;GSSZL1;Geschosszahl;VOLLGSS-08-12;8-12 Vollgeschosse;949;Anzahl;WOHN01;Wohnungen
31121;Statistik der Baufertigstellungen;JAHR;Jahr;2025;DLAND;Bundesländer;02;Hamburg;BAUGB2;Gebäudeart;GBD-W-NW;Wohn- und Nichtwohngebäude;GSSZL1;Geschosszahl;VOLLGSS-08-12;8-12 Vollgeschosse;29;Anzahl;BAU005;Neue Gebäude
31121;Statistik der Baufertigstellungen;JAHR;Jahr;2025;DLAND;Bundesländer;02;Hamburg;BAUGB2;Gebäudeart;GBD-W-NW;Wohn- und Nichtwohngebäude;GSSZL1;Geschosszahl;VOLLGSS-08-12;8-12 Vollgeschosse;186506;Tsd. EUR;VKB001;Veranschlagte Kosten des Bauwerks
31121;Statistik der Baufertigstellungen;JAHR;Jahr;2025;DLAND;Bundesländer;02;Hamburg;BAUGB2;Gebäudeart;GBD-W-NW;Wohn- und Nichtwohngebäude;GSSZL1;Geschosszahl;VOLLGSS-08-12;8-12 Vollgeschosse;481;1000 cbm;FLC003;Rauminhalt
31121;Statistik der Baufertigstellungen;JAHR;Jahr;2025;DLAND;Bundesländer;02;Hamburg;BAUGB2;Gebäudeart;GBD-W-NW;Wohn- und Nichtwohngebäude;GSSZL1;Geschosszahl;VOLLGSS-08-12;8-12 Vollgeschosse;34;1000 qm;FLC002;Nutzfläche
31121;Statistik der Baufertigstellungen;JAHR;Jahr;2025;DLAND;Bundesländer;06;Hessen;BAUGB2;Gebäudeart;GBD-NW;Nichtwohngebäude;GSSZL1;Geschosszahl;VOLLGSS-03;3 Vollgeschosse;4;1000 qm;FLC014;Wohnfläche der Wohnungen
31121;Statistik der Baufertigstellungen;JAHR;Jahr;2025;DLAND;Bundesländer;06;Hessen;BAUGB2;Gebäudeart;GBD-NW;Nichtwohngebäude;GSSZL1;Geschosszahl;VOLLGSS-03;3 Vollgeschosse;79;Anzahl;WOHN01;Wohnungen
31121;Statistik der Baufertigstellungen;JAHR;Jahr;2025;DLAND;Bundesländer;06;Hessen;BAUGB2;Gebäudeart;GBD-NW;Nichtwohngebäude;GSSZL1;Geschosszahl;VOLLGSS-03;3 Vollgeschosse;56;Anzahl;BAU005;Neue Gebäude
31121;Statistik der Baufertigstellungen;JAHR;Jahr;2025;DLAND;Bundesländer;06;Hessen;BAUGB2;Gebäudeart;GBD-NW;Nichtwohngebäude;GSSZL1;Geschosszahl;VOLLGSS-03;3 Vollgeschosse;608433;Tsd. EUR;VKB001;Veranschlagte Kosten des Bauwerks
31121;Statistik der Baufertigstellungen;JAHR;Jahr;2025;DLAND;Bundesländer;06;Hessen;BAUGB2;Gebäudeart;GBD-NW;Nichtwohngebäude;GSSZL1;Geschosszahl;VOLLGSS-03;3 Vollgeschosse;1145;1000 cbm;FLC003;Rauminhalt
31121;Statistik der Baufertigstellungen;JAHR;Jahr;2025;DLAND;Bundesländer;06;Hessen;BAUGB2;Gebäudeart;GBD-NW;Nichtwohngebäude;GSSZL1;Geschosszahl;VOLLGSS-03;3 Vollgeschosse;177;1000 qm;FLC002;Nutzfläche
31121;Statistik der Baufertigstellungen;JAHR;Jahr;2025;DLAND;Bundesländer;05;Nordrhein-Westfalen;BAUGB2;Gebäudeart;GBD-W;Wohngebäude;GSSZL1;Geschosszahl;VOLLGSS-03;3 Vollgeschosse;534;1000 qm;FLC014;Wohnfläche der Wohnungen
31121;Statistik der Baufertigstellungen;JAHR;Jahr;2025;DLAND;Bundesländer;05;Nordrhein-Westfalen;BAUGB2;Gebäudeart;GBD-W;Wohngebäude;GSSZL1;Geschosszahl;VOLLGSS-03;3 Vollgeschosse;6784;Anzahl;WOHN01;Wohnungen
31121;Statistik der Baufertigstellungen;JAHR;Jahr;2025;DLAND;Bundesländer;05;Nordrhein-Westfalen;BAUGB2;Gebäudeart;GBD-W;Wohngebäude;GSSZL1;Geschosszahl;VOLLGSS-03;3 Vollgeschosse;596;Anzahl;BAU005;Neue Gebäude
31121;Statistik der Baufertigstellungen;JAHR;Jahr;2025;DLAND;Bundesländer;05;Nordrhein-Westfalen;BAUGB2;Gebäudeart;GBD-W;Wohngebäude;GSSZL1;Geschosszahl;VOLLGSS-03;3 Vollgeschosse;1175769;Tsd. EUR;VKB001;Veranschlagte Kosten des Bauwerks
31121;Statistik der Baufertigstellungen;JAHR;Jahr;2025;DLAND;Bundesländer;05;Nordrhein-Westfalen;BAUGB2;Gebäudeart;GBD-W;Wohngebäude;GSSZL1;Geschosszahl;VOLLGSS-03;3 Vollgeschosse;3061;1000 cbm;FLC003;Rauminhalt
31121;Statistik der Baufertigstellungen;JAHR;Jahr;2025;DLAND;Bundesländer;05;Nordrhein-Westfalen;BAUGB2;Gebäudeart;GBD-W;Wohngebäude;GSSZL1;Geschosszahl;VOLLGSS-03;3 Vollgeschosse;146;1000 qm;FLC002;Nutzfläche
31121;Statistik der Baufertigstellungen;JAHR;Jahr;2025;DLAND;Bundesländer;12;Brandenburg;BAUGB2;Gebäudeart;GBD-NW;Nichtwohngebäude;GSSZL1;Geschosszahl;VOLLGSS-08-12;8-12 Vollgeschosse;-;1000 qm;FLC014;Wohnfläche der Wohnungen
31121;Statistik der Baufertigstellungen;JAHR;Jahr;2025;DLAND;Bundesländer;12;Brandenburg;BAUGB2;Gebäudeart;GBD-NW;Nichtwohngebäude;GSSZL1;Geschosszahl;VOLLGSS-08-12;8-12 Vollgeschosse;-;Anzahl;WOHN01;Wohnungen
31121;Statistik der Baufertigstellungen;JAHR;Jahr;2025;DLAND;Bundesländer;12;Brandenburg;BAUGB2;Gebäudeart;GBD-NW;Nichtwohngebäude;GSSZL1;Geschosszahl;VOLLGSS-08-12;8-12 Vollgeschosse;-;Anzahl;BAU005;Neue Gebäude
31121;Statistik der Baufertigstellungen;JAHR;Jahr;2025;DLAND;Bundesländer;12;Brandenburg;BAUGB2;Gebäudeart;GBD-NW;Nichtwohngebäude;GSSZL1;Geschosszahl;VOLLGSS-08-12;8-12 Vollgeschosse;-;Tsd. EUR;VKB001;Veranschlagte Kosten des Bauwerks
31121;Statistik der Baufertigstellungen;JAHR;Jahr;2025;DLAND;Bundesländer;12;Brandenburg;BAUGB2;Gebäudeart;GBD-NW;Nichtwohngebäude;GSSZL1;Geschosszahl;VOLLGSS-08-12;8-12 Vollgeschosse;-;1000 cbm;FLC003;Rauminhalt
31121;Statistik der Baufertigstellungen;JAHR;Jahr;2025;DLAND;Bundesländer;12;Brandenburg;BAUGB2;Gebäudeart;GBD-NW;Nichtwohngebäude;GSSZL1;Geschosszahl;VOLLGSS-08-12;8-12 Vollgeschosse;-;1000 qm;FLC002;Nutzfläche
31121;Statistik der Baufertigstellungen;JAHR;Jahr;2025;DLAND;Bundesländer;07;Rheinland-Pfalz;BAUGB2;Gebäudeart;GBD-W-NW;Wohn- und Nichtwohngebäude;GSSZL1;Geschosszahl;VOLLGSS-13UM;13 und mehr Vollgeschosse;-;1000 qm;FLC014;Wohnfläche der Wohnungen
31121;Statistik der Baufertigstellungen;JAHR;Jahr;2025;DLAND;Bundesländer;07;Rheinland-Pfalz;BAUGB2;Gebäudeart;GBD-W-NW;Wohn- und Nichtwohngebäude;GSSZL1;Geschosszahl;VOLLGSS-13UM;13 und mehr Vollgeschosse;-;Anzahl;WOHN01;Wohnungen
31121;Statistik der Baufertigstellungen;JAHR;Jahr;2025;DLAND;Bundesländer;07;Rheinland-Pfalz;BAUGB2;Gebäudeart;GBD-W-NW;Wohn- und Nichtwohngebäude;GSSZL1;Geschosszahl;VOLLGSS-13UM;13 und mehr Vollgeschosse;1;Anzahl;BAU005;Neue Gebäude
31121;Statistik der Baufertigstellungen;JAHR;Jahr;2025;DLAND;Bundesländer;07;Rheinland-Pfalz;BAUGB2;Gebäudeart;GBD-W-NW;Wohn- und Nichtwohngebäude;GSSZL1;Geschosszahl;VOLLGSS-13UM;13 und mehr Vollgeschosse;41933;Tsd. EUR;VKB001;Veranschlagte Kosten des Bauwerks
31121;Statistik der Baufertigstellungen;JAHR;Jahr;2025;DLAND;Bundesländer;07;Rheinland-Pfalz;BAUGB2;Gebäudeart;GBD-W-NW;Wohn- und Nichtwohngebäude;GSSZL1;Geschosszahl;VOLLGSS-13UM;13 und mehr Vollgeschosse;79;1000 cbm;FLC003;Rauminhalt
31121;Statistik der Baufertigstellungen;JAHR;Jahr;2025;DLAND;Bundesländer;07;Rheinland-Pfalz;BAUGB2;Gebäudeart;GBD-W-NW;Wohn- und Nichtwohngebäude;GSSZL1;Geschosszahl;VOLLGSS-13UM;13 und mehr Vollgeschosse;17;1000 qm;FLC002;Nutzfläche
31121;Statistik der Baufertigstellungen;JAHR;Jahr;2025;DLAND;Bundesländer;07;Rheinland-Pfalz;BAUGB2;Gebäudeart;GBD-W-NW;Wohn- und Nichtwohngebäude;GSSZL1;Geschosszahl;VOLLGSS-02;2 Vollgeschosse;457;1000 qm;FLC014;Wohnfläche der Wohnungen
31121;Statistik der Baufertigstellungen;JAHR;Jahr;2025;DLAND;Bundesländer;07;Rheinland-Pfalz;BAUGB2;Gebäudeart;GBD-W-NW;Wohn- und Nichtwohngebäude;GSSZL1;Geschosszahl;VOLLGSS-02;2 Vollgeschosse;3624;Anzahl;WOHN01;Wohnungen
31121;Statistik der Baufertigstellungen;JAHR;Jahr;2025;DLAND;Bundesländer;07;Rheinland-Pfalz;BAUGB2;Gebäudeart;GBD-W-NW;Wohn- und Nichtwohngebäude;GSSZL1;Geschosszahl;VOLLGSS-02;2 Vollgeschosse;2077;Anzahl;BAU005;Neue Gebäude
31121;Statistik der Baufertigstellungen;JAHR;Jahr;2025;DLAND;Bundesländer;07;Rheinland-Pfalz;BAUGB2;Gebäudeart;GBD-W-NW;Wohn- und Nichtwohngebäude;GSSZL1;Geschosszahl;VOLLGSS-02;2 Vollgeschosse;1348738;Tsd. EUR;VKB001;Veranschlagte Kosten des Bauwerks
31121;Statistik der Baufertigstellungen;JAHR;Jahr;2025;DLAND;Bundesländer;07;Rheinland-Pfalz;BAUGB2;Gebäudeart;GBD-W-NW;Wohn- und Nichtwohngebäude;GSSZL1;Geschosszahl;VOLLGSS-02;2 Vollgeschosse;3716;1000 cbm;FLC003;Rauminhalt
31121;Statistik der Baufertigstellungen;JAHR;Jahr;2025;DLAND;Bundesländer;07;Rheinland-Pfalz;BAUGB2;Gebäudeart;GBD-W-NW;Wohn- und Nichtwohngebäude;GSSZL1;Geschosszahl;VOLLGSS-02;2 Vollgeschosse;304;1000 qm;FLC002;Nutzfläche
31121;Statistik der Baufertigstellungen;JAHR;Jahr;2025;DLAND;Bundesländer;06;Hessen;BAUGB2;Gebäudeart;GBD-W;Wohngebäude;GSSZL1;Geschosszahl;VOLLGSS-02;2 Vollgeschosse;522;1000 qm;FLC014;Wohnfläche der Wohnungen
31121;Statistik der Baufertigstellungen;JAHR;Jahr;2025;DLAND;Bundesländer;06;Hessen;BAUGB2;Gebäudeart;GBD-W;Wohngebäude;GSSZL1;Geschosszahl;VOLLGSS-02;2 Vollgeschosse;4305;Anzahl;WOHN01;Wohnungen
31121;Statistik der Baufertigstellungen;JAHR;Jahr;2025;DLAND;Bundesländer;06;Hessen;BAUGB2;Gebäudeart;GBD-W;Wohngebäude;GSSZL1;Geschosszahl;VOLLGSS-02;2 Vollgeschosse;2204;Anzahl;BAU005;Neue Gebäude
31121;Statistik der Baufertigstellungen;JAHR;Jahr;2025;DLAND;Bundesländer;06;Hessen;BAUGB2;Gebäudeart;GBD-W;Wohngebäude;GSSZL1;Geschosszahl;VOLLGSS-02;2 Vollgeschosse;1163469;Tsd. EUR;VKB001;Veranschlagte Kosten des Bauwerks
31121;Statistik der Baufertigstellungen;JAHR;Jahr;2025;DLAND;Bundesländer;06;Hessen;BAUGB2;Gebäudeart;GBD-W;Wohngebäude;GSSZL1;Geschosszahl;VOLLGSS-02;2 Vollgeschosse;2707;1000 cbm;FLC003;Rauminhalt
31121;Statistik der Baufertigstellungen;JAHR;Jahr;2025;DLAND;Bundesländer;06;Hessen;BAUGB2;Gebäudeart;GBD-W;Wohngebäude;GSSZL1;Geschosszahl;VOLLGSS-02;2 Vollgeschosse;145;1000 qm;FLC002;Nutzfläche
31121;Statistik der Baufertigstellungen;JAHR;Jahr;2025;DLAND;Bundesländer;15;Sachsen-Anhalt;BAUGB2;Gebäudeart;GBD-W;Wohngebäude;GSSZL1;Geschosszahl;VOLLGSS-01;1 Vollgeschoss;75;1000 qm;FLC014;Wohnfläche der Wohnungen
31121;Statistik der Baufertigstellungen;JAHR;Jahr;2025;DLAND;Bundesländer;15;Sachsen-Anhalt;BAUGB2;Gebäudeart;GBD-W;Wohngebäude;GSSZL1;Geschosszahl;VOLLGSS-01;1 Vollgeschoss;664;Anzahl;WOHN01;Wohnungen
31121;Statistik der Baufertigstellungen;JAHR;Jahr;2025;DLAND;Bundesländer;15;Sachsen-Anhalt;BAUGB2;Gebäudeart;GBD-W;Wohngebäude;GSSZL1;Geschosszahl;VOLLGSS-01;1 Vollgeschoss;549;Anzahl;BAU005;Neue Gebäude
31121;Statistik der Baufertigstellungen;JAHR;Jahr;2025;DLAND;Bundesländer;15;Sachsen-Anhalt;BAUGB2;Gebäudeart;GBD-W;Wohngebäude;GSSZL1;Geschosszahl;VOLLGSS-01;1 Vollgeschoss;142247;Tsd. EUR;VKB001;Veranschlagte Kosten des Bauwerks
31121;Statistik der Baufertigstellungen;JAHR;Jahr;2025;DLAND;Bundesländer;15;Sachsen-Anhalt;BAUGB2;Gebäudeart;GBD-W;Wohngebäude;GSSZL1;Geschosszahl;VOLLGSS-01;1 Vollgeschoss;398;1000 cbm;FLC003;Rauminhalt
31121;Statistik der Baufertigstellungen;JAHR;Jahr;2025;DLAND;Bundesländer;15;Sachsen-Anhalt;BAUGB2;Gebäudeart;GBD-W;Wohngebäude;GSSZL1;Geschosszahl;VOLLGSS-01;1 Vollgeschoss;8;1000 qm;FLC002;Nutzfläche
31121;Statistik der Baufertigstellungen;JAHR;Jahr;2025;DLAND;Bundesländer;07;Rheinland-Pfalz;BAUGB2;Gebäudeart;GBD-NW;Nichtwohngebäude;GSSZL1;Geschosszahl;VOLLGSS-01;1 Vollgeschoss;1;1000 qm;FLC014;Wohnfläche der Wohnungen
31121;Statistik der Baufertigstellungen;JAHR;Jahr;2025;DLAND;Bundesländer;07;Rheinland-Pfalz;BAUGB2;Gebäudeart;GBD-NW;Nichtwohngebäude;GSSZL1;Geschosszahl;VOLLGSS-01;1 Vollgeschoss;12;Anzahl;WOHN01;Wohnungen
31121;Statistik der Baufertigstellungen;JAHR;Jahr;2025;DLAND;Bundesländer;07;Rheinland-Pfalz;BAUGB2;Gebäudeart;GBD-NW;Nichtwohngebäude;GSSZL1;Geschosszahl;VOLLGSS-01;1 Vollgeschoss;829;Anzahl;BAU005;Neue Gebäude
31121;Statistik der Baufertigstellungen;JAHR;Jahr;2025;DLAND;Bundesländer;07;Rheinland-Pfalz;BAUGB2;Gebäudeart;GBD-NW;Nichtwohngebäude;GSSZL1;Geschosszahl;VOLLGSS-01;1 Vollgeschoss;384653;Tsd. EUR;VKB001;Veranschlagte Kosten des Bauwerks
31121;Statistik der Baufertigstellungen;JAHR;Jahr;2025;DLAND;Bundesländer;07;Rheinland-Pfalz;BAUGB2;Gebäudeart;GBD-NW;Nichtwohngebäude;GSSZL1;Geschosszahl;VOLLGSS-01;1 Vollgeschoss;3334;1000 cbm;FLC003;Rauminhalt
31121;Statistik der Baufertigstellungen;JAHR;Jahr;2025;DLAND;Bundesländer;07;Rheinland-Pfalz;BAUGB2;Gebäudeart;GBD-NW;Nichtwohngebäude;GSSZL1;Geschosszahl;VOLLGSS-01;1 Vollgeschoss;421;1000 qm;FLC002;Nutzfläche
31121;Statistik der Baufertigstellungen;JAHR;Jahr;2025;DLAND;Bundesländer;05;Nordrhein-Westfalen;BAUGB2;Gebäudeart;GBD-W-NW;Wohn- und Nichtwohngebäude;GSSZL1;Geschosszahl;VOLLGSS-03;3 Vollgeschosse;544;1000 qm;FLC014;Wohnfläche der Wohnungen
31121;Statistik der Baufertigstellungen;JAHR;Jahr;2025;DLAND;Bundesländer;05;Nordrhein-Westfalen;BAUGB2;Gebäudeart;GBD-W-NW;Wohn- und Nichtwohngebäude;GSSZL1;Geschosszahl;VOLLGSS-03;3 Vollgeschosse;6915;Anzahl;WOHN01;Wohnungen
31121;Statistik der Baufertigstellungen;JAHR;Jahr;2025;DLAND;Bundesländer;05;Nordrhein-Westfalen;BAUGB2;Gebäudeart;GBD-W-NW;Wohn- und Nichtwohngebäude;GSSZL1;Geschosszahl;VOLLGSS-03;3 Vollgeschosse;736;Anzahl;BAU005;Neue Gebäude
31121;Statistik der Baufertigstellungen;JAHR;Jahr;2025;DLAND;Bundesländer;05;Nordrhein-Westfalen;BAUGB2;Gebäudeart;GBD-W-NW;Wohn- und Nichtwohngebäude;GSSZL1;Geschosszahl;VOLLGSS-03;3 Vollgeschosse;1940306;Tsd. EUR;VKB001;Veranschlagte Kosten des Bauwerks
31121;Statistik der Baufertigstellungen;JAHR;Jahr;2025;DLAND;Bundesländer;05;Nordrhein-Westfalen;BAUGB2;Gebäudeart;GBD-W-NW;Wohn- und Nichtwohngebäude;GSSZL1;Geschosszahl;VOLLGSS-03;3 Vollgeschosse;6376;1000 cbm;FLC003;Rauminhalt
31121;Statistik der Baufertigstellungen;JAHR;Jahr;2025;DLAND;Bundesländer;05;Nordrhein-Westfalen;BAUGB2;Gebäudeart;GBD-W-NW;Wohn- und Nichtwohngebäude;GSSZL1;Geschosszahl;VOLLGSS-03;3 Vollgeschosse;550;1000 qm;FLC002;Nutzfläche
31121;Statistik der Baufertigstellungen;JAHR;Jahr;2025;DLAND;Bundesländer;07;Rheinland-Pfalz;BAUGB2;Gebäudeart;GBD-W;Wohngebäude;GSSZL1;Geschosszahl;VOLLGSS-01;1 Vollgeschoss;97;1000 qm;FLC014;Wohnfläche der Wohnungen
31121;Statistik der Baufertigstellungen;JAHR;Jahr;2025;DLAND;Bundesländer;07;Rheinland-Pfalz;BAUGB2;Gebäudeart;GBD-W;Wohngebäude;GSSZL1;Geschosszahl;VOLLGSS-01;1 Vollgeschoss;795;Anzahl;WOHN01;Wohnungen
31121;Statistik der Baufertigstellungen;JAHR;Jahr;2025;DLAND;Bundesländer;07;Rheinland-Pfalz;BAUGB2;Gebäudeart;GBD-W;Wohngebäude;GSSZL1;Geschosszahl;VOLLGSS-01;1 Vollgeschoss;698;Anzahl;BAU005;Neue Gebäude
31121;Statistik der Baufertigstellungen;JAHR;Jahr;2025;DLAND;Bundesländer;07;Rheinland-Pfalz;BAUGB2;Gebäudeart;GBD-W;Wohngebäude;GSSZL1;Geschosszahl;VOLLGSS-01;1 Vollgeschoss;232361;Tsd. EUR;VKB001;Veranschlagte Kosten des Bauwerks
31121;Statistik der Baufertigstellungen;JAHR;Jahr;2025;DLAND;Bundesländer;07;Rheinland-Pfalz;BAUGB2;Gebäudeart;GBD-W;Wohngebäude;GSSZL1;Geschosszahl;VOLLGSS-01;1 Vollgeschoss;537;1000 cbm;FLC003;Rauminhalt
31121;Statistik der Baufertigstellungen;JAHR;Jahr;2025;DLAND;Bundesländer;07;Rheinland-Pfalz;BAUGB2;Gebäudeart;GBD-W;Wohngebäude;GSSZL1;Geschosszahl;VOLLGSS-01;1 Vollgeschoss;24;1000 qm;FLC002;Nutzfläche
31121;Statistik der Baufertigstellungen;JAHR;Jahr;2025;DLAND;Bundesländer;13;Mecklenburg-Vorpommern;BAUGB2;Gebäudeart;GBD-NW;Nichtwohngebäude;GSSZL1;Geschosszahl;VOLLGSS-03;3 Vollgeschosse;0;1000 qm;FLC014;Wohnfläche der Wohnungen
31121;Statistik der Baufertigstellungen;JAHR;Jahr;2025;DLAND;Bundesländer;13;Mecklenburg-Vorpommern;BAUGB2;Gebäudeart;GBD-NW;Nichtwohngebäude;GSSZL1;Geschosszahl;VOLLGSS-03;3 Vollgeschosse;3;Anzahl;WOHN01;Wohnungen
31121;Statistik der Baufertigstellungen;JAHR;Jahr;2025;DLAND;Bundesländer;13;Mecklenburg-Vorpommern;BAUGB2;Gebäudeart;GBD-NW;Nichtwohngebäude;GSSZL1;Geschosszahl;VOLLGSS-03;3 Vollgeschosse;14;Anzahl;BAU005;Neue Gebäude
31121;Statistik der Baufertigstellungen;JAHR;Jahr;2025;DLAND;Bundesländer;13;Mecklenburg-Vorpommern;BAUGB2;Gebäudeart;GBD-NW;Nichtwohngebäude;GSSZL1;Geschosszahl;VOLLGSS-03;3 Vollgeschosse;49649;Tsd. EUR;VKB001;Veranschlagte Kosten des Bauwerks
31121;Statistik der Baufertigstellungen;JAHR;Jahr;2025;DLAND;Bundesländer;13;Mecklenburg-Vorpommern;BAUGB2;Gebäudeart;GBD-NW;Nichtwohngebäude;GSSZL1;Geschosszahl;VOLLGSS-03;3 Vollgeschosse;112;1000 cbm;FLC003;Rauminhalt
31121;Statistik der Baufertigstellungen;JAHR;Jahr;2025;DLAND;Bundesländer;13;Mecklenburg-Vorpommern;BAUGB2;Gebäudeart;GBD-NW;Nichtwohngebäude;GSSZL1;Geschosszahl;VOLLGSS-03;3 Vollgeschosse;21;1000 qm;FLC002;Nutzfläche
31121;Statistik der Baufertigstellungen;JAHR;Jahr;2025;DLAND;Bundesländer;14;Sachsen;BAUGB2;Gebäudeart;GBD-W-NW;Wohn- und Nichtwohngebäude;GSSZL1;Geschosszahl;VOLLGSS-04-05;4-5 Vollgeschosse;83;1000 qm;FLC014;Wohnfläche der Wohnungen
31121;Statistik der Baufertigstellungen;JAHR;Jahr;2025;DLAND;Bundesländer;14;Sachsen;BAUGB2;Gebäudeart;GBD-W-NW;Wohn- und Nichtwohngebäude;GSSZL1;Geschosszahl;VOLLGSS-04-05;4-5 Vollgeschosse;1003;Anzahl;WOHN01;Wohnungen
31121;Statistik der Baufertigstellungen;JAHR;Jahr;2025;DLAND;Bundesländer;14;Sachsen;BAUGB2;Gebäudeart;GBD-W-NW;Wohn- und Nichtwohngebäude;GSSZL1;Geschosszahl;VOLLGSS-04-05;4-5 Vollgeschosse;84;Anzahl;BAU005;Neue Gebäude
31121;Statistik der Baufertigstellungen;JAHR;Jahr;2025;DLAND;Bundesländer;14;Sachsen;BAUGB2;Gebäudeart;GBD-W-NW;Wohn- und Nichtwohngebäude;GSSZL1;Geschosszahl;VOLLGSS-04-05;4-5 Vollgeschosse;370570;Tsd. EUR;VKB001;Veranschlagte Kosten des Bauwerks
31121;Statistik der Baufertigstellungen;JAHR;Jahr;2025;DLAND;Bundesländer;14;Sachsen;BAUGB2;Gebäudeart;GBD-W-NW;Wohn- und Nichtwohngebäude;GSSZL1;Geschosszahl;VOLLGSS-04-05;4-5 Vollgeschosse;851;1000 cbm;FLC003;Rauminhalt
31121;Statistik der Baufertigstellungen;JAHR;Jahr;2025;DLAND;Bundesländer;14;Sachsen;BAUGB2;Gebäudeart;GBD-W-NW;Wohn- und Nichtwohngebäude;GSSZL1;Geschosszahl;VOLLGSS-04-05;4-5 Vollgeschosse;74;1000 qm;FLC002;Nutzfläche
31121;Statistik der Baufertigstellungen;JAHR;Jahr;2025;DLAND;Bundesländer;16;Thüringen;BAUGB2;Gebäudeart;GBD-W-NW;Wohn- und Nichtwohngebäude;GSSZL1;Geschosszahl;VOLLGSS-03;3 Vollgeschosse;19;1000 qm;FLC014;Wohnfläche der Wohnungen
31121;Statistik der Baufertigstellungen;JAHR;Jahr;2025;DLAND;Bundesländer;16;Thüringen;BAUGB2;Gebäudeart;GBD-W-NW;Wohn- und Nichtwohngebäude;GSSZL1;Geschosszahl;VOLLGSS-03;3 Vollgeschosse;220;Anzahl;WOHN01;Wohnungen
31121;Statistik der Baufertigstellungen;JAHR;Jahr;2025;DLAND;Bundesländer;16;Thüringen;BAUGB2;Gebäudeart;GBD-W-NW;Wohn- und Nichtwohngebäude;GSSZL1;Geschosszahl;VOLLGSS-03;3 Vollgeschosse;46;Anzahl;BAU005;Neue Gebäude
31121;Statistik der Baufertigstellungen;JAHR;Jahr;2025;DLAND;Bundesländer;16;Thüringen;BAUGB2;Gebäudeart;GBD-W-NW;Wohn- und Nichtwohngebäude;GSSZL1;Geschosszahl;VOLLGSS-03;3 Vollgeschosse;137671;Tsd. EUR;VKB001;Veranschlagte Kosten des Bauwerks
31121;Statistik der Baufertigstellungen;JAHR;Jahr;2025;DLAND;Bundesländer;16;Thüringen;BAUGB2;Gebäudeart;GBD-W-NW;Wohn- und Nichtwohngebäude;GSSZL1;Geschosszahl;VOLLGSS-03;3 Vollgeschosse;618;1000 cbm;FLC003;Rauminhalt
31121;Statistik der Baufertigstellungen;JAHR;Jahr;2025;DLAND;Bundesländer;16;Thüringen;BAUGB2;Gebäudeart;GBD-W-NW;Wohn- und Nichtwohngebäude;GSSZL1;Geschosszahl;VOLLGSS-03;3 Vollgeschosse;82;1000 qm;FLC002;Nutzfläche
31121;Statistik der Baufertigstellungen;JAHR;Jahr;2025;DLAND;Bundesländer;13;Mecklenburg-Vorpommern;BAUGB2;Gebäudeart;GBD-W;Wohngebäude;GSSZL1;Geschosszahl;VOLLGSS-03;3 Vollgeschosse;36;1000 qm;FLC014;Wohnfläche der Wohnungen
31121;Statistik der Baufertigstellungen;JAHR;Jahr;2025;DLAND;Bundesländer;13;Mecklenburg-Vorpommern;BAUGB2;Gebäudeart;GBD-W;Wohngebäude;GSSZL1;Geschosszahl;VOLLGSS-03;3 Vollgeschosse;505;Anzahl;WOHN01;Wohnungen
31121;Statistik der Baufertigstellungen;JAHR;Jahr;2025;DLAND;Bundesländer;13;Mecklenburg-Vorpommern;BAUGB2;Gebäudeart;GBD-W;Wohngebäude;GSSZL1;Geschosszahl;VOLLGSS-03;3 Vollgeschosse;49;Anzahl;BAU005;Neue Gebäude
31121;Statistik der Baufertigstellungen;JAHR;Jahr;2025;DLAND;Bundesländer;13;Mecklenburg-Vorpommern;BAUGB2;Gebäudeart;GBD-W;Wohngebäude;GSSZL1;Geschosszahl;VOLLGSS-03;3 Vollgeschosse;84691;Tsd. EUR;VKB001;Veranschlagte Kosten des Bauwerks
31121;Statistik der Baufertigstellungen;JAHR;Jahr;2025;DLAND;Bundesländer;13;Mecklenburg-Vorpommern;BAUGB2;Gebäudeart;GBD-W;Wohngebäude;GSSZL1;Geschosszahl;VOLLGSS-03;3 Vollgeschosse;182;1000 cbm;FLC003;Rauminhalt
31121;Statistik der Baufertigstellungen;JAHR;Jahr;2025;DLAND;Bundesländer;13;Mecklenburg-Vorpommern;BAUGB2;Gebäudeart;GBD-W;Wohngebäude;GSSZL1;Geschosszahl;VOLLGSS-03;3 Vollgeschosse;9;1000 qm;FLC002;Nutzfläche
31121;Statistik der Baufertigstellungen;JAHR;Jahr;2025;DLAND;Bundesländer;07;Rheinland-Pfalz;BAUGB2;Gebäudeart;GBD-W;Wohngebäude;GSSZL1;Geschosszahl;VOLLGSS-04-05;4-5 Vollgeschosse;65;1000 qm;FLC014;Wohnfläche der Wohnungen
31121;Statistik der Baufertigstellungen;JAHR;Jahr;2025;DLAND;Bundesländer;07;Rheinland-Pfalz;BAUGB2;Gebäudeart;GBD-W;Wohngebäude;GSSZL1;Geschosszahl;VOLLGSS-04-05;4-5 Vollgeschosse;991;Anzahl;WOHN01;Wohnungen
31121;Statistik der Baufertigstellungen;JAHR;Jahr;2025;DLAND;Bundesländer;07;Rheinland-Pfalz;BAUGB2;Gebäudeart;GBD-W;Wohngebäude;GSSZL1;Geschosszahl;VOLLGSS-04-05;4-5 Vollgeschosse;37;Anzahl;BAU005;Neue Gebäude
31121;Statistik der Baufertigstellungen;JAHR;Jahr;2025;DLAND;Bundesländer;07;Rheinland-Pfalz;BAUGB2;Gebäudeart;GBD-W;Wohngebäude;GSSZL1;Geschosszahl;VOLLGSS-04-05;4-5 Vollgeschosse;154859;Tsd. EUR;VKB001;Veranschlagte Kosten des Bauwerks
31121;Statistik der Baufertigstellungen;JAHR;Jahr;2025;DLAND;Bundesländer;07;Rheinland-Pfalz;BAUGB2;Gebäudeart;GBD-W;Wohngebäude;GSSZL1;Geschosszahl;VOLLGSS-04-05;4-5 Vollgeschosse;358;1000 cbm;FLC003;Rauminhalt
31121;Statistik der Baufertigstellungen;JAHR;Jahr;2025;DLAND;Bundesländer;07;Rheinland-Pfalz;BAUGB2;Gebäudeart;GBD-W;Wohngebäude;GSSZL1;Geschosszahl;VOLLGSS-04-05;4-5 Vollgeschosse;22;1000 qm;FLC002;Nutzfläche
31121;Statistik der Baufertigstellungen;JAHR;Jahr;2025;DLAND;Bundesländer;16;Thüringen;BAUGB2;Gebäudeart;GBD-NW;Nichtwohngebäude;GSSZL1;Geschosszahl;VOLLGSS-04-05;4-5 Vollgeschosse;1;1000 qm;FLC014;Wohnfläche der Wohnungen
31121;Statistik der Baufertigstellungen;JAHR;Jahr;2025;DLAND;Bundesländer;16;Thüringen;BAUGB2;Gebäudeart;GBD-NW;Nichtwohngebäude;GSSZL1;Geschosszahl;VOLLGSS-04-05;4-5 Vollgeschosse;10;Anzahl;WOHN01;Wohnungen
31121;Statistik der Baufertigstellungen;JAHR;Jahr;2025;DLAND;Bundesländer;16;Thüringen;BAUGB2;Gebäudeart;GBD-NW;Nichtwohngebäude;GSSZL1;Geschosszahl;VOLLGSS-04-05;4-5 Vollgeschosse;5;Anzahl;BAU005;Neue Gebäude
31121;Statistik der Baufertigstellungen;JAHR;Jahr;2025;DLAND;Bundesländer;16;Thüringen;BAUGB2;Gebäudeart;GBD-NW;Nichtwohngebäude;GSSZL1;Geschosszahl;VOLLGSS-04-05;4-5 Vollgeschosse;85500;Tsd. EUR;VKB001;Veranschlagte Kosten des Bauwerks
31121;Statistik der Baufertigstellungen;JAHR;Jahr;2025;DLAND;Bundesländer;16;Thüringen;BAUGB2;Gebäudeart;GBD-NW;Nichtwohngebäude;GSSZL1;Geschosszahl;VOLLGSS-04-05;4-5 Vollgeschosse;140;1000 cbm;FLC003;Rauminhalt
31121;Statistik der Baufertigstellungen;JAHR;Jahr;2025;DLAND;Bundesländer;16;Thüringen;BAUGB2;Gebäudeart;GBD-NW;Nichtwohngebäude;GSSZL1;Geschosszahl;VOLLGSS-04-05;4-5 Vollgeschosse;22;1000 qm;FLC002;Nutzfläche
31121;Statistik der Baufertigstellungen;JAHR;Jahr;2025;DLAND;Bundesländer;02;Hamburg;BAUGB2;Gebäudeart;GBD-W;Wohngebäude;GSSZL1;Geschosszahl;VOLLGSS-06-07;6-7 Vollgeschosse;70;1000 qm;FLC014;Wohnfläche der Wohnungen
31121;Statistik der Baufertigstellungen;JAHR;Jahr;2025;DLAND;Bundesländer;02;Hamburg;BAUGB2;Gebäudeart;GBD-W;Wohngebäude;GSSZL1;Geschosszahl;VOLLGSS-06-07;6-7 Vollgeschosse;1045;Anzahl;WOHN01;Wohnungen
31121;Statistik der Baufertigstellungen;JAHR;Jahr;2025;DLAND;Bundesländer;02;Hamburg;BAUGB2;Gebäudeart;GBD-W;Wohngebäude;GSSZL1;Geschosszahl;VOLLGSS-06-07;6-7 Vollgeschosse;58;Anzahl;BAU005;Neue Gebäude
31121;Statistik der Baufertigstellungen;JAHR;Jahr;2025;DLAND;Bundesländer;02;Hamburg;BAUGB2;Gebäudeart;GBD-W;Wohngebäude;GSSZL1;Geschosszahl;VOLLGSS-06-07;6-7 Vollgeschosse;193714;Tsd. EUR;VKB001;Veranschlagte Kosten des Bauwerks
31121;Statistik der Baufertigstellungen;JAHR;Jahr;2025;DLAND;Bundesländer;02;Hamburg;BAUGB2;Gebäudeart;GBD-W;Wohngebäude;GSSZL1;Geschosszahl;VOLLGSS-06-07;6-7 Vollgeschosse;434;1000 cbm;FLC003;Rauminhalt
31121;Statistik der Baufertigstellungen;JAHR;Jahr;2025;DLAND;Bundesländer;02;Hamburg;BAUGB2;Gebäudeart;GBD-W;Wohngebäude;GSSZL1;Geschosszahl;VOLLGSS-06-07;6-7 Vollgeschosse;22;1000 qm;FLC002;Nutzfläche
31121;Statistik der Baufertigstellungen;JAHR;Jahr;2025;DLAND;Bundesländer;09;Bayern;BAUGB2;Gebäudeart;GBD-W-NW;Wohn- und Nichtwohngebäude;GSSZL1;Geschosszahl;VOLLGSS-01;1 Vollgeschoss;273;1000 qm;FLC014;Wohnfläche der Wohnungen
31121;Statistik der Baufertigstellungen;JAHR;Jahr;2025;DLAND;Bundesländer;09;Bayern;BAUGB2;Gebäudeart;GBD-W-NW;Wohn- und Nichtwohngebäude;GSSZL1;Geschosszahl;VOLLGSS-01;1 Vollgeschoss;2282;Anzahl;WOHN01;Wohnungen
31121;Statistik der Baufertigstellungen;JAHR;Jahr;2025;DLAND;Bundesländer;09;Bayern;BAUGB2;Gebäudeart;GBD-W-NW;Wohn- und Nichtwohngebäude;GSSZL1;Geschosszahl;VOLLGSS-01;1 Vollgeschoss;6371;Anzahl;BAU005;Neue Gebäude
31121;Statistik der Baufertigstellungen;JAHR;Jahr;2025;DLAND;Bundesländer;09;Bayern;BAUGB2;Gebäudeart;GBD-W-NW;Wohn- und Nichtwohngebäude;GSSZL1;Geschosszahl;VOLLGSS-01;1 Vollgeschoss;3195930;Tsd. EUR;VKB001;Veranschlagte Kosten des Bauwerks
31121;Statistik der Baufertigstellungen;JAHR;Jahr;2025;DLAND;Bundesländer;09;Bayern;BAUGB2;Gebäudeart;GBD-W-NW;Wohn- und Nichtwohngebäude;GSSZL1;Geschosszahl;VOLLGSS-01;1 Vollgeschoss;22177;1000 cbm;FLC003;Rauminhalt
31121;Statistik der Baufertigstellungen;JAHR;Jahr;2025;DLAND;Bundesländer;09;Bayern;BAUGB2;Gebäudeart;GBD-W-NW;Wohn- und Nichtwohngebäude;GSSZL1;Geschosszahl;VOLLGSS-01;1 Vollgeschoss;2765;1000 qm;FLC002;Nutzfläche
31121;Statistik der Baufertigstellungen;JAHR;Jahr;2025;DLAND;Bundesländer;14;Sachsen;BAUGB2;Gebäudeart;GBD-W;Wohngebäude;GSSZL1;Geschosszahl;VOLLGSS-03;3 Vollgeschosse;38;1000 qm;FLC014;Wohnfläche der Wohnungen
31121;Statistik der Baufertigstellungen;JAHR;Jahr;2025;DLAND;Bundesländer;14;Sachsen;BAUGB2;Gebäudeart;GBD-W;Wohngebäude;GSSZL1;Geschosszahl;VOLLGSS-03;3 Vollgeschosse;366;Anzahl;WOHN01;Wohnungen
31121;Statistik der Baufertigstellungen;JAHR;Jahr;2025;DLAND;Bundesländer;14;Sachsen;BAUGB2;Gebäudeart;GBD-W;Wohngebäude;GSSZL1;Geschosszahl;VOLLGSS-03;3 Vollgeschosse;97;Anzahl;BAU005;Neue Gebäude
31121;Statistik der Baufertigstellungen;JAHR;Jahr;2025;DLAND;Bundesländer;14;Sachsen;BAUGB2;Gebäudeart;GBD-W;Wohngebäude;GSSZL1;Geschosszahl;VOLLGSS-03;3 Vollgeschosse;76472;Tsd. EUR;VKB001;Veranschlagte Kosten des Bauwerks
31121;Statistik der Baufertigstellungen;JAHR;Jahr;2025;DLAND;Bundesländer;14;Sachsen;BAUGB2;Gebäudeart;GBD-W;Wohngebäude;GSSZL1;Geschosszahl;VOLLGSS-03;3 Vollgeschosse;219;1000 cbm;FLC003;Rauminhalt
31121;Statistik der Baufertigstellungen;JAHR;Jahr;2025;DLAND;Bundesländer;14;Sachsen;BAUGB2;Gebäudeart;GBD-W;Wohngebäude;GSSZL1;Geschosszahl;VOLLGSS-03;3 Vollgeschosse;8;1000 qm;FLC002;Nutzfläche
31121;Statistik der Baufertigstellungen;JAHR;Jahr;2025;DLAND;Bundesländer;01;Schleswig-Holstein;BAUGB2;Gebäudeart;GBD-W;Wohngebäude;GSSZL1;Geschosszahl;VOLLGSS-13UM;13 und mehr Vollgeschosse;-;1000 qm;FLC014;Wohnfläche der Wohnungen
31121;Statistik der Baufertigstellungen;JAHR;Jahr;2025;DLAND;Bundesländer;01;Schleswig-Holstein;BAUGB2;Gebäudeart;GBD-W;Wohngebäude;GSSZL1;Geschosszahl;VOLLGSS-13UM;13 und mehr Vollgeschosse;-;Anzahl;WOHN01;Wohnungen
31121;Statistik der Baufertigstellungen;JAHR;Jahr;2025;DLAND;Bundesländer;01;Schleswig-Holstein;BAUGB2;Gebäudeart;GBD-W;Wohngebäude;GSSZL1;Geschosszahl;VOLLGSS-13UM;13 und mehr Vollgeschosse;-;Anzahl;BAU005;Neue Gebäude
31121;Statistik der Baufertigstellungen;JAHR;Jahr;2025;DLAND;Bundesländer;01;Schleswig-Holstein;BAUGB2;Gebäudeart;GBD-W;Wohngebäude;GSSZL1;Geschosszahl;VOLLGSS-13UM;13 und mehr Vollgeschosse;-;Tsd. EUR;VKB001;Veranschlagte Kosten des Bauwerks
31121;Statistik der Baufertigstellungen;JAHR;Jahr;2025;DLAND;Bundesländer;01;Schleswig-Holstein;BAUGB2;Gebäudeart;GBD-W;Wohngebäude;GSSZL1;Geschosszahl;VOLLGSS-13UM;13 und mehr Vollgeschosse;-;1000 cbm;FLC003;Rauminhalt
31121;Statistik der Baufertigstellungen;JAHR;Jahr;2025;DLAND;Bundesländer;01;Schleswig-Holstein;BAUGB2;Gebäudeart;GBD-W;Wohngebäude;GSSZL1;Geschosszahl;VOLLGSS-13UM;13 und mehr Vollgeschosse;-;1000 qm;FLC002;Nutzfläche
31121;Statistik der Baufertigstellungen;JAHR;Jahr;2025;DLAND;Bundesländer;03;Niedersachsen;BAUGB2;Gebäudeart;GBD-NW;Nichtwohngebäude;GSSZL1;Geschosszahl;VOLLGSS-02;2 Vollgeschosse;4;1000 qm;FLC014;Wohnfläche der Wohnungen
31121;Statistik der Baufertigstellungen;JAHR;Jahr;2025;DLAND;Bundesländer;03;Niedersachsen;BAUGB2;Gebäudeart;GBD-NW;Nichtwohngebäude;GSSZL1;Geschosszahl;VOLLGSS-02;2 Vollgeschosse;52;Anzahl;WOHN01;Wohnungen
31121;Statistik der Baufertigstellungen;JAHR;Jahr;2025;DLAND;Bundesländer;03;Niedersachsen;BAUGB2;Gebäudeart;GBD-NW;Nichtwohngebäude;GSSZL1;Geschosszahl;VOLLGSS-02;2 Vollgeschosse;181;Anzahl;BAU005;Neue Gebäude
31121;Statistik der Baufertigstellungen;JAHR;Jahr;2025;DLAND;Bundesländer;03;Niedersachsen;BAUGB2;Gebäudeart;GBD-NW;Nichtwohngebäude;GSSZL1;Geschosszahl;VOLLGSS-02;2 Vollgeschosse;421317;Tsd. EUR;VKB001;Veranschlagte Kosten des Bauwerks
31121;Statistik der Baufertigstellungen;JAHR;Jahr;2025;DLAND;Bundesländer;03;Niedersachsen;BAUGB2;Gebäudeart;GBD-NW;Nichtwohngebäude;GSSZL1;Geschosszahl;VOLLGSS-02;2 Vollgeschosse;2485;1000 cbm;FLC003;Rauminhalt
31121;Statistik der Baufertigstellungen;JAHR;Jahr;2025;DLAND;Bundesländer;03;Niedersachsen;BAUGB2;Gebäudeart;GBD-NW;Nichtwohngebäude;GSSZL1;Geschosszahl;VOLLGSS-02;2 Vollgeschosse;301;1000 qm;FLC002;Nutzfläche
31121;Statistik der Baufertigstellungen;JAHR;Jahr;2025;DLAND;Bundesländer;04;Bremen;BAUGB2;Gebäudeart;GBD-W-NW;Wohn- und Nichtwohngebäude;GSSZL1;Geschosszahl;VOLLGSS-08-12;8-12 Vollgeschosse;1;1000 qm;FLC014;Wohnfläche der Wohnungen
31121;Statistik der Baufertigstellungen;JAHR;Jahr;2025;DLAND;Bundesländer;04;Bremen;BAUGB2;Gebäudeart;GBD-W-NW;Wohn- und Nichtwohngebäude;GSSZL1;Geschosszahl;VOLLGSS-08-12;8-12 Vollgeschosse;8;Anzahl;WOHN01;Wohnungen
31121;Statistik der Baufertigstellungen;JAHR;Jahr;2025;DLAND;Bundesländer;04;Bremen;BAUGB2;Gebäudeart;GBD-W-NW;Wohn- und Nichtwohngebäude;GSSZL1;Geschosszahl;VOLLGSS-08-12;8-12 Vollgeschosse;2;Anzahl;BAU005;Neue Gebäude
31121;Statistik der Baufertigstellungen;JAHR;Jahr;2025;DLAND;Bundesländer;04;Bremen;BAUGB2;Gebäudeart;GBD-W-NW;Wohn- und Nichtwohngebäude;GSSZL1;Geschosszahl;VOLLGSS-08-12;8-12 Vollgeschosse;12550;Tsd. EUR;VKB001;Veranschlagte Kosten des Bauwerks
31121;Statistik der Baufertigstellungen;JAHR;Jahr;2025;DLAND;Bundesländer;04;Bremen;BAUGB2;Gebäudeart;GBD-W-NW;Wohn- und Nichtwohngebäude;GSSZL1;Geschosszahl;VOLLGSS-08-12;8-12 Vollgeschosse;25;1000 cbm;FLC003;Rauminhalt
31121;Statistik der Baufertigstellungen;JAHR;Jahr;2025;DLAND;Bundesländer;04;Bremen;BAUGB2;Gebäudeart;GBD-W-NW;Wohn- und Nichtwohngebäude;GSSZL1;Geschosszahl;VOLLGSS-08-12;8-12 Vollgeschosse;6;1000 qm;FLC002;Nutzfläche
31121;Statistik der Baufertigstellungen;JAHR;Jahr;2025;DLAND;Bundesländer;06;Hessen;BAUGB2;Gebäudeart;GBD-W-NW;Wohn- und Nichtwohngebäude;GSSZL1;Geschosszahl;VOLLGSS-03;3 Vollgeschosse;191;1000 qm;FLC014;Wohnfläche der Wohnungen
31121;Statistik der Baufertigstellungen;JAHR;Jahr;2025;DLAND;Bundesländer;06;Hessen;BAUGB2;Gebäudeart;GBD-W-NW;Wohn- und Nichtwohngebäude;GSSZL1;Geschosszahl;VOLLGSS-03;3 Vollgeschosse;2418;Anzahl;WOHN01;Wohnungen
31121;Statistik der Baufertigstellungen;JAHR;Jahr;2025;DLAND;Bundesländer;06;Hessen;BAUGB2;Gebäudeart;GBD-W-NW;Wohn- und Nichtwohngebäude;GSSZL1;Geschosszahl;VOLLGSS-03;3 Vollgeschosse;299;Anzahl;BAU005;Neue Gebäude
31121;Statistik der Baufertigstellungen;JAHR;Jahr;2025;DLAND;Bundesländer;06;Hessen;BAUGB2;Gebäudeart;GBD-W-NW;Wohn- und Nichtwohngebäude;GSSZL1;Geschosszahl;VOLLGSS-03;3 Vollgeschosse;1032379;Tsd. EUR;VKB001;Veranschlagte Kosten des Bauwerks
31121;Statistik der Baufertigstellungen;JAHR;Jahr;2025;DLAND;Bundesländer;06;Hessen;BAUGB2;Gebäudeart;GBD-W-NW;Wohn- und Nichtwohngebäude;GSSZL1;Geschosszahl;VOLLGSS-03;3 Vollgeschosse;2138;1000 cbm;FLC003;Rauminhalt
31121;Statistik der Baufertigstellungen;JAHR;Jahr;2025;DLAND;Bundesländer;06;Hessen;BAUGB2;Gebäudeart;GBD-W-NW;Wohn- und Nichtwohngebäude;GSSZL1;Geschosszahl;VOLLGSS-03;3 Vollgeschosse;233;1000 qm;FLC002;Nutzfläche
31121;Statistik der Baufertigstellungen;JAHR;Jahr;2025;DLAND;Bundesländer;16;Thüringen;BAUGB2;Gebäudeart;GBD-W-NW;Wohn- und Nichtwohngebäude;GSSZL1;Geschosszahl;VOLLGSS-04-05;4-5 Vollgeschosse;26;1000 qm;FLC014;Wohnfläche der Wohnungen
31121;Statistik der Baufertigstellungen;JAHR;Jahr;2025;DLAND;Bundesländer;16;Thüringen;BAUGB2;Gebäudeart;GBD-W-NW;Wohn- und Nichtwohngebäude;GSSZL1;Geschosszahl;VOLLGSS-04-05;4-5 Vollgeschosse;328;Anzahl;WOHN01;Wohnungen
31121;Statistik der Baufertigstellungen;JAHR;Jahr;2025;DLAND;Bundesländer;16;Thüringen;BAUGB2;Gebäudeart;GBD-W-NW;Wohn- und Nichtwohngebäude;GSSZL1;Geschosszahl;VOLLGSS-04-05;4-5 Vollgeschosse;26;Anzahl;BAU005;Neue Gebäude
31121;Statistik der Baufertigstellungen;JAHR;Jahr;2025;DLAND;Bundesländer;16;Thüringen;BAUGB2;Gebäudeart;GBD-W-NW;Wohn- und Nichtwohngebäude;GSSZL1;Geschosszahl;VOLLGSS-04-05;4-5 Vollgeschosse;132188;Tsd. EUR;VKB001;Veranschlagte Kosten des Bauwerks
31121;Statistik der Baufertigstellungen;JAHR;Jahr;2025;DLAND;Bundesländer;16;Thüringen;BAUGB2;Gebäudeart;GBD-W-NW;Wohn- und Nichtwohngebäude;GSSZL1;Geschosszahl;VOLLGSS-04-05;4-5 Vollgeschosse;278;1000 cbm;FLC003;Rauminhalt
31121;Statistik der Baufertigstellungen;JAHR;Jahr;2025;DLAND;Bundesländer;16;Thüringen;BAUGB2;Gebäudeart;GBD-W-NW;Wohn- und Nichtwohngebäude;GSSZL1;Geschosszahl;VOLLGSS-04-05;4-5 Vollgeschosse;31;1000 qm;FLC002;Nutzfläche
31121;Statistik der Baufertigstellungen;JAHR;Jahr;2025;DLAND;Bundesländer;01;Schleswig-Holstein;BAUGB2;Gebäudeart;GBD-W-NW;Wohn- und Nichtwohngebäude;GSSZL1;Geschosszahl;VOLLGSS-08-12;8-12 Vollgeschosse;8;1000 qm;FLC014;Wohnfläche der Wohnungen
31121;Statistik der Baufertigstellungen;JAHR;Jahr;2025;DLAND;Bundesländer;01;Schleswig-Holstein;BAUGB2;Gebäudeart;GBD-W-NW;Wohn- und Nichtwohngebäude;GSSZL1;Geschosszahl;VOLLGSS-08-12;8-12 Vollgeschosse;100;Anzahl;WOHN01;Wohnungen
31121;Statistik der Baufertigstellungen;JAHR;Jahr;2025;DLAND;Bundesländer;01;Schleswig-Holstein;BAUGB2;Gebäudeart;GBD-W-NW;Wohn- und Nichtwohngebäude;GSSZL1;Geschosszahl;VOLLGSS-08-12;8-12 Vollgeschosse;4;Anzahl;BAU005;Neue Gebäude
31121;Statistik der Baufertigstellungen;JAHR;Jahr;2025;DLAND;Bundesländer;01;Schleswig-Holstein;BAUGB2;Gebäudeart;GBD-W-NW;Wohn- und Nichtwohngebäude;GSSZL1;Geschosszahl;VOLLGSS-08-12;8-12 Vollgeschosse;19296;Tsd. EUR;VKB001;Veranschlagte Kosten des Bauwerks
31121;Statistik der Baufertigstellungen;JAHR;Jahr;2025;DLAND;Bundesländer;01;Schleswig-Holstein;BAUGB2;Gebäudeart;GBD-W-NW;Wohn- und Nichtwohngebäude;GSSZL1;Geschosszahl;VOLLGSS-08-12;8-12 Vollgeschosse;45;1000 cbm;FLC003;Rauminhalt
31121;Statistik der Baufertigstellungen;JAHR;Jahr;2025;DLAND;Bundesländer;01;Schleswig-Holstein;BAUGB2;Gebäudeart;GBD-W-NW;Wohn- und Nichtwohngebäude;GSSZL1;Geschosszahl;VOLLGSS-08-12;8-12 Vollgeschosse;3;1000 qm;FLC002;Nutzfläche
31121;Statistik der Baufertigstellungen;JAHR;Jahr;2025;DLAND;Bundesländer;13;Mecklenburg-Vorpommern;BAUGB2;Gebäudeart;GBD-W-NW;Wohn- und Nichtwohngebäude;GSSZL1;Geschosszahl;VOLLGSS-04-05;4-5 Vollgeschosse;48;1000 qm;FLC014;Wohnfläche der Wohnungen
31121;Statistik der Baufertigstellungen;JAHR;Jahr;2025;DLAND;Bundesländer;13;Mecklenburg-Vorpommern;BAUGB2;Gebäudeart;GBD-W-NW;Wohn- und Nichtwohngebäude;GSSZL1;Geschosszahl;VOLLGSS-04-05;4-5 Vollgeschosse;628;Anzahl;WOHN01;Wohnungen
31121;Statistik der Baufertigstellungen;JAHR;Jahr;2025;DLAND;Bundesländer;13;Mecklenburg-Vorpommern;BAUGB2;Gebäudeart;GBD-W-NW;Wohn- und Nichtwohngebäude;GSSZL1;Geschosszahl;VOLLGSS-04-05;4-5 Vollgeschosse;43;Anzahl;BAU005;Neue Gebäude
31121;Statistik der Baufertigstellungen;JAHR;Jahr;2025;DLAND;Bundesländer;13;Mecklenburg-Vorpommern;BAUGB2;Gebäudeart;GBD-W-NW;Wohn- und Nichtwohngebäude;GSSZL1;Geschosszahl;VOLLGSS-04-05;4-5 Vollgeschosse;260603;Tsd. EUR;VKB001;Veranschlagte Kosten des Bauwerks
31121;Statistik der Baufertigstellungen;JAHR;Jahr;2025;DLAND;Bundesländer;13;Mecklenburg-Vorpommern;BAUGB2;Gebäudeart;GBD-W-NW;Wohn- und Nichtwohngebäude;GSSZL1;Geschosszahl;VOLLGSS-04-05;4-5 Vollgeschosse;509;1000 cbm;FLC003;Rauminhalt
31121;Statistik der Baufertigstellungen;JAHR;Jahr;2025;DLAND;Bundesländer;13;Mecklenburg-Vorpommern;BAUGB2;Gebäudeart;GBD-W-NW;Wohn- und Nichtwohngebäude;GSSZL1;Geschosszahl;VOLLGSS-04-05;4-5 Vollgeschosse;60;1000 qm;FLC002;Nutzfläche
31121;Statistik der Baufertigstellungen;JAHR;Jahr;2025;DLAND;Bundesländer;11;Berlin;BAUGB2;Gebäudeart;GBD-NW;Nichtwohngebäude;GSSZL1;Geschosszahl;VOLLGSS-08-12;8-12 Vollgeschosse;-;1000 qm;FLC014;Wohnfläche der Wohnungen
31121;Statistik der Baufertigstellungen;JAHR;Jahr;2025;DLAND;Bundesländer;11;Berlin;BAUGB2;Gebäudeart;GBD-NW;Nichtwohngebäude;GSSZL1;Geschosszahl;VOLLGSS-08-12;8-12 Vollgeschosse;-;Anzahl;WOHN01;Wohnungen
31121;Statistik der Baufertigstellungen;JAHR;Jahr;2025;DLAND;Bundesländer;11;Berlin;BAUGB2;Gebäudeart;GBD-NW;Nichtwohngebäude;GSSZL1;Geschosszahl;VOLLGSS-08-12;8-12 Vollgeschosse;6;Anzahl;BAU005;Neue Gebäude
31121;Statistik der Baufertigstellungen;JAHR;Jahr;2025;DLAND;Bundesländer;11;Berlin;BAUGB2;Gebäudeart;GBD-NW;Nichtwohngebäude;GSSZL1;Geschosszahl;VOLLGSS-08-12;8-12 Vollgeschosse;167989;Tsd. EUR;VKB001;Veranschlagte Kosten des Bauwerks
31121;Statistik der Baufertigstellungen;JAHR;Jahr;2025;DLAND;Bundesländer;11;Berlin;BAUGB2;Gebäudeart;GBD-NW;Nichtwohngebäude;GSSZL1;Geschosszahl;VOLLGSS-08-12;8-12 Vollgeschosse;357;1000 cbm;FLC003;Rauminhalt
31121;Statistik der Baufertigstellungen;JAHR;Jahr;2025;DLAND;Bundesländer;11;Berlin;BAUGB2;Gebäudeart;GBD-NW;Nichtwohngebäude;GSSZL1;Geschosszahl;VOLLGSS-08-12;8-12 Vollgeschosse;63;1000 qm;FLC002;Nutzfläche
31121;Statistik der Baufertigstellungen;JAHR;Jahr;2025;DLAND;Bundesländer;15;Sachsen-Anhalt;BAUGB2;Gebäudeart;GBD-W-NW;Wohn- und Nichtwohngebäude;GSSZL1;Geschosszahl;VOLLGSS-03;3 Vollgeschosse;29;1000 qm;FLC014;Wohnfläche der Wohnungen
31121;Statistik der Baufertigstellungen;JAHR;Jahr;2025;DLAND;Bundesländer;15;Sachsen-Anhalt;BAUGB2;Gebäudeart;GBD-W-NW;Wohn- und Nichtwohngebäude;GSSZL1;Geschosszahl;VOLLGSS-03;3 Vollgeschosse;319;Anzahl;WOHN01;Wohnungen
31121;Statistik der Baufertigstellungen;JAHR;Jahr;2025;DLAND;Bundesländer;15;Sachsen-Anhalt;BAUGB2;Gebäudeart;GBD-W-NW;Wohn- und Nichtwohngebäude;GSSZL1;Geschosszahl;VOLLGSS-03;3 Vollgeschosse;46;Anzahl;BAU005;Neue Gebäude
31121;Statistik der Baufertigstellungen;JAHR;Jahr;2025;DLAND;Bundesländer;15;Sachsen-Anhalt;BAUGB2;Gebäudeart;GBD-W-NW;Wohn- und Nichtwohngebäude;GSSZL1;Geschosszahl;VOLLGSS-03;3 Vollgeschosse;77609;Tsd. EUR;VKB001;Veranschlagte Kosten des Bauwerks
31121;Statistik der Baufertigstellungen;JAHR;Jahr;2025;DLAND;Bundesländer;15;Sachsen-Anhalt;BAUGB2;Gebäudeart;GBD-W-NW;Wohn- und Nichtwohngebäude;GSSZL1;Geschosszahl;VOLLGSS-03;3 Vollgeschosse;307;1000 cbm;FLC003;Rauminhalt
31121;Statistik der Baufertigstellungen;JAHR;Jahr;2025;DLAND;Bundesländer;15;Sachsen-Anhalt;BAUGB2;Gebäudeart;GBD-W-NW;Wohn- und Nichtwohngebäude;GSSZL1;Geschosszahl;VOLLGSS-03;3 Vollgeschosse;32;1000 qm;FLC002;Nutzfläche
31121;Statistik der Baufertigstellungen;JAHR;Jahr;2025;DLAND;Bundesländer;16;Thüringen;BAUGB2;Gebäudeart;GBD-W;Wohngebäude;GSSZL1;Geschosszahl;VOLLGSS-04-05;4-5 Vollgeschosse;26;1000 qm;FLC014;Wohnfläche der Wohnungen
31121;Statistik der Baufertigstellungen;JAHR;Jahr;2025;DLAND;Bundesländer;16;Thüringen;BAUGB2;Gebäudeart;GBD-W;Wohngebäude;GSSZL1;Geschosszahl;VOLLGSS-04-05;4-5 Vollgeschosse;318;Anzahl;WOHN01;Wohnungen
31121;Statistik der Baufertigstellungen;JAHR;Jahr;2025;DLAND;Bundesländer;16;Thüringen;BAUGB2;Gebäudeart;GBD-W;Wohngebäude;GSSZL1;Geschosszahl;VOLLGSS-04-05;4-5 Vollgeschosse;21;Anzahl;BAU005;Neue Gebäude
31121;Statistik der Baufertigstellungen;JAHR;Jahr;2025;DLAND;Bundesländer;16;Thüringen;BAUGB2;Gebäudeart;GBD-W;Wohngebäude;GSSZL1;Geschosszahl;VOLLGSS-04-05;4-5 Vollgeschosse;46688;Tsd. EUR;VKB001;Veranschlagte Kosten des Bauwerks
31121;Statistik der Baufertigstellungen;JAHR;Jahr;2025;DLAND;Bundesländer;16;Thüringen;BAUGB2;Gebäudeart;GBD-W;Wohngebäude;GSSZL1;Geschosszahl;VOLLGSS-04-05;4-5 Vollgeschosse;138;1000 cbm;FLC003;Rauminhalt
31121;Statistik der Baufertigstellungen;JAHR;Jahr;2025;DLAND;Bundesländer;16;Thüringen;BAUGB2;Gebäudeart;GBD-W;Wohngebäude;GSSZL1;Geschosszahl;VOLLGSS-04-05;4-5 Vollgeschosse;9;1000 qm;FLC002;Nutzfläche
31121;Statistik der Baufertigstellungen;JAHR;Jahr;2025;DLAND;Bundesländer;11;Berlin;BAUGB2;Gebäudeart;GBD-W;Wohngebäude;GSSZL1;Geschosszahl;VOLLGSS-06-07;6-7 Vollgeschosse;183;1000 qm;FLC014;Wohnfläche der Wohnungen
31121;Statistik der Baufertigstellungen;JAHR;Jahr;2025;DLAND;Bundesländer;11;Berlin;BAUGB2;Gebäudeart;GBD-W;Wohngebäude;GSSZL1;Geschosszahl;VOLLGSS-06-07;6-7 Vollgeschosse;2985;Anzahl;WOHN01;Wohnungen
31121;Statistik der Baufertigstellungen;JAHR;Jahr;2025;DLAND;Bundesländer;11;Berlin;BAUGB2;Gebäudeart;GBD-W;Wohngebäude;GSSZL1;Geschosszahl;VOLLGSS-06-07;6-7 Vollgeschosse;108;Anzahl;BAU005;Neue Gebäude
31121;Statistik der Baufertigstellungen;JAHR;Jahr;2025;DLAND;Bundesländer;11;Berlin;BAUGB2;Gebäudeart;GBD-W;Wohngebäude;GSSZL1;Geschosszahl;VOLLGSS-06-07;6-7 Vollgeschosse;431300;Tsd. EUR;VKB001;Veranschlagte Kosten des Bauwerks
31121;Statistik der Baufertigstellungen;JAHR;Jahr;2025;DLAND;Bundesländer;11;Berlin;BAUGB2;Gebäudeart;GBD-W;Wohngebäude;GSSZL1;Geschosszahl;VOLLGSS-06-07;6-7 Vollgeschosse;957;1000 cbm;FLC003;Rauminhalt
31121;Statistik der Baufertigstellungen;JAHR;Jahr;2025;DLAND;Bundesländer;11;Berlin;BAUGB2;Gebäudeart;GBD-W;Wohngebäude;GSSZL1;Geschosszahl;VOLLGSS-06-07;6-7 Vollgeschosse;52;1000 qm;FLC002;Nutzfläche
31121;Statistik der Baufertigstellungen;JAHR;Jahr;2025;DLAND;Bundesländer;14;Sachsen;BAUGB2;Gebäudeart;GBD-W;Wohngebäude;GSSZL1;Geschosszahl;VOLLGSS-06-07;6-7 Vollgeschosse;86;1000 qm;FLC014;Wohnfläche der Wohnungen
31121;Statistik der Baufertigstellungen;JAHR;Jahr;2025;DLAND;Bundesländer;14;Sachsen;BAUGB2;Gebäudeart;GBD-W;Wohngebäude;GSSZL1;Geschosszahl;VOLLGSS-06-07;6-7 Vollgeschosse;1166;Anzahl;WOHN01;Wohnungen
31121;Statistik der Baufertigstellungen;JAHR;Jahr;2025;DLAND;Bundesländer;14;Sachsen;BAUGB2;Gebäudeart;GBD-W;Wohngebäude;GSSZL1;Geschosszahl;VOLLGSS-06-07;6-7 Vollgeschosse;55;Anzahl;BAU005;Neue Gebäude
31121;Statistik der Baufertigstellungen;JAHR;Jahr;2025;DLAND;Bundesländer;14;Sachsen;BAUGB2;Gebäudeart;GBD-W;Wohngebäude;GSSZL1;Geschosszahl;VOLLGSS-06-07;6-7 Vollgeschosse;178794;Tsd. EUR;VKB001;Veranschlagte Kosten des Bauwerks
31121;Statistik der Baufertigstellungen;JAHR;Jahr;2025;DLAND;Bundesländer;14;Sachsen;BAUGB2;Gebäudeart;GBD-W;Wohngebäude;GSSZL1;Geschosszahl;VOLLGSS-06-07;6-7 Vollgeschosse;494;1000 cbm;FLC003;Rauminhalt
31121;Statistik der Baufertigstellungen;JAHR;Jahr;2025;DLAND;Bundesländer;14;Sachsen;BAUGB2;Gebäudeart;GBD-W;Wohngebäude;GSSZL1;Geschosszahl;VOLLGSS-06-07;6-7 Vollgeschosse;18;1000 qm;FLC002;Nutzfläche
31121;Statistik der Baufertigstellungen;JAHR;Jahr;2025;DLAND;Bundesländer;04;Bremen;BAUGB2;Gebäudeart;GBD-W;Wohngebäude;GSSZL1;Geschosszahl;VOLLGSS-04-05;4-5 Vollgeschosse;11;1000 qm;FLC014;Wohnfläche der Wohnungen
31121;Statistik der Baufertigstellungen;JAHR;Jahr;2025;DLAND;Bundesländer;04;Bremen;BAUGB2;Gebäudeart;GBD-W;Wohngebäude;GSSZL1;Geschosszahl;VOLLGSS-04-05;4-5 Vollgeschosse;184;Anzahl;WOHN01;Wohnungen
31121;Statistik der Baufertigstellungen;JAHR;Jahr;2025;DLAND;Bundesländer;04;Bremen;BAUGB2;Gebäudeart;GBD-W;Wohngebäude;GSSZL1;Geschosszahl;VOLLGSS-04-05;4-5 Vollgeschosse;6;Anzahl;BAU005;Neue Gebäude
31121;Statistik der Baufertigstellungen;JAHR;Jahr;2025;DLAND;Bundesländer;04;Bremen;BAUGB2;Gebäudeart;GBD-W;Wohngebäude;GSSZL1;Geschosszahl;VOLLGSS-04-05;4-5 Vollgeschosse;25823;Tsd. EUR;VKB001;Veranschlagte Kosten des Bauwerks
31121;Statistik der Baufertigstellungen;JAHR;Jahr;2025;DLAND;Bundesländer;04;Bremen;BAUGB2;Gebäudeart;GBD-W;Wohngebäude;GSSZL1;Geschosszahl;VOLLGSS-04-05;4-5 Vollgeschosse;57;1000 cbm;FLC003;Rauminhalt
31121;Statistik der Baufertigstellungen;JAHR;Jahr;2025;DLAND;Bundesländer;04;Bremen;BAUGB2;Gebäudeart;GBD-W;Wohngebäude;GSSZL1;Geschosszahl;VOLLGSS-04-05;4-5 Vollgeschosse;2;1000 qm;FLC002;Nutzfläche
31121;Statistik der Baufertigstellungen;JAHR;Jahr;2025;DLAND;Bundesländer;10;Saarland;BAUGB2;Gebäudeart;GBD-NW;Nichtwohngebäude;GSSZL1;Geschosszahl;VOLLGSS-08-12;8-12 Vollgeschosse;-;1000 qm;FLC014;Wohnfläche der Wohnungen
31121;Statistik der Baufertigstellungen;JAHR;Jahr;2025;DLAND;Bundesländer;10;Saarland;BAUGB2;Gebäudeart;GBD-NW;Nichtwohngebäude;GSSZL1;Geschosszahl;VOLLGSS-08-12;8-12 Vollgeschosse;-;Anzahl;WOHN01;Wohnungen
31121;Statistik der Baufertigstellungen;JAHR;Jahr;2025;DLAND;Bundesländer;10;Saarland;BAUGB2;Gebäudeart;GBD-NW;Nichtwohngebäude;GSSZL1;Geschosszahl;VOLLGSS-08-12;8-12 Vollgeschosse;-;Anzahl;BAU005;Neue Gebäude
31121;Statistik der Baufertigstellungen;JAHR;Jahr;2025;DLAND;Bundesländer;10;Saarland;BAUGB2;Gebäudeart;GBD-NW;Nichtwohngebäude;GSSZL1;Geschosszahl;VOLLGSS-08-12;8-12 Vollgeschosse;-;Tsd. EUR;VKB001;Veranschlagte Kosten des Bauwerks
31121;Statistik der Baufertigstellungen;JAHR;Jahr;2025;DLAND;Bundesländer;10;Saarland;BAUGB2;Gebäudeart;GBD-NW;Nichtwohngebäude;GSSZL1;Geschosszahl;VOLLGSS-08-12;8-12 Vollgeschosse;-;1000 cbm;FLC003;Rauminhalt
31121;Statistik der Baufertigstellungen;JAHR;Jahr;2025;DLAND;Bundesländer;10;Saarland;BAUGB2;Gebäudeart;GBD-NW;Nichtwohngebäude;GSSZL1;Geschosszahl;VOLLGSS-08-12;8-12 Vollgeschosse;-;1000 qm;FLC002;Nutzfläche
31121;Statistik der Baufertigstellungen;JAHR;Jahr;2025;DLAND;Bundesländer;03;Niedersachsen;BAUGB2;Gebäudeart;GBD-W;Wohngebäude;GSSZL1;Geschosszahl;VOLLGSS-06-07;6-7 Vollgeschosse;7;1000 qm;FLC014;Wohnfläche der Wohnungen
31121;Statistik der Baufertigstellungen;JAHR;Jahr;2025;DLAND;Bundesländer;03;Niedersachsen;BAUGB2;Gebäudeart;GBD-W;Wohngebäude;GSSZL1;Geschosszahl;VOLLGSS-06-07;6-7 Vollgeschosse;103;Anzahl;WOHN01;Wohnungen
31121;Statistik der Baufertigstellungen;JAHR;Jahr;2025;DLAND;Bundesländer;03;Niedersachsen;BAUGB2;Gebäudeart;GBD-W;Wohngebäude;GSSZL1;Geschosszahl;VOLLGSS-06-07;6-7 Vollgeschosse;5;Anzahl;BAU005;Neue Gebäude
31121;Statistik der Baufertigstellungen;JAHR;Jahr;2025;DLAND;Bundesländer;03;Niedersachsen;BAUGB2;Gebäudeart;GBD-W;Wohngebäude;GSSZL1;Geschosszahl;VOLLGSS-06-07;6-7 Vollgeschosse;14126;Tsd. EUR;VKB001;Veranschlagte Kosten des Bauwerks
31121;Statistik der Baufertigstellungen;JAHR;Jahr;2025;DLAND;Bundesländer;03;Niedersachsen;BAUGB2;Gebäudeart;GBD-W;Wohngebäude;GSSZL1;Geschosszahl;VOLLGSS-06-07;6-7 Vollgeschosse;44;1000 cbm;FLC003;Rauminhalt
31121;Statistik der Baufertigstellungen;JAHR;Jahr;2025;DLAND;Bundesländer;03;Niedersachsen;BAUGB2;Gebäudeart;GBD-W;Wohngebäude;GSSZL1;Geschosszahl;VOLLGSS-06-07;6-7 Vollgeschosse;2;1000 qm;FLC002;Nutzfläche
31121;Statistik der Baufertigstellungen;JAHR;Jahr;2025;DLAND;Bundesländer;08;Baden-Württemberg;BAUGB2;Gebäudeart;GBD-W-NW;Wohn- und Nichtwohngebäude;GSSZL1;Geschosszahl;VOLLGSS-02;2 Vollgeschosse;1244;1000 qm;FLC014;Wohnfläche der Wohnungen
31121;Statistik der Baufertigstellungen;JAHR;Jahr;2025;DLAND;Bundesländer;08;Baden-Württemberg;BAUGB2;Gebäudeart;GBD-W-NW;Wohn- und Nichtwohngebäude;GSSZL1;Geschosszahl;VOLLGSS-02;2 Vollgeschosse;10459;Anzahl;WOHN01;Wohnungen
31121;Statistik der Baufertigstellungen;JAHR;Jahr;2025;DLAND;Bundesländer;08;Baden-Württemberg;BAUGB2;Gebäudeart;GBD-W-NW;Wohn- und Nichtwohngebäude;GSSZL1;Geschosszahl;VOLLGSS-02;2 Vollgeschosse;5978;Anzahl;BAU005;Neue Gebäude
31121;Statistik der Baufertigstellungen;JAHR;Jahr;2025;DLAND;Bundesländer;08;Baden-Württemberg;BAUGB2;Gebäudeart;GBD-W-NW;Wohn- und Nichtwohngebäude;GSSZL1;Geschosszahl;VOLLGSS-02;2 Vollgeschosse;4325440;Tsd. EUR;VKB001;Veranschlagte Kosten des Bauwerks
31121;Statistik der Baufertigstellungen;JAHR;Jahr;2025;DLAND;Bundesländer;08;Baden-Württemberg;BAUGB2;Gebäudeart;GBD-W-NW;Wohn- und Nichtwohngebäude;GSSZL1;Geschosszahl;VOLLGSS-02;2 Vollgeschosse;11952;1000 cbm;FLC003;Rauminhalt
31121;Statistik der Baufertigstellungen;JAHR;Jahr;2025;DLAND;Bundesländer;08;Baden-Württemberg;BAUGB2;Gebäudeart;GBD-W-NW;Wohn- und Nichtwohngebäude;GSSZL1;Geschosszahl;VOLLGSS-02;2 Vollgeschosse;1103;1000 qm;FLC002;Nutzfläche
31121;Statistik der Baufertigstellungen;JAHR;Jahr;2025;DLAND;Bundesländer;15;Sachsen-Anhalt;BAUGB2;Gebäudeart;GBD-NW;Nichtwohngebäude;GSSZL1;Geschosszahl;VOLLGSS-04-05;4-5 Vollgeschosse;-;1000 qm;FLC014;Wohnfläche der Wohnungen
31121;Statistik der Baufertigstellungen;JAHR;Jahr;2025;DLAND;Bundesländer;15;Sachsen-Anhalt;BAUGB2;Gebäudeart;GBD-NW;Nichtwohngebäude;GSSZL1;Geschosszahl;VOLLGSS-04-05;4-5 Vollgeschosse;-;Anzahl;WOHN01;Wohnungen
31121;Statistik der Baufertigstellungen;JAHR;Jahr;2025;DLAND;Bundesländer;15;Sachsen-Anhalt;BAUGB2;Gebäudeart;GBD-NW;Nichtwohngebäude;GSSZL1;Geschosszahl;VOLLGSS-04-05;4-5 Vollgeschosse;4;Anzahl;BAU005;Neue Gebäude
31121;Statistik der Baufertigstellungen;JAHR;Jahr;2025;DLAND;Bundesländer;15;Sachsen-Anhalt;BAUGB2;Gebäudeart;GBD-NW;Nichtwohngebäude;GSSZL1;Geschosszahl;VOLLGSS-04-05;4-5 Vollgeschosse;136778;Tsd. EUR;VKB001;Veranschlagte Kosten des Bauwerks
31121;Statistik der Baufertigstellungen;JAHR;Jahr;2025;DLAND;Bundesländer;15;Sachsen-Anhalt;BAUGB2;Gebäudeart;GBD-NW;Nichtwohngebäude;GSSZL1;Geschosszahl;VOLLGSS-04-05;4-5 Vollgeschosse;40;1000 cbm;FLC003;Rauminhalt
31121;Statistik der Baufertigstellungen;JAHR;Jahr;2025;DLAND;Bundesländer;15;Sachsen-Anhalt;BAUGB2;Gebäudeart;GBD-NW;Nichtwohngebäude;GSSZL1;Geschosszahl;VOLLGSS-04-05;4-5 Vollgeschosse;7;1000 qm;FLC002;Nutzfläche
31121;Statistik der Baufertigstellungen;JAHR;Jahr;2025;DLAND;Bundesländer;10;Saarland;BAUGB2;Gebäudeart;GBD-NW;Nichtwohngebäude;GSSZL1;Geschosszahl;VOLLGSS-06-07;6-7 Vollgeschosse;1;1000 qm;FLC014;Wohnfläche der Wohnungen
31121;Statistik der Baufertigstellungen;JAHR;Jahr;2025;DLAND;Bundesländer;10;Saarland;BAUGB2;Gebäudeart;GBD-NW;Nichtwohngebäude;GSSZL1;Geschosszahl;VOLLGSS-06-07;6-7 Vollgeschosse;4;Anzahl;WOHN01;Wohnungen
31121;Statistik der Baufertigstellungen;JAHR;Jahr;2025;DLAND;Bundesländer;10;Saarland;BAUGB2;Gebäudeart;GBD-NW;Nichtwohngebäude;GSSZL1;Geschosszahl;VOLLGSS-06-07;6-7 Vollgeschosse;2;Anzahl;BAU005;Neue Gebäude
31121;Statistik der Baufertigstellungen;JAHR;Jahr;2025;DLAND;Bundesländer;10;Saarland;BAUGB2;Gebäudeart;GBD-NW;Nichtwohngebäude;GSSZL1;Geschosszahl;VOLLGSS-06-07;6-7 Vollgeschosse;5500;Tsd. EUR;VKB001;Veranschlagte Kosten des Bauwerks
31121;Statistik der Baufertigstellungen;JAHR;Jahr;2025;DLAND;Bundesländer;10;Saarland;BAUGB2;Gebäudeart;GBD-NW;Nichtwohngebäude;GSSZL1;Geschosszahl;VOLLGSS-06-07;6-7 Vollgeschosse;12;1000 cbm;FLC003;Rauminhalt
31121;Statistik der Baufertigstellungen;JAHR;Jahr;2025;DLAND;Bundesländer;10;Saarland;BAUGB2;Gebäudeart;GBD-NW;Nichtwohngebäude;GSSZL1;Geschosszahl;VOLLGSS-06-07;6-7 Vollgeschosse;2;1000 qm;FLC002;Nutzfläche
31121;Statistik der Baufertigstellungen;JAHR;Jahr;2025;DLAND;Bundesländer;14;Sachsen;BAUGB2;Gebäudeart;GBD-W-NW;Wohn- und Nichtwohngebäude;GSSZL1;Geschosszahl;VOLLGSS-03;3 Vollgeschosse;39;1000 qm;FLC014;Wohnfläche der Wohnungen
31121;Statistik der Baufertigstellungen;JAHR;Jahr;2025;DLAND;Bundesländer;14;Sachsen;BAUGB2;Gebäudeart;GBD-W-NW;Wohn- und Nichtwohngebäude;GSSZL1;Geschosszahl;VOLLGSS-03;3 Vollgeschosse;379;Anzahl;WOHN01;Wohnungen
31121;Statistik der Baufertigstellungen;JAHR;Jahr;2025;DLAND;Bundesländer;14;Sachsen;BAUGB2;Gebäudeart;GBD-W-NW;Wohn- und Nichtwohngebäude;GSSZL1;Geschosszahl;VOLLGSS-03;3 Vollgeschosse;124;Anzahl;BAU005;Neue Gebäude
31121;Statistik der Baufertigstellungen;JAHR;Jahr;2025;DLAND;Bundesländer;14;Sachsen;BAUGB2;Gebäudeart;GBD-W-NW;Wohn- und Nichtwohngebäude;GSSZL1;Geschosszahl;VOLLGSS-03;3 Vollgeschosse;217004;Tsd. EUR;VKB001;Veranschlagte Kosten des Bauwerks
31121;Statistik der Baufertigstellungen;JAHR;Jahr;2025;DLAND;Bundesländer;14;Sachsen;BAUGB2;Gebäudeart;GBD-W-NW;Wohn- und Nichtwohngebäude;GSSZL1;Geschosszahl;VOLLGSS-03;3 Vollgeschosse;668;1000 cbm;FLC003;Rauminhalt
31121;Statistik der Baufertigstellungen;JAHR;Jahr;2025;DLAND;Bundesländer;14;Sachsen;BAUGB2;Gebäudeart;GBD-W-NW;Wohn- und Nichtwohngebäude;GSSZL1;Geschosszahl;VOLLGSS-03;3 Vollgeschosse;81;1000 qm;FLC002;Nutzfläche
31121;Statistik der Baufertigstellungen;JAHR;Jahr;2025;DLAND;Bundesländer;08;Baden-Württemberg;BAUGB2;Gebäudeart;GBD-NW;Nichtwohngebäude;GSSZL1;Geschosszahl;VOLLGSS-08-12;8-12 Vollgeschosse;-;1000 qm;FLC014;Wohnfläche der Wohnungen
31121;Statistik der Baufertigstellungen;JAHR;Jahr;2025;DLAND;Bundesländer;08;Baden-Württemberg;BAUGB2;Gebäudeart;GBD-NW;Nichtwohngebäude;GSSZL1;Geschosszahl;VOLLGSS-08-12;8-12 Vollgeschosse;-;Anzahl;WOHN01;Wohnungen
31121;Statistik der Baufertigstellungen;JAHR;Jahr;2025;DLAND;Bundesländer;08;Baden-Württemberg;BAUGB2;Gebäudeart;GBD-NW;Nichtwohngebäude;GSSZL1;Geschosszahl;VOLLGSS-08-12;8-12 Vollgeschosse;9;Anzahl;BAU005;Neue Gebäude
31121;Statistik der Baufertigstellungen;JAHR;Jahr;2025;DLAND;Bundesländer;08;Baden-Württemberg;BAUGB2;Gebäudeart;GBD-NW;Nichtwohngebäude;GSSZL1;Geschosszahl;VOLLGSS-08-12;8-12 Vollgeschosse;288046;Tsd. EUR;VKB001;Veranschlagte Kosten des Bauwerks
31121;Statistik der Baufertigstellungen;JAHR;Jahr;2025;DLAND;Bundesländer;08;Baden-Württemberg;BAUGB2;Gebäudeart;GBD-NW;Nichtwohngebäude;GSSZL1;Geschosszahl;VOLLGSS-08-12;8-12 Vollgeschosse;691;1000 cbm;FLC003;Rauminhalt
31121;Statistik der Baufertigstellungen;JAHR;Jahr;2025;DLAND;Bundesländer;08;Baden-Württemberg;BAUGB2;Gebäudeart;GBD-NW;Nichtwohngebäude;GSSZL1;Geschosszahl;VOLLGSS-08-12;8-12 Vollgeschosse;103;1000 qm;FLC002;Nutzfläche
31121;Statistik der Baufertigstellungen;JAHR;Jahr;2025;DLAND;Bundesländer;06;Hessen;BAUGB2;Gebäudeart;GBD-W;Wohngebäude;GSSZL1;Geschosszahl;VOLLGSS-03;3 Vollgeschosse;187;1000 qm;FLC014;Wohnfläche der Wohnungen
31121;Statistik der Baufertigstellungen;JAHR;Jahr;2025;DLAND;Bundesländer;06;Hessen;BAUGB2;Gebäudeart;GBD-W;Wohngebäude;GSSZL1;Geschosszahl;VOLLGSS-03;3 Vollgeschosse;2339;Anzahl;WOHN01;Wohnungen
31121;Statistik der Baufertigstellungen;JAHR;Jahr;2025;DLAND;Bundesländer;06;Hessen;BAUGB2;Gebäudeart;GBD-W;Wohngebäude;GSSZL1;Geschosszahl;VOLLGSS-03;3 Vollgeschosse;243;Anzahl;BAU005;Neue Gebäude
31121;Statistik der Baufertigstellungen;JAHR;Jahr;2025;DLAND;Bundesländer;06;Hessen;BAUGB2;Gebäudeart;GBD-W;Wohngebäude;GSSZL1;Geschosszahl;VOLLGSS-03;3 Vollgeschosse;423946;Tsd. EUR;VKB001;Veranschlagte Kosten des Bauwerks
31121;Statistik der Baufertigstellungen;JAHR;Jahr;2025;DLAND;Bundesländer;06;Hessen;BAUGB2;Gebäudeart;GBD-W;Wohngebäude;GSSZL1;Geschosszahl;VOLLGSS-03;3 Vollgeschosse;993;1000 cbm;FLC003;Rauminhalt
31121;Statistik der Baufertigstellungen;JAHR;Jahr;2025;DLAND;Bundesländer;06;Hessen;BAUGB2;Gebäudeart;GBD-W;Wohngebäude;GSSZL1;Geschosszahl;VOLLGSS-03;3 Vollgeschosse;56;1000 qm;FLC002;Nutzfläche
31121;Statistik der Baufertigstellungen;JAHR;Jahr;2025;DLAND;Bundesländer;16;Thüringen;BAUGB2;Gebäudeart;GBD-W;Wohngebäude;GSSZL1;Geschosszahl;VOLLGSS-13UM;13 und mehr Vollgeschosse;-;1000 qm;FLC014;Wohnfläche der Wohnungen
31121;Statistik der Baufertigstellungen;JAHR;Jahr;2025;DLAND;Bundesländer;16;Thüringen;BAUGB2;Gebäudeart;GBD-W;Wohngebäude;GSSZL1;Geschosszahl;VOLLGSS-13UM;13 und mehr Vollgeschosse;-;Anzahl;WOHN01;Wohnungen
31121;Statistik der Baufertigstellungen;JAHR;Jahr;2025;DLAND;Bundesländer;16;Thüringen;BAUGB2;Gebäudeart;GBD-W;Wohngebäude;GSSZL1;Geschosszahl;VOLLGSS-13UM;13 und mehr Vollgeschosse;-;Anzahl;BAU005;Neue Gebäude
31121;Statistik der Baufertigstellungen;JAHR;Jahr;2025;DLAND;Bundesländer;16;Thüringen;BAUGB2;Gebäudeart;GBD-W;Wohngebäude;GSSZL1;Geschosszahl;VOLLGSS-13UM;13 und mehr Vollgeschosse;-;Tsd. EUR;VKB001;Veranschlagte Kosten des Bauwerks
31121;Statistik der Baufertigstellungen;JAHR;Jahr;2025;DLAND;Bundesländer;16;Thüringen;BAUGB2;Gebäudeart;GBD-W;Wohngebäude;GSSZL1;Geschosszahl;VOLLGSS-13UM;13 und mehr Vollgeschosse;-;1000 cbm;FLC003;Rauminhalt
31121;Statistik der Baufertigstellungen;JAHR;Jahr;2025;DLAND;Bundesländer;16;Thüringen;BAUGB2;Gebäudeart;GBD-W;Wohngebäude;GSSZL1;Geschosszahl;VOLLGSS-13UM;13 und mehr Vollgeschosse;-;1000 qm;FLC002;Nutzfläche
31121;Statistik der Baufertigstellungen;JAHR;Jahr;2025;DLAND;Bundesländer;07;Rheinland-Pfalz;BAUGB2;Gebäudeart;GBD-W-NW;Wohn- und Nichtwohngebäude;GSSZL1;Geschosszahl;VOLLGSS-01;1 Vollgeschoss;98;1000 qm;FLC014;Wohnfläche der Wohnungen
31121;Statistik der Baufertigstellungen;JAHR;Jahr;2025;DLAND;Bundesländer;07;Rheinland-Pfalz;BAUGB2;Gebäudeart;GBD-W-NW;Wohn- und Nichtwohngebäude;GSSZL1;Geschosszahl;VOLLGSS-01;1 Vollgeschoss;807;Anzahl;WOHN01;Wohnungen
31121;Statistik der Baufertigstellungen;JAHR;Jahr;2025;DLAND;Bundesländer;07;Rheinland-Pfalz;BAUGB2;Gebäudeart;GBD-W-NW;Wohn- und Nichtwohngebäude;GSSZL1;Geschosszahl;VOLLGSS-01;1 Vollgeschoss;1527;Anzahl;BAU005;Neue Gebäude
31121;Statistik der Baufertigstellungen;JAHR;Jahr;2025;DLAND;Bundesländer;07;Rheinland-Pfalz;BAUGB2;Gebäudeart;GBD-W-NW;Wohn- und Nichtwohngebäude;GSSZL1;Geschosszahl;VOLLGSS-01;1 Vollgeschoss;617014;Tsd. EUR;VKB001;Veranschlagte Kosten des Bauwerks
31121;Statistik der Baufertigstellungen;JAHR;Jahr;2025;DLAND;Bundesländer;07;Rheinland-Pfalz;BAUGB2;Gebäudeart;GBD-W-NW;Wohn- und Nichtwohngebäude;GSSZL1;Geschosszahl;VOLLGSS-01;1 Vollgeschoss;3871;1000 cbm;FLC003;Rauminhalt
31121;Statistik der Baufertigstellungen;JAHR;Jahr;2025;DLAND;Bundesländer;07;Rheinland-Pfalz;BAUGB2;Gebäudeart;GBD-W-NW;Wohn- und Nichtwohngebäude;GSSZL1;Geschosszahl;VOLLGSS-01;1 Vollgeschoss;445;1000 qm;FLC002;Nutzfläche
31121;Statistik der Baufertigstellungen;JAHR;Jahr;2025;DLAND;Bundesländer;15;Sachsen-Anhalt;BAUGB2;Gebäudeart;GBD-W;Wohngebäude;GSSZL1;Geschosszahl;VOLLGSS-04-05;4-5 Vollgeschosse;16;1000 qm;FLC014;Wohnfläche der Wohnungen
31121;Statistik der Baufertigstellungen;JAHR;Jahr;2025;DLAND;Bundesländer;15;Sachsen-Anhalt;BAUGB2;Gebäudeart;GBD-W;Wohngebäude;GSSZL1;Geschosszahl;VOLLGSS-04-05;4-5 Vollgeschosse;287;Anzahl;WOHN01;Wohnungen
31121;Statistik der Baufertigstellungen;JAHR;Jahr;2025;DLAND;Bundesländer;15;Sachsen-Anhalt;BAUGB2;Gebäudeart;GBD-W;Wohngebäude;GSSZL1;Geschosszahl;VOLLGSS-04-05;4-5 Vollgeschosse;11;Anzahl;BAU005;Neue Gebäude
31121;Statistik der Baufertigstellungen;JAHR;Jahr;2025;DLAND;Bundesländer;15;Sachsen-Anhalt;BAUGB2;Gebäudeart;GBD-W;Wohngebäude;GSSZL1;Geschosszahl;VOLLGSS-04-05;4-5 Vollgeschosse;41060;Tsd. EUR;VKB001;Veranschlagte Kosten des Bauwerks
31121;Statistik der Baufertigstellungen;JAHR;Jahr;2025;DLAND;Bundesländer;15;Sachsen-Anhalt;BAUGB2;Gebäudeart;GBD-W;Wohngebäude;GSSZL1;Geschosszahl;VOLLGSS-04-05;4-5 Vollgeschosse;100;1000 cbm;FLC003;Rauminhalt
31121;Statistik der Baufertigstellungen;JAHR;Jahr;2025;DLAND;Bundesländer;15;Sachsen-Anhalt;BAUGB2;Gebäudeart;GBD-W;Wohngebäude;GSSZL1;Geschosszahl;VOLLGSS-04-05;4-5 Vollgeschosse;7;1000 qm;FLC002;Nutzfläche
31121;Statistik der Baufertigstellungen;JAHR;Jahr;2025;DLAND;Bundesländer;01;Schleswig-Holstein;BAUGB2;Gebäudeart;GBD-NW;Nichtwohngebäude;GSSZL1;Geschosszahl;VOLLGSS-04-05;4-5 Vollgeschosse;2;1000 qm;FLC014;Wohnfläche der Wohnungen
31121;Statistik der Baufertigstellungen;JAHR;Jahr;2025;DLAND;Bundesländer;01;Schleswig-Holstein;BAUGB2;Gebäudeart;GBD-NW;Nichtwohngebäude;GSSZL1;Geschosszahl;VOLLGSS-04-05;4-5 Vollgeschosse;26;Anzahl;WOHN01;Wohnungen
31121;Statistik der Baufertigstellungen;JAHR;Jahr;2025;DLAND;Bundesländer;01;Schleswig-Holstein;BAUGB2;Gebäudeart;GBD-NW;Nichtwohngebäude;GSSZL1;Geschosszahl;VOLLGSS-04-05;4-5 Vollgeschosse;7;Anzahl;BAU005;Neue Gebäude
31121;Statistik der Baufertigstellungen;JAHR;Jahr;2025;DLAND;Bundesländer;01;Schleswig-Holstein;BAUGB2;Gebäudeart;GBD-NW;Nichtwohngebäude;GSSZL1;Geschosszahl;VOLLGSS-04-05;4-5 Vollgeschosse;63385;Tsd. EUR;VKB001;Veranschlagte Kosten des Bauwerks
31121;Statistik der Baufertigstellungen;JAHR;Jahr;2025;DLAND;Bundesländer;01;Schleswig-Holstein;BAUGB2;Gebäudeart;GBD-NW;Nichtwohngebäude;GSSZL1;Geschosszahl;VOLLGSS-04-05;4-5 Vollgeschosse;145;1000 cbm;FLC003;Rauminhalt
31121;Statistik der Baufertigstellungen;JAHR;Jahr;2025;DLAND;Bundesländer;01;Schleswig-Holstein;BAUGB2;Gebäudeart;GBD-NW;Nichtwohngebäude;GSSZL1;Geschosszahl;VOLLGSS-04-05;4-5 Vollgeschosse;26;1000 qm;FLC002;Nutzfläche
31121;Statistik der Baufertigstellungen;JAHR;Jahr;2025;DLAND;Bundesländer;03;Niedersachsen;BAUGB2;Gebäudeart;GBD-W-NW;Wohn- und Nichtwohngebäude;GSSZL1;Geschosszahl;VOLLGSS-03;3 Vollgeschosse;106;1000 qm;FLC014;Wohnfläche der Wohnungen
31121;Statistik der Baufertigstellungen;JAHR;Jahr;2025;DLAND;Bundesländer;03;Niedersachsen;BAUGB2;Gebäudeart;GBD-W-NW;Wohn- und Nichtwohngebäude;GSSZL1;Geschosszahl;VOLLGSS-03;3 Vollgeschosse;1394;Anzahl;WOHN01;Wohnungen
31121;Statistik der Baufertigstellungen;JAHR;Jahr;2025;DLAND;Bundesländer;03;Niedersachsen;BAUGB2;Gebäudeart;GBD-W-NW;Wohn- und Nichtwohngebäude;GSSZL1;Geschosszahl;VOLLGSS-03;3 Vollgeschosse;163;Anzahl;BAU005;Neue Gebäude
31121;Statistik der Baufertigstellungen;JAHR;Jahr;2025;DLAND;Bundesländer;03;Niedersachsen;BAUGB2;Gebäudeart;GBD-W-NW;Wohn- und Nichtwohngebäude;GSSZL1;Geschosszahl;VOLLGSS-03;3 Vollgeschosse;522506;Tsd. EUR;VKB001;Veranschlagte Kosten des Bauwerks
31121;Statistik der Baufertigstellungen;JAHR;Jahr;2025;DLAND;Bundesländer;03;Niedersachsen;BAUGB2;Gebäudeart;GBD-W-NW;Wohn- und Nichtwohngebäude;GSSZL1;Geschosszahl;VOLLGSS-03;3 Vollgeschosse;1529;1000 cbm;FLC003;Rauminhalt
31121;Statistik der Baufertigstellungen;JAHR;Jahr;2025;DLAND;Bundesländer;03;Niedersachsen;BAUGB2;Gebäudeart;GBD-W-NW;Wohn- und Nichtwohngebäude;GSSZL1;Geschosszahl;VOLLGSS-03;3 Vollgeschosse;182;1000 qm;FLC002;Nutzfläche
31121;Statistik der Baufertigstellungen;JAHR;Jahr;2025;DLAND;Bundesländer;05;Nordrhein-Westfalen;BAUGB2;Gebäudeart;GBD-NW;Nichtwohngebäude;GSSZL1;Geschosszahl;VOLLGSS-08-12;8-12 Vollgeschosse;-;1000 qm;FLC014;Wohnfläche der Wohnungen
31121;Statistik der Baufertigstellungen;JAHR;Jahr;2025;DLAND;Bundesländer;05;Nordrhein-Westfalen;BAUGB2;Gebäudeart;GBD-NW;Nichtwohngebäude;GSSZL1;Geschosszahl;VOLLGSS-08-12;8-12 Vollgeschosse;-;Anzahl;WOHN01;Wohnungen
31121;Statistik der Baufertigstellungen;JAHR;Jahr;2025;DLAND;Bundesländer;05;Nordrhein-Westfalen;BAUGB2;Gebäudeart;GBD-NW;Nichtwohngebäude;GSSZL1;Geschosszahl;VOLLGSS-08-12;8-12 Vollgeschosse;7;Anzahl;BAU005;Neue Gebäude
31121;Statistik der Baufertigstellungen;JAHR;Jahr;2025;DLAND;Bundesländer;05;Nordrhein-Westfalen;BAUGB2;Gebäudeart;GBD-NW;Nichtwohngebäude;GSSZL1;Geschosszahl;VOLLGSS-08-12;8-12 Vollgeschosse;216720;Tsd. EUR;VKB001;Veranschlagte Kosten des Bauwerks
31121;Statistik der Baufertigstellungen;JAHR;Jahr;2025;DLAND;Bundesländer;05;Nordrhein-Westfalen;BAUGB2;Gebäudeart;GBD-NW;Nichtwohngebäude;GSSZL1;Geschosszahl;VOLLGSS-08-12;8-12 Vollgeschosse;488;1000 cbm;FLC003;Rauminhalt
31121;Statistik der Baufertigstellungen;JAHR;Jahr;2025;DLAND;Bundesländer;05;Nordrhein-Westfalen;BAUGB2;Gebäudeart;GBD-NW;Nichtwohngebäude;GSSZL1;Geschosszahl;VOLLGSS-08-12;8-12 Vollgeschosse;76;1000 qm;FLC002;Nutzfläche
31121;Statistik der Baufertigstellungen;JAHR;Jahr;2025;DLAND;Bundesländer;10;Saarland;BAUGB2;Gebäudeart;GBD-W;Wohngebäude;GSSZL1;Geschosszahl;VOLLGSS-08-12;8-12 Vollgeschosse;-;1000 qm;FLC014;Wohnfläche der Wohnungen
31121;Statistik der Baufertigstellungen;JAHR;Jahr;2025;DLAND;Bundesländer;10;Saarland;BAUGB2;Gebäudeart;GBD-W;Wohngebäude;GSSZL1;Geschosszahl;VOLLGSS-08-12;8-12 Vollgeschosse;-;Anzahl;WOHN01;Wohnungen
31121;Statistik der Baufertigstellungen;JAHR;Jahr;2025;DLAND;Bundesländer;10;Saarland;BAUGB2;Gebäudeart;GBD-W;Wohngebäude;GSSZL1;Geschosszahl;VOLLGSS-08-12;8-12 Vollgeschosse;-;Anzahl;BAU005;Neue Gebäude
31121;Statistik der Baufertigstellungen;JAHR;Jahr;2025;DLAND;Bundesländer;10;Saarland;BAUGB2;Gebäudeart;GBD-W;Wohngebäude;GSSZL1;Geschosszahl;VOLLGSS-08-12;8-12 Vollgeschosse;-;Tsd. EUR;VKB001;Veranschlagte Kosten des Bauwerks
31121;Statistik der Baufertigstellungen;JAHR;Jahr;2025;DLAND;Bundesländer;10;Saarland;BAUGB2;Gebäudeart;GBD-W;Wohngebäude;GSSZL1;Geschosszahl;VOLLGSS-08-12;8-12 Vollgeschosse;-;1000 cbm;FLC003;Rauminhalt
31121;Statistik der Baufertigstellungen;JAHR;Jahr;2025;DLAND;Bundesländer;10;Saarland;BAUGB2;Gebäudeart;GBD-W;Wohngebäude;GSSZL1;Geschosszahl;VOLLGSS-08-12;8-12 Vollgeschosse;-;1000 qm;FLC002;Nutzfläche
31121;Statistik der Baufertigstellungen;JAHR;Jahr;2025;DLAND;Bundesländer;13;Mecklenburg-Vorpommern;BAUGB2;Gebäudeart;GBD-W;Wohngebäude;GSSZL1;Geschosszahl;VOLLGSS-06-07;6-7 Vollgeschosse;5;1000 qm;FLC014;Wohnfläche der Wohnungen
31121;Statistik der Baufertigstellungen;JAHR;Jahr;2025;DLAND;Bundesländer;13;Mecklenburg-Vorpommern;BAUGB2;Gebäudeart;GBD-W;Wohngebäude;GSSZL1;Geschosszahl;VOLLGSS-06-07;6-7 Vollgeschosse;79;Anzahl;WOHN01;Wohnungen
31121;Statistik der Baufertigstellungen;JAHR;Jahr;2025;DLAND;Bundesländer;13;Mecklenburg-Vorpommern;BAUGB2;Gebäudeart;GBD-W;Wohngebäude;GSSZL1;Geschosszahl;VOLLGSS-06-07;6-7 Vollgeschosse;2;Anzahl;BAU005;Neue Gebäude
31121;Statistik der Baufertigstellungen;JAHR;Jahr;2025;DLAND;Bundesländer;13;Mecklenburg-Vorpommern;BAUGB2;Gebäudeart;GBD-W;Wohngebäude;GSSZL1;Geschosszahl;VOLLGSS-06-07;6-7 Vollgeschosse;12591;Tsd. EUR;VKB001;Veranschlagte Kosten des Bauwerks
31121;Statistik der Baufertigstellungen;JAHR;Jahr;2025;DLAND;Bundesländer;13;Mecklenburg-Vorpommern;BAUGB2;Gebäudeart;GBD-W;Wohngebäude;GSSZL1;Geschosszahl;VOLLGSS-06-07;6-7 Vollgeschosse;29;1000 cbm;FLC003;Rauminhalt
31121;Statistik der Baufertigstellungen;JAHR;Jahr;2025;DLAND;Bundesländer;13;Mecklenburg-Vorpommern;BAUGB2;Gebäudeart;GBD-W;Wohngebäude;GSSZL1;Geschosszahl;VOLLGSS-06-07;6-7 Vollgeschosse;2;1000 qm;FLC002;Nutzfläche
31121;Statistik der Baufertigstellungen;JAHR;Jahr;2025;DLAND;Bundesländer;12;Brandenburg;BAUGB2;Gebäudeart;GBD-W-NW;Wohn- und Nichtwohngebäude;GSSZL1;Geschosszahl;VOLLGSS-13UM;13 und mehr Vollgeschosse;-;1000 qm;FLC014;Wohnfläche der Wohnungen
31121;Statistik der Baufertigstellungen;JAHR;Jahr;2025;DLAND;Bundesländer;12;Brandenburg;BAUGB2;Gebäudeart;GBD-W-NW;Wohn- und Nichtwohngebäude;GSSZL1;Geschosszahl;VOLLGSS-13UM;13 und mehr Vollgeschosse;-;Anzahl;WOHN01;Wohnungen
31121;Statistik der Baufertigstellungen;JAHR;Jahr;2025;DLAND;Bundesländer;12;Brandenburg;BAUGB2;Gebäudeart;GBD-W-NW;Wohn- und Nichtwohngebäude;GSSZL1;Geschosszahl;VOLLGSS-13UM;13 und mehr Vollgeschosse;-;Anzahl;BAU005;Neue Gebäude
31121;Statistik der Baufertigstellungen;JAHR;Jahr;2025;DLAND;Bundesländer;12;Brandenburg;BAUGB2;Gebäudeart;GBD-W-NW;Wohn- und Nichtwohngebäude;GSSZL1;Geschosszahl;VOLLGSS-13UM;13 und mehr Vollgeschosse;-;Tsd. EUR;VKB001;Veranschlagte Kosten des Bauwerks
31121;Statistik der Baufertigstellungen;JAHR;Jahr;2025;DLAND;Bundesländer;12;Brandenburg;BAUGB2;Gebäudeart;GBD-W-NW;Wohn- und Nichtwohngebäude;GSSZL1;Geschosszahl;VOLLGSS-13UM;13 und mehr Vollgeschosse;-;1000 cbm;FLC003;Rauminhalt
31121;Statistik der Baufertigstellungen;JAHR;Jahr;2025;DLAND;Bundesländer;12;Brandenburg;BAUGB2;Gebäudeart;GBD-W-NW;Wohn- und Nichtwohngebäude;GSSZL1;Geschosszahl;VOLLGSS-13UM;13 und mehr Vollgeschosse;-;1000 qm;FLC002;Nutzfläche
31121;Statistik der Baufertigstellungen;JAHR;Jahr;2025;DLAND;Bundesländer;11;Berlin;BAUGB2;Gebäudeart;GBD-W-NW;Wohn- und Nichtwohngebäude;GSSZL1;Geschosszahl;VOLLGSS-04-05;4-5 Vollgeschosse;218;1000 qm;FLC014;Wohnfläche der Wohnungen
31121;Statistik der Baufertigstellungen;JAHR;Jahr;2025;DLAND;Bundesländer;11;Berlin;BAUGB2;Gebäudeart;GBD-W-NW;Wohn- und Nichtwohngebäude;GSSZL1;Geschosszahl;VOLLGSS-04-05;4-5 Vollgeschosse;3523;Anzahl;WOHN01;Wohnungen
31121;Statistik der Baufertigstellungen;JAHR;Jahr;2025;DLAND;Bundesländer;11;Berlin;BAUGB2;Gebäudeart;GBD-W-NW;Wohn- und Nichtwohngebäude;GSSZL1;Geschosszahl;VOLLGSS-04-05;4-5 Vollgeschosse;207;Anzahl;BAU005;Neue Gebäude
31121;Statistik der Baufertigstellungen;JAHR;Jahr;2025;DLAND;Bundesländer;11;Berlin;BAUGB2;Gebäudeart;GBD-W-NW;Wohn- und Nichtwohngebäude;GSSZL1;Geschosszahl;VOLLGSS-04-05;4-5 Vollgeschosse;969185;Tsd. EUR;VKB001;Veranschlagte Kosten des Bauwerks
31121;Statistik der Baufertigstellungen;JAHR;Jahr;2025;DLAND;Bundesländer;11;Berlin;BAUGB2;Gebäudeart;GBD-W-NW;Wohn- und Nichtwohngebäude;GSSZL1;Geschosszahl;VOLLGSS-04-05;4-5 Vollgeschosse;1985;1000 cbm;FLC003;Rauminhalt
31121;Statistik der Baufertigstellungen;JAHR;Jahr;2025;DLAND;Bundesländer;11;Berlin;BAUGB2;Gebäudeart;GBD-W-NW;Wohn- und Nichtwohngebäude;GSSZL1;Geschosszahl;VOLLGSS-04-05;4-5 Vollgeschosse;171;1000 qm;FLC002;Nutzfläche
31121;Statistik der Baufertigstellungen;JAHR;Jahr;2025;DLAND;Bundesländer;03;Niedersachsen;BAUGB2;Gebäudeart;GBD-W-NW;Wohn- und Nichtwohngebäude;GSSZL1;Geschosszahl;VOLLGSS-08-12;8-12 Vollgeschosse;2;1000 qm;FLC014;Wohnfläche der Wohnungen
31121;Statistik der Baufertigstellungen;JAHR;Jahr;2025;DLAND;Bundesländer;03;Niedersachsen;BAUGB2;Gebäudeart;GBD-W-NW;Wohn- und Nichtwohngebäude;GSSZL1;Geschosszahl;VOLLGSS-08-12;8-12 Vollgeschosse;23;Anzahl;WOHN01;Wohnungen
31121;Statistik der Baufertigstellungen;JAHR;Jahr;2025;DLAND;Bundesländer;03;Niedersachsen;BAUGB2;Gebäudeart;GBD-W-NW;Wohn- und Nichtwohngebäude;GSSZL1;Geschosszahl;VOLLGSS-08-12;8-12 Vollgeschosse;1;Anzahl;BAU005;Neue Gebäude
31121;Statistik der Baufertigstellungen;JAHR;Jahr;2025;DLAND;Bundesländer;03;Niedersachsen;BAUGB2;Gebäudeart;GBD-W-NW;Wohn- und Nichtwohngebäude;GSSZL1;Geschosszahl;VOLLGSS-08-12;8-12 Vollgeschosse;5260;Tsd. EUR;VKB001;Veranschlagte Kosten des Bauwerks
31121;Statistik der Baufertigstellungen;JAHR;Jahr;2025;DLAND;Bundesländer;03;Niedersachsen;BAUGB2;Gebäudeart;GBD-W-NW;Wohn- und Nichtwohngebäude;GSSZL1;Geschosszahl;VOLLGSS-08-12;8-12 Vollgeschosse;8;1000 cbm;FLC003;Rauminhalt
31121;Statistik der Baufertigstellungen;JAHR;Jahr;2025;DLAND;Bundesländer;03;Niedersachsen;BAUGB2;Gebäudeart;GBD-W-NW;Wohn- und Nichtwohngebäude;GSSZL1;Geschosszahl;VOLLGSS-08-12;8-12 Vollgeschosse;0;1000 qm;FLC002;Nutzfläche
31121;Statistik der Baufertigstellungen;JAHR;Jahr;2025;DLAND;Bundesländer;05;Nordrhein-Westfalen;BAUGB2;Gebäudeart;GBD-W;Wohngebäude;GSSZL1;Geschosszahl;VOLLGSS-04-05;4-5 Vollgeschosse;497;1000 qm;FLC014;Wohnfläche der Wohnungen
31121;Statistik der Baufertigstellungen;JAHR;Jahr;2025;DLAND;Bundesländer;05;Nordrhein-Westfalen;BAUGB2;Gebäudeart;GBD-W;Wohngebäude;GSSZL1;Geschosszahl;VOLLGSS-04-05;4-5 Vollgeschosse;7144;Anzahl;WOHN01;Wohnungen
31121;Statistik der Baufertigstellungen;JAHR;Jahr;2025;DLAND;Bundesländer;05;Nordrhein-Westfalen;BAUGB2;Gebäudeart;GBD-W;Wohngebäude;GSSZL1;Geschosszahl;VOLLGSS-04-05;4-5 Vollgeschosse;297;Anzahl;BAU005;Neue Gebäude
31121;Statistik der Baufertigstellungen;JAHR;Jahr;2025;DLAND;Bundesländer;05;Nordrhein-Westfalen;BAUGB2;Gebäudeart;GBD-W;Wohngebäude;GSSZL1;Geschosszahl;VOLLGSS-04-05;4-5 Vollgeschosse;1073468;Tsd. EUR;VKB001;Veranschlagte Kosten des Bauwerks
31121;Statistik der Baufertigstellungen;JAHR;Jahr;2025;DLAND;Bundesländer;05;Nordrhein-Westfalen;BAUGB2;Gebäudeart;GBD-W;Wohngebäude;GSSZL1;Geschosszahl;VOLLGSS-04-05;4-5 Vollgeschosse;2869;1000 cbm;FLC003;Rauminhalt
31121;Statistik der Baufertigstellungen;JAHR;Jahr;2025;DLAND;Bundesländer;05;Nordrhein-Westfalen;BAUGB2;Gebäudeart;GBD-W;Wohngebäude;GSSZL1;Geschosszahl;VOLLGSS-04-05;4-5 Vollgeschosse;138;1000 qm;FLC002;Nutzfläche
31121;Statistik der Baufertigstellungen;JAHR;Jahr;2025;DLAND;Bundesländer;06;Hessen;BAUGB2;Gebäudeart;GBD-NW;Nichtwohngebäude;GSSZL1;Geschosszahl;VOLLGSS-08-12;8-12 Vollgeschosse;-;1000 qm;FLC014;Wohnfläche der Wohnungen
31121;Statistik der Baufertigstellungen;JAHR;Jahr;2025;DLAND;Bundesländer;06;Hessen;BAUGB2;Gebäudeart;GBD-NW;Nichtwohngebäude;GSSZL1;Geschosszahl;VOLLGSS-08-12;8-12 Vollgeschosse;-;Anzahl;WOHN01;Wohnungen
31121;Statistik der Baufertigstellungen;JAHR;Jahr;2025;DLAND;Bundesländer;06;Hessen;BAUGB2;Gebäudeart;GBD-NW;Nichtwohngebäude;GSSZL1;Geschosszahl;VOLLGSS-08-12;8-12 Vollgeschosse;2;Anzahl;BAU005;Neue Gebäude
31121;Statistik der Baufertigstellungen;JAHR;Jahr;2025;DLAND;Bundesländer;06;Hessen;BAUGB2;Gebäudeart;GBD-NW;Nichtwohngebäude;GSSZL1;Geschosszahl;VOLLGSS-08-12;8-12 Vollgeschosse;12542;Tsd. EUR;VKB001;Veranschlagte Kosten des Bauwerks
31121;Statistik der Baufertigstellungen;JAHR;Jahr;2025;DLAND;Bundesländer;06;Hessen;BAUGB2;Gebäudeart;GBD-NW;Nichtwohngebäude;GSSZL1;Geschosszahl;VOLLGSS-08-12;8-12 Vollgeschosse;52;1000 cbm;FLC003;Rauminhalt
31121;Statistik der Baufertigstellungen;JAHR;Jahr;2025;DLAND;Bundesländer;06;Hessen;BAUGB2;Gebäudeart;GBD-NW;Nichtwohngebäude;GSSZL1;Geschosszahl;VOLLGSS-08-12;8-12 Vollgeschosse;10;1000 qm;FLC002;Nutzfläche
31121;Statistik der Baufertigstellungen;JAHR;Jahr;2025;DLAND;Bundesländer;04;Bremen;BAUGB2;Gebäudeart;GBD-W;Wohngebäude;GSSZL1;Geschosszahl;VOLLGSS-06-07;6-7 Vollgeschosse;-;1000 qm;FLC014;Wohnfläche der Wohnungen
31121;Statistik der Baufertigstellungen;JAHR;Jahr;2025;DLAND;Bundesländer;04;Bremen;BAUGB2;Gebäudeart;GBD-W;Wohngebäude;GSSZL1;Geschosszahl;VOLLGSS-06-07;6-7 Vollgeschosse;-;Anzahl;WOHN01;Wohnungen
31121;Statistik der Baufertigstellungen;JAHR;Jahr;2025;DLAND;Bundesländer;04;Bremen;BAUGB2;Gebäudeart;GBD-W;Wohngebäude;GSSZL1;Geschosszahl;VOLLGSS-06-07;6-7 Vollgeschosse;-;Anzahl;BAU005;Neue Gebäude
31121;Statistik der Baufertigstellungen;JAHR;Jahr;2025;DLAND;Bundesländer;04;Bremen;BAUGB2;Gebäudeart;GBD-W;Wohngebäude;GSSZL1;Geschosszahl;VOLLGSS-06-07;6-7 Vollgeschosse;-;Tsd. EUR;VKB001;Veranschlagte Kosten des Bauwerks
31121;Statistik der Baufertigstellungen;JAHR;Jahr;2025;DLAND;Bundesländer;04;Bremen;BAUGB2;Gebäudeart;GBD-W;Wohngebäude;GSSZL1;Geschosszahl;VOLLGSS-06-07;6-7 Vollgeschosse;-;1000 cbm;FLC003;Rauminhalt
31121;Statistik der Baufertigstellungen;JAHR;Jahr;2025;DLAND;Bundesländer;04;Bremen;BAUGB2;Gebäudeart;GBD-W;Wohngebäude;GSSZL1;Geschosszahl;VOLLGSS-06-07;6-7 Vollgeschosse;-;1000 qm;FLC002;Nutzfläche
31121;Statistik der Baufertigstellungen;JAHR;Jahr;2025;DLAND;Bundesländer;06;Hessen;BAUGB2;Gebäudeart;GBD-W-NW;Wohn- und Nichtwohngebäude;GSSZL1;Geschosszahl;VOLLGSS-08-12;8-12 Vollgeschosse;52;1000 qm;FLC014;Wohnfläche der Wohnungen
31121;Statistik der Baufertigstellungen;JAHR;Jahr;2025;DLAND;Bundesländer;06;Hessen;BAUGB2;Gebäudeart;GBD-W-NW;Wohn- und Nichtwohngebäude;GSSZL1;Geschosszahl;VOLLGSS-08-12;8-12 Vollgeschosse;735;Anzahl;WOHN01;Wohnungen
31121;Statistik der Baufertigstellungen;JAHR;Jahr;2025;DLAND;Bundesländer;06;Hessen;BAUGB2;Gebäudeart;GBD-W-NW;Wohn- und Nichtwohngebäude;GSSZL1;Geschosszahl;VOLLGSS-08-12;8-12 Vollgeschosse;23;Anzahl;BAU005;Neue Gebäude
31121;Statistik der Baufertigstellungen;JAHR;Jahr;2025;DLAND;Bundesländer;06;Hessen;BAUGB2;Gebäudeart;GBD-W-NW;Wohn- und Nichtwohngebäude;GSSZL1;Geschosszahl;VOLLGSS-08-12;8-12 Vollgeschosse;112063;Tsd. EUR;VKB001;Veranschlagte Kosten des Bauwerks
31121;Statistik der Baufertigstellungen;JAHR;Jahr;2025;DLAND;Bundesländer;06;Hessen;BAUGB2;Gebäudeart;GBD-W-NW;Wohn- und Nichtwohngebäude;GSSZL1;Geschosszahl;VOLLGSS-08-12;8-12 Vollgeschosse;337;1000 cbm;FLC003;Rauminhalt
31121;Statistik der Baufertigstellungen;JAHR;Jahr;2025;DLAND;Bundesländer;06;Hessen;BAUGB2;Gebäudeart;GBD-W-NW;Wohn- und Nichtwohngebäude;GSSZL1;Geschosszahl;VOLLGSS-08-12;8-12 Vollgeschosse;25;1000 qm;FLC002;Nutzfläche
31121;Statistik der Baufertigstellungen;JAHR;Jahr;2025;DLAND;Bundesländer;14;Sachsen;BAUGB2;Gebäudeart;GBD-W;Wohngebäude;GSSZL1;Geschosszahl;VOLLGSS-02;2 Vollgeschosse;171;1000 qm;FLC014;Wohnfläche der Wohnungen
31121;Statistik der Baufertigstellungen;JAHR;Jahr;2025;DLAND;Bundesländer;14;Sachsen;BAUGB2;Gebäudeart;GBD-W;Wohngebäude;GSSZL1;Geschosszahl;VOLLGSS-02;2 Vollgeschosse;1182;Anzahl;WOHN01;Wohnungen
31121;Statistik der Baufertigstellungen;JAHR;Jahr;2025;DLAND;Bundesländer;14;Sachsen;BAUGB2;Gebäudeart;GBD-W;Wohngebäude;GSSZL1;Geschosszahl;VOLLGSS-02;2 Vollgeschosse;1036;Anzahl;BAU005;Neue Gebäude
31121;Statistik der Baufertigstellungen;JAHR;Jahr;2025;DLAND;Bundesländer;14;Sachsen;BAUGB2;Gebäudeart;GBD-W;Wohngebäude;GSSZL1;Geschosszahl;VOLLGSS-02;2 Vollgeschosse;341894;Tsd. EUR;VKB001;Veranschlagte Kosten des Bauwerks
31121;Statistik der Baufertigstellungen;JAHR;Jahr;2025;DLAND;Bundesländer;14;Sachsen;BAUGB2;Gebäudeart;GBD-W;Wohngebäude;GSSZL1;Geschosszahl;VOLLGSS-02;2 Vollgeschosse;888;1000 cbm;FLC003;Rauminhalt
31121;Statistik der Baufertigstellungen;JAHR;Jahr;2025;DLAND;Bundesländer;14;Sachsen;BAUGB2;Gebäudeart;GBD-W;Wohngebäude;GSSZL1;Geschosszahl;VOLLGSS-02;2 Vollgeschosse;33;1000 qm;FLC002;Nutzfläche
31121;Statistik der Baufertigstellungen;JAHR;Jahr;2025;DLAND;Bundesländer;09;Bayern;BAUGB2;Gebäudeart;GBD-W-NW;Wohn- und Nichtwohngebäude;GSSZL1;Geschosszahl;VOLLGSS-02;2 Vollgeschosse;2316;1000 qm;FLC014;Wohnfläche der Wohnungen
31121;Statistik der Baufertigstellungen;JAHR;Jahr;2025;DLAND;Bundesländer;09;Bayern;BAUGB2;Gebäudeart;GBD-W-NW;Wohn- und Nichtwohngebäude;GSSZL1;Geschosszahl;VOLLGSS-02;2 Vollgeschosse;17296;Anzahl;WOHN01;Wohnungen
31121;Statistik der Baufertigstellungen;JAHR;Jahr;2025;DLAND;Bundesländer;09;Bayern;BAUGB2;Gebäudeart;GBD-W-NW;Wohn- und Nichtwohngebäude;GSSZL1;Geschosszahl;VOLLGSS-02;2 Vollgeschosse;12398;Anzahl;BAU005;Neue Gebäude
31121;Statistik der Baufertigstellungen;JAHR;Jahr;2025;DLAND;Bundesländer;09;Bayern;BAUGB2;Gebäudeart;GBD-W-NW;Wohn- und Nichtwohngebäude;GSSZL1;Geschosszahl;VOLLGSS-02;2 Vollgeschosse;8209268;Tsd. EUR;VKB001;Veranschlagte Kosten des Bauwerks
31121;Statistik der Baufertigstellungen;JAHR;Jahr;2025;DLAND;Bundesländer;09;Bayern;BAUGB2;Gebäudeart;GBD-W-NW;Wohn- und Nichtwohngebäude;GSSZL1;Geschosszahl;VOLLGSS-02;2 Vollgeschosse;22314;1000 cbm;FLC003;Rauminhalt
31121;Statistik der Baufertigstellungen;JAHR;Jahr;2025;DLAND;Bundesländer;09;Bayern;BAUGB2;Gebäudeart;GBD-W-NW;Wohn- und Nichtwohngebäude;GSSZL1;Geschosszahl;VOLLGSS-02;2 Vollgeschosse;1959;1000 qm;FLC002;Nutzfläche
31121;Statistik der Baufertigstellungen;JAHR;Jahr;2025;DLAND;Bundesländer;02;Hamburg;BAUGB2;Gebäudeart;GBD-NW;Nichtwohngebäude;GSSZL1;Geschosszahl;VOLLGSS-03;3 Vollgeschosse;3;1000 qm;FLC014;Wohnfläche der Wohnungen
31121;Statistik der Baufertigstellungen;JAHR;Jahr;2025;DLAND;Bundesländer;02;Hamburg;BAUGB2;Gebäudeart;GBD-NW;Nichtwohngebäude;GSSZL1;Geschosszahl;VOLLGSS-03;3 Vollgeschosse;44;Anzahl;WOHN01;Wohnungen
31121;Statistik der Baufertigstellungen;JAHR;Jahr;2025;DLAND;Bundesländer;02;Hamburg;BAUGB2;Gebäudeart;GBD-NW;Nichtwohngebäude;GSSZL1;Geschosszahl;VOLLGSS-03;3 Vollgeschosse;8;Anzahl;BAU005;Neue Gebäude
31121;Statistik der Baufertigstellungen;JAHR;Jahr;2025;DLAND;Bundesländer;02;Hamburg;BAUGB2;Gebäudeart;GBD-NW;Nichtwohngebäude;GSSZL1;Geschosszahl;VOLLGSS-03;3 Vollgeschosse;31344;Tsd. EUR;VKB001;Veranschlagte Kosten des Bauwerks
31121;Statistik der Baufertigstellungen;JAHR;Jahr;2025;DLAND;Bundesländer;02;Hamburg;BAUGB2;Gebäudeart;GBD-NW;Nichtwohngebäude;GSSZL1;Geschosszahl;VOLLGSS-03;3 Vollgeschosse;149;1000 cbm;FLC003;Rauminhalt
31121;Statistik der Baufertigstellungen;JAHR;Jahr;2025;DLAND;Bundesländer;02;Hamburg;BAUGB2;Gebäudeart;GBD-NW;Nichtwohngebäude;GSSZL1;Geschosszahl;VOLLGSS-03;3 Vollgeschosse;19;1000 qm;FLC002;Nutzfläche
31121;Statistik der Baufertigstellungen;JAHR;Jahr;2025;DLAND;Bundesländer;03;Niedersachsen;BAUGB2;Gebäudeart;GBD-NW;Nichtwohngebäude;GSSZL1;Geschosszahl;VOLLGSS-03;3 Vollgeschosse;4;1000 qm;FLC014;Wohnfläche der Wohnungen
31121;Statistik der Baufertigstellungen;JAHR;Jahr;2025;DLAND;Bundesländer;03;Niedersachsen;BAUGB2;Gebäudeart;GBD-NW;Nichtwohngebäude;GSSZL1;Geschosszahl;VOLLGSS-03;3 Vollgeschosse;43;Anzahl;WOHN01;Wohnungen
31121;Statistik der Baufertigstellungen;JAHR;Jahr;2025;DLAND;Bundesländer;03;Niedersachsen;BAUGB2;Gebäudeart;GBD-NW;Nichtwohngebäude;GSSZL1;Geschosszahl;VOLLGSS-03;3 Vollgeschosse;47;Anzahl;BAU005;Neue Gebäude
31121;Statistik der Baufertigstellungen;JAHR;Jahr;2025;DLAND;Bundesländer;03;Niedersachsen;BAUGB2;Gebäudeart;GBD-NW;Nichtwohngebäude;GSSZL1;Geschosszahl;VOLLGSS-03;3 Vollgeschosse;342328;Tsd. EUR;VKB001;Veranschlagte Kosten des Bauwerks
31121;Statistik der Baufertigstellungen;JAHR;Jahr;2025;DLAND;Bundesländer;03;Niedersachsen;BAUGB2;Gebäudeart;GBD-NW;Nichtwohngebäude;GSSZL1;Geschosszahl;VOLLGSS-03;3 Vollgeschosse;976;1000 cbm;FLC003;Rauminhalt
31121;Statistik der Baufertigstellungen;JAHR;Jahr;2025;DLAND;Bundesländer;03;Niedersachsen;BAUGB2;Gebäudeart;GBD-NW;Nichtwohngebäude;GSSZL1;Geschosszahl;VOLLGSS-03;3 Vollgeschosse;149;1000 qm;FLC002;Nutzfläche
31121;Statistik der Baufertigstellungen;JAHR;Jahr;2025;DLAND;Bundesländer;13;Mecklenburg-Vorpommern;BAUGB2;Gebäudeart;GBD-W-NW;Wohn- und Nichtwohngebäude;GSSZL1;Geschosszahl;VOLLGSS-03;3 Vollgeschosse;36;1000 qm;FLC014;Wohnfläche der Wohnungen
31121;Statistik der Baufertigstellungen;JAHR;Jahr;2025;DLAND;Bundesländer;13;Mecklenburg-Vorpommern;BAUGB2;Gebäudeart;GBD-W-NW;Wohn- und Nichtwohngebäude;GSSZL1;Geschosszahl;VOLLGSS-03;3 Vollgeschosse;508;Anzahl;WOHN01;Wohnungen
31121;Statistik der Baufertigstellungen;JAHR;Jahr;2025;DLAND;Bundesländer;13;Mecklenburg-Vorpommern;BAUGB2;Gebäudeart;GBD-W-NW;Wohn- und Nichtwohngebäude;GSSZL1;Geschosszahl;VOLLGSS-03;3 Vollgeschosse;63;Anzahl;BAU005;Neue Gebäude
31121;Statistik der Baufertigstellungen;JAHR;Jahr;2025;DLAND;Bundesländer;13;Mecklenburg-Vorpommern;BAUGB2;Gebäudeart;GBD-W-NW;Wohn- und Nichtwohngebäude;GSSZL1;Geschosszahl;VOLLGSS-03;3 Vollgeschosse;134340;Tsd. EUR;VKB001;Veranschlagte Kosten des Bauwerks
31121;Statistik der Baufertigstellungen;JAHR;Jahr;2025;DLAND;Bundesländer;13;Mecklenburg-Vorpommern;BAUGB2;Gebäudeart;GBD-W-NW;Wohn- und Nichtwohngebäude;GSSZL1;Geschosszahl;VOLLGSS-03;3 Vollgeschosse;294;1000 cbm;FLC003;Rauminhalt
31121;Statistik der Baufertigstellungen;JAHR;Jahr;2025;DLAND;Bundesländer;13;Mecklenburg-Vorpommern;BAUGB2;Gebäudeart;GBD-W-NW;Wohn- und Nichtwohngebäude;GSSZL1;Geschosszahl;VOLLGSS-03;3 Vollgeschosse;30;1000 qm;FLC002;Nutzfläche
31121;Statistik der Baufertigstellungen;JAHR;Jahr;2025;DLAND;Bundesländer;04;Bremen;BAUGB2;Gebäudeart;GBD-W-NW;Wohn- und Nichtwohngebäude;GSSZL1;Geschosszahl;VOLLGSS-03;3 Vollgeschosse;26;1000 qm;FLC014;Wohnfläche der Wohnungen
31121;Statistik der Baufertigstellungen;JAHR;Jahr;2025;DLAND;Bundesländer;04;Bremen;BAUGB2;Gebäudeart;GBD-W-NW;Wohn- und Nichtwohngebäude;GSSZL1;Geschosszahl;VOLLGSS-03;3 Vollgeschosse;273;Anzahl;WOHN01;Wohnungen
31121;Statistik der Baufertigstellungen;JAHR;Jahr;2025;DLAND;Bundesländer;04;Bremen;BAUGB2;Gebäudeart;GBD-W-NW;Wohn- und Nichtwohngebäude;GSSZL1;Geschosszahl;VOLLGSS-03;3 Vollgeschosse;19;Anzahl;BAU005;Neue Gebäude
31121;Statistik der Baufertigstellungen;JAHR;Jahr;2025;DLAND;Bundesländer;04;Bremen;BAUGB2;Gebäudeart;GBD-W-NW;Wohn- und Nichtwohngebäude;GSSZL1;Geschosszahl;VOLLGSS-03;3 Vollgeschosse;59075;Tsd. EUR;VKB001;Veranschlagte Kosten des Bauwerks
31121;Statistik der Baufertigstellungen;JAHR;Jahr;2025;DLAND;Bundesländer;04;Bremen;BAUGB2;Gebäudeart;GBD-W-NW;Wohn- und Nichtwohngebäude;GSSZL1;Geschosszahl;VOLLGSS-03;3 Vollgeschosse;177;1000 cbm;FLC003;Rauminhalt
31121;Statistik der Baufertigstellungen;JAHR;Jahr;2025;DLAND;Bundesländer;04;Bremen;BAUGB2;Gebäudeart;GBD-W-NW;Wohn- und Nichtwohngebäude;GSSZL1;Geschosszahl;VOLLGSS-03;3 Vollgeschosse;13;1000 qm;FLC002;Nutzfläche
31121;Statistik der Baufertigstellungen;JAHR;Jahr;2025;DLAND;Bundesländer;09;Bayern;BAUGB2;Gebäudeart;GBD-W;Wohngebäude;GSSZL1;Geschosszahl;VOLLGSS-08-12;8-12 Vollgeschosse;12;1000 qm;FLC014;Wohnfläche der Wohnungen
31121;Statistik der Baufertigstellungen;JAHR;Jahr;2025;DLAND;Bundesländer;09;Bayern;BAUGB2;Gebäudeart;GBD-W;Wohngebäude;GSSZL1;Geschosszahl;VOLLGSS-08-12;8-12 Vollgeschosse;195;Anzahl;WOHN01;Wohnungen
31121;Statistik der Baufertigstellungen;JAHR;Jahr;2025;DLAND;Bundesländer;09;Bayern;BAUGB2;Gebäudeart;GBD-W;Wohngebäude;GSSZL1;Geschosszahl;VOLLGSS-08-12;8-12 Vollgeschosse;6;Anzahl;BAU005;Neue Gebäude
31121;Statistik der Baufertigstellungen;JAHR;Jahr;2025;DLAND;Bundesländer;09;Bayern;BAUGB2;Gebäudeart;GBD-W;Wohngebäude;GSSZL1;Geschosszahl;VOLLGSS-08-12;8-12 Vollgeschosse;26114;Tsd. EUR;VKB001;Veranschlagte Kosten des Bauwerks
31121;Statistik der Baufertigstellungen;JAHR;Jahr;2025;DLAND;Bundesländer;09;Bayern;BAUGB2;Gebäudeart;GBD-W;Wohngebäude;GSSZL1;Geschosszahl;VOLLGSS-08-12;8-12 Vollgeschosse;58;1000 cbm;FLC003;Rauminhalt
31121;Statistik der Baufertigstellungen;JAHR;Jahr;2025;DLAND;Bundesländer;09;Bayern;BAUGB2;Gebäudeart;GBD-W;Wohngebäude;GSSZL1;Geschosszahl;VOLLGSS-08-12;8-12 Vollgeschosse;1;1000 qm;FLC002;Nutzfläche
31121;Statistik der Baufertigstellungen;JAHR;Jahr;2025;DLAND;Bundesländer;14;Sachsen;BAUGB2;Gebäudeart;GBD-W;Wohngebäude;GSSZL1;Geschosszahl;VOLLGSS-04-05;4-5 Vollgeschosse;83;1000 qm;FLC014;Wohnfläche der Wohnungen
31121;Statistik der Baufertigstellungen;JAHR;Jahr;2025;DLAND;Bundesländer;14;Sachsen;BAUGB2;Gebäudeart;GBD-W;Wohngebäude;GSSZL1;Geschosszahl;VOLLGSS-04-05;4-5 Vollgeschosse;1001;Anzahl;WOHN01;Wohnungen
31121;Statistik der Baufertigstellungen;JAHR;Jahr;2025;DLAND;Bundesländer;14;Sachsen;BAUGB2;Gebäudeart;GBD-W;Wohngebäude;GSSZL1;Geschosszahl;VOLLGSS-04-05;4-5 Vollgeschosse;67;Anzahl;BAU005;Neue Gebäude
31121;Statistik der Baufertigstellungen;JAHR;Jahr;2025;DLAND;Bundesländer;14;Sachsen;BAUGB2;Gebäudeart;GBD-W;Wohngebäude;GSSZL1;Geschosszahl;VOLLGSS-04-05;4-5 Vollgeschosse;175320;Tsd. EUR;VKB001;Veranschlagte Kosten des Bauwerks
31121;Statistik der Baufertigstellungen;JAHR;Jahr;2025;DLAND;Bundesländer;14;Sachsen;BAUGB2;Gebäudeart;GBD-W;Wohngebäude;GSSZL1;Geschosszahl;VOLLGSS-04-05;4-5 Vollgeschosse;489;1000 cbm;FLC003;Rauminhalt
31121;Statistik der Baufertigstellungen;JAHR;Jahr;2025;DLAND;Bundesländer;14;Sachsen;BAUGB2;Gebäudeart;GBD-W;Wohngebäude;GSSZL1;Geschosszahl;VOLLGSS-04-05;4-5 Vollgeschosse;20;1000 qm;FLC002;Nutzfläche
31121;Statistik der Baufertigstellungen;JAHR;Jahr;2025;DLAND;Bundesländer;08;Baden-Württemberg;BAUGB2;Gebäudeart;GBD-W-NW;Wohn- und Nichtwohngebäude;GSSZL1;Geschosszahl;VOLLGSS-04-05;4-5 Vollgeschosse;414;1000 qm;FLC014;Wohnfläche der Wohnungen
31121;Statistik der Baufertigstellungen;JAHR;Jahr;2025;DLAND;Bundesländer;08;Baden-Württemberg;BAUGB2;Gebäudeart;GBD-W-NW;Wohn- und Nichtwohngebäude;GSSZL1;Geschosszahl;VOLLGSS-04-05;4-5 Vollgeschosse;5656;Anzahl;WOHN01;Wohnungen
31121;Statistik der Baufertigstellungen;JAHR;Jahr;2025;DLAND;Bundesländer;08;Baden-Württemberg;BAUGB2;Gebäudeart;GBD-W-NW;Wohn- und Nichtwohngebäude;GSSZL1;Geschosszahl;VOLLGSS-04-05;4-5 Vollgeschosse;468;Anzahl;BAU005;Neue Gebäude
31121;Statistik der Baufertigstellungen;JAHR;Jahr;2025;DLAND;Bundesländer;08;Baden-Württemberg;BAUGB2;Gebäudeart;GBD-W-NW;Wohn- und Nichtwohngebäude;GSSZL1;Geschosszahl;VOLLGSS-04-05;4-5 Vollgeschosse;2389413;Tsd. EUR;VKB001;Veranschlagte Kosten des Bauwerks
31121;Statistik der Baufertigstellungen;JAHR;Jahr;2025;DLAND;Bundesländer;08;Baden-Württemberg;BAUGB2;Gebäudeart;GBD-W-NW;Wohn- und Nichtwohngebäude;GSSZL1;Geschosszahl;VOLLGSS-04-05;4-5 Vollgeschosse;5748;1000 cbm;FLC003;Rauminhalt
31121;Statistik der Baufertigstellungen;JAHR;Jahr;2025;DLAND;Bundesländer;08;Baden-Württemberg;BAUGB2;Gebäudeart;GBD-W-NW;Wohn- und Nichtwohngebäude;GSSZL1;Geschosszahl;VOLLGSS-04-05;4-5 Vollgeschosse;715;1000 qm;FLC002;Nutzfläche
31121;Statistik der Baufertigstellungen;JAHR;Jahr;2025;DLAND;Bundesländer;11;Berlin;BAUGB2;Gebäudeart;GBD-W;Wohngebäude;GSSZL1;Geschosszahl;VOLLGSS-08-12;8-12 Vollgeschosse;69;1000 qm;FLC014;Wohnfläche der Wohnungen
31121;Statistik der Baufertigstellungen;JAHR;Jahr;2025;DLAND;Bundesländer;11;Berlin;BAUGB2;Gebäudeart;GBD-W;Wohngebäude;GSSZL1;Geschosszahl;VOLLGSS-08-12;8-12 Vollgeschosse;1126;Anzahl;WOHN01;Wohnungen
31121;Statistik der Baufertigstellungen;JAHR;Jahr;2025;DLAND;Bundesländer;11;Berlin;BAUGB2;Gebäudeart;GBD-W;Wohngebäude;GSSZL1;Geschosszahl;VOLLGSS-08-12;8-12 Vollgeschosse;23;Anzahl;BAU005;Neue Gebäude
31121;Statistik der Baufertigstellungen;JAHR;Jahr;2025;DLAND;Bundesländer;11;Berlin;BAUGB2;Gebäudeart;GBD-W;Wohngebäude;GSSZL1;Geschosszahl;VOLLGSS-08-12;8-12 Vollgeschosse;178162;Tsd. EUR;VKB001;Veranschlagte Kosten des Bauwerks
31121;Statistik der Baufertigstellungen;JAHR;Jahr;2025;DLAND;Bundesländer;11;Berlin;BAUGB2;Gebäudeart;GBD-W;Wohngebäude;GSSZL1;Geschosszahl;VOLLGSS-08-12;8-12 Vollgeschosse;366;1000 cbm;FLC003;Rauminhalt
31121;Statistik der Baufertigstellungen;JAHR;Jahr;2025;DLAND;Bundesländer;11;Berlin;BAUGB2;Gebäudeart;GBD-W;Wohngebäude;GSSZL1;Geschosszahl;VOLLGSS-08-12;8-12 Vollgeschosse;22;1000 qm;FLC002;Nutzfläche
31121;Statistik der Baufertigstellungen;JAHR;Jahr;2025;DLAND;Bundesländer;11;Berlin;BAUGB2;Gebäudeart;GBD-NW;Nichtwohngebäude;GSSZL1;Geschosszahl;VOLLGSS-06-07;6-7 Vollgeschosse;-;1000 qm;FLC014;Wohnfläche der Wohnungen
31121;Statistik der Baufertigstellungen;JAHR;Jahr;2025;DLAND;Bundesländer;11;Berlin;BAUGB2;Gebäudeart;GBD-NW;Nichtwohngebäude;GSSZL1;Geschosszahl;VOLLGSS-06-07;6-7 Vollgeschosse;-;Anzahl;WOHN01;Wohnungen
31121;Statistik der Baufertigstellungen;JAHR;Jahr;2025;DLAND;Bundesländer;11;Berlin;BAUGB2;Gebäudeart;GBD-NW;Nichtwohngebäude;GSSZL1;Geschosszahl;VOLLGSS-06-07;6-7 Vollgeschosse;10;Anzahl;BAU005;Neue Gebäude
31121;Statistik der Baufertigstellungen;JAHR;Jahr;2025;DLAND;Bundesländer;11;Berlin;BAUGB2;Gebäudeart;GBD-NW;Nichtwohngebäude;GSSZL1;Geschosszahl;VOLLGSS-06-07;6-7 Vollgeschosse;171733;Tsd. EUR;VKB001;Veranschlagte Kosten des Bauwerks
31121;Statistik der Baufertigstellungen;JAHR;Jahr;2025;DLAND;Bundesländer;11;Berlin;BAUGB2;Gebäudeart;GBD-NW;Nichtwohngebäude;GSSZL1;Geschosszahl;VOLLGSS-06-07;6-7 Vollgeschosse;380;1000 cbm;FLC003;Rauminhalt
31121;Statistik der Baufertigstellungen;JAHR;Jahr;2025;DLAND;Bundesländer;11;Berlin;BAUGB2;Gebäudeart;GBD-NW;Nichtwohngebäude;GSSZL1;Geschosszahl;VOLLGSS-06-07;6-7 Vollgeschosse;67;1000 qm;FLC002;Nutzfläche
31121;Statistik der Baufertigstellungen;JAHR;Jahr;2025;DLAND;Bundesländer;16;Thüringen;BAUGB2;Gebäudeart;GBD-W;Wohngebäude;GSSZL1;Geschosszahl;VOLLGSS-06-07;6-7 Vollgeschosse;7;1000 qm;FLC014;Wohnfläche der Wohnungen
31121;Statistik der Baufertigstellungen;JAHR;Jahr;2025;DLAND;Bundesländer;16;Thüringen;BAUGB2;Gebäudeart;GBD-W;Wohngebäude;GSSZL1;Geschosszahl;VOLLGSS-06-07;6-7 Vollgeschosse;91;Anzahl;WOHN01;Wohnungen
31121;Statistik der Baufertigstellungen;JAHR;Jahr;2025;DLAND;Bundesländer;16;Thüringen;BAUGB2;Gebäudeart;GBD-W;Wohngebäude;GSSZL1;Geschosszahl;VOLLGSS-06-07;6-7 Vollgeschosse;3;Anzahl;BAU005;Neue Gebäude
31121;Statistik der Baufertigstellungen;JAHR;Jahr;2025;DLAND;Bundesländer;16;Thüringen;BAUGB2;Gebäudeart;GBD-W;Wohngebäude;GSSZL1;Geschosszahl;VOLLGSS-06-07;6-7 Vollgeschosse;16782;Tsd. EUR;VKB001;Veranschlagte Kosten des Bauwerks
31121;Statistik der Baufertigstellungen;JAHR;Jahr;2025;DLAND;Bundesländer;16;Thüringen;BAUGB2;Gebäudeart;GBD-W;Wohngebäude;GSSZL1;Geschosszahl;VOLLGSS-06-07;6-7 Vollgeschosse;45;1000 cbm;FLC003;Rauminhalt
31121;Statistik der Baufertigstellungen;JAHR;Jahr;2025;DLAND;Bundesländer;16;Thüringen;BAUGB2;Gebäudeart;GBD-W;Wohngebäude;GSSZL1;Geschosszahl;VOLLGSS-06-07;6-7 Vollgeschosse;3;1000 qm;FLC002;Nutzfläche
31121;Statistik der Baufertigstellungen;JAHR;Jahr;2025;DLAND;Bundesländer;08;Baden-Württemberg;BAUGB2;Gebäudeart;GBD-W-NW;Wohn- und Nichtwohngebäude;GSSZL1;Geschosszahl;VOLLGSS-08-12;8-12 Vollgeschosse;14;1000 qm;FLC014;Wohnfläche der Wohnungen
31121;Statistik der Baufertigstellungen;JAHR;Jahr;2025;DLAND;Bundesländer;08;Baden-Württemberg;BAUGB2;Gebäudeart;GBD-W-NW;Wohn- und Nichtwohngebäude;GSSZL1;Geschosszahl;VOLLGSS-08-12;8-12 Vollgeschosse;341;Anzahl;WOHN01;Wohnungen
31121;Statistik der Baufertigstellungen;JAHR;Jahr;2025;DLAND;Bundesländer;08;Baden-Württemberg;BAUGB2;Gebäudeart;GBD-W-NW;Wohn- und Nichtwohngebäude;GSSZL1;Geschosszahl;VOLLGSS-08-12;8-12 Vollgeschosse;17;Anzahl;BAU005;Neue Gebäude
31121;Statistik der Baufertigstellungen;JAHR;Jahr;2025;DLAND;Bundesländer;08;Baden-Württemberg;BAUGB2;Gebäudeart;GBD-W-NW;Wohn- und Nichtwohngebäude;GSSZL1;Geschosszahl;VOLLGSS-08-12;8-12 Vollgeschosse;324886;Tsd. EUR;VKB001;Veranschlagte Kosten des Bauwerks
31121;Statistik der Baufertigstellungen;JAHR;Jahr;2025;DLAND;Bundesländer;08;Baden-Württemberg;BAUGB2;Gebäudeart;GBD-W-NW;Wohn- und Nichtwohngebäude;GSSZL1;Geschosszahl;VOLLGSS-08-12;8-12 Vollgeschosse;786;1000 cbm;FLC003;Rauminhalt
31121;Statistik der Baufertigstellungen;JAHR;Jahr;2025;DLAND;Bundesländer;08;Baden-Württemberg;BAUGB2;Gebäudeart;GBD-W-NW;Wohn- und Nichtwohngebäude;GSSZL1;Geschosszahl;VOLLGSS-08-12;8-12 Vollgeschosse;107;1000 qm;FLC002;Nutzfläche
31121;Statistik der Baufertigstellungen;JAHR;Jahr;2025;DLAND;Bundesländer;15;Sachsen-Anhalt;BAUGB2;Gebäudeart;GBD-NW;Nichtwohngebäude;GSSZL1;Geschosszahl;VOLLGSS-08-12;8-12 Vollgeschosse;-;1000 qm;FLC014;Wohnfläche der Wohnungen
31121;Statistik der Baufertigstellungen;JAHR;Jahr;2025;DLAND;Bundesländer;15;Sachsen-Anhalt;BAUGB2;Gebäudeart;GBD-NW;Nichtwohngebäude;GSSZL1;Geschosszahl;VOLLGSS-08-12;8-12 Vollgeschosse;-;Anzahl;WOHN01;Wohnungen
31121;Statistik der Baufertigstellungen;JAHR;Jahr;2025;DLAND;Bundesländer;15;Sachsen-Anhalt;BAUGB2;Gebäudeart;GBD-NW;Nichtwohngebäude;GSSZL1;Geschosszahl;VOLLGSS-08-12;8-12 Vollgeschosse;-;Anzahl;BAU005;Neue Gebäude
31121;Statistik der Baufertigstellungen;JAHR;Jahr;2025;DLAND;Bundesländer;15;Sachsen-Anhalt;BAUGB2;Gebäudeart;GBD-NW;Nichtwohngebäude;GSSZL1;Geschosszahl;VOLLGSS-08-12;8-12 Vollgeschosse;-;Tsd. EUR;VKB001;Veranschlagte Kosten des Bauwerks
31121;Statistik der Baufertigstellungen;JAHR;Jahr;2025;DLAND;Bundesländer;15;Sachsen-Anhalt;BAUGB2;Gebäudeart;GBD-NW;Nichtwohngebäude;GSSZL1;Geschosszahl;VOLLGSS-08-12;8-12 Vollgeschosse;-;1000 cbm;FLC003;Rauminhalt
31121;Statistik der Baufertigstellungen;JAHR;Jahr;2025;DLAND;Bundesländer;15;Sachsen-Anhalt;BAUGB2;Gebäudeart;GBD-NW;Nichtwohngebäude;GSSZL1;Geschosszahl;VOLLGSS-08-12;8-12 Vollgeschosse;-;1000 qm;FLC002;Nutzfläche
31121;Statistik der Baufertigstellungen;JAHR;Jahr;2025;DLAND;Bundesländer;13;Mecklenburg-Vorpommern;BAUGB2;Gebäudeart;GBD-NW;Nichtwohngebäude;GSSZL1;Geschosszahl;VOLLGSS-01;1 Vollgeschoss;1;1000 qm;FLC014;Wohnfläche der Wohnungen
31121;Statistik der Baufertigstellungen;JAHR;Jahr;2025;DLAND;Bundesländer;13;Mecklenburg-Vorpommern;BAUGB2;Gebäudeart;GBD-NW;Nichtwohngebäude;GSSZL1;Geschosszahl;VOLLGSS-01;1 Vollgeschoss;11;Anzahl;WOHN01;Wohnungen
31121;Statistik der Baufertigstellungen;JAHR;Jahr;2025;DLAND;Bundesländer;13;Mecklenburg-Vorpommern;BAUGB2;Gebäudeart;GBD-NW;Nichtwohngebäude;GSSZL1;Geschosszahl;VOLLGSS-01;1 Vollgeschoss;330;Anzahl;BAU005;Neue Gebäude
31121;Statistik der Baufertigstellungen;JAHR;Jahr;2025;DLAND;Bundesländer;13;Mecklenburg-Vorpommern;BAUGB2;Gebäudeart;GBD-NW;Nichtwohngebäude;GSSZL1;Geschosszahl;VOLLGSS-01;1 Vollgeschoss;180200;Tsd. EUR;VKB001;Veranschlagte Kosten des Bauwerks
31121;Statistik der Baufertigstellungen;JAHR;Jahr;2025;DLAND;Bundesländer;13;Mecklenburg-Vorpommern;BAUGB2;Gebäudeart;GBD-NW;Nichtwohngebäude;GSSZL1;Geschosszahl;VOLLGSS-01;1 Vollgeschoss;1305;1000 cbm;FLC003;Rauminhalt
31121;Statistik der Baufertigstellungen;JAHR;Jahr;2025;DLAND;Bundesländer;13;Mecklenburg-Vorpommern;BAUGB2;Gebäudeart;GBD-NW;Nichtwohngebäude;GSSZL1;Geschosszahl;VOLLGSS-01;1 Vollgeschoss;183;1000 qm;FLC002;Nutzfläche
31121;Statistik der Baufertigstellungen;JAHR;Jahr;2025;DLAND;Bundesländer;16;Thüringen;BAUGB2;Gebäudeart;GBD-NW;Nichtwohngebäude;GSSZL1;Geschosszahl;VOLLGSS-03;3 Vollgeschosse;2;1000 qm;FLC014;Wohnfläche der Wohnungen
31121;Statistik der Baufertigstellungen;JAHR;Jahr;2025;DLAND;Bundesländer;16;Thüringen;BAUGB2;Gebäudeart;GBD-NW;Nichtwohngebäude;GSSZL1;Geschosszahl;VOLLGSS-03;3 Vollgeschosse;31;Anzahl;WOHN01;Wohnungen
31121;Statistik der Baufertigstellungen;JAHR;Jahr;2025;DLAND;Bundesländer;16;Thüringen;BAUGB2;Gebäudeart;GBD-NW;Nichtwohngebäude;GSSZL1;Geschosszahl;VOLLGSS-03;3 Vollgeschosse;14;Anzahl;BAU005;Neue Gebäude
31121;Statistik der Baufertigstellungen;JAHR;Jahr;2025;DLAND;Bundesländer;16;Thüringen;BAUGB2;Gebäudeart;GBD-NW;Nichtwohngebäude;GSSZL1;Geschosszahl;VOLLGSS-03;3 Vollgeschosse;107698;Tsd. EUR;VKB001;Veranschlagte Kosten des Bauwerks
31121;Statistik der Baufertigstellungen;JAHR;Jahr;2025;DLAND;Bundesländer;16;Thüringen;BAUGB2;Gebäudeart;GBD-NW;Nichtwohngebäude;GSSZL1;Geschosszahl;VOLLGSS-03;3 Vollgeschosse;525;1000 cbm;FLC003;Rauminhalt
31121;Statistik der Baufertigstellungen;JAHR;Jahr;2025;DLAND;Bundesländer;16;Thüringen;BAUGB2;Gebäudeart;GBD-NW;Nichtwohngebäude;GSSZL1;Geschosszahl;VOLLGSS-03;3 Vollgeschosse;76;1000 qm;FLC002;Nutzfläche
31121;Statistik der Baufertigstellungen;JAHR;Jahr;2025;DLAND;Bundesländer;01;Schleswig-Holstein;BAUGB2;Gebäudeart;GBD-W-NW;Wohn- und Nichtwohngebäude;GSSZL1;Geschosszahl;VOLLGSS-06-07;6-7 Vollgeschosse;5;1000 qm;FLC014;Wohnfläche der Wohnungen
31121;Statistik der Baufertigstellungen;JAHR;Jahr;2025;DLAND;Bundesländer;01;Schleswig-Holstein;BAUGB2;Gebäudeart;GBD-W-NW;Wohn- und Nichtwohngebäude;GSSZL1;Geschosszahl;VOLLGSS-06-07;6-7 Vollgeschosse;74;Anzahl;WOHN01;Wohnungen
31121;Statistik der Baufertigstellungen;JAHR;Jahr;2025;DLAND;Bundesländer;01;Schleswig-Holstein;BAUGB2;Gebäudeart;GBD-W-NW;Wohn- und Nichtwohngebäude;GSSZL1;Geschosszahl;VOLLGSS-06-07;6-7 Vollgeschosse;1;Anzahl;BAU005;Neue Gebäude
31121;Statistik der Baufertigstellungen;JAHR;Jahr;2025;DLAND;Bundesländer;01;Schleswig-Holstein;BAUGB2;Gebäudeart;GBD-W-NW;Wohn- und Nichtwohngebäude;GSSZL1;Geschosszahl;VOLLGSS-06-07;6-7 Vollgeschosse;10588;Tsd. EUR;VKB001;Veranschlagte Kosten des Bauwerks
31121;Statistik der Baufertigstellungen;JAHR;Jahr;2025;DLAND;Bundesländer;01;Schleswig-Holstein;BAUGB2;Gebäudeart;GBD-W-NW;Wohn- und Nichtwohngebäude;GSSZL1;Geschosszahl;VOLLGSS-06-07;6-7 Vollgeschosse;31;1000 cbm;FLC003;Rauminhalt
31121;Statistik der Baufertigstellungen;JAHR;Jahr;2025;DLAND;Bundesländer;01;Schleswig-Holstein;BAUGB2;Gebäudeart;GBD-W-NW;Wohn- und Nichtwohngebäude;GSSZL1;Geschosszahl;VOLLGSS-06-07;6-7 Vollgeschosse;3;1000 qm;FLC002;Nutzfläche
31121;Statistik der Baufertigstellungen;JAHR;Jahr;2025;DLAND;Bundesländer;11;Berlin;BAUGB2;Gebäudeart;GBD-NW;Nichtwohngebäude;GSSZL1;Geschosszahl;VOLLGSS-01;1 Vollgeschoss;0;1000 qm;FLC014;Wohnfläche der Wohnungen
31121;Statistik der Baufertigstellungen;JAHR;Jahr;2025;DLAND;Bundesländer;11;Berlin;BAUGB2;Gebäudeart;GBD-NW;Nichtwohngebäude;GSSZL1;Geschosszahl;VOLLGSS-01;1 Vollgeschoss;1;Anzahl;WOHN01;Wohnungen
31121;Statistik der Baufertigstellungen;JAHR;Jahr;2025;DLAND;Bundesländer;11;Berlin;BAUGB2;Gebäudeart;GBD-NW;Nichtwohngebäude;GSSZL1;Geschosszahl;VOLLGSS-01;1 Vollgeschoss;63;Anzahl;BAU005;Neue Gebäude
31121;Statistik der Baufertigstellungen;JAHR;Jahr;2025;DLAND;Bundesländer;11;Berlin;BAUGB2;Gebäudeart;GBD-NW;Nichtwohngebäude;GSSZL1;Geschosszahl;VOLLGSS-01;1 Vollgeschoss;94206;Tsd. EUR;VKB001;Veranschlagte Kosten des Bauwerks
31121;Statistik der Baufertigstellungen;JAHR;Jahr;2025;DLAND;Bundesländer;11;Berlin;BAUGB2;Gebäudeart;GBD-NW;Nichtwohngebäude;GSSZL1;Geschosszahl;VOLLGSS-01;1 Vollgeschoss;442;1000 cbm;FLC003;Rauminhalt
31121;Statistik der Baufertigstellungen;JAHR;Jahr;2025;DLAND;Bundesländer;11;Berlin;BAUGB2;Gebäudeart;GBD-NW;Nichtwohngebäude;GSSZL1;Geschosszahl;VOLLGSS-01;1 Vollgeschoss;75;1000 qm;FLC002;Nutzfläche
31121;Statistik der Baufertigstellungen;JAHR;Jahr;2025;DLAND;Bundesländer;12;Brandenburg;BAUGB2;Gebäudeart;GBD-NW;Nichtwohngebäude;GSSZL1;Geschosszahl;VOLLGSS-03;3 Vollgeschosse;0;1000 qm;FLC014;Wohnfläche der Wohnungen
31121;Statistik der Baufertigstellungen;JAHR;Jahr;2025;DLAND;Bundesländer;12;Brandenburg;BAUGB2;Gebäudeart;GBD-NW;Nichtwohngebäude;GSSZL1;Geschosszahl;VOLLGSS-03;3 Vollgeschosse;3;Anzahl;WOHN01;Wohnungen
31121;Statistik der Baufertigstellungen;JAHR;Jahr;2025;DLAND;Bundesländer;12;Brandenburg;BAUGB2;Gebäudeart;GBD-NW;Nichtwohngebäude;GSSZL1;Geschosszahl;VOLLGSS-03;3 Vollgeschosse;26;Anzahl;BAU005;Neue Gebäude
31121;Statistik der Baufertigstellungen;JAHR;Jahr;2025;DLAND;Bundesländer;12;Brandenburg;BAUGB2;Gebäudeart;GBD-NW;Nichtwohngebäude;GSSZL1;Geschosszahl;VOLLGSS-03;3 Vollgeschosse;194087;Tsd. EUR;VKB001;Veranschlagte Kosten des Bauwerks
31121;Statistik der Baufertigstellungen;JAHR;Jahr;2025;DLAND;Bundesländer;12;Brandenburg;BAUGB2;Gebäudeart;GBD-NW;Nichtwohngebäude;GSSZL1;Geschosszahl;VOLLGSS-03;3 Vollgeschosse;727;1000 cbm;FLC003;Rauminhalt
31121;Statistik der Baufertigstellungen;JAHR;Jahr;2025;DLAND;Bundesländer;12;Brandenburg;BAUGB2;Gebäudeart;GBD-NW;Nichtwohngebäude;GSSZL1;Geschosszahl;VOLLGSS-03;3 Vollgeschosse;84;1000 qm;FLC002;Nutzfläche
31121;Statistik der Baufertigstellungen;JAHR;Jahr;2025;DLAND;Bundesländer;02;Hamburg;BAUGB2;Gebäudeart;GBD-W;Wohngebäude;GSSZL1;Geschosszahl;VOLLGSS-13UM;13 und mehr Vollgeschosse;7;1000 qm;FLC014;Wohnfläche der Wohnungen
31121;Statistik der Baufertigstellungen;JAHR;Jahr;2025;DLAND;Bundesländer;02;Hamburg;BAUGB2;Gebäudeart;GBD-W;Wohngebäude;GSSZL1;Geschosszahl;VOLLGSS-13UM;13 und mehr Vollgeschosse;75;Anzahl;WOHN01;Wohnungen
31121;Statistik der Baufertigstellungen;JAHR;Jahr;2025;DLAND;Bundesländer;02;Hamburg;BAUGB2;Gebäudeart;GBD-W;Wohngebäude;GSSZL1;Geschosszahl;VOLLGSS-13UM;13 und mehr Vollgeschosse;1;Anzahl;BAU005;Neue Gebäude
31121;Statistik der Baufertigstellungen;JAHR;Jahr;2025;DLAND;Bundesländer;02;Hamburg;BAUGB2;Gebäudeart;GBD-W;Wohngebäude;GSSZL1;Geschosszahl;VOLLGSS-13UM;13 und mehr Vollgeschosse;28361;Tsd. EUR;VKB001;Veranschlagte Kosten des Bauwerks
31121;Statistik der Baufertigstellungen;JAHR;Jahr;2025;DLAND;Bundesländer;02;Hamburg;BAUGB2;Gebäudeart;GBD-W;Wohngebäude;GSSZL1;Geschosszahl;VOLLGSS-13UM;13 und mehr Vollgeschosse;44;1000 cbm;FLC003;Rauminhalt
31121;Statistik der Baufertigstellungen;JAHR;Jahr;2025;DLAND;Bundesländer;02;Hamburg;BAUGB2;Gebäudeart;GBD-W;Wohngebäude;GSSZL1;Geschosszahl;VOLLGSS-13UM;13 und mehr Vollgeschosse;0;1000 qm;FLC002;Nutzfläche
31121;Statistik der Baufertigstellungen;JAHR;Jahr;2025;DLAND;Bundesländer;10;Saarland;BAUGB2;Gebäudeart;GBD-NW;Nichtwohngebäude;GSSZL1;Geschosszahl;VOLLGSS-03;3 Vollgeschosse;-;1000 qm;FLC014;Wohnfläche der Wohnungen
31121;Statistik der Baufertigstellungen;JAHR;Jahr;2025;DLAND;Bundesländer;10;Saarland;BAUGB2;Gebäudeart;GBD-NW;Nichtwohngebäude;GSSZL1;Geschosszahl;VOLLGSS-03;3 Vollgeschosse;-;Anzahl;WOHN01;Wohnungen
31121;Statistik der Baufertigstellungen;JAHR;Jahr;2025;DLAND;Bundesländer;10;Saarland;BAUGB2;Gebäudeart;GBD-NW;Nichtwohngebäude;GSSZL1;Geschosszahl;VOLLGSS-03;3 Vollgeschosse;4;Anzahl;BAU005;Neue Gebäude
31121;Statistik der Baufertigstellungen;JAHR;Jahr;2025;DLAND;Bundesländer;10;Saarland;BAUGB2;Gebäudeart;GBD-NW;Nichtwohngebäude;GSSZL1;Geschosszahl;VOLLGSS-03;3 Vollgeschosse;15895;Tsd. EUR;VKB001;Veranschlagte Kosten des Bauwerks
31121;Statistik der Baufertigstellungen;JAHR;Jahr;2025;DLAND;Bundesländer;10;Saarland;BAUGB2;Gebäudeart;GBD-NW;Nichtwohngebäude;GSSZL1;Geschosszahl;VOLLGSS-03;3 Vollgeschosse;35;1000 cbm;FLC003;Rauminhalt
31121;Statistik der Baufertigstellungen;JAHR;Jahr;2025;DLAND;Bundesländer;10;Saarland;BAUGB2;Gebäudeart;GBD-NW;Nichtwohngebäude;GSSZL1;Geschosszahl;VOLLGSS-03;3 Vollgeschosse;7;1000 qm;FLC002;Nutzfläche
31121;Statistik der Baufertigstellungen;JAHR;Jahr;2025;DLAND;Bundesländer;09;Bayern;BAUGB2;Gebäudeart;GBD-W-NW;Wohn- und Nichtwohngebäude;GSSZL1;Geschosszahl;VOLLGSS-13UM;13 und mehr Vollgeschosse;-;1000 qm;FLC014;Wohnfläche der Wohnungen
31121;Statistik der Baufertigstellungen;JAHR;Jahr;2025;DLAND;Bundesländer;09;Bayern;BAUGB2;Gebäudeart;GBD-W-NW;Wohn- und Nichtwohngebäude;GSSZL1;Geschosszahl;VOLLGSS-13UM;13 und mehr Vollgeschosse;-;Anzahl;WOHN01;Wohnungen
31121;Statistik der Baufertigstellungen;JAHR;Jahr;2025;DLAND;Bundesländer;09;Bayern;BAUGB2;Gebäudeart;GBD-W-NW;Wohn- und Nichtwohngebäude;GSSZL1;Geschosszahl;VOLLGSS-13UM;13 und mehr Vollgeschosse;1;Anzahl;BAU005;Neue Gebäude
31121;Statistik der Baufertigstellungen;JAHR;Jahr;2025;DLAND;Bundesländer;09;Bayern;BAUGB2;Gebäudeart;GBD-W-NW;Wohn- und Nichtwohngebäude;GSSZL1;Geschosszahl;VOLLGSS-13UM;13 und mehr Vollgeschosse;65687;Tsd. EUR;VKB001;Veranschlagte Kosten des Bauwerks
31121;Statistik der Baufertigstellungen;JAHR;Jahr;2025;DLAND;Bundesländer;09;Bayern;BAUGB2;Gebäudeart;GBD-W-NW;Wohn- und Nichtwohngebäude;GSSZL1;Geschosszahl;VOLLGSS-13UM;13 und mehr Vollgeschosse;84;1000 cbm;FLC003;Rauminhalt
31121;Statistik der Baufertigstellungen;JAHR;Jahr;2025;DLAND;Bundesländer;09;Bayern;BAUGB2;Gebäudeart;GBD-W-NW;Wohn- und Nichtwohngebäude;GSSZL1;Geschosszahl;VOLLGSS-13UM;13 und mehr Vollgeschosse;14;1000 qm;FLC002;Nutzfläche
31121;Statistik der Baufertigstellungen;JAHR;Jahr;2025;DLAND;Bundesländer;05;Nordrhein-Westfalen;BAUGB2;Gebäudeart;GBD-W;Wohngebäude;GSSZL1;Geschosszahl;VOLLGSS-06-07;6-7 Vollgeschosse;64;1000 qm;FLC014;Wohnfläche der Wohnungen
31121;Statistik der Baufertigstellungen;JAHR;Jahr;2025;DLAND;Bundesländer;05;Nordrhein-Westfalen;BAUGB2;Gebäudeart;GBD-W;Wohngebäude;GSSZL1;Geschosszahl;VOLLGSS-06-07;6-7 Vollgeschosse;919;Anzahl;WOHN01;Wohnungen
31121;Statistik der Baufertigstellungen;JAHR;Jahr;2025;DLAND;Bundesländer;05;Nordrhein-Westfalen;BAUGB2;Gebäudeart;GBD-W;Wohngebäude;GSSZL1;Geschosszahl;VOLLGSS-06-07;6-7 Vollgeschosse;18;Anzahl;BAU005;Neue Gebäude
31121;Statistik der Baufertigstellungen;JAHR;Jahr;2025;DLAND;Bundesländer;05;Nordrhein-Westfalen;BAUGB2;Gebäudeart;GBD-W;Wohngebäude;GSSZL1;Geschosszahl;VOLLGSS-06-07;6-7 Vollgeschosse;159001;Tsd. EUR;VKB001;Veranschlagte Kosten des Bauwerks
31121;Statistik der Baufertigstellungen;JAHR;Jahr;2025;DLAND;Bundesländer;05;Nordrhein-Westfalen;BAUGB2;Gebäudeart;GBD-W;Wohngebäude;GSSZL1;Geschosszahl;VOLLGSS-06-07;6-7 Vollgeschosse;358;1000 cbm;FLC003;Rauminhalt
31121;Statistik der Baufertigstellungen;JAHR;Jahr;2025;DLAND;Bundesländer;05;Nordrhein-Westfalen;BAUGB2;Gebäudeart;GBD-W;Wohngebäude;GSSZL1;Geschosszahl;VOLLGSS-06-07;6-7 Vollgeschosse;10;1000 qm;FLC002;Nutzfläche
31121;Statistik der Baufertigstellungen;JAHR;Jahr;2025;DLAND;Bundesländer;07;Rheinland-Pfalz;BAUGB2;Gebäudeart;GBD-NW;Nichtwohngebäude;GSSZL1;Geschosszahl;VOLLGSS-03;3 Vollgeschosse;1;1000 qm;FLC014;Wohnfläche der Wohnungen
31121;Statistik der Baufertigstellungen;JAHR;Jahr;2025;DLAND;Bundesländer;07;Rheinland-Pfalz;BAUGB2;Gebäudeart;GBD-NW;Nichtwohngebäude;GSSZL1;Geschosszahl;VOLLGSS-03;3 Vollgeschosse;21;Anzahl;WOHN01;Wohnungen
31121;Statistik der Baufertigstellungen;JAHR;Jahr;2025;DLAND;Bundesländer;07;Rheinland-Pfalz;BAUGB2;Gebäudeart;GBD-NW;Nichtwohngebäude;GSSZL1;Geschosszahl;VOLLGSS-03;3 Vollgeschosse;27;Anzahl;BAU005;Neue Gebäude
31121;Statistik der Baufertigstellungen;JAHR;Jahr;2025;DLAND;Bundesländer;07;Rheinland-Pfalz;BAUGB2;Gebäudeart;GBD-NW;Nichtwohngebäude;GSSZL1;Geschosszahl;VOLLGSS-03;3 Vollgeschosse;151737;Tsd. EUR;VKB001;Veranschlagte Kosten des Bauwerks
31121;Statistik der Baufertigstellungen;JAHR;Jahr;2025;DLAND;Bundesländer;07;Rheinland-Pfalz;BAUGB2;Gebäudeart;GBD-NW;Nichtwohngebäude;GSSZL1;Geschosszahl;VOLLGSS-03;3 Vollgeschosse;830;1000 cbm;FLC003;Rauminhalt
31121;Statistik der Baufertigstellungen;JAHR;Jahr;2025;DLAND;Bundesländer;07;Rheinland-Pfalz;BAUGB2;Gebäudeart;GBD-NW;Nichtwohngebäude;GSSZL1;Geschosszahl;VOLLGSS-03;3 Vollgeschosse;99;1000 qm;FLC002;Nutzfläche
31121;Statistik der Baufertigstellungen;JAHR;Jahr;2025;DLAND;Bundesländer;10;Saarland;BAUGB2;Gebäudeart;GBD-W-NW;Wohn- und Nichtwohngebäude;GSSZL1;Geschosszahl;VOLLGSS-13UM;13 und mehr Vollgeschosse;-;1000 qm;FLC014;Wohnfläche der Wohnungen
31121;Statistik der Baufertigstellungen;JAHR;Jahr;2025;DLAND;Bundesländer;10;Saarland;BAUGB2;Gebäudeart;GBD-W-NW;Wohn- und Nichtwohngebäude;GSSZL1;Geschosszahl;VOLLGSS-13UM;13 und mehr Vollgeschosse;-;Anzahl;WOHN01;Wohnungen
31121;Statistik der Baufertigstellungen;JAHR;Jahr;2025;DLAND;Bundesländer;10;Saarland;BAUGB2;Gebäudeart;GBD-W-NW;Wohn- und Nichtwohngebäude;GSSZL1;Geschosszahl;VOLLGSS-13UM;13 und mehr Vollgeschosse;-;Anzahl;BAU005;Neue Gebäude
31121;Statistik der Baufertigstellungen;JAHR;Jahr;2025;DLAND;Bundesländer;10;Saarland;BAUGB2;Gebäudeart;GBD-W-NW;Wohn- und Nichtwohngebäude;GSSZL1;Geschosszahl;VOLLGSS-13UM;13 und mehr Vollgeschosse;-;Tsd. EUR;VKB001;Veranschlagte Kosten des Bauwerks
31121;Statistik der Baufertigstellungen;JAHR;Jahr;2025;DLAND;Bundesländer;10;Saarland;BAUGB2;Gebäudeart;GBD-W-NW;Wohn- und Nichtwohngebäude;GSSZL1;Geschosszahl;VOLLGSS-13UM;13 und mehr Vollgeschosse;-;1000 cbm;FLC003;Rauminhalt
31121;Statistik der Baufertigstellungen;JAHR;Jahr;2025;DLAND;Bundesländer;10;Saarland;BAUGB2;Gebäudeart;GBD-W-NW;Wohn- und Nichtwohngebäude;GSSZL1;Geschosszahl;VOLLGSS-13UM;13 und mehr Vollgeschosse;-;1000 qm;FLC002;Nutzfläche
31121;Statistik der Baufertigstellungen;JAHR;Jahr;2025;DLAND;Bundesländer;16;Thüringen;BAUGB2;Gebäudeart;GBD-W-NW;Wohn- und Nichtwohngebäude;GSSZL1;Geschosszahl;VOLLGSS-01;1 Vollgeschoss;35;1000 qm;FLC014;Wohnfläche der Wohnungen
31121;Statistik der Baufertigstellungen;JAHR;Jahr;2025;DLAND;Bundesländer;16;Thüringen;BAUGB2;Gebäudeart;GBD-W-NW;Wohn- und Nichtwohngebäude;GSSZL1;Geschosszahl;VOLLGSS-01;1 Vollgeschoss;282;Anzahl;WOHN01;Wohnungen
31121;Statistik der Baufertigstellungen;JAHR;Jahr;2025;DLAND;Bundesländer;16;Thüringen;BAUGB2;Gebäudeart;GBD-W-NW;Wohn- und Nichtwohngebäude;GSSZL1;Geschosszahl;VOLLGSS-01;1 Vollgeschoss;762;Anzahl;BAU005;Neue Gebäude
31121;Statistik der Baufertigstellungen;JAHR;Jahr;2025;DLAND;Bundesländer;16;Thüringen;BAUGB2;Gebäudeart;GBD-W-NW;Wohn- und Nichtwohngebäude;GSSZL1;Geschosszahl;VOLLGSS-01;1 Vollgeschoss;361361;Tsd. EUR;VKB001;Veranschlagte Kosten des Bauwerks
31121;Statistik der Baufertigstellungen;JAHR;Jahr;2025;DLAND;Bundesländer;16;Thüringen;BAUGB2;Gebäudeart;GBD-W-NW;Wohn- und Nichtwohngebäude;GSSZL1;Geschosszahl;VOLLGSS-01;1 Vollgeschoss;3318;1000 cbm;FLC003;Rauminhalt
31121;Statistik der Baufertigstellungen;JAHR;Jahr;2025;DLAND;Bundesländer;16;Thüringen;BAUGB2;Gebäudeart;GBD-W-NW;Wohn- und Nichtwohngebäude;GSSZL1;Geschosszahl;VOLLGSS-01;1 Vollgeschoss;347;1000 qm;FLC002;Nutzfläche
31121;Statistik der Baufertigstellungen;JAHR;Jahr;2025;DLAND;Bundesländer;05;Nordrhein-Westfalen;BAUGB2;Gebäudeart;GBD-NW;Nichtwohngebäude;GSSZL1;Geschosszahl;VOLLGSS-03;3 Vollgeschosse;11;1000 qm;FLC014;Wohnfläche der Wohnungen
31121;Statistik der Baufertigstellungen;JAHR;Jahr;2025;DLAND;Bundesländer;05;Nordrhein-Westfalen;BAUGB2;Gebäudeart;GBD-NW;Nichtwohngebäude;GSSZL1;Geschosszahl;VOLLGSS-03;3 Vollgeschosse;131;Anzahl;WOHN01;Wohnungen
31121;Statistik der Baufertigstellungen;JAHR;Jahr;2025;DLAND;Bundesländer;05;Nordrhein-Westfalen;BAUGB2;Gebäudeart;GBD-NW;Nichtwohngebäude;GSSZL1;Geschosszahl;VOLLGSS-03;3 Vollgeschosse;140;Anzahl;BAU005;Neue Gebäude
31121;Statistik der Baufertigstellungen;JAHR;Jahr;2025;DLAND;Bundesländer;05;Nordrhein-Westfalen;BAUGB2;Gebäudeart;GBD-NW;Nichtwohngebäude;GSSZL1;Geschosszahl;VOLLGSS-03;3 Vollgeschosse;764537;Tsd. EUR;VKB001;Veranschlagte Kosten des Bauwerks
31121;Statistik der Baufertigstellungen;JAHR;Jahr;2025;DLAND;Bundesländer;05;Nordrhein-Westfalen;BAUGB2;Gebäudeart;GBD-NW;Nichtwohngebäude;GSSZL1;Geschosszahl;VOLLGSS-03;3 Vollgeschosse;3315;1000 cbm;FLC003;Rauminhalt
31121;Statistik der Baufertigstellungen;JAHR;Jahr;2025;DLAND;Bundesländer;05;Nordrhein-Westfalen;BAUGB2;Gebäudeart;GBD-NW;Nichtwohngebäude;GSSZL1;Geschosszahl;VOLLGSS-03;3 Vollgeschosse;403;1000 qm;FLC002;Nutzfläche
31121;Statistik der Baufertigstellungen;JAHR;Jahr;2025;DLAND;Bundesländer;04;Bremen;BAUGB2;Gebäudeart;GBD-NW;Nichtwohngebäude;GSSZL1;Geschosszahl;VOLLGSS-01;1 Vollgeschoss;0;1000 qm;FLC014;Wohnfläche der Wohnungen
31121;Statistik der Baufertigstellungen;JAHR;Jahr;2025;DLAND;Bundesländer;04;Bremen;BAUGB2;Gebäudeart;GBD-NW;Nichtwohngebäude;GSSZL1;Geschosszahl;VOLLGSS-01;1 Vollgeschoss;1;Anzahl;WOHN01;Wohnungen
31121;Statistik der Baufertigstellungen;JAHR;Jahr;2025;DLAND;Bundesländer;04;Bremen;BAUGB2;Gebäudeart;GBD-NW;Nichtwohngebäude;GSSZL1;Geschosszahl;VOLLGSS-01;1 Vollgeschoss;59;Anzahl;BAU005;Neue Gebäude
31121;Statistik der Baufertigstellungen;JAHR;Jahr;2025;DLAND;Bundesländer;04;Bremen;BAUGB2;Gebäudeart;GBD-NW;Nichtwohngebäude;GSSZL1;Geschosszahl;VOLLGSS-01;1 Vollgeschoss;50298;Tsd. EUR;VKB001;Veranschlagte Kosten des Bauwerks
31121;Statistik der Baufertigstellungen;JAHR;Jahr;2025;DLAND;Bundesländer;04;Bremen;BAUGB2;Gebäudeart;GBD-NW;Nichtwohngebäude;GSSZL1;Geschosszahl;VOLLGSS-01;1 Vollgeschoss;1254;1000 cbm;FLC003;Rauminhalt
31121;Statistik der Baufertigstellungen;JAHR;Jahr;2025;DLAND;Bundesländer;04;Bremen;BAUGB2;Gebäudeart;GBD-NW;Nichtwohngebäude;GSSZL1;Geschosszahl;VOLLGSS-01;1 Vollgeschoss;109;1000 qm;FLC002;Nutzfläche
31121;Statistik der Baufertigstellungen;JAHR;Jahr;2025;DLAND;Bundesländer;08;Baden-Württemberg;BAUGB2;Gebäudeart;GBD-NW;Nichtwohngebäude;GSSZL1;Geschosszahl;VOLLGSS-01;1 Vollgeschoss;3;1000 qm;FLC014;Wohnfläche der Wohnungen
31121;Statistik der Baufertigstellungen;JAHR;Jahr;2025;DLAND;Bundesländer;08;Baden-Württemberg;BAUGB2;Gebäudeart;GBD-NW;Nichtwohngebäude;GSSZL1;Geschosszahl;VOLLGSS-01;1 Vollgeschoss;29;Anzahl;WOHN01;Wohnungen
31121;Statistik der Baufertigstellungen;JAHR;Jahr;2025;DLAND;Bundesländer;08;Baden-Württemberg;BAUGB2;Gebäudeart;GBD-NW;Nichtwohngebäude;GSSZL1;Geschosszahl;VOLLGSS-01;1 Vollgeschoss;1694;Anzahl;BAU005;Neue Gebäude
31121;Statistik der Baufertigstellungen;JAHR;Jahr;2025;DLAND;Bundesländer;08;Baden-Württemberg;BAUGB2;Gebäudeart;GBD-NW;Nichtwohngebäude;GSSZL1;Geschosszahl;VOLLGSS-01;1 Vollgeschoss;1895914;Tsd. EUR;VKB001;Veranschlagte Kosten des Bauwerks
31121;Statistik der Baufertigstellungen;JAHR;Jahr;2025;DLAND;Bundesländer;08;Baden-Württemberg;BAUGB2;Gebäudeart;GBD-NW;Nichtwohngebäude;GSSZL1;Geschosszahl;VOLLGSS-01;1 Vollgeschoss;13586;1000 cbm;FLC003;Rauminhalt
31121;Statistik der Baufertigstellungen;JAHR;Jahr;2025;DLAND;Bundesländer;08;Baden-Württemberg;BAUGB2;Gebäudeart;GBD-NW;Nichtwohngebäude;GSSZL1;Geschosszahl;VOLLGSS-01;1 Vollgeschoss;1587;1000 qm;FLC002;Nutzfläche
31121;Statistik der Baufertigstellungen;JAHR;Jahr;2025;DLAND;Bundesländer;12;Brandenburg;BAUGB2;Gebäudeart;GBD-W;Wohngebäude;GSSZL1;Geschosszahl;VOLLGSS-08-12;8-12 Vollgeschosse;-;1000 qm;FLC014;Wohnfläche der Wohnungen
31121;Statistik der Baufertigstellungen;JAHR;Jahr;2025;DLAND;Bundesländer;12;Brandenburg;BAUGB2;Gebäudeart;GBD-W;Wohngebäude;GSSZL1;Geschosszahl;VOLLGSS-08-12;8-12 Vollgeschosse;-;Anzahl;WOHN01;Wohnungen
31121;Statistik der Baufertigstellungen;JAHR;Jahr;2025;DLAND;Bundesländer;12;Brandenburg;BAUGB2;Gebäudeart;GBD-W;Wohngebäude;GSSZL1;Geschosszahl;VOLLGSS-08-12;8-12 Vollgeschosse;-;Anzahl;BAU005;Neue Gebäude
31121;Statistik der Baufertigstellungen;JAHR;Jahr;2025;DLAND;Bundesländer;12;Brandenburg;BAUGB2;Gebäudeart;GBD-W;Wohngebäude;GSSZL1;Geschosszahl;VOLLGSS-08-12;8-12 Vollgeschosse;-;Tsd. EUR;VKB001;Veranschlagte Kosten des Bauwerks
31121;Statistik der Baufertigstellungen;JAHR;Jahr;2025;DLAND;Bundesländer;12;Brandenburg;BAUGB2;Gebäudeart;GBD-W;Wohngebäude;GSSZL1;Geschosszahl;VOLLGSS-08-12;8-12 Vollgeschosse;-;1000 cbm;FLC003;Rauminhalt
31121;Statistik der Baufertigstellungen;JAHR;Jahr;2025;DLAND;Bundesländer;12;Brandenburg;BAUGB2;Gebäudeart;GBD-W;Wohngebäude;GSSZL1;Geschosszahl;VOLLGSS-08-12;8-12 Vollgeschosse;-;1000 qm;FLC002;Nutzfläche
31121;Statistik der Baufertigstellungen;JAHR;Jahr;2025;DLAND;Bundesländer;14;Sachsen;BAUGB2;Gebäudeart;GBD-W-NW;Wohn- und Nichtwohngebäude;GSSZL1;Geschosszahl;VOLLGSS-02;2 Vollgeschosse;172;1000 qm;FLC014;Wohnfläche der Wohnungen
31121;Statistik der Baufertigstellungen;JAHR;Jahr;2025;DLAND;Bundesländer;14;Sachsen;BAUGB2;Gebäudeart;GBD-W-NW;Wohn- und Nichtwohngebäude;GSSZL1;Geschosszahl;VOLLGSS-02;2 Vollgeschosse;1210;Anzahl;WOHN01;Wohnungen
31121;Statistik der Baufertigstellungen;JAHR;Jahr;2025;DLAND;Bundesländer;14;Sachsen;BAUGB2;Gebäudeart;GBD-W-NW;Wohn- und Nichtwohngebäude;GSSZL1;Geschosszahl;VOLLGSS-02;2 Vollgeschosse;1163;Anzahl;BAU005;Neue Gebäude
31121;Statistik der Baufertigstellungen;JAHR;Jahr;2025;DLAND;Bundesländer;14;Sachsen;BAUGB2;Gebäudeart;GBD-W-NW;Wohn- und Nichtwohngebäude;GSSZL1;Geschosszahl;VOLLGSS-02;2 Vollgeschosse;614029;Tsd. EUR;VKB001;Veranschlagte Kosten des Bauwerks
31121;Statistik der Baufertigstellungen;JAHR;Jahr;2025;DLAND;Bundesländer;14;Sachsen;BAUGB2;Gebäudeart;GBD-W-NW;Wohn- und Nichtwohngebäude;GSSZL1;Geschosszahl;VOLLGSS-02;2 Vollgeschosse;2585;1000 cbm;FLC003;Rauminhalt
31121;Statistik der Baufertigstellungen;JAHR;Jahr;2025;DLAND;Bundesländer;14;Sachsen;BAUGB2;Gebäudeart;GBD-W-NW;Wohn- und Nichtwohngebäude;GSSZL1;Geschosszahl;VOLLGSS-02;2 Vollgeschosse;230;1000 qm;FLC002;Nutzfläche
31121;Statistik der Baufertigstellungen;JAHR;Jahr;2025;DLAND;Bundesländer;06;Hessen;BAUGB2;Gebäudeart;GBD-W-NW;Wohn- und Nichtwohngebäude;GSSZL1;Geschosszahl;VOLLGSS-04-05;4-5 Vollgeschosse;159;1000 qm;FLC014;Wohnfläche der Wohnungen
31121;Statistik der Baufertigstellungen;JAHR;Jahr;2025;DLAND;Bundesländer;06;Hessen;BAUGB2;Gebäudeart;GBD-W-NW;Wohn- und Nichtwohngebäude;GSSZL1;Geschosszahl;VOLLGSS-04-05;4-5 Vollgeschosse;2091;Anzahl;WOHN01;Wohnungen
31121;Statistik der Baufertigstellungen;JAHR;Jahr;2025;DLAND;Bundesländer;06;Hessen;BAUGB2;Gebäudeart;GBD-W-NW;Wohn- und Nichtwohngebäude;GSSZL1;Geschosszahl;VOLLGSS-04-05;4-5 Vollgeschosse;148;Anzahl;BAU005;Neue Gebäude
31121;Statistik der Baufertigstellungen;JAHR;Jahr;2025;DLAND;Bundesländer;06;Hessen;BAUGB2;Gebäudeart;GBD-W-NW;Wohn- und Nichtwohngebäude;GSSZL1;Geschosszahl;VOLLGSS-04-05;4-5 Vollgeschosse;745864;Tsd. EUR;VKB001;Veranschlagte Kosten des Bauwerks
31121;Statistik der Baufertigstellungen;JAHR;Jahr;2025;DLAND;Bundesländer;06;Hessen;BAUGB2;Gebäudeart;GBD-W-NW;Wohn- und Nichtwohngebäude;GSSZL1;Geschosszahl;VOLLGSS-04-05;4-5 Vollgeschosse;1544;1000 cbm;FLC003;Rauminhalt
31121;Statistik der Baufertigstellungen;JAHR;Jahr;2025;DLAND;Bundesländer;06;Hessen;BAUGB2;Gebäudeart;GBD-W-NW;Wohn- und Nichtwohngebäude;GSSZL1;Geschosszahl;VOLLGSS-04-05;4-5 Vollgeschosse;168;1000 qm;FLC002;Nutzfläche
31121;Statistik der Baufertigstellungen;JAHR;Jahr;2025;DLAND;Bundesländer;06;Hessen;BAUGB2;Gebäudeart;GBD-NW;Nichtwohngebäude;GSSZL1;Geschosszahl;VOLLGSS-01;1 Vollgeschoss;1;1000 qm;FLC014;Wohnfläche der Wohnungen
31121;Statistik der Baufertigstellungen;JAHR;Jahr;2025;DLAND;Bundesländer;06;Hessen;BAUGB2;Gebäudeart;GBD-NW;Nichtwohngebäude;GSSZL1;Geschosszahl;VOLLGSS-01;1 Vollgeschoss;11;Anzahl;WOHN01;Wohnungen
31121;Statistik der Baufertigstellungen;JAHR;Jahr;2025;DLAND;Bundesländer;06;Hessen;BAUGB2;Gebäudeart;GBD-NW;Nichtwohngebäude;GSSZL1;Geschosszahl;VOLLGSS-01;1 Vollgeschoss;779;Anzahl;BAU005;Neue Gebäude
31121;Statistik der Baufertigstellungen;JAHR;Jahr;2025;DLAND;Bundesländer;06;Hessen;BAUGB2;Gebäudeart;GBD-NW;Nichtwohngebäude;GSSZL1;Geschosszahl;VOLLGSS-01;1 Vollgeschoss;665481;Tsd. EUR;VKB001;Veranschlagte Kosten des Bauwerks
31121;Statistik der Baufertigstellungen;JAHR;Jahr;2025;DLAND;Bundesländer;06;Hessen;BAUGB2;Gebäudeart;GBD-NW;Nichtwohngebäude;GSSZL1;Geschosszahl;VOLLGSS-01;1 Vollgeschoss;6370;1000 cbm;FLC003;Rauminhalt
31121;Statistik der Baufertigstellungen;JAHR;Jahr;2025;DLAND;Bundesländer;06;Hessen;BAUGB2;Gebäudeart;GBD-NW;Nichtwohngebäude;GSSZL1;Geschosszahl;VOLLGSS-01;1 Vollgeschoss;744;1000 qm;FLC002;Nutzfläche
31121;Statistik der Baufertigstellungen;JAHR;Jahr;2025;DLAND;Bundesländer;07;Rheinland-Pfalz;BAUGB2;Gebäudeart;GBD-W;Wohngebäude;GSSZL1;Geschosszahl;VOLLGSS-03;3 Vollgeschosse;102;1000 qm;FLC014;Wohnfläche der Wohnungen
31121;Statistik der Baufertigstellungen;JAHR;Jahr;2025;DLAND;Bundesländer;07;Rheinland-Pfalz;BAUGB2;Gebäudeart;GBD-W;Wohngebäude;GSSZL1;Geschosszahl;VOLLGSS-03;3 Vollgeschosse;1177;Anzahl;WOHN01;Wohnungen
31121;Statistik der Baufertigstellungen;JAHR;Jahr;2025;DLAND;Bundesländer;07;Rheinland-Pfalz;BAUGB2;Gebäudeart;GBD-W;Wohngebäude;GSSZL1;Geschosszahl;VOLLGSS-03;3 Vollgeschosse;143;Anzahl;BAU005;Neue Gebäude
31121;Statistik der Baufertigstellungen;JAHR;Jahr;2025;DLAND;Bundesländer;07;Rheinland-Pfalz;BAUGB2;Gebäudeart;GBD-W;Wohngebäude;GSSZL1;Geschosszahl;VOLLGSS-03;3 Vollgeschosse;227079;Tsd. EUR;VKB001;Veranschlagte Kosten des Bauwerks
31121;Statistik der Baufertigstellungen;JAHR;Jahr;2025;DLAND;Bundesländer;07;Rheinland-Pfalz;BAUGB2;Gebäudeart;GBD-W;Wohngebäude;GSSZL1;Geschosszahl;VOLLGSS-03;3 Vollgeschosse;591;1000 cbm;FLC003;Rauminhalt
31121;Statistik der Baufertigstellungen;JAHR;Jahr;2025;DLAND;Bundesländer;07;Rheinland-Pfalz;BAUGB2;Gebäudeart;GBD-W;Wohngebäude;GSSZL1;Geschosszahl;VOLLGSS-03;3 Vollgeschosse;37;1000 qm;FLC002;Nutzfläche
31121;Statistik der Baufertigstellungen;JAHR;Jahr;2025;DLAND;Bundesländer;05;Nordrhein-Westfalen;BAUGB2;Gebäudeart;GBD-W-NW;Wohn- und Nichtwohngebäude;GSSZL1;Geschosszahl;VOLLGSS-01;1 Vollgeschoss;476;1000 qm;FLC014;Wohnfläche der Wohnungen
31121;Statistik der Baufertigstellungen;JAHR;Jahr;2025;DLAND;Bundesländer;05;Nordrhein-Westfalen;BAUGB2;Gebäudeart;GBD-W-NW;Wohn- und Nichtwohngebäude;GSSZL1;Geschosszahl;VOLLGSS-01;1 Vollgeschoss;3547;Anzahl;WOHN01;Wohnungen
31121;Statistik der Baufertigstellungen;JAHR;Jahr;2025;DLAND;Bundesländer;05;Nordrhein-Westfalen;BAUGB2;Gebäudeart;GBD-W-NW;Wohn- und Nichtwohngebäude;GSSZL1;Geschosszahl;VOLLGSS-01;1 Vollgeschoss;4886;Anzahl;BAU005;Neue Gebäude
31121;Statistik der Baufertigstellungen;JAHR;Jahr;2025;DLAND;Bundesländer;05;Nordrhein-Westfalen;BAUGB2;Gebäudeart;GBD-W-NW;Wohn- und Nichtwohngebäude;GSSZL1;Geschosszahl;VOLLGSS-01;1 Vollgeschoss;2781802;Tsd. EUR;VKB001;Veranschlagte Kosten des Bauwerks
31121;Statistik der Baufertigstellungen;JAHR;Jahr;2025;DLAND;Bundesländer;05;Nordrhein-Westfalen;BAUGB2;Gebäudeart;GBD-W-NW;Wohn- und Nichtwohngebäude;GSSZL1;Geschosszahl;VOLLGSS-01;1 Vollgeschoss;19085;1000 cbm;FLC003;Rauminhalt
31121;Statistik der Baufertigstellungen;JAHR;Jahr;2025;DLAND;Bundesländer;05;Nordrhein-Westfalen;BAUGB2;Gebäudeart;GBD-W-NW;Wohn- und Nichtwohngebäude;GSSZL1;Geschosszahl;VOLLGSS-01;1 Vollgeschoss;2083;1000 qm;FLC002;Nutzfläche
31121;Statistik der Baufertigstellungen;JAHR;Jahr;2025;DLAND;Bundesländer;13;Mecklenburg-Vorpommern;BAUGB2;Gebäudeart;GBD-W;Wohngebäude;GSSZL1;Geschosszahl;VOLLGSS-04-05;4-5 Vollgeschosse;48;1000 qm;FLC014;Wohnfläche der Wohnungen
31121;Statistik der Baufertigstellungen;JAHR;Jahr;2025;DLAND;Bundesländer;13;Mecklenburg-Vorpommern;BAUGB2;Gebäudeart;GBD-W;Wohngebäude;GSSZL1;Geschosszahl;VOLLGSS-04-05;4-5 Vollgeschosse;627;Anzahl;WOHN01;Wohnungen
31121;Statistik der Baufertigstellungen;JAHR;Jahr;2025;DLAND;Bundesländer;13;Mecklenburg-Vorpommern;BAUGB2;Gebäudeart;GBD-W;Wohngebäude;GSSZL1;Geschosszahl;VOLLGSS-04-05;4-5 Vollgeschosse;33;Anzahl;BAU005;Neue Gebäude
31121;Statistik der Baufertigstellungen;JAHR;Jahr;2025;DLAND;Bundesländer;13;Mecklenburg-Vorpommern;BAUGB2;Gebäudeart;GBD-W;Wohngebäude;GSSZL1;Geschosszahl;VOLLGSS-04-05;4-5 Vollgeschosse;126946;Tsd. EUR;VKB001;Veranschlagte Kosten des Bauwerks
31121;Statistik der Baufertigstellungen;JAHR;Jahr;2025;DLAND;Bundesländer;13;Mecklenburg-Vorpommern;BAUGB2;Gebäudeart;GBD-W;Wohngebäude;GSSZL1;Geschosszahl;VOLLGSS-04-05;4-5 Vollgeschosse;254;1000 cbm;FLC003;Rauminhalt
31121;Statistik der Baufertigstellungen;JAHR;Jahr;2025;DLAND;Bundesländer;13;Mecklenburg-Vorpommern;BAUGB2;Gebäudeart;GBD-W;Wohngebäude;GSSZL1;Geschosszahl;VOLLGSS-04-05;4-5 Vollgeschosse;12;1000 qm;FLC002;Nutzfläche
31121;Statistik der Baufertigstellungen;JAHR;Jahr;2025;DLAND;Bundesländer;03;Niedersachsen;BAUGB2;Gebäudeart;GBD-W-NW;Wohn- und Nichtwohngebäude;GSSZL1;Geschosszahl;VOLLGSS-02;2 Vollgeschosse;634;1000 qm;FLC014;Wohnfläche der Wohnungen
31121;Statistik der Baufertigstellungen;JAHR;Jahr;2025;DLAND;Bundesländer;03;Niedersachsen;BAUGB2;Gebäudeart;GBD-W-NW;Wohn- und Nichtwohngebäude;GSSZL1;Geschosszahl;VOLLGSS-02;2 Vollgeschosse;6447;Anzahl;WOHN01;Wohnungen
31121;Statistik der Baufertigstellungen;JAHR;Jahr;2025;DLAND;Bundesländer;03;Niedersachsen;BAUGB2;Gebäudeart;GBD-W-NW;Wohn- und Nichtwohngebäude;GSSZL1;Geschosszahl;VOLLGSS-02;2 Vollgeschosse;2346;Anzahl;BAU005;Neue Gebäude
31121;Statistik der Baufertigstellungen;JAHR;Jahr;2025;DLAND;Bundesländer;03;Niedersachsen;BAUGB2;Gebäudeart;GBD-W-NW;Wohn- und Nichtwohngebäude;GSSZL1;Geschosszahl;VOLLGSS-02;2 Vollgeschosse;1566793;Tsd. EUR;VKB001;Veranschlagte Kosten des Bauwerks
31121;Statistik der Baufertigstellungen;JAHR;Jahr;2025;DLAND;Bundesländer;03;Niedersachsen;BAUGB2;Gebäudeart;GBD-W-NW;Wohn- und Nichtwohngebäude;GSSZL1;Geschosszahl;VOLLGSS-02;2 Vollgeschosse;5591;1000 cbm;FLC003;Rauminhalt
31121;Statistik der Baufertigstellungen;JAHR;Jahr;2025;DLAND;Bundesländer;03;Niedersachsen;BAUGB2;Gebäudeart;GBD-W-NW;Wohn- und Nichtwohngebäude;GSSZL1;Geschosszahl;VOLLGSS-02;2 Vollgeschosse;427;1000 qm;FLC002;Nutzfläche
31121;Statistik der Baufertigstellungen;JAHR;Jahr;2025;DLAND;Bundesländer;14;Sachsen;BAUGB2;Gebäudeart;GBD-NW;Nichtwohngebäude;GSSZL1;Geschosszahl;VOLLGSS-03;3 Vollgeschosse;0;1000 qm;FLC014;Wohnfläche der Wohnungen
31121;Statistik der Baufertigstellungen;JAHR;Jahr;2025;DLAND;Bundesländer;14;Sachsen;BAUGB2;Gebäudeart;GBD-NW;Nichtwohngebäude;GSSZL1;Geschosszahl;VOLLGSS-03;3 Vollgeschosse;13;Anzahl;WOHN01;Wohnungen
31121;Statistik der Baufertigstellungen;JAHR;Jahr;2025;DLAND;Bundesländer;14;Sachsen;BAUGB2;Gebäudeart;GBD-NW;Nichtwohngebäude;GSSZL1;Geschosszahl;VOLLGSS-03;3 Vollgeschosse;27;Anzahl;BAU005;Neue Gebäude
31121;Statistik der Baufertigstellungen;JAHR;Jahr;2025;DLAND;Bundesländer;14;Sachsen;BAUGB2;Gebäudeart;GBD-NW;Nichtwohngebäude;GSSZL1;Geschosszahl;VOLLGSS-03;3 Vollgeschosse;140532;Tsd. EUR;VKB001;Veranschlagte Kosten des Bauwerks
31121;Statistik der Baufertigstellungen;JAHR;Jahr;2025;DLAND;Bundesländer;14;Sachsen;BAUGB2;Gebäudeart;GBD-NW;Nichtwohngebäude;GSSZL1;Geschosszahl;VOLLGSS-03;3 Vollgeschosse;449;1000 cbm;FLC003;Rauminhalt
31121;Statistik der Baufertigstellungen;JAHR;Jahr;2025;DLAND;Bundesländer;14;Sachsen;BAUGB2;Gebäudeart;GBD-NW;Nichtwohngebäude;GSSZL1;Geschosszahl;VOLLGSS-03;3 Vollgeschosse;73;1000 qm;FLC002;Nutzfläche
31121;Statistik der Baufertigstellungen;JAHR;Jahr;2025;DLAND;Bundesländer;16;Thüringen;BAUGB2;Gebäudeart;GBD-W;Wohngebäude;GSSZL1;Geschosszahl;VOLLGSS-02;2 Vollgeschosse;69;1000 qm;FLC014;Wohnfläche der Wohnungen
31121;Statistik der Baufertigstellungen;JAHR;Jahr;2025;DLAND;Bundesländer;16;Thüringen;BAUGB2;Gebäudeart;GBD-W;Wohngebäude;GSSZL1;Geschosszahl;VOLLGSS-02;2 Vollgeschosse;566;Anzahl;WOHN01;Wohnungen
31121;Statistik der Baufertigstellungen;JAHR;Jahr;2025;DLAND;Bundesländer;16;Thüringen;BAUGB2;Gebäudeart;GBD-W;Wohngebäude;GSSZL1;Geschosszahl;VOLLGSS-02;2 Vollgeschosse;345;Anzahl;BAU005;Neue Gebäude
31121;Statistik der Baufertigstellungen;JAHR;Jahr;2025;DLAND;Bundesländer;16;Thüringen;BAUGB2;Gebäudeart;GBD-W;Wohngebäude;GSSZL1;Geschosszahl;VOLLGSS-02;2 Vollgeschosse;133510;Tsd. EUR;VKB001;Veranschlagte Kosten des Bauwerks
31121;Statistik der Baufertigstellungen;JAHR;Jahr;2025;DLAND;Bundesländer;16;Thüringen;BAUGB2;Gebäudeart;GBD-W;Wohngebäude;GSSZL1;Geschosszahl;VOLLGSS-02;2 Vollgeschosse;355;1000 cbm;FLC003;Rauminhalt
31121;Statistik der Baufertigstellungen;JAHR;Jahr;2025;DLAND;Bundesländer;16;Thüringen;BAUGB2;Gebäudeart;GBD-W;Wohngebäude;GSSZL1;Geschosszahl;VOLLGSS-02;2 Vollgeschosse;15;1000 qm;FLC002;Nutzfläche
31121;Statistik der Baufertigstellungen;JAHR;Jahr;2025;DLAND;Bundesländer;16;Thüringen;BAUGB2;Gebäudeart;GBD-W-NW;Wohn- und Nichtwohngebäude;GSSZL1;Geschosszahl;VOLLGSS-06-07;6-7 Vollgeschosse;7;1000 qm;FLC014;Wohnfläche der Wohnungen
31121;Statistik der Baufertigstellungen;JAHR;Jahr;2025;DLAND;Bundesländer;16;Thüringen;BAUGB2;Gebäudeart;GBD-W-NW;Wohn- und Nichtwohngebäude;GSSZL1;Geschosszahl;VOLLGSS-06-07;6-7 Vollgeschosse;91;Anzahl;WOHN01;Wohnungen
31121;Statistik der Baufertigstellungen;JAHR;Jahr;2025;DLAND;Bundesländer;16;Thüringen;BAUGB2;Gebäudeart;GBD-W-NW;Wohn- und Nichtwohngebäude;GSSZL1;Geschosszahl;VOLLGSS-06-07;6-7 Vollgeschosse;3;Anzahl;BAU005;Neue Gebäude
31121;Statistik der Baufertigstellungen;JAHR;Jahr;2025;DLAND;Bundesländer;16;Thüringen;BAUGB2;Gebäudeart;GBD-W-NW;Wohn- und Nichtwohngebäude;GSSZL1;Geschosszahl;VOLLGSS-06-07;6-7 Vollgeschosse;16782;Tsd. EUR;VKB001;Veranschlagte Kosten des Bauwerks
31121;Statistik der Baufertigstellungen;JAHR;Jahr;2025;DLAND;Bundesländer;16;Thüringen;BAUGB2;Gebäudeart;GBD-W-NW;Wohn- und Nichtwohngebäude;GSSZL1;Geschosszahl;VOLLGSS-06-07;6-7 Vollgeschosse;45;1000 cbm;FLC003;Rauminhalt
31121;Statistik der Baufertigstellungen;JAHR;Jahr;2025;DLAND;Bundesländer;16;Thüringen;BAUGB2;Gebäudeart;GBD-W-NW;Wohn- und Nichtwohngebäude;GSSZL1;Geschosszahl;VOLLGSS-06-07;6-7 Vollgeschosse;3;1000 qm;FLC002;Nutzfläche
31121;Statistik der Baufertigstellungen;JAHR;Jahr;2025;DLAND;Bundesländer;02;Hamburg;BAUGB2;Gebäudeart;GBD-W;Wohngebäude;GSSZL1;Geschosszahl;VOLLGSS-04-05;4-5 Vollgeschosse;117;1000 qm;FLC014;Wohnfläche der Wohnungen
31121;Statistik der Baufertigstellungen;JAHR;Jahr;2025;DLAND;Bundesländer;02;Hamburg;BAUGB2;Gebäudeart;GBD-W;Wohngebäude;GSSZL1;Geschosszahl;VOLLGSS-04-05;4-5 Vollgeschosse;1754;Anzahl;WOHN01;Wohnungen
31121;Statistik der Baufertigstellungen;JAHR;Jahr;2025;DLAND;Bundesländer;02;Hamburg;BAUGB2;Gebäudeart;GBD-W;Wohngebäude;GSSZL1;Geschosszahl;VOLLGSS-04-05;4-5 Vollgeschosse;96;Anzahl;BAU005;Neue Gebäude
31121;Statistik der Baufertigstellungen;JAHR;Jahr;2025;DLAND;Bundesländer;02;Hamburg;BAUGB2;Gebäudeart;GBD-W;Wohngebäude;GSSZL1;Geschosszahl;VOLLGSS-04-05;4-5 Vollgeschosse;285535;Tsd. EUR;VKB001;Veranschlagte Kosten des Bauwerks
31121;Statistik der Baufertigstellungen;JAHR;Jahr;2025;DLAND;Bundesländer;02;Hamburg;BAUGB2;Gebäudeart;GBD-W;Wohngebäude;GSSZL1;Geschosszahl;VOLLGSS-04-05;4-5 Vollgeschosse;625;1000 cbm;FLC003;Rauminhalt
31121;Statistik der Baufertigstellungen;JAHR;Jahr;2025;DLAND;Bundesländer;02;Hamburg;BAUGB2;Gebäudeart;GBD-W;Wohngebäude;GSSZL1;Geschosszahl;VOLLGSS-04-05;4-5 Vollgeschosse;28;1000 qm;FLC002;Nutzfläche
31121;Statistik der Baufertigstellungen;JAHR;Jahr;2025;DLAND;Bundesländer;15;Sachsen-Anhalt;BAUGB2;Gebäudeart;GBD-NW;Nichtwohngebäude;GSSZL1;Geschosszahl;VOLLGSS-01;1 Vollgeschoss;1;1000 qm;FLC014;Wohnfläche der Wohnungen
31121;Statistik der Baufertigstellungen;JAHR;Jahr;2025;DLAND;Bundesländer;15;Sachsen-Anhalt;BAUGB2;Gebäudeart;GBD-NW;Nichtwohngebäude;GSSZL1;Geschosszahl;VOLLGSS-01;1 Vollgeschoss;4;Anzahl;WOHN01;Wohnungen
31121;Statistik der Baufertigstellungen;JAHR;Jahr;2025;DLAND;Bundesländer;15;Sachsen-Anhalt;BAUGB2;Gebäudeart;GBD-NW;Nichtwohngebäude;GSSZL1;Geschosszahl;VOLLGSS-01;1 Vollgeschoss;336;Anzahl;BAU005;Neue Gebäude
31121;Statistik der Baufertigstellungen;JAHR;Jahr;2025;DLAND;Bundesländer;15;Sachsen-Anhalt;BAUGB2;Gebäudeart;GBD-NW;Nichtwohngebäude;GSSZL1;Geschosszahl;VOLLGSS-01;1 Vollgeschoss;329895;Tsd. EUR;VKB001;Veranschlagte Kosten des Bauwerks
31121;Statistik der Baufertigstellungen;JAHR;Jahr;2025;DLAND;Bundesländer;15;Sachsen-Anhalt;BAUGB2;Gebäudeart;GBD-NW;Nichtwohngebäude;GSSZL1;Geschosszahl;VOLLGSS-01;1 Vollgeschoss;4447;1000 cbm;FLC003;Rauminhalt
31121;Statistik der Baufertigstellungen;JAHR;Jahr;2025;DLAND;Bundesländer;15;Sachsen-Anhalt;BAUGB2;Gebäudeart;GBD-NW;Nichtwohngebäude;GSSZL1;Geschosszahl;VOLLGSS-01;1 Vollgeschoss;435;1000 qm;FLC002;Nutzfläche
31121;Statistik der Baufertigstellungen;JAHR;Jahr;2025;DLAND;Bundesländer;09;Bayern;BAUGB2;Gebäudeart;GBD-NW;Nichtwohngebäude;GSSZL1;Geschosszahl;VOLLGSS-03;3 Vollgeschosse;16;1000 qm;FLC014;Wohnfläche der Wohnungen
31121;Statistik der Baufertigstellungen;JAHR;Jahr;2025;DLAND;Bundesländer;09;Bayern;BAUGB2;Gebäudeart;GBD-NW;Nichtwohngebäude;GSSZL1;Geschosszahl;VOLLGSS-03;3 Vollgeschosse;197;Anzahl;WOHN01;Wohnungen
31121;Statistik der Baufertigstellungen;JAHR;Jahr;2025;DLAND;Bundesländer;09;Bayern;BAUGB2;Gebäudeart;GBD-NW;Nichtwohngebäude;GSSZL1;Geschosszahl;VOLLGSS-03;3 Vollgeschosse;256;Anzahl;BAU005;Neue Gebäude
31121;Statistik der Baufertigstellungen;JAHR;Jahr;2025;DLAND;Bundesländer;09;Bayern;BAUGB2;Gebäudeart;GBD-NW;Nichtwohngebäude;GSSZL1;Geschosszahl;VOLLGSS-03;3 Vollgeschosse;2012084;Tsd. EUR;VKB001;Veranschlagte Kosten des Bauwerks
31121;Statistik der Baufertigstellungen;JAHR;Jahr;2025;DLAND;Bundesländer;09;Bayern;BAUGB2;Gebäudeart;GBD-NW;Nichtwohngebäude;GSSZL1;Geschosszahl;VOLLGSS-03;3 Vollgeschosse;6693;1000 cbm;FLC003;Rauminhalt
31121;Statistik der Baufertigstellungen;JAHR;Jahr;2025;DLAND;Bundesländer;09;Bayern;BAUGB2;Gebäudeart;GBD-NW;Nichtwohngebäude;GSSZL1;Geschosszahl;VOLLGSS-03;3 Vollgeschosse;810;1000 qm;FLC002;Nutzfläche
31121;Statistik der Baufertigstellungen;JAHR;Jahr;2025;DLAND;Bundesländer;03;Niedersachsen;BAUGB2;Gebäudeart;GBD-W;Wohngebäude;GSSZL1;Geschosszahl;VOLLGSS-03;3 Vollgeschosse;103;1000 qm;FLC014;Wohnfläche der Wohnungen
31121;Statistik der Baufertigstellungen;JAHR;Jahr;2025;DLAND;Bundesländer;03;Niedersachsen;BAUGB2;Gebäudeart;GBD-W;Wohngebäude;GSSZL1;Geschosszahl;VOLLGSS-03;3 Vollgeschosse;1351;Anzahl;WOHN01;Wohnungen
31121;Statistik der Baufertigstellungen;JAHR;Jahr;2025;DLAND;Bundesländer;03;Niedersachsen;BAUGB2;Gebäudeart;GBD-W;Wohngebäude;GSSZL1;Geschosszahl;VOLLGSS-03;3 Vollgeschosse;116;Anzahl;BAU005;Neue Gebäude
31121;Statistik der Baufertigstellungen;JAHR;Jahr;2025;DLAND;Bundesländer;03;Niedersachsen;BAUGB2;Gebäudeart;GBD-W;Wohngebäude;GSSZL1;Geschosszahl;VOLLGSS-03;3 Vollgeschosse;180178;Tsd. EUR;VKB001;Veranschlagte Kosten des Bauwerks
31121;Statistik der Baufertigstellungen;JAHR;Jahr;2025;DLAND;Bundesländer;03;Niedersachsen;BAUGB2;Gebäudeart;GBD-W;Wohngebäude;GSSZL1;Geschosszahl;VOLLGSS-03;3 Vollgeschosse;553;1000 cbm;FLC003;Rauminhalt
31121;Statistik der Baufertigstellungen;JAHR;Jahr;2025;DLAND;Bundesländer;03;Niedersachsen;BAUGB2;Gebäudeart;GBD-W;Wohngebäude;GSSZL1;Geschosszahl;VOLLGSS-03;3 Vollgeschosse;33;1000 qm;FLC002;Nutzfläche
31121;Statistik der Baufertigstellungen;JAHR;Jahr;2025;DLAND;Bundesländer;07;Rheinland-Pfalz;BAUGB2;Gebäudeart;GBD-NW;Nichtwohngebäude;GSSZL1;Geschosszahl;VOLLGSS-06-07;6-7 Vollgeschosse;4;1000 qm;FLC014;Wohnfläche der Wohnungen
31121;Statistik der Baufertigstellungen;JAHR;Jahr;2025;DLAND;Bundesländer;07;Rheinland-Pfalz;BAUGB2;Gebäudeart;GBD-NW;Nichtwohngebäude;GSSZL1;Geschosszahl;VOLLGSS-06-07;6-7 Vollgeschosse;132;Anzahl;WOHN01;Wohnungen
31121;Statistik der Baufertigstellungen;JAHR;Jahr;2025;DLAND;Bundesländer;07;Rheinland-Pfalz;BAUGB2;Gebäudeart;GBD-NW;Nichtwohngebäude;GSSZL1;Geschosszahl;VOLLGSS-06-07;6-7 Vollgeschosse;6;Anzahl;BAU005;Neue Gebäude
31121;Statistik der Baufertigstellungen;JAHR;Jahr;2025;DLAND;Bundesländer;07;Rheinland-Pfalz;BAUGB2;Gebäudeart;GBD-NW;Nichtwohngebäude;GSSZL1;Geschosszahl;VOLLGSS-06-07;6-7 Vollgeschosse;164664;Tsd. EUR;VKB001;Veranschlagte Kosten des Bauwerks
31121;Statistik der Baufertigstellungen;JAHR;Jahr;2025;DLAND;Bundesländer;07;Rheinland-Pfalz;BAUGB2;Gebäudeart;GBD-NW;Nichtwohngebäude;GSSZL1;Geschosszahl;VOLLGSS-06-07;6-7 Vollgeschosse;362;1000 cbm;FLC003;Rauminhalt
31121;Statistik der Baufertigstellungen;JAHR;Jahr;2025;DLAND;Bundesländer;07;Rheinland-Pfalz;BAUGB2;Gebäudeart;GBD-NW;Nichtwohngebäude;GSSZL1;Geschosszahl;VOLLGSS-06-07;6-7 Vollgeschosse;40;1000 qm;FLC002;Nutzfläche
31121;Statistik der Baufertigstellungen;JAHR;Jahr;2025;DLAND;Bundesländer;02;Hamburg;BAUGB2;Gebäudeart;GBD-W;Wohngebäude;GSSZL1;Geschosszahl;VOLLGSS-01;1 Vollgeschoss;51;1000 qm;FLC014;Wohnfläche der Wohnungen
31121;Statistik der Baufertigstellungen;JAHR;Jahr;2025;DLAND;Bundesländer;02;Hamburg;BAUGB2;Gebäudeart;GBD-W;Wohngebäude;GSSZL1;Geschosszahl;VOLLGSS-01;1 Vollgeschoss;420;Anzahl;WOHN01;Wohnungen
31121;Statistik der Baufertigstellungen;JAHR;Jahr;2025;DLAND;Bundesländer;02;Hamburg;BAUGB2;Gebäudeart;GBD-W;Wohngebäude;GSSZL1;Geschosszahl;VOLLGSS-01;1 Vollgeschoss;297;Anzahl;BAU005;Neue Gebäude
31121;Statistik der Baufertigstellungen;JAHR;Jahr;2025;DLAND;Bundesländer;02;Hamburg;BAUGB2;Gebäudeart;GBD-W;Wohngebäude;GSSZL1;Geschosszahl;VOLLGSS-01;1 Vollgeschoss;119131;Tsd. EUR;VKB001;Veranschlagte Kosten des Bauwerks
31121;Statistik der Baufertigstellungen;JAHR;Jahr;2025;DLAND;Bundesländer;02;Hamburg;BAUGB2;Gebäudeart;GBD-W;Wohngebäude;GSSZL1;Geschosszahl;VOLLGSS-01;1 Vollgeschoss;249;1000 cbm;FLC003;Rauminhalt
31121;Statistik der Baufertigstellungen;JAHR;Jahr;2025;DLAND;Bundesländer;02;Hamburg;BAUGB2;Gebäudeart;GBD-W;Wohngebäude;GSSZL1;Geschosszahl;VOLLGSS-01;1 Vollgeschoss;9;1000 qm;FLC002;Nutzfläche
31121;Statistik der Baufertigstellungen;JAHR;Jahr;2025;DLAND;Bundesländer;03;Niedersachsen;BAUGB2;Gebäudeart;GBD-NW;Nichtwohngebäude;GSSZL1;Geschosszahl;VOLLGSS-04-05;4-5 Vollgeschosse;0;1000 qm;FLC014;Wohnfläche der Wohnungen
31121;Statistik der Baufertigstellungen;JAHR;Jahr;2025;DLAND;Bundesländer;03;Niedersachsen;BAUGB2;Gebäudeart;GBD-NW;Nichtwohngebäude;GSSZL1;Geschosszahl;VOLLGSS-04-05;4-5 Vollgeschosse;6;Anzahl;WOHN01;Wohnungen
31121;Statistik der Baufertigstellungen;JAHR;Jahr;2025;DLAND;Bundesländer;03;Niedersachsen;BAUGB2;Gebäudeart;GBD-NW;Nichtwohngebäude;GSSZL1;Geschosszahl;VOLLGSS-04-05;4-5 Vollgeschosse;18;Anzahl;BAU005;Neue Gebäude
31121;Statistik der Baufertigstellungen;JAHR;Jahr;2025;DLAND;Bundesländer;03;Niedersachsen;BAUGB2;Gebäudeart;GBD-NW;Nichtwohngebäude;GSSZL1;Geschosszahl;VOLLGSS-04-05;4-5 Vollgeschosse;134958;Tsd. EUR;VKB001;Veranschlagte Kosten des Bauwerks
31121;Statistik der Baufertigstellungen;JAHR;Jahr;2025;DLAND;Bundesländer;03;Niedersachsen;BAUGB2;Gebäudeart;GBD-NW;Nichtwohngebäude;GSSZL1;Geschosszahl;VOLLGSS-04-05;4-5 Vollgeschosse;480;1000 cbm;FLC003;Rauminhalt
31121;Statistik der Baufertigstellungen;JAHR;Jahr;2025;DLAND;Bundesländer;03;Niedersachsen;BAUGB2;Gebäudeart;GBD-NW;Nichtwohngebäude;GSSZL1;Geschosszahl;VOLLGSS-04-05;4-5 Vollgeschosse;78;1000 qm;FLC002;Nutzfläche
31121;Statistik der Baufertigstellungen;JAHR;Jahr;2025;DLAND;Bundesländer;07;Rheinland-Pfalz;BAUGB2;Gebäudeart;GBD-W-NW;Wohn- und Nichtwohngebäude;GSSZL1;Geschosszahl;VOLLGSS-04-05;4-5 Vollgeschosse;66;1000 qm;FLC014;Wohnfläche der Wohnungen
31121;Statistik der Baufertigstellungen;JAHR;Jahr;2025;DLAND;Bundesländer;07;Rheinland-Pfalz;BAUGB2;Gebäudeart;GBD-W-NW;Wohn- und Nichtwohngebäude;GSSZL1;Geschosszahl;VOLLGSS-04-05;4-5 Vollgeschosse;993;Anzahl;WOHN01;Wohnungen
31121;Statistik der Baufertigstellungen;JAHR;Jahr;2025;DLAND;Bundesländer;07;Rheinland-Pfalz;BAUGB2;Gebäudeart;GBD-W-NW;Wohn- und Nichtwohngebäude;GSSZL1;Geschosszahl;VOLLGSS-04-05;4-5 Vollgeschosse;54;Anzahl;BAU005;Neue Gebäude
31121;Statistik der Baufertigstellungen;JAHR;Jahr;2025;DLAND;Bundesländer;07;Rheinland-Pfalz;BAUGB2;Gebäudeart;GBD-W-NW;Wohn- und Nichtwohngebäude;GSSZL1;Geschosszahl;VOLLGSS-04-05;4-5 Vollgeschosse;297326;Tsd. EUR;VKB001;Veranschlagte Kosten des Bauwerks
31121;Statistik der Baufertigstellungen;JAHR;Jahr;2025;DLAND;Bundesländer;07;Rheinland-Pfalz;BAUGB2;Gebäudeart;GBD-W-NW;Wohn- und Nichtwohngebäude;GSSZL1;Geschosszahl;VOLLGSS-04-05;4-5 Vollgeschosse;699;1000 cbm;FLC003;Rauminhalt
31121;Statistik der Baufertigstellungen;JAHR;Jahr;2025;DLAND;Bundesländer;07;Rheinland-Pfalz;BAUGB2;Gebäudeart;GBD-W-NW;Wohn- und Nichtwohngebäude;GSSZL1;Geschosszahl;VOLLGSS-04-05;4-5 Vollgeschosse;81;1000 qm;FLC002;Nutzfläche
31121;Statistik der Baufertigstellungen;JAHR;Jahr;2025;DLAND;Bundesländer;07;Rheinland-Pfalz;BAUGB2;Gebäudeart;GBD-W;Wohngebäude;GSSZL1;Geschosszahl;VOLLGSS-08-12;8-12 Vollgeschosse;3;1000 qm;FLC014;Wohnfläche der Wohnungen
31121;Statistik der Baufertigstellungen;JAHR;Jahr;2025;DLAND;Bundesländer;07;Rheinland-Pfalz;BAUGB2;Gebäudeart;GBD-W;Wohngebäude;GSSZL1;Geschosszahl;VOLLGSS-08-12;8-12 Vollgeschosse;61;Anzahl;WOHN01;Wohnungen
31121;Statistik der Baufertigstellungen;JAHR;Jahr;2025;DLAND;Bundesländer;07;Rheinland-Pfalz;BAUGB2;Gebäudeart;GBD-W;Wohngebäude;GSSZL1;Geschosszahl;VOLLGSS-08-12;8-12 Vollgeschosse;1;Anzahl;BAU005;Neue Gebäude
31121;Statistik der Baufertigstellungen;JAHR;Jahr;2025;DLAND;Bundesländer;07;Rheinland-Pfalz;BAUGB2;Gebäudeart;GBD-W;Wohngebäude;GSSZL1;Geschosszahl;VOLLGSS-08-12;8-12 Vollgeschosse;4900;Tsd. EUR;VKB001;Veranschlagte Kosten des Bauwerks
31121;Statistik der Baufertigstellungen;JAHR;Jahr;2025;DLAND;Bundesländer;07;Rheinland-Pfalz;BAUGB2;Gebäudeart;GBD-W;Wohngebäude;GSSZL1;Geschosszahl;VOLLGSS-08-12;8-12 Vollgeschosse;14;1000 cbm;FLC003;Rauminhalt
31121;Statistik der Baufertigstellungen;JAHR;Jahr;2025;DLAND;Bundesländer;07;Rheinland-Pfalz;BAUGB2;Gebäudeart;GBD-W;Wohngebäude;GSSZL1;Geschosszahl;VOLLGSS-08-12;8-12 Vollgeschosse;0;1000 qm;FLC002;Nutzfläche
31121;Statistik der Baufertigstellungen;JAHR;Jahr;2025;DLAND;Bundesländer;02;Hamburg;BAUGB2;Gebäudeart;GBD-W-NW;Wohn- und Nichtwohngebäude;GSSZL1;Geschosszahl;VOLLGSS-06-07;6-7 Vollgeschosse;72;1000 qm;FLC014;Wohnfläche der Wohnungen
31121;Statistik der Baufertigstellungen;JAHR;Jahr;2025;DLAND;Bundesländer;02;Hamburg;BAUGB2;Gebäudeart;GBD-W-NW;Wohn- und Nichtwohngebäude;GSSZL1;Geschosszahl;VOLLGSS-06-07;6-7 Vollgeschosse;1098;Anzahl;WOHN01;Wohnungen
31121;Statistik der Baufertigstellungen;JAHR;Jahr;2025;DLAND;Bundesländer;02;Hamburg;BAUGB2;Gebäudeart;GBD-W-NW;Wohn- und Nichtwohngebäude;GSSZL1;Geschosszahl;VOLLGSS-06-07;6-7 Vollgeschosse;67;Anzahl;BAU005;Neue Gebäude
31121;Statistik der Baufertigstellungen;JAHR;Jahr;2025;DLAND;Bundesländer;02;Hamburg;BAUGB2;Gebäudeart;GBD-W-NW;Wohn- und Nichtwohngebäude;GSSZL1;Geschosszahl;VOLLGSS-06-07;6-7 Vollgeschosse;367898;Tsd. EUR;VKB001;Veranschlagte Kosten des Bauwerks
31121;Statistik der Baufertigstellungen;JAHR;Jahr;2025;DLAND;Bundesländer;02;Hamburg;BAUGB2;Gebäudeart;GBD-W-NW;Wohn- und Nichtwohngebäude;GSSZL1;Geschosszahl;VOLLGSS-06-07;6-7 Vollgeschosse;912;1000 cbm;FLC003;Rauminhalt
31121;Statistik der Baufertigstellungen;JAHR;Jahr;2025;DLAND;Bundesländer;02;Hamburg;BAUGB2;Gebäudeart;GBD-W-NW;Wohn- und Nichtwohngebäude;GSSZL1;Geschosszahl;VOLLGSS-06-07;6-7 Vollgeschosse;104;1000 qm;FLC002;Nutzfläche
31121;Statistik der Baufertigstellungen;JAHR;Jahr;2025;DLAND;Bundesländer;04;Bremen;BAUGB2;Gebäudeart;GBD-W;Wohngebäude;GSSZL1;Geschosszahl;VOLLGSS-03;3 Vollgeschosse;26;1000 qm;FLC014;Wohnfläche der Wohnungen
31121;Statistik der Baufertigstellungen;JAHR;Jahr;2025;DLAND;Bundesländer;04;Bremen;BAUGB2;Gebäudeart;GBD-W;Wohngebäude;GSSZL1;Geschosszahl;VOLLGSS-03;3 Vollgeschosse;265;Anzahl;WOHN01;Wohnungen
31121;Statistik der Baufertigstellungen;JAHR;Jahr;2025;DLAND;Bundesländer;04;Bremen;BAUGB2;Gebäudeart;GBD-W;Wohngebäude;GSSZL1;Geschosszahl;VOLLGSS-03;3 Vollgeschosse;15;Anzahl;BAU005;Neue Gebäude
31121;Statistik der Baufertigstellungen;JAHR;Jahr;2025;DLAND;Bundesländer;04;Bremen;BAUGB2;Gebäudeart;GBD-W;Wohngebäude;GSSZL1;Geschosszahl;VOLLGSS-03;3 Vollgeschosse;46028;Tsd. EUR;VKB001;Veranschlagte Kosten des Bauwerks
31121;Statistik der Baufertigstellungen;JAHR;Jahr;2025;DLAND;Bundesländer;04;Bremen;BAUGB2;Gebäudeart;GBD-W;Wohngebäude;GSSZL1;Geschosszahl;VOLLGSS-03;3 Vollgeschosse;145;1000 cbm;FLC003;Rauminhalt
31121;Statistik der Baufertigstellungen;JAHR;Jahr;2025;DLAND;Bundesländer;04;Bremen;BAUGB2;Gebäudeart;GBD-W;Wohngebäude;GSSZL1;Geschosszahl;VOLLGSS-03;3 Vollgeschosse;7;1000 qm;FLC002;Nutzfläche
31121;Statistik der Baufertigstellungen;JAHR;Jahr;2025;DLAND;Bundesländer;06;Hessen;BAUGB2;Gebäudeart;GBD-NW;Nichtwohngebäude;GSSZL1;Geschosszahl;VOLLGSS-13UM;13 und mehr Vollgeschosse;-;1000 qm;FLC014;Wohnfläche der Wohnungen
31121;Statistik der Baufertigstellungen;JAHR;Jahr;2025;DLAND;Bundesländer;06;Hessen;BAUGB2;Gebäudeart;GBD-NW;Nichtwohngebäude;GSSZL1;Geschosszahl;VOLLGSS-13UM;13 und mehr Vollgeschosse;-;Anzahl;WOHN01;Wohnungen
31121;Statistik der Baufertigstellungen;JAHR;Jahr;2025;DLAND;Bundesländer;06;Hessen;BAUGB2;Gebäudeart;GBD-NW;Nichtwohngebäude;GSSZL1;Geschosszahl;VOLLGSS-13UM;13 und mehr Vollgeschosse;-;Anzahl;BAU005;Neue Gebäude
31121;Statistik der Baufertigstellungen;JAHR;Jahr;2025;DLAND;Bundesländer;06;Hessen;BAUGB2;Gebäudeart;GBD-NW;Nichtwohngebäude;GSSZL1;Geschosszahl;VOLLGSS-13UM;13 und mehr Vollgeschosse;-;Tsd. EUR;VKB001;Veranschlagte Kosten des Bauwerks
31121;Statistik der Baufertigstellungen;JAHR;Jahr;2025;DLAND;Bundesländer;06;Hessen;BAUGB2;Gebäudeart;GBD-NW;Nichtwohngebäude;GSSZL1;Geschosszahl;VOLLGSS-13UM;13 und mehr Vollgeschosse;-;1000 cbm;FLC003;Rauminhalt
31121;Statistik der Baufertigstellungen;JAHR;Jahr;2025;DLAND;Bundesländer;06;Hessen;BAUGB2;Gebäudeart;GBD-NW;Nichtwohngebäude;GSSZL1;Geschosszahl;VOLLGSS-13UM;13 und mehr Vollgeschosse;-;1000 qm;FLC002;Nutzfläche
31121;Statistik der Baufertigstellungen;JAHR;Jahr;2025;DLAND;Bundesländer;09;Bayern;BAUGB2;Gebäudeart;GBD-W-NW;Wohn- und Nichtwohngebäude;GSSZL1;Geschosszahl;VOLLGSS-03;3 Vollgeschosse;754;1000 qm;FLC014;Wohnfläche der Wohnungen
31121;Statistik der Baufertigstellungen;JAHR;Jahr;2025;DLAND;Bundesländer;09;Bayern;BAUGB2;Gebäudeart;GBD-W-NW;Wohn- und Nichtwohngebäude;GSSZL1;Geschosszahl;VOLLGSS-03;3 Vollgeschosse;10177;Anzahl;WOHN01;Wohnungen
31121;Statistik der Baufertigstellungen;JAHR;Jahr;2025;DLAND;Bundesländer;09;Bayern;BAUGB2;Gebäudeart;GBD-W-NW;Wohn- und Nichtwohngebäude;GSSZL1;Geschosszahl;VOLLGSS-03;3 Vollgeschosse;1613;Anzahl;BAU005;Neue Gebäude
31121;Statistik der Baufertigstellungen;JAHR;Jahr;2025;DLAND;Bundesländer;09;Bayern;BAUGB2;Gebäudeart;GBD-W-NW;Wohn- und Nichtwohngebäude;GSSZL1;Geschosszahl;VOLLGSS-03;3 Vollgeschosse;3955632;Tsd. EUR;VKB001;Veranschlagte Kosten des Bauwerks
31121;Statistik der Baufertigstellungen;JAHR;Jahr;2025;DLAND;Bundesländer;09;Bayern;BAUGB2;Gebäudeart;GBD-W-NW;Wohn- und Nichtwohngebäude;GSSZL1;Geschosszahl;VOLLGSS-03;3 Vollgeschosse;10824;1000 cbm;FLC003;Rauminhalt
31121;Statistik der Baufertigstellungen;JAHR;Jahr;2025;DLAND;Bundesländer;09;Bayern;BAUGB2;Gebäudeart;GBD-W-NW;Wohn- und Nichtwohngebäude;GSSZL1;Geschosszahl;VOLLGSS-03;3 Vollgeschosse;1028;1000 qm;FLC002;Nutzfläche
31121;Statistik der Baufertigstellungen;JAHR;Jahr;2025;DLAND;Bundesländer;13;Mecklenburg-Vorpommern;BAUGB2;Gebäudeart;GBD-W;Wohngebäude;GSSZL1;Geschosszahl;VOLLGSS-01;1 Vollgeschoss;128;1000 qm;FLC014;Wohnfläche der Wohnungen
31121;Statistik der Baufertigstellungen;JAHR;Jahr;2025;DLAND;Bundesländer;13;Mecklenburg-Vorpommern;BAUGB2;Gebäudeart;GBD-W;Wohngebäude;GSSZL1;Geschosszahl;VOLLGSS-01;1 Vollgeschoss;1038;Anzahl;WOHN01;Wohnungen
31121;Statistik der Baufertigstellungen;JAHR;Jahr;2025;DLAND;Bundesländer;13;Mecklenburg-Vorpommern;BAUGB2;Gebäudeart;GBD-W;Wohngebäude;GSSZL1;Geschosszahl;VOLLGSS-01;1 Vollgeschoss;941;Anzahl;BAU005;Neue Gebäude
31121;Statistik der Baufertigstellungen;JAHR;Jahr;2025;DLAND;Bundesländer;13;Mecklenburg-Vorpommern;BAUGB2;Gebäudeart;GBD-W;Wohngebäude;GSSZL1;Geschosszahl;VOLLGSS-01;1 Vollgeschoss;265940;Tsd. EUR;VKB001;Veranschlagte Kosten des Bauwerks
31121;Statistik der Baufertigstellungen;JAHR;Jahr;2025;DLAND;Bundesländer;13;Mecklenburg-Vorpommern;BAUGB2;Gebäudeart;GBD-W;Wohngebäude;GSSZL1;Geschosszahl;VOLLGSS-01;1 Vollgeschoss;660;1000 cbm;FLC003;Rauminhalt
31121;Statistik der Baufertigstellungen;JAHR;Jahr;2025;DLAND;Bundesländer;13;Mecklenburg-Vorpommern;BAUGB2;Gebäudeart;GBD-W;Wohngebäude;GSSZL1;Geschosszahl;VOLLGSS-01;1 Vollgeschoss;16;1000 qm;FLC002;Nutzfläche
31121;Statistik der Baufertigstellungen;JAHR;Jahr;2025;DLAND;Bundesländer;11;Berlin;BAUGB2;Gebäudeart;GBD-W-NW;Wohn- und Nichtwohngebäude;GSSZL1;Geschosszahl;VOLLGSS-08-12;8-12 Vollgeschosse;69;1000 qm;FLC014;Wohnfläche der Wohnungen
31121;Statistik der Baufertigstellungen;JAHR;Jahr;2025;DLAND;Bundesländer;11;Berlin;BAUGB2;Gebäudeart;GBD-W-NW;Wohn- und Nichtwohngebäude;GSSZL1;Geschosszahl;VOLLGSS-08-12;8-12 Vollgeschosse;1126;Anzahl;WOHN01;Wohnungen
31121;Statistik der Baufertigstellungen;JAHR;Jahr;2025;DLAND;Bundesländer;11;Berlin;BAUGB2;Gebäudeart;GBD-W-NW;Wohn- und Nichtwohngebäude;GSSZL1;Geschosszahl;VOLLGSS-08-12;8-12 Vollgeschosse;29;Anzahl;BAU005;Neue Gebäude
31121;Statistik der Baufertigstellungen;JAHR;Jahr;2025;DLAND;Bundesländer;11;Berlin;BAUGB2;Gebäudeart;GBD-W-NW;Wohn- und Nichtwohngebäude;GSSZL1;Geschosszahl;VOLLGSS-08-12;8-12 Vollgeschosse;346151;Tsd. EUR;VKB001;Veranschlagte Kosten des Bauwerks
31121;Statistik der Baufertigstellungen;JAHR;Jahr;2025;DLAND;Bundesländer;11;Berlin;BAUGB2;Gebäudeart;GBD-W-NW;Wohn- und Nichtwohngebäude;GSSZL1;Geschosszahl;VOLLGSS-08-12;8-12 Vollgeschosse;723;1000 cbm;FLC003;Rauminhalt
31121;Statistik der Baufertigstellungen;JAHR;Jahr;2025;DLAND;Bundesländer;11;Berlin;BAUGB2;Gebäudeart;GBD-W-NW;Wohn- und Nichtwohngebäude;GSSZL1;Geschosszahl;VOLLGSS-08-12;8-12 Vollgeschosse;85;1000 qm;FLC002;Nutzfläche
31121;Statistik der Baufertigstellungen;JAHR;Jahr;2025;DLAND;Bundesländer;09;Bayern;BAUGB2;Gebäudeart;GBD-NW;Nichtwohngebäude;GSSZL1;Geschosszahl;VOLLGSS-04-05;4-5 Vollgeschosse;24;1000 qm;FLC014;Wohnfläche der Wohnungen
31121;Statistik der Baufertigstellungen;JAHR;Jahr;2025;DLAND;Bundesländer;09;Bayern;BAUGB2;Gebäudeart;GBD-NW;Nichtwohngebäude;GSSZL1;Geschosszahl;VOLLGSS-04-05;4-5 Vollgeschosse;361;Anzahl;WOHN01;Wohnungen
31121;Statistik der Baufertigstellungen;JAHR;Jahr;2025;DLAND;Bundesländer;09;Bayern;BAUGB2;Gebäudeart;GBD-NW;Nichtwohngebäude;GSSZL1;Geschosszahl;VOLLGSS-04-05;4-5 Vollgeschosse;137;Anzahl;BAU005;Neue Gebäude
31121;Statistik der Baufertigstellungen;JAHR;Jahr;2025;DLAND;Bundesländer;09;Bayern;BAUGB2;Gebäudeart;GBD-NW;Nichtwohngebäude;GSSZL1;Geschosszahl;VOLLGSS-04-05;4-5 Vollgeschosse;2244268;Tsd. EUR;VKB001;Veranschlagte Kosten des Bauwerks
31121;Statistik der Baufertigstellungen;JAHR;Jahr;2025;DLAND;Bundesländer;09;Bayern;BAUGB2;Gebäudeart;GBD-NW;Nichtwohngebäude;GSSZL1;Geschosszahl;VOLLGSS-04-05;4-5 Vollgeschosse;4787;1000 cbm;FLC003;Rauminhalt
31121;Statistik der Baufertigstellungen;JAHR;Jahr;2025;DLAND;Bundesländer;09;Bayern;BAUGB2;Gebäudeart;GBD-NW;Nichtwohngebäude;GSSZL1;Geschosszahl;VOLLGSS-04-05;4-5 Vollgeschosse;650;1000 qm;FLC002;Nutzfläche
31121;Statistik der Baufertigstellungen;JAHR;Jahr;2025;DLAND;Bundesländer;01;Schleswig-Holstein;BAUGB2;Gebäudeart;GBD-NW;Nichtwohngebäude;GSSZL1;Geschosszahl;VOLLGSS-06-07;6-7 Vollgeschosse;-;1000 qm;FLC014;Wohnfläche der Wohnungen
31121;Statistik der Baufertigstellungen;JAHR;Jahr;2025;DLAND;Bundesländer;01;Schleswig-Holstein;BAUGB2;Gebäudeart;GBD-NW;Nichtwohngebäude;GSSZL1;Geschosszahl;VOLLGSS-06-07;6-7 Vollgeschosse;-;Anzahl;WOHN01;Wohnungen
31121;Statistik der Baufertigstellungen;JAHR;Jahr;2025;DLAND;Bundesländer;01;Schleswig-Holstein;BAUGB2;Gebäudeart;GBD-NW;Nichtwohngebäude;GSSZL1;Geschosszahl;VOLLGSS-06-07;6-7 Vollgeschosse;-;Anzahl;BAU005;Neue Gebäude
31121;Statistik der Baufertigstellungen;JAHR;Jahr;2025;DLAND;Bundesländer;01;Schleswig-Holstein;BAUGB2;Gebäudeart;GBD-NW;Nichtwohngebäude;GSSZL1;Geschosszahl;VOLLGSS-06-07;6-7 Vollgeschosse;-;Tsd. EUR;VKB001;Veranschlagte Kosten des Bauwerks
31121;Statistik der Baufertigstellungen;JAHR;Jahr;2025;DLAND;Bundesländer;01;Schleswig-Holstein;BAUGB2;Gebäudeart;GBD-NW;Nichtwohngebäude;GSSZL1;Geschosszahl;VOLLGSS-06-07;6-7 Vollgeschosse;-;1000 cbm;FLC003;Rauminhalt
31121;Statistik der Baufertigstellungen;JAHR;Jahr;2025;DLAND;Bundesländer;01;Schleswig-Holstein;BAUGB2;Gebäudeart;GBD-NW;Nichtwohngebäude;GSSZL1;Geschosszahl;VOLLGSS-06-07;6-7 Vollgeschosse;-;1000 qm;FLC002;Nutzfläche
31121;Statistik der Baufertigstellungen;JAHR;Jahr;2025;DLAND;Bundesländer;02;Hamburg;BAUGB2;Gebäudeart;GBD-NW;Nichtwohngebäude;GSSZL1;Geschosszahl;VOLLGSS-02;2 Vollgeschosse;0;1000 qm;FLC014;Wohnfläche der Wohnungen
31121;Statistik der Baufertigstellungen;JAHR;Jahr;2025;DLAND;Bundesländer;02;Hamburg;BAUGB2;Gebäudeart;GBD-NW;Nichtwohngebäude;GSSZL1;Geschosszahl;VOLLGSS-02;2 Vollgeschosse;1;Anzahl;WOHN01;Wohnungen
31121;Statistik der Baufertigstellungen;JAHR;Jahr;2025;DLAND;Bundesländer;02;Hamburg;BAUGB2;Gebäudeart;GBD-NW;Nichtwohngebäude;GSSZL1;Geschosszahl;VOLLGSS-02;2 Vollgeschosse;11;Anzahl;BAU005;Neue Gebäude
31121;Statistik der Baufertigstellungen;JAHR;Jahr;2025;DLAND;Bundesländer;02;Hamburg;BAUGB2;Gebäudeart;GBD-NW;Nichtwohngebäude;GSSZL1;Geschosszahl;VOLLGSS-02;2 Vollgeschosse;41909;Tsd. EUR;VKB001;Veranschlagte Kosten des Bauwerks
31121;Statistik der Baufertigstellungen;JAHR;Jahr;2025;DLAND;Bundesländer;02;Hamburg;BAUGB2;Gebäudeart;GBD-NW;Nichtwohngebäude;GSSZL1;Geschosszahl;VOLLGSS-02;2 Vollgeschosse;203;1000 cbm;FLC003;Rauminhalt
31121;Statistik der Baufertigstellungen;JAHR;Jahr;2025;DLAND;Bundesländer;02;Hamburg;BAUGB2;Gebäudeart;GBD-NW;Nichtwohngebäude;GSSZL1;Geschosszahl;VOLLGSS-02;2 Vollgeschosse;30;1000 qm;FLC002;Nutzfläche
31121;Statistik der Baufertigstellungen;JAHR;Jahr;2025;DLAND;Bundesländer;10;Saarland;BAUGB2;Gebäudeart;GBD-W-NW;Wohn- und Nichtwohngebäude;GSSZL1;Geschosszahl;VOLLGSS-04-05;4-5 Vollgeschosse;5;1000 qm;FLC014;Wohnfläche der Wohnungen
31121;Statistik der Baufertigstellungen;JAHR;Jahr;2025;DLAND;Bundesländer;10;Saarland;BAUGB2;Gebäudeart;GBD-W-NW;Wohn- und Nichtwohngebäude;GSSZL1;Geschosszahl;VOLLGSS-04-05;4-5 Vollgeschosse;124;Anzahl;WOHN01;Wohnungen
31121;Statistik der Baufertigstellungen;JAHR;Jahr;2025;DLAND;Bundesländer;10;Saarland;BAUGB2;Gebäudeart;GBD-W-NW;Wohn- und Nichtwohngebäude;GSSZL1;Geschosszahl;VOLLGSS-04-05;4-5 Vollgeschosse;5;Anzahl;BAU005;Neue Gebäude
31121;Statistik der Baufertigstellungen;JAHR;Jahr;2025;DLAND;Bundesländer;10;Saarland;BAUGB2;Gebäudeart;GBD-W-NW;Wohn- und Nichtwohngebäude;GSSZL1;Geschosszahl;VOLLGSS-04-05;4-5 Vollgeschosse;11958;Tsd. EUR;VKB001;Veranschlagte Kosten des Bauwerks
31121;Statistik der Baufertigstellungen;JAHR;Jahr;2025;DLAND;Bundesländer;10;Saarland;BAUGB2;Gebäudeart;GBD-W-NW;Wohn- und Nichtwohngebäude;GSSZL1;Geschosszahl;VOLLGSS-04-05;4-5 Vollgeschosse;47;1000 cbm;FLC003;Rauminhalt
31121;Statistik der Baufertigstellungen;JAHR;Jahr;2025;DLAND;Bundesländer;10;Saarland;BAUGB2;Gebäudeart;GBD-W-NW;Wohn- und Nichtwohngebäude;GSSZL1;Geschosszahl;VOLLGSS-04-05;4-5 Vollgeschosse;5;1000 qm;FLC002;Nutzfläche
31121;Statistik der Baufertigstellungen;JAHR;Jahr;2025;DLAND;Bundesländer;03;Niedersachsen;BAUGB2;Gebäudeart;GBD-NW;Nichtwohngebäude;GSSZL1;Geschosszahl;VOLLGSS-08-12;8-12 Vollgeschosse;-;1000 qm;FLC014;Wohnfläche der Wohnungen
31121;Statistik der Baufertigstellungen;JAHR;Jahr;2025;DLAND;Bundesländer;03;Niedersachsen;BAUGB2;Gebäudeart;GBD-NW;Nichtwohngebäude;GSSZL1;Geschosszahl;VOLLGSS-08-12;8-12 Vollgeschosse;-;Anzahl;WOHN01;Wohnungen
31121;Statistik der Baufertigstellungen;JAHR;Jahr;2025;DLAND;Bundesländer;03;Niedersachsen;BAUGB2;Gebäudeart;GBD-NW;Nichtwohngebäude;GSSZL1;Geschosszahl;VOLLGSS-08-12;8-12 Vollgeschosse;-;Anzahl;BAU005;Neue Gebäude
31121;Statistik der Baufertigstellungen;JAHR;Jahr;2025;DLAND;Bundesländer;03;Niedersachsen;BAUGB2;Gebäudeart;GBD-NW;Nichtwohngebäude;GSSZL1;Geschosszahl;VOLLGSS-08-12;8-12 Vollgeschosse;-;Tsd. EUR;VKB001;Veranschlagte Kosten des Bauwerks
31121;Statistik der Baufertigstellungen;JAHR;Jahr;2025;DLAND;Bundesländer;03;Niedersachsen;BAUGB2;Gebäudeart;GBD-NW;Nichtwohngebäude;GSSZL1;Geschosszahl;VOLLGSS-08-12;8-12 Vollgeschosse;-;1000 cbm;FLC003;Rauminhalt
31121;Statistik der Baufertigstellungen;JAHR;Jahr;2025;DLAND;Bundesländer;03;Niedersachsen;BAUGB2;Gebäudeart;GBD-NW;Nichtwohngebäude;GSSZL1;Geschosszahl;VOLLGSS-08-12;8-12 Vollgeschosse;-;1000 qm;FLC002;Nutzfläche
31121;Statistik der Baufertigstellungen;JAHR;Jahr;2025;DLAND;Bundesländer;15;Sachsen-Anhalt;BAUGB2;Gebäudeart;GBD-W-NW;Wohn- und Nichtwohngebäude;GSSZL1;Geschosszahl;VOLLGSS-06-07;6-7 Vollgeschosse;8;1000 qm;FLC014;Wohnfläche der Wohnungen
31121;Statistik der Baufertigstellungen;JAHR;Jahr;2025;DLAND;Bundesländer;15;Sachsen-Anhalt;BAUGB2;Gebäudeart;GBD-W-NW;Wohn- und Nichtwohngebäude;GSSZL1;Geschosszahl;VOLLGSS-06-07;6-7 Vollgeschosse;241;Anzahl;WOHN01;Wohnungen
31121;Statistik der Baufertigstellungen;JAHR;Jahr;2025;DLAND;Bundesländer;15;Sachsen-Anhalt;BAUGB2;Gebäudeart;GBD-W-NW;Wohn- und Nichtwohngebäude;GSSZL1;Geschosszahl;VOLLGSS-06-07;6-7 Vollgeschosse;7;Anzahl;BAU005;Neue Gebäude
31121;Statistik der Baufertigstellungen;JAHR;Jahr;2025;DLAND;Bundesländer;15;Sachsen-Anhalt;BAUGB2;Gebäudeart;GBD-W-NW;Wohn- und Nichtwohngebäude;GSSZL1;Geschosszahl;VOLLGSS-06-07;6-7 Vollgeschosse;41685;Tsd. EUR;VKB001;Veranschlagte Kosten des Bauwerks
31121;Statistik der Baufertigstellungen;JAHR;Jahr;2025;DLAND;Bundesländer;15;Sachsen-Anhalt;BAUGB2;Gebäudeart;GBD-W-NW;Wohn- und Nichtwohngebäude;GSSZL1;Geschosszahl;VOLLGSS-06-07;6-7 Vollgeschosse;107;1000 cbm;FLC003;Rauminhalt
31121;Statistik der Baufertigstellungen;JAHR;Jahr;2025;DLAND;Bundesländer;15;Sachsen-Anhalt;BAUGB2;Gebäudeart;GBD-W-NW;Wohn- und Nichtwohngebäude;GSSZL1;Geschosszahl;VOLLGSS-06-07;6-7 Vollgeschosse;17;1000 qm;FLC002;Nutzfläche
31121;Statistik der Baufertigstellungen;JAHR;Jahr;2025;DLAND;Bundesländer;11;Berlin;BAUGB2;Gebäudeart;GBD-W-NW;Wohn- und Nichtwohngebäude;GSSZL1;Geschosszahl;VOLLGSS-03;3 Vollgeschosse;62;1000 qm;FLC014;Wohnfläche der Wohnungen
31121;Statistik der Baufertigstellungen;JAHR;Jahr;2025;DLAND;Bundesländer;11;Berlin;BAUGB2;Gebäudeart;GBD-W-NW;Wohn- und Nichtwohngebäude;GSSZL1;Geschosszahl;VOLLGSS-03;3 Vollgeschosse;706;Anzahl;WOHN01;Wohnungen
31121;Statistik der Baufertigstellungen;JAHR;Jahr;2025;DLAND;Bundesländer;11;Berlin;BAUGB2;Gebäudeart;GBD-W-NW;Wohn- und Nichtwohngebäude;GSSZL1;Geschosszahl;VOLLGSS-03;3 Vollgeschosse;138;Anzahl;BAU005;Neue Gebäude
31121;Statistik der Baufertigstellungen;JAHR;Jahr;2025;DLAND;Bundesländer;11;Berlin;BAUGB2;Gebäudeart;GBD-W-NW;Wohn- und Nichtwohngebäude;GSSZL1;Geschosszahl;VOLLGSS-03;3 Vollgeschosse;272276;Tsd. EUR;VKB001;Veranschlagte Kosten des Bauwerks
31121;Statistik der Baufertigstellungen;JAHR;Jahr;2025;DLAND;Bundesländer;11;Berlin;BAUGB2;Gebäudeart;GBD-W-NW;Wohn- und Nichtwohngebäude;GSSZL1;Geschosszahl;VOLLGSS-03;3 Vollgeschosse;643;1000 cbm;FLC003;Rauminhalt
31121;Statistik der Baufertigstellungen;JAHR;Jahr;2025;DLAND;Bundesländer;11;Berlin;BAUGB2;Gebäudeart;GBD-W-NW;Wohn- und Nichtwohngebäude;GSSZL1;Geschosszahl;VOLLGSS-03;3 Vollgeschosse;62;1000 qm;FLC002;Nutzfläche
31121;Statistik der Baufertigstellungen;JAHR;Jahr;2025;DLAND;Bundesländer;02;Hamburg;BAUGB2;Gebäudeart;GBD-W-NW;Wohn- und Nichtwohngebäude;GSSZL1;Geschosszahl;VOLLGSS-03;3 Vollgeschosse;47;1000 qm;FLC014;Wohnfläche der Wohnungen
31121;Statistik der Baufertigstellungen;JAHR;Jahr;2025;DLAND;Bundesländer;02;Hamburg;BAUGB2;Gebäudeart;GBD-W-NW;Wohn- und Nichtwohngebäude;GSSZL1;Geschosszahl;VOLLGSS-03;3 Vollgeschosse;704;Anzahl;WOHN01;Wohnungen
31121;Statistik der Baufertigstellungen;JAHR;Jahr;2025;DLAND;Bundesländer;02;Hamburg;BAUGB2;Gebäudeart;GBD-W-NW;Wohn- und Nichtwohngebäude;GSSZL1;Geschosszahl;VOLLGSS-03;3 Vollgeschosse;66;Anzahl;BAU005;Neue Gebäude
31121;Statistik der Baufertigstellungen;JAHR;Jahr;2025;DLAND;Bundesländer;02;Hamburg;BAUGB2;Gebäudeart;GBD-W-NW;Wohn- und Nichtwohngebäude;GSSZL1;Geschosszahl;VOLLGSS-03;3 Vollgeschosse;132770;Tsd. EUR;VKB001;Veranschlagte Kosten des Bauwerks
31121;Statistik der Baufertigstellungen;JAHR;Jahr;2025;DLAND;Bundesländer;02;Hamburg;BAUGB2;Gebäudeart;GBD-W-NW;Wohn- und Nichtwohngebäude;GSSZL1;Geschosszahl;VOLLGSS-03;3 Vollgeschosse;386;1000 cbm;FLC003;Rauminhalt
31121;Statistik der Baufertigstellungen;JAHR;Jahr;2025;DLAND;Bundesländer;02;Hamburg;BAUGB2;Gebäudeart;GBD-W-NW;Wohn- und Nichtwohngebäude;GSSZL1;Geschosszahl;VOLLGSS-03;3 Vollgeschosse;30;1000 qm;FLC002;Nutzfläche
31121;Statistik der Baufertigstellungen;JAHR;Jahr;2025;DLAND;Bundesländer;07;Rheinland-Pfalz;BAUGB2;Gebäudeart;GBD-W-NW;Wohn- und Nichtwohngebäude;GSSZL1;Geschosszahl;VOLLGSS-08-12;8-12 Vollgeschosse;3;1000 qm;FLC014;Wohnfläche der Wohnungen
31121;Statistik der Baufertigstellungen;JAHR;Jahr;2025;DLAND;Bundesländer;07;Rheinland-Pfalz;BAUGB2;Gebäudeart;GBD-W-NW;Wohn- und Nichtwohngebäude;GSSZL1;Geschosszahl;VOLLGSS-08-12;8-12 Vollgeschosse;61;Anzahl;WOHN01;Wohnungen
31121;Statistik der Baufertigstellungen;JAHR;Jahr;2025;DLAND;Bundesländer;07;Rheinland-Pfalz;BAUGB2;Gebäudeart;GBD-W-NW;Wohn- und Nichtwohngebäude;GSSZL1;Geschosszahl;VOLLGSS-08-12;8-12 Vollgeschosse;1;Anzahl;BAU005;Neue Gebäude
31121;Statistik der Baufertigstellungen;JAHR;Jahr;2025;DLAND;Bundesländer;07;Rheinland-Pfalz;BAUGB2;Gebäudeart;GBD-W-NW;Wohn- und Nichtwohngebäude;GSSZL1;Geschosszahl;VOLLGSS-08-12;8-12 Vollgeschosse;4900;Tsd. EUR;VKB001;Veranschlagte Kosten des Bauwerks
31121;Statistik der Baufertigstellungen;JAHR;Jahr;2025;DLAND;Bundesländer;07;Rheinland-Pfalz;BAUGB2;Gebäudeart;GBD-W-NW;Wohn- und Nichtwohngebäude;GSSZL1;Geschosszahl;VOLLGSS-08-12;8-12 Vollgeschosse;14;1000 cbm;FLC003;Rauminhalt
31121;Statistik der Baufertigstellungen;JAHR;Jahr;2025;DLAND;Bundesländer;07;Rheinland-Pfalz;BAUGB2;Gebäudeart;GBD-W-NW;Wohn- und Nichtwohngebäude;GSSZL1;Geschosszahl;VOLLGSS-08-12;8-12 Vollgeschosse;0;1000 qm;FLC002;Nutzfläche
31121;Statistik der Baufertigstellungen;JAHR;Jahr;2025;DLAND;Bundesländer;16;Thüringen;BAUGB2;Gebäudeart;GBD-NW;Nichtwohngebäude;GSSZL1;Geschosszahl;VOLLGSS-02;2 Vollgeschosse;1;1000 qm;FLC014;Wohnfläche der Wohnungen
31121;Statistik der Baufertigstellungen;JAHR;Jahr;2025;DLAND;Bundesländer;16;Thüringen;BAUGB2;Gebäudeart;GBD-NW;Nichtwohngebäude;GSSZL1;Geschosszahl;VOLLGSS-02;2 Vollgeschosse;8;Anzahl;WOHN01;Wohnungen
31121;Statistik der Baufertigstellungen;JAHR;Jahr;2025;DLAND;Bundesländer;16;Thüringen;BAUGB2;Gebäudeart;GBD-NW;Nichtwohngebäude;GSSZL1;Geschosszahl;VOLLGSS-02;2 Vollgeschosse;62;Anzahl;BAU005;Neue Gebäude
31121;Statistik der Baufertigstellungen;JAHR;Jahr;2025;DLAND;Bundesländer;16;Thüringen;BAUGB2;Gebäudeart;GBD-NW;Nichtwohngebäude;GSSZL1;Geschosszahl;VOLLGSS-02;2 Vollgeschosse;72158;Tsd. EUR;VKB001;Veranschlagte Kosten des Bauwerks
31121;Statistik der Baufertigstellungen;JAHR;Jahr;2025;DLAND;Bundesländer;16;Thüringen;BAUGB2;Gebäudeart;GBD-NW;Nichtwohngebäude;GSSZL1;Geschosszahl;VOLLGSS-02;2 Vollgeschosse;298;1000 cbm;FLC003;Rauminhalt
31121;Statistik der Baufertigstellungen;JAHR;Jahr;2025;DLAND;Bundesländer;16;Thüringen;BAUGB2;Gebäudeart;GBD-NW;Nichtwohngebäude;GSSZL1;Geschosszahl;VOLLGSS-02;2 Vollgeschosse;48;1000 qm;FLC002;Nutzfläche
31121;Statistik der Baufertigstellungen;JAHR;Jahr;2025;DLAND;Bundesländer;15;Sachsen-Anhalt;BAUGB2;Gebäudeart;GBD-W;Wohngebäude;GSSZL1;Geschosszahl;VOLLGSS-13UM;13 und mehr Vollgeschosse;-;1000 qm;FLC014;Wohnfläche der Wohnungen
31121;Statistik der Baufertigstellungen;JAHR;Jahr;2025;DLAND;Bundesländer;15;Sachsen-Anhalt;BAUGB2;Gebäudeart;GBD-W;Wohngebäude;GSSZL1;Geschosszahl;VOLLGSS-13UM;13 und mehr Vollgeschosse;-;Anzahl;WOHN01;Wohnungen
31121;Statistik der Baufertigstellungen;JAHR;Jahr;2025;DLAND;Bundesländer;15;Sachsen-Anhalt;BAUGB2;Gebäudeart;GBD-W;Wohngebäude;GSSZL1;Geschosszahl;VOLLGSS-13UM;13 und mehr Vollgeschosse;-;Anzahl;BAU005;Neue Gebäude
31121;Statistik der Baufertigstellungen;JAHR;Jahr;2025;DLAND;Bundesländer;15;Sachsen-Anhalt;BAUGB2;Gebäudeart;GBD-W;Wohngebäude;GSSZL1;Geschosszahl;VOLLGSS-13UM;13 und mehr Vollgeschosse;-;Tsd. EUR;VKB001;Veranschlagte Kosten des Bauwerks
31121;Statistik der Baufertigstellungen;JAHR;Jahr;2025;DLAND;Bundesländer;15;Sachsen-Anhalt;BAUGB2;Gebäudeart;GBD-W;Wohngebäude;GSSZL1;Geschosszahl;VOLLGSS-13UM;13 und mehr Vollgeschosse;-;1000 cbm;FLC003;Rauminhalt
31121;Statistik der Baufertigstellungen;JAHR;Jahr;2025;DLAND;Bundesländer;15;Sachsen-Anhalt;BAUGB2;Gebäudeart;GBD-W;Wohngebäude;GSSZL1;Geschosszahl;VOLLGSS-13UM;13 und mehr Vollgeschosse;-;1000 qm;FLC002;Nutzfläche
31121;Statistik der Baufertigstellungen;JAHR;Jahr;2025;DLAND;Bundesländer;13;Mecklenburg-Vorpommern;BAUGB2;Gebäudeart;GBD-NW;Nichtwohngebäude;GSSZL1;Geschosszahl;VOLLGSS-02;2 Vollgeschosse;1;1000 qm;FLC014;Wohnfläche der Wohnungen
31121;Statistik der Baufertigstellungen;JAHR;Jahr;2025;DLAND;Bundesländer;13;Mecklenburg-Vorpommern;BAUGB2;Gebäudeart;GBD-NW;Nichtwohngebäude;GSSZL1;Geschosszahl;VOLLGSS-02;2 Vollgeschosse;12;Anzahl;WOHN01;Wohnungen
31121;Statistik der Baufertigstellungen;JAHR;Jahr;2025;DLAND;Bundesländer;13;Mecklenburg-Vorpommern;BAUGB2;Gebäudeart;GBD-NW;Nichtwohngebäude;GSSZL1;Geschosszahl;VOLLGSS-02;2 Vollgeschosse;47;Anzahl;BAU005;Neue Gebäude
31121;Statistik der Baufertigstellungen;JAHR;Jahr;2025;DLAND;Bundesländer;13;Mecklenburg-Vorpommern;BAUGB2;Gebäudeart;GBD-NW;Nichtwohngebäude;GSSZL1;Geschosszahl;VOLLGSS-02;2 Vollgeschosse;85225;Tsd. EUR;VKB001;Veranschlagte Kosten des Bauwerks
31121;Statistik der Baufertigstellungen;JAHR;Jahr;2025;DLAND;Bundesländer;13;Mecklenburg-Vorpommern;BAUGB2;Gebäudeart;GBD-NW;Nichtwohngebäude;GSSZL1;Geschosszahl;VOLLGSS-02;2 Vollgeschosse;275;1000 cbm;FLC003;Rauminhalt
31121;Statistik der Baufertigstellungen;JAHR;Jahr;2025;DLAND;Bundesländer;13;Mecklenburg-Vorpommern;BAUGB2;Gebäudeart;GBD-NW;Nichtwohngebäude;GSSZL1;Geschosszahl;VOLLGSS-02;2 Vollgeschosse;47;1000 qm;FLC002;Nutzfläche
31121;Statistik der Baufertigstellungen;JAHR;Jahr;2025;DLAND;Bundesländer;11;Berlin;BAUGB2;Gebäudeart;GBD-NW;Nichtwohngebäude;GSSZL1;Geschosszahl;VOLLGSS-02;2 Vollgeschosse;0;1000 qm;FLC014;Wohnfläche der Wohnungen
31121;Statistik der Baufertigstellungen;JAHR;Jahr;2025;DLAND;Bundesländer;11;Berlin;BAUGB2;Gebäudeart;GBD-NW;Nichtwohngebäude;GSSZL1;Geschosszahl;VOLLGSS-02;2 Vollgeschosse;2;Anzahl;WOHN01;Wohnungen
31121;Statistik der Baufertigstellungen;JAHR;Jahr;2025;DLAND;Bundesländer;11;Berlin;BAUGB2;Gebäudeart;GBD-NW;Nichtwohngebäude;GSSZL1;Geschosszahl;VOLLGSS-02;2 Vollgeschosse;33;Anzahl;BAU005;Neue Gebäude
31121;Statistik der Baufertigstellungen;JAHR;Jahr;2025;DLAND;Bundesländer;11;Berlin;BAUGB2;Gebäudeart;GBD-NW;Nichtwohngebäude;GSSZL1;Geschosszahl;VOLLGSS-02;2 Vollgeschosse;129725;Tsd. EUR;VKB001;Veranschlagte Kosten des Bauwerks
31121;Statistik der Baufertigstellungen;JAHR;Jahr;2025;DLAND;Bundesländer;11;Berlin;BAUGB2;Gebäudeart;GBD-NW;Nichtwohngebäude;GSSZL1;Geschosszahl;VOLLGSS-02;2 Vollgeschosse;354;1000 cbm;FLC003;Rauminhalt
31121;Statistik der Baufertigstellungen;JAHR;Jahr;2025;DLAND;Bundesländer;11;Berlin;BAUGB2;Gebäudeart;GBD-NW;Nichtwohngebäude;GSSZL1;Geschosszahl;VOLLGSS-02;2 Vollgeschosse;47;1000 qm;FLC002;Nutzfläche
31121;Statistik der Baufertigstellungen;JAHR;Jahr;2025;DLAND;Bundesländer;12;Brandenburg;BAUGB2;Gebäudeart;GBD-NW;Nichtwohngebäude;GSSZL1;Geschosszahl;VOLLGSS-02;2 Vollgeschosse;1;1000 qm;FLC014;Wohnfläche der Wohnungen
31121;Statistik der Baufertigstellungen;JAHR;Jahr;2025;DLAND;Bundesländer;12;Brandenburg;BAUGB2;Gebäudeart;GBD-NW;Nichtwohngebäude;GSSZL1;Geschosszahl;VOLLGSS-02;2 Vollgeschosse;16;Anzahl;WOHN01;Wohnungen
31121;Statistik der Baufertigstellungen;JAHR;Jahr;2025;DLAND;Bundesländer;12;Brandenburg;BAUGB2;Gebäudeart;GBD-NW;Nichtwohngebäude;GSSZL1;Geschosszahl;VOLLGSS-02;2 Vollgeschosse;87;Anzahl;BAU005;Neue Gebäude
31121;Statistik der Baufertigstellungen;JAHR;Jahr;2025;DLAND;Bundesländer;12;Brandenburg;BAUGB2;Gebäudeart;GBD-NW;Nichtwohngebäude;GSSZL1;Geschosszahl;VOLLGSS-02;2 Vollgeschosse;165171;Tsd. EUR;VKB001;Veranschlagte Kosten des Bauwerks
31121;Statistik der Baufertigstellungen;JAHR;Jahr;2025;DLAND;Bundesländer;12;Brandenburg;BAUGB2;Gebäudeart;GBD-NW;Nichtwohngebäude;GSSZL1;Geschosszahl;VOLLGSS-02;2 Vollgeschosse;1613;1000 cbm;FLC003;Rauminhalt
31121;Statistik der Baufertigstellungen;JAHR;Jahr;2025;DLAND;Bundesländer;12;Brandenburg;BAUGB2;Gebäudeart;GBD-NW;Nichtwohngebäude;GSSZL1;Geschosszahl;VOLLGSS-02;2 Vollgeschosse;170;1000 qm;FLC002;Nutzfläche
31121;Statistik der Baufertigstellungen;JAHR;Jahr;2025;DLAND;Bundesländer;01;Schleswig-Holstein;BAUGB2;Gebäudeart;GBD-W-NW;Wohn- und Nichtwohngebäude;GSSZL1;Geschosszahl;VOLLGSS-13UM;13 und mehr Vollgeschosse;-;1000 qm;FLC014;Wohnfläche der Wohnungen
31121;Statistik der Baufertigstellungen;JAHR;Jahr;2025;DLAND;Bundesländer;01;Schleswig-Holstein;BAUGB2;Gebäudeart;GBD-W-NW;Wohn- und Nichtwohngebäude;GSSZL1;Geschosszahl;VOLLGSS-13UM;13 und mehr Vollgeschosse;-;Anzahl;WOHN01;Wohnungen
31121;Statistik der Baufertigstellungen;JAHR;Jahr;2025;DLAND;Bundesländer;01;Schleswig-Holstein;BAUGB2;Gebäudeart;GBD-W-NW;Wohn- und Nichtwohngebäude;GSSZL1;Geschosszahl;VOLLGSS-13UM;13 und mehr Vollgeschosse;-;Anzahl;BAU005;Neue Gebäude
31121;Statistik der Baufertigstellungen;JAHR;Jahr;2025;DLAND;Bundesländer;01;Schleswig-Holstein;BAUGB2;Gebäudeart;GBD-W-NW;Wohn- und Nichtwohngebäude;GSSZL1;Geschosszahl;VOLLGSS-13UM;13 und mehr Vollgeschosse;-;Tsd. EUR;VKB001;Veranschlagte Kosten des Bauwerks
31121;Statistik der Baufertigstellungen;JAHR;Jahr;2025;DLAND;Bundesländer;01;Schleswig-Holstein;BAUGB2;Gebäudeart;GBD-W-NW;Wohn- und Nichtwohngebäude;GSSZL1;Geschosszahl;VOLLGSS-13UM;13 und mehr Vollgeschosse;-;1000 cbm;FLC003;Rauminhalt
31121;Statistik der Baufertigstellungen;JAHR;Jahr;2025;DLAND;Bundesländer;01;Schleswig-Holstein;BAUGB2;Gebäudeart;GBD-W-NW;Wohn- und Nichtwohngebäude;GSSZL1;Geschosszahl;VOLLGSS-13UM;13 und mehr Vollgeschosse;-;1000 qm;FLC002;Nutzfläche
31121;Statistik der Baufertigstellungen;JAHR;Jahr;2025;DLAND;Bundesländer;11;Berlin;BAUGB2;Gebäudeart;GBD-W;Wohngebäude;GSSZL1;Geschosszahl;VOLLGSS-04-05;4-5 Vollgeschosse;212;1000 qm;FLC014;Wohnfläche der Wohnungen
31121;Statistik der Baufertigstellungen;JAHR;Jahr;2025;DLAND;Bundesländer;11;Berlin;BAUGB2;Gebäudeart;GBD-W;Wohngebäude;GSSZL1;Geschosszahl;VOLLGSS-04-05;4-5 Vollgeschosse;3433;Anzahl;WOHN01;Wohnungen
31121;Statistik der Baufertigstellungen;JAHR;Jahr;2025;DLAND;Bundesländer;11;Berlin;BAUGB2;Gebäudeart;GBD-W;Wohngebäude;GSSZL1;Geschosszahl;VOLLGSS-04-05;4-5 Vollgeschosse;173;Anzahl;BAU005;Neue Gebäude
31121;Statistik der Baufertigstellungen;JAHR;Jahr;2025;DLAND;Bundesländer;11;Berlin;BAUGB2;Gebäudeart;GBD-W;Wohngebäude;GSSZL1;Geschosszahl;VOLLGSS-04-05;4-5 Vollgeschosse;460301;Tsd. EUR;VKB001;Veranschlagte Kosten des Bauwerks
31121;Statistik der Baufertigstellungen;JAHR;Jahr;2025;DLAND;Bundesländer;11;Berlin;BAUGB2;Gebäudeart;GBD-W;Wohngebäude;GSSZL1;Geschosszahl;VOLLGSS-04-05;4-5 Vollgeschosse;1032;1000 cbm;FLC003;Rauminhalt
31121;Statistik der Baufertigstellungen;JAHR;Jahr;2025;DLAND;Bundesländer;11;Berlin;BAUGB2;Gebäudeart;GBD-W;Wohngebäude;GSSZL1;Geschosszahl;VOLLGSS-04-05;4-5 Vollgeschosse;32;1000 qm;FLC002;Nutzfläche
31121;Statistik der Baufertigstellungen;JAHR;Jahr;2025;DLAND;Bundesländer;07;Rheinland-Pfalz;BAUGB2;Gebäudeart;GBD-W;Wohngebäude;GSSZL1;Geschosszahl;VOLLGSS-06-07;6-7 Vollgeschosse;22;1000 qm;FLC014;Wohnfläche der Wohnungen
31121;Statistik der Baufertigstellungen;JAHR;Jahr;2025;DLAND;Bundesländer;07;Rheinland-Pfalz;BAUGB2;Gebäudeart;GBD-W;Wohngebäude;GSSZL1;Geschosszahl;VOLLGSS-06-07;6-7 Vollgeschosse;543;Anzahl;WOHN01;Wohnungen
31121;Statistik der Baufertigstellungen;JAHR;Jahr;2025;DLAND;Bundesländer;07;Rheinland-Pfalz;BAUGB2;Gebäudeart;GBD-W;Wohngebäude;GSSZL1;Geschosszahl;VOLLGSS-06-07;6-7 Vollgeschosse;7;Anzahl;BAU005;Neue Gebäude
31121;Statistik der Baufertigstellungen;JAHR;Jahr;2025;DLAND;Bundesländer;07;Rheinland-Pfalz;BAUGB2;Gebäudeart;GBD-W;Wohngebäude;GSSZL1;Geschosszahl;VOLLGSS-06-07;6-7 Vollgeschosse;69712;Tsd. EUR;VKB001;Veranschlagte Kosten des Bauwerks
31121;Statistik der Baufertigstellungen;JAHR;Jahr;2025;DLAND;Bundesländer;07;Rheinland-Pfalz;BAUGB2;Gebäudeart;GBD-W;Wohngebäude;GSSZL1;Geschosszahl;VOLLGSS-06-07;6-7 Vollgeschosse;127;1000 cbm;FLC003;Rauminhalt
31121;Statistik der Baufertigstellungen;JAHR;Jahr;2025;DLAND;Bundesländer;07;Rheinland-Pfalz;BAUGB2;Gebäudeart;GBD-W;Wohngebäude;GSSZL1;Geschosszahl;VOLLGSS-06-07;6-7 Vollgeschosse;1;1000 qm;FLC002;Nutzfläche
31121;Statistik der Baufertigstellungen;JAHR;Jahr;2025;DLAND;Bundesländer;10;Saarland;BAUGB2;Gebäudeart;GBD-NW;Nichtwohngebäude;GSSZL1;Geschosszahl;VOLLGSS-02;2 Vollgeschosse;0;1000 qm;FLC014;Wohnfläche der Wohnungen
31121;Statistik der Baufertigstellungen;JAHR;Jahr;2025;DLAND;Bundesländer;10;Saarland;BAUGB2;Gebäudeart;GBD-NW;Nichtwohngebäude;GSSZL1;Geschosszahl;VOLLGSS-02;2 Vollgeschosse;4;Anzahl;WOHN01;Wohnungen
31121;Statistik der Baufertigstellungen;JAHR;Jahr;2025;DLAND;Bundesländer;10;Saarland;BAUGB2;Gebäudeart;GBD-NW;Nichtwohngebäude;GSSZL1;Geschosszahl;VOLLGSS-02;2 Vollgeschosse;23;Anzahl;BAU005;Neue Gebäude
31121;Statistik der Baufertigstellungen;JAHR;Jahr;2025;DLAND;Bundesländer;10;Saarland;BAUGB2;Gebäudeart;GBD-NW;Nichtwohngebäude;GSSZL1;Geschosszahl;VOLLGSS-02;2 Vollgeschosse;49108;Tsd. EUR;VKB001;Veranschlagte Kosten des Bauwerks
31121;Statistik der Baufertigstellungen;JAHR;Jahr;2025;DLAND;Bundesländer;10;Saarland;BAUGB2;Gebäudeart;GBD-NW;Nichtwohngebäude;GSSZL1;Geschosszahl;VOLLGSS-02;2 Vollgeschosse;282;1000 cbm;FLC003;Rauminhalt
31121;Statistik der Baufertigstellungen;JAHR;Jahr;2025;DLAND;Bundesländer;10;Saarland;BAUGB2;Gebäudeart;GBD-NW;Nichtwohngebäude;GSSZL1;Geschosszahl;VOLLGSS-02;2 Vollgeschosse;38;1000 qm;FLC002;Nutzfläche
31121;Statistik der Baufertigstellungen;JAHR;Jahr;2025;DLAND;Bundesländer;13;Mecklenburg-Vorpommern;BAUGB2;Gebäudeart;GBD-NW;Nichtwohngebäude;GSSZL1;Geschosszahl;VOLLGSS-08-12;8-12 Vollgeschosse;-;1000 qm;FLC014;Wohnfläche der Wohnungen
31121;Statistik der Baufertigstellungen;JAHR;Jahr;2025;DLAND;Bundesländer;13;Mecklenburg-Vorpommern;BAUGB2;Gebäudeart;GBD-NW;Nichtwohngebäude;GSSZL1;Geschosszahl;VOLLGSS-08-12;8-12 Vollgeschosse;-;Anzahl;WOHN01;Wohnungen
31121;Statistik der Baufertigstellungen;JAHR;Jahr;2025;DLAND;Bundesländer;13;Mecklenburg-Vorpommern;BAUGB2;Gebäudeart;GBD-NW;Nichtwohngebäude;GSSZL1;Geschosszahl;VOLLGSS-08-12;8-12 Vollgeschosse;-;Anzahl;BAU005;Neue Gebäude
31121;Statistik der Baufertigstellungen;JAHR;Jahr;2025;DLAND;Bundesländer;13;Mecklenburg-Vorpommern;BAUGB2;Gebäudeart;GBD-NW;Nichtwohngebäude;GSSZL1;Geschosszahl;VOLLGSS-08-12;8-12 Vollgeschosse;-;Tsd. EUR;VKB001;Veranschlagte Kosten des Bauwerks
31121;Statistik der Baufertigstellungen;JAHR;Jahr;2025;DLAND;Bundesländer;13;Mecklenburg-Vorpommern;BAUGB2;Gebäudeart;GBD-NW;Nichtwohngebäude;GSSZL1;Geschosszahl;VOLLGSS-08-12;8-12 Vollgeschosse;-;1000 cbm;FLC003;Rauminhalt
31121;Statistik der Baufertigstellungen;JAHR;Jahr;2025;DLAND;Bundesländer;13;Mecklenburg-Vorpommern;BAUGB2;Gebäudeart;GBD-NW;Nichtwohngebäude;GSSZL1;Geschosszahl;VOLLGSS-08-12;8-12 Vollgeschosse;-;1000 qm;FLC002;Nutzfläche
31121;Statistik der Baufertigstellungen;JAHR;Jahr;2025;DLAND;Bundesländer;14;Sachsen;BAUGB2;Gebäudeart;GBD-W;Wohngebäude;GSSZL1;Geschosszahl;VOLLGSS-13UM;13 und mehr Vollgeschosse;3;1000 qm;FLC014;Wohnfläche der Wohnungen
31121;Statistik der Baufertigstellungen;JAHR;Jahr;2025;DLAND;Bundesländer;14;Sachsen;BAUGB2;Gebäudeart;GBD-W;Wohngebäude;GSSZL1;Geschosszahl;VOLLGSS-13UM;13 und mehr Vollgeschosse;46;Anzahl;WOHN01;Wohnungen
31121;Statistik der Baufertigstellungen;JAHR;Jahr;2025;DLAND;Bundesländer;14;Sachsen;BAUGB2;Gebäudeart;GBD-W;Wohngebäude;GSSZL1;Geschosszahl;VOLLGSS-13UM;13 und mehr Vollgeschosse;1;Anzahl;BAU005;Neue Gebäude
31121;Statistik der Baufertigstellungen;JAHR;Jahr;2025;DLAND;Bundesländer;14;Sachsen;BAUGB2;Gebäudeart;GBD-W;Wohngebäude;GSSZL1;Geschosszahl;VOLLGSS-13UM;13 und mehr Vollgeschosse;4300;Tsd. EUR;VKB001;Veranschlagte Kosten des Bauwerks
31121;Statistik der Baufertigstellungen;JAHR;Jahr;2025;DLAND;Bundesländer;14;Sachsen;BAUGB2;Gebäudeart;GBD-W;Wohngebäude;GSSZL1;Geschosszahl;VOLLGSS-13UM;13 und mehr Vollgeschosse;14;1000 cbm;FLC003;Rauminhalt
31121;Statistik der Baufertigstellungen;JAHR;Jahr;2025;DLAND;Bundesländer;14;Sachsen;BAUGB2;Gebäudeart;GBD-W;Wohngebäude;GSSZL1;Geschosszahl;VOLLGSS-13UM;13 und mehr Vollgeschosse;1;1000 qm;FLC002;Nutzfläche
31121;Statistik der Baufertigstellungen;JAHR;Jahr;2025;DLAND;Bundesländer;05;Nordrhein-Westfalen;BAUGB2;Gebäudeart;GBD-NW;Nichtwohngebäude;GSSZL1;Geschosszahl;VOLLGSS-02;2 Vollgeschosse;10;1000 qm;FLC014;Wohnfläche der Wohnungen
31121;Statistik der Baufertigstellungen;JAHR;Jahr;2025;DLAND;Bundesländer;05;Nordrhein-Westfalen;BAUGB2;Gebäudeart;GBD-NW;Nichtwohngebäude;GSSZL1;Geschosszahl;VOLLGSS-02;2 Vollgeschosse;101;Anzahl;WOHN01;Wohnungen
31121;Statistik der Baufertigstellungen;JAHR;Jahr;2025;DLAND;Bundesländer;05;Nordrhein-Westfalen;BAUGB2;Gebäudeart;GBD-NW;Nichtwohngebäude;GSSZL1;Geschosszahl;VOLLGSS-02;2 Vollgeschosse;487;Anzahl;BAU005;Neue Gebäude
31121;Statistik der Baufertigstellungen;JAHR;Jahr;2025;DLAND;Bundesländer;05;Nordrhein-Westfalen;BAUGB2;Gebäudeart;GBD-NW;Nichtwohngebäude;GSSZL1;Geschosszahl;VOLLGSS-02;2 Vollgeschosse;1276376;Tsd. EUR;VKB001;Veranschlagte Kosten des Bauwerks
31121;Statistik der Baufertigstellungen;JAHR;Jahr;2025;DLAND;Bundesländer;05;Nordrhein-Westfalen;BAUGB2;Gebäudeart;GBD-NW;Nichtwohngebäude;GSSZL1;Geschosszahl;VOLLGSS-02;2 Vollgeschosse;6118;1000 cbm;FLC003;Rauminhalt
31121;Statistik der Baufertigstellungen;JAHR;Jahr;2025;DLAND;Bundesländer;05;Nordrhein-Westfalen;BAUGB2;Gebäudeart;GBD-NW;Nichtwohngebäude;GSSZL1;Geschosszahl;VOLLGSS-02;2 Vollgeschosse;847;1000 qm;FLC002;Nutzfläche
31121;Statistik der Baufertigstellungen;JAHR;Jahr;2025;DLAND;Bundesländer;14;Sachsen;BAUGB2;Gebäudeart;GBD-W-NW;Wohn- und Nichtwohngebäude;GSSZL1;Geschosszahl;VOLLGSS-01;1 Vollgeschoss;83;1000 qm;FLC014;Wohnfläche der Wohnungen
31121;Statistik der Baufertigstellungen;JAHR;Jahr;2025;DLAND;Bundesländer;14;Sachsen;BAUGB2;Gebäudeart;GBD-W-NW;Wohn- und Nichtwohngebäude;GSSZL1;Geschosszahl;VOLLGSS-01;1 Vollgeschoss;678;Anzahl;WOHN01;Wohnungen
31121;Statistik der Baufertigstellungen;JAHR;Jahr;2025;DLAND;Bundesländer;14;Sachsen;BAUGB2;Gebäudeart;GBD-W-NW;Wohn- und Nichtwohngebäude;GSSZL1;Geschosszahl;VOLLGSS-01;1 Vollgeschoss;1286;Anzahl;BAU005;Neue Gebäude
31121;Statistik der Baufertigstellungen;JAHR;Jahr;2025;DLAND;Bundesländer;14;Sachsen;BAUGB2;Gebäudeart;GBD-W-NW;Wohn- und Nichtwohngebäude;GSSZL1;Geschosszahl;VOLLGSS-01;1 Vollgeschoss;601100;Tsd. EUR;VKB001;Veranschlagte Kosten des Bauwerks
31121;Statistik der Baufertigstellungen;JAHR;Jahr;2025;DLAND;Bundesländer;14;Sachsen;BAUGB2;Gebäudeart;GBD-W-NW;Wohn- und Nichtwohngebäude;GSSZL1;Geschosszahl;VOLLGSS-01;1 Vollgeschoss;4110;1000 cbm;FLC003;Rauminhalt
31121;Statistik der Baufertigstellungen;JAHR;Jahr;2025;DLAND;Bundesländer;14;Sachsen;BAUGB2;Gebäudeart;GBD-W-NW;Wohn- und Nichtwohngebäude;GSSZL1;Geschosszahl;VOLLGSS-01;1 Vollgeschoss;446;1000 qm;FLC002;Nutzfläche
31121;Statistik der Baufertigstellungen;JAHR;Jahr;2025;DLAND;Bundesländer;04;Bremen;BAUGB2;Gebäudeart;GBD-NW;Nichtwohngebäude;GSSZL1;Geschosszahl;VOLLGSS-02;2 Vollgeschosse;-;1000 qm;FLC014;Wohnfläche der Wohnungen
31121;Statistik der Baufertigstellungen;JAHR;Jahr;2025;DLAND;Bundesländer;04;Bremen;BAUGB2;Gebäudeart;GBD-NW;Nichtwohngebäude;GSSZL1;Geschosszahl;VOLLGSS-02;2 Vollgeschosse;-;Anzahl;WOHN01;Wohnungen
31121;Statistik der Baufertigstellungen;JAHR;Jahr;2025;DLAND;Bundesländer;04;Bremen;BAUGB2;Gebäudeart;GBD-NW;Nichtwohngebäude;GSSZL1;Geschosszahl;VOLLGSS-02;2 Vollgeschosse;16;Anzahl;BAU005;Neue Gebäude
31121;Statistik der Baufertigstellungen;JAHR;Jahr;2025;DLAND;Bundesländer;04;Bremen;BAUGB2;Gebäudeart;GBD-NW;Nichtwohngebäude;GSSZL1;Geschosszahl;VOLLGSS-02;2 Vollgeschosse;44971;Tsd. EUR;VKB001;Veranschlagte Kosten des Bauwerks
31121;Statistik der Baufertigstellungen;JAHR;Jahr;2025;DLAND;Bundesländer;04;Bremen;BAUGB2;Gebäudeart;GBD-NW;Nichtwohngebäude;GSSZL1;Geschosszahl;VOLLGSS-02;2 Vollgeschosse;225;1000 cbm;FLC003;Rauminhalt
31121;Statistik der Baufertigstellungen;JAHR;Jahr;2025;DLAND;Bundesländer;04;Bremen;BAUGB2;Gebäudeart;GBD-NW;Nichtwohngebäude;GSSZL1;Geschosszahl;VOLLGSS-02;2 Vollgeschosse;47;1000 qm;FLC002;Nutzfläche
31121;Statistik der Baufertigstellungen;JAHR;Jahr;2025;DLAND;Bundesländer;16;Thüringen;BAUGB2;Gebäudeart;GBD-W-NW;Wohn- und Nichtwohngebäude;GSSZL1;Geschosszahl;VOLLGSS-08-12;8-12 Vollgeschosse;-;1000 qm;FLC014;Wohnfläche der Wohnungen
31121;Statistik der Baufertigstellungen;JAHR;Jahr;2025;DLAND;Bundesländer;16;Thüringen;BAUGB2;Gebäudeart;GBD-W-NW;Wohn- und Nichtwohngebäude;GSSZL1;Geschosszahl;VOLLGSS-08-12;8-12 Vollgeschosse;-;Anzahl;WOHN01;Wohnungen
31121;Statistik der Baufertigstellungen;JAHR;Jahr;2025;DLAND;Bundesländer;16;Thüringen;BAUGB2;Gebäudeart;GBD-W-NW;Wohn- und Nichtwohngebäude;GSSZL1;Geschosszahl;VOLLGSS-08-12;8-12 Vollgeschosse;-;Anzahl;BAU005;Neue Gebäude
31121;Statistik der Baufertigstellungen;JAHR;Jahr;2025;DLAND;Bundesländer;16;Thüringen;BAUGB2;Gebäudeart;GBD-W-NW;Wohn- und Nichtwohngebäude;GSSZL1;Geschosszahl;VOLLGSS-08-12;8-12 Vollgeschosse;-;Tsd. EUR;VKB001;Veranschlagte Kosten des Bauwerks
31121;Statistik der Baufertigstellungen;JAHR;Jahr;2025;DLAND;Bundesländer;16;Thüringen;BAUGB2;Gebäudeart;GBD-W-NW;Wohn- und Nichtwohngebäude;GSSZL1;Geschosszahl;VOLLGSS-08-12;8-12 Vollgeschosse;-;1000 cbm;FLC003;Rauminhalt
31121;Statistik der Baufertigstellungen;JAHR;Jahr;2025;DLAND;Bundesländer;16;Thüringen;BAUGB2;Gebäudeart;GBD-W-NW;Wohn- und Nichtwohngebäude;GSSZL1;Geschosszahl;VOLLGSS-08-12;8-12 Vollgeschosse;-;1000 qm;FLC002;Nutzfläche
31121;Statistik der Baufertigstellungen;JAHR;Jahr;2025;DLAND;Bundesländer;07;Rheinland-Pfalz;BAUGB2;Gebäudeart;GBD-NW;Nichtwohngebäude;GSSZL1;Geschosszahl;VOLLGSS-02;2 Vollgeschosse;6;1000 qm;FLC014;Wohnfläche der Wohnungen
31121;Statistik der Baufertigstellungen;JAHR;Jahr;2025;DLAND;Bundesländer;07;Rheinland-Pfalz;BAUGB2;Gebäudeart;GBD-NW;Nichtwohngebäude;GSSZL1;Geschosszahl;VOLLGSS-02;2 Vollgeschosse;65;Anzahl;WOHN01;Wohnungen
31121;Statistik der Baufertigstellungen;JAHR;Jahr;2025;DLAND;Bundesländer;07;Rheinland-Pfalz;BAUGB2;Gebäudeart;GBD-NW;Nichtwohngebäude;GSSZL1;Geschosszahl;VOLLGSS-02;2 Vollgeschosse;141;Anzahl;BAU005;Neue Gebäude
31121;Statistik der Baufertigstellungen;JAHR;Jahr;2025;DLAND;Bundesländer;07;Rheinland-Pfalz;BAUGB2;Gebäudeart;GBD-NW;Nichtwohngebäude;GSSZL1;Geschosszahl;VOLLGSS-02;2 Vollgeschosse;320184;Tsd. EUR;VKB001;Veranschlagte Kosten des Bauwerks
31121;Statistik der Baufertigstellungen;JAHR;Jahr;2025;DLAND;Bundesländer;07;Rheinland-Pfalz;BAUGB2;Gebäudeart;GBD-NW;Nichtwohngebäude;GSSZL1;Geschosszahl;VOLLGSS-02;2 Vollgeschosse;1296;1000 cbm;FLC003;Rauminhalt
31121;Statistik der Baufertigstellungen;JAHR;Jahr;2025;DLAND;Bundesländer;07;Rheinland-Pfalz;BAUGB2;Gebäudeart;GBD-NW;Nichtwohngebäude;GSSZL1;Geschosszahl;VOLLGSS-02;2 Vollgeschosse;185;1000 qm;FLC002;Nutzfläche
31121;Statistik der Baufertigstellungen;JAHR;Jahr;2025;DLAND;Bundesländer;01;Schleswig-Holstein;BAUGB2;Gebäudeart;GBD-W-NW;Wohn- und Nichtwohngebäude;GSSZL1;Geschosszahl;VOLLGSS-04-05;4-5 Vollgeschosse;102;1000 qm;FLC014;Wohnfläche der Wohnungen
31121;Statistik der Baufertigstellungen;JAHR;Jahr;2025;DLAND;Bundesländer;01;Schleswig-Holstein;BAUGB2;Gebäudeart;GBD-W-NW;Wohn- und Nichtwohngebäude;GSSZL1;Geschosszahl;VOLLGSS-04-05;4-5 Vollgeschosse;1432;Anzahl;WOHN01;Wohnungen
31121;Statistik der Baufertigstellungen;JAHR;Jahr;2025;DLAND;Bundesländer;01;Schleswig-Holstein;BAUGB2;Gebäudeart;GBD-W-NW;Wohn- und Nichtwohngebäude;GSSZL1;Geschosszahl;VOLLGSS-04-05;4-5 Vollgeschosse;70;Anzahl;BAU005;Neue Gebäude
31121;Statistik der Baufertigstellungen;JAHR;Jahr;2025;DLAND;Bundesländer;01;Schleswig-Holstein;BAUGB2;Gebäudeart;GBD-W-NW;Wohn- und Nichtwohngebäude;GSSZL1;Geschosszahl;VOLLGSS-04-05;4-5 Vollgeschosse;264358;Tsd. EUR;VKB001;Veranschlagte Kosten des Bauwerks
31121;Statistik der Baufertigstellungen;JAHR;Jahr;2025;DLAND;Bundesländer;01;Schleswig-Holstein;BAUGB2;Gebäudeart;GBD-W-NW;Wohn- und Nichtwohngebäude;GSSZL1;Geschosszahl;VOLLGSS-04-05;4-5 Vollgeschosse;656;1000 cbm;FLC003;Rauminhalt
31121;Statistik der Baufertigstellungen;JAHR;Jahr;2025;DLAND;Bundesländer;01;Schleswig-Holstein;BAUGB2;Gebäudeart;GBD-W-NW;Wohn- und Nichtwohngebäude;GSSZL1;Geschosszahl;VOLLGSS-04-05;4-5 Vollgeschosse;50;1000 qm;FLC002;Nutzfläche
31121;Statistik der Baufertigstellungen;JAHR;Jahr;2025;DLAND;Bundesländer;08;Baden-Württemberg;BAUGB2;Gebäudeart;GBD-NW;Nichtwohngebäude;GSSZL1;Geschosszahl;VOLLGSS-02;2 Vollgeschosse;14;1000 qm;FLC014;Wohnfläche der Wohnungen
31121;Statistik der Baufertigstellungen;JAHR;Jahr;2025;DLAND;Bundesländer;08;Baden-Württemberg;BAUGB2;Gebäudeart;GBD-NW;Nichtwohngebäude;GSSZL1;Geschosszahl;VOLLGSS-02;2 Vollgeschosse;139;Anzahl;WOHN01;Wohnungen
31121;Statistik der Baufertigstellungen;JAHR;Jahr;2025;DLAND;Bundesländer;08;Baden-Württemberg;BAUGB2;Gebäudeart;GBD-NW;Nichtwohngebäude;GSSZL1;Geschosszahl;VOLLGSS-02;2 Vollgeschosse;518;Anzahl;BAU005;Neue Gebäude
31121;Statistik der Baufertigstellungen;JAHR;Jahr;2025;DLAND;Bundesländer;08;Baden-Württemberg;BAUGB2;Gebäudeart;GBD-NW;Nichtwohngebäude;GSSZL1;Geschosszahl;VOLLGSS-02;2 Vollgeschosse;1271381;Tsd. EUR;VKB001;Veranschlagte Kosten des Bauwerks
31121;Statistik der Baufertigstellungen;JAHR;Jahr;2025;DLAND;Bundesländer;08;Baden-Württemberg;BAUGB2;Gebäudeart;GBD-NW;Nichtwohngebäude;GSSZL1;Geschosszahl;VOLLGSS-02;2 Vollgeschosse;5225;1000 cbm;FLC003;Rauminhalt
31121;Statistik der Baufertigstellungen;JAHR;Jahr;2025;DLAND;Bundesländer;08;Baden-Württemberg;BAUGB2;Gebäudeart;GBD-NW;Nichtwohngebäude;GSSZL1;Geschosszahl;VOLLGSS-02;2 Vollgeschosse;667;1000 qm;FLC002;Nutzfläche
31121;Statistik der Baufertigstellungen;JAHR;Jahr;2025;DLAND;Bundesländer;07;Rheinland-Pfalz;BAUGB2;Gebäudeart;GBD-W-NW;Wohn- und Nichtwohngebäude;GSSZL1;Geschosszahl;VOLLGSS-03;3 Vollgeschosse;103;1000 qm;FLC014;Wohnfläche der Wohnungen
31121;Statistik der Baufertigstellungen;JAHR;Jahr;2025;DLAND;Bundesländer;07;Rheinland-Pfalz;BAUGB2;Gebäudeart;GBD-W-NW;Wohn- und Nichtwohngebäude;GSSZL1;Geschosszahl;VOLLGSS-03;3 Vollgeschosse;1198;Anzahl;WOHN01;Wohnungen
31121;Statistik der Baufertigstellungen;JAHR;Jahr;2025;DLAND;Bundesländer;07;Rheinland-Pfalz;BAUGB2;Gebäudeart;GBD-W-NW;Wohn- und Nichtwohngebäude;GSSZL1;Geschosszahl;VOLLGSS-03;3 Vollgeschosse;170;Anzahl;BAU005;Neue Gebäude
31121;Statistik der Baufertigstellungen;JAHR;Jahr;2025;DLAND;Bundesländer;07;Rheinland-Pfalz;BAUGB2;Gebäudeart;GBD-W-NW;Wohn- und Nichtwohngebäude;GSSZL1;Geschosszahl;VOLLGSS-03;3 Vollgeschosse;378816;Tsd. EUR;VKB001;Veranschlagte Kosten des Bauwerks
31121;Statistik der Baufertigstellungen;JAHR;Jahr;2025;DLAND;Bundesländer;07;Rheinland-Pfalz;BAUGB2;Gebäudeart;GBD-W-NW;Wohn- und Nichtwohngebäude;GSSZL1;Geschosszahl;VOLLGSS-03;3 Vollgeschosse;1421;1000 cbm;FLC003;Rauminhalt
31121;Statistik der Baufertigstellungen;JAHR;Jahr;2025;DLAND;Bundesländer;07;Rheinland-Pfalz;BAUGB2;Gebäudeart;GBD-W-NW;Wohn- und Nichtwohngebäude;GSSZL1;Geschosszahl;VOLLGSS-03;3 Vollgeschosse;136;1000 qm;FLC002;Nutzfläche
31121;Statistik der Baufertigstellungen;JAHR;Jahr;2025;DLAND;Bundesländer;06;Hessen;BAUGB2;Gebäudeart;GBD-W;Wohngebäude;GSSZL1;Geschosszahl;VOLLGSS-01;1 Vollgeschoss;122;1000 qm;FLC014;Wohnfläche der Wohnungen
31121;Statistik der Baufertigstellungen;JAHR;Jahr;2025;DLAND;Bundesländer;06;Hessen;BAUGB2;Gebäudeart;GBD-W;Wohngebäude;GSSZL1;Geschosszahl;VOLLGSS-01;1 Vollgeschoss;896;Anzahl;WOHN01;Wohnungen
31121;Statistik der Baufertigstellungen;JAHR;Jahr;2025;DLAND;Bundesländer;06;Hessen;BAUGB2;Gebäudeart;GBD-W;Wohngebäude;GSSZL1;Geschosszahl;VOLLGSS-01;1 Vollgeschoss;756;Anzahl;BAU005;Neue Gebäude
31121;Statistik der Baufertigstellungen;JAHR;Jahr;2025;DLAND;Bundesländer;06;Hessen;BAUGB2;Gebäudeart;GBD-W;Wohngebäude;GSSZL1;Geschosszahl;VOLLGSS-01;1 Vollgeschoss;286393;Tsd. EUR;VKB001;Veranschlagte Kosten des Bauwerks
31121;Statistik der Baufertigstellungen;JAHR;Jahr;2025;DLAND;Bundesländer;06;Hessen;BAUGB2;Gebäudeart;GBD-W;Wohngebäude;GSSZL1;Geschosszahl;VOLLGSS-01;1 Vollgeschoss;652;1000 cbm;FLC003;Rauminhalt
31121;Statistik der Baufertigstellungen;JAHR;Jahr;2025;DLAND;Bundesländer;06;Hessen;BAUGB2;Gebäudeart;GBD-W;Wohngebäude;GSSZL1;Geschosszahl;VOLLGSS-01;1 Vollgeschoss;35;1000 qm;FLC002;Nutzfläche
31121;Statistik der Baufertigstellungen;JAHR;Jahr;2025;DLAND;Bundesländer;05;Nordrhein-Westfalen;BAUGB2;Gebäudeart;GBD-W-NW;Wohn- und Nichtwohngebäude;GSSZL1;Geschosszahl;VOLLGSS-02;2 Vollgeschosse;1387;1000 qm;FLC014;Wohnfläche der Wohnungen
31121;Statistik der Baufertigstellungen;JAHR;Jahr;2025;DLAND;Bundesländer;05;Nordrhein-Westfalen;BAUGB2;Gebäudeart;GBD-W-NW;Wohn- und Nichtwohngebäude;GSSZL1;Geschosszahl;VOLLGSS-02;2 Vollgeschosse;12723;Anzahl;WOHN01;Wohnungen
31121;Statistik der Baufertigstellungen;JAHR;Jahr;2025;DLAND;Bundesländer;05;Nordrhein-Westfalen;BAUGB2;Gebäudeart;GBD-W-NW;Wohn- und Nichtwohngebäude;GSSZL1;Geschosszahl;VOLLGSS-02;2 Vollgeschosse;5814;Anzahl;BAU005;Neue Gebäude
31121;Statistik der Baufertigstellungen;JAHR;Jahr;2025;DLAND;Bundesländer;05;Nordrhein-Westfalen;BAUGB2;Gebäudeart;GBD-W-NW;Wohn- und Nichtwohngebäude;GSSZL1;Geschosszahl;VOLLGSS-02;2 Vollgeschosse;4169980;Tsd. EUR;VKB001;Veranschlagte Kosten des Bauwerks
31121;Statistik der Baufertigstellungen;JAHR;Jahr;2025;DLAND;Bundesländer;05;Nordrhein-Westfalen;BAUGB2;Gebäudeart;GBD-W-NW;Wohn- und Nichtwohngebäude;GSSZL1;Geschosszahl;VOLLGSS-02;2 Vollgeschosse;13510;1000 cbm;FLC003;Rauminhalt
31121;Statistik der Baufertigstellungen;JAHR;Jahr;2025;DLAND;Bundesländer;05;Nordrhein-Westfalen;BAUGB2;Gebäudeart;GBD-W-NW;Wohn- und Nichtwohngebäude;GSSZL1;Geschosszahl;VOLLGSS-02;2 Vollgeschosse;1132;1000 qm;FLC002;Nutzfläche
31121;Statistik der Baufertigstellungen;JAHR;Jahr;2025;DLAND;Bundesländer;14;Sachsen;BAUGB2;Gebäudeart;GBD-W;Wohngebäude;GSSZL1;Geschosszahl;VOLLGSS-08-12;8-12 Vollgeschosse;-;1000 qm;FLC014;Wohnfläche der Wohnungen
31121;Statistik der Baufertigstellungen;JAHR;Jahr;2025;DLAND;Bundesländer;14;Sachsen;BAUGB2;Gebäudeart;GBD-W;Wohngebäude;GSSZL1;Geschosszahl;VOLLGSS-08-12;8-12 Vollgeschosse;-;Anzahl;WOHN01;Wohnungen
31121;Statistik der Baufertigstellungen;JAHR;Jahr;2025;DLAND;Bundesländer;14;Sachsen;BAUGB2;Gebäudeart;GBD-W;Wohngebäude;GSSZL1;Geschosszahl;VOLLGSS-08-12;8-12 Vollgeschosse;-;Anzahl;BAU005;Neue Gebäude
31121;Statistik der Baufertigstellungen;JAHR;Jahr;2025;DLAND;Bundesländer;14;Sachsen;BAUGB2;Gebäudeart;GBD-W;Wohngebäude;GSSZL1;Geschosszahl;VOLLGSS-08-12;8-12 Vollgeschosse;-;Tsd. EUR;VKB001;Veranschlagte Kosten des Bauwerks
31121;Statistik der Baufertigstellungen;JAHR;Jahr;2025;DLAND;Bundesländer;14;Sachsen;BAUGB2;Gebäudeart;GBD-W;Wohngebäude;GSSZL1;Geschosszahl;VOLLGSS-08-12;8-12 Vollgeschosse;-;1000 cbm;FLC003;Rauminhalt
31121;Statistik der Baufertigstellungen;JAHR;Jahr;2025;DLAND;Bundesländer;14;Sachsen;BAUGB2;Gebäudeart;GBD-W;Wohngebäude;GSSZL1;Geschosszahl;VOLLGSS-08-12;8-12 Vollgeschosse;-;1000 qm;FLC002;Nutzfläche
31121;Statistik der Baufertigstellungen;JAHR;Jahr;2025;DLAND;Bundesländer;09;Bayern;BAUGB2;Gebäudeart;GBD-W;Wohngebäude;GSSZL1;Geschosszahl;VOLLGSS-13UM;13 und mehr Vollgeschosse;-;1000 qm;FLC014;Wohnfläche der Wohnungen
31121;Statistik der Baufertigstellungen;JAHR;Jahr;2025;DLAND;Bundesländer;09;Bayern;BAUGB2;Gebäudeart;GBD-W;Wohngebäude;GSSZL1;Geschosszahl;VOLLGSS-13UM;13 und mehr Vollgeschosse;-;Anzahl;WOHN01;Wohnungen
31121;Statistik der Baufertigstellungen;JAHR;Jahr;2025;DLAND;Bundesländer;09;Bayern;BAUGB2;Gebäudeart;GBD-W;Wohngebäude;GSSZL1;Geschosszahl;VOLLGSS-13UM;13 und mehr Vollgeschosse;-;Anzahl;BAU005;Neue Gebäude
31121;Statistik der Baufertigstellungen;JAHR;Jahr;2025;DLAND;Bundesländer;09;Bayern;BAUGB2;Gebäudeart;GBD-W;Wohngebäude;GSSZL1;Geschosszahl;VOLLGSS-13UM;13 und mehr Vollgeschosse;-;Tsd. EUR;VKB001;Veranschlagte Kosten des Bauwerks
31121;Statistik der Baufertigstellungen;JAHR;Jahr;2025;DLAND;Bundesländer;09;Bayern;BAUGB2;Gebäudeart;GBD-W;Wohngebäude;GSSZL1;Geschosszahl;VOLLGSS-13UM;13 und mehr Vollgeschosse;-;1000 cbm;FLC003;Rauminhalt
31121;Statistik der Baufertigstellungen;JAHR;Jahr;2025;DLAND;Bundesländer;09;Bayern;BAUGB2;Gebäudeart;GBD-W;Wohngebäude;GSSZL1;Geschosszahl;VOLLGSS-13UM;13 und mehr Vollgeschosse;-;1000 qm;FLC002;Nutzfläche
31121;Statistik der Baufertigstellungen;JAHR;Jahr;2025;DLAND;Bundesländer;06;Hessen;BAUGB2;Gebäudeart;GBD-NW;Nichtwohngebäude;GSSZL1;Geschosszahl;VOLLGSS-02;2 Vollgeschosse;7;1000 qm;FLC014;Wohnfläche der Wohnungen
31121;Statistik der Baufertigstellungen;JAHR;Jahr;2025;DLAND;Bundesländer;06;Hessen;BAUGB2;Gebäudeart;GBD-NW;Nichtwohngebäude;GSSZL1;Geschosszahl;VOLLGSS-02;2 Vollgeschosse;102;Anzahl;WOHN01;Wohnungen
31121;Statistik der Baufertigstellungen;JAHR;Jahr;2025;DLAND;Bundesländer;06;Hessen;BAUGB2;Gebäudeart;GBD-NW;Nichtwohngebäude;GSSZL1;Geschosszahl;VOLLGSS-02;2 Vollgeschosse;162;Anzahl;BAU005;Neue Gebäude
31121;Statistik der Baufertigstellungen;JAHR;Jahr;2025;DLAND;Bundesländer;06;Hessen;BAUGB2;Gebäudeart;GBD-NW;Nichtwohngebäude;GSSZL1;Geschosszahl;VOLLGSS-02;2 Vollgeschosse;437016;Tsd. EUR;VKB001;Veranschlagte Kosten des Bauwerks
31121;Statistik der Baufertigstellungen;JAHR;Jahr;2025;DLAND;Bundesländer;06;Hessen;BAUGB2;Gebäudeart;GBD-NW;Nichtwohngebäude;GSSZL1;Geschosszahl;VOLLGSS-02;2 Vollgeschosse;1646;1000 cbm;FLC003;Rauminhalt
31121;Statistik der Baufertigstellungen;JAHR;Jahr;2025;DLAND;Bundesländer;06;Hessen;BAUGB2;Gebäudeart;GBD-NW;Nichtwohngebäude;GSSZL1;Geschosszahl;VOLLGSS-02;2 Vollgeschosse;250;1000 qm;FLC002;Nutzfläche
31121;Statistik der Baufertigstellungen;JAHR;Jahr;2025;DLAND;Bundesländer;10;Saarland;BAUGB2;Gebäudeart;GBD-W-NW;Wohn- und Nichtwohngebäude;GSSZL1;Geschosszahl;VOLLGSS-08-12;8-12 Vollgeschosse;-;1000 qm;FLC014;Wohnfläche der Wohnungen
31121;Statistik der Baufertigstellungen;JAHR;Jahr;2025;DLAND;Bundesländer;10;Saarland;BAUGB2;Gebäudeart;GBD-W-NW;Wohn- und Nichtwohngebäude;GSSZL1;Geschosszahl;VOLLGSS-08-12;8-12 Vollgeschosse;-;Anzahl;WOHN01;Wohnungen
31121;Statistik der Baufertigstellungen;JAHR;Jahr;2025;DLAND;Bundesländer;10;Saarland;BAUGB2;Gebäudeart;GBD-W-NW;Wohn- und Nichtwohngebäude;GSSZL1;Geschosszahl;VOLLGSS-08-12;8-12 Vollgeschosse;-;Anzahl;BAU005;Neue Gebäude
31121;Statistik der Baufertigstellungen;JAHR;Jahr;2025;DLAND;Bundesländer;10;Saarland;BAUGB2;Gebäudeart;GBD-W-NW;Wohn- und Nichtwohngebäude;GSSZL1;Geschosszahl;VOLLGSS-08-12;8-12 Vollgeschosse;-;Tsd. EUR;VKB001;Veranschlagte Kosten des Bauwerks
31121;Statistik der Baufertigstellungen;JAHR;Jahr;2025;DLAND;Bundesländer;10;Saarland;BAUGB2;Gebäudeart;GBD-W-NW;Wohn- und Nichtwohngebäude;GSSZL1;Geschosszahl;VOLLGSS-08-12;8-12 Vollgeschosse;-;1000 cbm;FLC003;Rauminhalt
31121;Statistik der Baufertigstellungen;JAHR;Jahr;2025;DLAND;Bundesländer;10;Saarland;BAUGB2;Gebäudeart;GBD-W-NW;Wohn- und Nichtwohngebäude;GSSZL1;Geschosszahl;VOLLGSS-08-12;8-12 Vollgeschosse;-;1000 qm;FLC002;Nutzfläche
31121;Statistik der Baufertigstellungen;JAHR;Jahr;2025;DLAND;Bundesländer;07;Rheinland-Pfalz;BAUGB2;Gebäudeart;GBD-W;Wohngebäude;GSSZL1;Geschosszahl;VOLLGSS-02;2 Vollgeschosse;451;1000 qm;FLC014;Wohnfläche der Wohnungen
31121;Statistik der Baufertigstellungen;JAHR;Jahr;2025;DLAND;Bundesländer;07;Rheinland-Pfalz;BAUGB2;Gebäudeart;GBD-W;Wohngebäude;GSSZL1;Geschosszahl;VOLLGSS-02;2 Vollgeschosse;3559;Anzahl;WOHN01;Wohnungen
31121;Statistik der Baufertigstellungen;JAHR;Jahr;2025;DLAND;Bundesländer;07;Rheinland-Pfalz;BAUGB2;Gebäudeart;GBD-W;Wohngebäude;GSSZL1;Geschosszahl;VOLLGSS-02;2 Vollgeschosse;1936;Anzahl;BAU005;Neue Gebäude
31121;Statistik der Baufertigstellungen;JAHR;Jahr;2025;DLAND;Bundesländer;07;Rheinland-Pfalz;BAUGB2;Gebäudeart;GBD-W;Wohngebäude;GSSZL1;Geschosszahl;VOLLGSS-02;2 Vollgeschosse;1028554;Tsd. EUR;VKB001;Veranschlagte Kosten des Bauwerks
31121;Statistik der Baufertigstellungen;JAHR;Jahr;2025;DLAND;Bundesländer;07;Rheinland-Pfalz;BAUGB2;Gebäudeart;GBD-W;Wohngebäude;GSSZL1;Geschosszahl;VOLLGSS-02;2 Vollgeschosse;2420;1000 cbm;FLC003;Rauminhalt
31121;Statistik der Baufertigstellungen;JAHR;Jahr;2025;DLAND;Bundesländer;07;Rheinland-Pfalz;BAUGB2;Gebäudeart;GBD-W;Wohngebäude;GSSZL1;Geschosszahl;VOLLGSS-02;2 Vollgeschosse;119;1000 qm;FLC002;Nutzfläche
31121;Statistik der Baufertigstellungen;JAHR;Jahr;2025;DLAND;Bundesländer;03;Niedersachsen;BAUGB2;Gebäudeart;GBD-W-NW;Wohn- und Nichtwohngebäude;GSSZL1;Geschosszahl;VOLLGSS-01;1 Vollgeschoss;757;1000 qm;FLC014;Wohnfläche der Wohnungen
31121;Statistik der Baufertigstellungen;JAHR;Jahr;2025;DLAND;Bundesländer;03;Niedersachsen;BAUGB2;Gebäudeart;GBD-W-NW;Wohn- und Nichtwohngebäude;GSSZL1;Geschosszahl;VOLLGSS-01;1 Vollgeschoss;6038;Anzahl;WOHN01;Wohnungen
31121;Statistik der Baufertigstellungen;JAHR;Jahr;2025;DLAND;Bundesländer;03;Niedersachsen;BAUGB2;Gebäudeart;GBD-W-NW;Wohn- und Nichtwohngebäude;GSSZL1;Geschosszahl;VOLLGSS-01;1 Vollgeschoss;6637;Anzahl;BAU005;Neue Gebäude
31121;Statistik der Baufertigstellungen;JAHR;Jahr;2025;DLAND;Bundesländer;03;Niedersachsen;BAUGB2;Gebäudeart;GBD-W-NW;Wohn- und Nichtwohngebäude;GSSZL1;Geschosszahl;VOLLGSS-01;1 Vollgeschoss;2481356;Tsd. EUR;VKB001;Veranschlagte Kosten des Bauwerks
31121;Statistik der Baufertigstellungen;JAHR;Jahr;2025;DLAND;Bundesländer;03;Niedersachsen;BAUGB2;Gebäudeart;GBD-W-NW;Wohn- und Nichtwohngebäude;GSSZL1;Geschosszahl;VOLLGSS-01;1 Vollgeschoss;15670;1000 cbm;FLC003;Rauminhalt
31121;Statistik der Baufertigstellungen;JAHR;Jahr;2025;DLAND;Bundesländer;03;Niedersachsen;BAUGB2;Gebäudeart;GBD-W-NW;Wohn- und Nichtwohngebäude;GSSZL1;Geschosszahl;VOLLGSS-01;1 Vollgeschoss;1580;1000 qm;FLC002;Nutzfläche
31121;Statistik der Baufertigstellungen;JAHR;Jahr;2025;DLAND;Bundesländer;07;Rheinland-Pfalz;BAUGB2;Gebäudeart;GBD-NW;Nichtwohngebäude;GSSZL1;Geschosszahl;VOLLGSS-04-05;4-5 Vollgeschosse;0;1000 qm;FLC014;Wohnfläche der Wohnungen
31121;Statistik der Baufertigstellungen;JAHR;Jahr;2025;DLAND;Bundesländer;07;Rheinland-Pfalz;BAUGB2;Gebäudeart;GBD-NW;Nichtwohngebäude;GSSZL1;Geschosszahl;VOLLGSS-04-05;4-5 Vollgeschosse;2;Anzahl;WOHN01;Wohnungen
31121;Statistik der Baufertigstellungen;JAHR;Jahr;2025;DLAND;Bundesländer;07;Rheinland-Pfalz;BAUGB2;Gebäudeart;GBD-NW;Nichtwohngebäude;GSSZL1;Geschosszahl;VOLLGSS-04-05;4-5 Vollgeschosse;17;Anzahl;BAU005;Neue Gebäude
31121;Statistik der Baufertigstellungen;JAHR;Jahr;2025;DLAND;Bundesländer;07;Rheinland-Pfalz;BAUGB2;Gebäudeart;GBD-NW;Nichtwohngebäude;GSSZL1;Geschosszahl;VOLLGSS-04-05;4-5 Vollgeschosse;142467;Tsd. EUR;VKB001;Veranschlagte Kosten des Bauwerks
31121;Statistik der Baufertigstellungen;JAHR;Jahr;2025;DLAND;Bundesländer;07;Rheinland-Pfalz;BAUGB2;Gebäudeart;GBD-NW;Nichtwohngebäude;GSSZL1;Geschosszahl;VOLLGSS-04-05;4-5 Vollgeschosse;341;1000 cbm;FLC003;Rauminhalt
31121;Statistik der Baufertigstellungen;JAHR;Jahr;2025;DLAND;Bundesländer;07;Rheinland-Pfalz;BAUGB2;Gebäudeart;GBD-NW;Nichtwohngebäude;GSSZL1;Geschosszahl;VOLLGSS-04-05;4-5 Vollgeschosse;59;1000 qm;FLC002;Nutzfläche
31121;Statistik der Baufertigstellungen;JAHR;Jahr;2025;DLAND;Bundesländer;08;Baden-Württemberg;BAUGB2;Gebäudeart;GBD-W;Wohngebäude;GSSZL1;Geschosszahl;VOLLGSS-13UM;13 und mehr Vollgeschosse;8;1000 qm;FLC014;Wohnfläche der Wohnungen
31121;Statistik der Baufertigstellungen;JAHR;Jahr;2025;DLAND;Bundesländer;08;Baden-Württemberg;BAUGB2;Gebäudeart;GBD-W;Wohngebäude;GSSZL1;Geschosszahl;VOLLGSS-13UM;13 und mehr Vollgeschosse;93;Anzahl;WOHN01;Wohnungen
31121;Statistik der Baufertigstellungen;JAHR;Jahr;2025;DLAND;Bundesländer;08;Baden-Württemberg;BAUGB2;Gebäudeart;GBD-W;Wohngebäude;GSSZL1;Geschosszahl;VOLLGSS-13UM;13 und mehr Vollgeschosse;2;Anzahl;BAU005;Neue Gebäude
31121;Statistik der Baufertigstellungen;JAHR;Jahr;2025;DLAND;Bundesländer;08;Baden-Württemberg;BAUGB2;Gebäudeart;GBD-W;Wohngebäude;GSSZL1;Geschosszahl;VOLLGSS-13UM;13 und mehr Vollgeschosse;32521;Tsd. EUR;VKB001;Veranschlagte Kosten des Bauwerks
31121;Statistik der Baufertigstellungen;JAHR;Jahr;2025;DLAND;Bundesländer;08;Baden-Württemberg;BAUGB2;Gebäudeart;GBD-W;Wohngebäude;GSSZL1;Geschosszahl;VOLLGSS-13UM;13 und mehr Vollgeschosse;61;1000 cbm;FLC003;Rauminhalt
31121;Statistik der Baufertigstellungen;JAHR;Jahr;2025;DLAND;Bundesländer;08;Baden-Württemberg;BAUGB2;Gebäudeart;GBD-W;Wohngebäude;GSSZL1;Geschosszahl;VOLLGSS-13UM;13 und mehr Vollgeschosse;4;1000 qm;FLC002;Nutzfläche
31121;Statistik der Baufertigstellungen;JAHR;Jahr;2025;DLAND;Bundesländer;16;Thüringen;BAUGB2;Gebäudeart;GBD-W;Wohngebäude;GSSZL1;Geschosszahl;VOLLGSS-01;1 Vollgeschoss;35;1000 qm;FLC014;Wohnfläche der Wohnungen
31121;Statistik der Baufertigstellungen;JAHR;Jahr;2025;DLAND;Bundesländer;16;Thüringen;BAUGB2;Gebäudeart;GBD-W;Wohngebäude;GSSZL1;Geschosszahl;VOLLGSS-01;1 Vollgeschoss;281;Anzahl;WOHN01;Wohnungen
31121;Statistik der Baufertigstellungen;JAHR;Jahr;2025;DLAND;Bundesländer;16;Thüringen;BAUGB2;Gebäudeart;GBD-W;Wohngebäude;GSSZL1;Geschosszahl;VOLLGSS-01;1 Vollgeschoss;259;Anzahl;BAU005;Neue Gebäude
31121;Statistik der Baufertigstellungen;JAHR;Jahr;2025;DLAND;Bundesländer;16;Thüringen;BAUGB2;Gebäudeart;GBD-W;Wohngebäude;GSSZL1;Geschosszahl;VOLLGSS-01;1 Vollgeschoss;73404;Tsd. EUR;VKB001;Veranschlagte Kosten des Bauwerks
31121;Statistik der Baufertigstellungen;JAHR;Jahr;2025;DLAND;Bundesländer;16;Thüringen;BAUGB2;Gebäudeart;GBD-W;Wohngebäude;GSSZL1;Geschosszahl;VOLLGSS-01;1 Vollgeschoss;183;1000 cbm;FLC003;Rauminhalt
31121;Statistik der Baufertigstellungen;JAHR;Jahr;2025;DLAND;Bundesländer;16;Thüringen;BAUGB2;Gebäudeart;GBD-W;Wohngebäude;GSSZL1;Geschosszahl;VOLLGSS-01;1 Vollgeschoss;10;1000 qm;FLC002;Nutzfläche
31121;Statistik der Baufertigstellungen;JAHR;Jahr;2025;DLAND;Bundesländer;14;Sachsen;BAUGB2;Gebäudeart;GBD-NW;Nichtwohngebäude;GSSZL1;Geschosszahl;VOLLGSS-02;2 Vollgeschosse;1;1000 qm;FLC014;Wohnfläche der Wohnungen
31121;Statistik der Baufertigstellungen;JAHR;Jahr;2025;DLAND;Bundesländer;14;Sachsen;BAUGB2;Gebäudeart;GBD-NW;Nichtwohngebäude;GSSZL1;Geschosszahl;VOLLGSS-02;2 Vollgeschosse;28;Anzahl;WOHN01;Wohnungen
31121;Statistik der Baufertigstellungen;JAHR;Jahr;2025;DLAND;Bundesländer;14;Sachsen;BAUGB2;Gebäudeart;GBD-NW;Nichtwohngebäude;GSSZL1;Geschosszahl;VOLLGSS-02;2 Vollgeschosse;127;Anzahl;BAU005;Neue Gebäude
31121;Statistik der Baufertigstellungen;JAHR;Jahr;2025;DLAND;Bundesländer;14;Sachsen;BAUGB2;Gebäudeart;GBD-NW;Nichtwohngebäude;GSSZL1;Geschosszahl;VOLLGSS-02;2 Vollgeschosse;272135;Tsd. EUR;VKB001;Veranschlagte Kosten des Bauwerks
31121;Statistik der Baufertigstellungen;JAHR;Jahr;2025;DLAND;Bundesländer;14;Sachsen;BAUGB2;Gebäudeart;GBD-NW;Nichtwohngebäude;GSSZL1;Geschosszahl;VOLLGSS-02;2 Vollgeschosse;1697;1000 cbm;FLC003;Rauminhalt
31121;Statistik der Baufertigstellungen;JAHR;Jahr;2025;DLAND;Bundesländer;14;Sachsen;BAUGB2;Gebäudeart;GBD-NW;Nichtwohngebäude;GSSZL1;Geschosszahl;VOLLGSS-02;2 Vollgeschosse;197;1000 qm;FLC002;Nutzfläche
31121;Statistik der Baufertigstellungen;JAHR;Jahr;2025;DLAND;Bundesländer;16;Thüringen;BAUGB2;Gebäudeart;GBD-W-NW;Wohn- und Nichtwohngebäude;GSSZL1;Geschosszahl;VOLLGSS-02;2 Vollgeschosse;70;1000 qm;FLC014;Wohnfläche der Wohnungen
31121;Statistik der Baufertigstellungen;JAHR;Jahr;2025;DLAND;Bundesländer;16;Thüringen;BAUGB2;Gebäudeart;GBD-W-NW;Wohn- und Nichtwohngebäude;GSSZL1;Geschosszahl;VOLLGSS-02;2 Vollgeschosse;574;Anzahl;WOHN01;Wohnungen
31121;Statistik der Baufertigstellungen;JAHR;Jahr;2025;DLAND;Bundesländer;16;Thüringen;BAUGB2;Gebäudeart;GBD-W-NW;Wohn- und Nichtwohngebäude;GSSZL1;Geschosszahl;VOLLGSS-02;2 Vollgeschosse;407;Anzahl;BAU005;Neue Gebäude
31121;Statistik der Baufertigstellungen;JAHR;Jahr;2025;DLAND;Bundesländer;16;Thüringen;BAUGB2;Gebäudeart;GBD-W-NW;Wohn- und Nichtwohngebäude;GSSZL1;Geschosszahl;VOLLGSS-02;2 Vollgeschosse;205668;Tsd. EUR;VKB001;Veranschlagte Kosten des Bauwerks
31121;Statistik der Baufertigstellungen;JAHR;Jahr;2025;DLAND;Bundesländer;16;Thüringen;BAUGB2;Gebäudeart;GBD-W-NW;Wohn- und Nichtwohngebäude;GSSZL1;Geschosszahl;VOLLGSS-02;2 Vollgeschosse;653;1000 cbm;FLC003;Rauminhalt
31121;Statistik der Baufertigstellungen;JAHR;Jahr;2025;DLAND;Bundesländer;16;Thüringen;BAUGB2;Gebäudeart;GBD-W-NW;Wohn- und Nichtwohngebäude;GSSZL1;Geschosszahl;VOLLGSS-02;2 Vollgeschosse;63;1000 qm;FLC002;Nutzfläche
31121;Statistik der Baufertigstellungen;JAHR;Jahr;2025;DLAND;Bundesländer;09;Bayern;BAUGB2;Gebäudeart;GBD-NW;Nichtwohngebäude;GSSZL1;Geschosszahl;VOLLGSS-02;2 Vollgeschosse;30;1000 qm;FLC014;Wohnfläche der Wohnungen
31121;Statistik der Baufertigstellungen;JAHR;Jahr;2025;DLAND;Bundesländer;09;Bayern;BAUGB2;Gebäudeart;GBD-NW;Nichtwohngebäude;GSSZL1;Geschosszahl;VOLLGSS-02;2 Vollgeschosse;274;Anzahl;WOHN01;Wohnungen
31121;Statistik der Baufertigstellungen;JAHR;Jahr;2025;DLAND;Bundesländer;09;Bayern;BAUGB2;Gebäudeart;GBD-NW;Nichtwohngebäude;GSSZL1;Geschosszahl;VOLLGSS-02;2 Vollgeschosse;941;Anzahl;BAU005;Neue Gebäude
31121;Statistik der Baufertigstellungen;JAHR;Jahr;2025;DLAND;Bundesländer;09;Bayern;BAUGB2;Gebäudeart;GBD-NW;Nichtwohngebäude;GSSZL1;Geschosszahl;VOLLGSS-02;2 Vollgeschosse;2122537;Tsd. EUR;VKB001;Veranschlagte Kosten des Bauwerks
31121;Statistik der Baufertigstellungen;JAHR;Jahr;2025;DLAND;Bundesländer;09;Bayern;BAUGB2;Gebäudeart;GBD-NW;Nichtwohngebäude;GSSZL1;Geschosszahl;VOLLGSS-02;2 Vollgeschosse;9112;1000 cbm;FLC003;Rauminhalt
31121;Statistik der Baufertigstellungen;JAHR;Jahr;2025;DLAND;Bundesländer;09;Bayern;BAUGB2;Gebäudeart;GBD-NW;Nichtwohngebäude;GSSZL1;Geschosszahl;VOLLGSS-02;2 Vollgeschosse;1216;1000 qm;FLC002;Nutzfläche
31121;Statistik der Baufertigstellungen;JAHR;Jahr;2025;DLAND;Bundesländer;05;Nordrhein-Westfalen;BAUGB2;Gebäudeart;GBD-NW;Nichtwohngebäude;GSSZL1;Geschosszahl;VOLLGSS-06-07;6-7 Vollgeschosse;-;1000 qm;FLC014;Wohnfläche der Wohnungen
31121;Statistik der Baufertigstellungen;JAHR;Jahr;2025;DLAND;Bundesländer;05;Nordrhein-Westfalen;BAUGB2;Gebäudeart;GBD-NW;Nichtwohngebäude;GSSZL1;Geschosszahl;VOLLGSS-06-07;6-7 Vollgeschosse;-;Anzahl;WOHN01;Wohnungen
31121;Statistik der Baufertigstellungen;JAHR;Jahr;2025;DLAND;Bundesländer;05;Nordrhein-Westfalen;BAUGB2;Gebäudeart;GBD-NW;Nichtwohngebäude;GSSZL1;Geschosszahl;VOLLGSS-06-07;6-7 Vollgeschosse;23;Anzahl;BAU005;Neue Gebäude
31121;Statistik der Baufertigstellungen;JAHR;Jahr;2025;DLAND;Bundesländer;05;Nordrhein-Westfalen;BAUGB2;Gebäudeart;GBD-NW;Nichtwohngebäude;GSSZL1;Geschosszahl;VOLLGSS-06-07;6-7 Vollgeschosse;338374;Tsd. EUR;VKB001;Veranschlagte Kosten des Bauwerks
31121;Statistik der Baufertigstellungen;JAHR;Jahr;2025;DLAND;Bundesländer;05;Nordrhein-Westfalen;BAUGB2;Gebäudeart;GBD-NW;Nichtwohngebäude;GSSZL1;Geschosszahl;VOLLGSS-06-07;6-7 Vollgeschosse;1013;1000 cbm;FLC003;Rauminhalt
31121;Statistik der Baufertigstellungen;JAHR;Jahr;2025;DLAND;Bundesländer;05;Nordrhein-Westfalen;BAUGB2;Gebäudeart;GBD-NW;Nichtwohngebäude;GSSZL1;Geschosszahl;VOLLGSS-06-07;6-7 Vollgeschosse;177;1000 qm;FLC002;Nutzfläche
31121;Statistik der Baufertigstellungen;JAHR;Jahr;2025;DLAND;Bundesländer;15;Sachsen-Anhalt;BAUGB2;Gebäudeart;GBD-NW;Nichtwohngebäude;GSSZL1;Geschosszahl;VOLLGSS-02;2 Vollgeschosse;0;1000 qm;FLC014;Wohnfläche der Wohnungen
31121;Statistik der Baufertigstellungen;JAHR;Jahr;2025;DLAND;Bundesländer;15;Sachsen-Anhalt;BAUGB2;Gebäudeart;GBD-NW;Nichtwohngebäude;GSSZL1;Geschosszahl;VOLLGSS-02;2 Vollgeschosse;3;Anzahl;WOHN01;Wohnungen
31121;Statistik der Baufertigstellungen;JAHR;Jahr;2025;DLAND;Bundesländer;15;Sachsen-Anhalt;BAUGB2;Gebäudeart;GBD-NW;Nichtwohngebäude;GSSZL1;Geschosszahl;VOLLGSS-02;2 Vollgeschosse;56;Anzahl;BAU005;Neue Gebäude
31121;Statistik der Baufertigstellungen;JAHR;Jahr;2025;DLAND;Bundesländer;15;Sachsen-Anhalt;BAUGB2;Gebäudeart;GBD-NW;Nichtwohngebäude;GSSZL1;Geschosszahl;VOLLGSS-02;2 Vollgeschosse;149464;Tsd. EUR;VKB001;Veranschlagte Kosten des Bauwerks
31121;Statistik der Baufertigstellungen;JAHR;Jahr;2025;DLAND;Bundesländer;15;Sachsen-Anhalt;BAUGB2;Gebäudeart;GBD-NW;Nichtwohngebäude;GSSZL1;Geschosszahl;VOLLGSS-02;2 Vollgeschosse;1669;1000 cbm;FLC003;Rauminhalt
31121;Statistik der Baufertigstellungen;JAHR;Jahr;2025;DLAND;Bundesländer;15;Sachsen-Anhalt;BAUGB2;Gebäudeart;GBD-NW;Nichtwohngebäude;GSSZL1;Geschosszahl;VOLLGSS-02;2 Vollgeschosse;168;1000 qm;FLC002;Nutzfläche
31121;Statistik der Baufertigstellungen;JAHR;Jahr;2025;DLAND;Bundesländer;11;Berlin;BAUGB2;Gebäudeart;GBD-W-NW;Wohn- und Nichtwohngebäude;GSSZL1;Geschosszahl;VOLLGSS-13UM;13 und mehr Vollgeschosse;5;1000 qm;FLC014;Wohnfläche der Wohnungen
31121;Statistik der Baufertigstellungen;JAHR;Jahr;2025;DLAND;Bundesländer;11;Berlin;BAUGB2;Gebäudeart;GBD-W-NW;Wohn- und Nichtwohngebäude;GSSZL1;Geschosszahl;VOLLGSS-13UM;13 und mehr Vollgeschosse;145;Anzahl;WOHN01;Wohnungen
31121;Statistik der Baufertigstellungen;JAHR;Jahr;2025;DLAND;Bundesländer;11;Berlin;BAUGB2;Gebäudeart;GBD-W-NW;Wohn- und Nichtwohngebäude;GSSZL1;Geschosszahl;VOLLGSS-13UM;13 und mehr Vollgeschosse;2;Anzahl;BAU005;Neue Gebäude
31121;Statistik der Baufertigstellungen;JAHR;Jahr;2025;DLAND;Bundesländer;11;Berlin;BAUGB2;Gebäudeart;GBD-W-NW;Wohn- und Nichtwohngebäude;GSSZL1;Geschosszahl;VOLLGSS-13UM;13 und mehr Vollgeschosse;51695;Tsd. EUR;VKB001;Veranschlagte Kosten des Bauwerks
31121;Statistik der Baufertigstellungen;JAHR;Jahr;2025;DLAND;Bundesländer;11;Berlin;BAUGB2;Gebäudeart;GBD-W-NW;Wohn- und Nichtwohngebäude;GSSZL1;Geschosszahl;VOLLGSS-13UM;13 und mehr Vollgeschosse;117;1000 cbm;FLC003;Rauminhalt
31121;Statistik der Baufertigstellungen;JAHR;Jahr;2025;DLAND;Bundesländer;11;Berlin;BAUGB2;Gebäudeart;GBD-W-NW;Wohn- und Nichtwohngebäude;GSSZL1;Geschosszahl;VOLLGSS-13UM;13 und mehr Vollgeschosse;14;1000 qm;FLC002;Nutzfläche
31121;Statistik der Baufertigstellungen;JAHR;Jahr;2025;DLAND;Bundesländer;03;Niedersachsen;BAUGB2;Gebäudeart;GBD-W;Wohngebäude;GSSZL1;Geschosszahl;VOLLGSS-02;2 Vollgeschosse;629;1000 qm;FLC014;Wohnfläche der Wohnungen
31121;Statistik der Baufertigstellungen;JAHR;Jahr;2025;DLAND;Bundesländer;03;Niedersachsen;BAUGB2;Gebäudeart;GBD-W;Wohngebäude;GSSZL1;Geschosszahl;VOLLGSS-02;2 Vollgeschosse;6395;Anzahl;WOHN01;Wohnungen
31121;Statistik der Baufertigstellungen;JAHR;Jahr;2025;DLAND;Bundesländer;03;Niedersachsen;BAUGB2;Gebäudeart;GBD-W;Wohngebäude;GSSZL1;Geschosszahl;VOLLGSS-02;2 Vollgeschosse;2165;Anzahl;BAU005;Neue Gebäude
31121;Statistik der Baufertigstellungen;JAHR;Jahr;2025;DLAND;Bundesländer;03;Niedersachsen;BAUGB2;Gebäudeart;GBD-W;Wohngebäude;GSSZL1;Geschosszahl;VOLLGSS-02;2 Vollgeschosse;1145476;Tsd. EUR;VKB001;Veranschlagte Kosten des Bauwerks
31121;Statistik der Baufertigstellungen;JAHR;Jahr;2025;DLAND;Bundesländer;03;Niedersachsen;BAUGB2;Gebäudeart;GBD-W;Wohngebäude;GSSZL1;Geschosszahl;VOLLGSS-02;2 Vollgeschosse;3106;1000 cbm;FLC003;Rauminhalt
31121;Statistik der Baufertigstellungen;JAHR;Jahr;2025;DLAND;Bundesländer;03;Niedersachsen;BAUGB2;Gebäudeart;GBD-W;Wohngebäude;GSSZL1;Geschosszahl;VOLLGSS-02;2 Vollgeschosse;127;1000 qm;FLC002;Nutzfläche
31121;Statistik der Baufertigstellungen;JAHR;Jahr;2025;DLAND;Bundesländer;01;Schleswig-Holstein;BAUGB2;Gebäudeart;GBD-NW;Nichtwohngebäude;GSSZL1;Geschosszahl;VOLLGSS-08-12;8-12 Vollgeschosse;-;1000 qm;FLC014;Wohnfläche der Wohnungen
31121;Statistik der Baufertigstellungen;JAHR;Jahr;2025;DLAND;Bundesländer;01;Schleswig-Holstein;BAUGB2;Gebäudeart;GBD-NW;Nichtwohngebäude;GSSZL1;Geschosszahl;VOLLGSS-08-12;8-12 Vollgeschosse;-;Anzahl;WOHN01;Wohnungen
31121;Statistik der Baufertigstellungen;JAHR;Jahr;2025;DLAND;Bundesländer;01;Schleswig-Holstein;BAUGB2;Gebäudeart;GBD-NW;Nichtwohngebäude;GSSZL1;Geschosszahl;VOLLGSS-08-12;8-12 Vollgeschosse;-;Anzahl;BAU005;Neue Gebäude
31121;Statistik der Baufertigstellungen;JAHR;Jahr;2025;DLAND;Bundesländer;01;Schleswig-Holstein;BAUGB2;Gebäudeart;GBD-NW;Nichtwohngebäude;GSSZL1;Geschosszahl;VOLLGSS-08-12;8-12 Vollgeschosse;-;Tsd. EUR;VKB001;Veranschlagte Kosten des Bauwerks
31121;Statistik der Baufertigstellungen;JAHR;Jahr;2025;DLAND;Bundesländer;01;Schleswig-Holstein;BAUGB2;Gebäudeart;GBD-NW;Nichtwohngebäude;GSSZL1;Geschosszahl;VOLLGSS-08-12;8-12 Vollgeschosse;-;1000 cbm;FLC003;Rauminhalt
31121;Statistik der Baufertigstellungen;JAHR;Jahr;2025;DLAND;Bundesländer;01;Schleswig-Holstein;BAUGB2;Gebäudeart;GBD-NW;Nichtwohngebäude;GSSZL1;Geschosszahl;VOLLGSS-08-12;8-12 Vollgeschosse;-;1000 qm;FLC002;Nutzfläche
31121;Statistik der Baufertigstellungen;JAHR;Jahr;2025;DLAND;Bundesländer;05;Nordrhein-Westfalen;BAUGB2;Gebäudeart;GBD-W;Wohngebäude;GSSZL1;Geschosszahl;VOLLGSS-08-12;8-12 Vollgeschosse;7;1000 qm;FLC014;Wohnfläche der Wohnungen
31121;Statistik der Baufertigstellungen;JAHR;Jahr;2025;DLAND;Bundesländer;05;Nordrhein-Westfalen;BAUGB2;Gebäudeart;GBD-W;Wohngebäude;GSSZL1;Geschosszahl;VOLLGSS-08-12;8-12 Vollgeschosse;84;Anzahl;WOHN01;Wohnungen
31121;Statistik der Baufertigstellungen;JAHR;Jahr;2025;DLAND;Bundesländer;05;Nordrhein-Westfalen;BAUGB2;Gebäudeart;GBD-W;Wohngebäude;GSSZL1;Geschosszahl;VOLLGSS-08-12;8-12 Vollgeschosse;2;Anzahl;BAU005;Neue Gebäude
31121;Statistik der Baufertigstellungen;JAHR;Jahr;2025;DLAND;Bundesländer;05;Nordrhein-Westfalen;BAUGB2;Gebäudeart;GBD-W;Wohngebäude;GSSZL1;Geschosszahl;VOLLGSS-08-12;8-12 Vollgeschosse;19483;Tsd. EUR;VKB001;Veranschlagte Kosten des Bauwerks
31121;Statistik der Baufertigstellungen;JAHR;Jahr;2025;DLAND;Bundesländer;05;Nordrhein-Westfalen;BAUGB2;Gebäudeart;GBD-W;Wohngebäude;GSSZL1;Geschosszahl;VOLLGSS-08-12;8-12 Vollgeschosse;44;1000 cbm;FLC003;Rauminhalt
31121;Statistik der Baufertigstellungen;JAHR;Jahr;2025;DLAND;Bundesländer;05;Nordrhein-Westfalen;BAUGB2;Gebäudeart;GBD-W;Wohngebäude;GSSZL1;Geschosszahl;VOLLGSS-08-12;8-12 Vollgeschosse;3;1000 qm;FLC002;Nutzfläche
31121;Statistik der Baufertigstellungen;JAHR;Jahr;2025;DLAND;Bundesländer;08;Baden-Württemberg;BAUGB2;Gebäudeart;GBD-NW;Nichtwohngebäude;GSSZL1;Geschosszahl;VOLLGSS-13UM;13 und mehr Vollgeschosse;-;1000 qm;FLC014;Wohnfläche der Wohnungen
31121;Statistik der Baufertigstellungen;JAHR;Jahr;2025;DLAND;Bundesländer;08;Baden-Württemberg;BAUGB2;Gebäudeart;GBD-NW;Nichtwohngebäude;GSSZL1;Geschosszahl;VOLLGSS-13UM;13 und mehr Vollgeschosse;-;Anzahl;WOHN01;Wohnungen
31121;Statistik der Baufertigstellungen;JAHR;Jahr;2025;DLAND;Bundesländer;08;Baden-Württemberg;BAUGB2;Gebäudeart;GBD-NW;Nichtwohngebäude;GSSZL1;Geschosszahl;VOLLGSS-13UM;13 und mehr Vollgeschosse;-;Anzahl;BAU005;Neue Gebäude
31121;Statistik der Baufertigstellungen;JAHR;Jahr;2025;DLAND;Bundesländer;08;Baden-Württemberg;BAUGB2;Gebäudeart;GBD-NW;Nichtwohngebäude;GSSZL1;Geschosszahl;VOLLGSS-13UM;13 und mehr Vollgeschosse;-;Tsd. EUR;VKB001;Veranschlagte Kosten des Bauwerks
31121;Statistik der Baufertigstellungen;JAHR;Jahr;2025;DLAND;Bundesländer;08;Baden-Württemberg;BAUGB2;Gebäudeart;GBD-NW;Nichtwohngebäude;GSSZL1;Geschosszahl;VOLLGSS-13UM;13 und mehr Vollgeschosse;-;1000 cbm;FLC003;Rauminhalt
31121;Statistik der Baufertigstellungen;JAHR;Jahr;2025;DLAND;Bundesländer;08;Baden-Württemberg;BAUGB2;Gebäudeart;GBD-NW;Nichtwohngebäude;GSSZL1;Geschosszahl;VOLLGSS-13UM;13 und mehr Vollgeschosse;-;1000 qm;FLC002;Nutzfläche
31121;Statistik der Baufertigstellungen;JAHR;Jahr;2025;DLAND;Bundesländer;09;Bayern;BAUGB2;Gebäudeart;GBD-W;Wohngebäude;GSSZL1;Geschosszahl;VOLLGSS-04-05;4-5 Vollgeschosse;459;1000 qm;FLC014;Wohnfläche der Wohnungen
31121;Statistik der Baufertigstellungen;JAHR;Jahr;2025;DLAND;Bundesländer;09;Bayern;BAUGB2;Gebäudeart;GBD-W;Wohngebäude;GSSZL1;Geschosszahl;VOLLGSS-04-05;4-5 Vollgeschosse;7071;Anzahl;WOHN01;Wohnungen
31121;Statistik der Baufertigstellungen;JAHR;Jahr;2025;DLAND;Bundesländer;09;Bayern;BAUGB2;Gebäudeart;GBD-W;Wohngebäude;GSSZL1;Geschosszahl;VOLLGSS-04-05;4-5 Vollgeschosse;357;Anzahl;BAU005;Neue Gebäude
31121;Statistik der Baufertigstellungen;JAHR;Jahr;2025;DLAND;Bundesländer;09;Bayern;BAUGB2;Gebäudeart;GBD-W;Wohngebäude;GSSZL1;Geschosszahl;VOLLGSS-04-05;4-5 Vollgeschosse;1272420;Tsd. EUR;VKB001;Veranschlagte Kosten des Bauwerks
31121;Statistik der Baufertigstellungen;JAHR;Jahr;2025;DLAND;Bundesländer;09;Bayern;BAUGB2;Gebäudeart;GBD-W;Wohngebäude;GSSZL1;Geschosszahl;VOLLGSS-04-05;4-5 Vollgeschosse;2630;1000 cbm;FLC003;Rauminhalt
31121;Statistik der Baufertigstellungen;JAHR;Jahr;2025;DLAND;Bundesländer;09;Bayern;BAUGB2;Gebäudeart;GBD-W;Wohngebäude;GSSZL1;Geschosszahl;VOLLGSS-04-05;4-5 Vollgeschosse;129;1000 qm;FLC002;Nutzfläche
31121;Statistik der Baufertigstellungen;JAHR;Jahr;2025;DLAND;Bundesländer;13;Mecklenburg-Vorpommern;BAUGB2;Gebäudeart;GBD-W;Wohngebäude;GSSZL1;Geschosszahl;VOLLGSS-02;2 Vollgeschosse;72;1000 qm;FLC014;Wohnfläche der Wohnungen
31121;Statistik der Baufertigstellungen;JAHR;Jahr;2025;DLAND;Bundesländer;13;Mecklenburg-Vorpommern;BAUGB2;Gebäudeart;GBD-W;Wohngebäude;GSSZL1;Geschosszahl;VOLLGSS-02;2 Vollgeschosse;726;Anzahl;WOHN01;Wohnungen
31121;Statistik der Baufertigstellungen;JAHR;Jahr;2025;DLAND;Bundesländer;13;Mecklenburg-Vorpommern;BAUGB2;Gebäudeart;GBD-W;Wohngebäude;GSSZL1;Geschosszahl;VOLLGSS-02;2 Vollgeschosse;324;Anzahl;BAU005;Neue Gebäude
31121;Statistik der Baufertigstellungen;JAHR;Jahr;2025;DLAND;Bundesländer;13;Mecklenburg-Vorpommern;BAUGB2;Gebäudeart;GBD-W;Wohngebäude;GSSZL1;Geschosszahl;VOLLGSS-02;2 Vollgeschosse;142793;Tsd. EUR;VKB001;Veranschlagte Kosten des Bauwerks
31121;Statistik der Baufertigstellungen;JAHR;Jahr;2025;DLAND;Bundesländer;13;Mecklenburg-Vorpommern;BAUGB2;Gebäudeart;GBD-W;Wohngebäude;GSSZL1;Geschosszahl;VOLLGSS-02;2 Vollgeschosse;359;1000 cbm;FLC003;Rauminhalt
31121;Statistik der Baufertigstellungen;JAHR;Jahr;2025;DLAND;Bundesländer;13;Mecklenburg-Vorpommern;BAUGB2;Gebäudeart;GBD-W;Wohngebäude;GSSZL1;Geschosszahl;VOLLGSS-02;2 Vollgeschosse;13;1000 qm;FLC002;Nutzfläche
31121;Statistik der Baufertigstellungen;JAHR;Jahr;2025;DLAND;Bundesländer;02;Hamburg;BAUGB2;Gebäudeart;GBD-NW;Nichtwohngebäude;GSSZL1;Geschosszahl;VOLLGSS-01;1 Vollgeschoss;0;1000 qm;FLC014;Wohnfläche der Wohnungen
31121;Statistik der Baufertigstellungen;JAHR;Jahr;2025;DLAND;Bundesländer;02;Hamburg;BAUGB2;Gebäudeart;GBD-NW;Nichtwohngebäude;GSSZL1;Geschosszahl;VOLLGSS-01;1 Vollgeschoss;1;Anzahl;WOHN01;Wohnungen
31121;Statistik der Baufertigstellungen;JAHR;Jahr;2025;DLAND;Bundesländer;02;Hamburg;BAUGB2;Gebäudeart;GBD-NW;Nichtwohngebäude;GSSZL1;Geschosszahl;VOLLGSS-01;1 Vollgeschoss;19;Anzahl;BAU005;Neue Gebäude
31121;Statistik der Baufertigstellungen;JAHR;Jahr;2025;DLAND;Bundesländer;02;Hamburg;BAUGB2;Gebäudeart;GBD-NW;Nichtwohngebäude;GSSZL1;Geschosszahl;VOLLGSS-01;1 Vollgeschoss;16050;Tsd. EUR;VKB001;Veranschlagte Kosten des Bauwerks
31121;Statistik der Baufertigstellungen;JAHR;Jahr;2025;DLAND;Bundesländer;02;Hamburg;BAUGB2;Gebäudeart;GBD-NW;Nichtwohngebäude;GSSZL1;Geschosszahl;VOLLGSS-01;1 Vollgeschoss;104;1000 cbm;FLC003;Rauminhalt
31121;Statistik der Baufertigstellungen;JAHR;Jahr;2025;DLAND;Bundesländer;02;Hamburg;BAUGB2;Gebäudeart;GBD-NW;Nichtwohngebäude;GSSZL1;Geschosszahl;VOLLGSS-01;1 Vollgeschoss;19;1000 qm;FLC002;Nutzfläche
31121;Statistik der Baufertigstellungen;JAHR;Jahr;2025;DLAND;Bundesländer;03;Niedersachsen;BAUGB2;Gebäudeart;GBD-NW;Nichtwohngebäude;GSSZL1;Geschosszahl;VOLLGSS-01;1 Vollgeschoss;4;1000 qm;FLC014;Wohnfläche der Wohnungen
31121;Statistik der Baufertigstellungen;JAHR;Jahr;2025;DLAND;Bundesländer;03;Niedersachsen;BAUGB2;Gebäudeart;GBD-NW;Nichtwohngebäude;GSSZL1;Geschosszahl;VOLLGSS-01;1 Vollgeschoss;35;Anzahl;WOHN01;Wohnungen
31121;Statistik der Baufertigstellungen;JAHR;Jahr;2025;DLAND;Bundesländer;03;Niedersachsen;BAUGB2;Gebäudeart;GBD-NW;Nichtwohngebäude;GSSZL1;Geschosszahl;VOLLGSS-01;1 Vollgeschoss;2139;Anzahl;BAU005;Neue Gebäude
31121;Statistik der Baufertigstellungen;JAHR;Jahr;2025;DLAND;Bundesländer;03;Niedersachsen;BAUGB2;Gebäudeart;GBD-NW;Nichtwohngebäude;GSSZL1;Geschosszahl;VOLLGSS-01;1 Vollgeschoss;1049781;Tsd. EUR;VKB001;Veranschlagte Kosten des Bauwerks
31121;Statistik der Baufertigstellungen;JAHR;Jahr;2025;DLAND;Bundesländer;03;Niedersachsen;BAUGB2;Gebäudeart;GBD-NW;Nichtwohngebäude;GSSZL1;Geschosszahl;VOLLGSS-01;1 Vollgeschoss;11760;1000 cbm;FLC003;Rauminhalt
31121;Statistik der Baufertigstellungen;JAHR;Jahr;2025;DLAND;Bundesländer;03;Niedersachsen;BAUGB2;Gebäudeart;GBD-NW;Nichtwohngebäude;GSSZL1;Geschosszahl;VOLLGSS-01;1 Vollgeschoss;1411;1000 qm;FLC002;Nutzfläche
31121;Statistik der Baufertigstellungen;JAHR;Jahr;2025;DLAND;Bundesländer;01;Schleswig-Holstein;BAUGB2;Gebäudeart;GBD-NW;Nichtwohngebäude;GSSZL1;Geschosszahl;VOLLGSS-01;1 Vollgeschoss;2;1000 qm;FLC014;Wohnfläche der Wohnungen
31121;Statistik der Baufertigstellungen;JAHR;Jahr;2025;DLAND;Bundesländer;01;Schleswig-Holstein;BAUGB2;Gebäudeart;GBD-NW;Nichtwohngebäude;GSSZL1;Geschosszahl;VOLLGSS-01;1 Vollgeschoss;20;Anzahl;WOHN01;Wohnungen
31121;Statistik der Baufertigstellungen;JAHR;Jahr;2025;DLAND;Bundesländer;01;Schleswig-Holstein;BAUGB2;Gebäudeart;GBD-NW;Nichtwohngebäude;GSSZL1;Geschosszahl;VOLLGSS-01;1 Vollgeschoss;559;Anzahl;BAU005;Neue Gebäude
31121;Statistik der Baufertigstellungen;JAHR;Jahr;2025;DLAND;Bundesländer;01;Schleswig-Holstein;BAUGB2;Gebäudeart;GBD-NW;Nichtwohngebäude;GSSZL1;Geschosszahl;VOLLGSS-01;1 Vollgeschoss;395139;Tsd. EUR;VKB001;Veranschlagte Kosten des Bauwerks
31121;Statistik der Baufertigstellungen;JAHR;Jahr;2025;DLAND;Bundesländer;01;Schleswig-Holstein;BAUGB2;Gebäudeart;GBD-NW;Nichtwohngebäude;GSSZL1;Geschosszahl;VOLLGSS-01;1 Vollgeschoss;2686;1000 cbm;FLC003;Rauminhalt
31121;Statistik der Baufertigstellungen;JAHR;Jahr;2025;DLAND;Bundesländer;01;Schleswig-Holstein;BAUGB2;Gebäudeart;GBD-NW;Nichtwohngebäude;GSSZL1;Geschosszahl;VOLLGSS-01;1 Vollgeschoss;383;1000 qm;FLC002;Nutzfläche
31121;Statistik der Baufertigstellungen;JAHR;Jahr;2025;DLAND;Bundesländer;10;Saarland;BAUGB2;Gebäudeart;GBD-NW;Nichtwohngebäude;GSSZL1;Geschosszahl;VOLLGSS-13UM;13 und mehr Vollgeschosse;-;1000 qm;FLC014;Wohnfläche der Wohnungen
31121;Statistik der Baufertigstellungen;JAHR;Jahr;2025;DLAND;Bundesländer;10;Saarland;BAUGB2;Gebäudeart;GBD-NW;Nichtwohngebäude;GSSZL1;Geschosszahl;VOLLGSS-13UM;13 und mehr Vollgeschosse;-;Anzahl;WOHN01;Wohnungen
31121;Statistik der Baufertigstellungen;JAHR;Jahr;2025;DLAND;Bundesländer;10;Saarland;BAUGB2;Gebäudeart;GBD-NW;Nichtwohngebäude;GSSZL1;Geschosszahl;VOLLGSS-13UM;13 und mehr Vollgeschosse;-;Anzahl;BAU005;Neue Gebäude
31121;Statistik der Baufertigstellungen;JAHR;Jahr;2025;DLAND;Bundesländer;10;Saarland;BAUGB2;Gebäudeart;GBD-NW;Nichtwohngebäude;GSSZL1;Geschosszahl;VOLLGSS-13UM;13 und mehr Vollgeschosse;-;Tsd. EUR;VKB001;Veranschlagte Kosten des Bauwerks
31121;Statistik der Baufertigstellungen;JAHR;Jahr;2025;DLAND;Bundesländer;10;Saarland;BAUGB2;Gebäudeart;GBD-NW;Nichtwohngebäude;GSSZL1;Geschosszahl;VOLLGSS-13UM;13 und mehr Vollgeschosse;-;1000 cbm;FLC003;Rauminhalt
31121;Statistik der Baufertigstellungen;JAHR;Jahr;2025;DLAND;Bundesländer;10;Saarland;BAUGB2;Gebäudeart;GBD-NW;Nichtwohngebäude;GSSZL1;Geschosszahl;VOLLGSS-13UM;13 und mehr Vollgeschosse;-;1000 qm;FLC002;Nutzfläche
31121;Statistik der Baufertigstellungen;JAHR;Jahr;2025;DLAND;Bundesländer;01;Schleswig-Holstein;BAUGB2;Gebäudeart;GBD-NW;Nichtwohngebäude;GSSZL1;Geschosszahl;VOLLGSS-13UM;13 und mehr Vollgeschosse;-;1000 qm;FLC014;Wohnfläche der Wohnungen
31121;Statistik der Baufertigstellungen;JAHR;Jahr;2025;DLAND;Bundesländer;01;Schleswig-Holstein;BAUGB2;Gebäudeart;GBD-NW;Nichtwohngebäude;GSSZL1;Geschosszahl;VOLLGSS-13UM;13 und mehr Vollgeschosse;-;Anzahl;WOHN01;Wohnungen
31121;Statistik der Baufertigstellungen;JAHR;Jahr;2025;DLAND;Bundesländer;01;Schleswig-Holstein;BAUGB2;Gebäudeart;GBD-NW;Nichtwohngebäude;GSSZL1;Geschosszahl;VOLLGSS-13UM;13 und mehr Vollgeschosse;-;Anzahl;BAU005;Neue Gebäude
31121;Statistik der Baufertigstellungen;JAHR;Jahr;2025;DLAND;Bundesländer;01;Schleswig-Holstein;BAUGB2;Gebäudeart;GBD-NW;Nichtwohngebäude;GSSZL1;Geschosszahl;VOLLGSS-13UM;13 und mehr Vollgeschosse;-;Tsd. EUR;VKB001;Veranschlagte Kosten des Bauwerks
31121;Statistik der Baufertigstellungen;JAHR;Jahr;2025;DLAND;Bundesländer;01;Schleswig-Holstein;BAUGB2;Gebäudeart;GBD-NW;Nichtwohngebäude;GSSZL1;Geschosszahl;VOLLGSS-13UM;13 und mehr Vollgeschosse;-;1000 cbm;FLC003;Rauminhalt
31121;Statistik der Baufertigstellungen;JAHR;Jahr;2025;DLAND;Bundesländer;01;Schleswig-Holstein;BAUGB2;Gebäudeart;GBD-NW;Nichtwohngebäude;GSSZL1;Geschosszahl;VOLLGSS-13UM;13 und mehr Vollgeschosse;-;1000 qm;FLC002;Nutzfläche
31121;Statistik der Baufertigstellungen;JAHR;Jahr;2025;DLAND;Bundesländer;07;Rheinland-Pfalz;BAUGB2;Gebäudeart;GBD-W-NW;Wohn- und Nichtwohngebäude;GSSZL1;Geschosszahl;VOLLGSS-06-07;6-7 Vollgeschosse;26;1000 qm;FLC014;Wohnfläche der Wohnungen
31121;Statistik der Baufertigstellungen;JAHR;Jahr;2025;DLAND;Bundesländer;07;Rheinland-Pfalz;BAUGB2;Gebäudeart;GBD-W-NW;Wohn- und Nichtwohngebäude;GSSZL1;Geschosszahl;VOLLGSS-06-07;6-7 Vollgeschosse;675;Anzahl;WOHN01;Wohnungen
31121;Statistik der Baufertigstellungen;JAHR;Jahr;2025;DLAND;Bundesländer;07;Rheinland-Pfalz;BAUGB2;Gebäudeart;GBD-W-NW;Wohn- und Nichtwohngebäude;GSSZL1;Geschosszahl;VOLLGSS-06-07;6-7 Vollgeschosse;13;Anzahl;BAU005;Neue Gebäude
31121;Statistik der Baufertigstellungen;JAHR;Jahr;2025;DLAND;Bundesländer;07;Rheinland-Pfalz;BAUGB2;Gebäudeart;GBD-W-NW;Wohn- und Nichtwohngebäude;GSSZL1;Geschosszahl;VOLLGSS-06-07;6-7 Vollgeschosse;234376;Tsd. EUR;VKB001;Veranschlagte Kosten des Bauwerks
31121;Statistik der Baufertigstellungen;JAHR;Jahr;2025;DLAND;Bundesländer;07;Rheinland-Pfalz;BAUGB2;Gebäudeart;GBD-W-NW;Wohn- und Nichtwohngebäude;GSSZL1;Geschosszahl;VOLLGSS-06-07;6-7 Vollgeschosse;489;1000 cbm;FLC003;Rauminhalt
31121;Statistik der Baufertigstellungen;JAHR;Jahr;2025;DLAND;Bundesländer;07;Rheinland-Pfalz;BAUGB2;Gebäudeart;GBD-W-NW;Wohn- und Nichtwohngebäude;GSSZL1;Geschosszahl;VOLLGSS-06-07;6-7 Vollgeschosse;42;1000 qm;FLC002;Nutzfläche
