statistics_code;statistics_label;time_code;time_label;time;1_variable_code;1_variable_label;1_variable_attribute_code;1_variable_attribute_label;2_variable_code;2_variable_label;2_variable_attribute_code;2_variable_attribute_label;value;value_unit;value_variable_code;value_variable_label
46321;Güterverkehrsstatistik der Binnenschifffahrt;JAHR;Jahr;2026;MONAT;Monate;MONAT11;November;DLANDR;Bundesländer mit Restposition;13;Mecklenburg-Vorpommern;...;t;GUT008;Umgeschlagene Güter
46321;Güterverkehrsstatistik der Binnenschifffahrt;JAHR;Jahr;2026;MONAT;Monate;MONAT11;November;DLANDR;Bundesländer mit Restposition;13;Mecklenburg-Vorpommern;...;TEU;CON002;Umgeschlagene Container
46321;Güterverkehrsstatistik der Binnenschifffahrt;JAHR;Jahr;2026;MONAT;Monate;MONAT02;Februar;DLANDR;Bundesländer mit Restposition;12;Brandenburg;9023;t;GUT008;Umgeschlagene Güter
46321;Güterverkehrsstatistik der Binnenschifffahrt;JAHR;Jahr;2026;MONAT;Monate;MONAT02;Februar;DLANDR;Bundesländer mit Restposition;12;Brandenburg;-;TEU;CON002;Umgeschlagene Container
46321;Güterverkehrsstatistik der Binnenschifffahrt;JAHR;Jahr;2026;MONAT;Monate;MONAT08;August;DLANDR;Bundesländer mit Restposition;01;Schleswig-Holstein;...;t;GUT008;Umgeschlagene Güter
46321;Güterverkehrsstatistik der Binnenschifffahrt;JAHR;Jahr;2026;MONAT;Monate;MONAT08;August;DLANDR;Bundesländer mit Restposition;01;Schleswig-Holstein;...;TEU;CON002;Umgeschlagene Container
46321;Güterverkehrsstatistik der Binnenschifffahrt;JAHR;Jahr;2026;MONAT;Monate;MONAT05;Mai;DLANDR;Bundesländer mit Restposition;12;Brandenburg;196088;t;GUT008;Umgeschlagene Güter
46321;Güterverkehrsstatistik der Binnenschifffahrt;JAHR;Jahr;2026;MONAT;Monate;MONAT05;Mai;DLANDR;Bundesländer mit Restposition;12;Brandenburg;-;TEU;CON002;Umgeschlagene Container
46321;Güterverkehrsstatistik der Binnenschifffahrt;JAHR;Jahr;2025;MONAT;Monate;MONAT07;Juli;DLANDR;Bundesländer mit Restposition;08;Baden-Württemberg;2018391;t;GUT008;Umgeschlagene Güter
46321;Güterverkehrsstatistik der Binnenschifffahrt;JAHR;Jahr;2025;MONAT;Monate;MONAT07;Juli;DLANDR;Bundesländer mit Restposition;08;Baden-Württemberg;13610;TEU;CON002;Umgeschlagene Container
46321;Güterverkehrsstatistik der Binnenschifffahrt;JAHR;Jahr;2025;MONAT;Monate;MONAT04;April;DLANDR;Bundesländer mit Restposition;08;Baden-Württemberg;1721277;t;GUT008;Umgeschlagene Güter
46321;Güterverkehrsstatistik der Binnenschifffahrt;JAHR;Jahr;2025;MONAT;Monate;MONAT04;April;DLANDR;Bundesländer mit Restposition;08;Baden-Württemberg;13247;TEU;CON002;Umgeschlagene Container
46321;Güterverkehrsstatistik der Binnenschifffahrt;JAHR;Jahr;2025;MONAT;Monate;MONAT01;Januar;DLANDR;Bundesländer mit Restposition;08;Baden-Württemberg;2285954;t;GUT008;Umgeschlagene Güter
46321;Güterverkehrsstatistik der Binnenschifffahrt;JAHR;Jahr;2025;MONAT;Monate;MONAT01;Januar;DLANDR;Bundesländer mit Restposition;08;Baden-Württemberg;11749;TEU;CON002;Umgeschlagene Container
46321;Güterverkehrsstatistik der Binnenschifffahrt;JAHR;Jahr;2026;MONAT;Monate;MONAT09;September;DLANDR;Bundesländer mit Restposition;06;Hessen;...;t;GUT008;Umgeschlagene Güter
46321;Güterverkehrsstatistik der Binnenschifffahrt;JAHR;Jahr;2026;MONAT;Monate;MONAT09;September;DLANDR;Bundesländer mit Restposition;06;Hessen;...;TEU;CON002;Umgeschlagene Container
46321;Güterverkehrsstatistik der Binnenschifffahrt;JAHR;Jahr;2025;MONAT;Monate;MONAT12;Dezember;DLANDR;Bundesländer mit Restposition;15;Sachsen-Anhalt;418612;t;GUT008;Umgeschlagene Güter
46321;Güterverkehrsstatistik der Binnenschifffahrt;JAHR;Jahr;2025;MONAT;Monate;MONAT12;Dezember;DLANDR;Bundesländer mit Restposition;15;Sachsen-Anhalt;2711;TEU;CON002;Umgeschlagene Container
46321;Güterverkehrsstatistik der Binnenschifffahrt;JAHR;Jahr;2025;MONAT;Monate;MONAT03;März;DLANDR;Bundesländer mit Restposition;14;Sachsen;263;t;GUT008;Umgeschlagene Güter
46321;Güterverkehrsstatistik der Binnenschifffahrt;JAHR;Jahr;2025;MONAT;Monate;MONAT03;März;DLANDR;Bundesländer mit Restposition;14;Sachsen;-;TEU;CON002;Umgeschlagene Container
46321;Güterverkehrsstatistik der Binnenschifffahrt;JAHR;Jahr;2026;MONAT;Monate;MONAT06;Juni;DLANDR;Bundesländer mit Restposition;06;Hessen;582605;t;GUT008;Umgeschlagene Güter
46321;Güterverkehrsstatistik der Binnenschifffahrt;JAHR;Jahr;2026;MONAT;Monate;MONAT06;Juni;DLANDR;Bundesländer mit Restposition;06;Hessen;5038;TEU;CON002;Umgeschlagene Container
46321;Güterverkehrsstatistik der Binnenschifffahrt;JAHR;Jahr;2026;MONAT;Monate;MONAT12;Dezember;DLANDR;Bundesländer mit Restposition;07;Rheinland-Pfalz;...;t;GUT008;Umgeschlagene Güter
46321;Güterverkehrsstatistik der Binnenschifffahrt;JAHR;Jahr;2026;MONAT;Monate;MONAT12;Dezember;DLANDR;Bundesländer mit Restposition;07;Rheinland-Pfalz;...;TEU;CON002;Umgeschlagene Container
46321;Güterverkehrsstatistik der Binnenschifffahrt;JAHR;Jahr;2026;MONAT;Monate;MONAT03;März;DLANDR;Bundesländer mit Restposition;06;Hessen;720335;t;GUT008;Umgeschlagene Güter
46321;Güterverkehrsstatistik der Binnenschifffahrt;JAHR;Jahr;2026;MONAT;Monate;MONAT03;März;DLANDR;Bundesländer mit Restposition;06;Hessen;6868;TEU;CON002;Umgeschlagene Container
46321;Güterverkehrsstatistik der Binnenschifffahrt;JAHR;Jahr;2025;MONAT;Monate;MONAT09;September;DLANDR;Bundesländer mit Restposition;14;Sachsen;-;t;GUT008;Umgeschlagene Güter
46321;Güterverkehrsstatistik der Binnenschifffahrt;JAHR;Jahr;2025;MONAT;Monate;MONAT09;September;DLANDR;Bundesländer mit Restposition;14;Sachsen;-;TEU;CON002;Umgeschlagene Container
46321;Güterverkehrsstatistik der Binnenschifffahrt;JAHR;Jahr;2025;MONAT;Monate;MONAT06;Juni;DLANDR;Bundesländer mit Restposition;14;Sachsen;493;t;GUT008;Umgeschlagene Güter
46321;Güterverkehrsstatistik der Binnenschifffahrt;JAHR;Jahr;2025;MONAT;Monate;MONAT06;Juni;DLANDR;Bundesländer mit Restposition;14;Sachsen;-;TEU;CON002;Umgeschlagene Container
46321;Güterverkehrsstatistik der Binnenschifffahrt;JAHR;Jahr;2026;MONAT;Monate;MONAT11;November;DLANDR;Bundesländer mit Restposition;01;Schleswig-Holstein;...;t;GUT008;Umgeschlagene Güter
46321;Güterverkehrsstatistik der Binnenschifffahrt;JAHR;Jahr;2026;MONAT;Monate;MONAT11;November;DLANDR;Bundesländer mit Restposition;01;Schleswig-Holstein;...;TEU;CON002;Umgeschlagene Container
46321;Güterverkehrsstatistik der Binnenschifffahrt;JAHR;Jahr;2026;MONAT;Monate;MONAT02;Februar;DLANDR;Bundesländer mit Restposition;01;Schleswig-Holstein;214951;t;GUT008;Umgeschlagene Güter
46321;Güterverkehrsstatistik der Binnenschifffahrt;JAHR;Jahr;2026;MONAT;Monate;MONAT02;Februar;DLANDR;Bundesländer mit Restposition;01;Schleswig-Holstein;-;TEU;CON002;Umgeschlagene Container
46321;Güterverkehrsstatistik der Binnenschifffahrt;JAHR;Jahr;2025;MONAT;Monate;MONAT10;Oktober;DLANDR;Bundesländer mit Restposition;08;Baden-Württemberg;2079565;t;GUT008;Umgeschlagene Güter
46321;Güterverkehrsstatistik der Binnenschifffahrt;JAHR;Jahr;2025;MONAT;Monate;MONAT10;Oktober;DLANDR;Bundesländer mit Restposition;08;Baden-Württemberg;10161;TEU;CON002;Umgeschlagene Container
46321;Güterverkehrsstatistik der Binnenschifffahrt;JAHR;Jahr;2026;MONAT;Monate;MONAT05;Mai;DLANDR;Bundesländer mit Restposition;01;Schleswig-Holstein;333898;t;GUT008;Umgeschlagene Güter
46321;Güterverkehrsstatistik der Binnenschifffahrt;JAHR;Jahr;2026;MONAT;Monate;MONAT05;Mai;DLANDR;Bundesländer mit Restposition;01;Schleswig-Holstein;-;TEU;CON002;Umgeschlagene Container
46321;Güterverkehrsstatistik der Binnenschifffahrt;JAHR;Jahr;2026;MONAT;Monate;MONAT08;August;DLANDR;Bundesländer mit Restposition;12;Brandenburg;...;t;GUT008;Umgeschlagene Güter
46321;Güterverkehrsstatistik der Binnenschifffahrt;JAHR;Jahr;2026;MONAT;Monate;MONAT08;August;DLANDR;Bundesländer mit Restposition;12;Brandenburg;...;TEU;CON002;Umgeschlagene Container
46321;Güterverkehrsstatistik der Binnenschifffahrt;JAHR;Jahr;2025;MONAT;Monate;MONAT12;Dezember;DLANDR;Bundesländer mit Restposition;03;Niedersachsen;1711741;t;GUT008;Umgeschlagene Güter
46321;Güterverkehrsstatistik der Binnenschifffahrt;JAHR;Jahr;2025;MONAT;Monate;MONAT12;Dezember;DLANDR;Bundesländer mit Restposition;03;Niedersachsen;7121;TEU;CON002;Umgeschlagene Container
46321;Güterverkehrsstatistik der Binnenschifffahrt;JAHR;Jahr;2025;MONAT;Monate;MONAT11;November;DLANDR;Bundesländer mit Restposition;10;Saarland;277615;t;GUT008;Umgeschlagene Güter
46321;Güterverkehrsstatistik der Binnenschifffahrt;JAHR;Jahr;2025;MONAT;Monate;MONAT11;November;DLANDR;Bundesländer mit Restposition;10;Saarland;-;TEU;CON002;Umgeschlagene Container
46321;Güterverkehrsstatistik der Binnenschifffahrt;JAHR;Jahr;2025;MONAT;Monate;MONAT09;September;DLANDR;Bundesländer mit Restposition;03;Niedersachsen;1930466;t;GUT008;Umgeschlagene Güter
46321;Güterverkehrsstatistik der Binnenschifffahrt;JAHR;Jahr;2025;MONAT;Monate;MONAT09;September;DLANDR;Bundesländer mit Restposition;03;Niedersachsen;7024;TEU;CON002;Umgeschlagene Container
46321;Güterverkehrsstatistik der Binnenschifffahrt;JAHR;Jahr;2025;MONAT;Monate;MONAT06;Juni;DLANDR;Bundesländer mit Restposition;03;Niedersachsen;1975020;t;GUT008;Umgeschlagene Güter
46321;Güterverkehrsstatistik der Binnenschifffahrt;JAHR;Jahr;2025;MONAT;Monate;MONAT06;Juni;DLANDR;Bundesländer mit Restposition;03;Niedersachsen;7465;TEU;CON002;Umgeschlagene Container
46321;Güterverkehrsstatistik der Binnenschifffahrt;JAHR;Jahr;2025;MONAT;Monate;MONAT03;März;DLANDR;Bundesländer mit Restposition;03;Niedersachsen;1651040;t;GUT008;Umgeschlagene Güter
46321;Güterverkehrsstatistik der Binnenschifffahrt;JAHR;Jahr;2025;MONAT;Monate;MONAT03;März;DLANDR;Bundesländer mit Restposition;03;Niedersachsen;7270;TEU;CON002;Umgeschlagene Container
46321;Güterverkehrsstatistik der Binnenschifffahrt;JAHR;Jahr;2025;MONAT;Monate;MONAT06;Juni;DLANDR;Bundesländer mit Restposition;15;Sachsen-Anhalt;461046;t;GUT008;Umgeschlagene Güter
46321;Güterverkehrsstatistik der Binnenschifffahrt;JAHR;Jahr;2025;MONAT;Monate;MONAT06;Juni;DLANDR;Bundesländer mit Restposition;15;Sachsen-Anhalt;2202;TEU;CON002;Umgeschlagene Container
46321;Güterverkehrsstatistik der Binnenschifffahrt;JAHR;Jahr;2026;MONAT;Monate;MONAT11;November;DLANDR;Bundesländer mit Restposition;12;Brandenburg;...;t;GUT008;Umgeschlagene Güter
46321;Güterverkehrsstatistik der Binnenschifffahrt;JAHR;Jahr;2026;MONAT;Monate;MONAT11;November;DLANDR;Bundesländer mit Restposition;12;Brandenburg;...;TEU;CON002;Umgeschlagene Container
46321;Güterverkehrsstatistik der Binnenschifffahrt;JAHR;Jahr;2026;MONAT;Monate;MONAT02;Februar;DLANDR;Bundesländer mit Restposition;11;Berlin;26075;t;GUT008;Umgeschlagene Güter
46321;Güterverkehrsstatistik der Binnenschifffahrt;JAHR;Jahr;2026;MONAT;Monate;MONAT02;Februar;DLANDR;Bundesländer mit Restposition;11;Berlin;-;TEU;CON002;Umgeschlagene Container
46321;Güterverkehrsstatistik der Binnenschifffahrt;JAHR;Jahr;2025;MONAT;Monate;MONAT04;April;DLANDR;Bundesländer mit Restposition;07;Rheinland-Pfalz;1404694;t;GUT008;Umgeschlagene Güter
46321;Güterverkehrsstatistik der Binnenschifffahrt;JAHR;Jahr;2025;MONAT;Monate;MONAT04;April;DLANDR;Bundesländer mit Restposition;07;Rheinland-Pfalz;34194;TEU;CON002;Umgeschlagene Container
46321;Güterverkehrsstatistik der Binnenschifffahrt;JAHR;Jahr;2026;MONAT;Monate;MONAT05;Mai;DLANDR;Bundesländer mit Restposition;11;Berlin;114175;t;GUT008;Umgeschlagene Güter
46321;Güterverkehrsstatistik der Binnenschifffahrt;JAHR;Jahr;2026;MONAT;Monate;MONAT05;Mai;DLANDR;Bundesländer mit Restposition;11;Berlin;-;TEU;CON002;Umgeschlagene Container
46321;Güterverkehrsstatistik der Binnenschifffahrt;JAHR;Jahr;2025;MONAT;Monate;MONAT01;Januar;DLANDR;Bundesländer mit Restposition;18;Restposition;-;t;GUT008;Umgeschlagene Güter
46321;Güterverkehrsstatistik der Binnenschifffahrt;JAHR;Jahr;2025;MONAT;Monate;MONAT01;Januar;DLANDR;Bundesländer mit Restposition;18;Restposition;-;TEU;CON002;Umgeschlagene Container
46321;Güterverkehrsstatistik der Binnenschifffahrt;JAHR;Jahr;2025;MONAT;Monate;MONAT07;Juli;DLANDR;Bundesländer mit Restposition;07;Rheinland-Pfalz;1429725;t;GUT008;Umgeschlagene Güter
46321;Güterverkehrsstatistik der Binnenschifffahrt;JAHR;Jahr;2025;MONAT;Monate;MONAT07;Juli;DLANDR;Bundesländer mit Restposition;07;Rheinland-Pfalz;33260;TEU;CON002;Umgeschlagene Container
46321;Güterverkehrsstatistik der Binnenschifffahrt;JAHR;Jahr;2026;MONAT;Monate;MONAT09;September;DLANDR;Bundesländer mit Restposition;07;Rheinland-Pfalz;...;t;GUT008;Umgeschlagene Güter
46321;Güterverkehrsstatistik der Binnenschifffahrt;JAHR;Jahr;2026;MONAT;Monate;MONAT09;September;DLANDR;Bundesländer mit Restposition;07;Rheinland-Pfalz;...;TEU;CON002;Umgeschlagene Container
46321;Güterverkehrsstatistik der Binnenschifffahrt;JAHR;Jahr;2025;MONAT;Monate;MONAT12;Dezember;DLANDR;Bundesländer mit Restposition;16;Thüringen;x;t;GUT008;Umgeschlagene Güter
46321;Güterverkehrsstatistik der Binnenschifffahrt;JAHR;Jahr;2025;MONAT;Monate;MONAT12;Dezember;DLANDR;Bundesländer mit Restposition;16;Thüringen;x;TEU;CON002;Umgeschlagene Container
46321;Güterverkehrsstatistik der Binnenschifffahrt;JAHR;Jahr;2025;MONAT;Monate;MONAT01;Januar;DLANDR;Bundesländer mit Restposition;07;Rheinland-Pfalz;1641239;t;GUT008;Umgeschlagene Güter
46321;Güterverkehrsstatistik der Binnenschifffahrt;JAHR;Jahr;2025;MONAT;Monate;MONAT01;Januar;DLANDR;Bundesländer mit Restposition;07;Rheinland-Pfalz;30966;TEU;CON002;Umgeschlagene Container
46321;Güterverkehrsstatistik der Binnenschifffahrt;JAHR;Jahr;2025;MONAT;Monate;MONAT03;März;DLANDR;Bundesländer mit Restposition;15;Sachsen-Anhalt;505224;t;GUT008;Umgeschlagene Güter
46321;Güterverkehrsstatistik der Binnenschifffahrt;JAHR;Jahr;2025;MONAT;Monate;MONAT03;März;DLANDR;Bundesländer mit Restposition;15;Sachsen-Anhalt;3251;TEU;CON002;Umgeschlagene Container
46321;Güterverkehrsstatistik der Binnenschifffahrt;JAHR;Jahr;2026;MONAT;Monate;MONAT12;Dezember;DLANDR;Bundesländer mit Restposition;06;Hessen;...;t;GUT008;Umgeschlagene Güter
46321;Güterverkehrsstatistik der Binnenschifffahrt;JAHR;Jahr;2026;MONAT;Monate;MONAT12;Dezember;DLANDR;Bundesländer mit Restposition;06;Hessen;...;TEU;CON002;Umgeschlagene Container
46321;Güterverkehrsstatistik der Binnenschifffahrt;JAHR;Jahr;2025;MONAT;Monate;MONAT09;September;DLANDR;Bundesländer mit Restposition;15;Sachsen-Anhalt;560610;t;GUT008;Umgeschlagene Güter
46321;Güterverkehrsstatistik der Binnenschifffahrt;JAHR;Jahr;2025;MONAT;Monate;MONAT09;September;DLANDR;Bundesländer mit Restposition;15;Sachsen-Anhalt;2891;TEU;CON002;Umgeschlagene Container
46321;Güterverkehrsstatistik der Binnenschifffahrt;JAHR;Jahr;2026;MONAT;Monate;MONAT06;Juni;DLANDR;Bundesländer mit Restposition;07;Rheinland-Pfalz;1490516;t;GUT008;Umgeschlagene Güter
46321;Güterverkehrsstatistik der Binnenschifffahrt;JAHR;Jahr;2026;MONAT;Monate;MONAT06;Juni;DLANDR;Bundesländer mit Restposition;07;Rheinland-Pfalz;20460;TEU;CON002;Umgeschlagene Container
46321;Güterverkehrsstatistik der Binnenschifffahrt;JAHR;Jahr;2026;MONAT;Monate;MONAT03;März;DLANDR;Bundesländer mit Restposition;07;Rheinland-Pfalz;1632412;t;GUT008;Umgeschlagene Güter
46321;Güterverkehrsstatistik der Binnenschifffahrt;JAHR;Jahr;2026;MONAT;Monate;MONAT03;März;DLANDR;Bundesländer mit Restposition;07;Rheinland-Pfalz;31896;TEU;CON002;Umgeschlagene Container
46321;Güterverkehrsstatistik der Binnenschifffahrt;JAHR;Jahr;2025;MONAT;Monate;MONAT06;Juni;DLANDR;Bundesländer mit Restposition;04;Bremen;312442;t;GUT008;Umgeschlagene Güter
46321;Güterverkehrsstatistik der Binnenschifffahrt;JAHR;Jahr;2025;MONAT;Monate;MONAT06;Juni;DLANDR;Bundesländer mit Restposition;04;Bremen;15160;TEU;CON002;Umgeschlagene Container
46321;Güterverkehrsstatistik der Binnenschifffahrt;JAHR;Jahr;2025;MONAT;Monate;MONAT10;Oktober;DLANDR;Bundesländer mit Restposition;07;Rheinland-Pfalz;1328808;t;GUT008;Umgeschlagene Güter
46321;Güterverkehrsstatistik der Binnenschifffahrt;JAHR;Jahr;2025;MONAT;Monate;MONAT10;Oktober;DLANDR;Bundesländer mit Restposition;07;Rheinland-Pfalz;26218;TEU;CON002;Umgeschlagene Container
46321;Güterverkehrsstatistik der Binnenschifffahrt;JAHR;Jahr;2025;MONAT;Monate;MONAT04;April;DLANDR;Bundesländer mit Restposition;18;Restposition;-;t;GUT008;Umgeschlagene Güter
46321;Güterverkehrsstatistik der Binnenschifffahrt;JAHR;Jahr;2025;MONAT;Monate;MONAT04;April;DLANDR;Bundesländer mit Restposition;18;Restposition;-;TEU;CON002;Umgeschlagene Container
46321;Güterverkehrsstatistik der Binnenschifffahrt;JAHR;Jahr;2025;MONAT;Monate;MONAT07;Juli;DLANDR;Bundesländer mit Restposition;18;Restposition;-;t;GUT008;Umgeschlagene Güter
46321;Güterverkehrsstatistik der Binnenschifffahrt;JAHR;Jahr;2025;MONAT;Monate;MONAT07;Juli;DLANDR;Bundesländer mit Restposition;18;Restposition;-;TEU;CON002;Umgeschlagene Container
46321;Güterverkehrsstatistik der Binnenschifffahrt;JAHR;Jahr;2025;MONAT;Monate;MONAT12;Dezember;DLANDR;Bundesländer mit Restposition;04;Bremen;221047;t;GUT008;Umgeschlagene Güter
46321;Güterverkehrsstatistik der Binnenschifffahrt;JAHR;Jahr;2025;MONAT;Monate;MONAT12;Dezember;DLANDR;Bundesländer mit Restposition;04;Bremen;10427;TEU;CON002;Umgeschlagene Container
46321;Güterverkehrsstatistik der Binnenschifffahrt;JAHR;Jahr;2026;MONAT;Monate;MONAT08;August;DLANDR;Bundesländer mit Restposition;11;Berlin;...;t;GUT008;Umgeschlagene Güter
46321;Güterverkehrsstatistik der Binnenschifffahrt;JAHR;Jahr;2026;MONAT;Monate;MONAT08;August;DLANDR;Bundesländer mit Restposition;11;Berlin;...;TEU;CON002;Umgeschlagene Container
46321;Güterverkehrsstatistik der Binnenschifffahrt;JAHR;Jahr;2026;MONAT;Monate;MONAT12;Dezember;DLANDR;Bundesländer mit Restposition;18;Restposition;...;t;GUT008;Umgeschlagene Güter
46321;Güterverkehrsstatistik der Binnenschifffahrt;JAHR;Jahr;2026;MONAT;Monate;MONAT12;Dezember;DLANDR;Bundesländer mit Restposition;18;Restposition;...;TEU;CON002;Umgeschlagene Container
46321;Güterverkehrsstatistik der Binnenschifffahrt;JAHR;Jahr;2025;MONAT;Monate;MONAT09;September;DLANDR;Bundesländer mit Restposition;04;Bremen;261458;t;GUT008;Umgeschlagene Güter
46321;Güterverkehrsstatistik der Binnenschifffahrt;JAHR;Jahr;2025;MONAT;Monate;MONAT09;September;DLANDR;Bundesländer mit Restposition;04;Bremen;12477;TEU;CON002;Umgeschlagene Container
46321;Güterverkehrsstatistik der Binnenschifffahrt;JAHR;Jahr;2026;MONAT;Monate;MONAT03;März;DLANDR;Bundesländer mit Restposition;18;Restposition;-;t;GUT008;Umgeschlagene Güter
46321;Güterverkehrsstatistik der Binnenschifffahrt;JAHR;Jahr;2026;MONAT;Monate;MONAT03;März;DLANDR;Bundesländer mit Restposition;18;Restposition;-;TEU;CON002;Umgeschlagene Container
46321;Güterverkehrsstatistik der Binnenschifffahrt;JAHR;Jahr;2026;MONAT;Monate;MONAT06;Juni;DLANDR;Bundesländer mit Restposition;18;Restposition;-;t;GUT008;Umgeschlagene Güter
46321;Güterverkehrsstatistik der Binnenschifffahrt;JAHR;Jahr;2026;MONAT;Monate;MONAT06;Juni;DLANDR;Bundesländer mit Restposition;18;Restposition;-;TEU;CON002;Umgeschlagene Container
46321;Güterverkehrsstatistik der Binnenschifffahrt;JAHR;Jahr;2025;MONAT;Monate;MONAT03;März;DLANDR;Bundesländer mit Restposition;04;Bremen;306385;t;GUT008;Umgeschlagene Güter
46321;Güterverkehrsstatistik der Binnenschifffahrt;JAHR;Jahr;2025;MONAT;Monate;MONAT03;März;DLANDR;Bundesländer mit Restposition;04;Bremen;15475;TEU;CON002;Umgeschlagene Container
46321;Güterverkehrsstatistik der Binnenschifffahrt;JAHR;Jahr;2026;MONAT;Monate;MONAT09;September;DLANDR;Bundesländer mit Restposition;18;Restposition;...;t;GUT008;Umgeschlagene Güter
46321;Güterverkehrsstatistik der Binnenschifffahrt;JAHR;Jahr;2026;MONAT;Monate;MONAT09;September;DLANDR;Bundesländer mit Restposition;18;Restposition;...;TEU;CON002;Umgeschlagene Container
46321;Güterverkehrsstatistik der Binnenschifffahrt;JAHR;Jahr;2025;MONAT;Monate;MONAT06;Juni;DLANDR;Bundesländer mit Restposition;16;Thüringen;x;t;GUT008;Umgeschlagene Güter
46321;Güterverkehrsstatistik der Binnenschifffahrt;JAHR;Jahr;2025;MONAT;Monate;MONAT06;Juni;DLANDR;Bundesländer mit Restposition;16;Thüringen;x;TEU;CON002;Umgeschlagene Container
46321;Güterverkehrsstatistik der Binnenschifffahrt;JAHR;Jahr;2026;MONAT;Monate;MONAT12;Dezember;DLANDR;Bundesländer mit Restposition;09;Bayern;...;t;GUT008;Umgeschlagene Güter
46321;Güterverkehrsstatistik der Binnenschifffahrt;JAHR;Jahr;2026;MONAT;Monate;MONAT12;Dezember;DLANDR;Bundesländer mit Restposition;09;Bayern;...;TEU;CON002;Umgeschlagene Container
46321;Güterverkehrsstatistik der Binnenschifffahrt;JAHR;Jahr;2026;MONAT;Monate;MONAT02;Februar;DLANDR;Bundesländer mit Restposition;10;Saarland;290692;t;GUT008;Umgeschlagene Güter
46321;Güterverkehrsstatistik der Binnenschifffahrt;JAHR;Jahr;2026;MONAT;Monate;MONAT02;Februar;DLANDR;Bundesländer mit Restposition;10;Saarland;-;TEU;CON002;Umgeschlagene Container
46321;Güterverkehrsstatistik der Binnenschifffahrt;JAHR;Jahr;2026;MONAT;Monate;MONAT05;Mai;DLANDR;Bundesländer mit Restposition;10;Saarland;281275;t;GUT008;Umgeschlagene Güter
46321;Güterverkehrsstatistik der Binnenschifffahrt;JAHR;Jahr;2026;MONAT;Monate;MONAT05;Mai;DLANDR;Bundesländer mit Restposition;10;Saarland;-;TEU;CON002;Umgeschlagene Container
46321;Güterverkehrsstatistik der Binnenschifffahrt;JAHR;Jahr;2026;MONAT;Monate;MONAT11;November;DLANDR;Bundesländer mit Restposition;11;Berlin;...;t;GUT008;Umgeschlagene Güter
46321;Güterverkehrsstatistik der Binnenschifffahrt;JAHR;Jahr;2026;MONAT;Monate;MONAT11;November;DLANDR;Bundesländer mit Restposition;11;Berlin;...;TEU;CON002;Umgeschlagene Container
46321;Güterverkehrsstatistik der Binnenschifffahrt;JAHR;Jahr;2025;MONAT;Monate;MONAT03;März;DLANDR;Bundesländer mit Restposition;16;Thüringen;x;t;GUT008;Umgeschlagene Güter
46321;Güterverkehrsstatistik der Binnenschifffahrt;JAHR;Jahr;2025;MONAT;Monate;MONAT03;März;DLANDR;Bundesländer mit Restposition;16;Thüringen;x;TEU;CON002;Umgeschlagene Container
46321;Güterverkehrsstatistik der Binnenschifffahrt;JAHR;Jahr;2025;MONAT;Monate;MONAT09;September;DLANDR;Bundesländer mit Restposition;16;Thüringen;x;t;GUT008;Umgeschlagene Güter
46321;Güterverkehrsstatistik der Binnenschifffahrt;JAHR;Jahr;2025;MONAT;Monate;MONAT09;September;DLANDR;Bundesländer mit Restposition;16;Thüringen;x;TEU;CON002;Umgeschlagene Container
46321;Güterverkehrsstatistik der Binnenschifffahrt;JAHR;Jahr;2026;MONAT;Monate;MONAT03;März;DLANDR;Bundesländer mit Restposition;08;Baden-Württemberg;2465550;t;GUT008;Umgeschlagene Güter
46321;Güterverkehrsstatistik der Binnenschifffahrt;JAHR;Jahr;2026;MONAT;Monate;MONAT03;März;DLANDR;Bundesländer mit Restposition;08;Baden-Württemberg;15410;TEU;CON002;Umgeschlagene Container
46321;Güterverkehrsstatistik der Binnenschifffahrt;JAHR;Jahr;2026;MONAT;Monate;MONAT09;September;DLANDR;Bundesländer mit Restposition;08;Baden-Württemberg;...;t;GUT008;Umgeschlagene Güter
46321;Güterverkehrsstatistik der Binnenschifffahrt;JAHR;Jahr;2026;MONAT;Monate;MONAT09;September;DLANDR;Bundesländer mit Restposition;08;Baden-Württemberg;...;TEU;CON002;Umgeschlagene Container
46321;Güterverkehrsstatistik der Binnenschifffahrt;JAHR;Jahr;2026;MONAT;Monate;MONAT06;Juni;DLANDR;Bundesländer mit Restposition;08;Baden-Württemberg;1849128;t;GUT008;Umgeschlagene Güter
46321;Güterverkehrsstatistik der Binnenschifffahrt;JAHR;Jahr;2026;MONAT;Monate;MONAT06;Juni;DLANDR;Bundesländer mit Restposition;08;Baden-Württemberg;11570;TEU;CON002;Umgeschlagene Container
46321;Güterverkehrsstatistik der Binnenschifffahrt;JAHR;Jahr;2025;MONAT;Monate;MONAT06;Juni;DLANDR;Bundesländer mit Restposition;05;Nordrhein-Westfalen;8054491;t;GUT008;Umgeschlagene Güter
46321;Güterverkehrsstatistik der Binnenschifffahrt;JAHR;Jahr;2025;MONAT;Monate;MONAT06;Juni;DLANDR;Bundesländer mit Restposition;05;Nordrhein-Westfalen;78815;TEU;CON002;Umgeschlagene Container
46321;Güterverkehrsstatistik der Binnenschifffahrt;JAHR;Jahr;2026;MONAT;Monate;MONAT08;August;DLANDR;Bundesländer mit Restposition;10;Saarland;...;t;GUT008;Umgeschlagene Güter
46321;Güterverkehrsstatistik der Binnenschifffahrt;JAHR;Jahr;2026;MONAT;Monate;MONAT08;August;DLANDR;Bundesländer mit Restposition;10;Saarland;...;TEU;CON002;Umgeschlagene Container
46321;Güterverkehrsstatistik der Binnenschifffahrt;JAHR;Jahr;2025;MONAT;Monate;MONAT12;Dezember;DLANDR;Bundesländer mit Restposition;05;Nordrhein-Westfalen;7835373;t;GUT008;Umgeschlagene Güter
46321;Güterverkehrsstatistik der Binnenschifffahrt;JAHR;Jahr;2025;MONAT;Monate;MONAT12;Dezember;DLANDR;Bundesländer mit Restposition;05;Nordrhein-Westfalen;70194;TEU;CON002;Umgeschlagene Container
46321;Güterverkehrsstatistik der Binnenschifffahrt;JAHR;Jahr;2025;MONAT;Monate;MONAT09;September;DLANDR;Bundesländer mit Restposition;05;Nordrhein-Westfalen;8301610;t;GUT008;Umgeschlagene Güter
46321;Güterverkehrsstatistik der Binnenschifffahrt;JAHR;Jahr;2025;MONAT;Monate;MONAT09;September;DLANDR;Bundesländer mit Restposition;05;Nordrhein-Westfalen;75852;TEU;CON002;Umgeschlagene Container
46321;Güterverkehrsstatistik der Binnenschifffahrt;JAHR;Jahr;2025;MONAT;Monate;MONAT03;März;DLANDR;Bundesländer mit Restposition;05;Nordrhein-Westfalen;8518395;t;GUT008;Umgeschlagene Güter
46321;Güterverkehrsstatistik der Binnenschifffahrt;JAHR;Jahr;2025;MONAT;Monate;MONAT03;März;DLANDR;Bundesländer mit Restposition;05;Nordrhein-Westfalen;79351;TEU;CON002;Umgeschlagene Container
46321;Güterverkehrsstatistik der Binnenschifffahrt;JAHR;Jahr;2026;MONAT;Monate;MONAT12;Dezember;DLANDR;Bundesländer mit Restposition;08;Baden-Württemberg;...;t;GUT008;Umgeschlagene Güter
46321;Güterverkehrsstatistik der Binnenschifffahrt;JAHR;Jahr;2026;MONAT;Monate;MONAT12;Dezember;DLANDR;Bundesländer mit Restposition;08;Baden-Württemberg;...;TEU;CON002;Umgeschlagene Container
46321;Güterverkehrsstatistik der Binnenschifffahrt;JAHR;Jahr;2026;MONAT;Monate;MONAT11;November;DLANDR;Bundesländer mit Restposition;10;Saarland;...;t;GUT008;Umgeschlagene Güter
46321;Güterverkehrsstatistik der Binnenschifffahrt;JAHR;Jahr;2026;MONAT;Monate;MONAT11;November;DLANDR;Bundesländer mit Restposition;10;Saarland;...;TEU;CON002;Umgeschlagene Container
46321;Güterverkehrsstatistik der Binnenschifffahrt;JAHR;Jahr;2025;MONAT;Monate;MONAT07;Juli;DLANDR;Bundesländer mit Restposition;09;Bayern;457109;t;GUT008;Umgeschlagene Güter
46321;Güterverkehrsstatistik der Binnenschifffahrt;JAHR;Jahr;2025;MONAT;Monate;MONAT07;Juli;DLANDR;Bundesländer mit Restposition;09;Bayern;128;TEU;CON002;Umgeschlagene Container
46321;Güterverkehrsstatistik der Binnenschifffahrt;JAHR;Jahr;2025;MONAT;Monate;MONAT04;April;DLANDR;Bundesländer mit Restposition;09;Bayern;319556;t;GUT008;Umgeschlagene Güter
46321;Güterverkehrsstatistik der Binnenschifffahrt;JAHR;Jahr;2025;MONAT;Monate;MONAT04;April;DLANDR;Bundesländer mit Restposition;09;Bayern;-;TEU;CON002;Umgeschlagene Container
46321;Güterverkehrsstatistik der Binnenschifffahrt;JAHR;Jahr;2025;MONAT;Monate;MONAT01;Januar;DLANDR;Bundesländer mit Restposition;09;Bayern;400363;t;GUT008;Umgeschlagene Güter
46321;Güterverkehrsstatistik der Binnenschifffahrt;JAHR;Jahr;2025;MONAT;Monate;MONAT01;Januar;DLANDR;Bundesländer mit Restposition;09;Bayern;96;TEU;CON002;Umgeschlagene Container
46321;Güterverkehrsstatistik der Binnenschifffahrt;JAHR;Jahr;2025;MONAT;Monate;MONAT12;Dezember;DLANDR;Bundesländer mit Restposition;18;Restposition;-;t;GUT008;Umgeschlagene Güter
46321;Güterverkehrsstatistik der Binnenschifffahrt;JAHR;Jahr;2025;MONAT;Monate;MONAT12;Dezember;DLANDR;Bundesländer mit Restposition;18;Restposition;-;TEU;CON002;Umgeschlagene Container
46321;Güterverkehrsstatistik der Binnenschifffahrt;JAHR;Jahr;2026;MONAT;Monate;MONAT06;Juni;DLANDR;Bundesländer mit Restposition;09;Bayern;499414;t;GUT008;Umgeschlagene Güter
46321;Güterverkehrsstatistik der Binnenschifffahrt;JAHR;Jahr;2026;MONAT;Monate;MONAT06;Juni;DLANDR;Bundesländer mit Restposition;09;Bayern;-;TEU;CON002;Umgeschlagene Container
46321;Güterverkehrsstatistik der Binnenschifffahrt;JAHR;Jahr;2026;MONAT;Monate;MONAT09;September;DLANDR;Bundesländer mit Restposition;09;Bayern;...;t;GUT008;Umgeschlagene Güter
46321;Güterverkehrsstatistik der Binnenschifffahrt;JAHR;Jahr;2026;MONAT;Monate;MONAT09;September;DLANDR;Bundesländer mit Restposition;09;Bayern;...;TEU;CON002;Umgeschlagene Container
46321;Güterverkehrsstatistik der Binnenschifffahrt;JAHR;Jahr;2026;MONAT;Monate;MONAT03;März;DLANDR;Bundesländer mit Restposition;09;Bayern;294764;t;GUT008;Umgeschlagene Güter
46321;Güterverkehrsstatistik der Binnenschifffahrt;JAHR;Jahr;2026;MONAT;Monate;MONAT03;März;DLANDR;Bundesländer mit Restposition;09;Bayern;-;TEU;CON002;Umgeschlagene Container
46321;Güterverkehrsstatistik der Binnenschifffahrt;JAHR;Jahr;2025;MONAT;Monate;MONAT06;Juni;DLANDR;Bundesländer mit Restposition;06;Hessen;689486;t;GUT008;Umgeschlagene Güter
46321;Güterverkehrsstatistik der Binnenschifffahrt;JAHR;Jahr;2025;MONAT;Monate;MONAT06;Juni;DLANDR;Bundesländer mit Restposition;06;Hessen;6654;TEU;CON002;Umgeschlagene Container
46321;Güterverkehrsstatistik der Binnenschifffahrt;JAHR;Jahr;2025;MONAT;Monate;MONAT10;Oktober;DLANDR;Bundesländer mit Restposition;09;Bayern;423313;t;GUT008;Umgeschlagene Güter
46321;Güterverkehrsstatistik der Binnenschifffahrt;JAHR;Jahr;2025;MONAT;Monate;MONAT10;Oktober;DLANDR;Bundesländer mit Restposition;09;Bayern;-;TEU;CON002;Umgeschlagene Container
46321;Güterverkehrsstatistik der Binnenschifffahrt;JAHR;Jahr;2025;MONAT;Monate;MONAT12;Dezember;DLANDR;Bundesländer mit Restposition;06;Hessen;691025;t;GUT008;Umgeschlagene Güter
46321;Güterverkehrsstatistik der Binnenschifffahrt;JAHR;Jahr;2025;MONAT;Monate;MONAT12;Dezember;DLANDR;Bundesländer mit Restposition;06;Hessen;4134;TEU;CON002;Umgeschlagene Container
46321;Güterverkehrsstatistik der Binnenschifffahrt;JAHR;Jahr;2025;MONAT;Monate;MONAT09;September;DLANDR;Bundesländer mit Restposition;06;Hessen;744850;t;GUT008;Umgeschlagene Güter
46321;Güterverkehrsstatistik der Binnenschifffahrt;JAHR;Jahr;2025;MONAT;Monate;MONAT09;September;DLANDR;Bundesländer mit Restposition;06;Hessen;4964;TEU;CON002;Umgeschlagene Container
46321;Güterverkehrsstatistik der Binnenschifffahrt;JAHR;Jahr;2025;MONAT;Monate;MONAT03;März;DLANDR;Bundesländer mit Restposition;06;Hessen;767290;t;GUT008;Umgeschlagene Güter
46321;Güterverkehrsstatistik der Binnenschifffahrt;JAHR;Jahr;2025;MONAT;Monate;MONAT03;März;DLANDR;Bundesländer mit Restposition;06;Hessen;5770;TEU;CON002;Umgeschlagene Container
46321;Güterverkehrsstatistik der Binnenschifffahrt;JAHR;Jahr;2025;MONAT;Monate;MONAT02;Februar;DLANDR;Bundesländer mit Restposition;01;Schleswig-Holstein;282643;t;GUT008;Umgeschlagene Güter
46321;Güterverkehrsstatistik der Binnenschifffahrt;JAHR;Jahr;2025;MONAT;Monate;MONAT02;Februar;DLANDR;Bundesländer mit Restposition;01;Schleswig-Holstein;-;TEU;CON002;Umgeschlagene Container
46321;Güterverkehrsstatistik der Binnenschifffahrt;JAHR;Jahr;2026;MONAT;Monate;MONAT03;März;DLANDR;Bundesländer mit Restposition;02;Hamburg;646444;t;GUT008;Umgeschlagene Güter
46321;Güterverkehrsstatistik der Binnenschifffahrt;JAHR;Jahr;2026;MONAT;Monate;MONAT03;März;DLANDR;Bundesländer mit Restposition;02;Hamburg;9794;TEU;CON002;Umgeschlagene Container
46321;Güterverkehrsstatistik der Binnenschifffahrt;JAHR;Jahr;2025;MONAT;Monate;MONAT06;Juni;DLANDR;Bundesländer mit Restposition;18;Restposition;-;t;GUT008;Umgeschlagene Güter
46321;Güterverkehrsstatistik der Binnenschifffahrt;JAHR;Jahr;2025;MONAT;Monate;MONAT06;Juni;DLANDR;Bundesländer mit Restposition;18;Restposition;-;TEU;CON002;Umgeschlagene Container
46321;Güterverkehrsstatistik der Binnenschifffahrt;JAHR;Jahr;2025;MONAT;Monate;MONAT10;Oktober;DLANDR;Bundesländer mit Restposition;16;Thüringen;x;t;GUT008;Umgeschlagene Güter
46321;Güterverkehrsstatistik der Binnenschifffahrt;JAHR;Jahr;2025;MONAT;Monate;MONAT10;Oktober;DLANDR;Bundesländer mit Restposition;16;Thüringen;x;TEU;CON002;Umgeschlagene Container
46321;Güterverkehrsstatistik der Binnenschifffahrt;JAHR;Jahr;2025;MONAT;Monate;MONAT03;März;DLANDR;Bundesländer mit Restposition;18;Restposition;-;t;GUT008;Umgeschlagene Güter
46321;Güterverkehrsstatistik der Binnenschifffahrt;JAHR;Jahr;2025;MONAT;Monate;MONAT03;März;DLANDR;Bundesländer mit Restposition;18;Restposition;-;TEU;CON002;Umgeschlagene Container
46321;Güterverkehrsstatistik der Binnenschifffahrt;JAHR;Jahr;2026;MONAT;Monate;MONAT06;Juni;DLANDR;Bundesländer mit Restposition;02;Hamburg;595930;t;GUT008;Umgeschlagene Güter
46321;Güterverkehrsstatistik der Binnenschifffahrt;JAHR;Jahr;2026;MONAT;Monate;MONAT06;Juni;DLANDR;Bundesländer mit Restposition;02;Hamburg;8877;TEU;CON002;Umgeschlagene Container
46321;Güterverkehrsstatistik der Binnenschifffahrt;JAHR;Jahr;2025;MONAT;Monate;MONAT07;Juli;DLANDR;Bundesländer mit Restposition;04;Bremen;317840;t;GUT008;Umgeschlagene Güter
46321;Güterverkehrsstatistik der Binnenschifffahrt;JAHR;Jahr;2025;MONAT;Monate;MONAT07;Juli;DLANDR;Bundesländer mit Restposition;04;Bremen;15222;TEU;CON002;Umgeschlagene Container
46321;Güterverkehrsstatistik der Binnenschifffahrt;JAHR;Jahr;2025;MONAT;Monate;MONAT05;Mai;DLANDR;Bundesländer mit Restposition;01;Schleswig-Holstein;316029;t;GUT008;Umgeschlagene Güter
46321;Güterverkehrsstatistik der Binnenschifffahrt;JAHR;Jahr;2025;MONAT;Monate;MONAT05;Mai;DLANDR;Bundesländer mit Restposition;01;Schleswig-Holstein;-;TEU;CON002;Umgeschlagene Container
46321;Güterverkehrsstatistik der Binnenschifffahrt;JAHR;Jahr;2025;MONAT;Monate;MONAT08;August;DLANDR;Bundesländer mit Restposition;01;Schleswig-Holstein;305511;t;GUT008;Umgeschlagene Güter
46321;Güterverkehrsstatistik der Binnenschifffahrt;JAHR;Jahr;2025;MONAT;Monate;MONAT08;August;DLANDR;Bundesländer mit Restposition;01;Schleswig-Holstein;96;TEU;CON002;Umgeschlagene Container
46321;Güterverkehrsstatistik der Binnenschifffahrt;JAHR;Jahr;2025;MONAT;Monate;MONAT01;Januar;DLANDR;Bundesländer mit Restposition;15;Sachsen-Anhalt;562100;t;GUT008;Umgeschlagene Güter
46321;Güterverkehrsstatistik der Binnenschifffahrt;JAHR;Jahr;2025;MONAT;Monate;MONAT01;Januar;DLANDR;Bundesländer mit Restposition;15;Sachsen-Anhalt;3323;TEU;CON002;Umgeschlagene Container
46321;Güterverkehrsstatistik der Binnenschifffahrt;JAHR;Jahr;2026;MONAT;Monate;MONAT01;Januar;DLANDR;Bundesländer mit Restposition;11;Berlin;45542;t;GUT008;Umgeschlagene Güter
46321;Güterverkehrsstatistik der Binnenschifffahrt;JAHR;Jahr;2026;MONAT;Monate;MONAT01;Januar;DLANDR;Bundesländer mit Restposition;11;Berlin;-;TEU;CON002;Umgeschlagene Container
46321;Güterverkehrsstatistik der Binnenschifffahrt;JAHR;Jahr;2025;MONAT;Monate;MONAT04;April;DLANDR;Bundesländer mit Restposition;04;Bremen;339935;t;GUT008;Umgeschlagene Güter
46321;Güterverkehrsstatistik der Binnenschifffahrt;JAHR;Jahr;2025;MONAT;Monate;MONAT04;April;DLANDR;Bundesländer mit Restposition;04;Bremen;16180;TEU;CON002;Umgeschlagene Container
46321;Güterverkehrsstatistik der Binnenschifffahrt;JAHR;Jahr;2025;MONAT;Monate;MONAT01;Januar;DLANDR;Bundesländer mit Restposition;04;Bremen;280777;t;GUT008;Umgeschlagene Güter
46321;Güterverkehrsstatistik der Binnenschifffahrt;JAHR;Jahr;2025;MONAT;Monate;MONAT01;Januar;DLANDR;Bundesländer mit Restposition;04;Bremen;14616;TEU;CON002;Umgeschlagene Container
46321;Güterverkehrsstatistik der Binnenschifffahrt;JAHR;Jahr;2026;MONAT;Monate;MONAT09;September;DLANDR;Bundesländer mit Restposition;02;Hamburg;...;t;GUT008;Umgeschlagene Güter
46321;Güterverkehrsstatistik der Binnenschifffahrt;JAHR;Jahr;2026;MONAT;Monate;MONAT09;September;DLANDR;Bundesländer mit Restposition;02;Hamburg;...;TEU;CON002;Umgeschlagene Container
46321;Güterverkehrsstatistik der Binnenschifffahrt;JAHR;Jahr;2025;MONAT;Monate;MONAT09;September;DLANDR;Bundesländer mit Restposition;18;Restposition;-;t;GUT008;Umgeschlagene Güter
46321;Güterverkehrsstatistik der Binnenschifffahrt;JAHR;Jahr;2025;MONAT;Monate;MONAT09;September;DLANDR;Bundesländer mit Restposition;18;Restposition;-;TEU;CON002;Umgeschlagene Container
46321;Güterverkehrsstatistik der Binnenschifffahrt;JAHR;Jahr;2025;MONAT;Monate;MONAT11;November;DLANDR;Bundesländer mit Restposition;02;Hamburg;568917;t;GUT008;Umgeschlagene Güter
46321;Güterverkehrsstatistik der Binnenschifffahrt;JAHR;Jahr;2025;MONAT;Monate;MONAT11;November;DLANDR;Bundesländer mit Restposition;02;Hamburg;9375;TEU;CON002;Umgeschlagene Container
46321;Güterverkehrsstatistik der Binnenschifffahrt;JAHR;Jahr;2026;MONAT;Monate;MONAT07;Juli;DLANDR;Bundesländer mit Restposition;11;Berlin;...;t;GUT008;Umgeschlagene Güter
46321;Güterverkehrsstatistik der Binnenschifffahrt;JAHR;Jahr;2026;MONAT;Monate;MONAT07;Juli;DLANDR;Bundesländer mit Restposition;11;Berlin;...;TEU;CON002;Umgeschlagene Container
46321;Güterverkehrsstatistik der Binnenschifffahrt;JAHR;Jahr;2026;MONAT;Monate;MONAT04;April;DLANDR;Bundesländer mit Restposition;11;Berlin;133129;t;GUT008;Umgeschlagene Güter
46321;Güterverkehrsstatistik der Binnenschifffahrt;JAHR;Jahr;2026;MONAT;Monate;MONAT04;April;DLANDR;Bundesländer mit Restposition;11;Berlin;-;TEU;CON002;Umgeschlagene Container
46321;Güterverkehrsstatistik der Binnenschifffahrt;JAHR;Jahr;2026;MONAT;Monate;MONAT12;Dezember;DLANDR;Bundesländer mit Restposition;03;Niedersachsen;...;t;GUT008;Umgeschlagene Güter
46321;Güterverkehrsstatistik der Binnenschifffahrt;JAHR;Jahr;2026;MONAT;Monate;MONAT12;Dezember;DLANDR;Bundesländer mit Restposition;03;Niedersachsen;...;TEU;CON002;Umgeschlagene Container
46321;Güterverkehrsstatistik der Binnenschifffahrt;JAHR;Jahr;2026;MONAT;Monate;MONAT03;März;DLANDR;Bundesländer mit Restposition;13;Mecklenburg-Vorpommern;876;t;GUT008;Umgeschlagene Güter
46321;Güterverkehrsstatistik der Binnenschifffahrt;JAHR;Jahr;2026;MONAT;Monate;MONAT03;März;DLANDR;Bundesländer mit Restposition;13;Mecklenburg-Vorpommern;-;TEU;CON002;Umgeschlagene Container
46321;Güterverkehrsstatistik der Binnenschifffahrt;JAHR;Jahr;2025;MONAT;Monate;MONAT06;Juni;DLANDR;Bundesländer mit Restposition;07;Rheinland-Pfalz;1594730;t;GUT008;Umgeschlagene Güter
46321;Güterverkehrsstatistik der Binnenschifffahrt;JAHR;Jahr;2025;MONAT;Monate;MONAT06;Juni;DLANDR;Bundesländer mit Restposition;07;Rheinland-Pfalz;38348;TEU;CON002;Umgeschlagene Container
46321;Güterverkehrsstatistik der Binnenschifffahrt;JAHR;Jahr;2025;MONAT;Monate;MONAT03;März;DLANDR;Bundesländer mit Restposition;07;Rheinland-Pfalz;1639069;t;GUT008;Umgeschlagene Güter
46321;Güterverkehrsstatistik der Binnenschifffahrt;JAHR;Jahr;2025;MONAT;Monate;MONAT03;März;DLANDR;Bundesländer mit Restposition;07;Rheinland-Pfalz;34099;TEU;CON002;Umgeschlagene Container
46321;Güterverkehrsstatistik der Binnenschifffahrt;JAHR;Jahr;2025;MONAT;Monate;MONAT02;Februar;DLANDR;Bundesländer mit Restposition;12;Brandenburg;163197;t;GUT008;Umgeschlagene Güter
46321;Güterverkehrsstatistik der Binnenschifffahrt;JAHR;Jahr;2025;MONAT;Monate;MONAT02;Februar;DLANDR;Bundesländer mit Restposition;12;Brandenburg;-;TEU;CON002;Umgeschlagene Container
46321;Güterverkehrsstatistik der Binnenschifffahrt;JAHR;Jahr;2026;MONAT;Monate;MONAT06;Juni;DLANDR;Bundesländer mit Restposition;13;Mecklenburg-Vorpommern;2207;t;GUT008;Umgeschlagene Güter
46321;Güterverkehrsstatistik der Binnenschifffahrt;JAHR;Jahr;2026;MONAT;Monate;MONAT06;Juni;DLANDR;Bundesländer mit Restposition;13;Mecklenburg-Vorpommern;-;TEU;CON002;Umgeschlagene Container
46321;Güterverkehrsstatistik der Binnenschifffahrt;JAHR;Jahr;2026;MONAT;Monate;MONAT10;Oktober;DLANDR;Bundesländer mit Restposition;12;Brandenburg;...;t;GUT008;Umgeschlagene Güter
46321;Güterverkehrsstatistik der Binnenschifffahrt;JAHR;Jahr;2026;MONAT;Monate;MONAT10;Oktober;DLANDR;Bundesländer mit Restposition;12;Brandenburg;...;TEU;CON002;Umgeschlagene Container
46321;Güterverkehrsstatistik der Binnenschifffahrt;JAHR;Jahr;2025;MONAT;Monate;MONAT08;August;DLANDR;Bundesländer mit Restposition;12;Brandenburg;116015;t;GUT008;Umgeschlagene Güter
46321;Güterverkehrsstatistik der Binnenschifffahrt;JAHR;Jahr;2025;MONAT;Monate;MONAT08;August;DLANDR;Bundesländer mit Restposition;12;Brandenburg;-;TEU;CON002;Umgeschlagene Container
46321;Güterverkehrsstatistik der Binnenschifffahrt;JAHR;Jahr;2025;MONAT;Monate;MONAT07;Juli;DLANDR;Bundesländer mit Restposition;15;Sachsen-Anhalt;438690;t;GUT008;Umgeschlagene Güter
46321;Güterverkehrsstatistik der Binnenschifffahrt;JAHR;Jahr;2025;MONAT;Monate;MONAT07;Juli;DLANDR;Bundesländer mit Restposition;15;Sachsen-Anhalt;2498;TEU;CON002;Umgeschlagene Container
46321;Güterverkehrsstatistik der Binnenschifffahrt;JAHR;Jahr;2025;MONAT;Monate;MONAT05;Mai;DLANDR;Bundesländer mit Restposition;12;Brandenburg;124518;t;GUT008;Umgeschlagene Güter
46321;Güterverkehrsstatistik der Binnenschifffahrt;JAHR;Jahr;2025;MONAT;Monate;MONAT05;Mai;DLANDR;Bundesländer mit Restposition;12;Brandenburg;-;TEU;CON002;Umgeschlagene Container
46321;Güterverkehrsstatistik der Binnenschifffahrt;JAHR;Jahr;2025;MONAT;Monate;MONAT10;Oktober;DLANDR;Bundesländer mit Restposition;04;Bremen;251551;t;GUT008;Umgeschlagene Güter
46321;Güterverkehrsstatistik der Binnenschifffahrt;JAHR;Jahr;2025;MONAT;Monate;MONAT10;Oktober;DLANDR;Bundesländer mit Restposition;04;Bremen;10167;TEU;CON002;Umgeschlagene Container
46321;Güterverkehrsstatistik der Binnenschifffahrt;JAHR;Jahr;2025;MONAT;Monate;MONAT04;April;DLANDR;Bundesländer mit Restposition;15;Sachsen-Anhalt;609115;t;GUT008;Umgeschlagene Güter
46321;Güterverkehrsstatistik der Binnenschifffahrt;JAHR;Jahr;2025;MONAT;Monate;MONAT04;April;DLANDR;Bundesländer mit Restposition;15;Sachsen-Anhalt;2947;TEU;CON002;Umgeschlagene Container
46321;Güterverkehrsstatistik der Binnenschifffahrt;JAHR;Jahr;2026;MONAT;Monate;MONAT09;September;DLANDR;Bundesländer mit Restposition;13;Mecklenburg-Vorpommern;...;t;GUT008;Umgeschlagene Güter
46321;Güterverkehrsstatistik der Binnenschifffahrt;JAHR;Jahr;2026;MONAT;Monate;MONAT09;September;DLANDR;Bundesländer mit Restposition;13;Mecklenburg-Vorpommern;...;TEU;CON002;Umgeschlagene Container
46321;Güterverkehrsstatistik der Binnenschifffahrt;JAHR;Jahr;2025;MONAT;Monate;MONAT12;Dezember;DLANDR;Bundesländer mit Restposition;07;Rheinland-Pfalz;1397953;t;GUT008;Umgeschlagene Güter
46321;Güterverkehrsstatistik der Binnenschifffahrt;JAHR;Jahr;2025;MONAT;Monate;MONAT12;Dezember;DLANDR;Bundesländer mit Restposition;07;Rheinland-Pfalz;32394;TEU;CON002;Umgeschlagene Container
46321;Güterverkehrsstatistik der Binnenschifffahrt;JAHR;Jahr;2025;MONAT;Monate;MONAT09;September;DLANDR;Bundesländer mit Restposition;07;Rheinland-Pfalz;1713019;t;GUT008;Umgeschlagene Güter
46321;Güterverkehrsstatistik der Binnenschifffahrt;JAHR;Jahr;2025;MONAT;Monate;MONAT09;September;DLANDR;Bundesländer mit Restposition;07;Rheinland-Pfalz;28673;TEU;CON002;Umgeschlagene Container
46321;Güterverkehrsstatistik der Binnenschifffahrt;JAHR;Jahr;2026;MONAT;Monate;MONAT12;Dezember;DLANDR;Bundesländer mit Restposition;15;Sachsen-Anhalt;...;t;GUT008;Umgeschlagene Güter
46321;Güterverkehrsstatistik der Binnenschifffahrt;JAHR;Jahr;2026;MONAT;Monate;MONAT12;Dezember;DLANDR;Bundesländer mit Restposition;15;Sachsen-Anhalt;...;TEU;CON002;Umgeschlagene Container
46321;Güterverkehrsstatistik der Binnenschifffahrt;JAHR;Jahr;2025;MONAT;Monate;MONAT11;November;DLANDR;Bundesländer mit Restposition;14;Sachsen;679;t;GUT008;Umgeschlagene Güter
46321;Güterverkehrsstatistik der Binnenschifffahrt;JAHR;Jahr;2025;MONAT;Monate;MONAT11;November;DLANDR;Bundesländer mit Restposition;14;Sachsen;-;TEU;CON002;Umgeschlagene Container
46321;Güterverkehrsstatistik der Binnenschifffahrt;JAHR;Jahr;2026;MONAT;Monate;MONAT03;März;DLANDR;Bundesländer mit Restposition;03;Niedersachsen;2179100;t;GUT008;Umgeschlagene Güter
46321;Güterverkehrsstatistik der Binnenschifffahrt;JAHR;Jahr;2026;MONAT;Monate;MONAT03;März;DLANDR;Bundesländer mit Restposition;03;Niedersachsen;8912;TEU;CON002;Umgeschlagene Container
46321;Güterverkehrsstatistik der Binnenschifffahrt;JAHR;Jahr;2025;MONAT;Monate;MONAT10;Oktober;DLANDR;Bundesländer mit Restposition;15;Sachsen-Anhalt;493869;t;GUT008;Umgeschlagene Güter
46321;Güterverkehrsstatistik der Binnenschifffahrt;JAHR;Jahr;2025;MONAT;Monate;MONAT10;Oktober;DLANDR;Bundesländer mit Restposition;15;Sachsen-Anhalt;2684;TEU;CON002;Umgeschlagene Container
46321;Güterverkehrsstatistik der Binnenschifffahrt;JAHR;Jahr;2025;MONAT;Monate;MONAT02;Februar;DLANDR;Bundesländer mit Restposition;02;Hamburg;534930;t;GUT008;Umgeschlagene Güter
46321;Güterverkehrsstatistik der Binnenschifffahrt;JAHR;Jahr;2025;MONAT;Monate;MONAT02;Februar;DLANDR;Bundesländer mit Restposition;02;Hamburg;8372;TEU;CON002;Umgeschlagene Container
46321;Güterverkehrsstatistik der Binnenschifffahrt;JAHR;Jahr;2026;MONAT;Monate;MONAT10;Oktober;DLANDR;Bundesländer mit Restposition;01;Schleswig-Holstein;...;t;GUT008;Umgeschlagene Güter
46321;Güterverkehrsstatistik der Binnenschifffahrt;JAHR;Jahr;2026;MONAT;Monate;MONAT10;Oktober;DLANDR;Bundesländer mit Restposition;01;Schleswig-Holstein;...;TEU;CON002;Umgeschlagene Container
46321;Güterverkehrsstatistik der Binnenschifffahrt;JAHR;Jahr;2025;MONAT;Monate;MONAT05;Mai;DLANDR;Bundesländer mit Restposition;02;Hamburg;579336;t;GUT008;Umgeschlagene Güter
46321;Güterverkehrsstatistik der Binnenschifffahrt;JAHR;Jahr;2025;MONAT;Monate;MONAT05;Mai;DLANDR;Bundesländer mit Restposition;02;Hamburg;6484;TEU;CON002;Umgeschlagene Container
46321;Güterverkehrsstatistik der Binnenschifffahrt;JAHR;Jahr;2025;MONAT;Monate;MONAT01;Januar;DLANDR;Bundesländer mit Restposition;14;Sachsen;1419;t;GUT008;Umgeschlagene Güter
46321;Güterverkehrsstatistik der Binnenschifffahrt;JAHR;Jahr;2025;MONAT;Monate;MONAT01;Januar;DLANDR;Bundesländer mit Restposition;14;Sachsen;-;TEU;CON002;Umgeschlagene Container
46321;Güterverkehrsstatistik der Binnenschifffahrt;JAHR;Jahr;2025;MONAT;Monate;MONAT07;Juli;DLANDR;Bundesländer mit Restposition;03;Niedersachsen;2168794;t;GUT008;Umgeschlagene Güter
46321;Güterverkehrsstatistik der Binnenschifffahrt;JAHR;Jahr;2025;MONAT;Monate;MONAT07;Juli;DLANDR;Bundesländer mit Restposition;03;Niedersachsen;6522;TEU;CON002;Umgeschlagene Container
46321;Güterverkehrsstatistik der Binnenschifffahrt;JAHR;Jahr;2025;MONAT;Monate;MONAT04;April;DLANDR;Bundesländer mit Restposition;03;Niedersachsen;1774328;t;GUT008;Umgeschlagene Güter
46321;Güterverkehrsstatistik der Binnenschifffahrt;JAHR;Jahr;2025;MONAT;Monate;MONAT04;April;DLANDR;Bundesländer mit Restposition;03;Niedersachsen;7771;TEU;CON002;Umgeschlagene Container
46321;Güterverkehrsstatistik der Binnenschifffahrt;JAHR;Jahr;2026;MONAT;Monate;MONAT01;Januar;DLANDR;Bundesländer mit Restposition;12;Brandenburg;72784;t;GUT008;Umgeschlagene Güter
46321;Güterverkehrsstatistik der Binnenschifffahrt;JAHR;Jahr;2026;MONAT;Monate;MONAT01;Januar;DLANDR;Bundesländer mit Restposition;12;Brandenburg;-;TEU;CON002;Umgeschlagene Container
46321;Güterverkehrsstatistik der Binnenschifffahrt;JAHR;Jahr;2026;MONAT;Monate;MONAT09;September;DLANDR;Bundesländer mit Restposition;03;Niedersachsen;...;t;GUT008;Umgeschlagene Güter
46321;Güterverkehrsstatistik der Binnenschifffahrt;JAHR;Jahr;2026;MONAT;Monate;MONAT09;September;DLANDR;Bundesländer mit Restposition;03;Niedersachsen;...;TEU;CON002;Umgeschlagene Container
46321;Güterverkehrsstatistik der Binnenschifffahrt;JAHR;Jahr;2025;MONAT;Monate;MONAT08;August;DLANDR;Bundesländer mit Restposition;02;Hamburg;569394;t;GUT008;Umgeschlagene Güter
46321;Güterverkehrsstatistik der Binnenschifffahrt;JAHR;Jahr;2025;MONAT;Monate;MONAT08;August;DLANDR;Bundesländer mit Restposition;02;Hamburg;9443;TEU;CON002;Umgeschlagene Container
46321;Güterverkehrsstatistik der Binnenschifffahrt;JAHR;Jahr;2025;MONAT;Monate;MONAT01;Januar;DLANDR;Bundesländer mit Restposition;03;Niedersachsen;1722633;t;GUT008;Umgeschlagene Güter
46321;Güterverkehrsstatistik der Binnenschifffahrt;JAHR;Jahr;2025;MONAT;Monate;MONAT01;Januar;DLANDR;Bundesländer mit Restposition;03;Niedersachsen;7462;TEU;CON002;Umgeschlagene Container
46321;Güterverkehrsstatistik der Binnenschifffahrt;JAHR;Jahr;2025;MONAT;Monate;MONAT11;November;DLANDR;Bundesländer mit Restposition;01;Schleswig-Holstein;282504;t;GUT008;Umgeschlagene Güter
46321;Güterverkehrsstatistik der Binnenschifffahrt;JAHR;Jahr;2025;MONAT;Monate;MONAT11;November;DLANDR;Bundesländer mit Restposition;01;Schleswig-Holstein;-;TEU;CON002;Umgeschlagene Container
46321;Güterverkehrsstatistik der Binnenschifffahrt;JAHR;Jahr;2026;MONAT;Monate;MONAT06;Juni;DLANDR;Bundesländer mit Restposition;03;Niedersachsen;2024138;t;GUT008;Umgeschlagene Güter
46321;Güterverkehrsstatistik der Binnenschifffahrt;JAHR;Jahr;2026;MONAT;Monate;MONAT06;Juni;DLANDR;Bundesländer mit Restposition;03;Niedersachsen;7683;TEU;CON002;Umgeschlagene Container
46321;Güterverkehrsstatistik der Binnenschifffahrt;JAHR;Jahr;2026;MONAT;Monate;MONAT04;April;DLANDR;Bundesländer mit Restposition;12;Brandenburg;200681;t;GUT008;Umgeschlagene Güter
46321;Güterverkehrsstatistik der Binnenschifffahrt;JAHR;Jahr;2026;MONAT;Monate;MONAT04;April;DLANDR;Bundesländer mit Restposition;12;Brandenburg;-;TEU;CON002;Umgeschlagene Container
46321;Güterverkehrsstatistik der Binnenschifffahrt;JAHR;Jahr;2026;MONAT;Monate;MONAT07;Juli;DLANDR;Bundesländer mit Restposition;12;Brandenburg;...;t;GUT008;Umgeschlagene Güter
46321;Güterverkehrsstatistik der Binnenschifffahrt;JAHR;Jahr;2026;MONAT;Monate;MONAT07;Juli;DLANDR;Bundesländer mit Restposition;12;Brandenburg;...;TEU;CON002;Umgeschlagene Container
46321;Güterverkehrsstatistik der Binnenschifffahrt;JAHR;Jahr;2026;MONAT;Monate;MONAT12;Dezember;DLANDR;Bundesländer mit Restposition;02;Hamburg;...;t;GUT008;Umgeschlagene Güter
46321;Güterverkehrsstatistik der Binnenschifffahrt;JAHR;Jahr;2026;MONAT;Monate;MONAT12;Dezember;DLANDR;Bundesländer mit Restposition;02;Hamburg;...;TEU;CON002;Umgeschlagene Container
46321;Güterverkehrsstatistik der Binnenschifffahrt;JAHR;Jahr;2025;MONAT;Monate;MONAT02;Februar;DLANDR;Bundesländer mit Restposition;13;Mecklenburg-Vorpommern;4469;t;GUT008;Umgeschlagene Güter
46321;Güterverkehrsstatistik der Binnenschifffahrt;JAHR;Jahr;2025;MONAT;Monate;MONAT02;Februar;DLANDR;Bundesländer mit Restposition;13;Mecklenburg-Vorpommern;-;TEU;CON002;Umgeschlagene Container
46321;Güterverkehrsstatistik der Binnenschifffahrt;JAHR;Jahr;2026;MONAT;Monate;MONAT03;März;DLANDR;Bundesländer mit Restposition;14;Sachsen;2753;t;GUT008;Umgeschlagene Güter
46321;Güterverkehrsstatistik der Binnenschifffahrt;JAHR;Jahr;2026;MONAT;Monate;MONAT03;März;DLANDR;Bundesländer mit Restposition;14;Sachsen;-;TEU;CON002;Umgeschlagene Container
46321;Güterverkehrsstatistik der Binnenschifffahrt;JAHR;Jahr;2025;MONAT;Monate;MONAT03;März;DLANDR;Bundesländer mit Restposition;08;Baden-Württemberg;2218859;t;GUT008;Umgeschlagene Güter
46321;Güterverkehrsstatistik der Binnenschifffahrt;JAHR;Jahr;2025;MONAT;Monate;MONAT03;März;DLANDR;Bundesländer mit Restposition;08;Baden-Württemberg;14503;TEU;CON002;Umgeschlagene Container
46321;Güterverkehrsstatistik der Binnenschifffahrt;JAHR;Jahr;2025;MONAT;Monate;MONAT06;Juni;DLANDR;Bundesländer mit Restposition;08;Baden-Württemberg;2081261;t;GUT008;Umgeschlagene Güter
46321;Güterverkehrsstatistik der Binnenschifffahrt;JAHR;Jahr;2025;MONAT;Monate;MONAT06;Juni;DLANDR;Bundesländer mit Restposition;08;Baden-Württemberg;12654;TEU;CON002;Umgeschlagene Container
46321;Güterverkehrsstatistik der Binnenschifffahrt;JAHR;Jahr;2026;MONAT;Monate;MONAT10;Oktober;DLANDR;Bundesländer mit Restposition;13;Mecklenburg-Vorpommern;...;t;GUT008;Umgeschlagene Güter
46321;Güterverkehrsstatistik der Binnenschifffahrt;JAHR;Jahr;2026;MONAT;Monate;MONAT10;Oktober;DLANDR;Bundesländer mit Restposition;13;Mecklenburg-Vorpommern;...;TEU;CON002;Umgeschlagene Container
46321;Güterverkehrsstatistik der Binnenschifffahrt;JAHR;Jahr;2025;MONAT;Monate;MONAT05;Mai;DLANDR;Bundesländer mit Restposition;13;Mecklenburg-Vorpommern;6753;t;GUT008;Umgeschlagene Güter
46321;Güterverkehrsstatistik der Binnenschifffahrt;JAHR;Jahr;2025;MONAT;Monate;MONAT05;Mai;DLANDR;Bundesländer mit Restposition;13;Mecklenburg-Vorpommern;-;TEU;CON002;Umgeschlagene Container
46321;Güterverkehrsstatistik der Binnenschifffahrt;JAHR;Jahr;2025;MONAT;Monate;MONAT07;Juli;DLANDR;Bundesländer mit Restposition;14;Sachsen;-;t;GUT008;Umgeschlagene Güter
46321;Güterverkehrsstatistik der Binnenschifffahrt;JAHR;Jahr;2025;MONAT;Monate;MONAT07;Juli;DLANDR;Bundesländer mit Restposition;14;Sachsen;-;TEU;CON002;Umgeschlagene Container
46321;Güterverkehrsstatistik der Binnenschifffahrt;JAHR;Jahr;2025;MONAT;Monate;MONAT10;Oktober;DLANDR;Bundesländer mit Restposition;03;Niedersachsen;2005352;t;GUT008;Umgeschlagene Güter
46321;Güterverkehrsstatistik der Binnenschifffahrt;JAHR;Jahr;2025;MONAT;Monate;MONAT10;Oktober;DLANDR;Bundesländer mit Restposition;03;Niedersachsen;8610;TEU;CON002;Umgeschlagene Container
46321;Güterverkehrsstatistik der Binnenschifffahrt;JAHR;Jahr;2025;MONAT;Monate;MONAT04;April;DLANDR;Bundesländer mit Restposition;14;Sachsen;-;t;GUT008;Umgeschlagene Güter
46321;Güterverkehrsstatistik der Binnenschifffahrt;JAHR;Jahr;2025;MONAT;Monate;MONAT04;April;DLANDR;Bundesländer mit Restposition;14;Sachsen;-;TEU;CON002;Umgeschlagene Container
46321;Güterverkehrsstatistik der Binnenschifffahrt;JAHR;Jahr;2026;MONAT;Monate;MONAT01;Januar;DLANDR;Bundesländer mit Restposition;01;Schleswig-Holstein;306755;t;GUT008;Umgeschlagene Güter
46321;Güterverkehrsstatistik der Binnenschifffahrt;JAHR;Jahr;2026;MONAT;Monate;MONAT01;Januar;DLANDR;Bundesländer mit Restposition;01;Schleswig-Holstein;-;TEU;CON002;Umgeschlagene Container
46321;Güterverkehrsstatistik der Binnenschifffahrt;JAHR;Jahr;2025;MONAT;Monate;MONAT12;Dezember;DLANDR;Bundesländer mit Restposition;08;Baden-Württemberg;1951057;t;GUT008;Umgeschlagene Güter
46321;Güterverkehrsstatistik der Binnenschifffahrt;JAHR;Jahr;2025;MONAT;Monate;MONAT12;Dezember;DLANDR;Bundesländer mit Restposition;08;Baden-Württemberg;11935;TEU;CON002;Umgeschlagene Container
46321;Güterverkehrsstatistik der Binnenschifffahrt;JAHR;Jahr;2025;MONAT;Monate;MONAT08;August;DLANDR;Bundesländer mit Restposition;13;Mecklenburg-Vorpommern;479;t;GUT008;Umgeschlagene Güter
46321;Güterverkehrsstatistik der Binnenschifffahrt;JAHR;Jahr;2025;MONAT;Monate;MONAT08;August;DLANDR;Bundesländer mit Restposition;13;Mecklenburg-Vorpommern;-;TEU;CON002;Umgeschlagene Container
46321;Güterverkehrsstatistik der Binnenschifffahrt;JAHR;Jahr;2025;MONAT;Monate;MONAT09;September;DLANDR;Bundesländer mit Restposition;08;Baden-Württemberg;2234450;t;GUT008;Umgeschlagene Güter
46321;Güterverkehrsstatistik der Binnenschifffahrt;JAHR;Jahr;2025;MONAT;Monate;MONAT09;September;DLANDR;Bundesländer mit Restposition;08;Baden-Württemberg;11802;TEU;CON002;Umgeschlagene Container
46321;Güterverkehrsstatistik der Binnenschifffahrt;JAHR;Jahr;2026;MONAT;Monate;MONAT06;Juni;DLANDR;Bundesländer mit Restposition;14;Sachsen;-;t;GUT008;Umgeschlagene Güter
46321;Güterverkehrsstatistik der Binnenschifffahrt;JAHR;Jahr;2026;MONAT;Monate;MONAT06;Juni;DLANDR;Bundesländer mit Restposition;14;Sachsen;-;TEU;CON002;Umgeschlagene Container
46321;Güterverkehrsstatistik der Binnenschifffahrt;JAHR;Jahr;2026;MONAT;Monate;MONAT04;April;DLANDR;Bundesländer mit Restposition;01;Schleswig-Holstein;369128;t;GUT008;Umgeschlagene Güter
46321;Güterverkehrsstatistik der Binnenschifffahrt;JAHR;Jahr;2026;MONAT;Monate;MONAT04;April;DLANDR;Bundesländer mit Restposition;01;Schleswig-Holstein;-;TEU;CON002;Umgeschlagene Container
46321;Güterverkehrsstatistik der Binnenschifffahrt;JAHR;Jahr;2025;MONAT;Monate;MONAT11;November;DLANDR;Bundesländer mit Restposition;13;Mecklenburg-Vorpommern;1244;t;GUT008;Umgeschlagene Güter
46321;Güterverkehrsstatistik der Binnenschifffahrt;JAHR;Jahr;2025;MONAT;Monate;MONAT11;November;DLANDR;Bundesländer mit Restposition;13;Mecklenburg-Vorpommern;-;TEU;CON002;Umgeschlagene Container
46321;Güterverkehrsstatistik der Binnenschifffahrt;JAHR;Jahr;2026;MONAT;Monate;MONAT09;September;DLANDR;Bundesländer mit Restposition;14;Sachsen;...;t;GUT008;Umgeschlagene Güter
46321;Güterverkehrsstatistik der Binnenschifffahrt;JAHR;Jahr;2026;MONAT;Monate;MONAT09;September;DLANDR;Bundesländer mit Restposition;14;Sachsen;...;TEU;CON002;Umgeschlagene Container
46321;Güterverkehrsstatistik der Binnenschifffahrt;JAHR;Jahr;2026;MONAT;Monate;MONAT07;Juli;DLANDR;Bundesländer mit Restposition;01;Schleswig-Holstein;...;t;GUT008;Umgeschlagene Güter
46321;Güterverkehrsstatistik der Binnenschifffahrt;JAHR;Jahr;2026;MONAT;Monate;MONAT07;Juli;DLANDR;Bundesländer mit Restposition;01;Schleswig-Holstein;...;TEU;CON002;Umgeschlagene Container
46321;Güterverkehrsstatistik der Binnenschifffahrt;JAHR;Jahr;2026;MONAT;Monate;MONAT12;Dezember;DLANDR;Bundesländer mit Restposition;14;Sachsen;...;t;GUT008;Umgeschlagene Güter
46321;Güterverkehrsstatistik der Binnenschifffahrt;JAHR;Jahr;2026;MONAT;Monate;MONAT12;Dezember;DLANDR;Bundesländer mit Restposition;14;Sachsen;...;TEU;CON002;Umgeschlagene Container
46321;Güterverkehrsstatistik der Binnenschifffahrt;JAHR;Jahr;2026;MONAT;Monate;MONAT03;März;DLANDR;Bundesländer mit Restposition;04;Bremen;297028;t;GUT008;Umgeschlagene Güter
46321;Güterverkehrsstatistik der Binnenschifffahrt;JAHR;Jahr;2026;MONAT;Monate;MONAT03;März;DLANDR;Bundesländer mit Restposition;04;Bremen;14331;TEU;CON002;Umgeschlagene Container
46321;Güterverkehrsstatistik der Binnenschifffahrt;JAHR;Jahr;2025;MONAT;Monate;MONAT10;Oktober;DLANDR;Bundesländer mit Restposition;18;Restposition;-;t;GUT008;Umgeschlagene Güter
46321;Güterverkehrsstatistik der Binnenschifffahrt;JAHR;Jahr;2025;MONAT;Monate;MONAT10;Oktober;DLANDR;Bundesländer mit Restposition;18;Restposition;-;TEU;CON002;Umgeschlagene Container
46321;Güterverkehrsstatistik der Binnenschifffahrt;JAHR;Jahr;2025;MONAT;Monate;MONAT07;Juli;DLANDR;Bundesländer mit Restposition;06;Hessen;792310;t;GUT008;Umgeschlagene Güter
46321;Güterverkehrsstatistik der Binnenschifffahrt;JAHR;Jahr;2025;MONAT;Monate;MONAT07;Juli;DLANDR;Bundesländer mit Restposition;06;Hessen;4814;TEU;CON002;Umgeschlagene Container
46321;Güterverkehrsstatistik der Binnenschifffahrt;JAHR;Jahr;2025;MONAT;Monate;MONAT04;April;DLANDR;Bundesländer mit Restposition;06;Hessen;728462;t;GUT008;Umgeschlagene Güter
46321;Güterverkehrsstatistik der Binnenschifffahrt;JAHR;Jahr;2025;MONAT;Monate;MONAT04;April;DLANDR;Bundesländer mit Restposition;06;Hessen;5942;TEU;CON002;Umgeschlagene Container
46321;Güterverkehrsstatistik der Binnenschifffahrt;JAHR;Jahr;2025;MONAT;Monate;MONAT01;Januar;DLANDR;Bundesländer mit Restposition;06;Hessen;732559;t;GUT008;Umgeschlagene Güter
46321;Güterverkehrsstatistik der Binnenschifffahrt;JAHR;Jahr;2025;MONAT;Monate;MONAT01;Januar;DLANDR;Bundesländer mit Restposition;06;Hessen;3888;TEU;CON002;Umgeschlagene Container
46321;Güterverkehrsstatistik der Binnenschifffahrt;JAHR;Jahr;2026;MONAT;Monate;MONAT09;September;DLANDR;Bundesländer mit Restposition;04;Bremen;...;t;GUT008;Umgeschlagene Güter
46321;Güterverkehrsstatistik der Binnenschifffahrt;JAHR;Jahr;2026;MONAT;Monate;MONAT09;September;DLANDR;Bundesländer mit Restposition;04;Bremen;...;TEU;CON002;Umgeschlagene Container
46321;Güterverkehrsstatistik der Binnenschifffahrt;JAHR;Jahr;2026;MONAT;Monate;MONAT06;Juni;DLANDR;Bundesländer mit Restposition;04;Bremen;391111;t;GUT008;Umgeschlagene Güter
46321;Güterverkehrsstatistik der Binnenschifffahrt;JAHR;Jahr;2026;MONAT;Monate;MONAT06;Juni;DLANDR;Bundesländer mit Restposition;04;Bremen;18425;TEU;CON002;Umgeschlagene Container
46321;Güterverkehrsstatistik der Binnenschifffahrt;JAHR;Jahr;2026;MONAT;Monate;MONAT12;Dezember;DLANDR;Bundesländer mit Restposition;05;Nordrhein-Westfalen;...;t;GUT008;Umgeschlagene Güter
46321;Güterverkehrsstatistik der Binnenschifffahrt;JAHR;Jahr;2026;MONAT;Monate;MONAT12;Dezember;DLANDR;Bundesländer mit Restposition;05;Nordrhein-Westfalen;...;TEU;CON002;Umgeschlagene Container
46321;Güterverkehrsstatistik der Binnenschifffahrt;JAHR;Jahr;2025;MONAT;Monate;MONAT03;März;DLANDR;Bundesländer mit Restposition;09;Bayern;410886;t;GUT008;Umgeschlagene Güter
46321;Güterverkehrsstatistik der Binnenschifffahrt;JAHR;Jahr;2025;MONAT;Monate;MONAT03;März;DLANDR;Bundesländer mit Restposition;09;Bayern;-;TEU;CON002;Umgeschlagene Container
46321;Güterverkehrsstatistik der Binnenschifffahrt;JAHR;Jahr;2026;MONAT;Monate;MONAT03;März;DLANDR;Bundesländer mit Restposition;15;Sachsen-Anhalt;720614;t;GUT008;Umgeschlagene Güter
46321;Güterverkehrsstatistik der Binnenschifffahrt;JAHR;Jahr;2026;MONAT;Monate;MONAT03;März;DLANDR;Bundesländer mit Restposition;15;Sachsen-Anhalt;3068;TEU;CON002;Umgeschlagene Container
46321;Güterverkehrsstatistik der Binnenschifffahrt;JAHR;Jahr;2025;MONAT;Monate;MONAT06;Juni;DLANDR;Bundesländer mit Restposition;09;Bayern;522300;t;GUT008;Umgeschlagene Güter
46321;Güterverkehrsstatistik der Binnenschifffahrt;JAHR;Jahr;2025;MONAT;Monate;MONAT06;Juni;DLANDR;Bundesländer mit Restposition;09;Bayern;448;TEU;CON002;Umgeschlagene Container
46321;Güterverkehrsstatistik der Binnenschifffahrt;JAHR;Jahr;2026;MONAT;Monate;MONAT10;Oktober;DLANDR;Bundesländer mit Restposition;10;Saarland;...;t;GUT008;Umgeschlagene Güter
46321;Güterverkehrsstatistik der Binnenschifffahrt;JAHR;Jahr;2026;MONAT;Monate;MONAT10;Oktober;DLANDR;Bundesländer mit Restposition;10;Saarland;...;TEU;CON002;Umgeschlagene Container
46321;Güterverkehrsstatistik der Binnenschifffahrt;JAHR;Jahr;2025;MONAT;Monate;MONAT08;August;DLANDR;Bundesländer mit Restposition;10;Saarland;195876;t;GUT008;Umgeschlagene Güter
46321;Güterverkehrsstatistik der Binnenschifffahrt;JAHR;Jahr;2025;MONAT;Monate;MONAT08;August;DLANDR;Bundesländer mit Restposition;10;Saarland;-;TEU;CON002;Umgeschlagene Container
46321;Güterverkehrsstatistik der Binnenschifffahrt;JAHR;Jahr;2025;MONAT;Monate;MONAT12;Dezember;DLANDR;Bundesländer mit Restposition;09;Bayern;384103;t;GUT008;Umgeschlagene Güter
46321;Güterverkehrsstatistik der Binnenschifffahrt;JAHR;Jahr;2025;MONAT;Monate;MONAT12;Dezember;DLANDR;Bundesländer mit Restposition;09;Bayern;-;TEU;CON002;Umgeschlagene Container
46321;Güterverkehrsstatistik der Binnenschifffahrt;JAHR;Jahr;2025;MONAT;Monate;MONAT10;Oktober;DLANDR;Bundesländer mit Restposition;06;Hessen;699964;t;GUT008;Umgeschlagene Güter
46321;Güterverkehrsstatistik der Binnenschifffahrt;JAHR;Jahr;2025;MONAT;Monate;MONAT10;Oktober;DLANDR;Bundesländer mit Restposition;06;Hessen;3603;TEU;CON002;Umgeschlagene Container
46321;Güterverkehrsstatistik der Binnenschifffahrt;JAHR;Jahr;2025;MONAT;Monate;MONAT05;Mai;DLANDR;Bundesländer mit Restposition;10;Saarland;174674;t;GUT008;Umgeschlagene Güter
46321;Güterverkehrsstatistik der Binnenschifffahrt;JAHR;Jahr;2025;MONAT;Monate;MONAT05;Mai;DLANDR;Bundesländer mit Restposition;10;Saarland;-;TEU;CON002;Umgeschlagene Container
46321;Güterverkehrsstatistik der Binnenschifffahrt;JAHR;Jahr;2025;MONAT;Monate;MONAT02;Februar;DLANDR;Bundesländer mit Restposition;10;Saarland;242506;t;GUT008;Umgeschlagene Güter
46321;Güterverkehrsstatistik der Binnenschifffahrt;JAHR;Jahr;2025;MONAT;Monate;MONAT02;Februar;DLANDR;Bundesländer mit Restposition;10;Saarland;-;TEU;CON002;Umgeschlagene Container
46321;Güterverkehrsstatistik der Binnenschifffahrt;JAHR;Jahr;2025;MONAT;Monate;MONAT11;November;DLANDR;Bundesländer mit Restposition;12;Brandenburg;175295;t;GUT008;Umgeschlagene Güter
46321;Güterverkehrsstatistik der Binnenschifffahrt;JAHR;Jahr;2025;MONAT;Monate;MONAT11;November;DLANDR;Bundesländer mit Restposition;12;Brandenburg;-;TEU;CON002;Umgeschlagene Container
46321;Güterverkehrsstatistik der Binnenschifffahrt;JAHR;Jahr;2025;MONAT;Monate;MONAT09;September;DLANDR;Bundesländer mit Restposition;09;Bayern;486087;t;GUT008;Umgeschlagene Güter
46321;Güterverkehrsstatistik der Binnenschifffahrt;JAHR;Jahr;2025;MONAT;Monate;MONAT09;September;DLANDR;Bundesländer mit Restposition;09;Bayern;248;TEU;CON002;Umgeschlagene Container
46321;Güterverkehrsstatistik der Binnenschifffahrt;JAHR;Jahr;2026;MONAT;Monate;MONAT06;Juni;DLANDR;Bundesländer mit Restposition;15;Sachsen-Anhalt;515137;t;GUT008;Umgeschlagene Güter
46321;Güterverkehrsstatistik der Binnenschifffahrt;JAHR;Jahr;2026;MONAT;Monate;MONAT06;Juni;DLANDR;Bundesländer mit Restposition;15;Sachsen-Anhalt;2475;TEU;CON002;Umgeschlagene Container
46321;Güterverkehrsstatistik der Binnenschifffahrt;JAHR;Jahr;2026;MONAT;Monate;MONAT09;September;DLANDR;Bundesländer mit Restposition;15;Sachsen-Anhalt;...;t;GUT008;Umgeschlagene Güter
46321;Güterverkehrsstatistik der Binnenschifffahrt;JAHR;Jahr;2026;MONAT;Monate;MONAT09;September;DLANDR;Bundesländer mit Restposition;15;Sachsen-Anhalt;...;TEU;CON002;Umgeschlagene Container
46321;Güterverkehrsstatistik der Binnenschifffahrt;JAHR;Jahr;2026;MONAT;Monate;MONAT03;März;DLANDR;Bundesländer mit Restposition;05;Nordrhein-Westfalen;8980582;t;GUT008;Umgeschlagene Güter
46321;Güterverkehrsstatistik der Binnenschifffahrt;JAHR;Jahr;2026;MONAT;Monate;MONAT03;März;DLANDR;Bundesländer mit Restposition;05;Nordrhein-Westfalen;85116;TEU;CON002;Umgeschlagene Container
46321;Güterverkehrsstatistik der Binnenschifffahrt;JAHR;Jahr;2025;MONAT;Monate;MONAT07;Juli;DLANDR;Bundesländer mit Restposition;05;Nordrhein-Westfalen;7928292;t;GUT008;Umgeschlagene Güter
46321;Güterverkehrsstatistik der Binnenschifffahrt;JAHR;Jahr;2025;MONAT;Monate;MONAT07;Juli;DLANDR;Bundesländer mit Restposition;05;Nordrhein-Westfalen;82875;TEU;CON002;Umgeschlagene Container
46321;Güterverkehrsstatistik der Binnenschifffahrt;JAHR;Jahr;2025;MONAT;Monate;MONAT01;Januar;DLANDR;Bundesländer mit Restposition;16;Thüringen;x;t;GUT008;Umgeschlagene Güter
46321;Güterverkehrsstatistik der Binnenschifffahrt;JAHR;Jahr;2025;MONAT;Monate;MONAT01;Januar;DLANDR;Bundesländer mit Restposition;16;Thüringen;x;TEU;CON002;Umgeschlagene Container
46321;Güterverkehrsstatistik der Binnenschifffahrt;JAHR;Jahr;2026;MONAT;Monate;MONAT09;September;DLANDR;Bundesländer mit Restposition;05;Nordrhein-Westfalen;...;t;GUT008;Umgeschlagene Güter
46321;Güterverkehrsstatistik der Binnenschifffahrt;JAHR;Jahr;2026;MONAT;Monate;MONAT09;September;DLANDR;Bundesländer mit Restposition;05;Nordrhein-Westfalen;...;TEU;CON002;Umgeschlagene Container
46321;Güterverkehrsstatistik der Binnenschifffahrt;JAHR;Jahr;2025;MONAT;Monate;MONAT04;April;DLANDR;Bundesländer mit Restposition;05;Nordrhein-Westfalen;7941936;t;GUT008;Umgeschlagene Güter
46321;Güterverkehrsstatistik der Binnenschifffahrt;JAHR;Jahr;2025;MONAT;Monate;MONAT04;April;DLANDR;Bundesländer mit Restposition;05;Nordrhein-Westfalen;74885;TEU;CON002;Umgeschlagene Container
46321;Güterverkehrsstatistik der Binnenschifffahrt;JAHR;Jahr;2025;MONAT;Monate;MONAT01;Januar;DLANDR;Bundesländer mit Restposition;05;Nordrhein-Westfalen;8449567;t;GUT008;Umgeschlagene Güter
46321;Güterverkehrsstatistik der Binnenschifffahrt;JAHR;Jahr;2025;MONAT;Monate;MONAT01;Januar;DLANDR;Bundesländer mit Restposition;05;Nordrhein-Westfalen;75828;TEU;CON002;Umgeschlagene Container
46321;Güterverkehrsstatistik der Binnenschifffahrt;JAHR;Jahr;2026;MONAT;Monate;MONAT12;Dezember;DLANDR;Bundesländer mit Restposition;04;Bremen;...;t;GUT008;Umgeschlagene Güter
46321;Güterverkehrsstatistik der Binnenschifffahrt;JAHR;Jahr;2026;MONAT;Monate;MONAT12;Dezember;DLANDR;Bundesländer mit Restposition;04;Bremen;...;TEU;CON002;Umgeschlagene Container
46321;Güterverkehrsstatistik der Binnenschifffahrt;JAHR;Jahr;2026;MONAT;Monate;MONAT07;Juli;DLANDR;Bundesländer mit Restposition;10;Saarland;...;t;GUT008;Umgeschlagene Güter
46321;Güterverkehrsstatistik der Binnenschifffahrt;JAHR;Jahr;2026;MONAT;Monate;MONAT07;Juli;DLANDR;Bundesländer mit Restposition;10;Saarland;...;TEU;CON002;Umgeschlagene Container
46321;Güterverkehrsstatistik der Binnenschifffahrt;JAHR;Jahr;2026;MONAT;Monate;MONAT06;Juni;DLANDR;Bundesländer mit Restposition;05;Nordrhein-Westfalen;7836940;t;GUT008;Umgeschlagene Güter
46321;Güterverkehrsstatistik der Binnenschifffahrt;JAHR;Jahr;2026;MONAT;Monate;MONAT06;Juni;DLANDR;Bundesländer mit Restposition;05;Nordrhein-Westfalen;76107;TEU;CON002;Umgeschlagene Container
46321;Güterverkehrsstatistik der Binnenschifffahrt;JAHR;Jahr;2026;MONAT;Monate;MONAT04;April;DLANDR;Bundesländer mit Restposition;10;Saarland;242421;t;GUT008;Umgeschlagene Güter
46321;Güterverkehrsstatistik der Binnenschifffahrt;JAHR;Jahr;2026;MONAT;Monate;MONAT04;April;DLANDR;Bundesländer mit Restposition;10;Saarland;-;TEU;CON002;Umgeschlagene Container
46321;Güterverkehrsstatistik der Binnenschifffahrt;JAHR;Jahr;2026;MONAT;Monate;MONAT01;Januar;DLANDR;Bundesländer mit Restposition;10;Saarland;316349;t;GUT008;Umgeschlagene Güter
46321;Güterverkehrsstatistik der Binnenschifffahrt;JAHR;Jahr;2026;MONAT;Monate;MONAT01;Januar;DLANDR;Bundesländer mit Restposition;10;Saarland;-;TEU;CON002;Umgeschlagene Container
46321;Güterverkehrsstatistik der Binnenschifffahrt;JAHR;Jahr;2025;MONAT;Monate;MONAT02;Februar;DLANDR;Bundesländer mit Restposition;11;Berlin;138864;t;GUT008;Umgeschlagene Güter
46321;Güterverkehrsstatistik der Binnenschifffahrt;JAHR;Jahr;2025;MONAT;Monate;MONAT02;Februar;DLANDR;Bundesländer mit Restposition;11;Berlin;-;TEU;CON002;Umgeschlagene Container
46321;Güterverkehrsstatistik der Binnenschifffahrt;JAHR;Jahr;2026;MONAT;Monate;MONAT03;März;DLANDR;Bundesländer mit Restposition;16;Thüringen;x;t;GUT008;Umgeschlagene Güter
46321;Güterverkehrsstatistik der Binnenschifffahrt;JAHR;Jahr;2026;MONAT;Monate;MONAT03;März;DLANDR;Bundesländer mit Restposition;16;Thüringen;x;TEU;CON002;Umgeschlagene Container
46321;Güterverkehrsstatistik der Binnenschifffahrt;JAHR;Jahr;2026;MONAT;Monate;MONAT10;Oktober;DLANDR;Bundesländer mit Restposition;11;Berlin;...;t;GUT008;Umgeschlagene Güter
46321;Güterverkehrsstatistik der Binnenschifffahrt;JAHR;Jahr;2026;MONAT;Monate;MONAT10;Oktober;DLANDR;Bundesländer mit Restposition;11;Berlin;...;TEU;CON002;Umgeschlagene Container
46321;Güterverkehrsstatistik der Binnenschifffahrt;JAHR;Jahr;2025;MONAT;Monate;MONAT07;Juli;DLANDR;Bundesländer mit Restposition;16;Thüringen;x;t;GUT008;Umgeschlagene Güter
46321;Güterverkehrsstatistik der Binnenschifffahrt;JAHR;Jahr;2025;MONAT;Monate;MONAT07;Juli;DLANDR;Bundesländer mit Restposition;16;Thüringen;x;TEU;CON002;Umgeschlagene Container
46321;Güterverkehrsstatistik der Binnenschifffahrt;JAHR;Jahr;2025;MONAT;Monate;MONAT08;August;DLANDR;Bundesländer mit Restposition;11;Berlin;152408;t;GUT008;Umgeschlagene Güter
46321;Güterverkehrsstatistik der Binnenschifffahrt;JAHR;Jahr;2025;MONAT;Monate;MONAT08;August;DLANDR;Bundesländer mit Restposition;11;Berlin;-;TEU;CON002;Umgeschlagene Container
46321;Güterverkehrsstatistik der Binnenschifffahrt;JAHR;Jahr;2025;MONAT;Monate;MONAT05;Mai;DLANDR;Bundesländer mit Restposition;11;Berlin;107272;t;GUT008;Umgeschlagene Güter
46321;Güterverkehrsstatistik der Binnenschifffahrt;JAHR;Jahr;2025;MONAT;Monate;MONAT05;Mai;DLANDR;Bundesländer mit Restposition;11;Berlin;-;TEU;CON002;Umgeschlagene Container
46321;Güterverkehrsstatistik der Binnenschifffahrt;JAHR;Jahr;2025;MONAT;Monate;MONAT10;Oktober;DLANDR;Bundesländer mit Restposition;05;Nordrhein-Westfalen;8091506;t;GUT008;Umgeschlagene Güter
46321;Güterverkehrsstatistik der Binnenschifffahrt;JAHR;Jahr;2025;MONAT;Monate;MONAT10;Oktober;DLANDR;Bundesländer mit Restposition;05;Nordrhein-Westfalen;68468;TEU;CON002;Umgeschlagene Container
46321;Güterverkehrsstatistik der Binnenschifffahrt;JAHR;Jahr;2025;MONAT;Monate;MONAT04;April;DLANDR;Bundesländer mit Restposition;16;Thüringen;x;t;GUT008;Umgeschlagene Güter
46321;Güterverkehrsstatistik der Binnenschifffahrt;JAHR;Jahr;2025;MONAT;Monate;MONAT04;April;DLANDR;Bundesländer mit Restposition;16;Thüringen;x;TEU;CON002;Umgeschlagene Container
46321;Güterverkehrsstatistik der Binnenschifffahrt;JAHR;Jahr;2025;MONAT;Monate;MONAT11;November;DLANDR;Bundesländer mit Restposition;11;Berlin;130687;t;GUT008;Umgeschlagene Güter
46321;Güterverkehrsstatistik der Binnenschifffahrt;JAHR;Jahr;2025;MONAT;Monate;MONAT11;November;DLANDR;Bundesländer mit Restposition;11;Berlin;-;TEU;CON002;Umgeschlagene Container
46321;Güterverkehrsstatistik der Binnenschifffahrt;JAHR;Jahr;2026;MONAT;Monate;MONAT06;Juni;DLANDR;Bundesländer mit Restposition;16;Thüringen;x;t;GUT008;Umgeschlagene Güter
46321;Güterverkehrsstatistik der Binnenschifffahrt;JAHR;Jahr;2026;MONAT;Monate;MONAT06;Juni;DLANDR;Bundesländer mit Restposition;16;Thüringen;x;TEU;CON002;Umgeschlagene Container
46321;Güterverkehrsstatistik der Binnenschifffahrt;JAHR;Jahr;2026;MONAT;Monate;MONAT12;Dezember;DLANDR;Bundesländer mit Restposition;16;Thüringen;...;t;GUT008;Umgeschlagene Güter
46321;Güterverkehrsstatistik der Binnenschifffahrt;JAHR;Jahr;2026;MONAT;Monate;MONAT12;Dezember;DLANDR;Bundesländer mit Restposition;16;Thüringen;...;TEU;CON002;Umgeschlagene Container
46321;Güterverkehrsstatistik der Binnenschifffahrt;JAHR;Jahr;2026;MONAT;Monate;MONAT09;September;DLANDR;Bundesländer mit Restposition;16;Thüringen;...;t;GUT008;Umgeschlagene Güter
46321;Güterverkehrsstatistik der Binnenschifffahrt;JAHR;Jahr;2026;MONAT;Monate;MONAT09;September;DLANDR;Bundesländer mit Restposition;16;Thüringen;...;TEU;CON002;Umgeschlagene Container
46321;Güterverkehrsstatistik der Binnenschifffahrt;JAHR;Jahr;2025;MONAT;Monate;MONAT02;Februar;DLANDR;Bundesländer mit Restposition;05;Nordrhein-Westfalen;7909007;t;GUT008;Umgeschlagene Güter
46321;Güterverkehrsstatistik der Binnenschifffahrt;JAHR;Jahr;2025;MONAT;Monate;MONAT02;Februar;DLANDR;Bundesländer mit Restposition;05;Nordrhein-Westfalen;76014;TEU;CON002;Umgeschlagene Container
46321;Güterverkehrsstatistik der Binnenschifffahrt;JAHR;Jahr;2026;MONAT;Monate;MONAT08;August;DLANDR;Bundesländer mit Restposition;09;Bayern;...;t;GUT008;Umgeschlagene Güter
46321;Güterverkehrsstatistik der Binnenschifffahrt;JAHR;Jahr;2026;MONAT;Monate;MONAT08;August;DLANDR;Bundesländer mit Restposition;09;Bayern;...;TEU;CON002;Umgeschlagene Container
46321;Güterverkehrsstatistik der Binnenschifffahrt;JAHR;Jahr;2026;MONAT;Monate;MONAT07;Juli;DLANDR;Bundesländer mit Restposition;15;Sachsen-Anhalt;...;t;GUT008;Umgeschlagene Güter
46321;Güterverkehrsstatistik der Binnenschifffahrt;JAHR;Jahr;2026;MONAT;Monate;MONAT07;Juli;DLANDR;Bundesländer mit Restposition;15;Sachsen-Anhalt;...;TEU;CON002;Umgeschlagene Container
46321;Güterverkehrsstatistik der Binnenschifffahrt;JAHR;Jahr;2025;MONAT;Monate;MONAT01;Januar;DLANDR;Bundesländer mit Restposition;11;Berlin;137462;t;GUT008;Umgeschlagene Güter
46321;Güterverkehrsstatistik der Binnenschifffahrt;JAHR;Jahr;2025;MONAT;Monate;MONAT01;Januar;DLANDR;Bundesländer mit Restposition;11;Berlin;-;TEU;CON002;Umgeschlagene Container
46321;Güterverkehrsstatistik der Binnenschifffahrt;JAHR;Jahr;2026;MONAT;Monate;MONAT10;Oktober;DLANDR;Bundesländer mit Restposition;04;Bremen;...;t;GUT008;Umgeschlagene Güter
46321;Güterverkehrsstatistik der Binnenschifffahrt;JAHR;Jahr;2026;MONAT;Monate;MONAT10;Oktober;DLANDR;Bundesländer mit Restposition;04;Bremen;...;TEU;CON002;Umgeschlagene Container
46321;Güterverkehrsstatistik der Binnenschifffahrt;JAHR;Jahr;2025;MONAT;Monate;MONAT10;Oktober;DLANDR;Bundesländer mit Restposition;12;Brandenburg;196982;t;GUT008;Umgeschlagene Güter
46321;Güterverkehrsstatistik der Binnenschifffahrt;JAHR;Jahr;2025;MONAT;Monate;MONAT10;Oktober;DLANDR;Bundesländer mit Restposition;12;Brandenburg;-;TEU;CON002;Umgeschlagene Container
46321;Güterverkehrsstatistik der Binnenschifffahrt;JAHR;Jahr;2026;MONAT;Monate;MONAT01;Januar;DLANDR;Bundesländer mit Restposition;15;Sachsen-Anhalt;308134;t;GUT008;Umgeschlagene Güter
46321;Güterverkehrsstatistik der Binnenschifffahrt;JAHR;Jahr;2026;MONAT;Monate;MONAT01;Januar;DLANDR;Bundesländer mit Restposition;15;Sachsen-Anhalt;931;TEU;CON002;Umgeschlagene Container
46321;Güterverkehrsstatistik der Binnenschifffahrt;JAHR;Jahr;2025;MONAT;Monate;MONAT05;Mai;DLANDR;Bundesländer mit Restposition;05;Nordrhein-Westfalen;8336384;t;GUT008;Umgeschlagene Güter
46321;Güterverkehrsstatistik der Binnenschifffahrt;JAHR;Jahr;2025;MONAT;Monate;MONAT05;Mai;DLANDR;Bundesländer mit Restposition;05;Nordrhein-Westfalen;76740;TEU;CON002;Umgeschlagene Container
46321;Güterverkehrsstatistik der Binnenschifffahrt;JAHR;Jahr;2025;MONAT;Monate;MONAT08;August;DLANDR;Bundesländer mit Restposition;05;Nordrhein-Westfalen;8332432;t;GUT008;Umgeschlagene Güter
46321;Güterverkehrsstatistik der Binnenschifffahrt;JAHR;Jahr;2025;MONAT;Monate;MONAT08;August;DLANDR;Bundesländer mit Restposition;05;Nordrhein-Westfalen;85091;TEU;CON002;Umgeschlagene Container
46321;Güterverkehrsstatistik der Binnenschifffahrt;JAHR;Jahr;2026;MONAT;Monate;MONAT04;April;DLANDR;Bundesländer mit Restposition;15;Sachsen-Anhalt;594187;t;GUT008;Umgeschlagene Güter
46321;Güterverkehrsstatistik der Binnenschifffahrt;JAHR;Jahr;2026;MONAT;Monate;MONAT04;April;DLANDR;Bundesländer mit Restposition;15;Sachsen-Anhalt;2715;TEU;CON002;Umgeschlagene Container
46321;Güterverkehrsstatistik der Binnenschifffahrt;JAHR;Jahr;2025;MONAT;Monate;MONAT11;November;DLANDR;Bundesländer mit Restposition;06;Hessen;781551;t;GUT008;Umgeschlagene Güter
46321;Güterverkehrsstatistik der Binnenschifffahrt;JAHR;Jahr;2025;MONAT;Monate;MONAT11;November;DLANDR;Bundesländer mit Restposition;06;Hessen;4318;TEU;CON002;Umgeschlagene Container
46321;Güterverkehrsstatistik der Binnenschifffahrt;JAHR;Jahr;2026;MONAT;Monate;MONAT07;Juli;DLANDR;Bundesländer mit Restposition;04;Bremen;...;t;GUT008;Umgeschlagene Güter
46321;Güterverkehrsstatistik der Binnenschifffahrt;JAHR;Jahr;2026;MONAT;Monate;MONAT07;Juli;DLANDR;Bundesländer mit Restposition;04;Bremen;...;TEU;CON002;Umgeschlagene Container
46321;Güterverkehrsstatistik der Binnenschifffahrt;JAHR;Jahr;2025;MONAT;Monate;MONAT02;Februar;DLANDR;Bundesländer mit Restposition;16;Thüringen;x;t;GUT008;Umgeschlagene Güter
46321;Güterverkehrsstatistik der Binnenschifffahrt;JAHR;Jahr;2025;MONAT;Monate;MONAT02;Februar;DLANDR;Bundesländer mit Restposition;16;Thüringen;x;TEU;CON002;Umgeschlagene Container
46321;Güterverkehrsstatistik der Binnenschifffahrt;JAHR;Jahr;2026;MONAT;Monate;MONAT10;Oktober;DLANDR;Bundesländer mit Restposition;16;Thüringen;...;t;GUT008;Umgeschlagene Güter
46321;Güterverkehrsstatistik der Binnenschifffahrt;JAHR;Jahr;2026;MONAT;Monate;MONAT10;Oktober;DLANDR;Bundesländer mit Restposition;16;Thüringen;...;TEU;CON002;Umgeschlagene Container
46321;Güterverkehrsstatistik der Binnenschifffahrt;JAHR;Jahr;2026;MONAT;Monate;MONAT02;Februar;DLANDR;Bundesländer mit Restposition;09;Bayern;396926;t;GUT008;Umgeschlagene Güter
46321;Güterverkehrsstatistik der Binnenschifffahrt;JAHR;Jahr;2026;MONAT;Monate;MONAT02;Februar;DLANDR;Bundesländer mit Restposition;09;Bayern;40;TEU;CON002;Umgeschlagene Container
46321;Güterverkehrsstatistik der Binnenschifffahrt;JAHR;Jahr;2026;MONAT;Monate;MONAT01;Januar;DLANDR;Bundesländer mit Restposition;04;Bremen;199625;t;GUT008;Umgeschlagene Güter
46321;Güterverkehrsstatistik der Binnenschifffahrt;JAHR;Jahr;2026;MONAT;Monate;MONAT01;Januar;DLANDR;Bundesländer mit Restposition;04;Bremen;13823;TEU;CON002;Umgeschlagene Container
46321;Güterverkehrsstatistik der Binnenschifffahrt;JAHR;Jahr;2026;MONAT;Monate;MONAT05;Mai;DLANDR;Bundesländer mit Restposition;09;Bayern;450900;t;GUT008;Umgeschlagene Güter
46321;Güterverkehrsstatistik der Binnenschifffahrt;JAHR;Jahr;2026;MONAT;Monate;MONAT05;Mai;DLANDR;Bundesländer mit Restposition;09;Bayern;50;TEU;CON002;Umgeschlagene Container
46321;Güterverkehrsstatistik der Binnenschifffahrt;JAHR;Jahr;2025;MONAT;Monate;MONAT08;August;DLANDR;Bundesländer mit Restposition;16;Thüringen;x;t;GUT008;Umgeschlagene Güter
46321;Güterverkehrsstatistik der Binnenschifffahrt;JAHR;Jahr;2025;MONAT;Monate;MONAT08;August;DLANDR;Bundesländer mit Restposition;16;Thüringen;x;TEU;CON002;Umgeschlagene Container
46321;Güterverkehrsstatistik der Binnenschifffahrt;JAHR;Jahr;2025;MONAT;Monate;MONAT07;Juli;DLANDR;Bundesländer mit Restposition;11;Berlin;100950;t;GUT008;Umgeschlagene Güter
46321;Güterverkehrsstatistik der Binnenschifffahrt;JAHR;Jahr;2025;MONAT;Monate;MONAT07;Juli;DLANDR;Bundesländer mit Restposition;11;Berlin;-;TEU;CON002;Umgeschlagene Container
46321;Güterverkehrsstatistik der Binnenschifffahrt;JAHR;Jahr;2025;MONAT;Monate;MONAT05;Mai;DLANDR;Bundesländer mit Restposition;16;Thüringen;x;t;GUT008;Umgeschlagene Güter
46321;Güterverkehrsstatistik der Binnenschifffahrt;JAHR;Jahr;2025;MONAT;Monate;MONAT05;Mai;DLANDR;Bundesländer mit Restposition;16;Thüringen;x;TEU;CON002;Umgeschlagene Container
46321;Güterverkehrsstatistik der Binnenschifffahrt;JAHR;Jahr;2025;MONAT;Monate;MONAT04;April;DLANDR;Bundesländer mit Restposition;11;Berlin;108322;t;GUT008;Umgeschlagene Güter
46321;Güterverkehrsstatistik der Binnenschifffahrt;JAHR;Jahr;2025;MONAT;Monate;MONAT04;April;DLANDR;Bundesländer mit Restposition;11;Berlin;-;TEU;CON002;Umgeschlagene Container
46321;Güterverkehrsstatistik der Binnenschifffahrt;JAHR;Jahr;2026;MONAT;Monate;MONAT04;April;DLANDR;Bundesländer mit Restposition;04;Bremen;315396;t;GUT008;Umgeschlagene Güter
46321;Güterverkehrsstatistik der Binnenschifffahrt;JAHR;Jahr;2026;MONAT;Monate;MONAT04;April;DLANDR;Bundesländer mit Restposition;04;Bremen;13643;TEU;CON002;Umgeschlagene Container
46321;Güterverkehrsstatistik der Binnenschifffahrt;JAHR;Jahr;2026;MONAT;Monate;MONAT11;November;DLANDR;Bundesländer mit Restposition;09;Bayern;...;t;GUT008;Umgeschlagene Güter
46321;Güterverkehrsstatistik der Binnenschifffahrt;JAHR;Jahr;2026;MONAT;Monate;MONAT11;November;DLANDR;Bundesländer mit Restposition;09;Bayern;...;TEU;CON002;Umgeschlagene Container
46321;Güterverkehrsstatistik der Binnenschifffahrt;JAHR;Jahr;2026;MONAT;Monate;MONAT12;Dezember;DLANDR;Bundesländer mit Restposition;11;Berlin;...;t;GUT008;Umgeschlagene Güter
46321;Güterverkehrsstatistik der Binnenschifffahrt;JAHR;Jahr;2026;MONAT;Monate;MONAT12;Dezember;DLANDR;Bundesländer mit Restposition;11;Berlin;...;TEU;CON002;Umgeschlagene Container
46321;Güterverkehrsstatistik der Binnenschifffahrt;JAHR;Jahr;2025;MONAT;Monate;MONAT11;November;DLANDR;Bundesländer mit Restposition;18;Restposition;-;t;GUT008;Umgeschlagene Güter
46321;Güterverkehrsstatistik der Binnenschifffahrt;JAHR;Jahr;2025;MONAT;Monate;MONAT11;November;DLANDR;Bundesländer mit Restposition;18;Restposition;-;TEU;CON002;Umgeschlagene Container
46321;Güterverkehrsstatistik der Binnenschifffahrt;JAHR;Jahr;2026;MONAT;Monate;MONAT04;April;DLANDR;Bundesländer mit Restposition;16;Thüringen;x;t;GUT008;Umgeschlagene Güter
46321;Güterverkehrsstatistik der Binnenschifffahrt;JAHR;Jahr;2026;MONAT;Monate;MONAT04;April;DLANDR;Bundesländer mit Restposition;16;Thüringen;x;TEU;CON002;Umgeschlagene Container
46321;Güterverkehrsstatistik der Binnenschifffahrt;JAHR;Jahr;2025;MONAT;Monate;MONAT01;Januar;DLANDR;Bundesländer mit Restposition;10;Saarland;19997;t;GUT008;Umgeschlagene Güter
46321;Güterverkehrsstatistik der Binnenschifffahrt;JAHR;Jahr;2025;MONAT;Monate;MONAT01;Januar;DLANDR;Bundesländer mit Restposition;10;Saarland;-;TEU;CON002;Umgeschlagene Container
46321;Güterverkehrsstatistik der Binnenschifffahrt;JAHR;Jahr;2026;MONAT;Monate;MONAT07;Juli;DLANDR;Bundesländer mit Restposition;16;Thüringen;...;t;GUT008;Umgeschlagene Güter
46321;Güterverkehrsstatistik der Binnenschifffahrt;JAHR;Jahr;2026;MONAT;Monate;MONAT07;Juli;DLANDR;Bundesländer mit Restposition;16;Thüringen;...;TEU;CON002;Umgeschlagene Container
46321;Güterverkehrsstatistik der Binnenschifffahrt;JAHR;Jahr;2025;MONAT;Monate;MONAT02;Februar;DLANDR;Bundesländer mit Restposition;06;Hessen;768381;t;GUT008;Umgeschlagene Güter
46321;Güterverkehrsstatistik der Binnenschifffahrt;JAHR;Jahr;2025;MONAT;Monate;MONAT02;Februar;DLANDR;Bundesländer mit Restposition;06;Hessen;4434;TEU;CON002;Umgeschlagene Container
46321;Güterverkehrsstatistik der Binnenschifffahrt;JAHR;Jahr;2026;MONAT;Monate;MONAT08;August;DLANDR;Bundesländer mit Restposition;08;Baden-Württemberg;...;t;GUT008;Umgeschlagene Güter
46321;Güterverkehrsstatistik der Binnenschifffahrt;JAHR;Jahr;2026;MONAT;Monate;MONAT08;August;DLANDR;Bundesländer mit Restposition;08;Baden-Württemberg;...;TEU;CON002;Umgeschlagene Container
46321;Güterverkehrsstatistik der Binnenschifffahrt;JAHR;Jahr;2026;MONAT;Monate;MONAT10;Oktober;DLANDR;Bundesländer mit Restposition;05;Nordrhein-Westfalen;...;t;GUT008;Umgeschlagene Güter
46321;Güterverkehrsstatistik der Binnenschifffahrt;JAHR;Jahr;2026;MONAT;Monate;MONAT10;Oktober;DLANDR;Bundesländer mit Restposition;05;Nordrhein-Westfalen;...;TEU;CON002;Umgeschlagene Container
46321;Güterverkehrsstatistik der Binnenschifffahrt;JAHR;Jahr;2025;MONAT;Monate;MONAT10;Oktober;DLANDR;Bundesländer mit Restposition;11;Berlin;126109;t;GUT008;Umgeschlagene Güter
46321;Güterverkehrsstatistik der Binnenschifffahrt;JAHR;Jahr;2025;MONAT;Monate;MONAT10;Oktober;DLANDR;Bundesländer mit Restposition;11;Berlin;-;TEU;CON002;Umgeschlagene Container
46321;Güterverkehrsstatistik der Binnenschifffahrt;JAHR;Jahr;2025;MONAT;Monate;MONAT08;August;DLANDR;Bundesländer mit Restposition;06;Hessen;769654;t;GUT008;Umgeschlagene Güter
46321;Güterverkehrsstatistik der Binnenschifffahrt;JAHR;Jahr;2025;MONAT;Monate;MONAT08;August;DLANDR;Bundesländer mit Restposition;06;Hessen;5648;TEU;CON002;Umgeschlagene Container
46321;Güterverkehrsstatistik der Binnenschifffahrt;JAHR;Jahr;2026;MONAT;Monate;MONAT01;Januar;DLANDR;Bundesländer mit Restposition;16;Thüringen;x;t;GUT008;Umgeschlagene Güter
46321;Güterverkehrsstatistik der Binnenschifffahrt;JAHR;Jahr;2026;MONAT;Monate;MONAT01;Januar;DLANDR;Bundesländer mit Restposition;16;Thüringen;x;TEU;CON002;Umgeschlagene Container
46321;Güterverkehrsstatistik der Binnenschifffahrt;JAHR;Jahr;2025;MONAT;Monate;MONAT05;Mai;DLANDR;Bundesländer mit Restposition;06;Hessen;695294;t;GUT008;Umgeschlagene Güter
46321;Güterverkehrsstatistik der Binnenschifffahrt;JAHR;Jahr;2025;MONAT;Monate;MONAT05;Mai;DLANDR;Bundesländer mit Restposition;06;Hessen;4089;TEU;CON002;Umgeschlagene Container
46321;Güterverkehrsstatistik der Binnenschifffahrt;JAHR;Jahr;2025;MONAT;Monate;MONAT11;November;DLANDR;Bundesländer mit Restposition;05;Nordrhein-Westfalen;8335544;t;GUT008;Umgeschlagene Güter
46321;Güterverkehrsstatistik der Binnenschifffahrt;JAHR;Jahr;2025;MONAT;Monate;MONAT11;November;DLANDR;Bundesländer mit Restposition;05;Nordrhein-Westfalen;73627;TEU;CON002;Umgeschlagene Container
46321;Güterverkehrsstatistik der Binnenschifffahrt;JAHR;Jahr;2026;MONAT;Monate;MONAT07;Juli;DLANDR;Bundesländer mit Restposition;05;Nordrhein-Westfalen;...;t;GUT008;Umgeschlagene Güter
46321;Güterverkehrsstatistik der Binnenschifffahrt;JAHR;Jahr;2026;MONAT;Monate;MONAT07;Juli;DLANDR;Bundesländer mit Restposition;05;Nordrhein-Westfalen;...;TEU;CON002;Umgeschlagene Container
46321;Güterverkehrsstatistik der Binnenschifffahrt;JAHR;Jahr;2026;MONAT;Monate;MONAT11;November;DLANDR;Bundesländer mit Restposition;08;Baden-Württemberg;...;t;GUT008;Umgeschlagene Güter
46321;Güterverkehrsstatistik der Binnenschifffahrt;JAHR;Jahr;2026;MONAT;Monate;MONAT11;November;DLANDR;Bundesländer mit Restposition;08;Baden-Württemberg;...;TEU;CON002;Umgeschlagene Container
46321;Güterverkehrsstatistik der Binnenschifffahrt;JAHR;Jahr;2026;MONAT;Monate;MONAT03;März;DLANDR;Bundesländer mit Restposition;10;Saarland;267925;t;GUT008;Umgeschlagene Güter
46321;Güterverkehrsstatistik der Binnenschifffahrt;JAHR;Jahr;2026;MONAT;Monate;MONAT03;März;DLANDR;Bundesländer mit Restposition;10;Saarland;-;TEU;CON002;Umgeschlagene Container
46321;Güterverkehrsstatistik der Binnenschifffahrt;JAHR;Jahr;2026;MONAT;Monate;MONAT06;Juni;DLANDR;Bundesländer mit Restposition;10;Saarland;150481;t;GUT008;Umgeschlagene Güter
46321;Güterverkehrsstatistik der Binnenschifffahrt;JAHR;Jahr;2026;MONAT;Monate;MONAT06;Juni;DLANDR;Bundesländer mit Restposition;10;Saarland;-;TEU;CON002;Umgeschlagene Container
46321;Güterverkehrsstatistik der Binnenschifffahrt;JAHR;Jahr;2026;MONAT;Monate;MONAT04;April;DLANDR;Bundesländer mit Restposition;05;Nordrhein-Westfalen;8490647;t;GUT008;Umgeschlagene Güter
46321;Güterverkehrsstatistik der Binnenschifffahrt;JAHR;Jahr;2026;MONAT;Monate;MONAT04;April;DLANDR;Bundesländer mit Restposition;05;Nordrhein-Westfalen;76164;TEU;CON002;Umgeschlagene Container
46321;Güterverkehrsstatistik der Binnenschifffahrt;JAHR;Jahr;2026;MONAT;Monate;MONAT09;September;DLANDR;Bundesländer mit Restposition;10;Saarland;...;t;GUT008;Umgeschlagene Güter
46321;Güterverkehrsstatistik der Binnenschifffahrt;JAHR;Jahr;2026;MONAT;Monate;MONAT09;September;DLANDR;Bundesländer mit Restposition;10;Saarland;...;TEU;CON002;Umgeschlagene Container
46321;Güterverkehrsstatistik der Binnenschifffahrt;JAHR;Jahr;2026;MONAT;Monate;MONAT12;Dezember;DLANDR;Bundesländer mit Restposition;10;Saarland;...;t;GUT008;Umgeschlagene Güter
46321;Güterverkehrsstatistik der Binnenschifffahrt;JAHR;Jahr;2026;MONAT;Monate;MONAT12;Dezember;DLANDR;Bundesländer mit Restposition;10;Saarland;...;TEU;CON002;Umgeschlagene Container
46321;Güterverkehrsstatistik der Binnenschifffahrt;JAHR;Jahr;2026;MONAT;Monate;MONAT02;Februar;DLANDR;Bundesländer mit Restposition;08;Baden-Württemberg;2399529;t;GUT008;Umgeschlagene Güter
46321;Güterverkehrsstatistik der Binnenschifffahrt;JAHR;Jahr;2026;MONAT;Monate;MONAT02;Februar;DLANDR;Bundesländer mit Restposition;08;Baden-Württemberg;12929;TEU;CON002;Umgeschlagene Container
46321;Güterverkehrsstatistik der Binnenschifffahrt;JAHR;Jahr;2025;MONAT;Monate;MONAT04;April;DLANDR;Bundesländer mit Restposition;10;Saarland;264274;t;GUT008;Umgeschlagene Güter
46321;Güterverkehrsstatistik der Binnenschifffahrt;JAHR;Jahr;2025;MONAT;Monate;MONAT04;April;DLANDR;Bundesländer mit Restposition;10;Saarland;-;TEU;CON002;Umgeschlagene Container
46321;Güterverkehrsstatistik der Binnenschifffahrt;JAHR;Jahr;2026;MONAT;Monate;MONAT05;Mai;DLANDR;Bundesländer mit Restposition;08;Baden-Württemberg;1606263;t;GUT008;Umgeschlagene Güter
46321;Güterverkehrsstatistik der Binnenschifffahrt;JAHR;Jahr;2026;MONAT;Monate;MONAT05;Mai;DLANDR;Bundesländer mit Restposition;08;Baden-Württemberg;13765;TEU;CON002;Umgeschlagene Container
46321;Güterverkehrsstatistik der Binnenschifffahrt;JAHR;Jahr;2026;MONAT;Monate;MONAT01;Januar;DLANDR;Bundesländer mit Restposition;05;Nordrhein-Westfalen;8234066;t;GUT008;Umgeschlagene Güter
46321;Güterverkehrsstatistik der Binnenschifffahrt;JAHR;Jahr;2026;MONAT;Monate;MONAT01;Januar;DLANDR;Bundesländer mit Restposition;05;Nordrhein-Westfalen;77620;TEU;CON002;Umgeschlagene Container
46321;Güterverkehrsstatistik der Binnenschifffahrt;JAHR;Jahr;2025;MONAT;Monate;MONAT07;Juli;DLANDR;Bundesländer mit Restposition;10;Saarland;150006;t;GUT008;Umgeschlagene Güter
46321;Güterverkehrsstatistik der Binnenschifffahrt;JAHR;Jahr;2025;MONAT;Monate;MONAT07;Juli;DLANDR;Bundesländer mit Restposition;10;Saarland;-;TEU;CON002;Umgeschlagene Container
46321;Güterverkehrsstatistik der Binnenschifffahrt;JAHR;Jahr;2025;MONAT;Monate;MONAT10;Oktober;DLANDR;Bundesländer mit Restposition;14;Sachsen;127;t;GUT008;Umgeschlagene Güter
46321;Güterverkehrsstatistik der Binnenschifffahrt;JAHR;Jahr;2025;MONAT;Monate;MONAT10;Oktober;DLANDR;Bundesländer mit Restposition;14;Sachsen;-;TEU;CON002;Umgeschlagene Container
46321;Güterverkehrsstatistik der Binnenschifffahrt;JAHR;Jahr;2025;MONAT;Monate;MONAT02;Februar;DLANDR;Bundesländer mit Restposition;03;Niedersachsen;1735183;t;GUT008;Umgeschlagene Güter
46321;Güterverkehrsstatistik der Binnenschifffahrt;JAHR;Jahr;2025;MONAT;Monate;MONAT02;Februar;DLANDR;Bundesländer mit Restposition;03;Niedersachsen;6977;TEU;CON002;Umgeschlagene Container
46321;Güterverkehrsstatistik der Binnenschifffahrt;JAHR;Jahr;2026;MONAT;Monate;MONAT07;Juli;DLANDR;Bundesländer mit Restposition;13;Mecklenburg-Vorpommern;...;t;GUT008;Umgeschlagene Güter
46321;Güterverkehrsstatistik der Binnenschifffahrt;JAHR;Jahr;2026;MONAT;Monate;MONAT07;Juli;DLANDR;Bundesländer mit Restposition;13;Mecklenburg-Vorpommern;...;TEU;CON002;Umgeschlagene Container
46321;Güterverkehrsstatistik der Binnenschifffahrt;JAHR;Jahr;2026;MONAT;Monate;MONAT10;Oktober;DLANDR;Bundesländer mit Restposition;02;Hamburg;...;t;GUT008;Umgeschlagene Güter
46321;Güterverkehrsstatistik der Binnenschifffahrt;JAHR;Jahr;2026;MONAT;Monate;MONAT10;Oktober;DLANDR;Bundesländer mit Restposition;02;Hamburg;...;TEU;CON002;Umgeschlagene Container
46321;Güterverkehrsstatistik der Binnenschifffahrt;JAHR;Jahr;2025;MONAT;Monate;MONAT05;Mai;DLANDR;Bundesländer mit Restposition;03;Niedersachsen;2022558;t;GUT008;Umgeschlagene Güter
46321;Güterverkehrsstatistik der Binnenschifffahrt;JAHR;Jahr;2025;MONAT;Monate;MONAT05;Mai;DLANDR;Bundesländer mit Restposition;03;Niedersachsen;6239;TEU;CON002;Umgeschlagene Container
46321;Güterverkehrsstatistik der Binnenschifffahrt;JAHR;Jahr;2025;MONAT;Monate;MONAT01;Januar;DLANDR;Bundesländer mit Restposition;13;Mecklenburg-Vorpommern;-;t;GUT008;Umgeschlagene Güter
46321;Güterverkehrsstatistik der Binnenschifffahrt;JAHR;Jahr;2025;MONAT;Monate;MONAT01;Januar;DLANDR;Bundesländer mit Restposition;13;Mecklenburg-Vorpommern;-;TEU;CON002;Umgeschlagene Container
46321;Güterverkehrsstatistik der Binnenschifffahrt;JAHR;Jahr;2026;MONAT;Monate;MONAT08;August;DLANDR;Bundesländer mit Restposition;07;Rheinland-Pfalz;...;t;GUT008;Umgeschlagene Güter
46321;Güterverkehrsstatistik der Binnenschifffahrt;JAHR;Jahr;2026;MONAT;Monate;MONAT08;August;DLANDR;Bundesländer mit Restposition;07;Rheinland-Pfalz;...;TEU;CON002;Umgeschlagene Container
46321;Güterverkehrsstatistik der Binnenschifffahrt;JAHR;Jahr;2025;MONAT;Monate;MONAT04;April;DLANDR;Bundesländer mit Restposition;02;Hamburg;573086;t;GUT008;Umgeschlagene Güter
46321;Güterverkehrsstatistik der Binnenschifffahrt;JAHR;Jahr;2025;MONAT;Monate;MONAT04;April;DLANDR;Bundesländer mit Restposition;02;Hamburg;8706;TEU;CON002;Umgeschlagene Container
46321;Güterverkehrsstatistik der Binnenschifffahrt;JAHR;Jahr;2026;MONAT;Monate;MONAT02;Februar;DLANDR;Bundesländer mit Restposition;18;Restposition;-;t;GUT008;Umgeschlagene Güter
46321;Güterverkehrsstatistik der Binnenschifffahrt;JAHR;Jahr;2026;MONAT;Monate;MONAT02;Februar;DLANDR;Bundesländer mit Restposition;18;Restposition;-;TEU;CON002;Umgeschlagene Container
46321;Güterverkehrsstatistik der Binnenschifffahrt;JAHR;Jahr;2026;MONAT;Monate;MONAT05;Mai;DLANDR;Bundesländer mit Restposition;18;Restposition;-;t;GUT008;Umgeschlagene Güter
46321;Güterverkehrsstatistik der Binnenschifffahrt;JAHR;Jahr;2026;MONAT;Monate;MONAT05;Mai;DLANDR;Bundesländer mit Restposition;18;Restposition;-;TEU;CON002;Umgeschlagene Container
46321;Güterverkehrsstatistik der Binnenschifffahrt;JAHR;Jahr;2026;MONAT;Monate;MONAT01;Januar;DLANDR;Bundesländer mit Restposition;13;Mecklenburg-Vorpommern;1330;t;GUT008;Umgeschlagene Güter
46321;Güterverkehrsstatistik der Binnenschifffahrt;JAHR;Jahr;2026;MONAT;Monate;MONAT01;Januar;DLANDR;Bundesländer mit Restposition;13;Mecklenburg-Vorpommern;-;TEU;CON002;Umgeschlagene Container
46321;Güterverkehrsstatistik der Binnenschifffahrt;JAHR;Jahr;2025;MONAT;Monate;MONAT07;Juli;DLANDR;Bundesländer mit Restposition;02;Hamburg;550065;t;GUT008;Umgeschlagene Güter
46321;Güterverkehrsstatistik der Binnenschifffahrt;JAHR;Jahr;2025;MONAT;Monate;MONAT07;Juli;DLANDR;Bundesländer mit Restposition;02;Hamburg;8342;TEU;CON002;Umgeschlagene Container
46321;Güterverkehrsstatistik der Binnenschifffahrt;JAHR;Jahr;2025;MONAT;Monate;MONAT08;August;DLANDR;Bundesländer mit Restposition;03;Niedersachsen;1839692;t;GUT008;Umgeschlagene Güter
46321;Güterverkehrsstatistik der Binnenschifffahrt;JAHR;Jahr;2025;MONAT;Monate;MONAT08;August;DLANDR;Bundesländer mit Restposition;03;Niedersachsen;7217;TEU;CON002;Umgeschlagene Container
46321;Güterverkehrsstatistik der Binnenschifffahrt;JAHR;Jahr;2025;MONAT;Monate;MONAT01;Januar;DLANDR;Bundesländer mit Restposition;02;Hamburg;568626;t;GUT008;Umgeschlagene Güter
46321;Güterverkehrsstatistik der Binnenschifffahrt;JAHR;Jahr;2025;MONAT;Monate;MONAT01;Januar;DLANDR;Bundesländer mit Restposition;02;Hamburg;8697;TEU;CON002;Umgeschlagene Container
46321;Güterverkehrsstatistik der Binnenschifffahrt;JAHR;Jahr;2026;MONAT;Monate;MONAT04;April;DLANDR;Bundesländer mit Restposition;13;Mecklenburg-Vorpommern;1197;t;GUT008;Umgeschlagene Güter
46321;Güterverkehrsstatistik der Binnenschifffahrt;JAHR;Jahr;2026;MONAT;Monate;MONAT04;April;DLANDR;Bundesländer mit Restposition;13;Mecklenburg-Vorpommern;-;TEU;CON002;Umgeschlagene Container
46321;Güterverkehrsstatistik der Binnenschifffahrt;JAHR;Jahr;2025;MONAT;Monate;MONAT11;November;DLANDR;Bundesländer mit Restposition;04;Bremen;257182;t;GUT008;Umgeschlagene Güter
46321;Güterverkehrsstatistik der Binnenschifffahrt;JAHR;Jahr;2025;MONAT;Monate;MONAT11;November;DLANDR;Bundesländer mit Restposition;04;Bremen;10865;TEU;CON002;Umgeschlagene Container
46321;Güterverkehrsstatistik der Binnenschifffahrt;JAHR;Jahr;2026;MONAT;Monate;MONAT12;Dezember;DLANDR;Bundesländer mit Restposition;01;Schleswig-Holstein;...;t;GUT008;Umgeschlagene Güter
46321;Güterverkehrsstatistik der Binnenschifffahrt;JAHR;Jahr;2026;MONAT;Monate;MONAT12;Dezember;DLANDR;Bundesländer mit Restposition;01;Schleswig-Holstein;...;TEU;CON002;Umgeschlagene Container
46321;Güterverkehrsstatistik der Binnenschifffahrt;JAHR;Jahr;2025;MONAT;Monate;MONAT10;Oktober;DLANDR;Bundesländer mit Restposition;02;Hamburg;518081;t;GUT008;Umgeschlagene Güter
46321;Güterverkehrsstatistik der Binnenschifffahrt;JAHR;Jahr;2025;MONAT;Monate;MONAT10;Oktober;DLANDR;Bundesländer mit Restposition;02;Hamburg;10253;TEU;CON002;Umgeschlagene Container
46321;Güterverkehrsstatistik der Binnenschifffahrt;JAHR;Jahr;2025;MONAT;Monate;MONAT02;Februar;DLANDR;Bundesländer mit Restposition;14;Sachsen;22;t;GUT008;Umgeschlagene Güter
46321;Güterverkehrsstatistik der Binnenschifffahrt;JAHR;Jahr;2025;MONAT;Monate;MONAT02;Februar;DLANDR;Bundesländer mit Restposition;14;Sachsen;-;TEU;CON002;Umgeschlagene Container
46321;Güterverkehrsstatistik der Binnenschifffahrt;JAHR;Jahr;2026;MONAT;Monate;MONAT07;Juli;DLANDR;Bundesländer mit Restposition;02;Hamburg;...;t;GUT008;Umgeschlagene Güter
46321;Güterverkehrsstatistik der Binnenschifffahrt;JAHR;Jahr;2026;MONAT;Monate;MONAT07;Juli;DLANDR;Bundesländer mit Restposition;02;Hamburg;...;TEU;CON002;Umgeschlagene Container
46321;Güterverkehrsstatistik der Binnenschifffahrt;JAHR;Jahr;2026;MONAT;Monate;MONAT11;November;DLANDR;Bundesländer mit Restposition;07;Rheinland-Pfalz;...;t;GUT008;Umgeschlagene Güter
46321;Güterverkehrsstatistik der Binnenschifffahrt;JAHR;Jahr;2026;MONAT;Monate;MONAT11;November;DLANDR;Bundesländer mit Restposition;07;Rheinland-Pfalz;...;TEU;CON002;Umgeschlagene Container
46321;Güterverkehrsstatistik der Binnenschifffahrt;JAHR;Jahr;2026;MONAT;Monate;MONAT03;März;DLANDR;Bundesländer mit Restposition;11;Berlin;138621;t;GUT008;Umgeschlagene Güter
46321;Güterverkehrsstatistik der Binnenschifffahrt;JAHR;Jahr;2026;MONAT;Monate;MONAT03;März;DLANDR;Bundesländer mit Restposition;11;Berlin;-;TEU;CON002;Umgeschlagene Container
46321;Güterverkehrsstatistik der Binnenschifffahrt;JAHR;Jahr;2026;MONAT;Monate;MONAT06;Juni;DLANDR;Bundesländer mit Restposition;11;Berlin;108696;t;GUT008;Umgeschlagene Güter
46321;Güterverkehrsstatistik der Binnenschifffahrt;JAHR;Jahr;2026;MONAT;Monate;MONAT06;Juni;DLANDR;Bundesländer mit Restposition;11;Berlin;-;TEU;CON002;Umgeschlagene Container
46321;Güterverkehrsstatistik der Binnenschifffahrt;JAHR;Jahr;2026;MONAT;Monate;MONAT08;August;DLANDR;Bundesländer mit Restposition;18;Restposition;...;t;GUT008;Umgeschlagene Güter
46321;Güterverkehrsstatistik der Binnenschifffahrt;JAHR;Jahr;2026;MONAT;Monate;MONAT08;August;DLANDR;Bundesländer mit Restposition;18;Restposition;...;TEU;CON002;Umgeschlagene Container
46321;Güterverkehrsstatistik der Binnenschifffahrt;JAHR;Jahr;2026;MONAT;Monate;MONAT10;Oktober;DLANDR;Bundesländer mit Restposition;14;Sachsen;...;t;GUT008;Umgeschlagene Güter
46321;Güterverkehrsstatistik der Binnenschifffahrt;JAHR;Jahr;2026;MONAT;Monate;MONAT10;Oktober;DLANDR;Bundesländer mit Restposition;14;Sachsen;...;TEU;CON002;Umgeschlagene Container
46321;Güterverkehrsstatistik der Binnenschifffahrt;JAHR;Jahr;2025;MONAT;Monate;MONAT05;Mai;DLANDR;Bundesländer mit Restposition;14;Sachsen;3852;t;GUT008;Umgeschlagene Güter
46321;Güterverkehrsstatistik der Binnenschifffahrt;JAHR;Jahr;2025;MONAT;Monate;MONAT05;Mai;DLANDR;Bundesländer mit Restposition;14;Sachsen;-;TEU;CON002;Umgeschlagene Container
46321;Güterverkehrsstatistik der Binnenschifffahrt;JAHR;Jahr;2025;MONAT;Monate;MONAT04;April;DLANDR;Bundesländer mit Restposition;13;Mecklenburg-Vorpommern;2754;t;GUT008;Umgeschlagene Güter
46321;Güterverkehrsstatistik der Binnenschifffahrt;JAHR;Jahr;2025;MONAT;Monate;MONAT04;April;DLANDR;Bundesländer mit Restposition;13;Mecklenburg-Vorpommern;-;TEU;CON002;Umgeschlagene Container
46321;Güterverkehrsstatistik der Binnenschifffahrt;JAHR;Jahr;2026;MONAT;Monate;MONAT01;Januar;DLANDR;Bundesländer mit Restposition;02;Hamburg;414669;t;GUT008;Umgeschlagene Güter
46321;Güterverkehrsstatistik der Binnenschifffahrt;JAHR;Jahr;2026;MONAT;Monate;MONAT01;Januar;DLANDR;Bundesländer mit Restposition;02;Hamburg;3695;TEU;CON002;Umgeschlagene Container
46321;Güterverkehrsstatistik der Binnenschifffahrt;JAHR;Jahr;2026;MONAT;Monate;MONAT02;Februar;DLANDR;Bundesländer mit Restposition;07;Rheinland-Pfalz;1482077;t;GUT008;Umgeschlagene Güter
46321;Güterverkehrsstatistik der Binnenschifffahrt;JAHR;Jahr;2026;MONAT;Monate;MONAT02;Februar;DLANDR;Bundesländer mit Restposition;07;Rheinland-Pfalz;31412;TEU;CON002;Umgeschlagene Container
46321;Güterverkehrsstatistik der Binnenschifffahrt;JAHR;Jahr;2026;MONAT;Monate;MONAT05;Mai;DLANDR;Bundesländer mit Restposition;07;Rheinland-Pfalz;1542722;t;GUT008;Umgeschlagene Güter
46321;Güterverkehrsstatistik der Binnenschifffahrt;JAHR;Jahr;2026;MONAT;Monate;MONAT05;Mai;DLANDR;Bundesländer mit Restposition;07;Rheinland-Pfalz;37785;TEU;CON002;Umgeschlagene Container
46321;Güterverkehrsstatistik der Binnenschifffahrt;JAHR;Jahr;2025;MONAT;Monate;MONAT08;August;DLANDR;Bundesländer mit Restposition;14;Sachsen;-;t;GUT008;Umgeschlagene Güter
46321;Güterverkehrsstatistik der Binnenschifffahrt;JAHR;Jahr;2025;MONAT;Monate;MONAT08;August;DLANDR;Bundesländer mit Restposition;14;Sachsen;-;TEU;CON002;Umgeschlagene Container
46321;Güterverkehrsstatistik der Binnenschifffahrt;JAHR;Jahr;2025;MONAT;Monate;MONAT07;Juli;DLANDR;Bundesländer mit Restposition;13;Mecklenburg-Vorpommern;2041;t;GUT008;Umgeschlagene Güter
46321;Güterverkehrsstatistik der Binnenschifffahrt;JAHR;Jahr;2025;MONAT;Monate;MONAT07;Juli;DLANDR;Bundesländer mit Restposition;13;Mecklenburg-Vorpommern;-;TEU;CON002;Umgeschlagene Container
46321;Güterverkehrsstatistik der Binnenschifffahrt;JAHR;Jahr;2026;MONAT;Monate;MONAT09;September;DLANDR;Bundesländer mit Restposition;11;Berlin;...;t;GUT008;Umgeschlagene Güter
46321;Güterverkehrsstatistik der Binnenschifffahrt;JAHR;Jahr;2026;MONAT;Monate;MONAT09;September;DLANDR;Bundesländer mit Restposition;11;Berlin;...;TEU;CON002;Umgeschlagene Container
46321;Güterverkehrsstatistik der Binnenschifffahrt;JAHR;Jahr;2025;MONAT;Monate;MONAT11;November;DLANDR;Bundesländer mit Restposition;16;Thüringen;x;t;GUT008;Umgeschlagene Güter
46321;Güterverkehrsstatistik der Binnenschifffahrt;JAHR;Jahr;2025;MONAT;Monate;MONAT11;November;DLANDR;Bundesländer mit Restposition;16;Thüringen;x;TEU;CON002;Umgeschlagene Container
46321;Güterverkehrsstatistik der Binnenschifffahrt;JAHR;Jahr;2026;MONAT;Monate;MONAT04;April;DLANDR;Bundesländer mit Restposition;02;Hamburg;643420;t;GUT008;Umgeschlagene Güter
46321;Güterverkehrsstatistik der Binnenschifffahrt;JAHR;Jahr;2026;MONAT;Monate;MONAT04;April;DLANDR;Bundesländer mit Restposition;02;Hamburg;9442;TEU;CON002;Umgeschlagene Container
46321;Güterverkehrsstatistik der Binnenschifffahrt;JAHR;Jahr;2026;MONAT;Monate;MONAT12;Dezember;DLANDR;Bundesländer mit Restposition;13;Mecklenburg-Vorpommern;...;t;GUT008;Umgeschlagene Güter
46321;Güterverkehrsstatistik der Binnenschifffahrt;JAHR;Jahr;2026;MONAT;Monate;MONAT12;Dezember;DLANDR;Bundesländer mit Restposition;13;Mecklenburg-Vorpommern;...;TEU;CON002;Umgeschlagene Container
46321;Güterverkehrsstatistik der Binnenschifffahrt;JAHR;Jahr;2026;MONAT;Monate;MONAT07;Juli;DLANDR;Bundesländer mit Restposition;14;Sachsen;...;t;GUT008;Umgeschlagene Güter
46321;Güterverkehrsstatistik der Binnenschifffahrt;JAHR;Jahr;2026;MONAT;Monate;MONAT07;Juli;DLANDR;Bundesländer mit Restposition;14;Sachsen;...;TEU;CON002;Umgeschlagene Container
46321;Güterverkehrsstatistik der Binnenschifffahrt;JAHR;Jahr;2026;MONAT;Monate;MONAT11;November;DLANDR;Bundesländer mit Restposition;18;Restposition;...;t;GUT008;Umgeschlagene Güter
46321;Güterverkehrsstatistik der Binnenschifffahrt;JAHR;Jahr;2026;MONAT;Monate;MONAT11;November;DLANDR;Bundesländer mit Restposition;18;Restposition;...;TEU;CON002;Umgeschlagene Container
46321;Güterverkehrsstatistik der Binnenschifffahrt;JAHR;Jahr;2025;MONAT;Monate;MONAT02;Februar;DLANDR;Bundesländer mit Restposition;04;Bremen;272891;t;GUT008;Umgeschlagene Güter
46321;Güterverkehrsstatistik der Binnenschifffahrt;JAHR;Jahr;2025;MONAT;Monate;MONAT02;Februar;DLANDR;Bundesländer mit Restposition;04;Bremen;13497;TEU;CON002;Umgeschlagene Container
46321;Güterverkehrsstatistik der Binnenschifffahrt;JAHR;Jahr;2026;MONAT;Monate;MONAT06;Juni;DLANDR;Bundesländer mit Restposition;01;Schleswig-Holstein;331762;t;GUT008;Umgeschlagene Güter
46321;Güterverkehrsstatistik der Binnenschifffahrt;JAHR;Jahr;2026;MONAT;Monate;MONAT06;Juni;DLANDR;Bundesländer mit Restposition;01;Schleswig-Holstein;-;TEU;CON002;Umgeschlagene Container
46321;Güterverkehrsstatistik der Binnenschifffahrt;JAHR;Jahr;2026;MONAT;Monate;MONAT03;März;DLANDR;Bundesländer mit Restposition;01;Schleswig-Holstein;332283;t;GUT008;Umgeschlagene Güter
46321;Güterverkehrsstatistik der Binnenschifffahrt;JAHR;Jahr;2026;MONAT;Monate;MONAT03;März;DLANDR;Bundesländer mit Restposition;01;Schleswig-Holstein;-;TEU;CON002;Umgeschlagene Container
46321;Güterverkehrsstatistik der Binnenschifffahrt;JAHR;Jahr;2026;MONAT;Monate;MONAT08;August;DLANDR;Bundesländer mit Restposition;06;Hessen;...;t;GUT008;Umgeschlagene Güter
46321;Güterverkehrsstatistik der Binnenschifffahrt;JAHR;Jahr;2026;MONAT;Monate;MONAT08;August;DLANDR;Bundesländer mit Restposition;06;Hessen;...;TEU;CON002;Umgeschlagene Container
46321;Güterverkehrsstatistik der Binnenschifffahrt;JAHR;Jahr;2025;MONAT;Monate;MONAT05;Mai;DLANDR;Bundesländer mit Restposition;04;Bremen;323252;t;GUT008;Umgeschlagene Güter
46321;Güterverkehrsstatistik der Binnenschifffahrt;JAHR;Jahr;2025;MONAT;Monate;MONAT05;Mai;DLANDR;Bundesländer mit Restposition;04;Bremen;16030;TEU;CON002;Umgeschlagene Container
46321;Güterverkehrsstatistik der Binnenschifffahrt;JAHR;Jahr;2025;MONAT;Monate;MONAT01;Januar;DLANDR;Bundesländer mit Restposition;12;Brandenburg;148412;t;GUT008;Umgeschlagene Güter
46321;Güterverkehrsstatistik der Binnenschifffahrt;JAHR;Jahr;2025;MONAT;Monate;MONAT01;Januar;DLANDR;Bundesländer mit Restposition;12;Brandenburg;-;TEU;CON002;Umgeschlagene Container
46321;Güterverkehrsstatistik der Binnenschifffahrt;JAHR;Jahr;2026;MONAT;Monate;MONAT10;Oktober;DLANDR;Bundesländer mit Restposition;03;Niedersachsen;...;t;GUT008;Umgeschlagene Güter
46321;Güterverkehrsstatistik der Binnenschifffahrt;JAHR;Jahr;2026;MONAT;Monate;MONAT10;Oktober;DLANDR;Bundesländer mit Restposition;03;Niedersachsen;...;TEU;CON002;Umgeschlagene Container
46321;Güterverkehrsstatistik der Binnenschifffahrt;JAHR;Jahr;2025;MONAT;Monate;MONAT10;Oktober;DLANDR;Bundesländer mit Restposition;13;Mecklenburg-Vorpommern;439;t;GUT008;Umgeschlagene Güter
46321;Güterverkehrsstatistik der Binnenschifffahrt;JAHR;Jahr;2025;MONAT;Monate;MONAT10;Oktober;DLANDR;Bundesländer mit Restposition;13;Mecklenburg-Vorpommern;-;TEU;CON002;Umgeschlagene Container
46321;Güterverkehrsstatistik der Binnenschifffahrt;JAHR;Jahr;2026;MONAT;Monate;MONAT01;Januar;DLANDR;Bundesländer mit Restposition;14;Sachsen;-;t;GUT008;Umgeschlagene Güter
46321;Güterverkehrsstatistik der Binnenschifffahrt;JAHR;Jahr;2026;MONAT;Monate;MONAT01;Januar;DLANDR;Bundesländer mit Restposition;14;Sachsen;-;TEU;CON002;Umgeschlagene Container
46321;Güterverkehrsstatistik der Binnenschifffahrt;JAHR;Jahr;2025;MONAT;Monate;MONAT07;Juli;DLANDR;Bundesländer mit Restposition;01;Schleswig-Holstein;311396;t;GUT008;Umgeschlagene Güter
46321;Güterverkehrsstatistik der Binnenschifffahrt;JAHR;Jahr;2025;MONAT;Monate;MONAT07;Juli;DLANDR;Bundesländer mit Restposition;01;Schleswig-Holstein;-;TEU;CON002;Umgeschlagene Container
46321;Güterverkehrsstatistik der Binnenschifffahrt;JAHR;Jahr;2026;MONAT;Monate;MONAT09;September;DLANDR;Bundesländer mit Restposition;01;Schleswig-Holstein;...;t;GUT008;Umgeschlagene Güter
46321;Güterverkehrsstatistik der Binnenschifffahrt;JAHR;Jahr;2026;MONAT;Monate;MONAT09;September;DLANDR;Bundesländer mit Restposition;01;Schleswig-Holstein;...;TEU;CON002;Umgeschlagene Container
46321;Güterverkehrsstatistik der Binnenschifffahrt;JAHR;Jahr;2025;MONAT;Monate;MONAT04;April;DLANDR;Bundesländer mit Restposition;01;Schleswig-Holstein;313155;t;GUT008;Umgeschlagene Güter
46321;Güterverkehrsstatistik der Binnenschifffahrt;JAHR;Jahr;2025;MONAT;Monate;MONAT04;April;DLANDR;Bundesländer mit Restposition;01;Schleswig-Holstein;-;TEU;CON002;Umgeschlagene Container
46321;Güterverkehrsstatistik der Binnenschifffahrt;JAHR;Jahr;2025;MONAT;Monate;MONAT08;August;DLANDR;Bundesländer mit Restposition;04;Bremen;296355;t;GUT008;Umgeschlagene Güter
46321;Güterverkehrsstatistik der Binnenschifffahrt;JAHR;Jahr;2025;MONAT;Monate;MONAT08;August;DLANDR;Bundesländer mit Restposition;04;Bremen;11635;TEU;CON002;Umgeschlagene Container
46321;Güterverkehrsstatistik der Binnenschifffahrt;JAHR;Jahr;2025;MONAT;Monate;MONAT01;Januar;DLANDR;Bundesländer mit Restposition;01;Schleswig-Holstein;293479;t;GUT008;Umgeschlagene Güter
46321;Güterverkehrsstatistik der Binnenschifffahrt;JAHR;Jahr;2025;MONAT;Monate;MONAT01;Januar;DLANDR;Bundesländer mit Restposition;01;Schleswig-Holstein;-;TEU;CON002;Umgeschlagene Container
46321;Güterverkehrsstatistik der Binnenschifffahrt;JAHR;Jahr;2025;MONAT;Monate;MONAT11;November;DLANDR;Bundesländer mit Restposition;03;Niedersachsen;2001812;t;GUT008;Umgeschlagene Güter
46321;Güterverkehrsstatistik der Binnenschifffahrt;JAHR;Jahr;2025;MONAT;Monate;MONAT11;November;DLANDR;Bundesländer mit Restposition;03;Niedersachsen;7425;TEU;CON002;Umgeschlagene Container
46321;Güterverkehrsstatistik der Binnenschifffahrt;JAHR;Jahr;2026;MONAT;Monate;MONAT04;April;DLANDR;Bundesländer mit Restposition;14;Sachsen;197;t;GUT008;Umgeschlagene Güter
46321;Güterverkehrsstatistik der Binnenschifffahrt;JAHR;Jahr;2026;MONAT;Monate;MONAT04;April;DLANDR;Bundesländer mit Restposition;14;Sachsen;-;TEU;CON002;Umgeschlagene Container
46321;Güterverkehrsstatistik der Binnenschifffahrt;JAHR;Jahr;2025;MONAT;Monate;MONAT12;Dezember;DLANDR;Bundesländer mit Restposition;10;Saarland;287962;t;GUT008;Umgeschlagene Güter
46321;Güterverkehrsstatistik der Binnenschifffahrt;JAHR;Jahr;2025;MONAT;Monate;MONAT12;Dezember;DLANDR;Bundesländer mit Restposition;10;Saarland;-;TEU;CON002;Umgeschlagene Container
46321;Güterverkehrsstatistik der Binnenschifffahrt;JAHR;Jahr;2025;MONAT;Monate;MONAT10;Oktober;DLANDR;Bundesländer mit Restposition;01;Schleswig-Holstein;339731;t;GUT008;Umgeschlagene Güter
46321;Güterverkehrsstatistik der Binnenschifffahrt;JAHR;Jahr;2025;MONAT;Monate;MONAT10;Oktober;DLANDR;Bundesländer mit Restposition;01;Schleswig-Holstein;-;TEU;CON002;Umgeschlagene Container
46321;Güterverkehrsstatistik der Binnenschifffahrt;JAHR;Jahr;2026;MONAT;Monate;MONAT07;Juli;DLANDR;Bundesländer mit Restposition;03;Niedersachsen;...;t;GUT008;Umgeschlagene Güter
46321;Güterverkehrsstatistik der Binnenschifffahrt;JAHR;Jahr;2026;MONAT;Monate;MONAT07;Juli;DLANDR;Bundesländer mit Restposition;03;Niedersachsen;...;TEU;CON002;Umgeschlagene Container
46321;Güterverkehrsstatistik der Binnenschifffahrt;JAHR;Jahr;2026;MONAT;Monate;MONAT06;Juni;DLANDR;Bundesländer mit Restposition;12;Brandenburg;199008;t;GUT008;Umgeschlagene Güter
46321;Güterverkehrsstatistik der Binnenschifffahrt;JAHR;Jahr;2026;MONAT;Monate;MONAT06;Juni;DLANDR;Bundesländer mit Restposition;12;Brandenburg;-;TEU;CON002;Umgeschlagene Container
46321;Güterverkehrsstatistik der Binnenschifffahrt;JAHR;Jahr;2025;MONAT;Monate;MONAT02;Februar;DLANDR;Bundesländer mit Restposition;15;Sachsen-Anhalt;487388;t;GUT008;Umgeschlagene Güter
46321;Güterverkehrsstatistik der Binnenschifffahrt;JAHR;Jahr;2025;MONAT;Monate;MONAT02;Februar;DLANDR;Bundesländer mit Restposition;15;Sachsen-Anhalt;2847;TEU;CON002;Umgeschlagene Container
46321;Güterverkehrsstatistik der Binnenschifffahrt;JAHR;Jahr;2026;MONAT;Monate;MONAT11;November;DLANDR;Bundesländer mit Restposition;06;Hessen;...;t;GUT008;Umgeschlagene Güter
46321;Güterverkehrsstatistik der Binnenschifffahrt;JAHR;Jahr;2026;MONAT;Monate;MONAT11;November;DLANDR;Bundesländer mit Restposition;06;Hessen;...;TEU;CON002;Umgeschlagene Container
46321;Güterverkehrsstatistik der Binnenschifffahrt;JAHR;Jahr;2026;MONAT;Monate;MONAT03;März;DLANDR;Bundesländer mit Restposition;12;Brandenburg;183134;t;GUT008;Umgeschlagene Güter
46321;Güterverkehrsstatistik der Binnenschifffahrt;JAHR;Jahr;2026;MONAT;Monate;MONAT03;März;DLANDR;Bundesländer mit Restposition;12;Brandenburg;-;TEU;CON002;Umgeschlagene Container
46321;Güterverkehrsstatistik der Binnenschifffahrt;JAHR;Jahr;2025;MONAT;Monate;MONAT05;Mai;DLANDR;Bundesländer mit Restposition;15;Sachsen-Anhalt;484469;t;GUT008;Umgeschlagene Güter
46321;Güterverkehrsstatistik der Binnenschifffahrt;JAHR;Jahr;2025;MONAT;Monate;MONAT05;Mai;DLANDR;Bundesländer mit Restposition;15;Sachsen-Anhalt;1169;TEU;CON002;Umgeschlagene Container
46321;Güterverkehrsstatistik der Binnenschifffahrt;JAHR;Jahr;2026;MONAT;Monate;MONAT10;Oktober;DLANDR;Bundesländer mit Restposition;15;Sachsen-Anhalt;...;t;GUT008;Umgeschlagene Güter
46321;Güterverkehrsstatistik der Binnenschifffahrt;JAHR;Jahr;2026;MONAT;Monate;MONAT10;Oktober;DLANDR;Bundesländer mit Restposition;15;Sachsen-Anhalt;...;TEU;CON002;Umgeschlagene Container
46321;Güterverkehrsstatistik der Binnenschifffahrt;JAHR;Jahr;2026;MONAT;Monate;MONAT02;Februar;DLANDR;Bundesländer mit Restposition;06;Hessen;765237;t;GUT008;Umgeschlagene Güter
46321;Güterverkehrsstatistik der Binnenschifffahrt;JAHR;Jahr;2026;MONAT;Monate;MONAT02;Februar;DLANDR;Bundesländer mit Restposition;06;Hessen;5163;TEU;CON002;Umgeschlagene Container
46321;Güterverkehrsstatistik der Binnenschifffahrt;JAHR;Jahr;2026;MONAT;Monate;MONAT05;Mai;DLANDR;Bundesländer mit Restposition;06;Hessen;642790;t;GUT008;Umgeschlagene Güter
46321;Güterverkehrsstatistik der Binnenschifffahrt;JAHR;Jahr;2026;MONAT;Monate;MONAT05;Mai;DLANDR;Bundesländer mit Restposition;06;Hessen;6106;TEU;CON002;Umgeschlagene Container
46321;Güterverkehrsstatistik der Binnenschifffahrt;JAHR;Jahr;2026;MONAT;Monate;MONAT01;Januar;DLANDR;Bundesländer mit Restposition;03;Niedersachsen;1382627;t;GUT008;Umgeschlagene Güter
46321;Güterverkehrsstatistik der Binnenschifffahrt;JAHR;Jahr;2026;MONAT;Monate;MONAT01;Januar;DLANDR;Bundesländer mit Restposition;03;Niedersachsen;4040;TEU;CON002;Umgeschlagene Container
46321;Güterverkehrsstatistik der Binnenschifffahrt;JAHR;Jahr;2025;MONAT;Monate;MONAT07;Juli;DLANDR;Bundesländer mit Restposition;12;Brandenburg;156133;t;GUT008;Umgeschlagene Güter
46321;Güterverkehrsstatistik der Binnenschifffahrt;JAHR;Jahr;2025;MONAT;Monate;MONAT07;Juli;DLANDR;Bundesländer mit Restposition;12;Brandenburg;-;TEU;CON002;Umgeschlagene Container
46321;Güterverkehrsstatistik der Binnenschifffahrt;JAHR;Jahr;2025;MONAT;Monate;MONAT04;April;DLANDR;Bundesländer mit Restposition;12;Brandenburg;119615;t;GUT008;Umgeschlagene Güter
46321;Güterverkehrsstatistik der Binnenschifffahrt;JAHR;Jahr;2025;MONAT;Monate;MONAT04;April;DLANDR;Bundesländer mit Restposition;12;Brandenburg;-;TEU;CON002;Umgeschlagene Container
46321;Güterverkehrsstatistik der Binnenschifffahrt;JAHR;Jahr;2026;MONAT;Monate;MONAT09;September;DLANDR;Bundesländer mit Restposition;12;Brandenburg;...;t;GUT008;Umgeschlagene Güter
46321;Güterverkehrsstatistik der Binnenschifffahrt;JAHR;Jahr;2026;MONAT;Monate;MONAT09;September;DLANDR;Bundesländer mit Restposition;12;Brandenburg;...;TEU;CON002;Umgeschlagene Container
46321;Güterverkehrsstatistik der Binnenschifffahrt;JAHR;Jahr;2025;MONAT;Monate;MONAT08;August;DLANDR;Bundesländer mit Restposition;15;Sachsen-Anhalt;501853;t;GUT008;Umgeschlagene Güter
46321;Güterverkehrsstatistik der Binnenschifffahrt;JAHR;Jahr;2025;MONAT;Monate;MONAT08;August;DLANDR;Bundesländer mit Restposition;15;Sachsen-Anhalt;2880;TEU;CON002;Umgeschlagene Container
46321;Güterverkehrsstatistik der Binnenschifffahrt;JAHR;Jahr;2026;MONAT;Monate;MONAT04;April;DLANDR;Bundesländer mit Restposition;03;Niedersachsen;1951605;t;GUT008;Umgeschlagene Güter
46321;Güterverkehrsstatistik der Binnenschifffahrt;JAHR;Jahr;2026;MONAT;Monate;MONAT04;April;DLANDR;Bundesländer mit Restposition;03;Niedersachsen;8253;TEU;CON002;Umgeschlagene Container
46321;Güterverkehrsstatistik der Binnenschifffahrt;JAHR;Jahr;2025;MONAT;Monate;MONAT11;November;DLANDR;Bundesländer mit Restposition;15;Sachsen-Anhalt;500685;t;GUT008;Umgeschlagene Güter
46321;Güterverkehrsstatistik der Binnenschifffahrt;JAHR;Jahr;2025;MONAT;Monate;MONAT11;November;DLANDR;Bundesländer mit Restposition;15;Sachsen-Anhalt;2793;TEU;CON002;Umgeschlagene Container
46321;Güterverkehrsstatistik der Binnenschifffahrt;JAHR;Jahr;2026;MONAT;Monate;MONAT12;Dezember;DLANDR;Bundesländer mit Restposition;12;Brandenburg;...;t;GUT008;Umgeschlagene Güter
46321;Güterverkehrsstatistik der Binnenschifffahrt;JAHR;Jahr;2026;MONAT;Monate;MONAT12;Dezember;DLANDR;Bundesländer mit Restposition;12;Brandenburg;...;TEU;CON002;Umgeschlagene Container
46321;Güterverkehrsstatistik der Binnenschifffahrt;JAHR;Jahr;2025;MONAT;Monate;MONAT09;September;DLANDR;Bundesländer mit Restposition;10;Saarland;223484;t;GUT008;Umgeschlagene Güter
46321;Güterverkehrsstatistik der Binnenschifffahrt;JAHR;Jahr;2025;MONAT;Monate;MONAT09;September;DLANDR;Bundesländer mit Restposition;10;Saarland;-;TEU;CON002;Umgeschlagene Container
46321;Güterverkehrsstatistik der Binnenschifffahrt;JAHR;Jahr;2026;MONAT;Monate;MONAT08;August;DLANDR;Bundesländer mit Restposition;05;Nordrhein-Westfalen;...;t;GUT008;Umgeschlagene Güter
46321;Güterverkehrsstatistik der Binnenschifffahrt;JAHR;Jahr;2026;MONAT;Monate;MONAT08;August;DLANDR;Bundesländer mit Restposition;05;Nordrhein-Westfalen;...;TEU;CON002;Umgeschlagene Container
46321;Güterverkehrsstatistik der Binnenschifffahrt;JAHR;Jahr;2026;MONAT;Monate;MONAT02;Februar;DLANDR;Bundesländer mit Restposition;16;Thüringen;x;t;GUT008;Umgeschlagene Güter
46321;Güterverkehrsstatistik der Binnenschifffahrt;JAHR;Jahr;2026;MONAT;Monate;MONAT02;Februar;DLANDR;Bundesländer mit Restposition;16;Thüringen;x;TEU;CON002;Umgeschlagene Container
46321;Güterverkehrsstatistik der Binnenschifffahrt;JAHR;Jahr;2026;MONAT;Monate;MONAT10;Oktober;DLANDR;Bundesländer mit Restposition;08;Baden-Württemberg;...;t;GUT008;Umgeschlagene Güter
46321;Güterverkehrsstatistik der Binnenschifffahrt;JAHR;Jahr;2026;MONAT;Monate;MONAT10;Oktober;DLANDR;Bundesländer mit Restposition;08;Baden-Württemberg;...;TEU;CON002;Umgeschlagene Container
46321;Güterverkehrsstatistik der Binnenschifffahrt;JAHR;Jahr;2026;MONAT;Monate;MONAT05;Mai;DLANDR;Bundesländer mit Restposition;16;Thüringen;x;t;GUT008;Umgeschlagene Güter
46321;Güterverkehrsstatistik der Binnenschifffahrt;JAHR;Jahr;2026;MONAT;Monate;MONAT05;Mai;DLANDR;Bundesländer mit Restposition;16;Thüringen;x;TEU;CON002;Umgeschlagene Container
46321;Güterverkehrsstatistik der Binnenschifffahrt;JAHR;Jahr;2025;MONAT;Monate;MONAT08;August;DLANDR;Bundesländer mit Restposition;09;Bayern;474911;t;GUT008;Umgeschlagene Güter
46321;Güterverkehrsstatistik der Binnenschifffahrt;JAHR;Jahr;2025;MONAT;Monate;MONAT08;August;DLANDR;Bundesländer mit Restposition;09;Bayern;96;TEU;CON002;Umgeschlagene Container
46321;Güterverkehrsstatistik der Binnenschifffahrt;JAHR;Jahr;2025;MONAT;Monate;MONAT05;Mai;DLANDR;Bundesländer mit Restposition;09;Bayern;496174;t;GUT008;Umgeschlagene Güter
46321;Güterverkehrsstatistik der Binnenschifffahrt;JAHR;Jahr;2025;MONAT;Monate;MONAT05;Mai;DLANDR;Bundesländer mit Restposition;09;Bayern;326;TEU;CON002;Umgeschlagene Container
46321;Güterverkehrsstatistik der Binnenschifffahrt;JAHR;Jahr;2025;MONAT;Monate;MONAT02;Februar;DLANDR;Bundesländer mit Restposition;09;Bayern;461590;t;GUT008;Umgeschlagene Güter
46321;Güterverkehrsstatistik der Binnenschifffahrt;JAHR;Jahr;2025;MONAT;Monate;MONAT02;Februar;DLANDR;Bundesländer mit Restposition;09;Bayern;30;TEU;CON002;Umgeschlagene Container
46321;Güterverkehrsstatistik der Binnenschifffahrt;JAHR;Jahr;2025;MONAT;Monate;MONAT06;Juni;DLANDR;Bundesländer mit Restposition;10;Saarland;118469;t;GUT008;Umgeschlagene Güter
46321;Güterverkehrsstatistik der Binnenschifffahrt;JAHR;Jahr;2025;MONAT;Monate;MONAT06;Juni;DLANDR;Bundesländer mit Restposition;10;Saarland;-;TEU;CON002;Umgeschlagene Container
46321;Güterverkehrsstatistik der Binnenschifffahrt;JAHR;Jahr;2025;MONAT;Monate;MONAT03;März;DLANDR;Bundesländer mit Restposition;10;Saarland;213608;t;GUT008;Umgeschlagene Güter
46321;Güterverkehrsstatistik der Binnenschifffahrt;JAHR;Jahr;2025;MONAT;Monate;MONAT03;März;DLANDR;Bundesländer mit Restposition;10;Saarland;-;TEU;CON002;Umgeschlagene Container
46321;Güterverkehrsstatistik der Binnenschifffahrt;JAHR;Jahr;2025;MONAT;Monate;MONAT12;Dezember;DLANDR;Bundesländer mit Restposition;11;Berlin;126170;t;GUT008;Umgeschlagene Güter
46321;Güterverkehrsstatistik der Binnenschifffahrt;JAHR;Jahr;2025;MONAT;Monate;MONAT12;Dezember;DLANDR;Bundesländer mit Restposition;11;Berlin;-;TEU;CON002;Umgeschlagene Container
46321;Güterverkehrsstatistik der Binnenschifffahrt;JAHR;Jahr;2026;MONAT;Monate;MONAT07;Juli;DLANDR;Bundesländer mit Restposition;08;Baden-Württemberg;...;t;GUT008;Umgeschlagene Güter
46321;Güterverkehrsstatistik der Binnenschifffahrt;JAHR;Jahr;2026;MONAT;Monate;MONAT07;Juli;DLANDR;Bundesländer mit Restposition;08;Baden-Württemberg;...;TEU;CON002;Umgeschlagene Container
46321;Güterverkehrsstatistik der Binnenschifffahrt;JAHR;Jahr;2026;MONAT;Monate;MONAT04;April;DLANDR;Bundesländer mit Restposition;08;Baden-Württemberg;2023221;t;GUT008;Umgeschlagene Güter
46321;Güterverkehrsstatistik der Binnenschifffahrt;JAHR;Jahr;2026;MONAT;Monate;MONAT04;April;DLANDR;Bundesländer mit Restposition;08;Baden-Württemberg;11459;TEU;CON002;Umgeschlagene Container
46321;Güterverkehrsstatistik der Binnenschifffahrt;JAHR;Jahr;2026;MONAT;Monate;MONAT11;November;DLANDR;Bundesländer mit Restposition;05;Nordrhein-Westfalen;...;t;GUT008;Umgeschlagene Güter
46321;Güterverkehrsstatistik der Binnenschifffahrt;JAHR;Jahr;2026;MONAT;Monate;MONAT11;November;DLANDR;Bundesländer mit Restposition;05;Nordrhein-Westfalen;...;TEU;CON002;Umgeschlagene Container
46321;Güterverkehrsstatistik der Binnenschifffahrt;JAHR;Jahr;2026;MONAT;Monate;MONAT01;Januar;DLANDR;Bundesländer mit Restposition;08;Baden-Württemberg;1812701;t;GUT008;Umgeschlagene Güter
46321;Güterverkehrsstatistik der Binnenschifffahrt;JAHR;Jahr;2026;MONAT;Monate;MONAT01;Januar;DLANDR;Bundesländer mit Restposition;08;Baden-Württemberg;11225;TEU;CON002;Umgeschlagene Container
46321;Güterverkehrsstatistik der Binnenschifffahrt;JAHR;Jahr;2026;MONAT;Monate;MONAT08;August;DLANDR;Bundesländer mit Restposition;16;Thüringen;...;t;GUT008;Umgeschlagene Güter
46321;Güterverkehrsstatistik der Binnenschifffahrt;JAHR;Jahr;2026;MONAT;Monate;MONAT08;August;DLANDR;Bundesländer mit Restposition;16;Thüringen;...;TEU;CON002;Umgeschlagene Container
46321;Güterverkehrsstatistik der Binnenschifffahrt;JAHR;Jahr;2026;MONAT;Monate;MONAT02;Februar;DLANDR;Bundesländer mit Restposition;05;Nordrhein-Westfalen;8305177;t;GUT008;Umgeschlagene Güter
46321;Güterverkehrsstatistik der Binnenschifffahrt;JAHR;Jahr;2026;MONAT;Monate;MONAT02;Februar;DLANDR;Bundesländer mit Restposition;05;Nordrhein-Westfalen;78442;TEU;CON002;Umgeschlagene Container
46321;Güterverkehrsstatistik der Binnenschifffahrt;JAHR;Jahr;2026;MONAT;Monate;MONAT05;Mai;DLANDR;Bundesländer mit Restposition;05;Nordrhein-Westfalen;8203869;t;GUT008;Umgeschlagene Güter
46321;Güterverkehrsstatistik der Binnenschifffahrt;JAHR;Jahr;2026;MONAT;Monate;MONAT05;Mai;DLANDR;Bundesländer mit Restposition;05;Nordrhein-Westfalen;78667;TEU;CON002;Umgeschlagene Container
46321;Güterverkehrsstatistik der Binnenschifffahrt;JAHR;Jahr;2025;MONAT;Monate;MONAT09;September;DLANDR;Bundesländer mit Restposition;11;Berlin;148892;t;GUT008;Umgeschlagene Güter
46321;Güterverkehrsstatistik der Binnenschifffahrt;JAHR;Jahr;2025;MONAT;Monate;MONAT09;September;DLANDR;Bundesländer mit Restposition;11;Berlin;-;TEU;CON002;Umgeschlagene Container
46321;Güterverkehrsstatistik der Binnenschifffahrt;JAHR;Jahr;2026;MONAT;Monate;MONAT11;November;DLANDR;Bundesländer mit Restposition;16;Thüringen;...;t;GUT008;Umgeschlagene Güter
46321;Güterverkehrsstatistik der Binnenschifffahrt;JAHR;Jahr;2026;MONAT;Monate;MONAT11;November;DLANDR;Bundesländer mit Restposition;16;Thüringen;...;TEU;CON002;Umgeschlagene Container
46321;Güterverkehrsstatistik der Binnenschifffahrt;JAHR;Jahr;2026;MONAT;Monate;MONAT08;August;DLANDR;Bundesländer mit Restposition;04;Bremen;...;t;GUT008;Umgeschlagene Güter
46321;Güterverkehrsstatistik der Binnenschifffahrt;JAHR;Jahr;2026;MONAT;Monate;MONAT08;August;DLANDR;Bundesländer mit Restposition;04;Bremen;...;TEU;CON002;Umgeschlagene Container
46321;Güterverkehrsstatistik der Binnenschifffahrt;JAHR;Jahr;2026;MONAT;Monate;MONAT10;Oktober;DLANDR;Bundesländer mit Restposition;09;Bayern;...;t;GUT008;Umgeschlagene Güter
46321;Güterverkehrsstatistik der Binnenschifffahrt;JAHR;Jahr;2026;MONAT;Monate;MONAT10;Oktober;DLANDR;Bundesländer mit Restposition;09;Bayern;...;TEU;CON002;Umgeschlagene Container
46321;Güterverkehrsstatistik der Binnenschifffahrt;JAHR;Jahr;2026;MONAT;Monate;MONAT02;Februar;DLANDR;Bundesländer mit Restposition;15;Sachsen-Anhalt;86403;t;GUT008;Umgeschlagene Güter
46321;Güterverkehrsstatistik der Binnenschifffahrt;JAHR;Jahr;2026;MONAT;Monate;MONAT02;Februar;DLANDR;Bundesländer mit Restposition;15;Sachsen-Anhalt;247;TEU;CON002;Umgeschlagene Container
46321;Güterverkehrsstatistik der Binnenschifffahrt;JAHR;Jahr;2026;MONAT;Monate;MONAT05;Mai;DLANDR;Bundesländer mit Restposition;15;Sachsen-Anhalt;481510;t;GUT008;Umgeschlagene Güter
46321;Güterverkehrsstatistik der Binnenschifffahrt;JAHR;Jahr;2026;MONAT;Monate;MONAT05;Mai;DLANDR;Bundesländer mit Restposition;15;Sachsen-Anhalt;2733;TEU;CON002;Umgeschlagene Container
46321;Güterverkehrsstatistik der Binnenschifffahrt;JAHR;Jahr;2025;MONAT;Monate;MONAT12;Dezember;DLANDR;Bundesländer mit Restposition;12;Brandenburg;139856;t;GUT008;Umgeschlagene Güter
46321;Güterverkehrsstatistik der Binnenschifffahrt;JAHR;Jahr;2025;MONAT;Monate;MONAT12;Dezember;DLANDR;Bundesländer mit Restposition;12;Brandenburg;-;TEU;CON002;Umgeschlagene Container
46321;Güterverkehrsstatistik der Binnenschifffahrt;JAHR;Jahr;2025;MONAT;Monate;MONAT06;Juni;DLANDR;Bundesländer mit Restposition;11;Berlin;104890;t;GUT008;Umgeschlagene Güter
46321;Güterverkehrsstatistik der Binnenschifffahrt;JAHR;Jahr;2025;MONAT;Monate;MONAT06;Juni;DLANDR;Bundesländer mit Restposition;11;Berlin;-;TEU;CON002;Umgeschlagene Container
46321;Güterverkehrsstatistik der Binnenschifffahrt;JAHR;Jahr;2025;MONAT;Monate;MONAT03;März;DLANDR;Bundesländer mit Restposition;11;Berlin;179968;t;GUT008;Umgeschlagene Güter
46321;Güterverkehrsstatistik der Binnenschifffahrt;JAHR;Jahr;2025;MONAT;Monate;MONAT03;März;DLANDR;Bundesländer mit Restposition;11;Berlin;-;TEU;CON002;Umgeschlagene Container
46321;Güterverkehrsstatistik der Binnenschifffahrt;JAHR;Jahr;2025;MONAT;Monate;MONAT11;November;DLANDR;Bundesländer mit Restposition;09;Bayern;458365;t;GUT008;Umgeschlagene Güter
46321;Güterverkehrsstatistik der Binnenschifffahrt;JAHR;Jahr;2025;MONAT;Monate;MONAT11;November;DLANDR;Bundesländer mit Restposition;09;Bayern;-;TEU;CON002;Umgeschlagene Container
46321;Güterverkehrsstatistik der Binnenschifffahrt;JAHR;Jahr;2026;MONAT;Monate;MONAT11;November;DLANDR;Bundesländer mit Restposition;04;Bremen;...;t;GUT008;Umgeschlagene Güter
46321;Güterverkehrsstatistik der Binnenschifffahrt;JAHR;Jahr;2026;MONAT;Monate;MONAT11;November;DLANDR;Bundesländer mit Restposition;04;Bremen;...;TEU;CON002;Umgeschlagene Container
46321;Güterverkehrsstatistik der Binnenschifffahrt;JAHR;Jahr;2026;MONAT;Monate;MONAT04;April;DLANDR;Bundesländer mit Restposition;09;Bayern;437738;t;GUT008;Umgeschlagene Güter
46321;Güterverkehrsstatistik der Binnenschifffahrt;JAHR;Jahr;2026;MONAT;Monate;MONAT04;April;DLANDR;Bundesländer mit Restposition;09;Bayern;-;TEU;CON002;Umgeschlagene Container
46321;Güterverkehrsstatistik der Binnenschifffahrt;JAHR;Jahr;2026;MONAT;Monate;MONAT07;Juli;DLANDR;Bundesländer mit Restposition;09;Bayern;...;t;GUT008;Umgeschlagene Güter
46321;Güterverkehrsstatistik der Binnenschifffahrt;JAHR;Jahr;2026;MONAT;Monate;MONAT07;Juli;DLANDR;Bundesländer mit Restposition;09;Bayern;...;TEU;CON002;Umgeschlagene Container
46321;Güterverkehrsstatistik der Binnenschifffahrt;JAHR;Jahr;2026;MONAT;Monate;MONAT01;Januar;DLANDR;Bundesländer mit Restposition;09;Bayern;339221;t;GUT008;Umgeschlagene Güter
46321;Güterverkehrsstatistik der Binnenschifffahrt;JAHR;Jahr;2026;MONAT;Monate;MONAT01;Januar;DLANDR;Bundesländer mit Restposition;09;Bayern;-;TEU;CON002;Umgeschlagene Container
46321;Güterverkehrsstatistik der Binnenschifffahrt;JAHR;Jahr;2026;MONAT;Monate;MONAT08;August;DLANDR;Bundesländer mit Restposition;15;Sachsen-Anhalt;...;t;GUT008;Umgeschlagene Güter
46321;Güterverkehrsstatistik der Binnenschifffahrt;JAHR;Jahr;2026;MONAT;Monate;MONAT08;August;DLANDR;Bundesländer mit Restposition;15;Sachsen-Anhalt;...;TEU;CON002;Umgeschlagene Container
46321;Güterverkehrsstatistik der Binnenschifffahrt;JAHR;Jahr;2026;MONAT;Monate;MONAT02;Februar;DLANDR;Bundesländer mit Restposition;04;Bremen;226383;t;GUT008;Umgeschlagene Güter
46321;Güterverkehrsstatistik der Binnenschifffahrt;JAHR;Jahr;2026;MONAT;Monate;MONAT02;Februar;DLANDR;Bundesländer mit Restposition;04;Bremen;13058;TEU;CON002;Umgeschlagene Container
46321;Güterverkehrsstatistik der Binnenschifffahrt;JAHR;Jahr;2026;MONAT;Monate;MONAT05;Mai;DLANDR;Bundesländer mit Restposition;04;Bremen;311840;t;GUT008;Umgeschlagene Güter
46321;Güterverkehrsstatistik der Binnenschifffahrt;JAHR;Jahr;2026;MONAT;Monate;MONAT05;Mai;DLANDR;Bundesländer mit Restposition;04;Bremen;14853;TEU;CON002;Umgeschlagene Container
46321;Güterverkehrsstatistik der Binnenschifffahrt;JAHR;Jahr;2026;MONAT;Monate;MONAT11;November;DLANDR;Bundesländer mit Restposition;15;Sachsen-Anhalt;...;t;GUT008;Umgeschlagene Güter
46321;Güterverkehrsstatistik der Binnenschifffahrt;JAHR;Jahr;2026;MONAT;Monate;MONAT11;November;DLANDR;Bundesländer mit Restposition;15;Sachsen-Anhalt;...;TEU;CON002;Umgeschlagene Container
46321;Güterverkehrsstatistik der Binnenschifffahrt;JAHR;Jahr;2025;MONAT;Monate;MONAT02;Februar;DLANDR;Bundesländer mit Restposition;07;Rheinland-Pfalz;1200528;t;GUT008;Umgeschlagene Güter
46321;Güterverkehrsstatistik der Binnenschifffahrt;JAHR;Jahr;2025;MONAT;Monate;MONAT02;Februar;DLANDR;Bundesländer mit Restposition;07;Rheinland-Pfalz;27733;TEU;CON002;Umgeschlagene Container
46321;Güterverkehrsstatistik der Binnenschifffahrt;JAHR;Jahr;2025;MONAT;Monate;MONAT10;Oktober;DLANDR;Bundesländer mit Restposition;10;Saarland;270252;t;GUT008;Umgeschlagene Güter
46321;Güterverkehrsstatistik der Binnenschifffahrt;JAHR;Jahr;2025;MONAT;Monate;MONAT10;Oktober;DLANDR;Bundesländer mit Restposition;10;Saarland;-;TEU;CON002;Umgeschlagene Container
46321;Güterverkehrsstatistik der Binnenschifffahrt;JAHR;Jahr;2026;MONAT;Monate;MONAT10;Oktober;DLANDR;Bundesländer mit Restposition;06;Hessen;...;t;GUT008;Umgeschlagene Güter
46321;Güterverkehrsstatistik der Binnenschifffahrt;JAHR;Jahr;2026;MONAT;Monate;MONAT10;Oktober;DLANDR;Bundesländer mit Restposition;06;Hessen;...;TEU;CON002;Umgeschlagene Container
46321;Güterverkehrsstatistik der Binnenschifffahrt;JAHR;Jahr;2026;MONAT;Monate;MONAT02;Februar;DLANDR;Bundesländer mit Restposition;14;Sachsen;177;t;GUT008;Umgeschlagene Güter
46321;Güterverkehrsstatistik der Binnenschifffahrt;JAHR;Jahr;2026;MONAT;Monate;MONAT02;Februar;DLANDR;Bundesländer mit Restposition;14;Sachsen;-;TEU;CON002;Umgeschlagene Container
46321;Güterverkehrsstatistik der Binnenschifffahrt;JAHR;Jahr;2026;MONAT;Monate;MONAT08;August;DLANDR;Bundesländer mit Restposition;03;Niedersachsen;...;t;GUT008;Umgeschlagene Güter
46321;Güterverkehrsstatistik der Binnenschifffahrt;JAHR;Jahr;2026;MONAT;Monate;MONAT08;August;DLANDR;Bundesländer mit Restposition;03;Niedersachsen;...;TEU;CON002;Umgeschlagene Container
46321;Güterverkehrsstatistik der Binnenschifffahrt;JAHR;Jahr;2026;MONAT;Monate;MONAT05;Mai;DLANDR;Bundesländer mit Restposition;14;Sachsen;-;t;GUT008;Umgeschlagene Güter
46321;Güterverkehrsstatistik der Binnenschifffahrt;JAHR;Jahr;2026;MONAT;Monate;MONAT05;Mai;DLANDR;Bundesländer mit Restposition;14;Sachsen;-;TEU;CON002;Umgeschlagene Container
46321;Güterverkehrsstatistik der Binnenschifffahrt;JAHR;Jahr;2025;MONAT;Monate;MONAT08;August;DLANDR;Bundesländer mit Restposition;07;Rheinland-Pfalz;1630490;t;GUT008;Umgeschlagene Güter
46321;Güterverkehrsstatistik der Binnenschifffahrt;JAHR;Jahr;2025;MONAT;Monate;MONAT08;August;DLANDR;Bundesländer mit Restposition;07;Rheinland-Pfalz;30673;TEU;CON002;Umgeschlagene Container
46321;Güterverkehrsstatistik der Binnenschifffahrt;JAHR;Jahr;2025;MONAT;Monate;MONAT05;Mai;DLANDR;Bundesländer mit Restposition;07;Rheinland-Pfalz;1653627;t;GUT008;Umgeschlagene Güter
46321;Güterverkehrsstatistik der Binnenschifffahrt;JAHR;Jahr;2025;MONAT;Monate;MONAT05;Mai;DLANDR;Bundesländer mit Restposition;07;Rheinland-Pfalz;35552;TEU;CON002;Umgeschlagene Container
46321;Güterverkehrsstatistik der Binnenschifffahrt;JAHR;Jahr;2025;MONAT;Monate;MONAT12;Dezember;DLANDR;Bundesländer mit Restposition;13;Mecklenburg-Vorpommern;-;t;GUT008;Umgeschlagene Güter
46321;Güterverkehrsstatistik der Binnenschifffahrt;JAHR;Jahr;2025;MONAT;Monate;MONAT12;Dezember;DLANDR;Bundesländer mit Restposition;13;Mecklenburg-Vorpommern;-;TEU;CON002;Umgeschlagene Container
46321;Güterverkehrsstatistik der Binnenschifffahrt;JAHR;Jahr;2025;MONAT;Monate;MONAT06;Juni;DLANDR;Bundesländer mit Restposition;12;Brandenburg;165336;t;GUT008;Umgeschlagene Güter
46321;Güterverkehrsstatistik der Binnenschifffahrt;JAHR;Jahr;2025;MONAT;Monate;MONAT06;Juni;DLANDR;Bundesländer mit Restposition;12;Brandenburg;-;TEU;CON002;Umgeschlagene Container
46321;Güterverkehrsstatistik der Binnenschifffahrt;JAHR;Jahr;2025;MONAT;Monate;MONAT03;März;DLANDR;Bundesländer mit Restposition;12;Brandenburg;202903;t;GUT008;Umgeschlagene Güter
46321;Güterverkehrsstatistik der Binnenschifffahrt;JAHR;Jahr;2025;MONAT;Monate;MONAT03;März;DLANDR;Bundesländer mit Restposition;12;Brandenburg;-;TEU;CON002;Umgeschlagene Container
46321;Güterverkehrsstatistik der Binnenschifffahrt;JAHR;Jahr;2025;MONAT;Monate;MONAT09;September;DLANDR;Bundesländer mit Restposition;12;Brandenburg;188040;t;GUT008;Umgeschlagene Güter
46321;Güterverkehrsstatistik der Binnenschifffahrt;JAHR;Jahr;2025;MONAT;Monate;MONAT09;September;DLANDR;Bundesländer mit Restposition;12;Brandenburg;-;TEU;CON002;Umgeschlagene Container
46321;Güterverkehrsstatistik der Binnenschifffahrt;JAHR;Jahr;2025;MONAT;Monate;MONAT11;November;DLANDR;Bundesländer mit Restposition;08;Baden-Württemberg;2220277;t;GUT008;Umgeschlagene Güter
46321;Güterverkehrsstatistik der Binnenschifffahrt;JAHR;Jahr;2025;MONAT;Monate;MONAT11;November;DLANDR;Bundesländer mit Restposition;08;Baden-Württemberg;10873;TEU;CON002;Umgeschlagene Container
46321;Güterverkehrsstatistik der Binnenschifffahrt;JAHR;Jahr;2026;MONAT;Monate;MONAT11;November;DLANDR;Bundesländer mit Restposition;03;Niedersachsen;...;t;GUT008;Umgeschlagene Güter
46321;Güterverkehrsstatistik der Binnenschifffahrt;JAHR;Jahr;2026;MONAT;Monate;MONAT11;November;DLANDR;Bundesländer mit Restposition;03;Niedersachsen;...;TEU;CON002;Umgeschlagene Container
46321;Güterverkehrsstatistik der Binnenschifffahrt;JAHR;Jahr;2025;MONAT;Monate;MONAT02;Februar;DLANDR;Bundesländer mit Restposition;18;Restposition;-;t;GUT008;Umgeschlagene Güter
46321;Güterverkehrsstatistik der Binnenschifffahrt;JAHR;Jahr;2025;MONAT;Monate;MONAT02;Februar;DLANDR;Bundesländer mit Restposition;18;Restposition;-;TEU;CON002;Umgeschlagene Container
46321;Güterverkehrsstatistik der Binnenschifffahrt;JAHR;Jahr;2026;MONAT;Monate;MONAT07;Juli;DLANDR;Bundesländer mit Restposition;06;Hessen;...;t;GUT008;Umgeschlagene Güter
46321;Güterverkehrsstatistik der Binnenschifffahrt;JAHR;Jahr;2026;MONAT;Monate;MONAT07;Juli;DLANDR;Bundesländer mit Restposition;06;Hessen;...;TEU;CON002;Umgeschlagene Container
46321;Güterverkehrsstatistik der Binnenschifffahrt;JAHR;Jahr;2026;MONAT;Monate;MONAT04;April;DLANDR;Bundesländer mit Restposition;06;Hessen;742760;t;GUT008;Umgeschlagene Güter
46321;Güterverkehrsstatistik der Binnenschifffahrt;JAHR;Jahr;2026;MONAT;Monate;MONAT04;April;DLANDR;Bundesländer mit Restposition;06;Hessen;4868;TEU;CON002;Umgeschlagene Container
46321;Güterverkehrsstatistik der Binnenschifffahrt;JAHR;Jahr;2026;MONAT;Monate;MONAT08;August;DLANDR;Bundesländer mit Restposition;14;Sachsen;...;t;GUT008;Umgeschlagene Güter
46321;Güterverkehrsstatistik der Binnenschifffahrt;JAHR;Jahr;2026;MONAT;Monate;MONAT08;August;DLANDR;Bundesländer mit Restposition;14;Sachsen;...;TEU;CON002;Umgeschlagene Container
46321;Güterverkehrsstatistik der Binnenschifffahrt;JAHR;Jahr;2026;MONAT;Monate;MONAT10;Oktober;DLANDR;Bundesländer mit Restposition;18;Restposition;...;t;GUT008;Umgeschlagene Güter
46321;Güterverkehrsstatistik der Binnenschifffahrt;JAHR;Jahr;2026;MONAT;Monate;MONAT10;Oktober;DLANDR;Bundesländer mit Restposition;18;Restposition;...;TEU;CON002;Umgeschlagene Container
46321;Güterverkehrsstatistik der Binnenschifffahrt;JAHR;Jahr;2026;MONAT;Monate;MONAT02;Februar;DLANDR;Bundesländer mit Restposition;03;Niedersachsen;1134121;t;GUT008;Umgeschlagene Güter
46321;Güterverkehrsstatistik der Binnenschifffahrt;JAHR;Jahr;2026;MONAT;Monate;MONAT02;Februar;DLANDR;Bundesländer mit Restposition;03;Niedersachsen;2772;TEU;CON002;Umgeschlagene Container
46321;Güterverkehrsstatistik der Binnenschifffahrt;JAHR;Jahr;2026;MONAT;Monate;MONAT05;Mai;DLANDR;Bundesländer mit Restposition;03;Niedersachsen;1892008;t;GUT008;Umgeschlagene Güter
46321;Güterverkehrsstatistik der Binnenschifffahrt;JAHR;Jahr;2026;MONAT;Monate;MONAT05;Mai;DLANDR;Bundesländer mit Restposition;03;Niedersachsen;7199;TEU;CON002;Umgeschlagene Container
46321;Güterverkehrsstatistik der Binnenschifffahrt;JAHR;Jahr;2025;MONAT;Monate;MONAT08;August;DLANDR;Bundesländer mit Restposition;18;Restposition;-;t;GUT008;Umgeschlagene Güter
46321;Güterverkehrsstatistik der Binnenschifffahrt;JAHR;Jahr;2025;MONAT;Monate;MONAT08;August;DLANDR;Bundesländer mit Restposition;18;Restposition;-;TEU;CON002;Umgeschlagene Container
46321;Güterverkehrsstatistik der Binnenschifffahrt;JAHR;Jahr;2025;MONAT;Monate;MONAT12;Dezember;DLANDR;Bundesländer mit Restposition;01;Schleswig-Holstein;285627;t;GUT008;Umgeschlagene Güter
46321;Güterverkehrsstatistik der Binnenschifffahrt;JAHR;Jahr;2025;MONAT;Monate;MONAT12;Dezember;DLANDR;Bundesländer mit Restposition;01;Schleswig-Holstein;-;TEU;CON002;Umgeschlagene Container
46321;Güterverkehrsstatistik der Binnenschifffahrt;JAHR;Jahr;2025;MONAT;Monate;MONAT05;Mai;DLANDR;Bundesländer mit Restposition;18;Restposition;-;t;GUT008;Umgeschlagene Güter
46321;Güterverkehrsstatistik der Binnenschifffahrt;JAHR;Jahr;2025;MONAT;Monate;MONAT05;Mai;DLANDR;Bundesländer mit Restposition;18;Restposition;-;TEU;CON002;Umgeschlagene Container
46321;Güterverkehrsstatistik der Binnenschifffahrt;JAHR;Jahr;2026;MONAT;Monate;MONAT01;Januar;DLANDR;Bundesländer mit Restposition;06;Hessen;599956;t;GUT008;Umgeschlagene Güter
46321;Güterverkehrsstatistik der Binnenschifffahrt;JAHR;Jahr;2026;MONAT;Monate;MONAT01;Januar;DLANDR;Bundesländer mit Restposition;06;Hessen;5499;TEU;CON002;Umgeschlagene Container
46321;Güterverkehrsstatistik der Binnenschifffahrt;JAHR;Jahr;2025;MONAT;Monate;MONAT03;März;DLANDR;Bundesländer mit Restposition;01;Schleswig-Holstein;383442;t;GUT008;Umgeschlagene Güter
46321;Güterverkehrsstatistik der Binnenschifffahrt;JAHR;Jahr;2025;MONAT;Monate;MONAT03;März;DLANDR;Bundesländer mit Restposition;01;Schleswig-Holstein;-;TEU;CON002;Umgeschlagene Container
46321;Güterverkehrsstatistik der Binnenschifffahrt;JAHR;Jahr;2025;MONAT;Monate;MONAT06;Juni;DLANDR;Bundesländer mit Restposition;01;Schleswig-Holstein;312517;t;GUT008;Umgeschlagene Güter
46321;Güterverkehrsstatistik der Binnenschifffahrt;JAHR;Jahr;2025;MONAT;Monate;MONAT06;Juni;DLANDR;Bundesländer mit Restposition;01;Schleswig-Holstein;-;TEU;CON002;Umgeschlagene Container
46321;Güterverkehrsstatistik der Binnenschifffahrt;JAHR;Jahr;2025;MONAT;Monate;MONAT09;September;DLANDR;Bundesländer mit Restposition;01;Schleswig-Holstein;309379;t;GUT008;Umgeschlagene Güter
46321;Güterverkehrsstatistik der Binnenschifffahrt;JAHR;Jahr;2025;MONAT;Monate;MONAT09;September;DLANDR;Bundesländer mit Restposition;01;Schleswig-Holstein;-;TEU;CON002;Umgeschlagene Container
46321;Güterverkehrsstatistik der Binnenschifffahrt;JAHR;Jahr;2026;MONAT;Monate;MONAT11;November;DLANDR;Bundesländer mit Restposition;14;Sachsen;...;t;GUT008;Umgeschlagene Güter
46321;Güterverkehrsstatistik der Binnenschifffahrt;JAHR;Jahr;2026;MONAT;Monate;MONAT11;November;DLANDR;Bundesländer mit Restposition;14;Sachsen;...;TEU;CON002;Umgeschlagene Container
46321;Güterverkehrsstatistik der Binnenschifffahrt;JAHR;Jahr;2026;MONAT;Monate;MONAT07;Juli;DLANDR;Bundesländer mit Restposition;18;Restposition;...;t;GUT008;Umgeschlagene Güter
46321;Güterverkehrsstatistik der Binnenschifffahrt;JAHR;Jahr;2026;MONAT;Monate;MONAT07;Juli;DLANDR;Bundesländer mit Restposition;18;Restposition;...;TEU;CON002;Umgeschlagene Container
46321;Güterverkehrsstatistik der Binnenschifffahrt;JAHR;Jahr;2026;MONAT;Monate;MONAT04;April;DLANDR;Bundesländer mit Restposition;18;Restposition;-;t;GUT008;Umgeschlagene Güter
46321;Güterverkehrsstatistik der Binnenschifffahrt;JAHR;Jahr;2026;MONAT;Monate;MONAT04;April;DLANDR;Bundesländer mit Restposition;18;Restposition;-;TEU;CON002;Umgeschlagene Container
46321;Güterverkehrsstatistik der Binnenschifffahrt;JAHR;Jahr;2026;MONAT;Monate;MONAT02;Februar;DLANDR;Bundesländer mit Restposition;13;Mecklenburg-Vorpommern;3035;t;GUT008;Umgeschlagene Güter
46321;Güterverkehrsstatistik der Binnenschifffahrt;JAHR;Jahr;2026;MONAT;Monate;MONAT02;Februar;DLANDR;Bundesländer mit Restposition;13;Mecklenburg-Vorpommern;-;TEU;CON002;Umgeschlagene Container
46321;Güterverkehrsstatistik der Binnenschifffahrt;JAHR;Jahr;2026;MONAT;Monate;MONAT08;August;DLANDR;Bundesländer mit Restposition;02;Hamburg;...;t;GUT008;Umgeschlagene Güter
46321;Güterverkehrsstatistik der Binnenschifffahrt;JAHR;Jahr;2026;MONAT;Monate;MONAT08;August;DLANDR;Bundesländer mit Restposition;02;Hamburg;...;TEU;CON002;Umgeschlagene Container
46321;Güterverkehrsstatistik der Binnenschifffahrt;JAHR;Jahr;2026;MONAT;Monate;MONAT10;Oktober;DLANDR;Bundesländer mit Restposition;07;Rheinland-Pfalz;...;t;GUT008;Umgeschlagene Güter
46321;Güterverkehrsstatistik der Binnenschifffahrt;JAHR;Jahr;2026;MONAT;Monate;MONAT10;Oktober;DLANDR;Bundesländer mit Restposition;07;Rheinland-Pfalz;...;TEU;CON002;Umgeschlagene Container
46321;Güterverkehrsstatistik der Binnenschifffahrt;JAHR;Jahr;2026;MONAT;Monate;MONAT05;Mai;DLANDR;Bundesländer mit Restposition;13;Mecklenburg-Vorpommern;995;t;GUT008;Umgeschlagene Güter
46321;Güterverkehrsstatistik der Binnenschifffahrt;JAHR;Jahr;2026;MONAT;Monate;MONAT05;Mai;DLANDR;Bundesländer mit Restposition;13;Mecklenburg-Vorpommern;-;TEU;CON002;Umgeschlagene Container
46321;Güterverkehrsstatistik der Binnenschifffahrt;JAHR;Jahr;2025;MONAT;Monate;MONAT08;August;DLANDR;Bundesländer mit Restposition;08;Baden-Württemberg;2011062;t;GUT008;Umgeschlagene Güter
46321;Güterverkehrsstatistik der Binnenschifffahrt;JAHR;Jahr;2025;MONAT;Monate;MONAT08;August;DLANDR;Bundesländer mit Restposition;08;Baden-Württemberg;12125;TEU;CON002;Umgeschlagene Container
46321;Güterverkehrsstatistik der Binnenschifffahrt;JAHR;Jahr;2025;MONAT;Monate;MONAT05;Mai;DLANDR;Bundesländer mit Restposition;08;Baden-Württemberg;2057854;t;GUT008;Umgeschlagene Güter
46321;Güterverkehrsstatistik der Binnenschifffahrt;JAHR;Jahr;2025;MONAT;Monate;MONAT05;Mai;DLANDR;Bundesländer mit Restposition;08;Baden-Württemberg;13730;TEU;CON002;Umgeschlagene Container
46321;Güterverkehrsstatistik der Binnenschifffahrt;JAHR;Jahr;2026;MONAT;Monate;MONAT01;Januar;DLANDR;Bundesländer mit Restposition;18;Restposition;-;t;GUT008;Umgeschlagene Güter
46321;Güterverkehrsstatistik der Binnenschifffahrt;JAHR;Jahr;2026;MONAT;Monate;MONAT01;Januar;DLANDR;Bundesländer mit Restposition;18;Restposition;-;TEU;CON002;Umgeschlagene Container
46321;Güterverkehrsstatistik der Binnenschifffahrt;JAHR;Jahr;2025;MONAT;Monate;MONAT12;Dezember;DLANDR;Bundesländer mit Restposition;14;Sachsen;-;t;GUT008;Umgeschlagene Güter
46321;Güterverkehrsstatistik der Binnenschifffahrt;JAHR;Jahr;2025;MONAT;Monate;MONAT12;Dezember;DLANDR;Bundesländer mit Restposition;14;Sachsen;-;TEU;CON002;Umgeschlagene Container
46321;Güterverkehrsstatistik der Binnenschifffahrt;JAHR;Jahr;2025;MONAT;Monate;MONAT02;Februar;DLANDR;Bundesländer mit Restposition;08;Baden-Württemberg;2195605;t;GUT008;Umgeschlagene Güter
46321;Güterverkehrsstatistik der Binnenschifffahrt;JAHR;Jahr;2025;MONAT;Monate;MONAT02;Februar;DLANDR;Bundesländer mit Restposition;08;Baden-Württemberg;12517;TEU;CON002;Umgeschlagene Container
46321;Güterverkehrsstatistik der Binnenschifffahrt;JAHR;Jahr;2025;MONAT;Monate;MONAT11;November;DLANDR;Bundesländer mit Restposition;07;Rheinland-Pfalz;1497358;t;GUT008;Umgeschlagene Güter
46321;Güterverkehrsstatistik der Binnenschifffahrt;JAHR;Jahr;2025;MONAT;Monate;MONAT11;November;DLANDR;Bundesländer mit Restposition;07;Rheinland-Pfalz;28980;TEU;CON002;Umgeschlagene Container
46321;Güterverkehrsstatistik der Binnenschifffahrt;JAHR;Jahr;2025;MONAT;Monate;MONAT09;September;DLANDR;Bundesländer mit Restposition;13;Mecklenburg-Vorpommern;407;t;GUT008;Umgeschlagene Güter
46321;Güterverkehrsstatistik der Binnenschifffahrt;JAHR;Jahr;2025;MONAT;Monate;MONAT09;September;DLANDR;Bundesländer mit Restposition;13;Mecklenburg-Vorpommern;-;TEU;CON002;Umgeschlagene Container
46321;Güterverkehrsstatistik der Binnenschifffahrt;JAHR;Jahr;2025;MONAT;Monate;MONAT06;Juni;DLANDR;Bundesländer mit Restposition;13;Mecklenburg-Vorpommern;2110;t;GUT008;Umgeschlagene Güter
46321;Güterverkehrsstatistik der Binnenschifffahrt;JAHR;Jahr;2025;MONAT;Monate;MONAT06;Juni;DLANDR;Bundesländer mit Restposition;13;Mecklenburg-Vorpommern;-;TEU;CON002;Umgeschlagene Container
46321;Güterverkehrsstatistik der Binnenschifffahrt;JAHR;Jahr;2025;MONAT;Monate;MONAT03;März;DLANDR;Bundesländer mit Restposition;13;Mecklenburg-Vorpommern;1475;t;GUT008;Umgeschlagene Güter
46321;Güterverkehrsstatistik der Binnenschifffahrt;JAHR;Jahr;2025;MONAT;Monate;MONAT03;März;DLANDR;Bundesländer mit Restposition;13;Mecklenburg-Vorpommern;-;TEU;CON002;Umgeschlagene Container
46321;Güterverkehrsstatistik der Binnenschifffahrt;JAHR;Jahr;2026;MONAT;Monate;MONAT11;November;DLANDR;Bundesländer mit Restposition;02;Hamburg;...;t;GUT008;Umgeschlagene Güter
46321;Güterverkehrsstatistik der Binnenschifffahrt;JAHR;Jahr;2026;MONAT;Monate;MONAT11;November;DLANDR;Bundesländer mit Restposition;02;Hamburg;...;TEU;CON002;Umgeschlagene Container
46321;Güterverkehrsstatistik der Binnenschifffahrt;JAHR;Jahr;2026;MONAT;Monate;MONAT04;April;DLANDR;Bundesländer mit Restposition;07;Rheinland-Pfalz;1602487;t;GUT008;Umgeschlagene Güter
46321;Güterverkehrsstatistik der Binnenschifffahrt;JAHR;Jahr;2026;MONAT;Monate;MONAT04;April;DLANDR;Bundesländer mit Restposition;07;Rheinland-Pfalz;30307;TEU;CON002;Umgeschlagene Container
46321;Güterverkehrsstatistik der Binnenschifffahrt;JAHR;Jahr;2026;MONAT;Monate;MONAT07;Juli;DLANDR;Bundesländer mit Restposition;07;Rheinland-Pfalz;...;t;GUT008;Umgeschlagene Güter
46321;Güterverkehrsstatistik der Binnenschifffahrt;JAHR;Jahr;2026;MONAT;Monate;MONAT07;Juli;DLANDR;Bundesländer mit Restposition;07;Rheinland-Pfalz;...;TEU;CON002;Umgeschlagene Container
46321;Güterverkehrsstatistik der Binnenschifffahrt;JAHR;Jahr;2026;MONAT;Monate;MONAT02;Februar;DLANDR;Bundesländer mit Restposition;02;Hamburg;229097;t;GUT008;Umgeschlagene Güter
46321;Güterverkehrsstatistik der Binnenschifffahrt;JAHR;Jahr;2026;MONAT;Monate;MONAT02;Februar;DLANDR;Bundesländer mit Restposition;02;Hamburg;1171;TEU;CON002;Umgeschlagene Container
46321;Güterverkehrsstatistik der Binnenschifffahrt;JAHR;Jahr;2026;MONAT;Monate;MONAT05;Mai;DLANDR;Bundesländer mit Restposition;02;Hamburg;601100;t;GUT008;Umgeschlagene Güter
46321;Güterverkehrsstatistik der Binnenschifffahrt;JAHR;Jahr;2026;MONAT;Monate;MONAT05;Mai;DLANDR;Bundesländer mit Restposition;02;Hamburg;8012;TEU;CON002;Umgeschlagene Container
46321;Güterverkehrsstatistik der Binnenschifffahrt;JAHR;Jahr;2026;MONAT;Monate;MONAT08;August;DLANDR;Bundesländer mit Restposition;13;Mecklenburg-Vorpommern;...;t;GUT008;Umgeschlagene Güter
46321;Güterverkehrsstatistik der Binnenschifffahrt;JAHR;Jahr;2026;MONAT;Monate;MONAT08;August;DLANDR;Bundesländer mit Restposition;13;Mecklenburg-Vorpommern;...;TEU;CON002;Umgeschlagene Container
46321;Güterverkehrsstatistik der Binnenschifffahrt;JAHR;Jahr;2025;MONAT;Monate;MONAT12;Dezember;DLANDR;Bundesländer mit Restposition;02;Hamburg;568323;t;GUT008;Umgeschlagene Güter
46321;Güterverkehrsstatistik der Binnenschifffahrt;JAHR;Jahr;2025;MONAT;Monate;MONAT12;Dezember;DLANDR;Bundesländer mit Restposition;02;Hamburg;8296;TEU;CON002;Umgeschlagene Container
46321;Güterverkehrsstatistik der Binnenschifffahrt;JAHR;Jahr;2026;MONAT;Monate;MONAT01;Januar;DLANDR;Bundesländer mit Restposition;07;Rheinland-Pfalz;1456921;t;GUT008;Umgeschlagene Güter
46321;Güterverkehrsstatistik der Binnenschifffahrt;JAHR;Jahr;2026;MONAT;Monate;MONAT01;Januar;DLANDR;Bundesländer mit Restposition;07;Rheinland-Pfalz;27657;TEU;CON002;Umgeschlagene Container
46321;Güterverkehrsstatistik der Binnenschifffahrt;JAHR;Jahr;2025;MONAT;Monate;MONAT03;März;DLANDR;Bundesländer mit Restposition;02;Hamburg;600602;t;GUT008;Umgeschlagene Güter
46321;Güterverkehrsstatistik der Binnenschifffahrt;JAHR;Jahr;2025;MONAT;Monate;MONAT03;März;DLANDR;Bundesländer mit Restposition;02;Hamburg;9020;TEU;CON002;Umgeschlagene Container
46321;Güterverkehrsstatistik der Binnenschifffahrt;JAHR;Jahr;2025;MONAT;Monate;MONAT06;Juni;DLANDR;Bundesländer mit Restposition;02;Hamburg;526149;t;GUT008;Umgeschlagene Güter
46321;Güterverkehrsstatistik der Binnenschifffahrt;JAHR;Jahr;2025;MONAT;Monate;MONAT06;Juni;DLANDR;Bundesländer mit Restposition;02;Hamburg;8600;TEU;CON002;Umgeschlagene Container
46321;Güterverkehrsstatistik der Binnenschifffahrt;JAHR;Jahr;2025;MONAT;Monate;MONAT09;September;DLANDR;Bundesländer mit Restposition;02;Hamburg;515918;t;GUT008;Umgeschlagene Güter
46321;Güterverkehrsstatistik der Binnenschifffahrt;JAHR;Jahr;2025;MONAT;Monate;MONAT09;September;DLANDR;Bundesländer mit Restposition;02;Hamburg;9641;TEU;CON002;Umgeschlagene Container
