statistics_code;statistics_label;time_code;time_label;time;1_variable_code;1_variable_label;1_variable_attribute_code;1_variable_attribute_label;2_variable_code;2_variable_label;2_variable_attribute_code;2_variable_attribute_label;3_variable_code;3_variable_label;3_variable_attribute_code;3_variable_attribute_label;value;value_unit;value_variable_code;value_variable_label
22521;Statistik der Adoptionen;JAHR;Jahr;2017;DLAND;Bundesländer;09;Bayern;NAT;Nationalität;;Insgesamt;UBGAD1;Art der Unterbringung vor der Adoption;VERWANDT-SONST;Sonstige Verwandte;-;Anzahl;AKJ001;Adoptierte Kinder und Jugendliche
22521;Statistik der Adoptionen;JAHR;Jahr;2017;DLAND;Bundesländer;08;Baden-Württemberg;NAT;Nationalität;NATA;Ausländer;UBGAD1;Art der Unterbringung vor der Adoption;KKH-01;Krankenhaus (nach der Geburt);6;Anzahl;AKJ001;Adoptierte Kinder und Jugendliche
22521;Statistik der Adoptionen;JAHR;Jahr;2017;DLAND;Bundesländer;15;Sachsen-Anhalt;NAT;Nationalität;;Insgesamt;UBGAD1;Art der Unterbringung vor der Adoption;UNBEKANNT;unbekannt;0;Anzahl;AKJ001;Adoptierte Kinder und Jugendliche
22521;Statistik der Adoptionen;JAHR;Jahr;2017;DLAND;Bundesländer;03;Niedersachsen;NAT;Nationalität;NATA;Ausländer;UBGAD1;Art der Unterbringung vor der Adoption;GR-ELTERN-02;Großeltern und sonstige Verwandte;2;Anzahl;AKJ001;Adoptierte Kinder und Jugendliche
22521;Statistik der Adoptionen;JAHR;Jahr;2017;DLAND;Bundesländer;01;Schleswig-Holstein;NAT;Nationalität;NATD;Deutsche;UBGAD1;Art der Unterbringung vor der Adoption;ELTERN-04;Leibliche Eltern;4;Anzahl;AKJ001;Adoptierte Kinder und Jugendliche
22521;Statistik der Adoptionen;JAHR;Jahr;2017;DLAND;Bundesländer;06;Hessen;NAT;Nationalität;NATD;Deutsche;UBGAD1;Art der Unterbringung vor der Adoption;UNBEKANNT;unbekannt;0;Anzahl;AKJ001;Adoptierte Kinder und Jugendliche
22521;Statistik der Adoptionen;JAHR;Jahr;2017;DLAND;Bundesländer;02;Hamburg;NAT;Nationalität;NATA;Ausländer;UBGAD1;Art der Unterbringung vor der Adoption;UNBEKANNT;unbekannt;0;Anzahl;AKJ001;Adoptierte Kinder und Jugendliche
22521;Statistik der Adoptionen;JAHR;Jahr;2017;DLAND;Bundesländer;02;Hamburg;NAT;Nationalität;NATD;Deutsche;UBGAD1;Art der Unterbringung vor der Adoption;ELTERN-03;Alleinerziehender leiblicher Elternteil;0;Anzahl;AKJ001;Adoptierte Kinder und Jugendliche
22521;Statistik der Adoptionen;JAHR;Jahr;2017;DLAND;Bundesländer;15;Sachsen-Anhalt;NAT;Nationalität;NATA;Ausländer;UBGAD1;Art der Unterbringung vor der Adoption;KKH-01;Krankenhaus (nach der Geburt);0;Anzahl;AKJ001;Adoptierte Kinder und Jugendliche
22521;Statistik der Adoptionen;JAHR;Jahr;2017;DLAND;Bundesländer;01;Schleswig-Holstein;NAT;Nationalität;NATD;Deutsche;UBGAD1;Art der Unterbringung vor der Adoption;FAM-PFLEGE-01;Pflegefamilie;7;Anzahl;AKJ001;Adoptierte Kinder und Jugendliche
22521;Statistik der Adoptionen;JAHR;Jahr;2017;DLAND;Bundesländer;06;Hessen;NAT;Nationalität;NATD;Deutsche;UBGAD1;Art der Unterbringung vor der Adoption;FAM-PFLEGE-01;Pflegefamilie;26;Anzahl;AKJ001;Adoptierte Kinder und Jugendliche
22521;Statistik der Adoptionen;JAHR;Jahr;2017;DLAND;Bundesländer;07;Rheinland-Pfalz;NAT;Nationalität;;Insgesamt;UBGAD1;Art der Unterbringung vor der Adoption;ELTERN-05;Leiblicher Elternteil m.Stiefelternteil od.Partner;119;Anzahl;AKJ001;Adoptierte Kinder und Jugendliche
22521;Statistik der Adoptionen;JAHR;Jahr;2017;DLAND;Bundesländer;04;Bremen;NAT;Nationalität;NATD;Deutsche;UBGAD1;Art der Unterbringung vor der Adoption;GR-ELTERN-02;Großeltern und sonstige Verwandte;0;Anzahl;AKJ001;Adoptierte Kinder und Jugendliche
22521;Statistik der Adoptionen;JAHR;Jahr;2017;DLAND;Bundesländer;11;Berlin;NAT;Nationalität;NATA;Ausländer;UBGAD1;Art der Unterbringung vor der Adoption;KKH-01;Krankenhaus (nach der Geburt);3;Anzahl;AKJ001;Adoptierte Kinder und Jugendliche
22521;Statistik der Adoptionen;JAHR;Jahr;2017;DLAND;Bundesländer;03;Niedersachsen;NAT;Nationalität;NATA;Ausländer;UBGAD1;Art der Unterbringung vor der Adoption;HEIM-01;Heim;2;Anzahl;AKJ001;Adoptierte Kinder und Jugendliche
22521;Statistik der Adoptionen;JAHR;Jahr;2017;DLAND;Bundesländer;11;Berlin;NAT;Nationalität;;Insgesamt;UBGAD1;Art der Unterbringung vor der Adoption;ELTERN-05;Leiblicher Elternteil m.Stiefelternteil od.Partner;28;Anzahl;AKJ001;Adoptierte Kinder und Jugendliche
22521;Statistik der Adoptionen;JAHR;Jahr;2017;DLAND;Bundesländer;11;Berlin;NAT;Nationalität;NATD;Deutsche;UBGAD1;Art der Unterbringung vor der Adoption;UNBEKANNT;unbekannt;0;Anzahl;AKJ001;Adoptierte Kinder und Jugendliche
22521;Statistik der Adoptionen;JAHR;Jahr;2017;DLAND;Bundesländer;07;Rheinland-Pfalz;NAT;Nationalität;NATD;Deutsche;UBGAD1;Art der Unterbringung vor der Adoption;VERWANDT-SONST;Sonstige Verwandte;-;Anzahl;AKJ001;Adoptierte Kinder und Jugendliche
22521;Statistik der Adoptionen;JAHR;Jahr;2017;DLAND;Bundesländer;09;Bayern;NAT;Nationalität;;Insgesamt;UBGAD1;Art der Unterbringung vor der Adoption;ELTERN-03;Alleinerziehender leiblicher Elternteil;8;Anzahl;AKJ001;Adoptierte Kinder und Jugendliche
22521;Statistik der Adoptionen;JAHR;Jahr;2017;DLAND;Bundesländer;07;Rheinland-Pfalz;NAT;Nationalität;NATD;Deutsche;UBGAD1;Art der Unterbringung vor der Adoption;UNBEKANNT;unbekannt;0;Anzahl;AKJ001;Adoptierte Kinder und Jugendliche
22521;Statistik der Adoptionen;JAHR;Jahr;2017;DLAND;Bundesländer;14;Sachsen;NAT;Nationalität;NATA;Ausländer;UBGAD1;Art der Unterbringung vor der Adoption;GR-ELTERN-02;Großeltern und sonstige Verwandte;0;Anzahl;AKJ001;Adoptierte Kinder und Jugendliche
22521;Statistik der Adoptionen;JAHR;Jahr;2017;DLAND;Bundesländer;08;Baden-Württemberg;NAT;Nationalität;;Insgesamt;UBGAD1;Art der Unterbringung vor der Adoption;VERWANDT-SONST;Sonstige Verwandte;-;Anzahl;AKJ001;Adoptierte Kinder und Jugendliche
22521;Statistik der Adoptionen;JAHR;Jahr;2017;DLAND;Bundesländer;13;Mecklenburg-Vorpommern;NAT;Nationalität;;Insgesamt;UBGAD1;Art der Unterbringung vor der Adoption;ELTERN-03;Alleinerziehender leiblicher Elternteil;0;Anzahl;AKJ001;Adoptierte Kinder und Jugendliche
22521;Statistik der Adoptionen;JAHR;Jahr;2017;DLAND;Bundesländer;04;Bremen;NAT;Nationalität;;Insgesamt;UBGAD1;Art der Unterbringung vor der Adoption;UNBEKANNT;unbekannt;0;Anzahl;AKJ001;Adoptierte Kinder und Jugendliche
22521;Statistik der Adoptionen;JAHR;Jahr;2017;DLAND;Bundesländer;12;Brandenburg;NAT;Nationalität;NATD;Deutsche;UBGAD1;Art der Unterbringung vor der Adoption;FAM-PFLEGE-01;Pflegefamilie;11;Anzahl;AKJ001;Adoptierte Kinder und Jugendliche
22521;Statistik der Adoptionen;JAHR;Jahr;2017;DLAND;Bundesländer;07;Rheinland-Pfalz;NAT;Nationalität;;Insgesamt;UBGAD1;Art der Unterbringung vor der Adoption;GR-ELTERN-01;Großeltern;-;Anzahl;AKJ001;Adoptierte Kinder und Jugendliche
22521;Statistik der Adoptionen;JAHR;Jahr;2017;DLAND;Bundesländer;08;Baden-Württemberg;NAT;Nationalität;NATA;Ausländer;UBGAD1;Art der Unterbringung vor der Adoption;VERWANDT-SONST;Sonstige Verwandte;-;Anzahl;AKJ001;Adoptierte Kinder und Jugendliche
22521;Statistik der Adoptionen;JAHR;Jahr;2017;DLAND;Bundesländer;13;Mecklenburg-Vorpommern;NAT;Nationalität;NATA;Ausländer;UBGAD1;Art der Unterbringung vor der Adoption;HEIM-01;Heim;0;Anzahl;AKJ001;Adoptierte Kinder und Jugendliche
22521;Statistik der Adoptionen;JAHR;Jahr;2017;DLAND;Bundesländer;01;Schleswig-Holstein;NAT;Nationalität;NATA;Ausländer;UBGAD1;Art der Unterbringung vor der Adoption;UNBEKANNT;unbekannt;0;Anzahl;AKJ001;Adoptierte Kinder und Jugendliche
22521;Statistik der Adoptionen;JAHR;Jahr;2017;DLAND;Bundesländer;10;Saarland;NAT;Nationalität;;Insgesamt;UBGAD1;Art der Unterbringung vor der Adoption;GR-ELTERN-02;Großeltern und sonstige Verwandte;1;Anzahl;AKJ001;Adoptierte Kinder und Jugendliche
22521;Statistik der Adoptionen;JAHR;Jahr;2017;DLAND;Bundesländer;03;Niedersachsen;NAT;Nationalität;NATD;Deutsche;UBGAD1;Art der Unterbringung vor der Adoption;ELTERN-03;Alleinerziehender leiblicher Elternteil;6;Anzahl;AKJ001;Adoptierte Kinder und Jugendliche
22521;Statistik der Adoptionen;JAHR;Jahr;2017;DLAND;Bundesländer;04;Bremen;NAT;Nationalität;NATD;Deutsche;UBGAD1;Art der Unterbringung vor der Adoption;ELTERN-03;Alleinerziehender leiblicher Elternteil;1;Anzahl;AKJ001;Adoptierte Kinder und Jugendliche
22521;Statistik der Adoptionen;JAHR;Jahr;2017;DLAND;Bundesländer;04;Bremen;NAT;Nationalität;NATA;Ausländer;UBGAD1;Art der Unterbringung vor der Adoption;UNBEKANNT;unbekannt;0;Anzahl;AKJ001;Adoptierte Kinder und Jugendliche
22521;Statistik der Adoptionen;JAHR;Jahr;2017;DLAND;Bundesländer;08;Baden-Württemberg;NAT;Nationalität;NATD;Deutsche;UBGAD1;Art der Unterbringung vor der Adoption;UNBEKANNT;unbekannt;0;Anzahl;AKJ001;Adoptierte Kinder und Jugendliche
22521;Statistik der Adoptionen;JAHR;Jahr;2017;DLAND;Bundesländer;07;Rheinland-Pfalz;NAT;Nationalität;;Insgesamt;UBGAD1;Art der Unterbringung vor der Adoption;VERWANDT-SONST;Sonstige Verwandte;-;Anzahl;AKJ001;Adoptierte Kinder und Jugendliche
22521;Statistik der Adoptionen;JAHR;Jahr;2017;DLAND;Bundesländer;13;Mecklenburg-Vorpommern;NAT;Nationalität;NATD;Deutsche;UBGAD1;Art der Unterbringung vor der Adoption;UNBEKANNT;unbekannt;0;Anzahl;AKJ001;Adoptierte Kinder und Jugendliche
22521;Statistik der Adoptionen;JAHR;Jahr;2017;DLAND;Bundesländer;03;Niedersachsen;NAT;Nationalität;NATD;Deutsche;UBGAD1;Art der Unterbringung vor der Adoption;HEIM-01;Heim;0;Anzahl;AKJ001;Adoptierte Kinder und Jugendliche
22521;Statistik der Adoptionen;JAHR;Jahr;2017;DLAND;Bundesländer;01;Schleswig-Holstein;NAT;Nationalität;NATD;Deutsche;UBGAD1;Art der Unterbringung vor der Adoption;ELTERN-05;Leiblicher Elternteil m.Stiefelternteil od.Partner;110;Anzahl;AKJ001;Adoptierte Kinder und Jugendliche
22521;Statistik der Adoptionen;JAHR;Jahr;2017;DLAND;Bundesländer;05;Nordrhein-Westfalen;NAT;Nationalität;;Insgesamt;UBGAD1;Art der Unterbringung vor der Adoption;ELTERN-06;Adoptivelternteil m.Partner, nur b.Sukzessivadopt.;13;Anzahl;AKJ001;Adoptierte Kinder und Jugendliche
22521;Statistik der Adoptionen;JAHR;Jahr;2017;DLAND;Bundesländer;07;Rheinland-Pfalz;NAT;Nationalität;;Insgesamt;UBGAD1;Art der Unterbringung vor der Adoption;ELTERN-06;Adoptivelternteil m.Partner, nur b.Sukzessivadopt.;9;Anzahl;AKJ001;Adoptierte Kinder und Jugendliche
22521;Statistik der Adoptionen;JAHR;Jahr;2017;DLAND;Bundesländer;12;Brandenburg;NAT;Nationalität;;Insgesamt;UBGAD1;Art der Unterbringung vor der Adoption;FAM-PFLEGE-01;Pflegefamilie;11;Anzahl;AKJ001;Adoptierte Kinder und Jugendliche
22521;Statistik der Adoptionen;JAHR;Jahr;2017;DLAND;Bundesländer;11;Berlin;NAT;Nationalität;;Insgesamt;UBGAD1;Art der Unterbringung vor der Adoption;ELTERN-04;Leibliche Eltern;3;Anzahl;AKJ001;Adoptierte Kinder und Jugendliche
22521;Statistik der Adoptionen;JAHR;Jahr;2017;DLAND;Bundesländer;05;Nordrhein-Westfalen;NAT;Nationalität;;Insgesamt;UBGAD1;Art der Unterbringung vor der Adoption;HEIM-01;Heim;11;Anzahl;AKJ001;Adoptierte Kinder und Jugendliche
22521;Statistik der Adoptionen;JAHR;Jahr;2017;DLAND;Bundesländer;06;Hessen;NAT;Nationalität;;Insgesamt;UBGAD1;Art der Unterbringung vor der Adoption;VERWANDT-SONST;Sonstige Verwandte;-;Anzahl;AKJ001;Adoptierte Kinder und Jugendliche
22521;Statistik der Adoptionen;JAHR;Jahr;2017;DLAND;Bundesländer;14;Sachsen;NAT;Nationalität;NATA;Ausländer;UBGAD1;Art der Unterbringung vor der Adoption;GR-ELTERN-01;Großeltern;-;Anzahl;AKJ001;Adoptierte Kinder und Jugendliche
22521;Statistik der Adoptionen;JAHR;Jahr;2017;DLAND;Bundesländer;05;Nordrhein-Westfalen;NAT;Nationalität;NATD;Deutsche;UBGAD1;Art der Unterbringung vor der Adoption;ELTERN-03;Alleinerziehender leiblicher Elternteil;43;Anzahl;AKJ001;Adoptierte Kinder und Jugendliche
22521;Statistik der Adoptionen;JAHR;Jahr;2017;DLAND;Bundesländer;13;Mecklenburg-Vorpommern;NAT;Nationalität;;Insgesamt;UBGAD1;Art der Unterbringung vor der Adoption;ELTERN-04;Leibliche Eltern;3;Anzahl;AKJ001;Adoptierte Kinder und Jugendliche
22521;Statistik der Adoptionen;JAHR;Jahr;2017;DLAND;Bundesländer;05;Nordrhein-Westfalen;NAT;Nationalität;NATA;Ausländer;UBGAD1;Art der Unterbringung vor der Adoption;UNBEKANNT;unbekannt;4;Anzahl;AKJ001;Adoptierte Kinder und Jugendliche
22521;Statistik der Adoptionen;JAHR;Jahr;2017;DLAND;Bundesländer;10;Saarland;NAT;Nationalität;NATA;Ausländer;UBGAD1;Art der Unterbringung vor der Adoption;VERWANDT-SONST;Sonstige Verwandte;-;Anzahl;AKJ001;Adoptierte Kinder und Jugendliche
22521;Statistik der Adoptionen;JAHR;Jahr;2017;DLAND;Bundesländer;10;Saarland;NAT;Nationalität;NATA;Ausländer;UBGAD1;Art der Unterbringung vor der Adoption;UNBEKANNT;unbekannt;0;Anzahl;AKJ001;Adoptierte Kinder und Jugendliche
22521;Statistik der Adoptionen;JAHR;Jahr;2017;DLAND;Bundesländer;10;Saarland;NAT;Nationalität;;Insgesamt;UBGAD1;Art der Unterbringung vor der Adoption;GR-ELTERN-01;Großeltern;-;Anzahl;AKJ001;Adoptierte Kinder und Jugendliche
22521;Statistik der Adoptionen;JAHR;Jahr;2017;DLAND;Bundesländer;12;Brandenburg;NAT;Nationalität;NATD;Deutsche;UBGAD1;Art der Unterbringung vor der Adoption;UNBEKANNT;unbekannt;0;Anzahl;AKJ001;Adoptierte Kinder und Jugendliche
22521;Statistik der Adoptionen;JAHR;Jahr;2017;DLAND;Bundesländer;15;Sachsen-Anhalt;NAT;Nationalität;NATD;Deutsche;UBGAD1;Art der Unterbringung vor der Adoption;GR-ELTERN-02;Großeltern und sonstige Verwandte;0;Anzahl;AKJ001;Adoptierte Kinder und Jugendliche
22521;Statistik der Adoptionen;JAHR;Jahr;2017;DLAND;Bundesländer;16;Thüringen;NAT;Nationalität;NATA;Ausländer;UBGAD1;Art der Unterbringung vor der Adoption;GR-ELTERN-01;Großeltern;-;Anzahl;AKJ001;Adoptierte Kinder und Jugendliche
22521;Statistik der Adoptionen;JAHR;Jahr;2017;DLAND;Bundesländer;11;Berlin;NAT;Nationalität;NATA;Ausländer;UBGAD1;Art der Unterbringung vor der Adoption;UNBEKANNT;unbekannt;2;Anzahl;AKJ001;Adoptierte Kinder und Jugendliche
22521;Statistik der Adoptionen;JAHR;Jahr;2017;DLAND;Bundesländer;01;Schleswig-Holstein;NAT;Nationalität;NATD;Deutsche;UBGAD1;Art der Unterbringung vor der Adoption;ELTERN-06;Adoptivelternteil m.Partner, nur b.Sukzessivadopt.;3;Anzahl;AKJ001;Adoptierte Kinder und Jugendliche
22521;Statistik der Adoptionen;JAHR;Jahr;2017;DLAND;Bundesländer;04;Bremen;NAT;Nationalität;NATD;Deutsche;UBGAD1;Art der Unterbringung vor der Adoption;ELTERN-04;Leibliche Eltern;19;Anzahl;AKJ001;Adoptierte Kinder und Jugendliche
22521;Statistik der Adoptionen;JAHR;Jahr;2017;DLAND;Bundesländer;07;Rheinland-Pfalz;NAT;Nationalität;NATA;Ausländer;UBGAD1;Art der Unterbringung vor der Adoption;HEIM-01;Heim;40;Anzahl;AKJ001;Adoptierte Kinder und Jugendliche
22521;Statistik der Adoptionen;JAHR;Jahr;2017;DLAND;Bundesländer;13;Mecklenburg-Vorpommern;NAT;Nationalität;;Insgesamt;UBGAD1;Art der Unterbringung vor der Adoption;UNBEKANNT;unbekannt;0;Anzahl;AKJ001;Adoptierte Kinder und Jugendliche
22521;Statistik der Adoptionen;JAHR;Jahr;2017;DLAND;Bundesländer;06;Hessen;NAT;Nationalität;NATA;Ausländer;UBGAD1;Art der Unterbringung vor der Adoption;UNBEKANNT;unbekannt;0;Anzahl;AKJ001;Adoptierte Kinder und Jugendliche
22521;Statistik der Adoptionen;JAHR;Jahr;2017;DLAND;Bundesländer;02;Hamburg;NAT;Nationalität;NATD;Deutsche;UBGAD1;Art der Unterbringung vor der Adoption;ELTERN-05;Leiblicher Elternteil m.Stiefelternteil od.Partner;57;Anzahl;AKJ001;Adoptierte Kinder und Jugendliche
22521;Statistik der Adoptionen;JAHR;Jahr;2017;DLAND;Bundesländer;15;Sachsen-Anhalt;NAT;Nationalität;;Insgesamt;UBGAD1;Art der Unterbringung vor der Adoption;GR-ELTERN-01;Großeltern;-;Anzahl;AKJ001;Adoptierte Kinder und Jugendliche
22521;Statistik der Adoptionen;JAHR;Jahr;2017;DLAND;Bundesländer;09;Bayern;NAT;Nationalität;NATA;Ausländer;UBGAD1;Art der Unterbringung vor der Adoption;FAM-PFLEGE-01;Pflegefamilie;9;Anzahl;AKJ001;Adoptierte Kinder und Jugendliche
22521;Statistik der Adoptionen;JAHR;Jahr;2017;DLAND;Bundesländer;08;Baden-Württemberg;NAT;Nationalität;NATA;Ausländer;UBGAD1;Art der Unterbringung vor der Adoption;HEIM-01;Heim;46;Anzahl;AKJ001;Adoptierte Kinder und Jugendliche
22521;Statistik der Adoptionen;JAHR;Jahr;2017;DLAND;Bundesländer;13;Mecklenburg-Vorpommern;NAT;Nationalität;;Insgesamt;UBGAD1;Art der Unterbringung vor der Adoption;ELTERN-05;Leiblicher Elternteil m.Stiefelternteil od.Partner;41;Anzahl;AKJ001;Adoptierte Kinder und Jugendliche
22521;Statistik der Adoptionen;JAHR;Jahr;2017;DLAND;Bundesländer;03;Niedersachsen;NAT;Nationalität;NATA;Ausländer;UBGAD1;Art der Unterbringung vor der Adoption;VERWANDT-SONST;Sonstige Verwandte;-;Anzahl;AKJ001;Adoptierte Kinder und Jugendliche
22521;Statistik der Adoptionen;JAHR;Jahr;2017;DLAND;Bundesländer;16;Thüringen;NAT;Nationalität;;Insgesamt;UBGAD1;Art der Unterbringung vor der Adoption;VERWANDT-SONST;Sonstige Verwandte;-;Anzahl;AKJ001;Adoptierte Kinder und Jugendliche
22521;Statistik der Adoptionen;JAHR;Jahr;2017;DLAND;Bundesländer;12;Brandenburg;NAT;Nationalität;NATA;Ausländer;UBGAD1;Art der Unterbringung vor der Adoption;GR-ELTERN-02;Großeltern und sonstige Verwandte;0;Anzahl;AKJ001;Adoptierte Kinder und Jugendliche
22521;Statistik der Adoptionen;JAHR;Jahr;2017;DLAND;Bundesländer;15;Sachsen-Anhalt;NAT;Nationalität;NATA;Ausländer;UBGAD1;Art der Unterbringung vor der Adoption;FAM-PFLEGE-01;Pflegefamilie;0;Anzahl;AKJ001;Adoptierte Kinder und Jugendliche
22521;Statistik der Adoptionen;JAHR;Jahr;2017;DLAND;Bundesländer;14;Sachsen;NAT;Nationalität;NATD;Deutsche;UBGAD1;Art der Unterbringung vor der Adoption;UNBEKANNT;unbekannt;0;Anzahl;AKJ001;Adoptierte Kinder und Jugendliche
22521;Statistik der Adoptionen;JAHR;Jahr;2017;DLAND;Bundesländer;05;Nordrhein-Westfalen;NAT;Nationalität;;Insgesamt;UBGAD1;Art der Unterbringung vor der Adoption;FAM-PFLEGE-01;Pflegefamilie;110;Anzahl;AKJ001;Adoptierte Kinder und Jugendliche
22521;Statistik der Adoptionen;JAHR;Jahr;2017;DLAND;Bundesländer;16;Thüringen;NAT;Nationalität;;Insgesamt;UBGAD1;Art der Unterbringung vor der Adoption;ELTERN-05;Leiblicher Elternteil m.Stiefelternteil od.Partner;56;Anzahl;AKJ001;Adoptierte Kinder und Jugendliche
22521;Statistik der Adoptionen;JAHR;Jahr;2017;DLAND;Bundesländer;09;Bayern;NAT;Nationalität;NATD;Deutsche;UBGAD1;Art der Unterbringung vor der Adoption;UNBEKANNT;unbekannt;0;Anzahl;AKJ001;Adoptierte Kinder und Jugendliche
22521;Statistik der Adoptionen;JAHR;Jahr;2017;DLAND;Bundesländer;01;Schleswig-Holstein;NAT;Nationalität;NATA;Ausländer;UBGAD1;Art der Unterbringung vor der Adoption;ELTERN-03;Alleinerziehender leiblicher Elternteil;0;Anzahl;AKJ001;Adoptierte Kinder und Jugendliche
22521;Statistik der Adoptionen;JAHR;Jahr;2017;DLAND;Bundesländer;10;Saarland;NAT;Nationalität;NATD;Deutsche;UBGAD1;Art der Unterbringung vor der Adoption;ELTERN-03;Alleinerziehender leiblicher Elternteil;4;Anzahl;AKJ001;Adoptierte Kinder und Jugendliche
22521;Statistik der Adoptionen;JAHR;Jahr;2017;DLAND;Bundesländer;04;Bremen;NAT;Nationalität;;Insgesamt;UBGAD1;Art der Unterbringung vor der Adoption;VERWANDT-SONST;Sonstige Verwandte;-;Anzahl;AKJ001;Adoptierte Kinder und Jugendliche
22521;Statistik der Adoptionen;JAHR;Jahr;2017;DLAND;Bundesländer;16;Thüringen;NAT;Nationalität;NATA;Ausländer;UBGAD1;Art der Unterbringung vor der Adoption;GR-ELTERN-02;Großeltern und sonstige Verwandte;0;Anzahl;AKJ001;Adoptierte Kinder und Jugendliche
22521;Statistik der Adoptionen;JAHR;Jahr;2017;DLAND;Bundesländer;02;Hamburg;NAT;Nationalität;NATD;Deutsche;UBGAD1;Art der Unterbringung vor der Adoption;KKH-01;Krankenhaus (nach der Geburt);13;Anzahl;AKJ001;Adoptierte Kinder und Jugendliche
22521;Statistik der Adoptionen;JAHR;Jahr;2017;DLAND;Bundesländer;07;Rheinland-Pfalz;NAT;Nationalität;NATD;Deutsche;UBGAD1;Art der Unterbringung vor der Adoption;KKH-01;Krankenhaus (nach der Geburt);21;Anzahl;AKJ001;Adoptierte Kinder und Jugendliche
22521;Statistik der Adoptionen;JAHR;Jahr;2017;DLAND;Bundesländer;04;Bremen;NAT;Nationalität;NATD;Deutsche;UBGAD1;Art der Unterbringung vor der Adoption;ELTERN-05;Leiblicher Elternteil m.Stiefelternteil od.Partner;0;Anzahl;AKJ001;Adoptierte Kinder und Jugendliche
22521;Statistik der Adoptionen;JAHR;Jahr;2017;DLAND;Bundesländer;10;Saarland;NAT;Nationalität;;Insgesamt;UBGAD1;Art der Unterbringung vor der Adoption;FAM-PFLEGE-01;Pflegefamilie;3;Anzahl;AKJ001;Adoptierte Kinder und Jugendliche
22521;Statistik der Adoptionen;JAHR;Jahr;2017;DLAND;Bundesländer;02;Hamburg;NAT;Nationalität;NATD;Deutsche;UBGAD1;Art der Unterbringung vor der Adoption;ELTERN-04;Leibliche Eltern;1;Anzahl;AKJ001;Adoptierte Kinder und Jugendliche
22521;Statistik der Adoptionen;JAHR;Jahr;2017;DLAND;Bundesländer;16;Thüringen;NAT;Nationalität;NATD;Deutsche;UBGAD1;Art der Unterbringung vor der Adoption;UNBEKANNT;unbekannt;0;Anzahl;AKJ001;Adoptierte Kinder und Jugendliche
22521;Statistik der Adoptionen;JAHR;Jahr;2017;DLAND;Bundesländer;10;Saarland;NAT;Nationalität;NATD;Deutsche;UBGAD1;Art der Unterbringung vor der Adoption;KKH-01;Krankenhaus (nach der Geburt);9;Anzahl;AKJ001;Adoptierte Kinder und Jugendliche
22521;Statistik der Adoptionen;JAHR;Jahr;2017;DLAND;Bundesländer;04;Bremen;NAT;Nationalität;NATD;Deutsche;UBGAD1;Art der Unterbringung vor der Adoption;UNBEKANNT;unbekannt;0;Anzahl;AKJ001;Adoptierte Kinder und Jugendliche
22521;Statistik der Adoptionen;JAHR;Jahr;2017;DLAND;Bundesländer;07;Rheinland-Pfalz;NAT;Nationalität;NATD;Deutsche;UBGAD1;Art der Unterbringung vor der Adoption;ELTERN-03;Alleinerziehender leiblicher Elternteil;1;Anzahl;AKJ001;Adoptierte Kinder und Jugendliche
22521;Statistik der Adoptionen;JAHR;Jahr;2017;DLAND;Bundesländer;13;Mecklenburg-Vorpommern;NAT;Nationalität;;Insgesamt;UBGAD1;Art der Unterbringung vor der Adoption;ELTERN-06;Adoptivelternteil m.Partner, nur b.Sukzessivadopt.;0;Anzahl;AKJ001;Adoptierte Kinder und Jugendliche
22521;Statistik der Adoptionen;JAHR;Jahr;2017;DLAND;Bundesländer;11;Berlin;NAT;Nationalität;;Insgesamt;UBGAD1;Art der Unterbringung vor der Adoption;ELTERN-06;Adoptivelternteil m.Partner, nur b.Sukzessivadopt.;0;Anzahl;AKJ001;Adoptierte Kinder und Jugendliche
22521;Statistik der Adoptionen;JAHR;Jahr;2017;DLAND;Bundesländer;01;Schleswig-Holstein;NAT;Nationalität;NATA;Ausländer;UBGAD1;Art der Unterbringung vor der Adoption;ELTERN-04;Leibliche Eltern;0;Anzahl;AKJ001;Adoptierte Kinder und Jugendliche
22521;Statistik der Adoptionen;JAHR;Jahr;2017;DLAND;Bundesländer;03;Niedersachsen;NAT;Nationalität;NATA;Ausländer;UBGAD1;Art der Unterbringung vor der Adoption;UNBEKANNT;unbekannt;0;Anzahl;AKJ001;Adoptierte Kinder und Jugendliche
22521;Statistik der Adoptionen;JAHR;Jahr;2017;DLAND;Bundesländer;08;Baden-Württemberg;NAT;Nationalität;NATA;Ausländer;UBGAD1;Art der Unterbringung vor der Adoption;UNBEKANNT;unbekannt;0;Anzahl;AKJ001;Adoptierte Kinder und Jugendliche
22521;Statistik der Adoptionen;JAHR;Jahr;2017;DLAND;Bundesländer;14;Sachsen;NAT;Nationalität;NATD;Deutsche;UBGAD1;Art der Unterbringung vor der Adoption;VERWANDT-SONST;Sonstige Verwandte;-;Anzahl;AKJ001;Adoptierte Kinder und Jugendliche
22521;Statistik der Adoptionen;JAHR;Jahr;2017;DLAND;Bundesländer;12;Brandenburg;NAT;Nationalität;NATD;Deutsche;UBGAD1;Art der Unterbringung vor der Adoption;ELTERN-03;Alleinerziehender leiblicher Elternteil;0;Anzahl;AKJ001;Adoptierte Kinder und Jugendliche
22521;Statistik der Adoptionen;JAHR;Jahr;2017;DLAND;Bundesländer;16;Thüringen;NAT;Nationalität;;Insgesamt;UBGAD1;Art der Unterbringung vor der Adoption;ELTERN-06;Adoptivelternteil m.Partner, nur b.Sukzessivadopt.;9;Anzahl;AKJ001;Adoptierte Kinder und Jugendliche
22521;Statistik der Adoptionen;JAHR;Jahr;2017;DLAND;Bundesländer;13;Mecklenburg-Vorpommern;NAT;Nationalität;NATA;Ausländer;UBGAD1;Art der Unterbringung vor der Adoption;UNBEKANNT;unbekannt;0;Anzahl;AKJ001;Adoptierte Kinder und Jugendliche
22521;Statistik der Adoptionen;JAHR;Jahr;2017;DLAND;Bundesländer;02;Hamburg;NAT;Nationalität;NATD;Deutsche;UBGAD1;Art der Unterbringung vor der Adoption;HEIM-01;Heim;3;Anzahl;AKJ001;Adoptierte Kinder und Jugendliche
22521;Statistik der Adoptionen;JAHR;Jahr;2017;DLAND;Bundesländer;04;Bremen;NAT;Nationalität;NATA;Ausländer;UBGAD1;Art der Unterbringung vor der Adoption;FAM-PFLEGE-01;Pflegefamilie;0;Anzahl;AKJ001;Adoptierte Kinder und Jugendliche
22521;Statistik der Adoptionen;JAHR;Jahr;2017;DLAND;Bundesländer;04;Bremen;NAT;Nationalität;NATA;Ausländer;UBGAD1;Art der Unterbringung vor der Adoption;KKH-01;Krankenhaus (nach der Geburt);0;Anzahl;AKJ001;Adoptierte Kinder und Jugendliche
22521;Statistik der Adoptionen;JAHR;Jahr;2017;DLAND;Bundesländer;02;Hamburg;NAT;Nationalität;;Insgesamt;UBGAD1;Art der Unterbringung vor der Adoption;VERWANDT-SONST;Sonstige Verwandte;-;Anzahl;AKJ001;Adoptierte Kinder und Jugendliche
22521;Statistik der Adoptionen;JAHR;Jahr;2017;DLAND;Bundesländer;10;Saarland;NAT;Nationalität;NATA;Ausländer;UBGAD1;Art der Unterbringung vor der Adoption;FAM-PFLEGE-01;Pflegefamilie;0;Anzahl;AKJ001;Adoptierte Kinder und Jugendliche
22521;Statistik der Adoptionen;JAHR;Jahr;2017;DLAND;Bundesländer;05;Nordrhein-Westfalen;NAT;Nationalität;NATA;Ausländer;UBGAD1;Art der Unterbringung vor der Adoption;ELTERN-03;Alleinerziehender leiblicher Elternteil;4;Anzahl;AKJ001;Adoptierte Kinder und Jugendliche
22521;Statistik der Adoptionen;JAHR;Jahr;2017;DLAND;Bundesländer;05;Nordrhein-Westfalen;NAT;Nationalität;NATA;Ausländer;UBGAD1;Art der Unterbringung vor der Adoption;KKH-01;Krankenhaus (nach der Geburt);13;Anzahl;AKJ001;Adoptierte Kinder und Jugendliche
22521;Statistik der Adoptionen;JAHR;Jahr;2017;DLAND;Bundesländer;02;Hamburg;NAT;Nationalität;;Insgesamt;UBGAD1;Art der Unterbringung vor der Adoption;KKH-01;Krankenhaus (nach der Geburt);15;Anzahl;AKJ001;Adoptierte Kinder und Jugendliche
22521;Statistik der Adoptionen;JAHR;Jahr;2017;DLAND;Bundesländer;05;Nordrhein-Westfalen;NAT;Nationalität;;Insgesamt;UBGAD1;Art der Unterbringung vor der Adoption;ELTERN-03;Alleinerziehender leiblicher Elternteil;47;Anzahl;AKJ001;Adoptierte Kinder und Jugendliche
22521;Statistik der Adoptionen;JAHR;Jahr;2017;DLAND;Bundesländer;11;Berlin;NAT;Nationalität;;Insgesamt;UBGAD1;Art der Unterbringung vor der Adoption;UNBEKANNT;unbekannt;2;Anzahl;AKJ001;Adoptierte Kinder und Jugendliche
22521;Statistik der Adoptionen;JAHR;Jahr;2017;DLAND;Bundesländer;04;Bremen;NAT;Nationalität;;Insgesamt;UBGAD1;Art der Unterbringung vor der Adoption;ELTERN-04;Leibliche Eltern;24;Anzahl;AKJ001;Adoptierte Kinder und Jugendliche
22521;Statistik der Adoptionen;JAHR;Jahr;2017;DLAND;Bundesländer;03;Niedersachsen;NAT;Nationalität;;Insgesamt;UBGAD1;Art der Unterbringung vor der Adoption;ELTERN-05;Leiblicher Elternteil m.Stiefelternteil od.Partner;213;Anzahl;AKJ001;Adoptierte Kinder und Jugendliche
22521;Statistik der Adoptionen;JAHR;Jahr;2017;DLAND;Bundesländer;08;Baden-Württemberg;NAT;Nationalität;;Insgesamt;UBGAD1;Art der Unterbringung vor der Adoption;FAM-PFLEGE-01;Pflegefamilie;46;Anzahl;AKJ001;Adoptierte Kinder und Jugendliche
22521;Statistik der Adoptionen;JAHR;Jahr;2017;DLAND;Bundesländer;04;Bremen;NAT;Nationalität;NATD;Deutsche;UBGAD1;Art der Unterbringung vor der Adoption;ELTERN-06;Adoptivelternteil m.Partner, nur b.Sukzessivadopt.;3;Anzahl;AKJ001;Adoptierte Kinder und Jugendliche
22521;Statistik der Adoptionen;JAHR;Jahr;2017;DLAND;Bundesländer;09;Bayern;NAT;Nationalität;NATA;Ausländer;UBGAD1;Art der Unterbringung vor der Adoption;UNBEKANNT;unbekannt;1;Anzahl;AKJ001;Adoptierte Kinder und Jugendliche
22521;Statistik der Adoptionen;JAHR;Jahr;2017;DLAND;Bundesländer;14;Sachsen;NAT;Nationalität;NATD;Deutsche;UBGAD1;Art der Unterbringung vor der Adoption;ELTERN-03;Alleinerziehender leiblicher Elternteil;4;Anzahl;AKJ001;Adoptierte Kinder und Jugendliche
22521;Statistik der Adoptionen;JAHR;Jahr;2017;DLAND;Bundesländer;01;Schleswig-Holstein;NAT;Nationalität;NATD;Deutsche;UBGAD1;Art der Unterbringung vor der Adoption;GR-ELTERN-01;Großeltern;-;Anzahl;AKJ001;Adoptierte Kinder und Jugendliche
22521;Statistik der Adoptionen;JAHR;Jahr;2017;DLAND;Bundesländer;12;Brandenburg;NAT;Nationalität;NATA;Ausländer;UBGAD1;Art der Unterbringung vor der Adoption;KKH-01;Krankenhaus (nach der Geburt);0;Anzahl;AKJ001;Adoptierte Kinder und Jugendliche
22521;Statistik der Adoptionen;JAHR;Jahr;2017;DLAND;Bundesländer;06;Hessen;NAT;Nationalität;NATD;Deutsche;UBGAD1;Art der Unterbringung vor der Adoption;HEIM-01;Heim;4;Anzahl;AKJ001;Adoptierte Kinder und Jugendliche
22521;Statistik der Adoptionen;JAHR;Jahr;2017;DLAND;Bundesländer;14;Sachsen;NAT;Nationalität;NATD;Deutsche;UBGAD1;Art der Unterbringung vor der Adoption;FAM-PFLEGE-01;Pflegefamilie;30;Anzahl;AKJ001;Adoptierte Kinder und Jugendliche
22521;Statistik der Adoptionen;JAHR;Jahr;2017;DLAND;Bundesländer;14;Sachsen;NAT;Nationalität;;Insgesamt;UBGAD1;Art der Unterbringung vor der Adoption;ELTERN-06;Adoptivelternteil m.Partner, nur b.Sukzessivadopt.;6;Anzahl;AKJ001;Adoptierte Kinder und Jugendliche
22521;Statistik der Adoptionen;JAHR;Jahr;2017;DLAND;Bundesländer;10;Saarland;NAT;Nationalität;NATA;Ausländer;UBGAD1;Art der Unterbringung vor der Adoption;KKH-01;Krankenhaus (nach der Geburt);0;Anzahl;AKJ001;Adoptierte Kinder und Jugendliche
22521;Statistik der Adoptionen;JAHR;Jahr;2017;DLAND;Bundesländer;07;Rheinland-Pfalz;NAT;Nationalität;;Insgesamt;UBGAD1;Art der Unterbringung vor der Adoption;UNBEKANNT;unbekannt;0;Anzahl;AKJ001;Adoptierte Kinder und Jugendliche
22521;Statistik der Adoptionen;JAHR;Jahr;2017;DLAND;Bundesländer;14;Sachsen;NAT;Nationalität;NATA;Ausländer;UBGAD1;Art der Unterbringung vor der Adoption;HEIM-01;Heim;0;Anzahl;AKJ001;Adoptierte Kinder und Jugendliche
22521;Statistik der Adoptionen;JAHR;Jahr;2017;DLAND;Bundesländer;13;Mecklenburg-Vorpommern;NAT;Nationalität;;Insgesamt;UBGAD1;Art der Unterbringung vor der Adoption;VERWANDT-SONST;Sonstige Verwandte;-;Anzahl;AKJ001;Adoptierte Kinder und Jugendliche
22521;Statistik der Adoptionen;JAHR;Jahr;2017;DLAND;Bundesländer;05;Nordrhein-Westfalen;NAT;Nationalität;NATD;Deutsche;UBGAD1;Art der Unterbringung vor der Adoption;ELTERN-06;Adoptivelternteil m.Partner, nur b.Sukzessivadopt.;13;Anzahl;AKJ001;Adoptierte Kinder und Jugendliche
22521;Statistik der Adoptionen;JAHR;Jahr;2017;DLAND;Bundesländer;09;Bayern;NAT;Nationalität;NATD;Deutsche;UBGAD1;Art der Unterbringung vor der Adoption;GR-ELTERN-02;Großeltern und sonstige Verwandte;1;Anzahl;AKJ001;Adoptierte Kinder und Jugendliche
22521;Statistik der Adoptionen;JAHR;Jahr;2017;DLAND;Bundesländer;08;Baden-Württemberg;NAT;Nationalität;NATD;Deutsche;UBGAD1;Art der Unterbringung vor der Adoption;GR-ELTERN-02;Großeltern und sonstige Verwandte;4;Anzahl;AKJ001;Adoptierte Kinder und Jugendliche
22521;Statistik der Adoptionen;JAHR;Jahr;2017;DLAND;Bundesländer;04;Bremen;NAT;Nationalität;NATA;Ausländer;UBGAD1;Art der Unterbringung vor der Adoption;ELTERN-03;Alleinerziehender leiblicher Elternteil;0;Anzahl;AKJ001;Adoptierte Kinder und Jugendliche
22521;Statistik der Adoptionen;JAHR;Jahr;2017;DLAND;Bundesländer;16;Thüringen;NAT;Nationalität;;Insgesamt;UBGAD1;Art der Unterbringung vor der Adoption;ELTERN-03;Alleinerziehender leiblicher Elternteil;6;Anzahl;AKJ001;Adoptierte Kinder und Jugendliche
22521;Statistik der Adoptionen;JAHR;Jahr;2017;DLAND;Bundesländer;14;Sachsen;NAT;Nationalität;;Insgesamt;UBGAD1;Art der Unterbringung vor der Adoption;ELTERN-05;Leiblicher Elternteil m.Stiefelternteil od.Partner;118;Anzahl;AKJ001;Adoptierte Kinder und Jugendliche
22521;Statistik der Adoptionen;JAHR;Jahr;2017;DLAND;Bundesländer;12;Brandenburg;NAT;Nationalität;NATD;Deutsche;UBGAD1;Art der Unterbringung vor der Adoption;ELTERN-04;Leibliche Eltern;1;Anzahl;AKJ001;Adoptierte Kinder und Jugendliche
22521;Statistik der Adoptionen;JAHR;Jahr;2017;DLAND;Bundesländer;15;Sachsen-Anhalt;NAT;Nationalität;;Insgesamt;UBGAD1;Art der Unterbringung vor der Adoption;ELTERN-05;Leiblicher Elternteil m.Stiefelternteil od.Partner;51;Anzahl;AKJ001;Adoptierte Kinder und Jugendliche
22521;Statistik der Adoptionen;JAHR;Jahr;2017;DLAND;Bundesländer;13;Mecklenburg-Vorpommern;NAT;Nationalität;NATD;Deutsche;UBGAD1;Art der Unterbringung vor der Adoption;GR-ELTERN-01;Großeltern;-;Anzahl;AKJ001;Adoptierte Kinder und Jugendliche
22521;Statistik der Adoptionen;JAHR;Jahr;2017;DLAND;Bundesländer;14;Sachsen;NAT;Nationalität;;Insgesamt;UBGAD1;Art der Unterbringung vor der Adoption;HEIM-01;Heim;10;Anzahl;AKJ001;Adoptierte Kinder und Jugendliche
22521;Statistik der Adoptionen;JAHR;Jahr;2017;DLAND;Bundesländer;13;Mecklenburg-Vorpommern;NAT;Nationalität;NATD;Deutsche;UBGAD1;Art der Unterbringung vor der Adoption;ELTERN-03;Alleinerziehender leiblicher Elternteil;0;Anzahl;AKJ001;Adoptierte Kinder und Jugendliche
22521;Statistik der Adoptionen;JAHR;Jahr;2017;DLAND;Bundesländer;01;Schleswig-Holstein;NAT;Nationalität;NATA;Ausländer;UBGAD1;Art der Unterbringung vor der Adoption;KKH-01;Krankenhaus (nach der Geburt);2;Anzahl;AKJ001;Adoptierte Kinder und Jugendliche
22521;Statistik der Adoptionen;JAHR;Jahr;2017;DLAND;Bundesländer;02;Hamburg;NAT;Nationalität;NATA;Ausländer;UBGAD1;Art der Unterbringung vor der Adoption;FAM-PFLEGE-01;Pflegefamilie;2;Anzahl;AKJ001;Adoptierte Kinder und Jugendliche
22521;Statistik der Adoptionen;JAHR;Jahr;2017;DLAND;Bundesländer;06;Hessen;NAT;Nationalität;NATD;Deutsche;UBGAD1;Art der Unterbringung vor der Adoption;ELTERN-05;Leiblicher Elternteil m.Stiefelternteil od.Partner;153;Anzahl;AKJ001;Adoptierte Kinder und Jugendliche
22521;Statistik der Adoptionen;JAHR;Jahr;2017;DLAND;Bundesländer;12;Brandenburg;NAT;Nationalität;NATD;Deutsche;UBGAD1;Art der Unterbringung vor der Adoption;GR-ELTERN-01;Großeltern;-;Anzahl;AKJ001;Adoptierte Kinder und Jugendliche
22521;Statistik der Adoptionen;JAHR;Jahr;2017;DLAND;Bundesländer;14;Sachsen;NAT;Nationalität;NATA;Ausländer;UBGAD1;Art der Unterbringung vor der Adoption;FAM-PFLEGE-01;Pflegefamilie;1;Anzahl;AKJ001;Adoptierte Kinder und Jugendliche
22521;Statistik der Adoptionen;JAHR;Jahr;2017;DLAND;Bundesländer;16;Thüringen;NAT;Nationalität;NATA;Ausländer;UBGAD1;Art der Unterbringung vor der Adoption;UNBEKANNT;unbekannt;0;Anzahl;AKJ001;Adoptierte Kinder und Jugendliche
22521;Statistik der Adoptionen;JAHR;Jahr;2017;DLAND;Bundesländer;12;Brandenburg;NAT;Nationalität;NATA;Ausländer;UBGAD1;Art der Unterbringung vor der Adoption;ELTERN-03;Alleinerziehender leiblicher Elternteil;0;Anzahl;AKJ001;Adoptierte Kinder und Jugendliche
22521;Statistik der Adoptionen;JAHR;Jahr;2017;DLAND;Bundesländer;05;Nordrhein-Westfalen;NAT;Nationalität;NATA;Ausländer;UBGAD1;Art der Unterbringung vor der Adoption;ELTERN-04;Leibliche Eltern;2;Anzahl;AKJ001;Adoptierte Kinder und Jugendliche
22521;Statistik der Adoptionen;JAHR;Jahr;2017;DLAND;Bundesländer;08;Baden-Württemberg;NAT;Nationalität;NATD;Deutsche;UBGAD1;Art der Unterbringung vor der Adoption;HEIM-01;Heim;1;Anzahl;AKJ001;Adoptierte Kinder und Jugendliche
22521;Statistik der Adoptionen;JAHR;Jahr;2017;DLAND;Bundesländer;14;Sachsen;NAT;Nationalität;;Insgesamt;UBGAD1;Art der Unterbringung vor der Adoption;VERWANDT-SONST;Sonstige Verwandte;-;Anzahl;AKJ001;Adoptierte Kinder und Jugendliche
22521;Statistik der Adoptionen;JAHR;Jahr;2017;DLAND;Bundesländer;12;Brandenburg;NAT;Nationalität;;Insgesamt;UBGAD1;Art der Unterbringung vor der Adoption;UNBEKANNT;unbekannt;0;Anzahl;AKJ001;Adoptierte Kinder und Jugendliche
22521;Statistik der Adoptionen;JAHR;Jahr;2017;DLAND;Bundesländer;16;Thüringen;NAT;Nationalität;NATA;Ausländer;UBGAD1;Art der Unterbringung vor der Adoption;HEIM-01;Heim;0;Anzahl;AKJ001;Adoptierte Kinder und Jugendliche
22521;Statistik der Adoptionen;JAHR;Jahr;2017;DLAND;Bundesländer;01;Schleswig-Holstein;NAT;Nationalität;NATD;Deutsche;UBGAD1;Art der Unterbringung vor der Adoption;UNBEKANNT;unbekannt;0;Anzahl;AKJ001;Adoptierte Kinder und Jugendliche
22521;Statistik der Adoptionen;JAHR;Jahr;2017;DLAND;Bundesländer;04;Bremen;NAT;Nationalität;;Insgesamt;UBGAD1;Art der Unterbringung vor der Adoption;ELTERN-05;Leiblicher Elternteil m.Stiefelternteil od.Partner;0;Anzahl;AKJ001;Adoptierte Kinder und Jugendliche
22521;Statistik der Adoptionen;JAHR;Jahr;2017;DLAND;Bundesländer;12;Brandenburg;NAT;Nationalität;NATA;Ausländer;UBGAD1;Art der Unterbringung vor der Adoption;VERWANDT-SONST;Sonstige Verwandte;-;Anzahl;AKJ001;Adoptierte Kinder und Jugendliche
22521;Statistik der Adoptionen;JAHR;Jahr;2017;DLAND;Bundesländer;04;Bremen;NAT;Nationalität;NATD;Deutsche;UBGAD1;Art der Unterbringung vor der Adoption;FAM-PFLEGE-01;Pflegefamilie;0;Anzahl;AKJ001;Adoptierte Kinder und Jugendliche
22521;Statistik der Adoptionen;JAHR;Jahr;2017;DLAND;Bundesländer;09;Bayern;NAT;Nationalität;;Insgesamt;UBGAD1;Art der Unterbringung vor der Adoption;ELTERN-06;Adoptivelternteil m.Partner, nur b.Sukzessivadopt.;9;Anzahl;AKJ001;Adoptierte Kinder und Jugendliche
22521;Statistik der Adoptionen;JAHR;Jahr;2017;DLAND;Bundesländer;10;Saarland;NAT;Nationalität;;Insgesamt;UBGAD1;Art der Unterbringung vor der Adoption;UNBEKANNT;unbekannt;0;Anzahl;AKJ001;Adoptierte Kinder und Jugendliche
22521;Statistik der Adoptionen;JAHR;Jahr;2017;DLAND;Bundesländer;03;Niedersachsen;NAT;Nationalität;NATA;Ausländer;UBGAD1;Art der Unterbringung vor der Adoption;FAM-PFLEGE-01;Pflegefamilie;5;Anzahl;AKJ001;Adoptierte Kinder und Jugendliche
22521;Statistik der Adoptionen;JAHR;Jahr;2017;DLAND;Bundesländer;09;Bayern;NAT;Nationalität;;Insgesamt;UBGAD1;Art der Unterbringung vor der Adoption;UNBEKANNT;unbekannt;1;Anzahl;AKJ001;Adoptierte Kinder und Jugendliche
22521;Statistik der Adoptionen;JAHR;Jahr;2017;DLAND;Bundesländer;08;Baden-Württemberg;NAT;Nationalität;;Insgesamt;UBGAD1;Art der Unterbringung vor der Adoption;UNBEKANNT;unbekannt;0;Anzahl;AKJ001;Adoptierte Kinder und Jugendliche
22521;Statistik der Adoptionen;JAHR;Jahr;2017;DLAND;Bundesländer;13;Mecklenburg-Vorpommern;NAT;Nationalität;NATA;Ausländer;UBGAD1;Art der Unterbringung vor der Adoption;ELTERN-03;Alleinerziehender leiblicher Elternteil;0;Anzahl;AKJ001;Adoptierte Kinder und Jugendliche
22521;Statistik der Adoptionen;JAHR;Jahr;2017;DLAND;Bundesländer;06;Hessen;NAT;Nationalität;;Insgesamt;UBGAD1;Art der Unterbringung vor der Adoption;HEIM-01;Heim;26;Anzahl;AKJ001;Adoptierte Kinder und Jugendliche
22521;Statistik der Adoptionen;JAHR;Jahr;2017;DLAND;Bundesländer;04;Bremen;NAT;Nationalität;NATA;Ausländer;UBGAD1;Art der Unterbringung vor der Adoption;ELTERN-04;Leibliche Eltern;5;Anzahl;AKJ001;Adoptierte Kinder und Jugendliche
22521;Statistik der Adoptionen;JAHR;Jahr;2017;DLAND;Bundesländer;14;Sachsen;NAT;Nationalität;;Insgesamt;UBGAD1;Art der Unterbringung vor der Adoption;ELTERN-04;Leibliche Eltern;1;Anzahl;AKJ001;Adoptierte Kinder und Jugendliche
22521;Statistik der Adoptionen;JAHR;Jahr;2017;DLAND;Bundesländer;16;Thüringen;NAT;Nationalität;;Insgesamt;UBGAD1;Art der Unterbringung vor der Adoption;ELTERN-04;Leibliche Eltern;5;Anzahl;AKJ001;Adoptierte Kinder und Jugendliche
22521;Statistik der Adoptionen;JAHR;Jahr;2017;DLAND;Bundesländer;12;Brandenburg;NAT;Nationalität;NATD;Deutsche;UBGAD1;Art der Unterbringung vor der Adoption;ELTERN-05;Leiblicher Elternteil m.Stiefelternteil od.Partner;49;Anzahl;AKJ001;Adoptierte Kinder und Jugendliche
22521;Statistik der Adoptionen;JAHR;Jahr;2017;DLAND;Bundesländer;10;Saarland;NAT;Nationalität;;Insgesamt;UBGAD1;Art der Unterbringung vor der Adoption;KKH-01;Krankenhaus (nach der Geburt);9;Anzahl;AKJ001;Adoptierte Kinder und Jugendliche
22521;Statistik der Adoptionen;JAHR;Jahr;2017;DLAND;Bundesländer;15;Sachsen-Anhalt;NAT;Nationalität;;Insgesamt;UBGAD1;Art der Unterbringung vor der Adoption;ELTERN-04;Leibliche Eltern;0;Anzahl;AKJ001;Adoptierte Kinder und Jugendliche
22521;Statistik der Adoptionen;JAHR;Jahr;2017;DLAND;Bundesländer;11;Berlin;NAT;Nationalität;NATD;Deutsche;UBGAD1;Art der Unterbringung vor der Adoption;GR-ELTERN-02;Großeltern und sonstige Verwandte;0;Anzahl;AKJ001;Adoptierte Kinder und Jugendliche
22521;Statistik der Adoptionen;JAHR;Jahr;2017;DLAND;Bundesländer;04;Bremen;NAT;Nationalität;;Insgesamt;UBGAD1;Art der Unterbringung vor der Adoption;HEIM-01;Heim;1;Anzahl;AKJ001;Adoptierte Kinder und Jugendliche
22521;Statistik der Adoptionen;JAHR;Jahr;2017;DLAND;Bundesländer;10;Saarland;NAT;Nationalität;NATD;Deutsche;UBGAD1;Art der Unterbringung vor der Adoption;GR-ELTERN-02;Großeltern und sonstige Verwandte;0;Anzahl;AKJ001;Adoptierte Kinder und Jugendliche
22521;Statistik der Adoptionen;JAHR;Jahr;2017;DLAND;Bundesländer;03;Niedersachsen;NAT;Nationalität;;Insgesamt;UBGAD1;Art der Unterbringung vor der Adoption;ELTERN-06;Adoptivelternteil m.Partner, nur b.Sukzessivadopt.;13;Anzahl;AKJ001;Adoptierte Kinder und Jugendliche
22521;Statistik der Adoptionen;JAHR;Jahr;2017;DLAND;Bundesländer;02;Hamburg;NAT;Nationalität;;Insgesamt;UBGAD1;Art der Unterbringung vor der Adoption;ELTERN-06;Adoptivelternteil m.Partner, nur b.Sukzessivadopt.;0;Anzahl;AKJ001;Adoptierte Kinder und Jugendliche
22521;Statistik der Adoptionen;JAHR;Jahr;2017;DLAND;Bundesländer;01;Schleswig-Holstein;NAT;Nationalität;;Insgesamt;UBGAD1;Art der Unterbringung vor der Adoption;ELTERN-06;Adoptivelternteil m.Partner, nur b.Sukzessivadopt.;3;Anzahl;AKJ001;Adoptierte Kinder und Jugendliche
22521;Statistik der Adoptionen;JAHR;Jahr;2017;DLAND;Bundesländer;13;Mecklenburg-Vorpommern;NAT;Nationalität;NATD;Deutsche;UBGAD1;Art der Unterbringung vor der Adoption;GR-ELTERN-02;Großeltern und sonstige Verwandte;2;Anzahl;AKJ001;Adoptierte Kinder und Jugendliche
22521;Statistik der Adoptionen;JAHR;Jahr;2017;DLAND;Bundesländer;12;Brandenburg;NAT;Nationalität;NATD;Deutsche;UBGAD1;Art der Unterbringung vor der Adoption;GR-ELTERN-02;Großeltern und sonstige Verwandte;0;Anzahl;AKJ001;Adoptierte Kinder und Jugendliche
22521;Statistik der Adoptionen;JAHR;Jahr;2017;DLAND;Bundesländer;06;Hessen;NAT;Nationalität;NATD;Deutsche;UBGAD1;Art der Unterbringung vor der Adoption;ELTERN-04;Leibliche Eltern;13;Anzahl;AKJ001;Adoptierte Kinder und Jugendliche
22521;Statistik der Adoptionen;JAHR;Jahr;2017;DLAND;Bundesländer;12;Brandenburg;NAT;Nationalität;NATA;Ausländer;UBGAD1;Art der Unterbringung vor der Adoption;FAM-PFLEGE-01;Pflegefamilie;0;Anzahl;AKJ001;Adoptierte Kinder und Jugendliche
22521;Statistik der Adoptionen;JAHR;Jahr;2017;DLAND;Bundesländer;15;Sachsen-Anhalt;NAT;Nationalität;;Insgesamt;UBGAD1;Art der Unterbringung vor der Adoption;FAM-PFLEGE-01;Pflegefamilie;22;Anzahl;AKJ001;Adoptierte Kinder und Jugendliche
22521;Statistik der Adoptionen;JAHR;Jahr;2017;DLAND;Bundesländer;11;Berlin;NAT;Nationalität;;Insgesamt;UBGAD1;Art der Unterbringung vor der Adoption;KKH-01;Krankenhaus (nach der Geburt);51;Anzahl;AKJ001;Adoptierte Kinder und Jugendliche
22521;Statistik der Adoptionen;JAHR;Jahr;2017;DLAND;Bundesländer;02;Hamburg;NAT;Nationalität;;Insgesamt;UBGAD1;Art der Unterbringung vor der Adoption;ELTERN-04;Leibliche Eltern;1;Anzahl;AKJ001;Adoptierte Kinder und Jugendliche
22521;Statistik der Adoptionen;JAHR;Jahr;2017;DLAND;Bundesländer;13;Mecklenburg-Vorpommern;NAT;Nationalität;NATD;Deutsche;UBGAD1;Art der Unterbringung vor der Adoption;FAM-PFLEGE-01;Pflegefamilie;2;Anzahl;AKJ001;Adoptierte Kinder und Jugendliche
22521;Statistik der Adoptionen;JAHR;Jahr;2017;DLAND;Bundesländer;06;Hessen;NAT;Nationalität;;Insgesamt;UBGAD1;Art der Unterbringung vor der Adoption;ELTERN-04;Leibliche Eltern;15;Anzahl;AKJ001;Adoptierte Kinder und Jugendliche
22521;Statistik der Adoptionen;JAHR;Jahr;2017;DLAND;Bundesländer;03;Niedersachsen;NAT;Nationalität;;Insgesamt;UBGAD1;Art der Unterbringung vor der Adoption;ELTERN-03;Alleinerziehender leiblicher Elternteil;6;Anzahl;AKJ001;Adoptierte Kinder und Jugendliche
22521;Statistik der Adoptionen;JAHR;Jahr;2017;DLAND;Bundesländer;12;Brandenburg;NAT;Nationalität;NATA;Ausländer;UBGAD1;Art der Unterbringung vor der Adoption;ELTERN-04;Leibliche Eltern;0;Anzahl;AKJ001;Adoptierte Kinder und Jugendliche
22521;Statistik der Adoptionen;JAHR;Jahr;2017;DLAND;Bundesländer;05;Nordrhein-Westfalen;NAT;Nationalität;;Insgesamt;UBGAD1;Art der Unterbringung vor der Adoption;ELTERN-05;Leiblicher Elternteil m.Stiefelternteil od.Partner;518;Anzahl;AKJ001;Adoptierte Kinder und Jugendliche
22521;Statistik der Adoptionen;JAHR;Jahr;2017;DLAND;Bundesländer;05;Nordrhein-Westfalen;NAT;Nationalität;NATD;Deutsche;UBGAD1;Art der Unterbringung vor der Adoption;VERWANDT-SONST;Sonstige Verwandte;-;Anzahl;AKJ001;Adoptierte Kinder und Jugendliche
22521;Statistik der Adoptionen;JAHR;Jahr;2017;DLAND;Bundesländer;09;Bayern;NAT;Nationalität;;Insgesamt;UBGAD1;Art der Unterbringung vor der Adoption;ELTERN-05;Leiblicher Elternteil m.Stiefelternteil od.Partner;421;Anzahl;AKJ001;Adoptierte Kinder und Jugendliche
22521;Statistik der Adoptionen;JAHR;Jahr;2017;DLAND;Bundesländer;03;Niedersachsen;NAT;Nationalität;NATD;Deutsche;UBGAD1;Art der Unterbringung vor der Adoption;GR-ELTERN-01;Großeltern;-;Anzahl;AKJ001;Adoptierte Kinder und Jugendliche
22521;Statistik der Adoptionen;JAHR;Jahr;2017;DLAND;Bundesländer;09;Bayern;NAT;Nationalität;;Insgesamt;UBGAD1;Art der Unterbringung vor der Adoption;FAM-PFLEGE-01;Pflegefamilie;48;Anzahl;AKJ001;Adoptierte Kinder und Jugendliche
22521;Statistik der Adoptionen;JAHR;Jahr;2017;DLAND;Bundesländer;07;Rheinland-Pfalz;NAT;Nationalität;;Insgesamt;UBGAD1;Art der Unterbringung vor der Adoption;ELTERN-03;Alleinerziehender leiblicher Elternteil;1;Anzahl;AKJ001;Adoptierte Kinder und Jugendliche
22521;Statistik der Adoptionen;JAHR;Jahr;2017;DLAND;Bundesländer;11;Berlin;NAT;Nationalität;;Insgesamt;UBGAD1;Art der Unterbringung vor der Adoption;ELTERN-03;Alleinerziehender leiblicher Elternteil;1;Anzahl;AKJ001;Adoptierte Kinder und Jugendliche
22521;Statistik der Adoptionen;JAHR;Jahr;2017;DLAND;Bundesländer;01;Schleswig-Holstein;NAT;Nationalität;NATA;Ausländer;UBGAD1;Art der Unterbringung vor der Adoption;FAM-PFLEGE-01;Pflegefamilie;0;Anzahl;AKJ001;Adoptierte Kinder und Jugendliche
22521;Statistik der Adoptionen;JAHR;Jahr;2017;DLAND;Bundesländer;02;Hamburg;NAT;Nationalität;NATD;Deutsche;UBGAD1;Art der Unterbringung vor der Adoption;GR-ELTERN-02;Großeltern und sonstige Verwandte;1;Anzahl;AKJ001;Adoptierte Kinder und Jugendliche
22521;Statistik der Adoptionen;JAHR;Jahr;2017;DLAND;Bundesländer;10;Saarland;NAT;Nationalität;;Insgesamt;UBGAD1;Art der Unterbringung vor der Adoption;ELTERN-04;Leibliche Eltern;0;Anzahl;AKJ001;Adoptierte Kinder und Jugendliche
22521;Statistik der Adoptionen;JAHR;Jahr;2017;DLAND;Bundesländer;09;Bayern;NAT;Nationalität;NATA;Ausländer;UBGAD1;Art der Unterbringung vor der Adoption;HEIM-01;Heim;23;Anzahl;AKJ001;Adoptierte Kinder und Jugendliche
22521;Statistik der Adoptionen;JAHR;Jahr;2017;DLAND;Bundesländer;06;Hessen;NAT;Nationalität;;Insgesamt;UBGAD1;Art der Unterbringung vor der Adoption;UNBEKANNT;unbekannt;0;Anzahl;AKJ001;Adoptierte Kinder und Jugendliche
22521;Statistik der Adoptionen;JAHR;Jahr;2017;DLAND;Bundesländer;13;Mecklenburg-Vorpommern;NAT;Nationalität;;Insgesamt;UBGAD1;Art der Unterbringung vor der Adoption;FAM-PFLEGE-01;Pflegefamilie;2;Anzahl;AKJ001;Adoptierte Kinder und Jugendliche
22521;Statistik der Adoptionen;JAHR;Jahr;2017;DLAND;Bundesländer;05;Nordrhein-Westfalen;NAT;Nationalität;NATD;Deutsche;UBGAD1;Art der Unterbringung vor der Adoption;ELTERN-04;Leibliche Eltern;11;Anzahl;AKJ001;Adoptierte Kinder und Jugendliche
22521;Statistik der Adoptionen;JAHR;Jahr;2017;DLAND;Bundesländer;05;Nordrhein-Westfalen;NAT;Nationalität;;Insgesamt;UBGAD1;Art der Unterbringung vor der Adoption;UNBEKANNT;unbekannt;4;Anzahl;AKJ001;Adoptierte Kinder und Jugendliche
22521;Statistik der Adoptionen;JAHR;Jahr;2017;DLAND;Bundesländer;02;Hamburg;NAT;Nationalität;;Insgesamt;UBGAD1;Art der Unterbringung vor der Adoption;UNBEKANNT;unbekannt;0;Anzahl;AKJ001;Adoptierte Kinder und Jugendliche
22521;Statistik der Adoptionen;JAHR;Jahr;2017;DLAND;Bundesländer;14;Sachsen;NAT;Nationalität;;Insgesamt;UBGAD1;Art der Unterbringung vor der Adoption;ELTERN-03;Alleinerziehender leiblicher Elternteil;4;Anzahl;AKJ001;Adoptierte Kinder und Jugendliche
22521;Statistik der Adoptionen;JAHR;Jahr;2017;DLAND;Bundesländer;06;Hessen;NAT;Nationalität;NATD;Deutsche;UBGAD1;Art der Unterbringung vor der Adoption;GR-ELTERN-02;Großeltern und sonstige Verwandte;4;Anzahl;AKJ001;Adoptierte Kinder und Jugendliche
22521;Statistik der Adoptionen;JAHR;Jahr;2017;DLAND;Bundesländer;13;Mecklenburg-Vorpommern;NAT;Nationalität;NATD;Deutsche;UBGAD1;Art der Unterbringung vor der Adoption;HEIM-01;Heim;0;Anzahl;AKJ001;Adoptierte Kinder und Jugendliche
22521;Statistik der Adoptionen;JAHR;Jahr;2017;DLAND;Bundesländer;01;Schleswig-Holstein;NAT;Nationalität;;Insgesamt;UBGAD1;Art der Unterbringung vor der Adoption;UNBEKANNT;unbekannt;0;Anzahl;AKJ001;Adoptierte Kinder und Jugendliche
22521;Statistik der Adoptionen;JAHR;Jahr;2017;DLAND;Bundesländer;04;Bremen;NAT;Nationalität;NATA;Ausländer;UBGAD1;Art der Unterbringung vor der Adoption;ELTERN-05;Leiblicher Elternteil m.Stiefelternteil od.Partner;0;Anzahl;AKJ001;Adoptierte Kinder und Jugendliche
22521;Statistik der Adoptionen;JAHR;Jahr;2017;DLAND;Bundesländer;16;Thüringen;NAT;Nationalität;NATA;Ausländer;UBGAD1;Art der Unterbringung vor der Adoption;ELTERN-06;Adoptivelternteil m.Partner, nur b.Sukzessivadopt.;0;Anzahl;AKJ001;Adoptierte Kinder und Jugendliche
22521;Statistik der Adoptionen;JAHR;Jahr;2017;DLAND;Bundesländer;07;Rheinland-Pfalz;NAT;Nationalität;NATD;Deutsche;UBGAD1;Art der Unterbringung vor der Adoption;GR-ELTERN-02;Großeltern und sonstige Verwandte;2;Anzahl;AKJ001;Adoptierte Kinder und Jugendliche
22521;Statistik der Adoptionen;JAHR;Jahr;2017;DLAND;Bundesländer;16;Thüringen;NAT;Nationalität;;Insgesamt;UBGAD1;Art der Unterbringung vor der Adoption;HEIM-01;Heim;0;Anzahl;AKJ001;Adoptierte Kinder und Jugendliche
22521;Statistik der Adoptionen;JAHR;Jahr;2017;DLAND;Bundesländer;12;Brandenburg;NAT;Nationalität;NATD;Deutsche;UBGAD1;Art der Unterbringung vor der Adoption;ELTERN-06;Adoptivelternteil m.Partner, nur b.Sukzessivadopt.;3;Anzahl;AKJ001;Adoptierte Kinder und Jugendliche
22521;Statistik der Adoptionen;JAHR;Jahr;2017;DLAND;Bundesländer;15;Sachsen-Anhalt;NAT;Nationalität;;Insgesamt;UBGAD1;Art der Unterbringung vor der Adoption;ELTERN-03;Alleinerziehender leiblicher Elternteil;3;Anzahl;AKJ001;Adoptierte Kinder und Jugendliche
22521;Statistik der Adoptionen;JAHR;Jahr;2017;DLAND;Bundesländer;02;Hamburg;NAT;Nationalität;NATD;Deutsche;UBGAD1;Art der Unterbringung vor der Adoption;FAM-PFLEGE-01;Pflegefamilie;2;Anzahl;AKJ001;Adoptierte Kinder und Jugendliche
22521;Statistik der Adoptionen;JAHR;Jahr;2017;DLAND;Bundesländer;11;Berlin;NAT;Nationalität;NATD;Deutsche;UBGAD1;Art der Unterbringung vor der Adoption;GR-ELTERN-01;Großeltern;-;Anzahl;AKJ001;Adoptierte Kinder und Jugendliche
22521;Statistik der Adoptionen;JAHR;Jahr;2017;DLAND;Bundesländer;15;Sachsen-Anhalt;NAT;Nationalität;NATD;Deutsche;UBGAD1;Art der Unterbringung vor der Adoption;GR-ELTERN-01;Großeltern;-;Anzahl;AKJ001;Adoptierte Kinder und Jugendliche
22521;Statistik der Adoptionen;JAHR;Jahr;2017;DLAND;Bundesländer;15;Sachsen-Anhalt;NAT;Nationalität;NATD;Deutsche;UBGAD1;Art der Unterbringung vor der Adoption;FAM-PFLEGE-01;Pflegefamilie;22;Anzahl;AKJ001;Adoptierte Kinder und Jugendliche
22521;Statistik der Adoptionen;JAHR;Jahr;2017;DLAND;Bundesländer;14;Sachsen;NAT;Nationalität;NATD;Deutsche;UBGAD1;Art der Unterbringung vor der Adoption;GR-ELTERN-01;Großeltern;-;Anzahl;AKJ001;Adoptierte Kinder und Jugendliche
22521;Statistik der Adoptionen;JAHR;Jahr;2017;DLAND;Bundesländer;10;Saarland;NAT;Nationalität;NATD;Deutsche;UBGAD1;Art der Unterbringung vor der Adoption;GR-ELTERN-01;Großeltern;-;Anzahl;AKJ001;Adoptierte Kinder und Jugendliche
22521;Statistik der Adoptionen;JAHR;Jahr;2017;DLAND;Bundesländer;13;Mecklenburg-Vorpommern;NAT;Nationalität;NATD;Deutsche;UBGAD1;Art der Unterbringung vor der Adoption;ELTERN-05;Leiblicher Elternteil m.Stiefelternteil od.Partner;41;Anzahl;AKJ001;Adoptierte Kinder und Jugendliche
22521;Statistik der Adoptionen;JAHR;Jahr;2017;DLAND;Bundesländer;02;Hamburg;NAT;Nationalität;;Insgesamt;UBGAD1;Art der Unterbringung vor der Adoption;ELTERN-05;Leiblicher Elternteil m.Stiefelternteil od.Partner;64;Anzahl;AKJ001;Adoptierte Kinder und Jugendliche
22521;Statistik der Adoptionen;JAHR;Jahr;2017;DLAND;Bundesländer;01;Schleswig-Holstein;NAT;Nationalität;;Insgesamt;UBGAD1;Art der Unterbringung vor der Adoption;ELTERN-05;Leiblicher Elternteil m.Stiefelternteil od.Partner;114;Anzahl;AKJ001;Adoptierte Kinder und Jugendliche
22521;Statistik der Adoptionen;JAHR;Jahr;2017;DLAND;Bundesländer;06;Hessen;NAT;Nationalität;NATD;Deutsche;UBGAD1;Art der Unterbringung vor der Adoption;ELTERN-03;Alleinerziehender leiblicher Elternteil;3;Anzahl;AKJ001;Adoptierte Kinder und Jugendliche
22521;Statistik der Adoptionen;JAHR;Jahr;2017;DLAND;Bundesländer;07;Rheinland-Pfalz;NAT;Nationalität;;Insgesamt;UBGAD1;Art der Unterbringung vor der Adoption;FAM-PFLEGE-01;Pflegefamilie;11;Anzahl;AKJ001;Adoptierte Kinder und Jugendliche
22521;Statistik der Adoptionen;JAHR;Jahr;2017;DLAND;Bundesländer;03;Niedersachsen;NAT;Nationalität;NATD;Deutsche;UBGAD1;Art der Unterbringung vor der Adoption;KKH-01;Krankenhaus (nach der Geburt);83;Anzahl;AKJ001;Adoptierte Kinder und Jugendliche
22521;Statistik der Adoptionen;JAHR;Jahr;2017;DLAND;Bundesländer;06;Hessen;NAT;Nationalität;NATD;Deutsche;UBGAD1;Art der Unterbringung vor der Adoption;KKH-01;Krankenhaus (nach der Geburt);32;Anzahl;AKJ001;Adoptierte Kinder und Jugendliche
22521;Statistik der Adoptionen;JAHR;Jahr;2017;DLAND;Bundesländer;02;Hamburg;NAT;Nationalität;;Insgesamt;UBGAD1;Art der Unterbringung vor der Adoption;ELTERN-03;Alleinerziehender leiblicher Elternteil;1;Anzahl;AKJ001;Adoptierte Kinder und Jugendliche
22521;Statistik der Adoptionen;JAHR;Jahr;2017;DLAND;Bundesländer;12;Brandenburg;NAT;Nationalität;;Insgesamt;UBGAD1;Art der Unterbringung vor der Adoption;HEIM-01;Heim;6;Anzahl;AKJ001;Adoptierte Kinder und Jugendliche
22521;Statistik der Adoptionen;JAHR;Jahr;2017;DLAND;Bundesländer;01;Schleswig-Holstein;NAT;Nationalität;NATD;Deutsche;UBGAD1;Art der Unterbringung vor der Adoption;ELTERN-03;Alleinerziehender leiblicher Elternteil;1;Anzahl;AKJ001;Adoptierte Kinder und Jugendliche
22521;Statistik der Adoptionen;JAHR;Jahr;2017;DLAND;Bundesländer;04;Bremen;NAT;Nationalität;;Insgesamt;UBGAD1;Art der Unterbringung vor der Adoption;ELTERN-03;Alleinerziehender leiblicher Elternteil;1;Anzahl;AKJ001;Adoptierte Kinder und Jugendliche
22521;Statistik der Adoptionen;JAHR;Jahr;2017;DLAND;Bundesländer;03;Niedersachsen;NAT;Nationalität;;Insgesamt;UBGAD1;Art der Unterbringung vor der Adoption;ELTERN-04;Leibliche Eltern;2;Anzahl;AKJ001;Adoptierte Kinder und Jugendliche
22521;Statistik der Adoptionen;JAHR;Jahr;2017;DLAND;Bundesländer;12;Brandenburg;NAT;Nationalität;NATA;Ausländer;UBGAD1;Art der Unterbringung vor der Adoption;ELTERN-05;Leiblicher Elternteil m.Stiefelternteil od.Partner;1;Anzahl;AKJ001;Adoptierte Kinder und Jugendliche
22521;Statistik der Adoptionen;JAHR;Jahr;2017;DLAND;Bundesländer;06;Hessen;NAT;Nationalität;;Insgesamt;UBGAD1;Art der Unterbringung vor der Adoption;ELTERN-03;Alleinerziehender leiblicher Elternteil;6;Anzahl;AKJ001;Adoptierte Kinder und Jugendliche
22521;Statistik der Adoptionen;JAHR;Jahr;2017;DLAND;Bundesländer;10;Saarland;NAT;Nationalität;;Insgesamt;UBGAD1;Art der Unterbringung vor der Adoption;VERWANDT-SONST;Sonstige Verwandte;-;Anzahl;AKJ001;Adoptierte Kinder und Jugendliche
22521;Statistik der Adoptionen;JAHR;Jahr;2017;DLAND;Bundesländer;05;Nordrhein-Westfalen;NAT;Nationalität;;Insgesamt;UBGAD1;Art der Unterbringung vor der Adoption;ELTERN-04;Leibliche Eltern;13;Anzahl;AKJ001;Adoptierte Kinder und Jugendliche
22521;Statistik der Adoptionen;JAHR;Jahr;2017;DLAND;Bundesländer;02;Hamburg;NAT;Nationalität;NATD;Deutsche;UBGAD1;Art der Unterbringung vor der Adoption;GR-ELTERN-01;Großeltern;-;Anzahl;AKJ001;Adoptierte Kinder und Jugendliche
22521;Statistik der Adoptionen;JAHR;Jahr;2017;DLAND;Bundesländer;01;Schleswig-Holstein;NAT;Nationalität;NATD;Deutsche;UBGAD1;Art der Unterbringung vor der Adoption;GR-ELTERN-02;Großeltern und sonstige Verwandte;1;Anzahl;AKJ001;Adoptierte Kinder und Jugendliche
22521;Statistik der Adoptionen;JAHR;Jahr;2017;DLAND;Bundesländer;03;Niedersachsen;NAT;Nationalität;NATD;Deutsche;UBGAD1;Art der Unterbringung vor der Adoption;GR-ELTERN-02;Großeltern und sonstige Verwandte;3;Anzahl;AKJ001;Adoptierte Kinder und Jugendliche
22521;Statistik der Adoptionen;JAHR;Jahr;2017;DLAND;Bundesländer;09;Bayern;NAT;Nationalität;;Insgesamt;UBGAD1;Art der Unterbringung vor der Adoption;ELTERN-04;Leibliche Eltern;10;Anzahl;AKJ001;Adoptierte Kinder und Jugendliche
22521;Statistik der Adoptionen;JAHR;Jahr;2017;DLAND;Bundesländer;05;Nordrhein-Westfalen;NAT;Nationalität;NATD;Deutsche;UBGAD1;Art der Unterbringung vor der Adoption;GR-ELTERN-02;Großeltern und sonstige Verwandte;4;Anzahl;AKJ001;Adoptierte Kinder und Jugendliche
22521;Statistik der Adoptionen;JAHR;Jahr;2017;DLAND;Bundesländer;09;Bayern;NAT;Nationalität;NATA;Ausländer;UBGAD1;Art der Unterbringung vor der Adoption;ELTERN-06;Adoptivelternteil m.Partner, nur b.Sukzessivadopt.;0;Anzahl;AKJ001;Adoptierte Kinder und Jugendliche
22521;Statistik der Adoptionen;JAHR;Jahr;2017;DLAND;Bundesländer;06;Hessen;NAT;Nationalität;NATD;Deutsche;UBGAD1;Art der Unterbringung vor der Adoption;VERWANDT-SONST;Sonstige Verwandte;-;Anzahl;AKJ001;Adoptierte Kinder und Jugendliche
22521;Statistik der Adoptionen;JAHR;Jahr;2017;DLAND;Bundesländer;08;Baden-Württemberg;NAT;Nationalität;;Insgesamt;UBGAD1;Art der Unterbringung vor der Adoption;ELTERN-03;Alleinerziehender leiblicher Elternteil;18;Anzahl;AKJ001;Adoptierte Kinder und Jugendliche
22521;Statistik der Adoptionen;JAHR;Jahr;2017;DLAND;Bundesländer;07;Rheinland-Pfalz;NAT;Nationalität;;Insgesamt;UBGAD1;Art der Unterbringung vor der Adoption;ELTERN-04;Leibliche Eltern;1;Anzahl;AKJ001;Adoptierte Kinder und Jugendliche
22521;Statistik der Adoptionen;JAHR;Jahr;2017;DLAND;Bundesländer;04;Bremen;NAT;Nationalität;NATD;Deutsche;UBGAD1;Art der Unterbringung vor der Adoption;GR-ELTERN-01;Großeltern;-;Anzahl;AKJ001;Adoptierte Kinder und Jugendliche
22521;Statistik der Adoptionen;JAHR;Jahr;2017;DLAND;Bundesländer;14;Sachsen;NAT;Nationalität;NATD;Deutsche;UBGAD1;Art der Unterbringung vor der Adoption;KKH-01;Krankenhaus (nach der Geburt);58;Anzahl;AKJ001;Adoptierte Kinder und Jugendliche
22521;Statistik der Adoptionen;JAHR;Jahr;2017;DLAND;Bundesländer;11;Berlin;NAT;Nationalität;NATD;Deutsche;UBGAD1;Art der Unterbringung vor der Adoption;KKH-01;Krankenhaus (nach der Geburt);48;Anzahl;AKJ001;Adoptierte Kinder und Jugendliche
22521;Statistik der Adoptionen;JAHR;Jahr;2017;DLAND;Bundesländer;16;Thüringen;NAT;Nationalität;NATD;Deutsche;UBGAD1;Art der Unterbringung vor der Adoption;VERWANDT-SONST;Sonstige Verwandte;-;Anzahl;AKJ001;Adoptierte Kinder und Jugendliche
22521;Statistik der Adoptionen;JAHR;Jahr;2017;DLAND;Bundesländer;12;Brandenburg;NAT;Nationalität;NATA;Ausländer;UBGAD1;Art der Unterbringung vor der Adoption;UNBEKANNT;unbekannt;0;Anzahl;AKJ001;Adoptierte Kinder und Jugendliche
22521;Statistik der Adoptionen;JAHR;Jahr;2017;DLAND;Bundesländer;10;Saarland;NAT;Nationalität;;Insgesamt;UBGAD1;Art der Unterbringung vor der Adoption;ELTERN-03;Alleinerziehender leiblicher Elternteil;4;Anzahl;AKJ001;Adoptierte Kinder und Jugendliche
22521;Statistik der Adoptionen;JAHR;Jahr;2017;DLAND;Bundesländer;03;Niedersachsen;NAT;Nationalität;;Insgesamt;UBGAD1;Art der Unterbringung vor der Adoption;VERWANDT-SONST;Sonstige Verwandte;-;Anzahl;AKJ001;Adoptierte Kinder und Jugendliche
22521;Statistik der Adoptionen;JAHR;Jahr;2017;DLAND;Bundesländer;13;Mecklenburg-Vorpommern;NAT;Nationalität;NATA;Ausländer;UBGAD1;Art der Unterbringung vor der Adoption;FAM-PFLEGE-01;Pflegefamilie;0;Anzahl;AKJ001;Adoptierte Kinder und Jugendliche
22521;Statistik der Adoptionen;JAHR;Jahr;2017;DLAND;Bundesländer;10;Saarland;NAT;Nationalität;;Insgesamt;UBGAD1;Art der Unterbringung vor der Adoption;HEIM-01;Heim;2;Anzahl;AKJ001;Adoptierte Kinder und Jugendliche
22521;Statistik der Adoptionen;JAHR;Jahr;2017;DLAND;Bundesländer;03;Niedersachsen;NAT;Nationalität;;Insgesamt;UBGAD1;Art der Unterbringung vor der Adoption;KKH-01;Krankenhaus (nach der Geburt);85;Anzahl;AKJ001;Adoptierte Kinder und Jugendliche
22521;Statistik der Adoptionen;JAHR;Jahr;2017;DLAND;Bundesländer;08;Baden-Württemberg;NAT;Nationalität;;Insgesamt;UBGAD1;Art der Unterbringung vor der Adoption;KKH-01;Krankenhaus (nach der Geburt);50;Anzahl;AKJ001;Adoptierte Kinder und Jugendliche
22521;Statistik der Adoptionen;JAHR;Jahr;2017;DLAND;Bundesländer;05;Nordrhein-Westfalen;NAT;Nationalität;NATD;Deutsche;UBGAD1;Art der Unterbringung vor der Adoption;ELTERN-05;Leiblicher Elternteil m.Stiefelternteil od.Partner;488;Anzahl;AKJ001;Adoptierte Kinder und Jugendliche
22521;Statistik der Adoptionen;JAHR;Jahr;2017;DLAND;Bundesländer;09;Bayern;NAT;Nationalität;NATD;Deutsche;UBGAD1;Art der Unterbringung vor der Adoption;GR-ELTERN-01;Großeltern;-;Anzahl;AKJ001;Adoptierte Kinder und Jugendliche
22521;Statistik der Adoptionen;JAHR;Jahr;2017;DLAND;Bundesländer;01;Schleswig-Holstein;NAT;Nationalität;NATA;Ausländer;UBGAD1;Art der Unterbringung vor der Adoption;VERWANDT-SONST;Sonstige Verwandte;-;Anzahl;AKJ001;Adoptierte Kinder und Jugendliche
22521;Statistik der Adoptionen;JAHR;Jahr;2017;DLAND;Bundesländer;06;Hessen;NAT;Nationalität;NATA;Ausländer;UBGAD1;Art der Unterbringung vor der Adoption;HEIM-01;Heim;22;Anzahl;AKJ001;Adoptierte Kinder und Jugendliche
22521;Statistik der Adoptionen;JAHR;Jahr;2017;DLAND;Bundesländer;11;Berlin;NAT;Nationalität;NATA;Ausländer;UBGAD1;Art der Unterbringung vor der Adoption;VERWANDT-SONST;Sonstige Verwandte;-;Anzahl;AKJ001;Adoptierte Kinder und Jugendliche
22521;Statistik der Adoptionen;JAHR;Jahr;2017;DLAND;Bundesländer;08;Baden-Württemberg;NAT;Nationalität;NATD;Deutsche;UBGAD1;Art der Unterbringung vor der Adoption;GR-ELTERN-01;Großeltern;-;Anzahl;AKJ001;Adoptierte Kinder und Jugendliche
22521;Statistik der Adoptionen;JAHR;Jahr;2017;DLAND;Bundesländer;06;Hessen;NAT;Nationalität;NATD;Deutsche;UBGAD1;Art der Unterbringung vor der Adoption;GR-ELTERN-01;Großeltern;-;Anzahl;AKJ001;Adoptierte Kinder und Jugendliche
22521;Statistik der Adoptionen;JAHR;Jahr;2017;DLAND;Bundesländer;04;Bremen;NAT;Nationalität;NATA;Ausländer;UBGAD1;Art der Unterbringung vor der Adoption;ELTERN-06;Adoptivelternteil m.Partner, nur b.Sukzessivadopt.;0;Anzahl;AKJ001;Adoptierte Kinder und Jugendliche
22521;Statistik der Adoptionen;JAHR;Jahr;2017;DLAND;Bundesländer;16;Thüringen;NAT;Nationalität;NATA;Ausländer;UBGAD1;Art der Unterbringung vor der Adoption;KKH-01;Krankenhaus (nach der Geburt);0;Anzahl;AKJ001;Adoptierte Kinder und Jugendliche
22521;Statistik der Adoptionen;JAHR;Jahr;2017;DLAND;Bundesländer;07;Rheinland-Pfalz;NAT;Nationalität;NATD;Deutsche;UBGAD1;Art der Unterbringung vor der Adoption;GR-ELTERN-01;Großeltern;-;Anzahl;AKJ001;Adoptierte Kinder und Jugendliche
22521;Statistik der Adoptionen;JAHR;Jahr;2017;DLAND;Bundesländer;03;Niedersachsen;NAT;Nationalität;NATD;Deutsche;UBGAD1;Art der Unterbringung vor der Adoption;FAM-PFLEGE-01;Pflegefamilie;35;Anzahl;AKJ001;Adoptierte Kinder und Jugendliche
22521;Statistik der Adoptionen;JAHR;Jahr;2017;DLAND;Bundesländer;14;Sachsen;NAT;Nationalität;;Insgesamt;UBGAD1;Art der Unterbringung vor der Adoption;FAM-PFLEGE-01;Pflegefamilie;31;Anzahl;AKJ001;Adoptierte Kinder und Jugendliche
22521;Statistik der Adoptionen;JAHR;Jahr;2017;DLAND;Bundesländer;05;Nordrhein-Westfalen;NAT;Nationalität;NATD;Deutsche;UBGAD1;Art der Unterbringung vor der Adoption;UNBEKANNT;unbekannt;0;Anzahl;AKJ001;Adoptierte Kinder und Jugendliche
22521;Statistik der Adoptionen;JAHR;Jahr;2017;DLAND;Bundesländer;13;Mecklenburg-Vorpommern;NAT;Nationalität;NATD;Deutsche;UBGAD1;Art der Unterbringung vor der Adoption;ELTERN-04;Leibliche Eltern;3;Anzahl;AKJ001;Adoptierte Kinder und Jugendliche
22521;Statistik der Adoptionen;JAHR;Jahr;2017;DLAND;Bundesländer;01;Schleswig-Holstein;NAT;Nationalität;;Insgesamt;UBGAD1;Art der Unterbringung vor der Adoption;ELTERN-04;Leibliche Eltern;4;Anzahl;AKJ001;Adoptierte Kinder und Jugendliche
22521;Statistik der Adoptionen;JAHR;Jahr;2017;DLAND;Bundesländer;16;Thüringen;NAT;Nationalität;NATD;Deutsche;UBGAD1;Art der Unterbringung vor der Adoption;HEIM-01;Heim;0;Anzahl;AKJ001;Adoptierte Kinder und Jugendliche
22521;Statistik der Adoptionen;JAHR;Jahr;2017;DLAND;Bundesländer;04;Bremen;NAT;Nationalität;NATA;Ausländer;UBGAD1;Art der Unterbringung vor der Adoption;GR-ELTERN-01;Großeltern;-;Anzahl;AKJ001;Adoptierte Kinder und Jugendliche
22521;Statistik der Adoptionen;JAHR;Jahr;2017;DLAND;Bundesländer;01;Schleswig-Holstein;NAT;Nationalität;;Insgesamt;UBGAD1;Art der Unterbringung vor der Adoption;ELTERN-03;Alleinerziehender leiblicher Elternteil;1;Anzahl;AKJ001;Adoptierte Kinder und Jugendliche
22521;Statistik der Adoptionen;JAHR;Jahr;2017;DLAND;Bundesländer;06;Hessen;NAT;Nationalität;NATA;Ausländer;UBGAD1;Art der Unterbringung vor der Adoption;KKH-01;Krankenhaus (nach der Geburt);3;Anzahl;AKJ001;Adoptierte Kinder und Jugendliche
22521;Statistik der Adoptionen;JAHR;Jahr;2017;DLAND;Bundesländer;16;Thüringen;NAT;Nationalität;NATA;Ausländer;UBGAD1;Art der Unterbringung vor der Adoption;FAM-PFLEGE-01;Pflegefamilie;1;Anzahl;AKJ001;Adoptierte Kinder und Jugendliche
22521;Statistik der Adoptionen;JAHR;Jahr;2017;DLAND;Bundesländer;07;Rheinland-Pfalz;NAT;Nationalität;NATA;Ausländer;UBGAD1;Art der Unterbringung vor der Adoption;ELTERN-06;Adoptivelternteil m.Partner, nur b.Sukzessivadopt.;0;Anzahl;AKJ001;Adoptierte Kinder und Jugendliche
22521;Statistik der Adoptionen;JAHR;Jahr;2017;DLAND;Bundesländer;09;Bayern;NAT;Nationalität;;Insgesamt;UBGAD1;Art der Unterbringung vor der Adoption;KKH-01;Krankenhaus (nach der Geburt);52;Anzahl;AKJ001;Adoptierte Kinder und Jugendliche
22521;Statistik der Adoptionen;JAHR;Jahr;2017;DLAND;Bundesländer;12;Brandenburg;NAT;Nationalität;NATA;Ausländer;UBGAD1;Art der Unterbringung vor der Adoption;ELTERN-06;Adoptivelternteil m.Partner, nur b.Sukzessivadopt.;0;Anzahl;AKJ001;Adoptierte Kinder und Jugendliche
22521;Statistik der Adoptionen;JAHR;Jahr;2017;DLAND;Bundesländer;16;Thüringen;NAT;Nationalität;NATD;Deutsche;UBGAD1;Art der Unterbringung vor der Adoption;GR-ELTERN-02;Großeltern und sonstige Verwandte;1;Anzahl;AKJ001;Adoptierte Kinder und Jugendliche
22521;Statistik der Adoptionen;JAHR;Jahr;2017;DLAND;Bundesländer;14;Sachsen;NAT;Nationalität;;Insgesamt;UBGAD1;Art der Unterbringung vor der Adoption;KKH-01;Krankenhaus (nach der Geburt);58;Anzahl;AKJ001;Adoptierte Kinder und Jugendliche
22521;Statistik der Adoptionen;JAHR;Jahr;2017;DLAND;Bundesländer;16;Thüringen;NAT;Nationalität;NATD;Deutsche;UBGAD1;Art der Unterbringung vor der Adoption;ELTERN-06;Adoptivelternteil m.Partner, nur b.Sukzessivadopt.;9;Anzahl;AKJ001;Adoptierte Kinder und Jugendliche
22521;Statistik der Adoptionen;JAHR;Jahr;2017;DLAND;Bundesländer;06;Hessen;NAT;Nationalität;;Insgesamt;UBGAD1;Art der Unterbringung vor der Adoption;ELTERN-06;Adoptivelternteil m.Partner, nur b.Sukzessivadopt.;7;Anzahl;AKJ001;Adoptierte Kinder und Jugendliche
22521;Statistik der Adoptionen;JAHR;Jahr;2017;DLAND;Bundesländer;14;Sachsen;NAT;Nationalität;;Insgesamt;UBGAD1;Art der Unterbringung vor der Adoption;GR-ELTERN-01;Großeltern;-;Anzahl;AKJ001;Adoptierte Kinder und Jugendliche
22521;Statistik der Adoptionen;JAHR;Jahr;2017;DLAND;Bundesländer;15;Sachsen-Anhalt;NAT;Nationalität;NATD;Deutsche;UBGAD1;Art der Unterbringung vor der Adoption;VERWANDT-SONST;Sonstige Verwandte;-;Anzahl;AKJ001;Adoptierte Kinder und Jugendliche
22521;Statistik der Adoptionen;JAHR;Jahr;2017;DLAND;Bundesländer;15;Sachsen-Anhalt;NAT;Nationalität;NATA;Ausländer;UBGAD1;Art der Unterbringung vor der Adoption;ELTERN-04;Leibliche Eltern;0;Anzahl;AKJ001;Adoptierte Kinder und Jugendliche
22521;Statistik der Adoptionen;JAHR;Jahr;2017;DLAND;Bundesländer;13;Mecklenburg-Vorpommern;NAT;Nationalität;NATA;Ausländer;UBGAD1;Art der Unterbringung vor der Adoption;KKH-01;Krankenhaus (nach der Geburt);0;Anzahl;AKJ001;Adoptierte Kinder und Jugendliche
22521;Statistik der Adoptionen;JAHR;Jahr;2017;DLAND;Bundesländer;08;Baden-Württemberg;NAT;Nationalität;;Insgesamt;UBGAD1;Art der Unterbringung vor der Adoption;ELTERN-04;Leibliche Eltern;7;Anzahl;AKJ001;Adoptierte Kinder und Jugendliche
22521;Statistik der Adoptionen;JAHR;Jahr;2017;DLAND;Bundesländer;05;Nordrhein-Westfalen;NAT;Nationalität;NATD;Deutsche;UBGAD1;Art der Unterbringung vor der Adoption;GR-ELTERN-01;Großeltern;-;Anzahl;AKJ001;Adoptierte Kinder und Jugendliche
22521;Statistik der Adoptionen;JAHR;Jahr;2017;DLAND;Bundesländer;16;Thüringen;NAT;Nationalität;;Insgesamt;UBGAD1;Art der Unterbringung vor der Adoption;FAM-PFLEGE-01;Pflegefamilie;30;Anzahl;AKJ001;Adoptierte Kinder und Jugendliche
22521;Statistik der Adoptionen;JAHR;Jahr;2017;DLAND;Bundesländer;09;Bayern;NAT;Nationalität;NATA;Ausländer;UBGAD1;Art der Unterbringung vor der Adoption;ELTERN-05;Leiblicher Elternteil m.Stiefelternteil od.Partner;54;Anzahl;AKJ001;Adoptierte Kinder und Jugendliche
22521;Statistik der Adoptionen;JAHR;Jahr;2017;DLAND;Bundesländer;05;Nordrhein-Westfalen;NAT;Nationalität;NATA;Ausländer;UBGAD1;Art der Unterbringung vor der Adoption;FAM-PFLEGE-01;Pflegefamilie;10;Anzahl;AKJ001;Adoptierte Kinder und Jugendliche
22521;Statistik der Adoptionen;JAHR;Jahr;2017;DLAND;Bundesländer;02;Hamburg;NAT;Nationalität;;Insgesamt;UBGAD1;Art der Unterbringung vor der Adoption;HEIM-01;Heim;9;Anzahl;AKJ001;Adoptierte Kinder und Jugendliche
22521;Statistik der Adoptionen;JAHR;Jahr;2017;DLAND;Bundesländer;12;Brandenburg;NAT;Nationalität;;Insgesamt;UBGAD1;Art der Unterbringung vor der Adoption;ELTERN-04;Leibliche Eltern;1;Anzahl;AKJ001;Adoptierte Kinder und Jugendliche
22521;Statistik der Adoptionen;JAHR;Jahr;2017;DLAND;Bundesländer;10;Saarland;NAT;Nationalität;;Insgesamt;UBGAD1;Art der Unterbringung vor der Adoption;ELTERN-06;Adoptivelternteil m.Partner, nur b.Sukzessivadopt.;0;Anzahl;AKJ001;Adoptierte Kinder und Jugendliche
22521;Statistik der Adoptionen;JAHR;Jahr;2017;DLAND;Bundesländer;06;Hessen;NAT;Nationalität;NATA;Ausländer;UBGAD1;Art der Unterbringung vor der Adoption;ELTERN-06;Adoptivelternteil m.Partner, nur b.Sukzessivadopt.;0;Anzahl;AKJ001;Adoptierte Kinder und Jugendliche
22521;Statistik der Adoptionen;JAHR;Jahr;2017;DLAND;Bundesländer;13;Mecklenburg-Vorpommern;NAT;Nationalität;NATA;Ausländer;UBGAD1;Art der Unterbringung vor der Adoption;ELTERN-06;Adoptivelternteil m.Partner, nur b.Sukzessivadopt.;0;Anzahl;AKJ001;Adoptierte Kinder und Jugendliche
22521;Statistik der Adoptionen;JAHR;Jahr;2017;DLAND;Bundesländer;15;Sachsen-Anhalt;NAT;Nationalität;;Insgesamt;UBGAD1;Art der Unterbringung vor der Adoption;KKH-01;Krankenhaus (nach der Geburt);32;Anzahl;AKJ001;Adoptierte Kinder und Jugendliche
22521;Statistik der Adoptionen;JAHR;Jahr;2017;DLAND;Bundesländer;11;Berlin;NAT;Nationalität;NATA;Ausländer;UBGAD1;Art der Unterbringung vor der Adoption;FAM-PFLEGE-01;Pflegefamilie;3;Anzahl;AKJ001;Adoptierte Kinder und Jugendliche
22521;Statistik der Adoptionen;JAHR;Jahr;2017;DLAND;Bundesländer;15;Sachsen-Anhalt;NAT;Nationalität;;Insgesamt;UBGAD1;Art der Unterbringung vor der Adoption;HEIM-01;Heim;3;Anzahl;AKJ001;Adoptierte Kinder und Jugendliche
22521;Statistik der Adoptionen;JAHR;Jahr;2017;DLAND;Bundesländer;12;Brandenburg;NAT;Nationalität;;Insgesamt;UBGAD1;Art der Unterbringung vor der Adoption;ELTERN-03;Alleinerziehender leiblicher Elternteil;0;Anzahl;AKJ001;Adoptierte Kinder und Jugendliche
22521;Statistik der Adoptionen;JAHR;Jahr;2017;DLAND;Bundesländer;03;Niedersachsen;NAT;Nationalität;;Insgesamt;UBGAD1;Art der Unterbringung vor der Adoption;UNBEKANNT;unbekannt;0;Anzahl;AKJ001;Adoptierte Kinder und Jugendliche
22521;Statistik der Adoptionen;JAHR;Jahr;2017;DLAND;Bundesländer;09;Bayern;NAT;Nationalität;NATA;Ausländer;UBGAD1;Art der Unterbringung vor der Adoption;VERWANDT-SONST;Sonstige Verwandte;-;Anzahl;AKJ001;Adoptierte Kinder und Jugendliche
22521;Statistik der Adoptionen;JAHR;Jahr;2017;DLAND;Bundesländer;08;Baden-Württemberg;NAT;Nationalität;NATA;Ausländer;UBGAD1;Art der Unterbringung vor der Adoption;ELTERN-06;Adoptivelternteil m.Partner, nur b.Sukzessivadopt.;4;Anzahl;AKJ001;Adoptierte Kinder und Jugendliche
22521;Statistik der Adoptionen;JAHR;Jahr;2017;DLAND;Bundesländer;16;Thüringen;NAT;Nationalität;NATA;Ausländer;UBGAD1;Art der Unterbringung vor der Adoption;ELTERN-04;Leibliche Eltern;0;Anzahl;AKJ001;Adoptierte Kinder und Jugendliche
22521;Statistik der Adoptionen;JAHR;Jahr;2017;DLAND;Bundesländer;15;Sachsen-Anhalt;NAT;Nationalität;NATD;Deutsche;UBGAD1;Art der Unterbringung vor der Adoption;ELTERN-06;Adoptivelternteil m.Partner, nur b.Sukzessivadopt.;1;Anzahl;AKJ001;Adoptierte Kinder und Jugendliche
22521;Statistik der Adoptionen;JAHR;Jahr;2017;DLAND;Bundesländer;05;Nordrhein-Westfalen;NAT;Nationalität;NATD;Deutsche;UBGAD1;Art der Unterbringung vor der Adoption;HEIM-01;Heim;4;Anzahl;AKJ001;Adoptierte Kinder und Jugendliche
22521;Statistik der Adoptionen;JAHR;Jahr;2017;DLAND;Bundesländer;07;Rheinland-Pfalz;NAT;Nationalität;NATA;Ausländer;UBGAD1;Art der Unterbringung vor der Adoption;ELTERN-05;Leiblicher Elternteil m.Stiefelternteil od.Partner;3;Anzahl;AKJ001;Adoptierte Kinder und Jugendliche
22521;Statistik der Adoptionen;JAHR;Jahr;2017;DLAND;Bundesländer;14;Sachsen;NAT;Nationalität;NATA;Ausländer;UBGAD1;Art der Unterbringung vor der Adoption;ELTERN-05;Leiblicher Elternteil m.Stiefelternteil od.Partner;7;Anzahl;AKJ001;Adoptierte Kinder und Jugendliche
22521;Statistik der Adoptionen;JAHR;Jahr;2017;DLAND;Bundesländer;15;Sachsen-Anhalt;NAT;Nationalität;NATA;Ausländer;UBGAD1;Art der Unterbringung vor der Adoption;GR-ELTERN-02;Großeltern und sonstige Verwandte;0;Anzahl;AKJ001;Adoptierte Kinder und Jugendliche
22521;Statistik der Adoptionen;JAHR;Jahr;2017;DLAND;Bundesländer;03;Niedersachsen;NAT;Nationalität;;Insgesamt;UBGAD1;Art der Unterbringung vor der Adoption;GR-ELTERN-01;Großeltern;-;Anzahl;AKJ001;Adoptierte Kinder und Jugendliche
22521;Statistik der Adoptionen;JAHR;Jahr;2017;DLAND;Bundesländer;02;Hamburg;NAT;Nationalität;NATA;Ausländer;UBGAD1;Art der Unterbringung vor der Adoption;GR-ELTERN-02;Großeltern und sonstige Verwandte;0;Anzahl;AKJ001;Adoptierte Kinder und Jugendliche
22521;Statistik der Adoptionen;JAHR;Jahr;2017;DLAND;Bundesländer;05;Nordrhein-Westfalen;NAT;Nationalität;NATA;Ausländer;UBGAD1;Art der Unterbringung vor der Adoption;HEIM-01;Heim;7;Anzahl;AKJ001;Adoptierte Kinder und Jugendliche
22521;Statistik der Adoptionen;JAHR;Jahr;2017;DLAND;Bundesländer;09;Bayern;NAT;Nationalität;NATD;Deutsche;UBGAD1;Art der Unterbringung vor der Adoption;ELTERN-06;Adoptivelternteil m.Partner, nur b.Sukzessivadopt.;9;Anzahl;AKJ001;Adoptierte Kinder und Jugendliche
22521;Statistik der Adoptionen;JAHR;Jahr;2017;DLAND;Bundesländer;01;Schleswig-Holstein;NAT;Nationalität;NATD;Deutsche;UBGAD1;Art der Unterbringung vor der Adoption;KKH-01;Krankenhaus (nach der Geburt);13;Anzahl;AKJ001;Adoptierte Kinder und Jugendliche
22521;Statistik der Adoptionen;JAHR;Jahr;2017;DLAND;Bundesländer;04;Bremen;NAT;Nationalität;NATA;Ausländer;UBGAD1;Art der Unterbringung vor der Adoption;GR-ELTERN-02;Großeltern und sonstige Verwandte;0;Anzahl;AKJ001;Adoptierte Kinder und Jugendliche
22521;Statistik der Adoptionen;JAHR;Jahr;2017;DLAND;Bundesländer;16;Thüringen;NAT;Nationalität;;Insgesamt;UBGAD1;Art der Unterbringung vor der Adoption;UNBEKANNT;unbekannt;0;Anzahl;AKJ001;Adoptierte Kinder und Jugendliche
22521;Statistik der Adoptionen;JAHR;Jahr;2017;DLAND;Bundesländer;05;Nordrhein-Westfalen;NAT;Nationalität;NATD;Deutsche;UBGAD1;Art der Unterbringung vor der Adoption;KKH-01;Krankenhaus (nach der Geburt);125;Anzahl;AKJ001;Adoptierte Kinder und Jugendliche
22521;Statistik der Adoptionen;JAHR;Jahr;2017;DLAND;Bundesländer;16;Thüringen;NAT;Nationalität;NATA;Ausländer;UBGAD1;Art der Unterbringung vor der Adoption;VERWANDT-SONST;Sonstige Verwandte;-;Anzahl;AKJ001;Adoptierte Kinder und Jugendliche
22521;Statistik der Adoptionen;JAHR;Jahr;2017;DLAND;Bundesländer;16;Thüringen;NAT;Nationalität;NATD;Deutsche;UBGAD1;Art der Unterbringung vor der Adoption;GR-ELTERN-01;Großeltern;-;Anzahl;AKJ001;Adoptierte Kinder und Jugendliche
22521;Statistik der Adoptionen;JAHR;Jahr;2017;DLAND;Bundesländer;14;Sachsen;NAT;Nationalität;;Insgesamt;UBGAD1;Art der Unterbringung vor der Adoption;UNBEKANNT;unbekannt;0;Anzahl;AKJ001;Adoptierte Kinder und Jugendliche
22521;Statistik der Adoptionen;JAHR;Jahr;2017;DLAND;Bundesländer;11;Berlin;NAT;Nationalität;NATA;Ausländer;UBGAD1;Art der Unterbringung vor der Adoption;HEIM-01;Heim;2;Anzahl;AKJ001;Adoptierte Kinder und Jugendliche
22521;Statistik der Adoptionen;JAHR;Jahr;2017;DLAND;Bundesländer;06;Hessen;NAT;Nationalität;;Insgesamt;UBGAD1;Art der Unterbringung vor der Adoption;ELTERN-05;Leiblicher Elternteil m.Stiefelternteil od.Partner;170;Anzahl;AKJ001;Adoptierte Kinder und Jugendliche
22521;Statistik der Adoptionen;JAHR;Jahr;2017;DLAND;Bundesländer;08;Baden-Württemberg;NAT;Nationalität;;Insgesamt;UBGAD1;Art der Unterbringung vor der Adoption;HEIM-01;Heim;47;Anzahl;AKJ001;Adoptierte Kinder und Jugendliche
22521;Statistik der Adoptionen;JAHR;Jahr;2017;DLAND;Bundesländer;02;Hamburg;NAT;Nationalität;NATA;Ausländer;UBGAD1;Art der Unterbringung vor der Adoption;VERWANDT-SONST;Sonstige Verwandte;-;Anzahl;AKJ001;Adoptierte Kinder und Jugendliche
22521;Statistik der Adoptionen;JAHR;Jahr;2017;DLAND;Bundesländer;14;Sachsen;NAT;Nationalität;;Insgesamt;UBGAD1;Art der Unterbringung vor der Adoption;GR-ELTERN-02;Großeltern und sonstige Verwandte;1;Anzahl;AKJ001;Adoptierte Kinder und Jugendliche
22521;Statistik der Adoptionen;JAHR;Jahr;2017;DLAND;Bundesländer;16;Thüringen;NAT;Nationalität;NATD;Deutsche;UBGAD1;Art der Unterbringung vor der Adoption;FAM-PFLEGE-01;Pflegefamilie;29;Anzahl;AKJ001;Adoptierte Kinder und Jugendliche
22521;Statistik der Adoptionen;JAHR;Jahr;2017;DLAND;Bundesländer;09;Bayern;NAT;Nationalität;NATA;Ausländer;UBGAD1;Art der Unterbringung vor der Adoption;ELTERN-04;Leibliche Eltern;2;Anzahl;AKJ001;Adoptierte Kinder und Jugendliche
22521;Statistik der Adoptionen;JAHR;Jahr;2017;DLAND;Bundesländer;15;Sachsen-Anhalt;NAT;Nationalität;NATD;Deutsche;UBGAD1;Art der Unterbringung vor der Adoption;HEIM-01;Heim;3;Anzahl;AKJ001;Adoptierte Kinder und Jugendliche
22521;Statistik der Adoptionen;JAHR;Jahr;2017;DLAND;Bundesländer;15;Sachsen-Anhalt;NAT;Nationalität;NATA;Ausländer;UBGAD1;Art der Unterbringung vor der Adoption;ELTERN-05;Leiblicher Elternteil m.Stiefelternteil od.Partner;0;Anzahl;AKJ001;Adoptierte Kinder und Jugendliche
22521;Statistik der Adoptionen;JAHR;Jahr;2017;DLAND;Bundesländer;08;Baden-Württemberg;NAT;Nationalität;;Insgesamt;UBGAD1;Art der Unterbringung vor der Adoption;ELTERN-05;Leiblicher Elternteil m.Stiefelternteil od.Partner;302;Anzahl;AKJ001;Adoptierte Kinder und Jugendliche
22521;Statistik der Adoptionen;JAHR;Jahr;2017;DLAND;Bundesländer;12;Brandenburg;NAT;Nationalität;;Insgesamt;UBGAD1;Art der Unterbringung vor der Adoption;ELTERN-05;Leiblicher Elternteil m.Stiefelternteil od.Partner;50;Anzahl;AKJ001;Adoptierte Kinder und Jugendliche
22521;Statistik der Adoptionen;JAHR;Jahr;2017;DLAND;Bundesländer;10;Saarland;NAT;Nationalität;NATA;Ausländer;UBGAD1;Art der Unterbringung vor der Adoption;ELTERN-06;Adoptivelternteil m.Partner, nur b.Sukzessivadopt.;0;Anzahl;AKJ001;Adoptierte Kinder und Jugendliche
22521;Statistik der Adoptionen;JAHR;Jahr;2017;DLAND;Bundesländer;12;Brandenburg;NAT;Nationalität;NATD;Deutsche;UBGAD1;Art der Unterbringung vor der Adoption;KKH-01;Krankenhaus (nach der Geburt);29;Anzahl;AKJ001;Adoptierte Kinder und Jugendliche
22521;Statistik der Adoptionen;JAHR;Jahr;2017;DLAND;Bundesländer;16;Thüringen;NAT;Nationalität;NATD;Deutsche;UBGAD1;Art der Unterbringung vor der Adoption;KKH-01;Krankenhaus (nach der Geburt);27;Anzahl;AKJ001;Adoptierte Kinder und Jugendliche
22521;Statistik der Adoptionen;JAHR;Jahr;2017;DLAND;Bundesländer;06;Hessen;NAT;Nationalität;NATA;Ausländer;UBGAD1;Art der Unterbringung vor der Adoption;ELTERN-05;Leiblicher Elternteil m.Stiefelternteil od.Partner;17;Anzahl;AKJ001;Adoptierte Kinder und Jugendliche
22521;Statistik der Adoptionen;JAHR;Jahr;2017;DLAND;Bundesländer;14;Sachsen;NAT;Nationalität;NATD;Deutsche;UBGAD1;Art der Unterbringung vor der Adoption;ELTERN-06;Adoptivelternteil m.Partner, nur b.Sukzessivadopt.;6;Anzahl;AKJ001;Adoptierte Kinder und Jugendliche
22521;Statistik der Adoptionen;JAHR;Jahr;2017;DLAND;Bundesländer;10;Saarland;NAT;Nationalität;;Insgesamt;UBGAD1;Art der Unterbringung vor der Adoption;ELTERN-05;Leiblicher Elternteil m.Stiefelternteil od.Partner;19;Anzahl;AKJ001;Adoptierte Kinder und Jugendliche
22521;Statistik der Adoptionen;JAHR;Jahr;2017;DLAND;Bundesländer;10;Saarland;NAT;Nationalität;NATD;Deutsche;UBGAD1;Art der Unterbringung vor der Adoption;HEIM-01;Heim;0;Anzahl;AKJ001;Adoptierte Kinder und Jugendliche
22521;Statistik der Adoptionen;JAHR;Jahr;2017;DLAND;Bundesländer;09;Bayern;NAT;Nationalität;NATA;Ausländer;UBGAD1;Art der Unterbringung vor der Adoption;ELTERN-03;Alleinerziehender leiblicher Elternteil;0;Anzahl;AKJ001;Adoptierte Kinder und Jugendliche
22521;Statistik der Adoptionen;JAHR;Jahr;2017;DLAND;Bundesländer;06;Hessen;NAT;Nationalität;;Insgesamt;UBGAD1;Art der Unterbringung vor der Adoption;FAM-PFLEGE-01;Pflegefamilie;36;Anzahl;AKJ001;Adoptierte Kinder und Jugendliche
22521;Statistik der Adoptionen;JAHR;Jahr;2017;DLAND;Bundesländer;16;Thüringen;NAT;Nationalität;NATA;Ausländer;UBGAD1;Art der Unterbringung vor der Adoption;ELTERN-05;Leiblicher Elternteil m.Stiefelternteil od.Partner;2;Anzahl;AKJ001;Adoptierte Kinder und Jugendliche
22521;Statistik der Adoptionen;JAHR;Jahr;2017;DLAND;Bundesländer;11;Berlin;NAT;Nationalität;;Insgesamt;UBGAD1;Art der Unterbringung vor der Adoption;GR-ELTERN-01;Großeltern;-;Anzahl;AKJ001;Adoptierte Kinder und Jugendliche
22521;Statistik der Adoptionen;JAHR;Jahr;2017;DLAND;Bundesländer;11;Berlin;NAT;Nationalität;NATA;Ausländer;UBGAD1;Art der Unterbringung vor der Adoption;ELTERN-06;Adoptivelternteil m.Partner, nur b.Sukzessivadopt.;0;Anzahl;AKJ001;Adoptierte Kinder und Jugendliche
22521;Statistik der Adoptionen;JAHR;Jahr;2017;DLAND;Bundesländer;14;Sachsen;NAT;Nationalität;NATD;Deutsche;UBGAD1;Art der Unterbringung vor der Adoption;GR-ELTERN-02;Großeltern und sonstige Verwandte;1;Anzahl;AKJ001;Adoptierte Kinder und Jugendliche
22521;Statistik der Adoptionen;JAHR;Jahr;2017;DLAND;Bundesländer;07;Rheinland-Pfalz;NAT;Nationalität;NATD;Deutsche;UBGAD1;Art der Unterbringung vor der Adoption;FAM-PFLEGE-01;Pflegefamilie;10;Anzahl;AKJ001;Adoptierte Kinder und Jugendliche
22521;Statistik der Adoptionen;JAHR;Jahr;2017;DLAND;Bundesländer;13;Mecklenburg-Vorpommern;NAT;Nationalität;NATD;Deutsche;UBGAD1;Art der Unterbringung vor der Adoption;ELTERN-06;Adoptivelternteil m.Partner, nur b.Sukzessivadopt.;0;Anzahl;AKJ001;Adoptierte Kinder und Jugendliche
22521;Statistik der Adoptionen;JAHR;Jahr;2017;DLAND;Bundesländer;14;Sachsen;NAT;Nationalität;NATA;Ausländer;UBGAD1;Art der Unterbringung vor der Adoption;ELTERN-04;Leibliche Eltern;1;Anzahl;AKJ001;Adoptierte Kinder und Jugendliche
22521;Statistik der Adoptionen;JAHR;Jahr;2017;DLAND;Bundesländer;16;Thüringen;NAT;Nationalität;;Insgesamt;UBGAD1;Art der Unterbringung vor der Adoption;KKH-01;Krankenhaus (nach der Geburt);27;Anzahl;AKJ001;Adoptierte Kinder und Jugendliche
22521;Statistik der Adoptionen;JAHR;Jahr;2017;DLAND;Bundesländer;01;Schleswig-Holstein;NAT;Nationalität;NATD;Deutsche;UBGAD1;Art der Unterbringung vor der Adoption;VERWANDT-SONST;Sonstige Verwandte;-;Anzahl;AKJ001;Adoptierte Kinder und Jugendliche
22521;Statistik der Adoptionen;JAHR;Jahr;2017;DLAND;Bundesländer;02;Hamburg;NAT;Nationalität;NATA;Ausländer;UBGAD1;Art der Unterbringung vor der Adoption;KKH-01;Krankenhaus (nach der Geburt);2;Anzahl;AKJ001;Adoptierte Kinder und Jugendliche
22521;Statistik der Adoptionen;JAHR;Jahr;2017;DLAND;Bundesländer;15;Sachsen-Anhalt;NAT;Nationalität;NATA;Ausländer;UBGAD1;Art der Unterbringung vor der Adoption;GR-ELTERN-01;Großeltern;-;Anzahl;AKJ001;Adoptierte Kinder und Jugendliche
22521;Statistik der Adoptionen;JAHR;Jahr;2017;DLAND;Bundesländer;09;Bayern;NAT;Nationalität;NATD;Deutsche;UBGAD1;Art der Unterbringung vor der Adoption;KKH-01;Krankenhaus (nach der Geburt);49;Anzahl;AKJ001;Adoptierte Kinder und Jugendliche
22521;Statistik der Adoptionen;JAHR;Jahr;2017;DLAND;Bundesländer;09;Bayern;NAT;Nationalität;NATD;Deutsche;UBGAD1;Art der Unterbringung vor der Adoption;ELTERN-05;Leiblicher Elternteil m.Stiefelternteil od.Partner;367;Anzahl;AKJ001;Adoptierte Kinder und Jugendliche
22521;Statistik der Adoptionen;JAHR;Jahr;2017;DLAND;Bundesländer;05;Nordrhein-Westfalen;NAT;Nationalität;NATA;Ausländer;UBGAD1;Art der Unterbringung vor der Adoption;ELTERN-05;Leiblicher Elternteil m.Stiefelternteil od.Partner;30;Anzahl;AKJ001;Adoptierte Kinder und Jugendliche
22521;Statistik der Adoptionen;JAHR;Jahr;2017;DLAND;Bundesländer;04;Bremen;NAT;Nationalität;;Insgesamt;UBGAD1;Art der Unterbringung vor der Adoption;ELTERN-06;Adoptivelternteil m.Partner, nur b.Sukzessivadopt.;3;Anzahl;AKJ001;Adoptierte Kinder und Jugendliche
22521;Statistik der Adoptionen;JAHR;Jahr;2017;DLAND;Bundesländer;16;Thüringen;NAT;Nationalität;NATD;Deutsche;UBGAD1;Art der Unterbringung vor der Adoption;ELTERN-04;Leibliche Eltern;5;Anzahl;AKJ001;Adoptierte Kinder und Jugendliche
22521;Statistik der Adoptionen;JAHR;Jahr;2017;DLAND;Bundesländer;08;Baden-Württemberg;NAT;Nationalität;NATA;Ausländer;UBGAD1;Art der Unterbringung vor der Adoption;ELTERN-03;Alleinerziehender leiblicher Elternteil;0;Anzahl;AKJ001;Adoptierte Kinder und Jugendliche
22521;Statistik der Adoptionen;JAHR;Jahr;2017;DLAND;Bundesländer;07;Rheinland-Pfalz;NAT;Nationalität;NATA;Ausländer;UBGAD1;Art der Unterbringung vor der Adoption;VERWANDT-SONST;Sonstige Verwandte;-;Anzahl;AKJ001;Adoptierte Kinder und Jugendliche
22521;Statistik der Adoptionen;JAHR;Jahr;2017;DLAND;Bundesländer;03;Niedersachsen;NAT;Nationalität;NATA;Ausländer;UBGAD1;Art der Unterbringung vor der Adoption;ELTERN-06;Adoptivelternteil m.Partner, nur b.Sukzessivadopt.;0;Anzahl;AKJ001;Adoptierte Kinder und Jugendliche
22521;Statistik der Adoptionen;JAHR;Jahr;2017;DLAND;Bundesländer;15;Sachsen-Anhalt;NAT;Nationalität;NATA;Ausländer;UBGAD1;Art der Unterbringung vor der Adoption;ELTERN-06;Adoptivelternteil m.Partner, nur b.Sukzessivadopt.;0;Anzahl;AKJ001;Adoptierte Kinder und Jugendliche
22521;Statistik der Adoptionen;JAHR;Jahr;2017;DLAND;Bundesländer;08;Baden-Württemberg;NAT;Nationalität;;Insgesamt;UBGAD1;Art der Unterbringung vor der Adoption;ELTERN-06;Adoptivelternteil m.Partner, nur b.Sukzessivadopt.;31;Anzahl;AKJ001;Adoptierte Kinder und Jugendliche
22521;Statistik der Adoptionen;JAHR;Jahr;2017;DLAND;Bundesländer;07;Rheinland-Pfalz;NAT;Nationalität;;Insgesamt;UBGAD1;Art der Unterbringung vor der Adoption;HEIM-01;Heim;40;Anzahl;AKJ001;Adoptierte Kinder und Jugendliche
22521;Statistik der Adoptionen;JAHR;Jahr;2017;DLAND;Bundesländer;12;Brandenburg;NAT;Nationalität;;Insgesamt;UBGAD1;Art der Unterbringung vor der Adoption;ELTERN-06;Adoptivelternteil m.Partner, nur b.Sukzessivadopt.;3;Anzahl;AKJ001;Adoptierte Kinder und Jugendliche
22521;Statistik der Adoptionen;JAHR;Jahr;2017;DLAND;Bundesländer;06;Hessen;NAT;Nationalität;NATA;Ausländer;UBGAD1;Art der Unterbringung vor der Adoption;ELTERN-04;Leibliche Eltern;2;Anzahl;AKJ001;Adoptierte Kinder und Jugendliche
22521;Statistik der Adoptionen;JAHR;Jahr;2017;DLAND;Bundesländer;14;Sachsen;NAT;Nationalität;NATD;Deutsche;UBGAD1;Art der Unterbringung vor der Adoption;ELTERN-05;Leiblicher Elternteil m.Stiefelternteil od.Partner;111;Anzahl;AKJ001;Adoptierte Kinder und Jugendliche
22521;Statistik der Adoptionen;JAHR;Jahr;2017;DLAND;Bundesländer;13;Mecklenburg-Vorpommern;NAT;Nationalität;NATA;Ausländer;UBGAD1;Art der Unterbringung vor der Adoption;ELTERN-04;Leibliche Eltern;0;Anzahl;AKJ001;Adoptierte Kinder und Jugendliche
22521;Statistik der Adoptionen;JAHR;Jahr;2017;DLAND;Bundesländer;13;Mecklenburg-Vorpommern;NAT;Nationalität;NATA;Ausländer;UBGAD1;Art der Unterbringung vor der Adoption;GR-ELTERN-02;Großeltern und sonstige Verwandte;0;Anzahl;AKJ001;Adoptierte Kinder und Jugendliche
22521;Statistik der Adoptionen;JAHR;Jahr;2017;DLAND;Bundesländer;08;Baden-Württemberg;NAT;Nationalität;NATD;Deutsche;UBGAD1;Art der Unterbringung vor der Adoption;ELTERN-06;Adoptivelternteil m.Partner, nur b.Sukzessivadopt.;27;Anzahl;AKJ001;Adoptierte Kinder und Jugendliche
22521;Statistik der Adoptionen;JAHR;Jahr;2017;DLAND;Bundesländer;09;Bayern;NAT;Nationalität;NATD;Deutsche;UBGAD1;Art der Unterbringung vor der Adoption;HEIM-01;Heim;2;Anzahl;AKJ001;Adoptierte Kinder und Jugendliche
22521;Statistik der Adoptionen;JAHR;Jahr;2017;DLAND;Bundesländer;05;Nordrhein-Westfalen;NAT;Nationalität;NATD;Deutsche;UBGAD1;Art der Unterbringung vor der Adoption;FAM-PFLEGE-01;Pflegefamilie;100;Anzahl;AKJ001;Adoptierte Kinder und Jugendliche
22521;Statistik der Adoptionen;JAHR;Jahr;2017;DLAND;Bundesländer;11;Berlin;NAT;Nationalität;NATA;Ausländer;UBGAD1;Art der Unterbringung vor der Adoption;ELTERN-05;Leiblicher Elternteil m.Stiefelternteil od.Partner;13;Anzahl;AKJ001;Adoptierte Kinder und Jugendliche
22521;Statistik der Adoptionen;JAHR;Jahr;2017;DLAND;Bundesländer;14;Sachsen;NAT;Nationalität;NATA;Ausländer;UBGAD1;Art der Unterbringung vor der Adoption;ELTERN-03;Alleinerziehender leiblicher Elternteil;0;Anzahl;AKJ001;Adoptierte Kinder und Jugendliche
22521;Statistik der Adoptionen;JAHR;Jahr;2017;DLAND;Bundesländer;07;Rheinland-Pfalz;NAT;Nationalität;;Insgesamt;UBGAD1;Art der Unterbringung vor der Adoption;KKH-01;Krankenhaus (nach der Geburt);21;Anzahl;AKJ001;Adoptierte Kinder und Jugendliche
22521;Statistik der Adoptionen;JAHR;Jahr;2017;DLAND;Bundesländer;04;Bremen;NAT;Nationalität;;Insgesamt;UBGAD1;Art der Unterbringung vor der Adoption;KKH-01;Krankenhaus (nach der Geburt);0;Anzahl;AKJ001;Adoptierte Kinder und Jugendliche
22521;Statistik der Adoptionen;JAHR;Jahr;2017;DLAND;Bundesländer;09;Bayern;NAT;Nationalität;NATD;Deutsche;UBGAD1;Art der Unterbringung vor der Adoption;ELTERN-04;Leibliche Eltern;8;Anzahl;AKJ001;Adoptierte Kinder und Jugendliche
22521;Statistik der Adoptionen;JAHR;Jahr;2017;DLAND;Bundesländer;14;Sachsen;NAT;Nationalität;NATD;Deutsche;UBGAD1;Art der Unterbringung vor der Adoption;HEIM-01;Heim;10;Anzahl;AKJ001;Adoptierte Kinder und Jugendliche
22521;Statistik der Adoptionen;JAHR;Jahr;2017;DLAND;Bundesländer;08;Baden-Württemberg;NAT;Nationalität;NATD;Deutsche;UBGAD1;Art der Unterbringung vor der Adoption;VERWANDT-SONST;Sonstige Verwandte;-;Anzahl;AKJ001;Adoptierte Kinder und Jugendliche
22521;Statistik der Adoptionen;JAHR;Jahr;2017;DLAND;Bundesländer;11;Berlin;NAT;Nationalität;NATD;Deutsche;UBGAD1;Art der Unterbringung vor der Adoption;ELTERN-06;Adoptivelternteil m.Partner, nur b.Sukzessivadopt.;0;Anzahl;AKJ001;Adoptierte Kinder und Jugendliche
22521;Statistik der Adoptionen;JAHR;Jahr;2017;DLAND;Bundesländer;05;Nordrhein-Westfalen;NAT;Nationalität;NATA;Ausländer;UBGAD1;Art der Unterbringung vor der Adoption;ELTERN-06;Adoptivelternteil m.Partner, nur b.Sukzessivadopt.;0;Anzahl;AKJ001;Adoptierte Kinder und Jugendliche
22521;Statistik der Adoptionen;JAHR;Jahr;2017;DLAND;Bundesländer;11;Berlin;NAT;Nationalität;NATD;Deutsche;UBGAD1;Art der Unterbringung vor der Adoption;FAM-PFLEGE-01;Pflegefamilie;14;Anzahl;AKJ001;Adoptierte Kinder und Jugendliche
22521;Statistik der Adoptionen;JAHR;Jahr;2017;DLAND;Bundesländer;16;Thüringen;NAT;Nationalität;NATD;Deutsche;UBGAD1;Art der Unterbringung vor der Adoption;ELTERN-05;Leiblicher Elternteil m.Stiefelternteil od.Partner;54;Anzahl;AKJ001;Adoptierte Kinder und Jugendliche
22521;Statistik der Adoptionen;JAHR;Jahr;2017;DLAND;Bundesländer;08;Baden-Württemberg;NAT;Nationalität;NATA;Ausländer;UBGAD1;Art der Unterbringung vor der Adoption;ELTERN-04;Leibliche Eltern;2;Anzahl;AKJ001;Adoptierte Kinder und Jugendliche
22521;Statistik der Adoptionen;JAHR;Jahr;2017;DLAND;Bundesländer;14;Sachsen;NAT;Nationalität;NATD;Deutsche;UBGAD1;Art der Unterbringung vor der Adoption;ELTERN-04;Leibliche Eltern;0;Anzahl;AKJ001;Adoptierte Kinder und Jugendliche
22521;Statistik der Adoptionen;JAHR;Jahr;2017;DLAND;Bundesländer;04;Bremen;NAT;Nationalität;;Insgesamt;UBGAD1;Art der Unterbringung vor der Adoption;FAM-PFLEGE-01;Pflegefamilie;0;Anzahl;AKJ001;Adoptierte Kinder und Jugendliche
22521;Statistik der Adoptionen;JAHR;Jahr;2017;DLAND;Bundesländer;03;Niedersachsen;NAT;Nationalität;NATA;Ausländer;UBGAD1;Art der Unterbringung vor der Adoption;ELTERN-05;Leiblicher Elternteil m.Stiefelternteil od.Partner;19;Anzahl;AKJ001;Adoptierte Kinder und Jugendliche
22521;Statistik der Adoptionen;JAHR;Jahr;2017;DLAND;Bundesländer;11;Berlin;NAT;Nationalität;;Insgesamt;UBGAD1;Art der Unterbringung vor der Adoption;FAM-PFLEGE-01;Pflegefamilie;17;Anzahl;AKJ001;Adoptierte Kinder und Jugendliche
22521;Statistik der Adoptionen;JAHR;Jahr;2017;DLAND;Bundesländer;06;Hessen;NAT;Nationalität;NATA;Ausländer;UBGAD1;Art der Unterbringung vor der Adoption;ELTERN-03;Alleinerziehender leiblicher Elternteil;3;Anzahl;AKJ001;Adoptierte Kinder und Jugendliche
22521;Statistik der Adoptionen;JAHR;Jahr;2017;DLAND;Bundesländer;12;Brandenburg;NAT;Nationalität;;Insgesamt;UBGAD1;Art der Unterbringung vor der Adoption;KKH-01;Krankenhaus (nach der Geburt);29;Anzahl;AKJ001;Adoptierte Kinder und Jugendliche
22521;Statistik der Adoptionen;JAHR;Jahr;2017;DLAND;Bundesländer;15;Sachsen-Anhalt;NAT;Nationalität;NATD;Deutsche;UBGAD1;Art der Unterbringung vor der Adoption;KKH-01;Krankenhaus (nach der Geburt);32;Anzahl;AKJ001;Adoptierte Kinder und Jugendliche
22521;Statistik der Adoptionen;JAHR;Jahr;2017;DLAND;Bundesländer;13;Mecklenburg-Vorpommern;NAT;Nationalität;NATA;Ausländer;UBGAD1;Art der Unterbringung vor der Adoption;ELTERN-05;Leiblicher Elternteil m.Stiefelternteil od.Partner;0;Anzahl;AKJ001;Adoptierte Kinder und Jugendliche
22521;Statistik der Adoptionen;JAHR;Jahr;2017;DLAND;Bundesländer;01;Schleswig-Holstein;NAT;Nationalität;NATA;Ausländer;UBGAD1;Art der Unterbringung vor der Adoption;HEIM-01;Heim;3;Anzahl;AKJ001;Adoptierte Kinder und Jugendliche
22521;Statistik der Adoptionen;JAHR;Jahr;2017;DLAND;Bundesländer;04;Bremen;NAT;Nationalität;NATD;Deutsche;UBGAD1;Art der Unterbringung vor der Adoption;VERWANDT-SONST;Sonstige Verwandte;-;Anzahl;AKJ001;Adoptierte Kinder und Jugendliche
22521;Statistik der Adoptionen;JAHR;Jahr;2017;DLAND;Bundesländer;16;Thüringen;NAT;Nationalität;NATA;Ausländer;UBGAD1;Art der Unterbringung vor der Adoption;ELTERN-03;Alleinerziehender leiblicher Elternteil;0;Anzahl;AKJ001;Adoptierte Kinder und Jugendliche
22521;Statistik der Adoptionen;JAHR;Jahr;2017;DLAND;Bundesländer;15;Sachsen-Anhalt;NAT;Nationalität;;Insgesamt;UBGAD1;Art der Unterbringung vor der Adoption;ELTERN-06;Adoptivelternteil m.Partner, nur b.Sukzessivadopt.;1;Anzahl;AKJ001;Adoptierte Kinder und Jugendliche
22521;Statistik der Adoptionen;JAHR;Jahr;2017;DLAND;Bundesländer;11;Berlin;NAT;Nationalität;;Insgesamt;UBGAD1;Art der Unterbringung vor der Adoption;VERWANDT-SONST;Sonstige Verwandte;-;Anzahl;AKJ001;Adoptierte Kinder und Jugendliche
22521;Statistik der Adoptionen;JAHR;Jahr;2017;DLAND;Bundesländer;08;Baden-Württemberg;NAT;Nationalität;NATA;Ausländer;UBGAD1;Art der Unterbringung vor der Adoption;ELTERN-05;Leiblicher Elternteil m.Stiefelternteil od.Partner;33;Anzahl;AKJ001;Adoptierte Kinder und Jugendliche
22521;Statistik der Adoptionen;JAHR;Jahr;2017;DLAND;Bundesländer;10;Saarland;NAT;Nationalität;NATD;Deutsche;UBGAD1;Art der Unterbringung vor der Adoption;VERWANDT-SONST;Sonstige Verwandte;-;Anzahl;AKJ001;Adoptierte Kinder und Jugendliche
22521;Statistik der Adoptionen;JAHR;Jahr;2017;DLAND;Bundesländer;10;Saarland;NAT;Nationalität;NATA;Ausländer;UBGAD1;Art der Unterbringung vor der Adoption;HEIM-01;Heim;2;Anzahl;AKJ001;Adoptierte Kinder und Jugendliche
22521;Statistik der Adoptionen;JAHR;Jahr;2017;DLAND;Bundesländer;11;Berlin;NAT;Nationalität;NATD;Deutsche;UBGAD1;Art der Unterbringung vor der Adoption;HEIM-01;Heim;2;Anzahl;AKJ001;Adoptierte Kinder und Jugendliche
22521;Statistik der Adoptionen;JAHR;Jahr;2017;DLAND;Bundesländer;06;Hessen;NAT;Nationalität;NATD;Deutsche;UBGAD1;Art der Unterbringung vor der Adoption;ELTERN-06;Adoptivelternteil m.Partner, nur b.Sukzessivadopt.;7;Anzahl;AKJ001;Adoptierte Kinder und Jugendliche
22521;Statistik der Adoptionen;JAHR;Jahr;2017;DLAND;Bundesländer;11;Berlin;NAT;Nationalität;NATA;Ausländer;UBGAD1;Art der Unterbringung vor der Adoption;ELTERN-04;Leibliche Eltern;1;Anzahl;AKJ001;Adoptierte Kinder und Jugendliche
22521;Statistik der Adoptionen;JAHR;Jahr;2017;DLAND;Bundesländer;09;Bayern;NAT;Nationalität;NATD;Deutsche;UBGAD1;Art der Unterbringung vor der Adoption;ELTERN-03;Alleinerziehender leiblicher Elternteil;8;Anzahl;AKJ001;Adoptierte Kinder und Jugendliche
22521;Statistik der Adoptionen;JAHR;Jahr;2017;DLAND;Bundesländer;05;Nordrhein-Westfalen;NAT;Nationalität;NATA;Ausländer;UBGAD1;Art der Unterbringung vor der Adoption;VERWANDT-SONST;Sonstige Verwandte;-;Anzahl;AKJ001;Adoptierte Kinder und Jugendliche
22521;Statistik der Adoptionen;JAHR;Jahr;2017;DLAND;Bundesländer;09;Bayern;NAT;Nationalität;NATA;Ausländer;UBGAD1;Art der Unterbringung vor der Adoption;KKH-01;Krankenhaus (nach der Geburt);3;Anzahl;AKJ001;Adoptierte Kinder und Jugendliche
22521;Statistik der Adoptionen;JAHR;Jahr;2017;DLAND;Bundesländer;01;Schleswig-Holstein;NAT;Nationalität;;Insgesamt;UBGAD1;Art der Unterbringung vor der Adoption;VERWANDT-SONST;Sonstige Verwandte;-;Anzahl;AKJ001;Adoptierte Kinder und Jugendliche
22521;Statistik der Adoptionen;JAHR;Jahr;2017;DLAND;Bundesländer;12;Brandenburg;NAT;Nationalität;;Insgesamt;UBGAD1;Art der Unterbringung vor der Adoption;VERWANDT-SONST;Sonstige Verwandte;-;Anzahl;AKJ001;Adoptierte Kinder und Jugendliche
22521;Statistik der Adoptionen;JAHR;Jahr;2017;DLAND;Bundesländer;11;Berlin;NAT;Nationalität;NATD;Deutsche;UBGAD1;Art der Unterbringung vor der Adoption;ELTERN-05;Leiblicher Elternteil m.Stiefelternteil od.Partner;15;Anzahl;AKJ001;Adoptierte Kinder und Jugendliche
22521;Statistik der Adoptionen;JAHR;Jahr;2017;DLAND;Bundesländer;07;Rheinland-Pfalz;NAT;Nationalität;NATA;Ausländer;UBGAD1;Art der Unterbringung vor der Adoption;KKH-01;Krankenhaus (nach der Geburt);0;Anzahl;AKJ001;Adoptierte Kinder und Jugendliche
22521;Statistik der Adoptionen;JAHR;Jahr;2017;DLAND;Bundesländer;08;Baden-Württemberg;NAT;Nationalität;NATA;Ausländer;UBGAD1;Art der Unterbringung vor der Adoption;GR-ELTERN-01;Großeltern;-;Anzahl;AKJ001;Adoptierte Kinder und Jugendliche
22521;Statistik der Adoptionen;JAHR;Jahr;2017;DLAND;Bundesländer;14;Sachsen;NAT;Nationalität;NATA;Ausländer;UBGAD1;Art der Unterbringung vor der Adoption;UNBEKANNT;unbekannt;0;Anzahl;AKJ001;Adoptierte Kinder und Jugendliche
22521;Statistik der Adoptionen;JAHR;Jahr;2017;DLAND;Bundesländer;02;Hamburg;NAT;Nationalität;NATA;Ausländer;UBGAD1;Art der Unterbringung vor der Adoption;HEIM-01;Heim;6;Anzahl;AKJ001;Adoptierte Kinder und Jugendliche
22521;Statistik der Adoptionen;JAHR;Jahr;2017;DLAND;Bundesländer;03;Niedersachsen;NAT;Nationalität;NATA;Ausländer;UBGAD1;Art der Unterbringung vor der Adoption;ELTERN-04;Leibliche Eltern;0;Anzahl;AKJ001;Adoptierte Kinder und Jugendliche
22521;Statistik der Adoptionen;JAHR;Jahr;2017;DLAND;Bundesländer;16;Thüringen;NAT;Nationalität;;Insgesamt;UBGAD1;Art der Unterbringung vor der Adoption;GR-ELTERN-01;Großeltern;-;Anzahl;AKJ001;Adoptierte Kinder und Jugendliche
22521;Statistik der Adoptionen;JAHR;Jahr;2017;DLAND;Bundesländer;14;Sachsen;NAT;Nationalität;NATA;Ausländer;UBGAD1;Art der Unterbringung vor der Adoption;KKH-01;Krankenhaus (nach der Geburt);0;Anzahl;AKJ001;Adoptierte Kinder und Jugendliche
22521;Statistik der Adoptionen;JAHR;Jahr;2017;DLAND;Bundesländer;10;Saarland;NAT;Nationalität;NATA;Ausländer;UBGAD1;Art der Unterbringung vor der Adoption;ELTERN-03;Alleinerziehender leiblicher Elternteil;0;Anzahl;AKJ001;Adoptierte Kinder und Jugendliche
22521;Statistik der Adoptionen;JAHR;Jahr;2017;DLAND;Bundesländer;07;Rheinland-Pfalz;NAT;Nationalität;NATD;Deutsche;UBGAD1;Art der Unterbringung vor der Adoption;ELTERN-04;Leibliche Eltern;1;Anzahl;AKJ001;Adoptierte Kinder und Jugendliche
22521;Statistik der Adoptionen;JAHR;Jahr;2017;DLAND;Bundesländer;13;Mecklenburg-Vorpommern;NAT;Nationalität;NATA;Ausländer;UBGAD1;Art der Unterbringung vor der Adoption;VERWANDT-SONST;Sonstige Verwandte;-;Anzahl;AKJ001;Adoptierte Kinder und Jugendliche
22521;Statistik der Adoptionen;JAHR;Jahr;2017;DLAND;Bundesländer;07;Rheinland-Pfalz;NAT;Nationalität;NATA;Ausländer;UBGAD1;Art der Unterbringung vor der Adoption;GR-ELTERN-02;Großeltern und sonstige Verwandte;0;Anzahl;AKJ001;Adoptierte Kinder und Jugendliche
22521;Statistik der Adoptionen;JAHR;Jahr;2017;DLAND;Bundesländer;15;Sachsen-Anhalt;NAT;Nationalität;NATA;Ausländer;UBGAD1;Art der Unterbringung vor der Adoption;UNBEKANNT;unbekannt;0;Anzahl;AKJ001;Adoptierte Kinder und Jugendliche
22521;Statistik der Adoptionen;JAHR;Jahr;2017;DLAND;Bundesländer;01;Schleswig-Holstein;NAT;Nationalität;NATA;Ausländer;UBGAD1;Art der Unterbringung vor der Adoption;ELTERN-05;Leiblicher Elternteil m.Stiefelternteil od.Partner;4;Anzahl;AKJ001;Adoptierte Kinder und Jugendliche
22521;Statistik der Adoptionen;JAHR;Jahr;2017;DLAND;Bundesländer;10;Saarland;NAT;Nationalität;NATA;Ausländer;UBGAD1;Art der Unterbringung vor der Adoption;GR-ELTERN-02;Großeltern und sonstige Verwandte;1;Anzahl;AKJ001;Adoptierte Kinder und Jugendliche
22521;Statistik der Adoptionen;JAHR;Jahr;2017;DLAND;Bundesländer;11;Berlin;NAT;Nationalität;NATA;Ausländer;UBGAD1;Art der Unterbringung vor der Adoption;GR-ELTERN-02;Großeltern und sonstige Verwandte;0;Anzahl;AKJ001;Adoptierte Kinder und Jugendliche
22521;Statistik der Adoptionen;JAHR;Jahr;2017;DLAND;Bundesländer;05;Nordrhein-Westfalen;NAT;Nationalität;;Insgesamt;UBGAD1;Art der Unterbringung vor der Adoption;GR-ELTERN-01;Großeltern;-;Anzahl;AKJ001;Adoptierte Kinder und Jugendliche
22521;Statistik der Adoptionen;JAHR;Jahr;2017;DLAND;Bundesländer;08;Baden-Württemberg;NAT;Nationalität;NATD;Deutsche;UBGAD1;Art der Unterbringung vor der Adoption;ELTERN-04;Leibliche Eltern;5;Anzahl;AKJ001;Adoptierte Kinder und Jugendliche
22521;Statistik der Adoptionen;JAHR;Jahr;2017;DLAND;Bundesländer;12;Brandenburg;NAT;Nationalität;NATA;Ausländer;UBGAD1;Art der Unterbringung vor der Adoption;HEIM-01;Heim;1;Anzahl;AKJ001;Adoptierte Kinder und Jugendliche
22521;Statistik der Adoptionen;JAHR;Jahr;2017;DLAND;Bundesländer;09;Bayern;NAT;Nationalität;;Insgesamt;UBGAD1;Art der Unterbringung vor der Adoption;GR-ELTERN-01;Großeltern;-;Anzahl;AKJ001;Adoptierte Kinder und Jugendliche
22521;Statistik der Adoptionen;JAHR;Jahr;2017;DLAND;Bundesländer;04;Bremen;NAT;Nationalität;NATD;Deutsche;UBGAD1;Art der Unterbringung vor der Adoption;HEIM-01;Heim;1;Anzahl;AKJ001;Adoptierte Kinder und Jugendliche
22521;Statistik der Adoptionen;JAHR;Jahr;2017;DLAND;Bundesländer;09;Bayern;NAT;Nationalität;;Insgesamt;UBGAD1;Art der Unterbringung vor der Adoption;HEIM-01;Heim;25;Anzahl;AKJ001;Adoptierte Kinder und Jugendliche
22521;Statistik der Adoptionen;JAHR;Jahr;2017;DLAND;Bundesländer;12;Brandenburg;NAT;Nationalität;;Insgesamt;UBGAD1;Art der Unterbringung vor der Adoption;GR-ELTERN-02;Großeltern und sonstige Verwandte;0;Anzahl;AKJ001;Adoptierte Kinder und Jugendliche
22521;Statistik der Adoptionen;JAHR;Jahr;2017;DLAND;Bundesländer;09;Bayern;NAT;Nationalität;NATD;Deutsche;UBGAD1;Art der Unterbringung vor der Adoption;FAM-PFLEGE-01;Pflegefamilie;39;Anzahl;AKJ001;Adoptierte Kinder und Jugendliche
22521;Statistik der Adoptionen;JAHR;Jahr;2017;DLAND;Bundesländer;01;Schleswig-Holstein;NAT;Nationalität;;Insgesamt;UBGAD1;Art der Unterbringung vor der Adoption;KKH-01;Krankenhaus (nach der Geburt);15;Anzahl;AKJ001;Adoptierte Kinder und Jugendliche
22521;Statistik der Adoptionen;JAHR;Jahr;2017;DLAND;Bundesländer;03;Niedersachsen;NAT;Nationalität;NATA;Ausländer;UBGAD1;Art der Unterbringung vor der Adoption;KKH-01;Krankenhaus (nach der Geburt);2;Anzahl;AKJ001;Adoptierte Kinder und Jugendliche
22521;Statistik der Adoptionen;JAHR;Jahr;2017;DLAND;Bundesländer;02;Hamburg;NAT;Nationalität;NATA;Ausländer;UBGAD1;Art der Unterbringung vor der Adoption;ELTERN-04;Leibliche Eltern;0;Anzahl;AKJ001;Adoptierte Kinder und Jugendliche
22521;Statistik der Adoptionen;JAHR;Jahr;2017;DLAND;Bundesländer;10;Saarland;NAT;Nationalität;NATD;Deutsche;UBGAD1;Art der Unterbringung vor der Adoption;ELTERN-05;Leiblicher Elternteil m.Stiefelternteil od.Partner;19;Anzahl;AKJ001;Adoptierte Kinder und Jugendliche
22521;Statistik der Adoptionen;JAHR;Jahr;2017;DLAND;Bundesländer;11;Berlin;NAT;Nationalität;NATA;Ausländer;UBGAD1;Art der Unterbringung vor der Adoption;ELTERN-03;Alleinerziehender leiblicher Elternteil;0;Anzahl;AKJ001;Adoptierte Kinder und Jugendliche
22521;Statistik der Adoptionen;JAHR;Jahr;2017;DLAND;Bundesländer;01;Schleswig-Holstein;NAT;Nationalität;;Insgesamt;UBGAD1;Art der Unterbringung vor der Adoption;GR-ELTERN-01;Großeltern;-;Anzahl;AKJ001;Adoptierte Kinder und Jugendliche
22521;Statistik der Adoptionen;JAHR;Jahr;2017;DLAND;Bundesländer;04;Bremen;NAT;Nationalität;NATA;Ausländer;UBGAD1;Art der Unterbringung vor der Adoption;HEIM-01;Heim;0;Anzahl;AKJ001;Adoptierte Kinder und Jugendliche
22521;Statistik der Adoptionen;JAHR;Jahr;2017;DLAND;Bundesländer;11;Berlin;NAT;Nationalität;NATD;Deutsche;UBGAD1;Art der Unterbringung vor der Adoption;ELTERN-04;Leibliche Eltern;2;Anzahl;AKJ001;Adoptierte Kinder und Jugendliche
22521;Statistik der Adoptionen;JAHR;Jahr;2017;DLAND;Bundesländer;04;Bremen;NAT;Nationalität;NATD;Deutsche;UBGAD1;Art der Unterbringung vor der Adoption;KKH-01;Krankenhaus (nach der Geburt);0;Anzahl;AKJ001;Adoptierte Kinder und Jugendliche
22521;Statistik der Adoptionen;JAHR;Jahr;2017;DLAND;Bundesländer;08;Baden-Württemberg;NAT;Nationalität;NATA;Ausländer;UBGAD1;Art der Unterbringung vor der Adoption;GR-ELTERN-02;Großeltern und sonstige Verwandte;7;Anzahl;AKJ001;Adoptierte Kinder und Jugendliche
22521;Statistik der Adoptionen;JAHR;Jahr;2017;DLAND;Bundesländer;03;Niedersachsen;NAT;Nationalität;;Insgesamt;UBGAD1;Art der Unterbringung vor der Adoption;HEIM-01;Heim;2;Anzahl;AKJ001;Adoptierte Kinder und Jugendliche
22521;Statistik der Adoptionen;JAHR;Jahr;2017;DLAND;Bundesländer;03;Niedersachsen;NAT;Nationalität;;Insgesamt;UBGAD1;Art der Unterbringung vor der Adoption;FAM-PFLEGE-01;Pflegefamilie;40;Anzahl;AKJ001;Adoptierte Kinder und Jugendliche
22521;Statistik der Adoptionen;JAHR;Jahr;2017;DLAND;Bundesländer;16;Thüringen;NAT;Nationalität;NATD;Deutsche;UBGAD1;Art der Unterbringung vor der Adoption;ELTERN-03;Alleinerziehender leiblicher Elternteil;6;Anzahl;AKJ001;Adoptierte Kinder und Jugendliche
22521;Statistik der Adoptionen;JAHR;Jahr;2017;DLAND;Bundesländer;07;Rheinland-Pfalz;NAT;Nationalität;NATD;Deutsche;UBGAD1;Art der Unterbringung vor der Adoption;ELTERN-05;Leiblicher Elternteil m.Stiefelternteil od.Partner;116;Anzahl;AKJ001;Adoptierte Kinder und Jugendliche
22521;Statistik der Adoptionen;JAHR;Jahr;2017;DLAND;Bundesländer;03;Niedersachsen;NAT;Nationalität;NATA;Ausländer;UBGAD1;Art der Unterbringung vor der Adoption;ELTERN-03;Alleinerziehender leiblicher Elternteil;0;Anzahl;AKJ001;Adoptierte Kinder und Jugendliche
22521;Statistik der Adoptionen;JAHR;Jahr;2017;DLAND;Bundesländer;16;Thüringen;NAT;Nationalität;;Insgesamt;UBGAD1;Art der Unterbringung vor der Adoption;GR-ELTERN-02;Großeltern und sonstige Verwandte;1;Anzahl;AKJ001;Adoptierte Kinder und Jugendliche
22521;Statistik der Adoptionen;JAHR;Jahr;2017;DLAND;Bundesländer;15;Sachsen-Anhalt;NAT;Nationalität;;Insgesamt;UBGAD1;Art der Unterbringung vor der Adoption;GR-ELTERN-02;Großeltern und sonstige Verwandte;0;Anzahl;AKJ001;Adoptierte Kinder und Jugendliche
22521;Statistik der Adoptionen;JAHR;Jahr;2017;DLAND;Bundesländer;06;Hessen;NAT;Nationalität;NATA;Ausländer;UBGAD1;Art der Unterbringung vor der Adoption;VERWANDT-SONST;Sonstige Verwandte;-;Anzahl;AKJ001;Adoptierte Kinder und Jugendliche
22521;Statistik der Adoptionen;JAHR;Jahr;2017;DLAND;Bundesländer;13;Mecklenburg-Vorpommern;NAT;Nationalität;NATD;Deutsche;UBGAD1;Art der Unterbringung vor der Adoption;KKH-01;Krankenhaus (nach der Geburt);15;Anzahl;AKJ001;Adoptierte Kinder und Jugendliche
22521;Statistik der Adoptionen;JAHR;Jahr;2017;DLAND;Bundesländer;04;Bremen;NAT;Nationalität;NATA;Ausländer;UBGAD1;Art der Unterbringung vor der Adoption;VERWANDT-SONST;Sonstige Verwandte;-;Anzahl;AKJ001;Adoptierte Kinder und Jugendliche
22521;Statistik der Adoptionen;JAHR;Jahr;2017;DLAND;Bundesländer;14;Sachsen;NAT;Nationalität;NATA;Ausländer;UBGAD1;Art der Unterbringung vor der Adoption;VERWANDT-SONST;Sonstige Verwandte;-;Anzahl;AKJ001;Adoptierte Kinder und Jugendliche
22521;Statistik der Adoptionen;JAHR;Jahr;2017;DLAND;Bundesländer;02;Hamburg;NAT;Nationalität;NATD;Deutsche;UBGAD1;Art der Unterbringung vor der Adoption;ELTERN-06;Adoptivelternteil m.Partner, nur b.Sukzessivadopt.;0;Anzahl;AKJ001;Adoptierte Kinder und Jugendliche
22521;Statistik der Adoptionen;JAHR;Jahr;2017;DLAND;Bundesländer;06;Hessen;NAT;Nationalität;NATA;Ausländer;UBGAD1;Art der Unterbringung vor der Adoption;GR-ELTERN-02;Großeltern und sonstige Verwandte;10;Anzahl;AKJ001;Adoptierte Kinder und Jugendliche
22521;Statistik der Adoptionen;JAHR;Jahr;2017;DLAND;Bundesländer;11;Berlin;NAT;Nationalität;NATA;Ausländer;UBGAD1;Art der Unterbringung vor der Adoption;GR-ELTERN-01;Großeltern;-;Anzahl;AKJ001;Adoptierte Kinder und Jugendliche
22521;Statistik der Adoptionen;JAHR;Jahr;2017;DLAND;Bundesländer;12;Brandenburg;NAT;Nationalität;NATA;Ausländer;UBGAD1;Art der Unterbringung vor der Adoption;GR-ELTERN-01;Großeltern;-;Anzahl;AKJ001;Adoptierte Kinder und Jugendliche
22521;Statistik der Adoptionen;JAHR;Jahr;2017;DLAND;Bundesländer;01;Schleswig-Holstein;NAT;Nationalität;NATA;Ausländer;UBGAD1;Art der Unterbringung vor der Adoption;ELTERN-06;Adoptivelternteil m.Partner, nur b.Sukzessivadopt.;0;Anzahl;AKJ001;Adoptierte Kinder und Jugendliche
22521;Statistik der Adoptionen;JAHR;Jahr;2017;DLAND;Bundesländer;02;Hamburg;NAT;Nationalität;NATD;Deutsche;UBGAD1;Art der Unterbringung vor der Adoption;UNBEKANNT;unbekannt;0;Anzahl;AKJ001;Adoptierte Kinder und Jugendliche
22521;Statistik der Adoptionen;JAHR;Jahr;2017;DLAND;Bundesländer;15;Sachsen-Anhalt;NAT;Nationalität;;Insgesamt;UBGAD1;Art der Unterbringung vor der Adoption;VERWANDT-SONST;Sonstige Verwandte;-;Anzahl;AKJ001;Adoptierte Kinder und Jugendliche
22521;Statistik der Adoptionen;JAHR;Jahr;2017;DLAND;Bundesländer;13;Mecklenburg-Vorpommern;NAT;Nationalität;NATA;Ausländer;UBGAD1;Art der Unterbringung vor der Adoption;GR-ELTERN-01;Großeltern;-;Anzahl;AKJ001;Adoptierte Kinder und Jugendliche
22521;Statistik der Adoptionen;JAHR;Jahr;2017;DLAND;Bundesländer;10;Saarland;NAT;Nationalität;NATD;Deutsche;UBGAD1;Art der Unterbringung vor der Adoption;FAM-PFLEGE-01;Pflegefamilie;3;Anzahl;AKJ001;Adoptierte Kinder und Jugendliche
22521;Statistik der Adoptionen;JAHR;Jahr;2017;DLAND;Bundesländer;08;Baden-Württemberg;NAT;Nationalität;NATD;Deutsche;UBGAD1;Art der Unterbringung vor der Adoption;ELTERN-05;Leiblicher Elternteil m.Stiefelternteil od.Partner;269;Anzahl;AKJ001;Adoptierte Kinder und Jugendliche
22521;Statistik der Adoptionen;JAHR;Jahr;2017;DLAND;Bundesländer;03;Niedersachsen;NAT;Nationalität;NATD;Deutsche;UBGAD1;Art der Unterbringung vor der Adoption;VERWANDT-SONST;Sonstige Verwandte;-;Anzahl;AKJ001;Adoptierte Kinder und Jugendliche
22521;Statistik der Adoptionen;JAHR;Jahr;2017;DLAND;Bundesländer;13;Mecklenburg-Vorpommern;NAT;Nationalität;NATD;Deutsche;UBGAD1;Art der Unterbringung vor der Adoption;VERWANDT-SONST;Sonstige Verwandte;-;Anzahl;AKJ001;Adoptierte Kinder und Jugendliche
22521;Statistik der Adoptionen;JAHR;Jahr;2017;DLAND;Bundesländer;10;Saarland;NAT;Nationalität;NATA;Ausländer;UBGAD1;Art der Unterbringung vor der Adoption;GR-ELTERN-01;Großeltern;-;Anzahl;AKJ001;Adoptierte Kinder und Jugendliche
22521;Statistik der Adoptionen;JAHR;Jahr;2017;DLAND;Bundesländer;12;Brandenburg;NAT;Nationalität;;Insgesamt;UBGAD1;Art der Unterbringung vor der Adoption;GR-ELTERN-01;Großeltern;-;Anzahl;AKJ001;Adoptierte Kinder und Jugendliche
22521;Statistik der Adoptionen;JAHR;Jahr;2017;DLAND;Bundesländer;13;Mecklenburg-Vorpommern;NAT;Nationalität;;Insgesamt;UBGAD1;Art der Unterbringung vor der Adoption;GR-ELTERN-01;Großeltern;-;Anzahl;AKJ001;Adoptierte Kinder und Jugendliche
22521;Statistik der Adoptionen;JAHR;Jahr;2017;DLAND;Bundesländer;03;Niedersachsen;NAT;Nationalität;NATD;Deutsche;UBGAD1;Art der Unterbringung vor der Adoption;ELTERN-06;Adoptivelternteil m.Partner, nur b.Sukzessivadopt.;13;Anzahl;AKJ001;Adoptierte Kinder und Jugendliche
22521;Statistik der Adoptionen;JAHR;Jahr;2017;DLAND;Bundesländer;08;Baden-Württemberg;NAT;Nationalität;NATA;Ausländer;UBGAD1;Art der Unterbringung vor der Adoption;FAM-PFLEGE-01;Pflegefamilie;13;Anzahl;AKJ001;Adoptierte Kinder und Jugendliche
22521;Statistik der Adoptionen;JAHR;Jahr;2017;DLAND;Bundesländer;11;Berlin;NAT;Nationalität;NATD;Deutsche;UBGAD1;Art der Unterbringung vor der Adoption;VERWANDT-SONST;Sonstige Verwandte;-;Anzahl;AKJ001;Adoptierte Kinder und Jugendliche
22521;Statistik der Adoptionen;JAHR;Jahr;2017;DLAND;Bundesländer;15;Sachsen-Anhalt;NAT;Nationalität;NATD;Deutsche;UBGAD1;Art der Unterbringung vor der Adoption;ELTERN-03;Alleinerziehender leiblicher Elternteil;3;Anzahl;AKJ001;Adoptierte Kinder und Jugendliche
22521;Statistik der Adoptionen;JAHR;Jahr;2017;DLAND;Bundesländer;02;Hamburg;NAT;Nationalität;NATA;Ausländer;UBGAD1;Art der Unterbringung vor der Adoption;ELTERN-03;Alleinerziehender leiblicher Elternteil;1;Anzahl;AKJ001;Adoptierte Kinder und Jugendliche
22521;Statistik der Adoptionen;JAHR;Jahr;2017;DLAND;Bundesländer;10;Saarland;NAT;Nationalität;NATD;Deutsche;UBGAD1;Art der Unterbringung vor der Adoption;ELTERN-04;Leibliche Eltern;0;Anzahl;AKJ001;Adoptierte Kinder und Jugendliche
22521;Statistik der Adoptionen;JAHR;Jahr;2017;DLAND;Bundesländer;02;Hamburg;NAT;Nationalität;NATA;Ausländer;UBGAD1;Art der Unterbringung vor der Adoption;GR-ELTERN-01;Großeltern;-;Anzahl;AKJ001;Adoptierte Kinder und Jugendliche
22521;Statistik der Adoptionen;JAHR;Jahr;2017;DLAND;Bundesländer;01;Schleswig-Holstein;NAT;Nationalität;NATA;Ausländer;UBGAD1;Art der Unterbringung vor der Adoption;GR-ELTERN-02;Großeltern und sonstige Verwandte;0;Anzahl;AKJ001;Adoptierte Kinder und Jugendliche
22521;Statistik der Adoptionen;JAHR;Jahr;2017;DLAND;Bundesländer;05;Nordrhein-Westfalen;NAT;Nationalität;;Insgesamt;UBGAD1;Art der Unterbringung vor der Adoption;VERWANDT-SONST;Sonstige Verwandte;-;Anzahl;AKJ001;Adoptierte Kinder und Jugendliche
22521;Statistik der Adoptionen;JAHR;Jahr;2017;DLAND;Bundesländer;11;Berlin;NAT;Nationalität;NATD;Deutsche;UBGAD1;Art der Unterbringung vor der Adoption;ELTERN-03;Alleinerziehender leiblicher Elternteil;1;Anzahl;AKJ001;Adoptierte Kinder und Jugendliche
22521;Statistik der Adoptionen;JAHR;Jahr;2017;DLAND;Bundesländer;15;Sachsen-Anhalt;NAT;Nationalität;NATA;Ausländer;UBGAD1;Art der Unterbringung vor der Adoption;VERWANDT-SONST;Sonstige Verwandte;-;Anzahl;AKJ001;Adoptierte Kinder und Jugendliche
22521;Statistik der Adoptionen;JAHR;Jahr;2017;DLAND;Bundesländer;13;Mecklenburg-Vorpommern;NAT;Nationalität;;Insgesamt;UBGAD1;Art der Unterbringung vor der Adoption;HEIM-01;Heim;0;Anzahl;AKJ001;Adoptierte Kinder und Jugendliche
22521;Statistik der Adoptionen;JAHR;Jahr;2017;DLAND;Bundesländer;09;Bayern;NAT;Nationalität;NATA;Ausländer;UBGAD1;Art der Unterbringung vor der Adoption;GR-ELTERN-02;Großeltern und sonstige Verwandte;2;Anzahl;AKJ001;Adoptierte Kinder und Jugendliche
22521;Statistik der Adoptionen;JAHR;Jahr;2017;DLAND;Bundesländer;07;Rheinland-Pfalz;NAT;Nationalität;NATD;Deutsche;UBGAD1;Art der Unterbringung vor der Adoption;ELTERN-06;Adoptivelternteil m.Partner, nur b.Sukzessivadopt.;9;Anzahl;AKJ001;Adoptierte Kinder und Jugendliche
22521;Statistik der Adoptionen;JAHR;Jahr;2017;DLAND;Bundesländer;12;Brandenburg;NAT;Nationalität;NATD;Deutsche;UBGAD1;Art der Unterbringung vor der Adoption;HEIM-01;Heim;5;Anzahl;AKJ001;Adoptierte Kinder und Jugendliche
22521;Statistik der Adoptionen;JAHR;Jahr;2017;DLAND;Bundesländer;06;Hessen;NAT;Nationalität;;Insgesamt;UBGAD1;Art der Unterbringung vor der Adoption;KKH-01;Krankenhaus (nach der Geburt);35;Anzahl;AKJ001;Adoptierte Kinder und Jugendliche
22521;Statistik der Adoptionen;JAHR;Jahr;2017;DLAND;Bundesländer;10;Saarland;NAT;Nationalität;NATA;Ausländer;UBGAD1;Art der Unterbringung vor der Adoption;ELTERN-05;Leiblicher Elternteil m.Stiefelternteil od.Partner;0;Anzahl;AKJ001;Adoptierte Kinder und Jugendliche
22521;Statistik der Adoptionen;JAHR;Jahr;2017;DLAND;Bundesländer;05;Nordrhein-Westfalen;NAT;Nationalität;;Insgesamt;UBGAD1;Art der Unterbringung vor der Adoption;KKH-01;Krankenhaus (nach der Geburt);138;Anzahl;AKJ001;Adoptierte Kinder und Jugendliche
22521;Statistik der Adoptionen;JAHR;Jahr;2017;DLAND;Bundesländer;09;Bayern;NAT;Nationalität;NATD;Deutsche;UBGAD1;Art der Unterbringung vor der Adoption;VERWANDT-SONST;Sonstige Verwandte;-;Anzahl;AKJ001;Adoptierte Kinder und Jugendliche
22521;Statistik der Adoptionen;JAHR;Jahr;2017;DLAND;Bundesländer;01;Schleswig-Holstein;NAT;Nationalität;NATD;Deutsche;UBGAD1;Art der Unterbringung vor der Adoption;HEIM-01;Heim;0;Anzahl;AKJ001;Adoptierte Kinder und Jugendliche
22521;Statistik der Adoptionen;JAHR;Jahr;2017;DLAND;Bundesländer;06;Hessen;NAT;Nationalität;NATA;Ausländer;UBGAD1;Art der Unterbringung vor der Adoption;GR-ELTERN-01;Großeltern;-;Anzahl;AKJ001;Adoptierte Kinder und Jugendliche
22521;Statistik der Adoptionen;JAHR;Jahr;2017;DLAND;Bundesländer;05;Nordrhein-Westfalen;NAT;Nationalität;NATA;Ausländer;UBGAD1;Art der Unterbringung vor der Adoption;GR-ELTERN-02;Großeltern und sonstige Verwandte;8;Anzahl;AKJ001;Adoptierte Kinder und Jugendliche
22521;Statistik der Adoptionen;JAHR;Jahr;2017;DLAND;Bundesländer;04;Bremen;NAT;Nationalität;;Insgesamt;UBGAD1;Art der Unterbringung vor der Adoption;GR-ELTERN-01;Großeltern;-;Anzahl;AKJ001;Adoptierte Kinder und Jugendliche
22521;Statistik der Adoptionen;JAHR;Jahr;2017;DLAND;Bundesländer;06;Hessen;NAT;Nationalität;;Insgesamt;UBGAD1;Art der Unterbringung vor der Adoption;GR-ELTERN-01;Großeltern;-;Anzahl;AKJ001;Adoptierte Kinder und Jugendliche
22521;Statistik der Adoptionen;JAHR;Jahr;2017;DLAND;Bundesländer;08;Baden-Württemberg;NAT;Nationalität;;Insgesamt;UBGAD1;Art der Unterbringung vor der Adoption;GR-ELTERN-01;Großeltern;-;Anzahl;AKJ001;Adoptierte Kinder und Jugendliche
22521;Statistik der Adoptionen;JAHR;Jahr;2017;DLAND;Bundesländer;13;Mecklenburg-Vorpommern;NAT;Nationalität;;Insgesamt;UBGAD1;Art der Unterbringung vor der Adoption;GR-ELTERN-02;Großeltern und sonstige Verwandte;2;Anzahl;AKJ001;Adoptierte Kinder und Jugendliche
22521;Statistik der Adoptionen;JAHR;Jahr;2017;DLAND;Bundesländer;11;Berlin;NAT;Nationalität;;Insgesamt;UBGAD1;Art der Unterbringung vor der Adoption;GR-ELTERN-02;Großeltern und sonstige Verwandte;0;Anzahl;AKJ001;Adoptierte Kinder und Jugendliche
22521;Statistik der Adoptionen;JAHR;Jahr;2017;DLAND;Bundesländer;01;Schleswig-Holstein;NAT;Nationalität;;Insgesamt;UBGAD1;Art der Unterbringung vor der Adoption;HEIM-01;Heim;3;Anzahl;AKJ001;Adoptierte Kinder und Jugendliche
22521;Statistik der Adoptionen;JAHR;Jahr;2017;DLAND;Bundesländer;07;Rheinland-Pfalz;NAT;Nationalität;NATA;Ausländer;UBGAD1;Art der Unterbringung vor der Adoption;ELTERN-03;Alleinerziehender leiblicher Elternteil;0;Anzahl;AKJ001;Adoptierte Kinder und Jugendliche
22521;Statistik der Adoptionen;JAHR;Jahr;2017;DLAND;Bundesländer;03;Niedersachsen;NAT;Nationalität;NATD;Deutsche;UBGAD1;Art der Unterbringung vor der Adoption;ELTERN-05;Leiblicher Elternteil m.Stiefelternteil od.Partner;194;Anzahl;AKJ001;Adoptierte Kinder und Jugendliche
22521;Statistik der Adoptionen;JAHR;Jahr;2017;DLAND;Bundesländer;02;Hamburg;NAT;Nationalität;;Insgesamt;UBGAD1;Art der Unterbringung vor der Adoption;FAM-PFLEGE-01;Pflegefamilie;4;Anzahl;AKJ001;Adoptierte Kinder und Jugendliche
22521;Statistik der Adoptionen;JAHR;Jahr;2017;DLAND;Bundesländer;15;Sachsen-Anhalt;NAT;Nationalität;NATD;Deutsche;UBGAD1;Art der Unterbringung vor der Adoption;ELTERN-04;Leibliche Eltern;0;Anzahl;AKJ001;Adoptierte Kinder und Jugendliche
22521;Statistik der Adoptionen;JAHR;Jahr;2017;DLAND;Bundesländer;07;Rheinland-Pfalz;NAT;Nationalität;NATA;Ausländer;UBGAD1;Art der Unterbringung vor der Adoption;UNBEKANNT;unbekannt;0;Anzahl;AKJ001;Adoptierte Kinder und Jugendliche
22521;Statistik der Adoptionen;JAHR;Jahr;2017;DLAND;Bundesländer;02;Hamburg;NAT;Nationalität;NATA;Ausländer;UBGAD1;Art der Unterbringung vor der Adoption;ELTERN-06;Adoptivelternteil m.Partner, nur b.Sukzessivadopt.;0;Anzahl;AKJ001;Adoptierte Kinder und Jugendliche
22521;Statistik der Adoptionen;JAHR;Jahr;2017;DLAND;Bundesländer;06;Hessen;NAT;Nationalität;NATA;Ausländer;UBGAD1;Art der Unterbringung vor der Adoption;FAM-PFLEGE-01;Pflegefamilie;10;Anzahl;AKJ001;Adoptierte Kinder und Jugendliche
22521;Statistik der Adoptionen;JAHR;Jahr;2017;DLAND;Bundesländer;08;Baden-Württemberg;NAT;Nationalität;NATD;Deutsche;UBGAD1;Art der Unterbringung vor der Adoption;KKH-01;Krankenhaus (nach der Geburt);44;Anzahl;AKJ001;Adoptierte Kinder und Jugendliche
22521;Statistik der Adoptionen;JAHR;Jahr;2017;DLAND;Bundesländer;03;Niedersachsen;NAT;Nationalität;NATD;Deutsche;UBGAD1;Art der Unterbringung vor der Adoption;UNBEKANNT;unbekannt;0;Anzahl;AKJ001;Adoptierte Kinder und Jugendliche
22521;Statistik der Adoptionen;JAHR;Jahr;2017;DLAND;Bundesländer;02;Hamburg;NAT;Nationalität;;Insgesamt;UBGAD1;Art der Unterbringung vor der Adoption;GR-ELTERN-01;Großeltern;-;Anzahl;AKJ001;Adoptierte Kinder und Jugendliche
22521;Statistik der Adoptionen;JAHR;Jahr;2017;DLAND;Bundesländer;03;Niedersachsen;NAT;Nationalität;NATA;Ausländer;UBGAD1;Art der Unterbringung vor der Adoption;GR-ELTERN-01;Großeltern;-;Anzahl;AKJ001;Adoptierte Kinder und Jugendliche
22521;Statistik der Adoptionen;JAHR;Jahr;2017;DLAND;Bundesländer;10;Saarland;NAT;Nationalität;NATD;Deutsche;UBGAD1;Art der Unterbringung vor der Adoption;UNBEKANNT;unbekannt;0;Anzahl;AKJ001;Adoptierte Kinder und Jugendliche
22521;Statistik der Adoptionen;JAHR;Jahr;2017;DLAND;Bundesländer;01;Schleswig-Holstein;NAT;Nationalität;NATA;Ausländer;UBGAD1;Art der Unterbringung vor der Adoption;GR-ELTERN-01;Großeltern;-;Anzahl;AKJ001;Adoptierte Kinder und Jugendliche
22521;Statistik der Adoptionen;JAHR;Jahr;2017;DLAND;Bundesländer;07;Rheinland-Pfalz;NAT;Nationalität;NATA;Ausländer;UBGAD1;Art der Unterbringung vor der Adoption;GR-ELTERN-01;Großeltern;-;Anzahl;AKJ001;Adoptierte Kinder und Jugendliche
22521;Statistik der Adoptionen;JAHR;Jahr;2017;DLAND;Bundesländer;09;Bayern;NAT;Nationalität;NATA;Ausländer;UBGAD1;Art der Unterbringung vor der Adoption;GR-ELTERN-01;Großeltern;-;Anzahl;AKJ001;Adoptierte Kinder und Jugendliche
22521;Statistik der Adoptionen;JAHR;Jahr;2017;DLAND;Bundesländer;15;Sachsen-Anhalt;NAT;Nationalität;NATA;Ausländer;UBGAD1;Art der Unterbringung vor der Adoption;ELTERN-03;Alleinerziehender leiblicher Elternteil;0;Anzahl;AKJ001;Adoptierte Kinder und Jugendliche
22521;Statistik der Adoptionen;JAHR;Jahr;2017;DLAND;Bundesländer;10;Saarland;NAT;Nationalität;NATA;Ausländer;UBGAD1;Art der Unterbringung vor der Adoption;ELTERN-04;Leibliche Eltern;0;Anzahl;AKJ001;Adoptierte Kinder und Jugendliche
22521;Statistik der Adoptionen;JAHR;Jahr;2017;DLAND;Bundesländer;08;Baden-Württemberg;NAT;Nationalität;NATD;Deutsche;UBGAD1;Art der Unterbringung vor der Adoption;FAM-PFLEGE-01;Pflegefamilie;33;Anzahl;AKJ001;Adoptierte Kinder und Jugendliche
22521;Statistik der Adoptionen;JAHR;Jahr;2017;DLAND;Bundesländer;07;Rheinland-Pfalz;NAT;Nationalität;NATA;Ausländer;UBGAD1;Art der Unterbringung vor der Adoption;FAM-PFLEGE-01;Pflegefamilie;1;Anzahl;AKJ001;Adoptierte Kinder und Jugendliche
22521;Statistik der Adoptionen;JAHR;Jahr;2017;DLAND;Bundesländer;05;Nordrhein-Westfalen;NAT;Nationalität;NATA;Ausländer;UBGAD1;Art der Unterbringung vor der Adoption;GR-ELTERN-01;Großeltern;-;Anzahl;AKJ001;Adoptierte Kinder und Jugendliche
22521;Statistik der Adoptionen;JAHR;Jahr;2017;DLAND;Bundesländer;03;Niedersachsen;NAT;Nationalität;;Insgesamt;UBGAD1;Art der Unterbringung vor der Adoption;GR-ELTERN-02;Großeltern und sonstige Verwandte;5;Anzahl;AKJ001;Adoptierte Kinder und Jugendliche
22521;Statistik der Adoptionen;JAHR;Jahr;2017;DLAND;Bundesländer;12;Brandenburg;NAT;Nationalität;NATD;Deutsche;UBGAD1;Art der Unterbringung vor der Adoption;VERWANDT-SONST;Sonstige Verwandte;-;Anzahl;AKJ001;Adoptierte Kinder und Jugendliche
22521;Statistik der Adoptionen;JAHR;Jahr;2017;DLAND;Bundesländer;06;Hessen;NAT;Nationalität;;Insgesamt;UBGAD1;Art der Unterbringung vor der Adoption;GR-ELTERN-02;Großeltern und sonstige Verwandte;14;Anzahl;AKJ001;Adoptierte Kinder und Jugendliche
22521;Statistik der Adoptionen;JAHR;Jahr;2017;DLAND;Bundesländer;02;Hamburg;NAT;Nationalität;NATD;Deutsche;UBGAD1;Art der Unterbringung vor der Adoption;VERWANDT-SONST;Sonstige Verwandte;-;Anzahl;AKJ001;Adoptierte Kinder und Jugendliche
22521;Statistik der Adoptionen;JAHR;Jahr;2017;DLAND;Bundesländer;04;Bremen;NAT;Nationalität;;Insgesamt;UBGAD1;Art der Unterbringung vor der Adoption;GR-ELTERN-02;Großeltern und sonstige Verwandte;0;Anzahl;AKJ001;Adoptierte Kinder und Jugendliche
22521;Statistik der Adoptionen;JAHR;Jahr;2017;DLAND;Bundesländer;15;Sachsen-Anhalt;NAT;Nationalität;NATA;Ausländer;UBGAD1;Art der Unterbringung vor der Adoption;HEIM-01;Heim;0;Anzahl;AKJ001;Adoptierte Kinder und Jugendliche
22521;Statistik der Adoptionen;JAHR;Jahr;2017;DLAND;Bundesländer;05;Nordrhein-Westfalen;NAT;Nationalität;;Insgesamt;UBGAD1;Art der Unterbringung vor der Adoption;GR-ELTERN-02;Großeltern und sonstige Verwandte;12;Anzahl;AKJ001;Adoptierte Kinder und Jugendliche
22521;Statistik der Adoptionen;JAHR;Jahr;2017;DLAND;Bundesländer;07;Rheinland-Pfalz;NAT;Nationalität;;Insgesamt;UBGAD1;Art der Unterbringung vor der Adoption;GR-ELTERN-02;Großeltern und sonstige Verwandte;2;Anzahl;AKJ001;Adoptierte Kinder und Jugendliche
22521;Statistik der Adoptionen;JAHR;Jahr;2017;DLAND;Bundesländer;09;Bayern;NAT;Nationalität;;Insgesamt;UBGAD1;Art der Unterbringung vor der Adoption;GR-ELTERN-02;Großeltern und sonstige Verwandte;3;Anzahl;AKJ001;Adoptierte Kinder und Jugendliche
22521;Statistik der Adoptionen;JAHR;Jahr;2017;DLAND;Bundesländer;08;Baden-Württemberg;NAT;Nationalität;NATD;Deutsche;UBGAD1;Art der Unterbringung vor der Adoption;ELTERN-03;Alleinerziehender leiblicher Elternteil;18;Anzahl;AKJ001;Adoptierte Kinder und Jugendliche
22521;Statistik der Adoptionen;JAHR;Jahr;2017;DLAND;Bundesländer;08;Baden-Württemberg;NAT;Nationalität;;Insgesamt;UBGAD1;Art der Unterbringung vor der Adoption;GR-ELTERN-02;Großeltern und sonstige Verwandte;11;Anzahl;AKJ001;Adoptierte Kinder und Jugendliche
22521;Statistik der Adoptionen;JAHR;Jahr;2017;DLAND;Bundesländer;13;Mecklenburg-Vorpommern;NAT;Nationalität;;Insgesamt;UBGAD1;Art der Unterbringung vor der Adoption;KKH-01;Krankenhaus (nach der Geburt);15;Anzahl;AKJ001;Adoptierte Kinder und Jugendliche
22521;Statistik der Adoptionen;JAHR;Jahr;2017;DLAND;Bundesländer;11;Berlin;NAT;Nationalität;;Insgesamt;UBGAD1;Art der Unterbringung vor der Adoption;HEIM-01;Heim;4;Anzahl;AKJ001;Adoptierte Kinder und Jugendliche
22521;Statistik der Adoptionen;JAHR;Jahr;2017;DLAND;Bundesländer;07;Rheinland-Pfalz;NAT;Nationalität;NATA;Ausländer;UBGAD1;Art der Unterbringung vor der Adoption;ELTERN-04;Leibliche Eltern;0;Anzahl;AKJ001;Adoptierte Kinder und Jugendliche
22521;Statistik der Adoptionen;JAHR;Jahr;2017;DLAND;Bundesländer;15;Sachsen-Anhalt;NAT;Nationalität;NATD;Deutsche;UBGAD1;Art der Unterbringung vor der Adoption;ELTERN-05;Leiblicher Elternteil m.Stiefelternteil od.Partner;51;Anzahl;AKJ001;Adoptierte Kinder und Jugendliche
22521;Statistik der Adoptionen;JAHR;Jahr;2017;DLAND;Bundesländer;01;Schleswig-Holstein;NAT;Nationalität;;Insgesamt;UBGAD1;Art der Unterbringung vor der Adoption;FAM-PFLEGE-01;Pflegefamilie;7;Anzahl;AKJ001;Adoptierte Kinder und Jugendliche
22521;Statistik der Adoptionen;JAHR;Jahr;2017;DLAND;Bundesländer;07;Rheinland-Pfalz;NAT;Nationalität;NATD;Deutsche;UBGAD1;Art der Unterbringung vor der Adoption;HEIM-01;Heim;0;Anzahl;AKJ001;Adoptierte Kinder und Jugendliche
22521;Statistik der Adoptionen;JAHR;Jahr;2017;DLAND;Bundesländer;03;Niedersachsen;NAT;Nationalität;NATD;Deutsche;UBGAD1;Art der Unterbringung vor der Adoption;ELTERN-04;Leibliche Eltern;2;Anzahl;AKJ001;Adoptierte Kinder und Jugendliche
22521;Statistik der Adoptionen;JAHR;Jahr;2017;DLAND;Bundesländer;02;Hamburg;NAT;Nationalität;NATA;Ausländer;UBGAD1;Art der Unterbringung vor der Adoption;ELTERN-05;Leiblicher Elternteil m.Stiefelternteil od.Partner;7;Anzahl;AKJ001;Adoptierte Kinder und Jugendliche
22521;Statistik der Adoptionen;JAHR;Jahr;2017;DLAND;Bundesländer;10;Saarland;NAT;Nationalität;NATD;Deutsche;UBGAD1;Art der Unterbringung vor der Adoption;ELTERN-06;Adoptivelternteil m.Partner, nur b.Sukzessivadopt.;0;Anzahl;AKJ001;Adoptierte Kinder und Jugendliche
22521;Statistik der Adoptionen;JAHR;Jahr;2017;DLAND;Bundesländer;02;Hamburg;NAT;Nationalität;;Insgesamt;UBGAD1;Art der Unterbringung vor der Adoption;GR-ELTERN-02;Großeltern und sonstige Verwandte;1;Anzahl;AKJ001;Adoptierte Kinder und Jugendliche
22521;Statistik der Adoptionen;JAHR;Jahr;2017;DLAND;Bundesländer;01;Schleswig-Holstein;NAT;Nationalität;;Insgesamt;UBGAD1;Art der Unterbringung vor der Adoption;GR-ELTERN-02;Großeltern und sonstige Verwandte;1;Anzahl;AKJ001;Adoptierte Kinder und Jugendliche
22521;Statistik der Adoptionen;JAHR;Jahr;2017;DLAND;Bundesländer;15;Sachsen-Anhalt;NAT;Nationalität;NATD;Deutsche;UBGAD1;Art der Unterbringung vor der Adoption;UNBEKANNT;unbekannt;0;Anzahl;AKJ001;Adoptierte Kinder und Jugendliche
22521;Statistik der Adoptionen;JAHR;Jahr;2017;DLAND;Bundesländer;14;Sachsen;NAT;Nationalität;NATA;Ausländer;UBGAD1;Art der Unterbringung vor der Adoption;ELTERN-06;Adoptivelternteil m.Partner, nur b.Sukzessivadopt.;0;Anzahl;AKJ001;Adoptierte Kinder und Jugendliche
