statistics_code;statistics_label;time_code;time_label;time;1_variable_code;1_variable_label;1_variable_attribute_code;1_variable_attribute_label;2_variable_code;2_variable_label;2_variable_attribute_code;2_variable_attribute_label;3_variable_code;3_variable_label;3_variable_attribute_code;3_variable_attribute_label;value;value_unit;value_variable_code;value_variable_label
21371;Hochschulfinanzstatistik;JAHR;Jahr;2024;DLAND;Bundesländer;05;Nordrhein-Westfalen;BILHA2;Hochschulart;HSLART082;Verwaltungsfachhochschulen;BILFG4;Fächergruppen;FACHGR-RWSW;Rechts-, Wirtschafts- und Sozialwissenschaften;4400;Tsd. EUR;ENM016;Einnahmen der Hochschulen (ohne Trägermittel)
21371;Hochschulfinanzstatistik;JAHR;Jahr;2024;DLAND;Bundesländer;02;Hamburg;BILHA2;Hochschulart;HSLART082;Verwaltungsfachhochschulen;BILFG4;Fächergruppen;FACHGR-INGW;Ingenieurwissenschaften;-;Tsd. EUR;ENM016;Einnahmen der Hochschulen (ohne Trägermittel)
21371;Hochschulfinanzstatistik;JAHR;Jahr;2024;DLAND;Bundesländer;04;Bremen;BILHA2;Hochschulart;HSLART012;Medizinische Einrichtungen der Universitäten;BILFG4;Fächergruppen;FACHGR-NATW;Mathematik, Naturwissenschaften;-;Tsd. EUR;ENM016;Einnahmen der Hochschulen (ohne Trägermittel)
21371;Hochschulfinanzstatistik;JAHR;Jahr;2024;DLAND;Bundesländer;02;Hamburg;BILHA2;Hochschulart;HSLART05;Theologische Hochschulen;BILFG4;Fächergruppen;FACHGR-SKW;Geisteswissenschaften;-;Tsd. EUR;ENM016;Einnahmen der Hochschulen (ohne Trägermittel)
21371;Hochschulfinanzstatistik;JAHR;Jahr;2024;DLAND;Bundesländer;05;Nordrhein-Westfalen;BILHA2;Hochschulart;HSLART082;Verwaltungsfachhochschulen;BILFG4;Fächergruppen;FACHGR-SKW;Geisteswissenschaften;-;Tsd. EUR;ENM016;Einnahmen der Hochschulen (ohne Trägermittel)
21371;Hochschulfinanzstatistik;JAHR;Jahr;2024;DLAND;Bundesländer;01;Schleswig-Holstein;BILHA2;Hochschulart;HSLART05;Theologische Hochschulen;BILFG4;Fächergruppen;FACHGR-INGW;Ingenieurwissenschaften;-;Tsd. EUR;ENM016;Einnahmen der Hochschulen (ohne Trägermittel)
21371;Hochschulfinanzstatistik;JAHR;Jahr;2024;DLAND;Bundesländer;09;Bayern;BILHA2;Hochschulart;HSLART05;Theologische Hochschulen;BILFG4;Fächergruppen;FACHGR-ZE-01;Zentr.Einrichtungen (o. klinikspez. Einrichtungen);0;Tsd. EUR;ENM016;Einnahmen der Hochschulen (ohne Trägermittel)
21371;Hochschulfinanzstatistik;JAHR;Jahr;2024;DLAND;Bundesländer;16;Thüringen;BILHA2;Hochschulart;HSLART082;Verwaltungsfachhochschulen;BILFG4;Fächergruppen;FACHGR-SPR;Sport;-;Tsd. EUR;ENM016;Einnahmen der Hochschulen (ohne Trägermittel)
21371;Hochschulfinanzstatistik;JAHR;Jahr;2024;DLAND;Bundesländer;09;Bayern;BILHA2;Hochschulart;HSLART082;Verwaltungsfachhochschulen;BILFG4;Fächergruppen;FACHGR-NATW;Mathematik, Naturwissenschaften;-;Tsd. EUR;ENM016;Einnahmen der Hochschulen (ohne Trägermittel)
21371;Hochschulfinanzstatistik;JAHR;Jahr;2024;DLAND;Bundesländer;01;Schleswig-Holstein;BILHA2;Hochschulart;HSLART03;Pädagogische Hochschulen;BILFG4;Fächergruppen;FACHGR-NATW;Mathematik, Naturwissenschaften;-;Tsd. EUR;ENM016;Einnahmen der Hochschulen (ohne Trägermittel)
21371;Hochschulfinanzstatistik;JAHR;Jahr;2024;DLAND;Bundesländer;16;Thüringen;BILHA2;Hochschulart;HSLART05;Theologische Hochschulen;BILFG4;Fächergruppen;FACHGR-NATW;Mathematik, Naturwissenschaften;-;Tsd. EUR;ENM016;Einnahmen der Hochschulen (ohne Trägermittel)
21371;Hochschulfinanzstatistik;JAHR;Jahr;2024;DLAND;Bundesländer;04;Bremen;BILHA2;Hochschulart;HSLART03;Pädagogische Hochschulen;BILFG4;Fächergruppen;;Insgesamt;-;Tsd. EUR;ENM016;Einnahmen der Hochschulen (ohne Trägermittel)
21371;Hochschulfinanzstatistik;JAHR;Jahr;2024;DLAND;Bundesländer;06;Hessen;BILHA2;Hochschulart;HSLART08;Fachhochschulen;BILFG4;Fächergruppen;;Insgesamt;216049;Tsd. EUR;ENM016;Einnahmen der Hochschulen (ohne Trägermittel)
21371;Hochschulfinanzstatistik;JAHR;Jahr;2024;DLAND;Bundesländer;09;Bayern;BILHA2;Hochschulart;HSLART06;Kunsthochschulen;BILFG4;Fächergruppen;FACHGR-SKW;Geisteswissenschaften;0;Tsd. EUR;ENM016;Einnahmen der Hochschulen (ohne Trägermittel)
21371;Hochschulfinanzstatistik;JAHR;Jahr;2024;DLAND;Bundesländer;12;Brandenburg;BILHA2;Hochschulart;;Insgesamt;BILFG4;Fächergruppen;;Insgesamt;473031;Tsd. EUR;ENM016;Einnahmen der Hochschulen (ohne Trägermittel)
21371;Hochschulfinanzstatistik;JAHR;Jahr;2024;DLAND;Bundesländer;02;Hamburg;BILHA2;Hochschulart;HSLART08;Fachhochschulen;BILFG4;Fächergruppen;FACHGR-INGW;Ingenieurwissenschaften;11399;Tsd. EUR;ENM016;Einnahmen der Hochschulen (ohne Trägermittel)
21371;Hochschulfinanzstatistik;JAHR;Jahr;2024;DLAND;Bundesländer;15;Sachsen-Anhalt;BILHA2;Hochschulart;HSLART082;Verwaltungsfachhochschulen;BILFG4;Fächergruppen;FACHGR-RWSW;Rechts-, Wirtschafts- und Sozialwissenschaften;413;Tsd. EUR;ENM016;Einnahmen der Hochschulen (ohne Trägermittel)
21371;Hochschulfinanzstatistik;JAHR;Jahr;2024;DLAND;Bundesländer;16;Thüringen;BILHA2;Hochschulart;HSLART082;Verwaltungsfachhochschulen;BILFG4;Fächergruppen;FACHGR-KUNSTW;Kunst, Kunstwissenschaft;-;Tsd. EUR;ENM016;Einnahmen der Hochschulen (ohne Trägermittel)
21371;Hochschulfinanzstatistik;JAHR;Jahr;2024;DLAND;Bundesländer;11;Berlin;BILHA2;Hochschulart;HSLART06;Kunsthochschulen;BILFG4;Fächergruppen;FACHGR-AGRVET;Agrar-, Forst- u.Ernährungswiss., Veterinärmedizin;-;Tsd. EUR;ENM016;Einnahmen der Hochschulen (ohne Trägermittel)
21371;Hochschulfinanzstatistik;JAHR;Jahr;2024;DLAND;Bundesländer;13;Mecklenburg-Vorpommern;BILHA2;Hochschulart;HSLART06;Kunsthochschulen;BILFG4;Fächergruppen;;Insgesamt;1622;Tsd. EUR;ENM016;Einnahmen der Hochschulen (ohne Trägermittel)
21371;Hochschulfinanzstatistik;JAHR;Jahr;2024;DLAND;Bundesländer;09;Bayern;BILHA2;Hochschulart;HSLART06;Kunsthochschulen;BILFG4;Fächergruppen;FACHGR-MEDHUM;Humanmedizin/Gesundheitswissenschaften;-;Tsd. EUR;ENM016;Einnahmen der Hochschulen (ohne Trägermittel)
21371;Hochschulfinanzstatistik;JAHR;Jahr;2024;DLAND;Bundesländer;06;Hessen;BILHA2;Hochschulart;HSLART03;Pädagogische Hochschulen;BILFG4;Fächergruppen;FACHGR-RWSW;Rechts-, Wirtschafts- und Sozialwissenschaften;-;Tsd. EUR;ENM016;Einnahmen der Hochschulen (ohne Trägermittel)
21371;Hochschulfinanzstatistik;JAHR;Jahr;2024;DLAND;Bundesländer;06;Hessen;BILHA2;Hochschulart;HSLART03;Pädagogische Hochschulen;BILFG4;Fächergruppen;FACHGR-KUNSTW;Kunst, Kunstwissenschaft;-;Tsd. EUR;ENM016;Einnahmen der Hochschulen (ohne Trägermittel)
21371;Hochschulfinanzstatistik;JAHR;Jahr;2024;DLAND;Bundesländer;01;Schleswig-Holstein;BILHA2;Hochschulart;HSLART08;Fachhochschulen;BILFG4;Fächergruppen;FACHGR-ZE-01;Zentr.Einrichtungen (o. klinikspez. Einrichtungen);10285;Tsd. EUR;ENM016;Einnahmen der Hochschulen (ohne Trägermittel)
21371;Hochschulfinanzstatistik;JAHR;Jahr;2024;DLAND;Bundesländer;11;Berlin;BILHA2;Hochschulart;HSLART082;Verwaltungsfachhochschulen;BILFG4;Fächergruppen;FACHGR-SKW;Geisteswissenschaften;-;Tsd. EUR;ENM016;Einnahmen der Hochschulen (ohne Trägermittel)
21371;Hochschulfinanzstatistik;JAHR;Jahr;2024;DLAND;Bundesländer;01;Schleswig-Holstein;BILHA2;Hochschulart;HSLART05;Theologische Hochschulen;BILFG4;Fächergruppen;FACHGR-SKW;Geisteswissenschaften;-;Tsd. EUR;ENM016;Einnahmen der Hochschulen (ohne Trägermittel)
21371;Hochschulfinanzstatistik;JAHR;Jahr;2024;DLAND;Bundesländer;03;Niedersachsen;BILHA2;Hochschulart;HSLART082;Verwaltungsfachhochschulen;BILFG4;Fächergruppen;FACHGR-MEDHUM;Humanmedizin/Gesundheitswissenschaften;-;Tsd. EUR;ENM016;Einnahmen der Hochschulen (ohne Trägermittel)
21371;Hochschulfinanzstatistik;JAHR;Jahr;2024;DLAND;Bundesländer;09;Bayern;BILHA2;Hochschulart;;Insgesamt;BILFG4;Fächergruppen;FACHGR-MEDHUM;Humanmedizin/Gesundheitswissenschaften;5346880;Tsd. EUR;ENM016;Einnahmen der Hochschulen (ohne Trägermittel)
21371;Hochschulfinanzstatistik;JAHR;Jahr;2024;DLAND;Bundesländer;04;Bremen;BILHA2;Hochschulart;;Insgesamt;BILFG4;Fächergruppen;FACHGR-KUNSTW;Kunst, Kunstwissenschaft;2233;Tsd. EUR;ENM016;Einnahmen der Hochschulen (ohne Trägermittel)
21371;Hochschulfinanzstatistik;JAHR;Jahr;2024;DLAND;Bundesländer;12;Brandenburg;BILHA2;Hochschulart;HSLART06;Kunsthochschulen;BILFG4;Fächergruppen;FACHGR-SPR;Sport;-;Tsd. EUR;ENM016;Einnahmen der Hochschulen (ohne Trägermittel)
21371;Hochschulfinanzstatistik;JAHR;Jahr;2024;DLAND;Bundesländer;10;Saarland;BILHA2;Hochschulart;HSLART06;Kunsthochschulen;BILFG4;Fächergruppen;FACHGR-AGRVET;Agrar-, Forst- u.Ernährungswiss., Veterinärmedizin;-;Tsd. EUR;ENM016;Einnahmen der Hochschulen (ohne Trägermittel)
21371;Hochschulfinanzstatistik;JAHR;Jahr;2024;DLAND;Bundesländer;08;Baden-Württemberg;BILHA2;Hochschulart;HSLART03;Pädagogische Hochschulen;BILFG4;Fächergruppen;FACHGR-RWSW;Rechts-, Wirtschafts- und Sozialwissenschaften;8593;Tsd. EUR;ENM016;Einnahmen der Hochschulen (ohne Trägermittel)
21371;Hochschulfinanzstatistik;JAHR;Jahr;2024;DLAND;Bundesländer;04;Bremen;BILHA2;Hochschulart;HSLART03;Pädagogische Hochschulen;BILFG4;Fächergruppen;FACHGR-KUNSTW;Kunst, Kunstwissenschaft;-;Tsd. EUR;ENM016;Einnahmen der Hochschulen (ohne Trägermittel)
21371;Hochschulfinanzstatistik;JAHR;Jahr;2024;DLAND;Bundesländer;09;Bayern;BILHA2;Hochschulart;HSLART06;Kunsthochschulen;BILFG4;Fächergruppen;FACHGR-RWSW;Rechts-, Wirtschafts- und Sozialwissenschaften;0;Tsd. EUR;ENM016;Einnahmen der Hochschulen (ohne Trägermittel)
21371;Hochschulfinanzstatistik;JAHR;Jahr;2024;DLAND;Bundesländer;07;Rheinland-Pfalz;BILHA2;Hochschulart;HSLART03;Pädagogische Hochschulen;BILFG4;Fächergruppen;FACHGR-KUNSTW;Kunst, Kunstwissenschaft;-;Tsd. EUR;ENM016;Einnahmen der Hochschulen (ohne Trägermittel)
21371;Hochschulfinanzstatistik;JAHR;Jahr;2024;DLAND;Bundesländer;13;Mecklenburg-Vorpommern;BILHA2;Hochschulart;HSLART06;Kunsthochschulen;BILFG4;Fächergruppen;FACHGR-AGRVET;Agrar-, Forst- u.Ernährungswiss., Veterinärmedizin;-;Tsd. EUR;ENM016;Einnahmen der Hochschulen (ohne Trägermittel)
21371;Hochschulfinanzstatistik;JAHR;Jahr;2024;DLAND;Bundesländer;15;Sachsen-Anhalt;BILHA2;Hochschulart;HSLART012;Medizinische Einrichtungen der Universitäten;BILFG4;Fächergruppen;FACHGR-SKW;Geisteswissenschaften;-;Tsd. EUR;ENM016;Einnahmen der Hochschulen (ohne Trägermittel)
21371;Hochschulfinanzstatistik;JAHR;Jahr;2024;DLAND;Bundesländer;09;Bayern;BILHA2;Hochschulart;HSLART011;Universitäten (ohne Medizinische Einrichtungen);BILFG4;Fächergruppen;FACHGR-INGW;Ingenieurwissenschaften;387659;Tsd. EUR;ENM016;Einnahmen der Hochschulen (ohne Trägermittel)
21371;Hochschulfinanzstatistik;JAHR;Jahr;2024;DLAND;Bundesländer;12;Brandenburg;BILHA2;Hochschulart;HSLART082;Verwaltungsfachhochschulen;BILFG4;Fächergruppen;FACHGR-INGW;Ingenieurwissenschaften;-;Tsd. EUR;ENM016;Einnahmen der Hochschulen (ohne Trägermittel)
21371;Hochschulfinanzstatistik;JAHR;Jahr;2024;DLAND;Bundesländer;07;Rheinland-Pfalz;BILHA2;Hochschulart;HSLART012;Medizinische Einrichtungen der Universitäten;BILFG4;Fächergruppen;FACHGR-INGW;Ingenieurwissenschaften;-;Tsd. EUR;ENM016;Einnahmen der Hochschulen (ohne Trägermittel)
21371;Hochschulfinanzstatistik;JAHR;Jahr;2024;DLAND;Bundesländer;10;Saarland;BILHA2;Hochschulart;HSLART012;Medizinische Einrichtungen der Universitäten;BILFG4;Fächergruppen;FACHGR-RWSW;Rechts-, Wirtschafts- und Sozialwissenschaften;-;Tsd. EUR;ENM016;Einnahmen der Hochschulen (ohne Trägermittel)
21371;Hochschulfinanzstatistik;JAHR;Jahr;2024;DLAND;Bundesländer;07;Rheinland-Pfalz;BILHA2;Hochschulart;HSLART011;Universitäten (ohne Medizinische Einrichtungen);BILFG4;Fächergruppen;;Insgesamt;311893;Tsd. EUR;ENM016;Einnahmen der Hochschulen (ohne Trägermittel)
21371;Hochschulfinanzstatistik;JAHR;Jahr;2024;DLAND;Bundesländer;12;Brandenburg;BILHA2;Hochschulart;HSLART012;Medizinische Einrichtungen der Universitäten;BILFG4;Fächergruppen;FACHGR-KUNSTW;Kunst, Kunstwissenschaft;-;Tsd. EUR;ENM016;Einnahmen der Hochschulen (ohne Trägermittel)
21371;Hochschulfinanzstatistik;JAHR;Jahr;2024;DLAND;Bundesländer;07;Rheinland-Pfalz;BILHA2;Hochschulart;HSLART082;Verwaltungsfachhochschulen;BILFG4;Fächergruppen;FACHGR-SKW;Geisteswissenschaften;-;Tsd. EUR;ENM016;Einnahmen der Hochschulen (ohne Trägermittel)
21371;Hochschulfinanzstatistik;JAHR;Jahr;2024;DLAND;Bundesländer;13;Mecklenburg-Vorpommern;BILHA2;Hochschulart;HSLART011;Universitäten (ohne Medizinische Einrichtungen);BILFG4;Fächergruppen;FACHGR-MEDHUM;Humanmedizin/Gesundheitswissenschaften;-;Tsd. EUR;ENM016;Einnahmen der Hochschulen (ohne Trägermittel)
21371;Hochschulfinanzstatistik;JAHR;Jahr;2024;DLAND;Bundesländer;11;Berlin;BILHA2;Hochschulart;HSLART08;Fachhochschulen;BILFG4;Fächergruppen;FACHGR-ZE-01;Zentr.Einrichtungen (o. klinikspez. Einrichtungen);21557;Tsd. EUR;ENM016;Einnahmen der Hochschulen (ohne Trägermittel)
21371;Hochschulfinanzstatistik;JAHR;Jahr;2024;DLAND;Bundesländer;16;Thüringen;BILHA2;Hochschulart;HSLART011;Universitäten (ohne Medizinische Einrichtungen);BILFG4;Fächergruppen;FACHGR-ZE-01;Zentr.Einrichtungen (o. klinikspez. Einrichtungen);78270;Tsd. EUR;ENM016;Einnahmen der Hochschulen (ohne Trägermittel)
21371;Hochschulfinanzstatistik;JAHR;Jahr;2024;DLAND;Bundesländer;11;Berlin;BILHA2;Hochschulart;HSLART082;Verwaltungsfachhochschulen;BILFG4;Fächergruppen;FACHGR-MEDHUM;Humanmedizin/Gesundheitswissenschaften;-;Tsd. EUR;ENM016;Einnahmen der Hochschulen (ohne Trägermittel)
21371;Hochschulfinanzstatistik;JAHR;Jahr;2024;DLAND;Bundesländer;14;Sachsen;BILHA2;Hochschulart;HSLART06;Kunsthochschulen;BILFG4;Fächergruppen;FACHGR-SPR;Sport;-;Tsd. EUR;ENM016;Einnahmen der Hochschulen (ohne Trägermittel)
21371;Hochschulfinanzstatistik;JAHR;Jahr;2024;DLAND;Bundesländer;16;Thüringen;BILHA2;Hochschulart;;Insgesamt;BILFG4;Fächergruppen;FACHGR-ZE-01;Zentr.Einrichtungen (o. klinikspez. Einrichtungen);89485;Tsd. EUR;ENM016;Einnahmen der Hochschulen (ohne Trägermittel)
21371;Hochschulfinanzstatistik;JAHR;Jahr;2024;DLAND;Bundesländer;06;Hessen;BILHA2;Hochschulart;HSLART06;Kunsthochschulen;BILFG4;Fächergruppen;;Insgesamt;9282;Tsd. EUR;ENM016;Einnahmen der Hochschulen (ohne Trägermittel)
21371;Hochschulfinanzstatistik;JAHR;Jahr;2024;DLAND;Bundesländer;05;Nordrhein-Westfalen;BILHA2;Hochschulart;HSLART05;Theologische Hochschulen;BILFG4;Fächergruppen;FACHGR-SKW;Geisteswissenschaften;2511;Tsd. EUR;ENM016;Einnahmen der Hochschulen (ohne Trägermittel)
21371;Hochschulfinanzstatistik;JAHR;Jahr;2024;DLAND;Bundesländer;07;Rheinland-Pfalz;BILHA2;Hochschulart;HSLART06;Kunsthochschulen;BILFG4;Fächergruppen;FACHGR-RWSW;Rechts-, Wirtschafts- und Sozialwissenschaften;-;Tsd. EUR;ENM016;Einnahmen der Hochschulen (ohne Trägermittel)
21371;Hochschulfinanzstatistik;JAHR;Jahr;2024;DLAND;Bundesländer;14;Sachsen;BILHA2;Hochschulart;HSLART06;Kunsthochschulen;BILFG4;Fächergruppen;FACHGR-AGRVET;Agrar-, Forst- u.Ernährungswiss., Veterinärmedizin;-;Tsd. EUR;ENM016;Einnahmen der Hochschulen (ohne Trägermittel)
21371;Hochschulfinanzstatistik;JAHR;Jahr;2024;DLAND;Bundesländer;08;Baden-Württemberg;BILHA2;Hochschulart;HSLART03;Pädagogische Hochschulen;BILFG4;Fächergruppen;FACHGR-ZE-01;Zentr.Einrichtungen (o. klinikspez. Einrichtungen);13293;Tsd. EUR;ENM016;Einnahmen der Hochschulen (ohne Trägermittel)
21371;Hochschulfinanzstatistik;JAHR;Jahr;2024;DLAND;Bundesländer;16;Thüringen;BILHA2;Hochschulart;HSLART011;Universitäten (ohne Medizinische Einrichtungen);BILFG4;Fächergruppen;FACHGR-NATW;Mathematik, Naturwissenschaften;76485;Tsd. EUR;ENM016;Einnahmen der Hochschulen (ohne Trägermittel)
21371;Hochschulfinanzstatistik;JAHR;Jahr;2024;DLAND;Bundesländer;08;Baden-Württemberg;BILHA2;Hochschulart;HSLART03;Pädagogische Hochschulen;BILFG4;Fächergruppen;FACHGR-KUNSTW;Kunst, Kunstwissenschaft;944;Tsd. EUR;ENM016;Einnahmen der Hochschulen (ohne Trägermittel)
21371;Hochschulfinanzstatistik;JAHR;Jahr;2024;DLAND;Bundesländer;05;Nordrhein-Westfalen;BILHA2;Hochschulart;HSLART03;Pädagogische Hochschulen;BILFG4;Fächergruppen;FACHGR-KUNSTW;Kunst, Kunstwissenschaft;-;Tsd. EUR;ENM016;Einnahmen der Hochschulen (ohne Trägermittel)
21371;Hochschulfinanzstatistik;JAHR;Jahr;2024;DLAND;Bundesländer;02;Hamburg;BILHA2;Hochschulart;HSLART03;Pädagogische Hochschulen;BILFG4;Fächergruppen;FACHGR-KUNSTW;Kunst, Kunstwissenschaft;-;Tsd. EUR;ENM016;Einnahmen der Hochschulen (ohne Trägermittel)
21371;Hochschulfinanzstatistik;JAHR;Jahr;2024;DLAND;Bundesländer;01;Schleswig-Holstein;BILHA2;Hochschulart;;Insgesamt;BILFG4;Fächergruppen;FACHGR-AGRVET;Agrar-, Forst- u.Ernährungswiss., Veterinärmedizin;9472;Tsd. EUR;ENM016;Einnahmen der Hochschulen (ohne Trägermittel)
21371;Hochschulfinanzstatistik;JAHR;Jahr;2024;DLAND;Bundesländer;11;Berlin;BILHA2;Hochschulart;HSLART03;Pädagogische Hochschulen;BILFG4;Fächergruppen;;Insgesamt;-;Tsd. EUR;ENM016;Einnahmen der Hochschulen (ohne Trägermittel)
21371;Hochschulfinanzstatistik;JAHR;Jahr;2024;DLAND;Bundesländer;14;Sachsen;BILHA2;Hochschulart;;Insgesamt;BILFG4;Fächergruppen;FACHGR-ZE-01;Zentr.Einrichtungen (o. klinikspez. Einrichtungen);159911;Tsd. EUR;ENM016;Einnahmen der Hochschulen (ohne Trägermittel)
21371;Hochschulfinanzstatistik;JAHR;Jahr;2024;DLAND;Bundesländer;04;Bremen;BILHA2;Hochschulart;HSLART03;Pädagogische Hochschulen;BILFG4;Fächergruppen;FACHGR-RWSW;Rechts-, Wirtschafts- und Sozialwissenschaften;-;Tsd. EUR;ENM016;Einnahmen der Hochschulen (ohne Trägermittel)
21371;Hochschulfinanzstatistik;JAHR;Jahr;2024;DLAND;Bundesländer;15;Sachsen-Anhalt;BILHA2;Hochschulart;HSLART082;Verwaltungsfachhochschulen;BILFG4;Fächergruppen;FACHGR-AGRVET;Agrar-, Forst- u.Ernährungswiss., Veterinärmedizin;-;Tsd. EUR;ENM016;Einnahmen der Hochschulen (ohne Trägermittel)
21371;Hochschulfinanzstatistik;JAHR;Jahr;2024;DLAND;Bundesländer;13;Mecklenburg-Vorpommern;BILHA2;Hochschulart;HSLART06;Kunsthochschulen;BILFG4;Fächergruppen;FACHGR-SPR;Sport;-;Tsd. EUR;ENM016;Einnahmen der Hochschulen (ohne Trägermittel)
21371;Hochschulfinanzstatistik;JAHR;Jahr;2024;DLAND;Bundesländer;08;Baden-Württemberg;BILHA2;Hochschulart;HSLART011;Universitäten (ohne Medizinische Einrichtungen);BILFG4;Fächergruppen;FACHGR-MEDHUM;Humanmedizin/Gesundheitswissenschaften;-;Tsd. EUR;ENM016;Einnahmen der Hochschulen (ohne Trägermittel)
21371;Hochschulfinanzstatistik;JAHR;Jahr;2024;DLAND;Bundesländer;08;Baden-Württemberg;BILHA2;Hochschulart;HSLART06;Kunsthochschulen;BILFG4;Fächergruppen;FACHGR-MEDHUM;Humanmedizin/Gesundheitswissenschaften;-;Tsd. EUR;ENM016;Einnahmen der Hochschulen (ohne Trägermittel)
21371;Hochschulfinanzstatistik;JAHR;Jahr;2024;DLAND;Bundesländer;06;Hessen;BILHA2;Hochschulart;HSLART05;Theologische Hochschulen;BILFG4;Fächergruppen;FACHGR-SKW;Geisteswissenschaften;5444;Tsd. EUR;ENM016;Einnahmen der Hochschulen (ohne Trägermittel)
21371;Hochschulfinanzstatistik;JAHR;Jahr;2024;DLAND;Bundesländer;05;Nordrhein-Westfalen;BILHA2;Hochschulart;HSLART06;Kunsthochschulen;BILFG4;Fächergruppen;FACHGR-MEDHUM;Humanmedizin/Gesundheitswissenschaften;-;Tsd. EUR;ENM016;Einnahmen der Hochschulen (ohne Trägermittel)
21371;Hochschulfinanzstatistik;JAHR;Jahr;2024;DLAND;Bundesländer;10;Saarland;BILHA2;Hochschulart;HSLART06;Kunsthochschulen;BILFG4;Fächergruppen;FACHGR-NATW;Mathematik, Naturwissenschaften;-;Tsd. EUR;ENM016;Einnahmen der Hochschulen (ohne Trägermittel)
21371;Hochschulfinanzstatistik;JAHR;Jahr;2024;DLAND;Bundesländer;08;Baden-Württemberg;BILHA2;Hochschulart;HSLART05;Theologische Hochschulen;BILFG4;Fächergruppen;FACHGR-NATW;Mathematik, Naturwissenschaften;-;Tsd. EUR;ENM016;Einnahmen der Hochschulen (ohne Trägermittel)
21371;Hochschulfinanzstatistik;JAHR;Jahr;2024;DLAND;Bundesländer;09;Bayern;BILHA2;Hochschulart;HSLART08;Fachhochschulen;BILFG4;Fächergruppen;FACHGR-NATW;Mathematik, Naturwissenschaften;3754;Tsd. EUR;ENM016;Einnahmen der Hochschulen (ohne Trägermittel)
21371;Hochschulfinanzstatistik;JAHR;Jahr;2024;DLAND;Bundesländer;03;Niedersachsen;BILHA2;Hochschulart;HSLART08;Fachhochschulen;BILFG4;Fächergruppen;FACHGR-KUNSTW;Kunst, Kunstwissenschaft;3694;Tsd. EUR;ENM016;Einnahmen der Hochschulen (ohne Trägermittel)
21371;Hochschulfinanzstatistik;JAHR;Jahr;2024;DLAND;Bundesländer;05;Nordrhein-Westfalen;BILHA2;Hochschulart;HSLART011;Universitäten (ohne Medizinische Einrichtungen);BILFG4;Fächergruppen;FACHGR-NATW;Mathematik, Naturwissenschaften;408421;Tsd. EUR;ENM016;Einnahmen der Hochschulen (ohne Trägermittel)
21371;Hochschulfinanzstatistik;JAHR;Jahr;2024;DLAND;Bundesländer;08;Baden-Württemberg;BILHA2;Hochschulart;HSLART082;Verwaltungsfachhochschulen;BILFG4;Fächergruppen;FACHGR-SPR;Sport;-;Tsd. EUR;ENM016;Einnahmen der Hochschulen (ohne Trägermittel)
21371;Hochschulfinanzstatistik;JAHR;Jahr;2024;DLAND;Bundesländer;14;Sachsen;BILHA2;Hochschulart;HSLART011;Universitäten (ohne Medizinische Einrichtungen);BILFG4;Fächergruppen;FACHGR-ZE-01;Zentr.Einrichtungen (o. klinikspez. Einrichtungen);135964;Tsd. EUR;ENM016;Einnahmen der Hochschulen (ohne Trägermittel)
21371;Hochschulfinanzstatistik;JAHR;Jahr;2024;DLAND;Bundesländer;16;Thüringen;BILHA2;Hochschulart;HSLART05;Theologische Hochschulen;BILFG4;Fächergruppen;FACHGR-KUNSTW;Kunst, Kunstwissenschaft;-;Tsd. EUR;ENM016;Einnahmen der Hochschulen (ohne Trägermittel)
21371;Hochschulfinanzstatistik;JAHR;Jahr;2024;DLAND;Bundesländer;13;Mecklenburg-Vorpommern;BILHA2;Hochschulart;HSLART012;Medizinische Einrichtungen der Universitäten;BILFG4;Fächergruppen;FACHGR-SKW;Geisteswissenschaften;-;Tsd. EUR;ENM016;Einnahmen der Hochschulen (ohne Trägermittel)
21371;Hochschulfinanzstatistik;JAHR;Jahr;2024;DLAND;Bundesländer;05;Nordrhein-Westfalen;BILHA2;Hochschulart;HSLART06;Kunsthochschulen;BILFG4;Fächergruppen;FACHGR-SKW;Geisteswissenschaften;-;Tsd. EUR;ENM016;Einnahmen der Hochschulen (ohne Trägermittel)
21371;Hochschulfinanzstatistik;JAHR;Jahr;2024;DLAND;Bundesländer;05;Nordrhein-Westfalen;BILHA2;Hochschulart;HSLART06;Kunsthochschulen;BILFG4;Fächergruppen;FACHGR-RWSW;Rechts-, Wirtschafts- und Sozialwissenschaften;6098;Tsd. EUR;ENM016;Einnahmen der Hochschulen (ohne Trägermittel)
21371;Hochschulfinanzstatistik;JAHR;Jahr;2024;DLAND;Bundesländer;10;Saarland;BILHA2;Hochschulart;HSLART08;Fachhochschulen;BILFG4;Fächergruppen;FACHGR-ZE-01;Zentr.Einrichtungen (o. klinikspez. Einrichtungen);5223;Tsd. EUR;ENM016;Einnahmen der Hochschulen (ohne Trägermittel)
21371;Hochschulfinanzstatistik;JAHR;Jahr;2024;DLAND;Bundesländer;01;Schleswig-Holstein;BILHA2;Hochschulart;HSLART011;Universitäten (ohne Medizinische Einrichtungen);BILFG4;Fächergruppen;FACHGR-RWSW;Rechts-, Wirtschafts- und Sozialwissenschaften;7633;Tsd. EUR;ENM016;Einnahmen der Hochschulen (ohne Trägermittel)
21371;Hochschulfinanzstatistik;JAHR;Jahr;2024;DLAND;Bundesländer;02;Hamburg;BILHA2;Hochschulart;HSLART08;Fachhochschulen;BILFG4;Fächergruppen;FACHGR-KUNSTW;Kunst, Kunstwissenschaft;318;Tsd. EUR;ENM016;Einnahmen der Hochschulen (ohne Trägermittel)
21371;Hochschulfinanzstatistik;JAHR;Jahr;2024;DLAND;Bundesländer;13;Mecklenburg-Vorpommern;BILHA2;Hochschulart;HSLART011;Universitäten (ohne Medizinische Einrichtungen);BILFG4;Fächergruppen;FACHGR-ZE-01;Zentr.Einrichtungen (o. klinikspez. Einrichtungen);21224;Tsd. EUR;ENM016;Einnahmen der Hochschulen (ohne Trägermittel)
21371;Hochschulfinanzstatistik;JAHR;Jahr;2024;DLAND;Bundesländer;03;Niedersachsen;BILHA2;Hochschulart;;Insgesamt;BILFG4;Fächergruppen;FACHGR-NATW;Mathematik, Naturwissenschaften;137698;Tsd. EUR;ENM016;Einnahmen der Hochschulen (ohne Trägermittel)
21371;Hochschulfinanzstatistik;JAHR;Jahr;2024;DLAND;Bundesländer;09;Bayern;BILHA2;Hochschulart;HSLART082;Verwaltungsfachhochschulen;BILFG4;Fächergruppen;FACHGR-SKW;Geisteswissenschaften;-;Tsd. EUR;ENM016;Einnahmen der Hochschulen (ohne Trägermittel)
21371;Hochschulfinanzstatistik;JAHR;Jahr;2024;DLAND;Bundesländer;07;Rheinland-Pfalz;BILHA2;Hochschulart;HSLART05;Theologische Hochschulen;BILFG4;Fächergruppen;FACHGR-AGRVET;Agrar-, Forst- u.Ernährungswiss., Veterinärmedizin;-;Tsd. EUR;ENM016;Einnahmen der Hochschulen (ohne Trägermittel)
21371;Hochschulfinanzstatistik;JAHR;Jahr;2024;DLAND;Bundesländer;15;Sachsen-Anhalt;BILHA2;Hochschulart;HSLART05;Theologische Hochschulen;BILFG4;Fächergruppen;FACHGR-KUNSTW;Kunst, Kunstwissenschaft;-;Tsd. EUR;ENM016;Einnahmen der Hochschulen (ohne Trägermittel)
21371;Hochschulfinanzstatistik;JAHR;Jahr;2024;DLAND;Bundesländer;15;Sachsen-Anhalt;BILHA2;Hochschulart;HSLART011;Universitäten (ohne Medizinische Einrichtungen);BILFG4;Fächergruppen;FACHGR-ZE-01;Zentr.Einrichtungen (o. klinikspez. Einrichtungen);38948;Tsd. EUR;ENM016;Einnahmen der Hochschulen (ohne Trägermittel)
21371;Hochschulfinanzstatistik;JAHR;Jahr;2024;DLAND;Bundesländer;14;Sachsen;BILHA2;Hochschulart;HSLART03;Pädagogische Hochschulen;BILFG4;Fächergruppen;FACHGR-RWSW;Rechts-, Wirtschafts- und Sozialwissenschaften;-;Tsd. EUR;ENM016;Einnahmen der Hochschulen (ohne Trägermittel)
21371;Hochschulfinanzstatistik;JAHR;Jahr;2024;DLAND;Bundesländer;15;Sachsen-Anhalt;BILHA2;Hochschulart;HSLART011;Universitäten (ohne Medizinische Einrichtungen);BILFG4;Fächergruppen;FACHGR-NATW;Mathematik, Naturwissenschaften;19523;Tsd. EUR;ENM016;Einnahmen der Hochschulen (ohne Trägermittel)
21371;Hochschulfinanzstatistik;JAHR;Jahr;2024;DLAND;Bundesländer;16;Thüringen;BILHA2;Hochschulart;HSLART06;Kunsthochschulen;BILFG4;Fächergruppen;FACHGR-AGRVET;Agrar-, Forst- u.Ernährungswiss., Veterinärmedizin;-;Tsd. EUR;ENM016;Einnahmen der Hochschulen (ohne Trägermittel)
21371;Hochschulfinanzstatistik;JAHR;Jahr;2024;DLAND;Bundesländer;15;Sachsen-Anhalt;BILHA2;Hochschulart;HSLART06;Kunsthochschulen;BILFG4;Fächergruppen;FACHGR-RWSW;Rechts-, Wirtschafts- und Sozialwissenschaften;-;Tsd. EUR;ENM016;Einnahmen der Hochschulen (ohne Trägermittel)
21371;Hochschulfinanzstatistik;JAHR;Jahr;2024;DLAND;Bundesländer;05;Nordrhein-Westfalen;BILHA2;Hochschulart;HSLART05;Theologische Hochschulen;BILFG4;Fächergruppen;FACHGR-AGRVET;Agrar-, Forst- u.Ernährungswiss., Veterinärmedizin;-;Tsd. EUR;ENM016;Einnahmen der Hochschulen (ohne Trägermittel)
21371;Hochschulfinanzstatistik;JAHR;Jahr;2024;DLAND;Bundesländer;07;Rheinland-Pfalz;BILHA2;Hochschulart;HSLART03;Pädagogische Hochschulen;BILFG4;Fächergruppen;FACHGR-ZE-01;Zentr.Einrichtungen (o. klinikspez. Einrichtungen);-;Tsd. EUR;ENM016;Einnahmen der Hochschulen (ohne Trägermittel)
21371;Hochschulfinanzstatistik;JAHR;Jahr;2024;DLAND;Bundesländer;01;Schleswig-Holstein;BILHA2;Hochschulart;HSLART03;Pädagogische Hochschulen;BILFG4;Fächergruppen;FACHGR-KUNSTW;Kunst, Kunstwissenschaft;-;Tsd. EUR;ENM016;Einnahmen der Hochschulen (ohne Trägermittel)
21371;Hochschulfinanzstatistik;JAHR;Jahr;2024;DLAND;Bundesländer;02;Hamburg;BILHA2;Hochschulart;HSLART011;Universitäten (ohne Medizinische Einrichtungen);BILFG4;Fächergruppen;;Insgesamt;340750;Tsd. EUR;ENM016;Einnahmen der Hochschulen (ohne Trägermittel)
21371;Hochschulfinanzstatistik;JAHR;Jahr;2024;DLAND;Bundesländer;11;Berlin;BILHA2;Hochschulart;HSLART05;Theologische Hochschulen;BILFG4;Fächergruppen;;Insgesamt;-;Tsd. EUR;ENM016;Einnahmen der Hochschulen (ohne Trägermittel)
21371;Hochschulfinanzstatistik;JAHR;Jahr;2024;DLAND;Bundesländer;10;Saarland;BILHA2;Hochschulart;;Insgesamt;BILFG4;Fächergruppen;FACHGR-SPR;Sport;137;Tsd. EUR;ENM016;Einnahmen der Hochschulen (ohne Trägermittel)
21371;Hochschulfinanzstatistik;JAHR;Jahr;2024;DLAND;Bundesländer;05;Nordrhein-Westfalen;BILHA2;Hochschulart;HSLART03;Pädagogische Hochschulen;BILFG4;Fächergruppen;FACHGR-NATW;Mathematik, Naturwissenschaften;-;Tsd. EUR;ENM016;Einnahmen der Hochschulen (ohne Trägermittel)
21371;Hochschulfinanzstatistik;JAHR;Jahr;2024;DLAND;Bundesländer;04;Bremen;BILHA2;Hochschulart;HSLART08;Fachhochschulen;BILFG4;Fächergruppen;FACHGR-KUNSTW;Kunst, Kunstwissenschaft;-;Tsd. EUR;ENM016;Einnahmen der Hochschulen (ohne Trägermittel)
21371;Hochschulfinanzstatistik;JAHR;Jahr;2024;DLAND;Bundesländer;06;Hessen;BILHA2;Hochschulart;HSLART06;Kunsthochschulen;BILFG4;Fächergruppen;FACHGR-NATW;Mathematik, Naturwissenschaften;-;Tsd. EUR;ENM016;Einnahmen der Hochschulen (ohne Trägermittel)
21371;Hochschulfinanzstatistik;JAHR;Jahr;2024;DLAND;Bundesländer;15;Sachsen-Anhalt;BILHA2;Hochschulart;HSLART06;Kunsthochschulen;BILFG4;Fächergruppen;FACHGR-SPR;Sport;-;Tsd. EUR;ENM016;Einnahmen der Hochschulen (ohne Trägermittel)
21371;Hochschulfinanzstatistik;JAHR;Jahr;2024;DLAND;Bundesländer;08;Baden-Württemberg;BILHA2;Hochschulart;HSLART05;Theologische Hochschulen;BILFG4;Fächergruppen;FACHGR-SKW;Geisteswissenschaften;-;Tsd. EUR;ENM016;Einnahmen der Hochschulen (ohne Trägermittel)
21371;Hochschulfinanzstatistik;JAHR;Jahr;2024;DLAND;Bundesländer;15;Sachsen-Anhalt;BILHA2;Hochschulart;HSLART05;Theologische Hochschulen;BILFG4;Fächergruppen;;Insgesamt;2340;Tsd. EUR;ENM016;Einnahmen der Hochschulen (ohne Trägermittel)
21371;Hochschulfinanzstatistik;JAHR;Jahr;2024;DLAND;Bundesländer;06;Hessen;BILHA2;Hochschulart;HSLART011;Universitäten (ohne Medizinische Einrichtungen);BILFG4;Fächergruppen;FACHGR-NATW;Mathematik, Naturwissenschaften;146771;Tsd. EUR;ENM016;Einnahmen der Hochschulen (ohne Trägermittel)
21371;Hochschulfinanzstatistik;JAHR;Jahr;2024;DLAND;Bundesländer;02;Hamburg;BILHA2;Hochschulart;HSLART03;Pädagogische Hochschulen;BILFG4;Fächergruppen;FACHGR-RWSW;Rechts-, Wirtschafts- und Sozialwissenschaften;-;Tsd. EUR;ENM016;Einnahmen der Hochschulen (ohne Trägermittel)
21371;Hochschulfinanzstatistik;JAHR;Jahr;2024;DLAND;Bundesländer;12;Brandenburg;BILHA2;Hochschulart;HSLART011;Universitäten (ohne Medizinische Einrichtungen);BILFG4;Fächergruppen;FACHGR-RWSW;Rechts-, Wirtschafts- und Sozialwissenschaften;27021;Tsd. EUR;ENM016;Einnahmen der Hochschulen (ohne Trägermittel)
21371;Hochschulfinanzstatistik;JAHR;Jahr;2024;DLAND;Bundesländer;15;Sachsen-Anhalt;BILHA2;Hochschulart;;Insgesamt;BILFG4;Fächergruppen;FACHGR-SPR;Sport;1041;Tsd. EUR;ENM016;Einnahmen der Hochschulen (ohne Trägermittel)
21371;Hochschulfinanzstatistik;JAHR;Jahr;2024;DLAND;Bundesländer;12;Brandenburg;BILHA2;Hochschulart;;Insgesamt;BILFG4;Fächergruppen;FACHGR-ZE-01;Zentr.Einrichtungen (o. klinikspez. Einrichtungen);66089;Tsd. EUR;ENM016;Einnahmen der Hochschulen (ohne Trägermittel)
21371;Hochschulfinanzstatistik;JAHR;Jahr;2024;DLAND;Bundesländer;03;Niedersachsen;BILHA2;Hochschulart;HSLART082;Verwaltungsfachhochschulen;BILFG4;Fächergruppen;FACHGR-INGW;Ingenieurwissenschaften;-;Tsd. EUR;ENM016;Einnahmen der Hochschulen (ohne Trägermittel)
21371;Hochschulfinanzstatistik;JAHR;Jahr;2024;DLAND;Bundesländer;10;Saarland;BILHA2;Hochschulart;HSLART03;Pädagogische Hochschulen;BILFG4;Fächergruppen;FACHGR-RWSW;Rechts-, Wirtschafts- und Sozialwissenschaften;-;Tsd. EUR;ENM016;Einnahmen der Hochschulen (ohne Trägermittel)
21371;Hochschulfinanzstatistik;JAHR;Jahr;2024;DLAND;Bundesländer;10;Saarland;BILHA2;Hochschulart;;Insgesamt;BILFG4;Fächergruppen;FACHGR-ZE-01;Zentr.Einrichtungen (o. klinikspez. Einrichtungen);32664;Tsd. EUR;ENM016;Einnahmen der Hochschulen (ohne Trägermittel)
21371;Hochschulfinanzstatistik;JAHR;Jahr;2024;DLAND;Bundesländer;04;Bremen;BILHA2;Hochschulart;HSLART08;Fachhochschulen;BILFG4;Fächergruppen;FACHGR-INGW;Ingenieurwissenschaften;4726;Tsd. EUR;ENM016;Einnahmen der Hochschulen (ohne Trägermittel)
21371;Hochschulfinanzstatistik;JAHR;Jahr;2024;DLAND;Bundesländer;03;Niedersachsen;BILHA2;Hochschulart;HSLART05;Theologische Hochschulen;BILFG4;Fächergruppen;FACHGR-INGW;Ingenieurwissenschaften;-;Tsd. EUR;ENM016;Einnahmen der Hochschulen (ohne Trägermittel)
21371;Hochschulfinanzstatistik;JAHR;Jahr;2024;DLAND;Bundesländer;04;Bremen;BILHA2;Hochschulart;HSLART012;Medizinische Einrichtungen der Universitäten;BILFG4;Fächergruppen;FACHGR-KUNSTW;Kunst, Kunstwissenschaft;-;Tsd. EUR;ENM016;Einnahmen der Hochschulen (ohne Trägermittel)
21371;Hochschulfinanzstatistik;JAHR;Jahr;2024;DLAND;Bundesländer;11;Berlin;BILHA2;Hochschulart;HSLART06;Kunsthochschulen;BILFG4;Fächergruppen;FACHGR-RWSW;Rechts-, Wirtschafts- und Sozialwissenschaften;-;Tsd. EUR;ENM016;Einnahmen der Hochschulen (ohne Trägermittel)
21371;Hochschulfinanzstatistik;JAHR;Jahr;2024;DLAND;Bundesländer;01;Schleswig-Holstein;BILHA2;Hochschulart;HSLART011;Universitäten (ohne Medizinische Einrichtungen);BILFG4;Fächergruppen;FACHGR-SPR;Sport;776;Tsd. EUR;ENM016;Einnahmen der Hochschulen (ohne Trägermittel)
21371;Hochschulfinanzstatistik;JAHR;Jahr;2024;DLAND;Bundesländer;07;Rheinland-Pfalz;BILHA2;Hochschulart;HSLART06;Kunsthochschulen;BILFG4;Fächergruppen;FACHGR-SKW;Geisteswissenschaften;-;Tsd. EUR;ENM016;Einnahmen der Hochschulen (ohne Trägermittel)
21371;Hochschulfinanzstatistik;JAHR;Jahr;2024;DLAND;Bundesländer;01;Schleswig-Holstein;BILHA2;Hochschulart;HSLART06;Kunsthochschulen;BILFG4;Fächergruppen;FACHGR-MEDHUM;Humanmedizin/Gesundheitswissenschaften;-;Tsd. EUR;ENM016;Einnahmen der Hochschulen (ohne Trägermittel)
21371;Hochschulfinanzstatistik;JAHR;Jahr;2024;DLAND;Bundesländer;07;Rheinland-Pfalz;BILHA2;Hochschulart;HSLART06;Kunsthochschulen;BILFG4;Fächergruppen;FACHGR-MEDHUM;Humanmedizin/Gesundheitswissenschaften;-;Tsd. EUR;ENM016;Einnahmen der Hochschulen (ohne Trägermittel)
21371;Hochschulfinanzstatistik;JAHR;Jahr;2024;DLAND;Bundesländer;16;Thüringen;BILHA2;Hochschulart;HSLART08;Fachhochschulen;BILFG4;Fächergruppen;FACHGR-MEDHUM;Humanmedizin/Gesundheitswissenschaften;344;Tsd. EUR;ENM016;Einnahmen der Hochschulen (ohne Trägermittel)
21371;Hochschulfinanzstatistik;JAHR;Jahr;2024;DLAND;Bundesländer;13;Mecklenburg-Vorpommern;BILHA2;Hochschulart;;Insgesamt;BILFG4;Fächergruppen;FACHGR-SKW;Geisteswissenschaften;6393;Tsd. EUR;ENM016;Einnahmen der Hochschulen (ohne Trägermittel)
21371;Hochschulfinanzstatistik;JAHR;Jahr;2024;DLAND;Bundesländer;06;Hessen;BILHA2;Hochschulart;HSLART06;Kunsthochschulen;BILFG4;Fächergruppen;FACHGR-MEDHUM;Humanmedizin/Gesundheitswissenschaften;-;Tsd. EUR;ENM016;Einnahmen der Hochschulen (ohne Trägermittel)
21371;Hochschulfinanzstatistik;JAHR;Jahr;2024;DLAND;Bundesländer;01;Schleswig-Holstein;BILHA2;Hochschulart;;Insgesamt;BILFG4;Fächergruppen;FACHGR-NATW;Mathematik, Naturwissenschaften;21945;Tsd. EUR;ENM016;Einnahmen der Hochschulen (ohne Trägermittel)
21371;Hochschulfinanzstatistik;JAHR;Jahr;2024;DLAND;Bundesländer;13;Mecklenburg-Vorpommern;BILHA2;Hochschulart;HSLART08;Fachhochschulen;BILFG4;Fächergruppen;;Insgesamt;19156;Tsd. EUR;ENM016;Einnahmen der Hochschulen (ohne Trägermittel)
21371;Hochschulfinanzstatistik;JAHR;Jahr;2024;DLAND;Bundesländer;02;Hamburg;BILHA2;Hochschulart;HSLART06;Kunsthochschulen;BILFG4;Fächergruppen;FACHGR-SKW;Geisteswissenschaften;-;Tsd. EUR;ENM016;Einnahmen der Hochschulen (ohne Trägermittel)
21371;Hochschulfinanzstatistik;JAHR;Jahr;2024;DLAND;Bundesländer;03;Niedersachsen;BILHA2;Hochschulart;HSLART03;Pädagogische Hochschulen;BILFG4;Fächergruppen;FACHGR-NATW;Mathematik, Naturwissenschaften;-;Tsd. EUR;ENM016;Einnahmen der Hochschulen (ohne Trägermittel)
21371;Hochschulfinanzstatistik;JAHR;Jahr;2024;DLAND;Bundesländer;04;Bremen;BILHA2;Hochschulart;HSLART06;Kunsthochschulen;BILFG4;Fächergruppen;FACHGR-NATW;Mathematik, Naturwissenschaften;-;Tsd. EUR;ENM016;Einnahmen der Hochschulen (ohne Trägermittel)
21371;Hochschulfinanzstatistik;JAHR;Jahr;2024;DLAND;Bundesländer;01;Schleswig-Holstein;BILHA2;Hochschulart;HSLART082;Verwaltungsfachhochschulen;BILFG4;Fächergruppen;FACHGR-KUNSTW;Kunst, Kunstwissenschaft;-;Tsd. EUR;ENM016;Einnahmen der Hochschulen (ohne Trägermittel)
21371;Hochschulfinanzstatistik;JAHR;Jahr;2024;DLAND;Bundesländer;16;Thüringen;BILHA2;Hochschulart;HSLART082;Verwaltungsfachhochschulen;BILFG4;Fächergruppen;FACHGR-RWSW;Rechts-, Wirtschafts- und Sozialwissenschaften;562;Tsd. EUR;ENM016;Einnahmen der Hochschulen (ohne Trägermittel)
21371;Hochschulfinanzstatistik;JAHR;Jahr;2024;DLAND;Bundesländer;11;Berlin;BILHA2;Hochschulart;HSLART012;Medizinische Einrichtungen der Universitäten;BILFG4;Fächergruppen;FACHGR-SKW;Geisteswissenschaften;-;Tsd. EUR;ENM016;Einnahmen der Hochschulen (ohne Trägermittel)
21371;Hochschulfinanzstatistik;JAHR;Jahr;2024;DLAND;Bundesländer;16;Thüringen;BILHA2;Hochschulart;;Insgesamt;BILFG4;Fächergruppen;FACHGR-SPR;Sport;627;Tsd. EUR;ENM016;Einnahmen der Hochschulen (ohne Trägermittel)
21371;Hochschulfinanzstatistik;JAHR;Jahr;2024;DLAND;Bundesländer;06;Hessen;BILHA2;Hochschulart;HSLART05;Theologische Hochschulen;BILFG4;Fächergruppen;FACHGR-AGRVET;Agrar-, Forst- u.Ernährungswiss., Veterinärmedizin;-;Tsd. EUR;ENM016;Einnahmen der Hochschulen (ohne Trägermittel)
21371;Hochschulfinanzstatistik;JAHR;Jahr;2024;DLAND;Bundesländer;03;Niedersachsen;BILHA2;Hochschulart;HSLART05;Theologische Hochschulen;BILFG4;Fächergruppen;FACHGR-SKW;Geisteswissenschaften;-;Tsd. EUR;ENM016;Einnahmen der Hochschulen (ohne Trägermittel)
21371;Hochschulfinanzstatistik;JAHR;Jahr;2024;DLAND;Bundesländer;15;Sachsen-Anhalt;BILHA2;Hochschulart;HSLART06;Kunsthochschulen;BILFG4;Fächergruppen;FACHGR-AGRVET;Agrar-, Forst- u.Ernährungswiss., Veterinärmedizin;-;Tsd. EUR;ENM016;Einnahmen der Hochschulen (ohne Trägermittel)
21371;Hochschulfinanzstatistik;JAHR;Jahr;2024;DLAND;Bundesländer;02;Hamburg;BILHA2;Hochschulart;HSLART011;Universitäten (ohne Medizinische Einrichtungen);BILFG4;Fächergruppen;FACHGR-RWSW;Rechts-, Wirtschafts- und Sozialwissenschaften;65548;Tsd. EUR;ENM016;Einnahmen der Hochschulen (ohne Trägermittel)
21371;Hochschulfinanzstatistik;JAHR;Jahr;2024;DLAND;Bundesländer;02;Hamburg;BILHA2;Hochschulart;HSLART06;Kunsthochschulen;BILFG4;Fächergruppen;FACHGR-NATW;Mathematik, Naturwissenschaften;-;Tsd. EUR;ENM016;Einnahmen der Hochschulen (ohne Trägermittel)
21371;Hochschulfinanzstatistik;JAHR;Jahr;2024;DLAND;Bundesländer;10;Saarland;BILHA2;Hochschulart;HSLART06;Kunsthochschulen;BILFG4;Fächergruppen;FACHGR-SPR;Sport;-;Tsd. EUR;ENM016;Einnahmen der Hochschulen (ohne Trägermittel)
21371;Hochschulfinanzstatistik;JAHR;Jahr;2024;DLAND;Bundesländer;06;Hessen;BILHA2;Hochschulart;HSLART08;Fachhochschulen;BILFG4;Fächergruppen;FACHGR-INGW;Ingenieurwissenschaften;39000;Tsd. EUR;ENM016;Einnahmen der Hochschulen (ohne Trägermittel)
21371;Hochschulfinanzstatistik;JAHR;Jahr;2024;DLAND;Bundesländer;05;Nordrhein-Westfalen;BILHA2;Hochschulart;HSLART05;Theologische Hochschulen;BILFG4;Fächergruppen;FACHGR-INGW;Ingenieurwissenschaften;-;Tsd. EUR;ENM016;Einnahmen der Hochschulen (ohne Trägermittel)
21371;Hochschulfinanzstatistik;JAHR;Jahr;2024;DLAND;Bundesländer;08;Baden-Württemberg;BILHA2;Hochschulart;HSLART012;Medizinische Einrichtungen der Universitäten;BILFG4;Fächergruppen;FACHGR-INGW;Ingenieurwissenschaften;-;Tsd. EUR;ENM016;Einnahmen der Hochschulen (ohne Trägermittel)
21371;Hochschulfinanzstatistik;JAHR;Jahr;2024;DLAND;Bundesländer;03;Niedersachsen;BILHA2;Hochschulart;HSLART012;Medizinische Einrichtungen der Universitäten;BILFG4;Fächergruppen;FACHGR-AGRVET;Agrar-, Forst- u.Ernährungswiss., Veterinärmedizin;-;Tsd. EUR;ENM016;Einnahmen der Hochschulen (ohne Trägermittel)
21371;Hochschulfinanzstatistik;JAHR;Jahr;2024;DLAND;Bundesländer;11;Berlin;BILHA2;Hochschulart;HSLART082;Verwaltungsfachhochschulen;BILFG4;Fächergruppen;FACHGR-INGW;Ingenieurwissenschaften;-;Tsd. EUR;ENM016;Einnahmen der Hochschulen (ohne Trägermittel)
21371;Hochschulfinanzstatistik;JAHR;Jahr;2024;DLAND;Bundesländer;11;Berlin;BILHA2;Hochschulart;HSLART011;Universitäten (ohne Medizinische Einrichtungen);BILFG4;Fächergruppen;FACHGR-RWSW;Rechts-, Wirtschafts- und Sozialwissenschaften;154767;Tsd. EUR;ENM016;Einnahmen der Hochschulen (ohne Trägermittel)
21371;Hochschulfinanzstatistik;JAHR;Jahr;2024;DLAND;Bundesländer;14;Sachsen;BILHA2;Hochschulart;HSLART082;Verwaltungsfachhochschulen;BILFG4;Fächergruppen;FACHGR-MEDHUM;Humanmedizin/Gesundheitswissenschaften;-;Tsd. EUR;ENM016;Einnahmen der Hochschulen (ohne Trägermittel)
21371;Hochschulfinanzstatistik;JAHR;Jahr;2024;DLAND;Bundesländer;12;Brandenburg;BILHA2;Hochschulart;HSLART03;Pädagogische Hochschulen;BILFG4;Fächergruppen;FACHGR-RWSW;Rechts-, Wirtschafts- und Sozialwissenschaften;-;Tsd. EUR;ENM016;Einnahmen der Hochschulen (ohne Trägermittel)
21371;Hochschulfinanzstatistik;JAHR;Jahr;2024;DLAND;Bundesländer;13;Mecklenburg-Vorpommern;BILHA2;Hochschulart;HSLART06;Kunsthochschulen;BILFG4;Fächergruppen;FACHGR-RWSW;Rechts-, Wirtschafts- und Sozialwissenschaften;-;Tsd. EUR;ENM016;Einnahmen der Hochschulen (ohne Trägermittel)
21371;Hochschulfinanzstatistik;JAHR;Jahr;2024;DLAND;Bundesländer;12;Brandenburg;BILHA2;Hochschulart;HSLART011;Universitäten (ohne Medizinische Einrichtungen);BILFG4;Fächergruppen;;Insgesamt;161598;Tsd. EUR;ENM016;Einnahmen der Hochschulen (ohne Trägermittel)
21371;Hochschulfinanzstatistik;JAHR;Jahr;2024;DLAND;Bundesländer;13;Mecklenburg-Vorpommern;BILHA2;Hochschulart;HSLART011;Universitäten (ohne Medizinische Einrichtungen);BILFG4;Fächergruppen;;Insgesamt;101079;Tsd. EUR;ENM016;Einnahmen der Hochschulen (ohne Trägermittel)
21371;Hochschulfinanzstatistik;JAHR;Jahr;2024;DLAND;Bundesländer;11;Berlin;BILHA2;Hochschulart;HSLART05;Theologische Hochschulen;BILFG4;Fächergruppen;FACHGR-SPR;Sport;-;Tsd. EUR;ENM016;Einnahmen der Hochschulen (ohne Trägermittel)
21371;Hochschulfinanzstatistik;JAHR;Jahr;2024;DLAND;Bundesländer;12;Brandenburg;BILHA2;Hochschulart;;Insgesamt;BILFG4;Fächergruppen;FACHGR-AGRVET;Agrar-, Forst- u.Ernährungswiss., Veterinärmedizin;11425;Tsd. EUR;ENM016;Einnahmen der Hochschulen (ohne Trägermittel)
21371;Hochschulfinanzstatistik;JAHR;Jahr;2024;DLAND;Bundesländer;01;Schleswig-Holstein;BILHA2;Hochschulart;HSLART05;Theologische Hochschulen;BILFG4;Fächergruppen;FACHGR-AGRVET;Agrar-, Forst- u.Ernährungswiss., Veterinärmedizin;-;Tsd. EUR;ENM016;Einnahmen der Hochschulen (ohne Trägermittel)
21371;Hochschulfinanzstatistik;JAHR;Jahr;2024;DLAND;Bundesländer;14;Sachsen;BILHA2;Hochschulart;HSLART06;Kunsthochschulen;BILFG4;Fächergruppen;FACHGR-NATW;Mathematik, Naturwissenschaften;-;Tsd. EUR;ENM016;Einnahmen der Hochschulen (ohne Trägermittel)
21371;Hochschulfinanzstatistik;JAHR;Jahr;2024;DLAND;Bundesländer;14;Sachsen;BILHA2;Hochschulart;HSLART05;Theologische Hochschulen;BILFG4;Fächergruppen;FACHGR-SPR;Sport;-;Tsd. EUR;ENM016;Einnahmen der Hochschulen (ohne Trägermittel)
21371;Hochschulfinanzstatistik;JAHR;Jahr;2024;DLAND;Bundesländer;03;Niedersachsen;BILHA2;Hochschulart;HSLART011;Universitäten (ohne Medizinische Einrichtungen);BILFG4;Fächergruppen;FACHGR-SPR;Sport;974;Tsd. EUR;ENM016;Einnahmen der Hochschulen (ohne Trägermittel)
21371;Hochschulfinanzstatistik;JAHR;Jahr;2024;DLAND;Bundesländer;16;Thüringen;BILHA2;Hochschulart;HSLART08;Fachhochschulen;BILFG4;Fächergruppen;FACHGR-RWSW;Rechts-, Wirtschafts- und Sozialwissenschaften;641109;Tsd. EUR;ENM016;Einnahmen der Hochschulen (ohne Trägermittel)
21371;Hochschulfinanzstatistik;JAHR;Jahr;2024;DLAND;Bundesländer;05;Nordrhein-Westfalen;BILHA2;Hochschulart;HSLART082;Verwaltungsfachhochschulen;BILFG4;Fächergruppen;FACHGR-KUNSTW;Kunst, Kunstwissenschaft;-;Tsd. EUR;ENM016;Einnahmen der Hochschulen (ohne Trägermittel)
21371;Hochschulfinanzstatistik;JAHR;Jahr;2024;DLAND;Bundesländer;09;Bayern;BILHA2;Hochschulart;HSLART06;Kunsthochschulen;BILFG4;Fächergruppen;;Insgesamt;11802;Tsd. EUR;ENM016;Einnahmen der Hochschulen (ohne Trägermittel)
21371;Hochschulfinanzstatistik;JAHR;Jahr;2024;DLAND;Bundesländer;04;Bremen;BILHA2;Hochschulart;;Insgesamt;BILFG4;Fächergruppen;;Insgesamt;263463;Tsd. EUR;ENM016;Einnahmen der Hochschulen (ohne Trägermittel)
21371;Hochschulfinanzstatistik;JAHR;Jahr;2024;DLAND;Bundesländer;13;Mecklenburg-Vorpommern;BILHA2;Hochschulart;HSLART08;Fachhochschulen;BILFG4;Fächergruppen;FACHGR-MEDHUM;Humanmedizin/Gesundheitswissenschaften;431;Tsd. EUR;ENM016;Einnahmen der Hochschulen (ohne Trägermittel)
21371;Hochschulfinanzstatistik;JAHR;Jahr;2024;DLAND;Bundesländer;14;Sachsen;BILHA2;Hochschulart;HSLART08;Fachhochschulen;BILFG4;Fächergruppen;FACHGR-INGW;Ingenieurwissenschaften;38073;Tsd. EUR;ENM016;Einnahmen der Hochschulen (ohne Trägermittel)
21371;Hochschulfinanzstatistik;JAHR;Jahr;2024;DLAND;Bundesländer;12;Brandenburg;BILHA2;Hochschulart;HSLART08;Fachhochschulen;BILFG4;Fächergruppen;FACHGR-MEDHUM;Humanmedizin/Gesundheitswissenschaften;4908;Tsd. EUR;ENM016;Einnahmen der Hochschulen (ohne Trägermittel)
21371;Hochschulfinanzstatistik;JAHR;Jahr;2024;DLAND;Bundesländer;01;Schleswig-Holstein;BILHA2;Hochschulart;HSLART06;Kunsthochschulen;BILFG4;Fächergruppen;FACHGR-RWSW;Rechts-, Wirtschafts- und Sozialwissenschaften;-;Tsd. EUR;ENM016;Einnahmen der Hochschulen (ohne Trägermittel)
21371;Hochschulfinanzstatistik;JAHR;Jahr;2024;DLAND;Bundesländer;10;Saarland;BILHA2;Hochschulart;HSLART06;Kunsthochschulen;BILFG4;Fächergruppen;;Insgesamt;408;Tsd. EUR;ENM016;Einnahmen der Hochschulen (ohne Trägermittel)
21371;Hochschulfinanzstatistik;JAHR;Jahr;2024;DLAND;Bundesländer;09;Bayern;BILHA2;Hochschulart;HSLART082;Verwaltungsfachhochschulen;BILFG4;Fächergruppen;FACHGR-MEDHUM;Humanmedizin/Gesundheitswissenschaften;-;Tsd. EUR;ENM016;Einnahmen der Hochschulen (ohne Trägermittel)
21371;Hochschulfinanzstatistik;JAHR;Jahr;2024;DLAND;Bundesländer;14;Sachsen;BILHA2;Hochschulart;;Insgesamt;BILFG4;Fächergruppen;FACHGR-INGW;Ingenieurwissenschaften;337962;Tsd. EUR;ENM016;Einnahmen der Hochschulen (ohne Trägermittel)
21371;Hochschulfinanzstatistik;JAHR;Jahr;2024;DLAND;Bundesländer;04;Bremen;BILHA2;Hochschulart;HSLART05;Theologische Hochschulen;BILFG4;Fächergruppen;FACHGR-NATW;Mathematik, Naturwissenschaften;-;Tsd. EUR;ENM016;Einnahmen der Hochschulen (ohne Trägermittel)
21371;Hochschulfinanzstatistik;JAHR;Jahr;2024;DLAND;Bundesländer;10;Saarland;BILHA2;Hochschulart;HSLART05;Theologische Hochschulen;BILFG4;Fächergruppen;FACHGR-ZE-01;Zentr.Einrichtungen (o. klinikspez. Einrichtungen);-;Tsd. EUR;ENM016;Einnahmen der Hochschulen (ohne Trägermittel)
21371;Hochschulfinanzstatistik;JAHR;Jahr;2024;DLAND;Bundesländer;10;Saarland;BILHA2;Hochschulart;HSLART011;Universitäten (ohne Medizinische Einrichtungen);BILFG4;Fächergruppen;FACHGR-RWSW;Rechts-, Wirtschafts- und Sozialwissenschaften;8522;Tsd. EUR;ENM016;Einnahmen der Hochschulen (ohne Trägermittel)
21371;Hochschulfinanzstatistik;JAHR;Jahr;2024;DLAND;Bundesländer;10;Saarland;BILHA2;Hochschulart;HSLART08;Fachhochschulen;BILFG4;Fächergruppen;FACHGR-SKW;Geisteswissenschaften;-;Tsd. EUR;ENM016;Einnahmen der Hochschulen (ohne Trägermittel)
21371;Hochschulfinanzstatistik;JAHR;Jahr;2024;DLAND;Bundesländer;10;Saarland;BILHA2;Hochschulart;;Insgesamt;BILFG4;Fächergruppen;FACHGR-RWSW;Rechts-, Wirtschafts- und Sozialwissenschaften;12972;Tsd. EUR;ENM016;Einnahmen der Hochschulen (ohne Trägermittel)
21371;Hochschulfinanzstatistik;JAHR;Jahr;2024;DLAND;Bundesländer;16;Thüringen;BILHA2;Hochschulart;HSLART011;Universitäten (ohne Medizinische Einrichtungen);BILFG4;Fächergruppen;FACHGR-MEDHUM;Humanmedizin/Gesundheitswissenschaften;-;Tsd. EUR;ENM016;Einnahmen der Hochschulen (ohne Trägermittel)
21371;Hochschulfinanzstatistik;JAHR;Jahr;2024;DLAND;Bundesländer;13;Mecklenburg-Vorpommern;BILHA2;Hochschulart;HSLART05;Theologische Hochschulen;BILFG4;Fächergruppen;FACHGR-SPR;Sport;-;Tsd. EUR;ENM016;Einnahmen der Hochschulen (ohne Trägermittel)
21371;Hochschulfinanzstatistik;JAHR;Jahr;2024;DLAND;Bundesländer;15;Sachsen-Anhalt;BILHA2;Hochschulart;HSLART012;Medizinische Einrichtungen der Universitäten;BILFG4;Fächergruppen;FACHGR-NATW;Mathematik, Naturwissenschaften;-;Tsd. EUR;ENM016;Einnahmen der Hochschulen (ohne Trägermittel)
21371;Hochschulfinanzstatistik;JAHR;Jahr;2024;DLAND;Bundesländer;04;Bremen;BILHA2;Hochschulart;HSLART082;Verwaltungsfachhochschulen;BILFG4;Fächergruppen;FACHGR-AGRVET;Agrar-, Forst- u.Ernährungswiss., Veterinärmedizin;-;Tsd. EUR;ENM016;Einnahmen der Hochschulen (ohne Trägermittel)
21371;Hochschulfinanzstatistik;JAHR;Jahr;2024;DLAND;Bundesländer;11;Berlin;BILHA2;Hochschulart;HSLART05;Theologische Hochschulen;BILFG4;Fächergruppen;FACHGR-KUNSTW;Kunst, Kunstwissenschaft;-;Tsd. EUR;ENM016;Einnahmen der Hochschulen (ohne Trägermittel)
21371;Hochschulfinanzstatistik;JAHR;Jahr;2024;DLAND;Bundesländer;02;Hamburg;BILHA2;Hochschulart;HSLART06;Kunsthochschulen;BILFG4;Fächergruppen;;Insgesamt;5708;Tsd. EUR;ENM016;Einnahmen der Hochschulen (ohne Trägermittel)
21371;Hochschulfinanzstatistik;JAHR;Jahr;2024;DLAND;Bundesländer;01;Schleswig-Holstein;BILHA2;Hochschulart;HSLART012;Medizinische Einrichtungen der Universitäten;BILFG4;Fächergruppen;FACHGR-RWSW;Rechts-, Wirtschafts- und Sozialwissenschaften;-;Tsd. EUR;ENM016;Einnahmen der Hochschulen (ohne Trägermittel)
21371;Hochschulfinanzstatistik;JAHR;Jahr;2024;DLAND;Bundesländer;15;Sachsen-Anhalt;BILHA2;Hochschulart;HSLART082;Verwaltungsfachhochschulen;BILFG4;Fächergruppen;;Insgesamt;413;Tsd. EUR;ENM016;Einnahmen der Hochschulen (ohne Trägermittel)
21371;Hochschulfinanzstatistik;JAHR;Jahr;2024;DLAND;Bundesländer;02;Hamburg;BILHA2;Hochschulart;HSLART05;Theologische Hochschulen;BILFG4;Fächergruppen;FACHGR-AGRVET;Agrar-, Forst- u.Ernährungswiss., Veterinärmedizin;-;Tsd. EUR;ENM016;Einnahmen der Hochschulen (ohne Trägermittel)
21371;Hochschulfinanzstatistik;JAHR;Jahr;2024;DLAND;Bundesländer;02;Hamburg;BILHA2;Hochschulart;;Insgesamt;BILFG4;Fächergruppen;FACHGR-AGRVET;Agrar-, Forst- u.Ernährungswiss., Veterinärmedizin;602;Tsd. EUR;ENM016;Einnahmen der Hochschulen (ohne Trägermittel)
21371;Hochschulfinanzstatistik;JAHR;Jahr;2024;DLAND;Bundesländer;07;Rheinland-Pfalz;BILHA2;Hochschulart;HSLART05;Theologische Hochschulen;BILFG4;Fächergruppen;FACHGR-INGW;Ingenieurwissenschaften;-;Tsd. EUR;ENM016;Einnahmen der Hochschulen (ohne Trägermittel)
21371;Hochschulfinanzstatistik;JAHR;Jahr;2024;DLAND;Bundesländer;02;Hamburg;BILHA2;Hochschulart;HSLART011;Universitäten (ohne Medizinische Einrichtungen);BILFG4;Fächergruppen;FACHGR-AGRVET;Agrar-, Forst- u.Ernährungswiss., Veterinärmedizin;-;Tsd. EUR;ENM016;Einnahmen der Hochschulen (ohne Trägermittel)
21371;Hochschulfinanzstatistik;JAHR;Jahr;2024;DLAND;Bundesländer;15;Sachsen-Anhalt;BILHA2;Hochschulart;HSLART012;Medizinische Einrichtungen der Universitäten;BILFG4;Fächergruppen;FACHGR-ZE-01;Zentr.Einrichtungen (o. klinikspez. Einrichtungen);-;Tsd. EUR;ENM016;Einnahmen der Hochschulen (ohne Trägermittel)
21371;Hochschulfinanzstatistik;JAHR;Jahr;2024;DLAND;Bundesländer;06;Hessen;BILHA2;Hochschulart;;Insgesamt;BILFG4;Fächergruppen;FACHGR-NATW;Mathematik, Naturwissenschaften;149811;Tsd. EUR;ENM016;Einnahmen der Hochschulen (ohne Trägermittel)
21371;Hochschulfinanzstatistik;JAHR;Jahr;2024;DLAND;Bundesländer;14;Sachsen;BILHA2;Hochschulart;HSLART08;Fachhochschulen;BILFG4;Fächergruppen;FACHGR-MEDHUM;Humanmedizin/Gesundheitswissenschaften;271;Tsd. EUR;ENM016;Einnahmen der Hochschulen (ohne Trägermittel)
21371;Hochschulfinanzstatistik;JAHR;Jahr;2024;DLAND;Bundesländer;14;Sachsen;BILHA2;Hochschulart;HSLART012;Medizinische Einrichtungen der Universitäten;BILFG4;Fächergruppen;FACHGR-SPR;Sport;-;Tsd. EUR;ENM016;Einnahmen der Hochschulen (ohne Trägermittel)
21371;Hochschulfinanzstatistik;JAHR;Jahr;2024;DLAND;Bundesländer;11;Berlin;BILHA2;Hochschulart;HSLART08;Fachhochschulen;BILFG4;Fächergruppen;FACHGR-MEDHUM;Humanmedizin/Gesundheitswissenschaften;28944;Tsd. EUR;ENM016;Einnahmen der Hochschulen (ohne Trägermittel)
21371;Hochschulfinanzstatistik;JAHR;Jahr;2024;DLAND;Bundesländer;07;Rheinland-Pfalz;BILHA2;Hochschulart;HSLART08;Fachhochschulen;BILFG4;Fächergruppen;FACHGR-NATW;Mathematik, Naturwissenschaften;3562;Tsd. EUR;ENM016;Einnahmen der Hochschulen (ohne Trägermittel)
21371;Hochschulfinanzstatistik;JAHR;Jahr;2024;DLAND;Bundesländer;04;Bremen;BILHA2;Hochschulart;HSLART05;Theologische Hochschulen;BILFG4;Fächergruppen;FACHGR-AGRVET;Agrar-, Forst- u.Ernährungswiss., Veterinärmedizin;-;Tsd. EUR;ENM016;Einnahmen der Hochschulen (ohne Trägermittel)
21371;Hochschulfinanzstatistik;JAHR;Jahr;2024;DLAND;Bundesländer;14;Sachsen;BILHA2;Hochschulart;HSLART012;Medizinische Einrichtungen der Universitäten;BILFG4;Fächergruppen;FACHGR-MEDHUM;Humanmedizin/Gesundheitswissenschaften;1635100;Tsd. EUR;ENM016;Einnahmen der Hochschulen (ohne Trägermittel)
21371;Hochschulfinanzstatistik;JAHR;Jahr;2024;DLAND;Bundesländer;11;Berlin;BILHA2;Hochschulart;HSLART05;Theologische Hochschulen;BILFG4;Fächergruppen;FACHGR-INGW;Ingenieurwissenschaften;-;Tsd. EUR;ENM016;Einnahmen der Hochschulen (ohne Trägermittel)
21371;Hochschulfinanzstatistik;JAHR;Jahr;2024;DLAND;Bundesländer;13;Mecklenburg-Vorpommern;BILHA2;Hochschulart;;Insgesamt;BILFG4;Fächergruppen;FACHGR-RWSW;Rechts-, Wirtschafts- und Sozialwissenschaften;12897;Tsd. EUR;ENM016;Einnahmen der Hochschulen (ohne Trägermittel)
21371;Hochschulfinanzstatistik;JAHR;Jahr;2024;DLAND;Bundesländer;10;Saarland;BILHA2;Hochschulart;HSLART011;Universitäten (ohne Medizinische Einrichtungen);BILFG4;Fächergruppen;FACHGR-ZE-01;Zentr.Einrichtungen (o. klinikspez. Einrichtungen);27051;Tsd. EUR;ENM016;Einnahmen der Hochschulen (ohne Trägermittel)
21371;Hochschulfinanzstatistik;JAHR;Jahr;2024;DLAND;Bundesländer;06;Hessen;BILHA2;Hochschulart;HSLART012;Medizinische Einrichtungen der Universitäten;BILFG4;Fächergruppen;FACHGR-MEDHUM;Humanmedizin/Gesundheitswissenschaften;1923611;Tsd. EUR;ENM016;Einnahmen der Hochschulen (ohne Trägermittel)
21371;Hochschulfinanzstatistik;JAHR;Jahr;2024;DLAND;Bundesländer;03;Niedersachsen;BILHA2;Hochschulart;HSLART012;Medizinische Einrichtungen der Universitäten;BILFG4;Fächergruppen;FACHGR-NATW;Mathematik, Naturwissenschaften;-;Tsd. EUR;ENM016;Einnahmen der Hochschulen (ohne Trägermittel)
21371;Hochschulfinanzstatistik;JAHR;Jahr;2024;DLAND;Bundesländer;08;Baden-Württemberg;BILHA2;Hochschulart;HSLART03;Pädagogische Hochschulen;BILFG4;Fächergruppen;FACHGR-SPR;Sport;580;Tsd. EUR;ENM016;Einnahmen der Hochschulen (ohne Trägermittel)
21371;Hochschulfinanzstatistik;JAHR;Jahr;2024;DLAND;Bundesländer;11;Berlin;BILHA2;Hochschulart;HSLART03;Pädagogische Hochschulen;BILFG4;Fächergruppen;FACHGR-NATW;Mathematik, Naturwissenschaften;-;Tsd. EUR;ENM016;Einnahmen der Hochschulen (ohne Trägermittel)
21371;Hochschulfinanzstatistik;JAHR;Jahr;2024;DLAND;Bundesländer;04;Bremen;BILHA2;Hochschulart;HSLART011;Universitäten (ohne Medizinische Einrichtungen);BILFG4;Fächergruppen;FACHGR-NATW;Mathematik, Naturwissenschaften;58922;Tsd. EUR;ENM016;Einnahmen der Hochschulen (ohne Trägermittel)
21371;Hochschulfinanzstatistik;JAHR;Jahr;2024;DLAND;Bundesländer;03;Niedersachsen;BILHA2;Hochschulart;HSLART011;Universitäten (ohne Medizinische Einrichtungen);BILFG4;Fächergruppen;FACHGR-KUNSTW;Kunst, Kunstwissenschaft;3566;Tsd. EUR;ENM016;Einnahmen der Hochschulen (ohne Trägermittel)
21371;Hochschulfinanzstatistik;JAHR;Jahr;2024;DLAND;Bundesländer;08;Baden-Württemberg;BILHA2;Hochschulart;HSLART06;Kunsthochschulen;BILFG4;Fächergruppen;FACHGR-ZE-01;Zentr.Einrichtungen (o. klinikspez. Einrichtungen);2247;Tsd. EUR;ENM016;Einnahmen der Hochschulen (ohne Trägermittel)
21371;Hochschulfinanzstatistik;JAHR;Jahr;2024;DLAND;Bundesländer;05;Nordrhein-Westfalen;BILHA2;Hochschulart;;Insgesamt;BILFG4;Fächergruppen;FACHGR-SPR;Sport;21121;Tsd. EUR;ENM016;Einnahmen der Hochschulen (ohne Trägermittel)
21371;Hochschulfinanzstatistik;JAHR;Jahr;2024;DLAND;Bundesländer;05;Nordrhein-Westfalen;BILHA2;Hochschulart;;Insgesamt;BILFG4;Fächergruppen;FACHGR-NATW;Mathematik, Naturwissenschaften;417623;Tsd. EUR;ENM016;Einnahmen der Hochschulen (ohne Trägermittel)
21371;Hochschulfinanzstatistik;JAHR;Jahr;2024;DLAND;Bundesländer;16;Thüringen;BILHA2;Hochschulart;HSLART03;Pädagogische Hochschulen;BILFG4;Fächergruppen;FACHGR-RWSW;Rechts-, Wirtschafts- und Sozialwissenschaften;-;Tsd. EUR;ENM016;Einnahmen der Hochschulen (ohne Trägermittel)
21371;Hochschulfinanzstatistik;JAHR;Jahr;2024;DLAND;Bundesländer;15;Sachsen-Anhalt;BILHA2;Hochschulart;HSLART08;Fachhochschulen;BILFG4;Fächergruppen;FACHGR-MEDHUM;Humanmedizin/Gesundheitswissenschaften;1980;Tsd. EUR;ENM016;Einnahmen der Hochschulen (ohne Trägermittel)
21371;Hochschulfinanzstatistik;JAHR;Jahr;2024;DLAND;Bundesländer;11;Berlin;BILHA2;Hochschulart;HSLART012;Medizinische Einrichtungen der Universitäten;BILFG4;Fächergruppen;FACHGR-MEDHUM;Humanmedizin/Gesundheitswissenschaften;2418493;Tsd. EUR;ENM016;Einnahmen der Hochschulen (ohne Trägermittel)
21371;Hochschulfinanzstatistik;JAHR;Jahr;2024;DLAND;Bundesländer;01;Schleswig-Holstein;BILHA2;Hochschulart;HSLART012;Medizinische Einrichtungen der Universitäten;BILFG4;Fächergruppen;FACHGR-KUNSTW;Kunst, Kunstwissenschaft;-;Tsd. EUR;ENM016;Einnahmen der Hochschulen (ohne Trägermittel)
21371;Hochschulfinanzstatistik;JAHR;Jahr;2024;DLAND;Bundesländer;12;Brandenburg;BILHA2;Hochschulart;HSLART05;Theologische Hochschulen;BILFG4;Fächergruppen;FACHGR-KUNSTW;Kunst, Kunstwissenschaft;-;Tsd. EUR;ENM016;Einnahmen der Hochschulen (ohne Trägermittel)
21371;Hochschulfinanzstatistik;JAHR;Jahr;2024;DLAND;Bundesländer;10;Saarland;BILHA2;Hochschulart;HSLART082;Verwaltungsfachhochschulen;BILFG4;Fächergruppen;FACHGR-KUNSTW;Kunst, Kunstwissenschaft;-;Tsd. EUR;ENM016;Einnahmen der Hochschulen (ohne Trägermittel)
21371;Hochschulfinanzstatistik;JAHR;Jahr;2024;DLAND;Bundesländer;07;Rheinland-Pfalz;BILHA2;Hochschulart;HSLART05;Theologische Hochschulen;BILFG4;Fächergruppen;FACHGR-MEDHUM;Humanmedizin/Gesundheitswissenschaften;88;Tsd. EUR;ENM016;Einnahmen der Hochschulen (ohne Trägermittel)
21371;Hochschulfinanzstatistik;JAHR;Jahr;2024;DLAND;Bundesländer;10;Saarland;BILHA2;Hochschulart;HSLART05;Theologische Hochschulen;BILFG4;Fächergruppen;FACHGR-NATW;Mathematik, Naturwissenschaften;-;Tsd. EUR;ENM016;Einnahmen der Hochschulen (ohne Trägermittel)
21371;Hochschulfinanzstatistik;JAHR;Jahr;2024;DLAND;Bundesländer;09;Bayern;BILHA2;Hochschulart;HSLART03;Pädagogische Hochschulen;BILFG4;Fächergruppen;FACHGR-SPR;Sport;-;Tsd. EUR;ENM016;Einnahmen der Hochschulen (ohne Trägermittel)
21371;Hochschulfinanzstatistik;JAHR;Jahr;2024;DLAND;Bundesländer;01;Schleswig-Holstein;BILHA2;Hochschulart;HSLART03;Pädagogische Hochschulen;BILFG4;Fächergruppen;;Insgesamt;-;Tsd. EUR;ENM016;Einnahmen der Hochschulen (ohne Trägermittel)
21371;Hochschulfinanzstatistik;JAHR;Jahr;2024;DLAND;Bundesländer;16;Thüringen;BILHA2;Hochschulart;HSLART012;Medizinische Einrichtungen der Universitäten;BILFG4;Fächergruppen;FACHGR-ZE-01;Zentr.Einrichtungen (o. klinikspez. Einrichtungen);-;Tsd. EUR;ENM016;Einnahmen der Hochschulen (ohne Trägermittel)
21371;Hochschulfinanzstatistik;JAHR;Jahr;2024;DLAND;Bundesländer;07;Rheinland-Pfalz;BILHA2;Hochschulart;HSLART03;Pädagogische Hochschulen;BILFG4;Fächergruppen;FACHGR-NATW;Mathematik, Naturwissenschaften;-;Tsd. EUR;ENM016;Einnahmen der Hochschulen (ohne Trägermittel)
21371;Hochschulfinanzstatistik;JAHR;Jahr;2024;DLAND;Bundesländer;04;Bremen;BILHA2;Hochschulart;HSLART06;Kunsthochschulen;BILFG4;Fächergruppen;FACHGR-SKW;Geisteswissenschaften;-;Tsd. EUR;ENM016;Einnahmen der Hochschulen (ohne Trägermittel)
21371;Hochschulfinanzstatistik;JAHR;Jahr;2024;DLAND;Bundesländer;09;Bayern;BILHA2;Hochschulart;HSLART03;Pädagogische Hochschulen;BILFG4;Fächergruppen;FACHGR-INGW;Ingenieurwissenschaften;-;Tsd. EUR;ENM016;Einnahmen der Hochschulen (ohne Trägermittel)
21371;Hochschulfinanzstatistik;JAHR;Jahr;2024;DLAND;Bundesländer;03;Niedersachsen;BILHA2;Hochschulart;;Insgesamt;BILFG4;Fächergruppen;;Insgesamt;2626544;Tsd. EUR;ENM016;Einnahmen der Hochschulen (ohne Trägermittel)
21371;Hochschulfinanzstatistik;JAHR;Jahr;2024;DLAND;Bundesländer;11;Berlin;BILHA2;Hochschulart;;Insgesamt;BILFG4;Fächergruppen;FACHGR-SPR;Sport;4422;Tsd. EUR;ENM016;Einnahmen der Hochschulen (ohne Trägermittel)
21371;Hochschulfinanzstatistik;JAHR;Jahr;2024;DLAND;Bundesländer;08;Baden-Württemberg;BILHA2;Hochschulart;;Insgesamt;BILFG4;Fächergruppen;FACHGR-MEDHUM;Humanmedizin/Gesundheitswissenschaften;4869534;Tsd. EUR;ENM016;Einnahmen der Hochschulen (ohne Trägermittel)
21371;Hochschulfinanzstatistik;JAHR;Jahr;2024;DLAND;Bundesländer;15;Sachsen-Anhalt;BILHA2;Hochschulart;;Insgesamt;BILFG4;Fächergruppen;FACHGR-INGW;Ingenieurwissenschaften;50396;Tsd. EUR;ENM016;Einnahmen der Hochschulen (ohne Trägermittel)
21371;Hochschulfinanzstatistik;JAHR;Jahr;2024;DLAND;Bundesländer;07;Rheinland-Pfalz;BILHA2;Hochschulart;HSLART011;Universitäten (ohne Medizinische Einrichtungen);BILFG4;Fächergruppen;FACHGR-SKW;Geisteswissenschaften;14409;Tsd. EUR;ENM016;Einnahmen der Hochschulen (ohne Trägermittel)
21371;Hochschulfinanzstatistik;JAHR;Jahr;2024;DLAND;Bundesländer;06;Hessen;BILHA2;Hochschulart;HSLART082;Verwaltungsfachhochschulen;BILFG4;Fächergruppen;FACHGR-SPR;Sport;-;Tsd. EUR;ENM016;Einnahmen der Hochschulen (ohne Trägermittel)
21371;Hochschulfinanzstatistik;JAHR;Jahr;2024;DLAND;Bundesländer;07;Rheinland-Pfalz;BILHA2;Hochschulart;HSLART03;Pädagogische Hochschulen;BILFG4;Fächergruppen;;Insgesamt;-;Tsd. EUR;ENM016;Einnahmen der Hochschulen (ohne Trägermittel)
21371;Hochschulfinanzstatistik;JAHR;Jahr;2024;DLAND;Bundesländer;12;Brandenburg;BILHA2;Hochschulart;HSLART012;Medizinische Einrichtungen der Universitäten;BILFG4;Fächergruppen;FACHGR-NATW;Mathematik, Naturwissenschaften;-;Tsd. EUR;ENM016;Einnahmen der Hochschulen (ohne Trägermittel)
21371;Hochschulfinanzstatistik;JAHR;Jahr;2024;DLAND;Bundesländer;02;Hamburg;BILHA2;Hochschulart;;Insgesamt;BILFG4;Fächergruppen;FACHGR-ZE-01;Zentr.Einrichtungen (o. klinikspez. Einrichtungen);132081;Tsd. EUR;ENM016;Einnahmen der Hochschulen (ohne Trägermittel)
21371;Hochschulfinanzstatistik;JAHR;Jahr;2024;DLAND;Bundesländer;13;Mecklenburg-Vorpommern;BILHA2;Hochschulart;HSLART082;Verwaltungsfachhochschulen;BILFG4;Fächergruppen;FACHGR-INGW;Ingenieurwissenschaften;-;Tsd. EUR;ENM016;Einnahmen der Hochschulen (ohne Trägermittel)
21371;Hochschulfinanzstatistik;JAHR;Jahr;2024;DLAND;Bundesländer;10;Saarland;BILHA2;Hochschulart;HSLART082;Verwaltungsfachhochschulen;BILFG4;Fächergruppen;FACHGR-NATW;Mathematik, Naturwissenschaften;-;Tsd. EUR;ENM016;Einnahmen der Hochschulen (ohne Trägermittel)
21371;Hochschulfinanzstatistik;JAHR;Jahr;2024;DLAND;Bundesländer;05;Nordrhein-Westfalen;BILHA2;Hochschulart;HSLART012;Medizinische Einrichtungen der Universitäten;BILFG4;Fächergruppen;FACHGR-SKW;Geisteswissenschaften;-;Tsd. EUR;ENM016;Einnahmen der Hochschulen (ohne Trägermittel)
21371;Hochschulfinanzstatistik;JAHR;Jahr;2024;DLAND;Bundesländer;07;Rheinland-Pfalz;BILHA2;Hochschulart;HSLART011;Universitäten (ohne Medizinische Einrichtungen);BILFG4;Fächergruppen;FACHGR-INGW;Ingenieurwissenschaften;51332;Tsd. EUR;ENM016;Einnahmen der Hochschulen (ohne Trägermittel)
21371;Hochschulfinanzstatistik;JAHR;Jahr;2024;DLAND;Bundesländer;15;Sachsen-Anhalt;BILHA2;Hochschulart;HSLART012;Medizinische Einrichtungen der Universitäten;BILFG4;Fächergruppen;FACHGR-AGRVET;Agrar-, Forst- u.Ernährungswiss., Veterinärmedizin;-;Tsd. EUR;ENM016;Einnahmen der Hochschulen (ohne Trägermittel)
21371;Hochschulfinanzstatistik;JAHR;Jahr;2024;DLAND;Bundesländer;01;Schleswig-Holstein;BILHA2;Hochschulart;HSLART03;Pädagogische Hochschulen;BILFG4;Fächergruppen;FACHGR-SKW;Geisteswissenschaften;-;Tsd. EUR;ENM016;Einnahmen der Hochschulen (ohne Trägermittel)
21371;Hochschulfinanzstatistik;JAHR;Jahr;2024;DLAND;Bundesländer;03;Niedersachsen;BILHA2;Hochschulart;HSLART06;Kunsthochschulen;BILFG4;Fächergruppen;FACHGR-INGW;Ingenieurwissenschaften;-;Tsd. EUR;ENM016;Einnahmen der Hochschulen (ohne Trägermittel)
21371;Hochschulfinanzstatistik;JAHR;Jahr;2024;DLAND;Bundesländer;10;Saarland;BILHA2;Hochschulart;;Insgesamt;BILFG4;Fächergruppen;FACHGR-AGRVET;Agrar-, Forst- u.Ernährungswiss., Veterinärmedizin;-;Tsd. EUR;ENM016;Einnahmen der Hochschulen (ohne Trägermittel)
21371;Hochschulfinanzstatistik;JAHR;Jahr;2024;DLAND;Bundesländer;16;Thüringen;BILHA2;Hochschulart;HSLART06;Kunsthochschulen;BILFG4;Fächergruppen;FACHGR-SPR;Sport;-;Tsd. EUR;ENM016;Einnahmen der Hochschulen (ohne Trägermittel)
21371;Hochschulfinanzstatistik;JAHR;Jahr;2024;DLAND;Bundesländer;08;Baden-Württemberg;BILHA2;Hochschulart;HSLART082;Verwaltungsfachhochschulen;BILFG4;Fächergruppen;FACHGR-KUNSTW;Kunst, Kunstwissenschaft;-;Tsd. EUR;ENM016;Einnahmen der Hochschulen (ohne Trägermittel)
21371;Hochschulfinanzstatistik;JAHR;Jahr;2024;DLAND;Bundesländer;12;Brandenburg;BILHA2;Hochschulart;HSLART08;Fachhochschulen;BILFG4;Fächergruppen;FACHGR-RWSW;Rechts-, Wirtschafts- und Sozialwissenschaften;53319;Tsd. EUR;ENM016;Einnahmen der Hochschulen (ohne Trägermittel)
21371;Hochschulfinanzstatistik;JAHR;Jahr;2024;DLAND;Bundesländer;13;Mecklenburg-Vorpommern;BILHA2;Hochschulart;HSLART082;Verwaltungsfachhochschulen;BILFG4;Fächergruppen;FACHGR-SKW;Geisteswissenschaften;-;Tsd. EUR;ENM016;Einnahmen der Hochschulen (ohne Trägermittel)
21371;Hochschulfinanzstatistik;JAHR;Jahr;2024;DLAND;Bundesländer;09;Bayern;BILHA2;Hochschulart;HSLART06;Kunsthochschulen;BILFG4;Fächergruppen;FACHGR-ZE-01;Zentr.Einrichtungen (o. klinikspez. Einrichtungen);1171;Tsd. EUR;ENM016;Einnahmen der Hochschulen (ohne Trägermittel)
21371;Hochschulfinanzstatistik;JAHR;Jahr;2024;DLAND;Bundesländer;08;Baden-Württemberg;BILHA2;Hochschulart;HSLART012;Medizinische Einrichtungen der Universitäten;BILFG4;Fächergruppen;FACHGR-SPR;Sport;-;Tsd. EUR;ENM016;Einnahmen der Hochschulen (ohne Trägermittel)
21371;Hochschulfinanzstatistik;JAHR;Jahr;2024;DLAND;Bundesländer;10;Saarland;BILHA2;Hochschulart;HSLART05;Theologische Hochschulen;BILFG4;Fächergruppen;FACHGR-SPR;Sport;-;Tsd. EUR;ENM016;Einnahmen der Hochschulen (ohne Trägermittel)
21371;Hochschulfinanzstatistik;JAHR;Jahr;2024;DLAND;Bundesländer;05;Nordrhein-Westfalen;BILHA2;Hochschulart;HSLART011;Universitäten (ohne Medizinische Einrichtungen);BILFG4;Fächergruppen;FACHGR-AGRVET;Agrar-, Forst- u.Ernährungswiss., Veterinärmedizin;16811;Tsd. EUR;ENM016;Einnahmen der Hochschulen (ohne Trägermittel)
21371;Hochschulfinanzstatistik;JAHR;Jahr;2024;DLAND;Bundesländer;02;Hamburg;BILHA2;Hochschulart;HSLART082;Verwaltungsfachhochschulen;BILFG4;Fächergruppen;FACHGR-SPR;Sport;-;Tsd. EUR;ENM016;Einnahmen der Hochschulen (ohne Trägermittel)
21371;Hochschulfinanzstatistik;JAHR;Jahr;2024;DLAND;Bundesländer;06;Hessen;BILHA2;Hochschulart;;Insgesamt;BILFG4;Fächergruppen;FACHGR-ZE-01;Zentr.Einrichtungen (o. klinikspez. Einrichtungen);284103;Tsd. EUR;ENM016;Einnahmen der Hochschulen (ohne Trägermittel)
21371;Hochschulfinanzstatistik;JAHR;Jahr;2024;DLAND;Bundesländer;12;Brandenburg;BILHA2;Hochschulart;HSLART011;Universitäten (ohne Medizinische Einrichtungen);BILFG4;Fächergruppen;FACHGR-ZE-01;Zentr.Einrichtungen (o. klinikspez. Einrichtungen);48278;Tsd. EUR;ENM016;Einnahmen der Hochschulen (ohne Trägermittel)
21371;Hochschulfinanzstatistik;JAHR;Jahr;2024;DLAND;Bundesländer;14;Sachsen;BILHA2;Hochschulart;HSLART05;Theologische Hochschulen;BILFG4;Fächergruppen;FACHGR-KUNSTW;Kunst, Kunstwissenschaft;-;Tsd. EUR;ENM016;Einnahmen der Hochschulen (ohne Trägermittel)
21371;Hochschulfinanzstatistik;JAHR;Jahr;2024;DLAND;Bundesländer;14;Sachsen;BILHA2;Hochschulart;HSLART082;Verwaltungsfachhochschulen;BILFG4;Fächergruppen;FACHGR-INGW;Ingenieurwissenschaften;-;Tsd. EUR;ENM016;Einnahmen der Hochschulen (ohne Trägermittel)
21371;Hochschulfinanzstatistik;JAHR;Jahr;2024;DLAND;Bundesländer;12;Brandenburg;BILHA2;Hochschulart;HSLART082;Verwaltungsfachhochschulen;BILFG4;Fächergruppen;FACHGR-SPR;Sport;-;Tsd. EUR;ENM016;Einnahmen der Hochschulen (ohne Trägermittel)
21371;Hochschulfinanzstatistik;JAHR;Jahr;2024;DLAND;Bundesländer;10;Saarland;BILHA2;Hochschulart;HSLART08;Fachhochschulen;BILFG4;Fächergruppen;FACHGR-INGW;Ingenieurwissenschaften;5165;Tsd. EUR;ENM016;Einnahmen der Hochschulen (ohne Trägermittel)
21371;Hochschulfinanzstatistik;JAHR;Jahr;2024;DLAND;Bundesländer;14;Sachsen;BILHA2;Hochschulart;HSLART082;Verwaltungsfachhochschulen;BILFG4;Fächergruppen;;Insgesamt;3309;Tsd. EUR;ENM016;Einnahmen der Hochschulen (ohne Trägermittel)
21371;Hochschulfinanzstatistik;JAHR;Jahr;2024;DLAND;Bundesländer;13;Mecklenburg-Vorpommern;BILHA2;Hochschulart;HSLART08;Fachhochschulen;BILFG4;Fächergruppen;FACHGR-NATW;Mathematik, Naturwissenschaften;-;Tsd. EUR;ENM016;Einnahmen der Hochschulen (ohne Trägermittel)
21371;Hochschulfinanzstatistik;JAHR;Jahr;2024;DLAND;Bundesländer;09;Bayern;BILHA2;Hochschulart;HSLART012;Medizinische Einrichtungen der Universitäten;BILFG4;Fächergruppen;FACHGR-MEDHUM;Humanmedizin/Gesundheitswissenschaften;5338345;Tsd. EUR;ENM016;Einnahmen der Hochschulen (ohne Trägermittel)
21371;Hochschulfinanzstatistik;JAHR;Jahr;2024;DLAND;Bundesländer;01;Schleswig-Holstein;BILHA2;Hochschulart;HSLART011;Universitäten (ohne Medizinische Einrichtungen);BILFG4;Fächergruppen;FACHGR-MEDHUM;Humanmedizin/Gesundheitswissenschaften;-;Tsd. EUR;ENM016;Einnahmen der Hochschulen (ohne Trägermittel)
21371;Hochschulfinanzstatistik;JAHR;Jahr;2024;DLAND;Bundesländer;13;Mecklenburg-Vorpommern;BILHA2;Hochschulart;HSLART012;Medizinische Einrichtungen der Universitäten;BILFG4;Fächergruppen;FACHGR-NATW;Mathematik, Naturwissenschaften;-;Tsd. EUR;ENM016;Einnahmen der Hochschulen (ohne Trägermittel)
21371;Hochschulfinanzstatistik;JAHR;Jahr;2024;DLAND;Bundesländer;06;Hessen;BILHA2;Hochschulart;HSLART012;Medizinische Einrichtungen der Universitäten;BILFG4;Fächergruppen;FACHGR-NATW;Mathematik, Naturwissenschaften;-;Tsd. EUR;ENM016;Einnahmen der Hochschulen (ohne Trägermittel)
21371;Hochschulfinanzstatistik;JAHR;Jahr;2024;DLAND;Bundesländer;02;Hamburg;BILHA2;Hochschulart;;Insgesamt;BILFG4;Fächergruppen;FACHGR-NATW;Mathematik, Naturwissenschaften;57665;Tsd. EUR;ENM016;Einnahmen der Hochschulen (ohne Trägermittel)
21371;Hochschulfinanzstatistik;JAHR;Jahr;2024;DLAND;Bundesländer;12;Brandenburg;BILHA2;Hochschulart;HSLART012;Medizinische Einrichtungen der Universitäten;BILFG4;Fächergruppen;FACHGR-RWSW;Rechts-, Wirtschafts- und Sozialwissenschaften;-;Tsd. EUR;ENM016;Einnahmen der Hochschulen (ohne Trägermittel)
21371;Hochschulfinanzstatistik;JAHR;Jahr;2024;DLAND;Bundesländer;06;Hessen;BILHA2;Hochschulart;HSLART082;Verwaltungsfachhochschulen;BILFG4;Fächergruppen;FACHGR-MEDHUM;Humanmedizin/Gesundheitswissenschaften;-;Tsd. EUR;ENM016;Einnahmen der Hochschulen (ohne Trägermittel)
21371;Hochschulfinanzstatistik;JAHR;Jahr;2024;DLAND;Bundesländer;08;Baden-Württemberg;BILHA2;Hochschulart;HSLART05;Theologische Hochschulen;BILFG4;Fächergruppen;FACHGR-MEDHUM;Humanmedizin/Gesundheitswissenschaften;-;Tsd. EUR;ENM016;Einnahmen der Hochschulen (ohne Trägermittel)
21371;Hochschulfinanzstatistik;JAHR;Jahr;2024;DLAND;Bundesländer;10;Saarland;BILHA2;Hochschulart;HSLART082;Verwaltungsfachhochschulen;BILFG4;Fächergruppen;;Insgesamt;2120;Tsd. EUR;ENM016;Einnahmen der Hochschulen (ohne Trägermittel)
21371;Hochschulfinanzstatistik;JAHR;Jahr;2024;DLAND;Bundesländer;04;Bremen;BILHA2;Hochschulart;;Insgesamt;BILFG4;Fächergruppen;FACHGR-SKW;Geisteswissenschaften;3536;Tsd. EUR;ENM016;Einnahmen der Hochschulen (ohne Trägermittel)
21371;Hochschulfinanzstatistik;JAHR;Jahr;2024;DLAND;Bundesländer;14;Sachsen;BILHA2;Hochschulart;HSLART05;Theologische Hochschulen;BILFG4;Fächergruppen;;Insgesamt;-;Tsd. EUR;ENM016;Einnahmen der Hochschulen (ohne Trägermittel)
21371;Hochschulfinanzstatistik;JAHR;Jahr;2024;DLAND;Bundesländer;13;Mecklenburg-Vorpommern;BILHA2;Hochschulart;HSLART08;Fachhochschulen;BILFG4;Fächergruppen;FACHGR-SKW;Geisteswissenschaften;-;Tsd. EUR;ENM016;Einnahmen der Hochschulen (ohne Trägermittel)
21371;Hochschulfinanzstatistik;JAHR;Jahr;2024;DLAND;Bundesländer;01;Schleswig-Holstein;BILHA2;Hochschulart;HSLART08;Fachhochschulen;BILFG4;Fächergruppen;FACHGR-KUNSTW;Kunst, Kunstwissenschaft;-;Tsd. EUR;ENM016;Einnahmen der Hochschulen (ohne Trägermittel)
21371;Hochschulfinanzstatistik;JAHR;Jahr;2024;DLAND;Bundesländer;13;Mecklenburg-Vorpommern;BILHA2;Hochschulart;HSLART05;Theologische Hochschulen;BILFG4;Fächergruppen;FACHGR-RWSW;Rechts-, Wirtschafts- und Sozialwissenschaften;-;Tsd. EUR;ENM016;Einnahmen der Hochschulen (ohne Trägermittel)
21371;Hochschulfinanzstatistik;JAHR;Jahr;2024;DLAND;Bundesländer;06;Hessen;BILHA2;Hochschulart;;Insgesamt;BILFG4;Fächergruppen;FACHGR-SPR;Sport;4219;Tsd. EUR;ENM016;Einnahmen der Hochschulen (ohne Trägermittel)
21371;Hochschulfinanzstatistik;JAHR;Jahr;2024;DLAND;Bundesländer;04;Bremen;BILHA2;Hochschulart;HSLART05;Theologische Hochschulen;BILFG4;Fächergruppen;;Insgesamt;-;Tsd. EUR;ENM016;Einnahmen der Hochschulen (ohne Trägermittel)
21371;Hochschulfinanzstatistik;JAHR;Jahr;2024;DLAND;Bundesländer;09;Bayern;BILHA2;Hochschulart;HSLART012;Medizinische Einrichtungen der Universitäten;BILFG4;Fächergruppen;;Insgesamt;5338345;Tsd. EUR;ENM016;Einnahmen der Hochschulen (ohne Trägermittel)
21371;Hochschulfinanzstatistik;JAHR;Jahr;2024;DLAND;Bundesländer;16;Thüringen;BILHA2;Hochschulart;HSLART011;Universitäten (ohne Medizinische Einrichtungen);BILFG4;Fächergruppen;FACHGR-SPR;Sport;627;Tsd. EUR;ENM016;Einnahmen der Hochschulen (ohne Trägermittel)
21371;Hochschulfinanzstatistik;JAHR;Jahr;2024;DLAND;Bundesländer;14;Sachsen;BILHA2;Hochschulart;HSLART012;Medizinische Einrichtungen der Universitäten;BILFG4;Fächergruppen;;Insgesamt;1635100;Tsd. EUR;ENM016;Einnahmen der Hochschulen (ohne Trägermittel)
21371;Hochschulfinanzstatistik;JAHR;Jahr;2024;DLAND;Bundesländer;15;Sachsen-Anhalt;BILHA2;Hochschulart;HSLART012;Medizinische Einrichtungen der Universitäten;BILFG4;Fächergruppen;;Insgesamt;989592;Tsd. EUR;ENM016;Einnahmen der Hochschulen (ohne Trägermittel)
21371;Hochschulfinanzstatistik;JAHR;Jahr;2024;DLAND;Bundesländer;16;Thüringen;BILHA2;Hochschulart;HSLART012;Medizinische Einrichtungen der Universitäten;BILFG4;Fächergruppen;;Insgesamt;618140;Tsd. EUR;ENM016;Einnahmen der Hochschulen (ohne Trägermittel)
21371;Hochschulfinanzstatistik;JAHR;Jahr;2024;DLAND;Bundesländer;13;Mecklenburg-Vorpommern;BILHA2;Hochschulart;HSLART05;Theologische Hochschulen;BILFG4;Fächergruppen;FACHGR-KUNSTW;Kunst, Kunstwissenschaft;-;Tsd. EUR;ENM016;Einnahmen der Hochschulen (ohne Trägermittel)
21371;Hochschulfinanzstatistik;JAHR;Jahr;2024;DLAND;Bundesländer;09;Bayern;BILHA2;Hochschulart;;Insgesamt;BILFG4;Fächergruppen;FACHGR-NATW;Mathematik, Naturwissenschaften;311544;Tsd. EUR;ENM016;Einnahmen der Hochschulen (ohne Trägermittel)
21371;Hochschulfinanzstatistik;JAHR;Jahr;2024;DLAND;Bundesländer;09;Bayern;BILHA2;Hochschulart;HSLART012;Medizinische Einrichtungen der Universitäten;BILFG4;Fächergruppen;FACHGR-SKW;Geisteswissenschaften;-;Tsd. EUR;ENM016;Einnahmen der Hochschulen (ohne Trägermittel)
21371;Hochschulfinanzstatistik;JAHR;Jahr;2024;DLAND;Bundesländer;09;Bayern;BILHA2;Hochschulart;HSLART03;Pädagogische Hochschulen;BILFG4;Fächergruppen;FACHGR-KUNSTW;Kunst, Kunstwissenschaft;-;Tsd. EUR;ENM016;Einnahmen der Hochschulen (ohne Trägermittel)
21371;Hochschulfinanzstatistik;JAHR;Jahr;2024;DLAND;Bundesländer;03;Niedersachsen;BILHA2;Hochschulart;;Insgesamt;BILFG4;Fächergruppen;FACHGR-AGRVET;Agrar-, Forst- u.Ernährungswiss., Veterinärmedizin;78101;Tsd. EUR;ENM016;Einnahmen der Hochschulen (ohne Trägermittel)
21371;Hochschulfinanzstatistik;JAHR;Jahr;2024;DLAND;Bundesländer;11;Berlin;BILHA2;Hochschulart;HSLART011;Universitäten (ohne Medizinische Einrichtungen);BILFG4;Fächergruppen;FACHGR-ZE-01;Zentr.Einrichtungen (o. klinikspez. Einrichtungen);131775;Tsd. EUR;ENM016;Einnahmen der Hochschulen (ohne Trägermittel)
21371;Hochschulfinanzstatistik;JAHR;Jahr;2024;DLAND;Bundesländer;07;Rheinland-Pfalz;BILHA2;Hochschulart;HSLART082;Verwaltungsfachhochschulen;BILFG4;Fächergruppen;FACHGR-AGRVET;Agrar-, Forst- u.Ernährungswiss., Veterinärmedizin;-;Tsd. EUR;ENM016;Einnahmen der Hochschulen (ohne Trägermittel)
21371;Hochschulfinanzstatistik;JAHR;Jahr;2024;DLAND;Bundesländer;13;Mecklenburg-Vorpommern;BILHA2;Hochschulart;HSLART011;Universitäten (ohne Medizinische Einrichtungen);BILFG4;Fächergruppen;FACHGR-SKW;Geisteswissenschaften;6393;Tsd. EUR;ENM016;Einnahmen der Hochschulen (ohne Trägermittel)
21371;Hochschulfinanzstatistik;JAHR;Jahr;2024;DLAND;Bundesländer;03;Niedersachsen;BILHA2;Hochschulart;HSLART012;Medizinische Einrichtungen der Universitäten;BILFG4;Fächergruppen;;Insgesamt;1758558;Tsd. EUR;ENM016;Einnahmen der Hochschulen (ohne Trägermittel)
21371;Hochschulfinanzstatistik;JAHR;Jahr;2024;DLAND;Bundesländer;04;Bremen;BILHA2;Hochschulart;HSLART012;Medizinische Einrichtungen der Universitäten;BILFG4;Fächergruppen;;Insgesamt;4288;Tsd. EUR;ENM016;Einnahmen der Hochschulen (ohne Trägermittel)
21371;Hochschulfinanzstatistik;JAHR;Jahr;2024;DLAND;Bundesländer;05;Nordrhein-Westfalen;BILHA2;Hochschulart;HSLART012;Medizinische Einrichtungen der Universitäten;BILFG4;Fächergruppen;;Insgesamt;6283058;Tsd. EUR;ENM016;Einnahmen der Hochschulen (ohne Trägermittel)
21371;Hochschulfinanzstatistik;JAHR;Jahr;2024;DLAND;Bundesländer;03;Niedersachsen;BILHA2;Hochschulart;HSLART082;Verwaltungsfachhochschulen;BILFG4;Fächergruppen;FACHGR-SKW;Geisteswissenschaften;-;Tsd. EUR;ENM016;Einnahmen der Hochschulen (ohne Trägermittel)
21371;Hochschulfinanzstatistik;JAHR;Jahr;2024;DLAND;Bundesländer;10;Saarland;BILHA2;Hochschulart;HSLART012;Medizinische Einrichtungen der Universitäten;BILFG4;Fächergruppen;;Insgesamt;617352;Tsd. EUR;ENM016;Einnahmen der Hochschulen (ohne Trägermittel)
21371;Hochschulfinanzstatistik;JAHR;Jahr;2024;DLAND;Bundesländer;11;Berlin;BILHA2;Hochschulart;HSLART012;Medizinische Einrichtungen der Universitäten;BILFG4;Fächergruppen;;Insgesamt;2418493;Tsd. EUR;ENM016;Einnahmen der Hochschulen (ohne Trägermittel)
21371;Hochschulfinanzstatistik;JAHR;Jahr;2024;DLAND;Bundesländer;14;Sachsen;BILHA2;Hochschulart;HSLART05;Theologische Hochschulen;BILFG4;Fächergruppen;FACHGR-NATW;Mathematik, Naturwissenschaften;-;Tsd. EUR;ENM016;Einnahmen der Hochschulen (ohne Trägermittel)
21371;Hochschulfinanzstatistik;JAHR;Jahr;2024;DLAND;Bundesländer;09;Bayern;BILHA2;Hochschulart;HSLART05;Theologische Hochschulen;BILFG4;Fächergruppen;FACHGR-SKW;Geisteswissenschaften;5970;Tsd. EUR;ENM016;Einnahmen der Hochschulen (ohne Trägermittel)
21371;Hochschulfinanzstatistik;JAHR;Jahr;2024;DLAND;Bundesländer;11;Berlin;BILHA2;Hochschulart;;Insgesamt;BILFG4;Fächergruppen;FACHGR-AGRVET;Agrar-, Forst- u.Ernährungswiss., Veterinärmedizin;21911;Tsd. EUR;ENM016;Einnahmen der Hochschulen (ohne Trägermittel)
21371;Hochschulfinanzstatistik;JAHR;Jahr;2024;DLAND;Bundesländer;04;Bremen;BILHA2;Hochschulart;HSLART03;Pädagogische Hochschulen;BILFG4;Fächergruppen;FACHGR-INGW;Ingenieurwissenschaften;-;Tsd. EUR;ENM016;Einnahmen der Hochschulen (ohne Trägermittel)
21371;Hochschulfinanzstatistik;JAHR;Jahr;2024;DLAND;Bundesländer;02;Hamburg;BILHA2;Hochschulart;HSLART012;Medizinische Einrichtungen der Universitäten;BILFG4;Fächergruppen;FACHGR-RWSW;Rechts-, Wirtschafts- und Sozialwissenschaften;-;Tsd. EUR;ENM016;Einnahmen der Hochschulen (ohne Trägermittel)
21371;Hochschulfinanzstatistik;JAHR;Jahr;2024;DLAND;Bundesländer;11;Berlin;BILHA2;Hochschulart;HSLART05;Theologische Hochschulen;BILFG4;Fächergruppen;FACHGR-ZE-01;Zentr.Einrichtungen (o. klinikspez. Einrichtungen);-;Tsd. EUR;ENM016;Einnahmen der Hochschulen (ohne Trägermittel)
21371;Hochschulfinanzstatistik;JAHR;Jahr;2024;DLAND;Bundesländer;16;Thüringen;BILHA2;Hochschulart;HSLART012;Medizinische Einrichtungen der Universitäten;BILFG4;Fächergruppen;FACHGR-KUNSTW;Kunst, Kunstwissenschaft;-;Tsd. EUR;ENM016;Einnahmen der Hochschulen (ohne Trägermittel)
21371;Hochschulfinanzstatistik;JAHR;Jahr;2024;DLAND;Bundesländer;03;Niedersachsen;BILHA2;Hochschulart;HSLART08;Fachhochschulen;BILFG4;Fächergruppen;FACHGR-NATW;Mathematik, Naturwissenschaften;-;Tsd. EUR;ENM016;Einnahmen der Hochschulen (ohne Trägermittel)
21371;Hochschulfinanzstatistik;JAHR;Jahr;2024;DLAND;Bundesländer;06;Hessen;BILHA2;Hochschulart;HSLART011;Universitäten (ohne Medizinische Einrichtungen);BILFG4;Fächergruppen;FACHGR-KUNSTW;Kunst, Kunstwissenschaft;3529;Tsd. EUR;ENM016;Einnahmen der Hochschulen (ohne Trägermittel)
21371;Hochschulfinanzstatistik;JAHR;Jahr;2024;DLAND;Bundesländer;12;Brandenburg;BILHA2;Hochschulart;HSLART082;Verwaltungsfachhochschulen;BILFG4;Fächergruppen;FACHGR-AGRVET;Agrar-, Forst- u.Ernährungswiss., Veterinärmedizin;-;Tsd. EUR;ENM016;Einnahmen der Hochschulen (ohne Trägermittel)
21371;Hochschulfinanzstatistik;JAHR;Jahr;2024;DLAND;Bundesländer;09;Bayern;BILHA2;Hochschulart;HSLART05;Theologische Hochschulen;BILFG4;Fächergruppen;FACHGR-MEDHUM;Humanmedizin/Gesundheitswissenschaften;-;Tsd. EUR;ENM016;Einnahmen der Hochschulen (ohne Trägermittel)
21371;Hochschulfinanzstatistik;JAHR;Jahr;2024;DLAND;Bundesländer;05;Nordrhein-Westfalen;BILHA2;Hochschulart;HSLART03;Pädagogische Hochschulen;BILFG4;Fächergruppen;FACHGR-SPR;Sport;-;Tsd. EUR;ENM016;Einnahmen der Hochschulen (ohne Trägermittel)
21371;Hochschulfinanzstatistik;JAHR;Jahr;2024;DLAND;Bundesländer;03;Niedersachsen;BILHA2;Hochschulart;;Insgesamt;BILFG4;Fächergruppen;FACHGR-SKW;Geisteswissenschaften;26422;Tsd. EUR;ENM016;Einnahmen der Hochschulen (ohne Trägermittel)
21371;Hochschulfinanzstatistik;JAHR;Jahr;2024;DLAND;Bundesländer;08;Baden-Württemberg;BILHA2;Hochschulart;HSLART06;Kunsthochschulen;BILFG4;Fächergruppen;FACHGR-SKW;Geisteswissenschaften;-;Tsd. EUR;ENM016;Einnahmen der Hochschulen (ohne Trägermittel)
21371;Hochschulfinanzstatistik;JAHR;Jahr;2024;DLAND;Bundesländer;10;Saarland;BILHA2;Hochschulart;HSLART011;Universitäten (ohne Medizinische Einrichtungen);BILFG4;Fächergruppen;FACHGR-AGRVET;Agrar-, Forst- u.Ernährungswiss., Veterinärmedizin;-;Tsd. EUR;ENM016;Einnahmen der Hochschulen (ohne Trägermittel)
21371;Hochschulfinanzstatistik;JAHR;Jahr;2024;DLAND;Bundesländer;14;Sachsen;BILHA2;Hochschulart;HSLART012;Medizinische Einrichtungen der Universitäten;BILFG4;Fächergruppen;FACHGR-NATW;Mathematik, Naturwissenschaften;-;Tsd. EUR;ENM016;Einnahmen der Hochschulen (ohne Trägermittel)
21371;Hochschulfinanzstatistik;JAHR;Jahr;2024;DLAND;Bundesländer;13;Mecklenburg-Vorpommern;BILHA2;Hochschulart;;Insgesamt;BILFG4;Fächergruppen;;Insgesamt;931020;Tsd. EUR;ENM016;Einnahmen der Hochschulen (ohne Trägermittel)
21371;Hochschulfinanzstatistik;JAHR;Jahr;2024;DLAND;Bundesländer;08;Baden-Württemberg;BILHA2;Hochschulart;HSLART011;Universitäten (ohne Medizinische Einrichtungen);BILFG4;Fächergruppen;FACHGR-INGW;Ingenieurwissenschaften;361018;Tsd. EUR;ENM016;Einnahmen der Hochschulen (ohne Trägermittel)
21371;Hochschulfinanzstatistik;JAHR;Jahr;2024;DLAND;Bundesländer;13;Mecklenburg-Vorpommern;BILHA2;Hochschulart;HSLART082;Verwaltungsfachhochschulen;BILFG4;Fächergruppen;FACHGR-KUNSTW;Kunst, Kunstwissenschaft;-;Tsd. EUR;ENM016;Einnahmen der Hochschulen (ohne Trägermittel)
21371;Hochschulfinanzstatistik;JAHR;Jahr;2024;DLAND;Bundesländer;11;Berlin;BILHA2;Hochschulart;;Insgesamt;BILFG4;Fächergruppen;FACHGR-INGW;Ingenieurwissenschaften;191986;Tsd. EUR;ENM016;Einnahmen der Hochschulen (ohne Trägermittel)
21371;Hochschulfinanzstatistik;JAHR;Jahr;2024;DLAND;Bundesländer;09;Bayern;BILHA2;Hochschulart;HSLART082;Verwaltungsfachhochschulen;BILFG4;Fächergruppen;;Insgesamt;4387;Tsd. EUR;ENM016;Einnahmen der Hochschulen (ohne Trägermittel)
21371;Hochschulfinanzstatistik;JAHR;Jahr;2024;DLAND;Bundesländer;08;Baden-Württemberg;BILHA2;Hochschulart;HSLART03;Pädagogische Hochschulen;BILFG4;Fächergruppen;;Insgesamt;33985;Tsd. EUR;ENM016;Einnahmen der Hochschulen (ohne Trägermittel)
21371;Hochschulfinanzstatistik;JAHR;Jahr;2024;DLAND;Bundesländer;11;Berlin;BILHA2;Hochschulart;HSLART012;Medizinische Einrichtungen der Universitäten;BILFG4;Fächergruppen;FACHGR-RWSW;Rechts-, Wirtschafts- und Sozialwissenschaften;-;Tsd. EUR;ENM016;Einnahmen der Hochschulen (ohne Trägermittel)
21371;Hochschulfinanzstatistik;JAHR;Jahr;2024;DLAND;Bundesländer;12;Brandenburg;BILHA2;Hochschulart;HSLART06;Kunsthochschulen;BILFG4;Fächergruppen;FACHGR-MEDHUM;Humanmedizin/Gesundheitswissenschaften;-;Tsd. EUR;ENM016;Einnahmen der Hochschulen (ohne Trägermittel)
21371;Hochschulfinanzstatistik;JAHR;Jahr;2024;DLAND;Bundesländer;02;Hamburg;BILHA2;Hochschulart;HSLART082;Verwaltungsfachhochschulen;BILFG4;Fächergruppen;;Insgesamt;839;Tsd. EUR;ENM016;Einnahmen der Hochschulen (ohne Trägermittel)
21371;Hochschulfinanzstatistik;JAHR;Jahr;2024;DLAND;Bundesländer;14;Sachsen;BILHA2;Hochschulart;HSLART08;Fachhochschulen;BILFG4;Fächergruppen;FACHGR-SPR;Sport;-;Tsd. EUR;ENM016;Einnahmen der Hochschulen (ohne Trägermittel)
21371;Hochschulfinanzstatistik;JAHR;Jahr;2024;DLAND;Bundesländer;08;Baden-Württemberg;BILHA2;Hochschulart;HSLART082;Verwaltungsfachhochschulen;BILFG4;Fächergruppen;;Insgesamt;5883;Tsd. EUR;ENM016;Einnahmen der Hochschulen (ohne Trägermittel)
21371;Hochschulfinanzstatistik;JAHR;Jahr;2024;DLAND;Bundesländer;03;Niedersachsen;BILHA2;Hochschulart;HSLART05;Theologische Hochschulen;BILFG4;Fächergruppen;FACHGR-AGRVET;Agrar-, Forst- u.Ernährungswiss., Veterinärmedizin;-;Tsd. EUR;ENM016;Einnahmen der Hochschulen (ohne Trägermittel)
21371;Hochschulfinanzstatistik;JAHR;Jahr;2024;DLAND;Bundesländer;01;Schleswig-Holstein;BILHA2;Hochschulart;HSLART06;Kunsthochschulen;BILFG4;Fächergruppen;FACHGR-SKW;Geisteswissenschaften;-;Tsd. EUR;ENM016;Einnahmen der Hochschulen (ohne Trägermittel)
21371;Hochschulfinanzstatistik;JAHR;Jahr;2024;DLAND;Bundesländer;05;Nordrhein-Westfalen;BILHA2;Hochschulart;HSLART012;Medizinische Einrichtungen der Universitäten;BILFG4;Fächergruppen;FACHGR-NATW;Mathematik, Naturwissenschaften;-;Tsd. EUR;ENM016;Einnahmen der Hochschulen (ohne Trägermittel)
21371;Hochschulfinanzstatistik;JAHR;Jahr;2024;DLAND;Bundesländer;04;Bremen;BILHA2;Hochschulart;HSLART082;Verwaltungsfachhochschulen;BILFG4;Fächergruppen;;Insgesamt;1384;Tsd. EUR;ENM016;Einnahmen der Hochschulen (ohne Trägermittel)
21371;Hochschulfinanzstatistik;JAHR;Jahr;2024;DLAND;Bundesländer;03;Niedersachsen;BILHA2;Hochschulart;HSLART082;Verwaltungsfachhochschulen;BILFG4;Fächergruppen;;Insgesamt;1082;Tsd. EUR;ENM016;Einnahmen der Hochschulen (ohne Trägermittel)
21371;Hochschulfinanzstatistik;JAHR;Jahr;2024;DLAND;Bundesländer;11;Berlin;BILHA2;Hochschulart;HSLART011;Universitäten (ohne Medizinische Einrichtungen);BILFG4;Fächergruppen;FACHGR-KUNSTW;Kunst, Kunstwissenschaft;5736;Tsd. EUR;ENM016;Einnahmen der Hochschulen (ohne Trägermittel)
21371;Hochschulfinanzstatistik;JAHR;Jahr;2024;DLAND;Bundesländer;09;Bayern;BILHA2;Hochschulart;HSLART011;Universitäten (ohne Medizinische Einrichtungen);BILFG4;Fächergruppen;FACHGR-KUNSTW;Kunst, Kunstwissenschaft;5218;Tsd. EUR;ENM016;Einnahmen der Hochschulen (ohne Trägermittel)
21371;Hochschulfinanzstatistik;JAHR;Jahr;2024;DLAND;Bundesländer;10;Saarland;BILHA2;Hochschulart;HSLART03;Pädagogische Hochschulen;BILFG4;Fächergruppen;FACHGR-MEDHUM;Humanmedizin/Gesundheitswissenschaften;-;Tsd. EUR;ENM016;Einnahmen der Hochschulen (ohne Trägermittel)
21371;Hochschulfinanzstatistik;JAHR;Jahr;2024;DLAND;Bundesländer;02;Hamburg;BILHA2;Hochschulart;HSLART03;Pädagogische Hochschulen;BILFG4;Fächergruppen;FACHGR-AGRVET;Agrar-, Forst- u.Ernährungswiss., Veterinärmedizin;-;Tsd. EUR;ENM016;Einnahmen der Hochschulen (ohne Trägermittel)
21371;Hochschulfinanzstatistik;JAHR;Jahr;2024;DLAND;Bundesländer;03;Niedersachsen;BILHA2;Hochschulart;HSLART05;Theologische Hochschulen;BILFG4;Fächergruppen;FACHGR-RWSW;Rechts-, Wirtschafts- und Sozialwissenschaften;-;Tsd. EUR;ENM016;Einnahmen der Hochschulen (ohne Trägermittel)
21371;Hochschulfinanzstatistik;JAHR;Jahr;2024;DLAND;Bundesländer;14;Sachsen;BILHA2;Hochschulart;HSLART011;Universitäten (ohne Medizinische Einrichtungen);BILFG4;Fächergruppen;FACHGR-RWSW;Rechts-, Wirtschafts- und Sozialwissenschaften;48868;Tsd. EUR;ENM016;Einnahmen der Hochschulen (ohne Trägermittel)
21371;Hochschulfinanzstatistik;JAHR;Jahr;2024;DLAND;Bundesländer;07;Rheinland-Pfalz;BILHA2;Hochschulart;HSLART082;Verwaltungsfachhochschulen;BILFG4;Fächergruppen;FACHGR-MEDHUM;Humanmedizin/Gesundheitswissenschaften;-;Tsd. EUR;ENM016;Einnahmen der Hochschulen (ohne Trägermittel)
21371;Hochschulfinanzstatistik;JAHR;Jahr;2024;DLAND;Bundesländer;13;Mecklenburg-Vorpommern;BILHA2;Hochschulart;HSLART011;Universitäten (ohne Medizinische Einrichtungen);BILFG4;Fächergruppen;FACHGR-AGRVET;Agrar-, Forst- u.Ernährungswiss., Veterinärmedizin;5118;Tsd. EUR;ENM016;Einnahmen der Hochschulen (ohne Trägermittel)
21371;Hochschulfinanzstatistik;JAHR;Jahr;2024;DLAND;Bundesländer;06;Hessen;BILHA2;Hochschulart;HSLART08;Fachhochschulen;BILFG4;Fächergruppen;FACHGR-SKW;Geisteswissenschaften;6639;Tsd. EUR;ENM016;Einnahmen der Hochschulen (ohne Trägermittel)
21371;Hochschulfinanzstatistik;JAHR;Jahr;2024;DLAND;Bundesländer;10;Saarland;BILHA2;Hochschulart;HSLART08;Fachhochschulen;BILFG4;Fächergruppen;FACHGR-SPR;Sport;-;Tsd. EUR;ENM016;Einnahmen der Hochschulen (ohne Trägermittel)
21371;Hochschulfinanzstatistik;JAHR;Jahr;2024;DLAND;Bundesländer;11;Berlin;BILHA2;Hochschulart;HSLART011;Universitäten (ohne Medizinische Einrichtungen);BILFG4;Fächergruppen;FACHGR-INGW;Ingenieurwissenschaften;169384;Tsd. EUR;ENM016;Einnahmen der Hochschulen (ohne Trägermittel)
21371;Hochschulfinanzstatistik;JAHR;Jahr;2024;DLAND;Bundesländer;16;Thüringen;BILHA2;Hochschulart;HSLART03;Pädagogische Hochschulen;BILFG4;Fächergruppen;FACHGR-SKW;Geisteswissenschaften;-;Tsd. EUR;ENM016;Einnahmen der Hochschulen (ohne Trägermittel)
21371;Hochschulfinanzstatistik;JAHR;Jahr;2024;DLAND;Bundesländer;06;Hessen;BILHA2;Hochschulart;HSLART06;Kunsthochschulen;BILFG4;Fächergruppen;FACHGR-AGRVET;Agrar-, Forst- u.Ernährungswiss., Veterinärmedizin;-;Tsd. EUR;ENM016;Einnahmen der Hochschulen (ohne Trägermittel)
21371;Hochschulfinanzstatistik;JAHR;Jahr;2024;DLAND;Bundesländer;14;Sachsen;BILHA2;Hochschulart;HSLART06;Kunsthochschulen;BILFG4;Fächergruppen;FACHGR-KUNSTW;Kunst, Kunstwissenschaft;4542;Tsd. EUR;ENM016;Einnahmen der Hochschulen (ohne Trägermittel)
21371;Hochschulfinanzstatistik;JAHR;Jahr;2024;DLAND;Bundesländer;11;Berlin;BILHA2;Hochschulart;HSLART03;Pädagogische Hochschulen;BILFG4;Fächergruppen;FACHGR-KUNSTW;Kunst, Kunstwissenschaft;-;Tsd. EUR;ENM016;Einnahmen der Hochschulen (ohne Trägermittel)
21371;Hochschulfinanzstatistik;JAHR;Jahr;2024;DLAND;Bundesländer;11;Berlin;BILHA2;Hochschulart;;Insgesamt;BILFG4;Fächergruppen;FACHGR-KUNSTW;Kunst, Kunstwissenschaft;39164;Tsd. EUR;ENM016;Einnahmen der Hochschulen (ohne Trägermittel)
21371;Hochschulfinanzstatistik;JAHR;Jahr;2024;DLAND;Bundesländer;15;Sachsen-Anhalt;BILHA2;Hochschulart;HSLART011;Universitäten (ohne Medizinische Einrichtungen);BILFG4;Fächergruppen;FACHGR-SPR;Sport;1041;Tsd. EUR;ENM016;Einnahmen der Hochschulen (ohne Trägermittel)
21371;Hochschulfinanzstatistik;JAHR;Jahr;2024;DLAND;Bundesländer;04;Bremen;BILHA2;Hochschulart;HSLART03;Pädagogische Hochschulen;BILFG4;Fächergruppen;FACHGR-AGRVET;Agrar-, Forst- u.Ernährungswiss., Veterinärmedizin;-;Tsd. EUR;ENM016;Einnahmen der Hochschulen (ohne Trägermittel)
21371;Hochschulfinanzstatistik;JAHR;Jahr;2024;DLAND;Bundesländer;14;Sachsen;BILHA2;Hochschulart;HSLART011;Universitäten (ohne Medizinische Einrichtungen);BILFG4;Fächergruppen;FACHGR-KUNSTW;Kunst, Kunstwissenschaft;952;Tsd. EUR;ENM016;Einnahmen der Hochschulen (ohne Trägermittel)
21371;Hochschulfinanzstatistik;JAHR;Jahr;2024;DLAND;Bundesländer;07;Rheinland-Pfalz;BILHA2;Hochschulart;;Insgesamt;BILFG4;Fächergruppen;FACHGR-RWSW;Rechts-, Wirtschafts- und Sozialwissenschaften;96441;Tsd. EUR;ENM016;Einnahmen der Hochschulen (ohne Trägermittel)
21371;Hochschulfinanzstatistik;JAHR;Jahr;2024;DLAND;Bundesländer;01;Schleswig-Holstein;BILHA2;Hochschulart;HSLART03;Pädagogische Hochschulen;BILFG4;Fächergruppen;FACHGR-AGRVET;Agrar-, Forst- u.Ernährungswiss., Veterinärmedizin;-;Tsd. EUR;ENM016;Einnahmen der Hochschulen (ohne Trägermittel)
21371;Hochschulfinanzstatistik;JAHR;Jahr;2024;DLAND;Bundesländer;08;Baden-Württemberg;BILHA2;Hochschulart;HSLART012;Medizinische Einrichtungen der Universitäten;BILFG4;Fächergruppen;FACHGR-MEDHUM;Humanmedizin/Gesundheitswissenschaften;4862806;Tsd. EUR;ENM016;Einnahmen der Hochschulen (ohne Trägermittel)
21371;Hochschulfinanzstatistik;JAHR;Jahr;2024;DLAND;Bundesländer;04;Bremen;BILHA2;Hochschulart;HSLART011;Universitäten (ohne Medizinische Einrichtungen);BILFG4;Fächergruppen;FACHGR-SKW;Geisteswissenschaften;3536;Tsd. EUR;ENM016;Einnahmen der Hochschulen (ohne Trägermittel)
21371;Hochschulfinanzstatistik;JAHR;Jahr;2024;DLAND;Bundesländer;13;Mecklenburg-Vorpommern;BILHA2;Hochschulart;HSLART06;Kunsthochschulen;BILFG4;Fächergruppen;FACHGR-MEDHUM;Humanmedizin/Gesundheitswissenschaften;-;Tsd. EUR;ENM016;Einnahmen der Hochschulen (ohne Trägermittel)
21371;Hochschulfinanzstatistik;JAHR;Jahr;2024;DLAND;Bundesländer;11;Berlin;BILHA2;Hochschulart;HSLART03;Pädagogische Hochschulen;BILFG4;Fächergruppen;FACHGR-MEDHUM;Humanmedizin/Gesundheitswissenschaften;-;Tsd. EUR;ENM016;Einnahmen der Hochschulen (ohne Trägermittel)
21371;Hochschulfinanzstatistik;JAHR;Jahr;2024;DLAND;Bundesländer;02;Hamburg;BILHA2;Hochschulart;HSLART05;Theologische Hochschulen;BILFG4;Fächergruppen;FACHGR-RWSW;Rechts-, Wirtschafts- und Sozialwissenschaften;-;Tsd. EUR;ENM016;Einnahmen der Hochschulen (ohne Trägermittel)
21371;Hochschulfinanzstatistik;JAHR;Jahr;2024;DLAND;Bundesländer;08;Baden-Württemberg;BILHA2;Hochschulart;HSLART011;Universitäten (ohne Medizinische Einrichtungen);BILFG4;Fächergruppen;FACHGR-NATW;Mathematik, Naturwissenschaften;339095;Tsd. EUR;ENM016;Einnahmen der Hochschulen (ohne Trägermittel)
21371;Hochschulfinanzstatistik;JAHR;Jahr;2024;DLAND;Bundesländer;02;Hamburg;BILHA2;Hochschulart;HSLART06;Kunsthochschulen;BILFG4;Fächergruppen;FACHGR-ZE-01;Zentr.Einrichtungen (o. klinikspez. Einrichtungen);2665;Tsd. EUR;ENM016;Einnahmen der Hochschulen (ohne Trägermittel)
21371;Hochschulfinanzstatistik;JAHR;Jahr;2024;DLAND;Bundesländer;16;Thüringen;BILHA2;Hochschulart;HSLART06;Kunsthochschulen;BILFG4;Fächergruppen;FACHGR-KUNSTW;Kunst, Kunstwissenschaft;261;Tsd. EUR;ENM016;Einnahmen der Hochschulen (ohne Trägermittel)
21371;Hochschulfinanzstatistik;JAHR;Jahr;2024;DLAND;Bundesländer;16;Thüringen;BILHA2;Hochschulart;HSLART05;Theologische Hochschulen;BILFG4;Fächergruppen;FACHGR-ZE-01;Zentr.Einrichtungen (o. klinikspez. Einrichtungen);-;Tsd. EUR;ENM016;Einnahmen der Hochschulen (ohne Trägermittel)
21371;Hochschulfinanzstatistik;JAHR;Jahr;2024;DLAND;Bundesländer;16;Thüringen;BILHA2;Hochschulart;;Insgesamt;BILFG4;Fächergruppen;FACHGR-MEDHUM;Humanmedizin/Gesundheitswissenschaften;618484;Tsd. EUR;ENM016;Einnahmen der Hochschulen (ohne Trägermittel)
21371;Hochschulfinanzstatistik;JAHR;Jahr;2024;DLAND;Bundesländer;13;Mecklenburg-Vorpommern;BILHA2;Hochschulart;HSLART011;Universitäten (ohne Medizinische Einrichtungen);BILFG4;Fächergruppen;FACHGR-NATW;Mathematik, Naturwissenschaften;37236;Tsd. EUR;ENM016;Einnahmen der Hochschulen (ohne Trägermittel)
21371;Hochschulfinanzstatistik;JAHR;Jahr;2024;DLAND;Bundesländer;13;Mecklenburg-Vorpommern;BILHA2;Hochschulart;HSLART06;Kunsthochschulen;BILFG4;Fächergruppen;FACHGR-KUNSTW;Kunst, Kunstwissenschaft;860;Tsd. EUR;ENM016;Einnahmen der Hochschulen (ohne Trägermittel)
21371;Hochschulfinanzstatistik;JAHR;Jahr;2024;DLAND;Bundesländer;09;Bayern;BILHA2;Hochschulart;HSLART011;Universitäten (ohne Medizinische Einrichtungen);BILFG4;Fächergruppen;FACHGR-SPR;Sport;10246;Tsd. EUR;ENM016;Einnahmen der Hochschulen (ohne Trägermittel)
21371;Hochschulfinanzstatistik;JAHR;Jahr;2024;DLAND;Bundesländer;11;Berlin;BILHA2;Hochschulart;HSLART012;Medizinische Einrichtungen der Universitäten;BILFG4;Fächergruppen;FACHGR-NATW;Mathematik, Naturwissenschaften;-;Tsd. EUR;ENM016;Einnahmen der Hochschulen (ohne Trägermittel)
21371;Hochschulfinanzstatistik;JAHR;Jahr;2024;DLAND;Bundesländer;05;Nordrhein-Westfalen;BILHA2;Hochschulart;HSLART011;Universitäten (ohne Medizinische Einrichtungen);BILFG4;Fächergruppen;FACHGR-SKW;Geisteswissenschaften;107669;Tsd. EUR;ENM016;Einnahmen der Hochschulen (ohne Trägermittel)
21371;Hochschulfinanzstatistik;JAHR;Jahr;2024;DLAND;Bundesländer;06;Hessen;BILHA2;Hochschulart;HSLART011;Universitäten (ohne Medizinische Einrichtungen);BILFG4;Fächergruppen;FACHGR-INGW;Ingenieurwissenschaften;154494;Tsd. EUR;ENM016;Einnahmen der Hochschulen (ohne Trägermittel)
21371;Hochschulfinanzstatistik;JAHR;Jahr;2024;DLAND;Bundesländer;11;Berlin;BILHA2;Hochschulart;HSLART03;Pädagogische Hochschulen;BILFG4;Fächergruppen;FACHGR-SPR;Sport;-;Tsd. EUR;ENM016;Einnahmen der Hochschulen (ohne Trägermittel)
21371;Hochschulfinanzstatistik;JAHR;Jahr;2024;DLAND;Bundesländer;01;Schleswig-Holstein;BILHA2;Hochschulart;HSLART082;Verwaltungsfachhochschulen;BILFG4;Fächergruppen;FACHGR-NATW;Mathematik, Naturwissenschaften;-;Tsd. EUR;ENM016;Einnahmen der Hochschulen (ohne Trägermittel)
21371;Hochschulfinanzstatistik;JAHR;Jahr;2024;DLAND;Bundesländer;14;Sachsen;BILHA2;Hochschulart;HSLART03;Pädagogische Hochschulen;BILFG4;Fächergruppen;FACHGR-KUNSTW;Kunst, Kunstwissenschaft;-;Tsd. EUR;ENM016;Einnahmen der Hochschulen (ohne Trägermittel)
21371;Hochschulfinanzstatistik;JAHR;Jahr;2024;DLAND;Bundesländer;02;Hamburg;BILHA2;Hochschulart;HSLART082;Verwaltungsfachhochschulen;BILFG4;Fächergruppen;FACHGR-ZE-01;Zentr.Einrichtungen (o. klinikspez. Einrichtungen);-;Tsd. EUR;ENM016;Einnahmen der Hochschulen (ohne Trägermittel)
21371;Hochschulfinanzstatistik;JAHR;Jahr;2024;DLAND;Bundesländer;05;Nordrhein-Westfalen;BILHA2;Hochschulart;HSLART03;Pädagogische Hochschulen;BILFG4;Fächergruppen;;Insgesamt;-;Tsd. EUR;ENM016;Einnahmen der Hochschulen (ohne Trägermittel)
21371;Hochschulfinanzstatistik;JAHR;Jahr;2024;DLAND;Bundesländer;10;Saarland;BILHA2;Hochschulart;HSLART011;Universitäten (ohne Medizinische Einrichtungen);BILFG4;Fächergruppen;FACHGR-SKW;Geisteswissenschaften;8874;Tsd. EUR;ENM016;Einnahmen der Hochschulen (ohne Trägermittel)
21371;Hochschulfinanzstatistik;JAHR;Jahr;2024;DLAND;Bundesländer;08;Baden-Württemberg;BILHA2;Hochschulart;HSLART012;Medizinische Einrichtungen der Universitäten;BILFG4;Fächergruppen;FACHGR-RWSW;Rechts-, Wirtschafts- und Sozialwissenschaften;-;Tsd. EUR;ENM016;Einnahmen der Hochschulen (ohne Trägermittel)
21371;Hochschulfinanzstatistik;JAHR;Jahr;2024;DLAND;Bundesländer;03;Niedersachsen;BILHA2;Hochschulart;HSLART03;Pädagogische Hochschulen;BILFG4;Fächergruppen;FACHGR-SKW;Geisteswissenschaften;-;Tsd. EUR;ENM016;Einnahmen der Hochschulen (ohne Trägermittel)
21371;Hochschulfinanzstatistik;JAHR;Jahr;2024;DLAND;Bundesländer;13;Mecklenburg-Vorpommern;BILHA2;Hochschulart;;Insgesamt;BILFG4;Fächergruppen;FACHGR-AGRVET;Agrar-, Forst- u.Ernährungswiss., Veterinärmedizin;6262;Tsd. EUR;ENM016;Einnahmen der Hochschulen (ohne Trägermittel)
21371;Hochschulfinanzstatistik;JAHR;Jahr;2024;DLAND;Bundesländer;14;Sachsen;BILHA2;Hochschulart;;Insgesamt;BILFG4;Fächergruppen;FACHGR-SPR;Sport;4394;Tsd. EUR;ENM016;Einnahmen der Hochschulen (ohne Trägermittel)
21371;Hochschulfinanzstatistik;JAHR;Jahr;2024;DLAND;Bundesländer;08;Baden-Württemberg;BILHA2;Hochschulart;HSLART08;Fachhochschulen;BILFG4;Fächergruppen;FACHGR-SKW;Geisteswissenschaften;20164;Tsd. EUR;ENM016;Einnahmen der Hochschulen (ohne Trägermittel)
21371;Hochschulfinanzstatistik;JAHR;Jahr;2024;DLAND;Bundesländer;03;Niedersachsen;BILHA2;Hochschulart;HSLART03;Pädagogische Hochschulen;BILFG4;Fächergruppen;;Insgesamt;-;Tsd. EUR;ENM016;Einnahmen der Hochschulen (ohne Trägermittel)
21371;Hochschulfinanzstatistik;JAHR;Jahr;2024;DLAND;Bundesländer;02;Hamburg;BILHA2;Hochschulart;HSLART012;Medizinische Einrichtungen der Universitäten;BILFG4;Fächergruppen;FACHGR-SPR;Sport;-;Tsd. EUR;ENM016;Einnahmen der Hochschulen (ohne Trägermittel)
21371;Hochschulfinanzstatistik;JAHR;Jahr;2024;DLAND;Bundesländer;08;Baden-Württemberg;BILHA2;Hochschulart;HSLART011;Universitäten (ohne Medizinische Einrichtungen);BILFG4;Fächergruppen;FACHGR-SPR;Sport;8192;Tsd. EUR;ENM016;Einnahmen der Hochschulen (ohne Trägermittel)
21371;Hochschulfinanzstatistik;JAHR;Jahr;2024;DLAND;Bundesländer;06;Hessen;BILHA2;Hochschulart;HSLART03;Pädagogische Hochschulen;BILFG4;Fächergruppen;FACHGR-AGRVET;Agrar-, Forst- u.Ernährungswiss., Veterinärmedizin;-;Tsd. EUR;ENM016;Einnahmen der Hochschulen (ohne Trägermittel)
21371;Hochschulfinanzstatistik;JAHR;Jahr;2024;DLAND;Bundesländer;06;Hessen;BILHA2;Hochschulart;;Insgesamt;BILFG4;Fächergruppen;FACHGR-KUNSTW;Kunst, Kunstwissenschaft;8636;Tsd. EUR;ENM016;Einnahmen der Hochschulen (ohne Trägermittel)
21371;Hochschulfinanzstatistik;JAHR;Jahr;2024;DLAND;Bundesländer;01;Schleswig-Holstein;BILHA2;Hochschulart;;Insgesamt;BILFG4;Fächergruppen;FACHGR-MEDHUM;Humanmedizin/Gesundheitswissenschaften;1432007;Tsd. EUR;ENM016;Einnahmen der Hochschulen (ohne Trägermittel)
21371;Hochschulfinanzstatistik;JAHR;Jahr;2024;DLAND;Bundesländer;07;Rheinland-Pfalz;BILHA2;Hochschulart;HSLART011;Universitäten (ohne Medizinische Einrichtungen);BILFG4;Fächergruppen;FACHGR-SPR;Sport;2139;Tsd. EUR;ENM016;Einnahmen der Hochschulen (ohne Trägermittel)
21371;Hochschulfinanzstatistik;JAHR;Jahr;2024;DLAND;Bundesländer;16;Thüringen;BILHA2;Hochschulart;HSLART012;Medizinische Einrichtungen der Universitäten;BILFG4;Fächergruppen;FACHGR-NATW;Mathematik, Naturwissenschaften;-;Tsd. EUR;ENM016;Einnahmen der Hochschulen (ohne Trägermittel)
21371;Hochschulfinanzstatistik;JAHR;Jahr;2024;DLAND;Bundesländer;01;Schleswig-Holstein;BILHA2;Hochschulart;HSLART03;Pädagogische Hochschulen;BILFG4;Fächergruppen;FACHGR-SPR;Sport;-;Tsd. EUR;ENM016;Einnahmen der Hochschulen (ohne Trägermittel)
21371;Hochschulfinanzstatistik;JAHR;Jahr;2024;DLAND;Bundesländer;13;Mecklenburg-Vorpommern;BILHA2;Hochschulart;HSLART05;Theologische Hochschulen;BILFG4;Fächergruppen;FACHGR-AGRVET;Agrar-, Forst- u.Ernährungswiss., Veterinärmedizin;-;Tsd. EUR;ENM016;Einnahmen der Hochschulen (ohne Trägermittel)
21371;Hochschulfinanzstatistik;JAHR;Jahr;2024;DLAND;Bundesländer;07;Rheinland-Pfalz;BILHA2;Hochschulart;HSLART08;Fachhochschulen;BILFG4;Fächergruppen;FACHGR-RWSW;Rechts-, Wirtschafts- und Sozialwissenschaften;22379;Tsd. EUR;ENM016;Einnahmen der Hochschulen (ohne Trägermittel)
21371;Hochschulfinanzstatistik;JAHR;Jahr;2024;DLAND;Bundesländer;15;Sachsen-Anhalt;BILHA2;Hochschulart;HSLART03;Pädagogische Hochschulen;BILFG4;Fächergruppen;FACHGR-MEDHUM;Humanmedizin/Gesundheitswissenschaften;-;Tsd. EUR;ENM016;Einnahmen der Hochschulen (ohne Trägermittel)
21371;Hochschulfinanzstatistik;JAHR;Jahr;2024;DLAND;Bundesländer;03;Niedersachsen;BILHA2;Hochschulart;HSLART012;Medizinische Einrichtungen der Universitäten;BILFG4;Fächergruppen;FACHGR-SPR;Sport;-;Tsd. EUR;ENM016;Einnahmen der Hochschulen (ohne Trägermittel)
21371;Hochschulfinanzstatistik;JAHR;Jahr;2024;DLAND;Bundesländer;11;Berlin;BILHA2;Hochschulart;HSLART08;Fachhochschulen;BILFG4;Fächergruppen;FACHGR-SPR;Sport;3412;Tsd. EUR;ENM016;Einnahmen der Hochschulen (ohne Trägermittel)
21371;Hochschulfinanzstatistik;JAHR;Jahr;2024;DLAND;Bundesländer;08;Baden-Württemberg;BILHA2;Hochschulart;;Insgesamt;BILFG4;Fächergruppen;FACHGR-AGRVET;Agrar-, Forst- u.Ernährungswiss., Veterinärmedizin;41272;Tsd. EUR;ENM016;Einnahmen der Hochschulen (ohne Trägermittel)
21371;Hochschulfinanzstatistik;JAHR;Jahr;2024;DLAND;Bundesländer;09;Bayern;BILHA2;Hochschulart;;Insgesamt;BILFG4;Fächergruppen;FACHGR-RWSW;Rechts-, Wirtschafts- und Sozialwissenschaften;231852;Tsd. EUR;ENM016;Einnahmen der Hochschulen (ohne Trägermittel)
21371;Hochschulfinanzstatistik;JAHR;Jahr;2024;DLAND;Bundesländer;01;Schleswig-Holstein;BILHA2;Hochschulart;HSLART08;Fachhochschulen;BILFG4;Fächergruppen;FACHGR-SPR;Sport;-;Tsd. EUR;ENM016;Einnahmen der Hochschulen (ohne Trägermittel)
21371;Hochschulfinanzstatistik;JAHR;Jahr;2024;DLAND;Bundesländer;13;Mecklenburg-Vorpommern;BILHA2;Hochschulart;HSLART06;Kunsthochschulen;BILFG4;Fächergruppen;FACHGR-INGW;Ingenieurwissenschaften;-;Tsd. EUR;ENM016;Einnahmen der Hochschulen (ohne Trägermittel)
21371;Hochschulfinanzstatistik;JAHR;Jahr;2024;DLAND;Bundesländer;02;Hamburg;BILHA2;Hochschulart;HSLART082;Verwaltungsfachhochschulen;BILFG4;Fächergruppen;FACHGR-RWSW;Rechts-, Wirtschafts- und Sozialwissenschaften;839;Tsd. EUR;ENM016;Einnahmen der Hochschulen (ohne Trägermittel)
21371;Hochschulfinanzstatistik;JAHR;Jahr;2024;DLAND;Bundesländer;07;Rheinland-Pfalz;BILHA2;Hochschulart;HSLART012;Medizinische Einrichtungen der Universitäten;BILFG4;Fächergruppen;FACHGR-NATW;Mathematik, Naturwissenschaften;-;Tsd. EUR;ENM016;Einnahmen der Hochschulen (ohne Trägermittel)
21371;Hochschulfinanzstatistik;JAHR;Jahr;2024;DLAND;Bundesländer;09;Bayern;BILHA2;Hochschulart;HSLART03;Pädagogische Hochschulen;BILFG4;Fächergruppen;FACHGR-SKW;Geisteswissenschaften;-;Tsd. EUR;ENM016;Einnahmen der Hochschulen (ohne Trägermittel)
21371;Hochschulfinanzstatistik;JAHR;Jahr;2024;DLAND;Bundesländer;08;Baden-Württemberg;BILHA2;Hochschulart;HSLART011;Universitäten (ohne Medizinische Einrichtungen);BILFG4;Fächergruppen;FACHGR-AGRVET;Agrar-, Forst- u.Ernährungswiss., Veterinärmedizin;37035;Tsd. EUR;ENM016;Einnahmen der Hochschulen (ohne Trägermittel)
21371;Hochschulfinanzstatistik;JAHR;Jahr;2024;DLAND;Bundesländer;08;Baden-Württemberg;BILHA2;Hochschulart;HSLART06;Kunsthochschulen;BILFG4;Fächergruppen;FACHGR-AGRVET;Agrar-, Forst- u.Ernährungswiss., Veterinärmedizin;-;Tsd. EUR;ENM016;Einnahmen der Hochschulen (ohne Trägermittel)
21371;Hochschulfinanzstatistik;JAHR;Jahr;2024;DLAND;Bundesländer;09;Bayern;BILHA2;Hochschulart;HSLART08;Fachhochschulen;BILFG4;Fächergruppen;FACHGR-ZE-01;Zentr.Einrichtungen (o. klinikspez. Einrichtungen);71396;Tsd. EUR;ENM016;Einnahmen der Hochschulen (ohne Trägermittel)
21371;Hochschulfinanzstatistik;JAHR;Jahr;2024;DLAND;Bundesländer;10;Saarland;BILHA2;Hochschulart;HSLART082;Verwaltungsfachhochschulen;BILFG4;Fächergruppen;FACHGR-INGW;Ingenieurwissenschaften;-;Tsd. EUR;ENM016;Einnahmen der Hochschulen (ohne Trägermittel)
21371;Hochschulfinanzstatistik;JAHR;Jahr;2024;DLAND;Bundesländer;01;Schleswig-Holstein;BILHA2;Hochschulart;HSLART08;Fachhochschulen;BILFG4;Fächergruppen;FACHGR-RWSW;Rechts-, Wirtschafts- und Sozialwissenschaften;15785;Tsd. EUR;ENM016;Einnahmen der Hochschulen (ohne Trägermittel)
21371;Hochschulfinanzstatistik;JAHR;Jahr;2024;DLAND;Bundesländer;16;Thüringen;BILHA2;Hochschulart;HSLART08;Fachhochschulen;BILFG4;Fächergruppen;;Insgesamt;674804;Tsd. EUR;ENM016;Einnahmen der Hochschulen (ohne Trägermittel)
21371;Hochschulfinanzstatistik;JAHR;Jahr;2024;DLAND;Bundesländer;02;Hamburg;BILHA2;Hochschulart;HSLART03;Pädagogische Hochschulen;BILFG4;Fächergruppen;FACHGR-SPR;Sport;-;Tsd. EUR;ENM016;Einnahmen der Hochschulen (ohne Trägermittel)
21371;Hochschulfinanzstatistik;JAHR;Jahr;2024;DLAND;Bundesländer;03;Niedersachsen;BILHA2;Hochschulart;HSLART011;Universitäten (ohne Medizinische Einrichtungen);BILFG4;Fächergruppen;FACHGR-AGRVET;Agrar-, Forst- u.Ernährungswiss., Veterinärmedizin;70685;Tsd. EUR;ENM016;Einnahmen der Hochschulen (ohne Trägermittel)
21371;Hochschulfinanzstatistik;JAHR;Jahr;2024;DLAND;Bundesländer;07;Rheinland-Pfalz;BILHA2;Hochschulart;HSLART05;Theologische Hochschulen;BILFG4;Fächergruppen;FACHGR-ZE-01;Zentr.Einrichtungen (o. klinikspez. Einrichtungen);1068;Tsd. EUR;ENM016;Einnahmen der Hochschulen (ohne Trägermittel)
21371;Hochschulfinanzstatistik;JAHR;Jahr;2024;DLAND;Bundesländer;07;Rheinland-Pfalz;BILHA2;Hochschulart;;Insgesamt;BILFG4;Fächergruppen;FACHGR-MEDHUM;Humanmedizin/Gesundheitswissenschaften;911667;Tsd. EUR;ENM016;Einnahmen der Hochschulen (ohne Trägermittel)
21371;Hochschulfinanzstatistik;JAHR;Jahr;2024;DLAND;Bundesländer;15;Sachsen-Anhalt;BILHA2;Hochschulart;HSLART082;Verwaltungsfachhochschulen;BILFG4;Fächergruppen;FACHGR-KUNSTW;Kunst, Kunstwissenschaft;-;Tsd. EUR;ENM016;Einnahmen der Hochschulen (ohne Trägermittel)
21371;Hochschulfinanzstatistik;JAHR;Jahr;2024;DLAND;Bundesländer;13;Mecklenburg-Vorpommern;BILHA2;Hochschulart;HSLART012;Medizinische Einrichtungen der Universitäten;BILFG4;Fächergruppen;FACHGR-RWSW;Rechts-, Wirtschafts- und Sozialwissenschaften;-;Tsd. EUR;ENM016;Einnahmen der Hochschulen (ohne Trägermittel)
21371;Hochschulfinanzstatistik;JAHR;Jahr;2024;DLAND;Bundesländer;02;Hamburg;BILHA2;Hochschulart;HSLART012;Medizinische Einrichtungen der Universitäten;BILFG4;Fächergruppen;FACHGR-NATW;Mathematik, Naturwissenschaften;-;Tsd. EUR;ENM016;Einnahmen der Hochschulen (ohne Trägermittel)
21371;Hochschulfinanzstatistik;JAHR;Jahr;2024;DLAND;Bundesländer;08;Baden-Württemberg;BILHA2;Hochschulart;HSLART08;Fachhochschulen;BILFG4;Fächergruppen;FACHGR-RWSW;Rechts-, Wirtschafts- und Sozialwissenschaften;164818;Tsd. EUR;ENM016;Einnahmen der Hochschulen (ohne Trägermittel)
21371;Hochschulfinanzstatistik;JAHR;Jahr;2024;DLAND;Bundesländer;15;Sachsen-Anhalt;BILHA2;Hochschulart;HSLART08;Fachhochschulen;BILFG4;Fächergruppen;FACHGR-AGRVET;Agrar-, Forst- u.Ernährungswiss., Veterinärmedizin;6456;Tsd. EUR;ENM016;Einnahmen der Hochschulen (ohne Trägermittel)
21371;Hochschulfinanzstatistik;JAHR;Jahr;2024;DLAND;Bundesländer;01;Schleswig-Holstein;BILHA2;Hochschulart;HSLART06;Kunsthochschulen;BILFG4;Fächergruppen;FACHGR-AGRVET;Agrar-, Forst- u.Ernährungswiss., Veterinärmedizin;-;Tsd. EUR;ENM016;Einnahmen der Hochschulen (ohne Trägermittel)
21371;Hochschulfinanzstatistik;JAHR;Jahr;2024;DLAND;Bundesländer;16;Thüringen;BILHA2;Hochschulart;HSLART03;Pädagogische Hochschulen;BILFG4;Fächergruppen;FACHGR-KUNSTW;Kunst, Kunstwissenschaft;-;Tsd. EUR;ENM016;Einnahmen der Hochschulen (ohne Trägermittel)
21371;Hochschulfinanzstatistik;JAHR;Jahr;2024;DLAND;Bundesländer;13;Mecklenburg-Vorpommern;BILHA2;Hochschulart;HSLART08;Fachhochschulen;BILFG4;Fächergruppen;FACHGR-SPR;Sport;-;Tsd. EUR;ENM016;Einnahmen der Hochschulen (ohne Trägermittel)
21371;Hochschulfinanzstatistik;JAHR;Jahr;2024;DLAND;Bundesländer;06;Hessen;BILHA2;Hochschulart;HSLART011;Universitäten (ohne Medizinische Einrichtungen);BILFG4;Fächergruppen;FACHGR-SKW;Geisteswissenschaften;37867;Tsd. EUR;ENM016;Einnahmen der Hochschulen (ohne Trägermittel)
21371;Hochschulfinanzstatistik;JAHR;Jahr;2024;DLAND;Bundesländer;14;Sachsen;BILHA2;Hochschulart;HSLART06;Kunsthochschulen;BILFG4;Fächergruppen;FACHGR-INGW;Ingenieurwissenschaften;-;Tsd. EUR;ENM016;Einnahmen der Hochschulen (ohne Trägermittel)
21371;Hochschulfinanzstatistik;JAHR;Jahr;2024;DLAND;Bundesländer;16;Thüringen;BILHA2;Hochschulart;;Insgesamt;BILFG4;Fächergruppen;FACHGR-RWSW;Rechts-, Wirtschafts- und Sozialwissenschaften;667612;Tsd. EUR;ENM016;Einnahmen der Hochschulen (ohne Trägermittel)
21371;Hochschulfinanzstatistik;JAHR;Jahr;2024;DLAND;Bundesländer;11;Berlin;BILHA2;Hochschulart;;Insgesamt;BILFG4;Fächergruppen;;Insgesamt;3349889;Tsd. EUR;ENM016;Einnahmen der Hochschulen (ohne Trägermittel)
21371;Hochschulfinanzstatistik;JAHR;Jahr;2024;DLAND;Bundesländer;14;Sachsen;BILHA2;Hochschulart;;Insgesamt;BILFG4;Fächergruppen;FACHGR-RWSW;Rechts-, Wirtschafts- und Sozialwissenschaften;61345;Tsd. EUR;ENM016;Einnahmen der Hochschulen (ohne Trägermittel)
21371;Hochschulfinanzstatistik;JAHR;Jahr;2024;DLAND;Bundesländer;02;Hamburg;BILHA2;Hochschulart;HSLART06;Kunsthochschulen;BILFG4;Fächergruppen;FACHGR-INGW;Ingenieurwissenschaften;-;Tsd. EUR;ENM016;Einnahmen der Hochschulen (ohne Trägermittel)
21371;Hochschulfinanzstatistik;JAHR;Jahr;2024;DLAND;Bundesländer;09;Bayern;BILHA2;Hochschulart;HSLART012;Medizinische Einrichtungen der Universitäten;BILFG4;Fächergruppen;FACHGR-INGW;Ingenieurwissenschaften;-;Tsd. EUR;ENM016;Einnahmen der Hochschulen (ohne Trägermittel)
21371;Hochschulfinanzstatistik;JAHR;Jahr;2024;DLAND;Bundesländer;03;Niedersachsen;BILHA2;Hochschulart;HSLART08;Fachhochschulen;BILFG4;Fächergruppen;FACHGR-SKW;Geisteswissenschaften;143;Tsd. EUR;ENM016;Einnahmen der Hochschulen (ohne Trägermittel)
21371;Hochschulfinanzstatistik;JAHR;Jahr;2024;DLAND;Bundesländer;09;Bayern;BILHA2;Hochschulart;;Insgesamt;BILFG4;Fächergruppen;FACHGR-SPR;Sport;10246;Tsd. EUR;ENM016;Einnahmen der Hochschulen (ohne Trägermittel)
21371;Hochschulfinanzstatistik;JAHR;Jahr;2024;DLAND;Bundesländer;02;Hamburg;BILHA2;Hochschulart;;Insgesamt;BILFG4;Fächergruppen;FACHGR-KUNSTW;Kunst, Kunstwissenschaft;3361;Tsd. EUR;ENM016;Einnahmen der Hochschulen (ohne Trägermittel)
21371;Hochschulfinanzstatistik;JAHR;Jahr;2024;DLAND;Bundesländer;04;Bremen;BILHA2;Hochschulart;;Insgesamt;BILFG4;Fächergruppen;FACHGR-SPR;Sport;40;Tsd. EUR;ENM016;Einnahmen der Hochschulen (ohne Trägermittel)
21371;Hochschulfinanzstatistik;JAHR;Jahr;2024;DLAND;Bundesländer;05;Nordrhein-Westfalen;BILHA2;Hochschulart;;Insgesamt;BILFG4;Fächergruppen;;Insgesamt;8841968;Tsd. EUR;ENM016;Einnahmen der Hochschulen (ohne Trägermittel)
21371;Hochschulfinanzstatistik;JAHR;Jahr;2024;DLAND;Bundesländer;08;Baden-Württemberg;BILHA2;Hochschulart;HSLART06;Kunsthochschulen;BILFG4;Fächergruppen;FACHGR-INGW;Ingenieurwissenschaften;33;Tsd. EUR;ENM016;Einnahmen der Hochschulen (ohne Trägermittel)
21371;Hochschulfinanzstatistik;JAHR;Jahr;2024;DLAND;Bundesländer;12;Brandenburg;BILHA2;Hochschulart;HSLART011;Universitäten (ohne Medizinische Einrichtungen);BILFG4;Fächergruppen;FACHGR-SKW;Geisteswissenschaften;9438;Tsd. EUR;ENM016;Einnahmen der Hochschulen (ohne Trägermittel)
21371;Hochschulfinanzstatistik;JAHR;Jahr;2024;DLAND;Bundesländer;06;Hessen;BILHA2;Hochschulart;HSLART011;Universitäten (ohne Medizinische Einrichtungen);BILFG4;Fächergruppen;;Insgesamt;791722;Tsd. EUR;ENM016;Einnahmen der Hochschulen (ohne Trägermittel)
21371;Hochschulfinanzstatistik;JAHR;Jahr;2024;DLAND;Bundesländer;10;Saarland;BILHA2;Hochschulart;HSLART012;Medizinische Einrichtungen der Universitäten;BILFG4;Fächergruppen;FACHGR-INGW;Ingenieurwissenschaften;-;Tsd. EUR;ENM016;Einnahmen der Hochschulen (ohne Trägermittel)
21371;Hochschulfinanzstatistik;JAHR;Jahr;2024;DLAND;Bundesländer;10;Saarland;BILHA2;Hochschulart;HSLART06;Kunsthochschulen;BILFG4;Fächergruppen;FACHGR-MEDHUM;Humanmedizin/Gesundheitswissenschaften;-;Tsd. EUR;ENM016;Einnahmen der Hochschulen (ohne Trägermittel)
21371;Hochschulfinanzstatistik;JAHR;Jahr;2024;DLAND;Bundesländer;01;Schleswig-Holstein;BILHA2;Hochschulart;HSLART03;Pädagogische Hochschulen;BILFG4;Fächergruppen;FACHGR-INGW;Ingenieurwissenschaften;-;Tsd. EUR;ENM016;Einnahmen der Hochschulen (ohne Trägermittel)
21371;Hochschulfinanzstatistik;JAHR;Jahr;2024;DLAND;Bundesländer;01;Schleswig-Holstein;BILHA2;Hochschulart;HSLART08;Fachhochschulen;BILFG4;Fächergruppen;FACHGR-AGRVET;Agrar-, Forst- u.Ernährungswiss., Veterinärmedizin;63;Tsd. EUR;ENM016;Einnahmen der Hochschulen (ohne Trägermittel)
21371;Hochschulfinanzstatistik;JAHR;Jahr;2024;DLAND;Bundesländer;02;Hamburg;BILHA2;Hochschulart;;Insgesamt;BILFG4;Fächergruppen;FACHGR-SPR;Sport;673;Tsd. EUR;ENM016;Einnahmen der Hochschulen (ohne Trägermittel)
21371;Hochschulfinanzstatistik;JAHR;Jahr;2024;DLAND;Bundesländer;13;Mecklenburg-Vorpommern;BILHA2;Hochschulart;HSLART012;Medizinische Einrichtungen der Universitäten;BILFG4;Fächergruppen;FACHGR-MEDHUM;Humanmedizin/Gesundheitswissenschaften;807680;Tsd. EUR;ENM016;Einnahmen der Hochschulen (ohne Trägermittel)
21371;Hochschulfinanzstatistik;JAHR;Jahr;2024;DLAND;Bundesländer;16;Thüringen;BILHA2;Hochschulart;HSLART08;Fachhochschulen;BILFG4;Fächergruppen;FACHGR-INGW;Ingenieurwissenschaften;20687;Tsd. EUR;ENM016;Einnahmen der Hochschulen (ohne Trägermittel)
21371;Hochschulfinanzstatistik;JAHR;Jahr;2024;DLAND;Bundesländer;08;Baden-Württemberg;BILHA2;Hochschulart;HSLART011;Universitäten (ohne Medizinische Einrichtungen);BILFG4;Fächergruppen;;Insgesamt;1248527;Tsd. EUR;ENM016;Einnahmen der Hochschulen (ohne Trägermittel)
21371;Hochschulfinanzstatistik;JAHR;Jahr;2024;DLAND;Bundesländer;12;Brandenburg;BILHA2;Hochschulart;HSLART011;Universitäten (ohne Medizinische Einrichtungen);BILFG4;Fächergruppen;FACHGR-MEDHUM;Humanmedizin/Gesundheitswissenschaften;-;Tsd. EUR;ENM016;Einnahmen der Hochschulen (ohne Trägermittel)
21371;Hochschulfinanzstatistik;JAHR;Jahr;2024;DLAND;Bundesländer;13;Mecklenburg-Vorpommern;BILHA2;Hochschulart;HSLART03;Pädagogische Hochschulen;BILFG4;Fächergruppen;FACHGR-MEDHUM;Humanmedizin/Gesundheitswissenschaften;-;Tsd. EUR;ENM016;Einnahmen der Hochschulen (ohne Trägermittel)
21371;Hochschulfinanzstatistik;JAHR;Jahr;2024;DLAND;Bundesländer;03;Niedersachsen;BILHA2;Hochschulart;HSLART082;Verwaltungsfachhochschulen;BILFG4;Fächergruppen;FACHGR-SPR;Sport;-;Tsd. EUR;ENM016;Einnahmen der Hochschulen (ohne Trägermittel)
21371;Hochschulfinanzstatistik;JAHR;Jahr;2024;DLAND;Bundesländer;03;Niedersachsen;BILHA2;Hochschulart;HSLART03;Pädagogische Hochschulen;BILFG4;Fächergruppen;FACHGR-INGW;Ingenieurwissenschaften;-;Tsd. EUR;ENM016;Einnahmen der Hochschulen (ohne Trägermittel)
21371;Hochschulfinanzstatistik;JAHR;Jahr;2024;DLAND;Bundesländer;04;Bremen;BILHA2;Hochschulart;HSLART08;Fachhochschulen;BILFG4;Fächergruppen;FACHGR-NATW;Mathematik, Naturwissenschaften;420;Tsd. EUR;ENM016;Einnahmen der Hochschulen (ohne Trägermittel)
21371;Hochschulfinanzstatistik;JAHR;Jahr;2024;DLAND;Bundesländer;16;Thüringen;BILHA2;Hochschulart;HSLART06;Kunsthochschulen;BILFG4;Fächergruppen;FACHGR-INGW;Ingenieurwissenschaften;-;Tsd. EUR;ENM016;Einnahmen der Hochschulen (ohne Trägermittel)
21371;Hochschulfinanzstatistik;JAHR;Jahr;2024;DLAND;Bundesländer;09;Bayern;BILHA2;Hochschulart;HSLART082;Verwaltungsfachhochschulen;BILFG4;Fächergruppen;FACHGR-AGRVET;Agrar-, Forst- u.Ernährungswiss., Veterinärmedizin;-;Tsd. EUR;ENM016;Einnahmen der Hochschulen (ohne Trägermittel)
21371;Hochschulfinanzstatistik;JAHR;Jahr;2024;DLAND;Bundesländer;10;Saarland;BILHA2;Hochschulart;HSLART08;Fachhochschulen;BILFG4;Fächergruppen;FACHGR-MEDHUM;Humanmedizin/Gesundheitswissenschaften;29817;Tsd. EUR;ENM016;Einnahmen der Hochschulen (ohne Trägermittel)
21371;Hochschulfinanzstatistik;JAHR;Jahr;2024;DLAND;Bundesländer;09;Bayern;BILHA2;Hochschulart;HSLART011;Universitäten (ohne Medizinische Einrichtungen);BILFG4;Fächergruppen;FACHGR-RWSW;Rechts-, Wirtschafts- und Sozialwissenschaften;143072;Tsd. EUR;ENM016;Einnahmen der Hochschulen (ohne Trägermittel)
21371;Hochschulfinanzstatistik;JAHR;Jahr;2024;DLAND;Bundesländer;12;Brandenburg;BILHA2;Hochschulart;HSLART05;Theologische Hochschulen;BILFG4;Fächergruppen;;Insgesamt;-;Tsd. EUR;ENM016;Einnahmen der Hochschulen (ohne Trägermittel)
21371;Hochschulfinanzstatistik;JAHR;Jahr;2024;DLAND;Bundesländer;07;Rheinland-Pfalz;BILHA2;Hochschulart;HSLART08;Fachhochschulen;BILFG4;Fächergruppen;;Insgesamt;72623;Tsd. EUR;ENM016;Einnahmen der Hochschulen (ohne Trägermittel)
21371;Hochschulfinanzstatistik;JAHR;Jahr;2024;DLAND;Bundesländer;04;Bremen;BILHA2;Hochschulart;HSLART03;Pädagogische Hochschulen;BILFG4;Fächergruppen;FACHGR-SPR;Sport;-;Tsd. EUR;ENM016;Einnahmen der Hochschulen (ohne Trägermittel)
21371;Hochschulfinanzstatistik;JAHR;Jahr;2024;DLAND;Bundesländer;09;Bayern;BILHA2;Hochschulart;HSLART012;Medizinische Einrichtungen der Universitäten;BILFG4;Fächergruppen;FACHGR-SPR;Sport;-;Tsd. EUR;ENM016;Einnahmen der Hochschulen (ohne Trägermittel)
21371;Hochschulfinanzstatistik;JAHR;Jahr;2024;DLAND;Bundesländer;08;Baden-Württemberg;BILHA2;Hochschulart;HSLART05;Theologische Hochschulen;BILFG4;Fächergruppen;FACHGR-KUNSTW;Kunst, Kunstwissenschaft;-;Tsd. EUR;ENM016;Einnahmen der Hochschulen (ohne Trägermittel)
21371;Hochschulfinanzstatistik;JAHR;Jahr;2024;DLAND;Bundesländer;11;Berlin;BILHA2;Hochschulart;HSLART06;Kunsthochschulen;BILFG4;Fächergruppen;FACHGR-KUNSTW;Kunst, Kunstwissenschaft;24710;Tsd. EUR;ENM016;Einnahmen der Hochschulen (ohne Trägermittel)
21371;Hochschulfinanzstatistik;JAHR;Jahr;2024;DLAND;Bundesländer;04;Bremen;BILHA2;Hochschulart;HSLART08;Fachhochschulen;BILFG4;Fächergruppen;FACHGR-SPR;Sport;-;Tsd. EUR;ENM016;Einnahmen der Hochschulen (ohne Trägermittel)
21371;Hochschulfinanzstatistik;JAHR;Jahr;2024;DLAND;Bundesländer;12;Brandenburg;BILHA2;Hochschulart;;Insgesamt;BILFG4;Fächergruppen;FACHGR-INGW;Ingenieurwissenschaften;56460;Tsd. EUR;ENM016;Einnahmen der Hochschulen (ohne Trägermittel)
21371;Hochschulfinanzstatistik;JAHR;Jahr;2024;DLAND;Bundesländer;04;Bremen;BILHA2;Hochschulart;HSLART011;Universitäten (ohne Medizinische Einrichtungen);BILFG4;Fächergruppen;FACHGR-KUNSTW;Kunst, Kunstwissenschaft;1428;Tsd. EUR;ENM016;Einnahmen der Hochschulen (ohne Trägermittel)
21371;Hochschulfinanzstatistik;JAHR;Jahr;2024;DLAND;Bundesländer;15;Sachsen-Anhalt;BILHA2;Hochschulart;HSLART05;Theologische Hochschulen;BILFG4;Fächergruppen;FACHGR-AGRVET;Agrar-, Forst- u.Ernährungswiss., Veterinärmedizin;-;Tsd. EUR;ENM016;Einnahmen der Hochschulen (ohne Trägermittel)
21371;Hochschulfinanzstatistik;JAHR;Jahr;2024;DLAND;Bundesländer;15;Sachsen-Anhalt;BILHA2;Hochschulart;HSLART03;Pädagogische Hochschulen;BILFG4;Fächergruppen;FACHGR-ZE-01;Zentr.Einrichtungen (o. klinikspez. Einrichtungen);-;Tsd. EUR;ENM016;Einnahmen der Hochschulen (ohne Trägermittel)
21371;Hochschulfinanzstatistik;JAHR;Jahr;2024;DLAND;Bundesländer;11;Berlin;BILHA2;Hochschulart;HSLART06;Kunsthochschulen;BILFG4;Fächergruppen;FACHGR-SKW;Geisteswissenschaften;1164;Tsd. EUR;ENM016;Einnahmen der Hochschulen (ohne Trägermittel)
21371;Hochschulfinanzstatistik;JAHR;Jahr;2024;DLAND;Bundesländer;15;Sachsen-Anhalt;BILHA2;Hochschulart;HSLART08;Fachhochschulen;BILFG4;Fächergruppen;FACHGR-RWSW;Rechts-, Wirtschafts- und Sozialwissenschaften;24731;Tsd. EUR;ENM016;Einnahmen der Hochschulen (ohne Trägermittel)
21371;Hochschulfinanzstatistik;JAHR;Jahr;2024;DLAND;Bundesländer;07;Rheinland-Pfalz;BILHA2;Hochschulart;HSLART011;Universitäten (ohne Medizinische Einrichtungen);BILFG4;Fächergruppen;FACHGR-MEDHUM;Humanmedizin/Gesundheitswissenschaften;-;Tsd. EUR;ENM016;Einnahmen der Hochschulen (ohne Trägermittel)
21371;Hochschulfinanzstatistik;JAHR;Jahr;2024;DLAND;Bundesländer;11;Berlin;BILHA2;Hochschulart;HSLART011;Universitäten (ohne Medizinische Einrichtungen);BILFG4;Fächergruppen;;Insgesamt;701788;Tsd. EUR;ENM016;Einnahmen der Hochschulen (ohne Trägermittel)
21371;Hochschulfinanzstatistik;JAHR;Jahr;2024;DLAND;Bundesländer;04;Bremen;BILHA2;Hochschulart;HSLART082;Verwaltungsfachhochschulen;BILFG4;Fächergruppen;FACHGR-ZE-01;Zentr.Einrichtungen (o. klinikspez. Einrichtungen);1384;Tsd. EUR;ENM016;Einnahmen der Hochschulen (ohne Trägermittel)
21371;Hochschulfinanzstatistik;JAHR;Jahr;2024;DLAND;Bundesländer;08;Baden-Württemberg;BILHA2;Hochschulart;HSLART082;Verwaltungsfachhochschulen;BILFG4;Fächergruppen;FACHGR-RWSW;Rechts-, Wirtschafts- und Sozialwissenschaften;4347;Tsd. EUR;ENM016;Einnahmen der Hochschulen (ohne Trägermittel)
21371;Hochschulfinanzstatistik;JAHR;Jahr;2024;DLAND;Bundesländer;05;Nordrhein-Westfalen;BILHA2;Hochschulart;HSLART08;Fachhochschulen;BILFG4;Fächergruppen;FACHGR-SKW;Geisteswissenschaften;1105;Tsd. EUR;ENM016;Einnahmen der Hochschulen (ohne Trägermittel)
21371;Hochschulfinanzstatistik;JAHR;Jahr;2024;DLAND;Bundesländer;12;Brandenburg;BILHA2;Hochschulart;HSLART03;Pädagogische Hochschulen;BILFG4;Fächergruppen;;Insgesamt;-;Tsd. EUR;ENM016;Einnahmen der Hochschulen (ohne Trägermittel)
21371;Hochschulfinanzstatistik;JAHR;Jahr;2024;DLAND;Bundesländer;08;Baden-Württemberg;BILHA2;Hochschulart;;Insgesamt;BILFG4;Fächergruppen;FACHGR-NATW;Mathematik, Naturwissenschaften;349254;Tsd. EUR;ENM016;Einnahmen der Hochschulen (ohne Trägermittel)
21371;Hochschulfinanzstatistik;JAHR;Jahr;2024;DLAND;Bundesländer;13;Mecklenburg-Vorpommern;BILHA2;Hochschulart;HSLART08;Fachhochschulen;BILFG4;Fächergruppen;FACHGR-RWSW;Rechts-, Wirtschafts- und Sozialwissenschaften;1791;Tsd. EUR;ENM016;Einnahmen der Hochschulen (ohne Trägermittel)
21371;Hochschulfinanzstatistik;JAHR;Jahr;2024;DLAND;Bundesländer;03;Niedersachsen;BILHA2;Hochschulart;HSLART012;Medizinische Einrichtungen der Universitäten;BILFG4;Fächergruppen;FACHGR-MEDHUM;Humanmedizin/Gesundheitswissenschaften;1758558;Tsd. EUR;ENM016;Einnahmen der Hochschulen (ohne Trägermittel)
21371;Hochschulfinanzstatistik;JAHR;Jahr;2024;DLAND;Bundesländer;15;Sachsen-Anhalt;BILHA2;Hochschulart;HSLART06;Kunsthochschulen;BILFG4;Fächergruppen;FACHGR-MEDHUM;Humanmedizin/Gesundheitswissenschaften;-;Tsd. EUR;ENM016;Einnahmen der Hochschulen (ohne Trägermittel)
21371;Hochschulfinanzstatistik;JAHR;Jahr;2024;DLAND;Bundesländer;06;Hessen;BILHA2;Hochschulart;HSLART03;Pädagogische Hochschulen;BILFG4;Fächergruppen;FACHGR-ZE-01;Zentr.Einrichtungen (o. klinikspez. Einrichtungen);-;Tsd. EUR;ENM016;Einnahmen der Hochschulen (ohne Trägermittel)
21371;Hochschulfinanzstatistik;JAHR;Jahr;2024;DLAND;Bundesländer;13;Mecklenburg-Vorpommern;BILHA2;Hochschulart;HSLART011;Universitäten (ohne Medizinische Einrichtungen);BILFG4;Fächergruppen;FACHGR-SPR;Sport;403;Tsd. EUR;ENM016;Einnahmen der Hochschulen (ohne Trägermittel)
21371;Hochschulfinanzstatistik;JAHR;Jahr;2024;DLAND;Bundesländer;16;Thüringen;BILHA2;Hochschulart;HSLART06;Kunsthochschulen;BILFG4;Fächergruppen;FACHGR-NATW;Mathematik, Naturwissenschaften;-;Tsd. EUR;ENM016;Einnahmen der Hochschulen (ohne Trägermittel)
21371;Hochschulfinanzstatistik;JAHR;Jahr;2024;DLAND;Bundesländer;12;Brandenburg;BILHA2;Hochschulart;HSLART082;Verwaltungsfachhochschulen;BILFG4;Fächergruppen;FACHGR-NATW;Mathematik, Naturwissenschaften;-;Tsd. EUR;ENM016;Einnahmen der Hochschulen (ohne Trägermittel)
21371;Hochschulfinanzstatistik;JAHR;Jahr;2024;DLAND;Bundesländer;14;Sachsen;BILHA2;Hochschulart;HSLART082;Verwaltungsfachhochschulen;BILFG4;Fächergruppen;FACHGR-AGRVET;Agrar-, Forst- u.Ernährungswiss., Veterinärmedizin;-;Tsd. EUR;ENM016;Einnahmen der Hochschulen (ohne Trägermittel)
21371;Hochschulfinanzstatistik;JAHR;Jahr;2024;DLAND;Bundesländer;03;Niedersachsen;BILHA2;Hochschulart;HSLART011;Universitäten (ohne Medizinische Einrichtungen);BILFG4;Fächergruppen;FACHGR-ZE-01;Zentr.Einrichtungen (o. klinikspez. Einrichtungen);206413;Tsd. EUR;ENM016;Einnahmen der Hochschulen (ohne Trägermittel)
21371;Hochschulfinanzstatistik;JAHR;Jahr;2024;DLAND;Bundesländer;16;Thüringen;BILHA2;Hochschulart;HSLART03;Pädagogische Hochschulen;BILFG4;Fächergruppen;;Insgesamt;-;Tsd. EUR;ENM016;Einnahmen der Hochschulen (ohne Trägermittel)
21371;Hochschulfinanzstatistik;JAHR;Jahr;2024;DLAND;Bundesländer;14;Sachsen;BILHA2;Hochschulart;HSLART012;Medizinische Einrichtungen der Universitäten;BILFG4;Fächergruppen;FACHGR-AGRVET;Agrar-, Forst- u.Ernährungswiss., Veterinärmedizin;-;Tsd. EUR;ENM016;Einnahmen der Hochschulen (ohne Trägermittel)
21371;Hochschulfinanzstatistik;JAHR;Jahr;2024;DLAND;Bundesländer;16;Thüringen;BILHA2;Hochschulart;HSLART082;Verwaltungsfachhochschulen;BILFG4;Fächergruppen;FACHGR-ZE-01;Zentr.Einrichtungen (o. klinikspez. Einrichtungen);23;Tsd. EUR;ENM016;Einnahmen der Hochschulen (ohne Trägermittel)
21371;Hochschulfinanzstatistik;JAHR;Jahr;2024;DLAND;Bundesländer;11;Berlin;BILHA2;Hochschulart;HSLART082;Verwaltungsfachhochschulen;BILFG4;Fächergruppen;FACHGR-RWSW;Rechts-, Wirtschafts- und Sozialwissenschaften;1894;Tsd. EUR;ENM016;Einnahmen der Hochschulen (ohne Trägermittel)
21371;Hochschulfinanzstatistik;JAHR;Jahr;2024;DLAND;Bundesländer;14;Sachsen;BILHA2;Hochschulart;HSLART082;Verwaltungsfachhochschulen;BILFG4;Fächergruppen;FACHGR-KUNSTW;Kunst, Kunstwissenschaft;-;Tsd. EUR;ENM016;Einnahmen der Hochschulen (ohne Trägermittel)
21371;Hochschulfinanzstatistik;JAHR;Jahr;2024;DLAND;Bundesländer;11;Berlin;BILHA2;Hochschulart;;Insgesamt;BILFG4;Fächergruppen;FACHGR-RWSW;Rechts-, Wirtschafts- und Sozialwissenschaften;271841;Tsd. EUR;ENM016;Einnahmen der Hochschulen (ohne Trägermittel)
21371;Hochschulfinanzstatistik;JAHR;Jahr;2024;DLAND;Bundesländer;02;Hamburg;BILHA2;Hochschulart;;Insgesamt;BILFG4;Fächergruppen;FACHGR-INGW;Ingenieurwissenschaften;89344;Tsd. EUR;ENM016;Einnahmen der Hochschulen (ohne Trägermittel)
21371;Hochschulfinanzstatistik;JAHR;Jahr;2024;DLAND;Bundesländer;12;Brandenburg;BILHA2;Hochschulart;HSLART08;Fachhochschulen;BILFG4;Fächergruppen;FACHGR-ZE-01;Zentr.Einrichtungen (o. klinikspez. Einrichtungen);17811;Tsd. EUR;ENM016;Einnahmen der Hochschulen (ohne Trägermittel)
21371;Hochschulfinanzstatistik;JAHR;Jahr;2024;DLAND;Bundesländer;15;Sachsen-Anhalt;BILHA2;Hochschulart;;Insgesamt;BILFG4;Fächergruppen;FACHGR-KUNSTW;Kunst, Kunstwissenschaft;2677;Tsd. EUR;ENM016;Einnahmen der Hochschulen (ohne Trägermittel)
21371;Hochschulfinanzstatistik;JAHR;Jahr;2024;DLAND;Bundesländer;10;Saarland;BILHA2;Hochschulart;HSLART08;Fachhochschulen;BILFG4;Fächergruppen;FACHGR-NATW;Mathematik, Naturwissenschaften;-;Tsd. EUR;ENM016;Einnahmen der Hochschulen (ohne Trägermittel)
21371;Hochschulfinanzstatistik;JAHR;Jahr;2024;DLAND;Bundesländer;01;Schleswig-Holstein;BILHA2;Hochschulart;HSLART05;Theologische Hochschulen;BILFG4;Fächergruppen;;Insgesamt;-;Tsd. EUR;ENM016;Einnahmen der Hochschulen (ohne Trägermittel)
21371;Hochschulfinanzstatistik;JAHR;Jahr;2024;DLAND;Bundesländer;05;Nordrhein-Westfalen;BILHA2;Hochschulart;HSLART08;Fachhochschulen;BILFG4;Fächergruppen;FACHGR-NATW;Mathematik, Naturwissenschaften;9202;Tsd. EUR;ENM016;Einnahmen der Hochschulen (ohne Trägermittel)
21371;Hochschulfinanzstatistik;JAHR;Jahr;2024;DLAND;Bundesländer;10;Saarland;BILHA2;Hochschulart;HSLART082;Verwaltungsfachhochschulen;BILFG4;Fächergruppen;FACHGR-SPR;Sport;-;Tsd. EUR;ENM016;Einnahmen der Hochschulen (ohne Trägermittel)
21371;Hochschulfinanzstatistik;JAHR;Jahr;2024;DLAND;Bundesländer;03;Niedersachsen;BILHA2;Hochschulart;;Insgesamt;BILFG4;Fächergruppen;FACHGR-ZE-01;Zentr.Einrichtungen (o. klinikspez. Einrichtungen);236037;Tsd. EUR;ENM016;Einnahmen der Hochschulen (ohne Trägermittel)
21371;Hochschulfinanzstatistik;JAHR;Jahr;2024;DLAND;Bundesländer;09;Bayern;BILHA2;Hochschulart;;Insgesamt;BILFG4;Fächergruppen;;Insgesamt;6912977;Tsd. EUR;ENM016;Einnahmen der Hochschulen (ohne Trägermittel)
21371;Hochschulfinanzstatistik;JAHR;Jahr;2024;DLAND;Bundesländer;16;Thüringen;BILHA2;Hochschulart;HSLART012;Medizinische Einrichtungen der Universitäten;BILFG4;Fächergruppen;FACHGR-SPR;Sport;-;Tsd. EUR;ENM016;Einnahmen der Hochschulen (ohne Trägermittel)
21371;Hochschulfinanzstatistik;JAHR;Jahr;2024;DLAND;Bundesländer;08;Baden-Württemberg;BILHA2;Hochschulart;;Insgesamt;BILFG4;Fächergruppen;FACHGR-SKW;Geisteswissenschaften;105322;Tsd. EUR;ENM016;Einnahmen der Hochschulen (ohne Trägermittel)
21371;Hochschulfinanzstatistik;JAHR;Jahr;2024;DLAND;Bundesländer;16;Thüringen;BILHA2;Hochschulart;HSLART03;Pädagogische Hochschulen;BILFG4;Fächergruppen;FACHGR-INGW;Ingenieurwissenschaften;-;Tsd. EUR;ENM016;Einnahmen der Hochschulen (ohne Trägermittel)
21371;Hochschulfinanzstatistik;JAHR;Jahr;2024;DLAND;Bundesländer;14;Sachsen;BILHA2;Hochschulart;HSLART012;Medizinische Einrichtungen der Universitäten;BILFG4;Fächergruppen;FACHGR-ZE-01;Zentr.Einrichtungen (o. klinikspez. Einrichtungen);-;Tsd. EUR;ENM016;Einnahmen der Hochschulen (ohne Trägermittel)
21371;Hochschulfinanzstatistik;JAHR;Jahr;2024;DLAND;Bundesländer;16;Thüringen;BILHA2;Hochschulart;HSLART082;Verwaltungsfachhochschulen;BILFG4;Fächergruppen;FACHGR-SKW;Geisteswissenschaften;-;Tsd. EUR;ENM016;Einnahmen der Hochschulen (ohne Trägermittel)
21371;Hochschulfinanzstatistik;JAHR;Jahr;2024;DLAND;Bundesländer;05;Nordrhein-Westfalen;BILHA2;Hochschulart;;Insgesamt;BILFG4;Fächergruppen;FACHGR-MEDHUM;Humanmedizin/Gesundheitswissenschaften;6309838;Tsd. EUR;ENM016;Einnahmen der Hochschulen (ohne Trägermittel)
21371;Hochschulfinanzstatistik;JAHR;Jahr;2024;DLAND;Bundesländer;05;Nordrhein-Westfalen;BILHA2;Hochschulart;HSLART082;Verwaltungsfachhochschulen;BILFG4;Fächergruppen;FACHGR-SPR;Sport;-;Tsd. EUR;ENM016;Einnahmen der Hochschulen (ohne Trägermittel)
21371;Hochschulfinanzstatistik;JAHR;Jahr;2024;DLAND;Bundesländer;08;Baden-Württemberg;BILHA2;Hochschulart;HSLART08;Fachhochschulen;BILFG4;Fächergruppen;FACHGR-KUNSTW;Kunst, Kunstwissenschaft;21045;Tsd. EUR;ENM016;Einnahmen der Hochschulen (ohne Trägermittel)
21371;Hochschulfinanzstatistik;JAHR;Jahr;2024;DLAND;Bundesländer;02;Hamburg;BILHA2;Hochschulart;HSLART08;Fachhochschulen;BILFG4;Fächergruppen;;Insgesamt;182899;Tsd. EUR;ENM016;Einnahmen der Hochschulen (ohne Trägermittel)
21371;Hochschulfinanzstatistik;JAHR;Jahr;2024;DLAND;Bundesländer;03;Niedersachsen;BILHA2;Hochschulart;HSLART011;Universitäten (ohne Medizinische Einrichtungen);BILFG4;Fächergruppen;FACHGR-RWSW;Rechts-, Wirtschafts- und Sozialwissenschaften;62740;Tsd. EUR;ENM016;Einnahmen der Hochschulen (ohne Trägermittel)
21371;Hochschulfinanzstatistik;JAHR;Jahr;2024;DLAND;Bundesländer;07;Rheinland-Pfalz;BILHA2;Hochschulart;HSLART08;Fachhochschulen;BILFG4;Fächergruppen;FACHGR-MEDHUM;Humanmedizin/Gesundheitswissenschaften;1494;Tsd. EUR;ENM016;Einnahmen der Hochschulen (ohne Trägermittel)
21371;Hochschulfinanzstatistik;JAHR;Jahr;2024;DLAND;Bundesländer;06;Hessen;BILHA2;Hochschulart;HSLART06;Kunsthochschulen;BILFG4;Fächergruppen;FACHGR-ZE-01;Zentr.Einrichtungen (o. klinikspez. Einrichtungen);6154;Tsd. EUR;ENM016;Einnahmen der Hochschulen (ohne Trägermittel)
21371;Hochschulfinanzstatistik;JAHR;Jahr;2024;DLAND;Bundesländer;13;Mecklenburg-Vorpommern;BILHA2;Hochschulart;HSLART06;Kunsthochschulen;BILFG4;Fächergruppen;FACHGR-ZE-01;Zentr.Einrichtungen (o. klinikspez. Einrichtungen);762;Tsd. EUR;ENM016;Einnahmen der Hochschulen (ohne Trägermittel)
21371;Hochschulfinanzstatistik;JAHR;Jahr;2024;DLAND;Bundesländer;11;Berlin;BILHA2;Hochschulart;HSLART08;Fachhochschulen;BILFG4;Fächergruppen;FACHGR-AGRVET;Agrar-, Forst- u.Ernährungswiss., Veterinärmedizin;104;Tsd. EUR;ENM016;Einnahmen der Hochschulen (ohne Trägermittel)
21371;Hochschulfinanzstatistik;JAHR;Jahr;2024;DLAND;Bundesländer;09;Bayern;BILHA2;Hochschulart;HSLART012;Medizinische Einrichtungen der Universitäten;BILFG4;Fächergruppen;FACHGR-AGRVET;Agrar-, Forst- u.Ernährungswiss., Veterinärmedizin;-;Tsd. EUR;ENM016;Einnahmen der Hochschulen (ohne Trägermittel)
21371;Hochschulfinanzstatistik;JAHR;Jahr;2024;DLAND;Bundesländer;09;Bayern;BILHA2;Hochschulart;HSLART05;Theologische Hochschulen;BILFG4;Fächergruppen;FACHGR-RWSW;Rechts-, Wirtschafts- und Sozialwissenschaften;-;Tsd. EUR;ENM016;Einnahmen der Hochschulen (ohne Trägermittel)
21371;Hochschulfinanzstatistik;JAHR;Jahr;2024;DLAND;Bundesländer;04;Bremen;BILHA2;Hochschulart;;Insgesamt;BILFG4;Fächergruppen;FACHGR-ZE-01;Zentr.Einrichtungen (o. klinikspez. Einrichtungen);101098;Tsd. EUR;ENM016;Einnahmen der Hochschulen (ohne Trägermittel)
21371;Hochschulfinanzstatistik;JAHR;Jahr;2024;DLAND;Bundesländer;10;Saarland;BILHA2;Hochschulart;HSLART05;Theologische Hochschulen;BILFG4;Fächergruppen;;Insgesamt;-;Tsd. EUR;ENM016;Einnahmen der Hochschulen (ohne Trägermittel)
21371;Hochschulfinanzstatistik;JAHR;Jahr;2024;DLAND;Bundesländer;04;Bremen;BILHA2;Hochschulart;HSLART082;Verwaltungsfachhochschulen;BILFG4;Fächergruppen;FACHGR-SPR;Sport;-;Tsd. EUR;ENM016;Einnahmen der Hochschulen (ohne Trägermittel)
21371;Hochschulfinanzstatistik;JAHR;Jahr;2024;DLAND;Bundesländer;04;Bremen;BILHA2;Hochschulart;HSLART05;Theologische Hochschulen;BILFG4;Fächergruppen;FACHGR-KUNSTW;Kunst, Kunstwissenschaft;-;Tsd. EUR;ENM016;Einnahmen der Hochschulen (ohne Trägermittel)
21371;Hochschulfinanzstatistik;JAHR;Jahr;2024;DLAND;Bundesländer;08;Baden-Württemberg;BILHA2;Hochschulart;HSLART05;Theologische Hochschulen;BILFG4;Fächergruppen;;Insgesamt;-;Tsd. EUR;ENM016;Einnahmen der Hochschulen (ohne Trägermittel)
21371;Hochschulfinanzstatistik;JAHR;Jahr;2024;DLAND;Bundesländer;15;Sachsen-Anhalt;BILHA2;Hochschulart;HSLART012;Medizinische Einrichtungen der Universitäten;BILFG4;Fächergruppen;FACHGR-SPR;Sport;-;Tsd. EUR;ENM016;Einnahmen der Hochschulen (ohne Trägermittel)
21371;Hochschulfinanzstatistik;JAHR;Jahr;2024;DLAND;Bundesländer;07;Rheinland-Pfalz;BILHA2;Hochschulart;HSLART03;Pädagogische Hochschulen;BILFG4;Fächergruppen;FACHGR-SPR;Sport;-;Tsd. EUR;ENM016;Einnahmen der Hochschulen (ohne Trägermittel)
21371;Hochschulfinanzstatistik;JAHR;Jahr;2024;DLAND;Bundesländer;05;Nordrhein-Westfalen;BILHA2;Hochschulart;HSLART011;Universitäten (ohne Medizinische Einrichtungen);BILFG4;Fächergruppen;FACHGR-ZE-01;Zentr.Einrichtungen (o. klinikspez. Einrichtungen);534631;Tsd. EUR;ENM016;Einnahmen der Hochschulen (ohne Trägermittel)
21371;Hochschulfinanzstatistik;JAHR;Jahr;2024;DLAND;Bundesländer;16;Thüringen;BILHA2;Hochschulart;HSLART012;Medizinische Einrichtungen der Universitäten;BILFG4;Fächergruppen;FACHGR-INGW;Ingenieurwissenschaften;-;Tsd. EUR;ENM016;Einnahmen der Hochschulen (ohne Trägermittel)
21371;Hochschulfinanzstatistik;JAHR;Jahr;2024;DLAND;Bundesländer;12;Brandenburg;BILHA2;Hochschulart;HSLART012;Medizinische Einrichtungen der Universitäten;BILFG4;Fächergruppen;FACHGR-ZE-01;Zentr.Einrichtungen (o. klinikspez. Einrichtungen);-;Tsd. EUR;ENM016;Einnahmen der Hochschulen (ohne Trägermittel)
21371;Hochschulfinanzstatistik;JAHR;Jahr;2024;DLAND;Bundesländer;15;Sachsen-Anhalt;BILHA2;Hochschulart;HSLART03;Pädagogische Hochschulen;BILFG4;Fächergruppen;FACHGR-INGW;Ingenieurwissenschaften;-;Tsd. EUR;ENM016;Einnahmen der Hochschulen (ohne Trägermittel)
21371;Hochschulfinanzstatistik;JAHR;Jahr;2024;DLAND;Bundesländer;15;Sachsen-Anhalt;BILHA2;Hochschulart;HSLART05;Theologische Hochschulen;BILFG4;Fächergruppen;FACHGR-RWSW;Rechts-, Wirtschafts- und Sozialwissenschaften;543;Tsd. EUR;ENM016;Einnahmen der Hochschulen (ohne Trägermittel)
21371;Hochschulfinanzstatistik;JAHR;Jahr;2024;DLAND;Bundesländer;05;Nordrhein-Westfalen;BILHA2;Hochschulart;HSLART05;Theologische Hochschulen;BILFG4;Fächergruppen;FACHGR-MEDHUM;Humanmedizin/Gesundheitswissenschaften;-;Tsd. EUR;ENM016;Einnahmen der Hochschulen (ohne Trägermittel)
21371;Hochschulfinanzstatistik;JAHR;Jahr;2024;DLAND;Bundesländer;11;Berlin;BILHA2;Hochschulart;HSLART08;Fachhochschulen;BILFG4;Fächergruppen;FACHGR-KUNSTW;Kunst, Kunstwissenschaft;8718;Tsd. EUR;ENM016;Einnahmen der Hochschulen (ohne Trägermittel)
21371;Hochschulfinanzstatistik;JAHR;Jahr;2024;DLAND;Bundesländer;02;Hamburg;BILHA2;Hochschulart;HSLART011;Universitäten (ohne Medizinische Einrichtungen);BILFG4;Fächergruppen;FACHGR-MEDHUM;Humanmedizin/Gesundheitswissenschaften;-;Tsd. EUR;ENM016;Einnahmen der Hochschulen (ohne Trägermittel)
21371;Hochschulfinanzstatistik;JAHR;Jahr;2024;DLAND;Bundesländer;16;Thüringen;BILHA2;Hochschulart;HSLART08;Fachhochschulen;BILFG4;Fächergruppen;FACHGR-SPR;Sport;-;Tsd. EUR;ENM016;Einnahmen der Hochschulen (ohne Trägermittel)
21371;Hochschulfinanzstatistik;JAHR;Jahr;2024;DLAND;Bundesländer;06;Hessen;BILHA2;Hochschulart;HSLART08;Fachhochschulen;BILFG4;Fächergruppen;FACHGR-NATW;Mathematik, Naturwissenschaften;3037;Tsd. EUR;ENM016;Einnahmen der Hochschulen (ohne Trägermittel)
21371;Hochschulfinanzstatistik;JAHR;Jahr;2024;DLAND;Bundesländer;09;Bayern;BILHA2;Hochschulart;HSLART08;Fachhochschulen;BILFG4;Fächergruppen;;Insgesamt;283029;Tsd. EUR;ENM016;Einnahmen der Hochschulen (ohne Trägermittel)
21371;Hochschulfinanzstatistik;JAHR;Jahr;2024;DLAND;Bundesländer;14;Sachsen;BILHA2;Hochschulart;HSLART06;Kunsthochschulen;BILFG4;Fächergruppen;FACHGR-SKW;Geisteswissenschaften;-;Tsd. EUR;ENM016;Einnahmen der Hochschulen (ohne Trägermittel)
21371;Hochschulfinanzstatistik;JAHR;Jahr;2024;DLAND;Bundesländer;07;Rheinland-Pfalz;BILHA2;Hochschulart;HSLART012;Medizinische Einrichtungen der Universitäten;BILFG4;Fächergruppen;FACHGR-ZE-01;Zentr.Einrichtungen (o. klinikspez. Einrichtungen);-;Tsd. EUR;ENM016;Einnahmen der Hochschulen (ohne Trägermittel)
21371;Hochschulfinanzstatistik;JAHR;Jahr;2024;DLAND;Bundesländer;08;Baden-Württemberg;BILHA2;Hochschulart;HSLART082;Verwaltungsfachhochschulen;BILFG4;Fächergruppen;FACHGR-AGRVET;Agrar-, Forst- u.Ernährungswiss., Veterinärmedizin;-;Tsd. EUR;ENM016;Einnahmen der Hochschulen (ohne Trägermittel)
21371;Hochschulfinanzstatistik;JAHR;Jahr;2024;DLAND;Bundesländer;16;Thüringen;BILHA2;Hochschulart;HSLART05;Theologische Hochschulen;BILFG4;Fächergruppen;FACHGR-RWSW;Rechts-, Wirtschafts- und Sozialwissenschaften;-;Tsd. EUR;ENM016;Einnahmen der Hochschulen (ohne Trägermittel)
21371;Hochschulfinanzstatistik;JAHR;Jahr;2024;DLAND;Bundesländer;06;Hessen;BILHA2;Hochschulart;HSLART012;Medizinische Einrichtungen der Universitäten;BILFG4;Fächergruppen;FACHGR-SKW;Geisteswissenschaften;-;Tsd. EUR;ENM016;Einnahmen der Hochschulen (ohne Trägermittel)
21371;Hochschulfinanzstatistik;JAHR;Jahr;2024;DLAND;Bundesländer;06;Hessen;BILHA2;Hochschulart;HSLART05;Theologische Hochschulen;BILFG4;Fächergruppen;FACHGR-NATW;Mathematik, Naturwissenschaften;-;Tsd. EUR;ENM016;Einnahmen der Hochschulen (ohne Trägermittel)
21371;Hochschulfinanzstatistik;JAHR;Jahr;2024;DLAND;Bundesländer;05;Nordrhein-Westfalen;BILHA2;Hochschulart;HSLART08;Fachhochschulen;BILFG4;Fächergruppen;FACHGR-ZE-01;Zentr.Einrichtungen (o. klinikspez. Einrichtungen);307300;Tsd. EUR;ENM016;Einnahmen der Hochschulen (ohne Trägermittel)
21371;Hochschulfinanzstatistik;JAHR;Jahr;2024;DLAND;Bundesländer;05;Nordrhein-Westfalen;BILHA2;Hochschulart;HSLART05;Theologische Hochschulen;BILFG4;Fächergruppen;FACHGR-SPR;Sport;-;Tsd. EUR;ENM016;Einnahmen der Hochschulen (ohne Trägermittel)
21371;Hochschulfinanzstatistik;JAHR;Jahr;2024;DLAND;Bundesländer;10;Saarland;BILHA2;Hochschulart;HSLART012;Medizinische Einrichtungen der Universitäten;BILFG4;Fächergruppen;FACHGR-KUNSTW;Kunst, Kunstwissenschaft;-;Tsd. EUR;ENM016;Einnahmen der Hochschulen (ohne Trägermittel)
21371;Hochschulfinanzstatistik;JAHR;Jahr;2024;DLAND;Bundesländer;05;Nordrhein-Westfalen;BILHA2;Hochschulart;HSLART012;Medizinische Einrichtungen der Universitäten;BILFG4;Fächergruppen;FACHGR-KUNSTW;Kunst, Kunstwissenschaft;-;Tsd. EUR;ENM016;Einnahmen der Hochschulen (ohne Trägermittel)
21371;Hochschulfinanzstatistik;JAHR;Jahr;2024;DLAND;Bundesländer;01;Schleswig-Holstein;BILHA2;Hochschulart;HSLART082;Verwaltungsfachhochschulen;BILFG4;Fächergruppen;FACHGR-INGW;Ingenieurwissenschaften;-;Tsd. EUR;ENM016;Einnahmen der Hochschulen (ohne Trägermittel)
21371;Hochschulfinanzstatistik;JAHR;Jahr;2024;DLAND;Bundesländer;10;Saarland;BILHA2;Hochschulart;HSLART03;Pädagogische Hochschulen;BILFG4;Fächergruppen;FACHGR-SKW;Geisteswissenschaften;-;Tsd. EUR;ENM016;Einnahmen der Hochschulen (ohne Trägermittel)
21371;Hochschulfinanzstatistik;JAHR;Jahr;2024;DLAND;Bundesländer;03;Niedersachsen;BILHA2;Hochschulart;HSLART012;Medizinische Einrichtungen der Universitäten;BILFG4;Fächergruppen;FACHGR-INGW;Ingenieurwissenschaften;-;Tsd. EUR;ENM016;Einnahmen der Hochschulen (ohne Trägermittel)
21371;Hochschulfinanzstatistik;JAHR;Jahr;2024;DLAND;Bundesländer;11;Berlin;BILHA2;Hochschulart;HSLART05;Theologische Hochschulen;BILFG4;Fächergruppen;FACHGR-NATW;Mathematik, Naturwissenschaften;-;Tsd. EUR;ENM016;Einnahmen der Hochschulen (ohne Trägermittel)
21371;Hochschulfinanzstatistik;JAHR;Jahr;2024;DLAND;Bundesländer;15;Sachsen-Anhalt;BILHA2;Hochschulart;HSLART012;Medizinische Einrichtungen der Universitäten;BILFG4;Fächergruppen;FACHGR-KUNSTW;Kunst, Kunstwissenschaft;-;Tsd. EUR;ENM016;Einnahmen der Hochschulen (ohne Trägermittel)
21371;Hochschulfinanzstatistik;JAHR;Jahr;2024;DLAND;Bundesländer;01;Schleswig-Holstein;BILHA2;Hochschulart;HSLART05;Theologische Hochschulen;BILFG4;Fächergruppen;FACHGR-MEDHUM;Humanmedizin/Gesundheitswissenschaften;-;Tsd. EUR;ENM016;Einnahmen der Hochschulen (ohne Trägermittel)
21371;Hochschulfinanzstatistik;JAHR;Jahr;2024;DLAND;Bundesländer;01;Schleswig-Holstein;BILHA2;Hochschulart;HSLART06;Kunsthochschulen;BILFG4;Fächergruppen;FACHGR-INGW;Ingenieurwissenschaften;-;Tsd. EUR;ENM016;Einnahmen der Hochschulen (ohne Trägermittel)
21371;Hochschulfinanzstatistik;JAHR;Jahr;2024;DLAND;Bundesländer;10;Saarland;BILHA2;Hochschulart;;Insgesamt;BILFG4;Fächergruppen;FACHGR-MEDHUM;Humanmedizin/Gesundheitswissenschaften;647169;Tsd. EUR;ENM016;Einnahmen der Hochschulen (ohne Trägermittel)
21371;Hochschulfinanzstatistik;JAHR;Jahr;2024;DLAND;Bundesländer;02;Hamburg;BILHA2;Hochschulart;HSLART011;Universitäten (ohne Medizinische Einrichtungen);BILFG4;Fächergruppen;FACHGR-INGW;Ingenieurwissenschaften;77945;Tsd. EUR;ENM016;Einnahmen der Hochschulen (ohne Trägermittel)
21371;Hochschulfinanzstatistik;JAHR;Jahr;2024;DLAND;Bundesländer;01;Schleswig-Holstein;BILHA2;Hochschulart;;Insgesamt;BILFG4;Fächergruppen;FACHGR-RWSW;Rechts-, Wirtschafts- und Sozialwissenschaften;38525;Tsd. EUR;ENM016;Einnahmen der Hochschulen (ohne Trägermittel)
21371;Hochschulfinanzstatistik;JAHR;Jahr;2024;DLAND;Bundesländer;12;Brandenburg;BILHA2;Hochschulart;HSLART08;Fachhochschulen;BILFG4;Fächergruppen;FACHGR-SKW;Geisteswissenschaften;1193;Tsd. EUR;ENM016;Einnahmen der Hochschulen (ohne Trägermittel)
21371;Hochschulfinanzstatistik;JAHR;Jahr;2024;DLAND;Bundesländer;15;Sachsen-Anhalt;BILHA2;Hochschulart;HSLART05;Theologische Hochschulen;BILFG4;Fächergruppen;FACHGR-SPR;Sport;-;Tsd. EUR;ENM016;Einnahmen der Hochschulen (ohne Trägermittel)
21371;Hochschulfinanzstatistik;JAHR;Jahr;2024;DLAND;Bundesländer;13;Mecklenburg-Vorpommern;BILHA2;Hochschulart;HSLART082;Verwaltungsfachhochschulen;BILFG4;Fächergruppen;FACHGR-AGRVET;Agrar-, Forst- u.Ernährungswiss., Veterinärmedizin;-;Tsd. EUR;ENM016;Einnahmen der Hochschulen (ohne Trägermittel)
21371;Hochschulfinanzstatistik;JAHR;Jahr;2024;DLAND;Bundesländer;02;Hamburg;BILHA2;Hochschulart;HSLART012;Medizinische Einrichtungen der Universitäten;BILFG4;Fächergruppen;FACHGR-MEDHUM;Humanmedizin/Gesundheitswissenschaften;1256164;Tsd. EUR;ENM016;Einnahmen der Hochschulen (ohne Trägermittel)
21371;Hochschulfinanzstatistik;JAHR;Jahr;2024;DLAND;Bundesländer;05;Nordrhein-Westfalen;BILHA2;Hochschulart;;Insgesamt;BILFG4;Fächergruppen;FACHGR-INGW;Ingenieurwissenschaften;663912;Tsd. EUR;ENM016;Einnahmen der Hochschulen (ohne Trägermittel)
21371;Hochschulfinanzstatistik;JAHR;Jahr;2024;DLAND;Bundesländer;14;Sachsen;BILHA2;Hochschulart;HSLART082;Verwaltungsfachhochschulen;BILFG4;Fächergruppen;FACHGR-ZE-01;Zentr.Einrichtungen (o. klinikspez. Einrichtungen);1783;Tsd. EUR;ENM016;Einnahmen der Hochschulen (ohne Trägermittel)
21371;Hochschulfinanzstatistik;JAHR;Jahr;2024;DLAND;Bundesländer;09;Bayern;BILHA2;Hochschulart;HSLART082;Verwaltungsfachhochschulen;BILFG4;Fächergruppen;FACHGR-KUNSTW;Kunst, Kunstwissenschaft;-;Tsd. EUR;ENM016;Einnahmen der Hochschulen (ohne Trägermittel)
21371;Hochschulfinanzstatistik;JAHR;Jahr;2024;DLAND;Bundesländer;09;Bayern;BILHA2;Hochschulart;HSLART08;Fachhochschulen;BILFG4;Fächergruppen;FACHGR-SPR;Sport;0;Tsd. EUR;ENM016;Einnahmen der Hochschulen (ohne Trägermittel)
21371;Hochschulfinanzstatistik;JAHR;Jahr;2024;DLAND;Bundesländer;01;Schleswig-Holstein;BILHA2;Hochschulart;HSLART011;Universitäten (ohne Medizinische Einrichtungen);BILFG4;Fächergruppen;FACHGR-ZE-01;Zentr.Einrichtungen (o. klinikspez. Einrichtungen);39981;Tsd. EUR;ENM016;Einnahmen der Hochschulen (ohne Trägermittel)
21371;Hochschulfinanzstatistik;JAHR;Jahr;2024;DLAND;Bundesländer;06;Hessen;BILHA2;Hochschulart;HSLART082;Verwaltungsfachhochschulen;BILFG4;Fächergruppen;FACHGR-RWSW;Rechts-, Wirtschafts- und Sozialwissenschaften;3627;Tsd. EUR;ENM016;Einnahmen der Hochschulen (ohne Trägermittel)
21371;Hochschulfinanzstatistik;JAHR;Jahr;2024;DLAND;Bundesländer;03;Niedersachsen;BILHA2;Hochschulart;HSLART08;Fachhochschulen;BILFG4;Fächergruppen;FACHGR-MEDHUM;Humanmedizin/Gesundheitswissenschaften;2013;Tsd. EUR;ENM016;Einnahmen der Hochschulen (ohne Trägermittel)
21371;Hochschulfinanzstatistik;JAHR;Jahr;2024;DLAND;Bundesländer;10;Saarland;BILHA2;Hochschulart;HSLART012;Medizinische Einrichtungen der Universitäten;BILFG4;Fächergruppen;FACHGR-ZE-01;Zentr.Einrichtungen (o. klinikspez. Einrichtungen);-;Tsd. EUR;ENM016;Einnahmen der Hochschulen (ohne Trägermittel)
21371;Hochschulfinanzstatistik;JAHR;Jahr;2024;DLAND;Bundesländer;14;Sachsen;BILHA2;Hochschulart;HSLART08;Fachhochschulen;BILFG4;Fächergruppen;FACHGR-ZE-01;Zentr.Einrichtungen (o. klinikspez. Einrichtungen);21085;Tsd. EUR;ENM016;Einnahmen der Hochschulen (ohne Trägermittel)
21371;Hochschulfinanzstatistik;JAHR;Jahr;2024;DLAND;Bundesländer;11;Berlin;BILHA2;Hochschulart;HSLART08;Fachhochschulen;BILFG4;Fächergruppen;FACHGR-NATW;Mathematik, Naturwissenschaften;219;Tsd. EUR;ENM016;Einnahmen der Hochschulen (ohne Trägermittel)
21371;Hochschulfinanzstatistik;JAHR;Jahr;2024;DLAND;Bundesländer;04;Bremen;BILHA2;Hochschulart;HSLART012;Medizinische Einrichtungen der Universitäten;BILFG4;Fächergruppen;FACHGR-AGRVET;Agrar-, Forst- u.Ernährungswiss., Veterinärmedizin;-;Tsd. EUR;ENM016;Einnahmen der Hochschulen (ohne Trägermittel)
21371;Hochschulfinanzstatistik;JAHR;Jahr;2024;DLAND;Bundesländer;06;Hessen;BILHA2;Hochschulart;HSLART05;Theologische Hochschulen;BILFG4;Fächergruppen;FACHGR-KUNSTW;Kunst, Kunstwissenschaft;-;Tsd. EUR;ENM016;Einnahmen der Hochschulen (ohne Trägermittel)
21371;Hochschulfinanzstatistik;JAHR;Jahr;2024;DLAND;Bundesländer;05;Nordrhein-Westfalen;BILHA2;Hochschulart;HSLART082;Verwaltungsfachhochschulen;BILFG4;Fächergruppen;FACHGR-NATW;Mathematik, Naturwissenschaften;-;Tsd. EUR;ENM016;Einnahmen der Hochschulen (ohne Trägermittel)
21371;Hochschulfinanzstatistik;JAHR;Jahr;2024;DLAND;Bundesländer;04;Bremen;BILHA2;Hochschulart;;Insgesamt;BILFG4;Fächergruppen;FACHGR-RWSW;Rechts-, Wirtschafts- und Sozialwissenschaften;25262;Tsd. EUR;ENM016;Einnahmen der Hochschulen (ohne Trägermittel)
21371;Hochschulfinanzstatistik;JAHR;Jahr;2024;DLAND;Bundesländer;09;Bayern;BILHA2;Hochschulart;HSLART06;Kunsthochschulen;BILFG4;Fächergruppen;FACHGR-INGW;Ingenieurwissenschaften;0;Tsd. EUR;ENM016;Einnahmen der Hochschulen (ohne Trägermittel)
21371;Hochschulfinanzstatistik;JAHR;Jahr;2024;DLAND;Bundesländer;16;Thüringen;BILHA2;Hochschulart;HSLART011;Universitäten (ohne Medizinische Einrichtungen);BILFG4;Fächergruppen;FACHGR-RWSW;Rechts-, Wirtschafts- und Sozialwissenschaften;25940;Tsd. EUR;ENM016;Einnahmen der Hochschulen (ohne Trägermittel)
21371;Hochschulfinanzstatistik;JAHR;Jahr;2024;DLAND;Bundesländer;14;Sachsen;BILHA2;Hochschulart;HSLART03;Pädagogische Hochschulen;BILFG4;Fächergruppen;;Insgesamt;-;Tsd. EUR;ENM016;Einnahmen der Hochschulen (ohne Trägermittel)
21371;Hochschulfinanzstatistik;JAHR;Jahr;2024;DLAND;Bundesländer;11;Berlin;BILHA2;Hochschulart;HSLART05;Theologische Hochschulen;BILFG4;Fächergruppen;FACHGR-AGRVET;Agrar-, Forst- u.Ernährungswiss., Veterinärmedizin;-;Tsd. EUR;ENM016;Einnahmen der Hochschulen (ohne Trägermittel)
21371;Hochschulfinanzstatistik;JAHR;Jahr;2024;DLAND;Bundesländer;08;Baden-Württemberg;BILHA2;Hochschulart;;Insgesamt;BILFG4;Fächergruppen;;Insgesamt;6634744;Tsd. EUR;ENM016;Einnahmen der Hochschulen (ohne Trägermittel)
21371;Hochschulfinanzstatistik;JAHR;Jahr;2024;DLAND;Bundesländer;13;Mecklenburg-Vorpommern;BILHA2;Hochschulart;HSLART082;Verwaltungsfachhochschulen;BILFG4;Fächergruppen;FACHGR-RWSW;Rechts-, Wirtschafts- und Sozialwissenschaften;872;Tsd. EUR;ENM016;Einnahmen der Hochschulen (ohne Trägermittel)
21371;Hochschulfinanzstatistik;JAHR;Jahr;2024;DLAND;Bundesländer;15;Sachsen-Anhalt;BILHA2;Hochschulart;HSLART06;Kunsthochschulen;BILFG4;Fächergruppen;;Insgesamt;1963;Tsd. EUR;ENM016;Einnahmen der Hochschulen (ohne Trägermittel)
21371;Hochschulfinanzstatistik;JAHR;Jahr;2024;DLAND;Bundesländer;08;Baden-Württemberg;BILHA2;Hochschulart;HSLART03;Pädagogische Hochschulen;BILFG4;Fächergruppen;FACHGR-AGRVET;Agrar-, Forst- u.Ernährungswiss., Veterinärmedizin;75;Tsd. EUR;ENM016;Einnahmen der Hochschulen (ohne Trägermittel)
21371;Hochschulfinanzstatistik;JAHR;Jahr;2024;DLAND;Bundesländer;14;Sachsen;BILHA2;Hochschulart;HSLART011;Universitäten (ohne Medizinische Einrichtungen);BILFG4;Fächergruppen;FACHGR-AGRVET;Agrar-, Forst- u.Ernährungswiss., Veterinärmedizin;27771;Tsd. EUR;ENM016;Einnahmen der Hochschulen (ohne Trägermittel)
21371;Hochschulfinanzstatistik;JAHR;Jahr;2024;DLAND;Bundesländer;13;Mecklenburg-Vorpommern;BILHA2;Hochschulart;;Insgesamt;BILFG4;Fächergruppen;FACHGR-KUNSTW;Kunst, Kunstwissenschaft;1623;Tsd. EUR;ENM016;Einnahmen der Hochschulen (ohne Trägermittel)
21371;Hochschulfinanzstatistik;JAHR;Jahr;2024;DLAND;Bundesländer;10;Saarland;BILHA2;Hochschulart;HSLART03;Pädagogische Hochschulen;BILFG4;Fächergruppen;FACHGR-NATW;Mathematik, Naturwissenschaften;-;Tsd. EUR;ENM016;Einnahmen der Hochschulen (ohne Trägermittel)
21371;Hochschulfinanzstatistik;JAHR;Jahr;2024;DLAND;Bundesländer;03;Niedersachsen;BILHA2;Hochschulart;;Insgesamt;BILFG4;Fächergruppen;FACHGR-MEDHUM;Humanmedizin/Gesundheitswissenschaften;1760571;Tsd. EUR;ENM016;Einnahmen der Hochschulen (ohne Trägermittel)
21371;Hochschulfinanzstatistik;JAHR;Jahr;2024;DLAND;Bundesländer;03;Niedersachsen;BILHA2;Hochschulart;HSLART06;Kunsthochschulen;BILFG4;Fächergruppen;FACHGR-MEDHUM;Humanmedizin/Gesundheitswissenschaften;-;Tsd. EUR;ENM016;Einnahmen der Hochschulen (ohne Trägermittel)
21371;Hochschulfinanzstatistik;JAHR;Jahr;2024;DLAND;Bundesländer;04;Bremen;BILHA2;Hochschulart;HSLART06;Kunsthochschulen;BILFG4;Fächergruppen;FACHGR-KUNSTW;Kunst, Kunstwissenschaft;805;Tsd. EUR;ENM016;Einnahmen der Hochschulen (ohne Trägermittel)
21371;Hochschulfinanzstatistik;JAHR;Jahr;2024;DLAND;Bundesländer;07;Rheinland-Pfalz;BILHA2;Hochschulart;HSLART05;Theologische Hochschulen;BILFG4;Fächergruppen;FACHGR-SKW;Geisteswissenschaften;804;Tsd. EUR;ENM016;Einnahmen der Hochschulen (ohne Trägermittel)
21371;Hochschulfinanzstatistik;JAHR;Jahr;2024;DLAND;Bundesländer;07;Rheinland-Pfalz;BILHA2;Hochschulart;HSLART012;Medizinische Einrichtungen der Universitäten;BILFG4;Fächergruppen;FACHGR-SKW;Geisteswissenschaften;-;Tsd. EUR;ENM016;Einnahmen der Hochschulen (ohne Trägermittel)
21371;Hochschulfinanzstatistik;JAHR;Jahr;2024;DLAND;Bundesländer;06;Hessen;BILHA2;Hochschulart;HSLART06;Kunsthochschulen;BILFG4;Fächergruppen;FACHGR-KUNSTW;Kunst, Kunstwissenschaft;3128;Tsd. EUR;ENM016;Einnahmen der Hochschulen (ohne Trägermittel)
21371;Hochschulfinanzstatistik;JAHR;Jahr;2024;DLAND;Bundesländer;01;Schleswig-Holstein;BILHA2;Hochschulart;HSLART03;Pädagogische Hochschulen;BILFG4;Fächergruppen;FACHGR-MEDHUM;Humanmedizin/Gesundheitswissenschaften;-;Tsd. EUR;ENM016;Einnahmen der Hochschulen (ohne Trägermittel)
21371;Hochschulfinanzstatistik;JAHR;Jahr;2024;DLAND;Bundesländer;08;Baden-Württemberg;BILHA2;Hochschulart;HSLART05;Theologische Hochschulen;BILFG4;Fächergruppen;FACHGR-SPR;Sport;-;Tsd. EUR;ENM016;Einnahmen der Hochschulen (ohne Trägermittel)
21371;Hochschulfinanzstatistik;JAHR;Jahr;2024;DLAND;Bundesländer;15;Sachsen-Anhalt;BILHA2;Hochschulart;;Insgesamt;BILFG4;Fächergruppen;FACHGR-SKW;Geisteswissenschaften;3361;Tsd. EUR;ENM016;Einnahmen der Hochschulen (ohne Trägermittel)
21371;Hochschulfinanzstatistik;JAHR;Jahr;2024;DLAND;Bundesländer;15;Sachsen-Anhalt;BILHA2;Hochschulart;HSLART06;Kunsthochschulen;BILFG4;Fächergruppen;FACHGR-INGW;Ingenieurwissenschaften;5;Tsd. EUR;ENM016;Einnahmen der Hochschulen (ohne Trägermittel)
21371;Hochschulfinanzstatistik;JAHR;Jahr;2024;DLAND;Bundesländer;15;Sachsen-Anhalt;BILHA2;Hochschulart;HSLART011;Universitäten (ohne Medizinische Einrichtungen);BILFG4;Fächergruppen;FACHGR-KUNSTW;Kunst, Kunstwissenschaft;1445;Tsd. EUR;ENM016;Einnahmen der Hochschulen (ohne Trägermittel)
21371;Hochschulfinanzstatistik;JAHR;Jahr;2024;DLAND;Bundesländer;11;Berlin;BILHA2;Hochschulart;HSLART03;Pädagogische Hochschulen;BILFG4;Fächergruppen;FACHGR-AGRVET;Agrar-, Forst- u.Ernährungswiss., Veterinärmedizin;-;Tsd. EUR;ENM016;Einnahmen der Hochschulen (ohne Trägermittel)
21371;Hochschulfinanzstatistik;JAHR;Jahr;2024;DLAND;Bundesländer;11;Berlin;BILHA2;Hochschulart;HSLART06;Kunsthochschulen;BILFG4;Fächergruppen;FACHGR-ZE-01;Zentr.Einrichtungen (o. klinikspez. Einrichtungen);-;Tsd. EUR;ENM016;Einnahmen der Hochschulen (ohne Trägermittel)
21371;Hochschulfinanzstatistik;JAHR;Jahr;2024;DLAND;Bundesländer;03;Niedersachsen;BILHA2;Hochschulart;HSLART082;Verwaltungsfachhochschulen;BILFG4;Fächergruppen;FACHGR-AGRVET;Agrar-, Forst- u.Ernährungswiss., Veterinärmedizin;-;Tsd. EUR;ENM016;Einnahmen der Hochschulen (ohne Trägermittel)
21371;Hochschulfinanzstatistik;JAHR;Jahr;2024;DLAND;Bundesländer;11;Berlin;BILHA2;Hochschulart;HSLART011;Universitäten (ohne Medizinische Einrichtungen);BILFG4;Fächergruppen;FACHGR-SKW;Geisteswissenschaften;73744;Tsd. EUR;ENM016;Einnahmen der Hochschulen (ohne Trägermittel)
21371;Hochschulfinanzstatistik;JAHR;Jahr;2024;DLAND;Bundesländer;02;Hamburg;BILHA2;Hochschulart;HSLART03;Pädagogische Hochschulen;BILFG4;Fächergruppen;FACHGR-INGW;Ingenieurwissenschaften;-;Tsd. EUR;ENM016;Einnahmen der Hochschulen (ohne Trägermittel)
21371;Hochschulfinanzstatistik;JAHR;Jahr;2024;DLAND;Bundesländer;04;Bremen;BILHA2;Hochschulart;HSLART082;Verwaltungsfachhochschulen;BILFG4;Fächergruppen;FACHGR-KUNSTW;Kunst, Kunstwissenschaft;-;Tsd. EUR;ENM016;Einnahmen der Hochschulen (ohne Trägermittel)
21371;Hochschulfinanzstatistik;JAHR;Jahr;2024;DLAND;Bundesländer;08;Baden-Württemberg;BILHA2;Hochschulart;HSLART05;Theologische Hochschulen;BILFG4;Fächergruppen;FACHGR-AGRVET;Agrar-, Forst- u.Ernährungswiss., Veterinärmedizin;-;Tsd. EUR;ENM016;Einnahmen der Hochschulen (ohne Trägermittel)
21371;Hochschulfinanzstatistik;JAHR;Jahr;2024;DLAND;Bundesländer;12;Brandenburg;BILHA2;Hochschulart;HSLART05;Theologische Hochschulen;BILFG4;Fächergruppen;FACHGR-NATW;Mathematik, Naturwissenschaften;-;Tsd. EUR;ENM016;Einnahmen der Hochschulen (ohne Trägermittel)
21371;Hochschulfinanzstatistik;JAHR;Jahr;2024;DLAND;Bundesländer;04;Bremen;BILHA2;Hochschulart;HSLART03;Pädagogische Hochschulen;BILFG4;Fächergruppen;FACHGR-NATW;Mathematik, Naturwissenschaften;-;Tsd. EUR;ENM016;Einnahmen der Hochschulen (ohne Trägermittel)
21371;Hochschulfinanzstatistik;JAHR;Jahr;2024;DLAND;Bundesländer;04;Bremen;BILHA2;Hochschulart;HSLART06;Kunsthochschulen;BILFG4;Fächergruppen;FACHGR-ZE-01;Zentr.Einrichtungen (o. klinikspez. Einrichtungen);5770;Tsd. EUR;ENM016;Einnahmen der Hochschulen (ohne Trägermittel)
21371;Hochschulfinanzstatistik;JAHR;Jahr;2024;DLAND;Bundesländer;05;Nordrhein-Westfalen;BILHA2;Hochschulart;HSLART011;Universitäten (ohne Medizinische Einrichtungen);BILFG4;Fächergruppen;FACHGR-RWSW;Rechts-, Wirtschafts- und Sozialwissenschaften;189596;Tsd. EUR;ENM016;Einnahmen der Hochschulen (ohne Trägermittel)
21371;Hochschulfinanzstatistik;JAHR;Jahr;2024;DLAND;Bundesländer;13;Mecklenburg-Vorpommern;BILHA2;Hochschulart;HSLART03;Pädagogische Hochschulen;BILFG4;Fächergruppen;FACHGR-SKW;Geisteswissenschaften;-;Tsd. EUR;ENM016;Einnahmen der Hochschulen (ohne Trägermittel)
21371;Hochschulfinanzstatistik;JAHR;Jahr;2024;DLAND;Bundesländer;14;Sachsen;BILHA2;Hochschulart;HSLART012;Medizinische Einrichtungen der Universitäten;BILFG4;Fächergruppen;FACHGR-INGW;Ingenieurwissenschaften;-;Tsd. EUR;ENM016;Einnahmen der Hochschulen (ohne Trägermittel)
21371;Hochschulfinanzstatistik;JAHR;Jahr;2024;DLAND;Bundesländer;01;Schleswig-Holstein;BILHA2;Hochschulart;HSLART012;Medizinische Einrichtungen der Universitäten;BILFG4;Fächergruppen;FACHGR-SPR;Sport;-;Tsd. EUR;ENM016;Einnahmen der Hochschulen (ohne Trägermittel)
21371;Hochschulfinanzstatistik;JAHR;Jahr;2024;DLAND;Bundesländer;09;Bayern;BILHA2;Hochschulart;HSLART08;Fachhochschulen;BILFG4;Fächergruppen;FACHGR-RWSW;Rechts-, Wirtschafts- und Sozialwissenschaften;85994;Tsd. EUR;ENM016;Einnahmen der Hochschulen (ohne Trägermittel)
21371;Hochschulfinanzstatistik;JAHR;Jahr;2024;DLAND;Bundesländer;15;Sachsen-Anhalt;BILHA2;Hochschulart;HSLART082;Verwaltungsfachhochschulen;BILFG4;Fächergruppen;FACHGR-SKW;Geisteswissenschaften;-;Tsd. EUR;ENM016;Einnahmen der Hochschulen (ohne Trägermittel)
21371;Hochschulfinanzstatistik;JAHR;Jahr;2024;DLAND;Bundesländer;05;Nordrhein-Westfalen;BILHA2;Hochschulart;HSLART012;Medizinische Einrichtungen der Universitäten;BILFG4;Fächergruppen;FACHGR-INGW;Ingenieurwissenschaften;-;Tsd. EUR;ENM016;Einnahmen der Hochschulen (ohne Trägermittel)
21371;Hochschulfinanzstatistik;JAHR;Jahr;2024;DLAND;Bundesländer;15;Sachsen-Anhalt;BILHA2;Hochschulart;HSLART08;Fachhochschulen;BILFG4;Fächergruppen;FACHGR-SKW;Geisteswissenschaften;0;Tsd. EUR;ENM016;Einnahmen der Hochschulen (ohne Trägermittel)
21371;Hochschulfinanzstatistik;JAHR;Jahr;2024;DLAND;Bundesländer;12;Brandenburg;BILHA2;Hochschulart;;Insgesamt;BILFG4;Fächergruppen;FACHGR-MEDHUM;Humanmedizin/Gesundheitswissenschaften;191064;Tsd. EUR;ENM016;Einnahmen der Hochschulen (ohne Trägermittel)
21371;Hochschulfinanzstatistik;JAHR;Jahr;2024;DLAND;Bundesländer;04;Bremen;BILHA2;Hochschulart;HSLART05;Theologische Hochschulen;BILFG4;Fächergruppen;FACHGR-SKW;Geisteswissenschaften;-;Tsd. EUR;ENM016;Einnahmen der Hochschulen (ohne Trägermittel)
21371;Hochschulfinanzstatistik;JAHR;Jahr;2024;DLAND;Bundesländer;06;Hessen;BILHA2;Hochschulart;HSLART08;Fachhochschulen;BILFG4;Fächergruppen;FACHGR-KUNSTW;Kunst, Kunstwissenschaft;1979;Tsd. EUR;ENM016;Einnahmen der Hochschulen (ohne Trägermittel)
21371;Hochschulfinanzstatistik;JAHR;Jahr;2024;DLAND;Bundesländer;02;Hamburg;BILHA2;Hochschulart;HSLART082;Verwaltungsfachhochschulen;BILFG4;Fächergruppen;FACHGR-MEDHUM;Humanmedizin/Gesundheitswissenschaften;-;Tsd. EUR;ENM016;Einnahmen der Hochschulen (ohne Trägermittel)
21371;Hochschulfinanzstatistik;JAHR;Jahr;2024;DLAND;Bundesländer;16;Thüringen;BILHA2;Hochschulart;HSLART082;Verwaltungsfachhochschulen;BILFG4;Fächergruppen;FACHGR-NATW;Mathematik, Naturwissenschaften;-;Tsd. EUR;ENM016;Einnahmen der Hochschulen (ohne Trägermittel)
21371;Hochschulfinanzstatistik;JAHR;Jahr;2024;DLAND;Bundesländer;13;Mecklenburg-Vorpommern;BILHA2;Hochschulart;HSLART03;Pädagogische Hochschulen;BILFG4;Fächergruppen;FACHGR-RWSW;Rechts-, Wirtschafts- und Sozialwissenschaften;-;Tsd. EUR;ENM016;Einnahmen der Hochschulen (ohne Trägermittel)
21371;Hochschulfinanzstatistik;JAHR;Jahr;2024;DLAND;Bundesländer;11;Berlin;BILHA2;Hochschulart;HSLART05;Theologische Hochschulen;BILFG4;Fächergruppen;FACHGR-SKW;Geisteswissenschaften;-;Tsd. EUR;ENM016;Einnahmen der Hochschulen (ohne Trägermittel)
21371;Hochschulfinanzstatistik;JAHR;Jahr;2024;DLAND;Bundesländer;13;Mecklenburg-Vorpommern;BILHA2;Hochschulart;HSLART08;Fachhochschulen;BILFG4;Fächergruppen;FACHGR-AGRVET;Agrar-, Forst- u.Ernährungswiss., Veterinärmedizin;1144;Tsd. EUR;ENM016;Einnahmen der Hochschulen (ohne Trägermittel)
21371;Hochschulfinanzstatistik;JAHR;Jahr;2024;DLAND;Bundesländer;05;Nordrhein-Westfalen;BILHA2;Hochschulart;HSLART08;Fachhochschulen;BILFG4;Fächergruppen;FACHGR-MEDHUM;Humanmedizin/Gesundheitswissenschaften;26779;Tsd. EUR;ENM016;Einnahmen der Hochschulen (ohne Trägermittel)
21371;Hochschulfinanzstatistik;JAHR;Jahr;2024;DLAND;Bundesländer;12;Brandenburg;BILHA2;Hochschulart;HSLART05;Theologische Hochschulen;BILFG4;Fächergruppen;FACHGR-SPR;Sport;-;Tsd. EUR;ENM016;Einnahmen der Hochschulen (ohne Trägermittel)
21371;Hochschulfinanzstatistik;JAHR;Jahr;2024;DLAND;Bundesländer;03;Niedersachsen;BILHA2;Hochschulart;HSLART08;Fachhochschulen;BILFG4;Fächergruppen;FACHGR-ZE-01;Zentr.Einrichtungen (o. klinikspez. Einrichtungen);28621;Tsd. EUR;ENM016;Einnahmen der Hochschulen (ohne Trägermittel)
21371;Hochschulfinanzstatistik;JAHR;Jahr;2024;DLAND;Bundesländer;01;Schleswig-Holstein;BILHA2;Hochschulart;HSLART05;Theologische Hochschulen;BILFG4;Fächergruppen;FACHGR-RWSW;Rechts-, Wirtschafts- und Sozialwissenschaften;-;Tsd. EUR;ENM016;Einnahmen der Hochschulen (ohne Trägermittel)
21371;Hochschulfinanzstatistik;JAHR;Jahr;2024;DLAND;Bundesländer;11;Berlin;BILHA2;Hochschulart;HSLART08;Fachhochschulen;BILFG4;Fächergruppen;;Insgesamt;201120;Tsd. EUR;ENM016;Einnahmen der Hochschulen (ohne Trägermittel)
21371;Hochschulfinanzstatistik;JAHR;Jahr;2024;DLAND;Bundesländer;14;Sachsen;BILHA2;Hochschulart;HSLART03;Pädagogische Hochschulen;BILFG4;Fächergruppen;FACHGR-SPR;Sport;-;Tsd. EUR;ENM016;Einnahmen der Hochschulen (ohne Trägermittel)
21371;Hochschulfinanzstatistik;JAHR;Jahr;2024;DLAND;Bundesländer;12;Brandenburg;BILHA2;Hochschulart;HSLART012;Medizinische Einrichtungen der Universitäten;BILFG4;Fächergruppen;FACHGR-SKW;Geisteswissenschaften;-;Tsd. EUR;ENM016;Einnahmen der Hochschulen (ohne Trägermittel)
21371;Hochschulfinanzstatistik;JAHR;Jahr;2024;DLAND;Bundesländer;12;Brandenburg;BILHA2;Hochschulart;HSLART082;Verwaltungsfachhochschulen;BILFG4;Fächergruppen;FACHGR-MEDHUM;Humanmedizin/Gesundheitswissenschaften;-;Tsd. EUR;ENM016;Einnahmen der Hochschulen (ohne Trägermittel)
21371;Hochschulfinanzstatistik;JAHR;Jahr;2024;DLAND;Bundesländer;07;Rheinland-Pfalz;BILHA2;Hochschulart;HSLART082;Verwaltungsfachhochschulen;BILFG4;Fächergruppen;FACHGR-NATW;Mathematik, Naturwissenschaften;-;Tsd. EUR;ENM016;Einnahmen der Hochschulen (ohne Trägermittel)
21371;Hochschulfinanzstatistik;JAHR;Jahr;2024;DLAND;Bundesländer;03;Niedersachsen;BILHA2;Hochschulart;HSLART05;Theologische Hochschulen;BILFG4;Fächergruppen;FACHGR-MEDHUM;Humanmedizin/Gesundheitswissenschaften;-;Tsd. EUR;ENM016;Einnahmen der Hochschulen (ohne Trägermittel)
21371;Hochschulfinanzstatistik;JAHR;Jahr;2024;DLAND;Bundesländer;06;Hessen;BILHA2;Hochschulart;HSLART03;Pädagogische Hochschulen;BILFG4;Fächergruppen;FACHGR-SKW;Geisteswissenschaften;-;Tsd. EUR;ENM016;Einnahmen der Hochschulen (ohne Trägermittel)
21371;Hochschulfinanzstatistik;JAHR;Jahr;2024;DLAND;Bundesländer;12;Brandenburg;BILHA2;Hochschulart;HSLART06;Kunsthochschulen;BILFG4;Fächergruppen;FACHGR-RWSW;Rechts-, Wirtschafts- und Sozialwissenschaften;-;Tsd. EUR;ENM016;Einnahmen der Hochschulen (ohne Trägermittel)
21371;Hochschulfinanzstatistik;JAHR;Jahr;2024;DLAND;Bundesländer;09;Bayern;BILHA2;Hochschulart;HSLART012;Medizinische Einrichtungen der Universitäten;BILFG4;Fächergruppen;FACHGR-ZE-01;Zentr.Einrichtungen (o. klinikspez. Einrichtungen);-;Tsd. EUR;ENM016;Einnahmen der Hochschulen (ohne Trägermittel)
21371;Hochschulfinanzstatistik;JAHR;Jahr;2024;DLAND;Bundesländer;04;Bremen;BILHA2;Hochschulart;HSLART05;Theologische Hochschulen;BILFG4;Fächergruppen;FACHGR-INGW;Ingenieurwissenschaften;-;Tsd. EUR;ENM016;Einnahmen der Hochschulen (ohne Trägermittel)
21371;Hochschulfinanzstatistik;JAHR;Jahr;2024;DLAND;Bundesländer;01;Schleswig-Holstein;BILHA2;Hochschulart;HSLART082;Verwaltungsfachhochschulen;BILFG4;Fächergruppen;FACHGR-SKW;Geisteswissenschaften;-;Tsd. EUR;ENM016;Einnahmen der Hochschulen (ohne Trägermittel)
21371;Hochschulfinanzstatistik;JAHR;Jahr;2024;DLAND;Bundesländer;07;Rheinland-Pfalz;BILHA2;Hochschulart;;Insgesamt;BILFG4;Fächergruppen;;Insgesamt;1306446;Tsd. EUR;ENM016;Einnahmen der Hochschulen (ohne Trägermittel)
21371;Hochschulfinanzstatistik;JAHR;Jahr;2024;DLAND;Bundesländer;14;Sachsen;BILHA2;Hochschulart;HSLART011;Universitäten (ohne Medizinische Einrichtungen);BILFG4;Fächergruppen;FACHGR-SPR;Sport;4394;Tsd. EUR;ENM016;Einnahmen der Hochschulen (ohne Trägermittel)
21371;Hochschulfinanzstatistik;JAHR;Jahr;2024;DLAND;Bundesländer;03;Niedersachsen;BILHA2;Hochschulart;HSLART06;Kunsthochschulen;BILFG4;Fächergruppen;FACHGR-NATW;Mathematik, Naturwissenschaften;-;Tsd. EUR;ENM016;Einnahmen der Hochschulen (ohne Trägermittel)
21371;Hochschulfinanzstatistik;JAHR;Jahr;2024;DLAND;Bundesländer;09;Bayern;BILHA2;Hochschulart;HSLART011;Universitäten (ohne Medizinische Einrichtungen);BILFG4;Fächergruppen;FACHGR-AGRVET;Agrar-, Forst- u.Ernährungswiss., Veterinärmedizin;55077;Tsd. EUR;ENM016;Einnahmen der Hochschulen (ohne Trägermittel)
21371;Hochschulfinanzstatistik;JAHR;Jahr;2024;DLAND;Bundesländer;14;Sachsen;BILHA2;Hochschulart;HSLART08;Fachhochschulen;BILFG4;Fächergruppen;FACHGR-RWSW;Rechts-, Wirtschafts- und Sozialwissenschaften;10950;Tsd. EUR;ENM016;Einnahmen der Hochschulen (ohne Trägermittel)
21371;Hochschulfinanzstatistik;JAHR;Jahr;2024;DLAND;Bundesländer;04;Bremen;BILHA2;Hochschulart;HSLART082;Verwaltungsfachhochschulen;BILFG4;Fächergruppen;FACHGR-RWSW;Rechts-, Wirtschafts- und Sozialwissenschaften;0;Tsd. EUR;ENM016;Einnahmen der Hochschulen (ohne Trägermittel)
21371;Hochschulfinanzstatistik;JAHR;Jahr;2024;DLAND;Bundesländer;16;Thüringen;BILHA2;Hochschulart;HSLART012;Medizinische Einrichtungen der Universitäten;BILFG4;Fächergruppen;FACHGR-SKW;Geisteswissenschaften;-;Tsd. EUR;ENM016;Einnahmen der Hochschulen (ohne Trägermittel)
21371;Hochschulfinanzstatistik;JAHR;Jahr;2024;DLAND;Bundesländer;12;Brandenburg;BILHA2;Hochschulart;HSLART012;Medizinische Einrichtungen der Universitäten;BILFG4;Fächergruppen;FACHGR-INGW;Ingenieurwissenschaften;-;Tsd. EUR;ENM016;Einnahmen der Hochschulen (ohne Trägermittel)
21371;Hochschulfinanzstatistik;JAHR;Jahr;2024;DLAND;Bundesländer;04;Bremen;BILHA2;Hochschulart;HSLART011;Universitäten (ohne Medizinische Einrichtungen);BILFG4;Fächergruppen;FACHGR-AGRVET;Agrar-, Forst- u.Ernährungswiss., Veterinärmedizin;-;Tsd. EUR;ENM016;Einnahmen der Hochschulen (ohne Trägermittel)
21371;Hochschulfinanzstatistik;JAHR;Jahr;2024;DLAND;Bundesländer;06;Hessen;BILHA2;Hochschulart;HSLART03;Pädagogische Hochschulen;BILFG4;Fächergruppen;FACHGR-MEDHUM;Humanmedizin/Gesundheitswissenschaften;-;Tsd. EUR;ENM016;Einnahmen der Hochschulen (ohne Trägermittel)
21371;Hochschulfinanzstatistik;JAHR;Jahr;2024;DLAND;Bundesländer;15;Sachsen-Anhalt;BILHA2;Hochschulart;;Insgesamt;BILFG4;Fächergruppen;FACHGR-ZE-01;Zentr.Einrichtungen (o. klinikspez. Einrichtungen);62252;Tsd. EUR;ENM016;Einnahmen der Hochschulen (ohne Trägermittel)
21371;Hochschulfinanzstatistik;JAHR;Jahr;2024;DLAND;Bundesländer;13;Mecklenburg-Vorpommern;BILHA2;Hochschulart;HSLART05;Theologische Hochschulen;BILFG4;Fächergruppen;;Insgesamt;-;Tsd. EUR;ENM016;Einnahmen der Hochschulen (ohne Trägermittel)
21371;Hochschulfinanzstatistik;JAHR;Jahr;2024;DLAND;Bundesländer;08;Baden-Württemberg;BILHA2;Hochschulart;HSLART06;Kunsthochschulen;BILFG4;Fächergruppen;FACHGR-RWSW;Rechts-, Wirtschafts- und Sozialwissenschaften;-;Tsd. EUR;ENM016;Einnahmen der Hochschulen (ohne Trägermittel)
21371;Hochschulfinanzstatistik;JAHR;Jahr;2024;DLAND;Bundesländer;10;Saarland;BILHA2;Hochschulart;HSLART082;Verwaltungsfachhochschulen;BILFG4;Fächergruppen;FACHGR-SKW;Geisteswissenschaften;-;Tsd. EUR;ENM016;Einnahmen der Hochschulen (ohne Trägermittel)
21371;Hochschulfinanzstatistik;JAHR;Jahr;2024;DLAND;Bundesländer;09;Bayern;BILHA2;Hochschulart;;Insgesamt;BILFG4;Fächergruppen;FACHGR-KUNSTW;Kunst, Kunstwissenschaft;16013;Tsd. EUR;ENM016;Einnahmen der Hochschulen (ohne Trägermittel)
21371;Hochschulfinanzstatistik;JAHR;Jahr;2024;DLAND;Bundesländer;16;Thüringen;BILHA2;Hochschulart;HSLART082;Verwaltungsfachhochschulen;BILFG4;Fächergruppen;FACHGR-MEDHUM;Humanmedizin/Gesundheitswissenschaften;-;Tsd. EUR;ENM016;Einnahmen der Hochschulen (ohne Trägermittel)
21371;Hochschulfinanzstatistik;JAHR;Jahr;2024;DLAND;Bundesländer;16;Thüringen;BILHA2;Hochschulart;;Insgesamt;BILFG4;Fächergruppen;FACHGR-SKW;Geisteswissenschaften;13028;Tsd. EUR;ENM016;Einnahmen der Hochschulen (ohne Trägermittel)
21371;Hochschulfinanzstatistik;JAHR;Jahr;2024;DLAND;Bundesländer;06;Hessen;BILHA2;Hochschulart;HSLART08;Fachhochschulen;BILFG4;Fächergruppen;FACHGR-ZE-01;Zentr.Einrichtungen (o. klinikspez. Einrichtungen);109241;Tsd. EUR;ENM016;Einnahmen der Hochschulen (ohne Trägermittel)
21371;Hochschulfinanzstatistik;JAHR;Jahr;2024;DLAND;Bundesländer;13;Mecklenburg-Vorpommern;BILHA2;Hochschulart;HSLART05;Theologische Hochschulen;BILFG4;Fächergruppen;FACHGR-SKW;Geisteswissenschaften;-;Tsd. EUR;ENM016;Einnahmen der Hochschulen (ohne Trägermittel)
21371;Hochschulfinanzstatistik;JAHR;Jahr;2024;DLAND;Bundesländer;05;Nordrhein-Westfalen;BILHA2;Hochschulart;HSLART03;Pädagogische Hochschulen;BILFG4;Fächergruppen;FACHGR-MEDHUM;Humanmedizin/Gesundheitswissenschaften;-;Tsd. EUR;ENM016;Einnahmen der Hochschulen (ohne Trägermittel)
21371;Hochschulfinanzstatistik;JAHR;Jahr;2024;DLAND;Bundesländer;16;Thüringen;BILHA2;Hochschulart;HSLART012;Medizinische Einrichtungen der Universitäten;BILFG4;Fächergruppen;FACHGR-AGRVET;Agrar-, Forst- u.Ernährungswiss., Veterinärmedizin;-;Tsd. EUR;ENM016;Einnahmen der Hochschulen (ohne Trägermittel)
21371;Hochschulfinanzstatistik;JAHR;Jahr;2024;DLAND;Bundesländer;01;Schleswig-Holstein;BILHA2;Hochschulart;HSLART06;Kunsthochschulen;BILFG4;Fächergruppen;FACHGR-SPR;Sport;-;Tsd. EUR;ENM016;Einnahmen der Hochschulen (ohne Trägermittel)
21371;Hochschulfinanzstatistik;JAHR;Jahr;2024;DLAND;Bundesländer;02;Hamburg;BILHA2;Hochschulart;HSLART012;Medizinische Einrichtungen der Universitäten;BILFG4;Fächergruppen;FACHGR-INGW;Ingenieurwissenschaften;-;Tsd. EUR;ENM016;Einnahmen der Hochschulen (ohne Trägermittel)
21371;Hochschulfinanzstatistik;JAHR;Jahr;2024;DLAND;Bundesländer;01;Schleswig-Holstein;BILHA2;Hochschulart;;Insgesamt;BILFG4;Fächergruppen;FACHGR-SKW;Geisteswissenschaften;6926;Tsd. EUR;ENM016;Einnahmen der Hochschulen (ohne Trägermittel)
21371;Hochschulfinanzstatistik;JAHR;Jahr;2024;DLAND;Bundesländer;15;Sachsen-Anhalt;BILHA2;Hochschulart;HSLART012;Medizinische Einrichtungen der Universitäten;BILFG4;Fächergruppen;FACHGR-RWSW;Rechts-, Wirtschafts- und Sozialwissenschaften;-;Tsd. EUR;ENM016;Einnahmen der Hochschulen (ohne Trägermittel)
21371;Hochschulfinanzstatistik;JAHR;Jahr;2024;DLAND;Bundesländer;10;Saarland;BILHA2;Hochschulart;;Insgesamt;BILFG4;Fächergruppen;FACHGR-NATW;Mathematik, Naturwissenschaften;19499;Tsd. EUR;ENM016;Einnahmen der Hochschulen (ohne Trägermittel)
21371;Hochschulfinanzstatistik;JAHR;Jahr;2024;DLAND;Bundesländer;06;Hessen;BILHA2;Hochschulart;;Insgesamt;BILFG4;Fächergruppen;FACHGR-AGRVET;Agrar-, Forst- u.Ernährungswiss., Veterinärmedizin;51515;Tsd. EUR;ENM016;Einnahmen der Hochschulen (ohne Trägermittel)
21371;Hochschulfinanzstatistik;JAHR;Jahr;2024;DLAND;Bundesländer;02;Hamburg;BILHA2;Hochschulart;HSLART082;Verwaltungsfachhochschulen;BILFG4;Fächergruppen;FACHGR-AGRVET;Agrar-, Forst- u.Ernährungswiss., Veterinärmedizin;-;Tsd. EUR;ENM016;Einnahmen der Hochschulen (ohne Trägermittel)
21371;Hochschulfinanzstatistik;JAHR;Jahr;2024;DLAND;Bundesländer;09;Bayern;BILHA2;Hochschulart;HSLART06;Kunsthochschulen;BILFG4;Fächergruppen;FACHGR-KUNSTW;Kunst, Kunstwissenschaft;10631;Tsd. EUR;ENM016;Einnahmen der Hochschulen (ohne Trägermittel)
21371;Hochschulfinanzstatistik;JAHR;Jahr;2024;DLAND;Bundesländer;16;Thüringen;BILHA2;Hochschulart;;Insgesamt;BILFG4;Fächergruppen;FACHGR-AGRVET;Agrar-, Forst- u.Ernährungswiss., Veterinärmedizin;3269;Tsd. EUR;ENM016;Einnahmen der Hochschulen (ohne Trägermittel)
21371;Hochschulfinanzstatistik;JAHR;Jahr;2024;DLAND;Bundesländer;01;Schleswig-Holstein;BILHA2;Hochschulart;;Insgesamt;BILFG4;Fächergruppen;;Insgesamt;1612625;Tsd. EUR;ENM016;Einnahmen der Hochschulen (ohne Trägermittel)
21371;Hochschulfinanzstatistik;JAHR;Jahr;2024;DLAND;Bundesländer;03;Niedersachsen;BILHA2;Hochschulart;HSLART082;Verwaltungsfachhochschulen;BILFG4;Fächergruppen;FACHGR-KUNSTW;Kunst, Kunstwissenschaft;-;Tsd. EUR;ENM016;Einnahmen der Hochschulen (ohne Trägermittel)
21371;Hochschulfinanzstatistik;JAHR;Jahr;2024;DLAND;Bundesländer;06;Hessen;BILHA2;Hochschulart;;Insgesamt;BILFG4;Fächergruppen;FACHGR-SKW;Geisteswissenschaften;49950;Tsd. EUR;ENM016;Einnahmen der Hochschulen (ohne Trägermittel)
21371;Hochschulfinanzstatistik;JAHR;Jahr;2024;DLAND;Bundesländer;14;Sachsen;BILHA2;Hochschulart;HSLART05;Theologische Hochschulen;BILFG4;Fächergruppen;FACHGR-SKW;Geisteswissenschaften;-;Tsd. EUR;ENM016;Einnahmen der Hochschulen (ohne Trägermittel)
21371;Hochschulfinanzstatistik;JAHR;Jahr;2024;DLAND;Bundesländer;04;Bremen;BILHA2;Hochschulart;HSLART082;Verwaltungsfachhochschulen;BILFG4;Fächergruppen;FACHGR-NATW;Mathematik, Naturwissenschaften;-;Tsd. EUR;ENM016;Einnahmen der Hochschulen (ohne Trägermittel)
21371;Hochschulfinanzstatistik;JAHR;Jahr;2024;DLAND;Bundesländer;04;Bremen;BILHA2;Hochschulart;HSLART082;Verwaltungsfachhochschulen;BILFG4;Fächergruppen;FACHGR-SKW;Geisteswissenschaften;-;Tsd. EUR;ENM016;Einnahmen der Hochschulen (ohne Trägermittel)
21371;Hochschulfinanzstatistik;JAHR;Jahr;2024;DLAND;Bundesländer;07;Rheinland-Pfalz;BILHA2;Hochschulart;HSLART03;Pädagogische Hochschulen;BILFG4;Fächergruppen;FACHGR-RWSW;Rechts-, Wirtschafts- und Sozialwissenschaften;-;Tsd. EUR;ENM016;Einnahmen der Hochschulen (ohne Trägermittel)
21371;Hochschulfinanzstatistik;JAHR;Jahr;2024;DLAND;Bundesländer;11;Berlin;BILHA2;Hochschulart;;Insgesamt;BILFG4;Fächergruppen;FACHGR-NATW;Mathematik, Naturwissenschaften;143784;Tsd. EUR;ENM016;Einnahmen der Hochschulen (ohne Trägermittel)
21371;Hochschulfinanzstatistik;JAHR;Jahr;2024;DLAND;Bundesländer;07;Rheinland-Pfalz;BILHA2;Hochschulart;HSLART03;Pädagogische Hochschulen;BILFG4;Fächergruppen;FACHGR-MEDHUM;Humanmedizin/Gesundheitswissenschaften;-;Tsd. EUR;ENM016;Einnahmen der Hochschulen (ohne Trägermittel)
21371;Hochschulfinanzstatistik;JAHR;Jahr;2024;DLAND;Bundesländer;07;Rheinland-Pfalz;BILHA2;Hochschulart;HSLART011;Universitäten (ohne Medizinische Einrichtungen);BILFG4;Fächergruppen;FACHGR-RWSW;Rechts-, Wirtschafts- und Sozialwissenschaften;64176;Tsd. EUR;ENM016;Einnahmen der Hochschulen (ohne Trägermittel)
21371;Hochschulfinanzstatistik;JAHR;Jahr;2024;DLAND;Bundesländer;02;Hamburg;BILHA2;Hochschulart;HSLART06;Kunsthochschulen;BILFG4;Fächergruppen;FACHGR-SPR;Sport;-;Tsd. EUR;ENM016;Einnahmen der Hochschulen (ohne Trägermittel)
21371;Hochschulfinanzstatistik;JAHR;Jahr;2024;DLAND;Bundesländer;04;Bremen;BILHA2;Hochschulart;HSLART03;Pädagogische Hochschulen;BILFG4;Fächergruppen;FACHGR-MEDHUM;Humanmedizin/Gesundheitswissenschaften;-;Tsd. EUR;ENM016;Einnahmen der Hochschulen (ohne Trägermittel)
21371;Hochschulfinanzstatistik;JAHR;Jahr;2024;DLAND;Bundesländer;07;Rheinland-Pfalz;BILHA2;Hochschulart;HSLART082;Verwaltungsfachhochschulen;BILFG4;Fächergruppen;FACHGR-INGW;Ingenieurwissenschaften;-;Tsd. EUR;ENM016;Einnahmen der Hochschulen (ohne Trägermittel)
21371;Hochschulfinanzstatistik;JAHR;Jahr;2024;DLAND;Bundesländer;10;Saarland;BILHA2;Hochschulart;HSLART082;Verwaltungsfachhochschulen;BILFG4;Fächergruppen;FACHGR-RWSW;Rechts-, Wirtschafts- und Sozialwissenschaften;2120;Tsd. EUR;ENM016;Einnahmen der Hochschulen (ohne Trägermittel)
21371;Hochschulfinanzstatistik;JAHR;Jahr;2024;DLAND;Bundesländer;05;Nordrhein-Westfalen;BILHA2;Hochschulart;HSLART012;Medizinische Einrichtungen der Universitäten;BILFG4;Fächergruppen;FACHGR-RWSW;Rechts-, Wirtschafts- und Sozialwissenschaften;-;Tsd. EUR;ENM016;Einnahmen der Hochschulen (ohne Trägermittel)
21371;Hochschulfinanzstatistik;JAHR;Jahr;2024;DLAND;Bundesländer;02;Hamburg;BILHA2;Hochschulart;HSLART05;Theologische Hochschulen;BILFG4;Fächergruppen;FACHGR-INGW;Ingenieurwissenschaften;-;Tsd. EUR;ENM016;Einnahmen der Hochschulen (ohne Trägermittel)
21371;Hochschulfinanzstatistik;JAHR;Jahr;2024;DLAND;Bundesländer;03;Niedersachsen;BILHA2;Hochschulart;HSLART08;Fachhochschulen;BILFG4;Fächergruppen;FACHGR-INGW;Ingenieurwissenschaften;41897;Tsd. EUR;ENM016;Einnahmen der Hochschulen (ohne Trägermittel)
21371;Hochschulfinanzstatistik;JAHR;Jahr;2024;DLAND;Bundesländer;09;Bayern;BILHA2;Hochschulart;HSLART05;Theologische Hochschulen;BILFG4;Fächergruppen;FACHGR-NATW;Mathematik, Naturwissenschaften;-;Tsd. EUR;ENM016;Einnahmen der Hochschulen (ohne Trägermittel)
21371;Hochschulfinanzstatistik;JAHR;Jahr;2024;DLAND;Bundesländer;10;Saarland;BILHA2;Hochschulart;HSLART011;Universitäten (ohne Medizinische Einrichtungen);BILFG4;Fächergruppen;FACHGR-KUNSTW;Kunst, Kunstwissenschaft;320;Tsd. EUR;ENM016;Einnahmen der Hochschulen (ohne Trägermittel)
21371;Hochschulfinanzstatistik;JAHR;Jahr;2024;DLAND;Bundesländer;05;Nordrhein-Westfalen;BILHA2;Hochschulart;HSLART03;Pädagogische Hochschulen;BILFG4;Fächergruppen;FACHGR-RWSW;Rechts-, Wirtschafts- und Sozialwissenschaften;-;Tsd. EUR;ENM016;Einnahmen der Hochschulen (ohne Trägermittel)
21371;Hochschulfinanzstatistik;JAHR;Jahr;2024;DLAND;Bundesländer;03;Niedersachsen;BILHA2;Hochschulart;HSLART03;Pädagogische Hochschulen;BILFG4;Fächergruppen;FACHGR-MEDHUM;Humanmedizin/Gesundheitswissenschaften;-;Tsd. EUR;ENM016;Einnahmen der Hochschulen (ohne Trägermittel)
21371;Hochschulfinanzstatistik;JAHR;Jahr;2024;DLAND;Bundesländer;01;Schleswig-Holstein;BILHA2;Hochschulart;HSLART08;Fachhochschulen;BILFG4;Fächergruppen;FACHGR-INGW;Ingenieurwissenschaften;20782;Tsd. EUR;ENM016;Einnahmen der Hochschulen (ohne Trägermittel)
21371;Hochschulfinanzstatistik;JAHR;Jahr;2024;DLAND;Bundesländer;14;Sachsen;BILHA2;Hochschulart;HSLART05;Theologische Hochschulen;BILFG4;Fächergruppen;FACHGR-ZE-01;Zentr.Einrichtungen (o. klinikspez. Einrichtungen);-;Tsd. EUR;ENM016;Einnahmen der Hochschulen (ohne Trägermittel)
21371;Hochschulfinanzstatistik;JAHR;Jahr;2024;DLAND;Bundesländer;14;Sachsen;BILHA2;Hochschulart;;Insgesamt;BILFG4;Fächergruppen;FACHGR-MEDHUM;Humanmedizin/Gesundheitswissenschaften;1635371;Tsd. EUR;ENM016;Einnahmen der Hochschulen (ohne Trägermittel)
21371;Hochschulfinanzstatistik;JAHR;Jahr;2024;DLAND;Bundesländer;06;Hessen;BILHA2;Hochschulart;;Insgesamt;BILFG4;Fächergruppen;;Insgesamt;2949739;Tsd. EUR;ENM016;Einnahmen der Hochschulen (ohne Trägermittel)
21371;Hochschulfinanzstatistik;JAHR;Jahr;2024;DLAND;Bundesländer;12;Brandenburg;BILHA2;Hochschulart;HSLART03;Pädagogische Hochschulen;BILFG4;Fächergruppen;FACHGR-ZE-01;Zentr.Einrichtungen (o. klinikspez. Einrichtungen);-;Tsd. EUR;ENM016;Einnahmen der Hochschulen (ohne Trägermittel)
21371;Hochschulfinanzstatistik;JAHR;Jahr;2024;DLAND;Bundesländer;09;Bayern;BILHA2;Hochschulart;HSLART03;Pädagogische Hochschulen;BILFG4;Fächergruppen;FACHGR-MEDHUM;Humanmedizin/Gesundheitswissenschaften;-;Tsd. EUR;ENM016;Einnahmen der Hochschulen (ohne Trägermittel)
21371;Hochschulfinanzstatistik;JAHR;Jahr;2024;DLAND;Bundesländer;15;Sachsen-Anhalt;BILHA2;Hochschulart;HSLART05;Theologische Hochschulen;BILFG4;Fächergruppen;FACHGR-SKW;Geisteswissenschaften;69;Tsd. EUR;ENM016;Einnahmen der Hochschulen (ohne Trägermittel)
21371;Hochschulfinanzstatistik;JAHR;Jahr;2024;DLAND;Bundesländer;16;Thüringen;BILHA2;Hochschulart;HSLART05;Theologische Hochschulen;BILFG4;Fächergruppen;FACHGR-SKW;Geisteswissenschaften;-;Tsd. EUR;ENM016;Einnahmen der Hochschulen (ohne Trägermittel)
21371;Hochschulfinanzstatistik;JAHR;Jahr;2024;DLAND;Bundesländer;07;Rheinland-Pfalz;BILHA2;Hochschulart;HSLART06;Kunsthochschulen;BILFG4;Fächergruppen;FACHGR-KUNSTW;Kunst, Kunstwissenschaft;-;Tsd. EUR;ENM016;Einnahmen der Hochschulen (ohne Trägermittel)
21371;Hochschulfinanzstatistik;JAHR;Jahr;2024;DLAND;Bundesländer;13;Mecklenburg-Vorpommern;BILHA2;Hochschulart;;Insgesamt;BILFG4;Fächergruppen;FACHGR-ZE-01;Zentr.Einrichtungen (o. klinikspez. Einrichtungen);33289;Tsd. EUR;ENM016;Einnahmen der Hochschulen (ohne Trägermittel)
21371;Hochschulfinanzstatistik;JAHR;Jahr;2024;DLAND;Bundesländer;12;Brandenburg;BILHA2;Hochschulart;;Insgesamt;BILFG4;Fächergruppen;FACHGR-NATW;Mathematik, Naturwissenschaften;33027;Tsd. EUR;ENM016;Einnahmen der Hochschulen (ohne Trägermittel)
21371;Hochschulfinanzstatistik;JAHR;Jahr;2024;DLAND;Bundesländer;14;Sachsen;BILHA2;Hochschulart;HSLART06;Kunsthochschulen;BILFG4;Fächergruppen;FACHGR-ZE-01;Zentr.Einrichtungen (o. klinikspez. Einrichtungen);1079;Tsd. EUR;ENM016;Einnahmen der Hochschulen (ohne Trägermittel)
21371;Hochschulfinanzstatistik;JAHR;Jahr;2024;DLAND;Bundesländer;01;Schleswig-Holstein;BILHA2;Hochschulart;HSLART012;Medizinische Einrichtungen der Universitäten;BILFG4;Fächergruppen;FACHGR-ZE-01;Zentr.Einrichtungen (o. klinikspez. Einrichtungen);-;Tsd. EUR;ENM016;Einnahmen der Hochschulen (ohne Trägermittel)
21371;Hochschulfinanzstatistik;JAHR;Jahr;2024;DLAND;Bundesländer;04;Bremen;BILHA2;Hochschulart;HSLART05;Theologische Hochschulen;BILFG4;Fächergruppen;FACHGR-ZE-01;Zentr.Einrichtungen (o. klinikspez. Einrichtungen);-;Tsd. EUR;ENM016;Einnahmen der Hochschulen (ohne Trägermittel)
21371;Hochschulfinanzstatistik;JAHR;Jahr;2024;DLAND;Bundesländer;03;Niedersachsen;BILHA2;Hochschulart;HSLART06;Kunsthochschulen;BILFG4;Fächergruppen;FACHGR-SPR;Sport;-;Tsd. EUR;ENM016;Einnahmen der Hochschulen (ohne Trägermittel)
21371;Hochschulfinanzstatistik;JAHR;Jahr;2024;DLAND;Bundesländer;04;Bremen;BILHA2;Hochschulart;;Insgesamt;BILFG4;Fächergruppen;FACHGR-MEDHUM;Humanmedizin/Gesundheitswissenschaften;16739;Tsd. EUR;ENM016;Einnahmen der Hochschulen (ohne Trägermittel)
21371;Hochschulfinanzstatistik;JAHR;Jahr;2024;DLAND;Bundesländer;04;Bremen;BILHA2;Hochschulart;HSLART06;Kunsthochschulen;BILFG4;Fächergruppen;;Insgesamt;6575;Tsd. EUR;ENM016;Einnahmen der Hochschulen (ohne Trägermittel)
21371;Hochschulfinanzstatistik;JAHR;Jahr;2024;DLAND;Bundesländer;06;Hessen;BILHA2;Hochschulart;HSLART082;Verwaltungsfachhochschulen;BILFG4;Fächergruppen;FACHGR-SKW;Geisteswissenschaften;-;Tsd. EUR;ENM016;Einnahmen der Hochschulen (ohne Trägermittel)
21371;Hochschulfinanzstatistik;JAHR;Jahr;2024;DLAND;Bundesländer;05;Nordrhein-Westfalen;BILHA2;Hochschulart;HSLART011;Universitäten (ohne Medizinische Einrichtungen);BILFG4;Fächergruppen;FACHGR-KUNSTW;Kunst, Kunstwissenschaft;10824;Tsd. EUR;ENM016;Einnahmen der Hochschulen (ohne Trägermittel)
21371;Hochschulfinanzstatistik;JAHR;Jahr;2024;DLAND;Bundesländer;14;Sachsen;BILHA2;Hochschulart;HSLART082;Verwaltungsfachhochschulen;BILFG4;Fächergruppen;FACHGR-NATW;Mathematik, Naturwissenschaften;-;Tsd. EUR;ENM016;Einnahmen der Hochschulen (ohne Trägermittel)
21371;Hochschulfinanzstatistik;JAHR;Jahr;2024;DLAND;Bundesländer;05;Nordrhein-Westfalen;BILHA2;Hochschulart;HSLART06;Kunsthochschulen;BILFG4;Fächergruppen;FACHGR-ZE-01;Zentr.Einrichtungen (o. klinikspez. Einrichtungen);14059;Tsd. EUR;ENM016;Einnahmen der Hochschulen (ohne Trägermittel)
21371;Hochschulfinanzstatistik;JAHR;Jahr;2024;DLAND;Bundesländer;13;Mecklenburg-Vorpommern;BILHA2;Hochschulart;HSLART03;Pädagogische Hochschulen;BILFG4;Fächergruppen;;Insgesamt;-;Tsd. EUR;ENM016;Einnahmen der Hochschulen (ohne Trägermittel)
21371;Hochschulfinanzstatistik;JAHR;Jahr;2024;DLAND;Bundesländer;11;Berlin;BILHA2;Hochschulart;;Insgesamt;BILFG4;Fächergruppen;FACHGR-SKW;Geisteswissenschaften;76012;Tsd. EUR;ENM016;Einnahmen der Hochschulen (ohne Trägermittel)
21371;Hochschulfinanzstatistik;JAHR;Jahr;2024;DLAND;Bundesländer;12;Brandenburg;BILHA2;Hochschulart;HSLART03;Pädagogische Hochschulen;BILFG4;Fächergruppen;FACHGR-AGRVET;Agrar-, Forst- u.Ernährungswiss., Veterinärmedizin;-;Tsd. EUR;ENM016;Einnahmen der Hochschulen (ohne Trägermittel)
21371;Hochschulfinanzstatistik;JAHR;Jahr;2024;DLAND;Bundesländer;08;Baden-Württemberg;BILHA2;Hochschulart;HSLART082;Verwaltungsfachhochschulen;BILFG4;Fächergruppen;FACHGR-SKW;Geisteswissenschaften;-;Tsd. EUR;ENM016;Einnahmen der Hochschulen (ohne Trägermittel)
21371;Hochschulfinanzstatistik;JAHR;Jahr;2024;DLAND;Bundesländer;06;Hessen;BILHA2;Hochschulart;HSLART06;Kunsthochschulen;BILFG4;Fächergruppen;FACHGR-RWSW;Rechts-, Wirtschafts- und Sozialwissenschaften;-;Tsd. EUR;ENM016;Einnahmen der Hochschulen (ohne Trägermittel)
21371;Hochschulfinanzstatistik;JAHR;Jahr;2024;DLAND;Bundesländer;16;Thüringen;BILHA2;Hochschulart;HSLART05;Theologische Hochschulen;BILFG4;Fächergruppen;FACHGR-MEDHUM;Humanmedizin/Gesundheitswissenschaften;-;Tsd. EUR;ENM016;Einnahmen der Hochschulen (ohne Trägermittel)
21371;Hochschulfinanzstatistik;JAHR;Jahr;2024;DLAND;Bundesländer;04;Bremen;BILHA2;Hochschulart;HSLART012;Medizinische Einrichtungen der Universitäten;BILFG4;Fächergruppen;FACHGR-MEDHUM;Humanmedizin/Gesundheitswissenschaften;4288;Tsd. EUR;ENM016;Einnahmen der Hochschulen (ohne Trägermittel)
21371;Hochschulfinanzstatistik;JAHR;Jahr;2024;DLAND;Bundesländer;13;Mecklenburg-Vorpommern;BILHA2;Hochschulart;;Insgesamt;BILFG4;Fächergruppen;FACHGR-NATW;Mathematik, Naturwissenschaften;37236;Tsd. EUR;ENM016;Einnahmen der Hochschulen (ohne Trägermittel)
21371;Hochschulfinanzstatistik;JAHR;Jahr;2024;DLAND;Bundesländer;04;Bremen;BILHA2;Hochschulart;HSLART06;Kunsthochschulen;BILFG4;Fächergruppen;FACHGR-SPR;Sport;-;Tsd. EUR;ENM016;Einnahmen der Hochschulen (ohne Trägermittel)
21371;Hochschulfinanzstatistik;JAHR;Jahr;2024;DLAND;Bundesländer;08;Baden-Württemberg;BILHA2;Hochschulart;;Insgesamt;BILFG4;Fächergruppen;FACHGR-SPR;Sport;8771;Tsd. EUR;ENM016;Einnahmen der Hochschulen (ohne Trägermittel)
21371;Hochschulfinanzstatistik;JAHR;Jahr;2024;DLAND;Bundesländer;13;Mecklenburg-Vorpommern;BILHA2;Hochschulart;HSLART011;Universitäten (ohne Medizinische Einrichtungen);BILFG4;Fächergruppen;FACHGR-INGW;Ingenieurwissenschaften;19856;Tsd. EUR;ENM016;Einnahmen der Hochschulen (ohne Trägermittel)
21371;Hochschulfinanzstatistik;JAHR;Jahr;2024;DLAND;Bundesländer;16;Thüringen;BILHA2;Hochschulart;HSLART06;Kunsthochschulen;BILFG4;Fächergruppen;FACHGR-SKW;Geisteswissenschaften;-;Tsd. EUR;ENM016;Einnahmen der Hochschulen (ohne Trägermittel)
21371;Hochschulfinanzstatistik;JAHR;Jahr;2024;DLAND;Bundesländer;06;Hessen;BILHA2;Hochschulart;HSLART03;Pädagogische Hochschulen;BILFG4;Fächergruppen;;Insgesamt;-;Tsd. EUR;ENM016;Einnahmen der Hochschulen (ohne Trägermittel)
21371;Hochschulfinanzstatistik;JAHR;Jahr;2024;DLAND;Bundesländer;06;Hessen;BILHA2;Hochschulart;HSLART082;Verwaltungsfachhochschulen;BILFG4;Fächergruppen;FACHGR-KUNSTW;Kunst, Kunstwissenschaft;-;Tsd. EUR;ENM016;Einnahmen der Hochschulen (ohne Trägermittel)
21371;Hochschulfinanzstatistik;JAHR;Jahr;2024;DLAND;Bundesländer;12;Brandenburg;BILHA2;Hochschulart;HSLART011;Universitäten (ohne Medizinische Einrichtungen);BILFG4;Fächergruppen;FACHGR-AGRVET;Agrar-, Forst- u.Ernährungswiss., Veterinärmedizin;765;Tsd. EUR;ENM016;Einnahmen der Hochschulen (ohne Trägermittel)
21371;Hochschulfinanzstatistik;JAHR;Jahr;2024;DLAND;Bundesländer;02;Hamburg;BILHA2;Hochschulart;HSLART082;Verwaltungsfachhochschulen;BILFG4;Fächergruppen;FACHGR-SKW;Geisteswissenschaften;-;Tsd. EUR;ENM016;Einnahmen der Hochschulen (ohne Trägermittel)
21371;Hochschulfinanzstatistik;JAHR;Jahr;2024;DLAND;Bundesländer;15;Sachsen-Anhalt;BILHA2;Hochschulart;HSLART05;Theologische Hochschulen;BILFG4;Fächergruppen;FACHGR-MEDHUM;Humanmedizin/Gesundheitswissenschaften;-;Tsd. EUR;ENM016;Einnahmen der Hochschulen (ohne Trägermittel)
21371;Hochschulfinanzstatistik;JAHR;Jahr;2024;DLAND;Bundesländer;10;Saarland;BILHA2;Hochschulart;HSLART082;Verwaltungsfachhochschulen;BILFG4;Fächergruppen;FACHGR-AGRVET;Agrar-, Forst- u.Ernährungswiss., Veterinärmedizin;-;Tsd. EUR;ENM016;Einnahmen der Hochschulen (ohne Trägermittel)
21371;Hochschulfinanzstatistik;JAHR;Jahr;2024;DLAND;Bundesländer;13;Mecklenburg-Vorpommern;BILHA2;Hochschulart;HSLART03;Pädagogische Hochschulen;BILFG4;Fächergruppen;FACHGR-AGRVET;Agrar-, Forst- u.Ernährungswiss., Veterinärmedizin;-;Tsd. EUR;ENM016;Einnahmen der Hochschulen (ohne Trägermittel)
21371;Hochschulfinanzstatistik;JAHR;Jahr;2024;DLAND;Bundesländer;06;Hessen;BILHA2;Hochschulart;;Insgesamt;BILFG4;Fächergruppen;FACHGR-INGW;Ingenieurwissenschaften;193494;Tsd. EUR;ENM016;Einnahmen der Hochschulen (ohne Trägermittel)
21371;Hochschulfinanzstatistik;JAHR;Jahr;2024;DLAND;Bundesländer;11;Berlin;BILHA2;Hochschulart;HSLART08;Fachhochschulen;BILFG4;Fächergruppen;FACHGR-INGW;Ingenieurwissenschaften;21882;Tsd. EUR;ENM016;Einnahmen der Hochschulen (ohne Trägermittel)
21371;Hochschulfinanzstatistik;JAHR;Jahr;2024;DLAND;Bundesländer;13;Mecklenburg-Vorpommern;BILHA2;Hochschulart;HSLART082;Verwaltungsfachhochschulen;BILFG4;Fächergruppen;FACHGR-SPR;Sport;-;Tsd. EUR;ENM016;Einnahmen der Hochschulen (ohne Trägermittel)
21371;Hochschulfinanzstatistik;JAHR;Jahr;2024;DLAND;Bundesländer;15;Sachsen-Anhalt;BILHA2;Hochschulart;HSLART06;Kunsthochschulen;BILFG4;Fächergruppen;FACHGR-ZE-01;Zentr.Einrichtungen (o. klinikspez. Einrichtungen);1037;Tsd. EUR;ENM016;Einnahmen der Hochschulen (ohne Trägermittel)
21371;Hochschulfinanzstatistik;JAHR;Jahr;2024;DLAND;Bundesländer;13;Mecklenburg-Vorpommern;BILHA2;Hochschulart;HSLART03;Pädagogische Hochschulen;BILFG4;Fächergruppen;FACHGR-ZE-01;Zentr.Einrichtungen (o. klinikspez. Einrichtungen);-;Tsd. EUR;ENM016;Einnahmen der Hochschulen (ohne Trägermittel)
21371;Hochschulfinanzstatistik;JAHR;Jahr;2024;DLAND;Bundesländer;14;Sachsen;BILHA2;Hochschulart;HSLART05;Theologische Hochschulen;BILFG4;Fächergruppen;FACHGR-MEDHUM;Humanmedizin/Gesundheitswissenschaften;-;Tsd. EUR;ENM016;Einnahmen der Hochschulen (ohne Trägermittel)
21371;Hochschulfinanzstatistik;JAHR;Jahr;2024;DLAND;Bundesländer;03;Niedersachsen;BILHA2;Hochschulart;HSLART011;Universitäten (ohne Medizinische Einrichtungen);BILFG4;Fächergruppen;FACHGR-INGW;Ingenieurwissenschaften;227304;Tsd. EUR;ENM016;Einnahmen der Hochschulen (ohne Trägermittel)
21371;Hochschulfinanzstatistik;JAHR;Jahr;2024;DLAND;Bundesländer;07;Rheinland-Pfalz;BILHA2;Hochschulart;HSLART05;Theologische Hochschulen;BILFG4;Fächergruppen;FACHGR-NATW;Mathematik, Naturwissenschaften;-;Tsd. EUR;ENM016;Einnahmen der Hochschulen (ohne Trägermittel)
21371;Hochschulfinanzstatistik;JAHR;Jahr;2024;DLAND;Bundesländer;02;Hamburg;BILHA2;Hochschulart;HSLART08;Fachhochschulen;BILFG4;Fächergruppen;FACHGR-MEDHUM;Humanmedizin/Gesundheitswissenschaften;51288;Tsd. EUR;ENM016;Einnahmen der Hochschulen (ohne Trägermittel)
21371;Hochschulfinanzstatistik;JAHR;Jahr;2024;DLAND;Bundesländer;08;Baden-Württemberg;BILHA2;Hochschulart;HSLART082;Verwaltungsfachhochschulen;BILFG4;Fächergruppen;FACHGR-MEDHUM;Humanmedizin/Gesundheitswissenschaften;-;Tsd. EUR;ENM016;Einnahmen der Hochschulen (ohne Trägermittel)
21371;Hochschulfinanzstatistik;JAHR;Jahr;2024;DLAND;Bundesländer;13;Mecklenburg-Vorpommern;BILHA2;Hochschulart;HSLART082;Verwaltungsfachhochschulen;BILFG4;Fächergruppen;FACHGR-NATW;Mathematik, Naturwissenschaften;-;Tsd. EUR;ENM016;Einnahmen der Hochschulen (ohne Trägermittel)
21371;Hochschulfinanzstatistik;JAHR;Jahr;2024;DLAND;Bundesländer;01;Schleswig-Holstein;BILHA2;Hochschulart;HSLART08;Fachhochschulen;BILFG4;Fächergruppen;FACHGR-MEDHUM;Humanmedizin/Gesundheitswissenschaften;0;Tsd. EUR;ENM016;Einnahmen der Hochschulen (ohne Trägermittel)
21371;Hochschulfinanzstatistik;JAHR;Jahr;2024;DLAND;Bundesländer;14;Sachsen;BILHA2;Hochschulart;HSLART03;Pädagogische Hochschulen;BILFG4;Fächergruppen;FACHGR-AGRVET;Agrar-, Forst- u.Ernährungswiss., Veterinärmedizin;-;Tsd. EUR;ENM016;Einnahmen der Hochschulen (ohne Trägermittel)
21371;Hochschulfinanzstatistik;JAHR;Jahr;2024;DLAND;Bundesländer;08;Baden-Württemberg;BILHA2;Hochschulart;HSLART012;Medizinische Einrichtungen der Universitäten;BILFG4;Fächergruppen;FACHGR-AGRVET;Agrar-, Forst- u.Ernährungswiss., Veterinärmedizin;-;Tsd. EUR;ENM016;Einnahmen der Hochschulen (ohne Trägermittel)
21371;Hochschulfinanzstatistik;JAHR;Jahr;2024;DLAND;Bundesländer;13;Mecklenburg-Vorpommern;BILHA2;Hochschulart;HSLART05;Theologische Hochschulen;BILFG4;Fächergruppen;FACHGR-NATW;Mathematik, Naturwissenschaften;-;Tsd. EUR;ENM016;Einnahmen der Hochschulen (ohne Trägermittel)
21371;Hochschulfinanzstatistik;JAHR;Jahr;2024;DLAND;Bundesländer;01;Schleswig-Holstein;BILHA2;Hochschulart;HSLART05;Theologische Hochschulen;BILFG4;Fächergruppen;FACHGR-KUNSTW;Kunst, Kunstwissenschaft;-;Tsd. EUR;ENM016;Einnahmen der Hochschulen (ohne Trägermittel)
21371;Hochschulfinanzstatistik;JAHR;Jahr;2024;DLAND;Bundesländer;03;Niedersachsen;BILHA2;Hochschulart;HSLART06;Kunsthochschulen;BILFG4;Fächergruppen;FACHGR-KUNSTW;Kunst, Kunstwissenschaft;1714;Tsd. EUR;ENM016;Einnahmen der Hochschulen (ohne Trägermittel)
21371;Hochschulfinanzstatistik;JAHR;Jahr;2024;DLAND;Bundesländer;10;Saarland;BILHA2;Hochschulart;HSLART05;Theologische Hochschulen;BILFG4;Fächergruppen;FACHGR-INGW;Ingenieurwissenschaften;-;Tsd. EUR;ENM016;Einnahmen der Hochschulen (ohne Trägermittel)
21371;Hochschulfinanzstatistik;JAHR;Jahr;2024;DLAND;Bundesländer;14;Sachsen;BILHA2;Hochschulart;HSLART012;Medizinische Einrichtungen der Universitäten;BILFG4;Fächergruppen;FACHGR-KUNSTW;Kunst, Kunstwissenschaft;-;Tsd. EUR;ENM016;Einnahmen der Hochschulen (ohne Trägermittel)
21371;Hochschulfinanzstatistik;JAHR;Jahr;2024;DLAND;Bundesländer;15;Sachsen-Anhalt;BILHA2;Hochschulart;HSLART08;Fachhochschulen;BILFG4;Fächergruppen;FACHGR-ZE-01;Zentr.Einrichtungen (o. klinikspez. Einrichtungen);20539;Tsd. EUR;ENM016;Einnahmen der Hochschulen (ohne Trägermittel)
21371;Hochschulfinanzstatistik;JAHR;Jahr;2024;DLAND;Bundesländer;14;Sachsen;BILHA2;Hochschulart;HSLART08;Fachhochschulen;BILFG4;Fächergruppen;FACHGR-NATW;Mathematik, Naturwissenschaften;8085;Tsd. EUR;ENM016;Einnahmen der Hochschulen (ohne Trägermittel)
21371;Hochschulfinanzstatistik;JAHR;Jahr;2024;DLAND;Bundesländer;10;Saarland;BILHA2;Hochschulart;HSLART05;Theologische Hochschulen;BILFG4;Fächergruppen;FACHGR-SKW;Geisteswissenschaften;-;Tsd. EUR;ENM016;Einnahmen der Hochschulen (ohne Trägermittel)
21371;Hochschulfinanzstatistik;JAHR;Jahr;2024;DLAND;Bundesländer;09;Bayern;BILHA2;Hochschulart;HSLART012;Medizinische Einrichtungen der Universitäten;BILFG4;Fächergruppen;FACHGR-KUNSTW;Kunst, Kunstwissenschaft;-;Tsd. EUR;ENM016;Einnahmen der Hochschulen (ohne Trägermittel)
21371;Hochschulfinanzstatistik;JAHR;Jahr;2024;DLAND;Bundesländer;06;Hessen;BILHA2;Hochschulart;HSLART06;Kunsthochschulen;BILFG4;Fächergruppen;FACHGR-SPR;Sport;-;Tsd. EUR;ENM016;Einnahmen der Hochschulen (ohne Trägermittel)
21371;Hochschulfinanzstatistik;JAHR;Jahr;2024;DLAND;Bundesländer;06;Hessen;BILHA2;Hochschulart;HSLART05;Theologische Hochschulen;BILFG4;Fächergruppen;;Insgesamt;5444;Tsd. EUR;ENM016;Einnahmen der Hochschulen (ohne Trägermittel)
21371;Hochschulfinanzstatistik;JAHR;Jahr;2024;DLAND;Bundesländer;04;Bremen;BILHA2;Hochschulart;HSLART011;Universitäten (ohne Medizinische Einrichtungen);BILFG4;Fächergruppen;;Insgesamt;220242;Tsd. EUR;ENM016;Einnahmen der Hochschulen (ohne Trägermittel)
21371;Hochschulfinanzstatistik;JAHR;Jahr;2024;DLAND;Bundesländer;08;Baden-Württemberg;BILHA2;Hochschulart;HSLART012;Medizinische Einrichtungen der Universitäten;BILFG4;Fächergruppen;FACHGR-SKW;Geisteswissenschaften;-;Tsd. EUR;ENM016;Einnahmen der Hochschulen (ohne Trägermittel)
21371;Hochschulfinanzstatistik;JAHR;Jahr;2024;DLAND;Bundesländer;12;Brandenburg;BILHA2;Hochschulart;HSLART082;Verwaltungsfachhochschulen;BILFG4;Fächergruppen;FACHGR-SKW;Geisteswissenschaften;-;Tsd. EUR;ENM016;Einnahmen der Hochschulen (ohne Trägermittel)
21371;Hochschulfinanzstatistik;JAHR;Jahr;2024;DLAND;Bundesländer;15;Sachsen-Anhalt;BILHA2;Hochschulart;;Insgesamt;BILFG4;Fächergruppen;FACHGR-NATW;Mathematik, Naturwissenschaften;19523;Tsd. EUR;ENM016;Einnahmen der Hochschulen (ohne Trägermittel)
21371;Hochschulfinanzstatistik;JAHR;Jahr;2024;DLAND;Bundesländer;05;Nordrhein-Westfalen;BILHA2;Hochschulart;HSLART012;Medizinische Einrichtungen der Universitäten;BILFG4;Fächergruppen;FACHGR-ZE-01;Zentr.Einrichtungen (o. klinikspez. Einrichtungen);-;Tsd. EUR;ENM016;Einnahmen der Hochschulen (ohne Trägermittel)
21371;Hochschulfinanzstatistik;JAHR;Jahr;2024;DLAND;Bundesländer;05;Nordrhein-Westfalen;BILHA2;Hochschulart;HSLART082;Verwaltungsfachhochschulen;BILFG4;Fächergruppen;FACHGR-AGRVET;Agrar-, Forst- u.Ernährungswiss., Veterinärmedizin;-;Tsd. EUR;ENM016;Einnahmen der Hochschulen (ohne Trägermittel)
21371;Hochschulfinanzstatistik;JAHR;Jahr;2024;DLAND;Bundesländer;13;Mecklenburg-Vorpommern;BILHA2;Hochschulart;HSLART012;Medizinische Einrichtungen der Universitäten;BILFG4;Fächergruppen;FACHGR-AGRVET;Agrar-, Forst- u.Ernährungswiss., Veterinärmedizin;-;Tsd. EUR;ENM016;Einnahmen der Hochschulen (ohne Trägermittel)
21371;Hochschulfinanzstatistik;JAHR;Jahr;2024;DLAND;Bundesländer;14;Sachsen;BILHA2;Hochschulart;HSLART011;Universitäten (ohne Medizinische Einrichtungen);BILFG4;Fächergruppen;FACHGR-INGW;Ingenieurwissenschaften;299889;Tsd. EUR;ENM016;Einnahmen der Hochschulen (ohne Trägermittel)
21371;Hochschulfinanzstatistik;JAHR;Jahr;2024;DLAND;Bundesländer;02;Hamburg;BILHA2;Hochschulart;HSLART05;Theologische Hochschulen;BILFG4;Fächergruppen;FACHGR-KUNSTW;Kunst, Kunstwissenschaft;-;Tsd. EUR;ENM016;Einnahmen der Hochschulen (ohne Trägermittel)
21371;Hochschulfinanzstatistik;JAHR;Jahr;2024;DLAND;Bundesländer;03;Niedersachsen;BILHA2;Hochschulart;HSLART011;Universitäten (ohne Medizinische Einrichtungen);BILFG4;Fächergruppen;FACHGR-MEDHUM;Humanmedizin/Gesundheitswissenschaften;-;Tsd. EUR;ENM016;Einnahmen der Hochschulen (ohne Trägermittel)
21371;Hochschulfinanzstatistik;JAHR;Jahr;2024;DLAND;Bundesländer;14;Sachsen;BILHA2;Hochschulart;HSLART012;Medizinische Einrichtungen der Universitäten;BILFG4;Fächergruppen;FACHGR-RWSW;Rechts-, Wirtschafts- und Sozialwissenschaften;-;Tsd. EUR;ENM016;Einnahmen der Hochschulen (ohne Trägermittel)
21371;Hochschulfinanzstatistik;JAHR;Jahr;2024;DLAND;Bundesländer;10;Saarland;BILHA2;Hochschulart;;Insgesamt;BILFG4;Fächergruppen;;Insgesamt;744605;Tsd. EUR;ENM016;Einnahmen der Hochschulen (ohne Trägermittel)
21371;Hochschulfinanzstatistik;JAHR;Jahr;2024;DLAND;Bundesländer;05;Nordrhein-Westfalen;BILHA2;Hochschulart;;Insgesamt;BILFG4;Fächergruppen;FACHGR-ZE-01;Zentr.Einrichtungen (o. klinikspez. Einrichtungen);860561;Tsd. EUR;ENM016;Einnahmen der Hochschulen (ohne Trägermittel)
21371;Hochschulfinanzstatistik;JAHR;Jahr;2024;DLAND;Bundesländer;06;Hessen;BILHA2;Hochschulart;HSLART012;Medizinische Einrichtungen der Universitäten;BILFG4;Fächergruppen;FACHGR-RWSW;Rechts-, Wirtschafts- und Sozialwissenschaften;-;Tsd. EUR;ENM016;Einnahmen der Hochschulen (ohne Trägermittel)
21371;Hochschulfinanzstatistik;JAHR;Jahr;2024;DLAND;Bundesländer;08;Baden-Württemberg;BILHA2;Hochschulart;;Insgesamt;BILFG4;Fächergruppen;FACHGR-KUNSTW;Kunst, Kunstwissenschaft;30352;Tsd. EUR;ENM016;Einnahmen der Hochschulen (ohne Trägermittel)
21371;Hochschulfinanzstatistik;JAHR;Jahr;2024;DLAND;Bundesländer;07;Rheinland-Pfalz;BILHA2;Hochschulart;HSLART08;Fachhochschulen;BILFG4;Fächergruppen;FACHGR-ZE-01;Zentr.Einrichtungen (o. klinikspez. Einrichtungen);21741;Tsd. EUR;ENM016;Einnahmen der Hochschulen (ohne Trägermittel)
21371;Hochschulfinanzstatistik;JAHR;Jahr;2024;DLAND;Bundesländer;13;Mecklenburg-Vorpommern;BILHA2;Hochschulart;HSLART082;Verwaltungsfachhochschulen;BILFG4;Fächergruppen;FACHGR-ZE-01;Zentr.Einrichtungen (o. klinikspez. Einrichtungen);610;Tsd. EUR;ENM016;Einnahmen der Hochschulen (ohne Trägermittel)
21371;Hochschulfinanzstatistik;JAHR;Jahr;2024;DLAND;Bundesländer;02;Hamburg;BILHA2;Hochschulart;HSLART05;Theologische Hochschulen;BILFG4;Fächergruppen;;Insgesamt;-;Tsd. EUR;ENM016;Einnahmen der Hochschulen (ohne Trägermittel)
21371;Hochschulfinanzstatistik;JAHR;Jahr;2024;DLAND;Bundesländer;12;Brandenburg;BILHA2;Hochschulart;HSLART012;Medizinische Einrichtungen der Universitäten;BILFG4;Fächergruppen;FACHGR-MEDHUM;Humanmedizin/Gesundheitswissenschaften;186157;Tsd. EUR;ENM016;Einnahmen der Hochschulen (ohne Trägermittel)
21371;Hochschulfinanzstatistik;JAHR;Jahr;2024;DLAND;Bundesländer;04;Bremen;BILHA2;Hochschulart;HSLART011;Universitäten (ohne Medizinische Einrichtungen);BILFG4;Fächergruppen;FACHGR-INGW;Ingenieurwissenschaften;50341;Tsd. EUR;ENM016;Einnahmen der Hochschulen (ohne Trägermittel)
21371;Hochschulfinanzstatistik;JAHR;Jahr;2024;DLAND;Bundesländer;07;Rheinland-Pfalz;BILHA2;Hochschulart;;Insgesamt;BILFG4;Fächergruppen;FACHGR-AGRVET;Agrar-, Forst- u.Ernährungswiss., Veterinärmedizin;564;Tsd. EUR;ENM016;Einnahmen der Hochschulen (ohne Trägermittel)
21371;Hochschulfinanzstatistik;JAHR;Jahr;2024;DLAND;Bundesländer;08;Baden-Württemberg;BILHA2;Hochschulart;HSLART08;Fachhochschulen;BILFG4;Fächergruppen;FACHGR-AGRVET;Agrar-, Forst- u.Ernährungswiss., Veterinärmedizin;4162;Tsd. EUR;ENM016;Einnahmen der Hochschulen (ohne Trägermittel)
21371;Hochschulfinanzstatistik;JAHR;Jahr;2024;DLAND;Bundesländer;08;Baden-Württemberg;BILHA2;Hochschulart;;Insgesamt;BILFG4;Fächergruppen;FACHGR-INGW;Ingenieurwissenschaften;485678;Tsd. EUR;ENM016;Einnahmen der Hochschulen (ohne Trägermittel)
21371;Hochschulfinanzstatistik;JAHR;Jahr;2024;DLAND;Bundesländer;09;Bayern;BILHA2;Hochschulart;;Insgesamt;BILFG4;Fächergruppen;FACHGR-ZE-01;Zentr.Einrichtungen (o. klinikspez. Einrichtungen);371867;Tsd. EUR;ENM016;Einnahmen der Hochschulen (ohne Trägermittel)
21371;Hochschulfinanzstatistik;JAHR;Jahr;2024;DLAND;Bundesländer;15;Sachsen-Anhalt;BILHA2;Hochschulart;HSLART082;Verwaltungsfachhochschulen;BILFG4;Fächergruppen;FACHGR-SPR;Sport;-;Tsd. EUR;ENM016;Einnahmen der Hochschulen (ohne Trägermittel)
21371;Hochschulfinanzstatistik;JAHR;Jahr;2024;DLAND;Bundesländer;01;Schleswig-Holstein;BILHA2;Hochschulart;HSLART012;Medizinische Einrichtungen der Universitäten;BILFG4;Fächergruppen;FACHGR-INGW;Ingenieurwissenschaften;-;Tsd. EUR;ENM016;Einnahmen der Hochschulen (ohne Trägermittel)
21371;Hochschulfinanzstatistik;JAHR;Jahr;2024;DLAND;Bundesländer;07;Rheinland-Pfalz;BILHA2;Hochschulart;HSLART012;Medizinische Einrichtungen der Universitäten;BILFG4;Fächergruppen;FACHGR-MEDHUM;Humanmedizin/Gesundheitswissenschaften;910085;Tsd. EUR;ENM016;Einnahmen der Hochschulen (ohne Trägermittel)
21371;Hochschulfinanzstatistik;JAHR;Jahr;2024;DLAND;Bundesländer;09;Bayern;BILHA2;Hochschulart;HSLART03;Pädagogische Hochschulen;BILFG4;Fächergruppen;FACHGR-RWSW;Rechts-, Wirtschafts- und Sozialwissenschaften;-;Tsd. EUR;ENM016;Einnahmen der Hochschulen (ohne Trägermittel)
21371;Hochschulfinanzstatistik;JAHR;Jahr;2024;DLAND;Bundesländer;12;Brandenburg;BILHA2;Hochschulart;HSLART082;Verwaltungsfachhochschulen;BILFG4;Fächergruppen;FACHGR-ZE-01;Zentr.Einrichtungen (o. klinikspez. Einrichtungen);0;Tsd. EUR;ENM016;Einnahmen der Hochschulen (ohne Trägermittel)
21371;Hochschulfinanzstatistik;JAHR;Jahr;2024;DLAND;Bundesländer;16;Thüringen;BILHA2;Hochschulart;HSLART011;Universitäten (ohne Medizinische Einrichtungen);BILFG4;Fächergruppen;FACHGR-SKW;Geisteswissenschaften;13028;Tsd. EUR;ENM016;Einnahmen der Hochschulen (ohne Trägermittel)
21371;Hochschulfinanzstatistik;JAHR;Jahr;2024;DLAND;Bundesländer;11;Berlin;BILHA2;Hochschulart;HSLART082;Verwaltungsfachhochschulen;BILFG4;Fächergruppen;FACHGR-KUNSTW;Kunst, Kunstwissenschaft;-;Tsd. EUR;ENM016;Einnahmen der Hochschulen (ohne Trägermittel)
21371;Hochschulfinanzstatistik;JAHR;Jahr;2024;DLAND;Bundesländer;15;Sachsen-Anhalt;BILHA2;Hochschulart;HSLART011;Universitäten (ohne Medizinische Einrichtungen);BILFG4;Fächergruppen;;Insgesamt;112722;Tsd. EUR;ENM016;Einnahmen der Hochschulen (ohne Trägermittel)
21371;Hochschulfinanzstatistik;JAHR;Jahr;2024;DLAND;Bundesländer;02;Hamburg;BILHA2;Hochschulart;HSLART05;Theologische Hochschulen;BILFG4;Fächergruppen;FACHGR-SPR;Sport;-;Tsd. EUR;ENM016;Einnahmen der Hochschulen (ohne Trägermittel)
21371;Hochschulfinanzstatistik;JAHR;Jahr;2024;DLAND;Bundesländer;10;Saarland;BILHA2;Hochschulart;HSLART011;Universitäten (ohne Medizinische Einrichtungen);BILFG4;Fächergruppen;;Insgesamt;82191;Tsd. EUR;ENM016;Einnahmen der Hochschulen (ohne Trägermittel)
21371;Hochschulfinanzstatistik;JAHR;Jahr;2024;DLAND;Bundesländer;16;Thüringen;BILHA2;Hochschulart;HSLART08;Fachhochschulen;BILFG4;Fächergruppen;FACHGR-NATW;Mathematik, Naturwissenschaften;11;Tsd. EUR;ENM016;Einnahmen der Hochschulen (ohne Trägermittel)
21371;Hochschulfinanzstatistik;JAHR;Jahr;2024;DLAND;Bundesländer;15;Sachsen-Anhalt;BILHA2;Hochschulart;HSLART05;Theologische Hochschulen;BILFG4;Fächergruppen;FACHGR-NATW;Mathematik, Naturwissenschaften;-;Tsd. EUR;ENM016;Einnahmen der Hochschulen (ohne Trägermittel)
21371;Hochschulfinanzstatistik;JAHR;Jahr;2024;DLAND;Bundesländer;14;Sachsen;BILHA2;Hochschulart;HSLART082;Verwaltungsfachhochschulen;BILFG4;Fächergruppen;FACHGR-SKW;Geisteswissenschaften;-;Tsd. EUR;ENM016;Einnahmen der Hochschulen (ohne Trägermittel)
21371;Hochschulfinanzstatistik;JAHR;Jahr;2024;DLAND;Bundesländer;13;Mecklenburg-Vorpommern;BILHA2;Hochschulart;HSLART011;Universitäten (ohne Medizinische Einrichtungen);BILFG4;Fächergruppen;FACHGR-KUNSTW;Kunst, Kunstwissenschaft;615;Tsd. EUR;ENM016;Einnahmen der Hochschulen (ohne Trägermittel)
21371;Hochschulfinanzstatistik;JAHR;Jahr;2024;DLAND;Bundesländer;02;Hamburg;BILHA2;Hochschulart;HSLART03;Pädagogische Hochschulen;BILFG4;Fächergruppen;;Insgesamt;-;Tsd. EUR;ENM016;Einnahmen der Hochschulen (ohne Trägermittel)
21371;Hochschulfinanzstatistik;JAHR;Jahr;2024;DLAND;Bundesländer;06;Hessen;BILHA2;Hochschulart;HSLART012;Medizinische Einrichtungen der Universitäten;BILFG4;Fächergruppen;FACHGR-ZE-01;Zentr.Einrichtungen (o. klinikspez. Einrichtungen);-;Tsd. EUR;ENM016;Einnahmen der Hochschulen (ohne Trägermittel)
21371;Hochschulfinanzstatistik;JAHR;Jahr;2024;DLAND;Bundesländer;15;Sachsen-Anhalt;BILHA2;Hochschulart;;Insgesamt;BILFG4;Fächergruppen;FACHGR-AGRVET;Agrar-, Forst- u.Ernährungswiss., Veterinärmedizin;9329;Tsd. EUR;ENM016;Einnahmen der Hochschulen (ohne Trägermittel)
21371;Hochschulfinanzstatistik;JAHR;Jahr;2024;DLAND;Bundesländer;07;Rheinland-Pfalz;BILHA2;Hochschulart;HSLART011;Universitäten (ohne Medizinische Einrichtungen);BILFG4;Fächergruppen;FACHGR-AGRVET;Agrar-, Forst- u.Ernährungswiss., Veterinärmedizin;-;Tsd. EUR;ENM016;Einnahmen der Hochschulen (ohne Trägermittel)
21371;Hochschulfinanzstatistik;JAHR;Jahr;2024;DLAND;Bundesländer;09;Bayern;BILHA2;Hochschulart;HSLART012;Medizinische Einrichtungen der Universitäten;BILFG4;Fächergruppen;FACHGR-NATW;Mathematik, Naturwissenschaften;-;Tsd. EUR;ENM016;Einnahmen der Hochschulen (ohne Trägermittel)
21371;Hochschulfinanzstatistik;JAHR;Jahr;2024;DLAND;Bundesländer;12;Brandenburg;BILHA2;Hochschulart;HSLART05;Theologische Hochschulen;BILFG4;Fächergruppen;FACHGR-SKW;Geisteswissenschaften;-;Tsd. EUR;ENM016;Einnahmen der Hochschulen (ohne Trägermittel)
21371;Hochschulfinanzstatistik;JAHR;Jahr;2024;DLAND;Bundesländer;07;Rheinland-Pfalz;BILHA2;Hochschulart;;Insgesamt;BILFG4;Fächergruppen;FACHGR-ZE-01;Zentr.Einrichtungen (o. klinikspez. Einrichtungen);91346;Tsd. EUR;ENM016;Einnahmen der Hochschulen (ohne Trägermittel)
21371;Hochschulfinanzstatistik;JAHR;Jahr;2024;DLAND;Bundesländer;03;Niedersachsen;BILHA2;Hochschulart;HSLART082;Verwaltungsfachhochschulen;BILFG4;Fächergruppen;FACHGR-NATW;Mathematik, Naturwissenschaften;-;Tsd. EUR;ENM016;Einnahmen der Hochschulen (ohne Trägermittel)
21371;Hochschulfinanzstatistik;JAHR;Jahr;2024;DLAND;Bundesländer;08;Baden-Württemberg;BILHA2;Hochschulart;HSLART06;Kunsthochschulen;BILFG4;Fächergruppen;FACHGR-SPR;Sport;-;Tsd. EUR;ENM016;Einnahmen der Hochschulen (ohne Trägermittel)
21371;Hochschulfinanzstatistik;JAHR;Jahr;2024;DLAND;Bundesländer;16;Thüringen;BILHA2;Hochschulart;HSLART08;Fachhochschulen;BILFG4;Fächergruppen;FACHGR-ZE-01;Zentr.Einrichtungen (o. klinikspez. Einrichtungen);10473;Tsd. EUR;ENM016;Einnahmen der Hochschulen (ohne Trägermittel)
21371;Hochschulfinanzstatistik;JAHR;Jahr;2024;DLAND;Bundesländer;02;Hamburg;BILHA2;Hochschulart;HSLART06;Kunsthochschulen;BILFG4;Fächergruppen;FACHGR-KUNSTW;Kunst, Kunstwissenschaft;3044;Tsd. EUR;ENM016;Einnahmen der Hochschulen (ohne Trägermittel)
21371;Hochschulfinanzstatistik;JAHR;Jahr;2024;DLAND;Bundesländer;08;Baden-Württemberg;BILHA2;Hochschulart;HSLART011;Universitäten (ohne Medizinische Einrichtungen);BILFG4;Fächergruppen;FACHGR-KUNSTW;Kunst, Kunstwissenschaft;2171;Tsd. EUR;ENM016;Einnahmen der Hochschulen (ohne Trägermittel)
21371;Hochschulfinanzstatistik;JAHR;Jahr;2024;DLAND;Bundesländer;03;Niedersachsen;BILHA2;Hochschulart;;Insgesamt;BILFG4;Fächergruppen;FACHGR-SPR;Sport;974;Tsd. EUR;ENM016;Einnahmen der Hochschulen (ohne Trägermittel)
21371;Hochschulfinanzstatistik;JAHR;Jahr;2024;DLAND;Bundesländer;08;Baden-Württemberg;BILHA2;Hochschulart;HSLART06;Kunsthochschulen;BILFG4;Fächergruppen;FACHGR-KUNSTW;Kunst, Kunstwissenschaft;6192;Tsd. EUR;ENM016;Einnahmen der Hochschulen (ohne Trägermittel)
21371;Hochschulfinanzstatistik;JAHR;Jahr;2024;DLAND;Bundesländer;10;Saarland;BILHA2;Hochschulart;HSLART012;Medizinische Einrichtungen der Universitäten;BILFG4;Fächergruppen;FACHGR-NATW;Mathematik, Naturwissenschaften;-;Tsd. EUR;ENM016;Einnahmen der Hochschulen (ohne Trägermittel)
21371;Hochschulfinanzstatistik;JAHR;Jahr;2024;DLAND;Bundesländer;15;Sachsen-Anhalt;BILHA2;Hochschulart;HSLART05;Theologische Hochschulen;BILFG4;Fächergruppen;FACHGR-ZE-01;Zentr.Einrichtungen (o. klinikspez. Einrichtungen);1728;Tsd. EUR;ENM016;Einnahmen der Hochschulen (ohne Trägermittel)
21371;Hochschulfinanzstatistik;JAHR;Jahr;2024;DLAND;Bundesländer;12;Brandenburg;BILHA2;Hochschulart;HSLART06;Kunsthochschulen;BILFG4;Fächergruppen;FACHGR-SKW;Geisteswissenschaften;-;Tsd. EUR;ENM016;Einnahmen der Hochschulen (ohne Trägermittel)
21371;Hochschulfinanzstatistik;JAHR;Jahr;2024;DLAND;Bundesländer;11;Berlin;BILHA2;Hochschulart;HSLART03;Pädagogische Hochschulen;BILFG4;Fächergruppen;FACHGR-ZE-01;Zentr.Einrichtungen (o. klinikspez. Einrichtungen);-;Tsd. EUR;ENM016;Einnahmen der Hochschulen (ohne Trägermittel)
21371;Hochschulfinanzstatistik;JAHR;Jahr;2024;DLAND;Bundesländer;09;Bayern;BILHA2;Hochschulart;HSLART08;Fachhochschulen;BILFG4;Fächergruppen;FACHGR-INGW;Ingenieurwissenschaften;107692;Tsd. EUR;ENM016;Einnahmen der Hochschulen (ohne Trägermittel)
21371;Hochschulfinanzstatistik;JAHR;Jahr;2024;DLAND;Bundesländer;05;Nordrhein-Westfalen;BILHA2;Hochschulart;HSLART011;Universitäten (ohne Medizinische Einrichtungen);BILFG4;Fächergruppen;FACHGR-INGW;Ingenieurwissenschaften;546080;Tsd. EUR;ENM016;Einnahmen der Hochschulen (ohne Trägermittel)
21371;Hochschulfinanzstatistik;JAHR;Jahr;2024;DLAND;Bundesländer;03;Niedersachsen;BILHA2;Hochschulart;HSLART05;Theologische Hochschulen;BILFG4;Fächergruppen;FACHGR-SPR;Sport;-;Tsd. EUR;ENM016;Einnahmen der Hochschulen (ohne Trägermittel)
21371;Hochschulfinanzstatistik;JAHR;Jahr;2024;DLAND;Bundesländer;05;Nordrhein-Westfalen;BILHA2;Hochschulart;HSLART012;Medizinische Einrichtungen der Universitäten;BILFG4;Fächergruppen;FACHGR-AGRVET;Agrar-, Forst- u.Ernährungswiss., Veterinärmedizin;-;Tsd. EUR;ENM016;Einnahmen der Hochschulen (ohne Trägermittel)
21371;Hochschulfinanzstatistik;JAHR;Jahr;2024;DLAND;Bundesländer;09;Bayern;BILHA2;Hochschulart;HSLART06;Kunsthochschulen;BILFG4;Fächergruppen;FACHGR-NATW;Mathematik, Naturwissenschaften;-;Tsd. EUR;ENM016;Einnahmen der Hochschulen (ohne Trägermittel)
21371;Hochschulfinanzstatistik;JAHR;Jahr;2024;DLAND;Bundesländer;06;Hessen;BILHA2;Hochschulart;HSLART08;Fachhochschulen;BILFG4;Fächergruppen;FACHGR-SPR;Sport;254;Tsd. EUR;ENM016;Einnahmen der Hochschulen (ohne Trägermittel)
21371;Hochschulfinanzstatistik;JAHR;Jahr;2024;DLAND;Bundesländer;10;Saarland;BILHA2;Hochschulart;HSLART08;Fachhochschulen;BILFG4;Fächergruppen;FACHGR-AGRVET;Agrar-, Forst- u.Ernährungswiss., Veterinärmedizin;-;Tsd. EUR;ENM016;Einnahmen der Hochschulen (ohne Trägermittel)
21371;Hochschulfinanzstatistik;JAHR;Jahr;2024;DLAND;Bundesländer;15;Sachsen-Anhalt;BILHA2;Hochschulart;HSLART011;Universitäten (ohne Medizinische Einrichtungen);BILFG4;Fächergruppen;FACHGR-AGRVET;Agrar-, Forst- u.Ernährungswiss., Veterinärmedizin;2873;Tsd. EUR;ENM016;Einnahmen der Hochschulen (ohne Trägermittel)
21371;Hochschulfinanzstatistik;JAHR;Jahr;2024;DLAND;Bundesländer;09;Bayern;BILHA2;Hochschulart;HSLART06;Kunsthochschulen;BILFG4;Fächergruppen;FACHGR-SPR;Sport;-;Tsd. EUR;ENM016;Einnahmen der Hochschulen (ohne Trägermittel)
21371;Hochschulfinanzstatistik;JAHR;Jahr;2024;DLAND;Bundesländer;04;Bremen;BILHA2;Hochschulart;HSLART012;Medizinische Einrichtungen der Universitäten;BILFG4;Fächergruppen;FACHGR-SKW;Geisteswissenschaften;-;Tsd. EUR;ENM016;Einnahmen der Hochschulen (ohne Trägermittel)
21371;Hochschulfinanzstatistik;JAHR;Jahr;2024;DLAND;Bundesländer;08;Baden-Württemberg;BILHA2;Hochschulart;HSLART08;Fachhochschulen;BILFG4;Fächergruppen;FACHGR-MEDHUM;Humanmedizin/Gesundheitswissenschaften;5829;Tsd. EUR;ENM016;Einnahmen der Hochschulen (ohne Trägermittel)
21371;Hochschulfinanzstatistik;JAHR;Jahr;2024;DLAND;Bundesländer;14;Sachsen;BILHA2;Hochschulart;HSLART05;Theologische Hochschulen;BILFG4;Fächergruppen;FACHGR-RWSW;Rechts-, Wirtschafts- und Sozialwissenschaften;-;Tsd. EUR;ENM016;Einnahmen der Hochschulen (ohne Trägermittel)
21371;Hochschulfinanzstatistik;JAHR;Jahr;2024;DLAND;Bundesländer;13;Mecklenburg-Vorpommern;BILHA2;Hochschulart;HSLART08;Fachhochschulen;BILFG4;Fächergruppen;FACHGR-KUNSTW;Kunst, Kunstwissenschaft;147;Tsd. EUR;ENM016;Einnahmen der Hochschulen (ohne Trägermittel)
21371;Hochschulfinanzstatistik;JAHR;Jahr;2024;DLAND;Bundesländer;05;Nordrhein-Westfalen;BILHA2;Hochschulart;HSLART05;Theologische Hochschulen;BILFG4;Fächergruppen;FACHGR-ZE-01;Zentr.Einrichtungen (o. klinikspez. Einrichtungen);204;Tsd. EUR;ENM016;Einnahmen der Hochschulen (ohne Trägermittel)
21371;Hochschulfinanzstatistik;JAHR;Jahr;2024;DLAND;Bundesländer;05;Nordrhein-Westfalen;BILHA2;Hochschulart;HSLART08;Fachhochschulen;BILFG4;Fächergruppen;FACHGR-AGRVET;Agrar-, Forst- u.Ernährungswiss., Veterinärmedizin;7335;Tsd. EUR;ENM016;Einnahmen der Hochschulen (ohne Trägermittel)
21371;Hochschulfinanzstatistik;JAHR;Jahr;2024;DLAND;Bundesländer;01;Schleswig-Holstein;BILHA2;Hochschulart;HSLART03;Pädagogische Hochschulen;BILFG4;Fächergruppen;FACHGR-RWSW;Rechts-, Wirtschafts- und Sozialwissenschaften;-;Tsd. EUR;ENM016;Einnahmen der Hochschulen (ohne Trägermittel)
21371;Hochschulfinanzstatistik;JAHR;Jahr;2024;DLAND;Bundesländer;01;Schleswig-Holstein;BILHA2;Hochschulart;HSLART012;Medizinische Einrichtungen der Universitäten;BILFG4;Fächergruppen;FACHGR-MEDHUM;Humanmedizin/Gesundheitswissenschaften;1432007;Tsd. EUR;ENM016;Einnahmen der Hochschulen (ohne Trägermittel)
21371;Hochschulfinanzstatistik;JAHR;Jahr;2024;DLAND;Bundesländer;05;Nordrhein-Westfalen;BILHA2;Hochschulart;HSLART05;Theologische Hochschulen;BILFG4;Fächergruppen;FACHGR-NATW;Mathematik, Naturwissenschaften;-;Tsd. EUR;ENM016;Einnahmen der Hochschulen (ohne Trägermittel)
21371;Hochschulfinanzstatistik;JAHR;Jahr;2024;DLAND;Bundesländer;02;Hamburg;BILHA2;Hochschulart;HSLART011;Universitäten (ohne Medizinische Einrichtungen);BILFG4;Fächergruppen;FACHGR-SPR;Sport;673;Tsd. EUR;ENM016;Einnahmen der Hochschulen (ohne Trägermittel)
21371;Hochschulfinanzstatistik;JAHR;Jahr;2024;DLAND;Bundesländer;08;Baden-Württemberg;BILHA2;Hochschulart;HSLART012;Medizinische Einrichtungen der Universitäten;BILFG4;Fächergruppen;FACHGR-NATW;Mathematik, Naturwissenschaften;-;Tsd. EUR;ENM016;Einnahmen der Hochschulen (ohne Trägermittel)
21371;Hochschulfinanzstatistik;JAHR;Jahr;2024;DLAND;Bundesländer;07;Rheinland-Pfalz;BILHA2;Hochschulart;HSLART08;Fachhochschulen;BILFG4;Fächergruppen;FACHGR-AGRVET;Agrar-, Forst- u.Ernährungswiss., Veterinärmedizin;564;Tsd. EUR;ENM016;Einnahmen der Hochschulen (ohne Trägermittel)
21371;Hochschulfinanzstatistik;JAHR;Jahr;2024;DLAND;Bundesländer;16;Thüringen;BILHA2;Hochschulart;HSLART03;Pädagogische Hochschulen;BILFG4;Fächergruppen;FACHGR-SPR;Sport;-;Tsd. EUR;ENM016;Einnahmen der Hochschulen (ohne Trägermittel)
21371;Hochschulfinanzstatistik;JAHR;Jahr;2024;DLAND;Bundesländer;09;Bayern;BILHA2;Hochschulart;HSLART082;Verwaltungsfachhochschulen;BILFG4;Fächergruppen;FACHGR-RWSW;Rechts-, Wirtschafts- und Sozialwissenschaften;2786;Tsd. EUR;ENM016;Einnahmen der Hochschulen (ohne Trägermittel)
21371;Hochschulfinanzstatistik;JAHR;Jahr;2024;DLAND;Bundesländer;04;Bremen;BILHA2;Hochschulart;HSLART08;Fachhochschulen;BILFG4;Fächergruppen;FACHGR-AGRVET;Agrar-, Forst- u.Ernährungswiss., Veterinärmedizin;145;Tsd. EUR;ENM016;Einnahmen der Hochschulen (ohne Trägermittel)
21371;Hochschulfinanzstatistik;JAHR;Jahr;2024;DLAND;Bundesländer;16;Thüringen;BILHA2;Hochschulart;HSLART082;Verwaltungsfachhochschulen;BILFG4;Fächergruppen;FACHGR-INGW;Ingenieurwissenschaften;-;Tsd. EUR;ENM016;Einnahmen der Hochschulen (ohne Trägermittel)
21371;Hochschulfinanzstatistik;JAHR;Jahr;2024;DLAND;Bundesländer;01;Schleswig-Holstein;BILHA2;Hochschulart;HSLART06;Kunsthochschulen;BILFG4;Fächergruppen;;Insgesamt;2667;Tsd. EUR;ENM016;Einnahmen der Hochschulen (ohne Trägermittel)
21371;Hochschulfinanzstatistik;JAHR;Jahr;2024;DLAND;Bundesländer;15;Sachsen-Anhalt;BILHA2;Hochschulart;;Insgesamt;BILFG4;Fächergruppen;;Insgesamt;1174952;Tsd. EUR;ENM016;Einnahmen der Hochschulen (ohne Trägermittel)
21371;Hochschulfinanzstatistik;JAHR;Jahr;2024;DLAND;Bundesländer;03;Niedersachsen;BILHA2;Hochschulart;;Insgesamt;BILFG4;Fächergruppen;FACHGR-INGW;Ingenieurwissenschaften;269201;Tsd. EUR;ENM016;Einnahmen der Hochschulen (ohne Trägermittel)
21371;Hochschulfinanzstatistik;JAHR;Jahr;2024;DLAND;Bundesländer;01;Schleswig-Holstein;BILHA2;Hochschulart;HSLART03;Pädagogische Hochschulen;BILFG4;Fächergruppen;FACHGR-ZE-01;Zentr.Einrichtungen (o. klinikspez. Einrichtungen);-;Tsd. EUR;ENM016;Einnahmen der Hochschulen (ohne Trägermittel)
21371;Hochschulfinanzstatistik;JAHR;Jahr;2024;DLAND;Bundesländer;16;Thüringen;BILHA2;Hochschulart;HSLART011;Universitäten (ohne Medizinische Einrichtungen);BILFG4;Fächergruppen;FACHGR-KUNSTW;Kunst, Kunstwissenschaft;1518;Tsd. EUR;ENM016;Einnahmen der Hochschulen (ohne Trägermittel)
21371;Hochschulfinanzstatistik;JAHR;Jahr;2024;DLAND;Bundesländer;10;Saarland;BILHA2;Hochschulart;HSLART012;Medizinische Einrichtungen der Universitäten;BILFG4;Fächergruppen;FACHGR-SKW;Geisteswissenschaften;-;Tsd. EUR;ENM016;Einnahmen der Hochschulen (ohne Trägermittel)
21371;Hochschulfinanzstatistik;JAHR;Jahr;2024;DLAND;Bundesländer;14;Sachsen;BILHA2;Hochschulart;HSLART08;Fachhochschulen;BILFG4;Fächergruppen;FACHGR-KUNSTW;Kunst, Kunstwissenschaft;1631;Tsd. EUR;ENM016;Einnahmen der Hochschulen (ohne Trägermittel)
21371;Hochschulfinanzstatistik;JAHR;Jahr;2024;DLAND;Bundesländer;07;Rheinland-Pfalz;BILHA2;Hochschulart;HSLART08;Fachhochschulen;BILFG4;Fächergruppen;FACHGR-SPR;Sport;-;Tsd. EUR;ENM016;Einnahmen der Hochschulen (ohne Trägermittel)
21371;Hochschulfinanzstatistik;JAHR;Jahr;2024;DLAND;Bundesländer;11;Berlin;BILHA2;Hochschulart;HSLART082;Verwaltungsfachhochschulen;BILFG4;Fächergruppen;;Insgesamt;1894;Tsd. EUR;ENM016;Einnahmen der Hochschulen (ohne Trägermittel)
21371;Hochschulfinanzstatistik;JAHR;Jahr;2024;DLAND;Bundesländer;09;Bayern;BILHA2;Hochschulart;HSLART082;Verwaltungsfachhochschulen;BILFG4;Fächergruppen;FACHGR-ZE-01;Zentr.Einrichtungen (o. klinikspez. Einrichtungen);782;Tsd. EUR;ENM016;Einnahmen der Hochschulen (ohne Trägermittel)
21371;Hochschulfinanzstatistik;JAHR;Jahr;2024;DLAND;Bundesländer;11;Berlin;BILHA2;Hochschulart;HSLART082;Verwaltungsfachhochschulen;BILFG4;Fächergruppen;FACHGR-SPR;Sport;-;Tsd. EUR;ENM016;Einnahmen der Hochschulen (ohne Trägermittel)
21371;Hochschulfinanzstatistik;JAHR;Jahr;2024;DLAND;Bundesländer;12;Brandenburg;BILHA2;Hochschulart;HSLART03;Pädagogische Hochschulen;BILFG4;Fächergruppen;FACHGR-NATW;Mathematik, Naturwissenschaften;-;Tsd. EUR;ENM016;Einnahmen der Hochschulen (ohne Trägermittel)
21371;Hochschulfinanzstatistik;JAHR;Jahr;2024;DLAND;Bundesländer;12;Brandenburg;BILHA2;Hochschulart;HSLART08;Fachhochschulen;BILFG4;Fächergruppen;FACHGR-NATW;Mathematik, Naturwissenschaften;1249;Tsd. EUR;ENM016;Einnahmen der Hochschulen (ohne Trägermittel)
21371;Hochschulfinanzstatistik;JAHR;Jahr;2024;DLAND;Bundesländer;05;Nordrhein-Westfalen;BILHA2;Hochschulart;;Insgesamt;BILFG4;Fächergruppen;FACHGR-AGRVET;Agrar-, Forst- u.Ernährungswiss., Veterinärmedizin;24146;Tsd. EUR;ENM016;Einnahmen der Hochschulen (ohne Trägermittel)
21371;Hochschulfinanzstatistik;JAHR;Jahr;2024;DLAND;Bundesländer;08;Baden-Württemberg;BILHA2;Hochschulart;HSLART05;Theologische Hochschulen;BILFG4;Fächergruppen;FACHGR-RWSW;Rechts-, Wirtschafts- und Sozialwissenschaften;-;Tsd. EUR;ENM016;Einnahmen der Hochschulen (ohne Trägermittel)
21371;Hochschulfinanzstatistik;JAHR;Jahr;2024;DLAND;Bundesländer;11;Berlin;BILHA2;Hochschulart;HSLART011;Universitäten (ohne Medizinische Einrichtungen);BILFG4;Fächergruppen;FACHGR-MEDHUM;Humanmedizin/Gesundheitswissenschaften;-;Tsd. EUR;ENM016;Einnahmen der Hochschulen (ohne Trägermittel)
21371;Hochschulfinanzstatistik;JAHR;Jahr;2024;DLAND;Bundesländer;08;Baden-Württemberg;BILHA2;Hochschulart;HSLART011;Universitäten (ohne Medizinische Einrichtungen);BILFG4;Fächergruppen;FACHGR-SKW;Geisteswissenschaften;80894;Tsd. EUR;ENM016;Einnahmen der Hochschulen (ohne Trägermittel)
21371;Hochschulfinanzstatistik;JAHR;Jahr;2024;DLAND;Bundesländer;04;Bremen;BILHA2;Hochschulart;;Insgesamt;BILFG4;Fächergruppen;FACHGR-INGW;Ingenieurwissenschaften;55067;Tsd. EUR;ENM016;Einnahmen der Hochschulen (ohne Trägermittel)
21371;Hochschulfinanzstatistik;JAHR;Jahr;2024;DLAND;Bundesländer;01;Schleswig-Holstein;BILHA2;Hochschulart;HSLART082;Verwaltungsfachhochschulen;BILFG4;Fächergruppen;FACHGR-MEDHUM;Humanmedizin/Gesundheitswissenschaften;-;Tsd. EUR;ENM016;Einnahmen der Hochschulen (ohne Trägermittel)
21371;Hochschulfinanzstatistik;JAHR;Jahr;2024;DLAND;Bundesländer;14;Sachsen;BILHA2;Hochschulart;;Insgesamt;BILFG4;Fächergruppen;;Insgesamt;2380350;Tsd. EUR;ENM016;Einnahmen der Hochschulen (ohne Trägermittel)
21371;Hochschulfinanzstatistik;JAHR;Jahr;2024;DLAND;Bundesländer;08;Baden-Württemberg;BILHA2;Hochschulart;HSLART06;Kunsthochschulen;BILFG4;Fächergruppen;;Insgesamt;8472;Tsd. EUR;ENM016;Einnahmen der Hochschulen (ohne Trägermittel)
21371;Hochschulfinanzstatistik;JAHR;Jahr;2024;DLAND;Bundesländer;08;Baden-Württemberg;BILHA2;Hochschulart;HSLART082;Verwaltungsfachhochschulen;BILFG4;Fächergruppen;FACHGR-ZE-01;Zentr.Einrichtungen (o. klinikspez. Einrichtungen);1536;Tsd. EUR;ENM016;Einnahmen der Hochschulen (ohne Trägermittel)
21371;Hochschulfinanzstatistik;JAHR;Jahr;2024;DLAND;Bundesländer;15;Sachsen-Anhalt;BILHA2;Hochschulart;HSLART08;Fachhochschulen;BILFG4;Fächergruppen;FACHGR-INGW;Ingenieurwissenschaften;13905;Tsd. EUR;ENM016;Einnahmen der Hochschulen (ohne Trägermittel)
21371;Hochschulfinanzstatistik;JAHR;Jahr;2024;DLAND;Bundesländer;16;Thüringen;BILHA2;Hochschulart;HSLART08;Fachhochschulen;BILFG4;Fächergruppen;FACHGR-KUNSTW;Kunst, Kunstwissenschaft;8;Tsd. EUR;ENM016;Einnahmen der Hochschulen (ohne Trägermittel)
21371;Hochschulfinanzstatistik;JAHR;Jahr;2024;DLAND;Bundesländer;06;Hessen;BILHA2;Hochschulart;HSLART011;Universitäten (ohne Medizinische Einrichtungen);BILFG4;Fächergruppen;FACHGR-MEDHUM;Humanmedizin/Gesundheitswissenschaften;-;Tsd. EUR;ENM016;Einnahmen der Hochschulen (ohne Trägermittel)
21371;Hochschulfinanzstatistik;JAHR;Jahr;2024;DLAND;Bundesländer;06;Hessen;BILHA2;Hochschulart;HSLART03;Pädagogische Hochschulen;BILFG4;Fächergruppen;FACHGR-NATW;Mathematik, Naturwissenschaften;-;Tsd. EUR;ENM016;Einnahmen der Hochschulen (ohne Trägermittel)
21371;Hochschulfinanzstatistik;JAHR;Jahr;2024;DLAND;Bundesländer;01;Schleswig-Holstein;BILHA2;Hochschulart;HSLART06;Kunsthochschulen;BILFG4;Fächergruppen;FACHGR-KUNSTW;Kunst, Kunstwissenschaft;1751;Tsd. EUR;ENM016;Einnahmen der Hochschulen (ohne Trägermittel)
21371;Hochschulfinanzstatistik;JAHR;Jahr;2024;DLAND;Bundesländer;15;Sachsen-Anhalt;BILHA2;Hochschulart;HSLART06;Kunsthochschulen;BILFG4;Fächergruppen;FACHGR-SKW;Geisteswissenschaften;-;Tsd. EUR;ENM016;Einnahmen der Hochschulen (ohne Trägermittel)
21371;Hochschulfinanzstatistik;JAHR;Jahr;2024;DLAND;Bundesländer;01;Schleswig-Holstein;BILHA2;Hochschulart;;Insgesamt;BILFG4;Fächergruppen;FACHGR-ZE-01;Zentr.Einrichtungen (o. klinikspez. Einrichtungen);51182;Tsd. EUR;ENM016;Einnahmen der Hochschulen (ohne Trägermittel)
21371;Hochschulfinanzstatistik;JAHR;Jahr;2024;DLAND;Bundesländer;10;Saarland;BILHA2;Hochschulart;HSLART05;Theologische Hochschulen;BILFG4;Fächergruppen;FACHGR-MEDHUM;Humanmedizin/Gesundheitswissenschaften;-;Tsd. EUR;ENM016;Einnahmen der Hochschulen (ohne Trägermittel)
21371;Hochschulfinanzstatistik;JAHR;Jahr;2024;DLAND;Bundesländer;08;Baden-Württemberg;BILHA2;Hochschulart;HSLART082;Verwaltungsfachhochschulen;BILFG4;Fächergruppen;FACHGR-INGW;Ingenieurwissenschaften;-;Tsd. EUR;ENM016;Einnahmen der Hochschulen (ohne Trägermittel)
21371;Hochschulfinanzstatistik;JAHR;Jahr;2024;DLAND;Bundesländer;11;Berlin;BILHA2;Hochschulart;HSLART082;Verwaltungsfachhochschulen;BILFG4;Fächergruppen;FACHGR-ZE-01;Zentr.Einrichtungen (o. klinikspez. Einrichtungen);-;Tsd. EUR;ENM016;Einnahmen der Hochschulen (ohne Trägermittel)
21371;Hochschulfinanzstatistik;JAHR;Jahr;2024;DLAND;Bundesländer;08;Baden-Württemberg;BILHA2;Hochschulart;HSLART08;Fachhochschulen;BILFG4;Fächergruppen;FACHGR-NATW;Mathematik, Naturwissenschaften;5755;Tsd. EUR;ENM016;Einnahmen der Hochschulen (ohne Trägermittel)
21371;Hochschulfinanzstatistik;JAHR;Jahr;2024;DLAND;Bundesländer;07;Rheinland-Pfalz;BILHA2;Hochschulart;HSLART082;Verwaltungsfachhochschulen;BILFG4;Fächergruppen;FACHGR-SPR;Sport;-;Tsd. EUR;ENM016;Einnahmen der Hochschulen (ohne Trägermittel)
21371;Hochschulfinanzstatistik;JAHR;Jahr;2024;DLAND;Bundesländer;06;Hessen;BILHA2;Hochschulart;HSLART05;Theologische Hochschulen;BILFG4;Fächergruppen;FACHGR-SPR;Sport;-;Tsd. EUR;ENM016;Einnahmen der Hochschulen (ohne Trägermittel)
21371;Hochschulfinanzstatistik;JAHR;Jahr;2024;DLAND;Bundesländer;13;Mecklenburg-Vorpommern;BILHA2;Hochschulart;HSLART082;Verwaltungsfachhochschulen;BILFG4;Fächergruppen;FACHGR-MEDHUM;Humanmedizin/Gesundheitswissenschaften;-;Tsd. EUR;ENM016;Einnahmen der Hochschulen (ohne Trägermittel)
21371;Hochschulfinanzstatistik;JAHR;Jahr;2024;DLAND;Bundesländer;06;Hessen;BILHA2;Hochschulart;HSLART08;Fachhochschulen;BILFG4;Fächergruppen;FACHGR-AGRVET;Agrar-, Forst- u.Ernährungswiss., Veterinärmedizin;7745;Tsd. EUR;ENM016;Einnahmen der Hochschulen (ohne Trägermittel)
21371;Hochschulfinanzstatistik;JAHR;Jahr;2024;DLAND;Bundesländer;03;Niedersachsen;BILHA2;Hochschulart;HSLART08;Fachhochschulen;BILFG4;Fächergruppen;FACHGR-AGRVET;Agrar-, Forst- u.Ernährungswiss., Veterinärmedizin;7415;Tsd. EUR;ENM016;Einnahmen der Hochschulen (ohne Trägermittel)
21371;Hochschulfinanzstatistik;JAHR;Jahr;2024;DLAND;Bundesländer;11;Berlin;BILHA2;Hochschulart;HSLART03;Pädagogische Hochschulen;BILFG4;Fächergruppen;FACHGR-SKW;Geisteswissenschaften;-;Tsd. EUR;ENM016;Einnahmen der Hochschulen (ohne Trägermittel)
21371;Hochschulfinanzstatistik;JAHR;Jahr;2024;DLAND;Bundesländer;15;Sachsen-Anhalt;BILHA2;Hochschulart;HSLART011;Universitäten (ohne Medizinische Einrichtungen);BILFG4;Fächergruppen;FACHGR-INGW;Ingenieurwissenschaften;36486;Tsd. EUR;ENM016;Einnahmen der Hochschulen (ohne Trägermittel)
21371;Hochschulfinanzstatistik;JAHR;Jahr;2024;DLAND;Bundesländer;09;Bayern;BILHA2;Hochschulart;HSLART05;Theologische Hochschulen;BILFG4;Fächergruppen;FACHGR-KUNSTW;Kunst, Kunstwissenschaft;-;Tsd. EUR;ENM016;Einnahmen der Hochschulen (ohne Trägermittel)
21371;Hochschulfinanzstatistik;JAHR;Jahr;2024;DLAND;Bundesländer;07;Rheinland-Pfalz;BILHA2;Hochschulart;HSLART011;Universitäten (ohne Medizinische Einrichtungen);BILFG4;Fächergruppen;FACHGR-ZE-01;Zentr.Einrichtungen (o. klinikspez. Einrichtungen);68537;Tsd. EUR;ENM016;Einnahmen der Hochschulen (ohne Trägermittel)
21371;Hochschulfinanzstatistik;JAHR;Jahr;2024;DLAND;Bundesländer;15;Sachsen-Anhalt;BILHA2;Hochschulart;HSLART03;Pädagogische Hochschulen;BILFG4;Fächergruppen;FACHGR-AGRVET;Agrar-, Forst- u.Ernährungswiss., Veterinärmedizin;-;Tsd. EUR;ENM016;Einnahmen der Hochschulen (ohne Trägermittel)
21371;Hochschulfinanzstatistik;JAHR;Jahr;2024;DLAND;Bundesländer;09;Bayern;BILHA2;Hochschulart;HSLART03;Pädagogische Hochschulen;BILFG4;Fächergruppen;;Insgesamt;-;Tsd. EUR;ENM016;Einnahmen der Hochschulen (ohne Trägermittel)
21371;Hochschulfinanzstatistik;JAHR;Jahr;2024;DLAND;Bundesländer;09;Bayern;BILHA2;Hochschulart;HSLART08;Fachhochschulen;BILFG4;Fächergruppen;FACHGR-MEDHUM;Humanmedizin/Gesundheitswissenschaften;8535;Tsd. EUR;ENM016;Einnahmen der Hochschulen (ohne Trägermittel)
21371;Hochschulfinanzstatistik;JAHR;Jahr;2024;DLAND;Bundesländer;12;Brandenburg;BILHA2;Hochschulart;HSLART05;Theologische Hochschulen;BILFG4;Fächergruppen;FACHGR-INGW;Ingenieurwissenschaften;-;Tsd. EUR;ENM016;Einnahmen der Hochschulen (ohne Trägermittel)
21371;Hochschulfinanzstatistik;JAHR;Jahr;2024;DLAND;Bundesländer;04;Bremen;BILHA2;Hochschulart;HSLART012;Medizinische Einrichtungen der Universitäten;BILFG4;Fächergruppen;FACHGR-RWSW;Rechts-, Wirtschafts- und Sozialwissenschaften;-;Tsd. EUR;ENM016;Einnahmen der Hochschulen (ohne Trägermittel)
21371;Hochschulfinanzstatistik;JAHR;Jahr;2024;DLAND;Bundesländer;06;Hessen;BILHA2;Hochschulart;HSLART011;Universitäten (ohne Medizinische Einrichtungen);BILFG4;Fächergruppen;FACHGR-SPR;Sport;3966;Tsd. EUR;ENM016;Einnahmen der Hochschulen (ohne Trägermittel)
21371;Hochschulfinanzstatistik;JAHR;Jahr;2024;DLAND;Bundesländer;12;Brandenburg;BILHA2;Hochschulart;HSLART011;Universitäten (ohne Medizinische Einrichtungen);BILFG4;Fächergruppen;FACHGR-NATW;Mathematik, Naturwissenschaften;31778;Tsd. EUR;ENM016;Einnahmen der Hochschulen (ohne Trägermittel)
21371;Hochschulfinanzstatistik;JAHR;Jahr;2024;DLAND;Bundesländer;04;Bremen;BILHA2;Hochschulart;HSLART03;Pädagogische Hochschulen;BILFG4;Fächergruppen;FACHGR-ZE-01;Zentr.Einrichtungen (o. klinikspez. Einrichtungen);-;Tsd. EUR;ENM016;Einnahmen der Hochschulen (ohne Trägermittel)
21371;Hochschulfinanzstatistik;JAHR;Jahr;2024;DLAND;Bundesländer;13;Mecklenburg-Vorpommern;BILHA2;Hochschulart;HSLART05;Theologische Hochschulen;BILFG4;Fächergruppen;FACHGR-MEDHUM;Humanmedizin/Gesundheitswissenschaften;-;Tsd. EUR;ENM016;Einnahmen der Hochschulen (ohne Trägermittel)
21371;Hochschulfinanzstatistik;JAHR;Jahr;2024;DLAND;Bundesländer;02;Hamburg;BILHA2;Hochschulart;;Insgesamt;BILFG4;Fächergruppen;FACHGR-RWSW;Rechts-, Wirtschafts- und Sozialwissenschaften;162911;Tsd. EUR;ENM016;Einnahmen der Hochschulen (ohne Trägermittel)
21371;Hochschulfinanzstatistik;JAHR;Jahr;2024;DLAND;Bundesländer;16;Thüringen;BILHA2;Hochschulart;HSLART03;Pädagogische Hochschulen;BILFG4;Fächergruppen;FACHGR-NATW;Mathematik, Naturwissenschaften;-;Tsd. EUR;ENM016;Einnahmen der Hochschulen (ohne Trägermittel)
21371;Hochschulfinanzstatistik;JAHR;Jahr;2024;DLAND;Bundesländer;03;Niedersachsen;BILHA2;Hochschulart;HSLART03;Pädagogische Hochschulen;BILFG4;Fächergruppen;FACHGR-ZE-01;Zentr.Einrichtungen (o. klinikspez. Einrichtungen);-;Tsd. EUR;ENM016;Einnahmen der Hochschulen (ohne Trägermittel)
21371;Hochschulfinanzstatistik;JAHR;Jahr;2024;DLAND;Bundesländer;11;Berlin;BILHA2;Hochschulart;HSLART011;Universitäten (ohne Medizinische Einrichtungen);BILFG4;Fächergruppen;FACHGR-NATW;Mathematik, Naturwissenschaften;143565;Tsd. EUR;ENM016;Einnahmen der Hochschulen (ohne Trägermittel)
21371;Hochschulfinanzstatistik;JAHR;Jahr;2024;DLAND;Bundesländer;03;Niedersachsen;BILHA2;Hochschulart;HSLART05;Theologische Hochschulen;BILFG4;Fächergruppen;;Insgesamt;-;Tsd. EUR;ENM016;Einnahmen der Hochschulen (ohne Trägermittel)
21371;Hochschulfinanzstatistik;JAHR;Jahr;2024;DLAND;Bundesländer;16;Thüringen;BILHA2;Hochschulart;HSLART05;Theologische Hochschulen;BILFG4;Fächergruppen;FACHGR-INGW;Ingenieurwissenschaften;-;Tsd. EUR;ENM016;Einnahmen der Hochschulen (ohne Trägermittel)
21371;Hochschulfinanzstatistik;JAHR;Jahr;2024;DLAND;Bundesländer;02;Hamburg;BILHA2;Hochschulart;HSLART08;Fachhochschulen;BILFG4;Fächergruppen;FACHGR-SKW;Geisteswissenschaften;914;Tsd. EUR;ENM016;Einnahmen der Hochschulen (ohne Trägermittel)
21371;Hochschulfinanzstatistik;JAHR;Jahr;2024;DLAND;Bundesländer;04;Bremen;BILHA2;Hochschulart;HSLART012;Medizinische Einrichtungen der Universitäten;BILFG4;Fächergruppen;FACHGR-ZE-01;Zentr.Einrichtungen (o. klinikspez. Einrichtungen);-;Tsd. EUR;ENM016;Einnahmen der Hochschulen (ohne Trägermittel)
21371;Hochschulfinanzstatistik;JAHR;Jahr;2024;DLAND;Bundesländer;04;Bremen;BILHA2;Hochschulart;;Insgesamt;BILFG4;Fächergruppen;FACHGR-AGRVET;Agrar-, Forst- u.Ernährungswiss., Veterinärmedizin;145;Tsd. EUR;ENM016;Einnahmen der Hochschulen (ohne Trägermittel)
21371;Hochschulfinanzstatistik;JAHR;Jahr;2024;DLAND;Bundesländer;08;Baden-Württemberg;BILHA2;Hochschulart;HSLART03;Pädagogische Hochschulen;BILFG4;Fächergruppen;FACHGR-INGW;Ingenieurwissenschaften;933;Tsd. EUR;ENM016;Einnahmen der Hochschulen (ohne Trägermittel)
21371;Hochschulfinanzstatistik;JAHR;Jahr;2024;DLAND;Bundesländer;09;Bayern;BILHA2;Hochschulart;HSLART011;Universitäten (ohne Medizinische Einrichtungen);BILFG4;Fächergruppen;FACHGR-ZE-01;Zentr.Einrichtungen (o. klinikspez. Einrichtungen);298519;Tsd. EUR;ENM016;Einnahmen der Hochschulen (ohne Trägermittel)
21371;Hochschulfinanzstatistik;JAHR;Jahr;2024;DLAND;Bundesländer;04;Bremen;BILHA2;Hochschulart;HSLART08;Fachhochschulen;BILFG4;Fächergruppen;;Insgesamt;30973;Tsd. EUR;ENM016;Einnahmen der Hochschulen (ohne Trägermittel)
21371;Hochschulfinanzstatistik;JAHR;Jahr;2024;DLAND;Bundesländer;10;Saarland;BILHA2;Hochschulart;HSLART082;Verwaltungsfachhochschulen;BILFG4;Fächergruppen;FACHGR-ZE-01;Zentr.Einrichtungen (o. klinikspez. Einrichtungen);-;Tsd. EUR;ENM016;Einnahmen der Hochschulen (ohne Trägermittel)
21371;Hochschulfinanzstatistik;JAHR;Jahr;2024;DLAND;Bundesländer;13;Mecklenburg-Vorpommern;BILHA2;Hochschulart;HSLART05;Theologische Hochschulen;BILFG4;Fächergruppen;FACHGR-ZE-01;Zentr.Einrichtungen (o. klinikspez. Einrichtungen);-;Tsd. EUR;ENM016;Einnahmen der Hochschulen (ohne Trägermittel)
21371;Hochschulfinanzstatistik;JAHR;Jahr;2024;DLAND;Bundesländer;11;Berlin;BILHA2;Hochschulart;HSLART06;Kunsthochschulen;BILFG4;Fächergruppen;FACHGR-NATW;Mathematik, Naturwissenschaften;-;Tsd. EUR;ENM016;Einnahmen der Hochschulen (ohne Trägermittel)
21371;Hochschulfinanzstatistik;JAHR;Jahr;2024;DLAND;Bundesländer;01;Schleswig-Holstein;BILHA2;Hochschulart;HSLART011;Universitäten (ohne Medizinische Einrichtungen);BILFG4;Fächergruppen;FACHGR-NATW;Mathematik, Naturwissenschaften;19948;Tsd. EUR;ENM016;Einnahmen der Hochschulen (ohne Trägermittel)
21371;Hochschulfinanzstatistik;JAHR;Jahr;2024;DLAND;Bundesländer;04;Bremen;BILHA2;Hochschulart;HSLART06;Kunsthochschulen;BILFG4;Fächergruppen;FACHGR-RWSW;Rechts-, Wirtschafts- und Sozialwissenschaften;-;Tsd. EUR;ENM016;Einnahmen der Hochschulen (ohne Trägermittel)
21371;Hochschulfinanzstatistik;JAHR;Jahr;2024;DLAND;Bundesländer;05;Nordrhein-Westfalen;BILHA2;Hochschulart;HSLART06;Kunsthochschulen;BILFG4;Fächergruppen;FACHGR-SPR;Sport;-;Tsd. EUR;ENM016;Einnahmen der Hochschulen (ohne Trägermittel)
21371;Hochschulfinanzstatistik;JAHR;Jahr;2024;DLAND;Bundesländer;02;Hamburg;BILHA2;Hochschulart;;Insgesamt;BILFG4;Fächergruppen;FACHGR-SKW;Geisteswissenschaften;32271;Tsd. EUR;ENM016;Einnahmen der Hochschulen (ohne Trägermittel)
21371;Hochschulfinanzstatistik;JAHR;Jahr;2024;DLAND;Bundesländer;05;Nordrhein-Westfalen;BILHA2;Hochschulart;HSLART06;Kunsthochschulen;BILFG4;Fächergruppen;FACHGR-NATW;Mathematik, Naturwissenschaften;-;Tsd. EUR;ENM016;Einnahmen der Hochschulen (ohne Trägermittel)
21371;Hochschulfinanzstatistik;JAHR;Jahr;2024;DLAND;Bundesländer;13;Mecklenburg-Vorpommern;BILHA2;Hochschulart;HSLART012;Medizinische Einrichtungen der Universitäten;BILFG4;Fächergruppen;FACHGR-SPR;Sport;-;Tsd. EUR;ENM016;Einnahmen der Hochschulen (ohne Trägermittel)
21371;Hochschulfinanzstatistik;JAHR;Jahr;2024;DLAND;Bundesländer;12;Brandenburg;BILHA2;Hochschulart;HSLART06;Kunsthochschulen;BILFG4;Fächergruppen;;Insgesamt;-;Tsd. EUR;ENM016;Einnahmen der Hochschulen (ohne Trägermittel)
21371;Hochschulfinanzstatistik;JAHR;Jahr;2024;DLAND;Bundesländer;03;Niedersachsen;BILHA2;Hochschulart;HSLART012;Medizinische Einrichtungen der Universitäten;BILFG4;Fächergruppen;FACHGR-RWSW;Rechts-, Wirtschafts- und Sozialwissenschaften;-;Tsd. EUR;ENM016;Einnahmen der Hochschulen (ohne Trägermittel)
21371;Hochschulfinanzstatistik;JAHR;Jahr;2024;DLAND;Bundesländer;07;Rheinland-Pfalz;BILHA2;Hochschulart;;Insgesamt;BILFG4;Fächergruppen;FACHGR-INGW;Ingenieurwissenschaften;72536;Tsd. EUR;ENM016;Einnahmen der Hochschulen (ohne Trägermittel)
21371;Hochschulfinanzstatistik;JAHR;Jahr;2024;DLAND;Bundesländer;11;Berlin;BILHA2;Hochschulart;HSLART06;Kunsthochschulen;BILFG4;Fächergruppen;;Insgesamt;26594;Tsd. EUR;ENM016;Einnahmen der Hochschulen (ohne Trägermittel)
21371;Hochschulfinanzstatistik;JAHR;Jahr;2024;DLAND;Bundesländer;11;Berlin;BILHA2;Hochschulart;;Insgesamt;BILFG4;Fächergruppen;FACHGR-ZE-01;Zentr.Einrichtungen (o. klinikspez. Einrichtungen);153332;Tsd. EUR;ENM016;Einnahmen der Hochschulen (ohne Trägermittel)
21371;Hochschulfinanzstatistik;JAHR;Jahr;2024;DLAND;Bundesländer;02;Hamburg;BILHA2;Hochschulart;HSLART05;Theologische Hochschulen;BILFG4;Fächergruppen;FACHGR-ZE-01;Zentr.Einrichtungen (o. klinikspez. Einrichtungen);-;Tsd. EUR;ENM016;Einnahmen der Hochschulen (ohne Trägermittel)
21371;Hochschulfinanzstatistik;JAHR;Jahr;2024;DLAND;Bundesländer;08;Baden-Württemberg;BILHA2;Hochschulart;HSLART011;Universitäten (ohne Medizinische Einrichtungen);BILFG4;Fächergruppen;FACHGR-ZE-01;Zentr.Einrichtungen (o. klinikspez. Einrichtungen);312999;Tsd. EUR;ENM016;Einnahmen der Hochschulen (ohne Trägermittel)
21371;Hochschulfinanzstatistik;JAHR;Jahr;2024;DLAND;Bundesländer;10;Saarland;BILHA2;Hochschulart;;Insgesamt;BILFG4;Fächergruppen;FACHGR-SKW;Geisteswissenschaften;8874;Tsd. EUR;ENM016;Einnahmen der Hochschulen (ohne Trägermittel)
21371;Hochschulfinanzstatistik;JAHR;Jahr;2024;DLAND;Bundesländer;16;Thüringen;BILHA2;Hochschulart;HSLART082;Verwaltungsfachhochschulen;BILFG4;Fächergruppen;;Insgesamt;586;Tsd. EUR;ENM016;Einnahmen der Hochschulen (ohne Trägermittel)
21371;Hochschulfinanzstatistik;JAHR;Jahr;2024;DLAND;Bundesländer;10;Saarland;BILHA2;Hochschulart;HSLART06;Kunsthochschulen;BILFG4;Fächergruppen;FACHGR-RWSW;Rechts-, Wirtschafts- und Sozialwissenschaften;-;Tsd. EUR;ENM016;Einnahmen der Hochschulen (ohne Trägermittel)
21371;Hochschulfinanzstatistik;JAHR;Jahr;2024;DLAND;Bundesländer;07;Rheinland-Pfalz;BILHA2;Hochschulart;;Insgesamt;BILFG4;Fächergruppen;FACHGR-SPR;Sport;2139;Tsd. EUR;ENM016;Einnahmen der Hochschulen (ohne Trägermittel)
21371;Hochschulfinanzstatistik;JAHR;Jahr;2024;DLAND;Bundesländer;05;Nordrhein-Westfalen;BILHA2;Hochschulart;HSLART082;Verwaltungsfachhochschulen;BILFG4;Fächergruppen;FACHGR-INGW;Ingenieurwissenschaften;40;Tsd. EUR;ENM016;Einnahmen der Hochschulen (ohne Trägermittel)
21371;Hochschulfinanzstatistik;JAHR;Jahr;2024;DLAND;Bundesländer;14;Sachsen;BILHA2;Hochschulart;HSLART03;Pädagogische Hochschulen;BILFG4;Fächergruppen;FACHGR-INGW;Ingenieurwissenschaften;-;Tsd. EUR;ENM016;Einnahmen der Hochschulen (ohne Trägermittel)
21371;Hochschulfinanzstatistik;JAHR;Jahr;2024;DLAND;Bundesländer;02;Hamburg;BILHA2;Hochschulart;HSLART012;Medizinische Einrichtungen der Universitäten;BILFG4;Fächergruppen;FACHGR-ZE-01;Zentr.Einrichtungen (o. klinikspez. Einrichtungen);-;Tsd. EUR;ENM016;Einnahmen der Hochschulen (ohne Trägermittel)
21371;Hochschulfinanzstatistik;JAHR;Jahr;2024;DLAND;Bundesländer;12;Brandenburg;BILHA2;Hochschulart;HSLART082;Verwaltungsfachhochschulen;BILFG4;Fächergruppen;;Insgesamt;6743;Tsd. EUR;ENM016;Einnahmen der Hochschulen (ohne Trägermittel)
21371;Hochschulfinanzstatistik;JAHR;Jahr;2024;DLAND;Bundesländer;15;Sachsen-Anhalt;BILHA2;Hochschulart;HSLART03;Pädagogische Hochschulen;BILFG4;Fächergruppen;FACHGR-RWSW;Rechts-, Wirtschafts- und Sozialwissenschaften;-;Tsd. EUR;ENM016;Einnahmen der Hochschulen (ohne Trägermittel)
21371;Hochschulfinanzstatistik;JAHR;Jahr;2024;DLAND;Bundesländer;06;Hessen;BILHA2;Hochschulart;HSLART082;Verwaltungsfachhochschulen;BILFG4;Fächergruppen;FACHGR-ZE-01;Zentr.Einrichtungen (o. klinikspez. Einrichtungen);-;Tsd. EUR;ENM016;Einnahmen der Hochschulen (ohne Trägermittel)
21371;Hochschulfinanzstatistik;JAHR;Jahr;2024;DLAND;Bundesländer;12;Brandenburg;BILHA2;Hochschulart;HSLART03;Pädagogische Hochschulen;BILFG4;Fächergruppen;FACHGR-SPR;Sport;-;Tsd. EUR;ENM016;Einnahmen der Hochschulen (ohne Trägermittel)
21371;Hochschulfinanzstatistik;JAHR;Jahr;2024;DLAND;Bundesländer;03;Niedersachsen;BILHA2;Hochschulart;HSLART08;Fachhochschulen;BILFG4;Fächergruppen;FACHGR-SPR;Sport;-;Tsd. EUR;ENM016;Einnahmen der Hochschulen (ohne Trägermittel)
21371;Hochschulfinanzstatistik;JAHR;Jahr;2024;DLAND;Bundesländer;10;Saarland;BILHA2;Hochschulart;HSLART03;Pädagogische Hochschulen;BILFG4;Fächergruppen;FACHGR-ZE-01;Zentr.Einrichtungen (o. klinikspez. Einrichtungen);-;Tsd. EUR;ENM016;Einnahmen der Hochschulen (ohne Trägermittel)
21371;Hochschulfinanzstatistik;JAHR;Jahr;2024;DLAND;Bundesländer;16;Thüringen;BILHA2;Hochschulart;HSLART03;Pädagogische Hochschulen;BILFG4;Fächergruppen;FACHGR-AGRVET;Agrar-, Forst- u.Ernährungswiss., Veterinärmedizin;-;Tsd. EUR;ENM016;Einnahmen der Hochschulen (ohne Trägermittel)
21371;Hochschulfinanzstatistik;JAHR;Jahr;2024;DLAND;Bundesländer;06;Hessen;BILHA2;Hochschulart;HSLART05;Theologische Hochschulen;BILFG4;Fächergruppen;FACHGR-INGW;Ingenieurwissenschaften;-;Tsd. EUR;ENM016;Einnahmen der Hochschulen (ohne Trägermittel)
21371;Hochschulfinanzstatistik;JAHR;Jahr;2024;DLAND;Bundesländer;06;Hessen;BILHA2;Hochschulart;;Insgesamt;BILFG4;Fächergruppen;FACHGR-RWSW;Rechts-, Wirtschafts- und Sozialwissenschaften;278352;Tsd. EUR;ENM016;Einnahmen der Hochschulen (ohne Trägermittel)
21371;Hochschulfinanzstatistik;JAHR;Jahr;2024;DLAND;Bundesländer;13;Mecklenburg-Vorpommern;BILHA2;Hochschulart;HSLART012;Medizinische Einrichtungen der Universitäten;BILFG4;Fächergruppen;;Insgesamt;807680;Tsd. EUR;ENM016;Einnahmen der Hochschulen (ohne Trägermittel)
21371;Hochschulfinanzstatistik;JAHR;Jahr;2024;DLAND;Bundesländer;12;Brandenburg;BILHA2;Hochschulart;HSLART05;Theologische Hochschulen;BILFG4;Fächergruppen;FACHGR-MEDHUM;Humanmedizin/Gesundheitswissenschaften;-;Tsd. EUR;ENM016;Einnahmen der Hochschulen (ohne Trägermittel)
21371;Hochschulfinanzstatistik;JAHR;Jahr;2024;DLAND;Bundesländer;08;Baden-Württemberg;BILHA2;Hochschulart;HSLART012;Medizinische Einrichtungen der Universitäten;BILFG4;Fächergruppen;;Insgesamt;4862806;Tsd. EUR;ENM016;Einnahmen der Hochschulen (ohne Trägermittel)
21371;Hochschulfinanzstatistik;JAHR;Jahr;2024;DLAND;Bundesländer;01;Schleswig-Holstein;BILHA2;Hochschulart;HSLART011;Universitäten (ohne Medizinische Einrichtungen);BILFG4;Fächergruppen;FACHGR-KUNSTW;Kunst, Kunstwissenschaft;632;Tsd. EUR;ENM016;Einnahmen der Hochschulen (ohne Trägermittel)
21371;Hochschulfinanzstatistik;JAHR;Jahr;2024;DLAND;Bundesländer;11;Berlin;BILHA2;Hochschulart;HSLART012;Medizinische Einrichtungen der Universitäten;BILFG4;Fächergruppen;FACHGR-KUNSTW;Kunst, Kunstwissenschaft;-;Tsd. EUR;ENM016;Einnahmen der Hochschulen (ohne Trägermittel)
21371;Hochschulfinanzstatistik;JAHR;Jahr;2024;DLAND;Bundesländer;01;Schleswig-Holstein;BILHA2;Hochschulart;HSLART012;Medizinische Einrichtungen der Universitäten;BILFG4;Fächergruppen;;Insgesamt;1432007;Tsd. EUR;ENM016;Einnahmen der Hochschulen (ohne Trägermittel)
21371;Hochschulfinanzstatistik;JAHR;Jahr;2024;DLAND;Bundesländer;02;Hamburg;BILHA2;Hochschulart;;Insgesamt;BILFG4;Fächergruppen;;Insgesamt;1786361;Tsd. EUR;ENM016;Einnahmen der Hochschulen (ohne Trägermittel)
21371;Hochschulfinanzstatistik;JAHR;Jahr;2024;DLAND;Bundesländer;03;Niedersachsen;BILHA2;Hochschulart;HSLART06;Kunsthochschulen;BILFG4;Fächergruppen;FACHGR-AGRVET;Agrar-, Forst- u.Ernährungswiss., Veterinärmedizin;-;Tsd. EUR;ENM016;Einnahmen der Hochschulen (ohne Trägermittel)
21371;Hochschulfinanzstatistik;JAHR;Jahr;2024;DLAND;Bundesländer;10;Saarland;BILHA2;Hochschulart;HSLART011;Universitäten (ohne Medizinische Einrichtungen);BILFG4;Fächergruppen;FACHGR-NATW;Mathematik, Naturwissenschaften;19499;Tsd. EUR;ENM016;Einnahmen der Hochschulen (ohne Trägermittel)
21371;Hochschulfinanzstatistik;JAHR;Jahr;2024;DLAND;Bundesländer;05;Nordrhein-Westfalen;BILHA2;Hochschulart;HSLART08;Fachhochschulen;BILFG4;Fächergruppen;;Insgesamt;678860;Tsd. EUR;ENM016;Einnahmen der Hochschulen (ohne Trägermittel)
21371;Hochschulfinanzstatistik;JAHR;Jahr;2024;DLAND;Bundesländer;11;Berlin;BILHA2;Hochschulart;HSLART05;Theologische Hochschulen;BILFG4;Fächergruppen;FACHGR-MEDHUM;Humanmedizin/Gesundheitswissenschaften;-;Tsd. EUR;ENM016;Einnahmen der Hochschulen (ohne Trägermittel)
21371;Hochschulfinanzstatistik;JAHR;Jahr;2024;DLAND;Bundesländer;15;Sachsen-Anhalt;BILHA2;Hochschulart;HSLART08;Fachhochschulen;BILFG4;Fächergruppen;;Insgesamt;67922;Tsd. EUR;ENM016;Einnahmen der Hochschulen (ohne Trägermittel)
21371;Hochschulfinanzstatistik;JAHR;Jahr;2024;DLAND;Bundesländer;14;Sachsen;BILHA2;Hochschulart;HSLART011;Universitäten (ohne Medizinische Einrichtungen);BILFG4;Fächergruppen;FACHGR-MEDHUM;Humanmedizin/Gesundheitswissenschaften;-;Tsd. EUR;ENM016;Einnahmen der Hochschulen (ohne Trägermittel)
21371;Hochschulfinanzstatistik;JAHR;Jahr;2024;DLAND;Bundesländer;14;Sachsen;BILHA2;Hochschulart;HSLART06;Kunsthochschulen;BILFG4;Fächergruppen;FACHGR-RWSW;Rechts-, Wirtschafts- und Sozialwissenschaften;-;Tsd. EUR;ENM016;Einnahmen der Hochschulen (ohne Trägermittel)
21371;Hochschulfinanzstatistik;JAHR;Jahr;2024;DLAND;Bundesländer;14;Sachsen;BILHA2;Hochschulart;HSLART012;Medizinische Einrichtungen der Universitäten;BILFG4;Fächergruppen;FACHGR-SKW;Geisteswissenschaften;-;Tsd. EUR;ENM016;Einnahmen der Hochschulen (ohne Trägermittel)
21371;Hochschulfinanzstatistik;JAHR;Jahr;2024;DLAND;Bundesländer;12;Brandenburg;BILHA2;Hochschulart;HSLART05;Theologische Hochschulen;BILFG4;Fächergruppen;FACHGR-ZE-01;Zentr.Einrichtungen (o. klinikspez. Einrichtungen);-;Tsd. EUR;ENM016;Einnahmen der Hochschulen (ohne Trägermittel)
21371;Hochschulfinanzstatistik;JAHR;Jahr;2024;DLAND;Bundesländer;04;Bremen;BILHA2;Hochschulart;HSLART06;Kunsthochschulen;BILFG4;Fächergruppen;FACHGR-AGRVET;Agrar-, Forst- u.Ernährungswiss., Veterinärmedizin;-;Tsd. EUR;ENM016;Einnahmen der Hochschulen (ohne Trägermittel)
21371;Hochschulfinanzstatistik;JAHR;Jahr;2024;DLAND;Bundesländer;02;Hamburg;BILHA2;Hochschulart;HSLART011;Universitäten (ohne Medizinische Einrichtungen);BILFG4;Fächergruppen;FACHGR-NATW;Mathematik, Naturwissenschaften;57520;Tsd. EUR;ENM016;Einnahmen der Hochschulen (ohne Trägermittel)
21371;Hochschulfinanzstatistik;JAHR;Jahr;2024;DLAND;Bundesländer;08;Baden-Württemberg;BILHA2;Hochschulart;HSLART03;Pädagogische Hochschulen;BILFG4;Fächergruppen;FACHGR-MEDHUM;Humanmedizin/Gesundheitswissenschaften;899;Tsd. EUR;ENM016;Einnahmen der Hochschulen (ohne Trägermittel)
21371;Hochschulfinanzstatistik;JAHR;Jahr;2024;DLAND;Bundesländer;13;Mecklenburg-Vorpommern;BILHA2;Hochschulart;;Insgesamt;BILFG4;Fächergruppen;FACHGR-SPR;Sport;403;Tsd. EUR;ENM016;Einnahmen der Hochschulen (ohne Trägermittel)
21371;Hochschulfinanzstatistik;JAHR;Jahr;2024;DLAND;Bundesländer;02;Hamburg;BILHA2;Hochschulart;HSLART012;Medizinische Einrichtungen der Universitäten;BILFG4;Fächergruppen;;Insgesamt;1256164;Tsd. EUR;ENM016;Einnahmen der Hochschulen (ohne Trägermittel)
21371;Hochschulfinanzstatistik;JAHR;Jahr;2024;DLAND;Bundesländer;06;Hessen;BILHA2;Hochschulart;HSLART012;Medizinische Einrichtungen der Universitäten;BILFG4;Fächergruppen;FACHGR-KUNSTW;Kunst, Kunstwissenschaft;-;Tsd. EUR;ENM016;Einnahmen der Hochschulen (ohne Trägermittel)
21371;Hochschulfinanzstatistik;JAHR;Jahr;2024;DLAND;Bundesländer;06;Hessen;BILHA2;Hochschulart;HSLART012;Medizinische Einrichtungen der Universitäten;BILFG4;Fächergruppen;;Insgesamt;1923611;Tsd. EUR;ENM016;Einnahmen der Hochschulen (ohne Trägermittel)
21371;Hochschulfinanzstatistik;JAHR;Jahr;2024;DLAND;Bundesländer;01;Schleswig-Holstein;BILHA2;Hochschulart;HSLART06;Kunsthochschulen;BILFG4;Fächergruppen;FACHGR-NATW;Mathematik, Naturwissenschaften;-;Tsd. EUR;ENM016;Einnahmen der Hochschulen (ohne Trägermittel)
21371;Hochschulfinanzstatistik;JAHR;Jahr;2024;DLAND;Bundesländer;12;Brandenburg;BILHA2;Hochschulart;;Insgesamt;BILFG4;Fächergruppen;FACHGR-SPR;Sport;3895;Tsd. EUR;ENM016;Einnahmen der Hochschulen (ohne Trägermittel)
21371;Hochschulfinanzstatistik;JAHR;Jahr;2024;DLAND;Bundesländer;16;Thüringen;BILHA2;Hochschulart;;Insgesamt;BILFG4;Fächergruppen;FACHGR-NATW;Mathematik, Naturwissenschaften;76496;Tsd. EUR;ENM016;Einnahmen der Hochschulen (ohne Trägermittel)
21371;Hochschulfinanzstatistik;JAHR;Jahr;2024;DLAND;Bundesländer;07;Rheinland-Pfalz;BILHA2;Hochschulart;HSLART012;Medizinische Einrichtungen der Universitäten;BILFG4;Fächergruppen;;Insgesamt;910085;Tsd. EUR;ENM016;Einnahmen der Hochschulen (ohne Trägermittel)
21371;Hochschulfinanzstatistik;JAHR;Jahr;2024;DLAND;Bundesländer;12;Brandenburg;BILHA2;Hochschulart;HSLART012;Medizinische Einrichtungen der Universitäten;BILFG4;Fächergruppen;;Insgesamt;186157;Tsd. EUR;ENM016;Einnahmen der Hochschulen (ohne Trägermittel)
21371;Hochschulfinanzstatistik;JAHR;Jahr;2024;DLAND;Bundesländer;10;Saarland;BILHA2;Hochschulart;HSLART012;Medizinische Einrichtungen der Universitäten;BILFG4;Fächergruppen;FACHGR-AGRVET;Agrar-, Forst- u.Ernährungswiss., Veterinärmedizin;-;Tsd. EUR;ENM016;Einnahmen der Hochschulen (ohne Trägermittel)
21371;Hochschulfinanzstatistik;JAHR;Jahr;2024;DLAND;Bundesländer;12;Brandenburg;BILHA2;Hochschulart;HSLART011;Universitäten (ohne Medizinische Einrichtungen);BILFG4;Fächergruppen;FACHGR-SPR;Sport;2151;Tsd. EUR;ENM016;Einnahmen der Hochschulen (ohne Trägermittel)
21371;Hochschulfinanzstatistik;JAHR;Jahr;2024;DLAND;Bundesländer;02;Hamburg;BILHA2;Hochschulart;HSLART08;Fachhochschulen;BILFG4;Fächergruppen;FACHGR-RWSW;Rechts-, Wirtschafts- und Sozialwissenschaften;96525;Tsd. EUR;ENM016;Einnahmen der Hochschulen (ohne Trägermittel)
21371;Hochschulfinanzstatistik;JAHR;Jahr;2024;DLAND;Bundesländer;07;Rheinland-Pfalz;BILHA2;Hochschulart;HSLART082;Verwaltungsfachhochschulen;BILFG4;Fächergruppen;FACHGR-ZE-01;Zentr.Einrichtungen (o. klinikspez. Einrichtungen);-;Tsd. EUR;ENM016;Einnahmen der Hochschulen (ohne Trägermittel)
21371;Hochschulfinanzstatistik;JAHR;Jahr;2024;DLAND;Bundesländer;10;Saarland;BILHA2;Hochschulart;HSLART03;Pädagogische Hochschulen;BILFG4;Fächergruppen;;Insgesamt;-;Tsd. EUR;ENM016;Einnahmen der Hochschulen (ohne Trägermittel)
21371;Hochschulfinanzstatistik;JAHR;Jahr;2024;DLAND;Bundesländer;11;Berlin;BILHA2;Hochschulart;HSLART03;Pädagogische Hochschulen;BILFG4;Fächergruppen;FACHGR-RWSW;Rechts-, Wirtschafts- und Sozialwissenschaften;-;Tsd. EUR;ENM016;Einnahmen der Hochschulen (ohne Trägermittel)
21371;Hochschulfinanzstatistik;JAHR;Jahr;2024;DLAND;Bundesländer;03;Niedersachsen;BILHA2;Hochschulart;HSLART05;Theologische Hochschulen;BILFG4;Fächergruppen;FACHGR-ZE-01;Zentr.Einrichtungen (o. klinikspez. Einrichtungen);-;Tsd. EUR;ENM016;Einnahmen der Hochschulen (ohne Trägermittel)
21371;Hochschulfinanzstatistik;JAHR;Jahr;2024;DLAND;Bundesländer;02;Hamburg;BILHA2;Hochschulart;HSLART03;Pädagogische Hochschulen;BILFG4;Fächergruppen;FACHGR-NATW;Mathematik, Naturwissenschaften;-;Tsd. EUR;ENM016;Einnahmen der Hochschulen (ohne Trägermittel)
21371;Hochschulfinanzstatistik;JAHR;Jahr;2024;DLAND;Bundesländer;15;Sachsen-Anhalt;BILHA2;Hochschulart;HSLART082;Verwaltungsfachhochschulen;BILFG4;Fächergruppen;FACHGR-INGW;Ingenieurwissenschaften;-;Tsd. EUR;ENM016;Einnahmen der Hochschulen (ohne Trägermittel)
21371;Hochschulfinanzstatistik;JAHR;Jahr;2024;DLAND;Bundesländer;05;Nordrhein-Westfalen;BILHA2;Hochschulart;HSLART08;Fachhochschulen;BILFG4;Fächergruppen;FACHGR-INGW;Ingenieurwissenschaften;116384;Tsd. EUR;ENM016;Einnahmen der Hochschulen (ohne Trägermittel)
21371;Hochschulfinanzstatistik;JAHR;Jahr;2024;DLAND;Bundesländer;15;Sachsen-Anhalt;BILHA2;Hochschulart;HSLART06;Kunsthochschulen;BILFG4;Fächergruppen;FACHGR-NATW;Mathematik, Naturwissenschaften;-;Tsd. EUR;ENM016;Einnahmen der Hochschulen (ohne Trägermittel)
21371;Hochschulfinanzstatistik;JAHR;Jahr;2024;DLAND;Bundesländer;03;Niedersachsen;BILHA2;Hochschulart;HSLART012;Medizinische Einrichtungen der Universitäten;BILFG4;Fächergruppen;FACHGR-ZE-01;Zentr.Einrichtungen (o. klinikspez. Einrichtungen);-;Tsd. EUR;ENM016;Einnahmen der Hochschulen (ohne Trägermittel)
21371;Hochschulfinanzstatistik;JAHR;Jahr;2024;DLAND;Bundesländer;15;Sachsen-Anhalt;BILHA2;Hochschulart;HSLART08;Fachhochschulen;BILFG4;Fächergruppen;FACHGR-KUNSTW;Kunst, Kunstwissenschaft;311;Tsd. EUR;ENM016;Einnahmen der Hochschulen (ohne Trägermittel)
21371;Hochschulfinanzstatistik;JAHR;Jahr;2024;DLAND;Bundesländer;09;Bayern;BILHA2;Hochschulart;HSLART011;Universitäten (ohne Medizinische Einrichtungen);BILFG4;Fächergruppen;FACHGR-MEDHUM;Humanmedizin/Gesundheitswissenschaften;-;Tsd. EUR;ENM016;Einnahmen der Hochschulen (ohne Trägermittel)
21371;Hochschulfinanzstatistik;JAHR;Jahr;2024;DLAND;Bundesländer;15;Sachsen-Anhalt;BILHA2;Hochschulart;HSLART03;Pädagogische Hochschulen;BILFG4;Fächergruppen;FACHGR-SKW;Geisteswissenschaften;-;Tsd. EUR;ENM016;Einnahmen der Hochschulen (ohne Trägermittel)
21371;Hochschulfinanzstatistik;JAHR;Jahr;2024;DLAND;Bundesländer;06;Hessen;BILHA2;Hochschulart;HSLART082;Verwaltungsfachhochschulen;BILFG4;Fächergruppen;;Insgesamt;3632;Tsd. EUR;ENM016;Einnahmen der Hochschulen (ohne Trägermittel)
21371;Hochschulfinanzstatistik;JAHR;Jahr;2024;DLAND;Bundesländer;07;Rheinland-Pfalz;BILHA2;Hochschulart;HSLART082;Verwaltungsfachhochschulen;BILFG4;Fächergruppen;;Insgesamt;8439;Tsd. EUR;ENM016;Einnahmen der Hochschulen (ohne Trägermittel)
21371;Hochschulfinanzstatistik;JAHR;Jahr;2024;DLAND;Bundesländer;02;Hamburg;BILHA2;Hochschulart;HSLART03;Pädagogische Hochschulen;BILFG4;Fächergruppen;FACHGR-ZE-01;Zentr.Einrichtungen (o. klinikspez. Einrichtungen);-;Tsd. EUR;ENM016;Einnahmen der Hochschulen (ohne Trägermittel)
21371;Hochschulfinanzstatistik;JAHR;Jahr;2024;DLAND;Bundesländer;01;Schleswig-Holstein;BILHA2;Hochschulart;HSLART082;Verwaltungsfachhochschulen;BILFG4;Fächergruppen;;Insgesamt;15107;Tsd. EUR;ENM016;Einnahmen der Hochschulen (ohne Trägermittel)
21371;Hochschulfinanzstatistik;JAHR;Jahr;2024;DLAND;Bundesländer;06;Hessen;BILHA2;Hochschulart;HSLART082;Verwaltungsfachhochschulen;BILFG4;Fächergruppen;FACHGR-INGW;Ingenieurwissenschaften;0;Tsd. EUR;ENM016;Einnahmen der Hochschulen (ohne Trägermittel)
21371;Hochschulfinanzstatistik;JAHR;Jahr;2024;DLAND;Bundesländer;12;Brandenburg;BILHA2;Hochschulart;HSLART03;Pädagogische Hochschulen;BILFG4;Fächergruppen;FACHGR-KUNSTW;Kunst, Kunstwissenschaft;-;Tsd. EUR;ENM016;Einnahmen der Hochschulen (ohne Trägermittel)
21371;Hochschulfinanzstatistik;JAHR;Jahr;2024;DLAND;Bundesländer;05;Nordrhein-Westfalen;BILHA2;Hochschulart;HSLART082;Verwaltungsfachhochschulen;BILFG4;Fächergruppen;;Insgesamt;8808;Tsd. EUR;ENM016;Einnahmen der Hochschulen (ohne Trägermittel)
21371;Hochschulfinanzstatistik;JAHR;Jahr;2024;DLAND;Bundesländer;06;Hessen;BILHA2;Hochschulart;HSLART06;Kunsthochschulen;BILFG4;Fächergruppen;FACHGR-INGW;Ingenieurwissenschaften;-;Tsd. EUR;ENM016;Einnahmen der Hochschulen (ohne Trägermittel)
21371;Hochschulfinanzstatistik;JAHR;Jahr;2024;DLAND;Bundesländer;14;Sachsen;BILHA2;Hochschulart;HSLART06;Kunsthochschulen;BILFG4;Fächergruppen;FACHGR-MEDHUM;Humanmedizin/Gesundheitswissenschaften;-;Tsd. EUR;ENM016;Einnahmen der Hochschulen (ohne Trägermittel)
21371;Hochschulfinanzstatistik;JAHR;Jahr;2024;DLAND;Bundesländer;05;Nordrhein-Westfalen;BILHA2;Hochschulart;HSLART03;Pädagogische Hochschulen;BILFG4;Fächergruppen;FACHGR-SKW;Geisteswissenschaften;-;Tsd. EUR;ENM016;Einnahmen der Hochschulen (ohne Trägermittel)
21371;Hochschulfinanzstatistik;JAHR;Jahr;2024;DLAND;Bundesländer;03;Niedersachsen;BILHA2;Hochschulart;HSLART011;Universitäten (ohne Medizinische Einrichtungen);BILFG4;Fächergruppen;FACHGR-NATW;Mathematik, Naturwissenschaften;137698;Tsd. EUR;ENM016;Einnahmen der Hochschulen (ohne Trägermittel)
21371;Hochschulfinanzstatistik;JAHR;Jahr;2024;DLAND;Bundesländer;07;Rheinland-Pfalz;BILHA2;Hochschulart;HSLART06;Kunsthochschulen;BILFG4;Fächergruppen;FACHGR-AGRVET;Agrar-, Forst- u.Ernährungswiss., Veterinärmedizin;-;Tsd. EUR;ENM016;Einnahmen der Hochschulen (ohne Trägermittel)
21371;Hochschulfinanzstatistik;JAHR;Jahr;2024;DLAND;Bundesländer;05;Nordrhein-Westfalen;BILHA2;Hochschulart;HSLART03;Pädagogische Hochschulen;BILFG4;Fächergruppen;FACHGR-INGW;Ingenieurwissenschaften;-;Tsd. EUR;ENM016;Einnahmen der Hochschulen (ohne Trägermittel)
21371;Hochschulfinanzstatistik;JAHR;Jahr;2024;DLAND;Bundesländer;14;Sachsen;BILHA2;Hochschulart;HSLART08;Fachhochschulen;BILFG4;Fächergruppen;;Insgesamt;81332;Tsd. EUR;ENM016;Einnahmen der Hochschulen (ohne Trägermittel)
21371;Hochschulfinanzstatistik;JAHR;Jahr;2024;DLAND;Bundesländer;08;Baden-Württemberg;BILHA2;Hochschulart;;Insgesamt;BILFG4;Fächergruppen;FACHGR-RWSW;Rechts-, Wirtschafts- und Sozialwissenschaften;284883;Tsd. EUR;ENM016;Einnahmen der Hochschulen (ohne Trägermittel)
21371;Hochschulfinanzstatistik;JAHR;Jahr;2024;DLAND;Bundesländer;10;Saarland;BILHA2;Hochschulart;HSLART03;Pädagogische Hochschulen;BILFG4;Fächergruppen;FACHGR-KUNSTW;Kunst, Kunstwissenschaft;-;Tsd. EUR;ENM016;Einnahmen der Hochschulen (ohne Trägermittel)
21371;Hochschulfinanzstatistik;JAHR;Jahr;2024;DLAND;Bundesländer;15;Sachsen-Anhalt;BILHA2;Hochschulart;HSLART06;Kunsthochschulen;BILFG4;Fächergruppen;FACHGR-KUNSTW;Kunst, Kunstwissenschaft;921;Tsd. EUR;ENM016;Einnahmen der Hochschulen (ohne Trägermittel)
21371;Hochschulfinanzstatistik;JAHR;Jahr;2024;DLAND;Bundesländer;05;Nordrhein-Westfalen;BILHA2;Hochschulart;HSLART06;Kunsthochschulen;BILFG4;Fächergruppen;;Insgesamt;33274;Tsd. EUR;ENM016;Einnahmen der Hochschulen (ohne Trägermittel)
21371;Hochschulfinanzstatistik;JAHR;Jahr;2024;DLAND;Bundesländer;07;Rheinland-Pfalz;BILHA2;Hochschulart;HSLART012;Medizinische Einrichtungen der Universitäten;BILFG4;Fächergruppen;FACHGR-AGRVET;Agrar-, Forst- u.Ernährungswiss., Veterinärmedizin;-;Tsd. EUR;ENM016;Einnahmen der Hochschulen (ohne Trägermittel)
21371;Hochschulfinanzstatistik;JAHR;Jahr;2024;DLAND;Bundesländer;11;Berlin;BILHA2;Hochschulart;;Insgesamt;BILFG4;Fächergruppen;FACHGR-MEDHUM;Humanmedizin/Gesundheitswissenschaften;2447437;Tsd. EUR;ENM016;Einnahmen der Hochschulen (ohne Trägermittel)
21371;Hochschulfinanzstatistik;JAHR;Jahr;2024;DLAND;Bundesländer;07;Rheinland-Pfalz;BILHA2;Hochschulart;HSLART06;Kunsthochschulen;BILFG4;Fächergruppen;FACHGR-ZE-01;Zentr.Einrichtungen (o. klinikspez. Einrichtungen);-;Tsd. EUR;ENM016;Einnahmen der Hochschulen (ohne Trägermittel)
21371;Hochschulfinanzstatistik;JAHR;Jahr;2024;DLAND;Bundesländer;07;Rheinland-Pfalz;BILHA2;Hochschulart;HSLART082;Verwaltungsfachhochschulen;BILFG4;Fächergruppen;FACHGR-KUNSTW;Kunst, Kunstwissenschaft;-;Tsd. EUR;ENM016;Einnahmen der Hochschulen (ohne Trägermittel)
21371;Hochschulfinanzstatistik;JAHR;Jahr;2024;DLAND;Bundesländer;03;Niedersachsen;BILHA2;Hochschulart;HSLART03;Pädagogische Hochschulen;BILFG4;Fächergruppen;FACHGR-AGRVET;Agrar-, Forst- u.Ernährungswiss., Veterinärmedizin;-;Tsd. EUR;ENM016;Einnahmen der Hochschulen (ohne Trägermittel)
21371;Hochschulfinanzstatistik;JAHR;Jahr;2024;DLAND;Bundesländer;10;Saarland;BILHA2;Hochschulart;HSLART03;Pädagogische Hochschulen;BILFG4;Fächergruppen;FACHGR-INGW;Ingenieurwissenschaften;-;Tsd. EUR;ENM016;Einnahmen der Hochschulen (ohne Trägermittel)
21371;Hochschulfinanzstatistik;JAHR;Jahr;2024;DLAND;Bundesländer;11;Berlin;BILHA2;Hochschulart;HSLART06;Kunsthochschulen;BILFG4;Fächergruppen;FACHGR-INGW;Ingenieurwissenschaften;719;Tsd. EUR;ENM016;Einnahmen der Hochschulen (ohne Trägermittel)
21371;Hochschulfinanzstatistik;JAHR;Jahr;2024;DLAND;Bundesländer;11;Berlin;BILHA2;Hochschulart;HSLART082;Verwaltungsfachhochschulen;BILFG4;Fächergruppen;FACHGR-AGRVET;Agrar-, Forst- u.Ernährungswiss., Veterinärmedizin;-;Tsd. EUR;ENM016;Einnahmen der Hochschulen (ohne Trägermittel)
21371;Hochschulfinanzstatistik;JAHR;Jahr;2024;DLAND;Bundesländer;05;Nordrhein-Westfalen;BILHA2;Hochschulart;HSLART08;Fachhochschulen;BILFG4;Fächergruppen;FACHGR-RWSW;Rechts-, Wirtschafts- und Sozialwissenschaften;207215;Tsd. EUR;ENM016;Einnahmen der Hochschulen (ohne Trägermittel)
21371;Hochschulfinanzstatistik;JAHR;Jahr;2024;DLAND;Bundesländer;03;Niedersachsen;BILHA2;Hochschulart;HSLART011;Universitäten (ohne Medizinische Einrichtungen);BILFG4;Fächergruppen;FACHGR-SKW;Geisteswissenschaften;26277;Tsd. EUR;ENM016;Einnahmen der Hochschulen (ohne Trägermittel)
21371;Hochschulfinanzstatistik;JAHR;Jahr;2024;DLAND;Bundesländer;16;Thüringen;BILHA2;Hochschulart;HSLART08;Fachhochschulen;BILFG4;Fächergruppen;FACHGR-SKW;Geisteswissenschaften;-;Tsd. EUR;ENM016;Einnahmen der Hochschulen (ohne Trägermittel)
21371;Hochschulfinanzstatistik;JAHR;Jahr;2024;DLAND;Bundesländer;10;Saarland;BILHA2;Hochschulart;HSLART06;Kunsthochschulen;BILFG4;Fächergruppen;FACHGR-INGW;Ingenieurwissenschaften;-;Tsd. EUR;ENM016;Einnahmen der Hochschulen (ohne Trägermittel)
21371;Hochschulfinanzstatistik;JAHR;Jahr;2024;DLAND;Bundesländer;13;Mecklenburg-Vorpommern;BILHA2;Hochschulart;HSLART082;Verwaltungsfachhochschulen;BILFG4;Fächergruppen;;Insgesamt;1482;Tsd. EUR;ENM016;Einnahmen der Hochschulen (ohne Trägermittel)
21371;Hochschulfinanzstatistik;JAHR;Jahr;2024;DLAND;Bundesländer;07;Rheinland-Pfalz;BILHA2;Hochschulart;HSLART06;Kunsthochschulen;BILFG4;Fächergruppen;FACHGR-INGW;Ingenieurwissenschaften;-;Tsd. EUR;ENM016;Einnahmen der Hochschulen (ohne Trägermittel)
21371;Hochschulfinanzstatistik;JAHR;Jahr;2024;DLAND;Bundesländer;08;Baden-Württemberg;BILHA2;Hochschulart;HSLART012;Medizinische Einrichtungen der Universitäten;BILFG4;Fächergruppen;FACHGR-KUNSTW;Kunst, Kunstwissenschaft;-;Tsd. EUR;ENM016;Einnahmen der Hochschulen (ohne Trägermittel)
21371;Hochschulfinanzstatistik;JAHR;Jahr;2024;DLAND;Bundesländer;04;Bremen;BILHA2;Hochschulart;HSLART03;Pädagogische Hochschulen;BILFG4;Fächergruppen;FACHGR-SKW;Geisteswissenschaften;-;Tsd. EUR;ENM016;Einnahmen der Hochschulen (ohne Trägermittel)
21371;Hochschulfinanzstatistik;JAHR;Jahr;2024;DLAND;Bundesländer;10;Saarland;BILHA2;Hochschulart;HSLART08;Fachhochschulen;BILFG4;Fächergruppen;FACHGR-RWSW;Rechts-, Wirtschafts- und Sozialwissenschaften;2330;Tsd. EUR;ENM016;Einnahmen der Hochschulen (ohne Trägermittel)
21371;Hochschulfinanzstatistik;JAHR;Jahr;2024;DLAND;Bundesländer;06;Hessen;BILHA2;Hochschulart;HSLART082;Verwaltungsfachhochschulen;BILFG4;Fächergruppen;FACHGR-AGRVET;Agrar-, Forst- u.Ernährungswiss., Veterinärmedizin;-;Tsd. EUR;ENM016;Einnahmen der Hochschulen (ohne Trägermittel)
21371;Hochschulfinanzstatistik;JAHR;Jahr;2024;DLAND;Bundesländer;16;Thüringen;BILHA2;Hochschulart;HSLART06;Kunsthochschulen;BILFG4;Fächergruppen;FACHGR-MEDHUM;Humanmedizin/Gesundheitswissenschaften;-;Tsd. EUR;ENM016;Einnahmen der Hochschulen (ohne Trägermittel)
21371;Hochschulfinanzstatistik;JAHR;Jahr;2024;DLAND;Bundesländer;07;Rheinland-Pfalz;BILHA2;Hochschulart;HSLART08;Fachhochschulen;BILFG4;Fächergruppen;FACHGR-SKW;Geisteswissenschaften;291;Tsd. EUR;ENM016;Einnahmen der Hochschulen (ohne Trägermittel)
21371;Hochschulfinanzstatistik;JAHR;Jahr;2024;DLAND;Bundesländer;03;Niedersachsen;BILHA2;Hochschulart;HSLART011;Universitäten (ohne Medizinische Einrichtungen);BILFG4;Fächergruppen;;Insgesamt;735657;Tsd. EUR;ENM016;Einnahmen der Hochschulen (ohne Trägermittel)
21371;Hochschulfinanzstatistik;JAHR;Jahr;2024;DLAND;Bundesländer;11;Berlin;BILHA2;Hochschulart;HSLART082;Verwaltungsfachhochschulen;BILFG4;Fächergruppen;FACHGR-NATW;Mathematik, Naturwissenschaften;-;Tsd. EUR;ENM016;Einnahmen der Hochschulen (ohne Trägermittel)
21371;Hochschulfinanzstatistik;JAHR;Jahr;2024;DLAND;Bundesländer;04;Bremen;BILHA2;Hochschulart;HSLART08;Fachhochschulen;BILFG4;Fächergruppen;FACHGR-RWSW;Rechts-, Wirtschafts- und Sozialwissenschaften;3599;Tsd. EUR;ENM016;Einnahmen der Hochschulen (ohne Trägermittel)
21371;Hochschulfinanzstatistik;JAHR;Jahr;2024;DLAND;Bundesländer;05;Nordrhein-Westfalen;BILHA2;Hochschulart;HSLART03;Pädagogische Hochschulen;BILFG4;Fächergruppen;FACHGR-ZE-01;Zentr.Einrichtungen (o. klinikspez. Einrichtungen);-;Tsd. EUR;ENM016;Einnahmen der Hochschulen (ohne Trägermittel)
21371;Hochschulfinanzstatistik;JAHR;Jahr;2024;DLAND;Bundesländer;16;Thüringen;BILHA2;Hochschulart;HSLART011;Universitäten (ohne Medizinische Einrichtungen);BILFG4;Fächergruppen;FACHGR-INGW;Ingenieurwissenschaften;56602;Tsd. EUR;ENM016;Einnahmen der Hochschulen (ohne Trägermittel)
21371;Hochschulfinanzstatistik;JAHR;Jahr;2024;DLAND;Bundesländer;12;Brandenburg;BILHA2;Hochschulart;HSLART012;Medizinische Einrichtungen der Universitäten;BILFG4;Fächergruppen;FACHGR-AGRVET;Agrar-, Forst- u.Ernährungswiss., Veterinärmedizin;-;Tsd. EUR;ENM016;Einnahmen der Hochschulen (ohne Trägermittel)
21371;Hochschulfinanzstatistik;JAHR;Jahr;2024;DLAND;Bundesländer;07;Rheinland-Pfalz;BILHA2;Hochschulart;HSLART03;Pädagogische Hochschulen;BILFG4;Fächergruppen;FACHGR-SKW;Geisteswissenschaften;-;Tsd. EUR;ENM016;Einnahmen der Hochschulen (ohne Trägermittel)
21371;Hochschulfinanzstatistik;JAHR;Jahr;2024;DLAND;Bundesländer;13;Mecklenburg-Vorpommern;BILHA2;Hochschulart;HSLART012;Medizinische Einrichtungen der Universitäten;BILFG4;Fächergruppen;FACHGR-KUNSTW;Kunst, Kunstwissenschaft;-;Tsd. EUR;ENM016;Einnahmen der Hochschulen (ohne Trägermittel)
21371;Hochschulfinanzstatistik;JAHR;Jahr;2024;DLAND;Bundesländer;05;Nordrhein-Westfalen;BILHA2;Hochschulart;HSLART05;Theologische Hochschulen;BILFG4;Fächergruppen;;Insgesamt;2814;Tsd. EUR;ENM016;Einnahmen der Hochschulen (ohne Trägermittel)
21371;Hochschulfinanzstatistik;JAHR;Jahr;2024;DLAND;Bundesländer;11;Berlin;BILHA2;Hochschulart;HSLART06;Kunsthochschulen;BILFG4;Fächergruppen;FACHGR-MEDHUM;Humanmedizin/Gesundheitswissenschaften;-;Tsd. EUR;ENM016;Einnahmen der Hochschulen (ohne Trägermittel)
21371;Hochschulfinanzstatistik;JAHR;Jahr;2024;DLAND;Bundesländer;03;Niedersachsen;BILHA2;Hochschulart;HSLART012;Medizinische Einrichtungen der Universitäten;BILFG4;Fächergruppen;FACHGR-KUNSTW;Kunst, Kunstwissenschaft;-;Tsd. EUR;ENM016;Einnahmen der Hochschulen (ohne Trägermittel)
21371;Hochschulfinanzstatistik;JAHR;Jahr;2024;DLAND;Bundesländer;06;Hessen;BILHA2;Hochschulart;HSLART08;Fachhochschulen;BILFG4;Fächergruppen;FACHGR-RWSW;Rechts-, Wirtschafts- und Sozialwissenschaften;42108;Tsd. EUR;ENM016;Einnahmen der Hochschulen (ohne Trägermittel)
21371;Hochschulfinanzstatistik;JAHR;Jahr;2024;DLAND;Bundesländer;16;Thüringen;BILHA2;Hochschulart;;Insgesamt;BILFG4;Fächergruppen;FACHGR-KUNSTW;Kunst, Kunstwissenschaft;1788;Tsd. EUR;ENM016;Einnahmen der Hochschulen (ohne Trägermittel)
21371;Hochschulfinanzstatistik;JAHR;Jahr;2024;DLAND;Bundesländer;04;Bremen;BILHA2;Hochschulart;HSLART011;Universitäten (ohne Medizinische Einrichtungen);BILFG4;Fächergruppen;FACHGR-MEDHUM;Humanmedizin/Gesundheitswissenschaften;-;Tsd. EUR;ENM016;Einnahmen der Hochschulen (ohne Trägermittel)
21371;Hochschulfinanzstatistik;JAHR;Jahr;2024;DLAND;Bundesländer;12;Brandenburg;BILHA2;Hochschulart;HSLART06;Kunsthochschulen;BILFG4;Fächergruppen;FACHGR-KUNSTW;Kunst, Kunstwissenschaft;-;Tsd. EUR;ENM016;Einnahmen der Hochschulen (ohne Trägermittel)
21371;Hochschulfinanzstatistik;JAHR;Jahr;2024;DLAND;Bundesländer;06;Hessen;BILHA2;Hochschulart;HSLART012;Medizinische Einrichtungen der Universitäten;BILFG4;Fächergruppen;FACHGR-SPR;Sport;-;Tsd. EUR;ENM016;Einnahmen der Hochschulen (ohne Trägermittel)
21371;Hochschulfinanzstatistik;JAHR;Jahr;2024;DLAND;Bundesländer;13;Mecklenburg-Vorpommern;BILHA2;Hochschulart;HSLART03;Pädagogische Hochschulen;BILFG4;Fächergruppen;FACHGR-KUNSTW;Kunst, Kunstwissenschaft;-;Tsd. EUR;ENM016;Einnahmen der Hochschulen (ohne Trägermittel)
21371;Hochschulfinanzstatistik;JAHR;Jahr;2024;DLAND;Bundesländer;08;Baden-Württemberg;BILHA2;Hochschulart;HSLART03;Pädagogische Hochschulen;BILFG4;Fächergruppen;FACHGR-SKW;Geisteswissenschaften;4264;Tsd. EUR;ENM016;Einnahmen der Hochschulen (ohne Trägermittel)
21371;Hochschulfinanzstatistik;JAHR;Jahr;2024;DLAND;Bundesländer;14;Sachsen;BILHA2;Hochschulart;HSLART06;Kunsthochschulen;BILFG4;Fächergruppen;;Insgesamt;5621;Tsd. EUR;ENM016;Einnahmen der Hochschulen (ohne Trägermittel)
21371;Hochschulfinanzstatistik;JAHR;Jahr;2024;DLAND;Bundesländer;16;Thüringen;BILHA2;Hochschulart;HSLART012;Medizinische Einrichtungen der Universitäten;BILFG4;Fächergruppen;FACHGR-MEDHUM;Humanmedizin/Gesundheitswissenschaften;618140;Tsd. EUR;ENM016;Einnahmen der Hochschulen (ohne Trägermittel)
21371;Hochschulfinanzstatistik;JAHR;Jahr;2024;DLAND;Bundesländer;04;Bremen;BILHA2;Hochschulart;HSLART05;Theologische Hochschulen;BILFG4;Fächergruppen;FACHGR-RWSW;Rechts-, Wirtschafts- und Sozialwissenschaften;-;Tsd. EUR;ENM016;Einnahmen der Hochschulen (ohne Trägermittel)
21371;Hochschulfinanzstatistik;JAHR;Jahr;2024;DLAND;Bundesländer;02;Hamburg;BILHA2;Hochschulart;HSLART06;Kunsthochschulen;BILFG4;Fächergruppen;FACHGR-AGRVET;Agrar-, Forst- u.Ernährungswiss., Veterinärmedizin;-;Tsd. EUR;ENM016;Einnahmen der Hochschulen (ohne Trägermittel)
21371;Hochschulfinanzstatistik;JAHR;Jahr;2024;DLAND;Bundesländer;10;Saarland;BILHA2;Hochschulart;HSLART03;Pädagogische Hochschulen;BILFG4;Fächergruppen;FACHGR-SPR;Sport;-;Tsd. EUR;ENM016;Einnahmen der Hochschulen (ohne Trägermittel)
21371;Hochschulfinanzstatistik;JAHR;Jahr;2024;DLAND;Bundesländer;16;Thüringen;BILHA2;Hochschulart;HSLART05;Theologische Hochschulen;BILFG4;Fächergruppen;FACHGR-AGRVET;Agrar-, Forst- u.Ernährungswiss., Veterinärmedizin;-;Tsd. EUR;ENM016;Einnahmen der Hochschulen (ohne Trägermittel)
21371;Hochschulfinanzstatistik;JAHR;Jahr;2024;DLAND;Bundesländer;05;Nordrhein-Westfalen;BILHA2;Hochschulart;HSLART012;Medizinische Einrichtungen der Universitäten;BILFG4;Fächergruppen;FACHGR-SPR;Sport;-;Tsd. EUR;ENM016;Einnahmen der Hochschulen (ohne Trägermittel)
21371;Hochschulfinanzstatistik;JAHR;Jahr;2024;DLAND;Bundesländer;12;Brandenburg;BILHA2;Hochschulart;HSLART082;Verwaltungsfachhochschulen;BILFG4;Fächergruppen;FACHGR-KUNSTW;Kunst, Kunstwissenschaft;-;Tsd. EUR;ENM016;Einnahmen der Hochschulen (ohne Trägermittel)
21371;Hochschulfinanzstatistik;JAHR;Jahr;2024;DLAND;Bundesländer;04;Bremen;BILHA2;Hochschulart;HSLART011;Universitäten (ohne Medizinische Einrichtungen);BILFG4;Fächergruppen;FACHGR-RWSW;Rechts-, Wirtschafts- und Sozialwissenschaften;21663;Tsd. EUR;ENM016;Einnahmen der Hochschulen (ohne Trägermittel)
21371;Hochschulfinanzstatistik;JAHR;Jahr;2024;DLAND;Bundesländer;12;Brandenburg;BILHA2;Hochschulart;HSLART03;Pädagogische Hochschulen;BILFG4;Fächergruppen;FACHGR-INGW;Ingenieurwissenschaften;-;Tsd. EUR;ENM016;Einnahmen der Hochschulen (ohne Trägermittel)
21371;Hochschulfinanzstatistik;JAHR;Jahr;2024;DLAND;Bundesländer;12;Brandenburg;BILHA2;Hochschulart;HSLART06;Kunsthochschulen;BILFG4;Fächergruppen;FACHGR-INGW;Ingenieurwissenschaften;-;Tsd. EUR;ENM016;Einnahmen der Hochschulen (ohne Trägermittel)
21371;Hochschulfinanzstatistik;JAHR;Jahr;2024;DLAND;Bundesländer;09;Bayern;BILHA2;Hochschulart;HSLART08;Fachhochschulen;BILFG4;Fächergruppen;FACHGR-SKW;Geisteswissenschaften;4781;Tsd. EUR;ENM016;Einnahmen der Hochschulen (ohne Trägermittel)
21371;Hochschulfinanzstatistik;JAHR;Jahr;2024;DLAND;Bundesländer;02;Hamburg;BILHA2;Hochschulart;HSLART012;Medizinische Einrichtungen der Universitäten;BILFG4;Fächergruppen;FACHGR-AGRVET;Agrar-, Forst- u.Ernährungswiss., Veterinärmedizin;-;Tsd. EUR;ENM016;Einnahmen der Hochschulen (ohne Trägermittel)
21371;Hochschulfinanzstatistik;JAHR;Jahr;2024;DLAND;Bundesländer;02;Hamburg;BILHA2;Hochschulart;HSLART03;Pädagogische Hochschulen;BILFG4;Fächergruppen;FACHGR-SKW;Geisteswissenschaften;-;Tsd. EUR;ENM016;Einnahmen der Hochschulen (ohne Trägermittel)
21371;Hochschulfinanzstatistik;JAHR;Jahr;2024;DLAND;Bundesländer;06;Hessen;BILHA2;Hochschulart;HSLART05;Theologische Hochschulen;BILFG4;Fächergruppen;FACHGR-RWSW;Rechts-, Wirtschafts- und Sozialwissenschaften;-;Tsd. EUR;ENM016;Einnahmen der Hochschulen (ohne Trägermittel)
21371;Hochschulfinanzstatistik;JAHR;Jahr;2024;DLAND;Bundesländer;01;Schleswig-Holstein;BILHA2;Hochschulart;HSLART05;Theologische Hochschulen;BILFG4;Fächergruppen;FACHGR-ZE-01;Zentr.Einrichtungen (o. klinikspez. Einrichtungen);-;Tsd. EUR;ENM016;Einnahmen der Hochschulen (ohne Trägermittel)
21371;Hochschulfinanzstatistik;JAHR;Jahr;2024;DLAND;Bundesländer;11;Berlin;BILHA2;Hochschulart;HSLART03;Pädagogische Hochschulen;BILFG4;Fächergruppen;FACHGR-INGW;Ingenieurwissenschaften;-;Tsd. EUR;ENM016;Einnahmen der Hochschulen (ohne Trägermittel)
21371;Hochschulfinanzstatistik;JAHR;Jahr;2024;DLAND;Bundesländer;15;Sachsen-Anhalt;BILHA2;Hochschulart;HSLART012;Medizinische Einrichtungen der Universitäten;BILFG4;Fächergruppen;FACHGR-INGW;Ingenieurwissenschaften;-;Tsd. EUR;ENM016;Einnahmen der Hochschulen (ohne Trägermittel)
21371;Hochschulfinanzstatistik;JAHR;Jahr;2024;DLAND;Bundesländer;15;Sachsen-Anhalt;BILHA2;Hochschulart;HSLART082;Verwaltungsfachhochschulen;BILFG4;Fächergruppen;FACHGR-MEDHUM;Humanmedizin/Gesundheitswissenschaften;-;Tsd. EUR;ENM016;Einnahmen der Hochschulen (ohne Trägermittel)
21371;Hochschulfinanzstatistik;JAHR;Jahr;2024;DLAND;Bundesländer;12;Brandenburg;BILHA2;Hochschulart;HSLART03;Pädagogische Hochschulen;BILFG4;Fächergruppen;FACHGR-MEDHUM;Humanmedizin/Gesundheitswissenschaften;-;Tsd. EUR;ENM016;Einnahmen der Hochschulen (ohne Trägermittel)
21371;Hochschulfinanzstatistik;JAHR;Jahr;2024;DLAND;Bundesländer;05;Nordrhein-Westfalen;BILHA2;Hochschulart;HSLART05;Theologische Hochschulen;BILFG4;Fächergruppen;FACHGR-RWSW;Rechts-, Wirtschafts- und Sozialwissenschaften;-;Tsd. EUR;ENM016;Einnahmen der Hochschulen (ohne Trägermittel)
21371;Hochschulfinanzstatistik;JAHR;Jahr;2024;DLAND;Bundesländer;05;Nordrhein-Westfalen;BILHA2;Hochschulart;;Insgesamt;BILFG4;Fächergruppen;FACHGR-SKW;Geisteswissenschaften;111286;Tsd. EUR;ENM016;Einnahmen der Hochschulen (ohne Trägermittel)
21371;Hochschulfinanzstatistik;JAHR;Jahr;2024;DLAND;Bundesländer;04;Bremen;BILHA2;Hochschulart;HSLART012;Medizinische Einrichtungen der Universitäten;BILFG4;Fächergruppen;FACHGR-SPR;Sport;-;Tsd. EUR;ENM016;Einnahmen der Hochschulen (ohne Trägermittel)
21371;Hochschulfinanzstatistik;JAHR;Jahr;2024;DLAND;Bundesländer;05;Nordrhein-Westfalen;BILHA2;Hochschulart;HSLART06;Kunsthochschulen;BILFG4;Fächergruppen;FACHGR-AGRVET;Agrar-, Forst- u.Ernährungswiss., Veterinärmedizin;-;Tsd. EUR;ENM016;Einnahmen der Hochschulen (ohne Trägermittel)
21371;Hochschulfinanzstatistik;JAHR;Jahr;2024;DLAND;Bundesländer;01;Schleswig-Holstein;BILHA2;Hochschulart;HSLART05;Theologische Hochschulen;BILFG4;Fächergruppen;FACHGR-NATW;Mathematik, Naturwissenschaften;-;Tsd. EUR;ENM016;Einnahmen der Hochschulen (ohne Trägermittel)
21371;Hochschulfinanzstatistik;JAHR;Jahr;2024;DLAND;Bundesländer;13;Mecklenburg-Vorpommern;BILHA2;Hochschulart;HSLART03;Pädagogische Hochschulen;BILFG4;Fächergruppen;FACHGR-INGW;Ingenieurwissenschaften;-;Tsd. EUR;ENM016;Einnahmen der Hochschulen (ohne Trägermittel)
21371;Hochschulfinanzstatistik;JAHR;Jahr;2024;DLAND;Bundesländer;07;Rheinland-Pfalz;BILHA2;Hochschulart;HSLART05;Theologische Hochschulen;BILFG4;Fächergruppen;FACHGR-SPR;Sport;-;Tsd. EUR;ENM016;Einnahmen der Hochschulen (ohne Trägermittel)
21371;Hochschulfinanzstatistik;JAHR;Jahr;2024;DLAND;Bundesländer;07;Rheinland-Pfalz;BILHA2;Hochschulart;HSLART012;Medizinische Einrichtungen der Universitäten;BILFG4;Fächergruppen;FACHGR-RWSW;Rechts-, Wirtschafts- und Sozialwissenschaften;-;Tsd. EUR;ENM016;Einnahmen der Hochschulen (ohne Trägermittel)
21371;Hochschulfinanzstatistik;JAHR;Jahr;2024;DLAND;Bundesländer;01;Schleswig-Holstein;BILHA2;Hochschulart;HSLART082;Verwaltungsfachhochschulen;BILFG4;Fächergruppen;FACHGR-AGRVET;Agrar-, Forst- u.Ernährungswiss., Veterinärmedizin;-;Tsd. EUR;ENM016;Einnahmen der Hochschulen (ohne Trägermittel)
21371;Hochschulfinanzstatistik;JAHR;Jahr;2024;DLAND;Bundesländer;11;Berlin;BILHA2;Hochschulart;HSLART011;Universitäten (ohne Medizinische Einrichtungen);BILFG4;Fächergruppen;FACHGR-SPR;Sport;1010;Tsd. EUR;ENM016;Einnahmen der Hochschulen (ohne Trägermittel)
21371;Hochschulfinanzstatistik;JAHR;Jahr;2024;DLAND;Bundesländer;04;Bremen;BILHA2;Hochschulart;HSLART082;Verwaltungsfachhochschulen;BILFG4;Fächergruppen;FACHGR-INGW;Ingenieurwissenschaften;-;Tsd. EUR;ENM016;Einnahmen der Hochschulen (ohne Trägermittel)
21371;Hochschulfinanzstatistik;JAHR;Jahr;2024;DLAND;Bundesländer;05;Nordrhein-Westfalen;BILHA2;Hochschulart;HSLART082;Verwaltungsfachhochschulen;BILFG4;Fächergruppen;FACHGR-ZE-01;Zentr.Einrichtungen (o. klinikspez. Einrichtungen);4367;Tsd. EUR;ENM016;Einnahmen der Hochschulen (ohne Trägermittel)
21371;Hochschulfinanzstatistik;JAHR;Jahr;2024;DLAND;Bundesländer;16;Thüringen;BILHA2;Hochschulart;HSLART08;Fachhochschulen;BILFG4;Fächergruppen;FACHGR-AGRVET;Agrar-, Forst- u.Ernährungswiss., Veterinärmedizin;2171;Tsd. EUR;ENM016;Einnahmen der Hochschulen (ohne Trägermittel)
21371;Hochschulfinanzstatistik;JAHR;Jahr;2024;DLAND;Bundesländer;16;Thüringen;BILHA2;Hochschulart;;Insgesamt;BILFG4;Fächergruppen;;Insgesamt;1548077;Tsd. EUR;ENM016;Einnahmen der Hochschulen (ohne Trägermittel)
21371;Hochschulfinanzstatistik;JAHR;Jahr;2024;DLAND;Bundesländer;02;Hamburg;BILHA2;Hochschulart;HSLART082;Verwaltungsfachhochschulen;BILFG4;Fächergruppen;FACHGR-NATW;Mathematik, Naturwissenschaften;-;Tsd. EUR;ENM016;Einnahmen der Hochschulen (ohne Trägermittel)
21371;Hochschulfinanzstatistik;JAHR;Jahr;2024;DLAND;Bundesländer;07;Rheinland-Pfalz;BILHA2;Hochschulart;HSLART06;Kunsthochschulen;BILFG4;Fächergruppen;;Insgesamt;-;Tsd. EUR;ENM016;Einnahmen der Hochschulen (ohne Trägermittel)
21371;Hochschulfinanzstatistik;JAHR;Jahr;2024;DLAND;Bundesländer;14;Sachsen;BILHA2;Hochschulart;;Insgesamt;BILFG4;Fächergruppen;FACHGR-AGRVET;Agrar-, Forst- u.Ernährungswiss., Veterinärmedizin;28459;Tsd. EUR;ENM016;Einnahmen der Hochschulen (ohne Trägermittel)
21371;Hochschulfinanzstatistik;JAHR;Jahr;2024;DLAND;Bundesländer;12;Brandenburg;BILHA2;Hochschulart;HSLART012;Medizinische Einrichtungen der Universitäten;BILFG4;Fächergruppen;FACHGR-SPR;Sport;-;Tsd. EUR;ENM016;Einnahmen der Hochschulen (ohne Trägermittel)
21371;Hochschulfinanzstatistik;JAHR;Jahr;2024;DLAND;Bundesländer;01;Schleswig-Holstein;BILHA2;Hochschulart;HSLART012;Medizinische Einrichtungen der Universitäten;BILFG4;Fächergruppen;FACHGR-SKW;Geisteswissenschaften;-;Tsd. EUR;ENM016;Einnahmen der Hochschulen (ohne Trägermittel)
21371;Hochschulfinanzstatistik;JAHR;Jahr;2024;DLAND;Bundesländer;12;Brandenburg;BILHA2;Hochschulart;HSLART03;Pädagogische Hochschulen;BILFG4;Fächergruppen;FACHGR-SKW;Geisteswissenschaften;-;Tsd. EUR;ENM016;Einnahmen der Hochschulen (ohne Trägermittel)
21371;Hochschulfinanzstatistik;JAHR;Jahr;2024;DLAND;Bundesländer;07;Rheinland-Pfalz;BILHA2;Hochschulart;HSLART05;Theologische Hochschulen;BILFG4;Fächergruppen;FACHGR-RWSW;Rechts-, Wirtschafts- und Sozialwissenschaften;1447;Tsd. EUR;ENM016;Einnahmen der Hochschulen (ohne Trägermittel)
21371;Hochschulfinanzstatistik;JAHR;Jahr;2024;DLAND;Bundesländer;02;Hamburg;BILHA2;Hochschulart;HSLART08;Fachhochschulen;BILFG4;Fächergruppen;FACHGR-NATW;Mathematik, Naturwissenschaften;145;Tsd. EUR;ENM016;Einnahmen der Hochschulen (ohne Trägermittel)
21371;Hochschulfinanzstatistik;JAHR;Jahr;2024;DLAND;Bundesländer;03;Niedersachsen;BILHA2;Hochschulart;;Insgesamt;BILFG4;Fächergruppen;FACHGR-RWSW;Rechts-, Wirtschafts- und Sozialwissenschaften;108566;Tsd. EUR;ENM016;Einnahmen der Hochschulen (ohne Trägermittel)
21371;Hochschulfinanzstatistik;JAHR;Jahr;2024;DLAND;Bundesländer;12;Brandenburg;BILHA2;Hochschulart;HSLART08;Fachhochschulen;BILFG4;Fächergruppen;;Insgesamt;118533;Tsd. EUR;ENM016;Einnahmen der Hochschulen (ohne Trägermittel)
21371;Hochschulfinanzstatistik;JAHR;Jahr;2024;DLAND;Bundesländer;07;Rheinland-Pfalz;BILHA2;Hochschulart;;Insgesamt;BILFG4;Fächergruppen;FACHGR-KUNSTW;Kunst, Kunstwissenschaft;2992;Tsd. EUR;ENM016;Einnahmen der Hochschulen (ohne Trägermittel)
21371;Hochschulfinanzstatistik;JAHR;Jahr;2024;DLAND;Bundesländer;02;Hamburg;BILHA2;Hochschulart;HSLART08;Fachhochschulen;BILFG4;Fächergruppen;FACHGR-SPR;Sport;-;Tsd. EUR;ENM016;Einnahmen der Hochschulen (ohne Trägermittel)
21371;Hochschulfinanzstatistik;JAHR;Jahr;2024;DLAND;Bundesländer;13;Mecklenburg-Vorpommern;BILHA2;Hochschulart;HSLART03;Pädagogische Hochschulen;BILFG4;Fächergruppen;FACHGR-SPR;Sport;-;Tsd. EUR;ENM016;Einnahmen der Hochschulen (ohne Trägermittel)
21371;Hochschulfinanzstatistik;JAHR;Jahr;2024;DLAND;Bundesländer;14;Sachsen;BILHA2;Hochschulart;HSLART08;Fachhochschulen;BILFG4;Fächergruppen;FACHGR-SKW;Geisteswissenschaften;549;Tsd. EUR;ENM016;Einnahmen der Hochschulen (ohne Trägermittel)
21371;Hochschulfinanzstatistik;JAHR;Jahr;2024;DLAND;Bundesländer;10;Saarland;BILHA2;Hochschulart;;Insgesamt;BILFG4;Fächergruppen;FACHGR-INGW;Ingenieurwissenschaften;22954;Tsd. EUR;ENM016;Einnahmen der Hochschulen (ohne Trägermittel)
21371;Hochschulfinanzstatistik;JAHR;Jahr;2024;DLAND;Bundesländer;04;Bremen;BILHA2;Hochschulart;HSLART082;Verwaltungsfachhochschulen;BILFG4;Fächergruppen;FACHGR-MEDHUM;Humanmedizin/Gesundheitswissenschaften;-;Tsd. EUR;ENM016;Einnahmen der Hochschulen (ohne Trägermittel)
21371;Hochschulfinanzstatistik;JAHR;Jahr;2024;DLAND;Bundesländer;03;Niedersachsen;BILHA2;Hochschulart;HSLART06;Kunsthochschulen;BILFG4;Fächergruppen;;Insgesamt;3306;Tsd. EUR;ENM016;Einnahmen der Hochschulen (ohne Trägermittel)
21371;Hochschulfinanzstatistik;JAHR;Jahr;2024;DLAND;Bundesländer;02;Hamburg;BILHA2;Hochschulart;HSLART082;Verwaltungsfachhochschulen;BILFG4;Fächergruppen;FACHGR-KUNSTW;Kunst, Kunstwissenschaft;-;Tsd. EUR;ENM016;Einnahmen der Hochschulen (ohne Trägermittel)
21371;Hochschulfinanzstatistik;JAHR;Jahr;2024;DLAND;Bundesländer;14;Sachsen;BILHA2;Hochschulart;HSLART03;Pädagogische Hochschulen;BILFG4;Fächergruppen;FACHGR-ZE-01;Zentr.Einrichtungen (o. klinikspez. Einrichtungen);-;Tsd. EUR;ENM016;Einnahmen der Hochschulen (ohne Trägermittel)
21371;Hochschulfinanzstatistik;JAHR;Jahr;2024;DLAND;Bundesländer;09;Bayern;BILHA2;Hochschulart;HSLART082;Verwaltungsfachhochschulen;BILFG4;Fächergruppen;FACHGR-INGW;Ingenieurwissenschaften;819;Tsd. EUR;ENM016;Einnahmen der Hochschulen (ohne Trägermittel)
21371;Hochschulfinanzstatistik;JAHR;Jahr;2024;DLAND;Bundesländer;16;Thüringen;BILHA2;Hochschulart;HSLART011;Universitäten (ohne Medizinische Einrichtungen);BILFG4;Fächergruppen;FACHGR-AGRVET;Agrar-, Forst- u.Ernährungswiss., Veterinärmedizin;1098;Tsd. EUR;ENM016;Einnahmen der Hochschulen (ohne Trägermittel)
21371;Hochschulfinanzstatistik;JAHR;Jahr;2024;DLAND;Bundesländer;08;Baden-Württemberg;BILHA2;Hochschulart;HSLART08;Fachhochschulen;BILFG4;Fächergruppen;FACHGR-ZE-01;Zentr.Einrichtungen (o. klinikspez. Einrichtungen);129601;Tsd. EUR;ENM016;Einnahmen der Hochschulen (ohne Trägermittel)
21371;Hochschulfinanzstatistik;JAHR;Jahr;2024;DLAND;Bundesländer;07;Rheinland-Pfalz;BILHA2;Hochschulart;HSLART082;Verwaltungsfachhochschulen;BILFG4;Fächergruppen;FACHGR-RWSW;Rechts-, Wirtschafts- und Sozialwissenschaften;8439;Tsd. EUR;ENM016;Einnahmen der Hochschulen (ohne Trägermittel)
21371;Hochschulfinanzstatistik;JAHR;Jahr;2024;DLAND;Bundesländer;14;Sachsen;BILHA2;Hochschulart;HSLART03;Pädagogische Hochschulen;BILFG4;Fächergruppen;FACHGR-MEDHUM;Humanmedizin/Gesundheitswissenschaften;-;Tsd. EUR;ENM016;Einnahmen der Hochschulen (ohne Trägermittel)
21371;Hochschulfinanzstatistik;JAHR;Jahr;2024;DLAND;Bundesländer;07;Rheinland-Pfalz;BILHA2;Hochschulart;HSLART012;Medizinische Einrichtungen der Universitäten;BILFG4;Fächergruppen;FACHGR-SPR;Sport;-;Tsd. EUR;ENM016;Einnahmen der Hochschulen (ohne Trägermittel)
21371;Hochschulfinanzstatistik;JAHR;Jahr;2024;DLAND;Bundesländer;07;Rheinland-Pfalz;BILHA2;Hochschulart;HSLART03;Pädagogische Hochschulen;BILFG4;Fächergruppen;FACHGR-INGW;Ingenieurwissenschaften;-;Tsd. EUR;ENM016;Einnahmen der Hochschulen (ohne Trägermittel)
21371;Hochschulfinanzstatistik;JAHR;Jahr;2024;DLAND;Bundesländer;10;Saarland;BILHA2;Hochschulart;HSLART05;Theologische Hochschulen;BILFG4;Fächergruppen;FACHGR-RWSW;Rechts-, Wirtschafts- und Sozialwissenschaften;-;Tsd. EUR;ENM016;Einnahmen der Hochschulen (ohne Trägermittel)
21371;Hochschulfinanzstatistik;JAHR;Jahr;2024;DLAND;Bundesländer;11;Berlin;BILHA2;Hochschulart;HSLART08;Fachhochschulen;BILFG4;Fächergruppen;FACHGR-RWSW;Rechts-, Wirtschafts- und Sozialwissenschaften;115181;Tsd. EUR;ENM016;Einnahmen der Hochschulen (ohne Trägermittel)
21371;Hochschulfinanzstatistik;JAHR;Jahr;2024;DLAND;Bundesländer;03;Niedersachsen;BILHA2;Hochschulart;HSLART082;Verwaltungsfachhochschulen;BILFG4;Fächergruppen;FACHGR-ZE-01;Zentr.Einrichtungen (o. klinikspez. Einrichtungen);-;Tsd. EUR;ENM016;Einnahmen der Hochschulen (ohne Trägermittel)
21371;Hochschulfinanzstatistik;JAHR;Jahr;2024;DLAND;Bundesländer;10;Saarland;BILHA2;Hochschulart;HSLART06;Kunsthochschulen;BILFG4;Fächergruppen;FACHGR-KUNSTW;Kunst, Kunstwissenschaft;17;Tsd. EUR;ENM016;Einnahmen der Hochschulen (ohne Trägermittel)
21371;Hochschulfinanzstatistik;JAHR;Jahr;2024;DLAND;Bundesländer;15;Sachsen-Anhalt;BILHA2;Hochschulart;HSLART05;Theologische Hochschulen;BILFG4;Fächergruppen;FACHGR-INGW;Ingenieurwissenschaften;-;Tsd. EUR;ENM016;Einnahmen der Hochschulen (ohne Trägermittel)
21371;Hochschulfinanzstatistik;JAHR;Jahr;2024;DLAND;Bundesländer;15;Sachsen-Anhalt;BILHA2;Hochschulart;HSLART03;Pädagogische Hochschulen;BILFG4;Fächergruppen;FACHGR-SPR;Sport;-;Tsd. EUR;ENM016;Einnahmen der Hochschulen (ohne Trägermittel)
21371;Hochschulfinanzstatistik;JAHR;Jahr;2024;DLAND;Bundesländer;12;Brandenburg;BILHA2;Hochschulart;;Insgesamt;BILFG4;Fächergruppen;FACHGR-SKW;Geisteswissenschaften;10631;Tsd. EUR;ENM016;Einnahmen der Hochschulen (ohne Trägermittel)
21371;Hochschulfinanzstatistik;JAHR;Jahr;2024;DLAND;Bundesländer;02;Hamburg;BILHA2;Hochschulart;HSLART08;Fachhochschulen;BILFG4;Fächergruppen;FACHGR-AGRVET;Agrar-, Forst- u.Ernährungswiss., Veterinärmedizin;602;Tsd. EUR;ENM016;Einnahmen der Hochschulen (ohne Trägermittel)
21371;Hochschulfinanzstatistik;JAHR;Jahr;2024;DLAND;Bundesländer;06;Hessen;BILHA2;Hochschulart;HSLART011;Universitäten (ohne Medizinische Einrichtungen);BILFG4;Fächergruppen;FACHGR-ZE-01;Zentr.Einrichtungen (o. klinikspez. Einrichtungen);168708;Tsd. EUR;ENM016;Einnahmen der Hochschulen (ohne Trägermittel)
21371;Hochschulfinanzstatistik;JAHR;Jahr;2024;DLAND;Bundesländer;09;Bayern;BILHA2;Hochschulart;HSLART05;Theologische Hochschulen;BILFG4;Fächergruppen;FACHGR-SPR;Sport;-;Tsd. EUR;ENM016;Einnahmen der Hochschulen (ohne Trägermittel)
21371;Hochschulfinanzstatistik;JAHR;Jahr;2024;DLAND;Bundesländer;06;Hessen;BILHA2;Hochschulart;;Insgesamt;BILFG4;Fächergruppen;FACHGR-MEDHUM;Humanmedizin/Gesundheitswissenschaften;1929659;Tsd. EUR;ENM016;Einnahmen der Hochschulen (ohne Trägermittel)
21371;Hochschulfinanzstatistik;JAHR;Jahr;2024;DLAND;Bundesländer;10;Saarland;BILHA2;Hochschulart;HSLART082;Verwaltungsfachhochschulen;BILFG4;Fächergruppen;FACHGR-MEDHUM;Humanmedizin/Gesundheitswissenschaften;-;Tsd. EUR;ENM016;Einnahmen der Hochschulen (ohne Trägermittel)
21371;Hochschulfinanzstatistik;JAHR;Jahr;2024;DLAND;Bundesländer;02;Hamburg;BILHA2;Hochschulart;HSLART011;Universitäten (ohne Medizinische Einrichtungen);BILFG4;Fächergruppen;FACHGR-SKW;Geisteswissenschaften;31357;Tsd. EUR;ENM016;Einnahmen der Hochschulen (ohne Trägermittel)
21371;Hochschulfinanzstatistik;JAHR;Jahr;2024;DLAND;Bundesländer;16;Thüringen;BILHA2;Hochschulart;HSLART06;Kunsthochschulen;BILFG4;Fächergruppen;FACHGR-ZE-01;Zentr.Einrichtungen (o. klinikspez. Einrichtungen);719;Tsd. EUR;ENM016;Einnahmen der Hochschulen (ohne Trägermittel)
21371;Hochschulfinanzstatistik;JAHR;Jahr;2024;DLAND;Bundesländer;03;Niedersachsen;BILHA2;Hochschulart;HSLART08;Fachhochschulen;BILFG4;Fächergruppen;FACHGR-RWSW;Rechts-, Wirtschafts- und Sozialwissenschaften;44157;Tsd. EUR;ENM016;Einnahmen der Hochschulen (ohne Trägermittel)
21371;Hochschulfinanzstatistik;JAHR;Jahr;2024;DLAND;Bundesländer;14;Sachsen;BILHA2;Hochschulart;HSLART05;Theologische Hochschulen;BILFG4;Fächergruppen;FACHGR-AGRVET;Agrar-, Forst- u.Ernährungswiss., Veterinärmedizin;-;Tsd. EUR;ENM016;Einnahmen der Hochschulen (ohne Trägermittel)
21371;Hochschulfinanzstatistik;JAHR;Jahr;2024;DLAND;Bundesländer;05;Nordrhein-Westfalen;BILHA2;Hochschulart;HSLART03;Pädagogische Hochschulen;BILFG4;Fächergruppen;FACHGR-AGRVET;Agrar-, Forst- u.Ernährungswiss., Veterinärmedizin;-;Tsd. EUR;ENM016;Einnahmen der Hochschulen (ohne Trägermittel)
21371;Hochschulfinanzstatistik;JAHR;Jahr;2024;DLAND;Bundesländer;03;Niedersachsen;BILHA2;Hochschulart;HSLART08;Fachhochschulen;BILFG4;Fächergruppen;;Insgesamt;127941;Tsd. EUR;ENM016;Einnahmen der Hochschulen (ohne Trägermittel)
21371;Hochschulfinanzstatistik;JAHR;Jahr;2024;DLAND;Bundesländer;01;Schleswig-Holstein;BILHA2;Hochschulart;HSLART012;Medizinische Einrichtungen der Universitäten;BILFG4;Fächergruppen;FACHGR-NATW;Mathematik, Naturwissenschaften;-;Tsd. EUR;ENM016;Einnahmen der Hochschulen (ohne Trägermittel)
21371;Hochschulfinanzstatistik;JAHR;Jahr;2024;DLAND;Bundesländer;14;Sachsen;BILHA2;Hochschulart;HSLART03;Pädagogische Hochschulen;BILFG4;Fächergruppen;FACHGR-SKW;Geisteswissenschaften;-;Tsd. EUR;ENM016;Einnahmen der Hochschulen (ohne Trägermittel)
21371;Hochschulfinanzstatistik;JAHR;Jahr;2024;DLAND;Bundesländer;04;Bremen;BILHA2;Hochschulart;HSLART06;Kunsthochschulen;BILFG4;Fächergruppen;FACHGR-INGW;Ingenieurwissenschaften;-;Tsd. EUR;ENM016;Einnahmen der Hochschulen (ohne Trägermittel)
21371;Hochschulfinanzstatistik;JAHR;Jahr;2024;DLAND;Bundesländer;06;Hessen;BILHA2;Hochschulart;HSLART05;Theologische Hochschulen;BILFG4;Fächergruppen;FACHGR-ZE-01;Zentr.Einrichtungen (o. klinikspez. Einrichtungen);0;Tsd. EUR;ENM016;Einnahmen der Hochschulen (ohne Trägermittel)
21371;Hochschulfinanzstatistik;JAHR;Jahr;2024;DLAND;Bundesländer;10;Saarland;BILHA2;Hochschulart;HSLART012;Medizinische Einrichtungen der Universitäten;BILFG4;Fächergruppen;FACHGR-SPR;Sport;-;Tsd. EUR;ENM016;Einnahmen der Hochschulen (ohne Trägermittel)
21371;Hochschulfinanzstatistik;JAHR;Jahr;2024;DLAND;Bundesländer;15;Sachsen-Anhalt;BILHA2;Hochschulart;HSLART08;Fachhochschulen;BILFG4;Fächergruppen;FACHGR-SPR;Sport;-;Tsd. EUR;ENM016;Einnahmen der Hochschulen (ohne Trägermittel)
21371;Hochschulfinanzstatistik;JAHR;Jahr;2024;DLAND;Bundesländer;14;Sachsen;BILHA2;Hochschulart;HSLART011;Universitäten (ohne Medizinische Einrichtungen);BILFG4;Fächergruppen;FACHGR-SKW;Geisteswissenschaften;12686;Tsd. EUR;ENM016;Einnahmen der Hochschulen (ohne Trägermittel)
21371;Hochschulfinanzstatistik;JAHR;Jahr;2024;DLAND;Bundesländer;06;Hessen;BILHA2;Hochschulart;HSLART05;Theologische Hochschulen;BILFG4;Fächergruppen;FACHGR-MEDHUM;Humanmedizin/Gesundheitswissenschaften;-;Tsd. EUR;ENM016;Einnahmen der Hochschulen (ohne Trägermittel)
21371;Hochschulfinanzstatistik;JAHR;Jahr;2024;DLAND;Bundesländer;16;Thüringen;BILHA2;Hochschulart;HSLART011;Universitäten (ohne Medizinische Einrichtungen);BILFG4;Fächergruppen;;Insgesamt;253568;Tsd. EUR;ENM016;Einnahmen der Hochschulen (ohne Trägermittel)
21371;Hochschulfinanzstatistik;JAHR;Jahr;2024;DLAND;Bundesländer;10;Saarland;BILHA2;Hochschulart;;Insgesamt;BILFG4;Fächergruppen;FACHGR-KUNSTW;Kunst, Kunstwissenschaft;337;Tsd. EUR;ENM016;Einnahmen der Hochschulen (ohne Trägermittel)
21371;Hochschulfinanzstatistik;JAHR;Jahr;2024;DLAND;Bundesländer;12;Brandenburg;BILHA2;Hochschulart;HSLART08;Fachhochschulen;BILFG4;Fächergruppen;FACHGR-KUNSTW;Kunst, Kunstwissenschaft;10106;Tsd. EUR;ENM016;Einnahmen der Hochschulen (ohne Trägermittel)
21371;Hochschulfinanzstatistik;JAHR;Jahr;2024;DLAND;Bundesländer;07;Rheinland-Pfalz;BILHA2;Hochschulart;;Insgesamt;BILFG4;Fächergruppen;FACHGR-SKW;Geisteswissenschaften;15503;Tsd. EUR;ENM016;Einnahmen der Hochschulen (ohne Trägermittel)
21371;Hochschulfinanzstatistik;JAHR;Jahr;2024;DLAND;Bundesländer;14;Sachsen;BILHA2;Hochschulart;HSLART011;Universitäten (ohne Medizinische Einrichtungen);BILFG4;Fächergruppen;;Insgesamt;654987;Tsd. EUR;ENM016;Einnahmen der Hochschulen (ohne Trägermittel)
21371;Hochschulfinanzstatistik;JAHR;Jahr;2024;DLAND;Bundesländer;05;Nordrhein-Westfalen;BILHA2;Hochschulart;;Insgesamt;BILFG4;Fächergruppen;FACHGR-RWSW;Rechts-, Wirtschafts- und Sozialwissenschaften;407310;Tsd. EUR;ENM016;Einnahmen der Hochschulen (ohne Trägermittel)
21371;Hochschulfinanzstatistik;JAHR;Jahr;2024;DLAND;Bundesländer;15;Sachsen-Anhalt;BILHA2;Hochschulart;HSLART03;Pädagogische Hochschulen;BILFG4;Fächergruppen;FACHGR-NATW;Mathematik, Naturwissenschaften;-;Tsd. EUR;ENM016;Einnahmen der Hochschulen (ohne Trägermittel)
21371;Hochschulfinanzstatistik;JAHR;Jahr;2024;DLAND;Bundesländer;01;Schleswig-Holstein;BILHA2;Hochschulart;;Insgesamt;BILFG4;Fächergruppen;FACHGR-INGW;Ingenieurwissenschaften;49409;Tsd. EUR;ENM016;Einnahmen der Hochschulen (ohne Trägermittel)
21371;Hochschulfinanzstatistik;JAHR;Jahr;2024;DLAND;Bundesländer;12;Brandenburg;BILHA2;Hochschulart;HSLART05;Theologische Hochschulen;BILFG4;Fächergruppen;FACHGR-RWSW;Rechts-, Wirtschafts- und Sozialwissenschaften;-;Tsd. EUR;ENM016;Einnahmen der Hochschulen (ohne Trägermittel)
21371;Hochschulfinanzstatistik;JAHR;Jahr;2024;DLAND;Bundesländer;03;Niedersachsen;BILHA2;Hochschulart;HSLART05;Theologische Hochschulen;BILFG4;Fächergruppen;FACHGR-NATW;Mathematik, Naturwissenschaften;-;Tsd. EUR;ENM016;Einnahmen der Hochschulen (ohne Trägermittel)
21371;Hochschulfinanzstatistik;JAHR;Jahr;2024;DLAND;Bundesländer;15;Sachsen-Anhalt;BILHA2;Hochschulart;;Insgesamt;BILFG4;Fächergruppen;FACHGR-MEDHUM;Humanmedizin/Gesundheitswissenschaften;991572;Tsd. EUR;ENM016;Einnahmen der Hochschulen (ohne Trägermittel)
21371;Hochschulfinanzstatistik;JAHR;Jahr;2024;DLAND;Bundesländer;01;Schleswig-Holstein;BILHA2;Hochschulart;;Insgesamt;BILFG4;Fächergruppen;FACHGR-KUNSTW;Kunst, Kunstwissenschaft;2383;Tsd. EUR;ENM016;Einnahmen der Hochschulen (ohne Trägermittel)
21371;Hochschulfinanzstatistik;JAHR;Jahr;2024;DLAND;Bundesländer;14;Sachsen;BILHA2;Hochschulart;HSLART011;Universitäten (ohne Medizinische Einrichtungen);BILFG4;Fächergruppen;FACHGR-NATW;Mathematik, Naturwissenschaften;124463;Tsd. EUR;ENM016;Einnahmen der Hochschulen (ohne Trägermittel)
21371;Hochschulfinanzstatistik;JAHR;Jahr;2024;DLAND;Bundesländer;01;Schleswig-Holstein;BILHA2;Hochschulart;HSLART082;Verwaltungsfachhochschulen;BILFG4;Fächergruppen;FACHGR-SPR;Sport;-;Tsd. EUR;ENM016;Einnahmen der Hochschulen (ohne Trägermittel)
21371;Hochschulfinanzstatistik;JAHR;Jahr;2024;DLAND;Bundesländer;15;Sachsen-Anhalt;BILHA2;Hochschulart;HSLART03;Pädagogische Hochschulen;BILFG4;Fächergruppen;FACHGR-KUNSTW;Kunst, Kunstwissenschaft;-;Tsd. EUR;ENM016;Einnahmen der Hochschulen (ohne Trägermittel)
21371;Hochschulfinanzstatistik;JAHR;Jahr;2024;DLAND;Bundesländer;05;Nordrhein-Westfalen;BILHA2;Hochschulart;HSLART05;Theologische Hochschulen;BILFG4;Fächergruppen;FACHGR-KUNSTW;Kunst, Kunstwissenschaft;99;Tsd. EUR;ENM016;Einnahmen der Hochschulen (ohne Trägermittel)
21371;Hochschulfinanzstatistik;JAHR;Jahr;2024;DLAND;Bundesländer;08;Baden-Württemberg;BILHA2;Hochschulart;HSLART011;Universitäten (ohne Medizinische Einrichtungen);BILFG4;Fächergruppen;FACHGR-RWSW;Rechts-, Wirtschafts- und Sozialwissenschaften;107124;Tsd. EUR;ENM016;Einnahmen der Hochschulen (ohne Trägermittel)
21371;Hochschulfinanzstatistik;JAHR;Jahr;2024;DLAND;Bundesländer;15;Sachsen-Anhalt;BILHA2;Hochschulart;HSLART011;Universitäten (ohne Medizinische Einrichtungen);BILFG4;Fächergruppen;FACHGR-SKW;Geisteswissenschaften;3292;Tsd. EUR;ENM016;Einnahmen der Hochschulen (ohne Trägermittel)
21371;Hochschulfinanzstatistik;JAHR;Jahr;2024;DLAND;Bundesländer;09;Bayern;BILHA2;Hochschulart;HSLART08;Fachhochschulen;BILFG4;Fächergruppen;FACHGR-KUNSTW;Kunst, Kunstwissenschaft;164;Tsd. EUR;ENM016;Einnahmen der Hochschulen (ohne Trägermittel)
21371;Hochschulfinanzstatistik;JAHR;Jahr;2024;DLAND;Bundesländer;13;Mecklenburg-Vorpommern;BILHA2;Hochschulart;HSLART05;Theologische Hochschulen;BILFG4;Fächergruppen;FACHGR-INGW;Ingenieurwissenschaften;-;Tsd. EUR;ENM016;Einnahmen der Hochschulen (ohne Trägermittel)
21371;Hochschulfinanzstatistik;JAHR;Jahr;2024;DLAND;Bundesländer;07;Rheinland-Pfalz;BILHA2;Hochschulart;;Insgesamt;BILFG4;Fächergruppen;FACHGR-NATW;Mathematik, Naturwissenschaften;113259;Tsd. EUR;ENM016;Einnahmen der Hochschulen (ohne Trägermittel)
21371;Hochschulfinanzstatistik;JAHR;Jahr;2024;DLAND;Bundesländer;06;Hessen;BILHA2;Hochschulart;HSLART03;Pädagogische Hochschulen;BILFG4;Fächergruppen;FACHGR-SPR;Sport;-;Tsd. EUR;ENM016;Einnahmen der Hochschulen (ohne Trägermittel)
21371;Hochschulfinanzstatistik;JAHR;Jahr;2024;DLAND;Bundesländer;08;Baden-Württemberg;BILHA2;Hochschulart;HSLART03;Pädagogische Hochschulen;BILFG4;Fächergruppen;FACHGR-NATW;Mathematik, Naturwissenschaften;4404;Tsd. EUR;ENM016;Einnahmen der Hochschulen (ohne Trägermittel)
21371;Hochschulfinanzstatistik;JAHR;Jahr;2024;DLAND;Bundesländer;10;Saarland;BILHA2;Hochschulart;HSLART05;Theologische Hochschulen;BILFG4;Fächergruppen;FACHGR-KUNSTW;Kunst, Kunstwissenschaft;-;Tsd. EUR;ENM016;Einnahmen der Hochschulen (ohne Trägermittel)
21371;Hochschulfinanzstatistik;JAHR;Jahr;2024;DLAND;Bundesländer;01;Schleswig-Holstein;BILHA2;Hochschulart;;Insgesamt;BILFG4;Fächergruppen;FACHGR-SPR;Sport;776;Tsd. EUR;ENM016;Einnahmen der Hochschulen (ohne Trägermittel)
21371;Hochschulfinanzstatistik;JAHR;Jahr;2024;DLAND;Bundesländer;09;Bayern;BILHA2;Hochschulart;HSLART012;Medizinische Einrichtungen der Universitäten;BILFG4;Fächergruppen;FACHGR-RWSW;Rechts-, Wirtschafts- und Sozialwissenschaften;-;Tsd. EUR;ENM016;Einnahmen der Hochschulen (ohne Trägermittel)
21371;Hochschulfinanzstatistik;JAHR;Jahr;2024;DLAND;Bundesländer;15;Sachsen-Anhalt;BILHA2;Hochschulart;HSLART082;Verwaltungsfachhochschulen;BILFG4;Fächergruppen;FACHGR-ZE-01;Zentr.Einrichtungen (o. klinikspez. Einrichtungen);-;Tsd. EUR;ENM016;Einnahmen der Hochschulen (ohne Trägermittel)
21371;Hochschulfinanzstatistik;JAHR;Jahr;2024;DLAND;Bundesländer;13;Mecklenburg-Vorpommern;BILHA2;Hochschulart;HSLART03;Pädagogische Hochschulen;BILFG4;Fächergruppen;FACHGR-NATW;Mathematik, Naturwissenschaften;-;Tsd. EUR;ENM016;Einnahmen der Hochschulen (ohne Trägermittel)
21371;Hochschulfinanzstatistik;JAHR;Jahr;2024;DLAND;Bundesländer;15;Sachsen-Anhalt;BILHA2;Hochschulart;HSLART082;Verwaltungsfachhochschulen;BILFG4;Fächergruppen;FACHGR-NATW;Mathematik, Naturwissenschaften;-;Tsd. EUR;ENM016;Einnahmen der Hochschulen (ohne Trägermittel)
21371;Hochschulfinanzstatistik;JAHR;Jahr;2024;DLAND;Bundesländer;06;Hessen;BILHA2;Hochschulart;HSLART011;Universitäten (ohne Medizinische Einrichtungen);BILFG4;Fächergruppen;FACHGR-AGRVET;Agrar-, Forst- u.Ernährungswiss., Veterinärmedizin;43770;Tsd. EUR;ENM016;Einnahmen der Hochschulen (ohne Trägermittel)
21371;Hochschulfinanzstatistik;JAHR;Jahr;2024;DLAND;Bundesländer;05;Nordrhein-Westfalen;BILHA2;Hochschulart;;Insgesamt;BILFG4;Fächergruppen;FACHGR-KUNSTW;Kunst, Kunstwissenschaft;26170;Tsd. EUR;ENM016;Einnahmen der Hochschulen (ohne Trägermittel)
21371;Hochschulfinanzstatistik;JAHR;Jahr;2024;DLAND;Bundesländer;04;Bremen;BILHA2;Hochschulart;HSLART05;Theologische Hochschulen;BILFG4;Fächergruppen;FACHGR-MEDHUM;Humanmedizin/Gesundheitswissenschaften;-;Tsd. EUR;ENM016;Einnahmen der Hochschulen (ohne Trägermittel)
21371;Hochschulfinanzstatistik;JAHR;Jahr;2024;DLAND;Bundesländer;02;Hamburg;BILHA2;Hochschulart;HSLART08;Fachhochschulen;BILFG4;Fächergruppen;FACHGR-ZE-01;Zentr.Einrichtungen (o. klinikspez. Einrichtungen);21708;Tsd. EUR;ENM016;Einnahmen der Hochschulen (ohne Trägermittel)
21371;Hochschulfinanzstatistik;JAHR;Jahr;2024;DLAND;Bundesländer;16;Thüringen;BILHA2;Hochschulart;HSLART03;Pädagogische Hochschulen;BILFG4;Fächergruppen;FACHGR-ZE-01;Zentr.Einrichtungen (o. klinikspez. Einrichtungen);-;Tsd. EUR;ENM016;Einnahmen der Hochschulen (ohne Trägermittel)
21371;Hochschulfinanzstatistik;JAHR;Jahr;2024;DLAND;Bundesländer;13;Mecklenburg-Vorpommern;BILHA2;Hochschulart;HSLART06;Kunsthochschulen;BILFG4;Fächergruppen;FACHGR-SKW;Geisteswissenschaften;-;Tsd. EUR;ENM016;Einnahmen der Hochschulen (ohne Trägermittel)
21371;Hochschulfinanzstatistik;JAHR;Jahr;2024;DLAND;Bundesländer;09;Bayern;BILHA2;Hochschulart;HSLART011;Universitäten (ohne Medizinische Einrichtungen);BILFG4;Fächergruppen;FACHGR-SKW;Geisteswissenschaften;61864;Tsd. EUR;ENM016;Einnahmen der Hochschulen (ohne Trägermittel)
21371;Hochschulfinanzstatistik;JAHR;Jahr;2024;DLAND;Bundesländer;07;Rheinland-Pfalz;BILHA2;Hochschulart;HSLART05;Theologische Hochschulen;BILFG4;Fächergruppen;FACHGR-KUNSTW;Kunst, Kunstwissenschaft;-;Tsd. EUR;ENM016;Einnahmen der Hochschulen (ohne Trägermittel)
21371;Hochschulfinanzstatistik;JAHR;Jahr;2024;DLAND;Bundesländer;02;Hamburg;BILHA2;Hochschulart;HSLART06;Kunsthochschulen;BILFG4;Fächergruppen;FACHGR-RWSW;Rechts-, Wirtschafts- und Sozialwissenschaften;-;Tsd. EUR;ENM016;Einnahmen der Hochschulen (ohne Trägermittel)
21371;Hochschulfinanzstatistik;JAHR;Jahr;2024;DLAND;Bundesländer;02;Hamburg;BILHA2;Hochschulart;HSLART011;Universitäten (ohne Medizinische Einrichtungen);BILFG4;Fächergruppen;FACHGR-ZE-01;Zentr.Einrichtungen (o. klinikspez. Einrichtungen);107708;Tsd. EUR;ENM016;Einnahmen der Hochschulen (ohne Trägermittel)
21371;Hochschulfinanzstatistik;JAHR;Jahr;2024;DLAND;Bundesländer;10;Saarland;BILHA2;Hochschulart;HSLART011;Universitäten (ohne Medizinische Einrichtungen);BILFG4;Fächergruppen;FACHGR-INGW;Ingenieurwissenschaften;17789;Tsd. EUR;ENM016;Einnahmen der Hochschulen (ohne Trägermittel)
21371;Hochschulfinanzstatistik;JAHR;Jahr;2024;DLAND;Bundesländer;04;Bremen;BILHA2;Hochschulart;HSLART05;Theologische Hochschulen;BILFG4;Fächergruppen;FACHGR-SPR;Sport;-;Tsd. EUR;ENM016;Einnahmen der Hochschulen (ohne Trägermittel)
21371;Hochschulfinanzstatistik;JAHR;Jahr;2024;DLAND;Bundesländer;08;Baden-Württemberg;BILHA2;Hochschulart;HSLART08;Fachhochschulen;BILFG4;Fächergruppen;FACHGR-INGW;Ingenieurwissenschaften;123695;Tsd. EUR;ENM016;Einnahmen der Hochschulen (ohne Trägermittel)
21371;Hochschulfinanzstatistik;JAHR;Jahr;2024;DLAND;Bundesländer;08;Baden-Württemberg;BILHA2;Hochschulart;HSLART082;Verwaltungsfachhochschulen;BILFG4;Fächergruppen;FACHGR-NATW;Mathematik, Naturwissenschaften;-;Tsd. EUR;ENM016;Einnahmen der Hochschulen (ohne Trägermittel)
21371;Hochschulfinanzstatistik;JAHR;Jahr;2024;DLAND;Bundesländer;09;Bayern;BILHA2;Hochschulart;HSLART05;Theologische Hochschulen;BILFG4;Fächergruppen;;Insgesamt;5970;Tsd. EUR;ENM016;Einnahmen der Hochschulen (ohne Trägermittel)
21371;Hochschulfinanzstatistik;JAHR;Jahr;2024;DLAND;Bundesländer;01;Schleswig-Holstein;BILHA2;Hochschulart;HSLART082;Verwaltungsfachhochschulen;BILFG4;Fächergruppen;FACHGR-RWSW;Rechts-, Wirtschafts- und Sozialwissenschaften;15107;Tsd. EUR;ENM016;Einnahmen der Hochschulen (ohne Trägermittel)
21371;Hochschulfinanzstatistik;JAHR;Jahr;2024;DLAND;Bundesländer;04;Bremen;BILHA2;Hochschulart;HSLART011;Universitäten (ohne Medizinische Einrichtungen);BILFG4;Fächergruppen;FACHGR-SPR;Sport;40;Tsd. EUR;ENM016;Einnahmen der Hochschulen (ohne Trägermittel)
21371;Hochschulfinanzstatistik;JAHR;Jahr;2024;DLAND;Bundesländer;07;Rheinland-Pfalz;BILHA2;Hochschulart;HSLART08;Fachhochschulen;BILFG4;Fächergruppen;FACHGR-KUNSTW;Kunst, Kunstwissenschaft;1389;Tsd. EUR;ENM016;Einnahmen der Hochschulen (ohne Trägermittel)
21371;Hochschulfinanzstatistik;JAHR;Jahr;2024;DLAND;Bundesländer;01;Schleswig-Holstein;BILHA2;Hochschulart;HSLART011;Universitäten (ohne Medizinische Einrichtungen);BILFG4;Fächergruppen;;Insgesamt;113883;Tsd. EUR;ENM016;Einnahmen der Hochschulen (ohne Trägermittel)
21371;Hochschulfinanzstatistik;JAHR;Jahr;2024;DLAND;Bundesländer;02;Hamburg;BILHA2;Hochschulart;HSLART05;Theologische Hochschulen;BILFG4;Fächergruppen;FACHGR-MEDHUM;Humanmedizin/Gesundheitswissenschaften;-;Tsd. EUR;ENM016;Einnahmen der Hochschulen (ohne Trägermittel)
21371;Hochschulfinanzstatistik;JAHR;Jahr;2024;DLAND;Bundesländer;13;Mecklenburg-Vorpommern;BILHA2;Hochschulart;;Insgesamt;BILFG4;Fächergruppen;FACHGR-INGW;Ingenieurwissenschaften;24805;Tsd. EUR;ENM016;Einnahmen der Hochschulen (ohne Trägermittel)
21371;Hochschulfinanzstatistik;JAHR;Jahr;2024;DLAND;Bundesländer;16;Thüringen;BILHA2;Hochschulart;HSLART05;Theologische Hochschulen;BILFG4;Fächergruppen;;Insgesamt;-;Tsd. EUR;ENM016;Einnahmen der Hochschulen (ohne Trägermittel)
21371;Hochschulfinanzstatistik;JAHR;Jahr;2024;DLAND;Bundesländer;05;Nordrhein-Westfalen;BILHA2;Hochschulart;HSLART011;Universitäten (ohne Medizinische Einrichtungen);BILFG4;Fächergruppen;;Insgesamt;1835154;Tsd. EUR;ENM016;Einnahmen der Hochschulen (ohne Trägermittel)
21371;Hochschulfinanzstatistik;JAHR;Jahr;2024;DLAND;Bundesländer;09;Bayern;BILHA2;Hochschulart;HSLART011;Universitäten (ohne Medizinische Einrichtungen);BILFG4;Fächergruppen;;Insgesamt;1269443;Tsd. EUR;ENM016;Einnahmen der Hochschulen (ohne Trägermittel)
21371;Hochschulfinanzstatistik;JAHR;Jahr;2024;DLAND;Bundesländer;08;Baden-Württemberg;BILHA2;Hochschulart;HSLART05;Theologische Hochschulen;BILFG4;Fächergruppen;FACHGR-INGW;Ingenieurwissenschaften;-;Tsd. EUR;ENM016;Einnahmen der Hochschulen (ohne Trägermittel)
21371;Hochschulfinanzstatistik;JAHR;Jahr;2024;DLAND;Bundesländer;13;Mecklenburg-Vorpommern;BILHA2;Hochschulart;HSLART06;Kunsthochschulen;BILFG4;Fächergruppen;FACHGR-NATW;Mathematik, Naturwissenschaften;-;Tsd. EUR;ENM016;Einnahmen der Hochschulen (ohne Trägermittel)
21371;Hochschulfinanzstatistik;JAHR;Jahr;2024;DLAND;Bundesländer;05;Nordrhein-Westfalen;BILHA2;Hochschulart;HSLART082;Verwaltungsfachhochschulen;BILFG4;Fächergruppen;FACHGR-MEDHUM;Humanmedizin/Gesundheitswissenschaften;-;Tsd. EUR;ENM016;Einnahmen der Hochschulen (ohne Trägermittel)
21371;Hochschulfinanzstatistik;JAHR;Jahr;2024;DLAND;Bundesländer;08;Baden-Württemberg;BILHA2;Hochschulart;HSLART012;Medizinische Einrichtungen der Universitäten;BILFG4;Fächergruppen;FACHGR-ZE-01;Zentr.Einrichtungen (o. klinikspez. Einrichtungen);-;Tsd. EUR;ENM016;Einnahmen der Hochschulen (ohne Trägermittel)
21371;Hochschulfinanzstatistik;JAHR;Jahr;2024;DLAND;Bundesländer;08;Baden-Württemberg;BILHA2;Hochschulart;HSLART05;Theologische Hochschulen;BILFG4;Fächergruppen;FACHGR-ZE-01;Zentr.Einrichtungen (o. klinikspez. Einrichtungen);-;Tsd. EUR;ENM016;Einnahmen der Hochschulen (ohne Trägermittel)
21371;Hochschulfinanzstatistik;JAHR;Jahr;2024;DLAND;Bundesländer;01;Schleswig-Holstein;BILHA2;Hochschulart;HSLART06;Kunsthochschulen;BILFG4;Fächergruppen;FACHGR-ZE-01;Zentr.Einrichtungen (o. klinikspez. Einrichtungen);916;Tsd. EUR;ENM016;Einnahmen der Hochschulen (ohne Trägermittel)
21371;Hochschulfinanzstatistik;JAHR;Jahr;2024;DLAND;Bundesländer;03;Niedersachsen;BILHA2;Hochschulart;HSLART012;Medizinische Einrichtungen der Universitäten;BILFG4;Fächergruppen;FACHGR-SKW;Geisteswissenschaften;-;Tsd. EUR;ENM016;Einnahmen der Hochschulen (ohne Trägermittel)
21371;Hochschulfinanzstatistik;JAHR;Jahr;2024;DLAND;Bundesländer;03;Niedersachsen;BILHA2;Hochschulart;HSLART06;Kunsthochschulen;BILFG4;Fächergruppen;FACHGR-RWSW;Rechts-, Wirtschafts- und Sozialwissenschaften;586;Tsd. EUR;ENM016;Einnahmen der Hochschulen (ohne Trägermittel)
21371;Hochschulfinanzstatistik;JAHR;Jahr;2024;DLAND;Bundesländer;11;Berlin;BILHA2;Hochschulart;HSLART08;Fachhochschulen;BILFG4;Fächergruppen;FACHGR-SKW;Geisteswissenschaften;1103;Tsd. EUR;ENM016;Einnahmen der Hochschulen (ohne Trägermittel)
21371;Hochschulfinanzstatistik;JAHR;Jahr;2024;DLAND;Bundesländer;16;Thüringen;BILHA2;Hochschulart;HSLART05;Theologische Hochschulen;BILFG4;Fächergruppen;FACHGR-SPR;Sport;-;Tsd. EUR;ENM016;Einnahmen der Hochschulen (ohne Trägermittel)
21371;Hochschulfinanzstatistik;JAHR;Jahr;2024;DLAND;Bundesländer;15;Sachsen-Anhalt;BILHA2;Hochschulart;HSLART03;Pädagogische Hochschulen;BILFG4;Fächergruppen;;Insgesamt;-;Tsd. EUR;ENM016;Einnahmen der Hochschulen (ohne Trägermittel)
21371;Hochschulfinanzstatistik;JAHR;Jahr;2024;DLAND;Bundesländer;12;Brandenburg;BILHA2;Hochschulart;HSLART011;Universitäten (ohne Medizinische Einrichtungen);BILFG4;Fächergruppen;FACHGR-INGW;Ingenieurwissenschaften;38916;Tsd. EUR;ENM016;Einnahmen der Hochschulen (ohne Trägermittel)
21371;Hochschulfinanzstatistik;JAHR;Jahr;2024;DLAND;Bundesländer;16;Thüringen;BILHA2;Hochschulart;HSLART06;Kunsthochschulen;BILFG4;Fächergruppen;;Insgesamt;980;Tsd. EUR;ENM016;Einnahmen der Hochschulen (ohne Trägermittel)
21371;Hochschulfinanzstatistik;JAHR;Jahr;2024;DLAND;Bundesländer;12;Brandenburg;BILHA2;Hochschulart;HSLART06;Kunsthochschulen;BILFG4;Fächergruppen;FACHGR-NATW;Mathematik, Naturwissenschaften;-;Tsd. EUR;ENM016;Einnahmen der Hochschulen (ohne Trägermittel)
21371;Hochschulfinanzstatistik;JAHR;Jahr;2024;DLAND;Bundesländer;12;Brandenburg;BILHA2;Hochschulart;HSLART08;Fachhochschulen;BILFG4;Fächergruppen;FACHGR-AGRVET;Agrar-, Forst- u.Ernährungswiss., Veterinärmedizin;10661;Tsd. EUR;ENM016;Einnahmen der Hochschulen (ohne Trägermittel)
21371;Hochschulfinanzstatistik;JAHR;Jahr;2024;DLAND;Bundesländer;14;Sachsen;BILHA2;Hochschulart;HSLART082;Verwaltungsfachhochschulen;BILFG4;Fächergruppen;FACHGR-RWSW;Rechts-, Wirtschafts- und Sozialwissenschaften;1527;Tsd. EUR;ENM016;Einnahmen der Hochschulen (ohne Trägermittel)
21371;Hochschulfinanzstatistik;JAHR;Jahr;2024;DLAND;Bundesländer;08;Baden-Württemberg;BILHA2;Hochschulart;HSLART08;Fachhochschulen;BILFG4;Fächergruppen;FACHGR-SPR;Sport;-;Tsd. EUR;ENM016;Einnahmen der Hochschulen (ohne Trägermittel)
21371;Hochschulfinanzstatistik;JAHR;Jahr;2024;DLAND;Bundesländer;09;Bayern;BILHA2;Hochschulart;HSLART03;Pädagogische Hochschulen;BILFG4;Fächergruppen;FACHGR-NATW;Mathematik, Naturwissenschaften;-;Tsd. EUR;ENM016;Einnahmen der Hochschulen (ohne Trägermittel)
21371;Hochschulfinanzstatistik;JAHR;Jahr;2024;DLAND;Bundesländer;16;Thüringen;BILHA2;Hochschulart;HSLART012;Medizinische Einrichtungen der Universitäten;BILFG4;Fächergruppen;FACHGR-RWSW;Rechts-, Wirtschafts- und Sozialwissenschaften;-;Tsd. EUR;ENM016;Einnahmen der Hochschulen (ohne Trägermittel)
21371;Hochschulfinanzstatistik;JAHR;Jahr;2024;DLAND;Bundesländer;16;Thüringen;BILHA2;Hochschulart;;Insgesamt;BILFG4;Fächergruppen;FACHGR-INGW;Ingenieurwissenschaften;77289;Tsd. EUR;ENM016;Einnahmen der Hochschulen (ohne Trägermittel)
21371;Hochschulfinanzstatistik;JAHR;Jahr;2024;DLAND;Bundesländer;14;Sachsen;BILHA2;Hochschulart;HSLART05;Theologische Hochschulen;BILFG4;Fächergruppen;FACHGR-INGW;Ingenieurwissenschaften;-;Tsd. EUR;ENM016;Einnahmen der Hochschulen (ohne Trägermittel)
21371;Hochschulfinanzstatistik;JAHR;Jahr;2024;DLAND;Bundesländer;05;Nordrhein-Westfalen;BILHA2;Hochschulart;HSLART011;Universitäten (ohne Medizinische Einrichtungen);BILFG4;Fächergruppen;FACHGR-SPR;Sport;21121;Tsd. EUR;ENM016;Einnahmen der Hochschulen (ohne Trägermittel)
21371;Hochschulfinanzstatistik;JAHR;Jahr;2024;DLAND;Bundesländer;05;Nordrhein-Westfalen;BILHA2;Hochschulart;HSLART08;Fachhochschulen;BILFG4;Fächergruppen;FACHGR-KUNSTW;Kunst, Kunstwissenschaft;3540;Tsd. EUR;ENM016;Einnahmen der Hochschulen (ohne Trägermittel)
21371;Hochschulfinanzstatistik;JAHR;Jahr;2024;DLAND;Bundesländer;12;Brandenburg;BILHA2;Hochschulart;HSLART08;Fachhochschulen;BILFG4;Fächergruppen;FACHGR-INGW;Ingenieurwissenschaften;17544;Tsd. EUR;ENM016;Einnahmen der Hochschulen (ohne Trägermittel)
21371;Hochschulfinanzstatistik;JAHR;Jahr;2024;DLAND;Bundesländer;14;Sachsen;BILHA2;Hochschulart;;Insgesamt;BILFG4;Fächergruppen;FACHGR-SKW;Geisteswissenschaften;13235;Tsd. EUR;ENM016;Einnahmen der Hochschulen (ohne Trägermittel)
21371;Hochschulfinanzstatistik;JAHR;Jahr;2024;DLAND;Bundesländer;07;Rheinland-Pfalz;BILHA2;Hochschulart;HSLART06;Kunsthochschulen;BILFG4;Fächergruppen;FACHGR-NATW;Mathematik, Naturwissenschaften;-;Tsd. EUR;ENM016;Einnahmen der Hochschulen (ohne Trägermittel)
21371;Hochschulfinanzstatistik;JAHR;Jahr;2024;DLAND;Bundesländer;09;Bayern;BILHA2;Hochschulart;HSLART05;Theologische Hochschulen;BILFG4;Fächergruppen;FACHGR-INGW;Ingenieurwissenschaften;-;Tsd. EUR;ENM016;Einnahmen der Hochschulen (ohne Trägermittel)
21371;Hochschulfinanzstatistik;JAHR;Jahr;2024;DLAND;Bundesländer;15;Sachsen-Anhalt;BILHA2;Hochschulart;HSLART011;Universitäten (ohne Medizinische Einrichtungen);BILFG4;Fächergruppen;FACHGR-MEDHUM;Humanmedizin/Gesundheitswissenschaften;-;Tsd. EUR;ENM016;Einnahmen der Hochschulen (ohne Trägermittel)
21371;Hochschulfinanzstatistik;JAHR;Jahr;2024;DLAND;Bundesländer;10;Saarland;BILHA2;Hochschulart;HSLART08;Fachhochschulen;BILFG4;Fächergruppen;FACHGR-KUNSTW;Kunst, Kunstwissenschaft;-;Tsd. EUR;ENM016;Einnahmen der Hochschulen (ohne Trägermittel)
21371;Hochschulfinanzstatistik;JAHR;Jahr;2024;DLAND;Bundesländer;12;Brandenburg;BILHA2;Hochschulart;;Insgesamt;BILFG4;Fächergruppen;FACHGR-KUNSTW;Kunst, Kunstwissenschaft;13356;Tsd. EUR;ENM016;Einnahmen der Hochschulen (ohne Trägermittel)
21371;Hochschulfinanzstatistik;JAHR;Jahr;2024;DLAND;Bundesländer;03;Niedersachsen;BILHA2;Hochschulart;;Insgesamt;BILFG4;Fächergruppen;FACHGR-KUNSTW;Kunst, Kunstwissenschaft;8974;Tsd. EUR;ENM016;Einnahmen der Hochschulen (ohne Trägermittel)
21371;Hochschulfinanzstatistik;JAHR;Jahr;2024;DLAND;Bundesländer;10;Saarland;BILHA2;Hochschulart;HSLART05;Theologische Hochschulen;BILFG4;Fächergruppen;FACHGR-AGRVET;Agrar-, Forst- u.Ernährungswiss., Veterinärmedizin;-;Tsd. EUR;ENM016;Einnahmen der Hochschulen (ohne Trägermittel)
21371;Hochschulfinanzstatistik;JAHR;Jahr;2024;DLAND;Bundesländer;10;Saarland;BILHA2;Hochschulart;HSLART08;Fachhochschulen;BILFG4;Fächergruppen;;Insgesamt;42535;Tsd. EUR;ENM016;Einnahmen der Hochschulen (ohne Trägermittel)
21371;Hochschulfinanzstatistik;JAHR;Jahr;2024;DLAND;Bundesländer;13;Mecklenburg-Vorpommern;BILHA2;Hochschulart;HSLART08;Fachhochschulen;BILFG4;Fächergruppen;FACHGR-INGW;Ingenieurwissenschaften;4949;Tsd. EUR;ENM016;Einnahmen der Hochschulen (ohne Trägermittel)
21371;Hochschulfinanzstatistik;JAHR;Jahr;2024;DLAND;Bundesländer;13;Mecklenburg-Vorpommern;BILHA2;Hochschulart;HSLART012;Medizinische Einrichtungen der Universitäten;BILFG4;Fächergruppen;FACHGR-ZE-01;Zentr.Einrichtungen (o. klinikspez. Einrichtungen);-;Tsd. EUR;ENM016;Einnahmen der Hochschulen (ohne Trägermittel)
21371;Hochschulfinanzstatistik;JAHR;Jahr;2024;DLAND;Bundesländer;08;Baden-Württemberg;BILHA2;Hochschulart;HSLART06;Kunsthochschulen;BILFG4;Fächergruppen;FACHGR-NATW;Mathematik, Naturwissenschaften;-;Tsd. EUR;ENM016;Einnahmen der Hochschulen (ohne Trägermittel)
21371;Hochschulfinanzstatistik;JAHR;Jahr;2024;DLAND;Bundesländer;12;Brandenburg;BILHA2;Hochschulart;;Insgesamt;BILFG4;Fächergruppen;FACHGR-RWSW;Rechts-, Wirtschafts- und Sozialwissenschaften;87083;Tsd. EUR;ENM016;Einnahmen der Hochschulen (ohne Trägermittel)
21371;Hochschulfinanzstatistik;JAHR;Jahr;2024;DLAND;Bundesländer;04;Bremen;BILHA2;Hochschulart;;Insgesamt;BILFG4;Fächergruppen;FACHGR-NATW;Mathematik, Naturwissenschaften;59343;Tsd. EUR;ENM016;Einnahmen der Hochschulen (ohne Trägermittel)
21371;Hochschulfinanzstatistik;JAHR;Jahr;2024;DLAND;Bundesländer;11;Berlin;BILHA2;Hochschulart;HSLART011;Universitäten (ohne Medizinische Einrichtungen);BILFG4;Fächergruppen;FACHGR-AGRVET;Agrar-, Forst- u.Ernährungswiss., Veterinärmedizin;21807;Tsd. EUR;ENM016;Einnahmen der Hochschulen (ohne Trägermittel)
21371;Hochschulfinanzstatistik;JAHR;Jahr;2024;DLAND;Bundesländer;12;Brandenburg;BILHA2;Hochschulart;HSLART011;Universitäten (ohne Medizinische Einrichtungen);BILFG4;Fächergruppen;FACHGR-KUNSTW;Kunst, Kunstwissenschaft;3251;Tsd. EUR;ENM016;Einnahmen der Hochschulen (ohne Trägermittel)
21371;Hochschulfinanzstatistik;JAHR;Jahr;2024;DLAND;Bundesländer;13;Mecklenburg-Vorpommern;BILHA2;Hochschulart;HSLART011;Universitäten (ohne Medizinische Einrichtungen);BILFG4;Fächergruppen;FACHGR-RWSW;Rechts-, Wirtschafts- und Sozialwissenschaften;10235;Tsd. EUR;ENM016;Einnahmen der Hochschulen (ohne Trägermittel)
21371;Hochschulfinanzstatistik;JAHR;Jahr;2024;DLAND;Bundesländer;09;Bayern;BILHA2;Hochschulart;HSLART08;Fachhochschulen;BILFG4;Fächergruppen;FACHGR-AGRVET;Agrar-, Forst- u.Ernährungswiss., Veterinärmedizin;713;Tsd. EUR;ENM016;Einnahmen der Hochschulen (ohne Trägermittel)
21371;Hochschulfinanzstatistik;JAHR;Jahr;2024;DLAND;Bundesländer;04;Bremen;BILHA2;Hochschulart;HSLART011;Universitäten (ohne Medizinische Einrichtungen);BILFG4;Fächergruppen;FACHGR-ZE-01;Zentr.Einrichtungen (o. klinikspez. Einrichtungen);84312;Tsd. EUR;ENM016;Einnahmen der Hochschulen (ohne Trägermittel)
21371;Hochschulfinanzstatistik;JAHR;Jahr;2024;DLAND;Bundesländer;07;Rheinland-Pfalz;BILHA2;Hochschulart;HSLART011;Universitäten (ohne Medizinische Einrichtungen);BILFG4;Fächergruppen;FACHGR-KUNSTW;Kunst, Kunstwissenschaft;1602;Tsd. EUR;ENM016;Einnahmen der Hochschulen (ohne Trägermittel)
21371;Hochschulfinanzstatistik;JAHR;Jahr;2024;DLAND;Bundesländer;11;Berlin;BILHA2;Hochschulart;HSLART012;Medizinische Einrichtungen der Universitäten;BILFG4;Fächergruppen;FACHGR-INGW;Ingenieurwissenschaften;-;Tsd. EUR;ENM016;Einnahmen der Hochschulen (ohne Trägermittel)
21371;Hochschulfinanzstatistik;JAHR;Jahr;2024;DLAND;Bundesländer;06;Hessen;BILHA2;Hochschulart;HSLART012;Medizinische Einrichtungen der Universitäten;BILFG4;Fächergruppen;FACHGR-INGW;Ingenieurwissenschaften;-;Tsd. EUR;ENM016;Einnahmen der Hochschulen (ohne Trägermittel)
21371;Hochschulfinanzstatistik;JAHR;Jahr;2024;DLAND;Bundesländer;06;Hessen;BILHA2;Hochschulart;HSLART08;Fachhochschulen;BILFG4;Fächergruppen;FACHGR-MEDHUM;Humanmedizin/Gesundheitswissenschaften;6048;Tsd. EUR;ENM016;Einnahmen der Hochschulen (ohne Trägermittel)
21371;Hochschulfinanzstatistik;JAHR;Jahr;2024;DLAND;Bundesländer;03;Niedersachsen;BILHA2;Hochschulart;HSLART05;Theologische Hochschulen;BILFG4;Fächergruppen;FACHGR-KUNSTW;Kunst, Kunstwissenschaft;-;Tsd. EUR;ENM016;Einnahmen der Hochschulen (ohne Trägermittel)
21371;Hochschulfinanzstatistik;JAHR;Jahr;2024;DLAND;Bundesländer;02;Hamburg;BILHA2;Hochschulart;HSLART06;Kunsthochschulen;BILFG4;Fächergruppen;FACHGR-MEDHUM;Humanmedizin/Gesundheitswissenschaften;-;Tsd. EUR;ENM016;Einnahmen der Hochschulen (ohne Trägermittel)
21371;Hochschulfinanzstatistik;JAHR;Jahr;2024;DLAND;Bundesländer;07;Rheinland-Pfalz;BILHA2;Hochschulart;HSLART011;Universitäten (ohne Medizinische Einrichtungen);BILFG4;Fächergruppen;FACHGR-NATW;Mathematik, Naturwissenschaften;109697;Tsd. EUR;ENM016;Einnahmen der Hochschulen (ohne Trägermittel)
21371;Hochschulfinanzstatistik;JAHR;Jahr;2024;DLAND;Bundesländer;09;Bayern;BILHA2;Hochschulart;HSLART03;Pädagogische Hochschulen;BILFG4;Fächergruppen;FACHGR-AGRVET;Agrar-, Forst- u.Ernährungswiss., Veterinärmedizin;-;Tsd. EUR;ENM016;Einnahmen der Hochschulen (ohne Trägermittel)
21371;Hochschulfinanzstatistik;JAHR;Jahr;2024;DLAND;Bundesländer;06;Hessen;BILHA2;Hochschulart;HSLART012;Medizinische Einrichtungen der Universitäten;BILFG4;Fächergruppen;FACHGR-AGRVET;Agrar-, Forst- u.Ernährungswiss., Veterinärmedizin;-;Tsd. EUR;ENM016;Einnahmen der Hochschulen (ohne Trägermittel)
21371;Hochschulfinanzstatistik;JAHR;Jahr;2024;DLAND;Bundesländer;04;Bremen;BILHA2;Hochschulart;HSLART012;Medizinische Einrichtungen der Universitäten;BILFG4;Fächergruppen;FACHGR-INGW;Ingenieurwissenschaften;-;Tsd. EUR;ENM016;Einnahmen der Hochschulen (ohne Trägermittel)
21371;Hochschulfinanzstatistik;JAHR;Jahr;2024;DLAND;Bundesländer;09;Bayern;BILHA2;Hochschulart;;Insgesamt;BILFG4;Fächergruppen;FACHGR-SKW;Geisteswissenschaften;72615;Tsd. EUR;ENM016;Einnahmen der Hochschulen (ohne Trägermittel)
21371;Hochschulfinanzstatistik;JAHR;Jahr;2024;DLAND;Bundesländer;10;Saarland;BILHA2;Hochschulart;HSLART06;Kunsthochschulen;BILFG4;Fächergruppen;FACHGR-ZE-01;Zentr.Einrichtungen (o. klinikspez. Einrichtungen);390;Tsd. EUR;ENM016;Einnahmen der Hochschulen (ohne Trägermittel)
21371;Hochschulfinanzstatistik;JAHR;Jahr;2024;DLAND;Bundesländer;04;Bremen;BILHA2;Hochschulart;HSLART06;Kunsthochschulen;BILFG4;Fächergruppen;FACHGR-MEDHUM;Humanmedizin/Gesundheitswissenschaften;-;Tsd. EUR;ENM016;Einnahmen der Hochschulen (ohne Trägermittel)
21371;Hochschulfinanzstatistik;JAHR;Jahr;2024;DLAND;Bundesländer;13;Mecklenburg-Vorpommern;BILHA2;Hochschulart;;Insgesamt;BILFG4;Fächergruppen;FACHGR-MEDHUM;Humanmedizin/Gesundheitswissenschaften;808111;Tsd. EUR;ENM016;Einnahmen der Hochschulen (ohne Trägermittel)
21371;Hochschulfinanzstatistik;JAHR;Jahr;2024;DLAND;Bundesländer;03;Niedersachsen;BILHA2;Hochschulart;HSLART03;Pädagogische Hochschulen;BILFG4;Fächergruppen;FACHGR-RWSW;Rechts-, Wirtschafts- und Sozialwissenschaften;-;Tsd. EUR;ENM016;Einnahmen der Hochschulen (ohne Trägermittel)
21371;Hochschulfinanzstatistik;JAHR;Jahr;2024;DLAND;Bundesländer;04;Bremen;BILHA2;Hochschulart;HSLART08;Fachhochschulen;BILFG4;Fächergruppen;FACHGR-ZE-01;Zentr.Einrichtungen (o. klinikspez. Einrichtungen);9632;Tsd. EUR;ENM016;Einnahmen der Hochschulen (ohne Trägermittel)
21371;Hochschulfinanzstatistik;JAHR;Jahr;2024;DLAND;Bundesländer;11;Berlin;BILHA2;Hochschulart;HSLART05;Theologische Hochschulen;BILFG4;Fächergruppen;FACHGR-RWSW;Rechts-, Wirtschafts- und Sozialwissenschaften;-;Tsd. EUR;ENM016;Einnahmen der Hochschulen (ohne Trägermittel)
21371;Hochschulfinanzstatistik;JAHR;Jahr;2024;DLAND;Bundesländer;01;Schleswig-Holstein;BILHA2;Hochschulart;HSLART08;Fachhochschulen;BILFG4;Fächergruppen;FACHGR-SKW;Geisteswissenschaften;50;Tsd. EUR;ENM016;Einnahmen der Hochschulen (ohne Trägermittel)
21371;Hochschulfinanzstatistik;JAHR;Jahr;2024;DLAND;Bundesländer;16;Thüringen;BILHA2;Hochschulart;HSLART03;Pädagogische Hochschulen;BILFG4;Fächergruppen;FACHGR-MEDHUM;Humanmedizin/Gesundheitswissenschaften;-;Tsd. EUR;ENM016;Einnahmen der Hochschulen (ohne Trägermittel)
21371;Hochschulfinanzstatistik;JAHR;Jahr;2024;DLAND;Bundesländer;12;Brandenburg;BILHA2;Hochschulart;HSLART05;Theologische Hochschulen;BILFG4;Fächergruppen;FACHGR-AGRVET;Agrar-, Forst- u.Ernährungswiss., Veterinärmedizin;-;Tsd. EUR;ENM016;Einnahmen der Hochschulen (ohne Trägermittel)
21371;Hochschulfinanzstatistik;JAHR;Jahr;2024;DLAND;Bundesländer;14;Sachsen;BILHA2;Hochschulart;;Insgesamt;BILFG4;Fächergruppen;FACHGR-NATW;Mathematik, Naturwissenschaften;132548;Tsd. EUR;ENM016;Einnahmen der Hochschulen (ohne Trägermittel)
21371;Hochschulfinanzstatistik;JAHR;Jahr;2024;DLAND;Bundesländer;06;Hessen;BILHA2;Hochschulart;HSLART082;Verwaltungsfachhochschulen;BILFG4;Fächergruppen;FACHGR-NATW;Mathematik, Naturwissenschaften;4;Tsd. EUR;ENM016;Einnahmen der Hochschulen (ohne Trägermittel)
21371;Hochschulfinanzstatistik;JAHR;Jahr;2024;DLAND;Bundesländer;07;Rheinland-Pfalz;BILHA2;Hochschulart;HSLART03;Pädagogische Hochschulen;BILFG4;Fächergruppen;FACHGR-AGRVET;Agrar-, Forst- u.Ernährungswiss., Veterinärmedizin;-;Tsd. EUR;ENM016;Einnahmen der Hochschulen (ohne Trägermittel)
21371;Hochschulfinanzstatistik;JAHR;Jahr;2024;DLAND;Bundesländer;07;Rheinland-Pfalz;BILHA2;Hochschulart;HSLART012;Medizinische Einrichtungen der Universitäten;BILFG4;Fächergruppen;FACHGR-KUNSTW;Kunst, Kunstwissenschaft;-;Tsd. EUR;ENM016;Einnahmen der Hochschulen (ohne Trägermittel)
21371;Hochschulfinanzstatistik;JAHR;Jahr;2024;DLAND;Bundesländer;01;Schleswig-Holstein;BILHA2;Hochschulart;HSLART011;Universitäten (ohne Medizinische Einrichtungen);BILFG4;Fächergruppen;FACHGR-AGRVET;Agrar-, Forst- u.Ernährungswiss., Veterinärmedizin;9409;Tsd. EUR;ENM016;Einnahmen der Hochschulen (ohne Trägermittel)
21371;Hochschulfinanzstatistik;JAHR;Jahr;2024;DLAND;Bundesländer;06;Hessen;BILHA2;Hochschulart;HSLART06;Kunsthochschulen;BILFG4;Fächergruppen;FACHGR-SKW;Geisteswissenschaften;-;Tsd. EUR;ENM016;Einnahmen der Hochschulen (ohne Trägermittel)
21371;Hochschulfinanzstatistik;JAHR;Jahr;2024;DLAND;Bundesländer;03;Niedersachsen;BILHA2;Hochschulart;HSLART03;Pädagogische Hochschulen;BILFG4;Fächergruppen;FACHGR-SPR;Sport;-;Tsd. EUR;ENM016;Einnahmen der Hochschulen (ohne Trägermittel)
21371;Hochschulfinanzstatistik;JAHR;Jahr;2024;DLAND;Bundesländer;11;Berlin;BILHA2;Hochschulart;HSLART012;Medizinische Einrichtungen der Universitäten;BILFG4;Fächergruppen;FACHGR-AGRVET;Agrar-, Forst- u.Ernährungswiss., Veterinärmedizin;-;Tsd. EUR;ENM016;Einnahmen der Hochschulen (ohne Trägermittel)
21371;Hochschulfinanzstatistik;JAHR;Jahr;2024;DLAND;Bundesländer;02;Hamburg;BILHA2;Hochschulart;;Insgesamt;BILFG4;Fächergruppen;FACHGR-MEDHUM;Humanmedizin/Gesundheitswissenschaften;1307452;Tsd. EUR;ENM016;Einnahmen der Hochschulen (ohne Trägermittel)
21371;Hochschulfinanzstatistik;JAHR;Jahr;2024;DLAND;Bundesländer;09;Bayern;BILHA2;Hochschulart;;Insgesamt;BILFG4;Fächergruppen;FACHGR-AGRVET;Agrar-, Forst- u.Ernährungswiss., Veterinärmedizin;55790;Tsd. EUR;ENM016;Einnahmen der Hochschulen (ohne Trägermittel)
21371;Hochschulfinanzstatistik;JAHR;Jahr;2024;DLAND;Bundesländer;10;Saarland;BILHA2;Hochschulart;HSLART011;Universitäten (ohne Medizinische Einrichtungen);BILFG4;Fächergruppen;FACHGR-SPR;Sport;137;Tsd. EUR;ENM016;Einnahmen der Hochschulen (ohne Trägermittel)
21371;Hochschulfinanzstatistik;JAHR;Jahr;2024;DLAND;Bundesländer;04;Bremen;BILHA2;Hochschulart;HSLART08;Fachhochschulen;BILFG4;Fächergruppen;FACHGR-MEDHUM;Humanmedizin/Gesundheitswissenschaften;12451;Tsd. EUR;ENM016;Einnahmen der Hochschulen (ohne Trägermittel)
21371;Hochschulfinanzstatistik;JAHR;Jahr;2024;DLAND;Bundesländer;08;Baden-Württemberg;BILHA2;Hochschulart;HSLART08;Fachhochschulen;BILFG4;Fächergruppen;;Insgesamt;475069;Tsd. EUR;ENM016;Einnahmen der Hochschulen (ohne Trägermittel)
21371;Hochschulfinanzstatistik;JAHR;Jahr;2024;DLAND;Bundesländer;01;Schleswig-Holstein;BILHA2;Hochschulart;HSLART08;Fachhochschulen;BILFG4;Fächergruppen;FACHGR-NATW;Mathematik, Naturwissenschaften;1997;Tsd. EUR;ENM016;Einnahmen der Hochschulen (ohne Trägermittel)
21371;Hochschulfinanzstatistik;JAHR;Jahr;2024;DLAND;Bundesländer;03;Niedersachsen;BILHA2;Hochschulart;HSLART082;Verwaltungsfachhochschulen;BILFG4;Fächergruppen;FACHGR-RWSW;Rechts-, Wirtschafts- und Sozialwissenschaften;1082;Tsd. EUR;ENM016;Einnahmen der Hochschulen (ohne Trägermittel)
21371;Hochschulfinanzstatistik;JAHR;Jahr;2024;DLAND;Bundesländer;12;Brandenburg;BILHA2;Hochschulart;HSLART08;Fachhochschulen;BILFG4;Fächergruppen;FACHGR-SPR;Sport;1744;Tsd. EUR;ENM016;Einnahmen der Hochschulen (ohne Trägermittel)
21371;Hochschulfinanzstatistik;JAHR;Jahr;2024;DLAND;Bundesländer;07;Rheinland-Pfalz;BILHA2;Hochschulart;HSLART05;Theologische Hochschulen;BILFG4;Fächergruppen;;Insgesamt;3406;Tsd. EUR;ENM016;Einnahmen der Hochschulen (ohne Trägermittel)
21371;Hochschulfinanzstatistik;JAHR;Jahr;2024;DLAND;Bundesländer;03;Niedersachsen;BILHA2;Hochschulart;HSLART06;Kunsthochschulen;BILFG4;Fächergruppen;FACHGR-SKW;Geisteswissenschaften;2;Tsd. EUR;ENM016;Einnahmen der Hochschulen (ohne Trägermittel)
21371;Hochschulfinanzstatistik;JAHR;Jahr;2024;DLAND;Bundesländer;09;Bayern;BILHA2;Hochschulart;HSLART082;Verwaltungsfachhochschulen;BILFG4;Fächergruppen;FACHGR-SPR;Sport;-;Tsd. EUR;ENM016;Einnahmen der Hochschulen (ohne Trägermittel)
21371;Hochschulfinanzstatistik;JAHR;Jahr;2024;DLAND;Bundesländer;02;Hamburg;BILHA2;Hochschulart;HSLART012;Medizinische Einrichtungen der Universitäten;BILFG4;Fächergruppen;FACHGR-SKW;Geisteswissenschaften;-;Tsd. EUR;ENM016;Einnahmen der Hochschulen (ohne Trägermittel)
21371;Hochschulfinanzstatistik;JAHR;Jahr;2024;DLAND;Bundesländer;16;Thüringen;BILHA2;Hochschulart;HSLART06;Kunsthochschulen;BILFG4;Fächergruppen;FACHGR-RWSW;Rechts-, Wirtschafts- und Sozialwissenschaften;-;Tsd. EUR;ENM016;Einnahmen der Hochschulen (ohne Trägermittel)
21371;Hochschulfinanzstatistik;JAHR;Jahr;2024;DLAND;Bundesländer;02;Hamburg;BILHA2;Hochschulart;HSLART011;Universitäten (ohne Medizinische Einrichtungen);BILFG4;Fächergruppen;FACHGR-KUNSTW;Kunst, Kunstwissenschaft;-;Tsd. EUR;ENM016;Einnahmen der Hochschulen (ohne Trägermittel)
21371;Hochschulfinanzstatistik;JAHR;Jahr;2024;DLAND;Bundesländer;14;Sachsen;BILHA2;Hochschulart;HSLART08;Fachhochschulen;BILFG4;Fächergruppen;FACHGR-AGRVET;Agrar-, Forst- u.Ernährungswiss., Veterinärmedizin;688;Tsd. EUR;ENM016;Einnahmen der Hochschulen (ohne Trägermittel)
21371;Hochschulfinanzstatistik;JAHR;Jahr;2024;DLAND;Bundesländer;10;Saarland;BILHA2;Hochschulart;HSLART06;Kunsthochschulen;BILFG4;Fächergruppen;FACHGR-SKW;Geisteswissenschaften;-;Tsd. EUR;ENM016;Einnahmen der Hochschulen (ohne Trägermittel)
21371;Hochschulfinanzstatistik;JAHR;Jahr;2024;DLAND;Bundesländer;12;Brandenburg;BILHA2;Hochschulart;HSLART082;Verwaltungsfachhochschulen;BILFG4;Fächergruppen;FACHGR-RWSW;Rechts-, Wirtschafts- und Sozialwissenschaften;6743;Tsd. EUR;ENM016;Einnahmen der Hochschulen (ohne Trägermittel)
21371;Hochschulfinanzstatistik;JAHR;Jahr;2024;DLAND;Bundesländer;11;Berlin;BILHA2;Hochschulart;HSLART012;Medizinische Einrichtungen der Universitäten;BILFG4;Fächergruppen;FACHGR-ZE-01;Zentr.Einrichtungen (o. klinikspez. Einrichtungen);-;Tsd. EUR;ENM016;Einnahmen der Hochschulen (ohne Trägermittel)
21371;Hochschulfinanzstatistik;JAHR;Jahr;2024;DLAND;Bundesländer;01;Schleswig-Holstein;BILHA2;Hochschulart;HSLART05;Theologische Hochschulen;BILFG4;Fächergruppen;FACHGR-SPR;Sport;-;Tsd. EUR;ENM016;Einnahmen der Hochschulen (ohne Trägermittel)
21371;Hochschulfinanzstatistik;JAHR;Jahr;2024;DLAND;Bundesländer;14;Sachsen;BILHA2;Hochschulart;;Insgesamt;BILFG4;Fächergruppen;FACHGR-KUNSTW;Kunst, Kunstwissenschaft;7125;Tsd. EUR;ENM016;Einnahmen der Hochschulen (ohne Trägermittel)
21371;Hochschulfinanzstatistik;JAHR;Jahr;2024;DLAND;Bundesländer;13;Mecklenburg-Vorpommern;BILHA2;Hochschulart;HSLART08;Fachhochschulen;BILFG4;Fächergruppen;FACHGR-ZE-01;Zentr.Einrichtungen (o. klinikspez. Einrichtungen);10694;Tsd. EUR;ENM016;Einnahmen der Hochschulen (ohne Trägermittel)
21371;Hochschulfinanzstatistik;JAHR;Jahr;2024;DLAND;Bundesländer;05;Nordrhein-Westfalen;BILHA2;Hochschulart;HSLART012;Medizinische Einrichtungen der Universitäten;BILFG4;Fächergruppen;FACHGR-MEDHUM;Humanmedizin/Gesundheitswissenschaften;6283058;Tsd. EUR;ENM016;Einnahmen der Hochschulen (ohne Trägermittel)
21371;Hochschulfinanzstatistik;JAHR;Jahr;2024;DLAND;Bundesländer;16;Thüringen;BILHA2;Hochschulart;HSLART082;Verwaltungsfachhochschulen;BILFG4;Fächergruppen;FACHGR-AGRVET;Agrar-, Forst- u.Ernährungswiss., Veterinärmedizin;-;Tsd. EUR;ENM016;Einnahmen der Hochschulen (ohne Trägermittel)
21371;Hochschulfinanzstatistik;JAHR;Jahr;2024;DLAND;Bundesländer;04;Bremen;BILHA2;Hochschulart;HSLART08;Fachhochschulen;BILFG4;Fächergruppen;FACHGR-SKW;Geisteswissenschaften;-;Tsd. EUR;ENM016;Einnahmen der Hochschulen (ohne Trägermittel)
21371;Hochschulfinanzstatistik;JAHR;Jahr;2024;DLAND;Bundesländer;10;Saarland;BILHA2;Hochschulart;HSLART03;Pädagogische Hochschulen;BILFG4;Fächergruppen;FACHGR-AGRVET;Agrar-, Forst- u.Ernährungswiss., Veterinärmedizin;-;Tsd. EUR;ENM016;Einnahmen der Hochschulen (ohne Trägermittel)
21371;Hochschulfinanzstatistik;JAHR;Jahr;2024;DLAND;Bundesländer;02;Hamburg;BILHA2;Hochschulart;HSLART012;Medizinische Einrichtungen der Universitäten;BILFG4;Fächergruppen;FACHGR-KUNSTW;Kunst, Kunstwissenschaft;-;Tsd. EUR;ENM016;Einnahmen der Hochschulen (ohne Trägermittel)
21371;Hochschulfinanzstatistik;JAHR;Jahr;2024;DLAND;Bundesländer;15;Sachsen-Anhalt;BILHA2;Hochschulart;HSLART012;Medizinische Einrichtungen der Universitäten;BILFG4;Fächergruppen;FACHGR-MEDHUM;Humanmedizin/Gesundheitswissenschaften;989592;Tsd. EUR;ENM016;Einnahmen der Hochschulen (ohne Trägermittel)
21371;Hochschulfinanzstatistik;JAHR;Jahr;2024;DLAND;Bundesländer;11;Berlin;BILHA2;Hochschulart;HSLART06;Kunsthochschulen;BILFG4;Fächergruppen;FACHGR-SPR;Sport;-;Tsd. EUR;ENM016;Einnahmen der Hochschulen (ohne Trägermittel)
21371;Hochschulfinanzstatistik;JAHR;Jahr;2024;DLAND;Bundesländer;08;Baden-Württemberg;BILHA2;Hochschulart;;Insgesamt;BILFG4;Fächergruppen;FACHGR-ZE-01;Zentr.Einrichtungen (o. klinikspez. Einrichtungen);459676;Tsd. EUR;ENM016;Einnahmen der Hochschulen (ohne Trägermittel)
21371;Hochschulfinanzstatistik;JAHR;Jahr;2024;DLAND;Bundesländer;02;Hamburg;BILHA2;Hochschulart;HSLART03;Pädagogische Hochschulen;BILFG4;Fächergruppen;FACHGR-MEDHUM;Humanmedizin/Gesundheitswissenschaften;-;Tsd. EUR;ENM016;Einnahmen der Hochschulen (ohne Trägermittel)
21371;Hochschulfinanzstatistik;JAHR;Jahr;2024;DLAND;Bundesländer;15;Sachsen-Anhalt;BILHA2;Hochschulart;HSLART011;Universitäten (ohne Medizinische Einrichtungen);BILFG4;Fächergruppen;FACHGR-RWSW;Rechts-, Wirtschafts- und Sozialwissenschaften;9114;Tsd. EUR;ENM016;Einnahmen der Hochschulen (ohne Trägermittel)
21371;Hochschulfinanzstatistik;JAHR;Jahr;2024;DLAND;Bundesländer;14;Sachsen;BILHA2;Hochschulart;HSLART03;Pädagogische Hochschulen;BILFG4;Fächergruppen;FACHGR-NATW;Mathematik, Naturwissenschaften;-;Tsd. EUR;ENM016;Einnahmen der Hochschulen (ohne Trägermittel)
21371;Hochschulfinanzstatistik;JAHR;Jahr;2024;DLAND;Bundesländer;09;Bayern;BILHA2;Hochschulart;HSLART06;Kunsthochschulen;BILFG4;Fächergruppen;FACHGR-AGRVET;Agrar-, Forst- u.Ernährungswiss., Veterinärmedizin;-;Tsd. EUR;ENM016;Einnahmen der Hochschulen (ohne Trägermittel)
21371;Hochschulfinanzstatistik;JAHR;Jahr;2024;DLAND;Bundesländer;06;Hessen;BILHA2;Hochschulart;HSLART03;Pädagogische Hochschulen;BILFG4;Fächergruppen;FACHGR-INGW;Ingenieurwissenschaften;-;Tsd. EUR;ENM016;Einnahmen der Hochschulen (ohne Trägermittel)
21371;Hochschulfinanzstatistik;JAHR;Jahr;2024;DLAND;Bundesländer;07;Rheinland-Pfalz;BILHA2;Hochschulart;HSLART06;Kunsthochschulen;BILFG4;Fächergruppen;FACHGR-SPR;Sport;-;Tsd. EUR;ENM016;Einnahmen der Hochschulen (ohne Trägermittel)
21371;Hochschulfinanzstatistik;JAHR;Jahr;2024;DLAND;Bundesländer;10;Saarland;BILHA2;Hochschulart;HSLART011;Universitäten (ohne Medizinische Einrichtungen);BILFG4;Fächergruppen;FACHGR-MEDHUM;Humanmedizin/Gesundheitswissenschaften;-;Tsd. EUR;ENM016;Einnahmen der Hochschulen (ohne Trägermittel)
21371;Hochschulfinanzstatistik;JAHR;Jahr;2024;DLAND;Bundesländer;07;Rheinland-Pfalz;BILHA2;Hochschulart;HSLART08;Fachhochschulen;BILFG4;Fächergruppen;FACHGR-INGW;Ingenieurwissenschaften;21203;Tsd. EUR;ENM016;Einnahmen der Hochschulen (ohne Trägermittel)
21371;Hochschulfinanzstatistik;JAHR;Jahr;2024;DLAND;Bundesländer;05;Nordrhein-Westfalen;BILHA2;Hochschulart;HSLART011;Universitäten (ohne Medizinische Einrichtungen);BILFG4;Fächergruppen;FACHGR-MEDHUM;Humanmedizin/Gesundheitswissenschaften;-;Tsd. EUR;ENM016;Einnahmen der Hochschulen (ohne Trägermittel)
21371;Hochschulfinanzstatistik;JAHR;Jahr;2024;DLAND;Bundesländer;03;Niedersachsen;BILHA2;Hochschulart;HSLART03;Pädagogische Hochschulen;BILFG4;Fächergruppen;FACHGR-KUNSTW;Kunst, Kunstwissenschaft;-;Tsd. EUR;ENM016;Einnahmen der Hochschulen (ohne Trägermittel)
21371;Hochschulfinanzstatistik;JAHR;Jahr;2024;DLAND;Bundesländer;09;Bayern;BILHA2;Hochschulart;HSLART03;Pädagogische Hochschulen;BILFG4;Fächergruppen;FACHGR-ZE-01;Zentr.Einrichtungen (o. klinikspez. Einrichtungen);-;Tsd. EUR;ENM016;Einnahmen der Hochschulen (ohne Trägermittel)
21371;Hochschulfinanzstatistik;JAHR;Jahr;2024;DLAND;Bundesländer;01;Schleswig-Holstein;BILHA2;Hochschulart;HSLART012;Medizinische Einrichtungen der Universitäten;BILFG4;Fächergruppen;FACHGR-AGRVET;Agrar-, Forst- u.Ernährungswiss., Veterinärmedizin;-;Tsd. EUR;ENM016;Einnahmen der Hochschulen (ohne Trägermittel)
21371;Hochschulfinanzstatistik;JAHR;Jahr;2024;DLAND;Bundesländer;01;Schleswig-Holstein;BILHA2;Hochschulart;HSLART08;Fachhochschulen;BILFG4;Fächergruppen;;Insgesamt;48961;Tsd. EUR;ENM016;Einnahmen der Hochschulen (ohne Trägermittel)
21371;Hochschulfinanzstatistik;JAHR;Jahr;2024;DLAND;Bundesländer;15;Sachsen-Anhalt;BILHA2;Hochschulart;HSLART08;Fachhochschulen;BILFG4;Fächergruppen;FACHGR-NATW;Mathematik, Naturwissenschaften;0;Tsd. EUR;ENM016;Einnahmen der Hochschulen (ohne Trägermittel)
21371;Hochschulfinanzstatistik;JAHR;Jahr;2024;DLAND;Bundesländer;09;Bayern;BILHA2;Hochschulart;HSLART011;Universitäten (ohne Medizinische Einrichtungen);BILFG4;Fächergruppen;FACHGR-NATW;Mathematik, Naturwissenschaften;307789;Tsd. EUR;ENM016;Einnahmen der Hochschulen (ohne Trägermittel)
21371;Hochschulfinanzstatistik;JAHR;Jahr;2024;DLAND;Bundesländer;01;Schleswig-Holstein;BILHA2;Hochschulart;HSLART011;Universitäten (ohne Medizinische Einrichtungen);BILFG4;Fächergruppen;FACHGR-INGW;Ingenieurwissenschaften;28627;Tsd. EUR;ENM016;Einnahmen der Hochschulen (ohne Trägermittel)
21371;Hochschulfinanzstatistik;JAHR;Jahr;2024;DLAND;Bundesländer;10;Saarland;BILHA2;Hochschulart;HSLART012;Medizinische Einrichtungen der Universitäten;BILFG4;Fächergruppen;FACHGR-MEDHUM;Humanmedizin/Gesundheitswissenschaften;617352;Tsd. EUR;ENM016;Einnahmen der Hochschulen (ohne Trägermittel)
21371;Hochschulfinanzstatistik;JAHR;Jahr;2024;DLAND;Bundesländer;01;Schleswig-Holstein;BILHA2;Hochschulart;HSLART011;Universitäten (ohne Medizinische Einrichtungen);BILFG4;Fächergruppen;FACHGR-SKW;Geisteswissenschaften;6876;Tsd. EUR;ENM016;Einnahmen der Hochschulen (ohne Trägermittel)
21371;Hochschulfinanzstatistik;JAHR;Jahr;2024;DLAND;Bundesländer;09;Bayern;BILHA2;Hochschulart;HSLART05;Theologische Hochschulen;BILFG4;Fächergruppen;FACHGR-AGRVET;Agrar-, Forst- u.Ernährungswiss., Veterinärmedizin;-;Tsd. EUR;ENM016;Einnahmen der Hochschulen (ohne Trägermittel)
21371;Hochschulfinanzstatistik;JAHR;Jahr;2024;DLAND;Bundesländer;12;Brandenburg;BILHA2;Hochschulart;HSLART06;Kunsthochschulen;BILFG4;Fächergruppen;FACHGR-ZE-01;Zentr.Einrichtungen (o. klinikspez. Einrichtungen);-;Tsd. EUR;ENM016;Einnahmen der Hochschulen (ohne Trägermittel)
21371;Hochschulfinanzstatistik;JAHR;Jahr;2024;DLAND;Bundesländer;12;Brandenburg;BILHA2;Hochschulart;HSLART06;Kunsthochschulen;BILFG4;Fächergruppen;FACHGR-AGRVET;Agrar-, Forst- u.Ernährungswiss., Veterinärmedizin;-;Tsd. EUR;ENM016;Einnahmen der Hochschulen (ohne Trägermittel)
21371;Hochschulfinanzstatistik;JAHR;Jahr;2024;DLAND;Bundesländer;01;Schleswig-Holstein;BILHA2;Hochschulart;HSLART082;Verwaltungsfachhochschulen;BILFG4;Fächergruppen;FACHGR-ZE-01;Zentr.Einrichtungen (o. klinikspez. Einrichtungen);-;Tsd. EUR;ENM016;Einnahmen der Hochschulen (ohne Trägermittel)
21371;Hochschulfinanzstatistik;JAHR;Jahr;2024;DLAND;Bundesländer;05;Nordrhein-Westfalen;BILHA2;Hochschulart;HSLART08;Fachhochschulen;BILFG4;Fächergruppen;FACHGR-SPR;Sport;-;Tsd. EUR;ENM016;Einnahmen der Hochschulen (ohne Trägermittel)
21371;Hochschulfinanzstatistik;JAHR;Jahr;2024;DLAND;Bundesländer;14;Sachsen;BILHA2;Hochschulart;HSLART082;Verwaltungsfachhochschulen;BILFG4;Fächergruppen;FACHGR-SPR;Sport;-;Tsd. EUR;ENM016;Einnahmen der Hochschulen (ohne Trägermittel)
21371;Hochschulfinanzstatistik;JAHR;Jahr;2024;DLAND;Bundesländer;05;Nordrhein-Westfalen;BILHA2;Hochschulart;HSLART06;Kunsthochschulen;BILFG4;Fächergruppen;FACHGR-KUNSTW;Kunst, Kunstwissenschaft;11708;Tsd. EUR;ENM016;Einnahmen der Hochschulen (ohne Trägermittel)
21371;Hochschulfinanzstatistik;JAHR;Jahr;2024;DLAND;Bundesländer;03;Niedersachsen;BILHA2;Hochschulart;HSLART06;Kunsthochschulen;BILFG4;Fächergruppen;FACHGR-ZE-01;Zentr.Einrichtungen (o. klinikspez. Einrichtungen);1003;Tsd. EUR;ENM016;Einnahmen der Hochschulen (ohne Trägermittel)
21371;Hochschulfinanzstatistik;JAHR;Jahr;2024;DLAND;Bundesländer;11;Berlin;BILHA2;Hochschulart;HSLART012;Medizinische Einrichtungen der Universitäten;BILFG4;Fächergruppen;FACHGR-SPR;Sport;-;Tsd. EUR;ENM016;Einnahmen der Hochschulen (ohne Trägermittel)
21371;Hochschulfinanzstatistik;JAHR;Jahr;2024;DLAND;Bundesländer;02;Hamburg;BILHA2;Hochschulart;HSLART05;Theologische Hochschulen;BILFG4;Fächergruppen;FACHGR-NATW;Mathematik, Naturwissenschaften;-;Tsd. EUR;ENM016;Einnahmen der Hochschulen (ohne Trägermittel)
21371;Hochschulfinanzstatistik;JAHR;Jahr;2024;DLAND;Bundesländer;09;Bayern;BILHA2;Hochschulart;;Insgesamt;BILFG4;Fächergruppen;FACHGR-INGW;Ingenieurwissenschaften;496170;Tsd. EUR;ENM016;Einnahmen der Hochschulen (ohne Trägermittel)
21371;Hochschulfinanzstatistik;JAHR;Jahr;2024;DLAND;Bundesländer;05;Nordrhein-Westfalen;BILHA2;Hochschulart;HSLART06;Kunsthochschulen;BILFG4;Fächergruppen;FACHGR-INGW;Ingenieurwissenschaften;1409;Tsd. EUR;ENM016;Einnahmen der Hochschulen (ohne Trägermittel)
21371;Hochschulfinanzstatistik;JAHR;Jahr;2024;DLAND;Bundesländer;13;Mecklenburg-Vorpommern;BILHA2;Hochschulart;HSLART012;Medizinische Einrichtungen der Universitäten;BILFG4;Fächergruppen;FACHGR-INGW;Ingenieurwissenschaften;-;Tsd. EUR;ENM016;Einnahmen der Hochschulen (ohne Trägermittel)
21371;Hochschulfinanzstatistik;JAHR;Jahr;2024;DLAND;Bundesländer;06;Hessen;BILHA2;Hochschulart;HSLART011;Universitäten (ohne Medizinische Einrichtungen);BILFG4;Fächergruppen;FACHGR-RWSW;Rechts-, Wirtschafts- und Sozialwissenschaften;232617;Tsd. EUR;ENM016;Einnahmen der Hochschulen (ohne Trägermittel)
21371;Hochschulfinanzstatistik;JAHR;Jahr;2024;DLAND;Bundesländer;15;Sachsen-Anhalt;BILHA2;Hochschulart;;Insgesamt;BILFG4;Fächergruppen;FACHGR-RWSW;Rechts-, Wirtschafts- und Sozialwissenschaften;34802;Tsd. EUR;ENM016;Einnahmen der Hochschulen (ohne Trägermittel)
