statistics_code;statistics_label;time_code;time_label;time;1_variable_code;1_variable_label;1_variable_attribute_code;1_variable_attribute_label;2_variable_code;2_variable_label;2_variable_attribute_code;2_variable_attribute_label;value;value_unit;value_variable_code;value_variable_label
81000;Volkswirtschaftliche Gesamtrechnungen des Bundes;JAHR;Jahr;2025;DINSG;Deutschland insgesamt;DG;Deutschland;WZ08G3;WZ2008: Wirtschaftsbereiche der VGR;WZ08-77;Vermietung von beweglichen Sachen;...;EUR;VST040;Bruttolöhne und -gehälter je Arbeitnehmer
81000;Volkswirtschaftliche Gesamtrechnungen des Bundes;JAHR;Jahr;2025;DINSG;Deutschland insgesamt;DG;Deutschland;WZ08G3;WZ2008: Wirtschaftsbereiche der VGR;WZ08-37-01;Abwasser-, Abfallentsorgung, Rückgewinnung;...;EUR;VST040;Bruttolöhne und -gehälter je Arbeitnehmer
81000;Volkswirtschaftliche Gesamtrechnungen des Bundes;JAHR;Jahr;2021;DINSG;Deutschland insgesamt;DG;Deutschland;WZ08G3;WZ2008: Wirtschaftsbereiche der VGR;WZ08-64;Erbringung von Finanzdienstleistungen;67735;EUR;VST040;Bruttolöhne und -gehälter je Arbeitnehmer
81000;Volkswirtschaftliche Gesamtrechnungen des Bundes;JAHR;Jahr;2021;DINSG;Deutschland insgesamt;DG;Deutschland;WZ08G3;WZ2008: Wirtschaftsbereiche der VGR;WZ08-41;Hochbau;40643;EUR;VST040;Bruttolöhne und -gehälter je Arbeitnehmer
81000;Volkswirtschaftliche Gesamtrechnungen des Bundes;JAHR;Jahr;2022;DINSG;Deutschland insgesamt;DG;Deutschland;WZ08G3;WZ2008: Wirtschaftsbereiche der VGR;WZ08-31-01;Möbelherstellung, Installation von Maschinen;50314;EUR;VST040;Bruttolöhne und -gehälter je Arbeitnehmer
81000;Volkswirtschaftliche Gesamtrechnungen des Bundes;JAHR;Jahr;2023;DINSG;Deutschland insgesamt;DG;Deutschland;WZ08G3;WZ2008: Wirtschaftsbereiche der VGR;WZ08-42;Tiefbau;48197;EUR;VST040;Bruttolöhne und -gehälter je Arbeitnehmer
81000;Volkswirtschaftliche Gesamtrechnungen des Bundes;JAHR;Jahr;2022;DINSG;Deutschland insgesamt;DG;Deutschland;WZ08G3;WZ2008: Wirtschaftsbereiche der VGR;WZ08-53;Post-, Kurier- und Expressdienste;27185;EUR;VST040;Bruttolöhne und -gehälter je Arbeitnehmer
81000;Volkswirtschaftliche Gesamtrechnungen des Bundes;JAHR;Jahr;2022;DINSG;Deutschland insgesamt;DG;Deutschland;WZ08G3;WZ2008: Wirtschaftsbereiche der VGR;WZ08-30;Sonstiger Fahrzeugbau;67127;EUR;VST040;Bruttolöhne und -gehälter je Arbeitnehmer
81000;Volkswirtschaftliche Gesamtrechnungen des Bundes;JAHR;Jahr;2024;DINSG;Deutschland insgesamt;DG;Deutschland;WZ08G3;WZ2008: Wirtschaftsbereiche der VGR;WZ08-69-01;Unternehmensnahe Beratungsleistungen;66217;EUR;VST040;Bruttolöhne und -gehälter je Arbeitnehmer
81000;Volkswirtschaftliche Gesamtrechnungen des Bundes;JAHR;Jahr;2024;DINSG;Deutschland insgesamt;DG;Deutschland;WZ08G3;WZ2008: Wirtschaftsbereiche der VGR;WZ08-24-01;Metallgewerbe;52782;EUR;VST040;Bruttolöhne und -gehälter je Arbeitnehmer
81000;Volkswirtschaftliche Gesamtrechnungen des Bundes;JAHR;Jahr;2025;DINSG;Deutschland insgesamt;DG;Deutschland;WZ08G3;WZ2008: Wirtschaftsbereiche der VGR;WZ08-031;Fischerei;...;EUR;VST040;Bruttolöhne und -gehälter je Arbeitnehmer
81000;Volkswirtschaftliche Gesamtrechnungen des Bundes;JAHR;Jahr;2024;DINSG;Deutschland insgesamt;DG;Deutschland;WZ08G3;WZ2008: Wirtschaftsbereiche der VGR;WZ08-77;Vermietung von beweglichen Sachen;47645;EUR;VST040;Bruttolöhne und -gehälter je Arbeitnehmer
81000;Volkswirtschaftliche Gesamtrechnungen des Bundes;JAHR;Jahr;2022;DINSG;Deutschland insgesamt;DG;Deutschland;WZ08G3;WZ2008: Wirtschaftsbereiche der VGR;WZ08-B-05;Produzierendes Gewerbe;49805;EUR;VST040;Bruttolöhne und -gehälter je Arbeitnehmer
81000;Volkswirtschaftliche Gesamtrechnungen des Bundes;JAHR;Jahr;2022;DINSG;Deutschland insgesamt;DG;Deutschland;WZ08G3;WZ2008: Wirtschaftsbereiche der VGR;WZ08-59-01;Audiovisuelle Medien und Rundfunk;60876;EUR;VST040;Bruttolöhne und -gehälter je Arbeitnehmer
81000;Volkswirtschaftliche Gesamtrechnungen des Bundes;JAHR;Jahr;2022;DINSG;Deutschland insgesamt;DG;Deutschland;WZ08G3;WZ2008: Wirtschaftsbereiche der VGR;WZ08-D;Energieversorgung;67754;EUR;VST040;Bruttolöhne und -gehälter je Arbeitnehmer
81000;Volkswirtschaftliche Gesamtrechnungen des Bundes;JAHR;Jahr;2021;DINSG;Deutschland insgesamt;DG;Deutschland;WZ08G3;WZ2008: Wirtschaftsbereiche der VGR;WZ08-G-04;Dienstleistungsbereiche;36658;EUR;VST040;Bruttolöhne und -gehälter je Arbeitnehmer
81000;Volkswirtschaftliche Gesamtrechnungen des Bundes;JAHR;Jahr;2023;DINSG;Deutschland insgesamt;DG;Deutschland;WZ08G3;WZ2008: Wirtschaftsbereiche der VGR;WZ08-65;Versicherungen, Rückversicherungen, Pensionskassen;78717;EUR;VST040;Bruttolöhne und -gehälter je Arbeitnehmer
81000;Volkswirtschaftliche Gesamtrechnungen des Bundes;JAHR;Jahr;2024;DINSG;Deutschland insgesamt;DG;Deutschland;WZ08G3;WZ2008: Wirtschaftsbereiche der VGR;WZ08-K;Erbringung v. Finanz- u. Versicherungsdienstleist.;79932;EUR;VST040;Bruttolöhne und -gehälter je Arbeitnehmer
81000;Volkswirtschaftliche Gesamtrechnungen des Bundes;JAHR;Jahr;2021;DINSG;Deutschland insgesamt;DG;Deutschland;WZ08G3;WZ2008: Wirtschaftsbereiche der VGR;WZ08-53;Post-, Kurier- und Expressdienste;26847;EUR;VST040;Bruttolöhne und -gehälter je Arbeitnehmer
81000;Volkswirtschaftliche Gesamtrechnungen des Bundes;JAHR;Jahr;2025;DINSG;Deutschland insgesamt;DG;Deutschland;WZ08G3;WZ2008: Wirtschaftsbereiche der VGR;WZ08-42;Tiefbau;...;EUR;VST040;Bruttolöhne und -gehälter je Arbeitnehmer
81000;Volkswirtschaftliche Gesamtrechnungen des Bundes;JAHR;Jahr;2025;DINSG;Deutschland insgesamt;DG;Deutschland;WZ08G3;WZ2008: Wirtschaftsbereiche der VGR;WZ08-65;Versicherungen, Rückversicherungen, Pensionskassen;...;EUR;VST040;Bruttolöhne und -gehälter je Arbeitnehmer
81000;Volkswirtschaftliche Gesamtrechnungen des Bundes;JAHR;Jahr;2021;DINSG;Deutschland insgesamt;DG;Deutschland;WZ08G3;WZ2008: Wirtschaftsbereiche der VGR;WZ08-P;Erziehung und Unterricht;41377;EUR;VST040;Bruttolöhne und -gehälter je Arbeitnehmer
81000;Volkswirtschaftliche Gesamtrechnungen des Bundes;JAHR;Jahr;2021;DINSG;Deutschland insgesamt;DG;Deutschland;WZ08G3;WZ2008: Wirtschaftsbereiche der VGR;WZ08-30;Sonstiger Fahrzeugbau;65378;EUR;VST040;Bruttolöhne und -gehälter je Arbeitnehmer
81000;Volkswirtschaftliche Gesamtrechnungen des Bundes;JAHR;Jahr;2021;DINSG;Deutschland insgesamt;DG;Deutschland;WZ08G3;WZ2008: Wirtschaftsbereiche der VGR;WZ08-80-01;Unternehmensdienstleister a.n.g.;25205;EUR;VST040;Bruttolöhne und -gehälter je Arbeitnehmer
81000;Volkswirtschaftliche Gesamtrechnungen des Bundes;JAHR;Jahr;2023;DINSG;Deutschland insgesamt;DG;Deutschland;WZ08G3;WZ2008: Wirtschaftsbereiche der VGR;WZ08-77;Vermietung von beweglichen Sachen;43895;EUR;VST040;Bruttolöhne und -gehälter je Arbeitnehmer
81000;Volkswirtschaftliche Gesamtrechnungen des Bundes;JAHR;Jahr;2023;DINSG;Deutschland insgesamt;DG;Deutschland;WZ08G3;WZ2008: Wirtschaftsbereiche der VGR;WZ08-G;Handel, Instandhaltung und Reparatur von Kfz;36896;EUR;VST040;Bruttolöhne und -gehälter je Arbeitnehmer
81000;Volkswirtschaftliche Gesamtrechnungen des Bundes;JAHR;Jahr;2022;DINSG;Deutschland insgesamt;DG;Deutschland;WZ08G3;WZ2008: Wirtschaftsbereiche der VGR;WZ08-31-02;Herstellung von Möbeln und sonstigen Waren;46838;EUR;VST040;Bruttolöhne und -gehälter je Arbeitnehmer
81000;Volkswirtschaftliche Gesamtrechnungen des Bundes;JAHR;Jahr;2021;DINSG;Deutschland insgesamt;DG;Deutschland;WZ08G3;WZ2008: Wirtschaftsbereiche der VGR;WZ08-29-01;Fahrzeugbau;64179;EUR;VST040;Bruttolöhne und -gehälter je Arbeitnehmer
81000;Volkswirtschaftliche Gesamtrechnungen des Bundes;JAHR;Jahr;2023;DINSG;Deutschland insgesamt;DG;Deutschland;WZ08G3;WZ2008: Wirtschaftsbereiche der VGR;WZ08-90-01;Kunst und Kultur, Glücksspiel;32000;EUR;VST040;Bruttolöhne und -gehälter je Arbeitnehmer
81000;Volkswirtschaftliche Gesamtrechnungen des Bundes;JAHR;Jahr;2022;DINSG;Deutschland insgesamt;DG;Deutschland;WZ08G3;WZ2008: Wirtschaftsbereiche der VGR;WZ08-42;Tiefbau;46007;EUR;VST040;Bruttolöhne und -gehälter je Arbeitnehmer
81000;Volkswirtschaftliche Gesamtrechnungen des Bundes;JAHR;Jahr;2024;DINSG;Deutschland insgesamt;DG;Deutschland;WZ08G3;WZ2008: Wirtschaftsbereiche der VGR;WZ08-66;Mit Finanz- u. Versicherungsdienstl. verb. Tätigk.;82502;EUR;VST040;Bruttolöhne und -gehälter je Arbeitnehmer
81000;Volkswirtschaftliche Gesamtrechnungen des Bundes;JAHR;Jahr;2022;DINSG;Deutschland insgesamt;DG;Deutschland;WZ08G3;WZ2008: Wirtschaftsbereiche der VGR;WZ08-65;Versicherungen, Rückversicherungen, Pensionskassen;74177;EUR;VST040;Bruttolöhne und -gehälter je Arbeitnehmer
81000;Volkswirtschaftliche Gesamtrechnungen des Bundes;JAHR;Jahr;2024;DINSG;Deutschland insgesamt;DG;Deutschland;WZ08G3;WZ2008: Wirtschaftsbereiche der VGR;WZ08-43;Vorb.Baustellenarbeiten, Bauinstall., sonst.Ausbau;40876;EUR;VST040;Bruttolöhne und -gehälter je Arbeitnehmer
81000;Volkswirtschaftliche Gesamtrechnungen des Bundes;JAHR;Jahr;2025;DINSG;Deutschland insgesamt;DG;Deutschland;WZ08G3;WZ2008: Wirtschaftsbereiche der VGR;WZ08-P;Erziehung und Unterricht;47050;EUR;VST040;Bruttolöhne und -gehälter je Arbeitnehmer
81000;Volkswirtschaftliche Gesamtrechnungen des Bundes;JAHR;Jahr;2024;DINSG;Deutschland insgesamt;DG;Deutschland;WZ08G3;WZ2008: Wirtschaftsbereiche der VGR;WZ08-20;Herstellung von chemischen Erzeugnissen;69602;EUR;VST040;Bruttolöhne und -gehälter je Arbeitnehmer
81000;Volkswirtschaftliche Gesamtrechnungen des Bundes;JAHR;Jahr;2025;DINSG;Deutschland insgesamt;DG;Deutschland;WZ08G3;WZ2008: Wirtschaftsbereiche der VGR;WZ08-87-01;Heime und Sozialwesen;...;EUR;VST040;Bruttolöhne und -gehälter je Arbeitnehmer
81000;Volkswirtschaftliche Gesamtrechnungen des Bundes;JAHR;Jahr;2025;DINSG;Deutschland insgesamt;DG;Deutschland;WZ08G3;WZ2008: Wirtschaftsbereiche der VGR;WZ08-30;Sonstiger Fahrzeugbau;...;EUR;VST040;Bruttolöhne und -gehälter je Arbeitnehmer
81000;Volkswirtschaftliche Gesamtrechnungen des Bundes;JAHR;Jahr;2021;DINSG;Deutschland insgesamt;DG;Deutschland;WZ08G3;WZ2008: Wirtschaftsbereiche der VGR;WZ08-42;Tiefbau;43951;EUR;VST040;Bruttolöhne und -gehälter je Arbeitnehmer
81000;Volkswirtschaftliche Gesamtrechnungen des Bundes;JAHR;Jahr;2021;DINSG;Deutschland insgesamt;DG;Deutschland;WZ08G3;WZ2008: Wirtschaftsbereiche der VGR;WZ08-65;Versicherungen, Rückversicherungen, Pensionskassen;70248;EUR;VST040;Bruttolöhne und -gehälter je Arbeitnehmer
81000;Volkswirtschaftliche Gesamtrechnungen des Bundes;JAHR;Jahr;2025;DINSG;Deutschland insgesamt;DG;Deutschland;WZ08G3;WZ2008: Wirtschaftsbereiche der VGR;WZ08-53;Post-, Kurier- und Expressdienste;...;EUR;VST040;Bruttolöhne und -gehälter je Arbeitnehmer
81000;Volkswirtschaftliche Gesamtrechnungen des Bundes;JAHR;Jahr;2023;DINSG;Deutschland insgesamt;DG;Deutschland;WZ08G3;WZ2008: Wirtschaftsbereiche der VGR;WZ08-66;Mit Finanz- u. Versicherungsdienstl. verb. Tätigk.;75044;EUR;VST040;Bruttolöhne und -gehälter je Arbeitnehmer
81000;Volkswirtschaftliche Gesamtrechnungen des Bundes;JAHR;Jahr;2023;DINSG;Deutschland insgesamt;DG;Deutschland;WZ08G3;WZ2008: Wirtschaftsbereiche der VGR;WZ08-43;Vorb.Baustellenarbeiten, Bauinstall., sonst.Ausbau;38898;EUR;VST040;Bruttolöhne und -gehälter je Arbeitnehmer
81000;Volkswirtschaftliche Gesamtrechnungen des Bundes;JAHR;Jahr;2023;DINSG;Deutschland insgesamt;DG;Deutschland;WZ08G3;WZ2008: Wirtschaftsbereiche der VGR;WZ08-20;Herstellung von chemischen Erzeugnissen;67929;EUR;VST040;Bruttolöhne und -gehälter je Arbeitnehmer
81000;Volkswirtschaftliche Gesamtrechnungen des Bundes;JAHR;Jahr;2021;DINSG;Deutschland insgesamt;DG;Deutschland;WZ08G3;WZ2008: Wirtschaftsbereiche der VGR;WZ08-22-01;H.v. Gummi-, Kunststoff-, Glaswaren, Keramik u.Ä.;43971;EUR;VST040;Bruttolöhne und -gehälter je Arbeitnehmer
81000;Volkswirtschaftliche Gesamtrechnungen des Bundes;JAHR;Jahr;2024;DINSG;Deutschland insgesamt;DG;Deutschland;WZ08G3;WZ2008: Wirtschaftsbereiche der VGR;WZ08-78;Vermittlung und Überlassung von Arbeitskräften;38412;EUR;VST040;Bruttolöhne und -gehälter je Arbeitnehmer
81000;Volkswirtschaftliche Gesamtrechnungen des Bundes;JAHR;Jahr;2024;DINSG;Deutschland insgesamt;DG;Deutschland;WZ08G3;WZ2008: Wirtschaftsbereiche der VGR;WZ08-69-02;Rechts- und Steuerberatung, Unternehmensberatung;70049;EUR;VST040;Bruttolöhne und -gehälter je Arbeitnehmer
81000;Volkswirtschaftliche Gesamtrechnungen des Bundes;JAHR;Jahr;2024;DINSG;Deutschland insgesamt;DG;Deutschland;WZ08G3;WZ2008: Wirtschaftsbereiche der VGR;WZ08-62-01;IT- und Informationsdienstleister;78900;EUR;VST040;Bruttolöhne und -gehälter je Arbeitnehmer
81000;Volkswirtschaftliche Gesamtrechnungen des Bundes;JAHR;Jahr;2022;DINSG;Deutschland insgesamt;DG;Deutschland;WZ08G3;WZ2008: Wirtschaftsbereiche der VGR;WZ08-77;Vermietung von beweglichen Sachen;41831;EUR;VST040;Bruttolöhne und -gehälter je Arbeitnehmer
81000;Volkswirtschaftliche Gesamtrechnungen des Bundes;JAHR;Jahr;2024;DINSG;Deutschland insgesamt;DG;Deutschland;WZ08G3;WZ2008: Wirtschaftsbereiche der VGR;WZ08-O-03;Öffentliche Dienstleister, Erziehung, Gesundheit;42425;EUR;VST040;Bruttolöhne und -gehälter je Arbeitnehmer
81000;Volkswirtschaftliche Gesamtrechnungen des Bundes;JAHR;Jahr;2022;DINSG;Deutschland insgesamt;DG;Deutschland;WZ08G3;WZ2008: Wirtschaftsbereiche der VGR;WZ08-C;Verarbeitendes Gewerbe;52630;EUR;VST040;Bruttolöhne und -gehälter je Arbeitnehmer
81000;Volkswirtschaftliche Gesamtrechnungen des Bundes;JAHR;Jahr;2025;DINSG;Deutschland insgesamt;DG;Deutschland;WZ08G3;WZ2008: Wirtschaftsbereiche der VGR;WZ08-41;Hochbau;...;EUR;VST040;Bruttolöhne und -gehälter je Arbeitnehmer
81000;Volkswirtschaftliche Gesamtrechnungen des Bundes;JAHR;Jahr;2024;DINSG;Deutschland insgesamt;DG;Deutschland;WZ08G3;WZ2008: Wirtschaftsbereiche der VGR;WZ08-L;Grundstücks- und Wohnungswesen;45263;EUR;VST040;Bruttolöhne und -gehälter je Arbeitnehmer
81000;Volkswirtschaftliche Gesamtrechnungen des Bundes;JAHR;Jahr;2021;DINSG;Deutschland insgesamt;DG;Deutschland;WZ08G3;WZ2008: Wirtschaftsbereiche der VGR;WZ08-13-01;Textil- und Bekleidungsgewerbe;38846;EUR;VST040;Bruttolöhne und -gehälter je Arbeitnehmer
81000;Volkswirtschaftliche Gesamtrechnungen des Bundes;JAHR;Jahr;2021;DINSG;Deutschland insgesamt;DG;Deutschland;WZ08G3;WZ2008: Wirtschaftsbereiche der VGR;WZ08-77;Vermietung von beweglichen Sachen;39381;EUR;VST040;Bruttolöhne und -gehälter je Arbeitnehmer
81000;Volkswirtschaftliche Gesamtrechnungen des Bundes;JAHR;Jahr;2025;DINSG;Deutschland insgesamt;DG;Deutschland;WZ08G3;WZ2008: Wirtschaftsbereiche der VGR;WZ08-64;Erbringung von Finanzdienstleistungen;...;EUR;VST040;Bruttolöhne und -gehälter je Arbeitnehmer
81000;Volkswirtschaftliche Gesamtrechnungen des Bundes;JAHR;Jahr;2021;DINSG;Deutschland insgesamt;DG;Deutschland;WZ08G3;WZ2008: Wirtschaftsbereiche der VGR;WZ08-O;Öff. Verwaltung, Verteidigung, Sozialversicherung;44685;EUR;VST040;Bruttolöhne und -gehälter je Arbeitnehmer
81000;Volkswirtschaftliche Gesamtrechnungen des Bundes;JAHR;Jahr;2024;DINSG;Deutschland insgesamt;DG;Deutschland;WZ08G3;WZ2008: Wirtschaftsbereiche der VGR;WZ08-74-01;Freiberufl.,wiss.,techn.DL a.n.g., Veterinärwesen;50578;EUR;VST040;Bruttolöhne und -gehälter je Arbeitnehmer
81000;Volkswirtschaftliche Gesamtrechnungen des Bundes;JAHR;Jahr;2022;DINSG;Deutschland insgesamt;DG;Deutschland;WZ08G3;WZ2008: Wirtschaftsbereiche der VGR;WZ08-T;Private Haushalte;9137;EUR;VST040;Bruttolöhne und -gehälter je Arbeitnehmer
81000;Volkswirtschaftliche Gesamtrechnungen des Bundes;JAHR;Jahr;2023;DINSG;Deutschland insgesamt;DG;Deutschland;WZ08G3;WZ2008: Wirtschaftsbereiche der VGR;WZ08-78;Vermittlung und Überlassung von Arbeitskräften;35752;EUR;VST040;Bruttolöhne und -gehälter je Arbeitnehmer
81000;Volkswirtschaftliche Gesamtrechnungen des Bundes;JAHR;Jahr;2025;DINSG;Deutschland insgesamt;DG;Deutschland;WZ08G3;WZ2008: Wirtschaftsbereiche der VGR;WZ08-R-02;Sonstige Dienstleister;28255;EUR;VST040;Bruttolöhne und -gehälter je Arbeitnehmer
81000;Volkswirtschaftliche Gesamtrechnungen des Bundes;JAHR;Jahr;2022;DINSG;Deutschland insgesamt;DG;Deutschland;WZ08G3;WZ2008: Wirtschaftsbereiche der VGR;WZ08-20;Herstellung von chemischen Erzeugnissen;66672;EUR;VST040;Bruttolöhne und -gehälter je Arbeitnehmer
81000;Volkswirtschaftliche Gesamtrechnungen des Bundes;JAHR;Jahr;2022;DINSG;Deutschland insgesamt;DG;Deutschland;WZ08G3;WZ2008: Wirtschaftsbereiche der VGR;WZ08-B-18;Produzierendes Gewerbe ohne Baugewerbe;52875;EUR;VST040;Bruttolöhne und -gehälter je Arbeitnehmer
81000;Volkswirtschaftliche Gesamtrechnungen des Bundes;JAHR;Jahr;2022;DINSG;Deutschland insgesamt;DG;Deutschland;WZ08G3;WZ2008: Wirtschaftsbereiche der VGR;WZ08-43;Vorb.Baustellenarbeiten, Bauinstall., sonst.Ausbau;36708;EUR;VST040;Bruttolöhne und -gehälter je Arbeitnehmer
81000;Volkswirtschaftliche Gesamtrechnungen des Bundes;JAHR;Jahr;2022;DINSG;Deutschland insgesamt;DG;Deutschland;WZ08G3;WZ2008: Wirtschaftsbereiche der VGR;WZ08-66;Mit Finanz- u. Versicherungsdienstl. verb. Tätigk.;69576;EUR;VST040;Bruttolöhne und -gehälter je Arbeitnehmer
81000;Volkswirtschaftliche Gesamtrechnungen des Bundes;JAHR;Jahr;2025;DINSG;Deutschland insgesamt;DG;Deutschland;WZ08G3;WZ2008: Wirtschaftsbereiche der VGR;WZ08-Q;Gesundheits- und Sozialwesen;39673;EUR;VST040;Bruttolöhne und -gehälter je Arbeitnehmer
81000;Volkswirtschaftliche Gesamtrechnungen des Bundes;JAHR;Jahr;2022;DINSG;Deutschland insgesamt;DG;Deutschland;WZ08G3;WZ2008: Wirtschaftsbereiche der VGR;WZ08-G-01;Handel, Verkehr, Gastgewerbe;32612;EUR;VST040;Bruttolöhne und -gehälter je Arbeitnehmer
81000;Volkswirtschaftliche Gesamtrechnungen des Bundes;JAHR;Jahr;2024;DINSG;Deutschland insgesamt;DG;Deutschland;WZ08G3;WZ2008: Wirtschaftsbereiche der VGR;WZ08-21;Herstellung von pharmazeutischen Erzeugnissen;71107;EUR;VST040;Bruttolöhne und -gehälter je Arbeitnehmer
81000;Volkswirtschaftliche Gesamtrechnungen des Bundes;JAHR;Jahr;2023;DINSG;Deutschland insgesamt;DG;Deutschland;WZ08G3;WZ2008: Wirtschaftsbereiche der VGR;WZ08-H;Verkehr und Lagerei;38297;EUR;VST040;Bruttolöhne und -gehälter je Arbeitnehmer
81000;Volkswirtschaftliche Gesamtrechnungen des Bundes;JAHR;Jahr;2025;DINSG;Deutschland insgesamt;DG;Deutschland;WZ08G3;WZ2008: Wirtschaftsbereiche der VGR;WZ08-52;Lagerei, sonstige Dienstleistungen für den Verkehr;...;EUR;VST040;Bruttolöhne und -gehälter je Arbeitnehmer
81000;Volkswirtschaftliche Gesamtrechnungen des Bundes;JAHR;Jahr;2025;DINSG;Deutschland insgesamt;DG;Deutschland;WZ08G3;WZ2008: Wirtschaftsbereiche der VGR;WZ08-G-04;Dienstleistungsbereiche;45331;EUR;VST040;Bruttolöhne und -gehälter je Arbeitnehmer
81000;Volkswirtschaftliche Gesamtrechnungen des Bundes;JAHR;Jahr;2021;DINSG;Deutschland insgesamt;DG;Deutschland;WZ08G3;WZ2008: Wirtschaftsbereiche der VGR;WZ08-43;Vorb.Baustellenarbeiten, Bauinstall., sonst.Ausbau;35211;EUR;VST040;Bruttolöhne und -gehälter je Arbeitnehmer
81000;Volkswirtschaftliche Gesamtrechnungen des Bundes;JAHR;Jahr;2021;DINSG;Deutschland insgesamt;DG;Deutschland;WZ08G3;WZ2008: Wirtschaftsbereiche der VGR;WZ08-20;Herstellung von chemischen Erzeugnissen;62283;EUR;VST040;Bruttolöhne und -gehälter je Arbeitnehmer
81000;Volkswirtschaftliche Gesamtrechnungen des Bundes;JAHR;Jahr;2021;DINSG;Deutschland insgesamt;DG;Deutschland;WZ08G3;WZ2008: Wirtschaftsbereiche der VGR;WZ08-66;Mit Finanz- u. Versicherungsdienstl. verb. Tätigk.;66290;EUR;VST040;Bruttolöhne und -gehälter je Arbeitnehmer
81000;Volkswirtschaftliche Gesamtrechnungen des Bundes;JAHR;Jahr;2025;DINSG;Deutschland insgesamt;DG;Deutschland;WZ08G3;WZ2008: Wirtschaftsbereiche der VGR;WZ08-A;Land- und Forstwirtschaft, Fischerei;24807;EUR;VST040;Bruttolöhne und -gehälter je Arbeitnehmer
81000;Volkswirtschaftliche Gesamtrechnungen des Bundes;JAHR;Jahr;2025;DINSG;Deutschland insgesamt;DG;Deutschland;WZ08G3;WZ2008: Wirtschaftsbereiche der VGR;WZ08-62-01;IT- und Informationsdienstleister;...;EUR;VST040;Bruttolöhne und -gehälter je Arbeitnehmer
81000;Volkswirtschaftliche Gesamtrechnungen des Bundes;JAHR;Jahr;2023;DINSG;Deutschland insgesamt;DG;Deutschland;WZ08G3;WZ2008: Wirtschaftsbereiche der VGR;WZ08-21;Herstellung von pharmazeutischen Erzeugnissen;69103;EUR;VST040;Bruttolöhne und -gehälter je Arbeitnehmer
81000;Volkswirtschaftliche Gesamtrechnungen des Bundes;JAHR;Jahr;2022;DINSG;Deutschland insgesamt;DG;Deutschland;WZ08G3;WZ2008: Wirtschaftsbereiche der VGR;WZ08-51;Luftfahrt;56484;EUR;VST040;Bruttolöhne und -gehälter je Arbeitnehmer
81000;Volkswirtschaftliche Gesamtrechnungen des Bundes;JAHR;Jahr;2021;DINSG;Deutschland insgesamt;DG;Deutschland;WZ08G3;WZ2008: Wirtschaftsbereiche der VGR;WZ08-S;Erbringung von sonstigen Dienstleistungen;30228;EUR;VST040;Bruttolöhne und -gehälter je Arbeitnehmer
81000;Volkswirtschaftliche Gesamtrechnungen des Bundes;JAHR;Jahr;2022;DINSG;Deutschland insgesamt;DG;Deutschland;WZ08G3;WZ2008: Wirtschaftsbereiche der VGR;WZ08-R-02;Sonstige Dienstleister;23741;EUR;VST040;Bruttolöhne und -gehälter je Arbeitnehmer
81000;Volkswirtschaftliche Gesamtrechnungen des Bundes;JAHR;Jahr;2024;DINSG;Deutschland insgesamt;DG;Deutschland;WZ08G3;WZ2008: Wirtschaftsbereiche der VGR;WZ08-52;Lagerei, sonstige Dienstleistungen für den Verkehr;44925;EUR;VST040;Bruttolöhne und -gehälter je Arbeitnehmer
81000;Volkswirtschaftliche Gesamtrechnungen des Bundes;JAHR;Jahr;2022;DINSG;Deutschland insgesamt;DG;Deutschland;WZ08G3;WZ2008: Wirtschaftsbereiche der VGR;WZ08-B;Bergbau und Gewinnung von Steinen und Erden;52075;EUR;VST040;Bruttolöhne und -gehälter je Arbeitnehmer
81000;Volkswirtschaftliche Gesamtrechnungen des Bundes;JAHR;Jahr;2021;DINSG;Deutschland insgesamt;DG;Deutschland;WZ08G3;WZ2008: Wirtschaftsbereiche der VGR;WZ08-10-01;Ernährungsgewerbe und Tabakverarbeitung;36836;EUR;VST040;Bruttolöhne und -gehälter je Arbeitnehmer
81000;Volkswirtschaftliche Gesamtrechnungen des Bundes;JAHR;Jahr;2022;DINSG;Deutschland insgesamt;DG;Deutschland;WZ08G3;WZ2008: Wirtschaftsbereiche der VGR;WZ08-22-01;H.v. Gummi-, Kunststoff-, Glaswaren, Keramik u.Ä.;44870;EUR;VST040;Bruttolöhne und -gehälter je Arbeitnehmer
81000;Volkswirtschaftliche Gesamtrechnungen des Bundes;JAHR;Jahr;2025;DINSG;Deutschland insgesamt;DG;Deutschland;WZ08G3;WZ2008: Wirtschaftsbereiche der VGR;WZ08-58-01;Verlagswesen, audiovisuelle Medien und Rundfunk;...;EUR;VST040;Bruttolöhne und -gehälter je Arbeitnehmer
81000;Volkswirtschaftliche Gesamtrechnungen des Bundes;JAHR;Jahr;2025;DINSG;Deutschland insgesamt;DG;Deutschland;WZ08G3;WZ2008: Wirtschaftsbereiche der VGR;WZ08-86;Gesundheitswesen;...;EUR;VST040;Bruttolöhne und -gehälter je Arbeitnehmer
81000;Volkswirtschaftliche Gesamtrechnungen des Bundes;JAHR;Jahr;2025;DINSG;Deutschland insgesamt;DG;Deutschland;WZ08G3;WZ2008: Wirtschaftsbereiche der VGR;WZ08-69-02;Rechts- und Steuerberatung, Unternehmensberatung;...;EUR;VST040;Bruttolöhne und -gehälter je Arbeitnehmer
81000;Volkswirtschaftliche Gesamtrechnungen des Bundes;JAHR;Jahr;2021;DINSG;Deutschland insgesamt;DG;Deutschland;WZ08G3;WZ2008: Wirtschaftsbereiche der VGR;WZ08-B;Bergbau und Gewinnung von Steinen und Erden;51400;EUR;VST040;Bruttolöhne und -gehälter je Arbeitnehmer
81000;Volkswirtschaftliche Gesamtrechnungen des Bundes;JAHR;Jahr;2025;DINSG;Deutschland insgesamt;DG;Deutschland;WZ08G3;WZ2008: Wirtschaftsbereiche der VGR;WZ08-16-01;H.v. Holzwaren, Papier und Druckerzeugnissen;...;EUR;VST040;Bruttolöhne und -gehälter je Arbeitnehmer
81000;Volkswirtschaftliche Gesamtrechnungen des Bundes;JAHR;Jahr;2024;DINSG;Deutschland insgesamt;DG;Deutschland;WZ08G3;WZ2008: Wirtschaftsbereiche der VGR;WZ08-I;Gastgewerbe;24483;EUR;VST040;Bruttolöhne und -gehälter je Arbeitnehmer
81000;Volkswirtschaftliche Gesamtrechnungen des Bundes;JAHR;Jahr;2021;DINSG;Deutschland insgesamt;DG;Deutschland;WZ08G3;WZ2008: Wirtschaftsbereiche der VGR;WZ08-78;Vermittlung und Überlassung von Arbeitskräften;30278;EUR;VST040;Bruttolöhne und -gehälter je Arbeitnehmer
81000;Volkswirtschaftliche Gesamtrechnungen des Bundes;JAHR;Jahr;2022;DINSG;Deutschland insgesamt;DG;Deutschland;WZ08G3;WZ2008: Wirtschaftsbereiche der VGR;WZ08-S;Erbringung von sonstigen Dienstleistungen;31761;EUR;VST040;Bruttolöhne und -gehälter je Arbeitnehmer
81000;Volkswirtschaftliche Gesamtrechnungen des Bundes;JAHR;Jahr;2023;DINSG;Deutschland insgesamt;DG;Deutschland;WZ08G3;WZ2008: Wirtschaftsbereiche der VGR;WZ08-79;Reisebüros, -veranstalter u. sonst. Reservierungen;38042;EUR;VST040;Bruttolöhne und -gehälter je Arbeitnehmer
81000;Volkswirtschaftliche Gesamtrechnungen des Bundes;JAHR;Jahr;2022;DINSG;Deutschland insgesamt;DG;Deutschland;WZ08G3;WZ2008: Wirtschaftsbereiche der VGR;WZ08-86;Gesundheitswesen;39891;EUR;VST040;Bruttolöhne und -gehälter je Arbeitnehmer
81000;Volkswirtschaftliche Gesamtrechnungen des Bundes;JAHR;Jahr;2024;DINSG;Deutschland insgesamt;DG;Deutschland;WZ08G3;WZ2008: Wirtschaftsbereiche der VGR;WZ08-64;Erbringung von Finanzdienstleistungen;78178;EUR;VST040;Bruttolöhne und -gehälter je Arbeitnehmer
81000;Volkswirtschaftliche Gesamtrechnungen des Bundes;JAHR;Jahr;2024;DINSG;Deutschland insgesamt;DG;Deutschland;WZ08G3;WZ2008: Wirtschaftsbereiche der VGR;WZ08-41;Hochbau;45761;EUR;VST040;Bruttolöhne und -gehälter je Arbeitnehmer
81000;Volkswirtschaftliche Gesamtrechnungen des Bundes;JAHR;Jahr;2021;DINSG;Deutschland insgesamt;DG;Deutschland;WZ08G3;WZ2008: Wirtschaftsbereiche der VGR;WZ08-O-03;Öffentliche Dienstleister, Erziehung, Gesundheit;37540;EUR;VST040;Bruttolöhne und -gehälter je Arbeitnehmer
81000;Volkswirtschaftliche Gesamtrechnungen des Bundes;JAHR;Jahr;2025;DINSG;Deutschland insgesamt;DG;Deutschland;WZ08G3;WZ2008: Wirtschaftsbereiche der VGR;WZ08-R;Kunst, Unterhaltung und Erholung;36878;EUR;VST040;Bruttolöhne und -gehälter je Arbeitnehmer
81000;Volkswirtschaftliche Gesamtrechnungen des Bundes;JAHR;Jahr;2023;DINSG;Deutschland insgesamt;DG;Deutschland;WZ08G3;WZ2008: Wirtschaftsbereiche der VGR;WZ08-33;Reparatur u.Installation von Masch.u.Ausrüstungen;59545;EUR;VST040;Bruttolöhne und -gehälter je Arbeitnehmer
81000;Volkswirtschaftliche Gesamtrechnungen des Bundes;JAHR;Jahr;2023;DINSG;Deutschland insgesamt;DG;Deutschland;WZ08G3;WZ2008: Wirtschaftsbereiche der VGR;WZ08-I;Gastgewerbe;23434;EUR;VST040;Bruttolöhne und -gehälter je Arbeitnehmer
81000;Volkswirtschaftliche Gesamtrechnungen des Bundes;JAHR;Jahr;2025;DINSG;Deutschland insgesamt;DG;Deutschland;WZ08G3;WZ2008: Wirtschaftsbereiche der VGR;WZ08-51;Luftfahrt;...;EUR;VST040;Bruttolöhne und -gehälter je Arbeitnehmer
81000;Volkswirtschaftliche Gesamtrechnungen des Bundes;JAHR;Jahr;2021;DINSG;Deutschland insgesamt;DG;Deutschland;WZ08G3;WZ2008: Wirtschaftsbereiche der VGR;WZ08-21;Herstellung von pharmazeutischen Erzeugnissen;62697;EUR;VST040;Bruttolöhne und -gehälter je Arbeitnehmer
81000;Volkswirtschaftliche Gesamtrechnungen des Bundes;JAHR;Jahr;2022;DINSG;Deutschland insgesamt;DG;Deutschland;WZ08G3;WZ2008: Wirtschaftsbereiche der VGR;WZ08-90-01;Kunst und Kultur, Glücksspiel;30821;EUR;VST040;Bruttolöhne und -gehälter je Arbeitnehmer
81000;Volkswirtschaftliche Gesamtrechnungen des Bundes;JAHR;Jahr;2021;DINSG;Deutschland insgesamt;DG;Deutschland;WZ08G3;WZ2008: Wirtschaftsbereiche der VGR;WZ08-37-01;Abwasser-, Abfallentsorgung, Rückgewinnung;43451;EUR;VST040;Bruttolöhne und -gehälter je Arbeitnehmer
81000;Volkswirtschaftliche Gesamtrechnungen des Bundes;JAHR;Jahr;2025;DINSG;Deutschland insgesamt;DG;Deutschland;WZ08G3;WZ2008: Wirtschaftsbereiche der VGR;WZ08-B;Bergbau und Gewinnung von Steinen und Erden;60806;EUR;VST040;Bruttolöhne und -gehälter je Arbeitnehmer
81000;Volkswirtschaftliche Gesamtrechnungen des Bundes;JAHR;Jahr;2025;DINSG;Deutschland insgesamt;DG;Deutschland;WZ08G3;WZ2008: Wirtschaftsbereiche der VGR;WZ08-B-18;Produzierendes Gewerbe ohne Baugewerbe;61197;EUR;VST040;Bruttolöhne und -gehälter je Arbeitnehmer
81000;Volkswirtschaftliche Gesamtrechnungen des Bundes;JAHR;Jahr;2021;DINSG;Deutschland insgesamt;DG;Deutschland;WZ08G3;WZ2008: Wirtschaftsbereiche der VGR;WZ08-R;Kunst, Unterhaltung und Erholung;28729;EUR;VST040;Bruttolöhne und -gehälter je Arbeitnehmer
81000;Volkswirtschaftliche Gesamtrechnungen des Bundes;JAHR;Jahr;2022;DINSG;Deutschland insgesamt;DG;Deutschland;WZ08G3;WZ2008: Wirtschaftsbereiche der VGR;WZ08-52;Lagerei, sonstige Dienstleistungen für den Verkehr;40055;EUR;VST040;Bruttolöhne und -gehälter je Arbeitnehmer
81000;Volkswirtschaftliche Gesamtrechnungen des Bundes;JAHR;Jahr;2024;DINSG;Deutschland insgesamt;DG;Deutschland;WZ08G3;WZ2008: Wirtschaftsbereiche der VGR;WZ08-53;Post-, Kurier- und Expressdienste;30622;EUR;VST040;Bruttolöhne und -gehälter je Arbeitnehmer
81000;Volkswirtschaftliche Gesamtrechnungen des Bundes;JAHR;Jahr;2024;DINSG;Deutschland insgesamt;DG;Deutschland;WZ08G3;WZ2008: Wirtschaftsbereiche der VGR;WZ08-30;Sonstiger Fahrzeugbau;76078;EUR;VST040;Bruttolöhne und -gehälter je Arbeitnehmer
81000;Volkswirtschaftliche Gesamtrechnungen des Bundes;JAHR;Jahr;2022;DINSG;Deutschland insgesamt;DG;Deutschland;WZ08G3;WZ2008: Wirtschaftsbereiche der VGR;WZ08-A;Land- und Forstwirtschaft, Fischerei;21253;EUR;VST040;Bruttolöhne und -gehälter je Arbeitnehmer
81000;Volkswirtschaftliche Gesamtrechnungen des Bundes;JAHR;Jahr;2023;DINSG;Deutschland insgesamt;DG;Deutschland;WZ08G3;WZ2008: Wirtschaftsbereiche der VGR;WZ08-45;Kfz-Handel, Instandhaltung und Reparatur von Kfz;38287;EUR;VST040;Bruttolöhne und -gehälter je Arbeitnehmer
81000;Volkswirtschaftliche Gesamtrechnungen des Bundes;JAHR;Jahr;2023;DINSG;Deutschland insgesamt;DG;Deutschland;WZ08G3;WZ2008: Wirtschaftsbereiche der VGR;WZ08-22;Herstellung von Gummi- und Kunststoffwaren;46569;EUR;VST040;Bruttolöhne und -gehälter je Arbeitnehmer
81000;Volkswirtschaftliche Gesamtrechnungen des Bundes;JAHR;Jahr;2021;DINSG;Deutschland insgesamt;DG;Deutschland;WZ08G3;WZ2008: Wirtschaftsbereiche der VGR;WZ08-79;Reisebüros, -veranstalter u. sonst. Reservierungen;27930;EUR;VST040;Bruttolöhne und -gehälter je Arbeitnehmer
81000;Volkswirtschaftliche Gesamtrechnungen des Bundes;JAHR;Jahr;2021;DINSG;Deutschland insgesamt;DG;Deutschland;WZ08G3;WZ2008: Wirtschaftsbereiche der VGR;WZ08-33;Reparatur u.Installation von Masch.u.Ausrüstungen;54502;EUR;VST040;Bruttolöhne und -gehälter je Arbeitnehmer
81000;Volkswirtschaftliche Gesamtrechnungen des Bundes;JAHR;Jahr;2025;DINSG;Deutschland insgesamt;DG;Deutschland;WZ08G3;WZ2008: Wirtschaftsbereiche der VGR;WZ08-69-01;Unternehmensnahe Beratungsleistungen;...;EUR;VST040;Bruttolöhne und -gehälter je Arbeitnehmer
81000;Volkswirtschaftliche Gesamtrechnungen des Bundes;JAHR;Jahr;2024;DINSG;Deutschland insgesamt;DG;Deutschland;WZ08G3;WZ2008: Wirtschaftsbereiche der VGR;WZ08-J;Information und Kommunikation;75513;EUR;VST040;Bruttolöhne und -gehälter je Arbeitnehmer
81000;Volkswirtschaftliche Gesamtrechnungen des Bundes;JAHR;Jahr;2024;DINSG;Deutschland insgesamt;DG;Deutschland;WZ08G3;WZ2008: Wirtschaftsbereiche der VGR;WZ08-A-02;Alle Wirtschaftsbereiche;45986;EUR;VST040;Bruttolöhne und -gehälter je Arbeitnehmer
81000;Volkswirtschaftliche Gesamtrechnungen des Bundes;JAHR;Jahr;2023;DINSG;Deutschland insgesamt;DG;Deutschland;WZ08G3;WZ2008: Wirtschaftsbereiche der VGR;WZ08-73-01;Sonst.freiberufl., wissenschaftl., techn. Dienstl.;48388;EUR;VST040;Bruttolöhne und -gehälter je Arbeitnehmer
81000;Volkswirtschaftliche Gesamtrechnungen des Bundes;JAHR;Jahr;2021;DINSG;Deutschland insgesamt;DG;Deutschland;WZ08G3;WZ2008: Wirtschaftsbereiche der VGR;WZ08-Q;Gesundheits- und Sozialwesen;32491;EUR;VST040;Bruttolöhne und -gehälter je Arbeitnehmer
81000;Volkswirtschaftliche Gesamtrechnungen des Bundes;JAHR;Jahr;2022;DINSG;Deutschland insgesamt;DG;Deutschland;WZ08G3;WZ2008: Wirtschaftsbereiche der VGR;WZ08-R;Kunst, Unterhaltung und Erholung;31483;EUR;VST040;Bruttolöhne und -gehälter je Arbeitnehmer
81000;Volkswirtschaftliche Gesamtrechnungen des Bundes;JAHR;Jahr;2022;DINSG;Deutschland insgesamt;DG;Deutschland;WZ08G3;WZ2008: Wirtschaftsbereiche der VGR;WZ08-64;Erbringung von Finanzdienstleistungen;70164;EUR;VST040;Bruttolöhne und -gehälter je Arbeitnehmer
81000;Volkswirtschaftliche Gesamtrechnungen des Bundes;JAHR;Jahr;2022;DINSG;Deutschland insgesamt;DG;Deutschland;WZ08G3;WZ2008: Wirtschaftsbereiche der VGR;WZ08-41;Hochbau;43084;EUR;VST040;Bruttolöhne und -gehälter je Arbeitnehmer
81000;Volkswirtschaftliche Gesamtrechnungen des Bundes;JAHR;Jahr;2024;DINSG;Deutschland insgesamt;DG;Deutschland;WZ08G3;WZ2008: Wirtschaftsbereiche der VGR;WZ08-42;Tiefbau;50941;EUR;VST040;Bruttolöhne und -gehälter je Arbeitnehmer
81000;Volkswirtschaftliche Gesamtrechnungen des Bundes;JAHR;Jahr;2024;DINSG;Deutschland insgesamt;DG;Deutschland;WZ08G3;WZ2008: Wirtschaftsbereiche der VGR;WZ08-65;Versicherungen, Rückversicherungen, Pensionskassen;82262;EUR;VST040;Bruttolöhne und -gehälter je Arbeitnehmer
81000;Volkswirtschaftliche Gesamtrechnungen des Bundes;JAHR;Jahr;2021;DINSG;Deutschland insgesamt;DG;Deutschland;WZ08G3;WZ2008: Wirtschaftsbereiche der VGR;WZ08-A;Land- und Forstwirtschaft, Fischerei;20520;EUR;VST040;Bruttolöhne und -gehälter je Arbeitnehmer
81000;Volkswirtschaftliche Gesamtrechnungen des Bundes;JAHR;Jahr;2023;DINSG;Deutschland insgesamt;DG;Deutschland;WZ08G3;WZ2008: Wirtschaftsbereiche der VGR;WZ08-J;Information und Kommunikation;70487;EUR;VST040;Bruttolöhne und -gehälter je Arbeitnehmer
81000;Volkswirtschaftliche Gesamtrechnungen des Bundes;JAHR;Jahr;2025;DINSG;Deutschland insgesamt;DG;Deutschland;WZ08G3;WZ2008: Wirtschaftsbereiche der VGR;WZ08-S;Erbringung von sonstigen Dienstleistungen;36746;EUR;VST040;Bruttolöhne und -gehälter je Arbeitnehmer
81000;Volkswirtschaftliche Gesamtrechnungen des Bundes;JAHR;Jahr;2023;DINSG;Deutschland insgesamt;DG;Deutschland;WZ08G3;WZ2008: Wirtschaftsbereiche der VGR;WZ08-T;Private Haushalte;9949;EUR;VST040;Bruttolöhne und -gehälter je Arbeitnehmer
81000;Volkswirtschaftliche Gesamtrechnungen des Bundes;JAHR;Jahr;2023;DINSG;Deutschland insgesamt;DG;Deutschland;WZ08G3;WZ2008: Wirtschaftsbereiche der VGR;WZ08-69-02;Rechts- und Steuerberatung, Unternehmensberatung;67020;EUR;VST040;Bruttolöhne und -gehälter je Arbeitnehmer
81000;Volkswirtschaftliche Gesamtrechnungen des Bundes;JAHR;Jahr;2025;DINSG;Deutschland insgesamt;DG;Deutschland;WZ08G3;WZ2008: Wirtschaftsbereiche der VGR;WZ08-58;Verlagswesen;...;EUR;VST040;Bruttolöhne und -gehälter je Arbeitnehmer
81000;Volkswirtschaftliche Gesamtrechnungen des Bundes;JAHR;Jahr;2025;DINSG;Deutschland insgesamt;DG;Deutschland;WZ08G3;WZ2008: Wirtschaftsbereiche der VGR;WZ08-C;Verarbeitendes Gewerbe;60690;EUR;VST040;Bruttolöhne und -gehälter je Arbeitnehmer
81000;Volkswirtschaftliche Gesamtrechnungen des Bundes;JAHR;Jahr;2022;DINSG;Deutschland insgesamt;DG;Deutschland;WZ08G3;WZ2008: Wirtschaftsbereiche der VGR;WZ08-P;Erziehung und Unterricht;42037;EUR;VST040;Bruttolöhne und -gehälter je Arbeitnehmer
81000;Volkswirtschaftliche Gesamtrechnungen des Bundes;JAHR;Jahr;2024;DINSG;Deutschland insgesamt;DG;Deutschland;WZ08G3;WZ2008: Wirtschaftsbereiche der VGR;WZ08-73-01;Sonst.freiberufl., wissenschaftl., techn. Dienstl.;51160;EUR;VST040;Bruttolöhne und -gehälter je Arbeitnehmer
81000;Volkswirtschaftliche Gesamtrechnungen des Bundes;JAHR;Jahr;2024;DINSG;Deutschland insgesamt;DG;Deutschland;WZ08G3;WZ2008: Wirtschaftsbereiche der VGR;WZ08-96;Sonstige überwiegend persönliche Dienstleistungen;28190;EUR;VST040;Bruttolöhne und -gehälter je Arbeitnehmer
81000;Volkswirtschaftliche Gesamtrechnungen des Bundes;JAHR;Jahr;2023;DINSG;Deutschland insgesamt;DG;Deutschland;WZ08G3;WZ2008: Wirtschaftsbereiche der VGR;WZ08-46;Großhandel (ohne Handel mit Kraftfahrzeugen);51648;EUR;VST040;Bruttolöhne und -gehälter je Arbeitnehmer
81000;Volkswirtschaftliche Gesamtrechnungen des Bundes;JAHR;Jahr;2024;DINSG;Deutschland insgesamt;DG;Deutschland;WZ08G3;WZ2008: Wirtschaftsbereiche der VGR;WZ08-73;Werbung und Marktforschung;51689;EUR;VST040;Bruttolöhne und -gehälter je Arbeitnehmer
81000;Volkswirtschaftliche Gesamtrechnungen des Bundes;JAHR;Jahr;2024;DINSG;Deutschland insgesamt;DG;Deutschland;WZ08G3;WZ2008: Wirtschaftsbereiche der VGR;WZ08-P;Erziehung und Unterricht;44362;EUR;VST040;Bruttolöhne und -gehälter je Arbeitnehmer
81000;Volkswirtschaftliche Gesamtrechnungen des Bundes;JAHR;Jahr;2024;DINSG;Deutschland insgesamt;DG;Deutschland;WZ08G3;WZ2008: Wirtschaftsbereiche der VGR;WZ08-50;Schifffahrt;61048;EUR;VST040;Bruttolöhne und -gehälter je Arbeitnehmer
81000;Volkswirtschaftliche Gesamtrechnungen des Bundes;JAHR;Jahr;2023;DINSG;Deutschland insgesamt;DG;Deutschland;WZ08G3;WZ2008: Wirtschaftsbereiche der VGR;WZ08-23;H.v.Glas,-waren,Keramik,Verarb. v.Steinen u.Erden;49214;EUR;VST040;Bruttolöhne und -gehälter je Arbeitnehmer
81000;Volkswirtschaftliche Gesamtrechnungen des Bundes;JAHR;Jahr;2025;DINSG;Deutschland insgesamt;DG;Deutschland;WZ08G3;WZ2008: Wirtschaftsbereiche der VGR;WZ08-23;H.v.Glas,-waren,Keramik,Verarb. v.Steinen u.Erden;...;EUR;VST040;Bruttolöhne und -gehälter je Arbeitnehmer
81000;Volkswirtschaftliche Gesamtrechnungen des Bundes;JAHR;Jahr;2021;DINSG;Deutschland insgesamt;DG;Deutschland;WZ08G3;WZ2008: Wirtschaftsbereiche der VGR;WZ08-D;Energieversorgung;66313;EUR;VST040;Bruttolöhne und -gehälter je Arbeitnehmer
81000;Volkswirtschaftliche Gesamtrechnungen des Bundes;JAHR;Jahr;2021;DINSG;Deutschland insgesamt;DG;Deutschland;WZ08G3;WZ2008: Wirtschaftsbereiche der VGR;WZ08-95;Reparatur von DV-Geräten und Gebrauchsgütern;30063;EUR;VST040;Bruttolöhne und -gehälter je Arbeitnehmer
81000;Volkswirtschaftliche Gesamtrechnungen des Bundes;JAHR;Jahr;2021;DINSG;Deutschland insgesamt;DG;Deutschland;WZ08G3;WZ2008: Wirtschaftsbereiche der VGR;WZ08-72;Forschung und Entwicklung;57747;EUR;VST040;Bruttolöhne und -gehälter je Arbeitnehmer
81000;Volkswirtschaftliche Gesamtrechnungen des Bundes;JAHR;Jahr;2025;DINSG;Deutschland insgesamt;DG;Deutschland;WZ08G3;WZ2008: Wirtschaftsbereiche der VGR;WZ08-46;Großhandel (ohne Handel mit Kraftfahrzeugen);...;EUR;VST040;Bruttolöhne und -gehälter je Arbeitnehmer
81000;Volkswirtschaftliche Gesamtrechnungen des Bundes;JAHR;Jahr;2022;DINSG;Deutschland insgesamt;DG;Deutschland;WZ08G3;WZ2008: Wirtschaftsbereiche der VGR;WZ08-Q;Gesundheits- und Sozialwesen;33504;EUR;VST040;Bruttolöhne und -gehälter je Arbeitnehmer
81000;Volkswirtschaftliche Gesamtrechnungen des Bundes;JAHR;Jahr;2024;DINSG;Deutschland insgesamt;DG;Deutschland;WZ08G3;WZ2008: Wirtschaftsbereiche der VGR;WZ08-37-01;Abwasser-, Abfallentsorgung, Rückgewinnung;49876;EUR;VST040;Bruttolöhne und -gehälter je Arbeitnehmer
81000;Volkswirtschaftliche Gesamtrechnungen des Bundes;JAHR;Jahr;2023;DINSG;Deutschland insgesamt;DG;Deutschland;WZ08G3;WZ2008: Wirtschaftsbereiche der VGR;WZ08-C;Verarbeitendes Gewerbe;56049;EUR;VST040;Bruttolöhne und -gehälter je Arbeitnehmer
81000;Volkswirtschaftliche Gesamtrechnungen des Bundes;JAHR;Jahr;2022;DINSG;Deutschland insgesamt;DG;Deutschland;WZ08G3;WZ2008: Wirtschaftsbereiche der VGR;WZ08-13-01;Textil- und Bekleidungsgewerbe;40269;EUR;VST040;Bruttolöhne und -gehälter je Arbeitnehmer
81000;Volkswirtschaftliche Gesamtrechnungen des Bundes;JAHR;Jahr;2021;DINSG;Deutschland insgesamt;DG;Deutschland;WZ08G3;WZ2008: Wirtschaftsbereiche der VGR;WZ08-19;Kokerei und Mineralölverarbeitung;70900;EUR;VST040;Bruttolöhne und -gehälter je Arbeitnehmer
81000;Volkswirtschaftliche Gesamtrechnungen des Bundes;JAHR;Jahr;2022;DINSG;Deutschland insgesamt;DG;Deutschland;WZ08G3;WZ2008: Wirtschaftsbereiche der VGR;WZ08-46;Großhandel (ohne Handel mit Kraftfahrzeugen);48433;EUR;VST040;Bruttolöhne und -gehälter je Arbeitnehmer
81000;Volkswirtschaftliche Gesamtrechnungen des Bundes;JAHR;Jahr;2022;DINSG;Deutschland insgesamt;DG;Deutschland;WZ08G3;WZ2008: Wirtschaftsbereiche der VGR;WZ08-23;H.v.Glas,-waren,Keramik,Verarb. v.Steinen u.Erden;46619;EUR;VST040;Bruttolöhne und -gehälter je Arbeitnehmer
81000;Volkswirtschaftliche Gesamtrechnungen des Bundes;JAHR;Jahr;2023;DINSG;Deutschland insgesamt;DG;Deutschland;WZ08G3;WZ2008: Wirtschaftsbereiche der VGR;WZ08-58;Verlagswesen;52489;EUR;VST040;Bruttolöhne und -gehälter je Arbeitnehmer
81000;Volkswirtschaftliche Gesamtrechnungen des Bundes;JAHR;Jahr;2025;DINSG;Deutschland insgesamt;DG;Deutschland;WZ08G3;WZ2008: Wirtschaftsbereiche der VGR;WZ08-T;Private Haushalte;11325;EUR;VST040;Bruttolöhne und -gehälter je Arbeitnehmer
81000;Volkswirtschaftliche Gesamtrechnungen des Bundes;JAHR;Jahr;2021;DINSG;Deutschland insgesamt;DG;Deutschland;WZ08G3;WZ2008: Wirtschaftsbereiche der VGR;WZ08-31-01;Möbelherstellung, Installation von Maschinen;48765;EUR;VST040;Bruttolöhne und -gehälter je Arbeitnehmer
81000;Volkswirtschaftliche Gesamtrechnungen des Bundes;JAHR;Jahr;2023;DINSG;Deutschland insgesamt;DG;Deutschland;WZ08G3;WZ2008: Wirtschaftsbereiche der VGR;WZ08-69-01;Unternehmensnahe Beratungsleistungen;63272;EUR;VST040;Bruttolöhne und -gehälter je Arbeitnehmer
81000;Volkswirtschaftliche Gesamtrechnungen des Bundes;JAHR;Jahr;2023;DINSG;Deutschland insgesamt;DG;Deutschland;WZ08G3;WZ2008: Wirtschaftsbereiche der VGR;WZ08-24-01;Metallgewerbe;50758;EUR;VST040;Bruttolöhne und -gehälter je Arbeitnehmer
81000;Volkswirtschaftliche Gesamtrechnungen des Bundes;JAHR;Jahr;2021;DINSG;Deutschland insgesamt;DG;Deutschland;WZ08G3;WZ2008: Wirtschaftsbereiche der VGR;WZ08-61;Telekommunikation;64745;EUR;VST040;Bruttolöhne und -gehälter je Arbeitnehmer
81000;Volkswirtschaftliche Gesamtrechnungen des Bundes;JAHR;Jahr;2024;DINSG;Deutschland insgesamt;DG;Deutschland;WZ08G3;WZ2008: Wirtschaftsbereiche der VGR;WZ08-58-01;Verlagswesen, audiovisuelle Medien und Rundfunk;60697;EUR;VST040;Bruttolöhne und -gehälter je Arbeitnehmer
81000;Volkswirtschaftliche Gesamtrechnungen des Bundes;JAHR;Jahr;2025;DINSG;Deutschland insgesamt;DG;Deutschland;WZ08G3;WZ2008: Wirtschaftsbereiche der VGR;WZ08-D;Energieversorgung;80959;EUR;VST040;Bruttolöhne und -gehälter je Arbeitnehmer
81000;Volkswirtschaftliche Gesamtrechnungen des Bundes;JAHR;Jahr;2022;DINSG;Deutschland insgesamt;DG;Deutschland;WZ08G3;WZ2008: Wirtschaftsbereiche der VGR;WZ08-O;Öff. Verwaltung, Verteidigung, Sozialversicherung;46015;EUR;VST040;Bruttolöhne und -gehälter je Arbeitnehmer
81000;Volkswirtschaftliche Gesamtrechnungen des Bundes;JAHR;Jahr;2021;DINSG;Deutschland insgesamt;DG;Deutschland;WZ08G3;WZ2008: Wirtschaftsbereiche der VGR;WZ08-T;Private Haushalte;8539;EUR;VST040;Bruttolöhne und -gehälter je Arbeitnehmer
81000;Volkswirtschaftliche Gesamtrechnungen des Bundes;JAHR;Jahr;2024;DINSG;Deutschland insgesamt;DG;Deutschland;WZ08G3;WZ2008: Wirtschaftsbereiche der VGR;WZ08-031;Fischerei;25667;EUR;VST040;Bruttolöhne und -gehälter je Arbeitnehmer
81000;Volkswirtschaftliche Gesamtrechnungen des Bundes;JAHR;Jahr;2021;DINSG;Deutschland insgesamt;DG;Deutschland;WZ08G3;WZ2008: Wirtschaftsbereiche der VGR;WZ08-G-01;Handel, Verkehr, Gastgewerbe;30810;EUR;VST040;Bruttolöhne und -gehälter je Arbeitnehmer
81000;Volkswirtschaftliche Gesamtrechnungen des Bundes;JAHR;Jahr;2025;DINSG;Deutschland insgesamt;DG;Deutschland;WZ08G3;WZ2008: Wirtschaftsbereiche der VGR;WZ08-74-01;Freiberufl.,wiss.,techn.DL a.n.g., Veterinärwesen;...;EUR;VST040;Bruttolöhne und -gehälter je Arbeitnehmer
81000;Volkswirtschaftliche Gesamtrechnungen des Bundes;JAHR;Jahr;2023;DINSG;Deutschland insgesamt;DG;Deutschland;WZ08G3;WZ2008: Wirtschaftsbereiche der VGR;WZ08-47;Einzelhandel (ohne Handel mit Kraftfahrzeugen);27447;EUR;VST040;Bruttolöhne und -gehälter je Arbeitnehmer
81000;Volkswirtschaftliche Gesamtrechnungen des Bundes;JAHR;Jahr;2023;DINSG;Deutschland insgesamt;DG;Deutschland;WZ08G3;WZ2008: Wirtschaftsbereiche der VGR;WZ08-24;Metallerzeugung und -bearbeitung;55126;EUR;VST040;Bruttolöhne und -gehälter je Arbeitnehmer
81000;Volkswirtschaftliche Gesamtrechnungen des Bundes;JAHR;Jahr;2023;DINSG;Deutschland insgesamt;DG;Deutschland;WZ08G3;WZ2008: Wirtschaftsbereiche der VGR;WZ08-01;Landwirtschaft, Jagd und verbundene Tätigkeiten;22098;EUR;VST040;Bruttolöhne und -gehälter je Arbeitnehmer
81000;Volkswirtschaftliche Gesamtrechnungen des Bundes;JAHR;Jahr;2022;DINSG;Deutschland insgesamt;DG;Deutschland;WZ08G3;WZ2008: Wirtschaftsbereiche der VGR;WZ08-58;Verlagswesen;48638;EUR;VST040;Bruttolöhne und -gehälter je Arbeitnehmer
81000;Volkswirtschaftliche Gesamtrechnungen des Bundes;JAHR;Jahr;2024;DINSG;Deutschland insgesamt;DG;Deutschland;WZ08G3;WZ2008: Wirtschaftsbereiche der VGR;WZ08-Q;Gesundheits- und Sozialwesen;37730;EUR;VST040;Bruttolöhne und -gehälter je Arbeitnehmer
81000;Volkswirtschaftliche Gesamtrechnungen des Bundes;JAHR;Jahr;2024;DINSG;Deutschland insgesamt;DG;Deutschland;WZ08G3;WZ2008: Wirtschaftsbereiche der VGR;WZ08-51;Luftfahrt;74015;EUR;VST040;Bruttolöhne und -gehälter je Arbeitnehmer
81000;Volkswirtschaftliche Gesamtrechnungen des Bundes;JAHR;Jahr;2021;DINSG;Deutschland insgesamt;DG;Deutschland;WZ08G3;WZ2008: Wirtschaftsbereiche der VGR;WZ08-B-18;Produzierendes Gewerbe ohne Baugewerbe;51232;EUR;VST040;Bruttolöhne und -gehälter je Arbeitnehmer
81000;Volkswirtschaftliche Gesamtrechnungen des Bundes;JAHR;Jahr;2025;DINSG;Deutschland insgesamt;DG;Deutschland;WZ08G3;WZ2008: Wirtschaftsbereiche der VGR;WZ08-45;Kfz-Handel, Instandhaltung und Reparatur von Kfz;...;EUR;VST040;Bruttolöhne und -gehälter je Arbeitnehmer
81000;Volkswirtschaftliche Gesamtrechnungen des Bundes;JAHR;Jahr;2021;DINSG;Deutschland insgesamt;DG;Deutschland;WZ08G3;WZ2008: Wirtschaftsbereiche der VGR;WZ08-C;Verarbeitendes Gewerbe;50957;EUR;VST040;Bruttolöhne und -gehälter je Arbeitnehmer
81000;Volkswirtschaftliche Gesamtrechnungen des Bundes;JAHR;Jahr;2022;DINSG;Deutschland insgesamt;DG;Deutschland;WZ08G3;WZ2008: Wirtschaftsbereiche der VGR;WZ08-01;Landwirtschaft, Jagd und verbundene Tätigkeiten;20238;EUR;VST040;Bruttolöhne und -gehälter je Arbeitnehmer
81000;Volkswirtschaftliche Gesamtrechnungen des Bundes;JAHR;Jahr;2025;DINSG;Deutschland insgesamt;DG;Deutschland;WZ08G3;WZ2008: Wirtschaftsbereiche der VGR;WZ08-22;Herstellung von Gummi- und Kunststoffwaren;...;EUR;VST040;Bruttolöhne und -gehälter je Arbeitnehmer
81000;Volkswirtschaftliche Gesamtrechnungen des Bundes;JAHR;Jahr;2021;DINSG;Deutschland insgesamt;DG;Deutschland;WZ08G3;WZ2008: Wirtschaftsbereiche der VGR;WZ08-96;Sonstige überwiegend persönliche Dienstleistungen;21534;EUR;VST040;Bruttolöhne und -gehälter je Arbeitnehmer
81000;Volkswirtschaftliche Gesamtrechnungen des Bundes;JAHR;Jahr;2021;DINSG;Deutschland insgesamt;DG;Deutschland;WZ08G3;WZ2008: Wirtschaftsbereiche der VGR;WZ08-50;Schifffahrt;46800;EUR;VST040;Bruttolöhne und -gehälter je Arbeitnehmer
81000;Volkswirtschaftliche Gesamtrechnungen des Bundes;JAHR;Jahr;2023;DINSG;Deutschland insgesamt;DG;Deutschland;WZ08G3;WZ2008: Wirtschaftsbereiche der VGR;WZ08-62-01;IT- und Informationsdienstleister;73662;EUR;VST040;Bruttolöhne und -gehälter je Arbeitnehmer
81000;Volkswirtschaftliche Gesamtrechnungen des Bundes;JAHR;Jahr;2021;DINSG;Deutschland insgesamt;DG;Deutschland;WZ08G3;WZ2008: Wirtschaftsbereiche der VGR;WZ08-73;Werbung und Marktforschung;40183;EUR;VST040;Bruttolöhne und -gehälter je Arbeitnehmer
81000;Volkswirtschaftliche Gesamtrechnungen des Bundes;JAHR;Jahr;2023;DINSG;Deutschland insgesamt;DG;Deutschland;WZ08G3;WZ2008: Wirtschaftsbereiche der VGR;WZ08-59-01;Audiovisuelle Medien und Rundfunk;61746;EUR;VST040;Bruttolöhne und -gehälter je Arbeitnehmer
81000;Volkswirtschaftliche Gesamtrechnungen des Bundes;JAHR;Jahr;2023;DINSG;Deutschland insgesamt;DG;Deutschland;WZ08G3;WZ2008: Wirtschaftsbereiche der VGR;WZ08-D;Energieversorgung;74101;EUR;VST040;Bruttolöhne und -gehälter je Arbeitnehmer
81000;Volkswirtschaftliche Gesamtrechnungen des Bundes;JAHR;Jahr;2023;DINSG;Deutschland insgesamt;DG;Deutschland;WZ08G3;WZ2008: Wirtschaftsbereiche der VGR;WZ08-O-03;Öffentliche Dienstleister, Erziehung, Gesundheit;40643;EUR;VST040;Bruttolöhne und -gehälter je Arbeitnehmer
81000;Volkswirtschaftliche Gesamtrechnungen des Bundes;JAHR;Jahr;2024;DINSG;Deutschland insgesamt;DG;Deutschland;WZ08G3;WZ2008: Wirtschaftsbereiche der VGR;WZ08-86;Gesundheitswesen;44896;EUR;VST040;Bruttolöhne und -gehälter je Arbeitnehmer
81000;Volkswirtschaftliche Gesamtrechnungen des Bundes;JAHR;Jahr;2022;DINSG;Deutschland insgesamt;DG;Deutschland;WZ08G3;WZ2008: Wirtschaftsbereiche der VGR;WZ08-24;Metallerzeugung und -bearbeitung;52248;EUR;VST040;Bruttolöhne und -gehälter je Arbeitnehmer
81000;Volkswirtschaftliche Gesamtrechnungen des Bundes;JAHR;Jahr;2022;DINSG;Deutschland insgesamt;DG;Deutschland;WZ08G3;WZ2008: Wirtschaftsbereiche der VGR;WZ08-47;Einzelhandel (ohne Handel mit Kraftfahrzeugen);25855;EUR;VST040;Bruttolöhne und -gehälter je Arbeitnehmer
81000;Volkswirtschaftliche Gesamtrechnungen des Bundes;JAHR;Jahr;2023;DINSG;Deutschland insgesamt;DG;Deutschland;WZ08G3;WZ2008: Wirtschaftsbereiche der VGR;WZ08-36;Wasserversorgung;50765;EUR;VST040;Bruttolöhne und -gehälter je Arbeitnehmer
81000;Volkswirtschaftliche Gesamtrechnungen des Bundes;JAHR;Jahr;2025;DINSG;Deutschland insgesamt;DG;Deutschland;WZ08G3;WZ2008: Wirtschaftsbereiche der VGR;WZ08-B-05;Produzierendes Gewerbe;57496;EUR;VST040;Bruttolöhne und -gehälter je Arbeitnehmer
81000;Volkswirtschaftliche Gesamtrechnungen des Bundes;JAHR;Jahr;2024;DINSG;Deutschland insgesamt;DG;Deutschland;WZ08G3;WZ2008: Wirtschaftsbereiche der VGR;WZ08-G-04;Dienstleistungsbereiche;43205;EUR;VST040;Bruttolöhne und -gehälter je Arbeitnehmer
81000;Volkswirtschaftliche Gesamtrechnungen des Bundes;JAHR;Jahr;2025;DINSG;Deutschland insgesamt;DG;Deutschland;WZ08G3;WZ2008: Wirtschaftsbereiche der VGR;WZ08-31-01;Möbelherstellung, Installation von Maschinen;...;EUR;VST040;Bruttolöhne und -gehälter je Arbeitnehmer
81000;Volkswirtschaftliche Gesamtrechnungen des Bundes;JAHR;Jahr;2025;DINSG;Deutschland insgesamt;DG;Deutschland;WZ08G3;WZ2008: Wirtschaftsbereiche der VGR;WZ08-33;Reparatur u.Installation von Masch.u.Ausrüstungen;...;EUR;VST040;Bruttolöhne und -gehälter je Arbeitnehmer
81000;Volkswirtschaftliche Gesamtrechnungen des Bundes;JAHR;Jahr;2024;DINSG;Deutschland insgesamt;DG;Deutschland;WZ08G3;WZ2008: Wirtschaftsbereiche der VGR;WZ08-021;Forstwirtschaft;32389;EUR;VST040;Bruttolöhne und -gehälter je Arbeitnehmer
81000;Volkswirtschaftliche Gesamtrechnungen des Bundes;JAHR;Jahr;2025;DINSG;Deutschland insgesamt;DG;Deutschland;WZ08G3;WZ2008: Wirtschaftsbereiche der VGR;WZ08-79;Reisebüros, -veranstalter u. sonst. Reservierungen;...;EUR;VST040;Bruttolöhne und -gehälter je Arbeitnehmer
81000;Volkswirtschaftliche Gesamtrechnungen des Bundes;JAHR;Jahr;2025;DINSG;Deutschland insgesamt;DG;Deutschland;WZ08G3;WZ2008: Wirtschaftsbereiche der VGR;WZ08-E;Wasserversorg.,Entsorg.,Beseitig.v.Umweltverschm.;52653;EUR;VST040;Bruttolöhne und -gehälter je Arbeitnehmer
81000;Volkswirtschaftliche Gesamtrechnungen des Bundes;JAHR;Jahr;2022;DINSG;Deutschland insgesamt;DG;Deutschland;WZ08G3;WZ2008: Wirtschaftsbereiche der VGR;WZ08-N;Sonstige wirtschaftliche Dienstleistungen;29511;EUR;VST040;Bruttolöhne und -gehälter je Arbeitnehmer
81000;Volkswirtschaftliche Gesamtrechnungen des Bundes;JAHR;Jahr;2024;DINSG;Deutschland insgesamt;DG;Deutschland;WZ08G3;WZ2008: Wirtschaftsbereiche der VGR;WZ08-18;H.v. Druckerz., Vervielf.v.Ton-,Bild-,Datenträgern;32346;EUR;VST040;Bruttolöhne und -gehälter je Arbeitnehmer
81000;Volkswirtschaftliche Gesamtrechnungen des Bundes;JAHR;Jahr;2022;DINSG;Deutschland insgesamt;DG;Deutschland;WZ08G3;WZ2008: Wirtschaftsbereiche der VGR;WZ08-78;Vermittlung und Überlassung von Arbeitskräften;32610;EUR;VST040;Bruttolöhne und -gehälter je Arbeitnehmer
81000;Volkswirtschaftliche Gesamtrechnungen des Bundes;JAHR;Jahr;2024;DINSG;Deutschland insgesamt;DG;Deutschland;WZ08G3;WZ2008: Wirtschaftsbereiche der VGR;WZ08-94;Interessenvertr., kirchl. u. sonst. Vereinigungen;38759;EUR;VST040;Bruttolöhne und -gehälter je Arbeitnehmer
81000;Volkswirtschaftliche Gesamtrechnungen des Bundes;JAHR;Jahr;2023;DINSG;Deutschland insgesamt;DG;Deutschland;WZ08G3;WZ2008: Wirtschaftsbereiche der VGR;WZ08-25;Herstellung von Metallerzeugnissen;49445;EUR;VST040;Bruttolöhne und -gehälter je Arbeitnehmer
81000;Volkswirtschaftliche Gesamtrechnungen des Bundes;JAHR;Jahr;2024;DINSG;Deutschland insgesamt;DG;Deutschland;WZ08G3;WZ2008: Wirtschaftsbereiche der VGR;WZ08-71;Architektur-,Ing.büros,techn.,physik.Untersuchung;58954;EUR;VST040;Bruttolöhne und -gehälter je Arbeitnehmer
81000;Volkswirtschaftliche Gesamtrechnungen des Bundes;JAHR;Jahr;2021;DINSG;Deutschland insgesamt;DG;Deutschland;WZ08G3;WZ2008: Wirtschaftsbereiche der VGR;WZ08-F;Baugewerbe;37066;EUR;VST040;Bruttolöhne und -gehälter je Arbeitnehmer
81000;Volkswirtschaftliche Gesamtrechnungen des Bundes;JAHR;Jahr;2024;DINSG;Deutschland insgesamt;DG;Deutschland;WZ08G3;WZ2008: Wirtschaftsbereiche der VGR;WZ08-M;Freiberufliche, wiss. u. techn. Dienstleistungen;64328;EUR;VST040;Bruttolöhne und -gehälter je Arbeitnehmer
81000;Volkswirtschaftliche Gesamtrechnungen des Bundes;JAHR;Jahr;2025;DINSG;Deutschland insgesamt;DG;Deutschland;WZ08G3;WZ2008: Wirtschaftsbereiche der VGR;WZ08-13-01;Textil- und Bekleidungsgewerbe;...;EUR;VST040;Bruttolöhne und -gehälter je Arbeitnehmer
81000;Volkswirtschaftliche Gesamtrechnungen des Bundes;JAHR;Jahr;2025;DINSG;Deutschland insgesamt;DG;Deutschland;WZ08G3;WZ2008: Wirtschaftsbereiche der VGR;WZ08-21;Herstellung von pharmazeutischen Erzeugnissen;...;EUR;VST040;Bruttolöhne und -gehälter je Arbeitnehmer
81000;Volkswirtschaftliche Gesamtrechnungen des Bundes;JAHR;Jahr;2021;DINSG;Deutschland insgesamt;DG;Deutschland;WZ08G3;WZ2008: Wirtschaftsbereiche der VGR;WZ08-58-01;Verlagswesen, audiovisuelle Medien und Rundfunk;55171;EUR;VST040;Bruttolöhne und -gehälter je Arbeitnehmer
81000;Volkswirtschaftliche Gesamtrechnungen des Bundes;JAHR;Jahr;2021;DINSG;Deutschland insgesamt;DG;Deutschland;WZ08G3;WZ2008: Wirtschaftsbereiche der VGR;WZ08-51;Luftfahrt;51873;EUR;VST040;Bruttolöhne und -gehälter je Arbeitnehmer
81000;Volkswirtschaftliche Gesamtrechnungen des Bundes;JAHR;Jahr;2023;DINSG;Deutschland insgesamt;DG;Deutschland;WZ08G3;WZ2008: Wirtschaftsbereiche der VGR;WZ08-22-01;H.v. Gummi-, Kunststoff-, Glaswaren, Keramik u.Ä.;47509;EUR;VST040;Bruttolöhne und -gehälter je Arbeitnehmer
81000;Volkswirtschaftliche Gesamtrechnungen des Bundes;JAHR;Jahr;2023;DINSG;Deutschland insgesamt;DG;Deutschland;WZ08G3;WZ2008: Wirtschaftsbereiche der VGR;WZ08-E;Wasserversorg.,Entsorg.,Beseitig.v.Umweltverschm.;48000;EUR;VST040;Bruttolöhne und -gehälter je Arbeitnehmer
81000;Volkswirtschaftliche Gesamtrechnungen des Bundes;JAHR;Jahr;2023;DINSG;Deutschland insgesamt;DG;Deutschland;WZ08G3;WZ2008: Wirtschaftsbereiche der VGR;WZ08-R-02;Sonstige Dienstleister;25364;EUR;VST040;Bruttolöhne und -gehälter je Arbeitnehmer
81000;Volkswirtschaftliche Gesamtrechnungen des Bundes;JAHR;Jahr;2022;DINSG;Deutschland insgesamt;DG;Deutschland;WZ08G3;WZ2008: Wirtschaftsbereiche der VGR;WZ08-21;Herstellung von pharmazeutischen Erzeugnissen;64347;EUR;VST040;Bruttolöhne und -gehälter je Arbeitnehmer
81000;Volkswirtschaftliche Gesamtrechnungen des Bundes;JAHR;Jahr;2025;DINSG;Deutschland insgesamt;DG;Deutschland;WZ08G3;WZ2008: Wirtschaftsbereiche der VGR;WZ08-021;Forstwirtschaft;...;EUR;VST040;Bruttolöhne und -gehälter je Arbeitnehmer
81000;Volkswirtschaftliche Gesamtrechnungen des Bundes;JAHR;Jahr;2024;DINSG;Deutschland insgesamt;DG;Deutschland;WZ08G3;WZ2008: Wirtschaftsbereiche der VGR;WZ08-B-18;Produzierendes Gewerbe ohne Baugewerbe;59135;EUR;VST040;Bruttolöhne und -gehälter je Arbeitnehmer
81000;Volkswirtschaftliche Gesamtrechnungen des Bundes;JAHR;Jahr;2023;DINSG;Deutschland insgesamt;DG;Deutschland;WZ08G3;WZ2008: Wirtschaftsbereiche der VGR;WZ08-M-02;Unternehmensdienstleister;45570;EUR;VST040;Bruttolöhne und -gehälter je Arbeitnehmer
81000;Volkswirtschaftliche Gesamtrechnungen des Bundes;JAHR;Jahr;2025;DINSG;Deutschland insgesamt;DG;Deutschland;WZ08G3;WZ2008: Wirtschaftsbereiche der VGR;WZ08-F;Baugewerbe;44335;EUR;VST040;Bruttolöhne und -gehälter je Arbeitnehmer
81000;Volkswirtschaftliche Gesamtrechnungen des Bundes;JAHR;Jahr;2025;DINSG;Deutschland insgesamt;DG;Deutschland;WZ08G3;WZ2008: Wirtschaftsbereiche der VGR;WZ08-31-02;Herstellung von Möbeln und sonstigen Waren;...;EUR;VST040;Bruttolöhne und -gehälter je Arbeitnehmer
81000;Volkswirtschaftliche Gesamtrechnungen des Bundes;JAHR;Jahr;2025;DINSG;Deutschland insgesamt;DG;Deutschland;WZ08G3;WZ2008: Wirtschaftsbereiche der VGR;WZ08-78;Vermittlung und Überlassung von Arbeitskräften;...;EUR;VST040;Bruttolöhne und -gehälter je Arbeitnehmer
81000;Volkswirtschaftliche Gesamtrechnungen des Bundes;JAHR;Jahr;2021;DINSG;Deutschland insgesamt;DG;Deutschland;WZ08G3;WZ2008: Wirtschaftsbereiche der VGR;WZ08-86;Gesundheitswesen;38954;EUR;VST040;Bruttolöhne und -gehälter je Arbeitnehmer
81000;Volkswirtschaftliche Gesamtrechnungen des Bundes;JAHR;Jahr;2023;DINSG;Deutschland insgesamt;DG;Deutschland;WZ08G3;WZ2008: Wirtschaftsbereiche der VGR;WZ08-A-02;Alle Wirtschaftsbereiche;43720;EUR;VST040;Bruttolöhne und -gehälter je Arbeitnehmer
81000;Volkswirtschaftliche Gesamtrechnungen des Bundes;JAHR;Jahr;2022;DINSG;Deutschland insgesamt;DG;Deutschland;WZ08G3;WZ2008: Wirtschaftsbereiche der VGR;WZ08-74-01;Freiberufl.,wiss.,techn.DL a.n.g., Veterinärwesen;45253;EUR;VST040;Bruttolöhne und -gehälter je Arbeitnehmer
81000;Volkswirtschaftliche Gesamtrechnungen des Bundes;JAHR;Jahr;2023;DINSG;Deutschland insgesamt;DG;Deutschland;WZ08G3;WZ2008: Wirtschaftsbereiche der VGR;WZ08-80-01;Unternehmensdienstleister a.n.g.;29306;EUR;VST040;Bruttolöhne und -gehälter je Arbeitnehmer
81000;Volkswirtschaftliche Gesamtrechnungen des Bundes;JAHR;Jahr;2022;DINSG;Deutschland insgesamt;DG;Deutschland;WZ08G3;WZ2008: Wirtschaftsbereiche der VGR;WZ08-M;Freiberufliche, wiss. u. techn. Dienstleistungen;57336;EUR;VST040;Bruttolöhne und -gehälter je Arbeitnehmer
81000;Volkswirtschaftliche Gesamtrechnungen des Bundes;JAHR;Jahr;2024;DINSG;Deutschland insgesamt;DG;Deutschland;WZ08G3;WZ2008: Wirtschaftsbereiche der VGR;WZ08-19;Kokerei und Mineralölverarbeitung;83950;EUR;VST040;Bruttolöhne und -gehälter je Arbeitnehmer
81000;Volkswirtschaftliche Gesamtrechnungen des Bundes;JAHR;Jahr;2023;DINSG;Deutschland insgesamt;DG;Deutschland;WZ08G3;WZ2008: Wirtschaftsbereiche der VGR;WZ08-29-01;Fahrzeugbau;72780;EUR;VST040;Bruttolöhne und -gehälter je Arbeitnehmer
81000;Volkswirtschaftliche Gesamtrechnungen des Bundes;JAHR;Jahr;2022;DINSG;Deutschland insgesamt;DG;Deutschland;WZ08G3;WZ2008: Wirtschaftsbereiche der VGR;WZ08-33;Reparatur u.Installation von Masch.u.Ausrüstungen;55775;EUR;VST040;Bruttolöhne und -gehälter je Arbeitnehmer
81000;Volkswirtschaftliche Gesamtrechnungen des Bundes;JAHR;Jahr;2022;DINSG;Deutschland insgesamt;DG;Deutschland;WZ08G3;WZ2008: Wirtschaftsbereiche der VGR;WZ08-79;Reisebüros, -veranstalter u. sonst. Reservierungen;34629;EUR;VST040;Bruttolöhne und -gehälter je Arbeitnehmer
81000;Volkswirtschaftliche Gesamtrechnungen des Bundes;JAHR;Jahr;2023;DINSG;Deutschland insgesamt;DG;Deutschland;WZ08G3;WZ2008: Wirtschaftsbereiche der VGR;WZ08-49;Landverkehr und Transport in Rohrfernleitungen;37543;EUR;VST040;Bruttolöhne und -gehälter je Arbeitnehmer
81000;Volkswirtschaftliche Gesamtrechnungen des Bundes;JAHR;Jahr;2023;DINSG;Deutschland insgesamt;DG;Deutschland;WZ08G3;WZ2008: Wirtschaftsbereiche der VGR;WZ08-26;H.v. DV-Geräten, elektron. u. opt. Erzeugnissen;62688;EUR;VST040;Bruttolöhne und -gehälter je Arbeitnehmer
81000;Volkswirtschaftliche Gesamtrechnungen des Bundes;JAHR;Jahr;2024;DINSG;Deutschland insgesamt;DG;Deutschland;WZ08G3;WZ2008: Wirtschaftsbereiche der VGR;WZ08-95;Reparatur von DV-Geräten und Gebrauchsgütern;36103;EUR;VST040;Bruttolöhne und -gehälter je Arbeitnehmer
81000;Volkswirtschaftliche Gesamtrechnungen des Bundes;JAHR;Jahr;2024;DINSG;Deutschland insgesamt;DG;Deutschland;WZ08G3;WZ2008: Wirtschaftsbereiche der VGR;WZ08-72;Forschung und Entwicklung;66885;EUR;VST040;Bruttolöhne und -gehälter je Arbeitnehmer
81000;Volkswirtschaftliche Gesamtrechnungen des Bundes;JAHR;Jahr;2025;DINSG;Deutschland insgesamt;DG;Deutschland;WZ08G3;WZ2008: Wirtschaftsbereiche der VGR;WZ08-G-01;Handel, Verkehr, Gastgewerbe;38230;EUR;VST040;Bruttolöhne und -gehälter je Arbeitnehmer
81000;Volkswirtschaftliche Gesamtrechnungen des Bundes;JAHR;Jahr;2024;DINSG;Deutschland insgesamt;DG;Deutschland;WZ08G3;WZ2008: Wirtschaftsbereiche der VGR;WZ08-O;Öff. Verwaltung, Verteidigung, Sozialversicherung;50393;EUR;VST040;Bruttolöhne und -gehälter je Arbeitnehmer
81000;Volkswirtschaftliche Gesamtrechnungen des Bundes;JAHR;Jahr;2024;DINSG;Deutschland insgesamt;DG;Deutschland;WZ08G3;WZ2008: Wirtschaftsbereiche der VGR;WZ08-N;Sonstige wirtschaftliche Dienstleistungen;33891;EUR;VST040;Bruttolöhne und -gehälter je Arbeitnehmer
81000;Volkswirtschaftliche Gesamtrechnungen des Bundes;JAHR;Jahr;2025;DINSG;Deutschland insgesamt;DG;Deutschland;WZ08G3;WZ2008: Wirtschaftsbereiche der VGR;WZ08-20;Herstellung von chemischen Erzeugnissen;...;EUR;VST040;Bruttolöhne und -gehälter je Arbeitnehmer
81000;Volkswirtschaftliche Gesamtrechnungen des Bundes;JAHR;Jahr;2025;DINSG;Deutschland insgesamt;DG;Deutschland;WZ08G3;WZ2008: Wirtschaftsbereiche der VGR;WZ08-66;Mit Finanz- u. Versicherungsdienstl. verb. Tätigk.;...;EUR;VST040;Bruttolöhne und -gehälter je Arbeitnehmer
81000;Volkswirtschaftliche Gesamtrechnungen des Bundes;JAHR;Jahr;2025;DINSG;Deutschland insgesamt;DG;Deutschland;WZ08G3;WZ2008: Wirtschaftsbereiche der VGR;WZ08-43;Vorb.Baustellenarbeiten, Bauinstall., sonst.Ausbau;...;EUR;VST040;Bruttolöhne und -gehälter je Arbeitnehmer
81000;Volkswirtschaftliche Gesamtrechnungen des Bundes;JAHR;Jahr;2021;DINSG;Deutschland insgesamt;DG;Deutschland;WZ08G3;WZ2008: Wirtschaftsbereiche der VGR;WZ08-E;Wasserversorg.,Entsorg.,Beseitig.v.Umweltverschm.;43815;EUR;VST040;Bruttolöhne und -gehälter je Arbeitnehmer
81000;Volkswirtschaftliche Gesamtrechnungen des Bundes;JAHR;Jahr;2021;DINSG;Deutschland insgesamt;DG;Deutschland;WZ08G3;WZ2008: Wirtschaftsbereiche der VGR;WZ08-52;Lagerei, sonstige Dienstleistungen für den Verkehr;38983;EUR;VST040;Bruttolöhne und -gehälter je Arbeitnehmer
81000;Volkswirtschaftliche Gesamtrechnungen des Bundes;JAHR;Jahr;2023;DINSG;Deutschland insgesamt;DG;Deutschland;WZ08G3;WZ2008: Wirtschaftsbereiche der VGR;WZ08-F;Baugewerbe;40765;EUR;VST040;Bruttolöhne und -gehälter je Arbeitnehmer
81000;Volkswirtschaftliche Gesamtrechnungen des Bundes;JAHR;Jahr;2022;DINSG;Deutschland insgesamt;DG;Deutschland;WZ08G3;WZ2008: Wirtschaftsbereiche der VGR;WZ08-22;Herstellung von Gummi- und Kunststoffwaren;43915;EUR;VST040;Bruttolöhne und -gehälter je Arbeitnehmer
81000;Volkswirtschaftliche Gesamtrechnungen des Bundes;JAHR;Jahr;2022;DINSG;Deutschland insgesamt;DG;Deutschland;WZ08G3;WZ2008: Wirtschaftsbereiche der VGR;WZ08-45;Kfz-Handel, Instandhaltung und Reparatur von Kfz;35647;EUR;VST040;Bruttolöhne und -gehälter je Arbeitnehmer
81000;Volkswirtschaftliche Gesamtrechnungen des Bundes;JAHR;Jahr;2021;DINSG;Deutschland insgesamt;DG;Deutschland;WZ08G3;WZ2008: Wirtschaftsbereiche der VGR;WZ08-B-05;Produzierendes Gewerbe;48170;EUR;VST040;Bruttolöhne und -gehälter je Arbeitnehmer
81000;Volkswirtschaftliche Gesamtrechnungen des Bundes;JAHR;Jahr;2024;DINSG;Deutschland insgesamt;DG;Deutschland;WZ08G3;WZ2008: Wirtschaftsbereiche der VGR;WZ08-61;Telekommunikation;75729;EUR;VST040;Bruttolöhne und -gehälter je Arbeitnehmer
81000;Volkswirtschaftliche Gesamtrechnungen des Bundes;JAHR;Jahr;2025;DINSG;Deutschland insgesamt;DG;Deutschland;WZ08G3;WZ2008: Wirtschaftsbereiche der VGR;WZ08-G;Handel, Instandhaltung und Reparatur von Kfz;40392;EUR;VST040;Bruttolöhne und -gehälter je Arbeitnehmer
81000;Volkswirtschaftliche Gesamtrechnungen des Bundes;JAHR;Jahr;2023;DINSG;Deutschland insgesamt;DG;Deutschland;WZ08G3;WZ2008: Wirtschaftsbereiche der VGR;WZ08-13-01;Textil- und Bekleidungsgewerbe;42845;EUR;VST040;Bruttolöhne und -gehälter je Arbeitnehmer
81000;Volkswirtschaftliche Gesamtrechnungen des Bundes;JAHR;Jahr;2021;DINSG;Deutschland insgesamt;DG;Deutschland;WZ08G3;WZ2008: Wirtschaftsbereiche der VGR;WZ08-49;Landverkehr und Transport in Rohrfernleitungen;33182;EUR;VST040;Bruttolöhne und -gehälter je Arbeitnehmer
81000;Volkswirtschaftliche Gesamtrechnungen des Bundes;JAHR;Jahr;2021;DINSG;Deutschland insgesamt;DG;Deutschland;WZ08G3;WZ2008: Wirtschaftsbereiche der VGR;WZ08-26;H.v. DV-Geräten, elektron. u. opt. Erzeugnissen;58397;EUR;VST040;Bruttolöhne und -gehälter je Arbeitnehmer
81000;Volkswirtschaftliche Gesamtrechnungen des Bundes;JAHR;Jahr;2023;DINSG;Deutschland insgesamt;DG;Deutschland;WZ08G3;WZ2008: Wirtschaftsbereiche der VGR;WZ08-P;Erziehung und Unterricht;43835;EUR;VST040;Bruttolöhne und -gehälter je Arbeitnehmer
81000;Volkswirtschaftliche Gesamtrechnungen des Bundes;JAHR;Jahr;2025;DINSG;Deutschland insgesamt;DG;Deutschland;WZ08G3;WZ2008: Wirtschaftsbereiche der VGR;WZ08-16;H.v. Holz-, Flecht-, Korb-u.Korkwaren (ohne Möbel);...;EUR;VST040;Bruttolöhne und -gehälter je Arbeitnehmer
81000;Volkswirtschaftliche Gesamtrechnungen des Bundes;JAHR;Jahr;2021;DINSG;Deutschland insgesamt;DG;Deutschland;WZ08G3;WZ2008: Wirtschaftsbereiche der VGR;WZ08-M-02;Unternehmensdienstleister;39353;EUR;VST040;Bruttolöhne und -gehälter je Arbeitnehmer
81000;Volkswirtschaftliche Gesamtrechnungen des Bundes;JAHR;Jahr;2022;DINSG;Deutschland insgesamt;DG;Deutschland;WZ08G3;WZ2008: Wirtschaftsbereiche der VGR;WZ08-L;Grundstücks- und Wohnungswesen;41098;EUR;VST040;Bruttolöhne und -gehälter je Arbeitnehmer
81000;Volkswirtschaftliche Gesamtrechnungen des Bundes;JAHR;Jahr;2024;DINSG;Deutschland insgesamt;DG;Deutschland;WZ08G3;WZ2008: Wirtschaftsbereiche der VGR;WZ08-16;H.v. Holz-, Flecht-, Korb-u.Korkwaren (ohne Möbel);46008;EUR;VST040;Bruttolöhne und -gehälter je Arbeitnehmer
81000;Volkswirtschaftliche Gesamtrechnungen des Bundes;JAHR;Jahr;2024;DINSG;Deutschland insgesamt;DG;Deutschland;WZ08G3;WZ2008: Wirtschaftsbereiche der VGR;WZ08-T;Private Haushalte;10756;EUR;VST040;Bruttolöhne und -gehälter je Arbeitnehmer
81000;Volkswirtschaftliche Gesamtrechnungen des Bundes;JAHR;Jahr;2023;DINSG;Deutschland insgesamt;DG;Deutschland;WZ08G3;WZ2008: Wirtschaftsbereiche der VGR;WZ08-27;Herstellung von elektrischen Ausrüstungen;57050;EUR;VST040;Bruttolöhne und -gehälter je Arbeitnehmer
81000;Volkswirtschaftliche Gesamtrechnungen des Bundes;JAHR;Jahr;2023;DINSG;Deutschland insgesamt;DG;Deutschland;WZ08G3;WZ2008: Wirtschaftsbereiche der VGR;WZ08-87-01;Heime und Sozialwesen;28466;EUR;VST040;Bruttolöhne und -gehälter je Arbeitnehmer
81000;Volkswirtschaftliche Gesamtrechnungen des Bundes;JAHR;Jahr;2021;DINSG;Deutschland insgesamt;DG;Deutschland;WZ08G3;WZ2008: Wirtschaftsbereiche der VGR;WZ08-H;Verkehr und Lagerei;34261;EUR;VST040;Bruttolöhne und -gehälter je Arbeitnehmer
81000;Volkswirtschaftliche Gesamtrechnungen des Bundes;JAHR;Jahr;2025;DINSG;Deutschland insgesamt;DG;Deutschland;WZ08G3;WZ2008: Wirtschaftsbereiche der VGR;WZ08-27;Herstellung von elektrischen Ausrüstungen;...;EUR;VST040;Bruttolöhne und -gehälter je Arbeitnehmer
81000;Volkswirtschaftliche Gesamtrechnungen des Bundes;JAHR;Jahr;2024;DINSG;Deutschland insgesamt;DG;Deutschland;WZ08G3;WZ2008: Wirtschaftsbereiche der VGR;WZ08-C;Verarbeitendes Gewerbe;58725;EUR;VST040;Bruttolöhne und -gehälter je Arbeitnehmer
81000;Volkswirtschaftliche Gesamtrechnungen des Bundes;JAHR;Jahr;2024;DINSG;Deutschland insgesamt;DG;Deutschland;WZ08G3;WZ2008: Wirtschaftsbereiche der VGR;WZ08-10-01;Ernährungsgewerbe und Tabakverarbeitung;44023;EUR;VST040;Bruttolöhne und -gehälter je Arbeitnehmer
81000;Volkswirtschaftliche Gesamtrechnungen des Bundes;JAHR;Jahr;2022;DINSG;Deutschland insgesamt;DG;Deutschland;WZ08G3;WZ2008: Wirtschaftsbereiche der VGR;WZ08-69-02;Rechts- und Steuerberatung, Unternehmensberatung;62024;EUR;VST040;Bruttolöhne und -gehälter je Arbeitnehmer
81000;Volkswirtschaftliche Gesamtrechnungen des Bundes;JAHR;Jahr;2024;DINSG;Deutschland insgesamt;DG;Deutschland;WZ08G3;WZ2008: Wirtschaftsbereiche der VGR;WZ08-28;Maschinenbau;63817;EUR;VST040;Bruttolöhne und -gehälter je Arbeitnehmer
81000;Volkswirtschaftliche Gesamtrechnungen des Bundes;JAHR;Jahr;2022;DINSG;Deutschland insgesamt;DG;Deutschland;WZ08G3;WZ2008: Wirtschaftsbereiche der VGR;WZ08-16-01;H.v. Holzwaren, Papier und Druckerzeugnissen;39963;EUR;VST040;Bruttolöhne und -gehälter je Arbeitnehmer
81000;Volkswirtschaftliche Gesamtrechnungen des Bundes;JAHR;Jahr;2022;DINSG;Deutschland insgesamt;DG;Deutschland;WZ08G3;WZ2008: Wirtschaftsbereiche der VGR;WZ08-62-01;IT- und Informationsdienstleister;68832;EUR;VST040;Bruttolöhne und -gehälter je Arbeitnehmer
81000;Volkswirtschaftliche Gesamtrechnungen des Bundes;JAHR;Jahr;2023;DINSG;Deutschland insgesamt;DG;Deutschland;WZ08G3;WZ2008: Wirtschaftsbereiche der VGR;WZ08-16;H.v. Holz-, Flecht-, Korb-u.Korkwaren (ohne Möbel);43992;EUR;VST040;Bruttolöhne und -gehälter je Arbeitnehmer
81000;Volkswirtschaftliche Gesamtrechnungen des Bundes;JAHR;Jahr;2023;DINSG;Deutschland insgesamt;DG;Deutschland;WZ08G3;WZ2008: Wirtschaftsbereiche der VGR;WZ08-O;Öff. Verwaltung, Verteidigung, Sozialversicherung;48331;EUR;VST040;Bruttolöhne und -gehälter je Arbeitnehmer
81000;Volkswirtschaftliche Gesamtrechnungen des Bundes;JAHR;Jahr;2022;DINSG;Deutschland insgesamt;DG;Deutschland;WZ08G3;WZ2008: Wirtschaftsbereiche der VGR;WZ08-A-02;Alle Wirtschaftsbereiche;41043;EUR;VST040;Bruttolöhne und -gehälter je Arbeitnehmer
81000;Volkswirtschaftliche Gesamtrechnungen des Bundes;JAHR;Jahr;2023;DINSG;Deutschland insgesamt;DG;Deutschland;WZ08G3;WZ2008: Wirtschaftsbereiche der VGR;WZ08-58-01;Verlagswesen, audiovisuelle Medien und Rundfunk;56849;EUR;VST040;Bruttolöhne und -gehälter je Arbeitnehmer
81000;Volkswirtschaftliche Gesamtrechnungen des Bundes;JAHR;Jahr;2022;DINSG;Deutschland insgesamt;DG;Deutschland;WZ08G3;WZ2008: Wirtschaftsbereiche der VGR;WZ08-27;Herstellung von elektrischen Ausrüstungen;54000;EUR;VST040;Bruttolöhne und -gehälter je Arbeitnehmer
81000;Volkswirtschaftliche Gesamtrechnungen des Bundes;JAHR;Jahr;2025;DINSG;Deutschland insgesamt;DG;Deutschland;WZ08G3;WZ2008: Wirtschaftsbereiche der VGR;WZ08-73-01;Sonst.freiberufl., wissenschaftl., techn. Dienstl.;...;EUR;VST040;Bruttolöhne und -gehälter je Arbeitnehmer
81000;Volkswirtschaftliche Gesamtrechnungen des Bundes;JAHR;Jahr;2025;DINSG;Deutschland insgesamt;DG;Deutschland;WZ08G3;WZ2008: Wirtschaftsbereiche der VGR;WZ08-H;Verkehr und Lagerei;42439;EUR;VST040;Bruttolöhne und -gehälter je Arbeitnehmer
81000;Volkswirtschaftliche Gesamtrechnungen des Bundes;JAHR;Jahr;2021;DINSG;Deutschland insgesamt;DG;Deutschland;WZ08G3;WZ2008: Wirtschaftsbereiche der VGR;WZ08-27;Herstellung von elektrischen Ausrüstungen;53092;EUR;VST040;Bruttolöhne und -gehälter je Arbeitnehmer
81000;Volkswirtschaftliche Gesamtrechnungen des Bundes;JAHR;Jahr;2023;DINSG;Deutschland insgesamt;DG;Deutschland;WZ08G3;WZ2008: Wirtschaftsbereiche der VGR;WZ08-Q;Gesundheits- und Sozialwesen;35544;EUR;VST040;Bruttolöhne und -gehälter je Arbeitnehmer
81000;Volkswirtschaftliche Gesamtrechnungen des Bundes;JAHR;Jahr;2024;DINSG;Deutschland insgesamt;DG;Deutschland;WZ08G3;WZ2008: Wirtschaftsbereiche der VGR;WZ08-B-05;Produzierendes Gewerbe;55591;EUR;VST040;Bruttolöhne und -gehälter je Arbeitnehmer
81000;Volkswirtschaftliche Gesamtrechnungen des Bundes;JAHR;Jahr;2024;DINSG;Deutschland insgesamt;DG;Deutschland;WZ08G3;WZ2008: Wirtschaftsbereiche der VGR;WZ08-17;Herstellung von Papier, Pappe und Waren daraus;51079;EUR;VST040;Bruttolöhne und -gehälter je Arbeitnehmer
81000;Volkswirtschaftliche Gesamtrechnungen des Bundes;JAHR;Jahr;2022;DINSG;Deutschland insgesamt;DG;Deutschland;WZ08G3;WZ2008: Wirtschaftsbereiche der VGR;WZ08-K;Erbringung v. Finanz- u. Versicherungsdienstleist.;70719;EUR;VST040;Bruttolöhne und -gehälter je Arbeitnehmer
81000;Volkswirtschaftliche Gesamtrechnungen des Bundes;JAHR;Jahr;2023;DINSG;Deutschland insgesamt;DG;Deutschland;WZ08G3;WZ2008: Wirtschaftsbereiche der VGR;WZ08-28;Maschinenbau;61270;EUR;VST040;Bruttolöhne und -gehälter je Arbeitnehmer
81000;Volkswirtschaftliche Gesamtrechnungen des Bundes;JAHR;Jahr;2025;DINSG;Deutschland insgesamt;DG;Deutschland;WZ08G3;WZ2008: Wirtschaftsbereiche der VGR;WZ08-90-01;Kunst und Kultur, Glücksspiel;...;EUR;VST040;Bruttolöhne und -gehälter je Arbeitnehmer
81000;Volkswirtschaftliche Gesamtrechnungen des Bundes;JAHR;Jahr;2022;DINSG;Deutschland insgesamt;DG;Deutschland;WZ08G3;WZ2008: Wirtschaftsbereiche der VGR;WZ08-021;Forstwirtschaft;30559;EUR;VST040;Bruttolöhne und -gehälter je Arbeitnehmer
81000;Volkswirtschaftliche Gesamtrechnungen des Bundes;JAHR;Jahr;2024;DINSG;Deutschland insgesamt;DG;Deutschland;WZ08G3;WZ2008: Wirtschaftsbereiche der VGR;WZ08-93;Dienstleistungen d.Sports,d.Unterhaltg.u.Erholung;36898;EUR;VST040;Bruttolöhne und -gehälter je Arbeitnehmer
81000;Volkswirtschaftliche Gesamtrechnungen des Bundes;JAHR;Jahr;2022;DINSG;Deutschland insgesamt;DG;Deutschland;WZ08G3;WZ2008: Wirtschaftsbereiche der VGR;WZ08-16;H.v. Holz-, Flecht-, Korb-u.Korkwaren (ohne Möbel);41528;EUR;VST040;Bruttolöhne und -gehälter je Arbeitnehmer
81000;Volkswirtschaftliche Gesamtrechnungen des Bundes;JAHR;Jahr;2023;DINSG;Deutschland insgesamt;DG;Deutschland;WZ08G3;WZ2008: Wirtschaftsbereiche der VGR;WZ08-G-04;Dienstleistungsbereiche;40990;EUR;VST040;Bruttolöhne und -gehälter je Arbeitnehmer
81000;Volkswirtschaftliche Gesamtrechnungen des Bundes;JAHR;Jahr;2021;DINSG;Deutschland insgesamt;DG;Deutschland;WZ08G3;WZ2008: Wirtschaftsbereiche der VGR;WZ08-G;Handel, Instandhaltung und Reparatur von Kfz;32894;EUR;VST040;Bruttolöhne und -gehälter je Arbeitnehmer
81000;Volkswirtschaftliche Gesamtrechnungen des Bundes;JAHR;Jahr;2021;DINSG;Deutschland insgesamt;DG;Deutschland;WZ08G3;WZ2008: Wirtschaftsbereiche der VGR;WZ08-16;H.v. Holz-, Flecht-, Korb-u.Korkwaren (ohne Möbel);40384;EUR;VST040;Bruttolöhne und -gehälter je Arbeitnehmer
81000;Volkswirtschaftliche Gesamtrechnungen des Bundes;JAHR;Jahr;2023;DINSG;Deutschland insgesamt;DG;Deutschland;WZ08G3;WZ2008: Wirtschaftsbereiche der VGR;WZ08-37-01;Abwasser-, Abfallentsorgung, Rückgewinnung;47641;EUR;VST040;Bruttolöhne und -gehälter je Arbeitnehmer
81000;Volkswirtschaftliche Gesamtrechnungen des Bundes;JAHR;Jahr;2025;DINSG;Deutschland insgesamt;DG;Deutschland;WZ08G3;WZ2008: Wirtschaftsbereiche der VGR;WZ08-49;Landverkehr und Transport in Rohrfernleitungen;...;EUR;VST040;Bruttolöhne und -gehälter je Arbeitnehmer
81000;Volkswirtschaftliche Gesamtrechnungen des Bundes;JAHR;Jahr;2024;DINSG;Deutschland insgesamt;DG;Deutschland;WZ08G3;WZ2008: Wirtschaftsbereiche der VGR;WZ08-D;Energieversorgung;77782;EUR;VST040;Bruttolöhne und -gehälter je Arbeitnehmer
81000;Volkswirtschaftliche Gesamtrechnungen des Bundes;JAHR;Jahr;2025;DINSG;Deutschland insgesamt;DG;Deutschland;WZ08G3;WZ2008: Wirtschaftsbereiche der VGR;WZ08-26;H.v. DV-Geräten, elektron. u. opt. Erzeugnissen;...;EUR;VST040;Bruttolöhne und -gehälter je Arbeitnehmer
81000;Volkswirtschaftliche Gesamtrechnungen des Bundes;JAHR;Jahr;2022;DINSG;Deutschland insgesamt;DG;Deutschland;WZ08G3;WZ2008: Wirtschaftsbereiche der VGR;WZ08-69-01;Unternehmensnahe Beratungsleistungen;58752;EUR;VST040;Bruttolöhne und -gehälter je Arbeitnehmer
81000;Volkswirtschaftliche Gesamtrechnungen des Bundes;JAHR;Jahr;2024;DINSG;Deutschland insgesamt;DG;Deutschland;WZ08G3;WZ2008: Wirtschaftsbereiche der VGR;WZ08-29;Herstellung von Kraftwagen und Kraftwagenteilen;77136;EUR;VST040;Bruttolöhne und -gehälter je Arbeitnehmer
81000;Volkswirtschaftliche Gesamtrechnungen des Bundes;JAHR;Jahr;2023;DINSG;Deutschland insgesamt;DG;Deutschland;WZ08G3;WZ2008: Wirtschaftsbereiche der VGR;WZ08-93;Dienstleistungen d.Sports,d.Unterhaltg.u.Erholung;35121;EUR;VST040;Bruttolöhne und -gehälter je Arbeitnehmer
81000;Volkswirtschaftliche Gesamtrechnungen des Bundes;JAHR;Jahr;2023;DINSG;Deutschland insgesamt;DG;Deutschland;WZ08G3;WZ2008: Wirtschaftsbereiche der VGR;WZ08-17;Herstellung von Papier, Pappe und Waren daraus;48977;EUR;VST040;Bruttolöhne und -gehälter je Arbeitnehmer
81000;Volkswirtschaftliche Gesamtrechnungen des Bundes;JAHR;Jahr;2022;DINSG;Deutschland insgesamt;DG;Deutschland;WZ08G3;WZ2008: Wirtschaftsbereiche der VGR;WZ08-28;Maschinenbau;57876;EUR;VST040;Bruttolöhne und -gehälter je Arbeitnehmer
81000;Volkswirtschaftliche Gesamtrechnungen des Bundes;JAHR;Jahr;2025;DINSG;Deutschland insgesamt;DG;Deutschland;WZ08G3;WZ2008: Wirtschaftsbereiche der VGR;WZ08-I;Gastgewerbe;25393;EUR;VST040;Bruttolöhne und -gehälter je Arbeitnehmer
81000;Volkswirtschaftliche Gesamtrechnungen des Bundes;JAHR;Jahr;2021;DINSG;Deutschland insgesamt;DG;Deutschland;WZ08G3;WZ2008: Wirtschaftsbereiche der VGR;WZ08-73-01;Sonst.freiberufl., wissenschaftl., techn. Dienstl.;41457;EUR;VST040;Bruttolöhne und -gehälter je Arbeitnehmer
81000;Volkswirtschaftliche Gesamtrechnungen des Bundes;JAHR;Jahr;2023;DINSG;Deutschland insgesamt;DG;Deutschland;WZ08G3;WZ2008: Wirtschaftsbereiche der VGR;WZ08-R;Kunst, Unterhaltung und Erholung;33557;EUR;VST040;Bruttolöhne und -gehälter je Arbeitnehmer
81000;Volkswirtschaftliche Gesamtrechnungen des Bundes;JAHR;Jahr;2025;DINSG;Deutschland insgesamt;DG;Deutschland;WZ08G3;WZ2008: Wirtschaftsbereiche der VGR;WZ08-59-01;Audiovisuelle Medien und Rundfunk;...;EUR;VST040;Bruttolöhne und -gehälter je Arbeitnehmer
81000;Volkswirtschaftliche Gesamtrechnungen des Bundes;JAHR;Jahr;2024;DINSG;Deutschland insgesamt;DG;Deutschland;WZ08G3;WZ2008: Wirtschaftsbereiche der VGR;WZ08-31-02;Herstellung von Möbeln und sonstigen Waren;51954;EUR;VST040;Bruttolöhne und -gehälter je Arbeitnehmer
81000;Volkswirtschaftliche Gesamtrechnungen des Bundes;JAHR;Jahr;2022;DINSG;Deutschland insgesamt;DG;Deutschland;WZ08G3;WZ2008: Wirtschaftsbereiche der VGR;WZ08-J;Information und Kommunikation;66018;EUR;VST040;Bruttolöhne und -gehälter je Arbeitnehmer
81000;Volkswirtschaftliche Gesamtrechnungen des Bundes;JAHR;Jahr;2023;DINSG;Deutschland insgesamt;DG;Deutschland;WZ08G3;WZ2008: Wirtschaftsbereiche der VGR;WZ08-29;Herstellung von Kraftwagen und Kraftwagenteilen;72930;EUR;VST040;Bruttolöhne und -gehälter je Arbeitnehmer
81000;Volkswirtschaftliche Gesamtrechnungen des Bundes;JAHR;Jahr;2021;DINSG;Deutschland insgesamt;DG;Deutschland;WZ08G3;WZ2008: Wirtschaftsbereiche der VGR;WZ08-28;Maschinenbau;56487;EUR;VST040;Bruttolöhne und -gehälter je Arbeitnehmer
81000;Volkswirtschaftliche Gesamtrechnungen des Bundes;JAHR;Jahr;2024;DINSG;Deutschland insgesamt;DG;Deutschland;WZ08G3;WZ2008: Wirtschaftsbereiche der VGR;WZ08-R;Kunst, Unterhaltung und Erholung;35437;EUR;VST040;Bruttolöhne und -gehälter je Arbeitnehmer
81000;Volkswirtschaftliche Gesamtrechnungen des Bundes;JAHR;Jahr;2022;DINSG;Deutschland insgesamt;DG;Deutschland;WZ08G3;WZ2008: Wirtschaftsbereiche der VGR;WZ08-36;Wasserversorgung;46735;EUR;VST040;Bruttolöhne und -gehälter je Arbeitnehmer
81000;Volkswirtschaftliche Gesamtrechnungen des Bundes;JAHR;Jahr;2023;DINSG;Deutschland insgesamt;DG;Deutschland;WZ08G3;WZ2008: Wirtschaftsbereiche der VGR;WZ08-B-18;Produzierendes Gewerbe ohne Baugewerbe;56410;EUR;VST040;Bruttolöhne und -gehälter je Arbeitnehmer
81000;Volkswirtschaftliche Gesamtrechnungen des Bundes;JAHR;Jahr;2024;DINSG;Deutschland insgesamt;DG;Deutschland;WZ08G3;WZ2008: Wirtschaftsbereiche der VGR;WZ08-G-01;Handel, Verkehr, Gastgewerbe;36851;EUR;VST040;Bruttolöhne und -gehälter je Arbeitnehmer
81000;Volkswirtschaftliche Gesamtrechnungen des Bundes;JAHR;Jahr;2021;DINSG;Deutschland insgesamt;DG;Deutschland;WZ08G3;WZ2008: Wirtschaftsbereiche der VGR;WZ08-74-01;Freiberufl.,wiss.,techn.DL a.n.g., Veterinärwesen;43047;EUR;VST040;Bruttolöhne und -gehälter je Arbeitnehmer
81000;Volkswirtschaftliche Gesamtrechnungen des Bundes;JAHR;Jahr;2025;DINSG;Deutschland insgesamt;DG;Deutschland;WZ08G3;WZ2008: Wirtschaftsbereiche der VGR;WZ08-25;Herstellung von Metallerzeugnissen;...;EUR;VST040;Bruttolöhne und -gehälter je Arbeitnehmer
81000;Volkswirtschaftliche Gesamtrechnungen des Bundes;JAHR;Jahr;2021;DINSG;Deutschland insgesamt;DG;Deutschland;WZ08G3;WZ2008: Wirtschaftsbereiche der VGR;WZ08-93;Dienstleistungen d.Sports,d.Unterhaltg.u.Erholung;29936;EUR;VST040;Bruttolöhne und -gehälter je Arbeitnehmer
81000;Volkswirtschaftliche Gesamtrechnungen des Bundes;JAHR;Jahr;2024;DINSG;Deutschland insgesamt;DG;Deutschland;WZ08G3;WZ2008: Wirtschaftsbereiche der VGR;WZ08-29-01;Fahrzeugbau;76974;EUR;VST040;Bruttolöhne und -gehälter je Arbeitnehmer
81000;Volkswirtschaftliche Gesamtrechnungen des Bundes;JAHR;Jahr;2023;DINSG;Deutschland insgesamt;DG;Deutschland;WZ08G3;WZ2008: Wirtschaftsbereiche der VGR;WZ08-021;Forstwirtschaft;30657;EUR;VST040;Bruttolöhne und -gehälter je Arbeitnehmer
81000;Volkswirtschaftliche Gesamtrechnungen des Bundes;JAHR;Jahr;2021;DINSG;Deutschland insgesamt;DG;Deutschland;WZ08G3;WZ2008: Wirtschaftsbereiche der VGR;WZ08-J;Information und Kommunikation;63802;EUR;VST040;Bruttolöhne und -gehälter je Arbeitnehmer
81000;Volkswirtschaftliche Gesamtrechnungen des Bundes;JAHR;Jahr;2024;DINSG;Deutschland insgesamt;DG;Deutschland;WZ08G3;WZ2008: Wirtschaftsbereiche der VGR;WZ08-A;Land- und Forstwirtschaft, Fischerei;24000;EUR;VST040;Bruttolöhne und -gehälter je Arbeitnehmer
81000;Volkswirtschaftliche Gesamtrechnungen des Bundes;JAHR;Jahr;2024;DINSG;Deutschland insgesamt;DG;Deutschland;WZ08G3;WZ2008: Wirtschaftsbereiche der VGR;WZ08-49;Landverkehr und Transport in Rohrfernleitungen;39768;EUR;VST040;Bruttolöhne und -gehälter je Arbeitnehmer
81000;Volkswirtschaftliche Gesamtrechnungen des Bundes;JAHR;Jahr;2022;DINSG;Deutschland insgesamt;DG;Deutschland;WZ08G3;WZ2008: Wirtschaftsbereiche der VGR;WZ08-24-01;Metallgewerbe;47669;EUR;VST040;Bruttolöhne und -gehälter je Arbeitnehmer
81000;Volkswirtschaftliche Gesamtrechnungen des Bundes;JAHR;Jahr;2023;DINSG;Deutschland insgesamt;DG;Deutschland;WZ08G3;WZ2008: Wirtschaftsbereiche der VGR;WZ08-A;Land- und Forstwirtschaft, Fischerei;22966;EUR;VST040;Bruttolöhne und -gehälter je Arbeitnehmer
81000;Volkswirtschaftliche Gesamtrechnungen des Bundes;JAHR;Jahr;2024;DINSG;Deutschland insgesamt;DG;Deutschland;WZ08G3;WZ2008: Wirtschaftsbereiche der VGR;WZ08-26;H.v. DV-Geräten, elektron. u. opt. Erzeugnissen;65793;EUR;VST040;Bruttolöhne und -gehälter je Arbeitnehmer
81000;Volkswirtschaftliche Gesamtrechnungen des Bundes;JAHR;Jahr;2023;DINSG;Deutschland insgesamt;DG;Deutschland;WZ08G3;WZ2008: Wirtschaftsbereiche der VGR;WZ08-71;Architektur-,Ing.büros,techn.,physik.Untersuchung;56277;EUR;VST040;Bruttolöhne und -gehälter je Arbeitnehmer
81000;Volkswirtschaftliche Gesamtrechnungen des Bundes;JAHR;Jahr;2023;DINSG;Deutschland insgesamt;DG;Deutschland;WZ08G3;WZ2008: Wirtschaftsbereiche der VGR;WZ08-94;Interessenvertr., kirchl. u. sonst. Vereinigungen;37654;EUR;VST040;Bruttolöhne und -gehälter je Arbeitnehmer
81000;Volkswirtschaftliche Gesamtrechnungen des Bundes;JAHR;Jahr;2021;DINSG;Deutschland insgesamt;DG;Deutschland;WZ08G3;WZ2008: Wirtschaftsbereiche der VGR;WZ08-17;Herstellung von Papier, Pappe und Waren daraus;45436;EUR;VST040;Bruttolöhne und -gehälter je Arbeitnehmer
81000;Volkswirtschaftliche Gesamtrechnungen des Bundes;JAHR;Jahr;2023;DINSG;Deutschland insgesamt;DG;Deutschland;WZ08G3;WZ2008: Wirtschaftsbereiche der VGR;WZ08-18;H.v. Druckerz., Vervielf.v.Ton-,Bild-,Datenträgern;33118;EUR;VST040;Bruttolöhne und -gehälter je Arbeitnehmer
81000;Volkswirtschaftliche Gesamtrechnungen des Bundes;JAHR;Jahr;2024;DINSG;Deutschland insgesamt;DG;Deutschland;WZ08G3;WZ2008: Wirtschaftsbereiche der VGR;WZ08-80-01;Unternehmensdienstleister a.n.g.;30918;EUR;VST040;Bruttolöhne und -gehälter je Arbeitnehmer
81000;Volkswirtschaftliche Gesamtrechnungen des Bundes;JAHR;Jahr;2022;DINSG;Deutschland insgesamt;DG;Deutschland;WZ08G3;WZ2008: Wirtschaftsbereiche der VGR;WZ08-25;Herstellung von Metallerzeugnissen;46305;EUR;VST040;Bruttolöhne und -gehälter je Arbeitnehmer
81000;Volkswirtschaftliche Gesamtrechnungen des Bundes;JAHR;Jahr;2023;DINSG;Deutschland insgesamt;DG;Deutschland;WZ08G3;WZ2008: Wirtschaftsbereiche der VGR;WZ08-16-01;H.v. Holzwaren, Papier und Druckerzeugnissen;42486;EUR;VST040;Bruttolöhne und -gehälter je Arbeitnehmer
81000;Volkswirtschaftliche Gesamtrechnungen des Bundes;JAHR;Jahr;2025;DINSG;Deutschland insgesamt;DG;Deutschland;WZ08G3;WZ2008: Wirtschaftsbereiche der VGR;WZ08-J;Information und Kommunikation;79192;EUR;VST040;Bruttolöhne und -gehälter je Arbeitnehmer
81000;Volkswirtschaftliche Gesamtrechnungen des Bundes;JAHR;Jahr;2023;DINSG;Deutschland insgesamt;DG;Deutschland;WZ08G3;WZ2008: Wirtschaftsbereiche der VGR;WZ08-S;Erbringung von sonstigen Dienstleistungen;33620;EUR;VST040;Bruttolöhne und -gehälter je Arbeitnehmer
81000;Volkswirtschaftliche Gesamtrechnungen des Bundes;JAHR;Jahr;2025;DINSG;Deutschland insgesamt;DG;Deutschland;WZ08G3;WZ2008: Wirtschaftsbereiche der VGR;WZ08-36;Wasserversorgung;...;EUR;VST040;Bruttolöhne und -gehälter je Arbeitnehmer
81000;Volkswirtschaftliche Gesamtrechnungen des Bundes;JAHR;Jahr;2023;DINSG;Deutschland insgesamt;DG;Deutschland;WZ08G3;WZ2008: Wirtschaftsbereiche der VGR;WZ08-031;Fischerei;25000;EUR;VST040;Bruttolöhne und -gehälter je Arbeitnehmer
81000;Volkswirtschaftliche Gesamtrechnungen des Bundes;JAHR;Jahr;2024;DINSG;Deutschland insgesamt;DG;Deutschland;WZ08G3;WZ2008: Wirtschaftsbereiche der VGR;WZ08-13-01;Textil- und Bekleidungsgewerbe;44540;EUR;VST040;Bruttolöhne und -gehälter je Arbeitnehmer
81000;Volkswirtschaftliche Gesamtrechnungen des Bundes;JAHR;Jahr;2022;DINSG;Deutschland insgesamt;DG;Deutschland;WZ08G3;WZ2008: Wirtschaftsbereiche der VGR;WZ08-87-01;Heime und Sozialwesen;26629;EUR;VST040;Bruttolöhne und -gehälter je Arbeitnehmer
81000;Volkswirtschaftliche Gesamtrechnungen des Bundes;JAHR;Jahr;2024;DINSG;Deutschland insgesamt;DG;Deutschland;WZ08G3;WZ2008: Wirtschaftsbereiche der VGR;WZ08-31-01;Möbelherstellung, Installation von Maschinen;56208;EUR;VST040;Bruttolöhne und -gehälter je Arbeitnehmer
81000;Volkswirtschaftliche Gesamtrechnungen des Bundes;JAHR;Jahr;2022;DINSG;Deutschland insgesamt;DG;Deutschland;WZ08G3;WZ2008: Wirtschaftsbereiche der VGR;WZ08-I;Gastgewerbe;21384;EUR;VST040;Bruttolöhne und -gehälter je Arbeitnehmer
81000;Volkswirtschaftliche Gesamtrechnungen des Bundes;JAHR;Jahr;2024;DINSG;Deutschland insgesamt;DG;Deutschland;WZ08G3;WZ2008: Wirtschaftsbereiche der VGR;WZ08-S;Erbringung von sonstigen Dienstleistungen;34817;EUR;VST040;Bruttolöhne und -gehälter je Arbeitnehmer
81000;Volkswirtschaftliche Gesamtrechnungen des Bundes;JAHR;Jahr;2021;DINSG;Deutschland insgesamt;DG;Deutschland;WZ08G3;WZ2008: Wirtschaftsbereiche der VGR;WZ08-29;Herstellung von Kraftwagen und Kraftwagenteilen;63980;EUR;VST040;Bruttolöhne und -gehälter je Arbeitnehmer
81000;Volkswirtschaftliche Gesamtrechnungen des Bundes;JAHR;Jahr;2024;DINSG;Deutschland insgesamt;DG;Deutschland;WZ08G3;WZ2008: Wirtschaftsbereiche der VGR;WZ08-M-02;Unternehmensdienstleister;48275;EUR;VST040;Bruttolöhne und -gehälter je Arbeitnehmer
81000;Volkswirtschaftliche Gesamtrechnungen des Bundes;JAHR;Jahr;2021;DINSG;Deutschland insgesamt;DG;Deutschland;WZ08G3;WZ2008: Wirtschaftsbereiche der VGR;WZ08-I;Gastgewerbe;17305;EUR;VST040;Bruttolöhne und -gehälter je Arbeitnehmer
81000;Volkswirtschaftliche Gesamtrechnungen des Bundes;JAHR;Jahr;2023;DINSG;Deutschland insgesamt;DG;Deutschland;WZ08G3;WZ2008: Wirtschaftsbereiche der VGR;WZ08-19;Kokerei und Mineralölverarbeitung;80450;EUR;VST040;Bruttolöhne und -gehälter je Arbeitnehmer
81000;Volkswirtschaftliche Gesamtrechnungen des Bundes;JAHR;Jahr;2025;DINSG;Deutschland insgesamt;DG;Deutschland;WZ08G3;WZ2008: Wirtschaftsbereiche der VGR;WZ08-01;Landwirtschaft, Jagd und verbundene Tätigkeiten;...;EUR;VST040;Bruttolöhne und -gehälter je Arbeitnehmer
81000;Volkswirtschaftliche Gesamtrechnungen des Bundes;JAHR;Jahr;2021;DINSG;Deutschland insgesamt;DG;Deutschland;WZ08G3;WZ2008: Wirtschaftsbereiche der VGR;WZ08-71;Architektur-,Ing.büros,techn.,physik.Untersuchung;50645;EUR;VST040;Bruttolöhne und -gehälter je Arbeitnehmer
81000;Volkswirtschaftliche Gesamtrechnungen des Bundes;JAHR;Jahr;2025;DINSG;Deutschland insgesamt;DG;Deutschland;WZ08G3;WZ2008: Wirtschaftsbereiche der VGR;WZ08-24;Metallerzeugung und -bearbeitung;...;EUR;VST040;Bruttolöhne und -gehälter je Arbeitnehmer
81000;Volkswirtschaftliche Gesamtrechnungen des Bundes;JAHR;Jahr;2022;DINSG;Deutschland insgesamt;DG;Deutschland;WZ08G3;WZ2008: Wirtschaftsbereiche der VGR;WZ08-58-01;Verlagswesen, audiovisuelle Medien und Rundfunk;54290;EUR;VST040;Bruttolöhne und -gehälter je Arbeitnehmer
81000;Volkswirtschaftliche Gesamtrechnungen des Bundes;JAHR;Jahr;2021;DINSG;Deutschland insgesamt;DG;Deutschland;WZ08G3;WZ2008: Wirtschaftsbereiche der VGR;WZ08-94;Interessenvertr., kirchl. u. sonst. Vereinigungen;35467;EUR;VST040;Bruttolöhne und -gehälter je Arbeitnehmer
81000;Volkswirtschaftliche Gesamtrechnungen des Bundes;JAHR;Jahr;2025;DINSG;Deutschland insgesamt;DG;Deutschland;WZ08G3;WZ2008: Wirtschaftsbereiche der VGR;WZ08-47;Einzelhandel (ohne Handel mit Kraftfahrzeugen);...;EUR;VST040;Bruttolöhne und -gehälter je Arbeitnehmer
81000;Volkswirtschaftliche Gesamtrechnungen des Bundes;JAHR;Jahr;2024;DINSG;Deutschland insgesamt;DG;Deutschland;WZ08G3;WZ2008: Wirtschaftsbereiche der VGR;WZ08-B;Bergbau und Gewinnung von Steinen und Erden;59053;EUR;VST040;Bruttolöhne und -gehälter je Arbeitnehmer
81000;Volkswirtschaftliche Gesamtrechnungen des Bundes;JAHR;Jahr;2024;DINSG;Deutschland insgesamt;DG;Deutschland;WZ08G3;WZ2008: Wirtschaftsbereiche der VGR;WZ08-27;Herstellung von elektrischen Ausrüstungen;59178;EUR;VST040;Bruttolöhne und -gehälter je Arbeitnehmer
81000;Volkswirtschaftliche Gesamtrechnungen des Bundes;JAHR;Jahr;2023;DINSG;Deutschland insgesamt;DG;Deutschland;WZ08G3;WZ2008: Wirtschaftsbereiche der VGR;WZ08-B;Bergbau und Gewinnung von Steinen und Erden;57333;EUR;VST040;Bruttolöhne und -gehälter je Arbeitnehmer
81000;Volkswirtschaftliche Gesamtrechnungen des Bundes;JAHR;Jahr;2023;DINSG;Deutschland insgesamt;DG;Deutschland;WZ08G3;WZ2008: Wirtschaftsbereiche der VGR;WZ08-72;Forschung und Entwicklung;63162;EUR;VST040;Bruttolöhne und -gehälter je Arbeitnehmer
81000;Volkswirtschaftliche Gesamtrechnungen des Bundes;JAHR;Jahr;2021;DINSG;Deutschland insgesamt;DG;Deutschland;WZ08G3;WZ2008: Wirtschaftsbereiche der VGR;WZ08-18;H.v. Druckerz., Vervielf.v.Ton-,Bild-,Datenträgern;29736;EUR;VST040;Bruttolöhne und -gehälter je Arbeitnehmer
81000;Volkswirtschaftliche Gesamtrechnungen des Bundes;JAHR;Jahr;2023;DINSG;Deutschland insgesamt;DG;Deutschland;WZ08G3;WZ2008: Wirtschaftsbereiche der VGR;WZ08-95;Reparatur von DV-Geräten und Gebrauchsgütern;34967;EUR;VST040;Bruttolöhne und -gehälter je Arbeitnehmer
81000;Volkswirtschaftliche Gesamtrechnungen des Bundes;JAHR;Jahr;2022;DINSG;Deutschland insgesamt;DG;Deutschland;WZ08G3;WZ2008: Wirtschaftsbereiche der VGR;WZ08-26;H.v. DV-Geräten, elektron. u. opt. Erzeugnissen;59334;EUR;VST040;Bruttolöhne und -gehälter je Arbeitnehmer
81000;Volkswirtschaftliche Gesamtrechnungen des Bundes;JAHR;Jahr;2021;DINSG;Deutschland insgesamt;DG;Deutschland;WZ08G3;WZ2008: Wirtschaftsbereiche der VGR;WZ08-31-02;Herstellung von Möbeln und sonstigen Waren;45138;EUR;VST040;Bruttolöhne und -gehälter je Arbeitnehmer
81000;Volkswirtschaftliche Gesamtrechnungen des Bundes;JAHR;Jahr;2022;DINSG;Deutschland insgesamt;DG;Deutschland;WZ08G3;WZ2008: Wirtschaftsbereiche der VGR;WZ08-49;Landverkehr und Transport in Rohrfernleitungen;34502;EUR;VST040;Bruttolöhne und -gehälter je Arbeitnehmer
81000;Volkswirtschaftliche Gesamtrechnungen des Bundes;JAHR;Jahr;2023;DINSG;Deutschland insgesamt;DG;Deutschland;WZ08G3;WZ2008: Wirtschaftsbereiche der VGR;WZ08-10-01;Ernährungsgewerbe und Tabakverarbeitung;41320;EUR;VST040;Bruttolöhne und -gehälter je Arbeitnehmer
81000;Volkswirtschaftliche Gesamtrechnungen des Bundes;JAHR;Jahr;2024;DINSG;Deutschland insgesamt;DG;Deutschland;WZ08G3;WZ2008: Wirtschaftsbereiche der VGR;WZ08-22-01;H.v. Gummi-, Kunststoff-, Glaswaren, Keramik u.Ä.;49847;EUR;VST040;Bruttolöhne und -gehälter je Arbeitnehmer
81000;Volkswirtschaftliche Gesamtrechnungen des Bundes;JAHR;Jahr;2021;DINSG;Deutschland insgesamt;DG;Deutschland;WZ08G3;WZ2008: Wirtschaftsbereiche der VGR;WZ08-45;Kfz-Handel, Instandhaltung und Reparatur von Kfz;34805;EUR;VST040;Bruttolöhne und -gehälter je Arbeitnehmer
81000;Volkswirtschaftliche Gesamtrechnungen des Bundes;JAHR;Jahr;2021;DINSG;Deutschland insgesamt;DG;Deutschland;WZ08G3;WZ2008: Wirtschaftsbereiche der VGR;WZ08-22;Herstellung von Gummi- und Kunststoffwaren;43052;EUR;VST040;Bruttolöhne und -gehälter je Arbeitnehmer
81000;Volkswirtschaftliche Gesamtrechnungen des Bundes;JAHR;Jahr;2022;DINSG;Deutschland insgesamt;DG;Deutschland;WZ08G3;WZ2008: Wirtschaftsbereiche der VGR;WZ08-19;Kokerei und Mineralölverarbeitung;78632;EUR;VST040;Bruttolöhne und -gehälter je Arbeitnehmer
81000;Volkswirtschaftliche Gesamtrechnungen des Bundes;JAHR;Jahr;2025;DINSG;Deutschland insgesamt;DG;Deutschland;WZ08G3;WZ2008: Wirtschaftsbereiche der VGR;WZ08-50;Schifffahrt;...;EUR;VST040;Bruttolöhne und -gehälter je Arbeitnehmer
81000;Volkswirtschaftliche Gesamtrechnungen des Bundes;JAHR;Jahr;2022;DINSG;Deutschland insgesamt;DG;Deutschland;WZ08G3;WZ2008: Wirtschaftsbereiche der VGR;WZ08-29-01;Fahrzeugbau;67321;EUR;VST040;Bruttolöhne und -gehälter je Arbeitnehmer
81000;Volkswirtschaftliche Gesamtrechnungen des Bundes;JAHR;Jahr;2025;DINSG;Deutschland insgesamt;DG;Deutschland;WZ08G3;WZ2008: Wirtschaftsbereiche der VGR;WZ08-K;Erbringung v. Finanz- u. Versicherungsdienstleist.;84587;EUR;VST040;Bruttolöhne und -gehälter je Arbeitnehmer
81000;Volkswirtschaftliche Gesamtrechnungen des Bundes;JAHR;Jahr;2025;DINSG;Deutschland insgesamt;DG;Deutschland;WZ08G3;WZ2008: Wirtschaftsbereiche der VGR;WZ08-73;Werbung und Marktforschung;...;EUR;VST040;Bruttolöhne und -gehälter je Arbeitnehmer
81000;Volkswirtschaftliche Gesamtrechnungen des Bundes;JAHR;Jahr;2025;DINSG;Deutschland insgesamt;DG;Deutschland;WZ08G3;WZ2008: Wirtschaftsbereiche der VGR;WZ08-96;Sonstige überwiegend persönliche Dienstleistungen;...;EUR;VST040;Bruttolöhne und -gehälter je Arbeitnehmer
81000;Volkswirtschaftliche Gesamtrechnungen des Bundes;JAHR;Jahr;2024;DINSG;Deutschland insgesamt;DG;Deutschland;WZ08G3;WZ2008: Wirtschaftsbereiche der VGR;WZ08-87-01;Heime und Sozialwesen;30188;EUR;VST040;Bruttolöhne und -gehälter je Arbeitnehmer
81000;Volkswirtschaftliche Gesamtrechnungen des Bundes;JAHR;Jahr;2021;DINSG;Deutschland insgesamt;DG;Deutschland;WZ08G3;WZ2008: Wirtschaftsbereiche der VGR;WZ08-A-02;Alle Wirtschaftsbereiche;39317;EUR;VST040;Bruttolöhne und -gehälter je Arbeitnehmer
81000;Volkswirtschaftliche Gesamtrechnungen des Bundes;JAHR;Jahr;2022;DINSG;Deutschland insgesamt;DG;Deutschland;WZ08G3;WZ2008: Wirtschaftsbereiche der VGR;WZ08-72;Forschung und Entwicklung;62570;EUR;VST040;Bruttolöhne und -gehälter je Arbeitnehmer
81000;Volkswirtschaftliche Gesamtrechnungen des Bundes;JAHR;Jahr;2022;DINSG;Deutschland insgesamt;DG;Deutschland;WZ08G3;WZ2008: Wirtschaftsbereiche der VGR;WZ08-95;Reparatur von DV-Geräten und Gebrauchsgütern;32645;EUR;VST040;Bruttolöhne und -gehälter je Arbeitnehmer
81000;Volkswirtschaftliche Gesamtrechnungen des Bundes;JAHR;Jahr;2024;DINSG;Deutschland insgesamt;DG;Deutschland;WZ08G3;WZ2008: Wirtschaftsbereiche der VGR;WZ08-58;Verlagswesen;57779;EUR;VST040;Bruttolöhne und -gehälter je Arbeitnehmer
81000;Volkswirtschaftliche Gesamtrechnungen des Bundes;JAHR;Jahr;2022;DINSG;Deutschland insgesamt;DG;Deutschland;WZ08G3;WZ2008: Wirtschaftsbereiche der VGR;WZ08-H;Verkehr und Lagerei;35463;EUR;VST040;Bruttolöhne und -gehälter je Arbeitnehmer
81000;Volkswirtschaftliche Gesamtrechnungen des Bundes;JAHR;Jahr;2023;DINSG;Deutschland insgesamt;DG;Deutschland;WZ08G3;WZ2008: Wirtschaftsbereiche der VGR;WZ08-61;Telekommunikation;71547;EUR;VST040;Bruttolöhne und -gehälter je Arbeitnehmer
81000;Volkswirtschaftliche Gesamtrechnungen des Bundes;JAHR;Jahr;2022;DINSG;Deutschland insgesamt;DG;Deutschland;WZ08G3;WZ2008: Wirtschaftsbereiche der VGR;WZ08-80-01;Unternehmensdienstleister a.n.g.;27112;EUR;VST040;Bruttolöhne und -gehälter je Arbeitnehmer
81000;Volkswirtschaftliche Gesamtrechnungen des Bundes;JAHR;Jahr;2023;DINSG;Deutschland insgesamt;DG;Deutschland;WZ08G3;WZ2008: Wirtschaftsbereiche der VGR;WZ08-31-01;Möbelherstellung, Installation von Maschinen;53212;EUR;VST040;Bruttolöhne und -gehälter je Arbeitnehmer
81000;Volkswirtschaftliche Gesamtrechnungen des Bundes;JAHR;Jahr;2025;DINSG;Deutschland insgesamt;DG;Deutschland;WZ08G3;WZ2008: Wirtschaftsbereiche der VGR;WZ08-61;Telekommunikation;...;EUR;VST040;Bruttolöhne und -gehälter je Arbeitnehmer
81000;Volkswirtschaftliche Gesamtrechnungen des Bundes;JAHR;Jahr;2022;DINSG;Deutschland insgesamt;DG;Deutschland;WZ08G3;WZ2008: Wirtschaftsbereiche der VGR;WZ08-M-02;Unternehmensdienstleister;42245;EUR;VST040;Bruttolöhne und -gehälter je Arbeitnehmer
81000;Volkswirtschaftliche Gesamtrechnungen des Bundes;JAHR;Jahr;2025;DINSG;Deutschland insgesamt;DG;Deutschland;WZ08G3;WZ2008: Wirtschaftsbereiche der VGR;WZ08-24-01;Metallgewerbe;...;EUR;VST040;Bruttolöhne und -gehälter je Arbeitnehmer
81000;Volkswirtschaftliche Gesamtrechnungen des Bundes;JAHR;Jahr;2024;DINSG;Deutschland insgesamt;DG;Deutschland;WZ08G3;WZ2008: Wirtschaftsbereiche der VGR;WZ08-G;Handel, Instandhaltung und Reparatur von Kfz;39032;EUR;VST040;Bruttolöhne und -gehälter je Arbeitnehmer
81000;Volkswirtschaftliche Gesamtrechnungen des Bundes;JAHR;Jahr;2021;DINSG;Deutschland insgesamt;DG;Deutschland;WZ08G3;WZ2008: Wirtschaftsbereiche der VGR;WZ08-L;Grundstücks- und Wohnungswesen;38977;EUR;VST040;Bruttolöhne und -gehälter je Arbeitnehmer
81000;Volkswirtschaftliche Gesamtrechnungen des Bundes;JAHR;Jahr;2025;DINSG;Deutschland insgesamt;DG;Deutschland;WZ08G3;WZ2008: Wirtschaftsbereiche der VGR;WZ08-O-03;Öffentliche Dienstleister, Erziehung, Gesundheit;44600;EUR;VST040;Bruttolöhne und -gehälter je Arbeitnehmer
81000;Volkswirtschaftliche Gesamtrechnungen des Bundes;JAHR;Jahr;2025;DINSG;Deutschland insgesamt;DG;Deutschland;WZ08G3;WZ2008: Wirtschaftsbereiche der VGR;WZ08-22-01;H.v. Gummi-, Kunststoff-, Glaswaren, Keramik u.Ä.;...;EUR;VST040;Bruttolöhne und -gehälter je Arbeitnehmer
81000;Volkswirtschaftliche Gesamtrechnungen des Bundes;JAHR;Jahr;2024;DINSG;Deutschland insgesamt;DG;Deutschland;WZ08G3;WZ2008: Wirtschaftsbereiche der VGR;WZ08-01;Landwirtschaft, Jagd und verbundene Tätigkeiten;23032;EUR;VST040;Bruttolöhne und -gehälter je Arbeitnehmer
81000;Volkswirtschaftliche Gesamtrechnungen des Bundes;JAHR;Jahr;2023;DINSG;Deutschland insgesamt;DG;Deutschland;WZ08G3;WZ2008: Wirtschaftsbereiche der VGR;WZ08-50;Schifffahrt;59200;EUR;VST040;Bruttolöhne und -gehälter je Arbeitnehmer
81000;Volkswirtschaftliche Gesamtrechnungen des Bundes;JAHR;Jahr;2024;DINSG;Deutschland insgesamt;DG;Deutschland;WZ08G3;WZ2008: Wirtschaftsbereiche der VGR;WZ08-24;Metallerzeugung und -bearbeitung;57346;EUR;VST040;Bruttolöhne und -gehälter je Arbeitnehmer
81000;Volkswirtschaftliche Gesamtrechnungen des Bundes;JAHR;Jahr;2024;DINSG;Deutschland insgesamt;DG;Deutschland;WZ08G3;WZ2008: Wirtschaftsbereiche der VGR;WZ08-47;Einzelhandel (ohne Handel mit Kraftfahrzeugen);29274;EUR;VST040;Bruttolöhne und -gehälter je Arbeitnehmer
81000;Volkswirtschaftliche Gesamtrechnungen des Bundes;JAHR;Jahr;2022;DINSG;Deutschland insgesamt;DG;Deutschland;WZ08G3;WZ2008: Wirtschaftsbereiche der VGR;WZ08-61;Telekommunikation;67717;EUR;VST040;Bruttolöhne und -gehälter je Arbeitnehmer
81000;Volkswirtschaftliche Gesamtrechnungen des Bundes;JAHR;Jahr;2023;DINSG;Deutschland insgesamt;DG;Deutschland;WZ08G3;WZ2008: Wirtschaftsbereiche der VGR;WZ08-74-01;Freiberufl.,wiss.,techn.DL a.n.g., Veterinärwesen;47861;EUR;VST040;Bruttolöhne und -gehälter je Arbeitnehmer
81000;Volkswirtschaftliche Gesamtrechnungen des Bundes;JAHR;Jahr;2022;DINSG;Deutschland insgesamt;DG;Deutschland;WZ08G3;WZ2008: Wirtschaftsbereiche der VGR;WZ08-G-04;Dienstleistungsbereiche;38457;EUR;VST040;Bruttolöhne und -gehälter je Arbeitnehmer
81000;Volkswirtschaftliche Gesamtrechnungen des Bundes;JAHR;Jahr;2023;DINSG;Deutschland insgesamt;DG;Deutschland;WZ08G3;WZ2008: Wirtschaftsbereiche der VGR;WZ08-73;Werbung und Marktforschung;48846;EUR;VST040;Bruttolöhne und -gehälter je Arbeitnehmer
81000;Volkswirtschaftliche Gesamtrechnungen des Bundes;JAHR;Jahr;2023;DINSG;Deutschland insgesamt;DG;Deutschland;WZ08G3;WZ2008: Wirtschaftsbereiche der VGR;WZ08-96;Sonstige überwiegend persönliche Dienstleistungen;26773;EUR;VST040;Bruttolöhne und -gehälter je Arbeitnehmer
81000;Volkswirtschaftliche Gesamtrechnungen des Bundes;JAHR;Jahr;2023;DINSG;Deutschland insgesamt;DG;Deutschland;WZ08G3;WZ2008: Wirtschaftsbereiche der VGR;WZ08-B-05;Produzierendes Gewerbe;52998;EUR;VST040;Bruttolöhne und -gehälter je Arbeitnehmer
81000;Volkswirtschaftliche Gesamtrechnungen des Bundes;JAHR;Jahr;2023;DINSG;Deutschland insgesamt;DG;Deutschland;WZ08G3;WZ2008: Wirtschaftsbereiche der VGR;WZ08-K;Erbringung v. Finanz- u. Versicherungsdienstleist.;75235;EUR;VST040;Bruttolöhne und -gehälter je Arbeitnehmer
81000;Volkswirtschaftliche Gesamtrechnungen des Bundes;JAHR;Jahr;2021;DINSG;Deutschland insgesamt;DG;Deutschland;WZ08G3;WZ2008: Wirtschaftsbereiche der VGR;WZ08-23;H.v.Glas,-waren,Keramik,Verarb. v.Steinen u.Erden;45668;EUR;VST040;Bruttolöhne und -gehälter je Arbeitnehmer
81000;Volkswirtschaftliche Gesamtrechnungen des Bundes;JAHR;Jahr;2025;DINSG;Deutschland insgesamt;DG;Deutschland;WZ08G3;WZ2008: Wirtschaftsbereiche der VGR;WZ08-72;Forschung und Entwicklung;...;EUR;VST040;Bruttolöhne und -gehälter je Arbeitnehmer
81000;Volkswirtschaftliche Gesamtrechnungen des Bundes;JAHR;Jahr;2025;DINSG;Deutschland insgesamt;DG;Deutschland;WZ08G3;WZ2008: Wirtschaftsbereiche der VGR;WZ08-95;Reparatur von DV-Geräten und Gebrauchsgütern;...;EUR;VST040;Bruttolöhne und -gehälter je Arbeitnehmer
81000;Volkswirtschaftliche Gesamtrechnungen des Bundes;JAHR;Jahr;2025;DINSG;Deutschland insgesamt;DG;Deutschland;WZ08G3;WZ2008: Wirtschaftsbereiche der VGR;WZ08-L;Grundstücks- und Wohnungswesen;47716;EUR;VST040;Bruttolöhne und -gehälter je Arbeitnehmer
81000;Volkswirtschaftliche Gesamtrechnungen des Bundes;JAHR;Jahr;2021;DINSG;Deutschland insgesamt;DG;Deutschland;WZ08G3;WZ2008: Wirtschaftsbereiche der VGR;WZ08-46;Großhandel (ohne Handel mit Kraftfahrzeugen);46554;EUR;VST040;Bruttolöhne und -gehälter je Arbeitnehmer
81000;Volkswirtschaftliche Gesamtrechnungen des Bundes;JAHR;Jahr;2025;DINSG;Deutschland insgesamt;DG;Deutschland;WZ08G3;WZ2008: Wirtschaftsbereiche der VGR;WZ08-19;Kokerei und Mineralölverarbeitung;...;EUR;VST040;Bruttolöhne und -gehälter je Arbeitnehmer
81000;Volkswirtschaftliche Gesamtrechnungen des Bundes;JAHR;Jahr;2022;DINSG;Deutschland insgesamt;DG;Deutschland;WZ08G3;WZ2008: Wirtschaftsbereiche der VGR;WZ08-50;Schifffahrt;56474;EUR;VST040;Bruttolöhne und -gehälter je Arbeitnehmer
81000;Volkswirtschaftliche Gesamtrechnungen des Bundes;JAHR;Jahr;2022;DINSG;Deutschland insgesamt;DG;Deutschland;WZ08G3;WZ2008: Wirtschaftsbereiche der VGR;WZ08-96;Sonstige überwiegend persönliche Dienstleistungen;24129;EUR;VST040;Bruttolöhne und -gehälter je Arbeitnehmer
81000;Volkswirtschaftliche Gesamtrechnungen des Bundes;JAHR;Jahr;2024;DINSG;Deutschland insgesamt;DG;Deutschland;WZ08G3;WZ2008: Wirtschaftsbereiche der VGR;WZ08-36;Wasserversorgung;52829;EUR;VST040;Bruttolöhne und -gehälter je Arbeitnehmer
81000;Volkswirtschaftliche Gesamtrechnungen des Bundes;JAHR;Jahr;2022;DINSG;Deutschland insgesamt;DG;Deutschland;WZ08G3;WZ2008: Wirtschaftsbereiche der VGR;WZ08-73;Werbung und Marktforschung;45760;EUR;VST040;Bruttolöhne und -gehälter je Arbeitnehmer
81000;Volkswirtschaftliche Gesamtrechnungen des Bundes;JAHR;Jahr;2024;DINSG;Deutschland insgesamt;DG;Deutschland;WZ08G3;WZ2008: Wirtschaftsbereiche der VGR;WZ08-R-02;Sonstige Dienstleister;26793;EUR;VST040;Bruttolöhne und -gehälter je Arbeitnehmer
81000;Volkswirtschaftliche Gesamtrechnungen des Bundes;JAHR;Jahr;2022;DINSG;Deutschland insgesamt;DG;Deutschland;WZ08G3;WZ2008: Wirtschaftsbereiche der VGR;WZ08-G;Handel, Instandhaltung und Reparatur von Kfz;34586;EUR;VST040;Bruttolöhne und -gehälter je Arbeitnehmer
81000;Volkswirtschaftliche Gesamtrechnungen des Bundes;JAHR;Jahr;2023;DINSG;Deutschland insgesamt;DG;Deutschland;WZ08G3;WZ2008: Wirtschaftsbereiche der VGR;WZ08-31-02;Herstellung von Möbeln und sonstigen Waren;49070;EUR;VST040;Bruttolöhne und -gehälter je Arbeitnehmer
81000;Volkswirtschaftliche Gesamtrechnungen des Bundes;JAHR;Jahr;2025;DINSG;Deutschland insgesamt;DG;Deutschland;WZ08G3;WZ2008: Wirtschaftsbereiche der VGR;WZ08-10-01;Ernährungsgewerbe und Tabakverarbeitung;...;EUR;VST040;Bruttolöhne und -gehälter je Arbeitnehmer
81000;Volkswirtschaftliche Gesamtrechnungen des Bundes;JAHR;Jahr;2021;DINSG;Deutschland insgesamt;DG;Deutschland;WZ08G3;WZ2008: Wirtschaftsbereiche der VGR;WZ08-58;Verlagswesen;49873;EUR;VST040;Bruttolöhne und -gehälter je Arbeitnehmer
81000;Volkswirtschaftliche Gesamtrechnungen des Bundes;JAHR;Jahr;2025;DINSG;Deutschland insgesamt;DG;Deutschland;WZ08G3;WZ2008: Wirtschaftsbereiche der VGR;WZ08-80-01;Unternehmensdienstleister a.n.g.;...;EUR;VST040;Bruttolöhne und -gehälter je Arbeitnehmer
81000;Volkswirtschaftliche Gesamtrechnungen des Bundes;JAHR;Jahr;2024;DINSG;Deutschland insgesamt;DG;Deutschland;WZ08G3;WZ2008: Wirtschaftsbereiche der VGR;WZ08-H;Verkehr und Lagerei;40649;EUR;VST040;Bruttolöhne und -gehälter je Arbeitnehmer
81000;Volkswirtschaftliche Gesamtrechnungen des Bundes;JAHR;Jahr;2024;DINSG;Deutschland insgesamt;DG;Deutschland;WZ08G3;WZ2008: Wirtschaftsbereiche der VGR;WZ08-90-01;Kunst und Kultur, Glücksspiel;33933;EUR;VST040;Bruttolöhne und -gehälter je Arbeitnehmer
81000;Volkswirtschaftliche Gesamtrechnungen des Bundes;JAHR;Jahr;2021;DINSG;Deutschland insgesamt;DG;Deutschland;WZ08G3;WZ2008: Wirtschaftsbereiche der VGR;WZ08-16-01;H.v. Holzwaren, Papier und Druckerzeugnissen;38757;EUR;VST040;Bruttolöhne und -gehälter je Arbeitnehmer
81000;Volkswirtschaftliche Gesamtrechnungen des Bundes;JAHR;Jahr;2021;DINSG;Deutschland insgesamt;DG;Deutschland;WZ08G3;WZ2008: Wirtschaftsbereiche der VGR;WZ08-K;Erbringung v. Finanz- u. Versicherungsdienstleist.;67809;EUR;VST040;Bruttolöhne und -gehälter je Arbeitnehmer
81000;Volkswirtschaftliche Gesamtrechnungen des Bundes;JAHR;Jahr;2023;DINSG;Deutschland insgesamt;DG;Deutschland;WZ08G3;WZ2008: Wirtschaftsbereiche der VGR;WZ08-51;Luftfahrt;67000;EUR;VST040;Bruttolöhne und -gehälter je Arbeitnehmer
81000;Volkswirtschaftliche Gesamtrechnungen des Bundes;JAHR;Jahr;2024;DINSG;Deutschland insgesamt;DG;Deutschland;WZ08G3;WZ2008: Wirtschaftsbereiche der VGR;WZ08-25;Herstellung von Metallerzeugnissen;51397;EUR;VST040;Bruttolöhne und -gehälter je Arbeitnehmer
81000;Volkswirtschaftliche Gesamtrechnungen des Bundes;JAHR;Jahr;2023;DINSG;Deutschland insgesamt;DG;Deutschland;WZ08G3;WZ2008: Wirtschaftsbereiche der VGR;WZ08-L;Grundstücks- und Wohnungswesen;43281;EUR;VST040;Bruttolöhne und -gehälter je Arbeitnehmer
81000;Volkswirtschaftliche Gesamtrechnungen des Bundes;JAHR;Jahr;2025;DINSG;Deutschland insgesamt;DG;Deutschland;WZ08G3;WZ2008: Wirtschaftsbereiche der VGR;WZ08-29-01;Fahrzeugbau;...;EUR;VST040;Bruttolöhne und -gehälter je Arbeitnehmer
81000;Volkswirtschaftliche Gesamtrechnungen des Bundes;JAHR;Jahr;2021;DINSG;Deutschland insgesamt;DG;Deutschland;WZ08G3;WZ2008: Wirtschaftsbereiche der VGR;WZ08-87-01;Heime und Sozialwesen;25593;EUR;VST040;Bruttolöhne und -gehälter je Arbeitnehmer
81000;Volkswirtschaftliche Gesamtrechnungen des Bundes;JAHR;Jahr;2021;DINSG;Deutschland insgesamt;DG;Deutschland;WZ08G3;WZ2008: Wirtschaftsbereiche der VGR;WZ08-01;Landwirtschaft, Jagd und verbundene Tätigkeiten;19466;EUR;VST040;Bruttolöhne und -gehälter je Arbeitnehmer
81000;Volkswirtschaftliche Gesamtrechnungen des Bundes;JAHR;Jahr;2023;DINSG;Deutschland insgesamt;DG;Deutschland;WZ08G3;WZ2008: Wirtschaftsbereiche der VGR;WZ08-G-01;Handel, Verkehr, Gastgewerbe;34904;EUR;VST040;Bruttolöhne und -gehälter je Arbeitnehmer
81000;Volkswirtschaftliche Gesamtrechnungen des Bundes;JAHR;Jahr;2025;DINSG;Deutschland insgesamt;DG;Deutschland;WZ08G3;WZ2008: Wirtschaftsbereiche der VGR;WZ08-71;Architektur-,Ing.büros,techn.,physik.Untersuchung;...;EUR;VST040;Bruttolöhne und -gehälter je Arbeitnehmer
81000;Volkswirtschaftliche Gesamtrechnungen des Bundes;JAHR;Jahr;2025;DINSG;Deutschland insgesamt;DG;Deutschland;WZ08G3;WZ2008: Wirtschaftsbereiche der VGR;WZ08-94;Interessenvertr., kirchl. u. sonst. Vereinigungen;...;EUR;VST040;Bruttolöhne und -gehälter je Arbeitnehmer
81000;Volkswirtschaftliche Gesamtrechnungen des Bundes;JAHR;Jahr;2025;DINSG;Deutschland insgesamt;DG;Deutschland;WZ08G3;WZ2008: Wirtschaftsbereiche der VGR;WZ08-M-02;Unternehmensdienstleister;51027;EUR;VST040;Bruttolöhne und -gehälter je Arbeitnehmer
81000;Volkswirtschaftliche Gesamtrechnungen des Bundes;JAHR;Jahr;2021;DINSG;Deutschland insgesamt;DG;Deutschland;WZ08G3;WZ2008: Wirtschaftsbereiche der VGR;WZ08-47;Einzelhandel (ohne Handel mit Kraftfahrzeugen);24138;EUR;VST040;Bruttolöhne und -gehälter je Arbeitnehmer
81000;Volkswirtschaftliche Gesamtrechnungen des Bundes;JAHR;Jahr;2021;DINSG;Deutschland insgesamt;DG;Deutschland;WZ08G3;WZ2008: Wirtschaftsbereiche der VGR;WZ08-24;Metallerzeugung und -bearbeitung;50911;EUR;VST040;Bruttolöhne und -gehälter je Arbeitnehmer
81000;Volkswirtschaftliche Gesamtrechnungen des Bundes;JAHR;Jahr;2025;DINSG;Deutschland insgesamt;DG;Deutschland;WZ08G3;WZ2008: Wirtschaftsbereiche der VGR;WZ08-M;Freiberufliche, wiss. u. techn. Dienstleistungen;67879;EUR;VST040;Bruttolöhne und -gehälter je Arbeitnehmer
81000;Volkswirtschaftliche Gesamtrechnungen des Bundes;JAHR;Jahr;2025;DINSG;Deutschland insgesamt;DG;Deutschland;WZ08G3;WZ2008: Wirtschaftsbereiche der VGR;WZ08-A-02;Alle Wirtschaftsbereiche;48005;EUR;VST040;Bruttolöhne und -gehälter je Arbeitnehmer
81000;Volkswirtschaftliche Gesamtrechnungen des Bundes;JAHR;Jahr;2025;DINSG;Deutschland insgesamt;DG;Deutschland;WZ08G3;WZ2008: Wirtschaftsbereiche der VGR;WZ08-18;H.v. Druckerz., Vervielf.v.Ton-,Bild-,Datenträgern;...;EUR;VST040;Bruttolöhne und -gehälter je Arbeitnehmer
81000;Volkswirtschaftliche Gesamtrechnungen des Bundes;JAHR;Jahr;2022;DINSG;Deutschland insgesamt;DG;Deutschland;WZ08G3;WZ2008: Wirtschaftsbereiche der VGR;WZ08-93;Dienstleistungen d.Sports,d.Unterhaltg.u.Erholung;32160;EUR;VST040;Bruttolöhne und -gehälter je Arbeitnehmer
81000;Volkswirtschaftliche Gesamtrechnungen des Bundes;JAHR;Jahr;2024;DINSG;Deutschland insgesamt;DG;Deutschland;WZ08G3;WZ2008: Wirtschaftsbereiche der VGR;WZ08-16-01;H.v. Holzwaren, Papier und Druckerzeugnissen;43789;EUR;VST040;Bruttolöhne und -gehälter je Arbeitnehmer
81000;Volkswirtschaftliche Gesamtrechnungen des Bundes;JAHR;Jahr;2021;DINSG;Deutschland insgesamt;DG;Deutschland;WZ08G3;WZ2008: Wirtschaftsbereiche der VGR;WZ08-90-01;Kunst und Kultur, Glücksspiel;27612;EUR;VST040;Bruttolöhne und -gehälter je Arbeitnehmer
81000;Volkswirtschaftliche Gesamtrechnungen des Bundes;JAHR;Jahr;2024;DINSG;Deutschland insgesamt;DG;Deutschland;WZ08G3;WZ2008: Wirtschaftsbereiche der VGR;WZ08-79;Reisebüros, -veranstalter u. sonst. Reservierungen;39712;EUR;VST040;Bruttolöhne und -gehälter je Arbeitnehmer
81000;Volkswirtschaftliche Gesamtrechnungen des Bundes;JAHR;Jahr;2022;DINSG;Deutschland insgesamt;DG;Deutschland;WZ08G3;WZ2008: Wirtschaftsbereiche der VGR;WZ08-37-01;Abwasser-, Abfallentsorgung, Rückgewinnung;44811;EUR;VST040;Bruttolöhne und -gehälter je Arbeitnehmer
81000;Volkswirtschaftliche Gesamtrechnungen des Bundes;JAHR;Jahr;2022;DINSG;Deutschland insgesamt;DG;Deutschland;WZ08G3;WZ2008: Wirtschaftsbereiche der VGR;WZ08-F;Baugewerbe;38765;EUR;VST040;Bruttolöhne und -gehälter je Arbeitnehmer
81000;Volkswirtschaftliche Gesamtrechnungen des Bundes;JAHR;Jahr;2022;DINSG;Deutschland insgesamt;DG;Deutschland;WZ08G3;WZ2008: Wirtschaftsbereiche der VGR;WZ08-O-03;Öffentliche Dienstleister, Erziehung, Gesundheit;38568;EUR;VST040;Bruttolöhne und -gehälter je Arbeitnehmer
81000;Volkswirtschaftliche Gesamtrechnungen des Bundes;JAHR;Jahr;2024;DINSG;Deutschland insgesamt;DG;Deutschland;WZ08G3;WZ2008: Wirtschaftsbereiche der VGR;WZ08-33;Reparatur u.Installation von Masch.u.Ausrüstungen;62421;EUR;VST040;Bruttolöhne und -gehälter je Arbeitnehmer
81000;Volkswirtschaftliche Gesamtrechnungen des Bundes;JAHR;Jahr;2023;DINSG;Deutschland insgesamt;DG;Deutschland;WZ08G3;WZ2008: Wirtschaftsbereiche der VGR;WZ08-86;Gesundheitswesen;42183;EUR;VST040;Bruttolöhne und -gehälter je Arbeitnehmer
81000;Volkswirtschaftliche Gesamtrechnungen des Bundes;JAHR;Jahr;2022;DINSG;Deutschland insgesamt;DG;Deutschland;WZ08G3;WZ2008: Wirtschaftsbereiche der VGR;WZ08-17;Herstellung von Papier, Pappe und Waren daraus;46211;EUR;VST040;Bruttolöhne und -gehälter je Arbeitnehmer
81000;Volkswirtschaftliche Gesamtrechnungen des Bundes;JAHR;Jahr;2022;DINSG;Deutschland insgesamt;DG;Deutschland;WZ08G3;WZ2008: Wirtschaftsbereiche der VGR;WZ08-29;Herstellung von Kraftwagen und Kraftwagenteilen;67353;EUR;VST040;Bruttolöhne und -gehälter je Arbeitnehmer
81000;Volkswirtschaftliche Gesamtrechnungen des Bundes;JAHR;Jahr;2021;DINSG;Deutschland insgesamt;DG;Deutschland;WZ08G3;WZ2008: Wirtschaftsbereiche der VGR;WZ08-69-01;Unternehmensnahe Beratungsleistungen;55466;EUR;VST040;Bruttolöhne und -gehälter je Arbeitnehmer
81000;Volkswirtschaftliche Gesamtrechnungen des Bundes;JAHR;Jahr;2021;DINSG;Deutschland insgesamt;DG;Deutschland;WZ08G3;WZ2008: Wirtschaftsbereiche der VGR;WZ08-36;Wasserversorgung;46606;EUR;VST040;Bruttolöhne und -gehälter je Arbeitnehmer
81000;Volkswirtschaftliche Gesamtrechnungen des Bundes;JAHR;Jahr;2021;DINSG;Deutschland insgesamt;DG;Deutschland;WZ08G3;WZ2008: Wirtschaftsbereiche der VGR;WZ08-N;Sonstige wirtschaftliche Dienstleistungen;27306;EUR;VST040;Bruttolöhne und -gehälter je Arbeitnehmer
81000;Volkswirtschaftliche Gesamtrechnungen des Bundes;JAHR;Jahr;2024;DINSG;Deutschland insgesamt;DG;Deutschland;WZ08G3;WZ2008: Wirtschaftsbereiche der VGR;WZ08-E;Wasserversorg.,Entsorg.,Beseitig.v.Umweltverschm.;50219;EUR;VST040;Bruttolöhne und -gehälter je Arbeitnehmer
81000;Volkswirtschaftliche Gesamtrechnungen des Bundes;JAHR;Jahr;2025;DINSG;Deutschland insgesamt;DG;Deutschland;WZ08G3;WZ2008: Wirtschaftsbereiche der VGR;WZ08-29;Herstellung von Kraftwagen und Kraftwagenteilen;...;EUR;VST040;Bruttolöhne und -gehälter je Arbeitnehmer
81000;Volkswirtschaftliche Gesamtrechnungen des Bundes;JAHR;Jahr;2021;DINSG;Deutschland insgesamt;DG;Deutschland;WZ08G3;WZ2008: Wirtschaftsbereiche der VGR;WZ08-031;Fischerei;25000;EUR;VST040;Bruttolöhne und -gehälter je Arbeitnehmer
81000;Volkswirtschaftliche Gesamtrechnungen des Bundes;JAHR;Jahr;2022;DINSG;Deutschland insgesamt;DG;Deutschland;WZ08G3;WZ2008: Wirtschaftsbereiche der VGR;WZ08-10-01;Ernährungsgewerbe und Tabakverarbeitung;38214;EUR;VST040;Bruttolöhne und -gehälter je Arbeitnehmer
81000;Volkswirtschaftliche Gesamtrechnungen des Bundes;JAHR;Jahr;2023;DINSG;Deutschland insgesamt;DG;Deutschland;WZ08G3;WZ2008: Wirtschaftsbereiche der VGR;WZ08-52;Lagerei, sonstige Dienstleistungen für den Verkehr;42289;EUR;VST040;Bruttolöhne und -gehälter je Arbeitnehmer
81000;Volkswirtschaftliche Gesamtrechnungen des Bundes;JAHR;Jahr;2024;DINSG;Deutschland insgesamt;DG;Deutschland;WZ08G3;WZ2008: Wirtschaftsbereiche der VGR;WZ08-45;Kfz-Handel, Instandhaltung und Reparatur von Kfz;40094;EUR;VST040;Bruttolöhne und -gehälter je Arbeitnehmer
81000;Volkswirtschaftliche Gesamtrechnungen des Bundes;JAHR;Jahr;2022;DINSG;Deutschland insgesamt;DG;Deutschland;WZ08G3;WZ2008: Wirtschaftsbereiche der VGR;WZ08-73-01;Sonst.freiberufl., wissenschaftl., techn. Dienstl.;45528;EUR;VST040;Bruttolöhne und -gehälter je Arbeitnehmer
81000;Volkswirtschaftliche Gesamtrechnungen des Bundes;JAHR;Jahr;2025;DINSG;Deutschland insgesamt;DG;Deutschland;WZ08G3;WZ2008: Wirtschaftsbereiche der VGR;WZ08-N;Sonstige wirtschaftliche Dienstleistungen;35492;EUR;VST040;Bruttolöhne und -gehälter je Arbeitnehmer
81000;Volkswirtschaftliche Gesamtrechnungen des Bundes;JAHR;Jahr;2022;DINSG;Deutschland insgesamt;DG;Deutschland;WZ08G3;WZ2008: Wirtschaftsbereiche der VGR;WZ08-031;Fischerei;25000;EUR;VST040;Bruttolöhne und -gehälter je Arbeitnehmer
81000;Volkswirtschaftliche Gesamtrechnungen des Bundes;JAHR;Jahr;2023;DINSG;Deutschland insgesamt;DG;Deutschland;WZ08G3;WZ2008: Wirtschaftsbereiche der VGR;WZ08-M;Freiberufliche, wiss. u. techn. Dienstleistungen;61281;EUR;VST040;Bruttolöhne und -gehälter je Arbeitnehmer
81000;Volkswirtschaftliche Gesamtrechnungen des Bundes;JAHR;Jahr;2024;DINSG;Deutschland insgesamt;DG;Deutschland;WZ08G3;WZ2008: Wirtschaftsbereiche der VGR;WZ08-22;Herstellung von Gummi- und Kunststoffwaren;48776;EUR;VST040;Bruttolöhne und -gehälter je Arbeitnehmer
81000;Volkswirtschaftliche Gesamtrechnungen des Bundes;JAHR;Jahr;2024;DINSG;Deutschland insgesamt;DG;Deutschland;WZ08G3;WZ2008: Wirtschaftsbereiche der VGR;WZ08-59-01;Audiovisuelle Medien und Rundfunk;63883;EUR;VST040;Bruttolöhne und -gehälter je Arbeitnehmer
81000;Volkswirtschaftliche Gesamtrechnungen des Bundes;JAHR;Jahr;2022;DINSG;Deutschland insgesamt;DG;Deutschland;WZ08G3;WZ2008: Wirtschaftsbereiche der VGR;WZ08-18;H.v. Druckerz., Vervielf.v.Ton-,Bild-,Datenträgern;31086;EUR;VST040;Bruttolöhne und -gehälter je Arbeitnehmer
81000;Volkswirtschaftliche Gesamtrechnungen des Bundes;JAHR;Jahr;2025;DINSG;Deutschland insgesamt;DG;Deutschland;WZ08G3;WZ2008: Wirtschaftsbereiche der VGR;WZ08-93;Dienstleistungen d.Sports,d.Unterhaltg.u.Erholung;...;EUR;VST040;Bruttolöhne und -gehälter je Arbeitnehmer
81000;Volkswirtschaftliche Gesamtrechnungen des Bundes;JAHR;Jahr;2021;DINSG;Deutschland insgesamt;DG;Deutschland;WZ08G3;WZ2008: Wirtschaftsbereiche der VGR;WZ08-25;Herstellung von Metallerzeugnissen;45158;EUR;VST040;Bruttolöhne und -gehälter je Arbeitnehmer
81000;Volkswirtschaftliche Gesamtrechnungen des Bundes;JAHR;Jahr;2021;DINSG;Deutschland insgesamt;DG;Deutschland;WZ08G3;WZ2008: Wirtschaftsbereiche der VGR;WZ08-62-01;IT- und Informationsdienstleister;66032;EUR;VST040;Bruttolöhne und -gehälter je Arbeitnehmer
81000;Volkswirtschaftliche Gesamtrechnungen des Bundes;JAHR;Jahr;2021;DINSG;Deutschland insgesamt;DG;Deutschland;WZ08G3;WZ2008: Wirtschaftsbereiche der VGR;WZ08-59-01;Audiovisuelle Medien und Rundfunk;61713;EUR;VST040;Bruttolöhne und -gehälter je Arbeitnehmer
81000;Volkswirtschaftliche Gesamtrechnungen des Bundes;JAHR;Jahr;2025;DINSG;Deutschland insgesamt;DG;Deutschland;WZ08G3;WZ2008: Wirtschaftsbereiche der VGR;WZ08-17;Herstellung von Papier, Pappe und Waren daraus;...;EUR;VST040;Bruttolöhne und -gehälter je Arbeitnehmer
81000;Volkswirtschaftliche Gesamtrechnungen des Bundes;JAHR;Jahr;2021;DINSG;Deutschland insgesamt;DG;Deutschland;WZ08G3;WZ2008: Wirtschaftsbereiche der VGR;WZ08-021;Forstwirtschaft;30394;EUR;VST040;Bruttolöhne und -gehälter je Arbeitnehmer
81000;Volkswirtschaftliche Gesamtrechnungen des Bundes;JAHR;Jahr;2022;DINSG;Deutschland insgesamt;DG;Deutschland;WZ08G3;WZ2008: Wirtschaftsbereiche der VGR;WZ08-71;Architektur-,Ing.büros,techn.,physik.Untersuchung;52672;EUR;VST040;Bruttolöhne und -gehälter je Arbeitnehmer
81000;Volkswirtschaftliche Gesamtrechnungen des Bundes;JAHR;Jahr;2023;DINSG;Deutschland insgesamt;DG;Deutschland;WZ08G3;WZ2008: Wirtschaftsbereiche der VGR;WZ08-41;Hochbau;43930;EUR;VST040;Bruttolöhne und -gehälter je Arbeitnehmer
81000;Volkswirtschaftliche Gesamtrechnungen des Bundes;JAHR;Jahr;2022;DINSG;Deutschland insgesamt;DG;Deutschland;WZ08G3;WZ2008: Wirtschaftsbereiche der VGR;WZ08-94;Interessenvertr., kirchl. u. sonst. Vereinigungen;36350;EUR;VST040;Bruttolöhne und -gehälter je Arbeitnehmer
81000;Volkswirtschaftliche Gesamtrechnungen des Bundes;JAHR;Jahr;2022;DINSG;Deutschland insgesamt;DG;Deutschland;WZ08G3;WZ2008: Wirtschaftsbereiche der VGR;WZ08-E;Wasserversorg.,Entsorg.,Beseitig.v.Umweltverschm.;45034;EUR;VST040;Bruttolöhne und -gehälter je Arbeitnehmer
81000;Volkswirtschaftliche Gesamtrechnungen des Bundes;JAHR;Jahr;2023;DINSG;Deutschland insgesamt;DG;Deutschland;WZ08G3;WZ2008: Wirtschaftsbereiche der VGR;WZ08-64;Erbringung von Finanzdienstleistungen;74272;EUR;VST040;Bruttolöhne und -gehälter je Arbeitnehmer
81000;Volkswirtschaftliche Gesamtrechnungen des Bundes;JAHR;Jahr;2021;DINSG;Deutschland insgesamt;DG;Deutschland;WZ08G3;WZ2008: Wirtschaftsbereiche der VGR;WZ08-69-02;Rechts- und Steuerberatung, Unternehmensberatung;58088;EUR;VST040;Bruttolöhne und -gehälter je Arbeitnehmer
81000;Volkswirtschaftliche Gesamtrechnungen des Bundes;JAHR;Jahr;2021;DINSG;Deutschland insgesamt;DG;Deutschland;WZ08G3;WZ2008: Wirtschaftsbereiche der VGR;WZ08-24-01;Metallgewerbe;46474;EUR;VST040;Bruttolöhne und -gehälter je Arbeitnehmer
81000;Volkswirtschaftliche Gesamtrechnungen des Bundes;JAHR;Jahr;2024;DINSG;Deutschland insgesamt;DG;Deutschland;WZ08G3;WZ2008: Wirtschaftsbereiche der VGR;WZ08-F;Baugewerbe;42832;EUR;VST040;Bruttolöhne und -gehälter je Arbeitnehmer
81000;Volkswirtschaftliche Gesamtrechnungen des Bundes;JAHR;Jahr;2021;DINSG;Deutschland insgesamt;DG;Deutschland;WZ08G3;WZ2008: Wirtschaftsbereiche der VGR;WZ08-R-02;Sonstige Dienstleister;22143;EUR;VST040;Bruttolöhne und -gehälter je Arbeitnehmer
81000;Volkswirtschaftliche Gesamtrechnungen des Bundes;JAHR;Jahr;2025;DINSG;Deutschland insgesamt;DG;Deutschland;WZ08G3;WZ2008: Wirtschaftsbereiche der VGR;WZ08-28;Maschinenbau;...;EUR;VST040;Bruttolöhne und -gehälter je Arbeitnehmer
81000;Volkswirtschaftliche Gesamtrechnungen des Bundes;JAHR;Jahr;2021;DINSG;Deutschland insgesamt;DG;Deutschland;WZ08G3;WZ2008: Wirtschaftsbereiche der VGR;WZ08-M;Freiberufliche, wiss. u. techn. Dienstleistungen;53748;EUR;VST040;Bruttolöhne und -gehälter je Arbeitnehmer
81000;Volkswirtschaftliche Gesamtrechnungen des Bundes;JAHR;Jahr;2023;DINSG;Deutschland insgesamt;DG;Deutschland;WZ08G3;WZ2008: Wirtschaftsbereiche der VGR;WZ08-53;Post-, Kurier- und Expressdienste;29371;EUR;VST040;Bruttolöhne und -gehälter je Arbeitnehmer
81000;Volkswirtschaftliche Gesamtrechnungen des Bundes;JAHR;Jahr;2023;DINSG;Deutschland insgesamt;DG;Deutschland;WZ08G3;WZ2008: Wirtschaftsbereiche der VGR;WZ08-30;Sonstiger Fahrzeugbau;71905;EUR;VST040;Bruttolöhne und -gehälter je Arbeitnehmer
81000;Volkswirtschaftliche Gesamtrechnungen des Bundes;JAHR;Jahr;2024;DINSG;Deutschland insgesamt;DG;Deutschland;WZ08G3;WZ2008: Wirtschaftsbereiche der VGR;WZ08-23;H.v.Glas,-waren,Keramik,Verarb. v.Steinen u.Erden;51792;EUR;VST040;Bruttolöhne und -gehälter je Arbeitnehmer
81000;Volkswirtschaftliche Gesamtrechnungen des Bundes;JAHR;Jahr;2024;DINSG;Deutschland insgesamt;DG;Deutschland;WZ08G3;WZ2008: Wirtschaftsbereiche der VGR;WZ08-46;Großhandel (ohne Handel mit Kraftfahrzeugen);54361;EUR;VST040;Bruttolöhne und -gehälter je Arbeitnehmer
81000;Volkswirtschaftliche Gesamtrechnungen des Bundes;JAHR;Jahr;2023;DINSG;Deutschland insgesamt;DG;Deutschland;WZ08G3;WZ2008: Wirtschaftsbereiche der VGR;WZ08-N;Sonstige wirtschaftliche Dienstleistungen;31990;EUR;VST040;Bruttolöhne und -gehälter je Arbeitnehmer
81000;Volkswirtschaftliche Gesamtrechnungen des Bundes;JAHR;Jahr;2025;DINSG;Deutschland insgesamt;DG;Deutschland;WZ08G3;WZ2008: Wirtschaftsbereiche der VGR;WZ08-O;Öff. Verwaltung, Verteidigung, Sozialversicherung;52609;EUR;VST040;Bruttolöhne und -gehälter je Arbeitnehmer
