statistics_code;statistics_label;time_code;time_label;time;1_variable_code;1_variable_label;1_variable_attribute_code;1_variable_attribute_label;2_variable_code;2_variable_label;2_variable_attribute_code;2_variable_attribute_label;value;value_unit;value_variable_code;value_variable_label
63111;Laufende Wirtschaftsrechnungen;STAG;Stichtag;2016-01-01;DINSGF;Früheres Bundesgebiet / Neue Länder;DN;Neue Länder;;;;;7858;1000;HSH012;Hochgerechnete Haushalte
63111;Laufende Wirtschaftsrechnungen;STAG;Stichtag;2016-01-01;DINSGF;Früheres Bundesgebiet / Neue Länder;DN;Neue Länder;;;;;1708;Anzahl;HSH011;Erfasste Haushalte
63111;Laufende Wirtschaftsrechnungen;STAG;Stichtag;2017-01-01;DINSGF;Früheres Bundesgebiet / Neue Länder;DF;Früheres Bundesgebiet;;;;;29550;1000;HSH012;Hochgerechnete Haushalte
63111;Laufende Wirtschaftsrechnungen;STAG;Stichtag;2017-01-01;DINSGF;Früheres Bundesgebiet / Neue Länder;DF;Früheres Bundesgebiet;;;;;6149;Anzahl;HSH011;Erfasste Haushalte
63111;Laufende Wirtschaftsrechnungen;STAG;Stichtag;2016-01-01;DINSGF;Früheres Bundesgebiet / Neue Länder;DF;Früheres Bundesgebiet;;;;;29349;1000;HSH012;Hochgerechnete Haushalte
63111;Laufende Wirtschaftsrechnungen;STAG;Stichtag;2016-01-01;DINSGF;Früheres Bundesgebiet / Neue Länder;DF;Früheres Bundesgebiet;;;;;6092;Anzahl;HSH011;Erfasste Haushalte
63111;Laufende Wirtschaftsrechnungen;STAG;Stichtag;2019-01-01;DINSGF;Früheres Bundesgebiet / Neue Länder;DF;Früheres Bundesgebiet;;;;;30004;1000;HSH012;Hochgerechnete Haushalte
63111;Laufende Wirtschaftsrechnungen;STAG;Stichtag;2019-01-01;DINSGF;Früheres Bundesgebiet / Neue Länder;DF;Früheres Bundesgebiet;;;;;6182;Anzahl;HSH011;Erfasste Haushalte
63111;Laufende Wirtschaftsrechnungen;STAG;Stichtag;2015-01-01;DINSGF;Früheres Bundesgebiet / Neue Länder;DN;Neue Länder;;;;;7774;1000;HSH012;Hochgerechnete Haushalte
63111;Laufende Wirtschaftsrechnungen;STAG;Stichtag;2015-01-01;DINSGF;Früheres Bundesgebiet / Neue Länder;DN;Neue Länder;;;;;1712;Anzahl;HSH011;Erfasste Haushalte
63111;Laufende Wirtschaftsrechnungen;STAG;Stichtag;2010-01-01;DINSGF;Früheres Bundesgebiet / Neue Länder;DF;Früheres Bundesgebiet;;;;;28570;1000;HSH012;Hochgerechnete Haushalte
63111;Laufende Wirtschaftsrechnungen;STAG;Stichtag;2010-01-01;DINSGF;Früheres Bundesgebiet / Neue Länder;DF;Früheres Bundesgebiet;;;;;6093;Anzahl;HSH011;Erfasste Haushalte
63111;Laufende Wirtschaftsrechnungen;STAG;Stichtag;2014-01-01;DINSGF;Früheres Bundesgebiet / Neue Länder;DN;Neue Länder;;;;;7733;1000;HSH012;Hochgerechnete Haushalte
63111;Laufende Wirtschaftsrechnungen;STAG;Stichtag;2014-01-01;DINSGF;Früheres Bundesgebiet / Neue Länder;DN;Neue Länder;;;;;1716;Anzahl;HSH011;Erfasste Haushalte
63111;Laufende Wirtschaftsrechnungen;STAG;Stichtag;2021-01-01;DINSGF;Früheres Bundesgebiet / Neue Länder;DN;Neue Länder;;;;;7882;1000;HSH012;Hochgerechnete Haushalte
63111;Laufende Wirtschaftsrechnungen;STAG;Stichtag;2021-01-01;DINSGF;Früheres Bundesgebiet / Neue Länder;DN;Neue Länder;;;;;1648;Anzahl;HSH011;Erfasste Haushalte
63111;Laufende Wirtschaftsrechnungen;STAG;Stichtag;2019-01-01;DINSGF;Früheres Bundesgebiet / Neue Länder;DN;Neue Länder;;;;;7865;1000;HSH012;Hochgerechnete Haushalte
63111;Laufende Wirtschaftsrechnungen;STAG;Stichtag;2019-01-01;DINSGF;Früheres Bundesgebiet / Neue Länder;DN;Neue Länder;;;;;1617;Anzahl;HSH011;Erfasste Haushalte
63111;Laufende Wirtschaftsrechnungen;STAG;Stichtag;2011-01-01;DINSGF;Früheres Bundesgebiet / Neue Länder;DF;Früheres Bundesgebiet;;;;;28694;1000;HSH012;Hochgerechnete Haushalte
63111;Laufende Wirtschaftsrechnungen;STAG;Stichtag;2011-01-01;DINSGF;Früheres Bundesgebiet / Neue Länder;DF;Früheres Bundesgebiet;;;;;6122;Anzahl;HSH011;Erfasste Haushalte
63111;Laufende Wirtschaftsrechnungen;STAG;Stichtag;2020-01-01;DINSGF;Früheres Bundesgebiet / Neue Länder;DF;Früheres Bundesgebiet;;;;;30100;1000;HSH012;Hochgerechnete Haushalte
63111;Laufende Wirtschaftsrechnungen;STAG;Stichtag;2020-01-01;DINSGF;Früheres Bundesgebiet / Neue Länder;DF;Früheres Bundesgebiet;;;;;5847;Anzahl;HSH011;Erfasste Haushalte
63111;Laufende Wirtschaftsrechnungen;STAG;Stichtag;2022-01-01;DINSGF;Früheres Bundesgebiet / Neue Länder;DN;Neue Länder;;;;;7852;1000;HSH012;Hochgerechnete Haushalte
63111;Laufende Wirtschaftsrechnungen;STAG;Stichtag;2022-01-01;DINSGF;Früheres Bundesgebiet / Neue Länder;DN;Neue Länder;;;;;1606;Anzahl;HSH011;Erfasste Haushalte
63111;Laufende Wirtschaftsrechnungen;STAG;Stichtag;2011-01-01;DINSGF;Früheres Bundesgebiet / Neue Länder;DN;Neue Länder;;;;;7946;1000;HSH012;Hochgerechnete Haushalte
63111;Laufende Wirtschaftsrechnungen;STAG;Stichtag;2011-01-01;DINSGF;Früheres Bundesgebiet / Neue Länder;DN;Neue Länder;;;;;1766;Anzahl;HSH011;Erfasste Haushalte
63111;Laufende Wirtschaftsrechnungen;STAG;Stichtag;2021-01-01;DINSGF;Früheres Bundesgebiet / Neue Länder;DF;Früheres Bundesgebiet;;;;;30111;1000;HSH012;Hochgerechnete Haushalte
63111;Laufende Wirtschaftsrechnungen;STAG;Stichtag;2021-01-01;DINSGF;Früheres Bundesgebiet / Neue Länder;DF;Früheres Bundesgebiet;;;;;5982;Anzahl;HSH011;Erfasste Haushalte
63111;Laufende Wirtschaftsrechnungen;STAG;Stichtag;2015-01-01;DINSGF;Früheres Bundesgebiet / Neue Länder;DF;Früheres Bundesgebiet;;;;;28876;1000;HSH012;Hochgerechnete Haushalte
63111;Laufende Wirtschaftsrechnungen;STAG;Stichtag;2015-01-01;DINSGF;Früheres Bundesgebiet / Neue Länder;DF;Früheres Bundesgebiet;;;;;6035;Anzahl;HSH011;Erfasste Haushalte
63111;Laufende Wirtschaftsrechnungen;STAG;Stichtag;2020-01-01;DINSGF;Früheres Bundesgebiet / Neue Länder;DN;Neue Länder;;;;;7894;1000;HSH012;Hochgerechnete Haushalte
63111;Laufende Wirtschaftsrechnungen;STAG;Stichtag;2020-01-01;DINSGF;Früheres Bundesgebiet / Neue Länder;DN;Neue Länder;;;;;1641;Anzahl;HSH011;Erfasste Haushalte
63111;Laufende Wirtschaftsrechnungen;STAG;Stichtag;2022-01-01;DINSGF;Früheres Bundesgebiet / Neue Länder;DF;Früheres Bundesgebiet;;;;;30206;1000;HSH012;Hochgerechnete Haushalte
63111;Laufende Wirtschaftsrechnungen;STAG;Stichtag;2022-01-01;DINSGF;Früheres Bundesgebiet / Neue Länder;DF;Früheres Bundesgebiet;;;;;5737;Anzahl;HSH011;Erfasste Haushalte
63111;Laufende Wirtschaftsrechnungen;STAG;Stichtag;2010-01-01;DINSGF;Früheres Bundesgebiet / Neue Länder;DN;Neue Länder;;;;;7950;1000;HSH012;Hochgerechnete Haushalte
63111;Laufende Wirtschaftsrechnungen;STAG;Stichtag;2010-01-01;DINSGF;Früheres Bundesgebiet / Neue Länder;DN;Neue Länder;;;;;1742;Anzahl;HSH011;Erfasste Haushalte
63111;Laufende Wirtschaftsrechnungen;STAG;Stichtag;2017-01-01;DINSGF;Früheres Bundesgebiet / Neue Länder;DN;Neue Länder;;;;;7831;1000;HSH012;Hochgerechnete Haushalte
63111;Laufende Wirtschaftsrechnungen;STAG;Stichtag;2017-01-01;DINSGF;Früheres Bundesgebiet / Neue Länder;DN;Neue Länder;;;;;1725;Anzahl;HSH011;Erfasste Haushalte
63111;Laufende Wirtschaftsrechnungen;STAG;Stichtag;2014-01-01;DINSGF;Früheres Bundesgebiet / Neue Länder;DF;Früheres Bundesgebiet;;;;;28610;1000;HSH012;Hochgerechnete Haushalte
63111;Laufende Wirtschaftsrechnungen;STAG;Stichtag;2014-01-01;DINSGF;Früheres Bundesgebiet / Neue Länder;DF;Früheres Bundesgebiet;;;;;6169;Anzahl;HSH011;Erfasste Haushalte
63111;Laufende Wirtschaftsrechnungen;STAG;Stichtag;2017-01-01;DINSGF;Früheres Bundesgebiet / Neue Länder;DN;Neue Länder;GUTGB2;Gebrauchsgüter;FOTO-02;Fotoapparat/Digitalkamera;-;Prozent;ATG001;Ausstattungsgrad je 100 Haushalte
63111;Laufende Wirtschaftsrechnungen;STAG;Stichtag;2010-01-01;DINSGF;Früheres Bundesgebiet / Neue Länder;DF;Früheres Bundesgebiet;GUTGB2;Gebrauchsgüter;PC-01;Personalcomputer;81,8;Prozent;ATG001;Ausstattungsgrad je 100 Haushalte
63111;Laufende Wirtschaftsrechnungen;STAG;Stichtag;2017-01-01;DINSGF;Früheres Bundesgebiet / Neue Länder;DN;Neue Länder;GUTGB2;Gebrauchsgüter;PKW-NEU-01;Personenkraftwagen fabrikneu gekauft;-;Prozent;ATG001;Ausstattungsgrad je 100 Haushalte
63111;Laufende Wirtschaftsrechnungen;STAG;Stichtag;2017-01-01;DINSGF;Früheres Bundesgebiet / Neue Länder;DN;Neue Länder;GUTGB2;Gebrauchsgüter;VIDEO-REC-01;Videorecorder;-;Prozent;ATG001;Ausstattungsgrad je 100 Haushalte
63111;Laufende Wirtschaftsrechnungen;STAG;Stichtag;2020-01-01;DINSGF;Früheres Bundesgebiet / Neue Länder;DF;Früheres Bundesgebiet;GUTGB2;Gebrauchsgüter;TV-02;(Farb-)Fernsehgerät;96,3;Prozent;ATG001;Ausstattungsgrad je 100 Haushalte
63111;Laufende Wirtschaftsrechnungen;STAG;Stichtag;2011-01-01;DINSGF;Früheres Bundesgebiet / Neue Länder;DF;Früheres Bundesgebiet;GUTGB2;Gebrauchsgüter;ANTW-STAT-01;Anrufbeantworter stationär;-;Prozent;ATG001;Ausstattungsgrad je 100 Haushalte
63111;Laufende Wirtschaftsrechnungen;STAG;Stichtag;2022-01-01;DINSGF;Früheres Bundesgebiet / Neue Länder;DN;Neue Länder;GUTGB2;Gebrauchsgüter;PC-01;Personalcomputer;91,4;Prozent;ATG001;Ausstattungsgrad je 100 Haushalte
63111;Laufende Wirtschaftsrechnungen;STAG;Stichtag;2020-01-01;DINSGF;Früheres Bundesgebiet / Neue Länder;DN;Neue Länder;GUTGB2;Gebrauchsgüter;KRAFTRAD-01;Krafträder;8,5;Prozent;ATG001;Ausstattungsgrad je 100 Haushalte
63111;Laufende Wirtschaftsrechnungen;STAG;Stichtag;2021-01-01;DINSGF;Früheres Bundesgebiet / Neue Länder;DN;Neue Länder;GUTGB2;Gebrauchsgüter;TROCK-01;Wäschetrockner (auch in Kombigeräten);26,1;Prozent;ATG001;Ausstattungsgrad je 100 Haushalte
63111;Laufende Wirtschaftsrechnungen;STAG;Stichtag;2022-01-01;DINSGF;Früheres Bundesgebiet / Neue Länder;DN;Neue Länder;GUTGB2;Gebrauchsgüter;CAM-ANALOG-01;Camcorder (Videokamera) analog;-;Prozent;ATG001;Ausstattungsgrad je 100 Haushalte
63111;Laufende Wirtschaftsrechnungen;STAG;Stichtag;2019-01-01;DINSGF;Früheres Bundesgebiet / Neue Länder;DF;Früheres Bundesgebiet;GUTGB2;Gebrauchsgüter;CD-REC-01;CD-Recorder;-;Prozent;ATG001;Ausstattungsgrad je 100 Haushalte
63111;Laufende Wirtschaftsrechnungen;STAG;Stichtag;2014-01-01;DINSGF;Früheres Bundesgebiet / Neue Länder;DF;Früheres Bundesgebiet;GUTGB2;Gebrauchsgüter;MIKROW-01;Mikrowellengerät;72,4;Prozent;ATG001;Ausstattungsgrad je 100 Haushalte
63111;Laufende Wirtschaftsrechnungen;STAG;Stichtag;2019-01-01;DINSGF;Früheres Bundesgebiet / Neue Länder;DN;Neue Länder;GUTGB2;Gebrauchsgüter;KUEHL-01;Kühlschrank (auch Gefrier- und Kühlkombination);100,0;Prozent;ATG001;Ausstattungsgrad je 100 Haushalte
63111;Laufende Wirtschaftsrechnungen;STAG;Stichtag;2022-01-01;DINSGF;Früheres Bundesgebiet / Neue Länder;DN;Neue Länder;GUTGB2;Gebrauchsgüter;FOTO-DIGITAL-01;Digitalkamera (Fotoapparat digital);-;Prozent;ATG001;Ausstattungsgrad je 100 Haushalte
63111;Laufende Wirtschaftsrechnungen;STAG;Stichtag;2020-01-01;DINSGF;Früheres Bundesgebiet / Neue Länder;DN;Neue Länder;GUTGB2;Gebrauchsgüter;CD-STAT-01;CD-Player stationär;-;Prozent;ATG001;Ausstattungsgrad je 100 Haushalte
63111;Laufende Wirtschaftsrechnungen;STAG;Stichtag;2017-01-01;DINSGF;Früheres Bundesgebiet / Neue Länder;DF;Früheres Bundesgebiet;GUTGB2;Gebrauchsgüter;SPIELE-01;Spielekonsole;-;Prozent;ATG001;Ausstattungsgrad je 100 Haushalte
63111;Laufende Wirtschaftsrechnungen;STAG;Stichtag;2016-01-01;DINSGF;Früheres Bundesgebiet / Neue Länder;DF;Früheres Bundesgebiet;GUTGB2;Gebrauchsgüter;ANSCHL-SAT-01;Satelliten-TV-Anschluss;49,6;Prozent;ATG001;Ausstattungsgrad je 100 Haushalte
63111;Laufende Wirtschaftsrechnungen;STAG;Stichtag;2022-01-01;DINSGF;Früheres Bundesgebiet / Neue Länder;DF;Früheres Bundesgebiet;GUTGB2;Gebrauchsgüter;SMART-02;Smart Speaker (intelligenter/WLAN-Lautsprecher);16,0;Prozent;ATG001;Ausstattungsgrad je 100 Haushalte
63111;Laufende Wirtschaftsrechnungen;STAG;Stichtag;2015-01-01;DINSGF;Früheres Bundesgebiet / Neue Länder;DN;Neue Länder;GUTGB2;Gebrauchsgüter;CD-REC-01;CD-Recorder;-;Prozent;ATG001;Ausstattungsgrad je 100 Haushalte
63111;Laufende Wirtschaftsrechnungen;STAG;Stichtag;2022-01-01;DINSGF;Früheres Bundesgebiet / Neue Länder;DF;Früheres Bundesgebiet;GUTGB2;Gebrauchsgüter;FOTO-ANALOG-01;Fotoapparat analog;-;Prozent;ATG001;Ausstattungsgrad je 100 Haushalte
63111;Laufende Wirtschaftsrechnungen;STAG;Stichtag;2011-01-01;DINSGF;Früheres Bundesgebiet / Neue Länder;DN;Neue Länder;GUTGB2;Gebrauchsgüter;WASCHM-01;Waschmaschine;97,3;Prozent;ATG001;Ausstattungsgrad je 100 Haushalte
63111;Laufende Wirtschaftsrechnungen;STAG;Stichtag;2010-01-01;DINSGF;Früheres Bundesgebiet / Neue Länder;DF;Früheres Bundesgebiet;GUTGB2;Gebrauchsgüter;PC-MOBIL-04;Laptop/Notebook, Netbook;-;Prozent;ATG001;Ausstattungsgrad je 100 Haushalte
63111;Laufende Wirtschaftsrechnungen;STAG;Stichtag;2019-01-01;DINSGF;Früheres Bundesgebiet / Neue Länder;DN;Neue Länder;GUTGB2;Gebrauchsgüter;PKW-07;Personenkraftwagen, Elektroauto, Plug-in-Hybrid;-;Prozent;ATG001;Ausstattungsgrad je 100 Haushalte
63111;Laufende Wirtschaftsrechnungen;STAG;Stichtag;2019-01-01;DINSGF;Früheres Bundesgebiet / Neue Länder;DF;Früheres Bundesgebiet;GUTGB2;Gebrauchsgüter;INTERNET-01;Internetanschluss, -zugang;94,1;Prozent;ATG001;Ausstattungsgrad je 100 Haushalte
63111;Laufende Wirtschaftsrechnungen;STAG;Stichtag;2014-01-01;DINSGF;Früheres Bundesgebiet / Neue Länder;DN;Neue Länder;GUTGB2;Gebrauchsgüter;CAM-DIGITAL-01;Camcorder (Videokamera) digital;12,9;Prozent;ATG001;Ausstattungsgrad je 100 Haushalte
63111;Laufende Wirtschaftsrechnungen;STAG;Stichtag;2010-01-01;DINSGF;Früheres Bundesgebiet / Neue Länder;DN;Neue Länder;GUTGB2;Gebrauchsgüter;DEC-DVBT-01;DVB-T-Gerät (Decoder);18,2;Prozent;ATG001;Ausstattungsgrad je 100 Haushalte
63111;Laufende Wirtschaftsrechnungen;STAG;Stichtag;2014-01-01;DINSGF;Früheres Bundesgebiet / Neue Länder;DF;Früheres Bundesgebiet;GUTGB2;Gebrauchsgüter;HIFI-01;HiFi-Anlage;-;Prozent;ATG001;Ausstattungsgrad je 100 Haushalte
63111;Laufende Wirtschaftsrechnungen;STAG;Stichtag;2016-01-01;DINSGF;Früheres Bundesgebiet / Neue Länder;DF;Früheres Bundesgebiet;GUTGB2;Gebrauchsgüter;KAFFEEM-04;Kaffeevollautomat;15,6;Prozent;ATG001;Ausstattungsgrad je 100 Haushalte
63111;Laufende Wirtschaftsrechnungen;STAG;Stichtag;2014-01-01;DINSGF;Früheres Bundesgebiet / Neue Länder;DF;Früheres Bundesgebiet;GUTGB2;Gebrauchsgüter;SMART-01;Smart TV (Fernseher);-;Prozent;ATG001;Ausstattungsgrad je 100 Haushalte
63111;Laufende Wirtschaftsrechnungen;STAG;Stichtag;2014-01-01;DINSGF;Früheres Bundesgebiet / Neue Länder;DF;Früheres Bundesgebiet;GUTGB2;Gebrauchsgüter;PKW-07;Personenkraftwagen, Elektroauto, Plug-in-Hybrid;-;Prozent;ATG001;Ausstattungsgrad je 100 Haushalte
63111;Laufende Wirtschaftsrechnungen;STAG;Stichtag;2022-01-01;DINSGF;Früheres Bundesgebiet / Neue Länder;DF;Früheres Bundesgebiet;GUTGB2;Gebrauchsgüter;PKW-NEU-01;Personenkraftwagen fabrikneu gekauft;34,4;Prozent;ATG001;Ausstattungsgrad je 100 Haushalte
63111;Laufende Wirtschaftsrechnungen;STAG;Stichtag;2020-01-01;DINSGF;Früheres Bundesgebiet / Neue Länder;DF;Früheres Bundesgebiet;GUTGB2;Gebrauchsgüter;PKW-GEL-01;Personenkraftwagen geleast;5,2;Prozent;ATG001;Ausstattungsgrad je 100 Haushalte
63111;Laufende Wirtschaftsrechnungen;STAG;Stichtag;2010-01-01;DINSGF;Früheres Bundesgebiet / Neue Länder;DN;Neue Länder;GUTGB2;Gebrauchsgüter;ANTW-STAT-01;Anrufbeantworter stationär;-;Prozent;ATG001;Ausstattungsgrad je 100 Haushalte
63111;Laufende Wirtschaftsrechnungen;STAG;Stichtag;2016-01-01;DINSGF;Früheres Bundesgebiet / Neue Länder;DF;Früheres Bundesgebiet;GUTGB2;Gebrauchsgüter;FAHRRAD-02;Pedelec (E-Bike ohne Führerscheinpflicht);5,8;Prozent;ATG001;Ausstattungsgrad je 100 Haushalte
63111;Laufende Wirtschaftsrechnungen;STAG;Stichtag;2021-01-01;DINSGF;Früheres Bundesgebiet / Neue Länder;DF;Früheres Bundesgebiet;GUTGB2;Gebrauchsgüter;PKW-07;Personenkraftwagen, Elektroauto, Plug-in-Hybrid;-;Prozent;ATG001;Ausstattungsgrad je 100 Haushalte
63111;Laufende Wirtschaftsrechnungen;STAG;Stichtag;2022-01-01;DINSGF;Früheres Bundesgebiet / Neue Länder;DN;Neue Länder;GUTGB2;Gebrauchsgüter;VIDEO-REC-01;Videorecorder;-;Prozent;ATG001;Ausstattungsgrad je 100 Haushalte
63111;Laufende Wirtschaftsrechnungen;STAG;Stichtag;2010-01-01;DINSGF;Früheres Bundesgebiet / Neue Länder;DF;Früheres Bundesgebiet;GUTGB2;Gebrauchsgüter;NAVIGASYS01;Navigationssystem;34,1;Prozent;ATG001;Ausstattungsgrad je 100 Haushalte
63111;Laufende Wirtschaftsrechnungen;STAG;Stichtag;2022-01-01;DINSGF;Früheres Bundesgebiet / Neue Länder;DF;Früheres Bundesgebiet;GUTGB2;Gebrauchsgüter;MP3PLAY01;MP3-Player;-;Prozent;ATG001;Ausstattungsgrad je 100 Haushalte
63111;Laufende Wirtschaftsrechnungen;STAG;Stichtag;2019-01-01;DINSGF;Früheres Bundesgebiet / Neue Länder;DF;Früheres Bundesgebiet;GUTGB2;Gebrauchsgüter;PC-DRUCK-01;PC-Drucker (auch in Kombigeräten);77,6;Prozent;ATG001;Ausstattungsgrad je 100 Haushalte
63111;Laufende Wirtschaftsrechnungen;STAG;Stichtag;2021-01-01;DINSGF;Früheres Bundesgebiet / Neue Länder;DF;Früheres Bundesgebiet;GUTGB2;Gebrauchsgüter;TEL-MOBIL-01;Telefon mobil (Autotelefon, Handy);97,5;Prozent;ATG001;Ausstattungsgrad je 100 Haushalte
63111;Laufende Wirtschaftsrechnungen;STAG;Stichtag;2017-01-01;DINSGF;Früheres Bundesgebiet / Neue Länder;DN;Neue Länder;GUTGB2;Gebrauchsgüter;CD-STAT-01;CD-Player stationär;-;Prozent;ATG001;Ausstattungsgrad je 100 Haushalte
63111;Laufende Wirtschaftsrechnungen;STAG;Stichtag;2011-01-01;DINSGF;Früheres Bundesgebiet / Neue Länder;DF;Früheres Bundesgebiet;GUTGB2;Gebrauchsgüter;KRAFTRAD-01;Krafträder;11,4;Prozent;ATG001;Ausstattungsgrad je 100 Haushalte
63111;Laufende Wirtschaftsrechnungen;STAG;Stichtag;2015-01-01;DINSGF;Früheres Bundesgebiet / Neue Länder;DN;Neue Länder;GUTGB2;Gebrauchsgüter;MD-01;MiniDisc-Player/Recorder;-;Prozent;ATG001;Ausstattungsgrad je 100 Haushalte
63111;Laufende Wirtschaftsrechnungen;STAG;Stichtag;2021-01-01;DINSGF;Früheres Bundesgebiet / Neue Länder;DF;Früheres Bundesgebiet;GUTGB2;Gebrauchsgüter;FOTO-DIGITAL-01;Digitalkamera (Fotoapparat digital);62,4;Prozent;ATG001;Ausstattungsgrad je 100 Haushalte
63111;Laufende Wirtschaftsrechnungen;STAG;Stichtag;2017-01-01;DINSGF;Früheres Bundesgebiet / Neue Länder;DN;Neue Länder;GUTGB2;Gebrauchsgüter;TROCK-01;Wäschetrockner (auch in Kombigeräten);-;Prozent;ATG001;Ausstattungsgrad je 100 Haushalte
63111;Laufende Wirtschaftsrechnungen;STAG;Stichtag;2017-01-01;DINSGF;Früheres Bundesgebiet / Neue Länder;DF;Früheres Bundesgebiet;GUTGB2;Gebrauchsgüter;PKW-01;Personenkraftwagen;-;Prozent;ATG001;Ausstattungsgrad je 100 Haushalte
63111;Laufende Wirtschaftsrechnungen;STAG;Stichtag;2014-01-01;DINSGF;Früheres Bundesgebiet / Neue Länder;DN;Neue Länder;GUTGB2;Gebrauchsgüter;KAFFEEM-04;Kaffeevollautomat;6,4;Prozent;ATG001;Ausstattungsgrad je 100 Haushalte
63111;Laufende Wirtschaftsrechnungen;STAG;Stichtag;2016-01-01;DINSGF;Früheres Bundesgebiet / Neue Länder;DF;Früheres Bundesgebiet;GUTGB2;Gebrauchsgüter;PKW-GEL-02;Pkw geleast, Elektroauto, Plug-in-Hybrid;-;Prozent;ATG001;Ausstattungsgrad je 100 Haushalte
63111;Laufende Wirtschaftsrechnungen;STAG;Stichtag;2021-01-01;DINSGF;Früheres Bundesgebiet / Neue Länder;DF;Früheres Bundesgebiet;GUTGB2;Gebrauchsgüter;PC-STAT-01;PC stationär;45,2;Prozent;ATG001;Ausstattungsgrad je 100 Haushalte
63111;Laufende Wirtschaftsrechnungen;STAG;Stichtag;2011-01-01;DINSGF;Früheres Bundesgebiet / Neue Länder;DN;Neue Länder;GUTGB2;Gebrauchsgüter;INTERNET-11;Internetanschluss, -zugang mobil;-;Prozent;ATG001;Ausstattungsgrad je 100 Haushalte
63111;Laufende Wirtschaftsrechnungen;STAG;Stichtag;2014-01-01;DINSGF;Früheres Bundesgebiet / Neue Länder;DN;Neue Länder;GUTGB2;Gebrauchsgüter;NAVIGASYS01;Navigationssystem;43,3;Prozent;ATG001;Ausstattungsgrad je 100 Haushalte
63111;Laufende Wirtschaftsrechnungen;STAG;Stichtag;2021-01-01;DINSGF;Früheres Bundesgebiet / Neue Länder;DF;Früheres Bundesgebiet;GUTGB2;Gebrauchsgüter;SMART-05;Smartes Haushaltsgerät;-;Prozent;ATG001;Ausstattungsgrad je 100 Haushalte
63111;Laufende Wirtschaftsrechnungen;STAG;Stichtag;2015-01-01;DINSGF;Früheres Bundesgebiet / Neue Länder;DN;Neue Länder;GUTGB2;Gebrauchsgüter;FAHRRAD-01;Fahrrad;77,7;Prozent;ATG001;Ausstattungsgrad je 100 Haushalte
63111;Laufende Wirtschaftsrechnungen;STAG;Stichtag;2022-01-01;DINSGF;Früheres Bundesgebiet / Neue Länder;DN;Neue Länder;GUTGB2;Gebrauchsgüter;SPIELE-01;Spielekonsole;26,2;Prozent;ATG001;Ausstattungsgrad je 100 Haushalte
63111;Laufende Wirtschaftsrechnungen;STAG;Stichtag;2022-01-01;DINSGF;Früheres Bundesgebiet / Neue Länder;DF;Früheres Bundesgebiet;GUTGB2;Gebrauchsgüter;CD-STAT-01;CD-Player stationär;-;Prozent;ATG001;Ausstattungsgrad je 100 Haushalte
63111;Laufende Wirtschaftsrechnungen;STAG;Stichtag;2016-01-01;DINSGF;Früheres Bundesgebiet / Neue Länder;DF;Früheres Bundesgebiet;GUTGB2;Gebrauchsgüter;TV-02;(Farb-)Fernsehgerät;97,7;Prozent;ATG001;Ausstattungsgrad je 100 Haushalte
63111;Laufende Wirtschaftsrechnungen;STAG;Stichtag;2016-01-01;DINSGF;Früheres Bundesgebiet / Neue Länder;DF;Früheres Bundesgebiet;GUTGB2;Gebrauchsgüter;SPUEL-01;Geschirrspülmaschine;71,2;Prozent;ATG001;Ausstattungsgrad je 100 Haushalte
63111;Laufende Wirtschaftsrechnungen;STAG;Stichtag;2015-01-01;DINSGF;Früheres Bundesgebiet / Neue Länder;DN;Neue Länder;GUTGB2;Gebrauchsgüter;KRAFTRAD-01;Krafträder;8,5;Prozent;ATG001;Ausstattungsgrad je 100 Haushalte
63111;Laufende Wirtschaftsrechnungen;STAG;Stichtag;2016-01-01;DINSGF;Früheres Bundesgebiet / Neue Länder;DF;Früheres Bundesgebiet;GUTGB2;Gebrauchsgüter;PKW-01;Personenkraftwagen;79,2;Prozent;ATG001;Ausstattungsgrad je 100 Haushalte
63111;Laufende Wirtschaftsrechnungen;STAG;Stichtag;2020-01-01;DINSGF;Früheres Bundesgebiet / Neue Länder;DN;Neue Länder;GUTGB2;Gebrauchsgüter;CAM-01;Camcorder (Videokamera);14,0;Prozent;ATG001;Ausstattungsgrad je 100 Haushalte
63111;Laufende Wirtschaftsrechnungen;STAG;Stichtag;2014-01-01;DINSGF;Früheres Bundesgebiet / Neue Länder;DN;Neue Länder;GUTGB2;Gebrauchsgüter;BRD-01;Blu-ray-Gerät;-;Prozent;ATG001;Ausstattungsgrad je 100 Haushalte
63111;Laufende Wirtschaftsrechnungen;STAG;Stichtag;2011-01-01;DINSGF;Früheres Bundesgebiet / Neue Länder;DN;Neue Länder;GUTGB2;Gebrauchsgüter;TV-02;(Farb-)Fernsehgerät;96,3;Prozent;ATG001;Ausstattungsgrad je 100 Haushalte
63111;Laufende Wirtschaftsrechnungen;STAG;Stichtag;2011-01-01;DINSGF;Früheres Bundesgebiet / Neue Länder;DN;Neue Länder;GUTGB2;Gebrauchsgüter;DEC-DVBT-01;DVB-T-Gerät (Decoder);22,0;Prozent;ATG001;Ausstattungsgrad je 100 Haushalte
63111;Laufende Wirtschaftsrechnungen;STAG;Stichtag;2014-01-01;DINSGF;Früheres Bundesgebiet / Neue Länder;DF;Früheres Bundesgebiet;GUTGB2;Gebrauchsgüter;RADIO-REC-01;Radiorecorder/Stereorundfunkgerät;-;Prozent;ATG001;Ausstattungsgrad je 100 Haushalte
63111;Laufende Wirtschaftsrechnungen;STAG;Stichtag;2019-01-01;DINSGF;Früheres Bundesgebiet / Neue Länder;DF;Früheres Bundesgebiet;GUTGB2;Gebrauchsgüter;PKW-NEU-01;Personenkraftwagen fabrikneu gekauft;33,6;Prozent;ATG001;Ausstattungsgrad je 100 Haushalte
63111;Laufende Wirtschaftsrechnungen;STAG;Stichtag;2011-01-01;DINSGF;Früheres Bundesgebiet / Neue Länder;DF;Früheres Bundesgebiet;GUTGB2;Gebrauchsgüter;DEC-PAYTV-01;Pay-TV-Decoder;5,7;Prozent;ATG001;Ausstattungsgrad je 100 Haushalte
63111;Laufende Wirtschaftsrechnungen;STAG;Stichtag;2014-01-01;DINSGF;Früheres Bundesgebiet / Neue Länder;DN;Neue Länder;GUTGB2;Gebrauchsgüter;DVD-BRD-01;DVD- und Blu-ray-Gerät;-;Prozent;ATG001;Ausstattungsgrad je 100 Haushalte
63111;Laufende Wirtschaftsrechnungen;STAG;Stichtag;2021-01-01;DINSGF;Früheres Bundesgebiet / Neue Länder;DF;Früheres Bundesgebiet;GUTGB2;Gebrauchsgüter;WASCHM-01;Waschmaschine;95,9;Prozent;ATG001;Ausstattungsgrad je 100 Haushalte
63111;Laufende Wirtschaftsrechnungen;STAG;Stichtag;2020-01-01;DINSGF;Früheres Bundesgebiet / Neue Länder;DN;Neue Länder;GUTGB2;Gebrauchsgüter;DVD-02;DVD-Player/Recorder;-;Prozent;ATG001;Ausstattungsgrad je 100 Haushalte
63111;Laufende Wirtschaftsrechnungen;STAG;Stichtag;2014-01-01;DINSGF;Früheres Bundesgebiet / Neue Länder;DN;Neue Länder;GUTGB2;Gebrauchsgüter;KUEHL-01;Kühlschrank (auch Gefrier- und Kühlkombination);100,0;Prozent;ATG001;Ausstattungsgrad je 100 Haushalte
63111;Laufende Wirtschaftsrechnungen;STAG;Stichtag;2020-01-01;DINSGF;Früheres Bundesgebiet / Neue Länder;DF;Früheres Bundesgebiet;GUTGB2;Gebrauchsgüter;FAHRRAD-01;Fahrrad;78,8;Prozent;ATG001;Ausstattungsgrad je 100 Haushalte
63111;Laufende Wirtschaftsrechnungen;STAG;Stichtag;2016-01-01;DINSGF;Früheres Bundesgebiet / Neue Länder;DN;Neue Länder;GUTGB2;Gebrauchsgüter;KRAFTRAD-01;Krafträder;8,7;Prozent;ATG001;Ausstattungsgrad je 100 Haushalte
63111;Laufende Wirtschaftsrechnungen;STAG;Stichtag;2021-01-01;DINSGF;Früheres Bundesgebiet / Neue Länder;DN;Neue Länder;GUTGB2;Gebrauchsgüter;BRD-01;Blu-ray-Gerät;25,5;Prozent;ATG001;Ausstattungsgrad je 100 Haushalte
63111;Laufende Wirtschaftsrechnungen;STAG;Stichtag;2019-01-01;DINSGF;Früheres Bundesgebiet / Neue Länder;DN;Neue Länder;GUTGB2;Gebrauchsgüter;DVD-BRD-01;DVD- und Blu-ray-Gerät;63,4;Prozent;ATG001;Ausstattungsgrad je 100 Haushalte
63111;Laufende Wirtschaftsrechnungen;STAG;Stichtag;2010-01-01;DINSGF;Früheres Bundesgebiet / Neue Länder;DN;Neue Länder;GUTGB2;Gebrauchsgüter;MIKROW-01;Mikrowellengerät;73,0;Prozent;ATG001;Ausstattungsgrad je 100 Haushalte
63111;Laufende Wirtschaftsrechnungen;STAG;Stichtag;2011-01-01;DINSGF;Früheres Bundesgebiet / Neue Länder;DN;Neue Länder;GUTGB2;Gebrauchsgüter;TEL-01;Telefon;99,8;Prozent;ATG001;Ausstattungsgrad je 100 Haushalte
63111;Laufende Wirtschaftsrechnungen;STAG;Stichtag;2010-01-01;DINSGF;Früheres Bundesgebiet / Neue Länder;DF;Früheres Bundesgebiet;GUTGB2;Gebrauchsgüter;KRAFTRAD-05;Kraftrad mit Führerscheinpflicht;-;Prozent;ATG001;Ausstattungsgrad je 100 Haushalte
63111;Laufende Wirtschaftsrechnungen;STAG;Stichtag;2015-01-01;DINSGF;Früheres Bundesgebiet / Neue Länder;DN;Neue Länder;GUTGB2;Gebrauchsgüter;PKW-GEL-01;Personenkraftwagen geleast;2,5;Prozent;ATG001;Ausstattungsgrad je 100 Haushalte
63111;Laufende Wirtschaftsrechnungen;STAG;Stichtag;2015-01-01;DINSGF;Früheres Bundesgebiet / Neue Länder;DN;Neue Länder;GUTGB2;Gebrauchsgüter;TEL-MOBIL-01;Telefon mobil (Autotelefon, Handy);93,2;Prozent;ATG001;Ausstattungsgrad je 100 Haushalte
63111;Laufende Wirtschaftsrechnungen;STAG;Stichtag;2014-01-01;DINSGF;Früheres Bundesgebiet / Neue Länder;DN;Neue Länder;GUTGB2;Gebrauchsgüter;FOTO-DIGITAL-01;Digitalkamera (Fotoapparat digital);72,8;Prozent;ATG001;Ausstattungsgrad je 100 Haushalte
63111;Laufende Wirtschaftsrechnungen;STAG;Stichtag;2016-01-01;DINSGF;Früheres Bundesgebiet / Neue Länder;DF;Früheres Bundesgebiet;GUTGB2;Gebrauchsgüter;TEL-MOBIL-01;Telefon mobil (Autotelefon, Handy);95,2;Prozent;ATG001;Ausstattungsgrad je 100 Haushalte
63111;Laufende Wirtschaftsrechnungen;STAG;Stichtag;2011-01-01;DINSGF;Früheres Bundesgebiet / Neue Länder;DF;Früheres Bundesgebiet;GUTGB2;Gebrauchsgüter;KAFFEEM-02;Filterkaffeemaschine;-;Prozent;ATG001;Ausstattungsgrad je 100 Haushalte
63111;Laufende Wirtschaftsrechnungen;STAG;Stichtag;2020-01-01;DINSGF;Früheres Bundesgebiet / Neue Länder;DN;Neue Länder;GUTGB2;Gebrauchsgüter;TEL-MOBIL-01;Telefon mobil (Autotelefon, Handy);97,7;Prozent;ATG001;Ausstattungsgrad je 100 Haushalte
63111;Laufende Wirtschaftsrechnungen;STAG;Stichtag;2010-01-01;DINSGF;Früheres Bundesgebiet / Neue Länder;DF;Früheres Bundesgebiet;GUTGB2;Gebrauchsgüter;FAHRRAD-01;Fahrrad;81,2;Prozent;ATG001;Ausstattungsgrad je 100 Haushalte
63111;Laufende Wirtschaftsrechnungen;STAG;Stichtag;2010-01-01;DINSGF;Früheres Bundesgebiet / Neue Länder;DN;Neue Länder;GUTGB2;Gebrauchsgüter;DEC-PAYTV-01;Pay-TV-Decoder;3,0;Prozent;ATG001;Ausstattungsgrad je 100 Haushalte
63111;Laufende Wirtschaftsrechnungen;STAG;Stichtag;2017-01-01;DINSGF;Früheres Bundesgebiet / Neue Länder;DN;Neue Länder;GUTGB2;Gebrauchsgüter;KRAFTRAD-01;Krafträder;-;Prozent;ATG001;Ausstattungsgrad je 100 Haushalte
63111;Laufende Wirtschaftsrechnungen;STAG;Stichtag;2020-01-01;DINSGF;Früheres Bundesgebiet / Neue Länder;DN;Neue Länder;GUTGB2;Gebrauchsgüter;BRD-01;Blu-ray-Gerät;25,2;Prozent;ATG001;Ausstattungsgrad je 100 Haushalte
63111;Laufende Wirtschaftsrechnungen;STAG;Stichtag;2015-01-01;DINSGF;Früheres Bundesgebiet / Neue Länder;DF;Früheres Bundesgebiet;GUTGB2;Gebrauchsgüter;WASCHM-01;Waschmaschine;93,6;Prozent;ATG001;Ausstattungsgrad je 100 Haushalte
63111;Laufende Wirtschaftsrechnungen;STAG;Stichtag;2016-01-01;DINSGF;Früheres Bundesgebiet / Neue Länder;DN;Neue Länder;GUTGB2;Gebrauchsgüter;PC-STAT-01;PC stationär;46,3;Prozent;ATG001;Ausstattungsgrad je 100 Haushalte
63111;Laufende Wirtschaftsrechnungen;STAG;Stichtag;2011-01-01;DINSGF;Früheres Bundesgebiet / Neue Länder;DF;Früheres Bundesgebiet;GUTGB2;Gebrauchsgüter;SPUEL-01;Geschirrspülmaschine;68,8;Prozent;ATG001;Ausstattungsgrad je 100 Haushalte
63111;Laufende Wirtschaftsrechnungen;STAG;Stichtag;2015-01-01;DINSGF;Früheres Bundesgebiet / Neue Länder;DN;Neue Länder;GUTGB2;Gebrauchsgüter;SPORT-HOME-01;Sportgeräte (Heimtrainer);23,0;Prozent;ATG001;Ausstattungsgrad je 100 Haushalte
63111;Laufende Wirtschaftsrechnungen;STAG;Stichtag;2010-01-01;DINSGF;Früheres Bundesgebiet / Neue Länder;DN;Neue Länder;GUTGB2;Gebrauchsgüter;TEL-01;Telefon;99,9;Prozent;ATG001;Ausstattungsgrad je 100 Haushalte
63111;Laufende Wirtschaftsrechnungen;STAG;Stichtag;2022-01-01;DINSGF;Früheres Bundesgebiet / Neue Länder;DN;Neue Länder;GUTGB2;Gebrauchsgüter;SMART-01;Smart TV (Fernseher);55,6;Prozent;ATG001;Ausstattungsgrad je 100 Haushalte
63111;Laufende Wirtschaftsrechnungen;STAG;Stichtag;2011-01-01;DINSGF;Früheres Bundesgebiet / Neue Länder;DF;Früheres Bundesgebiet;GUTGB2;Gebrauchsgüter;TEL-SMART;Smartphone;-;Prozent;ATG001;Ausstattungsgrad je 100 Haushalte
63111;Laufende Wirtschaftsrechnungen;STAG;Stichtag;2011-01-01;DINSGF;Früheres Bundesgebiet / Neue Länder;DN;Neue Länder;GUTGB2;Gebrauchsgüter;DVD-02;DVD-Player/Recorder;73,4;Prozent;ATG001;Ausstattungsgrad je 100 Haushalte
63111;Laufende Wirtschaftsrechnungen;STAG;Stichtag;2011-01-01;DINSGF;Früheres Bundesgebiet / Neue Länder;DF;Früheres Bundesgebiet;GUTGB2;Gebrauchsgüter;ANSCHL-KAB-01;Kabel-TV-Anschluss;-;Prozent;ATG001;Ausstattungsgrad je 100 Haushalte
63111;Laufende Wirtschaftsrechnungen;STAG;Stichtag;2019-01-01;DINSGF;Früheres Bundesgebiet / Neue Länder;DN;Neue Länder;GUTGB2;Gebrauchsgüter;ANTW-STAT-01;Anrufbeantworter stationär;-;Prozent;ATG001;Ausstattungsgrad je 100 Haushalte
63111;Laufende Wirtschaftsrechnungen;STAG;Stichtag;2017-01-01;DINSGF;Früheres Bundesgebiet / Neue Länder;DN;Neue Länder;GUTGB2;Gebrauchsgüter;SPUEL-01;Geschirrspülmaschine;-;Prozent;ATG001;Ausstattungsgrad je 100 Haushalte
63111;Laufende Wirtschaftsrechnungen;STAG;Stichtag;2019-01-01;DINSGF;Früheres Bundesgebiet / Neue Länder;DN;Neue Länder;GUTGB2;Gebrauchsgüter;SMART-02;Smart Speaker (intelligenter/WLAN-Lautsprecher);-;Prozent;ATG001;Ausstattungsgrad je 100 Haushalte
63111;Laufende Wirtschaftsrechnungen;STAG;Stichtag;2015-01-01;DINSGF;Früheres Bundesgebiet / Neue Länder;DN;Neue Länder;GUTGB2;Gebrauchsgüter;TEL-SMART;Smartphone;-;Prozent;ATG001;Ausstattungsgrad je 100 Haushalte
63111;Laufende Wirtschaftsrechnungen;STAG;Stichtag;2019-01-01;DINSGF;Früheres Bundesgebiet / Neue Länder;DF;Früheres Bundesgebiet;GUTGB2;Gebrauchsgüter;ANSCHL-KAB-01;Kabel-TV-Anschluss;42,6;Prozent;ATG001;Ausstattungsgrad je 100 Haushalte
63111;Laufende Wirtschaftsrechnungen;STAG;Stichtag;2011-01-01;DINSGF;Früheres Bundesgebiet / Neue Länder;DN;Neue Länder;GUTGB2;Gebrauchsgüter;TEL-MOBIL-01;Telefon mobil (Autotelefon, Handy);90,2;Prozent;ATG001;Ausstattungsgrad je 100 Haushalte
63111;Laufende Wirtschaftsrechnungen;STAG;Stichtag;2010-01-01;DINSGF;Früheres Bundesgebiet / Neue Länder;DF;Früheres Bundesgebiet;GUTGB2;Gebrauchsgüter;MODEM-01;Modem für Datenübertragung;-;Prozent;ATG001;Ausstattungsgrad je 100 Haushalte
63111;Laufende Wirtschaftsrechnungen;STAG;Stichtag;2022-01-01;DINSGF;Früheres Bundesgebiet / Neue Länder;DN;Neue Länder;GUTGB2;Gebrauchsgüter;TV-02;(Farb-)Fernsehgerät;97,0;Prozent;ATG001;Ausstattungsgrad je 100 Haushalte
63111;Laufende Wirtschaftsrechnungen;STAG;Stichtag;2014-01-01;DINSGF;Früheres Bundesgebiet / Neue Länder;DN;Neue Länder;GUTGB2;Gebrauchsgüter;PKW-GEL-02;Pkw geleast, Elektroauto, Plug-in-Hybrid;-;Prozent;ATG001;Ausstattungsgrad je 100 Haushalte
63111;Laufende Wirtschaftsrechnungen;STAG;Stichtag;2014-01-01;DINSGF;Früheres Bundesgebiet / Neue Länder;DN;Neue Länder;GUTGB2;Gebrauchsgüter;KRAFTRAD-01;Krafträder;8,5;Prozent;ATG001;Ausstattungsgrad je 100 Haushalte
63111;Laufende Wirtschaftsrechnungen;STAG;Stichtag;2016-01-01;DINSGF;Früheres Bundesgebiet / Neue Länder;DF;Früheres Bundesgebiet;GUTGB2;Gebrauchsgüter;ISDN-01;ISDN-Anschluss;-;Prozent;ATG001;Ausstattungsgrad je 100 Haushalte
63111;Laufende Wirtschaftsrechnungen;STAG;Stichtag;2010-01-01;DINSGF;Früheres Bundesgebiet / Neue Länder;DN;Neue Länder;GUTGB2;Gebrauchsgüter;INTERNET-11;Internetanschluss, -zugang mobil;-;Prozent;ATG001;Ausstattungsgrad je 100 Haushalte
63111;Laufende Wirtschaftsrechnungen;STAG;Stichtag;2011-01-01;DINSGF;Früheres Bundesgebiet / Neue Länder;DF;Früheres Bundesgebiet;GUTGB2;Gebrauchsgüter;PKW-GEL-02;Pkw geleast, Elektroauto, Plug-in-Hybrid;-;Prozent;ATG001;Ausstattungsgrad je 100 Haushalte
63111;Laufende Wirtschaftsrechnungen;STAG;Stichtag;2011-01-01;DINSGF;Früheres Bundesgebiet / Neue Länder;DF;Früheres Bundesgebiet;GUTGB2;Gebrauchsgüter;PC-STAT-01;PC stationär;62,0;Prozent;ATG001;Ausstattungsgrad je 100 Haushalte
63111;Laufende Wirtschaftsrechnungen;STAG;Stichtag;2010-01-01;DINSGF;Früheres Bundesgebiet / Neue Länder;DF;Früheres Bundesgebiet;GUTGB2;Gebrauchsgüter;INTERNET-11;Internetanschluss, -zugang mobil;-;Prozent;ATG001;Ausstattungsgrad je 100 Haushalte
63111;Laufende Wirtschaftsrechnungen;STAG;Stichtag;2020-01-01;DINSGF;Früheres Bundesgebiet / Neue Länder;DF;Früheres Bundesgebiet;GUTGB2;Gebrauchsgüter;GEFRIER-01;Gefrierschrank, Gefriertruhe (Einzelgeräte);50,3;Prozent;ATG001;Ausstattungsgrad je 100 Haushalte
63111;Laufende Wirtschaftsrechnungen;STAG;Stichtag;2015-01-01;DINSGF;Früheres Bundesgebiet / Neue Länder;DF;Früheres Bundesgebiet;GUTGB2;Gebrauchsgüter;SPORT-HOME-01;Sportgeräte (Heimtrainer);27,2;Prozent;ATG001;Ausstattungsgrad je 100 Haushalte
63111;Laufende Wirtschaftsrechnungen;STAG;Stichtag;2022-01-01;DINSGF;Früheres Bundesgebiet / Neue Länder;DN;Neue Länder;GUTGB2;Gebrauchsgüter;DVD-BRD-01;DVD- und Blu-ray-Gerät;56,3;Prozent;ATG001;Ausstattungsgrad je 100 Haushalte
63111;Laufende Wirtschaftsrechnungen;STAG;Stichtag;2015-01-01;DINSGF;Früheres Bundesgebiet / Neue Länder;DF;Früheres Bundesgebiet;GUTGB2;Gebrauchsgüter;PKW-07;Personenkraftwagen, Elektroauto, Plug-in-Hybrid;-;Prozent;ATG001;Ausstattungsgrad je 100 Haushalte
63111;Laufende Wirtschaftsrechnungen;STAG;Stichtag;2016-01-01;DINSGF;Früheres Bundesgebiet / Neue Länder;DF;Früheres Bundesgebiet;GUTGB2;Gebrauchsgüter;KAFFEEM-02;Filterkaffeemaschine;58,5;Prozent;ATG001;Ausstattungsgrad je 100 Haushalte
63111;Laufende Wirtschaftsrechnungen;STAG;Stichtag;2022-01-01;DINSGF;Früheres Bundesgebiet / Neue Länder;DF;Früheres Bundesgebiet;GUTGB2;Gebrauchsgüter;PKW-07;Personenkraftwagen, Elektroauto, Plug-in-Hybrid;3,9;Prozent;ATG001;Ausstattungsgrad je 100 Haushalte
63111;Laufende Wirtschaftsrechnungen;STAG;Stichtag;2015-01-01;DINSGF;Früheres Bundesgebiet / Neue Länder;DF;Früheres Bundesgebiet;GUTGB2;Gebrauchsgüter;KUEHL-01;Kühlschrank (auch Gefrier- und Kühlkombination);99,8;Prozent;ATG001;Ausstattungsgrad je 100 Haushalte
63111;Laufende Wirtschaftsrechnungen;STAG;Stichtag;2020-01-01;DINSGF;Früheres Bundesgebiet / Neue Länder;DF;Früheres Bundesgebiet;GUTGB2;Gebrauchsgüter;ANSCHL-ANT-01;Antennen-TV-Anschluss (DVB-T);10,5;Prozent;ATG001;Ausstattungsgrad je 100 Haushalte
63111;Laufende Wirtschaftsrechnungen;STAG;Stichtag;2010-01-01;DINSGF;Früheres Bundesgebiet / Neue Länder;DF;Früheres Bundesgebiet;GUTGB2;Gebrauchsgüter;PKW-GEBR-02;Pkw gebraucht gekauft, Elektroauto, Plug-in-Hybrid;-;Prozent;ATG001;Ausstattungsgrad je 100 Haushalte
63111;Laufende Wirtschaftsrechnungen;STAG;Stichtag;2021-01-01;DINSGF;Früheres Bundesgebiet / Neue Länder;DN;Neue Länder;GUTGB2;Gebrauchsgüter;CD-REC-01;CD-Recorder;-;Prozent;ATG001;Ausstattungsgrad je 100 Haushalte
63111;Laufende Wirtschaftsrechnungen;STAG;Stichtag;2010-01-01;DINSGF;Früheres Bundesgebiet / Neue Länder;DF;Früheres Bundesgebiet;GUTGB2;Gebrauchsgüter;GEFRIER-01;Gefrierschrank, Gefriertruhe (Einzelgeräte);56,9;Prozent;ATG001;Ausstattungsgrad je 100 Haushalte
63111;Laufende Wirtschaftsrechnungen;STAG;Stichtag;2011-01-01;DINSGF;Früheres Bundesgebiet / Neue Länder;DF;Früheres Bundesgebiet;GUTGB2;Gebrauchsgüter;PC-MOBIL-04;Laptop/Notebook, Netbook;-;Prozent;ATG001;Ausstattungsgrad je 100 Haushalte
63111;Laufende Wirtschaftsrechnungen;STAG;Stichtag;2015-01-01;DINSGF;Früheres Bundesgebiet / Neue Länder;DN;Neue Länder;GUTGB2;Gebrauchsgüter;NAVIGASYS01;Navigationssystem;44,7;Prozent;ATG001;Ausstattungsgrad je 100 Haushalte
63111;Laufende Wirtschaftsrechnungen;STAG;Stichtag;2022-01-01;DINSGF;Früheres Bundesgebiet / Neue Länder;DN;Neue Länder;GUTGB2;Gebrauchsgüter;RADIO-REC-01;Radiorecorder/Stereorundfunkgerät;-;Prozent;ATG001;Ausstattungsgrad je 100 Haushalte
63111;Laufende Wirtschaftsrechnungen;STAG;Stichtag;2010-01-01;DINSGF;Früheres Bundesgebiet / Neue Länder;DN;Neue Länder;GUTGB2;Gebrauchsgüter;PKW-GEL-01;Personenkraftwagen geleast;2,3;Prozent;ATG001;Ausstattungsgrad je 100 Haushalte
63111;Laufende Wirtschaftsrechnungen;STAG;Stichtag;2016-01-01;DINSGF;Früheres Bundesgebiet / Neue Länder;DF;Früheres Bundesgebiet;GUTGB2;Gebrauchsgüter;PC-01;Personalcomputer;89,1;Prozent;ATG001;Ausstattungsgrad je 100 Haushalte
63111;Laufende Wirtschaftsrechnungen;STAG;Stichtag;2017-01-01;DINSGF;Früheres Bundesgebiet / Neue Länder;DN;Neue Länder;GUTGB2;Gebrauchsgüter;RADIO-REC-01;Radiorecorder/Stereorundfunkgerät;-;Prozent;ATG001;Ausstattungsgrad je 100 Haushalte
63111;Laufende Wirtschaftsrechnungen;STAG;Stichtag;2014-01-01;DINSGF;Früheres Bundesgebiet / Neue Länder;DF;Früheres Bundesgebiet;GUTGB2;Gebrauchsgüter;SMART-03;Smartes Energiemanagementsystem;-;Prozent;ATG001;Ausstattungsgrad je 100 Haushalte
63111;Laufende Wirtschaftsrechnungen;STAG;Stichtag;2019-01-01;DINSGF;Früheres Bundesgebiet / Neue Länder;DF;Früheres Bundesgebiet;GUTGB2;Gebrauchsgüter;SMART-01;Smart TV (Fernseher);-;Prozent;ATG001;Ausstattungsgrad je 100 Haushalte
63111;Laufende Wirtschaftsrechnungen;STAG;Stichtag;2011-01-01;DINSGF;Früheres Bundesgebiet / Neue Länder;DN;Neue Länder;GUTGB2;Gebrauchsgüter;SAT-01;Satellitenempfangsanlage;34,5;Prozent;ATG001;Ausstattungsgrad je 100 Haushalte
63111;Laufende Wirtschaftsrechnungen;STAG;Stichtag;2011-01-01;DINSGF;Früheres Bundesgebiet / Neue Länder;DF;Früheres Bundesgebiet;GUTGB2;Gebrauchsgüter;PKW-NEU-02;Pkw fabrikneu gekauft, Elektroauto, Plug-in-Hybrid;-;Prozent;ATG001;Ausstattungsgrad je 100 Haushalte
63111;Laufende Wirtschaftsrechnungen;STAG;Stichtag;2016-01-01;DINSGF;Früheres Bundesgebiet / Neue Länder;DF;Früheres Bundesgebiet;GUTGB2;Gebrauchsgüter;DVD-BRD-01;DVD- und Blu-ray-Gerät;65,1;Prozent;ATG001;Ausstattungsgrad je 100 Haushalte
63111;Laufende Wirtschaftsrechnungen;STAG;Stichtag;2014-01-01;DINSGF;Früheres Bundesgebiet / Neue Länder;DF;Früheres Bundesgebiet;GUTGB2;Gebrauchsgüter;VIDEO-REC-01;Videorecorder;-;Prozent;ATG001;Ausstattungsgrad je 100 Haushalte
63111;Laufende Wirtschaftsrechnungen;STAG;Stichtag;2014-01-01;DINSGF;Früheres Bundesgebiet / Neue Länder;DN;Neue Länder;GUTGB2;Gebrauchsgüter;ISDN-01;ISDN-Anschluss;-;Prozent;ATG001;Ausstattungsgrad je 100 Haushalte
63111;Laufende Wirtschaftsrechnungen;STAG;Stichtag;2015-01-01;DINSGF;Früheres Bundesgebiet / Neue Länder;DF;Früheres Bundesgebiet;GUTGB2;Gebrauchsgüter;FAHRRAD-03;E-Scooter (Tretroller m.Elektroantr. oh. Füh.pfl.);-;Prozent;ATG001;Ausstattungsgrad je 100 Haushalte
63111;Laufende Wirtschaftsrechnungen;STAG;Stichtag;2021-01-01;DINSGF;Früheres Bundesgebiet / Neue Länder;DN;Neue Länder;GUTGB2;Gebrauchsgüter;SPUEL-01;Geschirrspülmaschine;66,8;Prozent;ATG001;Ausstattungsgrad je 100 Haushalte
63111;Laufende Wirtschaftsrechnungen;STAG;Stichtag;2021-01-01;DINSGF;Früheres Bundesgebiet / Neue Länder;DF;Früheres Bundesgebiet;GUTGB2;Gebrauchsgüter;PKW-NEU-02;Pkw fabrikneu gekauft, Elektroauto, Plug-in-Hybrid;1,2;Prozent;ATG001;Ausstattungsgrad je 100 Haushalte
63111;Laufende Wirtschaftsrechnungen;STAG;Stichtag;2020-01-01;DINSGF;Früheres Bundesgebiet / Neue Länder;DN;Neue Länder;GUTGB2;Gebrauchsgüter;FOTO-DIGITAL-01;Digitalkamera (Fotoapparat digital);62,4;Prozent;ATG001;Ausstattungsgrad je 100 Haushalte
63111;Laufende Wirtschaftsrechnungen;STAG;Stichtag;2019-01-01;DINSGF;Früheres Bundesgebiet / Neue Länder;DN;Neue Länder;GUTGB2;Gebrauchsgüter;DEC-PAYTV-01;Pay-TV-Decoder;17,8;Prozent;ATG001;Ausstattungsgrad je 100 Haushalte
63111;Laufende Wirtschaftsrechnungen;STAG;Stichtag;2014-01-01;DINSGF;Früheres Bundesgebiet / Neue Länder;DN;Neue Länder;GUTGB2;Gebrauchsgüter;SAT-01;Satellitenempfangsanlage;32,0;Prozent;ATG001;Ausstattungsgrad je 100 Haushalte
63111;Laufende Wirtschaftsrechnungen;STAG;Stichtag;2017-01-01;DINSGF;Früheres Bundesgebiet / Neue Länder;DF;Früheres Bundesgebiet;GUTGB2;Gebrauchsgüter;ANSCHL-ANT-01;Antennen-TV-Anschluss (DVB-T);-;Prozent;ATG001;Ausstattungsgrad je 100 Haushalte
63111;Laufende Wirtschaftsrechnungen;STAG;Stichtag;2019-01-01;DINSGF;Früheres Bundesgebiet / Neue Länder;DF;Früheres Bundesgebiet;GUTGB2;Gebrauchsgüter;TEL-01;Telefon;99,9;Prozent;ATG001;Ausstattungsgrad je 100 Haushalte
63111;Laufende Wirtschaftsrechnungen;STAG;Stichtag;2020-01-01;DINSGF;Früheres Bundesgebiet / Neue Länder;DF;Früheres Bundesgebiet;GUTGB2;Gebrauchsgüter;FAHRRAD-03;E-Scooter (Tretroller m.Elektroantr. oh. Füh.pfl.);-;Prozent;ATG001;Ausstattungsgrad je 100 Haushalte
63111;Laufende Wirtschaftsrechnungen;STAG;Stichtag;2010-01-01;DINSGF;Früheres Bundesgebiet / Neue Länder;DN;Neue Länder;GUTGB2;Gebrauchsgüter;PKW-NEU-01;Personenkraftwagen fabrikneu gekauft;34,0;Prozent;ATG001;Ausstattungsgrad je 100 Haushalte
63111;Laufende Wirtschaftsrechnungen;STAG;Stichtag;2022-01-01;DINSGF;Früheres Bundesgebiet / Neue Länder;DF;Früheres Bundesgebiet;GUTGB2;Gebrauchsgüter;ANSCHL-KAB-01;Kabel-TV-Anschluss;41,1;Prozent;ATG001;Ausstattungsgrad je 100 Haushalte
63111;Laufende Wirtschaftsrechnungen;STAG;Stichtag;2022-01-01;DINSGF;Früheres Bundesgebiet / Neue Länder;DN;Neue Länder;GUTGB2;Gebrauchsgüter;KRAFTRAD-01;Krafträder;-;Prozent;ATG001;Ausstattungsgrad je 100 Haushalte
63111;Laufende Wirtschaftsrechnungen;STAG;Stichtag;2014-01-01;DINSGF;Früheres Bundesgebiet / Neue Länder;DN;Neue Länder;GUTGB2;Gebrauchsgüter;CD-01;CD-Player/CD-Recorder (auch im PC);-;Prozent;ATG001;Ausstattungsgrad je 100 Haushalte
63111;Laufende Wirtschaftsrechnungen;STAG;Stichtag;2014-01-01;DINSGF;Früheres Bundesgebiet / Neue Länder;DN;Neue Länder;GUTGB2;Gebrauchsgüter;TV-03;Flachbildfernseher (LCD, Plasma);78,7;Prozent;ATG001;Ausstattungsgrad je 100 Haushalte
63111;Laufende Wirtschaftsrechnungen;STAG;Stichtag;2017-01-01;DINSGF;Früheres Bundesgebiet / Neue Länder;DF;Früheres Bundesgebiet;GUTGB2;Gebrauchsgüter;GEFRIER-01;Gefrierschrank, Gefriertruhe (Einzelgeräte);-;Prozent;ATG001;Ausstattungsgrad je 100 Haushalte
63111;Laufende Wirtschaftsrechnungen;STAG;Stichtag;2020-01-01;DINSGF;Früheres Bundesgebiet / Neue Länder;DN;Neue Länder;GUTGB2;Gebrauchsgüter;SAT-01;Satellitenempfangsanlage;-;Prozent;ATG001;Ausstattungsgrad je 100 Haushalte
63111;Laufende Wirtschaftsrechnungen;STAG;Stichtag;2016-01-01;DINSGF;Früheres Bundesgebiet / Neue Länder;DF;Früheres Bundesgebiet;GUTGB2;Gebrauchsgüter;FOTO-ANALOG-01;Fotoapparat analog;32,8;Prozent;ATG001;Ausstattungsgrad je 100 Haushalte
63111;Laufende Wirtschaftsrechnungen;STAG;Stichtag;2019-01-01;DINSGF;Früheres Bundesgebiet / Neue Länder;DN;Neue Länder;GUTGB2;Gebrauchsgüter;CAM-ANALOG-01;Camcorder (Videokamera) analog;5,5;Prozent;ATG001;Ausstattungsgrad je 100 Haushalte
63111;Laufende Wirtschaftsrechnungen;STAG;Stichtag;2020-01-01;DINSGF;Früheres Bundesgebiet / Neue Länder;DN;Neue Länder;GUTGB2;Gebrauchsgüter;CAM-DIGITAL-01;Camcorder (Videokamera) digital;8,0;Prozent;ATG001;Ausstattungsgrad je 100 Haushalte
63111;Laufende Wirtschaftsrechnungen;STAG;Stichtag;2019-01-01;DINSGF;Früheres Bundesgebiet / Neue Länder;DN;Neue Länder;GUTGB2;Gebrauchsgüter;MODEM-01;Modem für Datenübertragung;-;Prozent;ATG001;Ausstattungsgrad je 100 Haushalte
63111;Laufende Wirtschaftsrechnungen;STAG;Stichtag;2021-01-01;DINSGF;Früheres Bundesgebiet / Neue Länder;DN;Neue Länder;GUTGB2;Gebrauchsgüter;TEL-SMART;Smartphone;85,1;Prozent;ATG001;Ausstattungsgrad je 100 Haushalte
63111;Laufende Wirtschaftsrechnungen;STAG;Stichtag;2015-01-01;DINSGF;Früheres Bundesgebiet / Neue Länder;DN;Neue Länder;GUTGB2;Gebrauchsgüter;KAFFEEM-03;Pad- oder Kapselmaschine;26,9;Prozent;ATG001;Ausstattungsgrad je 100 Haushalte
63111;Laufende Wirtschaftsrechnungen;STAG;Stichtag;2010-01-01;DINSGF;Früheres Bundesgebiet / Neue Länder;DF;Früheres Bundesgebiet;GUTGB2;Gebrauchsgüter;FAHRRAD-03;E-Scooter (Tretroller m.Elektroantr. oh. Füh.pfl.);-;Prozent;ATG001;Ausstattungsgrad je 100 Haushalte
63111;Laufende Wirtschaftsrechnungen;STAG;Stichtag;2015-01-01;DINSGF;Früheres Bundesgebiet / Neue Länder;DF;Früheres Bundesgebiet;GUTGB2;Gebrauchsgüter;ISDN-01;ISDN-Anschluss;-;Prozent;ATG001;Ausstattungsgrad je 100 Haushalte
63111;Laufende Wirtschaftsrechnungen;STAG;Stichtag;2011-01-01;DINSGF;Früheres Bundesgebiet / Neue Länder;DN;Neue Länder;GUTGB2;Gebrauchsgüter;CAM-ANALOG-01;Camcorder (Videokamera) analog;12,1;Prozent;ATG001;Ausstattungsgrad je 100 Haushalte
63111;Laufende Wirtschaftsrechnungen;STAG;Stichtag;2014-01-01;DINSGF;Früheres Bundesgebiet / Neue Länder;DN;Neue Länder;GUTGB2;Gebrauchsgüter;FAHRRAD-02;Pedelec (E-Bike ohne Führerscheinpflicht);1,6;Prozent;ATG001;Ausstattungsgrad je 100 Haushalte
63111;Laufende Wirtschaftsrechnungen;STAG;Stichtag;2020-01-01;DINSGF;Früheres Bundesgebiet / Neue Länder;DF;Früheres Bundesgebiet;GUTGB2;Gebrauchsgüter;SPUEL-01;Geschirrspülmaschine;73,8;Prozent;ATG001;Ausstattungsgrad je 100 Haushalte
63111;Laufende Wirtschaftsrechnungen;STAG;Stichtag;2021-01-01;DINSGF;Früheres Bundesgebiet / Neue Länder;DN;Neue Länder;GUTGB2;Gebrauchsgüter;KRAFTRAD-01;Krafträder;-;Prozent;ATG001;Ausstattungsgrad je 100 Haushalte
63111;Laufende Wirtschaftsrechnungen;STAG;Stichtag;2020-01-01;DINSGF;Früheres Bundesgebiet / Neue Länder;DN;Neue Länder;GUTGB2;Gebrauchsgüter;PKW-NEU-01;Personenkraftwagen fabrikneu gekauft;30,1;Prozent;ATG001;Ausstattungsgrad je 100 Haushalte
63111;Laufende Wirtschaftsrechnungen;STAG;Stichtag;2021-01-01;DINSGF;Früheres Bundesgebiet / Neue Länder;DN;Neue Länder;GUTGB2;Gebrauchsgüter;SAT-01;Satellitenempfangsanlage;-;Prozent;ATG001;Ausstattungsgrad je 100 Haushalte
63111;Laufende Wirtschaftsrechnungen;STAG;Stichtag;2011-01-01;DINSGF;Früheres Bundesgebiet / Neue Länder;DF;Früheres Bundesgebiet;GUTGB2;Gebrauchsgüter;KAFFEEM-04;Kaffeevollautomat;-;Prozent;ATG001;Ausstattungsgrad je 100 Haushalte
63111;Laufende Wirtschaftsrechnungen;STAG;Stichtag;2020-01-01;DINSGF;Früheres Bundesgebiet / Neue Länder;DF;Früheres Bundesgebiet;GUTGB2;Gebrauchsgüter;PC-01;Personalcomputer;92,3;Prozent;ATG001;Ausstattungsgrad je 100 Haushalte
63111;Laufende Wirtschaftsrechnungen;STAG;Stichtag;2019-01-01;DINSGF;Früheres Bundesgebiet / Neue Länder;DN;Neue Länder;GUTGB2;Gebrauchsgüter;SMART-04;Smartes Sicherheitssystem;-;Prozent;ATG001;Ausstattungsgrad je 100 Haushalte
63111;Laufende Wirtschaftsrechnungen;STAG;Stichtag;2015-01-01;DINSGF;Früheres Bundesgebiet / Neue Länder;DN;Neue Länder;GUTGB2;Gebrauchsgüter;DEC-PAYTV-01;Pay-TV-Decoder;17,8;Prozent;ATG001;Ausstattungsgrad je 100 Haushalte
63111;Laufende Wirtschaftsrechnungen;STAG;Stichtag;2021-01-01;DINSGF;Früheres Bundesgebiet / Neue Länder;DF;Früheres Bundesgebiet;GUTGB2;Gebrauchsgüter;ANTW-STAT-01;Anrufbeantworter stationär;-;Prozent;ATG001;Ausstattungsgrad je 100 Haushalte
63111;Laufende Wirtschaftsrechnungen;STAG;Stichtag;2020-01-01;DINSGF;Früheres Bundesgebiet / Neue Länder;DN;Neue Länder;GUTGB2;Gebrauchsgüter;KRAFTRAD-05;Kraftrad mit Führerscheinpflicht;-;Prozent;ATG001;Ausstattungsgrad je 100 Haushalte
63111;Laufende Wirtschaftsrechnungen;STAG;Stichtag;2019-01-01;DINSGF;Früheres Bundesgebiet / Neue Länder;DF;Früheres Bundesgebiet;GUTGB2;Gebrauchsgüter;CAM-01;Camcorder (Videokamera);13,9;Prozent;ATG001;Ausstattungsgrad je 100 Haushalte
63111;Laufende Wirtschaftsrechnungen;STAG;Stichtag;2014-01-01;DINSGF;Früheres Bundesgebiet / Neue Länder;DN;Neue Länder;GUTGB2;Gebrauchsgüter;MD-01;MiniDisc-Player/Recorder;-;Prozent;ATG001;Ausstattungsgrad je 100 Haushalte
63111;Laufende Wirtschaftsrechnungen;STAG;Stichtag;2010-01-01;DINSGF;Früheres Bundesgebiet / Neue Länder;DN;Neue Länder;GUTGB2;Gebrauchsgüter;SMART-01;Smart TV (Fernseher);-;Prozent;ATG001;Ausstattungsgrad je 100 Haushalte
63111;Laufende Wirtschaftsrechnungen;STAG;Stichtag;2015-01-01;DINSGF;Früheres Bundesgebiet / Neue Länder;DN;Neue Länder;GUTGB2;Gebrauchsgüter;CAM-DIGITAL-01;Camcorder (Videokamera) digital;11,8;Prozent;ATG001;Ausstattungsgrad je 100 Haushalte
63111;Laufende Wirtschaftsrechnungen;STAG;Stichtag;2014-01-01;DINSGF;Früheres Bundesgebiet / Neue Länder;DF;Früheres Bundesgebiet;GUTGB2;Gebrauchsgüter;MD-01;MiniDisc-Player/Recorder;-;Prozent;ATG001;Ausstattungsgrad je 100 Haushalte
63111;Laufende Wirtschaftsrechnungen;STAG;Stichtag;2019-01-01;DINSGF;Früheres Bundesgebiet / Neue Länder;DF;Früheres Bundesgebiet;GUTGB2;Gebrauchsgüter;FAX-STAT-01;Telefaxgerät stationär;-;Prozent;ATG001;Ausstattungsgrad je 100 Haushalte
63111;Laufende Wirtschaftsrechnungen;STAG;Stichtag;2015-01-01;DINSGF;Früheres Bundesgebiet / Neue Länder;DN;Neue Länder;GUTGB2;Gebrauchsgüter;CD-STAT-01;CD-Player stationär;-;Prozent;ATG001;Ausstattungsgrad je 100 Haushalte
63111;Laufende Wirtschaftsrechnungen;STAG;Stichtag;2019-01-01;DINSGF;Früheres Bundesgebiet / Neue Länder;DN;Neue Länder;GUTGB2;Gebrauchsgüter;KRAFTRAD-01;Krafträder;7,6;Prozent;ATG001;Ausstattungsgrad je 100 Haushalte
63111;Laufende Wirtschaftsrechnungen;STAG;Stichtag;2014-01-01;DINSGF;Früheres Bundesgebiet / Neue Länder;DN;Neue Länder;GUTGB2;Gebrauchsgüter;SMART-04;Smartes Sicherheitssystem;-;Prozent;ATG001;Ausstattungsgrad je 100 Haushalte
63111;Laufende Wirtschaftsrechnungen;STAG;Stichtag;2016-01-01;DINSGF;Früheres Bundesgebiet / Neue Länder;DF;Früheres Bundesgebiet;GUTGB2;Gebrauchsgüter;TROCK-01;Wäschetrockner (auch in Kombigeräten);45,6;Prozent;ATG001;Ausstattungsgrad je 100 Haushalte
63111;Laufende Wirtschaftsrechnungen;STAG;Stichtag;2019-01-01;DINSGF;Früheres Bundesgebiet / Neue Länder;DN;Neue Länder;GUTGB2;Gebrauchsgüter;ISDN-01;ISDN-Anschluss;-;Prozent;ATG001;Ausstattungsgrad je 100 Haushalte
63111;Laufende Wirtschaftsrechnungen;STAG;Stichtag;2015-01-01;DINSGF;Früheres Bundesgebiet / Neue Länder;DF;Früheres Bundesgebiet;GUTGB2;Gebrauchsgüter;TV-02;(Farb-)Fernsehgerät;97,7;Prozent;ATG001;Ausstattungsgrad je 100 Haushalte
63111;Laufende Wirtschaftsrechnungen;STAG;Stichtag;2010-01-01;DINSGF;Früheres Bundesgebiet / Neue Länder;DN;Neue Länder;GUTGB2;Gebrauchsgüter;PC-MOBIL-04;Laptop/Notebook, Netbook;-;Prozent;ATG001;Ausstattungsgrad je 100 Haushalte
63111;Laufende Wirtschaftsrechnungen;STAG;Stichtag;2019-01-01;DINSGF;Früheres Bundesgebiet / Neue Länder;DN;Neue Länder;GUTGB2;Gebrauchsgüter;KAFFEEM-04;Kaffeevollautomat;13,6;Prozent;ATG001;Ausstattungsgrad je 100 Haushalte
63111;Laufende Wirtschaftsrechnungen;STAG;Stichtag;2016-01-01;DINSGF;Früheres Bundesgebiet / Neue Länder;DN;Neue Länder;GUTGB2;Gebrauchsgüter;KAFFEEM-04;Kaffeevollautomat;9,6;Prozent;ATG001;Ausstattungsgrad je 100 Haushalte
63111;Laufende Wirtschaftsrechnungen;STAG;Stichtag;2014-01-01;DINSGF;Früheres Bundesgebiet / Neue Länder;DF;Früheres Bundesgebiet;GUTGB2;Gebrauchsgüter;TEL-SMART;Smartphone;-;Prozent;ATG001;Ausstattungsgrad je 100 Haushalte
63111;Laufende Wirtschaftsrechnungen;STAG;Stichtag;2020-01-01;DINSGF;Früheres Bundesgebiet / Neue Länder;DN;Neue Länder;GUTGB2;Gebrauchsgüter;SMART-05;Smartes Haushaltsgerät;-;Prozent;ATG001;Ausstattungsgrad je 100 Haushalte
63111;Laufende Wirtschaftsrechnungen;STAG;Stichtag;2017-01-01;DINSGF;Früheres Bundesgebiet / Neue Länder;DF;Früheres Bundesgebiet;GUTGB2;Gebrauchsgüter;CAM-DIGITAL-01;Camcorder (Videokamera) digital;-;Prozent;ATG001;Ausstattungsgrad je 100 Haushalte
63111;Laufende Wirtschaftsrechnungen;STAG;Stichtag;2021-01-01;DINSGF;Früheres Bundesgebiet / Neue Länder;DF;Früheres Bundesgebiet;GUTGB2;Gebrauchsgüter;DEC-PAYTV-01;Pay-TV-Decoder;21,0;Prozent;ATG001;Ausstattungsgrad je 100 Haushalte
63111;Laufende Wirtschaftsrechnungen;STAG;Stichtag;2022-01-01;DINSGF;Früheres Bundesgebiet / Neue Länder;DF;Früheres Bundesgebiet;GUTGB2;Gebrauchsgüter;KRAFTRAD-06;E-Roller, E-Bike mit Führerscheinpflicht;1,7;Prozent;ATG001;Ausstattungsgrad je 100 Haushalte
63111;Laufende Wirtschaftsrechnungen;STAG;Stichtag;2010-01-01;DINSGF;Früheres Bundesgebiet / Neue Länder;DN;Neue Länder;GUTGB2;Gebrauchsgüter;SPUEL-01;Geschirrspülmaschine;59,6;Prozent;ATG001;Ausstattungsgrad je 100 Haushalte
63111;Laufende Wirtschaftsrechnungen;STAG;Stichtag;2017-01-01;DINSGF;Früheres Bundesgebiet / Neue Länder;DN;Neue Länder;GUTGB2;Gebrauchsgüter;PC-MOBIL-04;Laptop/Notebook, Netbook;-;Prozent;ATG001;Ausstattungsgrad je 100 Haushalte
63111;Laufende Wirtschaftsrechnungen;STAG;Stichtag;2010-01-01;DINSGF;Früheres Bundesgebiet / Neue Länder;DN;Neue Länder;GUTGB2;Gebrauchsgüter;CD-REC-01;CD-Recorder;-;Prozent;ATG001;Ausstattungsgrad je 100 Haushalte
63111;Laufende Wirtschaftsrechnungen;STAG;Stichtag;2021-01-01;DINSGF;Früheres Bundesgebiet / Neue Länder;DN;Neue Länder;GUTGB2;Gebrauchsgüter;CAM-01;Camcorder (Videokamera);-;Prozent;ATG001;Ausstattungsgrad je 100 Haushalte
63111;Laufende Wirtschaftsrechnungen;STAG;Stichtag;2016-01-01;DINSGF;Früheres Bundesgebiet / Neue Länder;DF;Früheres Bundesgebiet;GUTGB2;Gebrauchsgüter;INTERNET-01;Internetanschluss, -zugang;89,7;Prozent;ATG001;Ausstattungsgrad je 100 Haushalte
63111;Laufende Wirtschaftsrechnungen;STAG;Stichtag;2022-01-01;DINSGF;Früheres Bundesgebiet / Neue Länder;DF;Früheres Bundesgebiet;GUTGB2;Gebrauchsgüter;PKW-01;Personenkraftwagen;79,4;Prozent;ATG001;Ausstattungsgrad je 100 Haushalte
63111;Laufende Wirtschaftsrechnungen;STAG;Stichtag;2022-01-01;DINSGF;Früheres Bundesgebiet / Neue Länder;DN;Neue Länder;GUTGB2;Gebrauchsgüter;MIKROW-01;Mikrowellengerät;-;Prozent;ATG001;Ausstattungsgrad je 100 Haushalte
63111;Laufende Wirtschaftsrechnungen;STAG;Stichtag;2017-01-01;DINSGF;Früheres Bundesgebiet / Neue Länder;DF;Früheres Bundesgebiet;GUTGB2;Gebrauchsgüter;SMART-03;Smartes Energiemanagementsystem;-;Prozent;ATG001;Ausstattungsgrad je 100 Haushalte
63111;Laufende Wirtschaftsrechnungen;STAG;Stichtag;2011-01-01;DINSGF;Früheres Bundesgebiet / Neue Länder;DF;Früheres Bundesgebiet;GUTGB2;Gebrauchsgüter;TROCK-01;Wäschetrockner (auch in Kombigeräten);44,2;Prozent;ATG001;Ausstattungsgrad je 100 Haushalte
63111;Laufende Wirtschaftsrechnungen;STAG;Stichtag;2022-01-01;DINSGF;Früheres Bundesgebiet / Neue Länder;DF;Früheres Bundesgebiet;GUTGB2;Gebrauchsgüter;GEFRIER-01;Gefrierschrank, Gefriertruhe (Einzelgeräte);50,8;Prozent;ATG001;Ausstattungsgrad je 100 Haushalte
63111;Laufende Wirtschaftsrechnungen;STAG;Stichtag;2020-01-01;DINSGF;Früheres Bundesgebiet / Neue Länder;DN;Neue Länder;GUTGB2;Gebrauchsgüter;PKW-GEL-01;Personenkraftwagen geleast;3,3;Prozent;ATG001;Ausstattungsgrad je 100 Haushalte
63111;Laufende Wirtschaftsrechnungen;STAG;Stichtag;2016-01-01;DINSGF;Früheres Bundesgebiet / Neue Länder;DN;Neue Länder;GUTGB2;Gebrauchsgüter;NAVIGASYS01;Navigationssystem;45,3;Prozent;ATG001;Ausstattungsgrad je 100 Haushalte
63111;Laufende Wirtschaftsrechnungen;STAG;Stichtag;2011-01-01;DINSGF;Früheres Bundesgebiet / Neue Länder;DF;Früheres Bundesgebiet;GUTGB2;Gebrauchsgüter;INTERNET-11;Internetanschluss, -zugang mobil;-;Prozent;ATG001;Ausstattungsgrad je 100 Haushalte
63111;Laufende Wirtschaftsrechnungen;STAG;Stichtag;2019-01-01;DINSGF;Früheres Bundesgebiet / Neue Länder;DN;Neue Länder;GUTGB2;Gebrauchsgüter;FAHRRAD-02;Pedelec (E-Bike ohne Führerscheinpflicht);4,7;Prozent;ATG001;Ausstattungsgrad je 100 Haushalte
63111;Laufende Wirtschaftsrechnungen;STAG;Stichtag;2022-01-01;DINSGF;Früheres Bundesgebiet / Neue Länder;DN;Neue Länder;GUTGB2;Gebrauchsgüter;FAHRRAD-02;Pedelec (E-Bike ohne Führerscheinpflicht);8,5;Prozent;ATG001;Ausstattungsgrad je 100 Haushalte
63111;Laufende Wirtschaftsrechnungen;STAG;Stichtag;2019-01-01;DINSGF;Früheres Bundesgebiet / Neue Länder;DF;Früheres Bundesgebiet;GUTGB2;Gebrauchsgüter;GEFRIER-01;Gefrierschrank, Gefriertruhe (Einzelgeräte);50,6;Prozent;ATG001;Ausstattungsgrad je 100 Haushalte
63111;Laufende Wirtschaftsrechnungen;STAG;Stichtag;2020-01-01;DINSGF;Früheres Bundesgebiet / Neue Länder;DN;Neue Länder;GUTGB2;Gebrauchsgüter;DEC-PAYTV-01;Pay-TV-Decoder;21,3;Prozent;ATG001;Ausstattungsgrad je 100 Haushalte
63111;Laufende Wirtschaftsrechnungen;STAG;Stichtag;2016-01-01;DINSGF;Früheres Bundesgebiet / Neue Länder;DF;Früheres Bundesgebiet;GUTGB2;Gebrauchsgüter;DEC-PAYTV-01;Pay-TV-Decoder;19,1;Prozent;ATG001;Ausstattungsgrad je 100 Haushalte
63111;Laufende Wirtschaftsrechnungen;STAG;Stichtag;2016-01-01;DINSGF;Früheres Bundesgebiet / Neue Länder;DN;Neue Länder;GUTGB2;Gebrauchsgüter;PC-MOBIL-04;Laptop/Notebook, Netbook;66,7;Prozent;ATG001;Ausstattungsgrad je 100 Haushalte
63111;Laufende Wirtschaftsrechnungen;STAG;Stichtag;2022-01-01;DINSGF;Früheres Bundesgebiet / Neue Länder;DN;Neue Länder;GUTGB2;Gebrauchsgüter;ANSCHL-KAB-01;Kabel-TV-Anschluss;49,4;Prozent;ATG001;Ausstattungsgrad je 100 Haushalte
63111;Laufende Wirtschaftsrechnungen;STAG;Stichtag;2014-01-01;DINSGF;Früheres Bundesgebiet / Neue Länder;DN;Neue Länder;GUTGB2;Gebrauchsgüter;ANSCHL-ANT-02;Antennen-TV-Anschluss (DVB-T2 HD);-;Prozent;ATG001;Ausstattungsgrad je 100 Haushalte
63111;Laufende Wirtschaftsrechnungen;STAG;Stichtag;2017-01-01;DINSGF;Früheres Bundesgebiet / Neue Länder;DF;Früheres Bundesgebiet;GUTGB2;Gebrauchsgüter;INTERNET-01;Internetanschluss, -zugang;-;Prozent;ATG001;Ausstattungsgrad je 100 Haushalte
63111;Laufende Wirtschaftsrechnungen;STAG;Stichtag;2020-01-01;DINSGF;Früheres Bundesgebiet / Neue Länder;DN;Neue Länder;GUTGB2;Gebrauchsgüter;INTERNET-11;Internetanschluss, -zugang mobil;64,7;Prozent;ATG001;Ausstattungsgrad je 100 Haushalte
63111;Laufende Wirtschaftsrechnungen;STAG;Stichtag;2010-01-01;DINSGF;Früheres Bundesgebiet / Neue Länder;DF;Früheres Bundesgebiet;GUTGB2;Gebrauchsgüter;SMART-02;Smart Speaker (intelligenter/WLAN-Lautsprecher);-;Prozent;ATG001;Ausstattungsgrad je 100 Haushalte
63111;Laufende Wirtschaftsrechnungen;STAG;Stichtag;2016-01-01;DINSGF;Früheres Bundesgebiet / Neue Länder;DF;Früheres Bundesgebiet;GUTGB2;Gebrauchsgüter;CD-REC-01;CD-Recorder;-;Prozent;ATG001;Ausstattungsgrad je 100 Haushalte
63111;Laufende Wirtschaftsrechnungen;STAG;Stichtag;2022-01-01;DINSGF;Früheres Bundesgebiet / Neue Länder;DF;Früheres Bundesgebiet;GUTGB2;Gebrauchsgüter;CD-REC-01;CD-Recorder;-;Prozent;ATG001;Ausstattungsgrad je 100 Haushalte
63111;Laufende Wirtschaftsrechnungen;STAG;Stichtag;2016-01-01;DINSGF;Früheres Bundesgebiet / Neue Länder;DN;Neue Länder;GUTGB2;Gebrauchsgüter;PKW-GEL-02;Pkw geleast, Elektroauto, Plug-in-Hybrid;-;Prozent;ATG001;Ausstattungsgrad je 100 Haushalte
63111;Laufende Wirtschaftsrechnungen;STAG;Stichtag;2011-01-01;DINSGF;Früheres Bundesgebiet / Neue Länder;DN;Neue Länder;GUTGB2;Gebrauchsgüter;NAVIGASYS01;Navigationssystem;34,5;Prozent;ATG001;Ausstattungsgrad je 100 Haushalte
63111;Laufende Wirtschaftsrechnungen;STAG;Stichtag;2022-01-01;DINSGF;Früheres Bundesgebiet / Neue Länder;DN;Neue Länder;GUTGB2;Gebrauchsgüter;KAFFEEM-04;Kaffeevollautomat;18,4;Prozent;ATG001;Ausstattungsgrad je 100 Haushalte
63111;Laufende Wirtschaftsrechnungen;STAG;Stichtag;2021-01-01;DINSGF;Früheres Bundesgebiet / Neue Länder;DN;Neue Länder;GUTGB2;Gebrauchsgüter;KABEL-01;Kabelanschluss;-;Prozent;ATG001;Ausstattungsgrad je 100 Haushalte
63111;Laufende Wirtschaftsrechnungen;STAG;Stichtag;2019-01-01;DINSGF;Früheres Bundesgebiet / Neue Länder;DF;Früheres Bundesgebiet;GUTGB2;Gebrauchsgüter;SAT-01;Satellitenempfangsanlage;-;Prozent;ATG001;Ausstattungsgrad je 100 Haushalte
63111;Laufende Wirtschaftsrechnungen;STAG;Stichtag;2019-01-01;DINSGF;Früheres Bundesgebiet / Neue Länder;DF;Früheres Bundesgebiet;GUTGB2;Gebrauchsgüter;SMART-03;Smartes Energiemanagementsystem;-;Prozent;ATG001;Ausstattungsgrad je 100 Haushalte
63111;Laufende Wirtschaftsrechnungen;STAG;Stichtag;2022-01-01;DINSGF;Früheres Bundesgebiet / Neue Länder;DN;Neue Länder;GUTGB2;Gebrauchsgüter;CD-STAT-01;CD-Player stationär;-;Prozent;ATG001;Ausstattungsgrad je 100 Haushalte
63111;Laufende Wirtschaftsrechnungen;STAG;Stichtag;2015-01-01;DINSGF;Früheres Bundesgebiet / Neue Länder;DF;Früheres Bundesgebiet;GUTGB2;Gebrauchsgüter;FOTO-ANALOG-01;Fotoapparat analog;32,8;Prozent;ATG001;Ausstattungsgrad je 100 Haushalte
63111;Laufende Wirtschaftsrechnungen;STAG;Stichtag;2019-01-01;DINSGF;Früheres Bundesgebiet / Neue Länder;DF;Früheres Bundesgebiet;GUTGB2;Gebrauchsgüter;PC-MOBIL-05;Tablet;49,9;Prozent;ATG001;Ausstattungsgrad je 100 Haushalte
63111;Laufende Wirtschaftsrechnungen;STAG;Stichtag;2019-01-01;DINSGF;Früheres Bundesgebiet / Neue Länder;DF;Früheres Bundesgebiet;GUTGB2;Gebrauchsgüter;FOTO-02;Fotoapparat/Digitalkamera;74,4;Prozent;ATG001;Ausstattungsgrad je 100 Haushalte
63111;Laufende Wirtschaftsrechnungen;STAG;Stichtag;2021-01-01;DINSGF;Früheres Bundesgebiet / Neue Länder;DF;Früheres Bundesgebiet;GUTGB2;Gebrauchsgüter;PKW-GEL-02;Pkw geleast, Elektroauto, Plug-in-Hybrid;0,6;Prozent;ATG001;Ausstattungsgrad je 100 Haushalte
63111;Laufende Wirtschaftsrechnungen;STAG;Stichtag;2021-01-01;DINSGF;Früheres Bundesgebiet / Neue Länder;DN;Neue Länder;GUTGB2;Gebrauchsgüter;ANSCHL-ANT-01;Antennen-TV-Anschluss (DVB-T);-;Prozent;ATG001;Ausstattungsgrad je 100 Haushalte
63111;Laufende Wirtschaftsrechnungen;STAG;Stichtag;2020-01-01;DINSGF;Früheres Bundesgebiet / Neue Länder;DF;Früheres Bundesgebiet;GUTGB2;Gebrauchsgüter;ANSCHL-SAT-01;Satelliten-TV-Anschluss;46,9;Prozent;ATG001;Ausstattungsgrad je 100 Haushalte
63111;Laufende Wirtschaftsrechnungen;STAG;Stichtag;2016-01-01;DINSGF;Früheres Bundesgebiet / Neue Länder;DF;Früheres Bundesgebiet;GUTGB2;Gebrauchsgüter;PC-DRUCK-01;PC-Drucker (auch in Kombigeräten);76,6;Prozent;ATG001;Ausstattungsgrad je 100 Haushalte
63111;Laufende Wirtschaftsrechnungen;STAG;Stichtag;2015-01-01;DINSGF;Früheres Bundesgebiet / Neue Länder;DF;Früheres Bundesgebiet;GUTGB2;Gebrauchsgüter;FAHRRAD-01;Fahrrad;81,8;Prozent;ATG001;Ausstattungsgrad je 100 Haushalte
63111;Laufende Wirtschaftsrechnungen;STAG;Stichtag;2011-01-01;DINSGF;Früheres Bundesgebiet / Neue Länder;DN;Neue Länder;GUTGB2;Gebrauchsgüter;ANSCHL-KAB-01;Kabel-TV-Anschluss;-;Prozent;ATG001;Ausstattungsgrad je 100 Haushalte
63111;Laufende Wirtschaftsrechnungen;STAG;Stichtag;2017-01-01;DINSGF;Früheres Bundesgebiet / Neue Länder;DN;Neue Länder;GUTGB2;Gebrauchsgüter;SMART-04;Smartes Sicherheitssystem;-;Prozent;ATG001;Ausstattungsgrad je 100 Haushalte
63111;Laufende Wirtschaftsrechnungen;STAG;Stichtag;2017-01-01;DINSGF;Früheres Bundesgebiet / Neue Länder;DF;Früheres Bundesgebiet;GUTGB2;Gebrauchsgüter;PC-DRUCK-01;PC-Drucker (auch in Kombigeräten);-;Prozent;ATG001;Ausstattungsgrad je 100 Haushalte
63111;Laufende Wirtschaftsrechnungen;STAG;Stichtag;2021-01-01;DINSGF;Früheres Bundesgebiet / Neue Länder;DF;Früheres Bundesgebiet;GUTGB2;Gebrauchsgüter;PKW-GEBR-01;Personenkraftwagen gebraucht gekauft;50,0;Prozent;ATG001;Ausstattungsgrad je 100 Haushalte
63111;Laufende Wirtschaftsrechnungen;STAG;Stichtag;2010-01-01;DINSGF;Früheres Bundesgebiet / Neue Länder;DN;Neue Länder;GUTGB2;Gebrauchsgüter;TV-02;(Farb-)Fernsehgerät;95,8;Prozent;ATG001;Ausstattungsgrad je 100 Haushalte
63111;Laufende Wirtschaftsrechnungen;STAG;Stichtag;2016-01-01;DINSGF;Früheres Bundesgebiet / Neue Länder;DN;Neue Länder;GUTGB2;Gebrauchsgüter;SPIELE-01;Spielekonsole;23,7;Prozent;ATG001;Ausstattungsgrad je 100 Haushalte
63111;Laufende Wirtschaftsrechnungen;STAG;Stichtag;2011-01-01;DINSGF;Früheres Bundesgebiet / Neue Länder;DN;Neue Länder;GUTGB2;Gebrauchsgüter;MODEM-01;Modem für Datenübertragung;-;Prozent;ATG001;Ausstattungsgrad je 100 Haushalte
63111;Laufende Wirtschaftsrechnungen;STAG;Stichtag;2014-01-01;DINSGF;Früheres Bundesgebiet / Neue Länder;DF;Früheres Bundesgebiet;GUTGB2;Gebrauchsgüter;DVD-BRD-01;DVD- und Blu-ray-Gerät;-;Prozent;ATG001;Ausstattungsgrad je 100 Haushalte
63111;Laufende Wirtschaftsrechnungen;STAG;Stichtag;2010-01-01;DINSGF;Früheres Bundesgebiet / Neue Länder;DN;Neue Länder;GUTGB2;Gebrauchsgüter;NAVIGASYS01;Navigationssystem;29,6;Prozent;ATG001;Ausstattungsgrad je 100 Haushalte
63111;Laufende Wirtschaftsrechnungen;STAG;Stichtag;2010-01-01;DINSGF;Früheres Bundesgebiet / Neue Länder;DF;Früheres Bundesgebiet;GUTGB2;Gebrauchsgüter;TV-02;(Farb-)Fernsehgerät;96,3;Prozent;ATG001;Ausstattungsgrad je 100 Haushalte
63111;Laufende Wirtschaftsrechnungen;STAG;Stichtag;2021-01-01;DINSGF;Früheres Bundesgebiet / Neue Länder;DN;Neue Länder;GUTGB2;Gebrauchsgüter;DVD-02;DVD-Player/Recorder;-;Prozent;ATG001;Ausstattungsgrad je 100 Haushalte
63111;Laufende Wirtschaftsrechnungen;STAG;Stichtag;2014-01-01;DINSGF;Früheres Bundesgebiet / Neue Länder;DF;Früheres Bundesgebiet;GUTGB2;Gebrauchsgüter;KAFFEEM-04;Kaffeevollautomat;14,0;Prozent;ATG001;Ausstattungsgrad je 100 Haushalte
63111;Laufende Wirtschaftsrechnungen;STAG;Stichtag;2022-01-01;DINSGF;Früheres Bundesgebiet / Neue Länder;DF;Früheres Bundesgebiet;GUTGB2;Gebrauchsgüter;PKW-GEBR-01;Personenkraftwagen gebraucht gekauft;50,3;Prozent;ATG001;Ausstattungsgrad je 100 Haushalte
63111;Laufende Wirtschaftsrechnungen;STAG;Stichtag;2011-01-01;DINSGF;Früheres Bundesgebiet / Neue Länder;DF;Früheres Bundesgebiet;GUTGB2;Gebrauchsgüter;MIKROW-01;Mikrowellengerät;71,8;Prozent;ATG001;Ausstattungsgrad je 100 Haushalte
63111;Laufende Wirtschaftsrechnungen;STAG;Stichtag;2010-01-01;DINSGF;Früheres Bundesgebiet / Neue Länder;DN;Neue Länder;GUTGB2;Gebrauchsgüter;ANSCHL-ANT-01;Antennen-TV-Anschluss (DVB-T);-;Prozent;ATG001;Ausstattungsgrad je 100 Haushalte
63111;Laufende Wirtschaftsrechnungen;STAG;Stichtag;2011-01-01;DINSGF;Früheres Bundesgebiet / Neue Länder;DN;Neue Länder;GUTGB2;Gebrauchsgüter;CAM-01;Camcorder (Videokamera);22,8;Prozent;ATG001;Ausstattungsgrad je 100 Haushalte
63111;Laufende Wirtschaftsrechnungen;STAG;Stichtag;2022-01-01;DINSGF;Früheres Bundesgebiet / Neue Länder;DN;Neue Länder;GUTGB2;Gebrauchsgüter;SMART-05;Smartes Haushaltsgerät;11,5;Prozent;ATG001;Ausstattungsgrad je 100 Haushalte
63111;Laufende Wirtschaftsrechnungen;STAG;Stichtag;2017-01-01;DINSGF;Früheres Bundesgebiet / Neue Länder;DF;Früheres Bundesgebiet;GUTGB2;Gebrauchsgüter;KAFFEEM-03;Pad- oder Kapselmaschine;-;Prozent;ATG001;Ausstattungsgrad je 100 Haushalte
63111;Laufende Wirtschaftsrechnungen;STAG;Stichtag;2020-01-01;DINSGF;Früheres Bundesgebiet / Neue Länder;DF;Früheres Bundesgebiet;GUTGB2;Gebrauchsgüter;FOTO-02;Fotoapparat/Digitalkamera;72,3;Prozent;ATG001;Ausstattungsgrad je 100 Haushalte
63111;Laufende Wirtschaftsrechnungen;STAG;Stichtag;2019-01-01;DINSGF;Früheres Bundesgebiet / Neue Länder;DF;Früheres Bundesgebiet;GUTGB2;Gebrauchsgüter;CAM-ANALOG-01;Camcorder (Videokamera) analog;5,5;Prozent;ATG001;Ausstattungsgrad je 100 Haushalte
63111;Laufende Wirtschaftsrechnungen;STAG;Stichtag;2021-01-01;DINSGF;Früheres Bundesgebiet / Neue Länder;DN;Neue Länder;GUTGB2;Gebrauchsgüter;KUEHL-01;Kühlschrank (auch Gefrier- und Kühlkombination);99,9;Prozent;ATG001;Ausstattungsgrad je 100 Haushalte
63111;Laufende Wirtschaftsrechnungen;STAG;Stichtag;2015-01-01;DINSGF;Früheres Bundesgebiet / Neue Länder;DN;Neue Länder;GUTGB2;Gebrauchsgüter;PC-MOBIL-04;Laptop/Notebook, Netbook;65,8;Prozent;ATG001;Ausstattungsgrad je 100 Haushalte
63111;Laufende Wirtschaftsrechnungen;STAG;Stichtag;2015-01-01;DINSGF;Früheres Bundesgebiet / Neue Länder;DF;Früheres Bundesgebiet;GUTGB2;Gebrauchsgüter;PC-DRUCK-01;PC-Drucker (auch in Kombigeräten);77,0;Prozent;ATG001;Ausstattungsgrad je 100 Haushalte
63111;Laufende Wirtschaftsrechnungen;STAG;Stichtag;2010-01-01;DINSGF;Früheres Bundesgebiet / Neue Länder;DF;Früheres Bundesgebiet;GUTGB2;Gebrauchsgüter;CAM-ANALOG-01;Camcorder (Videokamera) analog;10,2;Prozent;ATG001;Ausstattungsgrad je 100 Haushalte
63111;Laufende Wirtschaftsrechnungen;STAG;Stichtag;2014-01-01;DINSGF;Früheres Bundesgebiet / Neue Länder;DN;Neue Länder;GUTGB2;Gebrauchsgüter;ANSCHL-IPTV;TV über DSL/Internet (IPTV);-;Prozent;ATG001;Ausstattungsgrad je 100 Haushalte
63111;Laufende Wirtschaftsrechnungen;STAG;Stichtag;2014-01-01;DINSGF;Früheres Bundesgebiet / Neue Länder;DN;Neue Länder;GUTGB2;Gebrauchsgüter;SMART-02;Smart Speaker (intelligenter/WLAN-Lautsprecher);-;Prozent;ATG001;Ausstattungsgrad je 100 Haushalte
63111;Laufende Wirtschaftsrechnungen;STAG;Stichtag;2011-01-01;DINSGF;Früheres Bundesgebiet / Neue Länder;DF;Früheres Bundesgebiet;GUTGB2;Gebrauchsgüter;NAVIGASYS01;Navigationssystem;40,1;Prozent;ATG001;Ausstattungsgrad je 100 Haushalte
63111;Laufende Wirtschaftsrechnungen;STAG;Stichtag;2019-01-01;DINSGF;Früheres Bundesgebiet / Neue Länder;DN;Neue Länder;GUTGB2;Gebrauchsgüter;PC-01;Personalcomputer;89,2;Prozent;ATG001;Ausstattungsgrad je 100 Haushalte
63111;Laufende Wirtschaftsrechnungen;STAG;Stichtag;2010-01-01;DINSGF;Früheres Bundesgebiet / Neue Länder;DN;Neue Länder;GUTGB2;Gebrauchsgüter;SMART-03;Smartes Energiemanagementsystem;-;Prozent;ATG001;Ausstattungsgrad je 100 Haushalte
63111;Laufende Wirtschaftsrechnungen;STAG;Stichtag;2015-01-01;DINSGF;Früheres Bundesgebiet / Neue Länder;DN;Neue Länder;GUTGB2;Gebrauchsgüter;GEFRIER-01;Gefrierschrank, Gefriertruhe (Einzelgeräte);39,5;Prozent;ATG001;Ausstattungsgrad je 100 Haushalte
63111;Laufende Wirtschaftsrechnungen;STAG;Stichtag;2019-01-01;DINSGF;Früheres Bundesgebiet / Neue Länder;DN;Neue Länder;GUTGB2;Gebrauchsgüter;KAFFEEM-02;Filterkaffeemaschine;66,1;Prozent;ATG001;Ausstattungsgrad je 100 Haushalte
63111;Laufende Wirtschaftsrechnungen;STAG;Stichtag;2016-01-01;DINSGF;Früheres Bundesgebiet / Neue Länder;DN;Neue Länder;GUTGB2;Gebrauchsgüter;KAFFEEM-02;Filterkaffeemaschine;72,1;Prozent;ATG001;Ausstattungsgrad je 100 Haushalte
63111;Laufende Wirtschaftsrechnungen;STAG;Stichtag;2020-01-01;DINSGF;Früheres Bundesgebiet / Neue Länder;DN;Neue Länder;GUTGB2;Gebrauchsgüter;SMART-03;Smartes Energiemanagementsystem;-;Prozent;ATG001;Ausstattungsgrad je 100 Haushalte
63111;Laufende Wirtschaftsrechnungen;STAG;Stichtag;2014-01-01;DINSGF;Früheres Bundesgebiet / Neue Länder;DF;Früheres Bundesgebiet;GUTGB2;Gebrauchsgüter;PKW-GEL-02;Pkw geleast, Elektroauto, Plug-in-Hybrid;-;Prozent;ATG001;Ausstattungsgrad je 100 Haushalte
63111;Laufende Wirtschaftsrechnungen;STAG;Stichtag;2020-01-01;DINSGF;Früheres Bundesgebiet / Neue Länder;DF;Früheres Bundesgebiet;GUTGB2;Gebrauchsgüter;TEL-SMART;Smartphone;84,7;Prozent;ATG001;Ausstattungsgrad je 100 Haushalte
63111;Laufende Wirtschaftsrechnungen;STAG;Stichtag;2021-01-01;DINSGF;Früheres Bundesgebiet / Neue Länder;DN;Neue Länder;GUTGB2;Gebrauchsgüter;PKW-GEBR-02;Pkw gebraucht gekauft, Elektroauto, Plug-in-Hybrid;/;Prozent;ATG001;Ausstattungsgrad je 100 Haushalte
63111;Laufende Wirtschaftsrechnungen;STAG;Stichtag;2020-01-01;DINSGF;Früheres Bundesgebiet / Neue Länder;DF;Früheres Bundesgebiet;GUTGB2;Gebrauchsgüter;MIKROW-01;Mikrowellengerät;73,1;Prozent;ATG001;Ausstattungsgrad je 100 Haushalte
63111;Laufende Wirtschaftsrechnungen;STAG;Stichtag;2015-01-01;DINSGF;Früheres Bundesgebiet / Neue Länder;DF;Früheres Bundesgebiet;GUTGB2;Gebrauchsgüter;MODEM-01;Modem für Datenübertragung;-;Prozent;ATG001;Ausstattungsgrad je 100 Haushalte
63111;Laufende Wirtschaftsrechnungen;STAG;Stichtag;2011-01-01;DINSGF;Früheres Bundesgebiet / Neue Länder;DN;Neue Länder;GUTGB2;Gebrauchsgüter;KUEHL-01;Kühlschrank (auch Gefrier- und Kühlkombination);99,3;Prozent;ATG001;Ausstattungsgrad je 100 Haushalte
63111;Laufende Wirtschaftsrechnungen;STAG;Stichtag;2011-01-01;DINSGF;Früheres Bundesgebiet / Neue Länder;DN;Neue Länder;GUTGB2;Gebrauchsgüter;ANSCHL-IPTV;TV über DSL/Internet (IPTV);-;Prozent;ATG001;Ausstattungsgrad je 100 Haushalte
63111;Laufende Wirtschaftsrechnungen;STAG;Stichtag;2019-01-01;DINSGF;Früheres Bundesgebiet / Neue Länder;DN;Neue Länder;GUTGB2;Gebrauchsgüter;PKW-01;Personenkraftwagen;69,9;Prozent;ATG001;Ausstattungsgrad je 100 Haushalte
63111;Laufende Wirtschaftsrechnungen;STAG;Stichtag;2022-01-01;DINSGF;Früheres Bundesgebiet / Neue Länder;DF;Früheres Bundesgebiet;GUTGB2;Gebrauchsgüter;SMART-04;Smartes Sicherheitssystem;9,8;Prozent;ATG001;Ausstattungsgrad je 100 Haushalte
63111;Laufende Wirtschaftsrechnungen;STAG;Stichtag;2015-01-01;DINSGF;Früheres Bundesgebiet / Neue Länder;DF;Früheres Bundesgebiet;GUTGB2;Gebrauchsgüter;PC-01;Personalcomputer;88,6;Prozent;ATG001;Ausstattungsgrad je 100 Haushalte
63111;Laufende Wirtschaftsrechnungen;STAG;Stichtag;2022-01-01;DINSGF;Früheres Bundesgebiet / Neue Länder;DN;Neue Länder;GUTGB2;Gebrauchsgüter;BRD-01;Blu-ray-Gerät;24,1;Prozent;ATG001;Ausstattungsgrad je 100 Haushalte
63111;Laufende Wirtschaftsrechnungen;STAG;Stichtag;2017-01-01;DINSGF;Früheres Bundesgebiet / Neue Länder;DF;Früheres Bundesgebiet;GUTGB2;Gebrauchsgüter;SMART-05;Smartes Haushaltsgerät;-;Prozent;ATG001;Ausstattungsgrad je 100 Haushalte
63111;Laufende Wirtschaftsrechnungen;STAG;Stichtag;2011-01-01;DINSGF;Früheres Bundesgebiet / Neue Länder;DN;Neue Länder;GUTGB2;Gebrauchsgüter;DEC-PAYTV-01;Pay-TV-Decoder;3,2;Prozent;ATG001;Ausstattungsgrad je 100 Haushalte
63111;Laufende Wirtschaftsrechnungen;STAG;Stichtag;2010-01-01;DINSGF;Früheres Bundesgebiet / Neue Länder;DF;Früheres Bundesgebiet;GUTGB2;Gebrauchsgüter;PKW-GEL-01;Personenkraftwagen geleast;3,8;Prozent;ATG001;Ausstattungsgrad je 100 Haushalte
63111;Laufende Wirtschaftsrechnungen;STAG;Stichtag;2021-01-01;DINSGF;Früheres Bundesgebiet / Neue Länder;DF;Früheres Bundesgebiet;GUTGB2;Gebrauchsgüter;KRAFTRAD-01;Krafträder;-;Prozent;ATG001;Ausstattungsgrad je 100 Haushalte
63111;Laufende Wirtschaftsrechnungen;STAG;Stichtag;2011-01-01;DINSGF;Früheres Bundesgebiet / Neue Länder;DF;Früheres Bundesgebiet;GUTGB2;Gebrauchsgüter;FOTO-DIGITAL-01;Digitalkamera (Fotoapparat digital);72,1;Prozent;ATG001;Ausstattungsgrad je 100 Haushalte
63111;Laufende Wirtschaftsrechnungen;STAG;Stichtag;2021-01-01;DINSGF;Früheres Bundesgebiet / Neue Länder;DF;Früheres Bundesgebiet;GUTGB2;Gebrauchsgüter;CAM-ANALOG-01;Camcorder (Videokamera) analog;-;Prozent;ATG001;Ausstattungsgrad je 100 Haushalte
63111;Laufende Wirtschaftsrechnungen;STAG;Stichtag;2017-01-01;DINSGF;Früheres Bundesgebiet / Neue Länder;DF;Früheres Bundesgebiet;GUTGB2;Gebrauchsgüter;FAX-STAT-01;Telefaxgerät stationär;-;Prozent;ATG001;Ausstattungsgrad je 100 Haushalte
63111;Laufende Wirtschaftsrechnungen;STAG;Stichtag;2019-01-01;DINSGF;Früheres Bundesgebiet / Neue Länder;DF;Früheres Bundesgebiet;GUTGB2;Gebrauchsgüter;CD-STAT-01;CD-Player stationär;-;Prozent;ATG001;Ausstattungsgrad je 100 Haushalte
63111;Laufende Wirtschaftsrechnungen;STAG;Stichtag;2016-01-01;DINSGF;Früheres Bundesgebiet / Neue Länder;DF;Früheres Bundesgebiet;GUTGB2;Gebrauchsgüter;MP3PLAY01;MP3-Player;41,3;Prozent;ATG001;Ausstattungsgrad je 100 Haushalte
63111;Laufende Wirtschaftsrechnungen;STAG;Stichtag;2022-01-01;DINSGF;Früheres Bundesgebiet / Neue Länder;DF;Früheres Bundesgebiet;GUTGB2;Gebrauchsgüter;ISDN-01;ISDN-Anschluss;-;Prozent;ATG001;Ausstattungsgrad je 100 Haushalte
63111;Laufende Wirtschaftsrechnungen;STAG;Stichtag;2014-01-01;DINSGF;Früheres Bundesgebiet / Neue Länder;DF;Früheres Bundesgebiet;GUTGB2;Gebrauchsgüter;PKW-01;Personenkraftwagen;78,7;Prozent;ATG001;Ausstattungsgrad je 100 Haushalte
63111;Laufende Wirtschaftsrechnungen;STAG;Stichtag;2022-01-01;DINSGF;Früheres Bundesgebiet / Neue Länder;DN;Neue Länder;GUTGB2;Gebrauchsgüter;KAFFEEM-02;Filterkaffeemaschine;63,7;Prozent;ATG001;Ausstattungsgrad je 100 Haushalte
63111;Laufende Wirtschaftsrechnungen;STAG;Stichtag;2016-01-01;DINSGF;Früheres Bundesgebiet / Neue Länder;DN;Neue Länder;GUTGB2;Gebrauchsgüter;BRD-01;Blu-ray-Gerät;18,4;Prozent;ATG001;Ausstattungsgrad je 100 Haushalte
63111;Laufende Wirtschaftsrechnungen;STAG;Stichtag;2021-01-01;DINSGF;Früheres Bundesgebiet / Neue Länder;DN;Neue Länder;GUTGB2;Gebrauchsgüter;TEL-01;Telefon;100,0;Prozent;ATG001;Ausstattungsgrad je 100 Haushalte
63111;Laufende Wirtschaftsrechnungen;STAG;Stichtag;2010-01-01;DINSGF;Früheres Bundesgebiet / Neue Länder;DF;Früheres Bundesgebiet;GUTGB2;Gebrauchsgüter;SMART-04;Smartes Sicherheitssystem;-;Prozent;ATG001;Ausstattungsgrad je 100 Haushalte
63111;Laufende Wirtschaftsrechnungen;STAG;Stichtag;2017-01-01;DINSGF;Früheres Bundesgebiet / Neue Länder;DN;Neue Länder;GUTGB2;Gebrauchsgüter;ANSCHL-SAT-01;Satelliten-TV-Anschluss;-;Prozent;ATG001;Ausstattungsgrad je 100 Haushalte
63111;Laufende Wirtschaftsrechnungen;STAG;Stichtag;2020-01-01;DINSGF;Früheres Bundesgebiet / Neue Länder;DF;Früheres Bundesgebiet;GUTGB2;Gebrauchsgüter;KRAFTRAD-01;Krafträder;11,1;Prozent;ATG001;Ausstattungsgrad je 100 Haushalte
63111;Laufende Wirtschaftsrechnungen;STAG;Stichtag;2016-01-01;DINSGF;Früheres Bundesgebiet / Neue Länder;DN;Neue Länder;GUTGB2;Gebrauchsgüter;SPORT-HOME-01;Sportgeräte (Heimtrainer);23,6;Prozent;ATG001;Ausstattungsgrad je 100 Haushalte
63111;Laufende Wirtschaftsrechnungen;STAG;Stichtag;2020-01-01;DINSGF;Früheres Bundesgebiet / Neue Länder;DF;Früheres Bundesgebiet;GUTGB2;Gebrauchsgüter;SMART-04;Smartes Sicherheitssystem;-;Prozent;ATG001;Ausstattungsgrad je 100 Haushalte
63111;Laufende Wirtschaftsrechnungen;STAG;Stichtag;2019-01-01;DINSGF;Früheres Bundesgebiet / Neue Länder;DF;Früheres Bundesgebiet;GUTGB2;Gebrauchsgüter;TV-03;Flachbildfernseher (LCD, Plasma);88,8;Prozent;ATG001;Ausstattungsgrad je 100 Haushalte
63111;Laufende Wirtschaftsrechnungen;STAG;Stichtag;2019-01-01;DINSGF;Früheres Bundesgebiet / Neue Länder;DF;Früheres Bundesgebiet;GUTGB2;Gebrauchsgüter;CD-01;CD-Player/CD-Recorder (auch im PC);-;Prozent;ATG001;Ausstattungsgrad je 100 Haushalte
63111;Laufende Wirtschaftsrechnungen;STAG;Stichtag;2020-01-01;DINSGF;Früheres Bundesgebiet / Neue Länder;DN;Neue Länder;GUTGB2;Gebrauchsgüter;DEC-DVBT-01;DVB-T-Gerät (Decoder);-;Prozent;ATG001;Ausstattungsgrad je 100 Haushalte
63111;Laufende Wirtschaftsrechnungen;STAG;Stichtag;2019-01-01;DINSGF;Früheres Bundesgebiet / Neue Länder;DN;Neue Länder;GUTGB2;Gebrauchsgüter;TEL-MOBIL-01;Telefon mobil (Autotelefon, Handy);97,2;Prozent;ATG001;Ausstattungsgrad je 100 Haushalte
63111;Laufende Wirtschaftsrechnungen;STAG;Stichtag;2015-01-01;DINSGF;Früheres Bundesgebiet / Neue Länder;DF;Früheres Bundesgebiet;GUTGB2;Gebrauchsgüter;NAVIGASYS01;Navigationssystem;51,1;Prozent;ATG001;Ausstattungsgrad je 100 Haushalte
63111;Laufende Wirtschaftsrechnungen;STAG;Stichtag;2017-01-01;DINSGF;Früheres Bundesgebiet / Neue Länder;DN;Neue Länder;GUTGB2;Gebrauchsgüter;ANSCHL-ANT-01;Antennen-TV-Anschluss (DVB-T);-;Prozent;ATG001;Ausstattungsgrad je 100 Haushalte
63111;Laufende Wirtschaftsrechnungen;STAG;Stichtag;2011-01-01;DINSGF;Früheres Bundesgebiet / Neue Länder;DF;Früheres Bundesgebiet;GUTGB2;Gebrauchsgüter;PC-01;Personalcomputer;82,8;Prozent;ATG001;Ausstattungsgrad je 100 Haushalte
63111;Laufende Wirtschaftsrechnungen;STAG;Stichtag;2019-01-01;DINSGF;Früheres Bundesgebiet / Neue Länder;DF;Früheres Bundesgebiet;GUTGB2;Gebrauchsgüter;SMART-05;Smartes Haushaltsgerät;-;Prozent;ATG001;Ausstattungsgrad je 100 Haushalte
63111;Laufende Wirtschaftsrechnungen;STAG;Stichtag;2011-01-01;DINSGF;Früheres Bundesgebiet / Neue Länder;DF;Früheres Bundesgebiet;GUTGB2;Gebrauchsgüter;KABEL-01;Kabelanschluss;43,2;Prozent;ATG001;Ausstattungsgrad je 100 Haushalte
63111;Laufende Wirtschaftsrechnungen;STAG;Stichtag;2022-01-01;DINSGF;Früheres Bundesgebiet / Neue Länder;DF;Früheres Bundesgebiet;GUTGB2;Gebrauchsgüter;TEL-STAT-01;Telefon stationär (auch schnurlos);83,9;Prozent;ATG001;Ausstattungsgrad je 100 Haushalte
63111;Laufende Wirtschaftsrechnungen;STAG;Stichtag;2022-01-01;DINSGF;Früheres Bundesgebiet / Neue Länder;DF;Früheres Bundesgebiet;GUTGB2;Gebrauchsgüter;CAM-DIGITAL-01;Camcorder (Videokamera) digital;-;Prozent;ATG001;Ausstattungsgrad je 100 Haushalte
63111;Laufende Wirtschaftsrechnungen;STAG;Stichtag;2020-01-01;DINSGF;Früheres Bundesgebiet / Neue Länder;DN;Neue Länder;GUTGB2;Gebrauchsgüter;PKW-GEBR-02;Pkw gebraucht gekauft, Elektroauto, Plug-in-Hybrid;-;Prozent;ATG001;Ausstattungsgrad je 100 Haushalte
63111;Laufende Wirtschaftsrechnungen;STAG;Stichtag;2011-01-01;DINSGF;Früheres Bundesgebiet / Neue Länder;DN;Neue Länder;GUTGB2;Gebrauchsgüter;PC-MOBIL-04;Laptop/Notebook, Netbook;-;Prozent;ATG001;Ausstattungsgrad je 100 Haushalte
63111;Laufende Wirtschaftsrechnungen;STAG;Stichtag;2011-01-01;DINSGF;Früheres Bundesgebiet / Neue Länder;DN;Neue Länder;GUTGB2;Gebrauchsgüter;PC-01;Personalcomputer;79,1;Prozent;ATG001;Ausstattungsgrad je 100 Haushalte
63111;Laufende Wirtschaftsrechnungen;STAG;Stichtag;2010-01-01;DINSGF;Früheres Bundesgebiet / Neue Länder;DN;Neue Länder;GUTGB2;Gebrauchsgüter;ANSCHL-IPTV;TV über DSL/Internet (IPTV);-;Prozent;ATG001;Ausstattungsgrad je 100 Haushalte
63111;Laufende Wirtschaftsrechnungen;STAG;Stichtag;2015-01-01;DINSGF;Früheres Bundesgebiet / Neue Länder;DN;Neue Länder;GUTGB2;Gebrauchsgüter;FAHRRAD-03;E-Scooter (Tretroller m.Elektroantr. oh. Füh.pfl.);-;Prozent;ATG001;Ausstattungsgrad je 100 Haushalte
63111;Laufende Wirtschaftsrechnungen;STAG;Stichtag;2014-01-01;DINSGF;Früheres Bundesgebiet / Neue Länder;DN;Neue Länder;GUTGB2;Gebrauchsgüter;PC-MOBIL-04;Laptop/Notebook, Netbook;-;Prozent;ATG001;Ausstattungsgrad je 100 Haushalte
63111;Laufende Wirtschaftsrechnungen;STAG;Stichtag;2021-01-01;DINSGF;Früheres Bundesgebiet / Neue Länder;DN;Neue Länder;GUTGB2;Gebrauchsgüter;ISDN-01;ISDN-Anschluss;-;Prozent;ATG001;Ausstattungsgrad je 100 Haushalte
63111;Laufende Wirtschaftsrechnungen;STAG;Stichtag;2022-01-01;DINSGF;Früheres Bundesgebiet / Neue Länder;DF;Früheres Bundesgebiet;GUTGB2;Gebrauchsgüter;FAHRRAD-01;Fahrrad;78,0;Prozent;ATG001;Ausstattungsgrad je 100 Haushalte
63111;Laufende Wirtschaftsrechnungen;STAG;Stichtag;2017-01-01;DINSGF;Früheres Bundesgebiet / Neue Länder;DF;Früheres Bundesgebiet;GUTGB2;Gebrauchsgüter;PKW-GEL-01;Personenkraftwagen geleast;-;Prozent;ATG001;Ausstattungsgrad je 100 Haushalte
63111;Laufende Wirtschaftsrechnungen;STAG;Stichtag;2020-01-01;DINSGF;Früheres Bundesgebiet / Neue Länder;DF;Früheres Bundesgebiet;GUTGB2;Gebrauchsgüter;KAFFEEM-03;Pad- oder Kapselmaschine;31,4;Prozent;ATG001;Ausstattungsgrad je 100 Haushalte
63111;Laufende Wirtschaftsrechnungen;STAG;Stichtag;2015-01-01;DINSGF;Früheres Bundesgebiet / Neue Länder;DN;Neue Länder;GUTGB2;Gebrauchsgüter;ANSCHL-IPTV;TV über DSL/Internet (IPTV);-;Prozent;ATG001;Ausstattungsgrad je 100 Haushalte
63111;Laufende Wirtschaftsrechnungen;STAG;Stichtag;2011-01-01;DINSGF;Früheres Bundesgebiet / Neue Länder;DN;Neue Länder;GUTGB2;Gebrauchsgüter;PKW-NEU-02;Pkw fabrikneu gekauft, Elektroauto, Plug-in-Hybrid;-;Prozent;ATG001;Ausstattungsgrad je 100 Haushalte
63111;Laufende Wirtschaftsrechnungen;STAG;Stichtag;2017-01-01;DINSGF;Früheres Bundesgebiet / Neue Länder;DF;Früheres Bundesgebiet;GUTGB2;Gebrauchsgüter;FOTO-DIGITAL-01;Digitalkamera (Fotoapparat digital);-;Prozent;ATG001;Ausstattungsgrad je 100 Haushalte
63111;Laufende Wirtschaftsrechnungen;STAG;Stichtag;2014-01-01;DINSGF;Früheres Bundesgebiet / Neue Länder;DN;Neue Länder;GUTGB2;Gebrauchsgüter;ANSCHL-KAB-01;Kabel-TV-Anschluss;57,5;Prozent;ATG001;Ausstattungsgrad je 100 Haushalte
63111;Laufende Wirtschaftsrechnungen;STAG;Stichtag;2015-01-01;DINSGF;Früheres Bundesgebiet / Neue Länder;DF;Früheres Bundesgebiet;GUTGB2;Gebrauchsgüter;ANSCHL-SAT-01;Satelliten-TV-Anschluss;48,0;Prozent;ATG001;Ausstattungsgrad je 100 Haushalte
63111;Laufende Wirtschaftsrechnungen;STAG;Stichtag;2021-01-01;DINSGF;Früheres Bundesgebiet / Neue Länder;DF;Früheres Bundesgebiet;GUTGB2;Gebrauchsgüter;ISDN-01;ISDN-Anschluss;-;Prozent;ATG001;Ausstattungsgrad je 100 Haushalte
63111;Laufende Wirtschaftsrechnungen;STAG;Stichtag;2014-01-01;DINSGF;Früheres Bundesgebiet / Neue Länder;DF;Früheres Bundesgebiet;GUTGB2;Gebrauchsgüter;SPORT-HOME-01;Sportgeräte (Heimtrainer);27,0;Prozent;ATG001;Ausstattungsgrad je 100 Haushalte
63111;Laufende Wirtschaftsrechnungen;STAG;Stichtag;2020-01-01;DINSGF;Früheres Bundesgebiet / Neue Länder;DN;Neue Länder;GUTGB2;Gebrauchsgüter;ISDN-01;ISDN-Anschluss;-;Prozent;ATG001;Ausstattungsgrad je 100 Haushalte
63111;Laufende Wirtschaftsrechnungen;STAG;Stichtag;2022-01-01;DINSGF;Früheres Bundesgebiet / Neue Länder;DN;Neue Länder;GUTGB2;Gebrauchsgüter;KRAFTRAD-05;Kraftrad mit Führerscheinpflicht;9,2;Prozent;ATG001;Ausstattungsgrad je 100 Haushalte
63111;Laufende Wirtschaftsrechnungen;STAG;Stichtag;2010-01-01;DINSGF;Früheres Bundesgebiet / Neue Länder;DF;Früheres Bundesgebiet;GUTGB2;Gebrauchsgüter;KAFFEEM-03;Pad- oder Kapselmaschine;-;Prozent;ATG001;Ausstattungsgrad je 100 Haushalte
63111;Laufende Wirtschaftsrechnungen;STAG;Stichtag;2016-01-01;DINSGF;Früheres Bundesgebiet / Neue Länder;DN;Neue Länder;GUTGB2;Gebrauchsgüter;PKW-07;Personenkraftwagen, Elektroauto, Plug-in-Hybrid;-;Prozent;ATG001;Ausstattungsgrad je 100 Haushalte
63111;Laufende Wirtschaftsrechnungen;STAG;Stichtag;2022-01-01;DINSGF;Früheres Bundesgebiet / Neue Länder;DN;Neue Länder;GUTGB2;Gebrauchsgüter;PKW-GEBR-02;Pkw gebraucht gekauft, Elektroauto, Plug-in-Hybrid;/;Prozent;ATG001;Ausstattungsgrad je 100 Haushalte
63111;Laufende Wirtschaftsrechnungen;STAG;Stichtag;2020-01-01;DINSGF;Früheres Bundesgebiet / Neue Länder;DF;Früheres Bundesgebiet;GUTGB2;Gebrauchsgüter;FOTO-ANALOG-01;Fotoapparat analog;25,3;Prozent;ATG001;Ausstattungsgrad je 100 Haushalte
63111;Laufende Wirtschaftsrechnungen;STAG;Stichtag;2021-01-01;DINSGF;Früheres Bundesgebiet / Neue Länder;DN;Neue Länder;GUTGB2;Gebrauchsgüter;PKW-NEU-02;Pkw fabrikneu gekauft, Elektroauto, Plug-in-Hybrid;/;Prozent;ATG001;Ausstattungsgrad je 100 Haushalte
63111;Laufende Wirtschaftsrechnungen;STAG;Stichtag;2016-01-01;DINSGF;Früheres Bundesgebiet / Neue Länder;DN;Neue Länder;GUTGB2;Gebrauchsgüter;DVD-BRD-01;DVD- und Blu-ray-Gerät;66,1;Prozent;ATG001;Ausstattungsgrad je 100 Haushalte
63111;Laufende Wirtschaftsrechnungen;STAG;Stichtag;2019-01-01;DINSGF;Früheres Bundesgebiet / Neue Länder;DN;Neue Länder;GUTGB2;Gebrauchsgüter;WASCHM-01;Waschmaschine;97,2;Prozent;ATG001;Ausstattungsgrad je 100 Haushalte
63111;Laufende Wirtschaftsrechnungen;STAG;Stichtag;2015-01-01;DINSGF;Früheres Bundesgebiet / Neue Länder;DN;Neue Länder;GUTGB2;Gebrauchsgüter;CD-01;CD-Player/CD-Recorder (auch im PC);-;Prozent;ATG001;Ausstattungsgrad je 100 Haushalte
63111;Laufende Wirtschaftsrechnungen;STAG;Stichtag;2014-01-01;DINSGF;Früheres Bundesgebiet / Neue Länder;DF;Früheres Bundesgebiet;GUTGB2;Gebrauchsgüter;NAVIGASYS01;Navigationssystem;49,6;Prozent;ATG001;Ausstattungsgrad je 100 Haushalte
63111;Laufende Wirtschaftsrechnungen;STAG;Stichtag;2014-01-01;DINSGF;Früheres Bundesgebiet / Neue Länder;DF;Früheres Bundesgebiet;GUTGB2;Gebrauchsgüter;SPUEL-01;Geschirrspülmaschine;70,2;Prozent;ATG001;Ausstattungsgrad je 100 Haushalte
63111;Laufende Wirtschaftsrechnungen;STAG;Stichtag;2015-01-01;DINSGF;Früheres Bundesgebiet / Neue Länder;DN;Neue Länder;GUTGB2;Gebrauchsgüter;TV-03;Flachbildfernseher (LCD, Plasma);83,9;Prozent;ATG001;Ausstattungsgrad je 100 Haushalte
63111;Laufende Wirtschaftsrechnungen;STAG;Stichtag;2016-01-01;DINSGF;Früheres Bundesgebiet / Neue Länder;DF;Früheres Bundesgebiet;GUTGB2;Gebrauchsgüter;ANTW-STAT-01;Anrufbeantworter stationär;-;Prozent;ATG001;Ausstattungsgrad je 100 Haushalte
63111;Laufende Wirtschaftsrechnungen;STAG;Stichtag;2021-01-01;DINSGF;Früheres Bundesgebiet / Neue Länder;DN;Neue Länder;GUTGB2;Gebrauchsgüter;KRAFTRAD-05;Kraftrad mit Führerscheinpflicht;10,7;Prozent;ATG001;Ausstattungsgrad je 100 Haushalte
63111;Laufende Wirtschaftsrechnungen;STAG;Stichtag;2015-01-01;DINSGF;Früheres Bundesgebiet / Neue Länder;DN;Neue Länder;GUTGB2;Gebrauchsgüter;ANTW-STAT-01;Anrufbeantworter stationär;-;Prozent;ATG001;Ausstattungsgrad je 100 Haushalte
63111;Laufende Wirtschaftsrechnungen;STAG;Stichtag;2020-01-01;DINSGF;Früheres Bundesgebiet / Neue Länder;DN;Neue Länder;GUTGB2;Gebrauchsgüter;ANTW-STAT-01;Anrufbeantworter stationär;-;Prozent;ATG001;Ausstattungsgrad je 100 Haushalte
63111;Laufende Wirtschaftsrechnungen;STAG;Stichtag;2019-01-01;DINSGF;Früheres Bundesgebiet / Neue Länder;DF;Früheres Bundesgebiet;GUTGB2;Gebrauchsgüter;FAHRRAD-01;Fahrrad;79,6;Prozent;ATG001;Ausstattungsgrad je 100 Haushalte
63111;Laufende Wirtschaftsrechnungen;STAG;Stichtag;2022-01-01;DINSGF;Früheres Bundesgebiet / Neue Länder;DN;Neue Länder;GUTGB2;Gebrauchsgüter;SMART-03;Smartes Energiemanagementsystem;9,3;Prozent;ATG001;Ausstattungsgrad je 100 Haushalte
63111;Laufende Wirtschaftsrechnungen;STAG;Stichtag;2019-01-01;DINSGF;Früheres Bundesgebiet / Neue Länder;DN;Neue Länder;GUTGB2;Gebrauchsgüter;PC-MOBIL-05;Tablet;42,7;Prozent;ATG001;Ausstattungsgrad je 100 Haushalte
63111;Laufende Wirtschaftsrechnungen;STAG;Stichtag;2019-01-01;DINSGF;Früheres Bundesgebiet / Neue Länder;DN;Neue Länder;GUTGB2;Gebrauchsgüter;INTERNET-10;Internetanschluss, -zugang stationär;82,7;Prozent;ATG001;Ausstattungsgrad je 100 Haushalte
63111;Laufende Wirtschaftsrechnungen;STAG;Stichtag;2011-01-01;DINSGF;Früheres Bundesgebiet / Neue Länder;DN;Neue Länder;GUTGB2;Gebrauchsgüter;HIFI-01;HiFi-Anlage;-;Prozent;ATG001;Ausstattungsgrad je 100 Haushalte
63111;Laufende Wirtschaftsrechnungen;STAG;Stichtag;2016-01-01;DINSGF;Früheres Bundesgebiet / Neue Länder;DF;Früheres Bundesgebiet;GUTGB2;Gebrauchsgüter;FAX-STAT-01;Telefaxgerät stationär;-;Prozent;ATG001;Ausstattungsgrad je 100 Haushalte
63111;Laufende Wirtschaftsrechnungen;STAG;Stichtag;2021-01-01;DINSGF;Früheres Bundesgebiet / Neue Länder;DN;Neue Länder;GUTGB2;Gebrauchsgüter;VIDEO-REC-01;Videorecorder;-;Prozent;ATG001;Ausstattungsgrad je 100 Haushalte
63111;Laufende Wirtschaftsrechnungen;STAG;Stichtag;2020-01-01;DINSGF;Früheres Bundesgebiet / Neue Länder;DF;Früheres Bundesgebiet;GUTGB2;Gebrauchsgüter;NAVIGASYS01;Navigationssystem;45,2;Prozent;ATG001;Ausstattungsgrad je 100 Haushalte
63111;Laufende Wirtschaftsrechnungen;STAG;Stichtag;2019-01-01;DINSGF;Früheres Bundesgebiet / Neue Länder;DN;Neue Länder;GUTGB2;Gebrauchsgüter;ANSCHL-ANT-02;Antennen-TV-Anschluss (DVB-T2 HD);-;Prozent;ATG001;Ausstattungsgrad je 100 Haushalte
63111;Laufende Wirtschaftsrechnungen;STAG;Stichtag;2010-01-01;DINSGF;Früheres Bundesgebiet / Neue Länder;DN;Neue Länder;GUTGB2;Gebrauchsgüter;PC-01;Personalcomputer;77,0;Prozent;ATG001;Ausstattungsgrad je 100 Haushalte
63111;Laufende Wirtschaftsrechnungen;STAG;Stichtag;2017-01-01;DINSGF;Früheres Bundesgebiet / Neue Länder;DF;Früheres Bundesgebiet;GUTGB2;Gebrauchsgüter;ISDN-01;ISDN-Anschluss;-;Prozent;ATG001;Ausstattungsgrad je 100 Haushalte
63111;Laufende Wirtschaftsrechnungen;STAG;Stichtag;2010-01-01;DINSGF;Früheres Bundesgebiet / Neue Länder;DF;Früheres Bundesgebiet;GUTGB2;Gebrauchsgüter;DVD-02;DVD-Player/Recorder;70,4;Prozent;ATG001;Ausstattungsgrad je 100 Haushalte
63111;Laufende Wirtschaftsrechnungen;STAG;Stichtag;2011-01-01;DINSGF;Früheres Bundesgebiet / Neue Länder;DF;Früheres Bundesgebiet;GUTGB2;Gebrauchsgüter;SMART-02;Smart Speaker (intelligenter/WLAN-Lautsprecher);-;Prozent;ATG001;Ausstattungsgrad je 100 Haushalte
63111;Laufende Wirtschaftsrechnungen;STAG;Stichtag;2022-01-01;DINSGF;Früheres Bundesgebiet / Neue Länder;DN;Neue Länder;GUTGB2;Gebrauchsgüter;TEL-SMART;Smartphone;87,4;Prozent;ATG001;Ausstattungsgrad je 100 Haushalte
63111;Laufende Wirtschaftsrechnungen;STAG;Stichtag;2017-01-01;DINSGF;Früheres Bundesgebiet / Neue Länder;DN;Neue Länder;GUTGB2;Gebrauchsgüter;INTERNET-01;Internetanschluss, -zugang;-;Prozent;ATG001;Ausstattungsgrad je 100 Haushalte
63111;Laufende Wirtschaftsrechnungen;STAG;Stichtag;2019-01-01;DINSGF;Früheres Bundesgebiet / Neue Länder;DF;Früheres Bundesgebiet;GUTGB2;Gebrauchsgüter;KAFFEEM-04;Kaffeevollautomat;19,1;Prozent;ATG001;Ausstattungsgrad je 100 Haushalte
63111;Laufende Wirtschaftsrechnungen;STAG;Stichtag;2022-01-01;DINSGF;Früheres Bundesgebiet / Neue Länder;DF;Früheres Bundesgebiet;GUTGB2;Gebrauchsgüter;HIFI-01;HiFi-Anlage;-;Prozent;ATG001;Ausstattungsgrad je 100 Haushalte
63111;Laufende Wirtschaftsrechnungen;STAG;Stichtag;2022-01-01;DINSGF;Früheres Bundesgebiet / Neue Länder;DN;Neue Länder;GUTGB2;Gebrauchsgüter;ANSCHL-ANT-02;Antennen-TV-Anschluss (DVB-T2 HD);9,4;Prozent;ATG001;Ausstattungsgrad je 100 Haushalte
63111;Laufende Wirtschaftsrechnungen;STAG;Stichtag;2015-01-01;DINSGF;Früheres Bundesgebiet / Neue Länder;DF;Früheres Bundesgebiet;GUTGB2;Gebrauchsgüter;CD-STAT-01;CD-Player stationär;-;Prozent;ATG001;Ausstattungsgrad je 100 Haushalte
63111;Laufende Wirtschaftsrechnungen;STAG;Stichtag;2014-01-01;DINSGF;Früheres Bundesgebiet / Neue Länder;DN;Neue Länder;GUTGB2;Gebrauchsgüter;TEL-MOBIL-01;Telefon mobil (Autotelefon, Handy);92,5;Prozent;ATG001;Ausstattungsgrad je 100 Haushalte
63111;Laufende Wirtschaftsrechnungen;STAG;Stichtag;2010-01-01;DINSGF;Früheres Bundesgebiet / Neue Länder;DF;Früheres Bundesgebiet;GUTGB2;Gebrauchsgüter;CAM-01;Camcorder (Videokamera);19,9;Prozent;ATG001;Ausstattungsgrad je 100 Haushalte
63111;Laufende Wirtschaftsrechnungen;STAG;Stichtag;2016-01-01;DINSGF;Früheres Bundesgebiet / Neue Länder;DF;Früheres Bundesgebiet;GUTGB2;Gebrauchsgüter;NAVIGASYS01;Navigationssystem;52,3;Prozent;ATG001;Ausstattungsgrad je 100 Haushalte
63111;Laufende Wirtschaftsrechnungen;STAG;Stichtag;2020-01-01;DINSGF;Früheres Bundesgebiet / Neue Länder;DN;Neue Länder;GUTGB2;Gebrauchsgüter;ANSCHL-IPTV;TV über DSL/Internet (IPTV);14,6;Prozent;ATG001;Ausstattungsgrad je 100 Haushalte
63111;Laufende Wirtschaftsrechnungen;STAG;Stichtag;2014-01-01;DINSGF;Früheres Bundesgebiet / Neue Länder;DF;Früheres Bundesgebiet;GUTGB2;Gebrauchsgüter;KRAFTRAD-06;E-Roller, E-Bike mit Führerscheinpflicht;-;Prozent;ATG001;Ausstattungsgrad je 100 Haushalte
63111;Laufende Wirtschaftsrechnungen;STAG;Stichtag;2014-01-01;DINSGF;Früheres Bundesgebiet / Neue Länder;DN;Neue Länder;GUTGB2;Gebrauchsgüter;PKW-NEU-01;Personenkraftwagen fabrikneu gekauft;32,1;Prozent;ATG001;Ausstattungsgrad je 100 Haushalte
63111;Laufende Wirtschaftsrechnungen;STAG;Stichtag;2019-01-01;DINSGF;Früheres Bundesgebiet / Neue Länder;DN;Neue Länder;GUTGB2;Gebrauchsgüter;TV-02;(Farb-)Fernsehgerät;96,8;Prozent;ATG001;Ausstattungsgrad je 100 Haushalte
63111;Laufende Wirtschaftsrechnungen;STAG;Stichtag;2022-01-01;DINSGF;Früheres Bundesgebiet / Neue Länder;DF;Früheres Bundesgebiet;GUTGB2;Gebrauchsgüter;KRAFTRAD-01;Krafträder;-;Prozent;ATG001;Ausstattungsgrad je 100 Haushalte
63111;Laufende Wirtschaftsrechnungen;STAG;Stichtag;2010-01-01;DINSGF;Früheres Bundesgebiet / Neue Länder;DF;Früheres Bundesgebiet;GUTGB2;Gebrauchsgüter;DEC-PAYTV-01;Pay-TV-Decoder;5,1;Prozent;ATG001;Ausstattungsgrad je 100 Haushalte
63111;Laufende Wirtschaftsrechnungen;STAG;Stichtag;2010-01-01;DINSGF;Früheres Bundesgebiet / Neue Länder;DN;Neue Länder;GUTGB2;Gebrauchsgüter;FOTO-02;Fotoapparat/Digitalkamera;87,4;Prozent;ATG001;Ausstattungsgrad je 100 Haushalte
63111;Laufende Wirtschaftsrechnungen;STAG;Stichtag;2011-01-01;DINSGF;Früheres Bundesgebiet / Neue Länder;DN;Neue Länder;GUTGB2;Gebrauchsgüter;SMART-02;Smart Speaker (intelligenter/WLAN-Lautsprecher);-;Prozent;ATG001;Ausstattungsgrad je 100 Haushalte
63111;Laufende Wirtschaftsrechnungen;STAG;Stichtag;2017-01-01;DINSGF;Früheres Bundesgebiet / Neue Länder;DN;Neue Länder;GUTGB2;Gebrauchsgüter;PC-DRUCK-01;PC-Drucker (auch in Kombigeräten);-;Prozent;ATG001;Ausstattungsgrad je 100 Haushalte
63111;Laufende Wirtschaftsrechnungen;STAG;Stichtag;2022-01-01;DINSGF;Früheres Bundesgebiet / Neue Länder;DF;Früheres Bundesgebiet;GUTGB2;Gebrauchsgüter;PC-MOBIL-01;PC mobil (Notebook, Laptop, Palmtop);85,6;Prozent;ATG001;Ausstattungsgrad je 100 Haushalte
63111;Laufende Wirtschaftsrechnungen;STAG;Stichtag;2010-01-01;DINSGF;Früheres Bundesgebiet / Neue Länder;DF;Früheres Bundesgebiet;GUTGB2;Gebrauchsgüter;ANSCHL-SAT-01;Satelliten-TV-Anschluss;-;Prozent;ATG001;Ausstattungsgrad je 100 Haushalte
63111;Laufende Wirtschaftsrechnungen;STAG;Stichtag;2022-01-01;DINSGF;Früheres Bundesgebiet / Neue Länder;DN;Neue Länder;GUTGB2;Gebrauchsgüter;PC-DRUCK-01;PC-Drucker (auch in Kombigeräten);73,7;Prozent;ATG001;Ausstattungsgrad je 100 Haushalte
63111;Laufende Wirtschaftsrechnungen;STAG;Stichtag;2022-01-01;DINSGF;Früheres Bundesgebiet / Neue Länder;DN;Neue Länder;GUTGB2;Gebrauchsgüter;KRAFTRAD-06;E-Roller, E-Bike mit Führerscheinpflicht;/;Prozent;ATG001;Ausstattungsgrad je 100 Haushalte
63111;Laufende Wirtschaftsrechnungen;STAG;Stichtag;2020-01-01;DINSGF;Früheres Bundesgebiet / Neue Länder;DF;Früheres Bundesgebiet;GUTGB2;Gebrauchsgüter;RADIO-REC-01;Radiorecorder/Stereorundfunkgerät;-;Prozent;ATG001;Ausstattungsgrad je 100 Haushalte
63111;Laufende Wirtschaftsrechnungen;STAG;Stichtag;2015-01-01;DINSGF;Früheres Bundesgebiet / Neue Länder;DF;Früheres Bundesgebiet;GUTGB2;Gebrauchsgüter;SPIELE-01;Spielekonsole;26,2;Prozent;ATG001;Ausstattungsgrad je 100 Haushalte
63111;Laufende Wirtschaftsrechnungen;STAG;Stichtag;2014-01-01;DINSGF;Früheres Bundesgebiet / Neue Länder;DF;Früheres Bundesgebiet;GUTGB2;Gebrauchsgüter;PC-DRUCK-01;PC-Drucker (auch in Kombigeräten);-;Prozent;ATG001;Ausstattungsgrad je 100 Haushalte
63111;Laufende Wirtschaftsrechnungen;STAG;Stichtag;2016-01-01;DINSGF;Früheres Bundesgebiet / Neue Länder;DN;Neue Länder;GUTGB2;Gebrauchsgüter;ANSCHL-IPTV;TV über DSL/Internet (IPTV);-;Prozent;ATG001;Ausstattungsgrad je 100 Haushalte
63111;Laufende Wirtschaftsrechnungen;STAG;Stichtag;2022-01-01;DINSGF;Früheres Bundesgebiet / Neue Länder;DN;Neue Länder;GUTGB2;Gebrauchsgüter;TEL-01;Telefon;100,0;Prozent;ATG001;Ausstattungsgrad je 100 Haushalte
63111;Laufende Wirtschaftsrechnungen;STAG;Stichtag;2022-01-01;DINSGF;Früheres Bundesgebiet / Neue Länder;DF;Früheres Bundesgebiet;GUTGB2;Gebrauchsgüter;MD-01;MiniDisc-Player/Recorder;-;Prozent;ATG001;Ausstattungsgrad je 100 Haushalte
63111;Laufende Wirtschaftsrechnungen;STAG;Stichtag;2019-01-01;DINSGF;Früheres Bundesgebiet / Neue Länder;DN;Neue Länder;GUTGB2;Gebrauchsgüter;FOTO-ANALOG-01;Fotoapparat analog;25,7;Prozent;ATG001;Ausstattungsgrad je 100 Haushalte
63111;Laufende Wirtschaftsrechnungen;STAG;Stichtag;2015-01-01;DINSGF;Früheres Bundesgebiet / Neue Länder;DF;Früheres Bundesgebiet;GUTGB2;Gebrauchsgüter;RADIO-REC-01;Radiorecorder/Stereorundfunkgerät;-;Prozent;ATG001;Ausstattungsgrad je 100 Haushalte
63111;Laufende Wirtschaftsrechnungen;STAG;Stichtag;2017-01-01;DINSGF;Früheres Bundesgebiet / Neue Länder;DF;Früheres Bundesgebiet;GUTGB2;Gebrauchsgüter;MODEM-01;Modem für Datenübertragung;-;Prozent;ATG001;Ausstattungsgrad je 100 Haushalte
63111;Laufende Wirtschaftsrechnungen;STAG;Stichtag;2021-01-01;DINSGF;Früheres Bundesgebiet / Neue Länder;DF;Früheres Bundesgebiet;GUTGB2;Gebrauchsgüter;FOTO-02;Fotoapparat/Digitalkamera;69,3;Prozent;ATG001;Ausstattungsgrad je 100 Haushalte
63111;Laufende Wirtschaftsrechnungen;STAG;Stichtag;2021-01-01;DINSGF;Früheres Bundesgebiet / Neue Länder;DN;Neue Länder;GUTGB2;Gebrauchsgüter;DEC-DVBT-01;DVB-T-Gerät (Decoder);-;Prozent;ATG001;Ausstattungsgrad je 100 Haushalte
63111;Laufende Wirtschaftsrechnungen;STAG;Stichtag;2021-01-01;DINSGF;Früheres Bundesgebiet / Neue Länder;DN;Neue Länder;GUTGB2;Gebrauchsgüter;PKW-GEL-02;Pkw geleast, Elektroauto, Plug-in-Hybrid;1,3;Prozent;ATG001;Ausstattungsgrad je 100 Haushalte
63111;Laufende Wirtschaftsrechnungen;STAG;Stichtag;2017-01-01;DINSGF;Früheres Bundesgebiet / Neue Länder;DF;Früheres Bundesgebiet;GUTGB2;Gebrauchsgüter;TEL-SMART;Smartphone;-;Prozent;ATG001;Ausstattungsgrad je 100 Haushalte
63111;Laufende Wirtschaftsrechnungen;STAG;Stichtag;2011-01-01;DINSGF;Früheres Bundesgebiet / Neue Länder;DF;Früheres Bundesgebiet;GUTGB2;Gebrauchsgüter;MP3PLAY01;MP3-Player;43,8;Prozent;ATG001;Ausstattungsgrad je 100 Haushalte
63111;Laufende Wirtschaftsrechnungen;STAG;Stichtag;2020-01-01;DINSGF;Früheres Bundesgebiet / Neue Länder;DF;Früheres Bundesgebiet;GUTGB2;Gebrauchsgüter;PC-MOBIL-05;Tablet;52,1;Prozent;ATG001;Ausstattungsgrad je 100 Haushalte
63111;Laufende Wirtschaftsrechnungen;STAG;Stichtag;2020-01-01;DINSGF;Früheres Bundesgebiet / Neue Länder;DF;Früheres Bundesgebiet;GUTGB2;Gebrauchsgüter;INTERNET-10;Internetanschluss, -zugang stationär;88,3;Prozent;ATG001;Ausstattungsgrad je 100 Haushalte
63111;Laufende Wirtschaftsrechnungen;STAG;Stichtag;2016-01-01;DINSGF;Früheres Bundesgebiet / Neue Länder;DN;Neue Länder;GUTGB2;Gebrauchsgüter;TV-02;(Farb-)Fernsehgerät;98,7;Prozent;ATG001;Ausstattungsgrad je 100 Haushalte
63111;Laufende Wirtschaftsrechnungen;STAG;Stichtag;2015-01-01;DINSGF;Früheres Bundesgebiet / Neue Länder;DF;Früheres Bundesgebiet;GUTGB2;Gebrauchsgüter;INTERNET-10;Internetanschluss, -zugang stationär;84,1;Prozent;ATG001;Ausstattungsgrad je 100 Haushalte
63111;Laufende Wirtschaftsrechnungen;STAG;Stichtag;2019-01-01;DINSGF;Früheres Bundesgebiet / Neue Länder;DF;Früheres Bundesgebiet;GUTGB2;Gebrauchsgüter;FAHRRAD-02;Pedelec (E-Bike ohne Führerscheinpflicht);10,2;Prozent;ATG001;Ausstattungsgrad je 100 Haushalte
63111;Laufende Wirtschaftsrechnungen;STAG;Stichtag;2020-01-01;DINSGF;Früheres Bundesgebiet / Neue Länder;DN;Neue Länder;GUTGB2;Gebrauchsgüter;TV-03;Flachbildfernseher (LCD, Plasma);93,6;Prozent;ATG001;Ausstattungsgrad je 100 Haushalte
63111;Laufende Wirtschaftsrechnungen;STAG;Stichtag;2019-01-01;DINSGF;Früheres Bundesgebiet / Neue Länder;DF;Früheres Bundesgebiet;GUTGB2;Gebrauchsgüter;PC-MOBIL-01;PC mobil (Notebook, Laptop, Palmtop);83,3;Prozent;ATG001;Ausstattungsgrad je 100 Haushalte
63111;Laufende Wirtschaftsrechnungen;STAG;Stichtag;2014-01-01;DINSGF;Früheres Bundesgebiet / Neue Länder;DF;Früheres Bundesgebiet;GUTGB2;Gebrauchsgüter;INTERNET-01;Internetanschluss, -zugang;79,3;Prozent;ATG001;Ausstattungsgrad je 100 Haushalte
63111;Laufende Wirtschaftsrechnungen;STAG;Stichtag;2020-01-01;DINSGF;Früheres Bundesgebiet / Neue Länder;DF;Früheres Bundesgebiet;GUTGB2;Gebrauchsgüter;SMART-02;Smart Speaker (intelligenter/WLAN-Lautsprecher);-;Prozent;ATG001;Ausstattungsgrad je 100 Haushalte
63111;Laufende Wirtschaftsrechnungen;STAG;Stichtag;2015-01-01;DINSGF;Früheres Bundesgebiet / Neue Länder;DF;Früheres Bundesgebiet;GUTGB2;Gebrauchsgüter;MP3PLAY01;MP3-Player;42,4;Prozent;ATG001;Ausstattungsgrad je 100 Haushalte
63111;Laufende Wirtschaftsrechnungen;STAG;Stichtag;2015-01-01;DINSGF;Früheres Bundesgebiet / Neue Länder;DF;Früheres Bundesgebiet;GUTGB2;Gebrauchsgüter;KRAFTRAD-06;E-Roller, E-Bike mit Führerscheinpflicht;-;Prozent;ATG001;Ausstattungsgrad je 100 Haushalte
63111;Laufende Wirtschaftsrechnungen;STAG;Stichtag;2016-01-01;DINSGF;Früheres Bundesgebiet / Neue Länder;DF;Früheres Bundesgebiet;GUTGB2;Gebrauchsgüter;INTERNET-10;Internetanschluss, -zugang stationär;85,6;Prozent;ATG001;Ausstattungsgrad je 100 Haushalte
63111;Laufende Wirtschaftsrechnungen;STAG;Stichtag;2015-01-01;DINSGF;Früheres Bundesgebiet / Neue Länder;DF;Früheres Bundesgebiet;GUTGB2;Gebrauchsgüter;PC-MOBIL-04;Laptop/Notebook, Netbook;68,5;Prozent;ATG001;Ausstattungsgrad je 100 Haushalte
63111;Laufende Wirtschaftsrechnungen;STAG;Stichtag;2022-01-01;DINSGF;Früheres Bundesgebiet / Neue Länder;DF;Früheres Bundesgebiet;GUTGB2;Gebrauchsgüter;TV-03;Flachbildfernseher (LCD, Plasma);91,2;Prozent;ATG001;Ausstattungsgrad je 100 Haushalte
63111;Laufende Wirtschaftsrechnungen;STAG;Stichtag;2016-01-01;DINSGF;Früheres Bundesgebiet / Neue Länder;DF;Früheres Bundesgebiet;GUTGB2;Gebrauchsgüter;TEL-STAT-01;Telefon stationär (auch schnurlos);91,6;Prozent;ATG001;Ausstattungsgrad je 100 Haushalte
63111;Laufende Wirtschaftsrechnungen;STAG;Stichtag;2019-01-01;DINSGF;Früheres Bundesgebiet / Neue Länder;DN;Neue Länder;GUTGB2;Gebrauchsgüter;KRAFTRAD-06;E-Roller, E-Bike mit Führerscheinpflicht;-;Prozent;ATG001;Ausstattungsgrad je 100 Haushalte
63111;Laufende Wirtschaftsrechnungen;STAG;Stichtag;2017-01-01;DINSGF;Früheres Bundesgebiet / Neue Länder;DF;Früheres Bundesgebiet;GUTGB2;Gebrauchsgüter;TEL-MOBIL-01;Telefon mobil (Autotelefon, Handy);-;Prozent;ATG001;Ausstattungsgrad je 100 Haushalte
63111;Laufende Wirtschaftsrechnungen;STAG;Stichtag;2021-01-01;DINSGF;Früheres Bundesgebiet / Neue Länder;DN;Neue Länder;GUTGB2;Gebrauchsgüter;FAHRRAD-02;Pedelec (E-Bike ohne Führerscheinpflicht);8,7;Prozent;ATG001;Ausstattungsgrad je 100 Haushalte
63111;Laufende Wirtschaftsrechnungen;STAG;Stichtag;2021-01-01;DINSGF;Früheres Bundesgebiet / Neue Länder;DF;Früheres Bundesgebiet;GUTGB2;Gebrauchsgüter;ANSCHL-SAT-01;Satelliten-TV-Anschluss;46,9;Prozent;ATG001;Ausstattungsgrad je 100 Haushalte
63111;Laufende Wirtschaftsrechnungen;STAG;Stichtag;2015-01-01;DINSGF;Früheres Bundesgebiet / Neue Länder;DF;Früheres Bundesgebiet;GUTGB2;Gebrauchsgüter;PKW-GEBR-02;Pkw gebraucht gekauft, Elektroauto, Plug-in-Hybrid;-;Prozent;ATG001;Ausstattungsgrad je 100 Haushalte
63111;Laufende Wirtschaftsrechnungen;STAG;Stichtag;2016-01-01;DINSGF;Früheres Bundesgebiet / Neue Länder;DN;Neue Länder;GUTGB2;Gebrauchsgüter;DVD-02;DVD-Player/Recorder;-;Prozent;ATG001;Ausstattungsgrad je 100 Haushalte
63111;Laufende Wirtschaftsrechnungen;STAG;Stichtag;2021-01-01;DINSGF;Früheres Bundesgebiet / Neue Länder;DN;Neue Länder;GUTGB2;Gebrauchsgüter;PC-DRUCK-01;PC-Drucker (auch in Kombigeräten);75,5;Prozent;ATG001;Ausstattungsgrad je 100 Haushalte
63111;Laufende Wirtschaftsrechnungen;STAG;Stichtag;2011-01-01;DINSGF;Früheres Bundesgebiet / Neue Länder;DN;Neue Länder;GUTGB2;Gebrauchsgüter;ANTW-STAT-01;Anrufbeantworter stationär;-;Prozent;ATG001;Ausstattungsgrad je 100 Haushalte
63111;Laufende Wirtschaftsrechnungen;STAG;Stichtag;2021-01-01;DINSGF;Früheres Bundesgebiet / Neue Länder;DF;Früheres Bundesgebiet;GUTGB2;Gebrauchsgüter;CAM-DIGITAL-01;Camcorder (Videokamera) digital;-;Prozent;ATG001;Ausstattungsgrad je 100 Haushalte
63111;Laufende Wirtschaftsrechnungen;STAG;Stichtag;2019-01-01;DINSGF;Früheres Bundesgebiet / Neue Länder;DN;Neue Länder;GUTGB2;Gebrauchsgüter;GEFRIER-01;Gefrierschrank, Gefriertruhe (Einzelgeräte);38,0;Prozent;ATG001;Ausstattungsgrad je 100 Haushalte
63111;Laufende Wirtschaftsrechnungen;STAG;Stichtag;2017-01-01;DINSGF;Früheres Bundesgebiet / Neue Länder;DN;Neue Länder;GUTGB2;Gebrauchsgüter;MODEM-01;Modem für Datenübertragung;-;Prozent;ATG001;Ausstattungsgrad je 100 Haushalte
63111;Laufende Wirtschaftsrechnungen;STAG;Stichtag;2016-01-01;DINSGF;Früheres Bundesgebiet / Neue Länder;DN;Neue Länder;GUTGB2;Gebrauchsgüter;VIDEO-REC-01;Videorecorder;-;Prozent;ATG001;Ausstattungsgrad je 100 Haushalte
63111;Laufende Wirtschaftsrechnungen;STAG;Stichtag;2011-01-01;DINSGF;Früheres Bundesgebiet / Neue Länder;DF;Früheres Bundesgebiet;GUTGB2;Gebrauchsgüter;SPIELE-01;Spielekonsole;25,0;Prozent;ATG001;Ausstattungsgrad je 100 Haushalte
63111;Laufende Wirtschaftsrechnungen;STAG;Stichtag;2017-01-01;DINSGF;Früheres Bundesgebiet / Neue Länder;DN;Neue Länder;GUTGB2;Gebrauchsgüter;PKW-GEBR-02;Pkw gebraucht gekauft, Elektroauto, Plug-in-Hybrid;-;Prozent;ATG001;Ausstattungsgrad je 100 Haushalte
63111;Laufende Wirtschaftsrechnungen;STAG;Stichtag;2020-01-01;DINSGF;Früheres Bundesgebiet / Neue Länder;DN;Neue Länder;GUTGB2;Gebrauchsgüter;KUEHL-01;Kühlschrank (auch Gefrier- und Kühlkombination);99,9;Prozent;ATG001;Ausstattungsgrad je 100 Haushalte
63111;Laufende Wirtschaftsrechnungen;STAG;Stichtag;2022-01-01;DINSGF;Früheres Bundesgebiet / Neue Länder;DF;Früheres Bundesgebiet;GUTGB2;Gebrauchsgüter;FAHRRAD-03;E-Scooter (Tretroller m.Elektroantr. oh. Füh.pfl.);1,2;Prozent;ATG001;Ausstattungsgrad je 100 Haushalte
63111;Laufende Wirtschaftsrechnungen;STAG;Stichtag;2017-01-01;DINSGF;Früheres Bundesgebiet / Neue Länder;DN;Neue Länder;GUTGB2;Gebrauchsgüter;WASCHM-01;Waschmaschine;-;Prozent;ATG001;Ausstattungsgrad je 100 Haushalte
63111;Laufende Wirtschaftsrechnungen;STAG;Stichtag;2016-01-01;DINSGF;Früheres Bundesgebiet / Neue Länder;DN;Neue Länder;GUTGB2;Gebrauchsgüter;PC-01;Personalcomputer;86,7;Prozent;ATG001;Ausstattungsgrad je 100 Haushalte
63111;Laufende Wirtschaftsrechnungen;STAG;Stichtag;2021-01-01;DINSGF;Früheres Bundesgebiet / Neue Länder;DF;Früheres Bundesgebiet;GUTGB2;Gebrauchsgüter;NAVIGASYS01;Navigationssystem;42,5;Prozent;ATG001;Ausstattungsgrad je 100 Haushalte
63111;Laufende Wirtschaftsrechnungen;STAG;Stichtag;2010-01-01;DINSGF;Früheres Bundesgebiet / Neue Länder;DN;Neue Länder;GUTGB2;Gebrauchsgüter;PC-MOBIL-01;PC mobil (Notebook, Laptop, Palmtop);41,2;Prozent;ATG001;Ausstattungsgrad je 100 Haushalte
63111;Laufende Wirtschaftsrechnungen;STAG;Stichtag;2020-01-01;DINSGF;Früheres Bundesgebiet / Neue Länder;DN;Neue Länder;GUTGB2;Gebrauchsgüter;SMART-02;Smart Speaker (intelligenter/WLAN-Lautsprecher);-;Prozent;ATG001;Ausstattungsgrad je 100 Haushalte
63111;Laufende Wirtschaftsrechnungen;STAG;Stichtag;2016-01-01;DINSGF;Früheres Bundesgebiet / Neue Länder;DN;Neue Länder;GUTGB2;Gebrauchsgüter;INTERNET-01;Internetanschluss, -zugang;87,6;Prozent;ATG001;Ausstattungsgrad je 100 Haushalte
63111;Laufende Wirtschaftsrechnungen;STAG;Stichtag;2016-01-01;DINSGF;Früheres Bundesgebiet / Neue Länder;DF;Früheres Bundesgebiet;GUTGB2;Gebrauchsgüter;SMART-01;Smart TV (Fernseher);-;Prozent;ATG001;Ausstattungsgrad je 100 Haushalte
63111;Laufende Wirtschaftsrechnungen;STAG;Stichtag;2021-01-01;DINSGF;Früheres Bundesgebiet / Neue Länder;DN;Neue Länder;GUTGB2;Gebrauchsgüter;KAFFEEM-02;Filterkaffeemaschine;65,6;Prozent;ATG001;Ausstattungsgrad je 100 Haushalte
63111;Laufende Wirtschaftsrechnungen;STAG;Stichtag;2010-01-01;DINSGF;Früheres Bundesgebiet / Neue Länder;DN;Neue Länder;GUTGB2;Gebrauchsgüter;TROCK-01;Wäschetrockner (auch in Kombigeräten);21,9;Prozent;ATG001;Ausstattungsgrad je 100 Haushalte
63111;Laufende Wirtschaftsrechnungen;STAG;Stichtag;2019-01-01;DINSGF;Früheres Bundesgebiet / Neue Länder;DF;Früheres Bundesgebiet;GUTGB2;Gebrauchsgüter;ANSCHL-ANT-01;Antennen-TV-Anschluss (DVB-T);11,3;Prozent;ATG001;Ausstattungsgrad je 100 Haushalte
63111;Laufende Wirtschaftsrechnungen;STAG;Stichtag;2022-01-01;DINSGF;Früheres Bundesgebiet / Neue Länder;DN;Neue Länder;GUTGB2;Gebrauchsgüter;PC-MOBIL-05;Tablet;50,5;Prozent;ATG001;Ausstattungsgrad je 100 Haushalte
63111;Laufende Wirtschaftsrechnungen;STAG;Stichtag;2022-01-01;DINSGF;Früheres Bundesgebiet / Neue Länder;DN;Neue Länder;GUTGB2;Gebrauchsgüter;INTERNET-10;Internetanschluss, -zugang stationär;86,7;Prozent;ATG001;Ausstattungsgrad je 100 Haushalte
63111;Laufende Wirtschaftsrechnungen;STAG;Stichtag;2014-01-01;DINSGF;Früheres Bundesgebiet / Neue Länder;DN;Neue Länder;GUTGB2;Gebrauchsgüter;MP3PLAY01;MP3-Player;37,1;Prozent;ATG001;Ausstattungsgrad je 100 Haushalte
63111;Laufende Wirtschaftsrechnungen;STAG;Stichtag;2017-01-01;DINSGF;Früheres Bundesgebiet / Neue Länder;DN;Neue Länder;GUTGB2;Gebrauchsgüter;FAHRRAD-02;Pedelec (E-Bike ohne Führerscheinpflicht);-;Prozent;ATG001;Ausstattungsgrad je 100 Haushalte
63111;Laufende Wirtschaftsrechnungen;STAG;Stichtag;2020-01-01;DINSGF;Früheres Bundesgebiet / Neue Länder;DF;Früheres Bundesgebiet;GUTGB2;Gebrauchsgüter;ANSCHL-KAB-01;Kabel-TV-Anschluss;41,9;Prozent;ATG001;Ausstattungsgrad je 100 Haushalte
63111;Laufende Wirtschaftsrechnungen;STAG;Stichtag;2017-01-01;DINSGF;Früheres Bundesgebiet / Neue Länder;DF;Früheres Bundesgebiet;GUTGB2;Gebrauchsgüter;PC-MOBIL-04;Laptop/Notebook, Netbook;-;Prozent;ATG001;Ausstattungsgrad je 100 Haushalte
63111;Laufende Wirtschaftsrechnungen;STAG;Stichtag;2011-01-01;DINSGF;Früheres Bundesgebiet / Neue Länder;DF;Früheres Bundesgebiet;GUTGB2;Gebrauchsgüter;PKW-07;Personenkraftwagen, Elektroauto, Plug-in-Hybrid;-;Prozent;ATG001;Ausstattungsgrad je 100 Haushalte
63111;Laufende Wirtschaftsrechnungen;STAG;Stichtag;2015-01-01;DINSGF;Früheres Bundesgebiet / Neue Länder;DF;Früheres Bundesgebiet;GUTGB2;Gebrauchsgüter;PKW-NEU-02;Pkw fabrikneu gekauft, Elektroauto, Plug-in-Hybrid;-;Prozent;ATG001;Ausstattungsgrad je 100 Haushalte
63111;Laufende Wirtschaftsrechnungen;STAG;Stichtag;2017-01-01;DINSGF;Früheres Bundesgebiet / Neue Länder;DF;Früheres Bundesgebiet;GUTGB2;Gebrauchsgüter;CD-REC-01;CD-Recorder;-;Prozent;ATG001;Ausstattungsgrad je 100 Haushalte
63111;Laufende Wirtschaftsrechnungen;STAG;Stichtag;2011-01-01;DINSGF;Früheres Bundesgebiet / Neue Länder;DF;Früheres Bundesgebiet;GUTGB2;Gebrauchsgüter;TV-02;(Farb-)Fernsehgerät;96,2;Prozent;ATG001;Ausstattungsgrad je 100 Haushalte
63111;Laufende Wirtschaftsrechnungen;STAG;Stichtag;2010-01-01;DINSGF;Früheres Bundesgebiet / Neue Länder;DF;Früheres Bundesgebiet;GUTGB2;Gebrauchsgüter;FOTO-ANALOG-01;Fotoapparat analog;53,7;Prozent;ATG001;Ausstattungsgrad je 100 Haushalte
63111;Laufende Wirtschaftsrechnungen;STAG;Stichtag;2016-01-01;DINSGF;Früheres Bundesgebiet / Neue Länder;DN;Neue Länder;GUTGB2;Gebrauchsgüter;SMART-01;Smart TV (Fernseher);-;Prozent;ATG001;Ausstattungsgrad je 100 Haushalte
63111;Laufende Wirtschaftsrechnungen;STAG;Stichtag;2019-01-01;DINSGF;Früheres Bundesgebiet / Neue Länder;DN;Neue Länder;GUTGB2;Gebrauchsgüter;PKW-GEBR-02;Pkw gebraucht gekauft, Elektroauto, Plug-in-Hybrid;-;Prozent;ATG001;Ausstattungsgrad je 100 Haushalte
63111;Laufende Wirtschaftsrechnungen;STAG;Stichtag;2020-01-01;DINSGF;Früheres Bundesgebiet / Neue Länder;DF;Früheres Bundesgebiet;GUTGB2;Gebrauchsgüter;KUEHL-01;Kühlschrank (auch Gefrier- und Kühlkombination);99,8;Prozent;ATG001;Ausstattungsgrad je 100 Haushalte
63111;Laufende Wirtschaftsrechnungen;STAG;Stichtag;2022-01-01;DINSGF;Früheres Bundesgebiet / Neue Länder;DF;Früheres Bundesgebiet;GUTGB2;Gebrauchsgüter;KAFFEEM-03;Pad- oder Kapselmaschine;29,7;Prozent;ATG001;Ausstattungsgrad je 100 Haushalte
63111;Laufende Wirtschaftsrechnungen;STAG;Stichtag;2017-01-01;DINSGF;Früheres Bundesgebiet / Neue Länder;DF;Früheres Bundesgebiet;GUTGB2;Gebrauchsgüter;TEL-STAT-01;Telefon stationär (auch schnurlos);-;Prozent;ATG001;Ausstattungsgrad je 100 Haushalte
63111;Laufende Wirtschaftsrechnungen;STAG;Stichtag;2016-01-01;DINSGF;Früheres Bundesgebiet / Neue Länder;DF;Früheres Bundesgebiet;GUTGB2;Gebrauchsgüter;PC-MOBIL-04;Laptop/Notebook, Netbook;69,0;Prozent;ATG001;Ausstattungsgrad je 100 Haushalte
63111;Laufende Wirtschaftsrechnungen;STAG;Stichtag;2014-01-01;DINSGF;Früheres Bundesgebiet / Neue Länder;DF;Früheres Bundesgebiet;GUTGB2;Gebrauchsgüter;PKW-GEBR-02;Pkw gebraucht gekauft, Elektroauto, Plug-in-Hybrid;-;Prozent;ATG001;Ausstattungsgrad je 100 Haushalte
63111;Laufende Wirtschaftsrechnungen;STAG;Stichtag;2010-01-01;DINSGF;Früheres Bundesgebiet / Neue Länder;DF;Früheres Bundesgebiet;GUTGB2;Gebrauchsgüter;TROCK-01;Wäschetrockner (auch in Kombigeräten);44,9;Prozent;ATG001;Ausstattungsgrad je 100 Haushalte
63111;Laufende Wirtschaftsrechnungen;STAG;Stichtag;2011-01-01;DINSGF;Früheres Bundesgebiet / Neue Länder;DN;Neue Länder;GUTGB2;Gebrauchsgüter;ANSCHL-ANT-02;Antennen-TV-Anschluss (DVB-T2 HD);-;Prozent;ATG001;Ausstattungsgrad je 100 Haushalte
63111;Laufende Wirtschaftsrechnungen;STAG;Stichtag;2011-01-01;DINSGF;Früheres Bundesgebiet / Neue Länder;DN;Neue Länder;GUTGB2;Gebrauchsgüter;FAHRRAD-02;Pedelec (E-Bike ohne Führerscheinpflicht);-;Prozent;ATG001;Ausstattungsgrad je 100 Haushalte
63111;Laufende Wirtschaftsrechnungen;STAG;Stichtag;2020-01-01;DINSGF;Früheres Bundesgebiet / Neue Länder;DN;Neue Länder;GUTGB2;Gebrauchsgüter;PC-DRUCK-01;PC-Drucker (auch in Kombigeräten);75,1;Prozent;ATG001;Ausstattungsgrad je 100 Haushalte
63111;Laufende Wirtschaftsrechnungen;STAG;Stichtag;2020-01-01;DINSGF;Früheres Bundesgebiet / Neue Länder;DF;Früheres Bundesgebiet;GUTGB2;Gebrauchsgüter;KRAFTRAD-06;E-Roller, E-Bike mit Führerscheinpflicht;-;Prozent;ATG001;Ausstattungsgrad je 100 Haushalte
63111;Laufende Wirtschaftsrechnungen;STAG;Stichtag;2016-01-01;DINSGF;Früheres Bundesgebiet / Neue Länder;DN;Neue Länder;GUTGB2;Gebrauchsgüter;KUEHL-01;Kühlschrank (auch Gefrier- und Kühlkombination);100,0;Prozent;ATG001;Ausstattungsgrad je 100 Haushalte
63111;Laufende Wirtschaftsrechnungen;STAG;Stichtag;2021-01-01;DINSGF;Früheres Bundesgebiet / Neue Länder;DN;Neue Länder;GUTGB2;Gebrauchsgüter;RADIO-REC-01;Radiorecorder/Stereorundfunkgerät;-;Prozent;ATG001;Ausstattungsgrad je 100 Haushalte
63111;Laufende Wirtschaftsrechnungen;STAG;Stichtag;2011-01-01;DINSGF;Früheres Bundesgebiet / Neue Länder;DF;Früheres Bundesgebiet;GUTGB2;Gebrauchsgüter;CAM-01;Camcorder (Videokamera);21,3;Prozent;ATG001;Ausstattungsgrad je 100 Haushalte
63111;Laufende Wirtschaftsrechnungen;STAG;Stichtag;2019-01-01;DINSGF;Früheres Bundesgebiet / Neue Länder;DN;Neue Länder;GUTGB2;Gebrauchsgüter;PC-DRUCK-01;PC-Drucker (auch in Kombigeräten);73,2;Prozent;ATG001;Ausstattungsgrad je 100 Haushalte
63111;Laufende Wirtschaftsrechnungen;STAG;Stichtag;2016-01-01;DINSGF;Früheres Bundesgebiet / Neue Länder;DN;Neue Länder;GUTGB2;Gebrauchsgüter;MD-01;MiniDisc-Player/Recorder;-;Prozent;ATG001;Ausstattungsgrad je 100 Haushalte
63111;Laufende Wirtschaftsrechnungen;STAG;Stichtag;2017-01-01;DINSGF;Früheres Bundesgebiet / Neue Länder;DF;Früheres Bundesgebiet;GUTGB2;Gebrauchsgüter;CAM-ANALOG-01;Camcorder (Videokamera) analog;-;Prozent;ATG001;Ausstattungsgrad je 100 Haushalte
63111;Laufende Wirtschaftsrechnungen;STAG;Stichtag;2011-01-01;DINSGF;Früheres Bundesgebiet / Neue Länder;DN;Neue Länder;GUTGB2;Gebrauchsgüter;PC-MOBIL-01;PC mobil (Notebook, Laptop, Palmtop);47,3;Prozent;ATG001;Ausstattungsgrad je 100 Haushalte
63111;Laufende Wirtschaftsrechnungen;STAG;Stichtag;2021-01-01;DINSGF;Früheres Bundesgebiet / Neue Länder;DF;Früheres Bundesgebiet;GUTGB2;Gebrauchsgüter;PC-MOBIL-05;Tablet;54,0;Prozent;ATG001;Ausstattungsgrad je 100 Haushalte
63111;Laufende Wirtschaftsrechnungen;STAG;Stichtag;2021-01-01;DINSGF;Früheres Bundesgebiet / Neue Länder;DF;Früheres Bundesgebiet;GUTGB2;Gebrauchsgüter;INTERNET-10;Internetanschluss, -zugang stationär;89,4;Prozent;ATG001;Ausstattungsgrad je 100 Haushalte
63111;Laufende Wirtschaftsrechnungen;STAG;Stichtag;2017-01-01;DINSGF;Früheres Bundesgebiet / Neue Länder;DF;Früheres Bundesgebiet;GUTGB2;Gebrauchsgüter;ANSCHL-KAB-01;Kabel-TV-Anschluss;-;Prozent;ATG001;Ausstattungsgrad je 100 Haushalte
63111;Laufende Wirtschaftsrechnungen;STAG;Stichtag;2015-01-01;DINSGF;Früheres Bundesgebiet / Neue Länder;DF;Früheres Bundesgebiet;GUTGB2;Gebrauchsgüter;KABEL-01;Kabelanschluss;-;Prozent;ATG001;Ausstattungsgrad je 100 Haushalte
63111;Laufende Wirtschaftsrechnungen;STAG;Stichtag;2015-01-01;DINSGF;Früheres Bundesgebiet / Neue Länder;DF;Früheres Bundesgebiet;GUTGB2;Gebrauchsgüter;VIDEO-REC-01;Videorecorder;-;Prozent;ATG001;Ausstattungsgrad je 100 Haushalte
63111;Laufende Wirtschaftsrechnungen;STAG;Stichtag;2019-01-01;DINSGF;Früheres Bundesgebiet / Neue Länder;DN;Neue Länder;GUTGB2;Gebrauchsgüter;PKW-NEU-02;Pkw fabrikneu gekauft, Elektroauto, Plug-in-Hybrid;-;Prozent;ATG001;Ausstattungsgrad je 100 Haushalte
63111;Laufende Wirtschaftsrechnungen;STAG;Stichtag;2016-01-01;DINSGF;Früheres Bundesgebiet / Neue Länder;DN;Neue Länder;GUTGB2;Gebrauchsgüter;FAHRRAD-03;E-Scooter (Tretroller m.Elektroantr. oh. Füh.pfl.);-;Prozent;ATG001;Ausstattungsgrad je 100 Haushalte
63111;Laufende Wirtschaftsrechnungen;STAG;Stichtag;2019-01-01;DINSGF;Früheres Bundesgebiet / Neue Länder;DN;Neue Länder;GUTGB2;Gebrauchsgüter;TEL-STAT-01;Telefon stationär (auch schnurlos);84,8;Prozent;ATG001;Ausstattungsgrad je 100 Haushalte
63111;Laufende Wirtschaftsrechnungen;STAG;Stichtag;2016-01-01;DINSGF;Früheres Bundesgebiet / Neue Länder;DN;Neue Länder;GUTGB2;Gebrauchsgüter;PC-DRUCK-01;PC-Drucker (auch in Kombigeräten);75,1;Prozent;ATG001;Ausstattungsgrad je 100 Haushalte
63111;Laufende Wirtschaftsrechnungen;STAG;Stichtag;2021-01-01;DINSGF;Früheres Bundesgebiet / Neue Länder;DF;Früheres Bundesgebiet;GUTGB2;Gebrauchsgüter;MIKROW-01;Mikrowellengerät;73,2;Prozent;ATG001;Ausstattungsgrad je 100 Haushalte
63111;Laufende Wirtschaftsrechnungen;STAG;Stichtag;2015-01-01;DINSGF;Früheres Bundesgebiet / Neue Länder;DF;Früheres Bundesgebiet;GUTGB2;Gebrauchsgüter;INTERNET-01;Internetanschluss, -zugang;88,8;Prozent;ATG001;Ausstattungsgrad je 100 Haushalte
63111;Laufende Wirtschaftsrechnungen;STAG;Stichtag;2017-01-01;DINSGF;Früheres Bundesgebiet / Neue Länder;DN;Neue Länder;GUTGB2;Gebrauchsgüter;PKW-GEL-02;Pkw geleast, Elektroauto, Plug-in-Hybrid;-;Prozent;ATG001;Ausstattungsgrad je 100 Haushalte
63111;Laufende Wirtschaftsrechnungen;STAG;Stichtag;2019-01-01;DINSGF;Früheres Bundesgebiet / Neue Länder;DF;Früheres Bundesgebiet;GUTGB2;Gebrauchsgüter;RADIO-REC-01;Radiorecorder/Stereorundfunkgerät;-;Prozent;ATG001;Ausstattungsgrad je 100 Haushalte
63111;Laufende Wirtschaftsrechnungen;STAG;Stichtag;2016-01-01;DINSGF;Früheres Bundesgebiet / Neue Länder;DN;Neue Länder;GUTGB2;Gebrauchsgüter;MIKROW-01;Mikrowellengerät;74,4;Prozent;ATG001;Ausstattungsgrad je 100 Haushalte
63111;Laufende Wirtschaftsrechnungen;STAG;Stichtag;2019-01-01;DINSGF;Früheres Bundesgebiet / Neue Länder;DF;Früheres Bundesgebiet;GUTGB2;Gebrauchsgüter;PKW-01;Personenkraftwagen;79,0;Prozent;ATG001;Ausstattungsgrad je 100 Haushalte
63111;Laufende Wirtschaftsrechnungen;STAG;Stichtag;2016-01-01;DINSGF;Früheres Bundesgebiet / Neue Länder;DF;Früheres Bundesgebiet;GUTGB2;Gebrauchsgüter;PKW-NEU-02;Pkw fabrikneu gekauft, Elektroauto, Plug-in-Hybrid;-;Prozent;ATG001;Ausstattungsgrad je 100 Haushalte
63111;Laufende Wirtschaftsrechnungen;STAG;Stichtag;2022-01-01;DINSGF;Früheres Bundesgebiet / Neue Länder;DN;Neue Länder;GUTGB2;Gebrauchsgüter;WASCHM-01;Waschmaschine;-;Prozent;ATG001;Ausstattungsgrad je 100 Haushalte
63111;Laufende Wirtschaftsrechnungen;STAG;Stichtag;2014-01-01;DINSGF;Früheres Bundesgebiet / Neue Länder;DF;Früheres Bundesgebiet;GUTGB2;Gebrauchsgüter;PC-MOBIL-04;Laptop/Notebook, Netbook;-;Prozent;ATG001;Ausstattungsgrad je 100 Haushalte
63111;Laufende Wirtschaftsrechnungen;STAG;Stichtag;2020-01-01;DINSGF;Früheres Bundesgebiet / Neue Länder;DN;Neue Länder;GUTGB2;Gebrauchsgüter;INTERNET-01;Internetanschluss, -zugang;93,5;Prozent;ATG001;Ausstattungsgrad je 100 Haushalte
63111;Laufende Wirtschaftsrechnungen;STAG;Stichtag;2016-01-01;DINSGF;Früheres Bundesgebiet / Neue Länder;DF;Früheres Bundesgebiet;GUTGB2;Gebrauchsgüter;KUEHL-01;Kühlschrank (auch Gefrier- und Kühlkombination);99,9;Prozent;ATG001;Ausstattungsgrad je 100 Haushalte
63111;Laufende Wirtschaftsrechnungen;STAG;Stichtag;2015-01-01;DINSGF;Früheres Bundesgebiet / Neue Länder;DF;Früheres Bundesgebiet;GUTGB2;Gebrauchsgüter;GEFRIER-01;Gefrierschrank, Gefriertruhe (Einzelgeräte);53,8;Prozent;ATG001;Ausstattungsgrad je 100 Haushalte
63111;Laufende Wirtschaftsrechnungen;STAG;Stichtag;2020-01-01;DINSGF;Früheres Bundesgebiet / Neue Länder;DF;Früheres Bundesgebiet;GUTGB2;Gebrauchsgüter;PKW-GEBR-02;Pkw gebraucht gekauft, Elektroauto, Plug-in-Hybrid;-;Prozent;ATG001;Ausstattungsgrad je 100 Haushalte
63111;Laufende Wirtschaftsrechnungen;STAG;Stichtag;2010-01-01;DINSGF;Früheres Bundesgebiet / Neue Länder;DN;Neue Länder;GUTGB2;Gebrauchsgüter;SAT-01;Satellitenempfangsanlage;32,3;Prozent;ATG001;Ausstattungsgrad je 100 Haushalte
63111;Laufende Wirtschaftsrechnungen;STAG;Stichtag;2017-01-01;DINSGF;Früheres Bundesgebiet / Neue Länder;DN;Neue Länder;GUTGB2;Gebrauchsgüter;SMART-01;Smart TV (Fernseher);-;Prozent;ATG001;Ausstattungsgrad je 100 Haushalte
63111;Laufende Wirtschaftsrechnungen;STAG;Stichtag;2015-01-01;DINSGF;Früheres Bundesgebiet / Neue Länder;DF;Früheres Bundesgebiet;GUTGB2;Gebrauchsgüter;TEL-01;Telefon;99,9;Prozent;ATG001;Ausstattungsgrad je 100 Haushalte
63111;Laufende Wirtschaftsrechnungen;STAG;Stichtag;2020-01-01;DINSGF;Früheres Bundesgebiet / Neue Länder;DF;Früheres Bundesgebiet;GUTGB2;Gebrauchsgüter;VIDEO-REC-01;Videorecorder;-;Prozent;ATG001;Ausstattungsgrad je 100 Haushalte
63111;Laufende Wirtschaftsrechnungen;STAG;Stichtag;2014-01-01;DINSGF;Früheres Bundesgebiet / Neue Länder;DF;Früheres Bundesgebiet;GUTGB2;Gebrauchsgüter;TV-03;Flachbildfernseher (LCD, Plasma);75,7;Prozent;ATG001;Ausstattungsgrad je 100 Haushalte
63111;Laufende Wirtschaftsrechnungen;STAG;Stichtag;2014-01-01;DINSGF;Früheres Bundesgebiet / Neue Länder;DN;Neue Länder;GUTGB2;Gebrauchsgüter;TROCK-01;Wäschetrockner (auch in Kombigeräten);24,0;Prozent;ATG001;Ausstattungsgrad je 100 Haushalte
63111;Laufende Wirtschaftsrechnungen;STAG;Stichtag;2014-01-01;DINSGF;Früheres Bundesgebiet / Neue Länder;DF;Früheres Bundesgebiet;GUTGB2;Gebrauchsgüter;ISDN-01;ISDN-Anschluss;-;Prozent;ATG001;Ausstattungsgrad je 100 Haushalte
63111;Laufende Wirtschaftsrechnungen;STAG;Stichtag;2020-01-01;DINSGF;Früheres Bundesgebiet / Neue Länder;DF;Früheres Bundesgebiet;GUTGB2;Gebrauchsgüter;MP3PLAY01;MP3-Player;29,8;Prozent;ATG001;Ausstattungsgrad je 100 Haushalte
63111;Laufende Wirtschaftsrechnungen;STAG;Stichtag;2017-01-01;DINSGF;Früheres Bundesgebiet / Neue Länder;DF;Früheres Bundesgebiet;GUTGB2;Gebrauchsgüter;INTERNET-10;Internetanschluss, -zugang stationär;-;Prozent;ATG001;Ausstattungsgrad je 100 Haushalte
63111;Laufende Wirtschaftsrechnungen;STAG;Stichtag;2011-01-01;DINSGF;Früheres Bundesgebiet / Neue Länder;DF;Früheres Bundesgebiet;GUTGB2;Gebrauchsgüter;ANSCHL-ANT-02;Antennen-TV-Anschluss (DVB-T2 HD);-;Prozent;ATG001;Ausstattungsgrad je 100 Haushalte
63111;Laufende Wirtschaftsrechnungen;STAG;Stichtag;2014-01-01;DINSGF;Früheres Bundesgebiet / Neue Länder;DN;Neue Länder;GUTGB2;Gebrauchsgüter;PC-STAT-01;PC stationär;51,7;Prozent;ATG001;Ausstattungsgrad je 100 Haushalte
63111;Laufende Wirtschaftsrechnungen;STAG;Stichtag;2014-01-01;DINSGF;Früheres Bundesgebiet / Neue Länder;DF;Früheres Bundesgebiet;GUTGB2;Gebrauchsgüter;INTERNET-10;Internetanschluss, -zugang stationär;-;Prozent;ATG001;Ausstattungsgrad je 100 Haushalte
63111;Laufende Wirtschaftsrechnungen;STAG;Stichtag;2010-01-01;DINSGF;Früheres Bundesgebiet / Neue Länder;DN;Neue Länder;GUTGB2;Gebrauchsgüter;CD-01;CD-Player/CD-Recorder (auch im PC);80,8;Prozent;ATG001;Ausstattungsgrad je 100 Haushalte
63111;Laufende Wirtschaftsrechnungen;STAG;Stichtag;2014-01-01;DINSGF;Früheres Bundesgebiet / Neue Länder;DN;Neue Länder;GUTGB2;Gebrauchsgüter;HIFI-01;HiFi-Anlage;-;Prozent;ATG001;Ausstattungsgrad je 100 Haushalte
63111;Laufende Wirtschaftsrechnungen;STAG;Stichtag;2017-01-01;DINSGF;Früheres Bundesgebiet / Neue Länder;DF;Früheres Bundesgebiet;GUTGB2;Gebrauchsgüter;SMART-01;Smart TV (Fernseher);-;Prozent;ATG001;Ausstattungsgrad je 100 Haushalte
63111;Laufende Wirtschaftsrechnungen;STAG;Stichtag;2015-01-01;DINSGF;Früheres Bundesgebiet / Neue Länder;DN;Neue Länder;GUTGB2;Gebrauchsgüter;INTERNET-01;Internetanschluss, -zugang;86,1;Prozent;ATG001;Ausstattungsgrad je 100 Haushalte
63111;Laufende Wirtschaftsrechnungen;STAG;Stichtag;2014-01-01;DINSGF;Früheres Bundesgebiet / Neue Länder;DF;Früheres Bundesgebiet;GUTGB2;Gebrauchsgüter;ANSCHL-ANT-01;Antennen-TV-Anschluss (DVB-T);18,4;Prozent;ATG001;Ausstattungsgrad je 100 Haushalte
63111;Laufende Wirtschaftsrechnungen;STAG;Stichtag;2015-01-01;DINSGF;Früheres Bundesgebiet / Neue Länder;DN;Neue Länder;GUTGB2;Gebrauchsgüter;PKW-NEU-01;Personenkraftwagen fabrikneu gekauft;32,3;Prozent;ATG001;Ausstattungsgrad je 100 Haushalte
63111;Laufende Wirtschaftsrechnungen;STAG;Stichtag;2019-01-01;DINSGF;Früheres Bundesgebiet / Neue Länder;DN;Neue Länder;GUTGB2;Gebrauchsgüter;CD-STAT-01;CD-Player stationär;-;Prozent;ATG001;Ausstattungsgrad je 100 Haushalte
63111;Laufende Wirtschaftsrechnungen;STAG;Stichtag;2010-01-01;DINSGF;Früheres Bundesgebiet / Neue Länder;DN;Neue Länder;GUTGB2;Gebrauchsgüter;TEL-MOBIL-01;Telefon mobil (Autotelefon, Handy);90,6;Prozent;ATG001;Ausstattungsgrad je 100 Haushalte
63111;Laufende Wirtschaftsrechnungen;STAG;Stichtag;2017-01-01;DINSGF;Früheres Bundesgebiet / Neue Länder;DN;Neue Länder;GUTGB2;Gebrauchsgüter;SAT-01;Satellitenempfangsanlage;-;Prozent;ATG001;Ausstattungsgrad je 100 Haushalte
63111;Laufende Wirtschaftsrechnungen;STAG;Stichtag;2019-01-01;DINSGF;Früheres Bundesgebiet / Neue Länder;DF;Früheres Bundesgebiet;GUTGB2;Gebrauchsgüter;KAFFEEM-02;Filterkaffeemaschine;50,2;Prozent;ATG001;Ausstattungsgrad je 100 Haushalte
63111;Laufende Wirtschaftsrechnungen;STAG;Stichtag;2010-01-01;DINSGF;Früheres Bundesgebiet / Neue Länder;DN;Neue Länder;GUTGB2;Gebrauchsgüter;TEL-STAT-01;Telefon stationär (auch schnurlos);90,3;Prozent;ATG001;Ausstattungsgrad je 100 Haushalte
63111;Laufende Wirtschaftsrechnungen;STAG;Stichtag;2015-01-01;DINSGF;Früheres Bundesgebiet / Neue Länder;DN;Neue Länder;GUTGB2;Gebrauchsgüter;FOTO-ANALOG-01;Fotoapparat analog;33,2;Prozent;ATG001;Ausstattungsgrad je 100 Haushalte
63111;Laufende Wirtschaftsrechnungen;STAG;Stichtag;2015-01-01;DINSGF;Früheres Bundesgebiet / Neue Länder;DN;Neue Länder;GUTGB2;Gebrauchsgüter;CAM-01;Camcorder (Videokamera);18,5;Prozent;ATG001;Ausstattungsgrad je 100 Haushalte
63111;Laufende Wirtschaftsrechnungen;STAG;Stichtag;2022-01-01;DINSGF;Früheres Bundesgebiet / Neue Länder;DN;Neue Länder;GUTGB2;Gebrauchsgüter;CAM-01;Camcorder (Videokamera);-;Prozent;ATG001;Ausstattungsgrad je 100 Haushalte
63111;Laufende Wirtschaftsrechnungen;STAG;Stichtag;2014-01-01;DINSGF;Früheres Bundesgebiet / Neue Länder;DF;Früheres Bundesgebiet;GUTGB2;Gebrauchsgüter;TROCK-01;Wäschetrockner (auch in Kombigeräten);44,7;Prozent;ATG001;Ausstattungsgrad je 100 Haushalte
63111;Laufende Wirtschaftsrechnungen;STAG;Stichtag;2010-01-01;DINSGF;Früheres Bundesgebiet / Neue Länder;DF;Früheres Bundesgebiet;GUTGB2;Gebrauchsgüter;CD-STAT-01;CD-Player stationär;-;Prozent;ATG001;Ausstattungsgrad je 100 Haushalte
63111;Laufende Wirtschaftsrechnungen;STAG;Stichtag;2019-01-01;DINSGF;Früheres Bundesgebiet / Neue Länder;DF;Früheres Bundesgebiet;GUTGB2;Gebrauchsgüter;DEC-PAYTV-01;Pay-TV-Decoder;20,7;Prozent;ATG001;Ausstattungsgrad je 100 Haushalte
63111;Laufende Wirtschaftsrechnungen;STAG;Stichtag;2015-01-01;DINSGF;Früheres Bundesgebiet / Neue Länder;DN;Neue Länder;GUTGB2;Gebrauchsgüter;KABEL-01;Kabelanschluss;-;Prozent;ATG001;Ausstattungsgrad je 100 Haushalte
63111;Laufende Wirtschaftsrechnungen;STAG;Stichtag;2015-01-01;DINSGF;Früheres Bundesgebiet / Neue Länder;DN;Neue Länder;GUTGB2;Gebrauchsgüter;SMART-04;Smartes Sicherheitssystem;-;Prozent;ATG001;Ausstattungsgrad je 100 Haushalte
63111;Laufende Wirtschaftsrechnungen;STAG;Stichtag;2015-01-01;DINSGF;Früheres Bundesgebiet / Neue Länder;DN;Neue Länder;GUTGB2;Gebrauchsgüter;PC-DRUCK-01;PC-Drucker (auch in Kombigeräten);75,5;Prozent;ATG001;Ausstattungsgrad je 100 Haushalte
63111;Laufende Wirtschaftsrechnungen;STAG;Stichtag;2016-01-01;DINSGF;Früheres Bundesgebiet / Neue Länder;DN;Neue Länder;GUTGB2;Gebrauchsgüter;HIFI-01;HiFi-Anlage;-;Prozent;ATG001;Ausstattungsgrad je 100 Haushalte
63111;Laufende Wirtschaftsrechnungen;STAG;Stichtag;2017-01-01;DINSGF;Früheres Bundesgebiet / Neue Länder;DN;Neue Länder;GUTGB2;Gebrauchsgüter;KAFFEEM-04;Kaffeevollautomat;-;Prozent;ATG001;Ausstattungsgrad je 100 Haushalte
63111;Laufende Wirtschaftsrechnungen;STAG;Stichtag;2022-01-01;DINSGF;Früheres Bundesgebiet / Neue Länder;DN;Neue Länder;GUTGB2;Gebrauchsgüter;INTERNET-01;Internetanschluss, -zugang;94,7;Prozent;ATG001;Ausstattungsgrad je 100 Haushalte
63111;Laufende Wirtschaftsrechnungen;STAG;Stichtag;2010-01-01;DINSGF;Früheres Bundesgebiet / Neue Länder;DN;Neue Länder;GUTGB2;Gebrauchsgüter;DVD-BRD-01;DVD- und Blu-ray-Gerät;-;Prozent;ATG001;Ausstattungsgrad je 100 Haushalte
63111;Laufende Wirtschaftsrechnungen;STAG;Stichtag;2020-01-01;DINSGF;Früheres Bundesgebiet / Neue Länder;DN;Neue Länder;GUTGB2;Gebrauchsgüter;KAFFEEM-03;Pad- oder Kapselmaschine;29,4;Prozent;ATG001;Ausstattungsgrad je 100 Haushalte
63111;Laufende Wirtschaftsrechnungen;STAG;Stichtag;2017-01-01;DINSGF;Früheres Bundesgebiet / Neue Länder;DF;Früheres Bundesgebiet;GUTGB2;Gebrauchsgüter;WASCHM-01;Waschmaschine;-;Prozent;ATG001;Ausstattungsgrad je 100 Haushalte
63111;Laufende Wirtschaftsrechnungen;STAG;Stichtag;2010-01-01;DINSGF;Früheres Bundesgebiet / Neue Länder;DF;Früheres Bundesgebiet;GUTGB2;Gebrauchsgüter;TEL-SMART;Smartphone;-;Prozent;ATG001;Ausstattungsgrad je 100 Haushalte
63111;Laufende Wirtschaftsrechnungen;STAG;Stichtag;2015-01-01;DINSGF;Früheres Bundesgebiet / Neue Länder;DF;Früheres Bundesgebiet;GUTGB2;Gebrauchsgüter;SMART-04;Smartes Sicherheitssystem;-;Prozent;ATG001;Ausstattungsgrad je 100 Haushalte
63111;Laufende Wirtschaftsrechnungen;STAG;Stichtag;2016-01-01;DINSGF;Früheres Bundesgebiet / Neue Länder;DN;Neue Länder;GUTGB2;Gebrauchsgüter;KABEL-01;Kabelanschluss;-;Prozent;ATG001;Ausstattungsgrad je 100 Haushalte
63111;Laufende Wirtschaftsrechnungen;STAG;Stichtag;2016-01-01;DINSGF;Früheres Bundesgebiet / Neue Länder;DN;Neue Länder;GUTGB2;Gebrauchsgüter;RADIO-REC-01;Radiorecorder/Stereorundfunkgerät;-;Prozent;ATG001;Ausstattungsgrad je 100 Haushalte
63111;Laufende Wirtschaftsrechnungen;STAG;Stichtag;2010-01-01;DINSGF;Früheres Bundesgebiet / Neue Länder;DF;Früheres Bundesgebiet;GUTGB2;Gebrauchsgüter;ANTW-STAT-01;Anrufbeantworter stationär;-;Prozent;ATG001;Ausstattungsgrad je 100 Haushalte
63111;Laufende Wirtschaftsrechnungen;STAG;Stichtag;2021-01-01;DINSGF;Früheres Bundesgebiet / Neue Länder;DF;Früheres Bundesgebiet;GUTGB2;Gebrauchsgüter;KRAFTRAD-06;E-Roller, E-Bike mit Führerscheinpflicht;1,5;Prozent;ATG001;Ausstattungsgrad je 100 Haushalte
63111;Laufende Wirtschaftsrechnungen;STAG;Stichtag;2016-01-01;DINSGF;Früheres Bundesgebiet / Neue Länder;DF;Früheres Bundesgebiet;GUTGB2;Gebrauchsgüter;PKW-07;Personenkraftwagen, Elektroauto, Plug-in-Hybrid;-;Prozent;ATG001;Ausstattungsgrad je 100 Haushalte
63111;Laufende Wirtschaftsrechnungen;STAG;Stichtag;2016-01-01;DINSGF;Früheres Bundesgebiet / Neue Länder;DN;Neue Länder;GUTGB2;Gebrauchsgüter;CAM-01;Camcorder (Videokamera);18,0;Prozent;ATG001;Ausstattungsgrad je 100 Haushalte
63111;Laufende Wirtschaftsrechnungen;STAG;Stichtag;2022-01-01;DINSGF;Früheres Bundesgebiet / Neue Länder;DN;Neue Länder;GUTGB2;Gebrauchsgüter;PKW-GEL-01;Personenkraftwagen geleast;3,9;Prozent;ATG001;Ausstattungsgrad je 100 Haushalte
63111;Laufende Wirtschaftsrechnungen;STAG;Stichtag;2022-01-01;DINSGF;Früheres Bundesgebiet / Neue Länder;DF;Früheres Bundesgebiet;GUTGB2;Gebrauchsgüter;INTERNET-10;Internetanschluss, -zugang stationär;89,2;Prozent;ATG001;Ausstattungsgrad je 100 Haushalte
63111;Laufende Wirtschaftsrechnungen;STAG;Stichtag;2016-01-01;DINSGF;Früheres Bundesgebiet / Neue Länder;DF;Früheres Bundesgebiet;GUTGB2;Gebrauchsgüter;SMART-03;Smartes Energiemanagementsystem;-;Prozent;ATG001;Ausstattungsgrad je 100 Haushalte
63111;Laufende Wirtschaftsrechnungen;STAG;Stichtag;2017-01-01;DINSGF;Früheres Bundesgebiet / Neue Länder;DN;Neue Länder;GUTGB2;Gebrauchsgüter;NAVIGASYS01;Navigationssystem;-;Prozent;ATG001;Ausstattungsgrad je 100 Haushalte
63111;Laufende Wirtschaftsrechnungen;STAG;Stichtag;2022-01-01;DINSGF;Früheres Bundesgebiet / Neue Länder;DF;Früheres Bundesgebiet;GUTGB2;Gebrauchsgüter;PC-MOBIL-05;Tablet;56,1;Prozent;ATG001;Ausstattungsgrad je 100 Haushalte
63111;Laufende Wirtschaftsrechnungen;STAG;Stichtag;2021-01-01;DINSGF;Früheres Bundesgebiet / Neue Länder;DF;Früheres Bundesgebiet;GUTGB2;Gebrauchsgüter;KAFFEEM-04;Kaffeevollautomat;23,2;Prozent;ATG001;Ausstattungsgrad je 100 Haushalte
63111;Laufende Wirtschaftsrechnungen;STAG;Stichtag;2019-01-01;DINSGF;Früheres Bundesgebiet / Neue Länder;DF;Früheres Bundesgebiet;GUTGB2;Gebrauchsgüter;SPUEL-01;Geschirrspülmaschine;73,4;Prozent;ATG001;Ausstattungsgrad je 100 Haushalte
63111;Laufende Wirtschaftsrechnungen;STAG;Stichtag;2019-01-01;DINSGF;Früheres Bundesgebiet / Neue Länder;DN;Neue Länder;GUTGB2;Gebrauchsgüter;SPUEL-01;Geschirrspülmaschine;65,1;Prozent;ATG001;Ausstattungsgrad je 100 Haushalte
63111;Laufende Wirtschaftsrechnungen;STAG;Stichtag;2019-01-01;DINSGF;Früheres Bundesgebiet / Neue Länder;DN;Neue Länder;GUTGB2;Gebrauchsgüter;PC-STAT-01;PC stationär;38,4;Prozent;ATG001;Ausstattungsgrad je 100 Haushalte
63111;Laufende Wirtschaftsrechnungen;STAG;Stichtag;2021-01-01;DINSGF;Früheres Bundesgebiet / Neue Länder;DN;Neue Länder;GUTGB2;Gebrauchsgüter;MIKROW-01;Mikrowellengerät;76,0;Prozent;ATG001;Ausstattungsgrad je 100 Haushalte
63111;Laufende Wirtschaftsrechnungen;STAG;Stichtag;2019-01-01;DINSGF;Früheres Bundesgebiet / Neue Länder;DF;Früheres Bundesgebiet;GUTGB2;Gebrauchsgüter;SPIELE-01;Spielekonsole;29,2;Prozent;ATG001;Ausstattungsgrad je 100 Haushalte
63111;Laufende Wirtschaftsrechnungen;STAG;Stichtag;2011-01-01;DINSGF;Früheres Bundesgebiet / Neue Länder;DN;Neue Länder;GUTGB2;Gebrauchsgüter;CAM-DIGITAL-01;Camcorder (Videokamera) digital;12,5;Prozent;ATG001;Ausstattungsgrad je 100 Haushalte
63111;Laufende Wirtschaftsrechnungen;STAG;Stichtag;2021-01-01;DINSGF;Früheres Bundesgebiet / Neue Länder;DN;Neue Länder;GUTGB2;Gebrauchsgüter;INTERNET-01;Internetanschluss, -zugang;94,3;Prozent;ATG001;Ausstattungsgrad je 100 Haushalte
63111;Laufende Wirtschaftsrechnungen;STAG;Stichtag;2011-01-01;DINSGF;Früheres Bundesgebiet / Neue Länder;DN;Neue Länder;GUTGB2;Gebrauchsgüter;SPIELE-01;Spielekonsole;19,9;Prozent;ATG001;Ausstattungsgrad je 100 Haushalte
63111;Laufende Wirtschaftsrechnungen;STAG;Stichtag;2016-01-01;DINSGF;Früheres Bundesgebiet / Neue Länder;DN;Neue Länder;GUTGB2;Gebrauchsgüter;SMART-03;Smartes Energiemanagementsystem;-;Prozent;ATG001;Ausstattungsgrad je 100 Haushalte
63111;Laufende Wirtschaftsrechnungen;STAG;Stichtag;2022-01-01;DINSGF;Früheres Bundesgebiet / Neue Länder;DF;Früheres Bundesgebiet;GUTGB2;Gebrauchsgüter;ANSCHL-ANT-02;Antennen-TV-Anschluss (DVB-T2 HD);7,8;Prozent;ATG001;Ausstattungsgrad je 100 Haushalte
63111;Laufende Wirtschaftsrechnungen;STAG;Stichtag;2019-01-01;DINSGF;Früheres Bundesgebiet / Neue Länder;DN;Neue Länder;GUTGB2;Gebrauchsgüter;FAHRRAD-01;Fahrrad;78,3;Prozent;ATG001;Ausstattungsgrad je 100 Haushalte
63111;Laufende Wirtschaftsrechnungen;STAG;Stichtag;2022-01-01;DINSGF;Früheres Bundesgebiet / Neue Länder;DF;Früheres Bundesgebiet;GUTGB2;Gebrauchsgüter;TEL-SMART;Smartphone;88,2;Prozent;ATG001;Ausstattungsgrad je 100 Haushalte
63111;Laufende Wirtschaftsrechnungen;STAG;Stichtag;2020-01-01;DINSGF;Früheres Bundesgebiet / Neue Länder;DN;Neue Länder;GUTGB2;Gebrauchsgüter;DVD-BRD-01;DVD- und Blu-ray-Gerät;61,4;Prozent;ATG001;Ausstattungsgrad je 100 Haushalte
63111;Laufende Wirtschaftsrechnungen;STAG;Stichtag;2014-01-01;DINSGF;Früheres Bundesgebiet / Neue Länder;DF;Früheres Bundesgebiet;GUTGB2;Gebrauchsgüter;KAFFEEM-02;Filterkaffeemaschine;59,2;Prozent;ATG001;Ausstattungsgrad je 100 Haushalte
63111;Laufende Wirtschaftsrechnungen;STAG;Stichtag;2016-01-01;DINSGF;Früheres Bundesgebiet / Neue Länder;DN;Neue Länder;GUTGB2;Gebrauchsgüter;CD-01;CD-Player/CD-Recorder (auch im PC);-;Prozent;ATG001;Ausstattungsgrad je 100 Haushalte
63111;Laufende Wirtschaftsrechnungen;STAG;Stichtag;2010-01-01;DINSGF;Früheres Bundesgebiet / Neue Länder;DF;Früheres Bundesgebiet;GUTGB2;Gebrauchsgüter;WASCHM-01;Waschmaschine;-;Prozent;ATG001;Ausstattungsgrad je 100 Haushalte
63111;Laufende Wirtschaftsrechnungen;STAG;Stichtag;2019-01-01;DINSGF;Früheres Bundesgebiet / Neue Länder;DN;Neue Länder;GUTGB2;Gebrauchsgüter;PKW-GEL-02;Pkw geleast, Elektroauto, Plug-in-Hybrid;-;Prozent;ATG001;Ausstattungsgrad je 100 Haushalte
63111;Laufende Wirtschaftsrechnungen;STAG;Stichtag;2016-01-01;DINSGF;Früheres Bundesgebiet / Neue Länder;DN;Neue Länder;GUTGB2;Gebrauchsgüter;ANSCHL-ANT-01;Antennen-TV-Anschluss (DVB-T);14,2;Prozent;ATG001;Ausstattungsgrad je 100 Haushalte
63111;Laufende Wirtschaftsrechnungen;STAG;Stichtag;2019-01-01;DINSGF;Früheres Bundesgebiet / Neue Länder;DN;Neue Länder;GUTGB2;Gebrauchsgüter;NAVIGASYS01;Navigationssystem;41,4;Prozent;ATG001;Ausstattungsgrad je 100 Haushalte
63111;Laufende Wirtschaftsrechnungen;STAG;Stichtag;2016-01-01;DINSGF;Früheres Bundesgebiet / Neue Länder;DF;Früheres Bundesgebiet;GUTGB2;Gebrauchsgüter;MIKROW-01;Mikrowellengerät;73,1;Prozent;ATG001;Ausstattungsgrad je 100 Haushalte
63111;Laufende Wirtschaftsrechnungen;STAG;Stichtag;2016-01-01;DINSGF;Früheres Bundesgebiet / Neue Länder;DN;Neue Länder;GUTGB2;Gebrauchsgüter;FOTO-02;Fotoapparat/Digitalkamera;82,2;Prozent;ATG001;Ausstattungsgrad je 100 Haushalte
63111;Laufende Wirtschaftsrechnungen;STAG;Stichtag;2016-01-01;DINSGF;Früheres Bundesgebiet / Neue Länder;DF;Früheres Bundesgebiet;GUTGB2;Gebrauchsgüter;KABEL-01;Kabelanschluss;-;Prozent;ATG001;Ausstattungsgrad je 100 Haushalte
63111;Laufende Wirtschaftsrechnungen;STAG;Stichtag;2017-01-01;DINSGF;Früheres Bundesgebiet / Neue Länder;DN;Neue Länder;GUTGB2;Gebrauchsgüter;SPORT-HOME-01;Sportgeräte (Heimtrainer);-;Prozent;ATG001;Ausstattungsgrad je 100 Haushalte
63111;Laufende Wirtschaftsrechnungen;STAG;Stichtag;2021-01-01;DINSGF;Früheres Bundesgebiet / Neue Länder;DN;Neue Länder;GUTGB2;Gebrauchsgüter;FOTO-ANALOG-01;Fotoapparat analog;24,4;Prozent;ATG001;Ausstattungsgrad je 100 Haushalte
63111;Laufende Wirtschaftsrechnungen;STAG;Stichtag;2011-01-01;DINSGF;Früheres Bundesgebiet / Neue Länder;DF;Früheres Bundesgebiet;GUTGB2;Gebrauchsgüter;PKW-GEBR-02;Pkw gebraucht gekauft, Elektroauto, Plug-in-Hybrid;-;Prozent;ATG001;Ausstattungsgrad je 100 Haushalte
63111;Laufende Wirtschaftsrechnungen;STAG;Stichtag;2020-01-01;DINSGF;Früheres Bundesgebiet / Neue Länder;DF;Früheres Bundesgebiet;GUTGB2;Gebrauchsgüter;CD-STAT-01;CD-Player stationär;-;Prozent;ATG001;Ausstattungsgrad je 100 Haushalte
63111;Laufende Wirtschaftsrechnungen;STAG;Stichtag;2017-01-01;DINSGF;Früheres Bundesgebiet / Neue Länder;DF;Früheres Bundesgebiet;GUTGB2;Gebrauchsgüter;PKW-NEU-01;Personenkraftwagen fabrikneu gekauft;-;Prozent;ATG001;Ausstattungsgrad je 100 Haushalte
63111;Laufende Wirtschaftsrechnungen;STAG;Stichtag;2020-01-01;DINSGF;Früheres Bundesgebiet / Neue Länder;DN;Neue Länder;GUTGB2;Gebrauchsgüter;PC-MOBIL-05;Tablet;46,8;Prozent;ATG001;Ausstattungsgrad je 100 Haushalte
63111;Laufende Wirtschaftsrechnungen;STAG;Stichtag;2020-01-01;DINSGF;Früheres Bundesgebiet / Neue Länder;DF;Früheres Bundesgebiet;GUTGB2;Gebrauchsgüter;PKW-NEU-02;Pkw fabrikneu gekauft, Elektroauto, Plug-in-Hybrid;-;Prozent;ATG001;Ausstattungsgrad je 100 Haushalte
63111;Laufende Wirtschaftsrechnungen;STAG;Stichtag;2011-01-01;DINSGF;Früheres Bundesgebiet / Neue Länder;DN;Neue Länder;GUTGB2;Gebrauchsgüter;VIDEO-REC-01;Videorecorder;-;Prozent;ATG001;Ausstattungsgrad je 100 Haushalte
63111;Laufende Wirtschaftsrechnungen;STAG;Stichtag;2019-01-01;DINSGF;Früheres Bundesgebiet / Neue Länder;DF;Früheres Bundesgebiet;GUTGB2;Gebrauchsgüter;DVD-02;DVD-Player/Recorder;-;Prozent;ATG001;Ausstattungsgrad je 100 Haushalte
63111;Laufende Wirtschaftsrechnungen;STAG;Stichtag;2010-01-01;DINSGF;Früheres Bundesgebiet / Neue Länder;DN;Neue Länder;GUTGB2;Gebrauchsgüter;FAHRRAD-01;Fahrrad;79,0;Prozent;ATG001;Ausstattungsgrad je 100 Haushalte
63111;Laufende Wirtschaftsrechnungen;STAG;Stichtag;2015-01-01;DINSGF;Früheres Bundesgebiet / Neue Länder;DN;Neue Länder;GUTGB2;Gebrauchsgüter;KRAFTRAD-06;E-Roller, E-Bike mit Führerscheinpflicht;-;Prozent;ATG001;Ausstattungsgrad je 100 Haushalte
63111;Laufende Wirtschaftsrechnungen;STAG;Stichtag;2016-01-01;DINSGF;Früheres Bundesgebiet / Neue Länder;DN;Neue Länder;GUTGB2;Gebrauchsgüter;FAHRRAD-01;Fahrrad;78,4;Prozent;ATG001;Ausstattungsgrad je 100 Haushalte
63111;Laufende Wirtschaftsrechnungen;STAG;Stichtag;2021-01-01;DINSGF;Früheres Bundesgebiet / Neue Länder;DF;Früheres Bundesgebiet;GUTGB2;Gebrauchsgüter;CD-01;CD-Player/CD-Recorder (auch im PC);-;Prozent;ATG001;Ausstattungsgrad je 100 Haushalte
63111;Laufende Wirtschaftsrechnungen;STAG;Stichtag;2014-01-01;DINSGF;Früheres Bundesgebiet / Neue Länder;DF;Früheres Bundesgebiet;GUTGB2;Gebrauchsgüter;PKW-NEU-01;Personenkraftwagen fabrikneu gekauft;35,0;Prozent;ATG001;Ausstattungsgrad je 100 Haushalte
63111;Laufende Wirtschaftsrechnungen;STAG;Stichtag;2011-01-01;DINSGF;Früheres Bundesgebiet / Neue Länder;DF;Früheres Bundesgebiet;GUTGB2;Gebrauchsgüter;FAHRRAD-02;Pedelec (E-Bike ohne Führerscheinpflicht);-;Prozent;ATG001;Ausstattungsgrad je 100 Haushalte
63111;Laufende Wirtschaftsrechnungen;STAG;Stichtag;2016-01-01;DINSGF;Früheres Bundesgebiet / Neue Länder;DN;Neue Länder;GUTGB2;Gebrauchsgüter;ANTW-STAT-01;Anrufbeantworter stationär;-;Prozent;ATG001;Ausstattungsgrad je 100 Haushalte
63111;Laufende Wirtschaftsrechnungen;STAG;Stichtag;2016-01-01;DINSGF;Früheres Bundesgebiet / Neue Länder;DN;Neue Länder;GUTGB2;Gebrauchsgüter;TEL-01;Telefon;100,0;Prozent;ATG001;Ausstattungsgrad je 100 Haushalte
63111;Laufende Wirtschaftsrechnungen;STAG;Stichtag;2022-01-01;DINSGF;Früheres Bundesgebiet / Neue Länder;DN;Neue Länder;GUTGB2;Gebrauchsgüter;PKW-NEU-01;Personenkraftwagen fabrikneu gekauft;29,6;Prozent;ATG001;Ausstattungsgrad je 100 Haushalte
63111;Laufende Wirtschaftsrechnungen;STAG;Stichtag;2015-01-01;DINSGF;Früheres Bundesgebiet / Neue Länder;DN;Neue Länder;GUTGB2;Gebrauchsgüter;SPUEL-01;Geschirrspülmaschine;64,5;Prozent;ATG001;Ausstattungsgrad je 100 Haushalte
63111;Laufende Wirtschaftsrechnungen;STAG;Stichtag;2020-01-01;DINSGF;Früheres Bundesgebiet / Neue Länder;DF;Früheres Bundesgebiet;GUTGB2;Gebrauchsgüter;CD-REC-01;CD-Recorder;-;Prozent;ATG001;Ausstattungsgrad je 100 Haushalte
63111;Laufende Wirtschaftsrechnungen;STAG;Stichtag;2011-01-01;DINSGF;Früheres Bundesgebiet / Neue Länder;DN;Neue Länder;GUTGB2;Gebrauchsgüter;TEL-STAT-01;Telefon stationär (auch schnurlos);89,5;Prozent;ATG001;Ausstattungsgrad je 100 Haushalte
63111;Laufende Wirtschaftsrechnungen;STAG;Stichtag;2010-01-01;DINSGF;Früheres Bundesgebiet / Neue Länder;DN;Neue Länder;GUTGB2;Gebrauchsgüter;KAFFEEM-03;Pad- oder Kapselmaschine;-;Prozent;ATG001;Ausstattungsgrad je 100 Haushalte
63111;Laufende Wirtschaftsrechnungen;STAG;Stichtag;2021-01-01;DINSGF;Früheres Bundesgebiet / Neue Länder;DN;Neue Länder;GUTGB2;Gebrauchsgüter;NAVIGASYS01;Navigationssystem;36,5;Prozent;ATG001;Ausstattungsgrad je 100 Haushalte
63111;Laufende Wirtschaftsrechnungen;STAG;Stichtag;2019-01-01;DINSGF;Früheres Bundesgebiet / Neue Länder;DN;Neue Länder;GUTGB2;Gebrauchsgüter;PC-MOBIL-01;PC mobil (Notebook, Laptop, Palmtop);78,9;Prozent;ATG001;Ausstattungsgrad je 100 Haushalte
63111;Laufende Wirtschaftsrechnungen;STAG;Stichtag;2019-01-01;DINSGF;Früheres Bundesgebiet / Neue Länder;DF;Früheres Bundesgebiet;GUTGB2;Gebrauchsgüter;PKW-07;Personenkraftwagen, Elektroauto, Plug-in-Hybrid;-;Prozent;ATG001;Ausstattungsgrad je 100 Haushalte
63111;Laufende Wirtschaftsrechnungen;STAG;Stichtag;2020-01-01;DINSGF;Früheres Bundesgebiet / Neue Länder;DF;Früheres Bundesgebiet;GUTGB2;Gebrauchsgüter;DEC-PAYTV-01;Pay-TV-Decoder;21,4;Prozent;ATG001;Ausstattungsgrad je 100 Haushalte
63111;Laufende Wirtschaftsrechnungen;STAG;Stichtag;2016-01-01;DINSGF;Früheres Bundesgebiet / Neue Länder;DF;Früheres Bundesgebiet;GUTGB2;Gebrauchsgüter;SAT-01;Satellitenempfangsanlage;-;Prozent;ATG001;Ausstattungsgrad je 100 Haushalte
63111;Laufende Wirtschaftsrechnungen;STAG;Stichtag;2010-01-01;DINSGF;Früheres Bundesgebiet / Neue Länder;DF;Früheres Bundesgebiet;GUTGB2;Gebrauchsgüter;BRD-01;Blu-ray-Gerät;-;Prozent;ATG001;Ausstattungsgrad je 100 Haushalte
63111;Laufende Wirtschaftsrechnungen;STAG;Stichtag;2011-01-01;DINSGF;Früheres Bundesgebiet / Neue Länder;DF;Früheres Bundesgebiet;GUTGB2;Gebrauchsgüter;MD-01;MiniDisc-Player/Recorder;-;Prozent;ATG001;Ausstattungsgrad je 100 Haushalte
63111;Laufende Wirtschaftsrechnungen;STAG;Stichtag;2019-01-01;DINSGF;Früheres Bundesgebiet / Neue Länder;DN;Neue Länder;GUTGB2;Gebrauchsgüter;ANSCHL-KAB-01;Kabel-TV-Anschluss;52,1;Prozent;ATG001;Ausstattungsgrad je 100 Haushalte
63111;Laufende Wirtschaftsrechnungen;STAG;Stichtag;2015-01-01;DINSGF;Früheres Bundesgebiet / Neue Länder;DF;Früheres Bundesgebiet;GUTGB2;Gebrauchsgüter;SPUEL-01;Geschirrspülmaschine;70,8;Prozent;ATG001;Ausstattungsgrad je 100 Haushalte
63111;Laufende Wirtschaftsrechnungen;STAG;Stichtag;2015-01-01;DINSGF;Früheres Bundesgebiet / Neue Länder;DF;Früheres Bundesgebiet;GUTGB2;Gebrauchsgüter;FOTO-DIGITAL-01;Digitalkamera (Fotoapparat digital);75,5;Prozent;ATG001;Ausstattungsgrad je 100 Haushalte
63111;Laufende Wirtschaftsrechnungen;STAG;Stichtag;2021-01-01;DINSGF;Früheres Bundesgebiet / Neue Länder;DF;Früheres Bundesgebiet;GUTGB2;Gebrauchsgüter;INTERNET-01;Internetanschluss, -zugang;94,8;Prozent;ATG001;Ausstattungsgrad je 100 Haushalte
63111;Laufende Wirtschaftsrechnungen;STAG;Stichtag;2017-01-01;DINSGF;Früheres Bundesgebiet / Neue Länder;DF;Früheres Bundesgebiet;GUTGB2;Gebrauchsgüter;PKW-GEBR-02;Pkw gebraucht gekauft, Elektroauto, Plug-in-Hybrid;-;Prozent;ATG001;Ausstattungsgrad je 100 Haushalte
63111;Laufende Wirtschaftsrechnungen;STAG;Stichtag;2015-01-01;DINSGF;Früheres Bundesgebiet / Neue Länder;DN;Neue Länder;GUTGB2;Gebrauchsgüter;BRD-01;Blu-ray-Gerät;15,1;Prozent;ATG001;Ausstattungsgrad je 100 Haushalte
63111;Laufende Wirtschaftsrechnungen;STAG;Stichtag;2015-01-01;DINSGF;Früheres Bundesgebiet / Neue Länder;DF;Früheres Bundesgebiet;GUTGB2;Gebrauchsgüter;PKW-01;Personenkraftwagen;78,9;Prozent;ATG001;Ausstattungsgrad je 100 Haushalte
63111;Laufende Wirtschaftsrechnungen;STAG;Stichtag;2014-01-01;DINSGF;Früheres Bundesgebiet / Neue Länder;DN;Neue Länder;GUTGB2;Gebrauchsgüter;CAM-ANALOG-01;Camcorder (Videokamera) analog;8,3;Prozent;ATG001;Ausstattungsgrad je 100 Haushalte
63111;Laufende Wirtschaftsrechnungen;STAG;Stichtag;2021-01-01;DINSGF;Früheres Bundesgebiet / Neue Länder;DN;Neue Länder;GUTGB2;Gebrauchsgüter;SMART-01;Smart TV (Fernseher);-;Prozent;ATG001;Ausstattungsgrad je 100 Haushalte
63111;Laufende Wirtschaftsrechnungen;STAG;Stichtag;2011-01-01;DINSGF;Früheres Bundesgebiet / Neue Länder;DN;Neue Länder;GUTGB2;Gebrauchsgüter;MD-01;MiniDisc-Player/Recorder;-;Prozent;ATG001;Ausstattungsgrad je 100 Haushalte
63111;Laufende Wirtschaftsrechnungen;STAG;Stichtag;2014-01-01;DINSGF;Früheres Bundesgebiet / Neue Länder;DF;Früheres Bundesgebiet;GUTGB2;Gebrauchsgüter;TEL-STAT-01;Telefon stationär (auch schnurlos);92,0;Prozent;ATG001;Ausstattungsgrad je 100 Haushalte
63111;Laufende Wirtschaftsrechnungen;STAG;Stichtag;2015-01-01;DINSGF;Früheres Bundesgebiet / Neue Länder;DN;Neue Länder;GUTGB2;Gebrauchsgüter;FOTO-02;Fotoapparat/Digitalkamera;85,5;Prozent;ATG001;Ausstattungsgrad je 100 Haushalte
63111;Laufende Wirtschaftsrechnungen;STAG;Stichtag;2021-01-01;DINSGF;Früheres Bundesgebiet / Neue Länder;DN;Neue Länder;GUTGB2;Gebrauchsgüter;MP3PLAY01;MP3-Player;26,6;Prozent;ATG001;Ausstattungsgrad je 100 Haushalte
63111;Laufende Wirtschaftsrechnungen;STAG;Stichtag;2020-01-01;DINSGF;Früheres Bundesgebiet / Neue Länder;DF;Früheres Bundesgebiet;GUTGB2;Gebrauchsgüter;HIFI-01;HiFi-Anlage;-;Prozent;ATG001;Ausstattungsgrad je 100 Haushalte
63111;Laufende Wirtschaftsrechnungen;STAG;Stichtag;2017-01-01;DINSGF;Früheres Bundesgebiet / Neue Länder;DN;Neue Länder;GUTGB2;Gebrauchsgüter;FOTO-DIGITAL-01;Digitalkamera (Fotoapparat digital);-;Prozent;ATG001;Ausstattungsgrad je 100 Haushalte
63111;Laufende Wirtschaftsrechnungen;STAG;Stichtag;2021-01-01;DINSGF;Früheres Bundesgebiet / Neue Länder;DN;Neue Länder;GUTGB2;Gebrauchsgüter;CD-01;CD-Player/CD-Recorder (auch im PC);-;Prozent;ATG001;Ausstattungsgrad je 100 Haushalte
63111;Laufende Wirtschaftsrechnungen;STAG;Stichtag;2015-01-01;DINSGF;Früheres Bundesgebiet / Neue Länder;DN;Neue Länder;GUTGB2;Gebrauchsgüter;PKW-GEBR-02;Pkw gebraucht gekauft, Elektroauto, Plug-in-Hybrid;-;Prozent;ATG001;Ausstattungsgrad je 100 Haushalte
63111;Laufende Wirtschaftsrechnungen;STAG;Stichtag;2015-01-01;DINSGF;Früheres Bundesgebiet / Neue Länder;DN;Neue Länder;GUTGB2;Gebrauchsgüter;DVD-BRD-01;DVD- und Blu-ray-Gerät;67,0;Prozent;ATG001;Ausstattungsgrad je 100 Haushalte
63111;Laufende Wirtschaftsrechnungen;STAG;Stichtag;2014-01-01;DINSGF;Früheres Bundesgebiet / Neue Länder;DN;Neue Länder;GUTGB2;Gebrauchsgüter;INTERNET-01;Internetanschluss, -zugang;77,2;Prozent;ATG001;Ausstattungsgrad je 100 Haushalte
63111;Laufende Wirtschaftsrechnungen;STAG;Stichtag;2020-01-01;DINSGF;Früheres Bundesgebiet / Neue Länder;DF;Früheres Bundesgebiet;GUTGB2;Gebrauchsgüter;CAM-DIGITAL-01;Camcorder (Videokamera) digital;9,1;Prozent;ATG001;Ausstattungsgrad je 100 Haushalte
63111;Laufende Wirtschaftsrechnungen;STAG;Stichtag;2011-01-01;DINSGF;Früheres Bundesgebiet / Neue Länder;DF;Früheres Bundesgebiet;GUTGB2;Gebrauchsgüter;KRAFTRAD-06;E-Roller, E-Bike mit Führerscheinpflicht;-;Prozent;ATG001;Ausstattungsgrad je 100 Haushalte
63111;Laufende Wirtschaftsrechnungen;STAG;Stichtag;2020-01-01;DINSGF;Früheres Bundesgebiet / Neue Länder;DF;Früheres Bundesgebiet;GUTGB2;Gebrauchsgüter;PC-MOBIL-01;PC mobil (Notebook, Laptop, Palmtop);83,9;Prozent;ATG001;Ausstattungsgrad je 100 Haushalte
63111;Laufende Wirtschaftsrechnungen;STAG;Stichtag;2015-01-01;DINSGF;Früheres Bundesgebiet / Neue Länder;DN;Neue Länder;GUTGB2;Gebrauchsgüter;SMART-02;Smart Speaker (intelligenter/WLAN-Lautsprecher);-;Prozent;ATG001;Ausstattungsgrad je 100 Haushalte
63111;Laufende Wirtschaftsrechnungen;STAG;Stichtag;2019-01-01;DINSGF;Früheres Bundesgebiet / Neue Länder;DF;Früheres Bundesgebiet;GUTGB2;Gebrauchsgüter;INTERNET-10;Internetanschluss, -zugang stationär;88,3;Prozent;ATG001;Ausstattungsgrad je 100 Haushalte
63111;Laufende Wirtschaftsrechnungen;STAG;Stichtag;2017-01-01;DINSGF;Früheres Bundesgebiet / Neue Länder;DN;Neue Länder;GUTGB2;Gebrauchsgüter;KAFFEEM-02;Filterkaffeemaschine;-;Prozent;ATG001;Ausstattungsgrad je 100 Haushalte
63111;Laufende Wirtschaftsrechnungen;STAG;Stichtag;2020-01-01;DINSGF;Früheres Bundesgebiet / Neue Länder;DF;Früheres Bundesgebiet;GUTGB2;Gebrauchsgüter;SPIELE-01;Spielekonsole;29,5;Prozent;ATG001;Ausstattungsgrad je 100 Haushalte
63111;Laufende Wirtschaftsrechnungen;STAG;Stichtag;2022-01-01;DINSGF;Früheres Bundesgebiet / Neue Länder;DF;Früheres Bundesgebiet;GUTGB2;Gebrauchsgüter;TROCK-01;Wäschetrockner (auch in Kombigeräten);-;Prozent;ATG001;Ausstattungsgrad je 100 Haushalte
63111;Laufende Wirtschaftsrechnungen;STAG;Stichtag;2020-01-01;DINSGF;Früheres Bundesgebiet / Neue Länder;DN;Neue Länder;GUTGB2;Gebrauchsgüter;NAVIGASYS01;Navigationssystem;41,1;Prozent;ATG001;Ausstattungsgrad je 100 Haushalte
63111;Laufende Wirtschaftsrechnungen;STAG;Stichtag;2022-01-01;DINSGF;Früheres Bundesgebiet / Neue Länder;DN;Neue Länder;GUTGB2;Gebrauchsgüter;MODEM-01;Modem für Datenübertragung;-;Prozent;ATG001;Ausstattungsgrad je 100 Haushalte
63111;Laufende Wirtschaftsrechnungen;STAG;Stichtag;2021-01-01;DINSGF;Früheres Bundesgebiet / Neue Länder;DF;Früheres Bundesgebiet;GUTGB2;Gebrauchsgüter;TV-02;(Farb-)Fernsehgerät;96,2;Prozent;ATG001;Ausstattungsgrad je 100 Haushalte
63111;Laufende Wirtschaftsrechnungen;STAG;Stichtag;2015-01-01;DINSGF;Früheres Bundesgebiet / Neue Länder;DF;Früheres Bundesgebiet;GUTGB2;Gebrauchsgüter;SMART-02;Smart Speaker (intelligenter/WLAN-Lautsprecher);-;Prozent;ATG001;Ausstattungsgrad je 100 Haushalte
63111;Laufende Wirtschaftsrechnungen;STAG;Stichtag;2016-01-01;DINSGF;Früheres Bundesgebiet / Neue Länder;DN;Neue Länder;GUTGB2;Gebrauchsgüter;CD-REC-01;CD-Recorder;-;Prozent;ATG001;Ausstattungsgrad je 100 Haushalte
63111;Laufende Wirtschaftsrechnungen;STAG;Stichtag;2016-01-01;DINSGF;Früheres Bundesgebiet / Neue Länder;DN;Neue Länder;GUTGB2;Gebrauchsgüter;PKW-01;Personenkraftwagen;70,3;Prozent;ATG001;Ausstattungsgrad je 100 Haushalte
63111;Laufende Wirtschaftsrechnungen;STAG;Stichtag;2017-01-01;DINSGF;Früheres Bundesgebiet / Neue Länder;DN;Neue Länder;GUTGB2;Gebrauchsgüter;HIFI-01;HiFi-Anlage;-;Prozent;ATG001;Ausstattungsgrad je 100 Haushalte
63111;Laufende Wirtschaftsrechnungen;STAG;Stichtag;2010-01-01;DINSGF;Früheres Bundesgebiet / Neue Länder;DF;Früheres Bundesgebiet;GUTGB2;Gebrauchsgüter;PKW-NEU-02;Pkw fabrikneu gekauft, Elektroauto, Plug-in-Hybrid;-;Prozent;ATG001;Ausstattungsgrad je 100 Haushalte
63111;Laufende Wirtschaftsrechnungen;STAG;Stichtag;2021-01-01;DINSGF;Früheres Bundesgebiet / Neue Länder;DF;Früheres Bundesgebiet;GUTGB2;Gebrauchsgüter;SMART-01;Smart TV (Fernseher);-;Prozent;ATG001;Ausstattungsgrad je 100 Haushalte
63111;Laufende Wirtschaftsrechnungen;STAG;Stichtag;2016-01-01;DINSGF;Früheres Bundesgebiet / Neue Länder;DF;Früheres Bundesgebiet;GUTGB2;Gebrauchsgüter;SMART-05;Smartes Haushaltsgerät;-;Prozent;ATG001;Ausstattungsgrad je 100 Haushalte
63111;Laufende Wirtschaftsrechnungen;STAG;Stichtag;2010-01-01;DINSGF;Früheres Bundesgebiet / Neue Länder;DN;Neue Länder;GUTGB2;Gebrauchsgüter;INTERNET-10;Internetanschluss, -zugang stationär;-;Prozent;ATG001;Ausstattungsgrad je 100 Haushalte
63111;Laufende Wirtschaftsrechnungen;STAG;Stichtag;2020-01-01;DINSGF;Früheres Bundesgebiet / Neue Länder;DN;Neue Länder;GUTGB2;Gebrauchsgüter;FAHRRAD-01;Fahrrad;78,8;Prozent;ATG001;Ausstattungsgrad je 100 Haushalte
63111;Laufende Wirtschaftsrechnungen;STAG;Stichtag;2019-01-01;DINSGF;Früheres Bundesgebiet / Neue Länder;DF;Früheres Bundesgebiet;GUTGB2;Gebrauchsgüter;TEL-STAT-01;Telefon stationär (auch schnurlos);86,8;Prozent;ATG001;Ausstattungsgrad je 100 Haushalte
63111;Laufende Wirtschaftsrechnungen;STAG;Stichtag;2014-01-01;DINSGF;Früheres Bundesgebiet / Neue Länder;DF;Früheres Bundesgebiet;GUTGB2;Gebrauchsgüter;BRD-01;Blu-ray-Gerät;-;Prozent;ATG001;Ausstattungsgrad je 100 Haushalte
63111;Laufende Wirtschaftsrechnungen;STAG;Stichtag;2017-01-01;DINSGF;Früheres Bundesgebiet / Neue Länder;DF;Früheres Bundesgebiet;GUTGB2;Gebrauchsgüter;ANSCHL-SAT-01;Satelliten-TV-Anschluss;-;Prozent;ATG001;Ausstattungsgrad je 100 Haushalte
63111;Laufende Wirtschaftsrechnungen;STAG;Stichtag;2021-01-01;DINSGF;Früheres Bundesgebiet / Neue Länder;DF;Früheres Bundesgebiet;GUTGB2;Gebrauchsgüter;KAFFEEM-02;Filterkaffeemaschine;48,6;Prozent;ATG001;Ausstattungsgrad je 100 Haushalte
63111;Laufende Wirtschaftsrechnungen;STAG;Stichtag;2015-01-01;DINSGF;Früheres Bundesgebiet / Neue Länder;DF;Früheres Bundesgebiet;GUTGB2;Gebrauchsgüter;PKW-GEL-01;Personenkraftwagen geleast;3,6;Prozent;ATG001;Ausstattungsgrad je 100 Haushalte
63111;Laufende Wirtschaftsrechnungen;STAG;Stichtag;2020-01-01;DINSGF;Früheres Bundesgebiet / Neue Länder;DF;Früheres Bundesgebiet;GUTGB2;Gebrauchsgüter;CAM-01;Camcorder (Videokamera);14,2;Prozent;ATG001;Ausstattungsgrad je 100 Haushalte
63111;Laufende Wirtschaftsrechnungen;STAG;Stichtag;2019-01-01;DINSGF;Früheres Bundesgebiet / Neue Länder;DN;Neue Länder;GUTGB2;Gebrauchsgüter;INTERNET-01;Internetanschluss, -zugang;91,3;Prozent;ATG001;Ausstattungsgrad je 100 Haushalte
63111;Laufende Wirtschaftsrechnungen;STAG;Stichtag;2011-01-01;DINSGF;Früheres Bundesgebiet / Neue Länder;DF;Früheres Bundesgebiet;GUTGB2;Gebrauchsgüter;TEL-01;Telefon;99,5;Prozent;ATG001;Ausstattungsgrad je 100 Haushalte
63111;Laufende Wirtschaftsrechnungen;STAG;Stichtag;2010-01-01;DINSGF;Früheres Bundesgebiet / Neue Länder;DF;Früheres Bundesgebiet;GUTGB2;Gebrauchsgüter;VIDEO-REC-01;Videorecorder;-;Prozent;ATG001;Ausstattungsgrad je 100 Haushalte
63111;Laufende Wirtschaftsrechnungen;STAG;Stichtag;2017-01-01;DINSGF;Früheres Bundesgebiet / Neue Länder;DF;Früheres Bundesgebiet;GUTGB2;Gebrauchsgüter;FAHRRAD-02;Pedelec (E-Bike ohne Führerscheinpflicht);-;Prozent;ATG001;Ausstattungsgrad je 100 Haushalte
63111;Laufende Wirtschaftsrechnungen;STAG;Stichtag;2017-01-01;DINSGF;Früheres Bundesgebiet / Neue Länder;DF;Früheres Bundesgebiet;GUTGB2;Gebrauchsgüter;KRAFTRAD-06;E-Roller, E-Bike mit Führerscheinpflicht;-;Prozent;ATG001;Ausstattungsgrad je 100 Haushalte
63111;Laufende Wirtschaftsrechnungen;STAG;Stichtag;2011-01-01;DINSGF;Früheres Bundesgebiet / Neue Länder;DN;Neue Länder;GUTGB2;Gebrauchsgüter;BRD-01;Blu-ray-Gerät;-;Prozent;ATG001;Ausstattungsgrad je 100 Haushalte
63111;Laufende Wirtschaftsrechnungen;STAG;Stichtag;2021-01-01;DINSGF;Früheres Bundesgebiet / Neue Länder;DN;Neue Länder;GUTGB2;Gebrauchsgüter;DEC-PAYTV-01;Pay-TV-Decoder;18,1;Prozent;ATG001;Ausstattungsgrad je 100 Haushalte
63111;Laufende Wirtschaftsrechnungen;STAG;Stichtag;2022-01-01;DINSGF;Früheres Bundesgebiet / Neue Länder;DN;Neue Länder;GUTGB2;Gebrauchsgüter;NAVIGASYS01;Navigationssystem;35,9;Prozent;ATG001;Ausstattungsgrad je 100 Haushalte
63111;Laufende Wirtschaftsrechnungen;STAG;Stichtag;2016-01-01;DINSGF;Früheres Bundesgebiet / Neue Länder;DF;Früheres Bundesgebiet;GUTGB2;Gebrauchsgüter;SPORT-HOME-01;Sportgeräte (Heimtrainer);26,2;Prozent;ATG001;Ausstattungsgrad je 100 Haushalte
63111;Laufende Wirtschaftsrechnungen;STAG;Stichtag;2019-01-01;DINSGF;Früheres Bundesgebiet / Neue Länder;DN;Neue Länder;GUTGB2;Gebrauchsgüter;MD-01;MiniDisc-Player/Recorder;-;Prozent;ATG001;Ausstattungsgrad je 100 Haushalte
63111;Laufende Wirtschaftsrechnungen;STAG;Stichtag;2016-01-01;DINSGF;Früheres Bundesgebiet / Neue Länder;DF;Früheres Bundesgebiet;GUTGB2;Gebrauchsgüter;PC-STAT-01;PC stationär;50,2;Prozent;ATG001;Ausstattungsgrad je 100 Haushalte
63111;Laufende Wirtschaftsrechnungen;STAG;Stichtag;2022-01-01;DINSGF;Früheres Bundesgebiet / Neue Länder;DN;Neue Länder;GUTGB2;Gebrauchsgüter;PC-MOBIL-01;PC mobil (Notebook, Laptop, Palmtop);83,5;Prozent;ATG001;Ausstattungsgrad je 100 Haushalte
63111;Laufende Wirtschaftsrechnungen;STAG;Stichtag;2019-01-01;DINSGF;Früheres Bundesgebiet / Neue Länder;DF;Früheres Bundesgebiet;GUTGB2;Gebrauchsgüter;KABEL-01;Kabelanschluss;-;Prozent;ATG001;Ausstattungsgrad je 100 Haushalte
63111;Laufende Wirtschaftsrechnungen;STAG;Stichtag;2016-01-01;DINSGF;Früheres Bundesgebiet / Neue Länder;DN;Neue Länder;GUTGB2;Gebrauchsgüter;DEC-PAYTV-01;Pay-TV-Decoder;19,0;Prozent;ATG001;Ausstattungsgrad je 100 Haushalte
63111;Laufende Wirtschaftsrechnungen;STAG;Stichtag;2020-01-01;DINSGF;Früheres Bundesgebiet / Neue Länder;DF;Früheres Bundesgebiet;GUTGB2;Gebrauchsgüter;BRD-01;Blu-ray-Gerät;24,7;Prozent;ATG001;Ausstattungsgrad je 100 Haushalte
63111;Laufende Wirtschaftsrechnungen;STAG;Stichtag;2022-01-01;DINSGF;Früheres Bundesgebiet / Neue Länder;DF;Früheres Bundesgebiet;GUTGB2;Gebrauchsgüter;CAM-ANALOG-01;Camcorder (Videokamera) analog;-;Prozent;ATG001;Ausstattungsgrad je 100 Haushalte
63111;Laufende Wirtschaftsrechnungen;STAG;Stichtag;2019-01-01;DINSGF;Früheres Bundesgebiet / Neue Länder;DN;Neue Länder;GUTGB2;Gebrauchsgüter;KABEL-01;Kabelanschluss;-;Prozent;ATG001;Ausstattungsgrad je 100 Haushalte
63111;Laufende Wirtschaftsrechnungen;STAG;Stichtag;2019-01-01;DINSGF;Früheres Bundesgebiet / Neue Länder;DF;Früheres Bundesgebiet;GUTGB2;Gebrauchsgüter;CAM-DIGITAL-01;Camcorder (Videokamera) digital;8,9;Prozent;ATG001;Ausstattungsgrad je 100 Haushalte
63111;Laufende Wirtschaftsrechnungen;STAG;Stichtag;2011-01-01;DINSGF;Früheres Bundesgebiet / Neue Länder;DN;Neue Länder;GUTGB2;Gebrauchsgüter;KAFFEEM-02;Filterkaffeemaschine;-;Prozent;ATG001;Ausstattungsgrad je 100 Haushalte
63111;Laufende Wirtschaftsrechnungen;STAG;Stichtag;2019-01-01;DINSGF;Früheres Bundesgebiet / Neue Länder;DF;Früheres Bundesgebiet;GUTGB2;Gebrauchsgüter;MD-01;MiniDisc-Player/Recorder;-;Prozent;ATG001;Ausstattungsgrad je 100 Haushalte
63111;Laufende Wirtschaftsrechnungen;STAG;Stichtag;2021-01-01;DINSGF;Früheres Bundesgebiet / Neue Länder;DN;Neue Länder;GUTGB2;Gebrauchsgüter;PC-MOBIL-05;Tablet;49,8;Prozent;ATG001;Ausstattungsgrad je 100 Haushalte
63111;Laufende Wirtschaftsrechnungen;STAG;Stichtag;2021-01-01;DINSGF;Früheres Bundesgebiet / Neue Länder;DN;Neue Länder;GUTGB2;Gebrauchsgüter;TV-02;(Farb-)Fernsehgerät;96,3;Prozent;ATG001;Ausstattungsgrad je 100 Haushalte
63111;Laufende Wirtschaftsrechnungen;STAG;Stichtag;2016-01-01;DINSGF;Früheres Bundesgebiet / Neue Länder;DN;Neue Länder;GUTGB2;Gebrauchsgüter;SMART-05;Smartes Haushaltsgerät;-;Prozent;ATG001;Ausstattungsgrad je 100 Haushalte
63111;Laufende Wirtschaftsrechnungen;STAG;Stichtag;2016-01-01;DINSGF;Früheres Bundesgebiet / Neue Länder;DF;Früheres Bundesgebiet;GUTGB2;Gebrauchsgüter;KRAFTRAD-06;E-Roller, E-Bike mit Führerscheinpflicht;-;Prozent;ATG001;Ausstattungsgrad je 100 Haushalte
63111;Laufende Wirtschaftsrechnungen;STAG;Stichtag;2022-01-01;DINSGF;Früheres Bundesgebiet / Neue Länder;DF;Früheres Bundesgebiet;GUTGB2;Gebrauchsgüter;MODEM-01;Modem für Datenübertragung;-;Prozent;ATG001;Ausstattungsgrad je 100 Haushalte
63111;Laufende Wirtschaftsrechnungen;STAG;Stichtag;2015-01-01;DINSGF;Früheres Bundesgebiet / Neue Länder;DF;Früheres Bundesgebiet;GUTGB2;Gebrauchsgüter;DVD-02;DVD-Player/Recorder;-;Prozent;ATG001;Ausstattungsgrad je 100 Haushalte
63111;Laufende Wirtschaftsrechnungen;STAG;Stichtag;2022-01-01;DINSGF;Früheres Bundesgebiet / Neue Länder;DN;Neue Länder;GUTGB2;Gebrauchsgüter;TROCK-01;Wäschetrockner (auch in Kombigeräten);-;Prozent;ATG001;Ausstattungsgrad je 100 Haushalte
63111;Laufende Wirtschaftsrechnungen;STAG;Stichtag;2020-01-01;DINSGF;Früheres Bundesgebiet / Neue Länder;DN;Neue Länder;GUTGB2;Gebrauchsgüter;WASCHM-01;Waschmaschine;97,6;Prozent;ATG001;Ausstattungsgrad je 100 Haushalte
63111;Laufende Wirtschaftsrechnungen;STAG;Stichtag;2021-01-01;DINSGF;Früheres Bundesgebiet / Neue Länder;DF;Früheres Bundesgebiet;GUTGB2;Gebrauchsgüter;FAHRRAD-02;Pedelec (E-Bike ohne Führerscheinpflicht);14,5;Prozent;ATG001;Ausstattungsgrad je 100 Haushalte
63111;Laufende Wirtschaftsrechnungen;STAG;Stichtag;2019-01-01;DINSGF;Früheres Bundesgebiet / Neue Länder;DF;Früheres Bundesgebiet;GUTGB2;Gebrauchsgüter;ANTW-STAT-01;Anrufbeantworter stationär;-;Prozent;ATG001;Ausstattungsgrad je 100 Haushalte
63111;Laufende Wirtschaftsrechnungen;STAG;Stichtag;2011-01-01;DINSGF;Früheres Bundesgebiet / Neue Länder;DN;Neue Länder;GUTGB2;Gebrauchsgüter;RADIO-REC-01;Radiorecorder/Stereorundfunkgerät;-;Prozent;ATG001;Ausstattungsgrad je 100 Haushalte
63111;Laufende Wirtschaftsrechnungen;STAG;Stichtag;2010-01-01;DINSGF;Früheres Bundesgebiet / Neue Länder;DF;Früheres Bundesgebiet;GUTGB2;Gebrauchsgüter;ANSCHL-KAB-01;Kabel-TV-Anschluss;-;Prozent;ATG001;Ausstattungsgrad je 100 Haushalte
63111;Laufende Wirtschaftsrechnungen;STAG;Stichtag;2019-01-01;DINSGF;Früheres Bundesgebiet / Neue Länder;DN;Neue Länder;GUTGB2;Gebrauchsgüter;ANSCHL-SAT-01;Satelliten-TV-Anschluss;37,7;Prozent;ATG001;Ausstattungsgrad je 100 Haushalte
63111;Laufende Wirtschaftsrechnungen;STAG;Stichtag;2019-01-01;DINSGF;Früheres Bundesgebiet / Neue Länder;DF;Früheres Bundesgebiet;GUTGB2;Gebrauchsgüter;KRAFTRAD-06;E-Roller, E-Bike mit Führerscheinpflicht;-;Prozent;ATG001;Ausstattungsgrad je 100 Haushalte
63111;Laufende Wirtschaftsrechnungen;STAG;Stichtag;2022-01-01;DINSGF;Früheres Bundesgebiet / Neue Länder;DN;Neue Länder;GUTGB2;Gebrauchsgüter;DVD-02;DVD-Player/Recorder;-;Prozent;ATG001;Ausstattungsgrad je 100 Haushalte
63111;Laufende Wirtschaftsrechnungen;STAG;Stichtag;2011-01-01;DINSGF;Früheres Bundesgebiet / Neue Länder;DF;Früheres Bundesgebiet;GUTGB2;Gebrauchsgüter;CD-REC-01;CD-Recorder;-;Prozent;ATG001;Ausstattungsgrad je 100 Haushalte
63111;Laufende Wirtschaftsrechnungen;STAG;Stichtag;2020-01-01;DINSGF;Früheres Bundesgebiet / Neue Länder;DN;Neue Länder;GUTGB2;Gebrauchsgüter;KABEL-01;Kabelanschluss;-;Prozent;ATG001;Ausstattungsgrad je 100 Haushalte
63111;Laufende Wirtschaftsrechnungen;STAG;Stichtag;2011-01-01;DINSGF;Früheres Bundesgebiet / Neue Länder;DF;Früheres Bundesgebiet;GUTGB2;Gebrauchsgüter;CAM-ANALOG-01;Camcorder (Videokamera) analog;10,8;Prozent;ATG001;Ausstattungsgrad je 100 Haushalte
63111;Laufende Wirtschaftsrechnungen;STAG;Stichtag;2010-01-01;DINSGF;Früheres Bundesgebiet / Neue Länder;DN;Neue Länder;GUTGB2;Gebrauchsgüter;FAHRRAD-03;E-Scooter (Tretroller m.Elektroantr. oh. Füh.pfl.);-;Prozent;ATG001;Ausstattungsgrad je 100 Haushalte
63111;Laufende Wirtschaftsrechnungen;STAG;Stichtag;2021-01-01;DINSGF;Früheres Bundesgebiet / Neue Länder;DF;Früheres Bundesgebiet;GUTGB2;Gebrauchsgüter;PC-MOBIL-01;PC mobil (Notebook, Laptop, Palmtop);85,4;Prozent;ATG001;Ausstattungsgrad je 100 Haushalte
63111;Laufende Wirtschaftsrechnungen;STAG;Stichtag;2011-01-01;DINSGF;Früheres Bundesgebiet / Neue Länder;DN;Neue Länder;GUTGB2;Gebrauchsgüter;PKW-GEL-02;Pkw geleast, Elektroauto, Plug-in-Hybrid;-;Prozent;ATG001;Ausstattungsgrad je 100 Haushalte
63111;Laufende Wirtschaftsrechnungen;STAG;Stichtag;2019-01-01;DINSGF;Früheres Bundesgebiet / Neue Länder;DF;Früheres Bundesgebiet;GUTGB2;Gebrauchsgüter;PKW-GEBR-02;Pkw gebraucht gekauft, Elektroauto, Plug-in-Hybrid;-;Prozent;ATG001;Ausstattungsgrad je 100 Haushalte
63111;Laufende Wirtschaftsrechnungen;STAG;Stichtag;2011-01-01;DINSGF;Früheres Bundesgebiet / Neue Länder;DN;Neue Länder;GUTGB2;Gebrauchsgüter;INTERNET-10;Internetanschluss, -zugang stationär;-;Prozent;ATG001;Ausstattungsgrad je 100 Haushalte
63111;Laufende Wirtschaftsrechnungen;STAG;Stichtag;2014-01-01;DINSGF;Früheres Bundesgebiet / Neue Länder;DN;Neue Länder;GUTGB2;Gebrauchsgüter;FOTO-ANALOG-01;Fotoapparat analog;37,5;Prozent;ATG001;Ausstattungsgrad je 100 Haushalte
63111;Laufende Wirtschaftsrechnungen;STAG;Stichtag;2011-01-01;DINSGF;Früheres Bundesgebiet / Neue Länder;DF;Früheres Bundesgebiet;GUTGB2;Gebrauchsgüter;SMART-04;Smartes Sicherheitssystem;-;Prozent;ATG001;Ausstattungsgrad je 100 Haushalte
63111;Laufende Wirtschaftsrechnungen;STAG;Stichtag;2010-01-01;DINSGF;Früheres Bundesgebiet / Neue Länder;DN;Neue Länder;GUTGB2;Gebrauchsgüter;CAM-DIGITAL-01;Camcorder (Videokamera) digital;10,8;Prozent;ATG001;Ausstattungsgrad je 100 Haushalte
63111;Laufende Wirtschaftsrechnungen;STAG;Stichtag;2020-01-01;DINSGF;Früheres Bundesgebiet / Neue Länder;DF;Früheres Bundesgebiet;GUTGB2;Gebrauchsgüter;SPORT-HOME-01;Sportgeräte (Heimtrainer);27,1;Prozent;ATG001;Ausstattungsgrad je 100 Haushalte
63111;Laufende Wirtschaftsrechnungen;STAG;Stichtag;2017-01-01;DINSGF;Früheres Bundesgebiet / Neue Länder;DF;Früheres Bundesgebiet;GUTGB2;Gebrauchsgüter;FOTO-ANALOG-01;Fotoapparat analog;-;Prozent;ATG001;Ausstattungsgrad je 100 Haushalte
63111;Laufende Wirtschaftsrechnungen;STAG;Stichtag;2016-01-01;DINSGF;Früheres Bundesgebiet / Neue Länder;DF;Früheres Bundesgebiet;GUTGB2;Gebrauchsgüter;PKW-GEBR-02;Pkw gebraucht gekauft, Elektroauto, Plug-in-Hybrid;-;Prozent;ATG001;Ausstattungsgrad je 100 Haushalte
63111;Laufende Wirtschaftsrechnungen;STAG;Stichtag;2020-01-01;DINSGF;Früheres Bundesgebiet / Neue Länder;DF;Früheres Bundesgebiet;GUTGB2;Gebrauchsgüter;KABEL-01;Kabelanschluss;-;Prozent;ATG001;Ausstattungsgrad je 100 Haushalte
63111;Laufende Wirtschaftsrechnungen;STAG;Stichtag;2015-01-01;DINSGF;Früheres Bundesgebiet / Neue Länder;DF;Früheres Bundesgebiet;GUTGB2;Gebrauchsgüter;TEL-STAT-01;Telefon stationär (auch schnurlos);91,9;Prozent;ATG001;Ausstattungsgrad je 100 Haushalte
63111;Laufende Wirtschaftsrechnungen;STAG;Stichtag;2011-01-01;DINSGF;Früheres Bundesgebiet / Neue Länder;DN;Neue Länder;GUTGB2;Gebrauchsgüter;SMART-04;Smartes Sicherheitssystem;-;Prozent;ATG001;Ausstattungsgrad je 100 Haushalte
63111;Laufende Wirtschaftsrechnungen;STAG;Stichtag;2014-01-01;DINSGF;Früheres Bundesgebiet / Neue Länder;DN;Neue Länder;GUTGB2;Gebrauchsgüter;INTERNET-10;Internetanschluss, -zugang stationär;-;Prozent;ATG001;Ausstattungsgrad je 100 Haushalte
63111;Laufende Wirtschaftsrechnungen;STAG;Stichtag;2010-01-01;DINSGF;Früheres Bundesgebiet / Neue Länder;DN;Neue Länder;GUTGB2;Gebrauchsgüter;KRAFTRAD-06;E-Roller, E-Bike mit Führerscheinpflicht;-;Prozent;ATG001;Ausstattungsgrad je 100 Haushalte
63111;Laufende Wirtschaftsrechnungen;STAG;Stichtag;2011-01-01;DINSGF;Früheres Bundesgebiet / Neue Länder;DN;Neue Länder;GUTGB2;Gebrauchsgüter;PC-STAT-01;PC stationär;58,1;Prozent;ATG001;Ausstattungsgrad je 100 Haushalte
63111;Laufende Wirtschaftsrechnungen;STAG;Stichtag;2022-01-01;DINSGF;Früheres Bundesgebiet / Neue Länder;DF;Früheres Bundesgebiet;GUTGB2;Gebrauchsgüter;DVD-BRD-01;DVD- und Blu-ray-Gerät;55,2;Prozent;ATG001;Ausstattungsgrad je 100 Haushalte
63111;Laufende Wirtschaftsrechnungen;STAG;Stichtag;2016-01-01;DINSGF;Früheres Bundesgebiet / Neue Länder;DN;Neue Länder;GUTGB2;Gebrauchsgüter;PKW-GEBR-02;Pkw gebraucht gekauft, Elektroauto, Plug-in-Hybrid;-;Prozent;ATG001;Ausstattungsgrad je 100 Haushalte
63111;Laufende Wirtschaftsrechnungen;STAG;Stichtag;2021-01-01;DINSGF;Früheres Bundesgebiet / Neue Länder;DF;Früheres Bundesgebiet;GUTGB2;Gebrauchsgüter;PKW-01;Personenkraftwagen;78,8;Prozent;ATG001;Ausstattungsgrad je 100 Haushalte
63111;Laufende Wirtschaftsrechnungen;STAG;Stichtag;2022-01-01;DINSGF;Früheres Bundesgebiet / Neue Länder;DF;Früheres Bundesgebiet;GUTGB2;Gebrauchsgüter;NAVIGASYS01;Navigationssystem;40,2;Prozent;ATG001;Ausstattungsgrad je 100 Haushalte
63111;Laufende Wirtschaftsrechnungen;STAG;Stichtag;2021-01-01;DINSGF;Früheres Bundesgebiet / Neue Länder;DN;Neue Länder;GUTGB2;Gebrauchsgüter;ANSCHL-IPTV;TV über DSL/Internet (IPTV);15,4;Prozent;ATG001;Ausstattungsgrad je 100 Haushalte
63111;Laufende Wirtschaftsrechnungen;STAG;Stichtag;2022-01-01;DINSGF;Früheres Bundesgebiet / Neue Länder;DF;Früheres Bundesgebiet;GUTGB2;Gebrauchsgüter;TEL-MOBIL-01;Telefon mobil (Autotelefon, Handy);98,1;Prozent;ATG001;Ausstattungsgrad je 100 Haushalte
63111;Laufende Wirtschaftsrechnungen;STAG;Stichtag;2017-01-01;DINSGF;Früheres Bundesgebiet / Neue Länder;DN;Neue Länder;GUTGB2;Gebrauchsgüter;KRAFTRAD-06;E-Roller, E-Bike mit Führerscheinpflicht;-;Prozent;ATG001;Ausstattungsgrad je 100 Haushalte
63111;Laufende Wirtschaftsrechnungen;STAG;Stichtag;2021-01-01;DINSGF;Früheres Bundesgebiet / Neue Länder;DF;Früheres Bundesgebiet;GUTGB2;Gebrauchsgüter;ANSCHL-KAB-01;Kabel-TV-Anschluss;41,1;Prozent;ATG001;Ausstattungsgrad je 100 Haushalte
63111;Laufende Wirtschaftsrechnungen;STAG;Stichtag;2021-01-01;DINSGF;Früheres Bundesgebiet / Neue Länder;DN;Neue Länder;GUTGB2;Gebrauchsgüter;SMART-03;Smartes Energiemanagementsystem;-;Prozent;ATG001;Ausstattungsgrad je 100 Haushalte
63111;Laufende Wirtschaftsrechnungen;STAG;Stichtag;2010-01-01;DINSGF;Früheres Bundesgebiet / Neue Länder;DN;Neue Länder;GUTGB2;Gebrauchsgüter;CD-STAT-01;CD-Player stationär;-;Prozent;ATG001;Ausstattungsgrad je 100 Haushalte
63111;Laufende Wirtschaftsrechnungen;STAG;Stichtag;2016-01-01;DINSGF;Früheres Bundesgebiet / Neue Länder;DN;Neue Länder;GUTGB2;Gebrauchsgüter;PKW-NEU-02;Pkw fabrikneu gekauft, Elektroauto, Plug-in-Hybrid;-;Prozent;ATG001;Ausstattungsgrad je 100 Haushalte
63111;Laufende Wirtschaftsrechnungen;STAG;Stichtag;2021-01-01;DINSGF;Früheres Bundesgebiet / Neue Länder;DF;Früheres Bundesgebiet;GUTGB2;Gebrauchsgüter;ANSCHL-ANT-02;Antennen-TV-Anschluss (DVB-T2 HD);8,9;Prozent;ATG001;Ausstattungsgrad je 100 Haushalte
63111;Laufende Wirtschaftsrechnungen;STAG;Stichtag;2021-01-01;DINSGF;Früheres Bundesgebiet / Neue Länder;DN;Neue Länder;GUTGB2;Gebrauchsgüter;PC-STAT-01;PC stationär;39,1;Prozent;ATG001;Ausstattungsgrad je 100 Haushalte
63111;Laufende Wirtschaftsrechnungen;STAG;Stichtag;2019-01-01;DINSGF;Früheres Bundesgebiet / Neue Länder;DN;Neue Länder;GUTGB2;Gebrauchsgüter;HIFI-01;HiFi-Anlage;-;Prozent;ATG001;Ausstattungsgrad je 100 Haushalte
63111;Laufende Wirtschaftsrechnungen;STAG;Stichtag;2011-01-01;DINSGF;Früheres Bundesgebiet / Neue Länder;DF;Früheres Bundesgebiet;GUTGB2;Gebrauchsgüter;ISDN-01;ISDN-Anschluss;-;Prozent;ATG001;Ausstattungsgrad je 100 Haushalte
63111;Laufende Wirtschaftsrechnungen;STAG;Stichtag;2022-01-01;DINSGF;Früheres Bundesgebiet / Neue Länder;DF;Früheres Bundesgebiet;GUTGB2;Gebrauchsgüter;INTERNET-01;Internetanschluss, -zugang;95,7;Prozent;ATG001;Ausstattungsgrad je 100 Haushalte
63111;Laufende Wirtschaftsrechnungen;STAG;Stichtag;2011-01-01;DINSGF;Früheres Bundesgebiet / Neue Länder;DF;Früheres Bundesgebiet;GUTGB2;Gebrauchsgüter;DVD-02;DVD-Player/Recorder;70,7;Prozent;ATG001;Ausstattungsgrad je 100 Haushalte
63111;Laufende Wirtschaftsrechnungen;STAG;Stichtag;2015-01-01;DINSGF;Früheres Bundesgebiet / Neue Länder;DN;Neue Länder;GUTGB2;Gebrauchsgüter;ANSCHL-ANT-01;Antennen-TV-Anschluss (DVB-T);14,9;Prozent;ATG001;Ausstattungsgrad je 100 Haushalte
63111;Laufende Wirtschaftsrechnungen;STAG;Stichtag;2016-01-01;DINSGF;Früheres Bundesgebiet / Neue Länder;DN;Neue Länder;GUTGB2;Gebrauchsgüter;KRAFTRAD-06;E-Roller, E-Bike mit Führerscheinpflicht;-;Prozent;ATG001;Ausstattungsgrad je 100 Haushalte
63111;Laufende Wirtschaftsrechnungen;STAG;Stichtag;2020-01-01;DINSGF;Früheres Bundesgebiet / Neue Länder;DF;Früheres Bundesgebiet;GUTGB2;Gebrauchsgüter;PC-DRUCK-01;PC-Drucker (auch in Kombigeräten);77,5;Prozent;ATG001;Ausstattungsgrad je 100 Haushalte
63111;Laufende Wirtschaftsrechnungen;STAG;Stichtag;2011-01-01;DINSGF;Früheres Bundesgebiet / Neue Länder;DN;Neue Länder;GUTGB2;Gebrauchsgüter;PKW-GEBR-02;Pkw gebraucht gekauft, Elektroauto, Plug-in-Hybrid;-;Prozent;ATG001;Ausstattungsgrad je 100 Haushalte
63111;Laufende Wirtschaftsrechnungen;STAG;Stichtag;2022-01-01;DINSGF;Früheres Bundesgebiet / Neue Länder;DF;Früheres Bundesgebiet;GUTGB2;Gebrauchsgüter;SAT-01;Satellitenempfangsanlage;-;Prozent;ATG001;Ausstattungsgrad je 100 Haushalte
63111;Laufende Wirtschaftsrechnungen;STAG;Stichtag;2011-01-01;DINSGF;Früheres Bundesgebiet / Neue Länder;DN;Neue Länder;GUTGB2;Gebrauchsgüter;TEL-SMART;Smartphone;-;Prozent;ATG001;Ausstattungsgrad je 100 Haushalte
63111;Laufende Wirtschaftsrechnungen;STAG;Stichtag;2017-01-01;DINSGF;Früheres Bundesgebiet / Neue Länder;DN;Neue Länder;GUTGB2;Gebrauchsgüter;TV-03;Flachbildfernseher (LCD, Plasma);-;Prozent;ATG001;Ausstattungsgrad je 100 Haushalte
63111;Laufende Wirtschaftsrechnungen;STAG;Stichtag;2017-01-01;DINSGF;Früheres Bundesgebiet / Neue Länder;DF;Früheres Bundesgebiet;GUTGB2;Gebrauchsgüter;TROCK-01;Wäschetrockner (auch in Kombigeräten);-;Prozent;ATG001;Ausstattungsgrad je 100 Haushalte
63111;Laufende Wirtschaftsrechnungen;STAG;Stichtag;2022-01-01;DINSGF;Früheres Bundesgebiet / Neue Länder;DN;Neue Länder;GUTGB2;Gebrauchsgüter;ANSCHL-IPTV;TV über DSL/Internet (IPTV);16,8;Prozent;ATG001;Ausstattungsgrad je 100 Haushalte
63111;Laufende Wirtschaftsrechnungen;STAG;Stichtag;2014-01-01;DINSGF;Früheres Bundesgebiet / Neue Länder;DN;Neue Länder;GUTGB2;Gebrauchsgüter;PKW-GEBR-02;Pkw gebraucht gekauft, Elektroauto, Plug-in-Hybrid;-;Prozent;ATG001;Ausstattungsgrad je 100 Haushalte
63111;Laufende Wirtschaftsrechnungen;STAG;Stichtag;2022-01-01;DINSGF;Früheres Bundesgebiet / Neue Länder;DF;Früheres Bundesgebiet;GUTGB2;Gebrauchsgüter;PKW-GEL-01;Personenkraftwagen geleast;6,0;Prozent;ATG001;Ausstattungsgrad je 100 Haushalte
63111;Laufende Wirtschaftsrechnungen;STAG;Stichtag;2014-01-01;DINSGF;Früheres Bundesgebiet / Neue Länder;DN;Neue Länder;GUTGB2;Gebrauchsgüter;KAFFEEM-02;Filterkaffeemaschine;73,8;Prozent;ATG001;Ausstattungsgrad je 100 Haushalte
63111;Laufende Wirtschaftsrechnungen;STAG;Stichtag;2019-01-01;DINSGF;Früheres Bundesgebiet / Neue Länder;DF;Früheres Bundesgebiet;GUTGB2;Gebrauchsgüter;PKW-GEL-02;Pkw geleast, Elektroauto, Plug-in-Hybrid;-;Prozent;ATG001;Ausstattungsgrad je 100 Haushalte
63111;Laufende Wirtschaftsrechnungen;STAG;Stichtag;2011-01-01;DINSGF;Früheres Bundesgebiet / Neue Länder;DN;Neue Länder;GUTGB2;Gebrauchsgüter;KAFFEEM-04;Kaffeevollautomat;-;Prozent;ATG001;Ausstattungsgrad je 100 Haushalte
63111;Laufende Wirtschaftsrechnungen;STAG;Stichtag;2015-01-01;DINSGF;Früheres Bundesgebiet / Neue Länder;DN;Neue Länder;GUTGB2;Gebrauchsgüter;INTERNET-10;Internetanschluss, -zugang stationär;79,3;Prozent;ATG001;Ausstattungsgrad je 100 Haushalte
63111;Laufende Wirtschaftsrechnungen;STAG;Stichtag;2014-01-01;DINSGF;Früheres Bundesgebiet / Neue Länder;DF;Früheres Bundesgebiet;GUTGB2;Gebrauchsgüter;MODEM-01;Modem für Datenübertragung;-;Prozent;ATG001;Ausstattungsgrad je 100 Haushalte
63111;Laufende Wirtschaftsrechnungen;STAG;Stichtag;2011-01-01;DINSGF;Früheres Bundesgebiet / Neue Länder;DN;Neue Länder;GUTGB2;Gebrauchsgüter;KRAFTRAD-06;E-Roller, E-Bike mit Führerscheinpflicht;-;Prozent;ATG001;Ausstattungsgrad je 100 Haushalte
63111;Laufende Wirtschaftsrechnungen;STAG;Stichtag;2017-01-01;DINSGF;Früheres Bundesgebiet / Neue Länder;DF;Früheres Bundesgebiet;GUTGB2;Gebrauchsgüter;TV-03;Flachbildfernseher (LCD, Plasma);-;Prozent;ATG001;Ausstattungsgrad je 100 Haushalte
63111;Laufende Wirtschaftsrechnungen;STAG;Stichtag;2021-01-01;DINSGF;Früheres Bundesgebiet / Neue Länder;DF;Früheres Bundesgebiet;GUTGB2;Gebrauchsgüter;SMART-03;Smartes Energiemanagementsystem;-;Prozent;ATG001;Ausstattungsgrad je 100 Haushalte
63111;Laufende Wirtschaftsrechnungen;STAG;Stichtag;2010-01-01;DINSGF;Früheres Bundesgebiet / Neue Länder;DF;Früheres Bundesgebiet;GUTGB2;Gebrauchsgüter;TEL-STAT-01;Telefon stationär (auch schnurlos);92,0;Prozent;ATG001;Ausstattungsgrad je 100 Haushalte
63111;Laufende Wirtschaftsrechnungen;STAG;Stichtag;2015-01-01;DINSGF;Früheres Bundesgebiet / Neue Länder;DF;Früheres Bundesgebiet;GUTGB2;Gebrauchsgüter;KAFFEEM-03;Pad- oder Kapselmaschine;34,1;Prozent;ATG001;Ausstattungsgrad je 100 Haushalte
63111;Laufende Wirtschaftsrechnungen;STAG;Stichtag;2014-01-01;DINSGF;Früheres Bundesgebiet / Neue Länder;DN;Neue Länder;GUTGB2;Gebrauchsgüter;KRAFTRAD-06;E-Roller, E-Bike mit Führerscheinpflicht;-;Prozent;ATG001;Ausstattungsgrad je 100 Haushalte
63111;Laufende Wirtschaftsrechnungen;STAG;Stichtag;2021-01-01;DINSGF;Früheres Bundesgebiet / Neue Länder;DN;Neue Länder;GUTGB2;Gebrauchsgüter;ANTW-STAT-01;Anrufbeantworter stationär;-;Prozent;ATG001;Ausstattungsgrad je 100 Haushalte
63111;Laufende Wirtschaftsrechnungen;STAG;Stichtag;2020-01-01;DINSGF;Früheres Bundesgebiet / Neue Länder;DN;Neue Länder;GUTGB2;Gebrauchsgüter;ANSCHL-ANT-01;Antennen-TV-Anschluss (DVB-T);12,1;Prozent;ATG001;Ausstattungsgrad je 100 Haushalte
63111;Laufende Wirtschaftsrechnungen;STAG;Stichtag;2010-01-01;DINSGF;Früheres Bundesgebiet / Neue Länder;DN;Neue Länder;GUTGB2;Gebrauchsgüter;GEFRIER-01;Gefrierschrank, Gefriertruhe (Einzelgeräte);43,9;Prozent;ATG001;Ausstattungsgrad je 100 Haushalte
63111;Laufende Wirtschaftsrechnungen;STAG;Stichtag;2020-01-01;DINSGF;Früheres Bundesgebiet / Neue Länder;DF;Früheres Bundesgebiet;GUTGB2;Gebrauchsgüter;INTERNET-01;Internetanschluss, -zugang;94,5;Prozent;ATG001;Ausstattungsgrad je 100 Haushalte
63111;Laufende Wirtschaftsrechnungen;STAG;Stichtag;2019-01-01;DINSGF;Früheres Bundesgebiet / Neue Länder;DF;Früheres Bundesgebiet;GUTGB2;Gebrauchsgüter;TEL-SMART;Smartphone;82,2;Prozent;ATG001;Ausstattungsgrad je 100 Haushalte
63111;Laufende Wirtschaftsrechnungen;STAG;Stichtag;2014-01-01;DINSGF;Früheres Bundesgebiet / Neue Länder;DN;Neue Länder;GUTGB2;Gebrauchsgüter;MODEM-01;Modem für Datenübertragung;-;Prozent;ATG001;Ausstattungsgrad je 100 Haushalte
63111;Laufende Wirtschaftsrechnungen;STAG;Stichtag;2020-01-01;DINSGF;Früheres Bundesgebiet / Neue Länder;DN;Neue Länder;GUTGB2;Gebrauchsgüter;FAHRRAD-03;E-Scooter (Tretroller m.Elektroantr. oh. Füh.pfl.);-;Prozent;ATG001;Ausstattungsgrad je 100 Haushalte
63111;Laufende Wirtschaftsrechnungen;STAG;Stichtag;2015-01-01;DINSGF;Früheres Bundesgebiet / Neue Länder;DF;Früheres Bundesgebiet;GUTGB2;Gebrauchsgüter;DEC-PAYTV-01;Pay-TV-Decoder;18,0;Prozent;ATG001;Ausstattungsgrad je 100 Haushalte
63111;Laufende Wirtschaftsrechnungen;STAG;Stichtag;2020-01-01;DINSGF;Früheres Bundesgebiet / Neue Länder;DF;Früheres Bundesgebiet;GUTGB2;Gebrauchsgüter;ANTW-STAT-01;Anrufbeantworter stationär;-;Prozent;ATG001;Ausstattungsgrad je 100 Haushalte
63111;Laufende Wirtschaftsrechnungen;STAG;Stichtag;2016-01-01;DINSGF;Früheres Bundesgebiet / Neue Länder;DN;Neue Länder;GUTGB2;Gebrauchsgüter;MP3PLAY01;MP3-Player;36,3;Prozent;ATG001;Ausstattungsgrad je 100 Haushalte
63111;Laufende Wirtschaftsrechnungen;STAG;Stichtag;2021-01-01;DINSGF;Früheres Bundesgebiet / Neue Länder;DN;Neue Länder;GUTGB2;Gebrauchsgüter;PC-01;Personalcomputer;91,1;Prozent;ATG001;Ausstattungsgrad je 100 Haushalte
63111;Laufende Wirtschaftsrechnungen;STAG;Stichtag;2021-01-01;DINSGF;Früheres Bundesgebiet / Neue Länder;DF;Früheres Bundesgebiet;GUTGB2;Gebrauchsgüter;HIFI-01;HiFi-Anlage;-;Prozent;ATG001;Ausstattungsgrad je 100 Haushalte
63111;Laufende Wirtschaftsrechnungen;STAG;Stichtag;2022-01-01;DINSGF;Früheres Bundesgebiet / Neue Länder;DF;Früheres Bundesgebiet;GUTGB2;Gebrauchsgüter;SPIELE-01;Spielekonsole;29,6;Prozent;ATG001;Ausstattungsgrad je 100 Haushalte
63111;Laufende Wirtschaftsrechnungen;STAG;Stichtag;2015-01-01;DINSGF;Früheres Bundesgebiet / Neue Länder;DF;Früheres Bundesgebiet;GUTGB2;Gebrauchsgüter;ANTW-STAT-01;Anrufbeantworter stationär;-;Prozent;ATG001;Ausstattungsgrad je 100 Haushalte
63111;Laufende Wirtschaftsrechnungen;STAG;Stichtag;2019-01-01;DINSGF;Früheres Bundesgebiet / Neue Länder;DF;Früheres Bundesgebiet;GUTGB2;Gebrauchsgüter;PC-STAT-01;PC stationär;46,3;Prozent;ATG001;Ausstattungsgrad je 100 Haushalte
63111;Laufende Wirtschaftsrechnungen;STAG;Stichtag;2022-01-01;DINSGF;Früheres Bundesgebiet / Neue Länder;DF;Früheres Bundesgebiet;GUTGB2;Gebrauchsgüter;PC-DRUCK-01;PC-Drucker (auch in Kombigeräten);76,7;Prozent;ATG001;Ausstattungsgrad je 100 Haushalte
63111;Laufende Wirtschaftsrechnungen;STAG;Stichtag;2017-01-01;DINSGF;Früheres Bundesgebiet / Neue Länder;DN;Neue Länder;GUTGB2;Gebrauchsgüter;INTERNET-10;Internetanschluss, -zugang stationär;-;Prozent;ATG001;Ausstattungsgrad je 100 Haushalte
63111;Laufende Wirtschaftsrechnungen;STAG;Stichtag;2021-01-01;DINSGF;Früheres Bundesgebiet / Neue Länder;DN;Neue Länder;GUTGB2;Gebrauchsgüter;KAFFEEM-04;Kaffeevollautomat;15,7;Prozent;ATG001;Ausstattungsgrad je 100 Haushalte
63111;Laufende Wirtschaftsrechnungen;STAG;Stichtag;2010-01-01;DINSGF;Früheres Bundesgebiet / Neue Länder;DF;Früheres Bundesgebiet;GUTGB2;Gebrauchsgüter;ISDN-01;ISDN-Anschluss;-;Prozent;ATG001;Ausstattungsgrad je 100 Haushalte
63111;Laufende Wirtschaftsrechnungen;STAG;Stichtag;2020-01-01;DINSGF;Früheres Bundesgebiet / Neue Länder;DN;Neue Länder;GUTGB2;Gebrauchsgüter;GEFRIER-01;Gefrierschrank, Gefriertruhe (Einzelgeräte);39,2;Prozent;ATG001;Ausstattungsgrad je 100 Haushalte
63111;Laufende Wirtschaftsrechnungen;STAG;Stichtag;2010-01-01;DINSGF;Früheres Bundesgebiet / Neue Länder;DF;Früheres Bundesgebiet;GUTGB2;Gebrauchsgüter;RADIO-REC-01;Radiorecorder/Stereorundfunkgerät;-;Prozent;ATG001;Ausstattungsgrad je 100 Haushalte
63111;Laufende Wirtschaftsrechnungen;STAG;Stichtag;2011-01-01;DINSGF;Früheres Bundesgebiet / Neue Länder;DF;Früheres Bundesgebiet;GUTGB2;Gebrauchsgüter;PKW-01;Personenkraftwagen;79,7;Prozent;ATG001;Ausstattungsgrad je 100 Haushalte
63111;Laufende Wirtschaftsrechnungen;STAG;Stichtag;2019-01-01;DINSGF;Früheres Bundesgebiet / Neue Länder;DF;Früheres Bundesgebiet;GUTGB2;Gebrauchsgüter;VIDEO-REC-01;Videorecorder;-;Prozent;ATG001;Ausstattungsgrad je 100 Haushalte
63111;Laufende Wirtschaftsrechnungen;STAG;Stichtag;2010-01-01;DINSGF;Früheres Bundesgebiet / Neue Länder;DF;Früheres Bundesgebiet;GUTGB2;Gebrauchsgüter;ANSCHL-ANT-02;Antennen-TV-Anschluss (DVB-T2 HD);-;Prozent;ATG001;Ausstattungsgrad je 100 Haushalte
63111;Laufende Wirtschaftsrechnungen;STAG;Stichtag;2011-01-01;DINSGF;Früheres Bundesgebiet / Neue Länder;DF;Früheres Bundesgebiet;GUTGB2;Gebrauchsgüter;FOTO-ANALOG-01;Fotoapparat analog;50,7;Prozent;ATG001;Ausstattungsgrad je 100 Haushalte
63111;Laufende Wirtschaftsrechnungen;STAG;Stichtag;2011-01-01;DINSGF;Früheres Bundesgebiet / Neue Länder;DN;Neue Länder;GUTGB2;Gebrauchsgüter;FOTO-02;Fotoapparat/Digitalkamera;88,4;Prozent;ATG001;Ausstattungsgrad je 100 Haushalte
63111;Laufende Wirtschaftsrechnungen;STAG;Stichtag;2014-01-01;DINSGF;Früheres Bundesgebiet / Neue Länder;DF;Früheres Bundesgebiet;GUTGB2;Gebrauchsgüter;FAHRRAD-02;Pedelec (E-Bike ohne Führerscheinpflicht);3,9;Prozent;ATG001;Ausstattungsgrad je 100 Haushalte
63111;Laufende Wirtschaftsrechnungen;STAG;Stichtag;2016-01-01;DINSGF;Früheres Bundesgebiet / Neue Länder;DN;Neue Länder;GUTGB2;Gebrauchsgüter;CAM-DIGITAL-01;Camcorder (Videokamera) digital;12,3;Prozent;ATG001;Ausstattungsgrad je 100 Haushalte
63111;Laufende Wirtschaftsrechnungen;STAG;Stichtag;2010-01-01;DINSGF;Früheres Bundesgebiet / Neue Länder;DN;Neue Länder;GUTGB2;Gebrauchsgüter;PKW-GEBR-02;Pkw gebraucht gekauft, Elektroauto, Plug-in-Hybrid;-;Prozent;ATG001;Ausstattungsgrad je 100 Haushalte
63111;Laufende Wirtschaftsrechnungen;STAG;Stichtag;2021-01-01;DINSGF;Früheres Bundesgebiet / Neue Länder;DF;Früheres Bundesgebiet;GUTGB2;Gebrauchsgüter;PC-DRUCK-01;PC-Drucker (auch in Kombigeräten);77,0;Prozent;ATG001;Ausstattungsgrad je 100 Haushalte
63111;Laufende Wirtschaftsrechnungen;STAG;Stichtag;2010-01-01;DINSGF;Früheres Bundesgebiet / Neue Länder;DN;Neue Länder;GUTGB2;Gebrauchsgüter;FOTO-DIGITAL-01;Digitalkamera (Fotoapparat digital);64,8;Prozent;ATG001;Ausstattungsgrad je 100 Haushalte
63111;Laufende Wirtschaftsrechnungen;STAG;Stichtag;2021-01-01;DINSGF;Früheres Bundesgebiet / Neue Länder;DF;Früheres Bundesgebiet;GUTGB2;Gebrauchsgüter;PC-01;Personalcomputer;92,6;Prozent;ATG001;Ausstattungsgrad je 100 Haushalte
63111;Laufende Wirtschaftsrechnungen;STAG;Stichtag;2019-01-01;DINSGF;Früheres Bundesgebiet / Neue Länder;DN;Neue Länder;GUTGB2;Gebrauchsgüter;BRD-01;Blu-ray-Gerät;24,1;Prozent;ATG001;Ausstattungsgrad je 100 Haushalte
63111;Laufende Wirtschaftsrechnungen;STAG;Stichtag;2017-01-01;DINSGF;Früheres Bundesgebiet / Neue Länder;DN;Neue Länder;GUTGB2;Gebrauchsgüter;PKW-07;Personenkraftwagen, Elektroauto, Plug-in-Hybrid;-;Prozent;ATG001;Ausstattungsgrad je 100 Haushalte
63111;Laufende Wirtschaftsrechnungen;STAG;Stichtag;2016-01-01;DINSGF;Früheres Bundesgebiet / Neue Länder;DN;Neue Länder;GUTGB2;Gebrauchsgüter;INTERNET-10;Internetanschluss, -zugang stationär;79,6;Prozent;ATG001;Ausstattungsgrad je 100 Haushalte
63111;Laufende Wirtschaftsrechnungen;STAG;Stichtag;2019-01-01;DINSGF;Früheres Bundesgebiet / Neue Länder;DF;Früheres Bundesgebiet;GUTGB2;Gebrauchsgüter;DEC-DVBT-01;DVB-T-Gerät (Decoder);-;Prozent;ATG001;Ausstattungsgrad je 100 Haushalte
63111;Laufende Wirtschaftsrechnungen;STAG;Stichtag;2020-01-01;DINSGF;Früheres Bundesgebiet / Neue Länder;DN;Neue Länder;GUTGB2;Gebrauchsgüter;PC-MOBIL-01;PC mobil (Notebook, Laptop, Palmtop);81,2;Prozent;ATG001;Ausstattungsgrad je 100 Haushalte
63111;Laufende Wirtschaftsrechnungen;STAG;Stichtag;2019-01-01;DINSGF;Früheres Bundesgebiet / Neue Länder;DN;Neue Länder;GUTGB2;Gebrauchsgüter;DVD-02;DVD-Player/Recorder;-;Prozent;ATG001;Ausstattungsgrad je 100 Haushalte
63111;Laufende Wirtschaftsrechnungen;STAG;Stichtag;2021-01-01;DINSGF;Früheres Bundesgebiet / Neue Länder;DF;Früheres Bundesgebiet;GUTGB2;Gebrauchsgüter;DVD-02;DVD-Player/Recorder;-;Prozent;ATG001;Ausstattungsgrad je 100 Haushalte
63111;Laufende Wirtschaftsrechnungen;STAG;Stichtag;2020-01-01;DINSGF;Früheres Bundesgebiet / Neue Länder;DN;Neue Länder;GUTGB2;Gebrauchsgüter;PC-STAT-01;PC stationär;38,2;Prozent;ATG001;Ausstattungsgrad je 100 Haushalte
63111;Laufende Wirtschaftsrechnungen;STAG;Stichtag;2022-01-01;DINSGF;Früheres Bundesgebiet / Neue Länder;DF;Früheres Bundesgebiet;GUTGB2;Gebrauchsgüter;ANSCHL-IPTV;TV über DSL/Internet (IPTV);21,6;Prozent;ATG001;Ausstattungsgrad je 100 Haushalte
63111;Laufende Wirtschaftsrechnungen;STAG;Stichtag;2019-01-01;DINSGF;Früheres Bundesgebiet / Neue Länder;DN;Neue Länder;GUTGB2;Gebrauchsgüter;CAM-01;Camcorder (Videokamera);14,0;Prozent;ATG001;Ausstattungsgrad je 100 Haushalte
63111;Laufende Wirtschaftsrechnungen;STAG;Stichtag;2011-01-01;DINSGF;Früheres Bundesgebiet / Neue Länder;DN;Neue Länder;GUTGB2;Gebrauchsgüter;PC-DRUCK-01;PC-Drucker (auch in Kombigeräten);-;Prozent;ATG001;Ausstattungsgrad je 100 Haushalte
63111;Laufende Wirtschaftsrechnungen;STAG;Stichtag;2011-01-01;DINSGF;Früheres Bundesgebiet / Neue Länder;DN;Neue Länder;GUTGB2;Gebrauchsgüter;PKW-NEU-01;Personenkraftwagen fabrikneu gekauft;33,2;Prozent;ATG001;Ausstattungsgrad je 100 Haushalte
63111;Laufende Wirtschaftsrechnungen;STAG;Stichtag;2016-01-01;DINSGF;Früheres Bundesgebiet / Neue Länder;DF;Früheres Bundesgebiet;GUTGB2;Gebrauchsgüter;CD-01;CD-Player/CD-Recorder (auch im PC);-;Prozent;ATG001;Ausstattungsgrad je 100 Haushalte
63111;Laufende Wirtschaftsrechnungen;STAG;Stichtag;2015-01-01;DINSGF;Früheres Bundesgebiet / Neue Länder;DF;Früheres Bundesgebiet;GUTGB2;Gebrauchsgüter;TEL-SMART;Smartphone;-;Prozent;ATG001;Ausstattungsgrad je 100 Haushalte
63111;Laufende Wirtschaftsrechnungen;STAG;Stichtag;2011-01-01;DINSGF;Früheres Bundesgebiet / Neue Länder;DN;Neue Länder;GUTGB2;Gebrauchsgüter;FOTO-DIGITAL-01;Digitalkamera (Fotoapparat digital);70,2;Prozent;ATG001;Ausstattungsgrad je 100 Haushalte
63111;Laufende Wirtschaftsrechnungen;STAG;Stichtag;2016-01-01;DINSGF;Früheres Bundesgebiet / Neue Länder;DF;Früheres Bundesgebiet;GUTGB2;Gebrauchsgüter;TV-03;Flachbildfernseher (LCD, Plasma);83,6;Prozent;ATG001;Ausstattungsgrad je 100 Haushalte
63111;Laufende Wirtschaftsrechnungen;STAG;Stichtag;2021-01-01;DINSGF;Früheres Bundesgebiet / Neue Länder;DF;Früheres Bundesgebiet;GUTGB2;Gebrauchsgüter;CAM-01;Camcorder (Videokamera);-;Prozent;ATG001;Ausstattungsgrad je 100 Haushalte
63111;Laufende Wirtschaftsrechnungen;STAG;Stichtag;2015-01-01;DINSGF;Früheres Bundesgebiet / Neue Länder;DF;Früheres Bundesgebiet;GUTGB2;Gebrauchsgüter;BRD-01;Blu-ray-Gerät;18,1;Prozent;ATG001;Ausstattungsgrad je 100 Haushalte
63111;Laufende Wirtschaftsrechnungen;STAG;Stichtag;2022-01-01;DINSGF;Früheres Bundesgebiet / Neue Länder;DN;Neue Länder;GUTGB2;Gebrauchsgüter;KABEL-01;Kabelanschluss;-;Prozent;ATG001;Ausstattungsgrad je 100 Haushalte
63111;Laufende Wirtschaftsrechnungen;STAG;Stichtag;2021-01-01;DINSGF;Früheres Bundesgebiet / Neue Länder;DF;Früheres Bundesgebiet;GUTGB2;Gebrauchsgüter;TROCK-01;Wäschetrockner (auch in Kombigeräten);47,1;Prozent;ATG001;Ausstattungsgrad je 100 Haushalte
63111;Laufende Wirtschaftsrechnungen;STAG;Stichtag;2011-01-01;DINSGF;Früheres Bundesgebiet / Neue Länder;DN;Neue Länder;GUTGB2;Gebrauchsgüter;CD-REC-01;CD-Recorder;-;Prozent;ATG001;Ausstattungsgrad je 100 Haushalte
63111;Laufende Wirtschaftsrechnungen;STAG;Stichtag;2020-01-01;DINSGF;Früheres Bundesgebiet / Neue Länder;DF;Früheres Bundesgebiet;GUTGB2;Gebrauchsgüter;KAFFEEM-02;Filterkaffeemaschine;50,4;Prozent;ATG001;Ausstattungsgrad je 100 Haushalte
63111;Laufende Wirtschaftsrechnungen;STAG;Stichtag;2020-01-01;DINSGF;Früheres Bundesgebiet / Neue Länder;DN;Neue Länder;GUTGB2;Gebrauchsgüter;ANSCHL-ANT-02;Antennen-TV-Anschluss (DVB-T2 HD);-;Prozent;ATG001;Ausstattungsgrad je 100 Haushalte
63111;Laufende Wirtschaftsrechnungen;STAG;Stichtag;2020-01-01;DINSGF;Früheres Bundesgebiet / Neue Länder;DF;Früheres Bundesgebiet;GUTGB2;Gebrauchsgüter;TEL-01;Telefon;99,8;Prozent;ATG001;Ausstattungsgrad je 100 Haushalte
63111;Laufende Wirtschaftsrechnungen;STAG;Stichtag;2010-01-01;DINSGF;Früheres Bundesgebiet / Neue Länder;DF;Früheres Bundesgebiet;GUTGB2;Gebrauchsgüter;FAX-STAT-01;Telefaxgerät stationär;21,2;Prozent;ATG001;Ausstattungsgrad je 100 Haushalte
63111;Laufende Wirtschaftsrechnungen;STAG;Stichtag;2020-01-01;DINSGF;Früheres Bundesgebiet / Neue Länder;DN;Neue Länder;GUTGB2;Gebrauchsgüter;TEL-SMART;Smartphone;83,7;Prozent;ATG001;Ausstattungsgrad je 100 Haushalte
63111;Laufende Wirtschaftsrechnungen;STAG;Stichtag;2014-01-01;DINSGF;Früheres Bundesgebiet / Neue Länder;DN;Neue Länder;GUTGB2;Gebrauchsgüter;FAX-STAT-01;Telefaxgerät stationär;-;Prozent;ATG001;Ausstattungsgrad je 100 Haushalte
63111;Laufende Wirtschaftsrechnungen;STAG;Stichtag;2011-01-01;DINSGF;Früheres Bundesgebiet / Neue Länder;DF;Früheres Bundesgebiet;GUTGB2;Gebrauchsgüter;TEL-STAT-01;Telefon stationär (auch schnurlos);93,6;Prozent;ATG001;Ausstattungsgrad je 100 Haushalte
63111;Laufende Wirtschaftsrechnungen;STAG;Stichtag;2015-01-01;DINSGF;Früheres Bundesgebiet / Neue Länder;DN;Neue Länder;GUTGB2;Gebrauchsgüter;PKW-01;Personenkraftwagen;71,8;Prozent;ATG001;Ausstattungsgrad je 100 Haushalte
63111;Laufende Wirtschaftsrechnungen;STAG;Stichtag;2022-01-01;DINSGF;Früheres Bundesgebiet / Neue Länder;DN;Neue Länder;GUTGB2;Gebrauchsgüter;PKW-01;Personenkraftwagen;70,9;Prozent;ATG001;Ausstattungsgrad je 100 Haushalte
63111;Laufende Wirtschaftsrechnungen;STAG;Stichtag;2020-01-01;DINSGF;Früheres Bundesgebiet / Neue Länder;DF;Früheres Bundesgebiet;GUTGB2;Gebrauchsgüter;FOTO-DIGITAL-01;Digitalkamera (Fotoapparat digital);64,6;Prozent;ATG001;Ausstattungsgrad je 100 Haushalte
63111;Laufende Wirtschaftsrechnungen;STAG;Stichtag;2019-01-01;DINSGF;Früheres Bundesgebiet / Neue Länder;DF;Früheres Bundesgebiet;GUTGB2;Gebrauchsgüter;WASCHM-01;Waschmaschine;95,4;Prozent;ATG001;Ausstattungsgrad je 100 Haushalte
63111;Laufende Wirtschaftsrechnungen;STAG;Stichtag;2022-01-01;DINSGF;Früheres Bundesgebiet / Neue Länder;DN;Neue Länder;GUTGB2;Gebrauchsgüter;MD-01;MiniDisc-Player/Recorder;-;Prozent;ATG001;Ausstattungsgrad je 100 Haushalte
63111;Laufende Wirtschaftsrechnungen;STAG;Stichtag;2015-01-01;DINSGF;Früheres Bundesgebiet / Neue Länder;DN;Neue Länder;GUTGB2;Gebrauchsgüter;WASCHM-01;Waschmaschine;95,0;Prozent;ATG001;Ausstattungsgrad je 100 Haushalte
63111;Laufende Wirtschaftsrechnungen;STAG;Stichtag;2010-01-01;DINSGF;Früheres Bundesgebiet / Neue Länder;DF;Früheres Bundesgebiet;GUTGB2;Gebrauchsgüter;KAFFEEM-04;Kaffeevollautomat;-;Prozent;ATG001;Ausstattungsgrad je 100 Haushalte
63111;Laufende Wirtschaftsrechnungen;STAG;Stichtag;2010-01-01;DINSGF;Früheres Bundesgebiet / Neue Länder;DF;Früheres Bundesgebiet;GUTGB2;Gebrauchsgüter;MD-01;MiniDisc-Player/Recorder;-;Prozent;ATG001;Ausstattungsgrad je 100 Haushalte
63111;Laufende Wirtschaftsrechnungen;STAG;Stichtag;2015-01-01;DINSGF;Früheres Bundesgebiet / Neue Länder;DN;Neue Länder;GUTGB2;Gebrauchsgüter;PKW-GEL-02;Pkw geleast, Elektroauto, Plug-in-Hybrid;-;Prozent;ATG001;Ausstattungsgrad je 100 Haushalte
63111;Laufende Wirtschaftsrechnungen;STAG;Stichtag;2014-01-01;DINSGF;Früheres Bundesgebiet / Neue Länder;DF;Früheres Bundesgebiet;GUTGB2;Gebrauchsgüter;CAM-01;Camcorder (Videokamera);18,9;Prozent;ATG001;Ausstattungsgrad je 100 Haushalte
63111;Laufende Wirtschaftsrechnungen;STAG;Stichtag;2021-01-01;DINSGF;Früheres Bundesgebiet / Neue Länder;DN;Neue Länder;GUTGB2;Gebrauchsgüter;SMART-05;Smartes Haushaltsgerät;-;Prozent;ATG001;Ausstattungsgrad je 100 Haushalte
63111;Laufende Wirtschaftsrechnungen;STAG;Stichtag;2015-01-01;DINSGF;Früheres Bundesgebiet / Neue Länder;DN;Neue Länder;GUTGB2;Gebrauchsgüter;KAFFEEM-02;Filterkaffeemaschine;73,2;Prozent;ATG001;Ausstattungsgrad je 100 Haushalte
63111;Laufende Wirtschaftsrechnungen;STAG;Stichtag;2015-01-01;DINSGF;Früheres Bundesgebiet / Neue Länder;DF;Früheres Bundesgebiet;GUTGB2;Gebrauchsgüter;DVD-BRD-01;DVD- und Blu-ray-Gerät;67,0;Prozent;ATG001;Ausstattungsgrad je 100 Haushalte
63111;Laufende Wirtschaftsrechnungen;STAG;Stichtag;2020-01-01;DINSGF;Früheres Bundesgebiet / Neue Länder;DN;Neue Länder;GUTGB2;Gebrauchsgüter;PKW-NEU-02;Pkw fabrikneu gekauft, Elektroauto, Plug-in-Hybrid;-;Prozent;ATG001;Ausstattungsgrad je 100 Haushalte
63111;Laufende Wirtschaftsrechnungen;STAG;Stichtag;2021-01-01;DINSGF;Früheres Bundesgebiet / Neue Länder;DN;Neue Länder;GUTGB2;Gebrauchsgüter;FOTO-DIGITAL-01;Digitalkamera (Fotoapparat digital);57,8;Prozent;ATG001;Ausstattungsgrad je 100 Haushalte
63111;Laufende Wirtschaftsrechnungen;STAG;Stichtag;2014-01-01;DINSGF;Früheres Bundesgebiet / Neue Länder;DN;Neue Länder;GUTGB2;Gebrauchsgüter;FAHRRAD-03;E-Scooter (Tretroller m.Elektroantr. oh. Füh.pfl.);-;Prozent;ATG001;Ausstattungsgrad je 100 Haushalte
63111;Laufende Wirtschaftsrechnungen;STAG;Stichtag;2022-01-01;DINSGF;Früheres Bundesgebiet / Neue Länder;DN;Neue Länder;GUTGB2;Gebrauchsgüter;SMART-02;Smart Speaker (intelligenter/WLAN-Lautsprecher);12,1;Prozent;ATG001;Ausstattungsgrad je 100 Haushalte
63111;Laufende Wirtschaftsrechnungen;STAG;Stichtag;2019-01-01;DINSGF;Früheres Bundesgebiet / Neue Länder;DF;Früheres Bundesgebiet;GUTGB2;Gebrauchsgüter;TV-02;(Farb-)Fernsehgerät;96,0;Prozent;ATG001;Ausstattungsgrad je 100 Haushalte
63111;Laufende Wirtschaftsrechnungen;STAG;Stichtag;2017-01-01;DINSGF;Früheres Bundesgebiet / Neue Länder;DF;Früheres Bundesgebiet;GUTGB2;Gebrauchsgüter;KAFFEEM-02;Filterkaffeemaschine;-;Prozent;ATG001;Ausstattungsgrad je 100 Haushalte
63111;Laufende Wirtschaftsrechnungen;STAG;Stichtag;2020-01-01;DINSGF;Früheres Bundesgebiet / Neue Länder;DN;Neue Länder;GUTGB2;Gebrauchsgüter;PKW-07;Personenkraftwagen, Elektroauto, Plug-in-Hybrid;-;Prozent;ATG001;Ausstattungsgrad je 100 Haushalte
63111;Laufende Wirtschaftsrechnungen;STAG;Stichtag;2020-01-01;DINSGF;Früheres Bundesgebiet / Neue Länder;DF;Früheres Bundesgebiet;GUTGB2;Gebrauchsgüter;CD-01;CD-Player/CD-Recorder (auch im PC);-;Prozent;ATG001;Ausstattungsgrad je 100 Haushalte
63111;Laufende Wirtschaftsrechnungen;STAG;Stichtag;2020-01-01;DINSGF;Früheres Bundesgebiet / Neue Länder;DF;Früheres Bundesgebiet;GUTGB2;Gebrauchsgüter;TV-03;Flachbildfernseher (LCD, Plasma);90,4;Prozent;ATG001;Ausstattungsgrad je 100 Haushalte
63111;Laufende Wirtschaftsrechnungen;STAG;Stichtag;2016-01-01;DINSGF;Früheres Bundesgebiet / Neue Länder;DN;Neue Länder;GUTGB2;Gebrauchsgüter;SPUEL-01;Geschirrspülmaschine;64,5;Prozent;ATG001;Ausstattungsgrad je 100 Haushalte
63111;Laufende Wirtschaftsrechnungen;STAG;Stichtag;2014-01-01;DINSGF;Früheres Bundesgebiet / Neue Länder;DF;Früheres Bundesgebiet;GUTGB2;Gebrauchsgüter;DVD-02;DVD-Player/Recorder;74,0;Prozent;ATG001;Ausstattungsgrad je 100 Haushalte
63111;Laufende Wirtschaftsrechnungen;STAG;Stichtag;2010-01-01;DINSGF;Früheres Bundesgebiet / Neue Länder;DF;Früheres Bundesgebiet;GUTGB2;Gebrauchsgüter;FOTO-DIGITAL-01;Digitalkamera (Fotoapparat digital);68,5;Prozent;ATG001;Ausstattungsgrad je 100 Haushalte
63111;Laufende Wirtschaftsrechnungen;STAG;Stichtag;2017-01-01;DINSGF;Früheres Bundesgebiet / Neue Länder;DN;Neue Länder;GUTGB2;Gebrauchsgüter;PC-STAT-01;PC stationär;-;Prozent;ATG001;Ausstattungsgrad je 100 Haushalte
63111;Laufende Wirtschaftsrechnungen;STAG;Stichtag;2022-01-01;DINSGF;Früheres Bundesgebiet / Neue Länder;DF;Früheres Bundesgebiet;GUTGB2;Gebrauchsgüter;BRD-01;Blu-ray-Gerät;25,0;Prozent;ATG001;Ausstattungsgrad je 100 Haushalte
63111;Laufende Wirtschaftsrechnungen;STAG;Stichtag;2011-01-01;DINSGF;Früheres Bundesgebiet / Neue Länder;DN;Neue Länder;GUTGB2;Gebrauchsgüter;SPUEL-01;Geschirrspülmaschine;60,6;Prozent;ATG001;Ausstattungsgrad je 100 Haushalte
63111;Laufende Wirtschaftsrechnungen;STAG;Stichtag;2019-01-01;DINSGF;Früheres Bundesgebiet / Neue Länder;DF;Früheres Bundesgebiet;GUTGB2;Gebrauchsgüter;ANSCHL-IPTV;TV über DSL/Internet (IPTV);15,9;Prozent;ATG001;Ausstattungsgrad je 100 Haushalte
63111;Laufende Wirtschaftsrechnungen;STAG;Stichtag;2014-01-01;DINSGF;Früheres Bundesgebiet / Neue Länder;DN;Neue Länder;GUTGB2;Gebrauchsgüter;FOTO-02;Fotoapparat/Digitalkamera;85,9;Prozent;ATG001;Ausstattungsgrad je 100 Haushalte
63111;Laufende Wirtschaftsrechnungen;STAG;Stichtag;2022-01-01;DINSGF;Früheres Bundesgebiet / Neue Länder;DN;Neue Länder;GUTGB2;Gebrauchsgüter;SPORT-HOME-01;Sportgeräte (Heimtrainer);23,4;Prozent;ATG001;Ausstattungsgrad je 100 Haushalte
63111;Laufende Wirtschaftsrechnungen;STAG;Stichtag;2019-01-01;DINSGF;Früheres Bundesgebiet / Neue Länder;DN;Neue Länder;GUTGB2;Gebrauchsgüter;SAT-01;Satellitenempfangsanlage;-;Prozent;ATG001;Ausstattungsgrad je 100 Haushalte
63111;Laufende Wirtschaftsrechnungen;STAG;Stichtag;2022-01-01;DINSGF;Früheres Bundesgebiet / Neue Länder;DN;Neue Länder;GUTGB2;Gebrauchsgüter;FOTO-ANALOG-01;Fotoapparat analog;-;Prozent;ATG001;Ausstattungsgrad je 100 Haushalte
63111;Laufende Wirtschaftsrechnungen;STAG;Stichtag;2016-01-01;DINSGF;Früheres Bundesgebiet / Neue Länder;DF;Früheres Bundesgebiet;GUTGB2;Gebrauchsgüter;VIDEO-REC-01;Videorecorder;-;Prozent;ATG001;Ausstattungsgrad je 100 Haushalte
63111;Laufende Wirtschaftsrechnungen;STAG;Stichtag;2016-01-01;DINSGF;Früheres Bundesgebiet / Neue Länder;DN;Neue Länder;GUTGB2;Gebrauchsgüter;ANSCHL-KAB-01;Kabel-TV-Anschluss;55,0;Prozent;ATG001;Ausstattungsgrad je 100 Haushalte
63111;Laufende Wirtschaftsrechnungen;STAG;Stichtag;2022-01-01;DINSGF;Früheres Bundesgebiet / Neue Länder;DF;Früheres Bundesgebiet;GUTGB2;Gebrauchsgüter;SMART-01;Smart TV (Fernseher);59,3;Prozent;ATG001;Ausstattungsgrad je 100 Haushalte
63111;Laufende Wirtschaftsrechnungen;STAG;Stichtag;2010-01-01;DINSGF;Früheres Bundesgebiet / Neue Länder;DF;Früheres Bundesgebiet;GUTGB2;Gebrauchsgüter;PKW-GEL-02;Pkw geleast, Elektroauto, Plug-in-Hybrid;-;Prozent;ATG001;Ausstattungsgrad je 100 Haushalte
63111;Laufende Wirtschaftsrechnungen;STAG;Stichtag;2015-01-01;DINSGF;Früheres Bundesgebiet / Neue Länder;DN;Neue Länder;GUTGB2;Gebrauchsgüter;VIDEO-REC-01;Videorecorder;-;Prozent;ATG001;Ausstattungsgrad je 100 Haushalte
63111;Laufende Wirtschaftsrechnungen;STAG;Stichtag;2019-01-01;DINSGF;Früheres Bundesgebiet / Neue Länder;DF;Früheres Bundesgebiet;GUTGB2;Gebrauchsgüter;KUEHL-01;Kühlschrank (auch Gefrier- und Kühlkombination);99,8;Prozent;ATG001;Ausstattungsgrad je 100 Haushalte
63111;Laufende Wirtschaftsrechnungen;STAG;Stichtag;2016-01-01;DINSGF;Früheres Bundesgebiet / Neue Länder;DF;Früheres Bundesgebiet;GUTGB2;Gebrauchsgüter;ANSCHL-ANT-02;Antennen-TV-Anschluss (DVB-T2 HD);-;Prozent;ATG001;Ausstattungsgrad je 100 Haushalte
63111;Laufende Wirtschaftsrechnungen;STAG;Stichtag;2020-01-01;DINSGF;Früheres Bundesgebiet / Neue Länder;DN;Neue Länder;GUTGB2;Gebrauchsgüter;VIDEO-REC-01;Videorecorder;-;Prozent;ATG001;Ausstattungsgrad je 100 Haushalte
63111;Laufende Wirtschaftsrechnungen;STAG;Stichtag;2022-01-01;DINSGF;Früheres Bundesgebiet / Neue Länder;DF;Früheres Bundesgebiet;GUTGB2;Gebrauchsgüter;DEC-DVBT-01;DVB-T-Gerät (Decoder);-;Prozent;ATG001;Ausstattungsgrad je 100 Haushalte
63111;Laufende Wirtschaftsrechnungen;STAG;Stichtag;2011-01-01;DINSGF;Früheres Bundesgebiet / Neue Länder;DF;Früheres Bundesgebiet;GUTGB2;Gebrauchsgüter;FAX-STAT-01;Telefaxgerät stationär;20,2;Prozent;ATG001;Ausstattungsgrad je 100 Haushalte
63111;Laufende Wirtschaftsrechnungen;STAG;Stichtag;2010-01-01;DINSGF;Früheres Bundesgebiet / Neue Länder;DF;Früheres Bundesgebiet;GUTGB2;Gebrauchsgüter;PKW-GEBR-01;Personenkraftwagen gebraucht gekauft;47,4;Prozent;ATG001;Ausstattungsgrad je 100 Haushalte
63111;Laufende Wirtschaftsrechnungen;STAG;Stichtag;2014-01-01;DINSGF;Früheres Bundesgebiet / Neue Länder;DF;Früheres Bundesgebiet;GUTGB2;Gebrauchsgüter;SMART-02;Smart Speaker (intelligenter/WLAN-Lautsprecher);-;Prozent;ATG001;Ausstattungsgrad je 100 Haushalte
63111;Laufende Wirtschaftsrechnungen;STAG;Stichtag;2021-01-01;DINSGF;Früheres Bundesgebiet / Neue Länder;DN;Neue Länder;GUTGB2;Gebrauchsgüter;PC-MOBIL-01;PC mobil (Notebook, Laptop, Palmtop);82,6;Prozent;ATG001;Ausstattungsgrad je 100 Haushalte
63111;Laufende Wirtschaftsrechnungen;STAG;Stichtag;2011-01-01;DINSGF;Früheres Bundesgebiet / Neue Länder;DN;Neue Länder;GUTGB2;Gebrauchsgüter;CD-STAT-01;CD-Player stationär;-;Prozent;ATG001;Ausstattungsgrad je 100 Haushalte
63111;Laufende Wirtschaftsrechnungen;STAG;Stichtag;2021-01-01;DINSGF;Früheres Bundesgebiet / Neue Länder;DF;Früheres Bundesgebiet;GUTGB2;Gebrauchsgüter;VIDEO-REC-01;Videorecorder;-;Prozent;ATG001;Ausstattungsgrad je 100 Haushalte
63111;Laufende Wirtschaftsrechnungen;STAG;Stichtag;2017-01-01;DINSGF;Früheres Bundesgebiet / Neue Länder;DF;Früheres Bundesgebiet;GUTGB2;Gebrauchsgüter;ANSCHL-IPTV;TV über DSL/Internet (IPTV);-;Prozent;ATG001;Ausstattungsgrad je 100 Haushalte
63111;Laufende Wirtschaftsrechnungen;STAG;Stichtag;2011-01-01;DINSGF;Früheres Bundesgebiet / Neue Länder;DN;Neue Länder;GUTGB2;Gebrauchsgüter;SPORT-HOME-01;Sportgeräte (Heimtrainer);26,6;Prozent;ATG001;Ausstattungsgrad je 100 Haushalte
63111;Laufende Wirtschaftsrechnungen;STAG;Stichtag;2017-01-01;DINSGF;Früheres Bundesgebiet / Neue Länder;DN;Neue Länder;GUTGB2;Gebrauchsgüter;ISDN-01;ISDN-Anschluss;-;Prozent;ATG001;Ausstattungsgrad je 100 Haushalte
63111;Laufende Wirtschaftsrechnungen;STAG;Stichtag;2019-01-01;DINSGF;Früheres Bundesgebiet / Neue Länder;DN;Neue Länder;GUTGB2;Gebrauchsgüter;CD-REC-01;CD-Recorder;-;Prozent;ATG001;Ausstattungsgrad je 100 Haushalte
63111;Laufende Wirtschaftsrechnungen;STAG;Stichtag;2010-01-01;DINSGF;Früheres Bundesgebiet / Neue Länder;DN;Neue Länder;GUTGB2;Gebrauchsgüter;PC-STAT-01;PC stationär;60,7;Prozent;ATG001;Ausstattungsgrad je 100 Haushalte
63111;Laufende Wirtschaftsrechnungen;STAG;Stichtag;2014-01-01;DINSGF;Früheres Bundesgebiet / Neue Länder;DF;Früheres Bundesgebiet;GUTGB2;Gebrauchsgüter;CAM-DIGITAL-01;Camcorder (Videokamera) digital;12,4;Prozent;ATG001;Ausstattungsgrad je 100 Haushalte
63111;Laufende Wirtschaftsrechnungen;STAG;Stichtag;2021-01-01;DINSGF;Früheres Bundesgebiet / Neue Länder;DF;Früheres Bundesgebiet;GUTGB2;Gebrauchsgüter;CD-STAT-01;CD-Player stationär;-;Prozent;ATG001;Ausstattungsgrad je 100 Haushalte
63111;Laufende Wirtschaftsrechnungen;STAG;Stichtag;2020-01-01;DINSGF;Früheres Bundesgebiet / Neue Länder;DF;Früheres Bundesgebiet;GUTGB2;Gebrauchsgüter;PKW-GEL-02;Pkw geleast, Elektroauto, Plug-in-Hybrid;-;Prozent;ATG001;Ausstattungsgrad je 100 Haushalte
63111;Laufende Wirtschaftsrechnungen;STAG;Stichtag;2019-01-01;DINSGF;Früheres Bundesgebiet / Neue Länder;DN;Neue Länder;GUTGB2;Gebrauchsgüter;SPORT-HOME-01;Sportgeräte (Heimtrainer);23,9;Prozent;ATG001;Ausstattungsgrad je 100 Haushalte
63111;Laufende Wirtschaftsrechnungen;STAG;Stichtag;2014-01-01;DINSGF;Früheres Bundesgebiet / Neue Länder;DF;Früheres Bundesgebiet;GUTGB2;Gebrauchsgüter;KUEHL-01;Kühlschrank (auch Gefrier- und Kühlkombination);99,8;Prozent;ATG001;Ausstattungsgrad je 100 Haushalte
63111;Laufende Wirtschaftsrechnungen;STAG;Stichtag;2016-01-01;DINSGF;Früheres Bundesgebiet / Neue Länder;DF;Früheres Bundesgebiet;GUTGB2;Gebrauchsgüter;FAHRRAD-01;Fahrrad;81,4;Prozent;ATG001;Ausstattungsgrad je 100 Haushalte
63111;Laufende Wirtschaftsrechnungen;STAG;Stichtag;2016-01-01;DINSGF;Früheres Bundesgebiet / Neue Länder;DF;Früheres Bundesgebiet;GUTGB2;Gebrauchsgüter;BRD-01;Blu-ray-Gerät;20,9;Prozent;ATG001;Ausstattungsgrad je 100 Haushalte
63111;Laufende Wirtschaftsrechnungen;STAG;Stichtag;2022-01-01;DINSGF;Früheres Bundesgebiet / Neue Länder;DN;Neue Länder;GUTGB2;Gebrauchsgüter;DEC-PAYTV-01;Pay-TV-Decoder;19,6;Prozent;ATG001;Ausstattungsgrad je 100 Haushalte
63111;Laufende Wirtschaftsrechnungen;STAG;Stichtag;2016-01-01;DINSGF;Früheres Bundesgebiet / Neue Länder;DN;Neue Länder;GUTGB2;Gebrauchsgüter;TEL-STAT-01;Telefon stationär (auch schnurlos);88,7;Prozent;ATG001;Ausstattungsgrad je 100 Haushalte
63111;Laufende Wirtschaftsrechnungen;STAG;Stichtag;2017-01-01;DINSGF;Früheres Bundesgebiet / Neue Länder;DF;Früheres Bundesgebiet;GUTGB2;Gebrauchsgüter;HIFI-01;HiFi-Anlage;-;Prozent;ATG001;Ausstattungsgrad je 100 Haushalte
63111;Laufende Wirtschaftsrechnungen;STAG;Stichtag;2014-01-01;DINSGF;Früheres Bundesgebiet / Neue Länder;DF;Früheres Bundesgebiet;GUTGB2;Gebrauchsgüter;CAM-ANALOG-01;Camcorder (Videokamera) analog;8,2;Prozent;ATG001;Ausstattungsgrad je 100 Haushalte
63111;Laufende Wirtschaftsrechnungen;STAG;Stichtag;2017-01-01;DINSGF;Früheres Bundesgebiet / Neue Länder;DF;Früheres Bundesgebiet;GUTGB2;Gebrauchsgüter;SPUEL-01;Geschirrspülmaschine;-;Prozent;ATG001;Ausstattungsgrad je 100 Haushalte
63111;Laufende Wirtschaftsrechnungen;STAG;Stichtag;2019-01-01;DINSGF;Früheres Bundesgebiet / Neue Länder;DF;Früheres Bundesgebiet;GUTGB2;Gebrauchsgüter;INTERNET-11;Internetanschluss, -zugang mobil;60,9;Prozent;ATG001;Ausstattungsgrad je 100 Haushalte
63111;Laufende Wirtschaftsrechnungen;STAG;Stichtag;2021-01-01;DINSGF;Früheres Bundesgebiet / Neue Länder;DF;Früheres Bundesgebiet;GUTGB2;Gebrauchsgüter;TEL-SMART;Smartphone;85,7;Prozent;ATG001;Ausstattungsgrad je 100 Haushalte
63111;Laufende Wirtschaftsrechnungen;STAG;Stichtag;2015-01-01;DINSGF;Früheres Bundesgebiet / Neue Länder;DF;Früheres Bundesgebiet;GUTGB2;Gebrauchsgüter;CAM-ANALOG-01;Camcorder (Videokamera) analog;7,6;Prozent;ATG001;Ausstattungsgrad je 100 Haushalte
63111;Laufende Wirtschaftsrechnungen;STAG;Stichtag;2021-01-01;DINSGF;Früheres Bundesgebiet / Neue Länder;DN;Neue Länder;GUTGB2;Gebrauchsgüter;WASCHM-01;Waschmaschine;97,4;Prozent;ATG001;Ausstattungsgrad je 100 Haushalte
63111;Laufende Wirtschaftsrechnungen;STAG;Stichtag;2016-01-01;DINSGF;Früheres Bundesgebiet / Neue Länder;DF;Früheres Bundesgebiet;GUTGB2;Gebrauchsgüter;ANSCHL-KAB-01;Kabel-TV-Anschluss;43,9;Prozent;ATG001;Ausstattungsgrad je 100 Haushalte
63111;Laufende Wirtschaftsrechnungen;STAG;Stichtag;2019-01-01;DINSGF;Früheres Bundesgebiet / Neue Länder;DF;Früheres Bundesgebiet;GUTGB2;Gebrauchsgüter;SMART-02;Smart Speaker (intelligenter/WLAN-Lautsprecher);-;Prozent;ATG001;Ausstattungsgrad je 100 Haushalte
63111;Laufende Wirtschaftsrechnungen;STAG;Stichtag;2015-01-01;DINSGF;Früheres Bundesgebiet / Neue Länder;DN;Neue Länder;GUTGB2;Gebrauchsgüter;FOTO-DIGITAL-01;Digitalkamera (Fotoapparat digital);73,3;Prozent;ATG001;Ausstattungsgrad je 100 Haushalte
63111;Laufende Wirtschaftsrechnungen;STAG;Stichtag;2016-01-01;DINSGF;Früheres Bundesgebiet / Neue Länder;DF;Früheres Bundesgebiet;GUTGB2;Gebrauchsgüter;PKW-GEL-01;Personenkraftwagen geleast;3,8;Prozent;ATG001;Ausstattungsgrad je 100 Haushalte
63111;Laufende Wirtschaftsrechnungen;STAG;Stichtag;2021-01-01;DINSGF;Früheres Bundesgebiet / Neue Länder;DF;Früheres Bundesgebiet;GUTGB2;Gebrauchsgüter;PKW-GEL-01;Personenkraftwagen geleast;5,2;Prozent;ATG001;Ausstattungsgrad je 100 Haushalte
63111;Laufende Wirtschaftsrechnungen;STAG;Stichtag;2021-01-01;DINSGF;Früheres Bundesgebiet / Neue Länder;DF;Früheres Bundesgebiet;GUTGB2;Gebrauchsgüter;SPORT-HOME-01;Sportgeräte (Heimtrainer);26,7;Prozent;ATG001;Ausstattungsgrad je 100 Haushalte
63111;Laufende Wirtschaftsrechnungen;STAG;Stichtag;2015-01-01;DINSGF;Früheres Bundesgebiet / Neue Länder;DF;Früheres Bundesgebiet;GUTGB2;Gebrauchsgüter;FAHRRAD-02;Pedelec (E-Bike ohne Führerscheinpflicht);4,8;Prozent;ATG001;Ausstattungsgrad je 100 Haushalte
63111;Laufende Wirtschaftsrechnungen;STAG;Stichtag;2014-01-01;DINSGF;Früheres Bundesgebiet / Neue Länder;DN;Neue Länder;GUTGB2;Gebrauchsgüter;PC-MOBIL-01;PC mobil (Notebook, Laptop, Palmtop);63,6;Prozent;ATG001;Ausstattungsgrad je 100 Haushalte
63111;Laufende Wirtschaftsrechnungen;STAG;Stichtag;2020-01-01;DINSGF;Früheres Bundesgebiet / Neue Länder;DN;Neue Länder;GUTGB2;Gebrauchsgüter;TEL-STAT-01;Telefon stationär (auch schnurlos);82,8;Prozent;ATG001;Ausstattungsgrad je 100 Haushalte
63111;Laufende Wirtschaftsrechnungen;STAG;Stichtag;2021-01-01;DINSGF;Früheres Bundesgebiet / Neue Länder;DF;Früheres Bundesgebiet;GUTGB2;Gebrauchsgüter;PKW-NEU-01;Personenkraftwagen fabrikneu gekauft;34,6;Prozent;ATG001;Ausstattungsgrad je 100 Haushalte
63111;Laufende Wirtschaftsrechnungen;STAG;Stichtag;2016-01-01;DINSGF;Früheres Bundesgebiet / Neue Länder;DF;Früheres Bundesgebiet;GUTGB2;Gebrauchsgüter;MD-01;MiniDisc-Player/Recorder;-;Prozent;ATG001;Ausstattungsgrad je 100 Haushalte
63111;Laufende Wirtschaftsrechnungen;STAG;Stichtag;2010-01-01;DINSGF;Früheres Bundesgebiet / Neue Länder;DN;Neue Länder;GUTGB2;Gebrauchsgüter;MODEM-01;Modem für Datenübertragung;-;Prozent;ATG001;Ausstattungsgrad je 100 Haushalte
63111;Laufende Wirtschaftsrechnungen;STAG;Stichtag;2020-01-01;DINSGF;Früheres Bundesgebiet / Neue Länder;DF;Früheres Bundesgebiet;GUTGB2;Gebrauchsgüter;FAHRRAD-02;Pedelec (E-Bike ohne Führerscheinpflicht);12,8;Prozent;ATG001;Ausstattungsgrad je 100 Haushalte
63111;Laufende Wirtschaftsrechnungen;STAG;Stichtag;2010-01-01;DINSGF;Früheres Bundesgebiet / Neue Länder;DN;Neue Länder;GUTGB2;Gebrauchsgüter;PKW-NEU-02;Pkw fabrikneu gekauft, Elektroauto, Plug-in-Hybrid;-;Prozent;ATG001;Ausstattungsgrad je 100 Haushalte
63111;Laufende Wirtschaftsrechnungen;STAG;Stichtag;2016-01-01;DINSGF;Früheres Bundesgebiet / Neue Länder;DN;Neue Länder;GUTGB2;Gebrauchsgüter;CD-STAT-01;CD-Player stationär;-;Prozent;ATG001;Ausstattungsgrad je 100 Haushalte
63111;Laufende Wirtschaftsrechnungen;STAG;Stichtag;2010-01-01;DINSGF;Früheres Bundesgebiet / Neue Länder;DF;Früheres Bundesgebiet;GUTGB2;Gebrauchsgüter;KRAFTRAD-06;E-Roller, E-Bike mit Führerscheinpflicht;-;Prozent;ATG001;Ausstattungsgrad je 100 Haushalte
63111;Laufende Wirtschaftsrechnungen;STAG;Stichtag;2014-01-01;DINSGF;Früheres Bundesgebiet / Neue Länder;DN;Neue Länder;GUTGB2;Gebrauchsgüter;TV-02;(Farb-)Fernsehgerät;98,4;Prozent;ATG001;Ausstattungsgrad je 100 Haushalte
63111;Laufende Wirtschaftsrechnungen;STAG;Stichtag;2017-01-01;DINSGF;Früheres Bundesgebiet / Neue Länder;DF;Früheres Bundesgebiet;GUTGB2;Gebrauchsgüter;ANSCHL-ANT-02;Antennen-TV-Anschluss (DVB-T2 HD);-;Prozent;ATG001;Ausstattungsgrad je 100 Haushalte
63111;Laufende Wirtschaftsrechnungen;STAG;Stichtag;2022-01-01;DINSGF;Früheres Bundesgebiet / Neue Länder;DN;Neue Länder;GUTGB2;Gebrauchsgüter;TV-03;Flachbildfernseher (LCD, Plasma);93,5;Prozent;ATG001;Ausstattungsgrad je 100 Haushalte
63111;Laufende Wirtschaftsrechnungen;STAG;Stichtag;2011-01-01;DINSGF;Früheres Bundesgebiet / Neue Länder;DF;Früheres Bundesgebiet;GUTGB2;Gebrauchsgüter;KAFFEEM-03;Pad- oder Kapselmaschine;-;Prozent;ATG001;Ausstattungsgrad je 100 Haushalte
63111;Laufende Wirtschaftsrechnungen;STAG;Stichtag;2010-01-01;DINSGF;Früheres Bundesgebiet / Neue Länder;DF;Früheres Bundesgebiet;GUTGB2;Gebrauchsgüter;CD-01;CD-Player/CD-Recorder (auch im PC);79,5;Prozent;ATG001;Ausstattungsgrad je 100 Haushalte
63111;Laufende Wirtschaftsrechnungen;STAG;Stichtag;2014-01-01;DINSGF;Früheres Bundesgebiet / Neue Länder;DN;Neue Länder;GUTGB2;Gebrauchsgüter;TEL-SMART;Smartphone;-;Prozent;ATG001;Ausstattungsgrad je 100 Haushalte
63111;Laufende Wirtschaftsrechnungen;STAG;Stichtag;2021-01-01;DINSGF;Früheres Bundesgebiet / Neue Länder;DF;Früheres Bundesgebiet;GUTGB2;Gebrauchsgüter;TEL-01;Telefon;99,9;Prozent;ATG001;Ausstattungsgrad je 100 Haushalte
63111;Laufende Wirtschaftsrechnungen;STAG;Stichtag;2015-01-01;DINSGF;Früheres Bundesgebiet / Neue Länder;DN;Neue Länder;GUTGB2;Gebrauchsgüter;KAFFEEM-04;Kaffeevollautomat;8,5;Prozent;ATG001;Ausstattungsgrad je 100 Haushalte
63111;Laufende Wirtschaftsrechnungen;STAG;Stichtag;2010-01-01;DINSGF;Früheres Bundesgebiet / Neue Länder;DF;Früheres Bundesgebiet;GUTGB2;Gebrauchsgüter;TV-03;Flachbildfernseher (LCD, Plasma);36,6;Prozent;ATG001;Ausstattungsgrad je 100 Haushalte
63111;Laufende Wirtschaftsrechnungen;STAG;Stichtag;2014-01-01;DINSGF;Früheres Bundesgebiet / Neue Länder;DN;Neue Länder;GUTGB2;Gebrauchsgüter;FAHRRAD-01;Fahrrad;78,1;Prozent;ATG001;Ausstattungsgrad je 100 Haushalte
63111;Laufende Wirtschaftsrechnungen;STAG;Stichtag;2010-01-01;DINSGF;Früheres Bundesgebiet / Neue Länder;DF;Früheres Bundesgebiet;GUTGB2;Gebrauchsgüter;FAHRRAD-02;Pedelec (E-Bike ohne Führerscheinpflicht);-;Prozent;ATG001;Ausstattungsgrad je 100 Haushalte
63111;Laufende Wirtschaftsrechnungen;STAG;Stichtag;2011-01-01;DINSGF;Früheres Bundesgebiet / Neue Länder;DF;Früheres Bundesgebiet;GUTGB2;Gebrauchsgüter;WASCHM-01;Waschmaschine;94,4;Prozent;ATG001;Ausstattungsgrad je 100 Haushalte
63111;Laufende Wirtschaftsrechnungen;STAG;Stichtag;2014-01-01;DINSGF;Früheres Bundesgebiet / Neue Länder;DN;Neue Länder;GUTGB2;Gebrauchsgüter;PKW-01;Personenkraftwagen;71,2;Prozent;ATG001;Ausstattungsgrad je 100 Haushalte
63111;Laufende Wirtschaftsrechnungen;STAG;Stichtag;2010-01-01;DINSGF;Früheres Bundesgebiet / Neue Länder;DN;Neue Länder;GUTGB2;Gebrauchsgüter;PC-DRUCK-01;PC-Drucker (auch in Kombigeräten);-;Prozent;ATG001;Ausstattungsgrad je 100 Haushalte
63111;Laufende Wirtschaftsrechnungen;STAG;Stichtag;2017-01-01;DINSGF;Früheres Bundesgebiet / Neue Länder;DN;Neue Länder;GUTGB2;Gebrauchsgüter;SPIELE-01;Spielekonsole;-;Prozent;ATG001;Ausstattungsgrad je 100 Haushalte
63111;Laufende Wirtschaftsrechnungen;STAG;Stichtag;2016-01-01;DINSGF;Früheres Bundesgebiet / Neue Länder;DF;Früheres Bundesgebiet;GUTGB2;Gebrauchsgüter;WASCHM-01;Waschmaschine;95,8;Prozent;ATG001;Ausstattungsgrad je 100 Haushalte
63111;Laufende Wirtschaftsrechnungen;STAG;Stichtag;2021-01-01;DINSGF;Früheres Bundesgebiet / Neue Länder;DN;Neue Länder;GUTGB2;Gebrauchsgüter;PKW-01;Personenkraftwagen;69,9;Prozent;ATG001;Ausstattungsgrad je 100 Haushalte
63111;Laufende Wirtschaftsrechnungen;STAG;Stichtag;2014-01-01;DINSGF;Früheres Bundesgebiet / Neue Länder;DN;Neue Länder;GUTGB2;Gebrauchsgüter;MIKROW-01;Mikrowellengerät;74,9;Prozent;ATG001;Ausstattungsgrad je 100 Haushalte
63111;Laufende Wirtschaftsrechnungen;STAG;Stichtag;2014-01-01;DINSGF;Früheres Bundesgebiet / Neue Länder;DF;Früheres Bundesgebiet;GUTGB2;Gebrauchsgüter;TEL-MOBIL-01;Telefon mobil (Autotelefon, Handy);93,9;Prozent;ATG001;Ausstattungsgrad je 100 Haushalte
63111;Laufende Wirtschaftsrechnungen;STAG;Stichtag;2015-01-01;DINSGF;Früheres Bundesgebiet / Neue Länder;DN;Neue Länder;GUTGB2;Gebrauchsgüter;PC-MOBIL-01;PC mobil (Notebook, Laptop, Palmtop);71,1;Prozent;ATG001;Ausstattungsgrad je 100 Haushalte
63111;Laufende Wirtschaftsrechnungen;STAG;Stichtag;2019-01-01;DINSGF;Früheres Bundesgebiet / Neue Länder;DN;Neue Länder;GUTGB2;Gebrauchsgüter;SMART-01;Smart TV (Fernseher);-;Prozent;ATG001;Ausstattungsgrad je 100 Haushalte
63111;Laufende Wirtschaftsrechnungen;STAG;Stichtag;2017-01-01;DINSGF;Früheres Bundesgebiet / Neue Länder;DN;Neue Länder;GUTGB2;Gebrauchsgüter;PKW-NEU-02;Pkw fabrikneu gekauft, Elektroauto, Plug-in-Hybrid;-;Prozent;ATG001;Ausstattungsgrad je 100 Haushalte
63111;Laufende Wirtschaftsrechnungen;STAG;Stichtag;2011-01-01;DINSGF;Früheres Bundesgebiet / Neue Länder;DF;Früheres Bundesgebiet;GUTGB2;Gebrauchsgüter;PKW-GEL-01;Personenkraftwagen geleast;3,9;Prozent;ATG001;Ausstattungsgrad je 100 Haushalte
63111;Laufende Wirtschaftsrechnungen;STAG;Stichtag;2010-01-01;DINSGF;Früheres Bundesgebiet / Neue Länder;DN;Neue Länder;GUTGB2;Gebrauchsgüter;INTERNET-01;Internetanschluss, -zugang;67,5;Prozent;ATG001;Ausstattungsgrad je 100 Haushalte
63111;Laufende Wirtschaftsrechnungen;STAG;Stichtag;2010-01-01;DINSGF;Früheres Bundesgebiet / Neue Länder;DF;Früheres Bundesgebiet;GUTGB2;Gebrauchsgüter;MIKROW-01;Mikrowellengerät;72,9;Prozent;ATG001;Ausstattungsgrad je 100 Haushalte
63111;Laufende Wirtschaftsrechnungen;STAG;Stichtag;2016-01-01;DINSGF;Früheres Bundesgebiet / Neue Länder;DN;Neue Länder;GUTGB2;Gebrauchsgüter;GEFRIER-01;Gefrierschrank, Gefriertruhe (Einzelgeräte);42,1;Prozent;ATG001;Ausstattungsgrad je 100 Haushalte
63111;Laufende Wirtschaftsrechnungen;STAG;Stichtag;2022-01-01;DINSGF;Früheres Bundesgebiet / Neue Länder;DF;Früheres Bundesgebiet;GUTGB2;Gebrauchsgüter;ANSCHL-SAT-01;Satelliten-TV-Anschluss;45,8;Prozent;ATG001;Ausstattungsgrad je 100 Haushalte
63111;Laufende Wirtschaftsrechnungen;STAG;Stichtag;2021-01-01;DINSGF;Früheres Bundesgebiet / Neue Länder;DF;Früheres Bundesgebiet;GUTGB2;Gebrauchsgüter;SPUEL-01;Geschirrspülmaschine;74,8;Prozent;ATG001;Ausstattungsgrad je 100 Haushalte
63111;Laufende Wirtschaftsrechnungen;STAG;Stichtag;2021-01-01;DINSGF;Früheres Bundesgebiet / Neue Länder;DF;Früheres Bundesgebiet;GUTGB2;Gebrauchsgüter;RADIO-REC-01;Radiorecorder/Stereorundfunkgerät;-;Prozent;ATG001;Ausstattungsgrad je 100 Haushalte
63111;Laufende Wirtschaftsrechnungen;STAG;Stichtag;2022-01-01;DINSGF;Früheres Bundesgebiet / Neue Länder;DN;Neue Länder;GUTGB2;Gebrauchsgüter;CD-01;CD-Player/CD-Recorder (auch im PC);-;Prozent;ATG001;Ausstattungsgrad je 100 Haushalte
63111;Laufende Wirtschaftsrechnungen;STAG;Stichtag;2019-01-01;DINSGF;Früheres Bundesgebiet / Neue Länder;DF;Früheres Bundesgebiet;GUTGB2;Gebrauchsgüter;MODEM-01;Modem für Datenübertragung;-;Prozent;ATG001;Ausstattungsgrad je 100 Haushalte
63111;Laufende Wirtschaftsrechnungen;STAG;Stichtag;2015-01-01;DINSGF;Früheres Bundesgebiet / Neue Länder;DN;Neue Länder;GUTGB2;Gebrauchsgüter;TEL-STAT-01;Telefon stationär (auch schnurlos);90,0;Prozent;ATG001;Ausstattungsgrad je 100 Haushalte
63111;Laufende Wirtschaftsrechnungen;STAG;Stichtag;2020-01-01;DINSGF;Früheres Bundesgebiet / Neue Länder;DF;Früheres Bundesgebiet;GUTGB2;Gebrauchsgüter;MD-01;MiniDisc-Player/Recorder;-;Prozent;ATG001;Ausstattungsgrad je 100 Haushalte
63111;Laufende Wirtschaftsrechnungen;STAG;Stichtag;2016-01-01;DINSGF;Früheres Bundesgebiet / Neue Länder;DF;Früheres Bundesgebiet;GUTGB2;Gebrauchsgüter;FOTO-02;Fotoapparat/Digitalkamera;83,9;Prozent;ATG001;Ausstattungsgrad je 100 Haushalte
63111;Laufende Wirtschaftsrechnungen;STAG;Stichtag;2010-01-01;DINSGF;Früheres Bundesgebiet / Neue Länder;DF;Früheres Bundesgebiet;GUTGB2;Gebrauchsgüter;PC-MOBIL-05;Tablet;-;Prozent;ATG001;Ausstattungsgrad je 100 Haushalte
63111;Laufende Wirtschaftsrechnungen;STAG;Stichtag;2010-01-01;DINSGF;Früheres Bundesgebiet / Neue Länder;DF;Früheres Bundesgebiet;GUTGB2;Gebrauchsgüter;INTERNET-10;Internetanschluss, -zugang stationär;-;Prozent;ATG001;Ausstattungsgrad je 100 Haushalte
63111;Laufende Wirtschaftsrechnungen;STAG;Stichtag;2017-01-01;DINSGF;Früheres Bundesgebiet / Neue Länder;DN;Neue Länder;GUTGB2;Gebrauchsgüter;PC-MOBIL-01;PC mobil (Notebook, Laptop, Palmtop);-;Prozent;ATG001;Ausstattungsgrad je 100 Haushalte
63111;Laufende Wirtschaftsrechnungen;STAG;Stichtag;2021-01-01;DINSGF;Früheres Bundesgebiet / Neue Länder;DF;Früheres Bundesgebiet;GUTGB2;Gebrauchsgüter;ANSCHL-IPTV;TV über DSL/Internet (IPTV);20,5;Prozent;ATG001;Ausstattungsgrad je 100 Haushalte
63111;Laufende Wirtschaftsrechnungen;STAG;Stichtag;2011-01-01;DINSGF;Früheres Bundesgebiet / Neue Länder;DF;Früheres Bundesgebiet;GUTGB2;Gebrauchsgüter;ANSCHL-SAT-01;Satelliten-TV-Anschluss;-;Prozent;ATG001;Ausstattungsgrad je 100 Haushalte
63111;Laufende Wirtschaftsrechnungen;STAG;Stichtag;2014-01-01;DINSGF;Früheres Bundesgebiet / Neue Länder;DN;Neue Länder;GUTGB2;Gebrauchsgüter;TEL-STAT-01;Telefon stationär (auch schnurlos);89,7;Prozent;ATG001;Ausstattungsgrad je 100 Haushalte
63111;Laufende Wirtschaftsrechnungen;STAG;Stichtag;2020-01-01;DINSGF;Früheres Bundesgebiet / Neue Länder;DN;Neue Länder;GUTGB2;Gebrauchsgüter;RADIO-REC-01;Radiorecorder/Stereorundfunkgerät;-;Prozent;ATG001;Ausstattungsgrad je 100 Haushalte
63111;Laufende Wirtschaftsrechnungen;STAG;Stichtag;2015-01-01;DINSGF;Früheres Bundesgebiet / Neue Länder;DN;Neue Länder;GUTGB2;Gebrauchsgüter;RADIO-REC-01;Radiorecorder/Stereorundfunkgerät;-;Prozent;ATG001;Ausstattungsgrad je 100 Haushalte
63111;Laufende Wirtschaftsrechnungen;STAG;Stichtag;2016-01-01;DINSGF;Früheres Bundesgebiet / Neue Länder;DF;Früheres Bundesgebiet;GUTGB2;Gebrauchsgüter;RADIO-REC-01;Radiorecorder/Stereorundfunkgerät;-;Prozent;ATG001;Ausstattungsgrad je 100 Haushalte
63111;Laufende Wirtschaftsrechnungen;STAG;Stichtag;2021-01-01;DINSGF;Früheres Bundesgebiet / Neue Länder;DF;Früheres Bundesgebiet;GUTGB2;Gebrauchsgüter;CD-REC-01;CD-Recorder;-;Prozent;ATG001;Ausstattungsgrad je 100 Haushalte
63111;Laufende Wirtschaftsrechnungen;STAG;Stichtag;2011-01-01;DINSGF;Früheres Bundesgebiet / Neue Länder;DN;Neue Länder;GUTGB2;Gebrauchsgüter;INTERNET-01;Internetanschluss, -zugang;71,6;Prozent;ATG001;Ausstattungsgrad je 100 Haushalte
63111;Laufende Wirtschaftsrechnungen;STAG;Stichtag;2019-01-01;DINSGF;Früheres Bundesgebiet / Neue Länder;DF;Früheres Bundesgebiet;GUTGB2;Gebrauchsgüter;ANSCHL-SAT-01;Satelliten-TV-Anschluss;46,3;Prozent;ATG001;Ausstattungsgrad je 100 Haushalte
63111;Laufende Wirtschaftsrechnungen;STAG;Stichtag;2020-01-01;DINSGF;Früheres Bundesgebiet / Neue Länder;DN;Neue Länder;GUTGB2;Gebrauchsgüter;SPUEL-01;Geschirrspülmaschine;67,0;Prozent;ATG001;Ausstattungsgrad je 100 Haushalte
63111;Laufende Wirtschaftsrechnungen;STAG;Stichtag;2011-01-01;DINSGF;Früheres Bundesgebiet / Neue Länder;DF;Früheres Bundesgebiet;GUTGB2;Gebrauchsgüter;PKW-NEU-01;Personenkraftwagen fabrikneu gekauft;37,1;Prozent;ATG001;Ausstattungsgrad je 100 Haushalte
63111;Laufende Wirtschaftsrechnungen;STAG;Stichtag;2016-01-01;DINSGF;Früheres Bundesgebiet / Neue Länder;DF;Früheres Bundesgebiet;GUTGB2;Gebrauchsgüter;KAFFEEM-03;Pad- oder Kapselmaschine;33,4;Prozent;ATG001;Ausstattungsgrad je 100 Haushalte
63111;Laufende Wirtschaftsrechnungen;STAG;Stichtag;2016-01-01;DINSGF;Früheres Bundesgebiet / Neue Länder;DN;Neue Länder;GUTGB2;Gebrauchsgüter;PC-MOBIL-01;PC mobil (Notebook, Laptop, Palmtop);72,0;Prozent;ATG001;Ausstattungsgrad je 100 Haushalte
63111;Laufende Wirtschaftsrechnungen;STAG;Stichtag;2020-01-01;DINSGF;Früheres Bundesgebiet / Neue Länder;DF;Früheres Bundesgebiet;GUTGB2;Gebrauchsgüter;ANSCHL-IPTV;TV über DSL/Internet (IPTV);18,4;Prozent;ATG001;Ausstattungsgrad je 100 Haushalte
63111;Laufende Wirtschaftsrechnungen;STAG;Stichtag;2011-01-01;DINSGF;Früheres Bundesgebiet / Neue Länder;DF;Früheres Bundesgebiet;GUTGB2;Gebrauchsgüter;INTERNET-10;Internetanschluss, -zugang stationär;-;Prozent;ATG001;Ausstattungsgrad je 100 Haushalte
63111;Laufende Wirtschaftsrechnungen;STAG;Stichtag;2014-01-01;DINSGF;Früheres Bundesgebiet / Neue Länder;DN;Neue Länder;GUTGB2;Gebrauchsgüter;CD-REC-01;CD-Recorder;-;Prozent;ATG001;Ausstattungsgrad je 100 Haushalte
63111;Laufende Wirtschaftsrechnungen;STAG;Stichtag;2011-01-01;DINSGF;Früheres Bundesgebiet / Neue Länder;DN;Neue Länder;GUTGB2;Gebrauchsgüter;GEFRIER-01;Gefrierschrank, Gefriertruhe (Einzelgeräte);46,2;Prozent;ATG001;Ausstattungsgrad je 100 Haushalte
63111;Laufende Wirtschaftsrechnungen;STAG;Stichtag;2016-01-01;DINSGF;Früheres Bundesgebiet / Neue Länder;DF;Früheres Bundesgebiet;GUTGB2;Gebrauchsgüter;HIFI-01;HiFi-Anlage;-;Prozent;ATG001;Ausstattungsgrad je 100 Haushalte
63111;Laufende Wirtschaftsrechnungen;STAG;Stichtag;2015-01-01;DINSGF;Früheres Bundesgebiet / Neue Länder;DF;Früheres Bundesgebiet;GUTGB2;Gebrauchsgüter;CD-REC-01;CD-Recorder;-;Prozent;ATG001;Ausstattungsgrad je 100 Haushalte
63111;Laufende Wirtschaftsrechnungen;STAG;Stichtag;2011-01-01;DINSGF;Früheres Bundesgebiet / Neue Länder;DF;Früheres Bundesgebiet;GUTGB2;Gebrauchsgüter;PC-MOBIL-05;Tablet;-;Prozent;ATG001;Ausstattungsgrad je 100 Haushalte
63111;Laufende Wirtschaftsrechnungen;STAG;Stichtag;2010-01-01;DINSGF;Früheres Bundesgebiet / Neue Länder;DF;Früheres Bundesgebiet;GUTGB2;Gebrauchsgüter;SPORT-HOME-01;Sportgeräte (Heimtrainer);30,5;Prozent;ATG001;Ausstattungsgrad je 100 Haushalte
63111;Laufende Wirtschaftsrechnungen;STAG;Stichtag;2015-01-01;DINSGF;Früheres Bundesgebiet / Neue Länder;DN;Neue Länder;GUTGB2;Gebrauchsgüter;HIFI-01;HiFi-Anlage;-;Prozent;ATG001;Ausstattungsgrad je 100 Haushalte
63111;Laufende Wirtschaftsrechnungen;STAG;Stichtag;2020-01-01;DINSGF;Früheres Bundesgebiet / Neue Länder;DN;Neue Länder;GUTGB2;Gebrauchsgüter;CD-REC-01;CD-Recorder;-;Prozent;ATG001;Ausstattungsgrad je 100 Haushalte
63111;Laufende Wirtschaftsrechnungen;STAG;Stichtag;2014-01-01;DINSGF;Früheres Bundesgebiet / Neue Länder;DN;Neue Länder;GUTGB2;Gebrauchsgüter;PC-DRUCK-01;PC-Drucker (auch in Kombigeräten);-;Prozent;ATG001;Ausstattungsgrad je 100 Haushalte
63111;Laufende Wirtschaftsrechnungen;STAG;Stichtag;2014-01-01;DINSGF;Früheres Bundesgebiet / Neue Länder;DF;Früheres Bundesgebiet;GUTGB2;Gebrauchsgüter;SMART-04;Smartes Sicherheitssystem;-;Prozent;ATG001;Ausstattungsgrad je 100 Haushalte
63111;Laufende Wirtschaftsrechnungen;STAG;Stichtag;2020-01-01;DINSGF;Früheres Bundesgebiet / Neue Länder;DF;Früheres Bundesgebiet;GUTGB2;Gebrauchsgüter;SMART-05;Smartes Haushaltsgerät;-;Prozent;ATG001;Ausstattungsgrad je 100 Haushalte
63111;Laufende Wirtschaftsrechnungen;STAG;Stichtag;2015-01-01;DINSGF;Früheres Bundesgebiet / Neue Länder;DF;Früheres Bundesgebiet;GUTGB2;Gebrauchsgüter;MIKROW-01;Mikrowellengerät;72,8;Prozent;ATG001;Ausstattungsgrad je 100 Haushalte
63111;Laufende Wirtschaftsrechnungen;STAG;Stichtag;2020-01-01;DINSGF;Früheres Bundesgebiet / Neue Länder;DN;Neue Länder;GUTGB2;Gebrauchsgüter;INTERNET-10;Internetanschluss, -zugang stationär;84,9;Prozent;ATG001;Ausstattungsgrad je 100 Haushalte
63111;Laufende Wirtschaftsrechnungen;STAG;Stichtag;2016-01-01;DINSGF;Früheres Bundesgebiet / Neue Länder;DF;Früheres Bundesgebiet;GUTGB2;Gebrauchsgüter;FOTO-DIGITAL-01;Digitalkamera (Fotoapparat digital);74,6;Prozent;ATG001;Ausstattungsgrad je 100 Haushalte
63111;Laufende Wirtschaftsrechnungen;STAG;Stichtag;2019-01-01;DINSGF;Früheres Bundesgebiet / Neue Länder;DF;Früheres Bundesgebiet;GUTGB2;Gebrauchsgüter;NAVIGASYS01;Navigationssystem;47,4;Prozent;ATG001;Ausstattungsgrad je 100 Haushalte
63111;Laufende Wirtschaftsrechnungen;STAG;Stichtag;2019-01-01;DINSGF;Früheres Bundesgebiet / Neue Länder;DF;Früheres Bundesgebiet;GUTGB2;Gebrauchsgüter;SMART-04;Smartes Sicherheitssystem;-;Prozent;ATG001;Ausstattungsgrad je 100 Haushalte
63111;Laufende Wirtschaftsrechnungen;STAG;Stichtag;2020-01-01;DINSGF;Früheres Bundesgebiet / Neue Länder;DN;Neue Länder;GUTGB2;Gebrauchsgüter;PKW-GEBR-01;Personenkraftwagen gebraucht gekauft;45,7;Prozent;ATG001;Ausstattungsgrad je 100 Haushalte
63111;Laufende Wirtschaftsrechnungen;STAG;Stichtag;2020-01-01;DINSGF;Früheres Bundesgebiet / Neue Länder;DF;Früheres Bundesgebiet;GUTGB2;Gebrauchsgüter;DEC-DVBT-01;DVB-T-Gerät (Decoder);-;Prozent;ATG001;Ausstattungsgrad je 100 Haushalte
63111;Laufende Wirtschaftsrechnungen;STAG;Stichtag;2014-01-01;DINSGF;Früheres Bundesgebiet / Neue Länder;DN;Neue Länder;GUTGB2;Gebrauchsgüter;PKW-07;Personenkraftwagen, Elektroauto, Plug-in-Hybrid;-;Prozent;ATG001;Ausstattungsgrad je 100 Haushalte
63111;Laufende Wirtschaftsrechnungen;STAG;Stichtag;2019-01-01;DINSGF;Früheres Bundesgebiet / Neue Länder;DF;Früheres Bundesgebiet;GUTGB2;Gebrauchsgüter;PC-MOBIL-04;Laptop/Notebook, Netbook;75,2;Prozent;ATG001;Ausstattungsgrad je 100 Haushalte
63111;Laufende Wirtschaftsrechnungen;STAG;Stichtag;2010-01-01;DINSGF;Früheres Bundesgebiet / Neue Länder;DF;Früheres Bundesgebiet;GUTGB2;Gebrauchsgüter;INTERNET-01;Internetanschluss, -zugang;74,5;Prozent;ATG001;Ausstattungsgrad je 100 Haushalte
63111;Laufende Wirtschaftsrechnungen;STAG;Stichtag;2015-01-01;DINSGF;Früheres Bundesgebiet / Neue Länder;DF;Früheres Bundesgebiet;GUTGB2;Gebrauchsgüter;PC-MOBIL-01;PC mobil (Notebook, Laptop, Palmtop);74,1;Prozent;ATG001;Ausstattungsgrad je 100 Haushalte
63111;Laufende Wirtschaftsrechnungen;STAG;Stichtag;2020-01-01;DINSGF;Früheres Bundesgebiet / Neue Länder;DF;Früheres Bundesgebiet;GUTGB2;Gebrauchsgüter;WASCHM-01;Waschmaschine;95,7;Prozent;ATG001;Ausstattungsgrad je 100 Haushalte
63111;Laufende Wirtschaftsrechnungen;STAG;Stichtag;2011-01-01;DINSGF;Früheres Bundesgebiet / Neue Länder;DN;Neue Länder;GUTGB2;Gebrauchsgüter;TROCK-01;Wäschetrockner (auch in Kombigeräten);23,3;Prozent;ATG001;Ausstattungsgrad je 100 Haushalte
63111;Laufende Wirtschaftsrechnungen;STAG;Stichtag;2021-01-01;DINSGF;Früheres Bundesgebiet / Neue Länder;DN;Neue Länder;GUTGB2;Gebrauchsgüter;ANSCHL-ANT-02;Antennen-TV-Anschluss (DVB-T2 HD);12,0;Prozent;ATG001;Ausstattungsgrad je 100 Haushalte
63111;Laufende Wirtschaftsrechnungen;STAG;Stichtag;2015-01-01;DINSGF;Früheres Bundesgebiet / Neue Länder;DF;Früheres Bundesgebiet;GUTGB2;Gebrauchsgüter;ANSCHL-IPTV;TV über DSL/Internet (IPTV);-;Prozent;ATG001;Ausstattungsgrad je 100 Haushalte
63111;Laufende Wirtschaftsrechnungen;STAG;Stichtag;2022-01-01;DINSGF;Früheres Bundesgebiet / Neue Länder;DF;Früheres Bundesgebiet;GUTGB2;Gebrauchsgüter;KRAFTRAD-05;Kraftrad mit Führerscheinpflicht;11,9;Prozent;ATG001;Ausstattungsgrad je 100 Haushalte
63111;Laufende Wirtschaftsrechnungen;STAG;Stichtag;2017-01-01;DINSGF;Früheres Bundesgebiet / Neue Länder;DN;Neue Länder;GUTGB2;Gebrauchsgüter;SMART-03;Smartes Energiemanagementsystem;-;Prozent;ATG001;Ausstattungsgrad je 100 Haushalte
63111;Laufende Wirtschaftsrechnungen;STAG;Stichtag;2017-01-01;DINSGF;Früheres Bundesgebiet / Neue Länder;DN;Neue Länder;GUTGB2;Gebrauchsgüter;DVD-02;DVD-Player/Recorder;-;Prozent;ATG001;Ausstattungsgrad je 100 Haushalte
63111;Laufende Wirtschaftsrechnungen;STAG;Stichtag;2022-01-01;DINSGF;Früheres Bundesgebiet / Neue Länder;DF;Früheres Bundesgebiet;GUTGB2;Gebrauchsgüter;TEL-01;Telefon;99,9;Prozent;ATG001;Ausstattungsgrad je 100 Haushalte
63111;Laufende Wirtschaftsrechnungen;STAG;Stichtag;2019-01-01;DINSGF;Früheres Bundesgebiet / Neue Länder;DF;Früheres Bundesgebiet;GUTGB2;Gebrauchsgüter;ISDN-01;ISDN-Anschluss;-;Prozent;ATG001;Ausstattungsgrad je 100 Haushalte
63111;Laufende Wirtschaftsrechnungen;STAG;Stichtag;2019-01-01;DINSGF;Früheres Bundesgebiet / Neue Länder;DN;Neue Länder;GUTGB2;Gebrauchsgüter;ANSCHL-IPTV;TV über DSL/Internet (IPTV);11,6;Prozent;ATG001;Ausstattungsgrad je 100 Haushalte
63111;Laufende Wirtschaftsrechnungen;STAG;Stichtag;2017-01-01;DINSGF;Früheres Bundesgebiet / Neue Länder;DN;Neue Länder;GUTGB2;Gebrauchsgüter;CAM-DIGITAL-01;Camcorder (Videokamera) digital;-;Prozent;ATG001;Ausstattungsgrad je 100 Haushalte
63111;Laufende Wirtschaftsrechnungen;STAG;Stichtag;2017-01-01;DINSGF;Früheres Bundesgebiet / Neue Länder;DN;Neue Länder;GUTGB2;Gebrauchsgüter;ANSCHL-KAB-01;Kabel-TV-Anschluss;-;Prozent;ATG001;Ausstattungsgrad je 100 Haushalte
63111;Laufende Wirtschaftsrechnungen;STAG;Stichtag;2010-01-01;DINSGF;Früheres Bundesgebiet / Neue Länder;DF;Früheres Bundesgebiet;GUTGB2;Gebrauchsgüter;SPUEL-01;Geschirrspülmaschine;67,4;Prozent;ATG001;Ausstattungsgrad je 100 Haushalte
63111;Laufende Wirtschaftsrechnungen;STAG;Stichtag;2021-01-01;DINSGF;Früheres Bundesgebiet / Neue Länder;DF;Früheres Bundesgebiet;GUTGB2;Gebrauchsgüter;PKW-GEBR-02;Pkw gebraucht gekauft, Elektroauto, Plug-in-Hybrid;0,5;Prozent;ATG001;Ausstattungsgrad je 100 Haushalte
63111;Laufende Wirtschaftsrechnungen;STAG;Stichtag;2010-01-01;DINSGF;Früheres Bundesgebiet / Neue Länder;DN;Neue Länder;GUTGB2;Gebrauchsgüter;VIDEO-REC-01;Videorecorder;-;Prozent;ATG001;Ausstattungsgrad je 100 Haushalte
63111;Laufende Wirtschaftsrechnungen;STAG;Stichtag;2014-01-01;DINSGF;Früheres Bundesgebiet / Neue Länder;DF;Früheres Bundesgebiet;GUTGB2;Gebrauchsgüter;TEL-01;Telefon;99,9;Prozent;ATG001;Ausstattungsgrad je 100 Haushalte
63111;Laufende Wirtschaftsrechnungen;STAG;Stichtag;2015-01-01;DINSGF;Früheres Bundesgebiet / Neue Länder;DN;Neue Länder;GUTGB2;Gebrauchsgüter;TV-02;(Farb-)Fernsehgerät;98,7;Prozent;ATG001;Ausstattungsgrad je 100 Haushalte
63111;Laufende Wirtschaftsrechnungen;STAG;Stichtag;2022-01-01;DINSGF;Früheres Bundesgebiet / Neue Länder;DN;Neue Länder;GUTGB2;Gebrauchsgüter;TEL-STAT-01;Telefon stationär (auch schnurlos);79,3;Prozent;ATG001;Ausstattungsgrad je 100 Haushalte
63111;Laufende Wirtschaftsrechnungen;STAG;Stichtag;2017-01-01;DINSGF;Früheres Bundesgebiet / Neue Länder;DF;Früheres Bundesgebiet;GUTGB2;Gebrauchsgüter;BRD-01;Blu-ray-Gerät;-;Prozent;ATG001;Ausstattungsgrad je 100 Haushalte
63111;Laufende Wirtschaftsrechnungen;STAG;Stichtag;2017-01-01;DINSGF;Früheres Bundesgebiet / Neue Länder;DN;Neue Länder;GUTGB2;Gebrauchsgüter;TEL-STAT-01;Telefon stationär (auch schnurlos);-;Prozent;ATG001;Ausstattungsgrad je 100 Haushalte
63111;Laufende Wirtschaftsrechnungen;STAG;Stichtag;2022-01-01;DINSGF;Früheres Bundesgebiet / Neue Länder;DF;Früheres Bundesgebiet;GUTGB2;Gebrauchsgüter;PKW-GEBR-02;Pkw gebraucht gekauft, Elektroauto, Plug-in-Hybrid;0,8;Prozent;ATG001;Ausstattungsgrad je 100 Haushalte
63111;Laufende Wirtschaftsrechnungen;STAG;Stichtag;2010-01-01;DINSGF;Früheres Bundesgebiet / Neue Länder;DN;Neue Länder;GUTGB2;Gebrauchsgüter;ANSCHL-ANT-02;Antennen-TV-Anschluss (DVB-T2 HD);-;Prozent;ATG001;Ausstattungsgrad je 100 Haushalte
63111;Laufende Wirtschaftsrechnungen;STAG;Stichtag;2022-01-01;DINSGF;Früheres Bundesgebiet / Neue Länder;DF;Früheres Bundesgebiet;GUTGB2;Gebrauchsgüter;WASCHM-01;Waschmaschine;-;Prozent;ATG001;Ausstattungsgrad je 100 Haushalte
63111;Laufende Wirtschaftsrechnungen;STAG;Stichtag;2014-01-01;DINSGF;Früheres Bundesgebiet / Neue Länder;DF;Früheres Bundesgebiet;GUTGB2;Gebrauchsgüter;ANSCHL-IPTV;TV über DSL/Internet (IPTV);-;Prozent;ATG001;Ausstattungsgrad je 100 Haushalte
63111;Laufende Wirtschaftsrechnungen;STAG;Stichtag;2017-01-01;DINSGF;Früheres Bundesgebiet / Neue Länder;DF;Früheres Bundesgebiet;GUTGB2;Gebrauchsgüter;MD-01;MiniDisc-Player/Recorder;-;Prozent;ATG001;Ausstattungsgrad je 100 Haushalte
63111;Laufende Wirtschaftsrechnungen;STAG;Stichtag;2017-01-01;DINSGF;Früheres Bundesgebiet / Neue Länder;DN;Neue Länder;GUTGB2;Gebrauchsgüter;PKW-01;Personenkraftwagen;-;Prozent;ATG001;Ausstattungsgrad je 100 Haushalte
63111;Laufende Wirtschaftsrechnungen;STAG;Stichtag;2020-01-01;DINSGF;Früheres Bundesgebiet / Neue Länder;DN;Neue Länder;GUTGB2;Gebrauchsgüter;KRAFTRAD-06;E-Roller, E-Bike mit Führerscheinpflicht;-;Prozent;ATG001;Ausstattungsgrad je 100 Haushalte
63111;Laufende Wirtschaftsrechnungen;STAG;Stichtag;2010-01-01;DINSGF;Früheres Bundesgebiet / Neue Länder;DF;Früheres Bundesgebiet;GUTGB2;Gebrauchsgüter;PC-STAT-01;PC stationär;63,8;Prozent;ATG001;Ausstattungsgrad je 100 Haushalte
63111;Laufende Wirtschaftsrechnungen;STAG;Stichtag;2019-01-01;DINSGF;Früheres Bundesgebiet / Neue Länder;DN;Neue Länder;GUTGB2;Gebrauchsgüter;SMART-03;Smartes Energiemanagementsystem;-;Prozent;ATG001;Ausstattungsgrad je 100 Haushalte
63111;Laufende Wirtschaftsrechnungen;STAG;Stichtag;2016-01-01;DINSGF;Früheres Bundesgebiet / Neue Länder;DN;Neue Länder;GUTGB2;Gebrauchsgüter;ISDN-01;ISDN-Anschluss;-;Prozent;ATG001;Ausstattungsgrad je 100 Haushalte
63111;Laufende Wirtschaftsrechnungen;STAG;Stichtag;2010-01-01;DINSGF;Früheres Bundesgebiet / Neue Länder;DN;Neue Länder;GUTGB2;Gebrauchsgüter;SMART-02;Smart Speaker (intelligenter/WLAN-Lautsprecher);-;Prozent;ATG001;Ausstattungsgrad je 100 Haushalte
63111;Laufende Wirtschaftsrechnungen;STAG;Stichtag;2021-01-01;DINSGF;Früheres Bundesgebiet / Neue Länder;DN;Neue Länder;GUTGB2;Gebrauchsgüter;TEL-STAT-01;Telefon stationär (auch schnurlos);79,3;Prozent;ATG001;Ausstattungsgrad je 100 Haushalte
63111;Laufende Wirtschaftsrechnungen;STAG;Stichtag;2019-01-01;DINSGF;Früheres Bundesgebiet / Neue Länder;DN;Neue Länder;GUTGB2;Gebrauchsgüter;RADIO-REC-01;Radiorecorder/Stereorundfunkgerät;-;Prozent;ATG001;Ausstattungsgrad je 100 Haushalte
63111;Laufende Wirtschaftsrechnungen;STAG;Stichtag;2011-01-01;DINSGF;Früheres Bundesgebiet / Neue Länder;DF;Früheres Bundesgebiet;GUTGB2;Gebrauchsgüter;VIDEO-REC-01;Videorecorder;-;Prozent;ATG001;Ausstattungsgrad je 100 Haushalte
63111;Laufende Wirtschaftsrechnungen;STAG;Stichtag;2016-01-01;DINSGF;Früheres Bundesgebiet / Neue Länder;DN;Neue Länder;GUTGB2;Gebrauchsgüter;FAX-STAT-01;Telefaxgerät stationär;-;Prozent;ATG001;Ausstattungsgrad je 100 Haushalte
63111;Laufende Wirtschaftsrechnungen;STAG;Stichtag;2020-01-01;DINSGF;Früheres Bundesgebiet / Neue Länder;DN;Neue Länder;GUTGB2;Gebrauchsgüter;FOTO-02;Fotoapparat/Digitalkamera;71,8;Prozent;ATG001;Ausstattungsgrad je 100 Haushalte
63111;Laufende Wirtschaftsrechnungen;STAG;Stichtag;2011-01-01;DINSGF;Früheres Bundesgebiet / Neue Länder;DF;Früheres Bundesgebiet;GUTGB2;Gebrauchsgüter;INTERNET-01;Internetanschluss, -zugang;77,1;Prozent;ATG001;Ausstattungsgrad je 100 Haushalte
63111;Laufende Wirtschaftsrechnungen;STAG;Stichtag;2017-01-01;DINSGF;Früheres Bundesgebiet / Neue Länder;DF;Früheres Bundesgebiet;GUTGB2;Gebrauchsgüter;PC-STAT-01;PC stationär;-;Prozent;ATG001;Ausstattungsgrad je 100 Haushalte
63111;Laufende Wirtschaftsrechnungen;STAG;Stichtag;2015-01-01;DINSGF;Früheres Bundesgebiet / Neue Länder;DN;Neue Länder;GUTGB2;Gebrauchsgüter;KUEHL-01;Kühlschrank (auch Gefrier- und Kühlkombination);100,0;Prozent;ATG001;Ausstattungsgrad je 100 Haushalte
63111;Laufende Wirtschaftsrechnungen;STAG;Stichtag;2014-01-01;DINSGF;Früheres Bundesgebiet / Neue Länder;DN;Neue Länder;GUTGB2;Gebrauchsgüter;SMART-03;Smartes Energiemanagementsystem;-;Prozent;ATG001;Ausstattungsgrad je 100 Haushalte
63111;Laufende Wirtschaftsrechnungen;STAG;Stichtag;2019-01-01;DINSGF;Früheres Bundesgebiet / Neue Länder;DN;Neue Länder;GUTGB2;Gebrauchsgüter;KAFFEEM-03;Pad- oder Kapselmaschine;27,3;Prozent;ATG001;Ausstattungsgrad je 100 Haushalte
63111;Laufende Wirtschaftsrechnungen;STAG;Stichtag;2017-01-01;DINSGF;Früheres Bundesgebiet / Neue Länder;DN;Neue Länder;GUTGB2;Gebrauchsgüter;ANTW-STAT-01;Anrufbeantworter stationär;-;Prozent;ATG001;Ausstattungsgrad je 100 Haushalte
63111;Laufende Wirtschaftsrechnungen;STAG;Stichtag;2017-01-01;DINSGF;Früheres Bundesgebiet / Neue Länder;DN;Neue Länder;GUTGB2;Gebrauchsgüter;DEC-PAYTV-01;Pay-TV-Decoder;-;Prozent;ATG001;Ausstattungsgrad je 100 Haushalte
63111;Laufende Wirtschaftsrechnungen;STAG;Stichtag;2016-01-01;DINSGF;Früheres Bundesgebiet / Neue Länder;DF;Früheres Bundesgebiet;GUTGB2;Gebrauchsgüter;DVD-02;DVD-Player/Recorder;-;Prozent;ATG001;Ausstattungsgrad je 100 Haushalte
63111;Laufende Wirtschaftsrechnungen;STAG;Stichtag;2011-01-01;DINSGF;Früheres Bundesgebiet / Neue Länder;DF;Früheres Bundesgebiet;GUTGB2;Gebrauchsgüter;MODEM-01;Modem für Datenübertragung;-;Prozent;ATG001;Ausstattungsgrad je 100 Haushalte
63111;Laufende Wirtschaftsrechnungen;STAG;Stichtag;2014-01-01;DINSGF;Früheres Bundesgebiet / Neue Länder;DF;Früheres Bundesgebiet;GUTGB2;Gebrauchsgüter;FAX-STAT-01;Telefaxgerät stationär;-;Prozent;ATG001;Ausstattungsgrad je 100 Haushalte
63111;Laufende Wirtschaftsrechnungen;STAG;Stichtag;2010-01-01;DINSGF;Früheres Bundesgebiet / Neue Länder;DN;Neue Länder;GUTGB2;Gebrauchsgüter;PC-MOBIL-05;Tablet;-;Prozent;ATG001;Ausstattungsgrad je 100 Haushalte
63111;Laufende Wirtschaftsrechnungen;STAG;Stichtag;2016-01-01;DINSGF;Früheres Bundesgebiet / Neue Länder;DN;Neue Länder;GUTGB2;Gebrauchsgüter;FOTO-ANALOG-01;Fotoapparat analog;32,2;Prozent;ATG001;Ausstattungsgrad je 100 Haushalte
63111;Laufende Wirtschaftsrechnungen;STAG;Stichtag;2022-01-01;DINSGF;Früheres Bundesgebiet / Neue Länder;DF;Früheres Bundesgebiet;GUTGB2;Gebrauchsgüter;SMART-05;Smartes Haushaltsgerät;13,4;Prozent;ATG001;Ausstattungsgrad je 100 Haushalte
63111;Laufende Wirtschaftsrechnungen;STAG;Stichtag;2021-01-01;DINSGF;Früheres Bundesgebiet / Neue Länder;DN;Neue Länder;GUTGB2;Gebrauchsgüter;CD-STAT-01;CD-Player stationär;-;Prozent;ATG001;Ausstattungsgrad je 100 Haushalte
63111;Laufende Wirtschaftsrechnungen;STAG;Stichtag;2016-01-01;DINSGF;Früheres Bundesgebiet / Neue Länder;DF;Früheres Bundesgebiet;GUTGB2;Gebrauchsgüter;ANSCHL-IPTV;TV über DSL/Internet (IPTV);-;Prozent;ATG001;Ausstattungsgrad je 100 Haushalte
63111;Laufende Wirtschaftsrechnungen;STAG;Stichtag;2017-01-01;DINSGF;Früheres Bundesgebiet / Neue Länder;DF;Früheres Bundesgebiet;GUTGB2;Gebrauchsgüter;SMART-04;Smartes Sicherheitssystem;-;Prozent;ATG001;Ausstattungsgrad je 100 Haushalte
63111;Laufende Wirtschaftsrechnungen;STAG;Stichtag;2019-01-01;DINSGF;Früheres Bundesgebiet / Neue Länder;DN;Neue Länder;GUTGB2;Gebrauchsgüter;FOTO-02;Fotoapparat/Digitalkamera;73,8;Prozent;ATG001;Ausstattungsgrad je 100 Haushalte
63111;Laufende Wirtschaftsrechnungen;STAG;Stichtag;2020-01-01;DINSGF;Früheres Bundesgebiet / Neue Länder;DN;Neue Länder;GUTGB2;Gebrauchsgüter;PKW-GEL-02;Pkw geleast, Elektroauto, Plug-in-Hybrid;-;Prozent;ATG001;Ausstattungsgrad je 100 Haushalte
63111;Laufende Wirtschaftsrechnungen;STAG;Stichtag;2020-01-01;DINSGF;Früheres Bundesgebiet / Neue Länder;DF;Früheres Bundesgebiet;GUTGB2;Gebrauchsgüter;ANSCHL-ANT-02;Antennen-TV-Anschluss (DVB-T2 HD);-;Prozent;ATG001;Ausstattungsgrad je 100 Haushalte
63111;Laufende Wirtschaftsrechnungen;STAG;Stichtag;2021-01-01;DINSGF;Früheres Bundesgebiet / Neue Länder;DF;Früheres Bundesgebiet;GUTGB2;Gebrauchsgüter;BRD-01;Blu-ray-Gerät;24,8;Prozent;ATG001;Ausstattungsgrad je 100 Haushalte
63111;Laufende Wirtschaftsrechnungen;STAG;Stichtag;2010-01-01;DINSGF;Früheres Bundesgebiet / Neue Länder;DF;Früheres Bundesgebiet;GUTGB2;Gebrauchsgüter;TEL-01;Telefon;99,3;Prozent;ATG001;Ausstattungsgrad je 100 Haushalte
63111;Laufende Wirtschaftsrechnungen;STAG;Stichtag;2019-01-01;DINSGF;Früheres Bundesgebiet / Neue Länder;DN;Neue Länder;GUTGB2;Gebrauchsgüter;FAHRRAD-03;E-Scooter (Tretroller m.Elektroantr. oh. Füh.pfl.);-;Prozent;ATG001;Ausstattungsgrad je 100 Haushalte
63111;Laufende Wirtschaftsrechnungen;STAG;Stichtag;2021-01-01;DINSGF;Früheres Bundesgebiet / Neue Länder;DF;Früheres Bundesgebiet;GUTGB2;Gebrauchsgüter;MP3PLAY01;MP3-Player;27,2;Prozent;ATG001;Ausstattungsgrad je 100 Haushalte
63111;Laufende Wirtschaftsrechnungen;STAG;Stichtag;2020-01-01;DINSGF;Früheres Bundesgebiet / Neue Länder;DF;Früheres Bundesgebiet;GUTGB2;Gebrauchsgüter;PC-STAT-01;PC stationär;45,5;Prozent;ATG001;Ausstattungsgrad je 100 Haushalte
63111;Laufende Wirtschaftsrechnungen;STAG;Stichtag;2019-01-01;DINSGF;Früheres Bundesgebiet / Neue Länder;DN;Neue Länder;GUTGB2;Gebrauchsgüter;FOTO-DIGITAL-01;Digitalkamera (Fotoapparat digital);64,6;Prozent;ATG001;Ausstattungsgrad je 100 Haushalte
63111;Laufende Wirtschaftsrechnungen;STAG;Stichtag;2021-01-01;DINSGF;Früheres Bundesgebiet / Neue Länder;DN;Neue Länder;GUTGB2;Gebrauchsgüter;INTERNET-10;Internetanschluss, -zugang stationär;86,0;Prozent;ATG001;Ausstattungsgrad je 100 Haushalte
63111;Laufende Wirtschaftsrechnungen;STAG;Stichtag;2010-01-01;DINSGF;Früheres Bundesgebiet / Neue Länder;DN;Neue Länder;GUTGB2;Gebrauchsgüter;PKW-07;Personenkraftwagen, Elektroauto, Plug-in-Hybrid;-;Prozent;ATG001;Ausstattungsgrad je 100 Haushalte
63111;Laufende Wirtschaftsrechnungen;STAG;Stichtag;2015-01-01;DINSGF;Früheres Bundesgebiet / Neue Länder;DN;Neue Länder;GUTGB2;Gebrauchsgüter;PKW-NEU-02;Pkw fabrikneu gekauft, Elektroauto, Plug-in-Hybrid;-;Prozent;ATG001;Ausstattungsgrad je 100 Haushalte
63111;Laufende Wirtschaftsrechnungen;STAG;Stichtag;2022-01-01;DINSGF;Früheres Bundesgebiet / Neue Länder;DN;Neue Länder;GUTGB2;Gebrauchsgüter;FAHRRAD-03;E-Scooter (Tretroller m.Elektroantr. oh. Füh.pfl.);/;Prozent;ATG001;Ausstattungsgrad je 100 Haushalte
63111;Laufende Wirtschaftsrechnungen;STAG;Stichtag;2014-01-01;DINSGF;Früheres Bundesgebiet / Neue Länder;DN;Neue Länder;GUTGB2;Gebrauchsgüter;ANSCHL-ANT-01;Antennen-TV-Anschluss (DVB-T);16,3;Prozent;ATG001;Ausstattungsgrad je 100 Haushalte
63111;Laufende Wirtschaftsrechnungen;STAG;Stichtag;2017-01-01;DINSGF;Früheres Bundesgebiet / Neue Länder;DN;Neue Länder;GUTGB2;Gebrauchsgüter;MD-01;MiniDisc-Player/Recorder;-;Prozent;ATG001;Ausstattungsgrad je 100 Haushalte
63111;Laufende Wirtschaftsrechnungen;STAG;Stichtag;2016-01-01;DINSGF;Früheres Bundesgebiet / Neue Länder;DN;Neue Länder;GUTGB2;Gebrauchsgüter;TROCK-01;Wäschetrockner (auch in Kombigeräten);24,1;Prozent;ATG001;Ausstattungsgrad je 100 Haushalte
63111;Laufende Wirtschaftsrechnungen;STAG;Stichtag;2022-01-01;DINSGF;Früheres Bundesgebiet / Neue Länder;DN;Neue Länder;GUTGB2;Gebrauchsgüter;KAFFEEM-03;Pad- oder Kapselmaschine;26,0;Prozent;ATG001;Ausstattungsgrad je 100 Haushalte
63111;Laufende Wirtschaftsrechnungen;STAG;Stichtag;2010-01-01;DINSGF;Früheres Bundesgebiet / Neue Länder;DF;Früheres Bundesgebiet;GUTGB2;Gebrauchsgüter;SMART-01;Smart TV (Fernseher);-;Prozent;ATG001;Ausstattungsgrad je 100 Haushalte
63111;Laufende Wirtschaftsrechnungen;STAG;Stichtag;2010-01-01;DINSGF;Früheres Bundesgebiet / Neue Länder;DN;Neue Länder;GUTGB2;Gebrauchsgüter;PKW-GEL-02;Pkw geleast, Elektroauto, Plug-in-Hybrid;-;Prozent;ATG001;Ausstattungsgrad je 100 Haushalte
63111;Laufende Wirtschaftsrechnungen;STAG;Stichtag;2021-01-01;DINSGF;Früheres Bundesgebiet / Neue Länder;DF;Früheres Bundesgebiet;GUTGB2;Gebrauchsgüter;DEC-DVBT-01;DVB-T-Gerät (Decoder);-;Prozent;ATG001;Ausstattungsgrad je 100 Haushalte
63111;Laufende Wirtschaftsrechnungen;STAG;Stichtag;2022-01-01;DINSGF;Früheres Bundesgebiet / Neue Länder;DF;Früheres Bundesgebiet;GUTGB2;Gebrauchsgüter;DVD-02;DVD-Player/Recorder;-;Prozent;ATG001;Ausstattungsgrad je 100 Haushalte
63111;Laufende Wirtschaftsrechnungen;STAG;Stichtag;2017-01-01;DINSGF;Früheres Bundesgebiet / Neue Länder;DN;Neue Länder;GUTGB2;Gebrauchsgüter;FAX-STAT-01;Telefaxgerät stationär;-;Prozent;ATG001;Ausstattungsgrad je 100 Haushalte
63111;Laufende Wirtschaftsrechnungen;STAG;Stichtag;2021-01-01;DINSGF;Früheres Bundesgebiet / Neue Länder;DF;Früheres Bundesgebiet;GUTGB2;Gebrauchsgüter;KUEHL-01;Kühlschrank (auch Gefrier- und Kühlkombination);99,9;Prozent;ATG001;Ausstattungsgrad je 100 Haushalte
63111;Laufende Wirtschaftsrechnungen;STAG;Stichtag;2016-01-01;DINSGF;Früheres Bundesgebiet / Neue Länder;DN;Neue Länder;GUTGB2;Gebrauchsgüter;PKW-GEL-01;Personenkraftwagen geleast;2,3;Prozent;ATG001;Ausstattungsgrad je 100 Haushalte
63111;Laufende Wirtschaftsrechnungen;STAG;Stichtag;2016-01-01;DINSGF;Früheres Bundesgebiet / Neue Länder;DF;Früheres Bundesgebiet;GUTGB2;Gebrauchsgüter;CAM-ANALOG-01;Camcorder (Videokamera) analog;7,6;Prozent;ATG001;Ausstattungsgrad je 100 Haushalte
63111;Laufende Wirtschaftsrechnungen;STAG;Stichtag;2017-01-01;DINSGF;Früheres Bundesgebiet / Neue Länder;DN;Neue Länder;GUTGB2;Gebrauchsgüter;TEL-01;Telefon;-;Prozent;ATG001;Ausstattungsgrad je 100 Haushalte
63111;Laufende Wirtschaftsrechnungen;STAG;Stichtag;2020-01-01;DINSGF;Früheres Bundesgebiet / Neue Länder;DF;Früheres Bundesgebiet;GUTGB2;Gebrauchsgüter;SMART-03;Smartes Energiemanagementsystem;-;Prozent;ATG001;Ausstattungsgrad je 100 Haushalte
63111;Laufende Wirtschaftsrechnungen;STAG;Stichtag;2022-01-01;DINSGF;Früheres Bundesgebiet / Neue Länder;DF;Früheres Bundesgebiet;GUTGB2;Gebrauchsgüter;TV-02;(Farb-)Fernsehgerät;96,4;Prozent;ATG001;Ausstattungsgrad je 100 Haushalte
63111;Laufende Wirtschaftsrechnungen;STAG;Stichtag;2015-01-01;DINSGF;Früheres Bundesgebiet / Neue Länder;DF;Früheres Bundesgebiet;GUTGB2;Gebrauchsgüter;SAT-01;Satellitenempfangsanlage;-;Prozent;ATG001;Ausstattungsgrad je 100 Haushalte
63111;Laufende Wirtschaftsrechnungen;STAG;Stichtag;2011-01-01;DINSGF;Früheres Bundesgebiet / Neue Länder;DN;Neue Länder;GUTGB2;Gebrauchsgüter;PC-MOBIL-05;Tablet;-;Prozent;ATG001;Ausstattungsgrad je 100 Haushalte
63111;Laufende Wirtschaftsrechnungen;STAG;Stichtag;2015-01-01;DINSGF;Früheres Bundesgebiet / Neue Länder;DF;Früheres Bundesgebiet;GUTGB2;Gebrauchsgüter;ANSCHL-KAB-01;Kabel-TV-Anschluss;44,0;Prozent;ATG001;Ausstattungsgrad je 100 Haushalte
63111;Laufende Wirtschaftsrechnungen;STAG;Stichtag;2019-01-01;DINSGF;Früheres Bundesgebiet / Neue Länder;DF;Früheres Bundesgebiet;GUTGB2;Gebrauchsgüter;PKW-NEU-02;Pkw fabrikneu gekauft, Elektroauto, Plug-in-Hybrid;-;Prozent;ATG001;Ausstattungsgrad je 100 Haushalte
63111;Laufende Wirtschaftsrechnungen;STAG;Stichtag;2015-01-01;DINSGF;Früheres Bundesgebiet / Neue Länder;DN;Neue Länder;GUTGB2;Gebrauchsgüter;FAX-STAT-01;Telefaxgerät stationär;-;Prozent;ATG001;Ausstattungsgrad je 100 Haushalte
63111;Laufende Wirtschaftsrechnungen;STAG;Stichtag;2021-01-01;DINSGF;Früheres Bundesgebiet / Neue Länder;DF;Früheres Bundesgebiet;GUTGB2;Gebrauchsgüter;MD-01;MiniDisc-Player/Recorder;-;Prozent;ATG001;Ausstattungsgrad je 100 Haushalte
63111;Laufende Wirtschaftsrechnungen;STAG;Stichtag;2022-01-01;DINSGF;Früheres Bundesgebiet / Neue Länder;DF;Früheres Bundesgebiet;GUTGB2;Gebrauchsgüter;SPORT-HOME-01;Sportgeräte (Heimtrainer);28,2;Prozent;ATG001;Ausstattungsgrad je 100 Haushalte
63111;Laufende Wirtschaftsrechnungen;STAG;Stichtag;2015-01-01;DINSGF;Früheres Bundesgebiet / Neue Länder;DN;Neue Länder;GUTGB2;Gebrauchsgüter;FAHRRAD-02;Pedelec (E-Bike ohne Führerscheinpflicht);1,7;Prozent;ATG001;Ausstattungsgrad je 100 Haushalte
63111;Laufende Wirtschaftsrechnungen;STAG;Stichtag;2017-01-01;DINSGF;Früheres Bundesgebiet / Neue Länder;DN;Neue Länder;GUTGB2;Gebrauchsgüter;TEL-MOBIL-01;Telefon mobil (Autotelefon, Handy);-;Prozent;ATG001;Ausstattungsgrad je 100 Haushalte
63111;Laufende Wirtschaftsrechnungen;STAG;Stichtag;2017-01-01;DINSGF;Früheres Bundesgebiet / Neue Länder;DF;Früheres Bundesgebiet;GUTGB2;Gebrauchsgüter;PKW-GEL-02;Pkw geleast, Elektroauto, Plug-in-Hybrid;-;Prozent;ATG001;Ausstattungsgrad je 100 Haushalte
63111;Laufende Wirtschaftsrechnungen;STAG;Stichtag;2019-01-01;DINSGF;Früheres Bundesgebiet / Neue Länder;DF;Früheres Bundesgebiet;GUTGB2;Gebrauchsgüter;PC-01;Personalcomputer;92,2;Prozent;ATG001;Ausstattungsgrad je 100 Haushalte
63111;Laufende Wirtschaftsrechnungen;STAG;Stichtag;2017-01-01;DINSGF;Früheres Bundesgebiet / Neue Länder;DN;Neue Länder;GUTGB2;Gebrauchsgüter;TEL-SMART;Smartphone;-;Prozent;ATG001;Ausstattungsgrad je 100 Haushalte
63111;Laufende Wirtschaftsrechnungen;STAG;Stichtag;2010-01-01;DINSGF;Früheres Bundesgebiet / Neue Länder;DN;Neue Länder;GUTGB2;Gebrauchsgüter;MP3PLAY01;MP3-Player;35,6;Prozent;ATG001;Ausstattungsgrad je 100 Haushalte
63111;Laufende Wirtschaftsrechnungen;STAG;Stichtag;2020-01-01;DINSGF;Früheres Bundesgebiet / Neue Länder;DF;Früheres Bundesgebiet;GUTGB2;Gebrauchsgüter;KAFFEEM-04;Kaffeevollautomat;21,2;Prozent;ATG001;Ausstattungsgrad je 100 Haushalte
63111;Laufende Wirtschaftsrechnungen;STAG;Stichtag;2017-01-01;DINSGF;Früheres Bundesgebiet / Neue Länder;DN;Neue Länder;GUTGB2;Gebrauchsgüter;MIKROW-01;Mikrowellengerät;-;Prozent;ATG001;Ausstattungsgrad je 100 Haushalte
63111;Laufende Wirtschaftsrechnungen;STAG;Stichtag;2014-01-01;DINSGF;Früheres Bundesgebiet / Neue Länder;DN;Neue Länder;GUTGB2;Gebrauchsgüter;PC-MOBIL-05;Tablet;-;Prozent;ATG001;Ausstattungsgrad je 100 Haushalte
63111;Laufende Wirtschaftsrechnungen;STAG;Stichtag;2019-01-01;DINSGF;Früheres Bundesgebiet / Neue Länder;DN;Neue Länder;GUTGB2;Gebrauchsgüter;TEL-01;Telefon;100,0;Prozent;ATG001;Ausstattungsgrad je 100 Haushalte
63111;Laufende Wirtschaftsrechnungen;STAG;Stichtag;2020-01-01;DINSGF;Früheres Bundesgebiet / Neue Länder;DF;Früheres Bundesgebiet;GUTGB2;Gebrauchsgüter;DVD-02;DVD-Player/Recorder;-;Prozent;ATG001;Ausstattungsgrad je 100 Haushalte
63111;Laufende Wirtschaftsrechnungen;STAG;Stichtag;2011-01-01;DINSGF;Früheres Bundesgebiet / Neue Länder;DN;Neue Länder;GUTGB2;Gebrauchsgüter;CD-01;CD-Player/CD-Recorder (auch im PC);80,4;Prozent;ATG001;Ausstattungsgrad je 100 Haushalte
63111;Laufende Wirtschaftsrechnungen;STAG;Stichtag;2022-01-01;DINSGF;Früheres Bundesgebiet / Neue Länder;DN;Neue Länder;GUTGB2;Gebrauchsgüter;ANSCHL-SAT-01;Satelliten-TV-Anschluss;37,7;Prozent;ATG001;Ausstattungsgrad je 100 Haushalte
63111;Laufende Wirtschaftsrechnungen;STAG;Stichtag;2022-01-01;DINSGF;Früheres Bundesgebiet / Neue Länder;DN;Neue Länder;GUTGB2;Gebrauchsgüter;TEL-MOBIL-01;Telefon mobil (Autotelefon, Handy);98,2;Prozent;ATG001;Ausstattungsgrad je 100 Haushalte
63111;Laufende Wirtschaftsrechnungen;STAG;Stichtag;2010-01-01;DINSGF;Früheres Bundesgebiet / Neue Länder;DF;Früheres Bundesgebiet;GUTGB2;Gebrauchsgüter;SPIELE-01;Spielekonsole;23,8;Prozent;ATG001;Ausstattungsgrad je 100 Haushalte
63111;Laufende Wirtschaftsrechnungen;STAG;Stichtag;2022-01-01;DINSGF;Früheres Bundesgebiet / Neue Länder;DN;Neue Länder;GUTGB2;Gebrauchsgüter;DEC-DVBT-01;DVB-T-Gerät (Decoder);-;Prozent;ATG001;Ausstattungsgrad je 100 Haushalte
63111;Laufende Wirtschaftsrechnungen;STAG;Stichtag;2019-01-01;DINSGF;Früheres Bundesgebiet / Neue Länder;DN;Neue Länder;GUTGB2;Gebrauchsgüter;MIKROW-01;Mikrowellengerät;76,0;Prozent;ATG001;Ausstattungsgrad je 100 Haushalte
63111;Laufende Wirtschaftsrechnungen;STAG;Stichtag;2014-01-01;DINSGF;Früheres Bundesgebiet / Neue Länder;DF;Früheres Bundesgebiet;GUTGB2;Gebrauchsgüter;WASCHM-01;Waschmaschine;94,9;Prozent;ATG001;Ausstattungsgrad je 100 Haushalte
63111;Laufende Wirtschaftsrechnungen;STAG;Stichtag;2022-01-01;DINSGF;Früheres Bundesgebiet / Neue Länder;DN;Neue Länder;GUTGB2;Gebrauchsgüter;PKW-07;Personenkraftwagen, Elektroauto, Plug-in-Hybrid;1,5;Prozent;ATG001;Ausstattungsgrad je 100 Haushalte
63111;Laufende Wirtschaftsrechnungen;STAG;Stichtag;2011-01-01;DINSGF;Früheres Bundesgebiet / Neue Länder;DN;Neue Länder;GUTGB2;Gebrauchsgüter;TV-03;Flachbildfernseher (LCD, Plasma);49,0;Prozent;ATG001;Ausstattungsgrad je 100 Haushalte
63111;Laufende Wirtschaftsrechnungen;STAG;Stichtag;2017-01-01;DINSGF;Früheres Bundesgebiet / Neue Länder;DN;Neue Länder;GUTGB2;Gebrauchsgüter;SMART-05;Smartes Haushaltsgerät;-;Prozent;ATG001;Ausstattungsgrad je 100 Haushalte
63111;Laufende Wirtschaftsrechnungen;STAG;Stichtag;2010-01-01;DINSGF;Früheres Bundesgebiet / Neue Länder;DN;Neue Länder;GUTGB2;Gebrauchsgüter;RADIO-REC-01;Radiorecorder/Stereorundfunkgerät;-;Prozent;ATG001;Ausstattungsgrad je 100 Haushalte
63111;Laufende Wirtschaftsrechnungen;STAG;Stichtag;2017-01-01;DINSGF;Früheres Bundesgebiet / Neue Länder;DF;Früheres Bundesgebiet;GUTGB2;Gebrauchsgüter;SAT-01;Satellitenempfangsanlage;-;Prozent;ATG001;Ausstattungsgrad je 100 Haushalte
63111;Laufende Wirtschaftsrechnungen;STAG;Stichtag;2017-01-01;DINSGF;Früheres Bundesgebiet / Neue Länder;DF;Früheres Bundesgebiet;GUTGB2;Gebrauchsgüter;NAVIGASYS01;Navigationssystem;-;Prozent;ATG001;Ausstattungsgrad je 100 Haushalte
63111;Laufende Wirtschaftsrechnungen;STAG;Stichtag;2015-01-01;DINSGF;Früheres Bundesgebiet / Neue Länder;DN;Neue Länder;GUTGB2;Gebrauchsgüter;TEL-01;Telefon;100,0;Prozent;ATG001;Ausstattungsgrad je 100 Haushalte
63111;Laufende Wirtschaftsrechnungen;STAG;Stichtag;2022-01-01;DINSGF;Früheres Bundesgebiet / Neue Länder;DN;Neue Länder;GUTGB2;Gebrauchsgüter;ANTW-STAT-01;Anrufbeantworter stationär;-;Prozent;ATG001;Ausstattungsgrad je 100 Haushalte
63111;Laufende Wirtschaftsrechnungen;STAG;Stichtag;2010-01-01;DINSGF;Früheres Bundesgebiet / Neue Länder;DF;Früheres Bundesgebiet;GUTGB2;Gebrauchsgüter;KAFFEEM-02;Filterkaffeemaschine;-;Prozent;ATG001;Ausstattungsgrad je 100 Haushalte
63111;Laufende Wirtschaftsrechnungen;STAG;Stichtag;2015-01-01;DINSGF;Früheres Bundesgebiet / Neue Länder;DN;Neue Länder;GUTGB2;Gebrauchsgüter;PC-01;Personalcomputer;87,1;Prozent;ATG001;Ausstattungsgrad je 100 Haushalte
63111;Laufende Wirtschaftsrechnungen;STAG;Stichtag;2015-01-01;DINSGF;Früheres Bundesgebiet / Neue Länder;DF;Früheres Bundesgebiet;GUTGB2;Gebrauchsgüter;FAX-STAT-01;Telefaxgerät stationär;-;Prozent;ATG001;Ausstattungsgrad je 100 Haushalte
63111;Laufende Wirtschaftsrechnungen;STAG;Stichtag;2015-01-01;DINSGF;Früheres Bundesgebiet / Neue Länder;DN;Neue Länder;GUTGB2;Gebrauchsgüter;MODEM-01;Modem für Datenübertragung;-;Prozent;ATG001;Ausstattungsgrad je 100 Haushalte
63111;Laufende Wirtschaftsrechnungen;STAG;Stichtag;2017-01-01;DINSGF;Früheres Bundesgebiet / Neue Länder;DF;Früheres Bundesgebiet;GUTGB2;Gebrauchsgüter;SPORT-HOME-01;Sportgeräte (Heimtrainer);-;Prozent;ATG001;Ausstattungsgrad je 100 Haushalte
63111;Laufende Wirtschaftsrechnungen;STAG;Stichtag;2022-01-01;DINSGF;Früheres Bundesgebiet / Neue Länder;DN;Neue Länder;GUTGB2;Gebrauchsgüter;PKW-GEBR-01;Personenkraftwagen gebraucht gekauft;44,7;Prozent;ATG001;Ausstattungsgrad je 100 Haushalte
63111;Laufende Wirtschaftsrechnungen;STAG;Stichtag;2021-01-01;DINSGF;Früheres Bundesgebiet / Neue Länder;DN;Neue Länder;GUTGB2;Gebrauchsgüter;PKW-NEU-01;Personenkraftwagen fabrikneu gekauft;28,7;Prozent;ATG001;Ausstattungsgrad je 100 Haushalte
63111;Laufende Wirtschaftsrechnungen;STAG;Stichtag;2015-01-01;DINSGF;Früheres Bundesgebiet / Neue Länder;DF;Früheres Bundesgebiet;GUTGB2;Gebrauchsgüter;ANSCHL-ANT-02;Antennen-TV-Anschluss (DVB-T2 HD);-;Prozent;ATG001;Ausstattungsgrad je 100 Haushalte
63111;Laufende Wirtschaftsrechnungen;STAG;Stichtag;2017-01-01;DINSGF;Früheres Bundesgebiet / Neue Länder;DF;Früheres Bundesgebiet;GUTGB2;Gebrauchsgüter;PC-MOBIL-01;PC mobil (Notebook, Laptop, Palmtop);-;Prozent;ATG001;Ausstattungsgrad je 100 Haushalte
63111;Laufende Wirtschaftsrechnungen;STAG;Stichtag;2022-01-01;DINSGF;Früheres Bundesgebiet / Neue Länder;DN;Neue Länder;GUTGB2;Gebrauchsgüter;CAM-DIGITAL-01;Camcorder (Videokamera) digital;-;Prozent;ATG001;Ausstattungsgrad je 100 Haushalte
63111;Laufende Wirtschaftsrechnungen;STAG;Stichtag;2011-01-01;DINSGF;Früheres Bundesgebiet / Neue Länder;DF;Früheres Bundesgebiet;GUTGB2;Gebrauchsgüter;CD-01;CD-Player/CD-Recorder (auch im PC);78,6;Prozent;ATG001;Ausstattungsgrad je 100 Haushalte
63111;Laufende Wirtschaftsrechnungen;STAG;Stichtag;2019-01-01;DINSGF;Früheres Bundesgebiet / Neue Länder;DN;Neue Länder;GUTGB2;Gebrauchsgüter;TEL-SMART;Smartphone;79,5;Prozent;ATG001;Ausstattungsgrad je 100 Haushalte
63111;Laufende Wirtschaftsrechnungen;STAG;Stichtag;2010-01-01;DINSGF;Früheres Bundesgebiet / Neue Länder;DN;Neue Länder;GUTGB2;Gebrauchsgüter;SPORT-HOME-01;Sportgeräte (Heimtrainer);26,8;Prozent;ATG001;Ausstattungsgrad je 100 Haushalte
63111;Laufende Wirtschaftsrechnungen;STAG;Stichtag;2021-01-01;DINSGF;Früheres Bundesgebiet / Neue Länder;DN;Neue Länder;GUTGB2;Gebrauchsgüter;KRAFTRAD-06;E-Roller, E-Bike mit Führerscheinpflicht;3,2;Prozent;ATG001;Ausstattungsgrad je 100 Haushalte
63111;Laufende Wirtschaftsrechnungen;STAG;Stichtag;2015-01-01;DINSGF;Früheres Bundesgebiet / Neue Länder;DF;Früheres Bundesgebiet;GUTGB2;Gebrauchsgüter;PKW-NEU-01;Personenkraftwagen fabrikneu gekauft;34,9;Prozent;ATG001;Ausstattungsgrad je 100 Haushalte
63111;Laufende Wirtschaftsrechnungen;STAG;Stichtag;2017-01-01;DINSGF;Früheres Bundesgebiet / Neue Länder;DN;Neue Länder;GUTGB2;Gebrauchsgüter;ANSCHL-IPTV;TV über DSL/Internet (IPTV);-;Prozent;ATG001;Ausstattungsgrad je 100 Haushalte
63111;Laufende Wirtschaftsrechnungen;STAG;Stichtag;2014-01-01;DINSGF;Früheres Bundesgebiet / Neue Länder;DF;Früheres Bundesgebiet;GUTGB2;Gebrauchsgüter;ANTW-STAT-01;Anrufbeantworter stationär;-;Prozent;ATG001;Ausstattungsgrad je 100 Haushalte
63111;Laufende Wirtschaftsrechnungen;STAG;Stichtag;2021-01-01;DINSGF;Früheres Bundesgebiet / Neue Länder;DN;Neue Länder;GUTGB2;Gebrauchsgüter;MD-01;MiniDisc-Player/Recorder;-;Prozent;ATG001;Ausstattungsgrad je 100 Haushalte
63111;Laufende Wirtschaftsrechnungen;STAG;Stichtag;2011-01-01;DINSGF;Früheres Bundesgebiet / Neue Länder;DF;Früheres Bundesgebiet;GUTGB2;Gebrauchsgüter;SPORT-HOME-01;Sportgeräte (Heimtrainer);31,4;Prozent;ATG001;Ausstattungsgrad je 100 Haushalte
63111;Laufende Wirtschaftsrechnungen;STAG;Stichtag;2011-01-01;DINSGF;Früheres Bundesgebiet / Neue Länder;DN;Neue Länder;GUTGB2;Gebrauchsgüter;ANSCHL-SAT-01;Satelliten-TV-Anschluss;-;Prozent;ATG001;Ausstattungsgrad je 100 Haushalte
63111;Laufende Wirtschaftsrechnungen;STAG;Stichtag;2016-01-01;DINSGF;Früheres Bundesgebiet / Neue Länder;DF;Früheres Bundesgebiet;GUTGB2;Gebrauchsgüter;PC-MOBIL-01;PC mobil (Notebook, Laptop, Palmtop);76,3;Prozent;ATG001;Ausstattungsgrad je 100 Haushalte
63111;Laufende Wirtschaftsrechnungen;STAG;Stichtag;2011-01-01;DINSGF;Früheres Bundesgebiet / Neue Länder;DN;Neue Länder;GUTGB2;Gebrauchsgüter;FAHRRAD-01;Fahrrad;79,0;Prozent;ATG001;Ausstattungsgrad je 100 Haushalte
63111;Laufende Wirtschaftsrechnungen;STAG;Stichtag;2016-01-01;DINSGF;Früheres Bundesgebiet / Neue Länder;DF;Früheres Bundesgebiet;GUTGB2;Gebrauchsgüter;CD-STAT-01;CD-Player stationär;-;Prozent;ATG001;Ausstattungsgrad je 100 Haushalte
63111;Laufende Wirtschaftsrechnungen;STAG;Stichtag;2011-01-01;DINSGF;Früheres Bundesgebiet / Neue Länder;DF;Früheres Bundesgebiet;GUTGB2;Gebrauchsgüter;TV-03;Flachbildfernseher (LCD, Plasma);48,6;Prozent;ATG001;Ausstattungsgrad je 100 Haushalte
63111;Laufende Wirtschaftsrechnungen;STAG;Stichtag;2022-01-01;DINSGF;Früheres Bundesgebiet / Neue Länder;DN;Neue Länder;GUTGB2;Gebrauchsgüter;SMART-04;Smartes Sicherheitssystem;8,2;Prozent;ATG001;Ausstattungsgrad je 100 Haushalte
63111;Laufende Wirtschaftsrechnungen;STAG;Stichtag;2015-01-01;DINSGF;Früheres Bundesgebiet / Neue Länder;DF;Früheres Bundesgebiet;GUTGB2;Gebrauchsgüter;CAM-01;Camcorder (Videokamera);18,3;Prozent;ATG001;Ausstattungsgrad je 100 Haushalte
63111;Laufende Wirtschaftsrechnungen;STAG;Stichtag;2014-01-01;DINSGF;Früheres Bundesgebiet / Neue Länder;DN;Neue Länder;GUTGB2;Gebrauchsgüter;SPIELE-01;Spielekonsole;23,7;Prozent;ATG001;Ausstattungsgrad je 100 Haushalte
63111;Laufende Wirtschaftsrechnungen;STAG;Stichtag;2021-01-01;DINSGF;Früheres Bundesgebiet / Neue Länder;DN;Neue Länder;GUTGB2;Gebrauchsgüter;SPIELE-01;Spielekonsole;26,5;Prozent;ATG001;Ausstattungsgrad je 100 Haushalte
63111;Laufende Wirtschaftsrechnungen;STAG;Stichtag;2017-01-01;DINSGF;Früheres Bundesgebiet / Neue Länder;DF;Früheres Bundesgebiet;GUTGB2;Gebrauchsgüter;KAFFEEM-04;Kaffeevollautomat;-;Prozent;ATG001;Ausstattungsgrad je 100 Haushalte
63111;Laufende Wirtschaftsrechnungen;STAG;Stichtag;2010-01-01;DINSGF;Früheres Bundesgebiet / Neue Länder;DF;Früheres Bundesgebiet;GUTGB2;Gebrauchsgüter;DVD-BRD-01;DVD- und Blu-ray-Gerät;-;Prozent;ATG001;Ausstattungsgrad je 100 Haushalte
63111;Laufende Wirtschaftsrechnungen;STAG;Stichtag;2016-01-01;DINSGF;Früheres Bundesgebiet / Neue Länder;DF;Früheres Bundesgebiet;GUTGB2;Gebrauchsgüter;GEFRIER-01;Gefrierschrank, Gefriertruhe (Einzelgeräte);52,5;Prozent;ATG001;Ausstattungsgrad je 100 Haushalte
63111;Laufende Wirtschaftsrechnungen;STAG;Stichtag;2021-01-01;DINSGF;Früheres Bundesgebiet / Neue Länder;DF;Früheres Bundesgebiet;GUTGB2;Gebrauchsgüter;KABEL-01;Kabelanschluss;-;Prozent;ATG001;Ausstattungsgrad je 100 Haushalte
63111;Laufende Wirtschaftsrechnungen;STAG;Stichtag;2015-01-01;DINSGF;Früheres Bundesgebiet / Neue Länder;DN;Neue Länder;GUTGB2;Gebrauchsgüter;PC-MOBIL-05;Tablet;28,4;Prozent;ATG001;Ausstattungsgrad je 100 Haushalte
63111;Laufende Wirtschaftsrechnungen;STAG;Stichtag;2019-01-01;DINSGF;Früheres Bundesgebiet / Neue Länder;DN;Neue Länder;GUTGB2;Gebrauchsgüter;SMART-05;Smartes Haushaltsgerät;-;Prozent;ATG001;Ausstattungsgrad je 100 Haushalte
63111;Laufende Wirtschaftsrechnungen;STAG;Stichtag;2022-01-01;DINSGF;Früheres Bundesgebiet / Neue Länder;DF;Früheres Bundesgebiet;GUTGB2;Gebrauchsgüter;PKW-NEU-02;Pkw fabrikneu gekauft, Elektroauto, Plug-in-Hybrid;1,9;Prozent;ATG001;Ausstattungsgrad je 100 Haushalte
63111;Laufende Wirtschaftsrechnungen;STAG;Stichtag;2011-01-01;DINSGF;Früheres Bundesgebiet / Neue Länder;DF;Früheres Bundesgebiet;GUTGB2;Gebrauchsgüter;PC-MOBIL-01;PC mobil (Notebook, Laptop, Palmtop);53,2;Prozent;ATG001;Ausstattungsgrad je 100 Haushalte
63111;Laufende Wirtschaftsrechnungen;STAG;Stichtag;2014-01-01;DINSGF;Früheres Bundesgebiet / Neue Länder;DN;Neue Länder;GUTGB2;Gebrauchsgüter;SMART-01;Smart TV (Fernseher);-;Prozent;ATG001;Ausstattungsgrad je 100 Haushalte
63111;Laufende Wirtschaftsrechnungen;STAG;Stichtag;2011-01-01;DINSGF;Früheres Bundesgebiet / Neue Länder;DF;Früheres Bundesgebiet;GUTGB2;Gebrauchsgüter;RADIO-REC-01;Radiorecorder/Stereorundfunkgerät;-;Prozent;ATG001;Ausstattungsgrad je 100 Haushalte
63111;Laufende Wirtschaftsrechnungen;STAG;Stichtag;2010-01-01;DINSGF;Früheres Bundesgebiet / Neue Länder;DN;Neue Länder;GUTGB2;Gebrauchsgüter;SMART-04;Smartes Sicherheitssystem;-;Prozent;ATG001;Ausstattungsgrad je 100 Haushalte
63111;Laufende Wirtschaftsrechnungen;STAG;Stichtag;2020-01-01;DINSGF;Früheres Bundesgebiet / Neue Länder;DN;Neue Länder;GUTGB2;Gebrauchsgüter;SPIELE-01;Spielekonsole;24,6;Prozent;ATG001;Ausstattungsgrad je 100 Haushalte
63111;Laufende Wirtschaftsrechnungen;STAG;Stichtag;2019-01-01;DINSGF;Früheres Bundesgebiet / Neue Länder;DN;Neue Länder;GUTGB2;Gebrauchsgüter;VIDEO-REC-01;Videorecorder;-;Prozent;ATG001;Ausstattungsgrad je 100 Haushalte
63111;Laufende Wirtschaftsrechnungen;STAG;Stichtag;2011-01-01;DINSGF;Früheres Bundesgebiet / Neue Länder;DF;Früheres Bundesgebiet;GUTGB2;Gebrauchsgüter;HIFI-01;HiFi-Anlage;-;Prozent;ATG001;Ausstattungsgrad je 100 Haushalte
63111;Laufende Wirtschaftsrechnungen;STAG;Stichtag;2015-01-01;DINSGF;Früheres Bundesgebiet / Neue Länder;DN;Neue Länder;GUTGB2;Gebrauchsgüter;SPIELE-01;Spielekonsole;22,0;Prozent;ATG001;Ausstattungsgrad je 100 Haushalte
63111;Laufende Wirtschaftsrechnungen;STAG;Stichtag;2020-01-01;DINSGF;Früheres Bundesgebiet / Neue Länder;DF;Früheres Bundesgebiet;GUTGB2;Gebrauchsgüter;ISDN-01;ISDN-Anschluss;-;Prozent;ATG001;Ausstattungsgrad je 100 Haushalte
63111;Laufende Wirtschaftsrechnungen;STAG;Stichtag;2019-01-01;DINSGF;Früheres Bundesgebiet / Neue Länder;DN;Neue Länder;GUTGB2;Gebrauchsgüter;TV-03;Flachbildfernseher (LCD, Plasma);92,1;Prozent;ATG001;Ausstattungsgrad je 100 Haushalte
63111;Laufende Wirtschaftsrechnungen;STAG;Stichtag;2014-01-01;DINSGF;Früheres Bundesgebiet / Neue Länder;DF;Früheres Bundesgebiet;GUTGB2;Gebrauchsgüter;PC-MOBIL-01;PC mobil (Notebook, Laptop, Palmtop);69,5;Prozent;ATG001;Ausstattungsgrad je 100 Haushalte
63111;Laufende Wirtschaftsrechnungen;STAG;Stichtag;2019-01-01;DINSGF;Früheres Bundesgebiet / Neue Länder;DN;Neue Länder;GUTGB2;Gebrauchsgüter;CD-01;CD-Player/CD-Recorder (auch im PC);-;Prozent;ATG001;Ausstattungsgrad je 100 Haushalte
63111;Laufende Wirtschaftsrechnungen;STAG;Stichtag;2020-01-01;DINSGF;Früheres Bundesgebiet / Neue Länder;DF;Früheres Bundesgebiet;GUTGB2;Gebrauchsgüter;PKW-01;Personenkraftwagen;79,1;Prozent;ATG001;Ausstattungsgrad je 100 Haushalte
63111;Laufende Wirtschaftsrechnungen;STAG;Stichtag;2011-01-01;DINSGF;Früheres Bundesgebiet / Neue Länder;DF;Früheres Bundesgebiet;GUTGB2;Gebrauchsgüter;PC-DRUCK-01;PC-Drucker (auch in Kombigeräten);-;Prozent;ATG001;Ausstattungsgrad je 100 Haushalte
63111;Laufende Wirtschaftsrechnungen;STAG;Stichtag;2015-01-01;DINSGF;Früheres Bundesgebiet / Neue Länder;DF;Früheres Bundesgebiet;GUTGB2;Gebrauchsgüter;CD-01;CD-Player/CD-Recorder (auch im PC);-;Prozent;ATG001;Ausstattungsgrad je 100 Haushalte
63111;Laufende Wirtschaftsrechnungen;STAG;Stichtag;2014-01-01;DINSGF;Früheres Bundesgebiet / Neue Länder;DF;Früheres Bundesgebiet;GUTGB2;Gebrauchsgüter;PC-STAT-01;PC stationär;54,6;Prozent;ATG001;Ausstattungsgrad je 100 Haushalte
63111;Laufende Wirtschaftsrechnungen;STAG;Stichtag;2011-01-01;DINSGF;Früheres Bundesgebiet / Neue Länder;DN;Neue Länder;GUTGB2;Gebrauchsgüter;FAX-STAT-01;Telefaxgerät stationär;14,7;Prozent;ATG001;Ausstattungsgrad je 100 Haushalte
63111;Laufende Wirtschaftsrechnungen;STAG;Stichtag;2020-01-01;DINSGF;Früheres Bundesgebiet / Neue Länder;DN;Neue Länder;GUTGB2;Gebrauchsgüter;SMART-04;Smartes Sicherheitssystem;-;Prozent;ATG001;Ausstattungsgrad je 100 Haushalte
63111;Laufende Wirtschaftsrechnungen;STAG;Stichtag;2021-01-01;DINSGF;Früheres Bundesgebiet / Neue Länder;DN;Neue Länder;GUTGB2;Gebrauchsgüter;PKW-GEBR-01;Personenkraftwagen gebraucht gekauft;42,8;Prozent;ATG001;Ausstattungsgrad je 100 Haushalte
63111;Laufende Wirtschaftsrechnungen;STAG;Stichtag;2016-01-01;DINSGF;Früheres Bundesgebiet / Neue Länder;DN;Neue Länder;GUTGB2;Gebrauchsgüter;KAFFEEM-03;Pad- oder Kapselmaschine;28,4;Prozent;ATG001;Ausstattungsgrad je 100 Haushalte
63111;Laufende Wirtschaftsrechnungen;STAG;Stichtag;2021-01-01;DINSGF;Früheres Bundesgebiet / Neue Länder;DN;Neue Länder;GUTGB2;Gebrauchsgüter;FOTO-02;Fotoapparat/Digitalkamera;66,7;Prozent;ATG001;Ausstattungsgrad je 100 Haushalte
63111;Laufende Wirtschaftsrechnungen;STAG;Stichtag;2021-01-01;DINSGF;Früheres Bundesgebiet / Neue Länder;DN;Neue Länder;GUTGB2;Gebrauchsgüter;SPORT-HOME-01;Sportgeräte (Heimtrainer);25,0;Prozent;ATG001;Ausstattungsgrad je 100 Haushalte
63111;Laufende Wirtschaftsrechnungen;STAG;Stichtag;2015-01-01;DINSGF;Früheres Bundesgebiet / Neue Länder;DF;Früheres Bundesgebiet;GUTGB2;Gebrauchsgüter;TV-03;Flachbildfernseher (LCD, Plasma);80,6;Prozent;ATG001;Ausstattungsgrad je 100 Haushalte
63111;Laufende Wirtschaftsrechnungen;STAG;Stichtag;2010-01-01;DINSGF;Früheres Bundesgebiet / Neue Länder;DF;Früheres Bundesgebiet;GUTGB2;Gebrauchsgüter;HIFI-01;HiFi-Anlage;-;Prozent;ATG001;Ausstattungsgrad je 100 Haushalte
63111;Laufende Wirtschaftsrechnungen;STAG;Stichtag;2022-01-01;DINSGF;Früheres Bundesgebiet / Neue Länder;DF;Früheres Bundesgebiet;GUTGB2;Gebrauchsgüter;SMART-03;Smartes Energiemanagementsystem;9,8;Prozent;ATG001;Ausstattungsgrad je 100 Haushalte
63111;Laufende Wirtschaftsrechnungen;STAG;Stichtag;2017-01-01;DINSGF;Früheres Bundesgebiet / Neue Länder;DF;Früheres Bundesgebiet;GUTGB2;Gebrauchsgüter;CAM-01;Camcorder (Videokamera);-;Prozent;ATG001;Ausstattungsgrad je 100 Haushalte
63111;Laufende Wirtschaftsrechnungen;STAG;Stichtag;2010-01-01;DINSGF;Früheres Bundesgebiet / Neue Länder;DF;Früheres Bundesgebiet;GUTGB2;Gebrauchsgüter;PC-MOBIL-01;PC mobil (Notebook, Laptop, Palmtop);46,7;Prozent;ATG001;Ausstattungsgrad je 100 Haushalte
63111;Laufende Wirtschaftsrechnungen;STAG;Stichtag;2014-01-01;DINSGF;Früheres Bundesgebiet / Neue Länder;DF;Früheres Bundesgebiet;GUTGB2;Gebrauchsgüter;DEC-PAYTV-01;Pay-TV-Decoder;18,2;Prozent;ATG001;Ausstattungsgrad je 100 Haushalte
63111;Laufende Wirtschaftsrechnungen;STAG;Stichtag;2022-01-01;DINSGF;Früheres Bundesgebiet / Neue Länder;DF;Früheres Bundesgebiet;GUTGB2;Gebrauchsgüter;FOTO-DIGITAL-01;Digitalkamera (Fotoapparat digital);-;Prozent;ATG001;Ausstattungsgrad je 100 Haushalte
63111;Laufende Wirtschaftsrechnungen;STAG;Stichtag;2017-01-01;DINSGF;Früheres Bundesgebiet / Neue Länder;DN;Neue Länder;GUTGB2;Gebrauchsgüter;PC-MOBIL-05;Tablet;-;Prozent;ATG001;Ausstattungsgrad je 100 Haushalte
63111;Laufende Wirtschaftsrechnungen;STAG;Stichtag;2015-01-01;DINSGF;Früheres Bundesgebiet / Neue Länder;DN;Neue Länder;GUTGB2;Gebrauchsgüter;CAM-ANALOG-01;Camcorder (Videokamera) analog;8,1;Prozent;ATG001;Ausstattungsgrad je 100 Haushalte
63111;Laufende Wirtschaftsrechnungen;STAG;Stichtag;2014-01-01;DINSGF;Früheres Bundesgebiet / Neue Länder;DN;Neue Länder;GUTGB2;Gebrauchsgüter;SPUEL-01;Geschirrspülmaschine;61,3;Prozent;ATG001;Ausstattungsgrad je 100 Haushalte
63111;Laufende Wirtschaftsrechnungen;STAG;Stichtag;2010-01-01;DINSGF;Früheres Bundesgebiet / Neue Länder;DF;Früheres Bundesgebiet;GUTGB2;Gebrauchsgüter;PKW-01;Personenkraftwagen;79,6;Prozent;ATG001;Ausstattungsgrad je 100 Haushalte
63111;Laufende Wirtschaftsrechnungen;STAG;Stichtag;2021-01-01;DINSGF;Früheres Bundesgebiet / Neue Länder;DF;Früheres Bundesgebiet;GUTGB2;Gebrauchsgüter;SAT-01;Satellitenempfangsanlage;-;Prozent;ATG001;Ausstattungsgrad je 100 Haushalte
63111;Laufende Wirtschaftsrechnungen;STAG;Stichtag;2017-01-01;DINSGF;Früheres Bundesgebiet / Neue Länder;DF;Früheres Bundesgebiet;GUTGB2;Gebrauchsgüter;DVD-BRD-01;DVD- und Blu-ray-Gerät;-;Prozent;ATG001;Ausstattungsgrad je 100 Haushalte
63111;Laufende Wirtschaftsrechnungen;STAG;Stichtag;2010-01-01;DINSGF;Früheres Bundesgebiet / Neue Länder;DN;Neue Länder;GUTGB2;Gebrauchsgüter;FAX-STAT-01;Telefaxgerät stationär;16,3;Prozent;ATG001;Ausstattungsgrad je 100 Haushalte
63111;Laufende Wirtschaftsrechnungen;STAG;Stichtag;2010-01-01;DINSGF;Früheres Bundesgebiet / Neue Länder;DF;Früheres Bundesgebiet;GUTGB2;Gebrauchsgüter;PC-DRUCK-01;PC-Drucker (auch in Kombigeräten);-;Prozent;ATG001;Ausstattungsgrad je 100 Haushalte
63111;Laufende Wirtschaftsrechnungen;STAG;Stichtag;2022-01-01;DINSGF;Früheres Bundesgebiet / Neue Länder;DF;Früheres Bundesgebiet;GUTGB2;Gebrauchsgüter;FOTO-02;Fotoapparat/Digitalkamera;-;Prozent;ATG001;Ausstattungsgrad je 100 Haushalte
63111;Laufende Wirtschaftsrechnungen;STAG;Stichtag;2020-01-01;DINSGF;Früheres Bundesgebiet / Neue Länder;DF;Früheres Bundesgebiet;GUTGB2;Gebrauchsgüter;TEL-STAT-01;Telefon stationär (auch schnurlos);86,0;Prozent;ATG001;Ausstattungsgrad je 100 Haushalte
63111;Laufende Wirtschaftsrechnungen;STAG;Stichtag;2017-01-01;DINSGF;Früheres Bundesgebiet / Neue Länder;DF;Früheres Bundesgebiet;GUTGB2;Gebrauchsgüter;MP3PLAY01;MP3-Player;-;Prozent;ATG001;Ausstattungsgrad je 100 Haushalte
63111;Laufende Wirtschaftsrechnungen;STAG;Stichtag;2022-01-01;DINSGF;Früheres Bundesgebiet / Neue Länder;DN;Neue Länder;GUTGB2;Gebrauchsgüter;FOTO-02;Fotoapparat/Digitalkamera;-;Prozent;ATG001;Ausstattungsgrad je 100 Haushalte
63111;Laufende Wirtschaftsrechnungen;STAG;Stichtag;2011-01-01;DINSGF;Früheres Bundesgebiet / Neue Länder;DF;Früheres Bundesgebiet;GUTGB2;Gebrauchsgüter;KUEHL-01;Kühlschrank (auch Gefrier- und Kühlkombination);99,1;Prozent;ATG001;Ausstattungsgrad je 100 Haushalte
63111;Laufende Wirtschaftsrechnungen;STAG;Stichtag;2010-01-01;DINSGF;Früheres Bundesgebiet / Neue Länder;DN;Neue Länder;GUTGB2;Gebrauchsgüter;HIFI-01;HiFi-Anlage;-;Prozent;ATG001;Ausstattungsgrad je 100 Haushalte
63111;Laufende Wirtschaftsrechnungen;STAG;Stichtag;2016-01-01;DINSGF;Früheres Bundesgebiet / Neue Länder;DN;Neue Länder;GUTGB2;Gebrauchsgüter;PC-MOBIL-05;Tablet;33,0;Prozent;ATG001;Ausstattungsgrad je 100 Haushalte
63111;Laufende Wirtschaftsrechnungen;STAG;Stichtag;2020-01-01;DINSGF;Früheres Bundesgebiet / Neue Länder;DF;Früheres Bundesgebiet;GUTGB2;Gebrauchsgüter;DVD-BRD-01;DVD- und Blu-ray-Gerät;57,9;Prozent;ATG001;Ausstattungsgrad je 100 Haushalte
63111;Laufende Wirtschaftsrechnungen;STAG;Stichtag;2021-01-01;DINSGF;Früheres Bundesgebiet / Neue Länder;DF;Früheres Bundesgebiet;GUTGB2;Gebrauchsgüter;TEL-STAT-01;Telefon stationär (auch schnurlos);85,6;Prozent;ATG001;Ausstattungsgrad je 100 Haushalte
63111;Laufende Wirtschaftsrechnungen;STAG;Stichtag;2017-01-01;DINSGF;Früheres Bundesgebiet / Neue Länder;DN;Neue Länder;GUTGB2;Gebrauchsgüter;ANSCHL-ANT-02;Antennen-TV-Anschluss (DVB-T2 HD);-;Prozent;ATG001;Ausstattungsgrad je 100 Haushalte
63111;Laufende Wirtschaftsrechnungen;STAG;Stichtag;2010-01-01;DINSGF;Früheres Bundesgebiet / Neue Länder;DF;Früheres Bundesgebiet;GUTGB2;Gebrauchsgüter;SMART-03;Smartes Energiemanagementsystem;-;Prozent;ATG001;Ausstattungsgrad je 100 Haushalte
63111;Laufende Wirtschaftsrechnungen;STAG;Stichtag;2014-01-01;DINSGF;Früheres Bundesgebiet / Neue Länder;DN;Neue Länder;GUTGB2;Gebrauchsgüter;ANSCHL-SAT-01;Satelliten-TV-Anschluss;32,0;Prozent;ATG001;Ausstattungsgrad je 100 Haushalte
63111;Laufende Wirtschaftsrechnungen;STAG;Stichtag;2016-01-01;DINSGF;Früheres Bundesgebiet / Neue Länder;DF;Früheres Bundesgebiet;GUTGB2;Gebrauchsgüter;FAHRRAD-03;E-Scooter (Tretroller m.Elektroantr. oh. Füh.pfl.);-;Prozent;ATG001;Ausstattungsgrad je 100 Haushalte
63111;Laufende Wirtschaftsrechnungen;STAG;Stichtag;2011-01-01;DINSGF;Früheres Bundesgebiet / Neue Länder;DN;Neue Länder;GUTGB2;Gebrauchsgüter;KABEL-01;Kabelanschluss;58,1;Prozent;ATG001;Ausstattungsgrad je 100 Haushalte
63111;Laufende Wirtschaftsrechnungen;STAG;Stichtag;2015-01-01;DINSGF;Früheres Bundesgebiet / Neue Länder;DF;Früheres Bundesgebiet;GUTGB2;Gebrauchsgüter;KRAFTRAD-05;Kraftrad mit Führerscheinpflicht;-;Prozent;ATG001;Ausstattungsgrad je 100 Haushalte
63111;Laufende Wirtschaftsrechnungen;STAG;Stichtag;2015-01-01;DINSGF;Früheres Bundesgebiet / Neue Länder;DN;Neue Länder;GUTGB2;Gebrauchsgüter;SMART-05;Smartes Haushaltsgerät;-;Prozent;ATG001;Ausstattungsgrad je 100 Haushalte
63111;Laufende Wirtschaftsrechnungen;STAG;Stichtag;2014-01-01;DINSGF;Früheres Bundesgebiet / Neue Länder;DN;Neue Länder;GUTGB2;Gebrauchsgüter;RADIO-REC-01;Radiorecorder/Stereorundfunkgerät;-;Prozent;ATG001;Ausstattungsgrad je 100 Haushalte
63111;Laufende Wirtschaftsrechnungen;STAG;Stichtag;2020-01-01;DINSGF;Früheres Bundesgebiet / Neue Länder;DF;Früheres Bundesgebiet;GUTGB2;Gebrauchsgüter;SMART-01;Smart TV (Fernseher);-;Prozent;ATG001;Ausstattungsgrad je 100 Haushalte
63111;Laufende Wirtschaftsrechnungen;STAG;Stichtag;2015-01-01;DINSGF;Früheres Bundesgebiet / Neue Länder;DF;Früheres Bundesgebiet;GUTGB2;Gebrauchsgüter;PC-STAT-01;PC stationär;52,2;Prozent;ATG001;Ausstattungsgrad je 100 Haushalte
63111;Laufende Wirtschaftsrechnungen;STAG;Stichtag;2016-01-01;DINSGF;Früheres Bundesgebiet / Neue Länder;DN;Neue Länder;GUTGB2;Gebrauchsgüter;SAT-01;Satellitenempfangsanlage;-;Prozent;ATG001;Ausstattungsgrad je 100 Haushalte
63111;Laufende Wirtschaftsrechnungen;STAG;Stichtag;2017-01-01;DINSGF;Früheres Bundesgebiet / Neue Länder;DN;Neue Länder;GUTGB2;Gebrauchsgüter;BRD-01;Blu-ray-Gerät;-;Prozent;ATG001;Ausstattungsgrad je 100 Haushalte
63111;Laufende Wirtschaftsrechnungen;STAG;Stichtag;2015-01-01;DINSGF;Früheres Bundesgebiet / Neue Länder;DF;Früheres Bundesgebiet;GUTGB2;Gebrauchsgüter;PC-MOBIL-05;Tablet;32,7;Prozent;ATG001;Ausstattungsgrad je 100 Haushalte
63111;Laufende Wirtschaftsrechnungen;STAG;Stichtag;2021-01-01;DINSGF;Früheres Bundesgebiet / Neue Länder;DN;Neue Länder;GUTGB2;Gebrauchsgüter;FAHRRAD-01;Fahrrad;78,8;Prozent;ATG001;Ausstattungsgrad je 100 Haushalte
63111;Laufende Wirtschaftsrechnungen;STAG;Stichtag;2015-01-01;DINSGF;Früheres Bundesgebiet / Neue Länder;DF;Früheres Bundesgebiet;GUTGB2;Gebrauchsgüter;SMART-05;Smartes Haushaltsgerät;-;Prozent;ATG001;Ausstattungsgrad je 100 Haushalte
63111;Laufende Wirtschaftsrechnungen;STAG;Stichtag;2010-01-01;DINSGF;Früheres Bundesgebiet / Neue Länder;DN;Neue Länder;GUTGB2;Gebrauchsgüter;SMART-05;Smartes Haushaltsgerät;-;Prozent;ATG001;Ausstattungsgrad je 100 Haushalte
63111;Laufende Wirtschaftsrechnungen;STAG;Stichtag;2022-01-01;DINSGF;Früheres Bundesgebiet / Neue Länder;DF;Früheres Bundesgebiet;GUTGB2;Gebrauchsgüter;PC-01;Personalcomputer;92,2;Prozent;ATG001;Ausstattungsgrad je 100 Haushalte
63111;Laufende Wirtschaftsrechnungen;STAG;Stichtag;2015-01-01;DINSGF;Früheres Bundesgebiet / Neue Länder;DF;Früheres Bundesgebiet;GUTGB2;Gebrauchsgüter;PKW-GEBR-01;Personenkraftwagen gebraucht gekauft;49,4;Prozent;ATG001;Ausstattungsgrad je 100 Haushalte
63111;Laufende Wirtschaftsrechnungen;STAG;Stichtag;2016-01-01;DINSGF;Früheres Bundesgebiet / Neue Länder;DF;Früheres Bundesgebiet;GUTGB2;Gebrauchsgüter;TEL-01;Telefon;99,9;Prozent;ATG001;Ausstattungsgrad je 100 Haushalte
63111;Laufende Wirtschaftsrechnungen;STAG;Stichtag;2020-01-01;DINSGF;Früheres Bundesgebiet / Neue Länder;DN;Neue Länder;GUTGB2;Gebrauchsgüter;CAM-ANALOG-01;Camcorder (Videokamera) analog;6,2;Prozent;ATG001;Ausstattungsgrad je 100 Haushalte
63111;Laufende Wirtschaftsrechnungen;STAG;Stichtag;2020-01-01;DINSGF;Früheres Bundesgebiet / Neue Länder;DN;Neue Länder;GUTGB2;Gebrauchsgüter;FOTO-ANALOG-01;Fotoapparat analog;24,3;Prozent;ATG001;Ausstattungsgrad je 100 Haushalte
63111;Laufende Wirtschaftsrechnungen;STAG;Stichtag;2022-01-01;DINSGF;Früheres Bundesgebiet / Neue Länder;DF;Früheres Bundesgebiet;GUTGB2;Gebrauchsgüter;FAHRRAD-02;Pedelec (E-Bike ohne Führerscheinpflicht);17,3;Prozent;ATG001;Ausstattungsgrad je 100 Haushalte
63111;Laufende Wirtschaftsrechnungen;STAG;Stichtag;2019-01-01;DINSGF;Früheres Bundesgebiet / Neue Länder;DN;Neue Länder;GUTGB2;Gebrauchsgüter;KRAFTRAD-05;Kraftrad mit Führerscheinpflicht;-;Prozent;ATG001;Ausstattungsgrad je 100 Haushalte
63111;Laufende Wirtschaftsrechnungen;STAG;Stichtag;2010-01-01;DINSGF;Früheres Bundesgebiet / Neue Länder;DN;Neue Länder;GUTGB2;Gebrauchsgüter;ISDN-01;ISDN-Anschluss;-;Prozent;ATG001;Ausstattungsgrad je 100 Haushalte
63111;Laufende Wirtschaftsrechnungen;STAG;Stichtag;2022-01-01;DINSGF;Früheres Bundesgebiet / Neue Länder;DF;Früheres Bundesgebiet;GUTGB2;Gebrauchsgüter;VIDEO-REC-01;Videorecorder;-;Prozent;ATG001;Ausstattungsgrad je 100 Haushalte
63111;Laufende Wirtschaftsrechnungen;STAG;Stichtag;2020-01-01;DINSGF;Früheres Bundesgebiet / Neue Länder;DN;Neue Länder;GUTGB2;Gebrauchsgüter;SMART-01;Smart TV (Fernseher);-;Prozent;ATG001;Ausstattungsgrad je 100 Haushalte
63111;Laufende Wirtschaftsrechnungen;STAG;Stichtag;2020-01-01;DINSGF;Früheres Bundesgebiet / Neue Länder;DF;Früheres Bundesgebiet;GUTGB2;Gebrauchsgüter;TEL-MOBIL-01;Telefon mobil (Autotelefon, Handy);97,4;Prozent;ATG001;Ausstattungsgrad je 100 Haushalte
63111;Laufende Wirtschaftsrechnungen;STAG;Stichtag;2016-01-01;DINSGF;Früheres Bundesgebiet / Neue Länder;DF;Früheres Bundesgebiet;GUTGB2;Gebrauchsgüter;SMART-02;Smart Speaker (intelligenter/WLAN-Lautsprecher);-;Prozent;ATG001;Ausstattungsgrad je 100 Haushalte
63111;Laufende Wirtschaftsrechnungen;STAG;Stichtag;2017-01-01;DINSGF;Früheres Bundesgebiet / Neue Länder;DN;Neue Länder;GUTGB2;Gebrauchsgüter;FAHRRAD-03;E-Scooter (Tretroller m.Elektroantr. oh. Füh.pfl.);-;Prozent;ATG001;Ausstattungsgrad je 100 Haushalte
63111;Laufende Wirtschaftsrechnungen;STAG;Stichtag;2014-01-01;DINSGF;Früheres Bundesgebiet / Neue Länder;DF;Früheres Bundesgebiet;GUTGB2;Gebrauchsgüter;ANSCHL-SAT-01;Satelliten-TV-Anschluss;45,9;Prozent;ATG001;Ausstattungsgrad je 100 Haushalte
63111;Laufende Wirtschaftsrechnungen;STAG;Stichtag;2010-01-01;DINSGF;Früheres Bundesgebiet / Neue Länder;DN;Neue Länder;GUTGB2;Gebrauchsgüter;MD-01;MiniDisc-Player/Recorder;-;Prozent;ATG001;Ausstattungsgrad je 100 Haushalte
63111;Laufende Wirtschaftsrechnungen;STAG;Stichtag;2021-01-01;DINSGF;Früheres Bundesgebiet / Neue Länder;DN;Neue Länder;GUTGB2;Gebrauchsgüter;KAFFEEM-03;Pad- oder Kapselmaschine;28,2;Prozent;ATG001;Ausstattungsgrad je 100 Haushalte
63111;Laufende Wirtschaftsrechnungen;STAG;Stichtag;2022-01-01;DINSGF;Früheres Bundesgebiet / Neue Länder;DN;Neue Länder;GUTGB2;Gebrauchsgüter;INTERNET-11;Internetanschluss, -zugang mobil;68,1;Prozent;ATG001;Ausstattungsgrad je 100 Haushalte
63111;Laufende Wirtschaftsrechnungen;STAG;Stichtag;2017-01-01;DINSGF;Früheres Bundesgebiet / Neue Länder;DN;Neue Länder;GUTGB2;Gebrauchsgüter;DEC-DVBT-01;DVB-T-Gerät (Decoder);-;Prozent;ATG001;Ausstattungsgrad je 100 Haushalte
63111;Laufende Wirtschaftsrechnungen;STAG;Stichtag;2010-01-01;DINSGF;Früheres Bundesgebiet / Neue Länder;DN;Neue Länder;GUTGB2;Gebrauchsgüter;BRD-01;Blu-ray-Gerät;-;Prozent;ATG001;Ausstattungsgrad je 100 Haushalte
63111;Laufende Wirtschaftsrechnungen;STAG;Stichtag;2017-01-01;DINSGF;Früheres Bundesgebiet / Neue Länder;DF;Früheres Bundesgebiet;GUTGB2;Gebrauchsgüter;DVD-02;DVD-Player/Recorder;-;Prozent;ATG001;Ausstattungsgrad je 100 Haushalte
63111;Laufende Wirtschaftsrechnungen;STAG;Stichtag;2019-01-01;DINSGF;Früheres Bundesgebiet / Neue Länder;DN;Neue Länder;GUTGB2;Gebrauchsgüter;PKW-GEBR-01;Personenkraftwagen gebraucht gekauft;44,3;Prozent;ATG001;Ausstattungsgrad je 100 Haushalte
63111;Laufende Wirtschaftsrechnungen;STAG;Stichtag;2016-01-01;DINSGF;Früheres Bundesgebiet / Neue Länder;DN;Neue Länder;GUTGB2;Gebrauchsgüter;SMART-02;Smart Speaker (intelligenter/WLAN-Lautsprecher);-;Prozent;ATG001;Ausstattungsgrad je 100 Haushalte
63111;Laufende Wirtschaftsrechnungen;STAG;Stichtag;2020-01-01;DINSGF;Früheres Bundesgebiet / Neue Länder;DF;Früheres Bundesgebiet;GUTGB2;Gebrauchsgüter;FAX-STAT-01;Telefaxgerät stationär;-;Prozent;ATG001;Ausstattungsgrad je 100 Haushalte
63111;Laufende Wirtschaftsrechnungen;STAG;Stichtag;2010-01-01;DINSGF;Früheres Bundesgebiet / Neue Länder;DN;Neue Länder;GUTGB2;Gebrauchsgüter;FOTO-ANALOG-01;Fotoapparat analog;57,7;Prozent;ATG001;Ausstattungsgrad je 100 Haushalte
63111;Laufende Wirtschaftsrechnungen;STAG;Stichtag;2022-01-01;DINSGF;Früheres Bundesgebiet / Neue Länder;DF;Früheres Bundesgebiet;GUTGB2;Gebrauchsgüter;KAFFEEM-04;Kaffeevollautomat;25,7;Prozent;ATG001;Ausstattungsgrad je 100 Haushalte
63111;Laufende Wirtschaftsrechnungen;STAG;Stichtag;2011-01-01;DINSGF;Früheres Bundesgebiet / Neue Länder;DF;Früheres Bundesgebiet;GUTGB2;Gebrauchsgüter;SAT-01;Satellitenempfangsanlage;44,2;Prozent;ATG001;Ausstattungsgrad je 100 Haushalte
63111;Laufende Wirtschaftsrechnungen;STAG;Stichtag;2014-01-01;DINSGF;Früheres Bundesgebiet / Neue Länder;DN;Neue Länder;GUTGB2;Gebrauchsgüter;TEL-01;Telefon;99,8;Prozent;ATG001;Ausstattungsgrad je 100 Haushalte
63111;Laufende Wirtschaftsrechnungen;STAG;Stichtag;2020-01-01;DINSGF;Früheres Bundesgebiet / Neue Länder;DN;Neue Länder;GUTGB2;Gebrauchsgüter;CD-01;CD-Player/CD-Recorder (auch im PC);-;Prozent;ATG001;Ausstattungsgrad je 100 Haushalte
63111;Laufende Wirtschaftsrechnungen;STAG;Stichtag;2022-01-01;DINSGF;Früheres Bundesgebiet / Neue Länder;DN;Neue Länder;GUTGB2;Gebrauchsgüter;GEFRIER-01;Gefrierschrank, Gefriertruhe (Einzelgeräte);40,2;Prozent;ATG001;Ausstattungsgrad je 100 Haushalte
63111;Laufende Wirtschaftsrechnungen;STAG;Stichtag;2011-01-01;DINSGF;Früheres Bundesgebiet / Neue Länder;DN;Neue Länder;GUTGB2;Gebrauchsgüter;FAHRRAD-03;E-Scooter (Tretroller m.Elektroantr. oh. Füh.pfl.);-;Prozent;ATG001;Ausstattungsgrad je 100 Haushalte
63111;Laufende Wirtschaftsrechnungen;STAG;Stichtag;2022-01-01;DINSGF;Früheres Bundesgebiet / Neue Länder;DN;Neue Länder;GUTGB2;Gebrauchsgüter;ISDN-01;ISDN-Anschluss;-;Prozent;ATG001;Ausstattungsgrad je 100 Haushalte
63111;Laufende Wirtschaftsrechnungen;STAG;Stichtag;2019-01-01;DINSGF;Früheres Bundesgebiet / Neue Länder;DN;Neue Länder;GUTGB2;Gebrauchsgüter;PC-MOBIL-04;Laptop/Notebook, Netbook;71,2;Prozent;ATG001;Ausstattungsgrad je 100 Haushalte
63111;Laufende Wirtschaftsrechnungen;STAG;Stichtag;2020-01-01;DINSGF;Früheres Bundesgebiet / Neue Länder;DF;Früheres Bundesgebiet;GUTGB2;Gebrauchsgüter;KRAFTRAD-05;Kraftrad mit Führerscheinpflicht;-;Prozent;ATG001;Ausstattungsgrad je 100 Haushalte
63111;Laufende Wirtschaftsrechnungen;STAG;Stichtag;2019-01-01;DINSGF;Früheres Bundesgebiet / Neue Länder;DN;Neue Länder;GUTGB2;Gebrauchsgüter;ANSCHL-ANT-01;Antennen-TV-Anschluss (DVB-T);12,2;Prozent;ATG001;Ausstattungsgrad je 100 Haushalte
63111;Laufende Wirtschaftsrechnungen;STAG;Stichtag;2021-01-01;DINSGF;Früheres Bundesgebiet / Neue Länder;DF;Früheres Bundesgebiet;GUTGB2;Gebrauchsgüter;FAX-STAT-01;Telefaxgerät stationär;-;Prozent;ATG001;Ausstattungsgrad je 100 Haushalte
63111;Laufende Wirtschaftsrechnungen;STAG;Stichtag;2016-01-01;DINSGF;Früheres Bundesgebiet / Neue Länder;DF;Früheres Bundesgebiet;GUTGB2;Gebrauchsgüter;CAM-DIGITAL-01;Camcorder (Videokamera) digital;11,9;Prozent;ATG001;Ausstattungsgrad je 100 Haushalte
63111;Laufende Wirtschaftsrechnungen;STAG;Stichtag;2016-01-01;DINSGF;Früheres Bundesgebiet / Neue Länder;DN;Neue Länder;GUTGB2;Gebrauchsgüter;TEL-MOBIL-01;Telefon mobil (Autotelefon, Handy);94,9;Prozent;ATG001;Ausstattungsgrad je 100 Haushalte
63111;Laufende Wirtschaftsrechnungen;STAG;Stichtag;2011-01-01;DINSGF;Früheres Bundesgebiet / Neue Länder;DF;Früheres Bundesgebiet;GUTGB2;Gebrauchsgüter;SMART-01;Smart TV (Fernseher);-;Prozent;ATG001;Ausstattungsgrad je 100 Haushalte
63111;Laufende Wirtschaftsrechnungen;STAG;Stichtag;2015-01-01;DINSGF;Früheres Bundesgebiet / Neue Länder;DN;Neue Länder;GUTGB2;Gebrauchsgüter;DVD-02;DVD-Player/Recorder;-;Prozent;ATG001;Ausstattungsgrad je 100 Haushalte
63111;Laufende Wirtschaftsrechnungen;STAG;Stichtag;2016-01-01;DINSGF;Früheres Bundesgebiet / Neue Länder;DN;Neue Länder;GUTGB2;Gebrauchsgüter;DEC-DVBT-01;DVB-T-Gerät (Decoder);-;Prozent;ATG001;Ausstattungsgrad je 100 Haushalte
63111;Laufende Wirtschaftsrechnungen;STAG;Stichtag;2022-01-01;DINSGF;Früheres Bundesgebiet / Neue Länder;DN;Neue Länder;GUTGB2;Gebrauchsgüter;ANSCHL-ANT-01;Antennen-TV-Anschluss (DVB-T);-;Prozent;ATG001;Ausstattungsgrad je 100 Haushalte
63111;Laufende Wirtschaftsrechnungen;STAG;Stichtag;2015-01-01;DINSGF;Früheres Bundesgebiet / Neue Länder;DF;Früheres Bundesgebiet;GUTGB2;Gebrauchsgüter;MD-01;MiniDisc-Player/Recorder;-;Prozent;ATG001;Ausstattungsgrad je 100 Haushalte
63111;Laufende Wirtschaftsrechnungen;STAG;Stichtag;2015-01-01;DINSGF;Früheres Bundesgebiet / Neue Länder;DN;Neue Länder;GUTGB2;Gebrauchsgüter;TROCK-01;Wäschetrockner (auch in Kombigeräten);22,9;Prozent;ATG001;Ausstattungsgrad je 100 Haushalte
63111;Laufende Wirtschaftsrechnungen;STAG;Stichtag;2014-01-01;DINSGF;Früheres Bundesgebiet / Neue Länder;DF;Früheres Bundesgebiet;GUTGB2;Gebrauchsgüter;KRAFTRAD-05;Kraftrad mit Führerscheinpflicht;-;Prozent;ATG001;Ausstattungsgrad je 100 Haushalte
63111;Laufende Wirtschaftsrechnungen;STAG;Stichtag;2011-01-01;DINSGF;Früheres Bundesgebiet / Neue Länder;DN;Neue Länder;GUTGB2;Gebrauchsgüter;SMART-01;Smart TV (Fernseher);-;Prozent;ATG001;Ausstattungsgrad je 100 Haushalte
63111;Laufende Wirtschaftsrechnungen;STAG;Stichtag;2020-01-01;DINSGF;Früheres Bundesgebiet / Neue Länder;DF;Früheres Bundesgebiet;GUTGB2;Gebrauchsgüter;PKW-GEBR-01;Personenkraftwagen gebraucht gekauft;51,1;Prozent;ATG001;Ausstattungsgrad je 100 Haushalte
63111;Laufende Wirtschaftsrechnungen;STAG;Stichtag;2014-01-01;DINSGF;Früheres Bundesgebiet / Neue Länder;DN;Neue Länder;GUTGB2;Gebrauchsgüter;PKW-NEU-02;Pkw fabrikneu gekauft, Elektroauto, Plug-in-Hybrid;-;Prozent;ATG001;Ausstattungsgrad je 100 Haushalte
63111;Laufende Wirtschaftsrechnungen;STAG;Stichtag;2017-01-01;DINSGF;Früheres Bundesgebiet / Neue Länder;DF;Früheres Bundesgebiet;GUTGB2;Gebrauchsgüter;VIDEO-REC-01;Videorecorder;-;Prozent;ATG001;Ausstattungsgrad je 100 Haushalte
63111;Laufende Wirtschaftsrechnungen;STAG;Stichtag;2014-01-01;DINSGF;Früheres Bundesgebiet / Neue Länder;DF;Früheres Bundesgebiet;GUTGB2;Gebrauchsgüter;PKW-GEL-01;Personenkraftwagen geleast;4,0;Prozent;ATG001;Ausstattungsgrad je 100 Haushalte
63111;Laufende Wirtschaftsrechnungen;STAG;Stichtag;2019-01-01;DINSGF;Früheres Bundesgebiet / Neue Länder;DN;Neue Länder;GUTGB2;Gebrauchsgüter;FAX-STAT-01;Telefaxgerät stationär;-;Prozent;ATG001;Ausstattungsgrad je 100 Haushalte
63111;Laufende Wirtschaftsrechnungen;STAG;Stichtag;2011-01-01;DINSGF;Früheres Bundesgebiet / Neue Länder;DF;Früheres Bundesgebiet;GUTGB2;Gebrauchsgüter;BRD-01;Blu-ray-Gerät;-;Prozent;ATG001;Ausstattungsgrad je 100 Haushalte
63111;Laufende Wirtschaftsrechnungen;STAG;Stichtag;2022-01-01;DINSGF;Früheres Bundesgebiet / Neue Länder;DN;Neue Länder;GUTGB2;Gebrauchsgüter;CD-REC-01;CD-Recorder;-;Prozent;ATG001;Ausstattungsgrad je 100 Haushalte
63111;Laufende Wirtschaftsrechnungen;STAG;Stichtag;2014-01-01;DINSGF;Früheres Bundesgebiet / Neue Länder;DF;Früheres Bundesgebiet;GUTGB2;Gebrauchsgüter;TV-02;(Farb-)Fernsehgerät;97,2;Prozent;ATG001;Ausstattungsgrad je 100 Haushalte
63111;Laufende Wirtschaftsrechnungen;STAG;Stichtag;2015-01-01;DINSGF;Früheres Bundesgebiet / Neue Länder;DF;Früheres Bundesgebiet;GUTGB2;Gebrauchsgüter;TEL-MOBIL-01;Telefon mobil (Autotelefon, Handy);93,6;Prozent;ATG001;Ausstattungsgrad je 100 Haushalte
63111;Laufende Wirtschaftsrechnungen;STAG;Stichtag;2015-01-01;DINSGF;Früheres Bundesgebiet / Neue Länder;DF;Früheres Bundesgebiet;GUTGB2;Gebrauchsgüter;TROCK-01;Wäschetrockner (auch in Kombigeräten);44,0;Prozent;ATG001;Ausstattungsgrad je 100 Haushalte
63111;Laufende Wirtschaftsrechnungen;STAG;Stichtag;2017-01-01;DINSGF;Früheres Bundesgebiet / Neue Länder;DN;Neue Länder;GUTGB2;Gebrauchsgüter;CAM-ANALOG-01;Camcorder (Videokamera) analog;-;Prozent;ATG001;Ausstattungsgrad je 100 Haushalte
63111;Laufende Wirtschaftsrechnungen;STAG;Stichtag;2011-01-01;DINSGF;Früheres Bundesgebiet / Neue Länder;DF;Früheres Bundesgebiet;GUTGB2;Gebrauchsgüter;ANSCHL-ANT-01;Antennen-TV-Anschluss (DVB-T);-;Prozent;ATG001;Ausstattungsgrad je 100 Haushalte
63111;Laufende Wirtschaftsrechnungen;STAG;Stichtag;2015-01-01;DINSGF;Früheres Bundesgebiet / Neue Länder;DF;Früheres Bundesgebiet;GUTGB2;Gebrauchsgüter;ANSCHL-ANT-01;Antennen-TV-Anschluss (DVB-T);17,2;Prozent;ATG001;Ausstattungsgrad je 100 Haushalte
63111;Laufende Wirtschaftsrechnungen;STAG;Stichtag;2020-01-01;DINSGF;Früheres Bundesgebiet / Neue Länder;DN;Neue Länder;GUTGB2;Gebrauchsgüter;MP3PLAY01;MP3-Player;26,1;Prozent;ATG001;Ausstattungsgrad je 100 Haushalte
63111;Laufende Wirtschaftsrechnungen;STAG;Stichtag;2010-01-01;DINSGF;Früheres Bundesgebiet / Neue Länder;DF;Früheres Bundesgebiet;GUTGB2;Gebrauchsgüter;CD-REC-01;CD-Recorder;-;Prozent;ATG001;Ausstattungsgrad je 100 Haushalte
63111;Laufende Wirtschaftsrechnungen;STAG;Stichtag;2019-01-01;DINSGF;Früheres Bundesgebiet / Neue Länder;DF;Früheres Bundesgebiet;GUTGB2;Gebrauchsgüter;KAFFEEM-03;Pad- oder Kapselmaschine;32,6;Prozent;ATG001;Ausstattungsgrad je 100 Haushalte
63111;Laufende Wirtschaftsrechnungen;STAG;Stichtag;2010-01-01;DINSGF;Früheres Bundesgebiet / Neue Länder;DF;Früheres Bundesgebiet;GUTGB2;Gebrauchsgüter;PKW-07;Personenkraftwagen, Elektroauto, Plug-in-Hybrid;-;Prozent;ATG001;Ausstattungsgrad je 100 Haushalte
63111;Laufende Wirtschaftsrechnungen;STAG;Stichtag;2014-01-01;DINSGF;Früheres Bundesgebiet / Neue Länder;DF;Früheres Bundesgebiet;GUTGB2;Gebrauchsgüter;GEFRIER-01;Gefrierschrank, Gefriertruhe (Einzelgeräte);53,7;Prozent;ATG001;Ausstattungsgrad je 100 Haushalte
63111;Laufende Wirtschaftsrechnungen;STAG;Stichtag;2020-01-01;DINSGF;Früheres Bundesgebiet / Neue Länder;DF;Früheres Bundesgebiet;GUTGB2;Gebrauchsgüter;INTERNET-11;Internetanschluss, -zugang mobil;63,5;Prozent;ATG001;Ausstattungsgrad je 100 Haushalte
63111;Laufende Wirtschaftsrechnungen;STAG;Stichtag;2015-01-01;DINSGF;Früheres Bundesgebiet / Neue Länder;DN;Neue Länder;GUTGB2;Gebrauchsgüter;ANSCHL-ANT-02;Antennen-TV-Anschluss (DVB-T2 HD);-;Prozent;ATG001;Ausstattungsgrad je 100 Haushalte
63111;Laufende Wirtschaftsrechnungen;STAG;Stichtag;2020-01-01;DINSGF;Früheres Bundesgebiet / Neue Länder;DN;Neue Länder;GUTGB2;Gebrauchsgüter;TV-02;(Farb-)Fernsehgerät;97,1;Prozent;ATG001;Ausstattungsgrad je 100 Haushalte
63111;Laufende Wirtschaftsrechnungen;STAG;Stichtag;2019-01-01;DINSGF;Früheres Bundesgebiet / Neue Länder;DF;Früheres Bundesgebiet;GUTGB2;Gebrauchsgüter;FAHRRAD-03;E-Scooter (Tretroller m.Elektroantr. oh. Füh.pfl.);-;Prozent;ATG001;Ausstattungsgrad je 100 Haushalte
63111;Laufende Wirtschaftsrechnungen;STAG;Stichtag;2010-01-01;DINSGF;Früheres Bundesgebiet / Neue Länder;DF;Früheres Bundesgebiet;GUTGB2;Gebrauchsgüter;SMART-05;Smartes Haushaltsgerät;-;Prozent;ATG001;Ausstattungsgrad je 100 Haushalte
63111;Laufende Wirtschaftsrechnungen;STAG;Stichtag;2014-01-01;DINSGF;Früheres Bundesgebiet / Neue Länder;DN;Neue Länder;GUTGB2;Gebrauchsgüter;VIDEO-REC-01;Videorecorder;-;Prozent;ATG001;Ausstattungsgrad je 100 Haushalte
63111;Laufende Wirtschaftsrechnungen;STAG;Stichtag;2015-01-01;DINSGF;Früheres Bundesgebiet / Neue Länder;DN;Neue Länder;GUTGB2;Gebrauchsgüter;DEC-DVBT-01;DVB-T-Gerät (Decoder);-;Prozent;ATG001;Ausstattungsgrad je 100 Haushalte
63111;Laufende Wirtschaftsrechnungen;STAG;Stichtag;2015-01-01;DINSGF;Früheres Bundesgebiet / Neue Länder;DN;Neue Länder;GUTGB2;Gebrauchsgüter;SMART-03;Smartes Energiemanagementsystem;-;Prozent;ATG001;Ausstattungsgrad je 100 Haushalte
63111;Laufende Wirtschaftsrechnungen;STAG;Stichtag;2011-01-01;DINSGF;Früheres Bundesgebiet / Neue Länder;DN;Neue Länder;GUTGB2;Gebrauchsgüter;KRAFTRAD-01;Krafträder;8,8;Prozent;ATG001;Ausstattungsgrad je 100 Haushalte
63111;Laufende Wirtschaftsrechnungen;STAG;Stichtag;2019-01-01;DINSGF;Früheres Bundesgebiet / Neue Länder;DN;Neue Länder;GUTGB2;Gebrauchsgüter;PKW-GEL-01;Personenkraftwagen geleast;2,9;Prozent;ATG001;Ausstattungsgrad je 100 Haushalte
63111;Laufende Wirtschaftsrechnungen;STAG;Stichtag;2022-01-01;DINSGF;Früheres Bundesgebiet / Neue Länder;DF;Früheres Bundesgebiet;GUTGB2;Gebrauchsgüter;MIKROW-01;Mikrowellengerät;-;Prozent;ATG001;Ausstattungsgrad je 100 Haushalte
63111;Laufende Wirtschaftsrechnungen;STAG;Stichtag;2017-01-01;DINSGF;Früheres Bundesgebiet / Neue Länder;DN;Neue Länder;GUTGB2;Gebrauchsgüter;KAFFEEM-03;Pad- oder Kapselmaschine;-;Prozent;ATG001;Ausstattungsgrad je 100 Haushalte
63111;Laufende Wirtschaftsrechnungen;STAG;Stichtag;2022-01-01;DINSGF;Früheres Bundesgebiet / Neue Länder;DN;Neue Länder;GUTGB2;Gebrauchsgüter;SPUEL-01;Geschirrspülmaschine;69,8;Prozent;ATG001;Ausstattungsgrad je 100 Haushalte
63111;Laufende Wirtschaftsrechnungen;STAG;Stichtag;2016-01-01;DINSGF;Früheres Bundesgebiet / Neue Länder;DF;Früheres Bundesgebiet;GUTGB2;Gebrauchsgüter;INTERNET-11;Internetanschluss, -zugang mobil;49,3;Prozent;ATG001;Ausstattungsgrad je 100 Haushalte
63111;Laufende Wirtschaftsrechnungen;STAG;Stichtag;2020-01-01;DINSGF;Früheres Bundesgebiet / Neue Länder;DN;Neue Länder;GUTGB2;Gebrauchsgüter;KAFFEEM-04;Kaffeevollautomat;13,8;Prozent;ATG001;Ausstattungsgrad je 100 Haushalte
63111;Laufende Wirtschaftsrechnungen;STAG;Stichtag;2016-01-01;DINSGF;Früheres Bundesgebiet / Neue Länder;DN;Neue Länder;GUTGB2;Gebrauchsgüter;TEL-SMART;Smartphone;-;Prozent;ATG001;Ausstattungsgrad je 100 Haushalte
63111;Laufende Wirtschaftsrechnungen;STAG;Stichtag;2014-01-01;DINSGF;Früheres Bundesgebiet / Neue Länder;DF;Früheres Bundesgebiet;GUTGB2;Gebrauchsgüter;ANSCHL-KAB-01;Kabel-TV-Anschluss;43,6;Prozent;ATG001;Ausstattungsgrad je 100 Haushalte
63111;Laufende Wirtschaftsrechnungen;STAG;Stichtag;2019-01-01;DINSGF;Früheres Bundesgebiet / Neue Länder;DN;Neue Länder;GUTGB2;Gebrauchsgüter;SPIELE-01;Spielekonsole;24,0;Prozent;ATG001;Ausstattungsgrad je 100 Haushalte
63111;Laufende Wirtschaftsrechnungen;STAG;Stichtag;2021-01-01;DINSGF;Früheres Bundesgebiet / Neue Länder;DN;Neue Länder;GUTGB2;Gebrauchsgüter;FAHRRAD-03;E-Scooter (Tretroller m.Elektroantr. oh. Füh.pfl.);1,8;Prozent;ATG001;Ausstattungsgrad je 100 Haushalte
63111;Laufende Wirtschaftsrechnungen;STAG;Stichtag;2015-01-01;DINSGF;Früheres Bundesgebiet / Neue Länder;DF;Früheres Bundesgebiet;GUTGB2;Gebrauchsgüter;SMART-03;Smartes Energiemanagementsystem;-;Prozent;ATG001;Ausstattungsgrad je 100 Haushalte
63111;Laufende Wirtschaftsrechnungen;STAG;Stichtag;2017-01-01;DINSGF;Früheres Bundesgebiet / Neue Länder;DF;Früheres Bundesgebiet;GUTGB2;Gebrauchsgüter;TEL-01;Telefon;-;Prozent;ATG001;Ausstattungsgrad je 100 Haushalte
63111;Laufende Wirtschaftsrechnungen;STAG;Stichtag;2021-01-01;DINSGF;Früheres Bundesgebiet / Neue Länder;DF;Früheres Bundesgebiet;GUTGB2;Gebrauchsgüter;KRAFTRAD-05;Kraftrad mit Führerscheinpflicht;13,0;Prozent;ATG001;Ausstattungsgrad je 100 Haushalte
63111;Laufende Wirtschaftsrechnungen;STAG;Stichtag;2017-01-01;DINSGF;Früheres Bundesgebiet / Neue Länder;DN;Neue Länder;GUTGB2;Gebrauchsgüter;PKW-GEBR-01;Personenkraftwagen gebraucht gekauft;-;Prozent;ATG001;Ausstattungsgrad je 100 Haushalte
63111;Laufende Wirtschaftsrechnungen;STAG;Stichtag;2020-01-01;DINSGF;Früheres Bundesgebiet / Neue Länder;DF;Früheres Bundesgebiet;GUTGB2;Gebrauchsgüter;MODEM-01;Modem für Datenübertragung;-;Prozent;ATG001;Ausstattungsgrad je 100 Haushalte
63111;Laufende Wirtschaftsrechnungen;STAG;Stichtag;2022-01-01;DINSGF;Früheres Bundesgebiet / Neue Länder;DN;Neue Länder;GUTGB2;Gebrauchsgüter;PKW-GEL-02;Pkw geleast, Elektroauto, Plug-in-Hybrid;/;Prozent;ATG001;Ausstattungsgrad je 100 Haushalte
63111;Laufende Wirtschaftsrechnungen;STAG;Stichtag;2022-01-01;DINSGF;Früheres Bundesgebiet / Neue Länder;DF;Früheres Bundesgebiet;GUTGB2;Gebrauchsgüter;RADIO-REC-01;Radiorecorder/Stereorundfunkgerät;-;Prozent;ATG001;Ausstattungsgrad je 100 Haushalte
63111;Laufende Wirtschaftsrechnungen;STAG;Stichtag;2015-01-01;DINSGF;Früheres Bundesgebiet / Neue Länder;DN;Neue Länder;GUTGB2;Gebrauchsgüter;SAT-01;Satellitenempfangsanlage;-;Prozent;ATG001;Ausstattungsgrad je 100 Haushalte
63111;Laufende Wirtschaftsrechnungen;STAG;Stichtag;2022-01-01;DINSGF;Früheres Bundesgebiet / Neue Länder;DF;Früheres Bundesgebiet;GUTGB2;Gebrauchsgüter;FAX-STAT-01;Telefaxgerät stationär;-;Prozent;ATG001;Ausstattungsgrad je 100 Haushalte
63111;Laufende Wirtschaftsrechnungen;STAG;Stichtag;2020-01-01;DINSGF;Früheres Bundesgebiet / Neue Länder;DN;Neue Länder;GUTGB2;Gebrauchsgüter;PC-01;Personalcomputer;90,2;Prozent;ATG001;Ausstattungsgrad je 100 Haushalte
63111;Laufende Wirtschaftsrechnungen;STAG;Stichtag;2019-01-01;DINSGF;Früheres Bundesgebiet / Neue Länder;DF;Früheres Bundesgebiet;GUTGB2;Gebrauchsgüter;MP3PLAY01;MP3-Player;32,9;Prozent;ATG001;Ausstattungsgrad je 100 Haushalte
63111;Laufende Wirtschaftsrechnungen;STAG;Stichtag;2015-01-01;DINSGF;Früheres Bundesgebiet / Neue Länder;DF;Früheres Bundesgebiet;GUTGB2;Gebrauchsgüter;HIFI-01;HiFi-Anlage;-;Prozent;ATG001;Ausstattungsgrad je 100 Haushalte
63111;Laufende Wirtschaftsrechnungen;STAG;Stichtag;2011-01-01;DINSGF;Früheres Bundesgebiet / Neue Länder;DN;Neue Länder;GUTGB2;Gebrauchsgüter;MP3PLAY01;MP3-Player;37,0;Prozent;ATG001;Ausstattungsgrad je 100 Haushalte
63111;Laufende Wirtschaftsrechnungen;STAG;Stichtag;2010-01-01;DINSGF;Früheres Bundesgebiet / Neue Länder;DF;Früheres Bundesgebiet;GUTGB2;Gebrauchsgüter;ANSCHL-IPTV;TV über DSL/Internet (IPTV);-;Prozent;ATG001;Ausstattungsgrad je 100 Haushalte
63111;Laufende Wirtschaftsrechnungen;STAG;Stichtag;2016-01-01;DINSGF;Früheres Bundesgebiet / Neue Länder;DF;Früheres Bundesgebiet;GUTGB2;Gebrauchsgüter;SMART-04;Smartes Sicherheitssystem;-;Prozent;ATG001;Ausstattungsgrad je 100 Haushalte
63111;Laufende Wirtschaftsrechnungen;STAG;Stichtag;2022-01-01;DINSGF;Früheres Bundesgebiet / Neue Länder;DF;Früheres Bundesgebiet;GUTGB2;Gebrauchsgüter;SPUEL-01;Geschirrspülmaschine;75,9;Prozent;ATG001;Ausstattungsgrad je 100 Haushalte
63111;Laufende Wirtschaftsrechnungen;STAG;Stichtag;2022-01-01;DINSGF;Früheres Bundesgebiet / Neue Länder;DF;Früheres Bundesgebiet;GUTGB2;Gebrauchsgüter;PC-MOBIL-04;Laptop/Notebook, Netbook;75,9;Prozent;ATG001;Ausstattungsgrad je 100 Haushalte
63111;Laufende Wirtschaftsrechnungen;STAG;Stichtag;2021-01-01;DINSGF;Früheres Bundesgebiet / Neue Länder;DN;Neue Länder;GUTGB2;Gebrauchsgüter;ANSCHL-SAT-01;Satelliten-TV-Anschluss;37,0;Prozent;ATG001;Ausstattungsgrad je 100 Haushalte
63111;Laufende Wirtschaftsrechnungen;STAG;Stichtag;2019-01-01;DINSGF;Früheres Bundesgebiet / Neue Länder;DF;Früheres Bundesgebiet;GUTGB2;Gebrauchsgüter;FOTO-DIGITAL-01;Digitalkamera (Fotoapparat digital);66,7;Prozent;ATG001;Ausstattungsgrad je 100 Haushalte
63111;Laufende Wirtschaftsrechnungen;STAG;Stichtag;2019-01-01;DINSGF;Früheres Bundesgebiet / Neue Länder;DF;Früheres Bundesgebiet;GUTGB2;Gebrauchsgüter;ANSCHL-ANT-02;Antennen-TV-Anschluss (DVB-T2 HD);-;Prozent;ATG001;Ausstattungsgrad je 100 Haushalte
63111;Laufende Wirtschaftsrechnungen;STAG;Stichtag;2021-01-01;DINSGF;Früheres Bundesgebiet / Neue Länder;DF;Früheres Bundesgebiet;GUTGB2;Gebrauchsgüter;MODEM-01;Modem für Datenübertragung;-;Prozent;ATG001;Ausstattungsgrad je 100 Haushalte
63111;Laufende Wirtschaftsrechnungen;STAG;Stichtag;2014-01-01;DINSGF;Früheres Bundesgebiet / Neue Länder;DF;Früheres Bundesgebiet;GUTGB2;Gebrauchsgüter;CD-01;CD-Player/CD-Recorder (auch im PC);-;Prozent;ATG001;Ausstattungsgrad je 100 Haushalte
63111;Laufende Wirtschaftsrechnungen;STAG;Stichtag;2019-01-01;DINSGF;Früheres Bundesgebiet / Neue Länder;DF;Früheres Bundesgebiet;GUTGB2;Gebrauchsgüter;FOTO-ANALOG-01;Fotoapparat analog;25,6;Prozent;ATG001;Ausstattungsgrad je 100 Haushalte
63111;Laufende Wirtschaftsrechnungen;STAG;Stichtag;2014-01-01;DINSGF;Früheres Bundesgebiet / Neue Länder;DF;Früheres Bundesgebiet;GUTGB2;Gebrauchsgüter;PC-MOBIL-05;Tablet;-;Prozent;ATG001;Ausstattungsgrad je 100 Haushalte
63111;Laufende Wirtschaftsrechnungen;STAG;Stichtag;2017-01-01;DINSGF;Früheres Bundesgebiet / Neue Länder;DN;Neue Länder;GUTGB2;Gebrauchsgüter;FAHRRAD-01;Fahrrad;-;Prozent;ATG001;Ausstattungsgrad je 100 Haushalte
63111;Laufende Wirtschaftsrechnungen;STAG;Stichtag;2014-01-01;DINSGF;Früheres Bundesgebiet / Neue Länder;DF;Früheres Bundesgebiet;GUTGB2;Gebrauchsgüter;CD-REC-01;CD-Recorder;-;Prozent;ATG001;Ausstattungsgrad je 100 Haushalte
63111;Laufende Wirtschaftsrechnungen;STAG;Stichtag;2017-01-01;DINSGF;Früheres Bundesgebiet / Neue Länder;DF;Früheres Bundesgebiet;GUTGB2;Gebrauchsgüter;KRAFTRAD-01;Krafträder;-;Prozent;ATG001;Ausstattungsgrad je 100 Haushalte
63111;Laufende Wirtschaftsrechnungen;STAG;Stichtag;2010-01-01;DINSGF;Früheres Bundesgebiet / Neue Länder;DN;Neue Länder;GUTGB2;Gebrauchsgüter;TV-03;Flachbildfernseher (LCD, Plasma);37,0;Prozent;ATG001;Ausstattungsgrad je 100 Haushalte
63111;Laufende Wirtschaftsrechnungen;STAG;Stichtag;2017-01-01;DINSGF;Früheres Bundesgebiet / Neue Länder;DF;Früheres Bundesgebiet;GUTGB2;Gebrauchsgüter;PC-MOBIL-05;Tablet;-;Prozent;ATG001;Ausstattungsgrad je 100 Haushalte
63111;Laufende Wirtschaftsrechnungen;STAG;Stichtag;2016-01-01;DINSGF;Früheres Bundesgebiet / Neue Länder;DN;Neue Länder;GUTGB2;Gebrauchsgüter;SMART-04;Smartes Sicherheitssystem;-;Prozent;ATG001;Ausstattungsgrad je 100 Haushalte
63111;Laufende Wirtschaftsrechnungen;STAG;Stichtag;2020-01-01;DINSGF;Früheres Bundesgebiet / Neue Länder;DN;Neue Länder;GUTGB2;Gebrauchsgüter;MD-01;MiniDisc-Player/Recorder;-;Prozent;ATG001;Ausstattungsgrad je 100 Haushalte
63111;Laufende Wirtschaftsrechnungen;STAG;Stichtag;2011-01-01;DINSGF;Früheres Bundesgebiet / Neue Länder;DF;Früheres Bundesgebiet;GUTGB2;Gebrauchsgüter;CAM-DIGITAL-01;Camcorder (Videokamera) digital;12,9;Prozent;ATG001;Ausstattungsgrad je 100 Haushalte
63111;Laufende Wirtschaftsrechnungen;STAG;Stichtag;2022-01-01;DINSGF;Früheres Bundesgebiet / Neue Länder;DF;Früheres Bundesgebiet;GUTGB2;Gebrauchsgüter;ANSCHL-ANT-01;Antennen-TV-Anschluss (DVB-T);-;Prozent;ATG001;Ausstattungsgrad je 100 Haushalte
63111;Laufende Wirtschaftsrechnungen;STAG;Stichtag;2021-01-01;DINSGF;Früheres Bundesgebiet / Neue Länder;DN;Neue Länder;GUTGB2;Gebrauchsgüter;INTERNET-11;Internetanschluss, -zugang mobil;68,3;Prozent;ATG001;Ausstattungsgrad je 100 Haushalte
63111;Laufende Wirtschaftsrechnungen;STAG;Stichtag;2022-01-01;DINSGF;Früheres Bundesgebiet / Neue Länder;DF;Früheres Bundesgebiet;GUTGB2;Gebrauchsgüter;KAFFEEM-02;Filterkaffeemaschine;48,1;Prozent;ATG001;Ausstattungsgrad je 100 Haushalte
63111;Laufende Wirtschaftsrechnungen;STAG;Stichtag;2014-01-01;DINSGF;Früheres Bundesgebiet / Neue Länder;DN;Neue Länder;GUTGB2;Gebrauchsgüter;SPORT-HOME-01;Sportgeräte (Heimtrainer);22,3;Prozent;ATG001;Ausstattungsgrad je 100 Haushalte
63111;Laufende Wirtschaftsrechnungen;STAG;Stichtag;2021-01-01;DINSGF;Früheres Bundesgebiet / Neue Länder;DN;Neue Länder;GUTGB2;Gebrauchsgüter;MODEM-01;Modem für Datenübertragung;-;Prozent;ATG001;Ausstattungsgrad je 100 Haushalte
63111;Laufende Wirtschaftsrechnungen;STAG;Stichtag;2016-01-01;DINSGF;Früheres Bundesgebiet / Neue Länder;DF;Früheres Bundesgebiet;GUTGB2;Gebrauchsgüter;PC-MOBIL-05;Tablet;38,8;Prozent;ATG001;Ausstattungsgrad je 100 Haushalte
63111;Laufende Wirtschaftsrechnungen;STAG;Stichtag;2022-01-01;DINSGF;Früheres Bundesgebiet / Neue Länder;DF;Früheres Bundesgebiet;GUTGB2;Gebrauchsgüter;CD-01;CD-Player/CD-Recorder (auch im PC);-;Prozent;ATG001;Ausstattungsgrad je 100 Haushalte
63111;Laufende Wirtschaftsrechnungen;STAG;Stichtag;2014-01-01;DINSGF;Früheres Bundesgebiet / Neue Länder;DF;Früheres Bundesgebiet;GUTGB2;Gebrauchsgüter;KAFFEEM-03;Pad- oder Kapselmaschine;33,2;Prozent;ATG001;Ausstattungsgrad je 100 Haushalte
63111;Laufende Wirtschaftsrechnungen;STAG;Stichtag;2015-01-01;DINSGF;Früheres Bundesgebiet / Neue Länder;DN;Neue Länder;GUTGB2;Gebrauchsgüter;ANSCHL-SAT-01;Satelliten-TV-Anschluss;38,1;Prozent;ATG001;Ausstattungsgrad je 100 Haushalte
63111;Laufende Wirtschaftsrechnungen;STAG;Stichtag;2016-01-01;DINSGF;Früheres Bundesgebiet / Neue Länder;DF;Früheres Bundesgebiet;GUTGB2;Gebrauchsgüter;KRAFTRAD-01;Krafträder;12,0;Prozent;ATG001;Ausstattungsgrad je 100 Haushalte
63111;Laufende Wirtschaftsrechnungen;STAG;Stichtag;2011-01-01;DINSGF;Früheres Bundesgebiet / Neue Länder;DN;Neue Länder;GUTGB2;Gebrauchsgüter;ANSCHL-ANT-01;Antennen-TV-Anschluss (DVB-T);-;Prozent;ATG001;Ausstattungsgrad je 100 Haushalte
63111;Laufende Wirtschaftsrechnungen;STAG;Stichtag;2011-01-01;DINSGF;Früheres Bundesgebiet / Neue Länder;DF;Früheres Bundesgebiet;GUTGB2;Gebrauchsgüter;TEL-MOBIL-01;Telefon mobil (Autotelefon, Handy);89,9;Prozent;ATG001;Ausstattungsgrad je 100 Haushalte
63111;Laufende Wirtschaftsrechnungen;STAG;Stichtag;2017-01-01;DINSGF;Früheres Bundesgebiet / Neue Länder;DF;Früheres Bundesgebiet;GUTGB2;Gebrauchsgüter;PKW-07;Personenkraftwagen, Elektroauto, Plug-in-Hybrid;-;Prozent;ATG001;Ausstattungsgrad je 100 Haushalte
63111;Laufende Wirtschaftsrechnungen;STAG;Stichtag;2019-01-01;DINSGF;Früheres Bundesgebiet / Neue Länder;DN;Neue Länder;GUTGB2;Gebrauchsgüter;DEC-DVBT-01;DVB-T-Gerät (Decoder);-;Prozent;ATG001;Ausstattungsgrad je 100 Haushalte
63111;Laufende Wirtschaftsrechnungen;STAG;Stichtag;2017-01-01;DINSGF;Früheres Bundesgebiet / Neue Länder;DF;Früheres Bundesgebiet;GUTGB2;Gebrauchsgüter;RADIO-REC-01;Radiorecorder/Stereorundfunkgerät;-;Prozent;ATG001;Ausstattungsgrad je 100 Haushalte
63111;Laufende Wirtschaftsrechnungen;STAG;Stichtag;2015-01-01;DINSGF;Früheres Bundesgebiet / Neue Länder;DN;Neue Länder;GUTGB2;Gebrauchsgüter;ISDN-01;ISDN-Anschluss;-;Prozent;ATG001;Ausstattungsgrad je 100 Haushalte
63111;Laufende Wirtschaftsrechnungen;STAG;Stichtag;2021-01-01;DINSGF;Früheres Bundesgebiet / Neue Länder;DN;Neue Länder;GUTGB2;Gebrauchsgüter;GEFRIER-01;Gefrierschrank, Gefriertruhe (Einzelgeräte);41,4;Prozent;ATG001;Ausstattungsgrad je 100 Haushalte
63111;Laufende Wirtschaftsrechnungen;STAG;Stichtag;2014-01-01;DINSGF;Früheres Bundesgebiet / Neue Länder;DF;Früheres Bundesgebiet;GUTGB2;Gebrauchsgüter;MP3PLAY01;MP3-Player;45,9;Prozent;ATG001;Ausstattungsgrad je 100 Haushalte
63111;Laufende Wirtschaftsrechnungen;STAG;Stichtag;2022-01-01;DINSGF;Früheres Bundesgebiet / Neue Länder;DN;Neue Länder;GUTGB2;Gebrauchsgüter;SAT-01;Satellitenempfangsanlage;-;Prozent;ATG001;Ausstattungsgrad je 100 Haushalte
63111;Laufende Wirtschaftsrechnungen;STAG;Stichtag;2017-01-01;DINSGF;Früheres Bundesgebiet / Neue Länder;DF;Früheres Bundesgebiet;GUTGB2;Gebrauchsgüter;KUEHL-01;Kühlschrank (auch Gefrier- und Kühlkombination);-;Prozent;ATG001;Ausstattungsgrad je 100 Haushalte
63111;Laufende Wirtschaftsrechnungen;STAG;Stichtag;2021-01-01;DINSGF;Früheres Bundesgebiet / Neue Länder;DF;Früheres Bundesgebiet;GUTGB2;Gebrauchsgüter;PC-MOBIL-04;Laptop/Notebook, Netbook;75,9;Prozent;ATG001;Ausstattungsgrad je 100 Haushalte
63111;Laufende Wirtschaftsrechnungen;STAG;Stichtag;2019-01-01;DINSGF;Früheres Bundesgebiet / Neue Länder;DF;Früheres Bundesgebiet;GUTGB2;Gebrauchsgüter;KRAFTRAD-01;Krafträder;11,3;Prozent;ATG001;Ausstattungsgrad je 100 Haushalte
63111;Laufende Wirtschaftsrechnungen;STAG;Stichtag;2020-01-01;DINSGF;Früheres Bundesgebiet / Neue Länder;DN;Neue Länder;GUTGB2;Gebrauchsgüter;PKW-01;Personenkraftwagen;71,1;Prozent;ATG001;Ausstattungsgrad je 100 Haushalte
63111;Laufende Wirtschaftsrechnungen;STAG;Stichtag;2015-01-01;DINSGF;Früheres Bundesgebiet / Neue Länder;DF;Früheres Bundesgebiet;GUTGB2;Gebrauchsgüter;CAM-DIGITAL-01;Camcorder (Videokamera) digital;12,0;Prozent;ATG001;Ausstattungsgrad je 100 Haushalte
63111;Laufende Wirtschaftsrechnungen;STAG;Stichtag;2014-01-01;DINSGF;Früheres Bundesgebiet / Neue Länder;DN;Neue Länder;GUTGB2;Gebrauchsgüter;SMART-05;Smartes Haushaltsgerät;-;Prozent;ATG001;Ausstattungsgrad je 100 Haushalte
63111;Laufende Wirtschaftsrechnungen;STAG;Stichtag;2010-01-01;DINSGF;Früheres Bundesgebiet / Neue Länder;DN;Neue Länder;GUTGB2;Gebrauchsgüter;KRAFTRAD-01;Krafträder;8,3;Prozent;ATG001;Ausstattungsgrad je 100 Haushalte
63111;Laufende Wirtschaftsrechnungen;STAG;Stichtag;2011-01-01;DINSGF;Früheres Bundesgebiet / Neue Länder;DF;Früheres Bundesgebiet;GUTGB2;Gebrauchsgüter;ANSCHL-IPTV;TV über DSL/Internet (IPTV);-;Prozent;ATG001;Ausstattungsgrad je 100 Haushalte
63111;Laufende Wirtschaftsrechnungen;STAG;Stichtag;2017-01-01;DINSGF;Früheres Bundesgebiet / Neue Länder;DN;Neue Länder;GUTGB2;Gebrauchsgüter;PKW-GEL-01;Personenkraftwagen geleast;-;Prozent;ATG001;Ausstattungsgrad je 100 Haushalte
63111;Laufende Wirtschaftsrechnungen;STAG;Stichtag;2017-01-01;DINSGF;Früheres Bundesgebiet / Neue Länder;DF;Früheres Bundesgebiet;GUTGB2;Gebrauchsgüter;INTERNET-11;Internetanschluss, -zugang mobil;-;Prozent;ATG001;Ausstattungsgrad je 100 Haushalte
63111;Laufende Wirtschaftsrechnungen;STAG;Stichtag;2022-01-01;DINSGF;Früheres Bundesgebiet / Neue Länder;DN;Neue Länder;GUTGB2;Gebrauchsgüter;PKW-NEU-02;Pkw fabrikneu gekauft, Elektroauto, Plug-in-Hybrid;/;Prozent;ATG001;Ausstattungsgrad je 100 Haushalte
63111;Laufende Wirtschaftsrechnungen;STAG;Stichtag;2017-01-01;DINSGF;Früheres Bundesgebiet / Neue Länder;DN;Neue Länder;GUTGB2;Gebrauchsgüter;DVD-BRD-01;DVD- und Blu-ray-Gerät;-;Prozent;ATG001;Ausstattungsgrad je 100 Haushalte
63111;Laufende Wirtschaftsrechnungen;STAG;Stichtag;2016-01-01;DINSGF;Früheres Bundesgebiet / Neue Länder;DF;Früheres Bundesgebiet;GUTGB2;Gebrauchsgüter;PKW-NEU-01;Personenkraftwagen fabrikneu gekauft;34,8;Prozent;ATG001;Ausstattungsgrad je 100 Haushalte
63111;Laufende Wirtschaftsrechnungen;STAG;Stichtag;2010-01-01;DINSGF;Früheres Bundesgebiet / Neue Länder;DN;Neue Länder;GUTGB2;Gebrauchsgüter;KAFFEEM-04;Kaffeevollautomat;-;Prozent;ATG001;Ausstattungsgrad je 100 Haushalte
63111;Laufende Wirtschaftsrechnungen;STAG;Stichtag;2020-01-01;DINSGF;Früheres Bundesgebiet / Neue Länder;DN;Neue Länder;GUTGB2;Gebrauchsgüter;SPORT-HOME-01;Sportgeräte (Heimtrainer);22,9;Prozent;ATG001;Ausstattungsgrad je 100 Haushalte
63111;Laufende Wirtschaftsrechnungen;STAG;Stichtag;2021-01-01;DINSGF;Früheres Bundesgebiet / Neue Länder;DF;Früheres Bundesgebiet;GUTGB2;Gebrauchsgüter;DVD-BRD-01;DVD- und Blu-ray-Gerät;56,8;Prozent;ATG001;Ausstattungsgrad je 100 Haushalte
63111;Laufende Wirtschaftsrechnungen;STAG;Stichtag;2016-01-01;DINSGF;Früheres Bundesgebiet / Neue Länder;DN;Neue Länder;GUTGB2;Gebrauchsgüter;WASCHM-01;Waschmaschine;97,7;Prozent;ATG001;Ausstattungsgrad je 100 Haushalte
63111;Laufende Wirtschaftsrechnungen;STAG;Stichtag;2010-01-01;DINSGF;Früheres Bundesgebiet / Neue Länder;DN;Neue Länder;GUTGB2;Gebrauchsgüter;ANSCHL-KAB-01;Kabel-TV-Anschluss;-;Prozent;ATG001;Ausstattungsgrad je 100 Haushalte
63111;Laufende Wirtschaftsrechnungen;STAG;Stichtag;2017-01-01;DINSGF;Früheres Bundesgebiet / Neue Länder;DN;Neue Länder;GUTGB2;Gebrauchsgüter;SMART-02;Smart Speaker (intelligenter/WLAN-Lautsprecher);-;Prozent;ATG001;Ausstattungsgrad je 100 Haushalte
63111;Laufende Wirtschaftsrechnungen;STAG;Stichtag;2011-01-01;DINSGF;Früheres Bundesgebiet / Neue Länder;DN;Neue Länder;GUTGB2;Gebrauchsgüter;PKW-01;Personenkraftwagen;71,4;Prozent;ATG001;Ausstattungsgrad je 100 Haushalte
63111;Laufende Wirtschaftsrechnungen;STAG;Stichtag;2022-01-01;DINSGF;Früheres Bundesgebiet / Neue Länder;DN;Neue Länder;GUTGB2;Gebrauchsgüter;PC-STAT-01;PC stationär;37,5;Prozent;ATG001;Ausstattungsgrad je 100 Haushalte
63111;Laufende Wirtschaftsrechnungen;STAG;Stichtag;2016-01-01;DINSGF;Früheres Bundesgebiet / Neue Länder;DF;Früheres Bundesgebiet;GUTGB2;Gebrauchsgüter;TEL-SMART;Smartphone;-;Prozent;ATG001;Ausstattungsgrad je 100 Haushalte
63111;Laufende Wirtschaftsrechnungen;STAG;Stichtag;2020-01-01;DINSGF;Früheres Bundesgebiet / Neue Länder;DN;Neue Länder;GUTGB2;Gebrauchsgüter;MODEM-01;Modem für Datenübertragung;-;Prozent;ATG001;Ausstattungsgrad je 100 Haushalte
63111;Laufende Wirtschaftsrechnungen;STAG;Stichtag;2017-01-01;DINSGF;Früheres Bundesgebiet / Neue Länder;DN;Neue Länder;GUTGB2;Gebrauchsgüter;CAM-01;Camcorder (Videokamera);-;Prozent;ATG001;Ausstattungsgrad je 100 Haushalte
63111;Laufende Wirtschaftsrechnungen;STAG;Stichtag;2014-01-01;DINSGF;Früheres Bundesgebiet / Neue Länder;DF;Früheres Bundesgebiet;GUTGB2;Gebrauchsgüter;INTERNET-11;Internetanschluss, -zugang mobil;-;Prozent;ATG001;Ausstattungsgrad je 100 Haushalte
63111;Laufende Wirtschaftsrechnungen;STAG;Stichtag;2017-01-01;DINSGF;Früheres Bundesgebiet / Neue Länder;DF;Früheres Bundesgebiet;GUTGB2;Gebrauchsgüter;SMART-02;Smart Speaker (intelligenter/WLAN-Lautsprecher);-;Prozent;ATG001;Ausstattungsgrad je 100 Haushalte
63111;Laufende Wirtschaftsrechnungen;STAG;Stichtag;2011-01-01;DINSGF;Früheres Bundesgebiet / Neue Länder;DF;Früheres Bundesgebiet;GUTGB2;Gebrauchsgüter;DVD-BRD-01;DVD- und Blu-ray-Gerät;-;Prozent;ATG001;Ausstattungsgrad je 100 Haushalte
63111;Laufende Wirtschaftsrechnungen;STAG;Stichtag;2015-01-01;DINSGF;Früheres Bundesgebiet / Neue Länder;DN;Neue Länder;GUTGB2;Gebrauchsgüter;MIKROW-01;Mikrowellengerät;75,3;Prozent;ATG001;Ausstattungsgrad je 100 Haushalte
63111;Laufende Wirtschaftsrechnungen;STAG;Stichtag;2014-01-01;DINSGF;Früheres Bundesgebiet / Neue Länder;DF;Früheres Bundesgebiet;GUTGB2;Gebrauchsgüter;ANSCHL-ANT-02;Antennen-TV-Anschluss (DVB-T2 HD);-;Prozent;ATG001;Ausstattungsgrad je 100 Haushalte
63111;Laufende Wirtschaftsrechnungen;STAG;Stichtag;2019-01-01;DINSGF;Früheres Bundesgebiet / Neue Länder;DF;Früheres Bundesgebiet;GUTGB2;Gebrauchsgüter;BRD-01;Blu-ray-Gerät;24,5;Prozent;ATG001;Ausstattungsgrad je 100 Haushalte
63111;Laufende Wirtschaftsrechnungen;STAG;Stichtag;2017-01-01;DINSGF;Früheres Bundesgebiet / Neue Länder;DF;Früheres Bundesgebiet;GUTGB2;Gebrauchsgüter;FOTO-02;Fotoapparat/Digitalkamera;-;Prozent;ATG001;Ausstattungsgrad je 100 Haushalte
63111;Laufende Wirtschaftsrechnungen;STAG;Stichtag;2017-01-01;DINSGF;Früheres Bundesgebiet / Neue Länder;DN;Neue Länder;GUTGB2;Gebrauchsgüter;KUEHL-01;Kühlschrank (auch Gefrier- und Kühlkombination);-;Prozent;ATG001;Ausstattungsgrad je 100 Haushalte
63111;Laufende Wirtschaftsrechnungen;STAG;Stichtag;2022-01-01;DINSGF;Früheres Bundesgebiet / Neue Länder;DN;Neue Länder;GUTGB2;Gebrauchsgüter;FAHRRAD-01;Fahrrad;79,3;Prozent;ATG001;Ausstattungsgrad je 100 Haushalte
63111;Laufende Wirtschaftsrechnungen;STAG;Stichtag;2014-01-01;DINSGF;Früheres Bundesgebiet / Neue Länder;DN;Neue Länder;GUTGB2;Gebrauchsgüter;CD-STAT-01;CD-Player stationär;-;Prozent;ATG001;Ausstattungsgrad je 100 Haushalte
63111;Laufende Wirtschaftsrechnungen;STAG;Stichtag;2021-01-01;DINSGF;Früheres Bundesgebiet / Neue Länder;DN;Neue Länder;GUTGB2;Gebrauchsgüter;ANSCHL-KAB-01;Kabel-TV-Anschluss;51,9;Prozent;ATG001;Ausstattungsgrad je 100 Haushalte
63111;Laufende Wirtschaftsrechnungen;STAG;Stichtag;2020-01-01;DINSGF;Früheres Bundesgebiet / Neue Länder;DF;Früheres Bundesgebiet;GUTGB2;Gebrauchsgüter;CAM-ANALOG-01;Camcorder (Videokamera) analog;5,5;Prozent;ATG001;Ausstattungsgrad je 100 Haushalte
63111;Laufende Wirtschaftsrechnungen;STAG;Stichtag;2016-01-01;DINSGF;Früheres Bundesgebiet / Neue Länder;DN;Neue Länder;GUTGB2;Gebrauchsgüter;TV-03;Flachbildfernseher (LCD, Plasma);87,5;Prozent;ATG001;Ausstattungsgrad je 100 Haushalte
63111;Laufende Wirtschaftsrechnungen;STAG;Stichtag;2020-01-01;DINSGF;Früheres Bundesgebiet / Neue Länder;DF;Früheres Bundesgebiet;GUTGB2;Gebrauchsgüter;PC-MOBIL-04;Laptop/Notebook, Netbook;75,1;Prozent;ATG001;Ausstattungsgrad je 100 Haushalte
63111;Laufende Wirtschaftsrechnungen;STAG;Stichtag;2010-01-01;DINSGF;Früheres Bundesgebiet / Neue Länder;DN;Neue Länder;GUTGB2;Gebrauchsgüter;ANSCHL-SAT-01;Satelliten-TV-Anschluss;-;Prozent;ATG001;Ausstattungsgrad je 100 Haushalte
63111;Laufende Wirtschaftsrechnungen;STAG;Stichtag;2015-01-01;DINSGF;Früheres Bundesgebiet / Neue Länder;DF;Früheres Bundesgebiet;GUTGB2;Gebrauchsgüter;INTERNET-11;Internetanschluss, -zugang mobil;44,8;Prozent;ATG001;Ausstattungsgrad je 100 Haushalte
63111;Laufende Wirtschaftsrechnungen;STAG;Stichtag;2019-01-01;DINSGF;Früheres Bundesgebiet / Neue Länder;DN;Neue Länder;GUTGB2;Gebrauchsgüter;MP3PLAY01;MP3-Player;27,5;Prozent;ATG001;Ausstattungsgrad je 100 Haushalte
63111;Laufende Wirtschaftsrechnungen;STAG;Stichtag;2010-01-01;DINSGF;Früheres Bundesgebiet / Neue Länder;DN;Neue Länder;GUTGB2;Gebrauchsgüter;PKW-01;Personenkraftwagen;70,2;Prozent;ATG001;Ausstattungsgrad je 100 Haushalte
63111;Laufende Wirtschaftsrechnungen;STAG;Stichtag;2015-01-01;DINSGF;Früheres Bundesgebiet / Neue Länder;DN;Neue Länder;GUTGB2;Gebrauchsgüter;PC-STAT-01;PC stationär;48,0;Prozent;ATG001;Ausstattungsgrad je 100 Haushalte
63111;Laufende Wirtschaftsrechnungen;STAG;Stichtag;2015-01-01;DINSGF;Früheres Bundesgebiet / Neue Länder;DF;Früheres Bundesgebiet;GUTGB2;Gebrauchsgüter;SMART-01;Smart TV (Fernseher);-;Prozent;ATG001;Ausstattungsgrad je 100 Haushalte
63111;Laufende Wirtschaftsrechnungen;STAG;Stichtag;2021-01-01;DINSGF;Früheres Bundesgebiet / Neue Länder;DN;Neue Länder;GUTGB2;Gebrauchsgüter;FAX-STAT-01;Telefaxgerät stationär;-;Prozent;ATG001;Ausstattungsgrad je 100 Haushalte
63111;Laufende Wirtschaftsrechnungen;STAG;Stichtag;2020-01-01;DINSGF;Früheres Bundesgebiet / Neue Länder;DN;Neue Länder;GUTGB2;Gebrauchsgüter;TEL-01;Telefon;100,0;Prozent;ATG001;Ausstattungsgrad je 100 Haushalte
63111;Laufende Wirtschaftsrechnungen;STAG;Stichtag;2020-01-01;DINSGF;Früheres Bundesgebiet / Neue Länder;DN;Neue Länder;GUTGB2;Gebrauchsgüter;KAFFEEM-02;Filterkaffeemaschine;65,1;Prozent;ATG001;Ausstattungsgrad je 100 Haushalte
63111;Laufende Wirtschaftsrechnungen;STAG;Stichtag;2015-01-01;DINSGF;Früheres Bundesgebiet / Neue Länder;DF;Früheres Bundesgebiet;GUTGB2;Gebrauchsgüter;KRAFTRAD-01;Krafträder;12,1;Prozent;ATG001;Ausstattungsgrad je 100 Haushalte
63111;Laufende Wirtschaftsrechnungen;STAG;Stichtag;2015-01-01;DINSGF;Früheres Bundesgebiet / Neue Länder;DN;Neue Länder;GUTGB2;Gebrauchsgüter;INTERNET-11;Internetanschluss, -zugang mobil;40,5;Prozent;ATG001;Ausstattungsgrad je 100 Haushalte
63111;Laufende Wirtschaftsrechnungen;STAG;Stichtag;2017-01-01;DINSGF;Früheres Bundesgebiet / Neue Länder;DF;Früheres Bundesgebiet;GUTGB2;Gebrauchsgüter;ANTW-STAT-01;Anrufbeantworter stationär;-;Prozent;ATG001;Ausstattungsgrad je 100 Haushalte
63111;Laufende Wirtschaftsrechnungen;STAG;Stichtag;2021-01-01;DINSGF;Früheres Bundesgebiet / Neue Länder;DF;Früheres Bundesgebiet;GUTGB2;Gebrauchsgüter;TV-03;Flachbildfernseher (LCD, Plasma);90,6;Prozent;ATG001;Ausstattungsgrad je 100 Haushalte
63111;Laufende Wirtschaftsrechnungen;STAG;Stichtag;2015-01-01;DINSGF;Früheres Bundesgebiet / Neue Länder;DF;Früheres Bundesgebiet;GUTGB2;Gebrauchsgüter;KAFFEEM-02;Filterkaffeemaschine;58,8;Prozent;ATG001;Ausstattungsgrad je 100 Haushalte
63111;Laufende Wirtschaftsrechnungen;STAG;Stichtag;2016-01-01;DINSGF;Früheres Bundesgebiet / Neue Länder;DF;Früheres Bundesgebiet;GUTGB2;Gebrauchsgüter;SPIELE-01;Spielekonsole;26,4;Prozent;ATG001;Ausstattungsgrad je 100 Haushalte
63111;Laufende Wirtschaftsrechnungen;STAG;Stichtag;2021-01-01;DINSGF;Früheres Bundesgebiet / Neue Länder;DN;Neue Länder;GUTGB2;Gebrauchsgüter;CAM-ANALOG-01;Camcorder (Videokamera) analog;-;Prozent;ATG001;Ausstattungsgrad je 100 Haushalte
63111;Laufende Wirtschaftsrechnungen;STAG;Stichtag;2010-01-01;DINSGF;Früheres Bundesgebiet / Neue Länder;DN;Neue Länder;GUTGB2;Gebrauchsgüter;SPIELE-01;Spielekonsole;17,7;Prozent;ATG001;Ausstattungsgrad je 100 Haushalte
63111;Laufende Wirtschaftsrechnungen;STAG;Stichtag;2021-01-01;DINSGF;Früheres Bundesgebiet / Neue Länder;DF;Früheres Bundesgebiet;GUTGB2;Gebrauchsgüter;SMART-02;Smart Speaker (intelligenter/WLAN-Lautsprecher);-;Prozent;ATG001;Ausstattungsgrad je 100 Haushalte
63111;Laufende Wirtschaftsrechnungen;STAG;Stichtag;2010-01-01;DINSGF;Früheres Bundesgebiet / Neue Länder;DF;Früheres Bundesgebiet;GUTGB2;Gebrauchsgüter;TEL-MOBIL-01;Telefon mobil (Autotelefon, Handy);88,5;Prozent;ATG001;Ausstattungsgrad je 100 Haushalte
63111;Laufende Wirtschaftsrechnungen;STAG;Stichtag;2022-01-01;DINSGF;Früheres Bundesgebiet / Neue Länder;DF;Früheres Bundesgebiet;GUTGB2;Gebrauchsgüter;INTERNET-11;Internetanschluss, -zugang mobil;62,2;Prozent;ATG001;Ausstattungsgrad je 100 Haushalte
63111;Laufende Wirtschaftsrechnungen;STAG;Stichtag;2020-01-01;DINSGF;Früheres Bundesgebiet / Neue Länder;DF;Früheres Bundesgebiet;GUTGB2;Gebrauchsgüter;SAT-01;Satellitenempfangsanlage;-;Prozent;ATG001;Ausstattungsgrad je 100 Haushalte
63111;Laufende Wirtschaftsrechnungen;STAG;Stichtag;2015-01-01;DINSGF;Früheres Bundesgebiet / Neue Länder;DN;Neue Länder;GUTGB2;Gebrauchsgüter;SMART-01;Smart TV (Fernseher);-;Prozent;ATG001;Ausstattungsgrad je 100 Haushalte
63111;Laufende Wirtschaftsrechnungen;STAG;Stichtag;2017-01-01;DINSGF;Früheres Bundesgebiet / Neue Länder;DN;Neue Länder;GUTGB2;Gebrauchsgüter;KABEL-01;Kabelanschluss;-;Prozent;ATG001;Ausstattungsgrad je 100 Haushalte
63111;Laufende Wirtschaftsrechnungen;STAG;Stichtag;2017-01-01;DINSGF;Früheres Bundesgebiet / Neue Länder;DN;Neue Länder;GUTGB2;Gebrauchsgüter;PC-01;Personalcomputer;-;Prozent;ATG001;Ausstattungsgrad je 100 Haushalte
63111;Laufende Wirtschaftsrechnungen;STAG;Stichtag;2021-01-01;DINSGF;Früheres Bundesgebiet / Neue Länder;DF;Früheres Bundesgebiet;GUTGB2;Gebrauchsgüter;KAFFEEM-03;Pad- oder Kapselmaschine;30,3;Prozent;ATG001;Ausstattungsgrad je 100 Haushalte
63111;Laufende Wirtschaftsrechnungen;STAG;Stichtag;2015-01-01;DINSGF;Früheres Bundesgebiet / Neue Länder;DN;Neue Länder;GUTGB2;Gebrauchsgüter;ANSCHL-KAB-01;Kabel-TV-Anschluss;55,7;Prozent;ATG001;Ausstattungsgrad je 100 Haushalte
63111;Laufende Wirtschaftsrechnungen;STAG;Stichtag;2017-01-01;DINSGF;Früheres Bundesgebiet / Neue Länder;DF;Früheres Bundesgebiet;GUTGB2;Gebrauchsgüter;FAHRRAD-03;E-Scooter (Tretroller m.Elektroantr. oh. Füh.pfl.);-;Prozent;ATG001;Ausstattungsgrad je 100 Haushalte
63111;Laufende Wirtschaftsrechnungen;STAG;Stichtag;2017-01-01;DINSGF;Früheres Bundesgebiet / Neue Länder;DF;Früheres Bundesgebiet;GUTGB2;Gebrauchsgüter;MIKROW-01;Mikrowellengerät;-;Prozent;ATG001;Ausstattungsgrad je 100 Haushalte
63111;Laufende Wirtschaftsrechnungen;STAG;Stichtag;2015-01-01;DINSGF;Früheres Bundesgebiet / Neue Länder;DF;Früheres Bundesgebiet;GUTGB2;Gebrauchsgüter;PKW-GEL-02;Pkw geleast, Elektroauto, Plug-in-Hybrid;-;Prozent;ATG001;Ausstattungsgrad je 100 Haushalte
63111;Laufende Wirtschaftsrechnungen;STAG;Stichtag;2014-01-01;DINSGF;Früheres Bundesgebiet / Neue Länder;DN;Neue Länder;GUTGB2;Gebrauchsgüter;CAM-01;Camcorder (Videokamera);19,4;Prozent;ATG001;Ausstattungsgrad je 100 Haushalte
63111;Laufende Wirtschaftsrechnungen;STAG;Stichtag;2014-01-01;DINSGF;Früheres Bundesgebiet / Neue Länder;DN;Neue Länder;GUTGB2;Gebrauchsgüter;PC-01;Personalcomputer;85,1;Prozent;ATG001;Ausstattungsgrad je 100 Haushalte
63111;Laufende Wirtschaftsrechnungen;STAG;Stichtag;2017-01-01;DINSGF;Früheres Bundesgebiet / Neue Länder;DF;Früheres Bundesgebiet;GUTGB2;Gebrauchsgüter;PC-01;Personalcomputer;-;Prozent;ATG001;Ausstattungsgrad je 100 Haushalte
63111;Laufende Wirtschaftsrechnungen;STAG;Stichtag;2020-01-01;DINSGF;Früheres Bundesgebiet / Neue Länder;DF;Früheres Bundesgebiet;GUTGB2;Gebrauchsgüter;TROCK-01;Wäschetrockner (auch in Kombigeräten);46,6;Prozent;ATG001;Ausstattungsgrad je 100 Haushalte
63111;Laufende Wirtschaftsrechnungen;STAG;Stichtag;2016-01-01;DINSGF;Früheres Bundesgebiet / Neue Länder;DN;Neue Länder;GUTGB2;Gebrauchsgüter;CAM-ANALOG-01;Camcorder (Videokamera) analog;7,1;Prozent;ATG001;Ausstattungsgrad je 100 Haushalte
63111;Laufende Wirtschaftsrechnungen;STAG;Stichtag;2022-01-01;DINSGF;Früheres Bundesgebiet / Neue Länder;DF;Früheres Bundesgebiet;GUTGB2;Gebrauchsgüter;ANTW-STAT-01;Anrufbeantworter stationär;-;Prozent;ATG001;Ausstattungsgrad je 100 Haushalte
63111;Laufende Wirtschaftsrechnungen;STAG;Stichtag;2014-01-01;DINSGF;Früheres Bundesgebiet / Neue Länder;DF;Früheres Bundesgebiet;GUTGB2;Gebrauchsgüter;FAHRRAD-03;E-Scooter (Tretroller m.Elektroantr. oh. Füh.pfl.);-;Prozent;ATG001;Ausstattungsgrad je 100 Haushalte
63111;Laufende Wirtschaftsrechnungen;STAG;Stichtag;2015-01-01;DINSGF;Früheres Bundesgebiet / Neue Länder;DF;Früheres Bundesgebiet;GUTGB2;Gebrauchsgüter;FOTO-02;Fotoapparat/Digitalkamera;84,7;Prozent;ATG001;Ausstattungsgrad je 100 Haushalte
63111;Laufende Wirtschaftsrechnungen;STAG;Stichtag;2014-01-01;DINSGF;Früheres Bundesgebiet / Neue Länder;DF;Früheres Bundesgebiet;GUTGB2;Gebrauchsgüter;PC-01;Personalcomputer;87,6;Prozent;ATG001;Ausstattungsgrad je 100 Haushalte
63111;Laufende Wirtschaftsrechnungen;STAG;Stichtag;2017-01-01;DINSGF;Früheres Bundesgebiet / Neue Länder;DF;Früheres Bundesgebiet;GUTGB2;Gebrauchsgüter;KABEL-01;Kabelanschluss;-;Prozent;ATG001;Ausstattungsgrad je 100 Haushalte
63111;Laufende Wirtschaftsrechnungen;STAG;Stichtag;2010-01-01;DINSGF;Früheres Bundesgebiet / Neue Länder;DN;Neue Länder;GUTGB2;Gebrauchsgüter;DVD-02;DVD-Player/Recorder;72,2;Prozent;ATG001;Ausstattungsgrad je 100 Haushalte
63111;Laufende Wirtschaftsrechnungen;STAG;Stichtag;2020-01-01;DINSGF;Früheres Bundesgebiet / Neue Länder;DN;Neue Länder;GUTGB2;Gebrauchsgüter;MIKROW-01;Mikrowellengerät;76,6;Prozent;ATG001;Ausstattungsgrad je 100 Haushalte
63111;Laufende Wirtschaftsrechnungen;STAG;Stichtag;2021-01-01;DINSGF;Früheres Bundesgebiet / Neue Länder;DN;Neue Länder;GUTGB2;Gebrauchsgüter;PC-MOBIL-04;Laptop/Notebook, Netbook;72,2;Prozent;ATG001;Ausstattungsgrad je 100 Haushalte
63111;Laufende Wirtschaftsrechnungen;STAG;Stichtag;2010-01-01;DINSGF;Früheres Bundesgebiet / Neue Länder;DN;Neue Länder;GUTGB2;Gebrauchsgüter;CAM-ANALOG-01;Camcorder (Videokamera) analog;11,4;Prozent;ATG001;Ausstattungsgrad je 100 Haushalte
63111;Laufende Wirtschaftsrechnungen;STAG;Stichtag;2010-01-01;DINSGF;Früheres Bundesgebiet / Neue Länder;DN;Neue Länder;GUTGB2;Gebrauchsgüter;PKW-GEBR-01;Personenkraftwagen gebraucht gekauft;40,9;Prozent;ATG001;Ausstattungsgrad je 100 Haushalte
63111;Laufende Wirtschaftsrechnungen;STAG;Stichtag;2021-01-01;DINSGF;Früheres Bundesgebiet / Neue Länder;DN;Neue Länder;GUTGB2;Gebrauchsgüter;TV-03;Flachbildfernseher (LCD, Plasma);93,5;Prozent;ATG001;Ausstattungsgrad je 100 Haushalte
63111;Laufende Wirtschaftsrechnungen;STAG;Stichtag;2021-01-01;DINSGF;Früheres Bundesgebiet / Neue Länder;DN;Neue Länder;GUTGB2;Gebrauchsgüter;PKW-07;Personenkraftwagen, Elektroauto, Plug-in-Hybrid;-;Prozent;ATG001;Ausstattungsgrad je 100 Haushalte
63111;Laufende Wirtschaftsrechnungen;STAG;Stichtag;2021-01-01;DINSGF;Früheres Bundesgebiet / Neue Länder;DF;Früheres Bundesgebiet;GUTGB2;Gebrauchsgüter;FAHRRAD-01;Fahrrad;79,1;Prozent;ATG001;Ausstattungsgrad je 100 Haushalte
63111;Laufende Wirtschaftsrechnungen;STAG;Stichtag;2020-01-01;DINSGF;Früheres Bundesgebiet / Neue Länder;DN;Neue Länder;GUTGB2;Gebrauchsgüter;ANSCHL-KAB-01;Kabel-TV-Anschluss;49,6;Prozent;ATG001;Ausstattungsgrad je 100 Haushalte
63111;Laufende Wirtschaftsrechnungen;STAG;Stichtag;2016-01-01;DINSGF;Früheres Bundesgebiet / Neue Länder;DN;Neue Länder;GUTGB2;Gebrauchsgüter;ANSCHL-ANT-02;Antennen-TV-Anschluss (DVB-T2 HD);-;Prozent;ATG001;Ausstattungsgrad je 100 Haushalte
63111;Laufende Wirtschaftsrechnungen;STAG;Stichtag;2014-01-01;DINSGF;Früheres Bundesgebiet / Neue Länder;DF;Früheres Bundesgebiet;GUTGB2;Gebrauchsgüter;SMART-05;Smartes Haushaltsgerät;-;Prozent;ATG001;Ausstattungsgrad je 100 Haushalte
63111;Laufende Wirtschaftsrechnungen;STAG;Stichtag;2011-01-01;DINSGF;Früheres Bundesgebiet / Neue Länder;DF;Früheres Bundesgebiet;GUTGB2;Gebrauchsgüter;PKW-GEBR-01;Personenkraftwagen gebraucht gekauft;47,9;Prozent;ATG001;Ausstattungsgrad je 100 Haushalte
63111;Laufende Wirtschaftsrechnungen;STAG;Stichtag;2020-01-01;DINSGF;Früheres Bundesgebiet / Neue Länder;DN;Neue Länder;GUTGB2;Gebrauchsgüter;PC-MOBIL-04;Laptop/Notebook, Netbook;72,2;Prozent;ATG001;Ausstattungsgrad je 100 Haushalte
63111;Laufende Wirtschaftsrechnungen;STAG;Stichtag;2011-01-01;DINSGF;Früheres Bundesgebiet / Neue Länder;DF;Früheres Bundesgebiet;GUTGB2;Gebrauchsgüter;KRAFTRAD-05;Kraftrad mit Führerscheinpflicht;-;Prozent;ATG001;Ausstattungsgrad je 100 Haushalte
63111;Laufende Wirtschaftsrechnungen;STAG;Stichtag;2017-01-01;DINSGF;Früheres Bundesgebiet / Neue Länder;DF;Früheres Bundesgebiet;GUTGB2;Gebrauchsgüter;CD-STAT-01;CD-Player stationär;-;Prozent;ATG001;Ausstattungsgrad je 100 Haushalte
63111;Laufende Wirtschaftsrechnungen;STAG;Stichtag;2017-01-01;DINSGF;Früheres Bundesgebiet / Neue Länder;DN;Neue Länder;GUTGB2;Gebrauchsgüter;MP3PLAY01;MP3-Player;-;Prozent;ATG001;Ausstattungsgrad je 100 Haushalte
63111;Laufende Wirtschaftsrechnungen;STAG;Stichtag;2021-01-01;DINSGF;Früheres Bundesgebiet / Neue Länder;DF;Früheres Bundesgebiet;GUTGB2;Gebrauchsgüter;INTERNET-11;Internetanschluss, -zugang mobil;63,4;Prozent;ATG001;Ausstattungsgrad je 100 Haushalte
63111;Laufende Wirtschaftsrechnungen;STAG;Stichtag;2022-01-01;DINSGF;Früheres Bundesgebiet / Neue Länder;DF;Früheres Bundesgebiet;GUTGB2;Gebrauchsgüter;DEC-PAYTV-01;Pay-TV-Decoder;20,9;Prozent;ATG001;Ausstattungsgrad je 100 Haushalte
63111;Laufende Wirtschaftsrechnungen;STAG;Stichtag;2010-01-01;DINSGF;Früheres Bundesgebiet / Neue Länder;DN;Neue Länder;GUTGB2;Gebrauchsgüter;TEL-SMART;Smartphone;-;Prozent;ATG001;Ausstattungsgrad je 100 Haushalte
63111;Laufende Wirtschaftsrechnungen;STAG;Stichtag;2021-01-01;DINSGF;Früheres Bundesgebiet / Neue Länder;DF;Früheres Bundesgebiet;GUTGB2;Gebrauchsgüter;FOTO-ANALOG-01;Fotoapparat analog;23,9;Prozent;ATG001;Ausstattungsgrad je 100 Haushalte
63111;Laufende Wirtschaftsrechnungen;STAG;Stichtag;2010-01-01;DINSGF;Früheres Bundesgebiet / Neue Länder;DN;Neue Länder;GUTGB2;Gebrauchsgüter;FAHRRAD-02;Pedelec (E-Bike ohne Führerscheinpflicht);-;Prozent;ATG001;Ausstattungsgrad je 100 Haushalte
63111;Laufende Wirtschaftsrechnungen;STAG;Stichtag;2015-01-01;DINSGF;Früheres Bundesgebiet / Neue Länder;DN;Neue Länder;GUTGB2;Gebrauchsgüter;KRAFTRAD-05;Kraftrad mit Führerscheinpflicht;-;Prozent;ATG001;Ausstattungsgrad je 100 Haushalte
63111;Laufende Wirtschaftsrechnungen;STAG;Stichtag;2020-01-01;DINSGF;Früheres Bundesgebiet / Neue Länder;DF;Früheres Bundesgebiet;GUTGB2;Gebrauchsgüter;PKW-07;Personenkraftwagen, Elektroauto, Plug-in-Hybrid;-;Prozent;ATG001;Ausstattungsgrad je 100 Haushalte
63111;Laufende Wirtschaftsrechnungen;STAG;Stichtag;2011-01-01;DINSGF;Früheres Bundesgebiet / Neue Länder;DF;Früheres Bundesgebiet;GUTGB2;Gebrauchsgüter;FAHRRAD-01;Fahrrad;81,6;Prozent;ATG001;Ausstattungsgrad je 100 Haushalte
63111;Laufende Wirtschaftsrechnungen;STAG;Stichtag;2016-01-01;DINSGF;Früheres Bundesgebiet / Neue Länder;DN;Neue Länder;GUTGB2;Gebrauchsgüter;FAHRRAD-02;Pedelec (E-Bike ohne Führerscheinpflicht);2,7;Prozent;ATG001;Ausstattungsgrad je 100 Haushalte
63111;Laufende Wirtschaftsrechnungen;STAG;Stichtag;2014-01-01;DINSGF;Früheres Bundesgebiet / Neue Länder;DF;Früheres Bundesgebiet;GUTGB2;Gebrauchsgüter;PKW-NEU-02;Pkw fabrikneu gekauft, Elektroauto, Plug-in-Hybrid;-;Prozent;ATG001;Ausstattungsgrad je 100 Haushalte
63111;Laufende Wirtschaftsrechnungen;STAG;Stichtag;2011-01-01;DINSGF;Früheres Bundesgebiet / Neue Länder;DF;Früheres Bundesgebiet;GUTGB2;Gebrauchsgüter;SMART-05;Smartes Haushaltsgerät;-;Prozent;ATG001;Ausstattungsgrad je 100 Haushalte
63111;Laufende Wirtschaftsrechnungen;STAG;Stichtag;2019-01-01;DINSGF;Früheres Bundesgebiet / Neue Länder;DN;Neue Länder;GUTGB2;Gebrauchsgüter;PKW-NEU-01;Personenkraftwagen fabrikneu gekauft;28,6;Prozent;ATG001;Ausstattungsgrad je 100 Haushalte
63111;Laufende Wirtschaftsrechnungen;STAG;Stichtag;2014-01-01;DINSGF;Früheres Bundesgebiet / Neue Länder;DF;Früheres Bundesgebiet;GUTGB2;Gebrauchsgüter;KRAFTRAD-01;Krafträder;11,7;Prozent;ATG001;Ausstattungsgrad je 100 Haushalte
63111;Laufende Wirtschaftsrechnungen;STAG;Stichtag;2010-01-01;DINSGF;Früheres Bundesgebiet / Neue Länder;DN;Neue Länder;GUTGB2;Gebrauchsgüter;WASCHM-01;Waschmaschine;-;Prozent;ATG001;Ausstattungsgrad je 100 Haushalte
63111;Laufende Wirtschaftsrechnungen;STAG;Stichtag;2014-01-01;DINSGF;Früheres Bundesgebiet / Neue Länder;DN;Neue Länder;GUTGB2;Gebrauchsgüter;PKW-GEL-01;Personenkraftwagen geleast;2,8;Prozent;ATG001;Ausstattungsgrad je 100 Haushalte
63111;Laufende Wirtschaftsrechnungen;STAG;Stichtag;2010-01-01;DINSGF;Früheres Bundesgebiet / Neue Länder;DN;Neue Länder;GUTGB2;Gebrauchsgüter;KAFFEEM-02;Filterkaffeemaschine;-;Prozent;ATG001;Ausstattungsgrad je 100 Haushalte
63111;Laufende Wirtschaftsrechnungen;STAG;Stichtag;2014-01-01;DINSGF;Früheres Bundesgebiet / Neue Länder;DF;Früheres Bundesgebiet;GUTGB2;Gebrauchsgüter;KABEL-01;Kabelanschluss;43,6;Prozent;ATG001;Ausstattungsgrad je 100 Haushalte
63111;Laufende Wirtschaftsrechnungen;STAG;Stichtag;2011-01-01;DINSGF;Früheres Bundesgebiet / Neue Länder;DN;Neue Länder;GUTGB2;Gebrauchsgüter;SMART-05;Smartes Haushaltsgerät;-;Prozent;ATG001;Ausstattungsgrad je 100 Haushalte
63111;Laufende Wirtschaftsrechnungen;STAG;Stichtag;2011-01-01;DINSGF;Früheres Bundesgebiet / Neue Länder;DN;Neue Länder;GUTGB2;Gebrauchsgüter;FOTO-ANALOG-01;Fotoapparat analog;50,6;Prozent;ATG001;Ausstattungsgrad je 100 Haushalte
63111;Laufende Wirtschaftsrechnungen;STAG;Stichtag;2019-01-01;DINSGF;Früheres Bundesgebiet / Neue Länder;DF;Früheres Bundesgebiet;GUTGB2;Gebrauchsgüter;DVD-BRD-01;DVD- und Blu-ray-Gerät;59,9;Prozent;ATG001;Ausstattungsgrad je 100 Haushalte
63111;Laufende Wirtschaftsrechnungen;STAG;Stichtag;2014-01-01;DINSGF;Früheres Bundesgebiet / Neue Länder;DN;Neue Länder;GUTGB2;Gebrauchsgüter;INTERNET-11;Internetanschluss, -zugang mobil;-;Prozent;ATG001;Ausstattungsgrad je 100 Haushalte
63111;Laufende Wirtschaftsrechnungen;STAG;Stichtag;2019-01-01;DINSGF;Früheres Bundesgebiet / Neue Länder;DF;Früheres Bundesgebiet;GUTGB2;Gebrauchsgüter;HIFI-01;HiFi-Anlage;-;Prozent;ATG001;Ausstattungsgrad je 100 Haushalte
63111;Laufende Wirtschaftsrechnungen;STAG;Stichtag;2016-01-01;DINSGF;Früheres Bundesgebiet / Neue Länder;DN;Neue Länder;GUTGB2;Gebrauchsgüter;PKW-GEBR-01;Personenkraftwagen gebraucht gekauft;44,7;Prozent;ATG001;Ausstattungsgrad je 100 Haushalte
63111;Laufende Wirtschaftsrechnungen;STAG;Stichtag;2010-01-01;DINSGF;Früheres Bundesgebiet / Neue Länder;DF;Früheres Bundesgebiet;GUTGB2;Gebrauchsgüter;DEC-DVBT-01;DVB-T-Gerät (Decoder);22,2;Prozent;ATG001;Ausstattungsgrad je 100 Haushalte
63111;Laufende Wirtschaftsrechnungen;STAG;Stichtag;2011-01-01;DINSGF;Früheres Bundesgebiet / Neue Länder;DN;Neue Länder;GUTGB2;Gebrauchsgüter;PKW-07;Personenkraftwagen, Elektroauto, Plug-in-Hybrid;-;Prozent;ATG001;Ausstattungsgrad je 100 Haushalte
63111;Laufende Wirtschaftsrechnungen;STAG;Stichtag;2017-01-01;DINSGF;Früheres Bundesgebiet / Neue Länder;DF;Früheres Bundesgebiet;GUTGB2;Gebrauchsgüter;DEC-PAYTV-01;Pay-TV-Decoder;-;Prozent;ATG001;Ausstattungsgrad je 100 Haushalte
63111;Laufende Wirtschaftsrechnungen;STAG;Stichtag;2017-01-01;DINSGF;Früheres Bundesgebiet / Neue Länder;DN;Neue Länder;GUTGB2;Gebrauchsgüter;KRAFTRAD-05;Kraftrad mit Führerscheinpflicht;-;Prozent;ATG001;Ausstattungsgrad je 100 Haushalte
63111;Laufende Wirtschaftsrechnungen;STAG;Stichtag;2021-01-01;DINSGF;Früheres Bundesgebiet / Neue Länder;DN;Neue Länder;GUTGB2;Gebrauchsgüter;SMART-02;Smart Speaker (intelligenter/WLAN-Lautsprecher);-;Prozent;ATG001;Ausstattungsgrad je 100 Haushalte
63111;Laufende Wirtschaftsrechnungen;STAG;Stichtag;2011-01-01;DINSGF;Früheres Bundesgebiet / Neue Länder;DF;Früheres Bundesgebiet;GUTGB2;Gebrauchsgüter;CD-STAT-01;CD-Player stationär;-;Prozent;ATG001;Ausstattungsgrad je 100 Haushalte
63111;Laufende Wirtschaftsrechnungen;STAG;Stichtag;2010-01-01;DINSGF;Früheres Bundesgebiet / Neue Länder;DN;Neue Länder;GUTGB2;Gebrauchsgüter;CAM-01;Camcorder (Videokamera);20,4;Prozent;ATG001;Ausstattungsgrad je 100 Haushalte
63111;Laufende Wirtschaftsrechnungen;STAG;Stichtag;2014-01-01;DINSGF;Früheres Bundesgebiet / Neue Länder;DN;Neue Länder;GUTGB2;Gebrauchsgüter;KABEL-01;Kabelanschluss;57,5;Prozent;ATG001;Ausstattungsgrad je 100 Haushalte
63111;Laufende Wirtschaftsrechnungen;STAG;Stichtag;2016-01-01;DINSGF;Früheres Bundesgebiet / Neue Länder;DF;Früheres Bundesgebiet;GUTGB2;Gebrauchsgüter;MODEM-01;Modem für Datenübertragung;-;Prozent;ATG001;Ausstattungsgrad je 100 Haushalte
63111;Laufende Wirtschaftsrechnungen;STAG;Stichtag;2014-01-01;DINSGF;Früheres Bundesgebiet / Neue Länder;DN;Neue Länder;GUTGB2;Gebrauchsgüter;DVD-02;DVD-Player/Recorder;77,2;Prozent;ATG001;Ausstattungsgrad je 100 Haushalte
63111;Laufende Wirtschaftsrechnungen;STAG;Stichtag;2014-01-01;DINSGF;Früheres Bundesgebiet / Neue Länder;DN;Neue Länder;GUTGB2;Gebrauchsgüter;DEC-DVBT-01;DVB-T-Gerät (Decoder);16,3;Prozent;ATG001;Ausstattungsgrad je 100 Haushalte
63111;Laufende Wirtschaftsrechnungen;STAG;Stichtag;2015-01-01;DINSGF;Früheres Bundesgebiet / Neue Länder;DN;Neue Länder;GUTGB2;Gebrauchsgüter;PKW-GEBR-01;Personenkraftwagen gebraucht gekauft;44,2;Prozent;ATG001;Ausstattungsgrad je 100 Haushalte
63111;Laufende Wirtschaftsrechnungen;STAG;Stichtag;2014-01-01;DINSGF;Früheres Bundesgebiet / Neue Länder;DN;Neue Länder;GUTGB2;Gebrauchsgüter;WASCHM-01;Waschmaschine;98,0;Prozent;ATG001;Ausstattungsgrad je 100 Haushalte
63111;Laufende Wirtschaftsrechnungen;STAG;Stichtag;2014-01-01;DINSGF;Früheres Bundesgebiet / Neue Länder;DF;Früheres Bundesgebiet;GUTGB2;Gebrauchsgüter;FOTO-02;Fotoapparat/Digitalkamera;85,4;Prozent;ATG001;Ausstattungsgrad je 100 Haushalte
63111;Laufende Wirtschaftsrechnungen;STAG;Stichtag;2016-01-01;DINSGF;Früheres Bundesgebiet / Neue Länder;DN;Neue Länder;GUTGB2;Gebrauchsgüter;KRAFTRAD-05;Kraftrad mit Führerscheinpflicht;-;Prozent;ATG001;Ausstattungsgrad je 100 Haushalte
63111;Laufende Wirtschaftsrechnungen;STAG;Stichtag;2014-01-01;DINSGF;Früheres Bundesgebiet / Neue Länder;DF;Früheres Bundesgebiet;GUTGB2;Gebrauchsgüter;SPIELE-01;Spielekonsole;27,5;Prozent;ATG001;Ausstattungsgrad je 100 Haushalte
63111;Laufende Wirtschaftsrechnungen;STAG;Stichtag;2016-01-01;DINSGF;Früheres Bundesgebiet / Neue Länder;DN;Neue Länder;GUTGB2;Gebrauchsgüter;MODEM-01;Modem für Datenübertragung;-;Prozent;ATG001;Ausstattungsgrad je 100 Haushalte
63111;Laufende Wirtschaftsrechnungen;STAG;Stichtag;2014-01-01;DINSGF;Früheres Bundesgebiet / Neue Länder;DN;Neue Länder;GUTGB2;Gebrauchsgüter;GEFRIER-01;Gefrierschrank, Gefriertruhe (Einzelgeräte);39,7;Prozent;ATG001;Ausstattungsgrad je 100 Haushalte
63111;Laufende Wirtschaftsrechnungen;STAG;Stichtag;2016-01-01;DINSGF;Früheres Bundesgebiet / Neue Länder;DN;Neue Länder;GUTGB2;Gebrauchsgüter;ANSCHL-SAT-01;Satelliten-TV-Anschluss;38,9;Prozent;ATG001;Ausstattungsgrad je 100 Haushalte
63111;Laufende Wirtschaftsrechnungen;STAG;Stichtag;2011-01-01;DINSGF;Früheres Bundesgebiet / Neue Länder;DN;Neue Länder;GUTGB2;Gebrauchsgüter;KRAFTRAD-05;Kraftrad mit Führerscheinpflicht;-;Prozent;ATG001;Ausstattungsgrad je 100 Haushalte
63111;Laufende Wirtschaftsrechnungen;STAG;Stichtag;2022-01-01;DINSGF;Früheres Bundesgebiet / Neue Länder;DF;Früheres Bundesgebiet;GUTGB2;Gebrauchsgüter;CAM-01;Camcorder (Videokamera);-;Prozent;ATG001;Ausstattungsgrad je 100 Haushalte
63111;Laufende Wirtschaftsrechnungen;STAG;Stichtag;2019-01-01;DINSGF;Früheres Bundesgebiet / Neue Länder;DF;Früheres Bundesgebiet;GUTGB2;Gebrauchsgüter;PKW-GEL-01;Personenkraftwagen geleast;4,8;Prozent;ATG001;Ausstattungsgrad je 100 Haushalte
63111;Laufende Wirtschaftsrechnungen;STAG;Stichtag;2017-01-01;DINSGF;Früheres Bundesgebiet / Neue Länder;DN;Neue Länder;GUTGB2;Gebrauchsgüter;TV-02;(Farb-)Fernsehgerät;-;Prozent;ATG001;Ausstattungsgrad je 100 Haushalte
63111;Laufende Wirtschaftsrechnungen;STAG;Stichtag;2011-01-01;DINSGF;Früheres Bundesgebiet / Neue Länder;DN;Neue Länder;GUTGB2;Gebrauchsgüter;PKW-GEBR-01;Personenkraftwagen gebraucht gekauft;42,2;Prozent;ATG001;Ausstattungsgrad je 100 Haushalte
63111;Laufende Wirtschaftsrechnungen;STAG;Stichtag;2014-01-01;DINSGF;Früheres Bundesgebiet / Neue Länder;DN;Neue Länder;GUTGB2;Gebrauchsgüter;PKW-GEBR-01;Personenkraftwagen gebraucht gekauft;43,6;Prozent;ATG001;Ausstattungsgrad je 100 Haushalte
63111;Laufende Wirtschaftsrechnungen;STAG;Stichtag;2011-01-01;DINSGF;Früheres Bundesgebiet / Neue Länder;DN;Neue Länder;GUTGB2;Gebrauchsgüter;ISDN-01;ISDN-Anschluss;-;Prozent;ATG001;Ausstattungsgrad je 100 Haushalte
63111;Laufende Wirtschaftsrechnungen;STAG;Stichtag;2021-01-01;DINSGF;Früheres Bundesgebiet / Neue Länder;DN;Neue Länder;GUTGB2;Gebrauchsgüter;TEL-MOBIL-01;Telefon mobil (Autotelefon, Handy);97,9;Prozent;ATG001;Ausstattungsgrad je 100 Haushalte
63111;Laufende Wirtschaftsrechnungen;STAG;Stichtag;2014-01-01;DINSGF;Früheres Bundesgebiet / Neue Länder;DN;Neue Länder;GUTGB2;Gebrauchsgüter;KAFFEEM-03;Pad- oder Kapselmaschine;26,4;Prozent;ATG001;Ausstattungsgrad je 100 Haushalte
63111;Laufende Wirtschaftsrechnungen;STAG;Stichtag;2017-01-01;DINSGF;Früheres Bundesgebiet / Neue Länder;DF;Früheres Bundesgebiet;GUTGB2;Gebrauchsgüter;TV-02;(Farb-)Fernsehgerät;-;Prozent;ATG001;Ausstattungsgrad je 100 Haushalte
63111;Laufende Wirtschaftsrechnungen;STAG;Stichtag;2020-01-01;DINSGF;Früheres Bundesgebiet / Neue Länder;DN;Neue Länder;GUTGB2;Gebrauchsgüter;ANSCHL-SAT-01;Satelliten-TV-Anschluss;37,2;Prozent;ATG001;Ausstattungsgrad je 100 Haushalte
63111;Laufende Wirtschaftsrechnungen;STAG;Stichtag;2021-01-01;DINSGF;Früheres Bundesgebiet / Neue Länder;DF;Früheres Bundesgebiet;GUTGB2;Gebrauchsgüter;SMART-04;Smartes Sicherheitssystem;-;Prozent;ATG001;Ausstattungsgrad je 100 Haushalte
63111;Laufende Wirtschaftsrechnungen;STAG;Stichtag;2014-01-01;DINSGF;Früheres Bundesgebiet / Neue Länder;DN;Neue Länder;GUTGB2;Gebrauchsgüter;KRAFTRAD-05;Kraftrad mit Führerscheinpflicht;-;Prozent;ATG001;Ausstattungsgrad je 100 Haushalte
63111;Laufende Wirtschaftsrechnungen;STAG;Stichtag;2015-01-01;DINSGF;Früheres Bundesgebiet / Neue Länder;DF;Früheres Bundesgebiet;GUTGB2;Gebrauchsgüter;KAFFEEM-04;Kaffeevollautomat;14,3;Prozent;ATG001;Ausstattungsgrad je 100 Haushalte
63111;Laufende Wirtschaftsrechnungen;STAG;Stichtag;2021-01-01;DINSGF;Früheres Bundesgebiet / Neue Länder;DN;Neue Länder;GUTGB2;Gebrauchsgüter;CAM-DIGITAL-01;Camcorder (Videokamera) digital;-;Prozent;ATG001;Ausstattungsgrad je 100 Haushalte
63111;Laufende Wirtschaftsrechnungen;STAG;Stichtag;2011-01-01;DINSGF;Früheres Bundesgebiet / Neue Länder;DF;Früheres Bundesgebiet;GUTGB2;Gebrauchsgüter;DEC-DVBT-01;DVB-T-Gerät (Decoder);25,3;Prozent;ATG001;Ausstattungsgrad je 100 Haushalte
63111;Laufende Wirtschaftsrechnungen;STAG;Stichtag;2010-01-01;DINSGF;Früheres Bundesgebiet / Neue Länder;DF;Früheres Bundesgebiet;GUTGB2;Gebrauchsgüter;KRAFTRAD-01;Krafträder;11,1;Prozent;ATG001;Ausstattungsgrad je 100 Haushalte
63111;Laufende Wirtschaftsrechnungen;STAG;Stichtag;2022-01-01;DINSGF;Früheres Bundesgebiet / Neue Länder;DF;Früheres Bundesgebiet;GUTGB2;Gebrauchsgüter;PKW-GEL-02;Pkw geleast, Elektroauto, Plug-in-Hybrid;1,3;Prozent;ATG001;Ausstattungsgrad je 100 Haushalte
63111;Laufende Wirtschaftsrechnungen;STAG;Stichtag;2010-01-01;DINSGF;Früheres Bundesgebiet / Neue Länder;DF;Früheres Bundesgebiet;GUTGB2;Gebrauchsgüter;PKW-NEU-01;Personenkraftwagen fabrikneu gekauft;37,6;Prozent;ATG001;Ausstattungsgrad je 100 Haushalte
63111;Laufende Wirtschaftsrechnungen;STAG;Stichtag;2010-01-01;DINSGF;Früheres Bundesgebiet / Neue Länder;DF;Früheres Bundesgebiet;GUTGB2;Gebrauchsgüter;KABEL-01;Kabelanschluss;44,5;Prozent;ATG001;Ausstattungsgrad je 100 Haushalte
63111;Laufende Wirtschaftsrechnungen;STAG;Stichtag;2020-01-01;DINSGF;Früheres Bundesgebiet / Neue Länder;DN;Neue Länder;GUTGB2;Gebrauchsgüter;FAHRRAD-02;Pedelec (E-Bike ohne Führerscheinpflicht);5,8;Prozent;ATG001;Ausstattungsgrad je 100 Haushalte
63111;Laufende Wirtschaftsrechnungen;STAG;Stichtag;2015-01-01;DINSGF;Früheres Bundesgebiet / Neue Länder;DN;Neue Länder;GUTGB2;Gebrauchsgüter;PKW-07;Personenkraftwagen, Elektroauto, Plug-in-Hybrid;-;Prozent;ATG001;Ausstattungsgrad je 100 Haushalte
63111;Laufende Wirtschaftsrechnungen;STAG;Stichtag;2011-01-01;DINSGF;Früheres Bundesgebiet / Neue Länder;DN;Neue Länder;GUTGB2;Gebrauchsgüter;DVD-BRD-01;DVD- und Blu-ray-Gerät;-;Prozent;ATG001;Ausstattungsgrad je 100 Haushalte
63111;Laufende Wirtschaftsrechnungen;STAG;Stichtag;2020-01-01;DINSGF;Früheres Bundesgebiet / Neue Länder;DN;Neue Länder;GUTGB2;Gebrauchsgüter;HIFI-01;HiFi-Anlage;-;Prozent;ATG001;Ausstattungsgrad je 100 Haushalte
63111;Laufende Wirtschaftsrechnungen;STAG;Stichtag;2022-01-01;DINSGF;Früheres Bundesgebiet / Neue Länder;DN;Neue Länder;GUTGB2;Gebrauchsgüter;PC-MOBIL-04;Laptop/Notebook, Netbook;74,0;Prozent;ATG001;Ausstattungsgrad je 100 Haushalte
63111;Laufende Wirtschaftsrechnungen;STAG;Stichtag;2010-01-01;DINSGF;Früheres Bundesgebiet / Neue Länder;DF;Früheres Bundesgebiet;GUTGB2;Gebrauchsgüter;KUEHL-01;Kühlschrank (auch Gefrier- und Kühlkombination);97,6;Prozent;ATG001;Ausstattungsgrad je 100 Haushalte
63111;Laufende Wirtschaftsrechnungen;STAG;Stichtag;2017-01-01;DINSGF;Früheres Bundesgebiet / Neue Länder;DF;Früheres Bundesgebiet;GUTGB2;Gebrauchsgüter;FAHRRAD-01;Fahrrad;-;Prozent;ATG001;Ausstattungsgrad je 100 Haushalte
63111;Laufende Wirtschaftsrechnungen;STAG;Stichtag;2022-01-01;DINSGF;Früheres Bundesgebiet / Neue Länder;DF;Früheres Bundesgebiet;GUTGB2;Gebrauchsgüter;PC-STAT-01;PC stationär;44,3;Prozent;ATG001;Ausstattungsgrad je 100 Haushalte
63111;Laufende Wirtschaftsrechnungen;STAG;Stichtag;2017-01-01;DINSGF;Früheres Bundesgebiet / Neue Länder;DF;Früheres Bundesgebiet;GUTGB2;Gebrauchsgüter;KRAFTRAD-05;Kraftrad mit Führerscheinpflicht;-;Prozent;ATG001;Ausstattungsgrad je 100 Haushalte
63111;Laufende Wirtschaftsrechnungen;STAG;Stichtag;2019-01-01;DINSGF;Früheres Bundesgebiet / Neue Länder;DF;Früheres Bundesgebiet;GUTGB2;Gebrauchsgüter;TROCK-01;Wäschetrockner (auch in Kombigeräten);46,7;Prozent;ATG001;Ausstattungsgrad je 100 Haushalte
63111;Laufende Wirtschaftsrechnungen;STAG;Stichtag;2010-01-01;DINSGF;Früheres Bundesgebiet / Neue Länder;DF;Früheres Bundesgebiet;GUTGB2;Gebrauchsgüter;SAT-01;Satellitenempfangsanlage;43,4;Prozent;ATG001;Ausstattungsgrad je 100 Haushalte
63111;Laufende Wirtschaftsrechnungen;STAG;Stichtag;2010-01-01;DINSGF;Früheres Bundesgebiet / Neue Länder;DF;Früheres Bundesgebiet;GUTGB2;Gebrauchsgüter;ANSCHL-ANT-01;Antennen-TV-Anschluss (DVB-T);-;Prozent;ATG001;Ausstattungsgrad je 100 Haushalte
63111;Laufende Wirtschaftsrechnungen;STAG;Stichtag;2014-01-01;DINSGF;Früheres Bundesgebiet / Neue Länder;DF;Früheres Bundesgebiet;GUTGB2;Gebrauchsgüter;DEC-DVBT-01;DVB-T-Gerät (Decoder);18,4;Prozent;ATG001;Ausstattungsgrad je 100 Haushalte
63111;Laufende Wirtschaftsrechnungen;STAG;Stichtag;2016-01-01;DINSGF;Früheres Bundesgebiet / Neue Länder;DN;Neue Länder;GUTGB2;Gebrauchsgüter;FOTO-DIGITAL-01;Digitalkamera (Fotoapparat digital);70,1;Prozent;ATG001;Ausstattungsgrad je 100 Haushalte
63111;Laufende Wirtschaftsrechnungen;STAG;Stichtag;2010-01-01;DINSGF;Früheres Bundesgebiet / Neue Länder;DN;Neue Länder;GUTGB2;Gebrauchsgüter;KABEL-01;Kabelanschluss;60,5;Prozent;ATG001;Ausstattungsgrad je 100 Haushalte
63111;Laufende Wirtschaftsrechnungen;STAG;Stichtag;2016-01-01;DINSGF;Früheres Bundesgebiet / Neue Länder;DF;Früheres Bundesgebiet;GUTGB2;Gebrauchsgüter;ANSCHL-ANT-01;Antennen-TV-Anschluss (DVB-T);16,2;Prozent;ATG001;Ausstattungsgrad je 100 Haushalte
63111;Laufende Wirtschaftsrechnungen;STAG;Stichtag;2017-01-01;DINSGF;Früheres Bundesgebiet / Neue Länder;DN;Neue Länder;GUTGB2;Gebrauchsgüter;INTERNET-11;Internetanschluss, -zugang mobil;-;Prozent;ATG001;Ausstattungsgrad je 100 Haushalte
63111;Laufende Wirtschaftsrechnungen;STAG;Stichtag;2010-01-01;DINSGF;Früheres Bundesgebiet / Neue Länder;DN;Neue Länder;GUTGB2;Gebrauchsgüter;KUEHL-01;Kühlschrank (auch Gefrier- und Kühlkombination);98,6;Prozent;ATG001;Ausstattungsgrad je 100 Haushalte
63111;Laufende Wirtschaftsrechnungen;STAG;Stichtag;2019-01-01;DINSGF;Früheres Bundesgebiet / Neue Länder;DF;Früheres Bundesgebiet;GUTGB2;Gebrauchsgüter;SPORT-HOME-01;Sportgeräte (Heimtrainer);27,1;Prozent;ATG001;Ausstattungsgrad je 100 Haushalte
63111;Laufende Wirtschaftsrechnungen;STAG;Stichtag;2010-01-01;DINSGF;Früheres Bundesgebiet / Neue Länder;DF;Früheres Bundesgebiet;GUTGB2;Gebrauchsgüter;FOTO-02;Fotoapparat/Digitalkamera;87,0;Prozent;ATG001;Ausstattungsgrad je 100 Haushalte
63111;Laufende Wirtschaftsrechnungen;STAG;Stichtag;2022-01-01;DINSGF;Früheres Bundesgebiet / Neue Länder;DN;Neue Länder;GUTGB2;Gebrauchsgüter;KUEHL-01;Kühlschrank (auch Gefrier- und Kühlkombination);99,8;Prozent;ATG001;Ausstattungsgrad je 100 Haushalte
63111;Laufende Wirtschaftsrechnungen;STAG;Stichtag;2011-01-01;DINSGF;Früheres Bundesgebiet / Neue Länder;DN;Neue Länder;GUTGB2;Gebrauchsgüter;KAFFEEM-03;Pad- oder Kapselmaschine;-;Prozent;ATG001;Ausstattungsgrad je 100 Haushalte
63111;Laufende Wirtschaftsrechnungen;STAG;Stichtag;2016-01-01;DINSGF;Früheres Bundesgebiet / Neue Länder;DF;Früheres Bundesgebiet;GUTGB2;Gebrauchsgüter;KRAFTRAD-05;Kraftrad mit Führerscheinpflicht;-;Prozent;ATG001;Ausstattungsgrad je 100 Haushalte
63111;Laufende Wirtschaftsrechnungen;STAG;Stichtag;2022-01-01;DINSGF;Früheres Bundesgebiet / Neue Länder;DN;Neue Länder;GUTGB2;Gebrauchsgüter;HIFI-01;HiFi-Anlage;-;Prozent;ATG001;Ausstattungsgrad je 100 Haushalte
63111;Laufende Wirtschaftsrechnungen;STAG;Stichtag;2021-01-01;DINSGF;Früheres Bundesgebiet / Neue Länder;DF;Früheres Bundesgebiet;GUTGB2;Gebrauchsgüter;SPIELE-01;Spielekonsole;30,5;Prozent;ATG001;Ausstattungsgrad je 100 Haushalte
63111;Laufende Wirtschaftsrechnungen;STAG;Stichtag;2014-01-01;DINSGF;Früheres Bundesgebiet / Neue Länder;DF;Früheres Bundesgebiet;GUTGB2;Gebrauchsgüter;PKW-GEBR-01;Personenkraftwagen gebraucht gekauft;49,3;Prozent;ATG001;Ausstattungsgrad je 100 Haushalte
63111;Laufende Wirtschaftsrechnungen;STAG;Stichtag;2016-01-01;DINSGF;Früheres Bundesgebiet / Neue Länder;DN;Neue Länder;GUTGB2;Gebrauchsgüter;INTERNET-11;Internetanschluss, -zugang mobil;47,4;Prozent;ATG001;Ausstattungsgrad je 100 Haushalte
63111;Laufende Wirtschaftsrechnungen;STAG;Stichtag;2021-01-01;DINSGF;Früheres Bundesgebiet / Neue Länder;DF;Früheres Bundesgebiet;GUTGB2;Gebrauchsgüter;FAHRRAD-03;E-Scooter (Tretroller m.Elektroantr. oh. Füh.pfl.);0,8;Prozent;ATG001;Ausstattungsgrad je 100 Haushalte
63111;Laufende Wirtschaftsrechnungen;STAG;Stichtag;2017-01-01;DINSGF;Früheres Bundesgebiet / Neue Länder;DF;Früheres Bundesgebiet;GUTGB2;Gebrauchsgüter;PKW-NEU-02;Pkw fabrikneu gekauft, Elektroauto, Plug-in-Hybrid;-;Prozent;ATG001;Ausstattungsgrad je 100 Haushalte
63111;Laufende Wirtschaftsrechnungen;STAG;Stichtag;2014-01-01;DINSGF;Früheres Bundesgebiet / Neue Länder;DF;Früheres Bundesgebiet;GUTGB2;Gebrauchsgüter;FOTO-DIGITAL-01;Digitalkamera (Fotoapparat digital);76,4;Prozent;ATG001;Ausstattungsgrad je 100 Haushalte
63111;Laufende Wirtschaftsrechnungen;STAG;Stichtag;2011-01-01;DINSGF;Früheres Bundesgebiet / Neue Länder;DN;Neue Länder;GUTGB2;Gebrauchsgüter;PKW-GEL-01;Personenkraftwagen geleast;2,3;Prozent;ATG001;Ausstattungsgrad je 100 Haushalte
63111;Laufende Wirtschaftsrechnungen;STAG;Stichtag;2019-01-01;DINSGF;Früheres Bundesgebiet / Neue Länder;DN;Neue Länder;GUTGB2;Gebrauchsgüter;INTERNET-11;Internetanschluss, -zugang mobil;64,2;Prozent;ATG001;Ausstattungsgrad je 100 Haushalte
63111;Laufende Wirtschaftsrechnungen;STAG;Stichtag;2020-01-01;DINSGF;Früheres Bundesgebiet / Neue Länder;DF;Früheres Bundesgebiet;GUTGB2;Gebrauchsgüter;PKW-NEU-01;Personenkraftwagen fabrikneu gekauft;33,7;Prozent;ATG001;Ausstattungsgrad je 100 Haushalte
63111;Laufende Wirtschaftsrechnungen;STAG;Stichtag;2017-01-01;DINSGF;Früheres Bundesgebiet / Neue Länder;DN;Neue Länder;GUTGB2;Gebrauchsgüter;CD-01;CD-Player/CD-Recorder (auch im PC);-;Prozent;ATG001;Ausstattungsgrad je 100 Haushalte
63111;Laufende Wirtschaftsrechnungen;STAG;Stichtag;2015-01-01;DINSGF;Früheres Bundesgebiet / Neue Länder;DF;Früheres Bundesgebiet;GUTGB2;Gebrauchsgüter;DEC-DVBT-01;DVB-T-Gerät (Decoder);-;Prozent;ATG001;Ausstattungsgrad je 100 Haushalte
63111;Laufende Wirtschaftsrechnungen;STAG;Stichtag;2017-01-01;DINSGF;Früheres Bundesgebiet / Neue Länder;DN;Neue Länder;GUTGB2;Gebrauchsgüter;CD-REC-01;CD-Recorder;-;Prozent;ATG001;Ausstattungsgrad je 100 Haushalte
63111;Laufende Wirtschaftsrechnungen;STAG;Stichtag;2019-01-01;DINSGF;Früheres Bundesgebiet / Neue Länder;DF;Früheres Bundesgebiet;GUTGB2;Gebrauchsgüter;KRAFTRAD-05;Kraftrad mit Führerscheinpflicht;-;Prozent;ATG001;Ausstattungsgrad je 100 Haushalte
63111;Laufende Wirtschaftsrechnungen;STAG;Stichtag;2011-01-01;DINSGF;Früheres Bundesgebiet / Neue Länder;DF;Früheres Bundesgebiet;GUTGB2;Gebrauchsgüter;FAHRRAD-03;E-Scooter (Tretroller m.Elektroantr. oh. Füh.pfl.);-;Prozent;ATG001;Ausstattungsgrad je 100 Haushalte
63111;Laufende Wirtschaftsrechnungen;STAG;Stichtag;2011-01-01;DINSGF;Früheres Bundesgebiet / Neue Länder;DF;Früheres Bundesgebiet;GUTGB2;Gebrauchsgüter;SMART-03;Smartes Energiemanagementsystem;-;Prozent;ATG001;Ausstattungsgrad je 100 Haushalte
63111;Laufende Wirtschaftsrechnungen;STAG;Stichtag;2017-01-01;DINSGF;Früheres Bundesgebiet / Neue Länder;DF;Früheres Bundesgebiet;GUTGB2;Gebrauchsgüter;CD-01;CD-Player/CD-Recorder (auch im PC);-;Prozent;ATG001;Ausstattungsgrad je 100 Haushalte
63111;Laufende Wirtschaftsrechnungen;STAG;Stichtag;2016-01-01;DINSGF;Früheres Bundesgebiet / Neue Länder;DF;Früheres Bundesgebiet;GUTGB2;Gebrauchsgüter;CAM-01;Camcorder (Videokamera);17,8;Prozent;ATG001;Ausstattungsgrad je 100 Haushalte
63111;Laufende Wirtschaftsrechnungen;STAG;Stichtag;2019-01-01;DINSGF;Früheres Bundesgebiet / Neue Länder;DF;Früheres Bundesgebiet;GUTGB2;Gebrauchsgüter;PKW-GEBR-01;Personenkraftwagen gebraucht gekauft;50,4;Prozent;ATG001;Ausstattungsgrad je 100 Haushalte
63111;Laufende Wirtschaftsrechnungen;STAG;Stichtag;2021-01-01;DINSGF;Früheres Bundesgebiet / Neue Länder;DN;Neue Länder;GUTGB2;Gebrauchsgüter;DVD-BRD-01;DVD- und Blu-ray-Gerät;59,9;Prozent;ATG001;Ausstattungsgrad je 100 Haushalte
63111;Laufende Wirtschaftsrechnungen;STAG;Stichtag;2022-01-01;DINSGF;Früheres Bundesgebiet / Neue Länder;DF;Früheres Bundesgebiet;GUTGB2;Gebrauchsgüter;KUEHL-01;Kühlschrank (auch Gefrier- und Kühlkombination);99,9;Prozent;ATG001;Ausstattungsgrad je 100 Haushalte
63111;Laufende Wirtschaftsrechnungen;STAG;Stichtag;2020-01-01;DINSGF;Früheres Bundesgebiet / Neue Länder;DN;Neue Länder;GUTGB2;Gebrauchsgüter;FAX-STAT-01;Telefaxgerät stationär;-;Prozent;ATG001;Ausstattungsgrad je 100 Haushalte
63111;Laufende Wirtschaftsrechnungen;STAG;Stichtag;2015-01-01;DINSGF;Früheres Bundesgebiet / Neue Länder;DN;Neue Länder;GUTGB2;Gebrauchsgüter;MP3PLAY01;MP3-Player;37,7;Prozent;ATG001;Ausstattungsgrad je 100 Haushalte
63111;Laufende Wirtschaftsrechnungen;STAG;Stichtag;2014-01-01;DINSGF;Früheres Bundesgebiet / Neue Länder;DF;Früheres Bundesgebiet;GUTGB2;Gebrauchsgüter;FAHRRAD-01;Fahrrad;82,3;Prozent;ATG001;Ausstattungsgrad je 100 Haushalte
63111;Laufende Wirtschaftsrechnungen;STAG;Stichtag;2022-01-01;DINSGF;Früheres Bundesgebiet / Neue Länder;DN;Neue Länder;GUTGB2;Gebrauchsgüter;MP3PLAY01;MP3-Player;-;Prozent;ATG001;Ausstattungsgrad je 100 Haushalte
63111;Laufende Wirtschaftsrechnungen;STAG;Stichtag;2019-01-01;DINSGF;Früheres Bundesgebiet / Neue Länder;DN;Neue Länder;GUTGB2;Gebrauchsgüter;CAM-DIGITAL-01;Camcorder (Videokamera) digital;8,8;Prozent;ATG001;Ausstattungsgrad je 100 Haushalte
63111;Laufende Wirtschaftsrechnungen;STAG;Stichtag;2014-01-01;DINSGF;Früheres Bundesgebiet / Neue Länder;DF;Früheres Bundesgebiet;GUTGB2;Gebrauchsgüter;CD-STAT-01;CD-Player stationär;-;Prozent;ATG001;Ausstattungsgrad je 100 Haushalte
63111;Laufende Wirtschaftsrechnungen;STAG;Stichtag;2014-01-01;DINSGF;Früheres Bundesgebiet / Neue Länder;DF;Früheres Bundesgebiet;GUTGB2;Gebrauchsgüter;FOTO-ANALOG-01;Fotoapparat analog;33,7;Prozent;ATG001;Ausstattungsgrad je 100 Haushalte
63111;Laufende Wirtschaftsrechnungen;STAG;Stichtag;2016-01-01;DINSGF;Früheres Bundesgebiet / Neue Länder;DF;Früheres Bundesgebiet;GUTGB2;Gebrauchsgüter;PKW-GEBR-01;Personenkraftwagen gebraucht gekauft;49,9;Prozent;ATG001;Ausstattungsgrad je 100 Haushalte
63111;Laufende Wirtschaftsrechnungen;STAG;Stichtag;2010-01-01;DINSGF;Früheres Bundesgebiet / Neue Länder;DF;Früheres Bundesgebiet;GUTGB2;Gebrauchsgüter;CAM-DIGITAL-01;Camcorder (Videokamera) digital;11,5;Prozent;ATG001;Ausstattungsgrad je 100 Haushalte
63111;Laufende Wirtschaftsrechnungen;STAG;Stichtag;2011-01-01;DINSGF;Früheres Bundesgebiet / Neue Länder;DN;Neue Länder;GUTGB2;Gebrauchsgüter;MIKROW-01;Mikrowellengerät;72,7;Prozent;ATG001;Ausstattungsgrad je 100 Haushalte
63111;Laufende Wirtschaftsrechnungen;STAG;Stichtag;2014-01-01;DINSGF;Früheres Bundesgebiet / Neue Länder;DN;Neue Länder;GUTGB2;Gebrauchsgüter;DEC-PAYTV-01;Pay-TV-Decoder;15,4;Prozent;ATG001;Ausstattungsgrad je 100 Haushalte
63111;Laufende Wirtschaftsrechnungen;STAG;Stichtag;2011-01-01;DINSGF;Früheres Bundesgebiet / Neue Länder;DN;Neue Länder;GUTGB2;Gebrauchsgüter;SMART-03;Smartes Energiemanagementsystem;-;Prozent;ATG001;Ausstattungsgrad je 100 Haushalte
63111;Laufende Wirtschaftsrechnungen;STAG;Stichtag;2014-01-01;DINSGF;Früheres Bundesgebiet / Neue Länder;DN;Neue Länder;GUTGB2;Gebrauchsgüter;ANTW-STAT-01;Anrufbeantworter stationär;-;Prozent;ATG001;Ausstattungsgrad je 100 Haushalte
63111;Laufende Wirtschaftsrechnungen;STAG;Stichtag;2010-01-01;DINSGF;Früheres Bundesgebiet / Neue Länder;DN;Neue Länder;GUTGB2;Gebrauchsgüter;KRAFTRAD-05;Kraftrad mit Führerscheinpflicht;-;Prozent;ATG001;Ausstattungsgrad je 100 Haushalte
63111;Laufende Wirtschaftsrechnungen;STAG;Stichtag;2020-01-01;DINSGF;Früheres Bundesgebiet / Neue Länder;DN;Neue Länder;GUTGB2;Gebrauchsgüter;TROCK-01;Wäschetrockner (auch in Kombigeräten);27,7;Prozent;ATG001;Ausstattungsgrad je 100 Haushalte
63111;Laufende Wirtschaftsrechnungen;STAG;Stichtag;2019-01-01;DINSGF;Früheres Bundesgebiet / Neue Länder;DF;Früheres Bundesgebiet;GUTGB2;Gebrauchsgüter;MIKROW-01;Mikrowellengerät;72,4;Prozent;ATG001;Ausstattungsgrad je 100 Haushalte
63111;Laufende Wirtschaftsrechnungen;STAG;Stichtag;2017-01-01;DINSGF;Früheres Bundesgebiet / Neue Länder;DF;Früheres Bundesgebiet;GUTGB2;Gebrauchsgüter;DEC-DVBT-01;DVB-T-Gerät (Decoder);-;Prozent;ATG001;Ausstattungsgrad je 100 Haushalte
63111;Laufende Wirtschaftsrechnungen;STAG;Stichtag;2019-01-01;DINSGF;Früheres Bundesgebiet / Neue Länder;DN;Neue Länder;GUTGB2;Gebrauchsgüter;TROCK-01;Wäschetrockner (auch in Kombigeräten);27,0;Prozent;ATG001;Ausstattungsgrad je 100 Haushalte
63111;Laufende Wirtschaftsrechnungen;STAG;Stichtag;2011-01-01;DINSGF;Früheres Bundesgebiet / Neue Länder;DF;Früheres Bundesgebiet;GUTGB2;Gebrauchsgüter;FOTO-02;Fotoapparat/Digitalkamera;88,1;Prozent;ATG001;Ausstattungsgrad je 100 Haushalte
63111;Laufende Wirtschaftsrechnungen;STAG;Stichtag;2021-01-01;DINSGF;Früheres Bundesgebiet / Neue Länder;DN;Neue Länder;GUTGB2;Gebrauchsgüter;SMART-04;Smartes Sicherheitssystem;-;Prozent;ATG001;Ausstattungsgrad je 100 Haushalte
63111;Laufende Wirtschaftsrechnungen;STAG;Stichtag;2016-01-01;DINSGF;Früheres Bundesgebiet / Neue Länder;DN;Neue Länder;GUTGB2;Gebrauchsgüter;PKW-NEU-01;Personenkraftwagen fabrikneu gekauft;30,9;Prozent;ATG001;Ausstattungsgrad je 100 Haushalte
63111;Laufende Wirtschaftsrechnungen;STAG;Stichtag;2017-01-01;DINSGF;Früheres Bundesgebiet / Neue Länder;DF;Früheres Bundesgebiet;GUTGB2;Gebrauchsgüter;PKW-GEBR-01;Personenkraftwagen gebraucht gekauft;-;Prozent;ATG001;Ausstattungsgrad je 100 Haushalte
63111;Laufende Wirtschaftsrechnungen;STAG;Stichtag;2021-01-01;DINSGF;Früheres Bundesgebiet / Neue Länder;DF;Früheres Bundesgebiet;GUTGB2;Gebrauchsgüter;ANSCHL-ANT-01;Antennen-TV-Anschluss (DVB-T);-;Prozent;ATG001;Ausstattungsgrad je 100 Haushalte
63111;Laufende Wirtschaftsrechnungen;STAG;Stichtag;2021-01-01;DINSGF;Früheres Bundesgebiet / Neue Länder;DN;Neue Länder;GUTGB2;Gebrauchsgüter;PKW-GEL-01;Personenkraftwagen geleast;5,6;Prozent;ATG001;Ausstattungsgrad je 100 Haushalte
63111;Laufende Wirtschaftsrechnungen;STAG;Stichtag;2021-01-01;DINSGF;Früheres Bundesgebiet / Neue Länder;DN;Neue Länder;GUTGB2;Gebrauchsgüter;HIFI-01;HiFi-Anlage;-;Prozent;ATG001;Ausstattungsgrad je 100 Haushalte
63111;Laufende Wirtschaftsrechnungen;STAG;Stichtag;2022-01-01;DINSGF;Früheres Bundesgebiet / Neue Länder;DN;Neue Länder;GUTGB2;Gebrauchsgüter;FAX-STAT-01;Telefaxgerät stationär;-;Prozent;ATG001;Ausstattungsgrad je 100 Haushalte
63111;Laufende Wirtschaftsrechnungen;STAG;Stichtag;2022-01-01;DINSGF;Früheres Bundesgebiet / Neue Länder;DF;Früheres Bundesgebiet;GUTGB2;Gebrauchsgüter;KABEL-01;Kabelanschluss;-;Prozent;ATG001;Ausstattungsgrad je 100 Haushalte
63111;Laufende Wirtschaftsrechnungen;STAG;Stichtag;2016-01-01;DINSGF;Früheres Bundesgebiet / Neue Länder;DF;Früheres Bundesgebiet;GUTGB2;Gebrauchsgüter;DEC-DVBT-01;DVB-T-Gerät (Decoder);-;Prozent;ATG001;Ausstattungsgrad je 100 Haushalte
63111;Laufende Wirtschaftsrechnungen;STAG;Stichtag;2011-01-01;DINSGF;Früheres Bundesgebiet / Neue Länder;DF;Früheres Bundesgebiet;GUTGB2;Gebrauchsgüter;GEFRIER-01;Gefrierschrank, Gefriertruhe (Einzelgeräte);60,3;Prozent;ATG001;Ausstattungsgrad je 100 Haushalte
63111;Laufende Wirtschaftsrechnungen;STAG;Stichtag;2014-01-01;DINSGF;Früheres Bundesgebiet / Neue Länder;DF;Früheres Bundesgebiet;GUTGB2;Gebrauchsgüter;SAT-01;Satellitenempfangsanlage;45,9;Prozent;ATG001;Ausstattungsgrad je 100 Haushalte
63111;Laufende Wirtschaftsrechnungen;STAG;Stichtag;2021-01-01;DINSGF;Früheres Bundesgebiet / Neue Länder;DF;Früheres Bundesgebiet;GUTGB2;Gebrauchsgüter;GEFRIER-01;Gefrierschrank, Gefriertruhe (Einzelgeräte);51,0;Prozent;ATG001;Ausstattungsgrad je 100 Haushalte
63111;Laufende Wirtschaftsrechnungen;STAG;Stichtag;2019-01-01;DINSGF;Früheres Bundesgebiet / Neue Länder;DF;Früheres Bundesgebiet;GUTGB2;Gebrauchsgüter;TEL-MOBIL-01;Telefon mobil (Autotelefon, Handy);97,0;Prozent;ATG001;Ausstattungsgrad je 100 Haushalte
63111;Laufende Wirtschaftsrechnungen;STAG;Stichtag;2017-01-01;DINSGF;Früheres Bundesgebiet / Neue Länder;DN;Neue Länder;GUTGB2;Gebrauchsgüter;FOTO-ANALOG-01;Fotoapparat analog;-;Prozent;ATG001;Ausstattungsgrad je 100 Haushalte
63111;Laufende Wirtschaftsrechnungen;STAG;Stichtag;2010-01-01;DINSGF;Früheres Bundesgebiet / Neue Länder;DF;Früheres Bundesgebiet;GUTGB2;Gebrauchsgüter;MP3PLAY01;MP3-Player;42,8;Prozent;ATG001;Ausstattungsgrad je 100 Haushalte
63111;Laufende Wirtschaftsrechnungen;STAG;Stichtag;2017-01-01;DINSGF;Früheres Bundesgebiet / Neue Länder;DN;Neue Länder;GUTGB2;Gebrauchsgüter;GEFRIER-01;Gefrierschrank, Gefriertruhe (Einzelgeräte);-;Prozent;ATG001;Ausstattungsgrad je 100 Haushalte
