statistics_code;statistics_label;time_code;time_label;time;1_variable_code;1_variable_label;1_variable_attribute_code;1_variable_attribute_label;2_variable_code;2_variable_label;2_variable_attribute_code;2_variable_attribute_label;3_variable_code;3_variable_label;3_variable_attribute_code;3_variable_attribute_label;value;value_unit;value_variable_code;value_variable_label
81000;Volkswirtschaftliche Gesamtrechnungen des Bundes;JAHR;Jahr;2021;DINSG;Deutschland insgesamt;DG;Deutschland;VGRSLE;Staatliche Teilsektoren;KRPLAENDER01;Länder;VGRHAG;Hauptaggregatarten;VGRHAG09;Sonstige Nettoproduktionsabgaben;0,257;Mrd. EUR;VGR043;Hauptaggregate des Staates
81000;Volkswirtschaftliche Gesamtrechnungen des Bundes;JAHR;Jahr;2022;DINSG;Deutschland insgesamt;DG;Deutschland;VGRSLE;Staatliche Teilsektoren;VSISOZIAL01;Sozialversicherung;VGRHAG;Hauptaggregatarten;VGRHAG01;Marktproduktion;0,000;Mrd. EUR;VGR043;Hauptaggregate des Staates
81000;Volkswirtschaftliche Gesamtrechnungen des Bundes;JAHR;Jahr;2021;DINSG;Deutschland insgesamt;DG;Deutschland;VGRSLE;Staatliche Teilsektoren;KRPGEMEIN001;Gemeinden;VGRHAG;Hauptaggregatarten;VGRHAG03;Produktionswert;197,190;Mrd. EUR;VGR043;Hauptaggregate des Staates
81000;Volkswirtschaftliche Gesamtrechnungen des Bundes;JAHR;Jahr;2024;DINSG;Deutschland insgesamt;DG;Deutschland;VGRSLE;Staatliche Teilsektoren;KRPSTAAT01;Staat insgesamt;VGRHAG;Hauptaggregatarten;VGRHAG11;Sonstige Nichtmarktproduktion;702,304;Mrd. EUR;VGR043;Hauptaggregate des Staates
81000;Volkswirtschaftliche Gesamtrechnungen des Bundes;JAHR;Jahr;2023;DINSG;Deutschland insgesamt;DG;Deutschland;VGRSLE;Staatliche Teilsektoren;VSISOZIAL01;Sozialversicherung;VGRHAG;Hauptaggregatarten;VGRHAG13;Soziale Sachleistungen;310,269;Mrd. EUR;VGR043;Hauptaggregate des Staates
81000;Volkswirtschaftliche Gesamtrechnungen des Bundes;JAHR;Jahr;2022;DINSG;Deutschland insgesamt;DG;Deutschland;VGRSLE;Staatliche Teilsektoren;KRPSTAAT01;Staat insgesamt;VGRHAG;Hauptaggregatarten;VGRHAG12;Verkäufe aus Nichtmarktproduktion;117,438;Mrd. EUR;VGR043;Hauptaggregate des Staates
81000;Volkswirtschaftliche Gesamtrechnungen des Bundes;JAHR;Jahr;2021;DINSG;Deutschland insgesamt;DG;Deutschland;VGRSLE;Staatliche Teilsektoren;KRPSTAAT01;Staat insgesamt;VGRHAG;Hauptaggregatarten;VGRHAG01;Marktproduktion;20,098;Mrd. EUR;VGR043;Hauptaggregate des Staates
81000;Volkswirtschaftliche Gesamtrechnungen des Bundes;JAHR;Jahr;2022;DINSG;Deutschland insgesamt;DG;Deutschland;VGRSLE;Staatliche Teilsektoren;KRPGEMEIN001;Gemeinden;VGRHAG;Hauptaggregatarten;VGRHAG06;Abschreibungen;40,364;Mrd. EUR;VGR043;Hauptaggregate des Staates
81000;Volkswirtschaftliche Gesamtrechnungen des Bundes;JAHR;Jahr;2023;DINSG;Deutschland insgesamt;DG;Deutschland;VGRSLE;Staatliche Teilsektoren;KRPBUND01;Bund;VGRHAG;Hauptaggregatarten;VGRHAG04;Vorleistungen;69,370;Mrd. EUR;VGR043;Hauptaggregate des Staates
81000;Volkswirtschaftliche Gesamtrechnungen des Bundes;JAHR;Jahr;2024;DINSG;Deutschland insgesamt;DG;Deutschland;VGRSLE;Staatliche Teilsektoren;VSISOZIAL01;Sozialversicherung;VGRHAG;Hauptaggregatarten;VGRHAG02;Sonstige Nichtmarktproduktion;45,796;Mrd. EUR;VGR043;Hauptaggregate des Staates
81000;Volkswirtschaftliche Gesamtrechnungen des Bundes;JAHR;Jahr;2025;DINSG;Deutschland insgesamt;DG;Deutschland;VGRSLE;Staatliche Teilsektoren;KRPGEBIET01;Gebietskörperschaften;VGRHAG;Hauptaggregatarten;VGRHAG10;Betriebsüberschuss;-7,846;Mrd. EUR;VGR043;Hauptaggregate des Staates
81000;Volkswirtschaftliche Gesamtrechnungen des Bundes;JAHR;Jahr;2024;DINSG;Deutschland insgesamt;DG;Deutschland;VGRSLE;Staatliche Teilsektoren;KRPLAENDER01;Länder;VGRHAG;Hauptaggregatarten;VGRHAG14;Konsumausgaben des Staates;239,578;Mrd. EUR;VGR043;Hauptaggregate des Staates
81000;Volkswirtschaftliche Gesamtrechnungen des Bundes;JAHR;Jahr;2025;DINSG;Deutschland insgesamt;DG;Deutschland;VGRSLE;Staatliche Teilsektoren;KRPGEMEIN001;Gemeinden;VGRHAG;Hauptaggregatarten;VGRHAG11;Sonstige Nichtmarktproduktion;243,733;Mrd. EUR;VGR043;Hauptaggregate des Staates
81000;Volkswirtschaftliche Gesamtrechnungen des Bundes;JAHR;Jahr;2025;DINSG;Deutschland insgesamt;DG;Deutschland;VGRSLE;Staatliche Teilsektoren;VSISOZIAL01;Sozialversicherung;VGRHAG;Hauptaggregatarten;VGRHAG14;Konsumausgaben des Staates;405,047;Mrd. EUR;VGR043;Hauptaggregate des Staates
81000;Volkswirtschaftliche Gesamtrechnungen des Bundes;JAHR;Jahr;2022;DINSG;Deutschland insgesamt;DG;Deutschland;VGRSLE;Staatliche Teilsektoren;VSISOZIAL01;Sozialversicherung;VGRHAG;Hauptaggregatarten;VGRHAG12;Verkäufe aus Nichtmarktproduktion;4,258;Mrd. EUR;VGR043;Hauptaggregate des Staates
81000;Volkswirtschaftliche Gesamtrechnungen des Bundes;JAHR;Jahr;2021;DINSG;Deutschland insgesamt;DG;Deutschland;VGRSLE;Staatliche Teilsektoren;KRPGEMEIN001;Gemeinden;VGRHAG;Hauptaggregatarten;VGRHAG14;Konsumausgaben des Staates;179,587;Mrd. EUR;VGR043;Hauptaggregate des Staates
81000;Volkswirtschaftliche Gesamtrechnungen des Bundes;JAHR;Jahr;2025;DINSG;Deutschland insgesamt;DG;Deutschland;VGRSLE;Staatliche Teilsektoren;KRPSTAAT01;Staat insgesamt;VGRHAG;Hauptaggregatarten;VGRHAG10;Betriebsüberschuss;-7,846;Mrd. EUR;VGR043;Hauptaggregate des Staates
81000;Volkswirtschaftliche Gesamtrechnungen des Bundes;JAHR;Jahr;2023;DINSG;Deutschland insgesamt;DG;Deutschland;VGRSLE;Staatliche Teilsektoren;KRPLAENDER01;Länder;VGRHAG;Hauptaggregatarten;VGRHAG11;Sonstige Nichtmarktproduktion;269,820;Mrd. EUR;VGR043;Hauptaggregate des Staates
81000;Volkswirtschaftliche Gesamtrechnungen des Bundes;JAHR;Jahr;2025;DINSG;Deutschland insgesamt;DG;Deutschland;VGRSLE;Staatliche Teilsektoren;KRPBUND01;Bund;VGRHAG;Hauptaggregatarten;VGRHAG07;Nettowertschöpfung;56,390;Mrd. EUR;VGR043;Hauptaggregate des Staates
81000;Volkswirtschaftliche Gesamtrechnungen des Bundes;JAHR;Jahr;2021;DINSG;Deutschland insgesamt;DG;Deutschland;VGRSLE;Staatliche Teilsektoren;KRPBUND01;Bund;VGRHAG;Hauptaggregatarten;VGRHAG12;Verkäufe aus Nichtmarktproduktion;31,321;Mrd. EUR;VGR043;Hauptaggregate des Staates
81000;Volkswirtschaftliche Gesamtrechnungen des Bundes;JAHR;Jahr;2023;DINSG;Deutschland insgesamt;DG;Deutschland;VGRSLE;Staatliche Teilsektoren;KRPSTAAT01;Staat insgesamt;VGRHAG;Hauptaggregatarten;VGRHAG11;Sonstige Nichtmarktproduktion;669,780;Mrd. EUR;VGR043;Hauptaggregate des Staates
81000;Volkswirtschaftliche Gesamtrechnungen des Bundes;JAHR;Jahr;2023;DINSG;Deutschland insgesamt;DG;Deutschland;VGRSLE;Staatliche Teilsektoren;VSISOZIAL01;Sozialversicherung;VGRHAG;Hauptaggregatarten;VGRHAG01;Marktproduktion;0,000;Mrd. EUR;VGR043;Hauptaggregate des Staates
81000;Volkswirtschaftliche Gesamtrechnungen des Bundes;JAHR;Jahr;2021;DINSG;Deutschland insgesamt;DG;Deutschland;VGRSLE;Staatliche Teilsektoren;KRPSTAAT01;Staat insgesamt;VGRHAG;Hauptaggregatarten;VGRHAG12;Verkäufe aus Nichtmarktproduktion;108,723;Mrd. EUR;VGR043;Hauptaggregate des Staates
81000;Volkswirtschaftliche Gesamtrechnungen des Bundes;JAHR;Jahr;2022;DINSG;Deutschland insgesamt;DG;Deutschland;VGRSLE;Staatliche Teilsektoren;KRPSTAAT01;Staat insgesamt;VGRHAG;Hauptaggregatarten;VGRHAG01;Marktproduktion;21,270;Mrd. EUR;VGR043;Hauptaggregate des Staates
81000;Volkswirtschaftliche Gesamtrechnungen des Bundes;JAHR;Jahr;2024;DINSG;Deutschland insgesamt;DG;Deutschland;VGRSLE;Staatliche Teilsektoren;VSISOZIAL01;Sozialversicherung;VGRHAG;Hauptaggregatarten;VGRHAG13;Soziale Sachleistungen;335,129;Mrd. EUR;VGR043;Hauptaggregate des Staates
81000;Volkswirtschaftliche Gesamtrechnungen des Bundes;JAHR;Jahr;2021;DINSG;Deutschland insgesamt;DG;Deutschland;VGRSLE;Staatliche Teilsektoren;VSISOZIAL01;Sozialversicherung;VGRHAG;Hauptaggregatarten;VGRHAG12;Verkäufe aus Nichtmarktproduktion;4,153;Mrd. EUR;VGR043;Hauptaggregate des Staates
81000;Volkswirtschaftliche Gesamtrechnungen des Bundes;JAHR;Jahr;2024;DINSG;Deutschland insgesamt;DG;Deutschland;VGRSLE;Staatliche Teilsektoren;KRPLAENDER01;Länder;VGRHAG;Hauptaggregatarten;VGRHAG02;Sonstige Nichtmarktproduktion;289,055;Mrd. EUR;VGR043;Hauptaggregate des Staates
81000;Volkswirtschaftliche Gesamtrechnungen des Bundes;JAHR;Jahr;2025;DINSG;Deutschland insgesamt;DG;Deutschland;VGRSLE;Staatliche Teilsektoren;KRPLAENDER01;Länder;VGRHAG;Hauptaggregatarten;VGRHAG05;Bruttowertschöpfung;220,525;Mrd. EUR;VGR043;Hauptaggregate des Staates
81000;Volkswirtschaftliche Gesamtrechnungen des Bundes;JAHR;Jahr;2025;DINSG;Deutschland insgesamt;DG;Deutschland;VGRSLE;Staatliche Teilsektoren;VSISOZIAL01;Sozialversicherung;VGRHAG;Hauptaggregatarten;VGRHAG02;Sonstige Nichtmarktproduktion;47,923;Mrd. EUR;VGR043;Hauptaggregate des Staates
81000;Volkswirtschaftliche Gesamtrechnungen des Bundes;JAHR;Jahr;2021;DINSG;Deutschland insgesamt;DG;Deutschland;VGRSLE;Staatliche Teilsektoren;KRPGEMEIN001;Gemeinden;VGRHAG;Hauptaggregatarten;VGRHAG02;Sonstige Nichtmarktproduktion;182,243;Mrd. EUR;VGR043;Hauptaggregate des Staates
81000;Volkswirtschaftliche Gesamtrechnungen des Bundes;JAHR;Jahr;2022;DINSG;Deutschland insgesamt;DG;Deutschland;VGRSLE;Staatliche Teilsektoren;VSISOZIAL01;Sozialversicherung;VGRHAG;Hauptaggregatarten;VGRHAG02;Sonstige Nichtmarktproduktion;44,996;Mrd. EUR;VGR043;Hauptaggregate des Staates
81000;Volkswirtschaftliche Gesamtrechnungen des Bundes;JAHR;Jahr;2023;DINSG;Deutschland insgesamt;DG;Deutschland;VGRSLE;Staatliche Teilsektoren;KRPGEBIET01;Gebietskörperschaften;VGRHAG;Hauptaggregatarten;VGRHAG10;Betriebsüberschuss;-7,532;Mrd. EUR;VGR043;Hauptaggregate des Staates
81000;Volkswirtschaftliche Gesamtrechnungen des Bundes;JAHR;Jahr;2023;DINSG;Deutschland insgesamt;DG;Deutschland;VGRSLE;Staatliche Teilsektoren;KRPSTAAT01;Staat insgesamt;VGRHAG;Hauptaggregatarten;VGRHAG01;Marktproduktion;21,823;Mrd. EUR;VGR043;Hauptaggregate des Staates
81000;Volkswirtschaftliche Gesamtrechnungen des Bundes;JAHR;Jahr;2024;DINSG;Deutschland insgesamt;DG;Deutschland;VGRSLE;Staatliche Teilsektoren;KRPSTAAT01;Staat insgesamt;VGRHAG;Hauptaggregatarten;VGRHAG12;Verkäufe aus Nichtmarktproduktion;136,440;Mrd. EUR;VGR043;Hauptaggregate des Staates
81000;Volkswirtschaftliche Gesamtrechnungen des Bundes;JAHR;Jahr;2021;DINSG;Deutschland insgesamt;DG;Deutschland;VGRSLE;Staatliche Teilsektoren;KRPBUND01;Bund;VGRHAG;Hauptaggregatarten;VGRHAG01;Marktproduktion;5,083;Mrd. EUR;VGR043;Hauptaggregate des Staates
81000;Volkswirtschaftliche Gesamtrechnungen des Bundes;JAHR;Jahr;2023;DINSG;Deutschland insgesamt;DG;Deutschland;VGRSLE;Staatliche Teilsektoren;VSISOZIAL01;Sozialversicherung;VGRHAG;Hauptaggregatarten;VGRHAG14;Konsumausgaben des Staates;349,423;Mrd. EUR;VGR043;Hauptaggregate des Staates
81000;Volkswirtschaftliche Gesamtrechnungen des Bundes;JAHR;Jahr;2022;DINSG;Deutschland insgesamt;DG;Deutschland;VGRSLE;Staatliche Teilsektoren;KRPSTAAT01;Staat insgesamt;VGRHAG;Hauptaggregatarten;VGRHAG11;Sonstige Nichtmarktproduktion;634,573;Mrd. EUR;VGR043;Hauptaggregate des Staates
81000;Volkswirtschaftliche Gesamtrechnungen des Bundes;JAHR;Jahr;2022;DINSG;Deutschland insgesamt;DG;Deutschland;VGRSLE;Staatliche Teilsektoren;KRPGEMEIN001;Gemeinden;VGRHAG;Hauptaggregatarten;VGRHAG05;Bruttowertschöpfung;121,504;Mrd. EUR;VGR043;Hauptaggregate des Staates
81000;Volkswirtschaftliche Gesamtrechnungen des Bundes;JAHR;Jahr;2023;DINSG;Deutschland insgesamt;DG;Deutschland;VGRSLE;Staatliche Teilsektoren;KRPBUND01;Bund;VGRHAG;Hauptaggregatarten;VGRHAG03;Produktionswert;157,110;Mrd. EUR;VGR043;Hauptaggregate des Staates
81000;Volkswirtschaftliche Gesamtrechnungen des Bundes;JAHR;Jahr;2025;DINSG;Deutschland insgesamt;DG;Deutschland;VGRSLE;Staatliche Teilsektoren;KRPGEBIET01;Gebietskörperschaften;VGRHAG;Hauptaggregatarten;VGRHAG11;Sonstige Nichtmarktproduktion;689,506;Mrd. EUR;VGR043;Hauptaggregate des Staates
81000;Volkswirtschaftliche Gesamtrechnungen des Bundes;JAHR;Jahr;2024;DINSG;Deutschland insgesamt;DG;Deutschland;VGRSLE;Staatliche Teilsektoren;VSISOZIAL01;Sozialversicherung;VGRHAG;Hauptaggregatarten;VGRHAG03;Produktionswert;45,796;Mrd. EUR;VGR043;Hauptaggregate des Staates
81000;Volkswirtschaftliche Gesamtrechnungen des Bundes;JAHR;Jahr;2021;DINSG;Deutschland insgesamt;DG;Deutschland;VGRSLE;Staatliche Teilsektoren;VSISOZIAL01;Sozialversicherung;VGRHAG;Hauptaggregatarten;VGRHAG01;Marktproduktion;0,000;Mrd. EUR;VGR043;Hauptaggregate des Staates
81000;Volkswirtschaftliche Gesamtrechnungen des Bundes;JAHR;Jahr;2025;DINSG;Deutschland insgesamt;DG;Deutschland;VGRSLE;Staatliche Teilsektoren;KRPGEMEIN001;Gemeinden;VGRHAG;Hauptaggregatarten;VGRHAG12;Verkäufe aus Nichtmarktproduktion;49,266;Mrd. EUR;VGR043;Hauptaggregate des Staates
81000;Volkswirtschaftliche Gesamtrechnungen des Bundes;JAHR;Jahr;2022;DINSG;Deutschland insgesamt;DG;Deutschland;VGRSLE;Staatliche Teilsektoren;VSISOZIAL01;Sozialversicherung;VGRHAG;Hauptaggregatarten;VGRHAG13;Soziale Sachleistungen;304,836;Mrd. EUR;VGR043;Hauptaggregate des Staates
81000;Volkswirtschaftliche Gesamtrechnungen des Bundes;JAHR;Jahr;2021;DINSG;Deutschland insgesamt;DG;Deutschland;VGRSLE;Staatliche Teilsektoren;KRPGEMEIN001;Gemeinden;VGRHAG;Hauptaggregatarten;VGRHAG13;Soziale Sachleistungen;34,742;Mrd. EUR;VGR043;Hauptaggregate des Staates
81000;Volkswirtschaftliche Gesamtrechnungen des Bundes;JAHR;Jahr;2023;DINSG;Deutschland insgesamt;DG;Deutschland;VGRSLE;Staatliche Teilsektoren;KRPSTAAT01;Staat insgesamt;VGRHAG;Hauptaggregatarten;VGRHAG12;Verkäufe aus Nichtmarktproduktion;128,131;Mrd. EUR;VGR043;Hauptaggregate des Staates
81000;Volkswirtschaftliche Gesamtrechnungen des Bundes;JAHR;Jahr;2024;DINSG;Deutschland insgesamt;DG;Deutschland;VGRSLE;Staatliche Teilsektoren;KRPSTAAT01;Staat insgesamt;VGRHAG;Hauptaggregatarten;VGRHAG01;Marktproduktion;23,079;Mrd. EUR;VGR043;Hauptaggregate des Staates
81000;Volkswirtschaftliche Gesamtrechnungen des Bundes;JAHR;Jahr;2021;DINSG;Deutschland insgesamt;DG;Deutschland;VGRSLE;Staatliche Teilsektoren;KRPBUND01;Bund;VGRHAG;Hauptaggregatarten;VGRHAG13;Soziale Sachleistungen;1,959;Mrd. EUR;VGR043;Hauptaggregate des Staates
81000;Volkswirtschaftliche Gesamtrechnungen des Bundes;JAHR;Jahr;2023;DINSG;Deutschland insgesamt;DG;Deutschland;VGRSLE;Staatliche Teilsektoren;VSISOZIAL01;Sozialversicherung;VGRHAG;Hauptaggregatarten;VGRHAG02;Sonstige Nichtmarktproduktion;43,952;Mrd. EUR;VGR043;Hauptaggregate des Staates
81000;Volkswirtschaftliche Gesamtrechnungen des Bundes;JAHR;Jahr;2023;DINSG;Deutschland insgesamt;DG;Deutschland;VGRSLE;Staatliche Teilsektoren;KRPLAENDER01;Länder;VGRHAG;Hauptaggregatarten;VGRHAG12;Verkäufe aus Nichtmarktproduktion;42,151;Mrd. EUR;VGR043;Hauptaggregate des Staates
81000;Volkswirtschaftliche Gesamtrechnungen des Bundes;JAHR;Jahr;2021;DINSG;Deutschland insgesamt;DG;Deutschland;VGRSLE;Staatliche Teilsektoren;KRPSTAAT01;Staat insgesamt;VGRHAG;Hauptaggregatarten;VGRHAG11;Sonstige Nichtmarktproduktion;597,271;Mrd. EUR;VGR043;Hauptaggregate des Staates
81000;Volkswirtschaftliche Gesamtrechnungen des Bundes;JAHR;Jahr;2024;DINSG;Deutschland insgesamt;DG;Deutschland;VGRSLE;Staatliche Teilsektoren;VSISOZIAL01;Sozialversicherung;VGRHAG;Hauptaggregatarten;VGRHAG14;Konsumausgaben des Staates;375,756;Mrd. EUR;VGR043;Hauptaggregate des Staates
81000;Volkswirtschaftliche Gesamtrechnungen des Bundes;JAHR;Jahr;2021;DINSG;Deutschland insgesamt;DG;Deutschland;VGRSLE;Staatliche Teilsektoren;VSISOZIAL01;Sozialversicherung;VGRHAG;Hauptaggregatarten;VGRHAG13;Soziale Sachleistungen;286,877;Mrd. EUR;VGR043;Hauptaggregate des Staates
81000;Volkswirtschaftliche Gesamtrechnungen des Bundes;JAHR;Jahr;2024;DINSG;Deutschland insgesamt;DG;Deutschland;VGRSLE;Staatliche Teilsektoren;KRPLAENDER01;Länder;VGRHAG;Hauptaggregatarten;VGRHAG03;Produktionswert;289,132;Mrd. EUR;VGR043;Hauptaggregate des Staates
81000;Volkswirtschaftliche Gesamtrechnungen des Bundes;JAHR;Jahr;2025;DINSG;Deutschland insgesamt;DG;Deutschland;VGRSLE;Staatliche Teilsektoren;KRPBUND01;Bund;VGRHAG;Hauptaggregatarten;VGRHAG06;Abschreibungen;43,070;Mrd. EUR;VGR043;Hauptaggregate des Staates
81000;Volkswirtschaftliche Gesamtrechnungen des Bundes;JAHR;Jahr;2025;DINSG;Deutschland insgesamt;DG;Deutschland;VGRSLE;Staatliche Teilsektoren;KRPLAENDER01;Länder;VGRHAG;Hauptaggregatarten;VGRHAG06;Abschreibungen;35,143;Mrd. EUR;VGR043;Hauptaggregate des Staates
81000;Volkswirtschaftliche Gesamtrechnungen des Bundes;JAHR;Jahr;2025;DINSG;Deutschland insgesamt;DG;Deutschland;VGRSLE;Staatliche Teilsektoren;VSISOZIAL01;Sozialversicherung;VGRHAG;Hauptaggregatarten;VGRHAG03;Produktionswert;47,923;Mrd. EUR;VGR043;Hauptaggregate des Staates
81000;Volkswirtschaftliche Gesamtrechnungen des Bundes;JAHR;Jahr;2024;DINSG;Deutschland insgesamt;DG;Deutschland;VGRSLE;Staatliche Teilsektoren;KRPGEBIET01;Gebietskörperschaften;VGRHAG;Hauptaggregatarten;VGRHAG10;Betriebsüberschuss;-7,988;Mrd. EUR;VGR043;Hauptaggregate des Staates
81000;Volkswirtschaftliche Gesamtrechnungen des Bundes;JAHR;Jahr;2025;DINSG;Deutschland insgesamt;DG;Deutschland;VGRSLE;Staatliche Teilsektoren;KRPGEMEIN001;Gemeinden;VGRHAG;Hauptaggregatarten;VGRHAG01;Marktproduktion;18,022;Mrd. EUR;VGR043;Hauptaggregate des Staates
81000;Volkswirtschaftliche Gesamtrechnungen des Bundes;JAHR;Jahr;2023;DINSG;Deutschland insgesamt;DG;Deutschland;VGRSLE;Staatliche Teilsektoren;KRPGEBIET01;Gebietskörperschaften;VGRHAG;Hauptaggregatarten;VGRHAG11;Sonstige Nichtmarktproduktion;626,010;Mrd. EUR;VGR043;Hauptaggregate des Staates
81000;Volkswirtschaftliche Gesamtrechnungen des Bundes;JAHR;Jahr;2022;DINSG;Deutschland insgesamt;DG;Deutschland;VGRSLE;Staatliche Teilsektoren;KRPSTAAT01;Staat insgesamt;VGRHAG;Hauptaggregatarten;VGRHAG14;Konsumausgaben des Staates;867,494;Mrd. EUR;VGR043;Hauptaggregate des Staates
81000;Volkswirtschaftliche Gesamtrechnungen des Bundes;JAHR;Jahr;2021;DINSG;Deutschland insgesamt;DG;Deutschland;VGRSLE;Staatliche Teilsektoren;KRPLAENDER01;Länder;VGRHAG;Hauptaggregatarten;VGRHAG07;Nettowertschöpfung;153,971;Mrd. EUR;VGR043;Hauptaggregate des Staates
81000;Volkswirtschaftliche Gesamtrechnungen des Bundes;JAHR;Jahr;2021;DINSG;Deutschland insgesamt;DG;Deutschland;VGRSLE;Staatliche Teilsektoren;KRPGEMEIN001;Gemeinden;VGRHAG;Hauptaggregatarten;VGRHAG05;Bruttowertschöpfung;111,640;Mrd. EUR;VGR043;Hauptaggregate des Staates
81000;Volkswirtschaftliche Gesamtrechnungen des Bundes;JAHR;Jahr;2024;DINSG;Deutschland insgesamt;DG;Deutschland;VGRSLE;Staatliche Teilsektoren;KRPSTAAT01;Staat insgesamt;VGRHAG;Hauptaggregatarten;VGRHAG13;Soziale Sachleistungen;388,359;Mrd. EUR;VGR043;Hauptaggregate des Staates
81000;Volkswirtschaftliche Gesamtrechnungen des Bundes;JAHR;Jahr;2022;DINSG;Deutschland insgesamt;DG;Deutschland;VGRSLE;Staatliche Teilsektoren;KRPBUND01;Bund;VGRHAG;Hauptaggregatarten;VGRHAG08;Arbeitnehmerentgelt;47,837;Mrd. EUR;VGR043;Hauptaggregate des Staates
81000;Volkswirtschaftliche Gesamtrechnungen des Bundes;JAHR;Jahr;2025;DINSG;Deutschland insgesamt;DG;Deutschland;VGRSLE;Staatliche Teilsektoren;KRPSTAAT01;Staat insgesamt;VGRHAG;Hauptaggregatarten;VGRHAG01;Marktproduktion;24,266;Mrd. EUR;VGR043;Hauptaggregate des Staates
81000;Volkswirtschaftliche Gesamtrechnungen des Bundes;JAHR;Jahr;2021;DINSG;Deutschland insgesamt;DG;Deutschland;VGRSLE;Staatliche Teilsektoren;VSISOZIAL01;Sozialversicherung;VGRHAG;Hauptaggregatarten;VGRHAG14;Konsumausgaben des Staates;328,144;Mrd. EUR;VGR043;Hauptaggregate des Staates
81000;Volkswirtschaftliche Gesamtrechnungen des Bundes;JAHR;Jahr;2022;DINSG;Deutschland insgesamt;DG;Deutschland;VGRSLE;Staatliche Teilsektoren;KRPGEMEIN001;Gemeinden;VGRHAG;Hauptaggregatarten;VGRHAG04;Vorleistungen;92,610;Mrd. EUR;VGR043;Hauptaggregate des Staates
81000;Volkswirtschaftliche Gesamtrechnungen des Bundes;JAHR;Jahr;2024;DINSG;Deutschland insgesamt;DG;Deutschland;VGRSLE;Staatliche Teilsektoren;KRPGEMEIN001;Gemeinden;VGRHAG;Hauptaggregatarten;VGRHAG10;Betriebsüberschuss;-4,699;Mrd. EUR;VGR043;Hauptaggregate des Staates
81000;Volkswirtschaftliche Gesamtrechnungen des Bundes;JAHR;Jahr;2025;DINSG;Deutschland insgesamt;DG;Deutschland;VGRSLE;Staatliche Teilsektoren;KRPGEBIET01;Gebietskörperschaften;VGRHAG;Hauptaggregatarten;VGRHAG12;Verkäufe aus Nichtmarktproduktion;138,022;Mrd. EUR;VGR043;Hauptaggregate des Staates
81000;Volkswirtschaftliche Gesamtrechnungen des Bundes;JAHR;Jahr;2023;DINSG;Deutschland insgesamt;DG;Deutschland;VGRSLE;Staatliche Teilsektoren;KRPBUND01;Bund;VGRHAG;Hauptaggregatarten;VGRHAG02;Sonstige Nichtmarktproduktion;151,505;Mrd. EUR;VGR043;Hauptaggregate des Staates
81000;Volkswirtschaftliche Gesamtrechnungen des Bundes;JAHR;Jahr;2021;DINSG;Deutschland insgesamt;DG;Deutschland;VGRSLE;Staatliche Teilsektoren;VSISOZIAL01;Sozialversicherung;VGRHAG;Hauptaggregatarten;VGRHAG02;Sonstige Nichtmarktproduktion;45,540;Mrd. EUR;VGR043;Hauptaggregate des Staates
81000;Volkswirtschaftliche Gesamtrechnungen des Bundes;JAHR;Jahr;2022;DINSG;Deutschland insgesamt;DG;Deutschland;VGRSLE;Staatliche Teilsektoren;VSISOZIAL01;Sozialversicherung;VGRHAG;Hauptaggregatarten;VGRHAG10;Betriebsüberschuss;0,000;Mrd. EUR;VGR043;Hauptaggregate des Staates
81000;Volkswirtschaftliche Gesamtrechnungen des Bundes;JAHR;Jahr;2022;DINSG;Deutschland insgesamt;DG;Deutschland;VGRSLE;Staatliche Teilsektoren;KRPSTAAT01;Staat insgesamt;VGRHAG;Hauptaggregatarten;VGRHAG03;Produktionswert;680,278;Mrd. EUR;VGR043;Hauptaggregate des Staates
81000;Volkswirtschaftliche Gesamtrechnungen des Bundes;JAHR;Jahr;2024;DINSG;Deutschland insgesamt;DG;Deutschland;VGRSLE;Staatliche Teilsektoren;KRPSTAAT01;Staat insgesamt;VGRHAG;Hauptaggregatarten;VGRHAG02;Sonstige Nichtmarktproduktion;729,904;Mrd. EUR;VGR043;Hauptaggregate des Staates
81000;Volkswirtschaftliche Gesamtrechnungen des Bundes;JAHR;Jahr;2025;DINSG;Deutschland insgesamt;DG;Deutschland;VGRSLE;Staatliche Teilsektoren;KRPSTAAT01;Staat insgesamt;VGRHAG;Hauptaggregatarten;VGRHAG12;Verkäufe aus Nichtmarktproduktion;143,055;Mrd. EUR;VGR043;Hauptaggregate des Staates
81000;Volkswirtschaftliche Gesamtrechnungen des Bundes;JAHR;Jahr;2021;DINSG;Deutschland insgesamt;DG;Deutschland;VGRSLE;Staatliche Teilsektoren;VSISOZIAL01;Sozialversicherung;VGRHAG;Hauptaggregatarten;VGRHAG03;Produktionswert;45,540;Mrd. EUR;VGR043;Hauptaggregate des Staates
81000;Volkswirtschaftliche Gesamtrechnungen des Bundes;JAHR;Jahr;2023;DINSG;Deutschland insgesamt;DG;Deutschland;VGRSLE;Staatliche Teilsektoren;VSISOZIAL01;Sozialversicherung;VGRHAG;Hauptaggregatarten;VGRHAG03;Produktionswert;43,952;Mrd. EUR;VGR043;Hauptaggregate des Staates
81000;Volkswirtschaftliche Gesamtrechnungen des Bundes;JAHR;Jahr;2021;DINSG;Deutschland insgesamt;DG;Deutschland;VGRSLE;Staatliche Teilsektoren;KRPBUND01;Bund;VGRHAG;Hauptaggregatarten;VGRHAG10;Betriebsüberschuss;-0,441;Mrd. EUR;VGR043;Hauptaggregate des Staates
81000;Volkswirtschaftliche Gesamtrechnungen des Bundes;JAHR;Jahr;2022;DINSG;Deutschland insgesamt;DG;Deutschland;VGRSLE;Staatliche Teilsektoren;KRPLAENDER01;Länder;VGRHAG;Hauptaggregatarten;VGRHAG10;Betriebsüberschuss;-1,505;Mrd. EUR;VGR043;Hauptaggregate des Staates
81000;Volkswirtschaftliche Gesamtrechnungen des Bundes;JAHR;Jahr;2021;DINSG;Deutschland insgesamt;DG;Deutschland;VGRSLE;Staatliche Teilsektoren;KRPSTAAT01;Staat insgesamt;VGRHAG;Hauptaggregatarten;VGRHAG10;Betriebsüberschuss;-6,857;Mrd. EUR;VGR043;Hauptaggregate des Staates
81000;Volkswirtschaftliche Gesamtrechnungen des Bundes;JAHR;Jahr;2023;DINSG;Deutschland insgesamt;DG;Deutschland;VGRSLE;Staatliche Teilsektoren;KRPGEMEIN001;Gemeinden;VGRHAG;Hauptaggregatarten;VGRHAG08;Arbeitnehmerentgelt;92,126;Mrd. EUR;VGR043;Hauptaggregate des Staates
81000;Volkswirtschaftliche Gesamtrechnungen des Bundes;JAHR;Jahr;2024;DINSG;Deutschland insgesamt;DG;Deutschland;VGRSLE;Staatliche Teilsektoren;KRPLAENDER01;Länder;VGRHAG;Hauptaggregatarten;VGRHAG04;Vorleistungen;84,213;Mrd. EUR;VGR043;Hauptaggregate des Staates
81000;Volkswirtschaftliche Gesamtrechnungen des Bundes;JAHR;Jahr;2023;DINSG;Deutschland insgesamt;DG;Deutschland;VGRSLE;Staatliche Teilsektoren;KRPBUND01;Bund;VGRHAG;Hauptaggregatarten;VGRHAG14;Konsumausgaben des Staates;104,762;Mrd. EUR;VGR043;Hauptaggregate des Staates
81000;Volkswirtschaftliche Gesamtrechnungen des Bundes;JAHR;Jahr;2024;DINSG;Deutschland insgesamt;DG;Deutschland;VGRSLE;Staatliche Teilsektoren;VSISOZIAL01;Sozialversicherung;VGRHAG;Hauptaggregatarten;VGRHAG11;Sonstige Nichtmarktproduktion;45,624;Mrd. EUR;VGR043;Hauptaggregate des Staates
81000;Volkswirtschaftliche Gesamtrechnungen des Bundes;JAHR;Jahr;2025;DINSG;Deutschland insgesamt;DG;Deutschland;VGRSLE;Staatliche Teilsektoren;KRPBUND01;Bund;VGRHAG;Hauptaggregatarten;VGRHAG05;Bruttowertschöpfung;99,460;Mrd. EUR;VGR043;Hauptaggregate des Staates
81000;Volkswirtschaftliche Gesamtrechnungen des Bundes;JAHR;Jahr;2025;DINSG;Deutschland insgesamt;DG;Deutschland;VGRSLE;Staatliche Teilsektoren;KRPLAENDER01;Länder;VGRHAG;Hauptaggregatarten;VGRHAG03;Produktionswert;305,899;Mrd. EUR;VGR043;Hauptaggregate des Staates
81000;Volkswirtschaftliche Gesamtrechnungen des Bundes;JAHR;Jahr;2025;DINSG;Deutschland insgesamt;DG;Deutschland;VGRSLE;Staatliche Teilsektoren;VSISOZIAL01;Sozialversicherung;VGRHAG;Hauptaggregatarten;VGRHAG04;Vorleistungen;15,564;Mrd. EUR;VGR043;Hauptaggregate des Staates
81000;Volkswirtschaftliche Gesamtrechnungen des Bundes;JAHR;Jahr;2021;DINSG;Deutschland insgesamt;DG;Deutschland;VGRSLE;Staatliche Teilsektoren;KRPGEBIET01;Gebietskörperschaften;VGRHAG;Hauptaggregatarten;VGRHAG10;Betriebsüberschuss;-6,857;Mrd. EUR;VGR043;Hauptaggregate des Staates
81000;Volkswirtschaftliche Gesamtrechnungen des Bundes;JAHR;Jahr;2023;DINSG;Deutschland insgesamt;DG;Deutschland;VGRSLE;Staatliche Teilsektoren;KRPGEBIET01;Gebietskörperschaften;VGRHAG;Hauptaggregatarten;VGRHAG12;Verkäufe aus Nichtmarktproduktion;123,515;Mrd. EUR;VGR043;Hauptaggregate des Staates
81000;Volkswirtschaftliche Gesamtrechnungen des Bundes;JAHR;Jahr;2021;DINSG;Deutschland insgesamt;DG;Deutschland;VGRSLE;Staatliche Teilsektoren;KRPGEMEIN001;Gemeinden;VGRHAG;Hauptaggregatarten;VGRHAG04;Vorleistungen;85,550;Mrd. EUR;VGR043;Hauptaggregate des Staates
81000;Volkswirtschaftliche Gesamtrechnungen des Bundes;JAHR;Jahr;2022;DINSG;Deutschland insgesamt;DG;Deutschland;VGRSLE;Staatliche Teilsektoren;KRPSTAAT01;Staat insgesamt;VGRHAG;Hauptaggregatarten;VGRHAG13;Soziale Sachleistungen;350,359;Mrd. EUR;VGR043;Hauptaggregate des Staates
81000;Volkswirtschaftliche Gesamtrechnungen des Bundes;JAHR;Jahr;2021;DINSG;Deutschland insgesamt;DG;Deutschland;VGRSLE;Staatliche Teilsektoren;KRPLAENDER01;Länder;VGRHAG;Hauptaggregatarten;VGRHAG08;Arbeitnehmerentgelt;155,187;Mrd. EUR;VGR043;Hauptaggregate des Staates
81000;Volkswirtschaftliche Gesamtrechnungen des Bundes;JAHR;Jahr;2024;DINSG;Deutschland insgesamt;DG;Deutschland;VGRSLE;Staatliche Teilsektoren;KRPSTAAT01;Staat insgesamt;VGRHAG;Hauptaggregatarten;VGRHAG14;Konsumausgaben des Staates;954,223;Mrd. EUR;VGR043;Hauptaggregate des Staates
81000;Volkswirtschaftliche Gesamtrechnungen des Bundes;JAHR;Jahr;2022;DINSG;Deutschland insgesamt;DG;Deutschland;VGRSLE;Staatliche Teilsektoren;KRPBUND01;Bund;VGRHAG;Hauptaggregatarten;VGRHAG09;Sonstige Nettoproduktionsabgaben;0,034;Mrd. EUR;VGR043;Hauptaggregate des Staates
81000;Volkswirtschaftliche Gesamtrechnungen des Bundes;JAHR;Jahr;2022;DINSG;Deutschland insgesamt;DG;Deutschland;VGRSLE;Staatliche Teilsektoren;KRPGEMEIN001;Gemeinden;VGRHAG;Hauptaggregatarten;VGRHAG03;Produktionswert;214,114;Mrd. EUR;VGR043;Hauptaggregate des Staates
81000;Volkswirtschaftliche Gesamtrechnungen des Bundes;JAHR;Jahr;2025;DINSG;Deutschland insgesamt;DG;Deutschland;VGRSLE;Staatliche Teilsektoren;KRPGEBIET01;Gebietskörperschaften;VGRHAG;Hauptaggregatarten;VGRHAG13;Soziale Sachleistungen;56,274;Mrd. EUR;VGR043;Hauptaggregate des Staates
81000;Volkswirtschaftliche Gesamtrechnungen des Bundes;JAHR;Jahr;2023;DINSG;Deutschland insgesamt;DG;Deutschland;VGRSLE;Staatliche Teilsektoren;KRPBUND01;Bund;VGRHAG;Hauptaggregatarten;VGRHAG01;Marktproduktion;5,605;Mrd. EUR;VGR043;Hauptaggregate des Staates
81000;Volkswirtschaftliche Gesamtrechnungen des Bundes;JAHR;Jahr;2024;DINSG;Deutschland insgesamt;DG;Deutschland;VGRSLE;Staatliche Teilsektoren;KRPGEMEIN001;Gemeinden;VGRHAG;Hauptaggregatarten;VGRHAG11;Sonstige Nichtmarktproduktion;232,508;Mrd. EUR;VGR043;Hauptaggregate des Staates
81000;Volkswirtschaftliche Gesamtrechnungen des Bundes;JAHR;Jahr;2024;DINSG;Deutschland insgesamt;DG;Deutschland;VGRSLE;Staatliche Teilsektoren;VSISOZIAL01;Sozialversicherung;VGRHAG;Hauptaggregatarten;VGRHAG01;Marktproduktion;0,000;Mrd. EUR;VGR043;Hauptaggregate des Staates
81000;Volkswirtschaftliche Gesamtrechnungen des Bundes;JAHR;Jahr;2023;DINSG;Deutschland insgesamt;DG;Deutschland;VGRSLE;Staatliche Teilsektoren;VSISOZIAL01;Sozialversicherung;VGRHAG;Hauptaggregatarten;VGRHAG05;Bruttowertschöpfung;29,011;Mrd. EUR;VGR043;Hauptaggregate des Staates
81000;Volkswirtschaftliche Gesamtrechnungen des Bundes;JAHR;Jahr;2025;DINSG;Deutschland insgesamt;DG;Deutschland;VGRSLE;Staatliche Teilsektoren;KRPGEMEIN001;Gemeinden;VGRHAG;Hauptaggregatarten;VGRHAG10;Betriebsüberschuss;-4,423;Mrd. EUR;VGR043;Hauptaggregate des Staates
81000;Volkswirtschaftliche Gesamtrechnungen des Bundes;JAHR;Jahr;2022;DINSG;Deutschland insgesamt;DG;Deutschland;VGRSLE;Staatliche Teilsektoren;VSISOZIAL01;Sozialversicherung;VGRHAG;Hauptaggregatarten;VGRHAG11;Sonstige Nichtmarktproduktion;44,796;Mrd. EUR;VGR043;Hauptaggregate des Staates
81000;Volkswirtschaftliche Gesamtrechnungen des Bundes;JAHR;Jahr;2022;DINSG;Deutschland insgesamt;DG;Deutschland;VGRSLE;Staatliche Teilsektoren;KRPSTAAT01;Staat insgesamt;VGRHAG;Hauptaggregatarten;VGRHAG02;Sonstige Nichtmarktproduktion;659,008;Mrd. EUR;VGR043;Hauptaggregate des Staates
81000;Volkswirtschaftliche Gesamtrechnungen des Bundes;JAHR;Jahr;2025;DINSG;Deutschland insgesamt;DG;Deutschland;VGRSLE;Staatliche Teilsektoren;KRPSTAAT01;Staat insgesamt;VGRHAG;Hauptaggregatarten;VGRHAG11;Sonstige Nichtmarktproduktion;737,277;Mrd. EUR;VGR043;Hauptaggregate des Staates
81000;Volkswirtschaftliche Gesamtrechnungen des Bundes;JAHR;Jahr;2023;DINSG;Deutschland insgesamt;DG;Deutschland;VGRSLE;Staatliche Teilsektoren;KRPLAENDER01;Länder;VGRHAG;Hauptaggregatarten;VGRHAG10;Betriebsüberschuss;-1,586;Mrd. EUR;VGR043;Hauptaggregate des Staates
81000;Volkswirtschaftliche Gesamtrechnungen des Bundes;JAHR;Jahr;2024;DINSG;Deutschland insgesamt;DG;Deutschland;VGRSLE;Staatliche Teilsektoren;KRPSTAAT01;Staat insgesamt;VGRHAG;Hauptaggregatarten;VGRHAG03;Produktionswert;752,983;Mrd. EUR;VGR043;Hauptaggregate des Staates
81000;Volkswirtschaftliche Gesamtrechnungen des Bundes;JAHR;Jahr;2023;DINSG;Deutschland insgesamt;DG;Deutschland;VGRSLE;Staatliche Teilsektoren;VSISOZIAL01;Sozialversicherung;VGRHAG;Hauptaggregatarten;VGRHAG04;Vorleistungen;14,941;Mrd. EUR;VGR043;Hauptaggregate des Staates
81000;Volkswirtschaftliche Gesamtrechnungen des Bundes;JAHR;Jahr;2021;DINSG;Deutschland insgesamt;DG;Deutschland;VGRSLE;Staatliche Teilsektoren;VSISOZIAL01;Sozialversicherung;VGRHAG;Hauptaggregatarten;VGRHAG04;Vorleistungen;18,713;Mrd. EUR;VGR043;Hauptaggregate des Staates
81000;Volkswirtschaftliche Gesamtrechnungen des Bundes;JAHR;Jahr;2023;DINSG;Deutschland insgesamt;DG;Deutschland;VGRSLE;Staatliche Teilsektoren;KRPSTAAT01;Staat insgesamt;VGRHAG;Hauptaggregatarten;VGRHAG10;Betriebsüberschuss;-7,532;Mrd. EUR;VGR043;Hauptaggregate des Staates
81000;Volkswirtschaftliche Gesamtrechnungen des Bundes;JAHR;Jahr;2021;DINSG;Deutschland insgesamt;DG;Deutschland;VGRSLE;Staatliche Teilsektoren;KRPBUND01;Bund;VGRHAG;Hauptaggregatarten;VGRHAG11;Sonstige Nichtmarktproduktion;123,697;Mrd. EUR;VGR043;Hauptaggregate des Staates
81000;Volkswirtschaftliche Gesamtrechnungen des Bundes;JAHR;Jahr;2023;DINSG;Deutschland insgesamt;DG;Deutschland;VGRSLE;Staatliche Teilsektoren;KRPGEMEIN001;Gemeinden;VGRHAG;Hauptaggregatarten;VGRHAG09;Sonstige Nettoproduktionsabgaben;-0,108;Mrd. EUR;VGR043;Hauptaggregate des Staates
81000;Volkswirtschaftliche Gesamtrechnungen des Bundes;JAHR;Jahr;2022;DINSG;Deutschland insgesamt;DG;Deutschland;VGRSLE;Staatliche Teilsektoren;KRPLAENDER01;Länder;VGRHAG;Hauptaggregatarten;VGRHAG11;Sonstige Nichtmarktproduktion;259,601;Mrd. EUR;VGR043;Hauptaggregate des Staates
81000;Volkswirtschaftliche Gesamtrechnungen des Bundes;JAHR;Jahr;2022;DINSG;Deutschland insgesamt;DG;Deutschland;VGRSLE;Staatliche Teilsektoren;KRPGEMEIN001;Gemeinden;VGRHAG;Hauptaggregatarten;VGRHAG14;Konsumausgaben des Staates;191,841;Mrd. EUR;VGR043;Hauptaggregate des Staates
81000;Volkswirtschaftliche Gesamtrechnungen des Bundes;JAHR;Jahr;2021;DINSG;Deutschland insgesamt;DG;Deutschland;VGRSLE;Staatliche Teilsektoren;KRPGEBIET01;Gebietskörperschaften;VGRHAG;Hauptaggregatarten;VGRHAG11;Sonstige Nichtmarktproduktion;551,851;Mrd. EUR;VGR043;Hauptaggregate des Staates
81000;Volkswirtschaftliche Gesamtrechnungen des Bundes;JAHR;Jahr;2024;DINSG;Deutschland insgesamt;DG;Deutschland;VGRSLE;Staatliche Teilsektoren;KRPLAENDER01;Länder;VGRHAG;Hauptaggregatarten;VGRHAG05;Bruttowertschöpfung;204,919;Mrd. EUR;VGR043;Hauptaggregate des Staates
81000;Volkswirtschaftliche Gesamtrechnungen des Bundes;JAHR;Jahr;2023;DINSG;Deutschland insgesamt;DG;Deutschland;VGRSLE;Staatliche Teilsektoren;KRPBUND01;Bund;VGRHAG;Hauptaggregatarten;VGRHAG13;Soziale Sachleistungen;1,211;Mrd. EUR;VGR043;Hauptaggregate des Staates
81000;Volkswirtschaftliche Gesamtrechnungen des Bundes;JAHR;Jahr;2025;DINSG;Deutschland insgesamt;DG;Deutschland;VGRSLE;Staatliche Teilsektoren;KRPGEBIET01;Gebietskörperschaften;VGRHAG;Hauptaggregatarten;VGRHAG01;Marktproduktion;24,266;Mrd. EUR;VGR043;Hauptaggregate des Staates
81000;Volkswirtschaftliche Gesamtrechnungen des Bundes;JAHR;Jahr;2024;DINSG;Deutschland insgesamt;DG;Deutschland;VGRSLE;Staatliche Teilsektoren;VSISOZIAL01;Sozialversicherung;VGRHAG;Hauptaggregatarten;VGRHAG12;Verkäufe aus Nichtmarktproduktion;4,997;Mrd. EUR;VGR043;Hauptaggregate des Staates
81000;Volkswirtschaftliche Gesamtrechnungen des Bundes;JAHR;Jahr;2025;DINSG;Deutschland insgesamt;DG;Deutschland;VGRSLE;Staatliche Teilsektoren;VSISOZIAL01;Sozialversicherung;VGRHAG;Hauptaggregatarten;VGRHAG05;Bruttowertschöpfung;32,359;Mrd. EUR;VGR043;Hauptaggregate des Staates
81000;Volkswirtschaftliche Gesamtrechnungen des Bundes;JAHR;Jahr;2025;DINSG;Deutschland insgesamt;DG;Deutschland;VGRSLE;Staatliche Teilsektoren;KRPBUND01;Bund;VGRHAG;Hauptaggregatarten;VGRHAG04;Vorleistungen;75,040;Mrd. EUR;VGR043;Hauptaggregate des Staates
81000;Volkswirtschaftliche Gesamtrechnungen des Bundes;JAHR;Jahr;2025;DINSG;Deutschland insgesamt;DG;Deutschland;VGRSLE;Staatliche Teilsektoren;KRPLAENDER01;Länder;VGRHAG;Hauptaggregatarten;VGRHAG04;Vorleistungen;85,374;Mrd. EUR;VGR043;Hauptaggregate des Staates
81000;Volkswirtschaftliche Gesamtrechnungen des Bundes;JAHR;Jahr;2023;DINSG;Deutschland insgesamt;DG;Deutschland;VGRSLE;Staatliche Teilsektoren;KRPSTAAT01;Staat insgesamt;VGRHAG;Hauptaggregatarten;VGRHAG04;Vorleistungen;267,658;Mrd. EUR;VGR043;Hauptaggregate des Staates
81000;Volkswirtschaftliche Gesamtrechnungen des Bundes;JAHR;Jahr;2022;DINSG;Deutschland insgesamt;DG;Deutschland;VGRSLE;Staatliche Teilsektoren;KRPBUND01;Bund;VGRHAG;Hauptaggregatarten;VGRHAG06;Abschreibungen;35,532;Mrd. EUR;VGR043;Hauptaggregate des Staates
81000;Volkswirtschaftliche Gesamtrechnungen des Bundes;JAHR;Jahr;2022;DINSG;Deutschland insgesamt;DG;Deutschland;VGRSLE;Staatliche Teilsektoren;KRPGEBIET01;Gebietskörperschaften;VGRHAG;Hauptaggregatarten;VGRHAG09;Sonstige Nettoproduktionsabgaben;0,068;Mrd. EUR;VGR043;Hauptaggregate des Staates
81000;Volkswirtschaftliche Gesamtrechnungen des Bundes;JAHR;Jahr;2023;DINSG;Deutschland insgesamt;DG;Deutschland;VGRSLE;Staatliche Teilsektoren;KRPGEBIET01;Gebietskörperschaften;VGRHAG;Hauptaggregatarten;VGRHAG13;Soziale Sachleistungen;46,628;Mrd. EUR;VGR043;Hauptaggregate des Staates
81000;Volkswirtschaftliche Gesamtrechnungen des Bundes;JAHR;Jahr;2021;DINSG;Deutschland insgesamt;DG;Deutschland;VGRSLE;Staatliche Teilsektoren;KRPLAENDER01;Länder;VGRHAG;Hauptaggregatarten;VGRHAG05;Bruttowertschöpfung;180,826;Mrd. EUR;VGR043;Hauptaggregate des Staates
81000;Volkswirtschaftliche Gesamtrechnungen des Bundes;JAHR;Jahr;2023;DINSG;Deutschland insgesamt;DG;Deutschland;VGRSLE;Staatliche Teilsektoren;KRPLAENDER01;Länder;VGRHAG;Hauptaggregatarten;VGRHAG03;Produktionswert;284,689;Mrd. EUR;VGR043;Hauptaggregate des Staates
81000;Volkswirtschaftliche Gesamtrechnungen des Bundes;JAHR;Jahr;2022;DINSG;Deutschland insgesamt;DG;Deutschland;VGRSLE;Staatliche Teilsektoren;KRPGEMEIN001;Gemeinden;VGRHAG;Hauptaggregatarten;VGRHAG02;Sonstige Nichtmarktproduktion;198,312;Mrd. EUR;VGR043;Hauptaggregate des Staates
81000;Volkswirtschaftliche Gesamtrechnungen des Bundes;JAHR;Jahr;2023;DINSG;Deutschland insgesamt;DG;Deutschland;VGRSLE;Staatliche Teilsektoren;KRPBUND01;Bund;VGRHAG;Hauptaggregatarten;VGRHAG08;Arbeitnehmerentgelt;50,403;Mrd. EUR;VGR043;Hauptaggregate des Staates
81000;Volkswirtschaftliche Gesamtrechnungen des Bundes;JAHR;Jahr;2023;DINSG;Deutschland insgesamt;DG;Deutschland;VGRSLE;Staatliche Teilsektoren;VSISOZIAL01;Sozialversicherung;VGRHAG;Hauptaggregatarten;VGRHAG06;Abschreibungen;1,599;Mrd. EUR;VGR043;Hauptaggregate des Staates
81000;Volkswirtschaftliche Gesamtrechnungen des Bundes;JAHR;Jahr;2021;DINSG;Deutschland insgesamt;DG;Deutschland;VGRSLE;Staatliche Teilsektoren;KRPBUND01;Bund;VGRHAG;Hauptaggregatarten;VGRHAG04;Vorleistungen;60,694;Mrd. EUR;VGR043;Hauptaggregate des Staates
81000;Volkswirtschaftliche Gesamtrechnungen des Bundes;JAHR;Jahr;2024;DINSG;Deutschland insgesamt;DG;Deutschland;VGRSLE;Staatliche Teilsektoren;KRPGEBIET01;Gebietskörperschaften;VGRHAG;Hauptaggregatarten;VGRHAG02;Sonstige Nichtmarktproduktion;684,108;Mrd. EUR;VGR043;Hauptaggregate des Staates
81000;Volkswirtschaftliche Gesamtrechnungen des Bundes;JAHR;Jahr;2024;DINSG;Deutschland insgesamt;DG;Deutschland;VGRSLE;Staatliche Teilsektoren;KRPLAENDER01;Länder;VGRHAG;Hauptaggregatarten;VGRHAG10;Betriebsüberschuss;-2,035;Mrd. EUR;VGR043;Hauptaggregate des Staates
81000;Volkswirtschaftliche Gesamtrechnungen des Bundes;JAHR;Jahr;2025;DINSG;Deutschland insgesamt;DG;Deutschland;VGRSLE;Staatliche Teilsektoren;KRPLAENDER01;Länder;VGRHAG;Hauptaggregatarten;VGRHAG13;Soziale Sachleistungen;7,122;Mrd. EUR;VGR043;Hauptaggregate des Staates
81000;Volkswirtschaftliche Gesamtrechnungen des Bundes;JAHR;Jahr;2025;DINSG;Deutschland insgesamt;DG;Deutschland;VGRSLE;Staatliche Teilsektoren;VSISOZIAL01;Sozialversicherung;VGRHAG;Hauptaggregatarten;VGRHAG10;Betriebsüberschuss;0,000;Mrd. EUR;VGR043;Hauptaggregate des Staates
81000;Volkswirtschaftliche Gesamtrechnungen des Bundes;JAHR;Jahr;2024;DINSG;Deutschland insgesamt;DG;Deutschland;VGRSLE;Staatliche Teilsektoren;KRPSTAAT01;Staat insgesamt;VGRHAG;Hauptaggregatarten;VGRHAG04;Vorleistungen;282,159;Mrd. EUR;VGR043;Hauptaggregate des Staates
81000;Volkswirtschaftliche Gesamtrechnungen des Bundes;JAHR;Jahr;2023;DINSG;Deutschland insgesamt;DG;Deutschland;VGRSLE;Staatliche Teilsektoren;KRPGEBIET01;Gebietskörperschaften;VGRHAG;Hauptaggregatarten;VGRHAG01;Marktproduktion;21,823;Mrd. EUR;VGR043;Hauptaggregate des Staates
81000;Volkswirtschaftliche Gesamtrechnungen des Bundes;JAHR;Jahr;2021;DINSG;Deutschland insgesamt;DG;Deutschland;VGRSLE;Staatliche Teilsektoren;KRPGEBIET01;Gebietskörperschaften;VGRHAG;Hauptaggregatarten;VGRHAG09;Sonstige Nettoproduktionsabgaben;0,194;Mrd. EUR;VGR043;Hauptaggregate des Staates
81000;Volkswirtschaftliche Gesamtrechnungen des Bundes;JAHR;Jahr;2024;DINSG;Deutschland insgesamt;DG;Deutschland;VGRSLE;Staatliche Teilsektoren;KRPGEMEIN001;Gemeinden;VGRHAG;Hauptaggregatarten;VGRHAG09;Sonstige Nettoproduktionsabgaben;-0,081;Mrd. EUR;VGR043;Hauptaggregate des Staates
81000;Volkswirtschaftliche Gesamtrechnungen des Bundes;JAHR;Jahr;2021;DINSG;Deutschland insgesamt;DG;Deutschland;VGRSLE;Staatliche Teilsektoren;KRPGEMEIN001;Gemeinden;VGRHAG;Hauptaggregatarten;VGRHAG10;Betriebsüberschuss;-4,943;Mrd. EUR;VGR043;Hauptaggregate des Staates
81000;Volkswirtschaftliche Gesamtrechnungen des Bundes;JAHR;Jahr;2022;DINSG;Deutschland insgesamt;DG;Deutschland;VGRSLE;Staatliche Teilsektoren;KRPGEMEIN001;Gemeinden;VGRHAG;Hauptaggregatarten;VGRHAG13;Soziale Sachleistungen;34,760;Mrd. EUR;VGR043;Hauptaggregate des Staates
81000;Volkswirtschaftliche Gesamtrechnungen des Bundes;JAHR;Jahr;2024;DINSG;Deutschland insgesamt;DG;Deutschland;VGRSLE;Staatliche Teilsektoren;VSISOZIAL01;Sozialversicherung;VGRHAG;Hauptaggregatarten;VGRHAG06;Abschreibungen;1,638;Mrd. EUR;VGR043;Hauptaggregate des Staates
81000;Volkswirtschaftliche Gesamtrechnungen des Bundes;JAHR;Jahr;2022;DINSG;Deutschland insgesamt;DG;Deutschland;VGRSLE;Staatliche Teilsektoren;KRPLAENDER01;Länder;VGRHAG;Hauptaggregatarten;VGRHAG12;Verkäufe aus Nichtmarktproduktion;39,512;Mrd. EUR;VGR043;Hauptaggregate des Staates
81000;Volkswirtschaftliche Gesamtrechnungen des Bundes;JAHR;Jahr;2024;DINSG;Deutschland insgesamt;DG;Deutschland;VGRSLE;Staatliche Teilsektoren;KRPGEBIET01;Gebietskörperschaften;VGRHAG;Hauptaggregatarten;VGRHAG13;Soziale Sachleistungen;53,230;Mrd. EUR;VGR043;Hauptaggregate des Staates
81000;Volkswirtschaftliche Gesamtrechnungen des Bundes;JAHR;Jahr;2025;DINSG;Deutschland insgesamt;DG;Deutschland;VGRSLE;Staatliche Teilsektoren;KRPLAENDER01;Länder;VGRHAG;Hauptaggregatarten;VGRHAG01;Marktproduktion;0,097;Mrd. EUR;VGR043;Hauptaggregate des Staates
81000;Volkswirtschaftliche Gesamtrechnungen des Bundes;JAHR;Jahr;2022;DINSG;Deutschland insgesamt;DG;Deutschland;VGRSLE;Staatliche Teilsektoren;KRPBUND01;Bund;VGRHAG;Hauptaggregatarten;VGRHAG07;Nettowertschöpfung;47,119;Mrd. EUR;VGR043;Hauptaggregate des Staates
81000;Volkswirtschaftliche Gesamtrechnungen des Bundes;JAHR;Jahr;2023;DINSG;Deutschland insgesamt;DG;Deutschland;VGRSLE;Staatliche Teilsektoren;KRPGEBIET01;Gebietskörperschaften;VGRHAG;Hauptaggregatarten;VGRHAG14;Konsumausgaben des Staates;549,123;Mrd. EUR;VGR043;Hauptaggregate des Staates
81000;Volkswirtschaftliche Gesamtrechnungen des Bundes;JAHR;Jahr;2021;DINSG;Deutschland insgesamt;DG;Deutschland;VGRSLE;Staatliche Teilsektoren;KRPLAENDER01;Länder;VGRHAG;Hauptaggregatarten;VGRHAG06;Abschreibungen;26,855;Mrd. EUR;VGR043;Hauptaggregate des Staates
81000;Volkswirtschaftliche Gesamtrechnungen des Bundes;JAHR;Jahr;2023;DINSG;Deutschland insgesamt;DG;Deutschland;VGRSLE;Staatliche Teilsektoren;KRPSTAAT01;Staat insgesamt;VGRHAG;Hauptaggregatarten;VGRHAG05;Bruttowertschöpfung;449,493;Mrd. EUR;VGR043;Hauptaggregate des Staates
81000;Volkswirtschaftliche Gesamtrechnungen des Bundes;JAHR;Jahr;2023;DINSG;Deutschland insgesamt;DG;Deutschland;VGRSLE;Staatliche Teilsektoren;KRPLAENDER01;Länder;VGRHAG;Hauptaggregatarten;VGRHAG04;Vorleistungen;82,938;Mrd. EUR;VGR043;Hauptaggregate des Staates
81000;Volkswirtschaftliche Gesamtrechnungen des Bundes;JAHR;Jahr;2022;DINSG;Deutschland insgesamt;DG;Deutschland;VGRSLE;Staatliche Teilsektoren;KRPGEMEIN001;Gemeinden;VGRHAG;Hauptaggregatarten;VGRHAG01;Marktproduktion;15,802;Mrd. EUR;VGR043;Hauptaggregate des Staates
81000;Volkswirtschaftliche Gesamtrechnungen des Bundes;JAHR;Jahr;2023;DINSG;Deutschland insgesamt;DG;Deutschland;VGRSLE;Staatliche Teilsektoren;KRPBUND01;Bund;VGRHAG;Hauptaggregatarten;VGRHAG07;Nettowertschöpfung;49,071;Mrd. EUR;VGR043;Hauptaggregate des Staates
81000;Volkswirtschaftliche Gesamtrechnungen des Bundes;JAHR;Jahr;2022;DINSG;Deutschland insgesamt;DG;Deutschland;VGRSLE;Staatliche Teilsektoren;KRPLAENDER01;Länder;VGRHAG;Hauptaggregatarten;VGRHAG01;Marktproduktion;0,090;Mrd. EUR;VGR043;Hauptaggregate des Staates
81000;Volkswirtschaftliche Gesamtrechnungen des Bundes;JAHR;Jahr;2024;DINSG;Deutschland insgesamt;DG;Deutschland;VGRSLE;Staatliche Teilsektoren;KRPLAENDER01;Länder;VGRHAG;Hauptaggregatarten;VGRHAG11;Sonstige Nichtmarktproduktion;273,015;Mrd. EUR;VGR043;Hauptaggregate des Staates
81000;Volkswirtschaftliche Gesamtrechnungen des Bundes;JAHR;Jahr;2021;DINSG;Deutschland insgesamt;DG;Deutschland;VGRSLE;Staatliche Teilsektoren;KRPBUND01;Bund;VGRHAG;Hauptaggregatarten;VGRHAG05;Bruttowertschöpfung;76,385;Mrd. EUR;VGR043;Hauptaggregate des Staates
81000;Volkswirtschaftliche Gesamtrechnungen des Bundes;JAHR;Jahr;2023;DINSG;Deutschland insgesamt;DG;Deutschland;VGRSLE;Staatliche Teilsektoren;VSISOZIAL01;Sozialversicherung;VGRHAG;Hauptaggregatarten;VGRHAG07;Nettowertschöpfung;27,412;Mrd. EUR;VGR043;Hauptaggregate des Staates
81000;Volkswirtschaftliche Gesamtrechnungen des Bundes;JAHR;Jahr;2023;DINSG;Deutschland insgesamt;DG;Deutschland;VGRSLE;Staatliche Teilsektoren;KRPGEMEIN001;Gemeinden;VGRHAG;Hauptaggregatarten;VGRHAG10;Betriebsüberschuss;-4,562;Mrd. EUR;VGR043;Hauptaggregate des Staates
81000;Volkswirtschaftliche Gesamtrechnungen des Bundes;JAHR;Jahr;2024;DINSG;Deutschland insgesamt;DG;Deutschland;VGRSLE;Staatliche Teilsektoren;KRPGEBIET01;Gebietskörperschaften;VGRHAG;Hauptaggregatarten;VGRHAG03;Produktionswert;707,187;Mrd. EUR;VGR043;Hauptaggregate des Staates
81000;Volkswirtschaftliche Gesamtrechnungen des Bundes;JAHR;Jahr;2025;DINSG;Deutschland insgesamt;DG;Deutschland;VGRSLE;Staatliche Teilsektoren;KRPLAENDER01;Länder;VGRHAG;Hauptaggregatarten;VGRHAG14;Konsumausgaben des Staates;252,694;Mrd. EUR;VGR043;Hauptaggregate des Staates
81000;Volkswirtschaftliche Gesamtrechnungen des Bundes;JAHR;Jahr;2025;DINSG;Deutschland insgesamt;DG;Deutschland;VGRSLE;Staatliche Teilsektoren;VSISOZIAL01;Sozialversicherung;VGRHAG;Hauptaggregatarten;VGRHAG11;Sonstige Nichtmarktproduktion;47,771;Mrd. EUR;VGR043;Hauptaggregate des Staates
81000;Volkswirtschaftliche Gesamtrechnungen des Bundes;JAHR;Jahr;2022;DINSG;Deutschland insgesamt;DG;Deutschland;VGRSLE;Staatliche Teilsektoren;KRPLAENDER01;Länder;VGRHAG;Hauptaggregatarten;VGRHAG13;Soziale Sachleistungen;5,329;Mrd. EUR;VGR043;Hauptaggregate des Staates
81000;Volkswirtschaftliche Gesamtrechnungen des Bundes;JAHR;Jahr;2024;DINSG;Deutschland insgesamt;DG;Deutschland;VGRSLE;Staatliche Teilsektoren;KRPSTAAT01;Staat insgesamt;VGRHAG;Hauptaggregatarten;VGRHAG05;Bruttowertschöpfung;470,824;Mrd. EUR;VGR043;Hauptaggregate des Staates
81000;Volkswirtschaftliche Gesamtrechnungen des Bundes;JAHR;Jahr;2022;DINSG;Deutschland insgesamt;DG;Deutschland;VGRSLE;Staatliche Teilsektoren;KRPGEMEIN001;Gemeinden;VGRHAG;Hauptaggregatarten;VGRHAG12;Verkäufe aus Nichtmarktproduktion;40,174;Mrd. EUR;VGR043;Hauptaggregate des Staates
81000;Volkswirtschaftliche Gesamtrechnungen des Bundes;JAHR;Jahr;2024;DINSG;Deutschland insgesamt;DG;Deutschland;VGRSLE;Staatliche Teilsektoren;VSISOZIAL01;Sozialversicherung;VGRHAG;Hauptaggregatarten;VGRHAG07;Nettowertschöpfung;28,946;Mrd. EUR;VGR043;Hauptaggregate des Staates
81000;Volkswirtschaftliche Gesamtrechnungen des Bundes;JAHR;Jahr;2023;DINSG;Deutschland insgesamt;DG;Deutschland;VGRSLE;Staatliche Teilsektoren;KRPGEBIET01;Gebietskörperschaften;VGRHAG;Hauptaggregatarten;VGRHAG02;Sonstige Nichtmarktproduktion;651,376;Mrd. EUR;VGR043;Hauptaggregate des Staates
81000;Volkswirtschaftliche Gesamtrechnungen des Bundes;JAHR;Jahr;2024;DINSG;Deutschland insgesamt;DG;Deutschland;VGRSLE;Staatliche Teilsektoren;KRPGEBIET01;Gebietskörperschaften;VGRHAG;Hauptaggregatarten;VGRHAG14;Konsumausgaben des Staates;578,467;Mrd. EUR;VGR043;Hauptaggregate des Staates
81000;Volkswirtschaftliche Gesamtrechnungen des Bundes;JAHR;Jahr;2024;DINSG;Deutschland insgesamt;DG;Deutschland;VGRSLE;Staatliche Teilsektoren;KRPBUND01;Bund;VGRHAG;Hauptaggregatarten;VGRHAG09;Sonstige Nettoproduktionsabgaben;0,057;Mrd. EUR;VGR043;Hauptaggregate des Staates
81000;Volkswirtschaftliche Gesamtrechnungen des Bundes;JAHR;Jahr;2025;DINSG;Deutschland insgesamt;DG;Deutschland;VGRSLE;Staatliche Teilsektoren;KRPLAENDER01;Länder;VGRHAG;Hauptaggregatarten;VGRHAG02;Sonstige Nichtmarktproduktion;305,802;Mrd. EUR;VGR043;Hauptaggregate des Staates
81000;Volkswirtschaftliche Gesamtrechnungen des Bundes;JAHR;Jahr;2022;DINSG;Deutschland insgesamt;DG;Deutschland;VGRSLE;Staatliche Teilsektoren;KRPLAENDER01;Länder;VGRHAG;Hauptaggregatarten;VGRHAG02;Sonstige Nichtmarktproduktion;273,957;Mrd. EUR;VGR043;Hauptaggregate des Staates
81000;Volkswirtschaftliche Gesamtrechnungen des Bundes;JAHR;Jahr;2021;DINSG;Deutschland insgesamt;DG;Deutschland;VGRSLE;Staatliche Teilsektoren;KRPGEMEIN001;Gemeinden;VGRHAG;Hauptaggregatarten;VGRHAG01;Marktproduktion;14,947;Mrd. EUR;VGR043;Hauptaggregate des Staates
81000;Volkswirtschaftliche Gesamtrechnungen des Bundes;JAHR;Jahr;2023;DINSG;Deutschland insgesamt;DG;Deutschland;VGRSLE;Staatliche Teilsektoren;KRPSTAAT01;Staat insgesamt;VGRHAG;Hauptaggregatarten;VGRHAG02;Sonstige Nichtmarktproduktion;695,328;Mrd. EUR;VGR043;Hauptaggregate des Staates
81000;Volkswirtschaftliche Gesamtrechnungen des Bundes;JAHR;Jahr;2022;DINSG;Deutschland insgesamt;DG;Deutschland;VGRSLE;Staatliche Teilsektoren;KRPBUND01;Bund;VGRHAG;Hauptaggregatarten;VGRHAG04;Vorleistungen;64,470;Mrd. EUR;VGR043;Hauptaggregate des Staates
81000;Volkswirtschaftliche Gesamtrechnungen des Bundes;JAHR;Jahr;2021;DINSG;Deutschland insgesamt;DG;Deutschland;VGRSLE;Staatliche Teilsektoren;KRPLAENDER01;Länder;VGRHAG;Hauptaggregatarten;VGRHAG03;Produktionswert;259,601;Mrd. EUR;VGR043;Hauptaggregate des Staates
81000;Volkswirtschaftliche Gesamtrechnungen des Bundes;JAHR;Jahr;2021;DINSG;Deutschland insgesamt;DG;Deutschland;VGRSLE;Staatliche Teilsektoren;KRPBUND01;Bund;VGRHAG;Hauptaggregatarten;VGRHAG02;Sonstige Nichtmarktproduktion;131,996;Mrd. EUR;VGR043;Hauptaggregate des Staates
81000;Volkswirtschaftliche Gesamtrechnungen des Bundes;JAHR;Jahr;2023;DINSG;Deutschland insgesamt;DG;Deutschland;VGRSLE;Staatliche Teilsektoren;KRPLAENDER01;Länder;VGRHAG;Hauptaggregatarten;VGRHAG01;Marktproduktion;0,066;Mrd. EUR;VGR043;Hauptaggregate des Staates
81000;Volkswirtschaftliche Gesamtrechnungen des Bundes;JAHR;Jahr;2023;DINSG;Deutschland insgesamt;DG;Deutschland;VGRSLE;Staatliche Teilsektoren;KRPBUND01;Bund;VGRHAG;Hauptaggregatarten;VGRHAG06;Abschreibungen;38,669;Mrd. EUR;VGR043;Hauptaggregate des Staates
81000;Volkswirtschaftliche Gesamtrechnungen des Bundes;JAHR;Jahr;2022;DINSG;Deutschland insgesamt;DG;Deutschland;VGRSLE;Staatliche Teilsektoren;KRPSTAAT01;Staat insgesamt;VGRHAG;Hauptaggregatarten;VGRHAG10;Betriebsüberschuss;-6,776;Mrd. EUR;VGR043;Hauptaggregate des Staates
81000;Volkswirtschaftliche Gesamtrechnungen des Bundes;JAHR;Jahr;2024;DINSG;Deutschland insgesamt;DG;Deutschland;VGRSLE;Staatliche Teilsektoren;VSISOZIAL01;Sozialversicherung;VGRHAG;Hauptaggregatarten;VGRHAG04;Vorleistungen;15,212;Mrd. EUR;VGR043;Hauptaggregate des Staates
81000;Volkswirtschaftliche Gesamtrechnungen des Bundes;JAHR;Jahr;2023;DINSG;Deutschland insgesamt;DG;Deutschland;VGRSLE;Staatliche Teilsektoren;VSISOZIAL01;Sozialversicherung;VGRHAG;Hauptaggregatarten;VGRHAG08;Arbeitnehmerentgelt;27,390;Mrd. EUR;VGR043;Hauptaggregate des Staates
81000;Volkswirtschaftliche Gesamtrechnungen des Bundes;JAHR;Jahr;2024;DINSG;Deutschland insgesamt;DG;Deutschland;VGRSLE;Staatliche Teilsektoren;KRPLAENDER01;Länder;VGRHAG;Hauptaggregatarten;VGRHAG12;Verkäufe aus Nichtmarktproduktion;40,765;Mrd. EUR;VGR043;Hauptaggregate des Staates
81000;Volkswirtschaftliche Gesamtrechnungen des Bundes;JAHR;Jahr;2025;DINSG;Deutschland insgesamt;DG;Deutschland;VGRSLE;Staatliche Teilsektoren;VSISOZIAL01;Sozialversicherung;VGRHAG;Hauptaggregatarten;VGRHAG12;Verkäufe aus Nichtmarktproduktion;5,033;Mrd. EUR;VGR043;Hauptaggregate des Staates
81000;Volkswirtschaftliche Gesamtrechnungen des Bundes;JAHR;Jahr;2025;DINSG;Deutschland insgesamt;DG;Deutschland;VGRSLE;Staatliche Teilsektoren;KRPLAENDER01;Länder;VGRHAG;Hauptaggregatarten;VGRHAG11;Sonstige Nichtmarktproduktion;288,485;Mrd. EUR;VGR043;Hauptaggregate des Staates
81000;Volkswirtschaftliche Gesamtrechnungen des Bundes;JAHR;Jahr;2022;DINSG;Deutschland insgesamt;DG;Deutschland;VGRSLE;Staatliche Teilsektoren;KRPLAENDER01;Länder;VGRHAG;Hauptaggregatarten;VGRHAG14;Konsumausgaben des Staates;225,418;Mrd. EUR;VGR043;Hauptaggregate des Staates
81000;Volkswirtschaftliche Gesamtrechnungen des Bundes;JAHR;Jahr;2021;DINSG;Deutschland insgesamt;DG;Deutschland;VGRSLE;Staatliche Teilsektoren;KRPGEMEIN001;Gemeinden;VGRHAG;Hauptaggregatarten;VGRHAG12;Verkäufe aus Nichtmarktproduktion;36,761;Mrd. EUR;VGR043;Hauptaggregate des Staates
81000;Volkswirtschaftliche Gesamtrechnungen des Bundes;JAHR;Jahr;2024;DINSG;Deutschland insgesamt;DG;Deutschland;VGRSLE;Staatliche Teilsektoren;KRPSTAAT01;Staat insgesamt;VGRHAG;Hauptaggregatarten;VGRHAG06;Abschreibungen;120,761;Mrd. EUR;VGR043;Hauptaggregate des Staates
81000;Volkswirtschaftliche Gesamtrechnungen des Bundes;JAHR;Jahr;2023;DINSG;Deutschland insgesamt;DG;Deutschland;VGRSLE;Staatliche Teilsektoren;KRPSTAAT01;Staat insgesamt;VGRHAG;Hauptaggregatarten;VGRHAG13;Soziale Sachleistungen;356,897;Mrd. EUR;VGR043;Hauptaggregate des Staates
81000;Volkswirtschaftliche Gesamtrechnungen des Bundes;JAHR;Jahr;2025;DINSG;Deutschland insgesamt;DG;Deutschland;VGRSLE;Staatliche Teilsektoren;KRPBUND01;Bund;VGRHAG;Hauptaggregatarten;VGRHAG09;Sonstige Nettoproduktionsabgaben;0,066;Mrd. EUR;VGR043;Hauptaggregate des Staates
81000;Volkswirtschaftliche Gesamtrechnungen des Bundes;JAHR;Jahr;2023;DINSG;Deutschland insgesamt;DG;Deutschland;VGRSLE;Staatliche Teilsektoren;KRPLAENDER01;Länder;VGRHAG;Hauptaggregatarten;VGRHAG13;Soziale Sachleistungen;6,115;Mrd. EUR;VGR043;Hauptaggregate des Staates
81000;Volkswirtschaftliche Gesamtrechnungen des Bundes;JAHR;Jahr;2022;DINSG;Deutschland insgesamt;DG;Deutschland;VGRSLE;Staatliche Teilsektoren;KRPGEMEIN001;Gemeinden;VGRHAG;Hauptaggregatarten;VGRHAG11;Sonstige Nichtmarktproduktion;197,255;Mrd. EUR;VGR043;Hauptaggregate des Staates
81000;Volkswirtschaftliche Gesamtrechnungen des Bundes;JAHR;Jahr;2023;DINSG;Deutschland insgesamt;DG;Deutschland;VGRSLE;Staatliche Teilsektoren;KRPGEBIET01;Gebietskörperschaften;VGRHAG;Hauptaggregatarten;VGRHAG03;Produktionswert;673,199;Mrd. EUR;VGR043;Hauptaggregate des Staates
81000;Volkswirtschaftliche Gesamtrechnungen des Bundes;JAHR;Jahr;2021;DINSG;Deutschland insgesamt;DG;Deutschland;VGRSLE;Staatliche Teilsektoren;VSISOZIAL01;Sozialversicherung;VGRHAG;Hauptaggregatarten;VGRHAG10;Betriebsüberschuss;0,000;Mrd. EUR;VGR043;Hauptaggregate des Staates
81000;Volkswirtschaftliche Gesamtrechnungen des Bundes;JAHR;Jahr;2021;DINSG;Deutschland insgesamt;DG;Deutschland;VGRSLE;Staatliche Teilsektoren;KRPBUND01;Bund;VGRHAG;Hauptaggregatarten;VGRHAG14;Konsumausgaben des Staates;94,335;Mrd. EUR;VGR043;Hauptaggregate des Staates
81000;Volkswirtschaftliche Gesamtrechnungen des Bundes;JAHR;Jahr;2024;DINSG;Deutschland insgesamt;DG;Deutschland;VGRSLE;Staatliche Teilsektoren;KRPBUND01;Bund;VGRHAG;Hauptaggregatarten;VGRHAG08;Arbeitnehmerentgelt;54,140;Mrd. EUR;VGR043;Hauptaggregate des Staates
81000;Volkswirtschaftliche Gesamtrechnungen des Bundes;JAHR;Jahr;2024;DINSG;Deutschland insgesamt;DG;Deutschland;VGRSLE;Staatliche Teilsektoren;KRPGEBIET01;Gebietskörperschaften;VGRHAG;Hauptaggregatarten;VGRHAG11;Sonstige Nichtmarktproduktion;656,680;Mrd. EUR;VGR043;Hauptaggregate des Staates
81000;Volkswirtschaftliche Gesamtrechnungen des Bundes;JAHR;Jahr;2022;DINSG;Deutschland insgesamt;DG;Deutschland;VGRSLE;Staatliche Teilsektoren;KRPGEBIET01;Gebietskörperschaften;VGRHAG;Hauptaggregatarten;VGRHAG07;Nettowertschöpfung;288,416;Mrd. EUR;VGR043;Hauptaggregate des Staates
81000;Volkswirtschaftliche Gesamtrechnungen des Bundes;JAHR;Jahr;2023;DINSG;Deutschland insgesamt;DG;Deutschland;VGRSLE;Staatliche Teilsektoren;KRPSTAAT01;Staat insgesamt;VGRHAG;Hauptaggregatarten;VGRHAG03;Produktionswert;717,151;Mrd. EUR;VGR043;Hauptaggregate des Staates
81000;Volkswirtschaftliche Gesamtrechnungen des Bundes;JAHR;Jahr;2022;DINSG;Deutschland insgesamt;DG;Deutschland;VGRSLE;Staatliche Teilsektoren;KRPLAENDER01;Länder;VGRHAG;Hauptaggregatarten;VGRHAG03;Produktionswert;274,047;Mrd. EUR;VGR043;Hauptaggregate des Staates
81000;Volkswirtschaftliche Gesamtrechnungen des Bundes;JAHR;Jahr;2022;DINSG;Deutschland insgesamt;DG;Deutschland;VGRSLE;Staatliche Teilsektoren;KRPBUND01;Bund;VGRHAG;Hauptaggregatarten;VGRHAG05;Bruttowertschöpfung;82,651;Mrd. EUR;VGR043;Hauptaggregate des Staates
81000;Volkswirtschaftliche Gesamtrechnungen des Bundes;JAHR;Jahr;2021;DINSG;Deutschland insgesamt;DG;Deutschland;VGRSLE;Staatliche Teilsektoren;KRPLAENDER01;Länder;VGRHAG;Hauptaggregatarten;VGRHAG04;Vorleistungen;78,775;Mrd. EUR;VGR043;Hauptaggregate des Staates
81000;Volkswirtschaftliche Gesamtrechnungen des Bundes;JAHR;Jahr;2023;DINSG;Deutschland insgesamt;DG;Deutschland;VGRSLE;Staatliche Teilsektoren;KRPLAENDER01;Länder;VGRHAG;Hauptaggregatarten;VGRHAG02;Sonstige Nichtmarktproduktion;284,623;Mrd. EUR;VGR043;Hauptaggregate des Staates
81000;Volkswirtschaftliche Gesamtrechnungen des Bundes;JAHR;Jahr;2023;DINSG;Deutschland insgesamt;DG;Deutschland;VGRSLE;Staatliche Teilsektoren;KRPBUND01;Bund;VGRHAG;Hauptaggregatarten;VGRHAG05;Bruttowertschöpfung;87,740;Mrd. EUR;VGR043;Hauptaggregate des Staates
81000;Volkswirtschaftliche Gesamtrechnungen des Bundes;JAHR;Jahr;2024;DINSG;Deutschland insgesamt;DG;Deutschland;VGRSLE;Staatliche Teilsektoren;VSISOZIAL01;Sozialversicherung;VGRHAG;Hauptaggregatarten;VGRHAG05;Bruttowertschöpfung;30,584;Mrd. EUR;VGR043;Hauptaggregate des Staates
81000;Volkswirtschaftliche Gesamtrechnungen des Bundes;JAHR;Jahr;2023;DINSG;Deutschland insgesamt;DG;Deutschland;VGRSLE;Staatliche Teilsektoren;VSISOZIAL01;Sozialversicherung;VGRHAG;Hauptaggregatarten;VGRHAG09;Sonstige Nettoproduktionsabgaben;0,022;Mrd. EUR;VGR043;Hauptaggregate des Staates
81000;Volkswirtschaftliche Gesamtrechnungen des Bundes;JAHR;Jahr;2024;DINSG;Deutschland insgesamt;DG;Deutschland;VGRSLE;Staatliche Teilsektoren;KRPLAENDER01;Länder;VGRHAG;Hauptaggregatarten;VGRHAG13;Soziale Sachleistungen;7,328;Mrd. EUR;VGR043;Hauptaggregate des Staates
81000;Volkswirtschaftliche Gesamtrechnungen des Bundes;JAHR;Jahr;2021;DINSG;Deutschland insgesamt;DG;Deutschland;VGRSLE;Staatliche Teilsektoren;KRPBUND01;Bund;VGRHAG;Hauptaggregatarten;VGRHAG03;Produktionswert;137,079;Mrd. EUR;VGR043;Hauptaggregate des Staates
81000;Volkswirtschaftliche Gesamtrechnungen des Bundes;JAHR;Jahr;2024;DINSG;Deutschland insgesamt;DG;Deutschland;VGRSLE;Staatliche Teilsektoren;KRPGEBIET01;Gebietskörperschaften;VGRHAG;Hauptaggregatarten;VGRHAG01;Marktproduktion;23,079;Mrd. EUR;VGR043;Hauptaggregate des Staates
81000;Volkswirtschaftliche Gesamtrechnungen des Bundes;JAHR;Jahr;2025;DINSG;Deutschland insgesamt;DG;Deutschland;VGRSLE;Staatliche Teilsektoren;VSISOZIAL01;Sozialversicherung;VGRHAG;Hauptaggregatarten;VGRHAG13;Soziale Sachleistungen;362,309;Mrd. EUR;VGR043;Hauptaggregate des Staates
81000;Volkswirtschaftliche Gesamtrechnungen des Bundes;JAHR;Jahr;2025;DINSG;Deutschland insgesamt;DG;Deutschland;VGRSLE;Staatliche Teilsektoren;KRPLAENDER01;Länder;VGRHAG;Hauptaggregatarten;VGRHAG12;Verkäufe aus Nichtmarktproduktion;42,913;Mrd. EUR;VGR043;Hauptaggregate des Staates
81000;Volkswirtschaftliche Gesamtrechnungen des Bundes;JAHR;Jahr;2022;DINSG;Deutschland insgesamt;DG;Deutschland;VGRSLE;Staatliche Teilsektoren;KRPGEMEIN001;Gemeinden;VGRHAG;Hauptaggregatarten;VGRHAG10;Betriebsüberschuss;-4,519;Mrd. EUR;VGR043;Hauptaggregate des Staates
81000;Volkswirtschaftliche Gesamtrechnungen des Bundes;JAHR;Jahr;2024;DINSG;Deutschland insgesamt;DG;Deutschland;VGRSLE;Staatliche Teilsektoren;KRPSTAAT01;Staat insgesamt;VGRHAG;Hauptaggregatarten;VGRHAG07;Nettowertschöpfung;350,063;Mrd. EUR;VGR043;Hauptaggregate des Staates
81000;Volkswirtschaftliche Gesamtrechnungen des Bundes;JAHR;Jahr;2023;DINSG;Deutschland insgesamt;DG;Deutschland;VGRSLE;Staatliche Teilsektoren;KRPSTAAT01;Staat insgesamt;VGRHAG;Hauptaggregatarten;VGRHAG14;Konsumausgaben des Staates;898,546;Mrd. EUR;VGR043;Hauptaggregate des Staates
81000;Volkswirtschaftliche Gesamtrechnungen des Bundes;JAHR;Jahr;2025;DINSG;Deutschland insgesamt;DG;Deutschland;VGRSLE;Staatliche Teilsektoren;KRPBUND01;Bund;VGRHAG;Hauptaggregatarten;VGRHAG08;Arbeitnehmerentgelt;57,995;Mrd. EUR;VGR043;Hauptaggregate des Staates
81000;Volkswirtschaftliche Gesamtrechnungen des Bundes;JAHR;Jahr;2023;DINSG;Deutschland insgesamt;DG;Deutschland;VGRSLE;Staatliche Teilsektoren;KRPLAENDER01;Länder;VGRHAG;Hauptaggregatarten;VGRHAG14;Konsumausgaben des Staates;233,784;Mrd. EUR;VGR043;Hauptaggregate des Staates
81000;Volkswirtschaftliche Gesamtrechnungen des Bundes;JAHR;Jahr;2021;DINSG;Deutschland insgesamt;DG;Deutschland;VGRSLE;Staatliche Teilsektoren;KRPGEMEIN001;Gemeinden;VGRHAG;Hauptaggregatarten;VGRHAG11;Sonstige Nichtmarktproduktion;181,606;Mrd. EUR;VGR043;Hauptaggregate des Staates
81000;Volkswirtschaftliche Gesamtrechnungen des Bundes;JAHR;Jahr;2023;DINSG;Deutschland insgesamt;DG;Deutschland;VGRSLE;Staatliche Teilsektoren;KRPGEBIET01;Gebietskörperschaften;VGRHAG;Hauptaggregatarten;VGRHAG04;Vorleistungen;252,717;Mrd. EUR;VGR043;Hauptaggregate des Staates
81000;Volkswirtschaftliche Gesamtrechnungen des Bundes;JAHR;Jahr;2021;DINSG;Deutschland insgesamt;DG;Deutschland;VGRSLE;Staatliche Teilsektoren;VSISOZIAL01;Sozialversicherung;VGRHAG;Hauptaggregatarten;VGRHAG11;Sonstige Nichtmarktproduktion;45,420;Mrd. EUR;VGR043;Hauptaggregate des Staates
81000;Volkswirtschaftliche Gesamtrechnungen des Bundes;JAHR;Jahr;2024;DINSG;Deutschland insgesamt;DG;Deutschland;VGRSLE;Staatliche Teilsektoren;KRPLAENDER01;Länder;VGRHAG;Hauptaggregatarten;VGRHAG01;Marktproduktion;0,077;Mrd. EUR;VGR043;Hauptaggregate des Staates
81000;Volkswirtschaftliche Gesamtrechnungen des Bundes;JAHR;Jahr;2024;DINSG;Deutschland insgesamt;DG;Deutschland;VGRSLE;Staatliche Teilsektoren;KRPGEBIET01;Gebietskörperschaften;VGRHAG;Hauptaggregatarten;VGRHAG12;Verkäufe aus Nichtmarktproduktion;131,443;Mrd. EUR;VGR043;Hauptaggregate des Staates
81000;Volkswirtschaftliche Gesamtrechnungen des Bundes;JAHR;Jahr;2024;DINSG;Deutschland insgesamt;DG;Deutschland;VGRSLE;Staatliche Teilsektoren;KRPBUND01;Bund;VGRHAG;Hauptaggregatarten;VGRHAG07;Nettowertschöpfung;52,943;Mrd. EUR;VGR043;Hauptaggregate des Staates
81000;Volkswirtschaftliche Gesamtrechnungen des Bundes;JAHR;Jahr;2025;DINSG;Deutschland insgesamt;DG;Deutschland;VGRSLE;Staatliche Teilsektoren;VSISOZIAL01;Sozialversicherung;VGRHAG;Hauptaggregatarten;VGRHAG01;Marktproduktion;0,000;Mrd. EUR;VGR043;Hauptaggregate des Staates
81000;Volkswirtschaftliche Gesamtrechnungen des Bundes;JAHR;Jahr;2022;DINSG;Deutschland insgesamt;DG;Deutschland;VGRSLE;Staatliche Teilsektoren;KRPGEBIET01;Gebietskörperschaften;VGRHAG;Hauptaggregatarten;VGRHAG08;Arbeitnehmerentgelt;295,124;Mrd. EUR;VGR043;Hauptaggregate des Staates
81000;Volkswirtschaftliche Gesamtrechnungen des Bundes;JAHR;Jahr;2022;DINSG;Deutschland insgesamt;DG;Deutschland;VGRSLE;Staatliche Teilsektoren;KRPLAENDER01;Länder;VGRHAG;Hauptaggregatarten;VGRHAG04;Vorleistungen;83,672;Mrd. EUR;VGR043;Hauptaggregate des Staates
81000;Volkswirtschaftliche Gesamtrechnungen des Bundes;JAHR;Jahr;2023;DINSG;Deutschland insgesamt;DG;Deutschland;VGRSLE;Staatliche Teilsektoren;KRPSTAAT01;Staat insgesamt;VGRHAG;Hauptaggregatarten;VGRHAG08;Arbeitnehmerentgelt;340,944;Mrd. EUR;VGR043;Hauptaggregate des Staates
81000;Volkswirtschaftliche Gesamtrechnungen des Bundes;JAHR;Jahr;2021;DINSG;Deutschland insgesamt;DG;Deutschland;VGRSLE;Staatliche Teilsektoren;KRPSTAAT01;Staat insgesamt;VGRHAG;Hauptaggregatarten;VGRHAG09;Sonstige Nettoproduktionsabgaben;0,216;Mrd. EUR;VGR043;Hauptaggregate des Staates
81000;Volkswirtschaftliche Gesamtrechnungen des Bundes;JAHR;Jahr;2021;DINSG;Deutschland insgesamt;DG;Deutschland;VGRSLE;Staatliche Teilsektoren;KRPLAENDER01;Länder;VGRHAG;Hauptaggregatarten;VGRHAG01;Marktproduktion;0,068;Mrd. EUR;VGR043;Hauptaggregate des Staates
81000;Volkswirtschaftliche Gesamtrechnungen des Bundes;JAHR;Jahr;2023;DINSG;Deutschland insgesamt;DG;Deutschland;VGRSLE;Staatliche Teilsektoren;KRPLAENDER01;Länder;VGRHAG;Hauptaggregatarten;VGRHAG07;Nettowertschöpfung;169,613;Mrd. EUR;VGR043;Hauptaggregate des Staates
81000;Volkswirtschaftliche Gesamtrechnungen des Bundes;JAHR;Jahr;2025;DINSG;Deutschland insgesamt;DG;Deutschland;VGRSLE;Staatliche Teilsektoren;KRPBUND01;Bund;VGRHAG;Hauptaggregatarten;VGRHAG11;Sonstige Nichtmarktproduktion;157,288;Mrd. EUR;VGR043;Hauptaggregate des Staates
81000;Volkswirtschaftliche Gesamtrechnungen des Bundes;JAHR;Jahr;2021;DINSG;Deutschland insgesamt;DG;Deutschland;VGRSLE;Staatliche Teilsektoren;KRPBUND01;Bund;VGRHAG;Hauptaggregatarten;VGRHAG08;Arbeitnehmerentgelt;45,728;Mrd. EUR;VGR043;Hauptaggregate des Staates
81000;Volkswirtschaftliche Gesamtrechnungen des Bundes;JAHR;Jahr;2021;DINSG;Deutschland insgesamt;DG;Deutschland;VGRSLE;Staatliche Teilsektoren;KRPGEBIET01;Gebietskörperschaften;VGRHAG;Hauptaggregatarten;VGRHAG04;Vorleistungen;225,019;Mrd. EUR;VGR043;Hauptaggregate des Staates
81000;Volkswirtschaftliche Gesamtrechnungen des Bundes;JAHR;Jahr;2024;DINSG;Deutschland insgesamt;DG;Deutschland;VGRSLE;Staatliche Teilsektoren;KRPGEBIET01;Gebietskörperschaften;VGRHAG;Hauptaggregatarten;VGRHAG06;Abschreibungen;119,123;Mrd. EUR;VGR043;Hauptaggregate des Staates
81000;Volkswirtschaftliche Gesamtrechnungen des Bundes;JAHR;Jahr;2023;DINSG;Deutschland insgesamt;DG;Deutschland;VGRSLE;Staatliche Teilsektoren;KRPGEMEIN001;Gemeinden;VGRHAG;Hauptaggregatarten;VGRHAG13;Soziale Sachleistungen;39,302;Mrd. EUR;VGR043;Hauptaggregate des Staates
81000;Volkswirtschaftliche Gesamtrechnungen des Bundes;JAHR;Jahr;2022;DINSG;Deutschland insgesamt;DG;Deutschland;VGRSLE;Staatliche Teilsektoren;KRPBUND01;Bund;VGRHAG;Hauptaggregatarten;VGRHAG02;Sonstige Nichtmarktproduktion;141,743;Mrd. EUR;VGR043;Hauptaggregate des Staates
81000;Volkswirtschaftliche Gesamtrechnungen des Bundes;JAHR;Jahr;2025;DINSG;Deutschland insgesamt;DG;Deutschland;VGRSLE;Staatliche Teilsektoren;KRPSTAAT01;Staat insgesamt;VGRHAG;Hauptaggregatarten;VGRHAG07;Nettowertschöpfung;376,080;Mrd. EUR;VGR043;Hauptaggregate des Staates
81000;Volkswirtschaftliche Gesamtrechnungen des Bundes;JAHR;Jahr;2025;DINSG;Deutschland insgesamt;DG;Deutschland;VGRSLE;Staatliche Teilsektoren;KRPGEMEIN001;Gemeinden;VGRHAG;Hauptaggregatarten;VGRHAG08;Arbeitnehmerentgelt;108,114;Mrd. EUR;VGR043;Hauptaggregate des Staates
81000;Volkswirtschaftliche Gesamtrechnungen des Bundes;JAHR;Jahr;2022;DINSG;Deutschland insgesamt;DG;Deutschland;VGRSLE;Staatliche Teilsektoren;KRPSTAAT01;Staat insgesamt;VGRHAG;Hauptaggregatarten;VGRHAG09;Sonstige Nettoproduktionsabgaben;0,086;Mrd. EUR;VGR043;Hauptaggregate des Staates
81000;Volkswirtschaftliche Gesamtrechnungen des Bundes;JAHR;Jahr;2021;DINSG;Deutschland insgesamt;DG;Deutschland;VGRSLE;Staatliche Teilsektoren;KRPLAENDER01;Länder;VGRHAG;Hauptaggregatarten;VGRHAG13;Soziale Sachleistungen;5,095;Mrd. EUR;VGR043;Hauptaggregate des Staates
81000;Volkswirtschaftliche Gesamtrechnungen des Bundes;JAHR;Jahr;2023;DINSG;Deutschland insgesamt;DG;Deutschland;VGRSLE;Staatliche Teilsektoren;KRPGEBIET01;Gebietskörperschaften;VGRHAG;Hauptaggregatarten;VGRHAG05;Bruttowertschöpfung;420,482;Mrd. EUR;VGR043;Hauptaggregate des Staates
81000;Volkswirtschaftliche Gesamtrechnungen des Bundes;JAHR;Jahr;2021;DINSG;Deutschland insgesamt;DG;Deutschland;VGRSLE;Staatliche Teilsektoren;VSISOZIAL01;Sozialversicherung;VGRHAG;Hauptaggregatarten;VGRHAG09;Sonstige Nettoproduktionsabgaben;0,022;Mrd. EUR;VGR043;Hauptaggregate des Staates
81000;Volkswirtschaftliche Gesamtrechnungen des Bundes;JAHR;Jahr;2023;DINSG;Deutschland insgesamt;DG;Deutschland;VGRSLE;Staatliche Teilsektoren;KRPGEMEIN001;Gemeinden;VGRHAG;Hauptaggregatarten;VGRHAG02;Sonstige Nichtmarktproduktion;215,248;Mrd. EUR;VGR043;Hauptaggregate des Staates
81000;Volkswirtschaftliche Gesamtrechnungen des Bundes;JAHR;Jahr;2024;DINSG;Deutschland insgesamt;DG;Deutschland;VGRSLE;Staatliche Teilsektoren;KRPGEMEIN001;Gemeinden;VGRHAG;Hauptaggregatarten;VGRHAG05;Bruttowertschöpfung;141,800;Mrd. EUR;VGR043;Hauptaggregate des Staates
81000;Volkswirtschaftliche Gesamtrechnungen des Bundes;JAHR;Jahr;2022;DINSG;Deutschland insgesamt;DG;Deutschland;VGRSLE;Staatliche Teilsektoren;VSISOZIAL01;Sozialversicherung;VGRHAG;Hauptaggregatarten;VGRHAG09;Sonstige Nettoproduktionsabgaben;0,018;Mrd. EUR;VGR043;Hauptaggregate des Staates
81000;Volkswirtschaftliche Gesamtrechnungen des Bundes;JAHR;Jahr;2024;DINSG;Deutschland insgesamt;DG;Deutschland;VGRSLE;Staatliche Teilsektoren;KRPBUND01;Bund;VGRHAG;Hauptaggregatarten;VGRHAG06;Abschreibungen;40,578;Mrd. EUR;VGR043;Hauptaggregate des Staates
81000;Volkswirtschaftliche Gesamtrechnungen des Bundes;JAHR;Jahr;2025;DINSG;Deutschland insgesamt;DG;Deutschland;VGRSLE;Staatliche Teilsektoren;KRPGEBIET01;Gebietskörperschaften;VGRHAG;Hauptaggregatarten;VGRHAG06;Abschreibungen;124,997;Mrd. EUR;VGR043;Hauptaggregate des Staates
81000;Volkswirtschaftliche Gesamtrechnungen des Bundes;JAHR;Jahr;2024;DINSG;Deutschland insgesamt;DG;Deutschland;VGRSLE;Staatliche Teilsektoren;KRPSTAAT01;Staat insgesamt;VGRHAG;Hauptaggregatarten;VGRHAG08;Arbeitnehmerentgelt;357,904;Mrd. EUR;VGR043;Hauptaggregate des Staates
81000;Volkswirtschaftliche Gesamtrechnungen des Bundes;JAHR;Jahr;2022;DINSG;Deutschland insgesamt;DG;Deutschland;VGRSLE;Staatliche Teilsektoren;KRPGEBIET01;Gebietskörperschaften;VGRHAG;Hauptaggregatarten;VGRHAG05;Bruttowertschöpfung;394,530;Mrd. EUR;VGR043;Hauptaggregate des Staates
81000;Volkswirtschaftliche Gesamtrechnungen des Bundes;JAHR;Jahr;2022;DINSG;Deutschland insgesamt;DG;Deutschland;VGRSLE;Staatliche Teilsektoren;KRPBUND01;Bund;VGRHAG;Hauptaggregatarten;VGRHAG13;Soziale Sachleistungen;5,434;Mrd. EUR;VGR043;Hauptaggregate des Staates
81000;Volkswirtschaftliche Gesamtrechnungen des Bundes;JAHR;Jahr;2025;DINSG;Deutschland insgesamt;DG;Deutschland;VGRSLE;Staatliche Teilsektoren;KRPSTAAT01;Staat insgesamt;VGRHAG;Hauptaggregatarten;VGRHAG06;Abschreibungen;126,667;Mrd. EUR;VGR043;Hauptaggregate des Staates
81000;Volkswirtschaftliche Gesamtrechnungen des Bundes;JAHR;Jahr;2022;DINSG;Deutschland insgesamt;DG;Deutschland;VGRSLE;Staatliche Teilsektoren;KRPLAENDER01;Länder;VGRHAG;Hauptaggregatarten;VGRHAG05;Bruttowertschöpfung;190,375;Mrd. EUR;VGR043;Hauptaggregate des Staates
81000;Volkswirtschaftliche Gesamtrechnungen des Bundes;JAHR;Jahr;2021;DINSG;Deutschland insgesamt;DG;Deutschland;VGRSLE;Staatliche Teilsektoren;KRPSTAAT01;Staat insgesamt;VGRHAG;Hauptaggregatarten;VGRHAG08;Arbeitnehmerentgelt;307,246;Mrd. EUR;VGR043;Hauptaggregate des Staates
81000;Volkswirtschaftliche Gesamtrechnungen des Bundes;JAHR;Jahr;2021;DINSG;Deutschland insgesamt;DG;Deutschland;VGRSLE;Staatliche Teilsektoren;KRPLAENDER01;Länder;VGRHAG;Hauptaggregatarten;VGRHAG02;Sonstige Nichtmarktproduktion;259,533;Mrd. EUR;VGR043;Hauptaggregate des Staates
81000;Volkswirtschaftliche Gesamtrechnungen des Bundes;JAHR;Jahr;2023;DINSG;Deutschland insgesamt;DG;Deutschland;VGRSLE;Staatliche Teilsektoren;KRPLAENDER01;Länder;VGRHAG;Hauptaggregatarten;VGRHAG08;Arbeitnehmerentgelt;171,025;Mrd. EUR;VGR043;Hauptaggregate des Staates
81000;Volkswirtschaftliche Gesamtrechnungen des Bundes;JAHR;Jahr;2025;DINSG;Deutschland insgesamt;DG;Deutschland;VGRSLE;Staatliche Teilsektoren;KRPBUND01;Bund;VGRHAG;Hauptaggregatarten;VGRHAG10;Betriebsüberschuss;-1,671;Mrd. EUR;VGR043;Hauptaggregate des Staates
81000;Volkswirtschaftliche Gesamtrechnungen des Bundes;JAHR;Jahr;2021;DINSG;Deutschland insgesamt;DG;Deutschland;VGRSLE;Staatliche Teilsektoren;KRPBUND01;Bund;VGRHAG;Hauptaggregatarten;VGRHAG09;Sonstige Nettoproduktionsabgaben;0,049;Mrd. EUR;VGR043;Hauptaggregate des Staates
81000;Volkswirtschaftliche Gesamtrechnungen des Bundes;JAHR;Jahr;2023;DINSG;Deutschland insgesamt;DG;Deutschland;VGRSLE;Staatliche Teilsektoren;KRPGEMEIN001;Gemeinden;VGRHAG;Hauptaggregatarten;VGRHAG14;Konsumausgaben des Staates;210,577;Mrd. EUR;VGR043;Hauptaggregate des Staates
81000;Volkswirtschaftliche Gesamtrechnungen des Bundes;JAHR;Jahr;2024;DINSG;Deutschland insgesamt;DG;Deutschland;VGRSLE;Staatliche Teilsektoren;KRPGEBIET01;Gebietskörperschaften;VGRHAG;Hauptaggregatarten;VGRHAG07;Nettowertschöpfung;321,117;Mrd. EUR;VGR043;Hauptaggregate des Staates
81000;Volkswirtschaftliche Gesamtrechnungen des Bundes;JAHR;Jahr;2021;DINSG;Deutschland insgesamt;DG;Deutschland;VGRSLE;Staatliche Teilsektoren;KRPGEBIET01;Gebietskörperschaften;VGRHAG;Hauptaggregatarten;VGRHAG05;Bruttowertschöpfung;368,851;Mrd. EUR;VGR043;Hauptaggregate des Staates
81000;Volkswirtschaftliche Gesamtrechnungen des Bundes;JAHR;Jahr;2023;DINSG;Deutschland insgesamt;DG;Deutschland;VGRSLE;Staatliche Teilsektoren;KRPSTAAT01;Staat insgesamt;VGRHAG;Hauptaggregatarten;VGRHAG09;Sonstige Nettoproduktionsabgaben;0,140;Mrd. EUR;VGR043;Hauptaggregate des Staates
81000;Volkswirtschaftliche Gesamtrechnungen des Bundes;JAHR;Jahr;2022;DINSG;Deutschland insgesamt;DG;Deutschland;VGRSLE;Staatliche Teilsektoren;KRPBUND01;Bund;VGRHAG;Hauptaggregatarten;VGRHAG03;Produktionswert;147,121;Mrd. EUR;VGR043;Hauptaggregate des Staates
81000;Volkswirtschaftliche Gesamtrechnungen des Bundes;JAHR;Jahr;2025;DINSG;Deutschland insgesamt;DG;Deutschland;VGRSLE;Staatliche Teilsektoren;KRPLAENDER01;Länder;VGRHAG;Hauptaggregatarten;VGRHAG10;Betriebsüberschuss;-1,752;Mrd. EUR;VGR043;Hauptaggregate des Staates
81000;Volkswirtschaftliche Gesamtrechnungen des Bundes;JAHR;Jahr;2022;DINSG;Deutschland insgesamt;DG;Deutschland;VGRSLE;Staatliche Teilsektoren;KRPSTAAT01;Staat insgesamt;VGRHAG;Hauptaggregatarten;VGRHAG08;Arbeitnehmerentgelt;321,270;Mrd. EUR;VGR043;Hauptaggregate des Staates
81000;Volkswirtschaftliche Gesamtrechnungen des Bundes;JAHR;Jahr;2024;DINSG;Deutschland insgesamt;DG;Deutschland;VGRSLE;Staatliche Teilsektoren;KRPBUND01;Bund;VGRHAG;Hauptaggregatarten;VGRHAG05;Bruttowertschöpfung;93,521;Mrd. EUR;VGR043;Hauptaggregate des Staates
81000;Volkswirtschaftliche Gesamtrechnungen des Bundes;JAHR;Jahr;2025;DINSG;Deutschland insgesamt;DG;Deutschland;VGRSLE;Staatliche Teilsektoren;KRPGEMEIN001;Gemeinden;VGRHAG;Hauptaggregatarten;VGRHAG09;Sonstige Nettoproduktionsabgaben;-0,072;Mrd. EUR;VGR043;Hauptaggregate des Staates
81000;Volkswirtschaftliche Gesamtrechnungen des Bundes;JAHR;Jahr;2021;DINSG;Deutschland insgesamt;DG;Deutschland;VGRSLE;Staatliche Teilsektoren;KRPLAENDER01;Länder;VGRHAG;Hauptaggregatarten;VGRHAG14;Konsumausgaben des Staates;215,155;Mrd. EUR;VGR043;Hauptaggregate des Staates
81000;Volkswirtschaftliche Gesamtrechnungen des Bundes;JAHR;Jahr;2024;DINSG;Deutschland insgesamt;DG;Deutschland;VGRSLE;Staatliche Teilsektoren;KRPGEMEIN001;Gemeinden;VGRHAG;Hauptaggregatarten;VGRHAG06;Abschreibungen;45,145;Mrd. EUR;VGR043;Hauptaggregate des Staates
81000;Volkswirtschaftliche Gesamtrechnungen des Bundes;JAHR;Jahr;2023;DINSG;Deutschland insgesamt;DG;Deutschland;VGRSLE;Staatliche Teilsektoren;KRPGEBIET01;Gebietskörperschaften;VGRHAG;Hauptaggregatarten;VGRHAG06;Abschreibungen;114,342;Mrd. EUR;VGR043;Hauptaggregate des Staates
81000;Volkswirtschaftliche Gesamtrechnungen des Bundes;JAHR;Jahr;2023;DINSG;Deutschland insgesamt;DG;Deutschland;VGRSLE;Staatliche Teilsektoren;KRPGEMEIN001;Gemeinden;VGRHAG;Hauptaggregatarten;VGRHAG03;Produktionswert;231,400;Mrd. EUR;VGR043;Hauptaggregate des Staates
81000;Volkswirtschaftliche Gesamtrechnungen des Bundes;JAHR;Jahr;2022;DINSG;Deutschland insgesamt;DG;Deutschland;VGRSLE;Staatliche Teilsektoren;KRPBUND01;Bund;VGRHAG;Hauptaggregatarten;VGRHAG14;Konsumausgaben des Staates;104,861;Mrd. EUR;VGR043;Hauptaggregate des Staates
81000;Volkswirtschaftliche Gesamtrechnungen des Bundes;JAHR;Jahr;2024;DINSG;Deutschland insgesamt;DG;Deutschland;VGRSLE;Staatliche Teilsektoren;KRPSTAAT01;Staat insgesamt;VGRHAG;Hauptaggregatarten;VGRHAG09;Sonstige Nettoproduktionsabgaben;0,147;Mrd. EUR;VGR043;Hauptaggregate des Staates
81000;Volkswirtschaftliche Gesamtrechnungen des Bundes;JAHR;Jahr;2025;DINSG;Deutschland insgesamt;DG;Deutschland;VGRSLE;Staatliche Teilsektoren;KRPGEBIET01;Gebietskörperschaften;VGRHAG;Hauptaggregatarten;VGRHAG07;Nettowertschöpfung;345,391;Mrd. EUR;VGR043;Hauptaggregate des Staates
81000;Volkswirtschaftliche Gesamtrechnungen des Bundes;JAHR;Jahr;2022;DINSG;Deutschland insgesamt;DG;Deutschland;VGRSLE;Staatliche Teilsektoren;KRPGEBIET01;Gebietskörperschaften;VGRHAG;Hauptaggregatarten;VGRHAG06;Abschreibungen;106,114;Mrd. EUR;VGR043;Hauptaggregate des Staates
81000;Volkswirtschaftliche Gesamtrechnungen des Bundes;JAHR;Jahr;2022;DINSG;Deutschland insgesamt;DG;Deutschland;VGRSLE;Staatliche Teilsektoren;KRPLAENDER01;Länder;VGRHAG;Hauptaggregatarten;VGRHAG06;Abschreibungen;30,218;Mrd. EUR;VGR043;Hauptaggregate des Staates
81000;Volkswirtschaftliche Gesamtrechnungen des Bundes;JAHR;Jahr;2023;DINSG;Deutschland insgesamt;DG;Deutschland;VGRSLE;Staatliche Teilsektoren;KRPSTAAT01;Staat insgesamt;VGRHAG;Hauptaggregatarten;VGRHAG06;Abschreibungen;115,941;Mrd. EUR;VGR043;Hauptaggregate des Staates
81000;Volkswirtschaftliche Gesamtrechnungen des Bundes;JAHR;Jahr;2021;DINSG;Deutschland insgesamt;DG;Deutschland;VGRSLE;Staatliche Teilsektoren;KRPSTAAT01;Staat insgesamt;VGRHAG;Hauptaggregatarten;VGRHAG07;Nettowertschöpfung;300,605;Mrd. EUR;VGR043;Hauptaggregate des Staates
81000;Volkswirtschaftliche Gesamtrechnungen des Bundes;JAHR;Jahr;2023;DINSG;Deutschland insgesamt;DG;Deutschland;VGRSLE;Staatliche Teilsektoren;KRPLAENDER01;Länder;VGRHAG;Hauptaggregatarten;VGRHAG05;Bruttowertschöpfung;201,751;Mrd. EUR;VGR043;Hauptaggregate des Staates
81000;Volkswirtschaftliche Gesamtrechnungen des Bundes;JAHR;Jahr;2021;DINSG;Deutschland insgesamt;DG;Deutschland;VGRSLE;Staatliche Teilsektoren;KRPBUND01;Bund;VGRHAG;Hauptaggregatarten;VGRHAG06;Abschreibungen;31,049;Mrd. EUR;VGR043;Hauptaggregate des Staates
81000;Volkswirtschaftliche Gesamtrechnungen des Bundes;JAHR;Jahr;2021;DINSG;Deutschland insgesamt;DG;Deutschland;VGRSLE;Staatliche Teilsektoren;KRPGEBIET01;Gebietskörperschaften;VGRHAG;Hauptaggregatarten;VGRHAG06;Abschreibungen;93,705;Mrd. EUR;VGR043;Hauptaggregate des Staates
81000;Volkswirtschaftliche Gesamtrechnungen des Bundes;JAHR;Jahr;2024;DINSG;Deutschland insgesamt;DG;Deutschland;VGRSLE;Staatliche Teilsektoren;KRPGEBIET01;Gebietskörperschaften;VGRHAG;Hauptaggregatarten;VGRHAG04;Vorleistungen;266,947;Mrd. EUR;VGR043;Hauptaggregate des Staates
81000;Volkswirtschaftliche Gesamtrechnungen des Bundes;JAHR;Jahr;2023;DINSG;Deutschland insgesamt;DG;Deutschland;VGRSLE;Staatliche Teilsektoren;KRPGEMEIN001;Gemeinden;VGRHAG;Hauptaggregatarten;VGRHAG11;Sonstige Nichtmarktproduktion;214,233;Mrd. EUR;VGR043;Hauptaggregate des Staates
81000;Volkswirtschaftliche Gesamtrechnungen des Bundes;JAHR;Jahr;2022;DINSG;Deutschland insgesamt;DG;Deutschland;VGRSLE;Staatliche Teilsektoren;KRPGEBIET01;Gebietskörperschaften;VGRHAG;Hauptaggregatarten;VGRHAG14;Konsumausgaben des Staates;522,120;Mrd. EUR;VGR043;Hauptaggregate des Staates
81000;Volkswirtschaftliche Gesamtrechnungen des Bundes;JAHR;Jahr;2025;DINSG;Deutschland insgesamt;DG;Deutschland;VGRSLE;Staatliche Teilsektoren;KRPSTAAT01;Staat insgesamt;VGRHAG;Hauptaggregatarten;VGRHAG09;Sonstige Nettoproduktionsabgaben;0,156;Mrd. EUR;VGR043;Hauptaggregate des Staates
81000;Volkswirtschaftliche Gesamtrechnungen des Bundes;JAHR;Jahr;2025;DINSG;Deutschland insgesamt;DG;Deutschland;VGRSLE;Staatliche Teilsektoren;KRPGEMEIN001;Gemeinden;VGRHAG;Hauptaggregatarten;VGRHAG06;Abschreibungen;46,784;Mrd. EUR;VGR043;Hauptaggregate des Staates
81000;Volkswirtschaftliche Gesamtrechnungen des Bundes;JAHR;Jahr;2024;DINSG;Deutschland insgesamt;DG;Deutschland;VGRSLE;Staatliche Teilsektoren;KRPBUND01;Bund;VGRHAG;Hauptaggregatarten;VGRHAG04;Vorleistungen;73,736;Mrd. EUR;VGR043;Hauptaggregate des Staates
81000;Volkswirtschaftliche Gesamtrechnungen des Bundes;JAHR;Jahr;2024;DINSG;Deutschland insgesamt;DG;Deutschland;VGRSLE;Staatliche Teilsektoren;KRPGEMEIN001;Gemeinden;VGRHAG;Hauptaggregatarten;VGRHAG07;Nettowertschöpfung;96,655;Mrd. EUR;VGR043;Hauptaggregate des Staates
81000;Volkswirtschaftliche Gesamtrechnungen des Bundes;JAHR;Jahr;2023;DINSG;Deutschland insgesamt;DG;Deutschland;VGRSLE;Staatliche Teilsektoren;KRPGEBIET01;Gebietskörperschaften;VGRHAG;Hauptaggregatarten;VGRHAG07;Nettowertschöpfung;306,140;Mrd. EUR;VGR043;Hauptaggregate des Staates
81000;Volkswirtschaftliche Gesamtrechnungen des Bundes;JAHR;Jahr;2021;DINSG;Deutschland insgesamt;DG;Deutschland;VGRSLE;Staatliche Teilsektoren;KRPLAENDER01;Länder;VGRHAG;Hauptaggregatarten;VGRHAG11;Sonstige Nichtmarktproduktion;246,548;Mrd. EUR;VGR043;Hauptaggregate des Staates
81000;Volkswirtschaftliche Gesamtrechnungen des Bundes;JAHR;Jahr;2024;DINSG;Deutschland insgesamt;DG;Deutschland;VGRSLE;Staatliche Teilsektoren;VSISOZIAL01;Sozialversicherung;VGRHAG;Hauptaggregatarten;VGRHAG08;Arbeitnehmerentgelt;28,924;Mrd. EUR;VGR043;Hauptaggregate des Staates
81000;Volkswirtschaftliche Gesamtrechnungen des Bundes;JAHR;Jahr;2025;DINSG;Deutschland insgesamt;DG;Deutschland;VGRSLE;Staatliche Teilsektoren;KRPGEBIET01;Gebietskörperschaften;VGRHAG;Hauptaggregatarten;VGRHAG08;Arbeitnehmerentgelt;353,103;Mrd. EUR;VGR043;Hauptaggregate des Staates
81000;Volkswirtschaftliche Gesamtrechnungen des Bundes;JAHR;Jahr;2022;DINSG;Deutschland insgesamt;DG;Deutschland;VGRSLE;Staatliche Teilsektoren;KRPGEBIET01;Gebietskörperschaften;VGRHAG;Hauptaggregatarten;VGRHAG03;Produktionswert;635,282;Mrd. EUR;VGR043;Hauptaggregate des Staates
81000;Volkswirtschaftliche Gesamtrechnungen des Bundes;JAHR;Jahr;2022;DINSG;Deutschland insgesamt;DG;Deutschland;VGRSLE;Staatliche Teilsektoren;VSISOZIAL01;Sozialversicherung;VGRHAG;Hauptaggregatarten;VGRHAG07;Nettowertschöpfung;26,164;Mrd. EUR;VGR043;Hauptaggregate des Staates
81000;Volkswirtschaftliche Gesamtrechnungen des Bundes;JAHR;Jahr;2022;DINSG;Deutschland insgesamt;DG;Deutschland;VGRSLE;Staatliche Teilsektoren;KRPBUND01;Bund;VGRHAG;Hauptaggregatarten;VGRHAG11;Sonstige Nichtmarktproduktion;132,921;Mrd. EUR;VGR043;Hauptaggregate des Staates
81000;Volkswirtschaftliche Gesamtrechnungen des Bundes;JAHR;Jahr;2021;DINSG;Deutschland insgesamt;DG;Deutschland;VGRSLE;Staatliche Teilsektoren;KRPSTAAT01;Staat insgesamt;VGRHAG;Hauptaggregatarten;VGRHAG06;Abschreibungen;95,073;Mrd. EUR;VGR043;Hauptaggregate des Staates
81000;Volkswirtschaftliche Gesamtrechnungen des Bundes;JAHR;Jahr;2023;DINSG;Deutschland insgesamt;DG;Deutschland;VGRSLE;Staatliche Teilsektoren;KRPSTAAT01;Staat insgesamt;VGRHAG;Hauptaggregatarten;VGRHAG07;Nettowertschöpfung;333,552;Mrd. EUR;VGR043;Hauptaggregate des Staates
81000;Volkswirtschaftliche Gesamtrechnungen des Bundes;JAHR;Jahr;2022;DINSG;Deutschland insgesamt;DG;Deutschland;VGRSLE;Staatliche Teilsektoren;KRPLAENDER01;Länder;VGRHAG;Hauptaggregatarten;VGRHAG07;Nettowertschöpfung;160,157;Mrd. EUR;VGR043;Hauptaggregate des Staates
81000;Volkswirtschaftliche Gesamtrechnungen des Bundes;JAHR;Jahr;2024;DINSG;Deutschland insgesamt;DG;Deutschland;VGRSLE;Staatliche Teilsektoren;KRPBUND01;Bund;VGRHAG;Hauptaggregatarten;VGRHAG14;Konsumausgaben des Staates;107,390;Mrd. EUR;VGR043;Hauptaggregate des Staates
81000;Volkswirtschaftliche Gesamtrechnungen des Bundes;JAHR;Jahr;2023;DINSG;Deutschland insgesamt;DG;Deutschland;VGRSLE;Staatliche Teilsektoren;KRPBUND01;Bund;VGRHAG;Hauptaggregatarten;VGRHAG09;Sonstige Nettoproduktionsabgaben;0,052;Mrd. EUR;VGR043;Hauptaggregate des Staates
81000;Volkswirtschaftliche Gesamtrechnungen des Bundes;JAHR;Jahr;2023;DINSG;Deutschland insgesamt;DG;Deutschland;VGRSLE;Staatliche Teilsektoren;KRPLAENDER01;Länder;VGRHAG;Hauptaggregatarten;VGRHAG06;Abschreibungen;32,138;Mrd. EUR;VGR043;Hauptaggregate des Staates
81000;Volkswirtschaftliche Gesamtrechnungen des Bundes;JAHR;Jahr;2021;DINSG;Deutschland insgesamt;DG;Deutschland;VGRSLE;Staatliche Teilsektoren;KRPBUND01;Bund;VGRHAG;Hauptaggregatarten;VGRHAG07;Nettowertschöpfung;45,336;Mrd. EUR;VGR043;Hauptaggregate des Staates
81000;Volkswirtschaftliche Gesamtrechnungen des Bundes;JAHR;Jahr;2023;DINSG;Deutschland insgesamt;DG;Deutschland;VGRSLE;Staatliche Teilsektoren;KRPGEMEIN001;Gemeinden;VGRHAG;Hauptaggregatarten;VGRHAG12;Verkäufe aus Nichtmarktproduktion;42,958;Mrd. EUR;VGR043;Hauptaggregate des Staates
81000;Volkswirtschaftliche Gesamtrechnungen des Bundes;JAHR;Jahr;2024;DINSG;Deutschland insgesamt;DG;Deutschland;VGRSLE;Staatliche Teilsektoren;KRPGEBIET01;Gebietskörperschaften;VGRHAG;Hauptaggregatarten;VGRHAG05;Bruttowertschöpfung;440,240;Mrd. EUR;VGR043;Hauptaggregate des Staates
81000;Volkswirtschaftliche Gesamtrechnungen des Bundes;JAHR;Jahr;2021;DINSG;Deutschland insgesamt;DG;Deutschland;VGRSLE;Staatliche Teilsektoren;KRPGEBIET01;Gebietskörperschaften;VGRHAG;Hauptaggregatarten;VGRHAG07;Nettowertschöpfung;275,146;Mrd. EUR;VGR043;Hauptaggregate des Staates
81000;Volkswirtschaftliche Gesamtrechnungen des Bundes;JAHR;Jahr;2025;DINSG;Deutschland insgesamt;DG;Deutschland;VGRSLE;Staatliche Teilsektoren;KRPSTAAT01;Staat insgesamt;VGRHAG;Hauptaggregatarten;VGRHAG08;Arbeitnehmerentgelt;383,770;Mrd. EUR;VGR043;Hauptaggregate des Staates
81000;Volkswirtschaftliche Gesamtrechnungen des Bundes;JAHR;Jahr;2022;DINSG;Deutschland insgesamt;DG;Deutschland;VGRSLE;Staatliche Teilsektoren;KRPBUND01;Bund;VGRHAG;Hauptaggregatarten;VGRHAG01;Marktproduktion;5,378;Mrd. EUR;VGR043;Hauptaggregate des Staates
81000;Volkswirtschaftliche Gesamtrechnungen des Bundes;JAHR;Jahr;2025;DINSG;Deutschland insgesamt;DG;Deutschland;VGRSLE;Staatliche Teilsektoren;KRPGEMEIN001;Gemeinden;VGRHAG;Hauptaggregatarten;VGRHAG07;Nettowertschöpfung;103,619;Mrd. EUR;VGR043;Hauptaggregate des Staates
81000;Volkswirtschaftliche Gesamtrechnungen des Bundes;JAHR;Jahr;2024;DINSG;Deutschland insgesamt;DG;Deutschland;VGRSLE;Staatliche Teilsektoren;KRPBUND01;Bund;VGRHAG;Hauptaggregatarten;VGRHAG03;Produktionswert;167,257;Mrd. EUR;VGR043;Hauptaggregate des Staates
81000;Volkswirtschaftliche Gesamtrechnungen des Bundes;JAHR;Jahr;2021;DINSG;Deutschland insgesamt;DG;Deutschland;VGRSLE;Staatliche Teilsektoren;KRPGEBIET01;Gebietskörperschaften;VGRHAG;Hauptaggregatarten;VGRHAG08;Arbeitnehmerentgelt;281,809;Mrd. EUR;VGR043;Hauptaggregate des Staates
81000;Volkswirtschaftliche Gesamtrechnungen des Bundes;JAHR;Jahr;2021;DINSG;Deutschland insgesamt;DG;Deutschland;VGRSLE;Staatliche Teilsektoren;KRPLAENDER01;Länder;VGRHAG;Hauptaggregatarten;VGRHAG12;Verkäufe aus Nichtmarktproduktion;36,488;Mrd. EUR;VGR043;Hauptaggregate des Staates
81000;Volkswirtschaftliche Gesamtrechnungen des Bundes;JAHR;Jahr;2023;DINSG;Deutschland insgesamt;DG;Deutschland;VGRSLE;Staatliche Teilsektoren;KRPGEBIET01;Gebietskörperschaften;VGRHAG;Hauptaggregatarten;VGRHAG08;Arbeitnehmerentgelt;313,554;Mrd. EUR;VGR043;Hauptaggregate des Staates
81000;Volkswirtschaftliche Gesamtrechnungen des Bundes;JAHR;Jahr;2024;DINSG;Deutschland insgesamt;DG;Deutschland;VGRSLE;Staatliche Teilsektoren;KRPGEMEIN001;Gemeinden;VGRHAG;Hauptaggregatarten;VGRHAG08;Arbeitnehmerentgelt;101,435;Mrd. EUR;VGR043;Hauptaggregate des Staates
81000;Volkswirtschaftliche Gesamtrechnungen des Bundes;JAHR;Jahr;2024;DINSG;Deutschland insgesamt;DG;Deutschland;VGRSLE;Staatliche Teilsektoren;VSISOZIAL01;Sozialversicherung;VGRHAG;Hauptaggregatarten;VGRHAG09;Sonstige Nettoproduktionsabgaben;0,022;Mrd. EUR;VGR043;Hauptaggregate des Staates
81000;Volkswirtschaftliche Gesamtrechnungen des Bundes;JAHR;Jahr;2023;DINSG;Deutschland insgesamt;DG;Deutschland;VGRSLE;Staatliche Teilsektoren;KRPGEMEIN001;Gemeinden;VGRHAG;Hauptaggregatarten;VGRHAG01;Marktproduktion;16,152;Mrd. EUR;VGR043;Hauptaggregate des Staates
81000;Volkswirtschaftliche Gesamtrechnungen des Bundes;JAHR;Jahr;2025;DINSG;Deutschland insgesamt;DG;Deutschland;VGRSLE;Staatliche Teilsektoren;KRPGEBIET01;Gebietskörperschaften;VGRHAG;Hauptaggregatarten;VGRHAG09;Sonstige Nettoproduktionsabgaben;0,134;Mrd. EUR;VGR043;Hauptaggregate des Staates
81000;Volkswirtschaftliche Gesamtrechnungen des Bundes;JAHR;Jahr;2022;DINSG;Deutschland insgesamt;DG;Deutschland;VGRSLE;Staatliche Teilsektoren;VSISOZIAL01;Sozialversicherung;VGRHAG;Hauptaggregatarten;VGRHAG08;Arbeitnehmerentgelt;26,146;Mrd. EUR;VGR043;Hauptaggregate des Staates
81000;Volkswirtschaftliche Gesamtrechnungen des Bundes;JAHR;Jahr;2022;DINSG;Deutschland insgesamt;DG;Deutschland;VGRSLE;Staatliche Teilsektoren;KRPGEBIET01;Gebietskörperschaften;VGRHAG;Hauptaggregatarten;VGRHAG04;Vorleistungen;240,752;Mrd. EUR;VGR043;Hauptaggregate des Staates
81000;Volkswirtschaftliche Gesamtrechnungen des Bundes;JAHR;Jahr;2022;DINSG;Deutschland insgesamt;DG;Deutschland;VGRSLE;Staatliche Teilsektoren;KRPBUND01;Bund;VGRHAG;Hauptaggregatarten;VGRHAG12;Verkäufe aus Nichtmarktproduktion;33,494;Mrd. EUR;VGR043;Hauptaggregate des Staates
81000;Volkswirtschaftliche Gesamtrechnungen des Bundes;JAHR;Jahr;2021;DINSG;Deutschland insgesamt;DG;Deutschland;VGRSLE;Staatliche Teilsektoren;KRPSTAAT01;Staat insgesamt;VGRHAG;Hauptaggregatarten;VGRHAG05;Bruttowertschöpfung;395,678;Mrd. EUR;VGR043;Hauptaggregate des Staates
81000;Volkswirtschaftliche Gesamtrechnungen des Bundes;JAHR;Jahr;2025;DINSG;Deutschland insgesamt;DG;Deutschland;VGRSLE;Staatliche Teilsektoren;KRPSTAAT01;Staat insgesamt;VGRHAG;Hauptaggregatarten;VGRHAG03;Produktionswert;791,210;Mrd. EUR;VGR043;Hauptaggregate des Staates
81000;Volkswirtschaftliche Gesamtrechnungen des Bundes;JAHR;Jahr;2025;DINSG;Deutschland insgesamt;DG;Deutschland;VGRSLE;Staatliche Teilsektoren;VSISOZIAL01;Sozialversicherung;VGRHAG;Hauptaggregatarten;VGRHAG07;Nettowertschöpfung;30,689;Mrd. EUR;VGR043;Hauptaggregate des Staates
81000;Volkswirtschaftliche Gesamtrechnungen des Bundes;JAHR;Jahr;2022;DINSG;Deutschland insgesamt;DG;Deutschland;VGRSLE;Staatliche Teilsektoren;KRPLAENDER01;Länder;VGRHAG;Hauptaggregatarten;VGRHAG08;Arbeitnehmerentgelt;161,531;Mrd. EUR;VGR043;Hauptaggregate des Staates
81000;Volkswirtschaftliche Gesamtrechnungen des Bundes;JAHR;Jahr;2024;DINSG;Deutschland insgesamt;DG;Deutschland;VGRSLE;Staatliche Teilsektoren;KRPBUND01;Bund;VGRHAG;Hauptaggregatarten;VGRHAG13;Soziale Sachleistungen;0,479;Mrd. EUR;VGR043;Hauptaggregate des Staates
81000;Volkswirtschaftliche Gesamtrechnungen des Bundes;JAHR;Jahr;2021;DINSG;Deutschland insgesamt;DG;Deutschland;VGRSLE;Staatliche Teilsektoren;KRPGEMEIN001;Gemeinden;VGRHAG;Hauptaggregatarten;VGRHAG07;Nettowertschöpfung;75,839;Mrd. EUR;VGR043;Hauptaggregate des Staates
81000;Volkswirtschaftliche Gesamtrechnungen des Bundes;JAHR;Jahr;2022;DINSG;Deutschland insgesamt;DG;Deutschland;VGRSLE;Staatliche Teilsektoren;KRPGEBIET01;Gebietskörperschaften;VGRHAG;Hauptaggregatarten;VGRHAG01;Marktproduktion;21,270;Mrd. EUR;VGR043;Hauptaggregate des Staates
81000;Volkswirtschaftliche Gesamtrechnungen des Bundes;JAHR;Jahr;2025;DINSG;Deutschland insgesamt;DG;Deutschland;VGRSLE;Staatliche Teilsektoren;KRPGEBIET01;Gebietskörperschaften;VGRHAG;Hauptaggregatarten;VGRHAG14;Konsumausgaben des Staates;607,758;Mrd. EUR;VGR043;Hauptaggregate des Staates
81000;Volkswirtschaftliche Gesamtrechnungen des Bundes;JAHR;Jahr;2024;DINSG;Deutschland insgesamt;DG;Deutschland;VGRSLE;Staatliche Teilsektoren;KRPGEMEIN001;Gemeinden;VGRHAG;Hauptaggregatarten;VGRHAG12;Verkäufe aus Nichtmarktproduktion;46,432;Mrd. EUR;VGR043;Hauptaggregate des Staates
81000;Volkswirtschaftliche Gesamtrechnungen des Bundes;JAHR;Jahr;2022;DINSG;Deutschland insgesamt;DG;Deutschland;VGRSLE;Staatliche Teilsektoren;KRPGEBIET01;Gebietskörperschaften;VGRHAG;Hauptaggregatarten;VGRHAG12;Verkäufe aus Nichtmarktproduktion;113,180;Mrd. EUR;VGR043;Hauptaggregate des Staates
81000;Volkswirtschaftliche Gesamtrechnungen des Bundes;JAHR;Jahr;2022;DINSG;Deutschland insgesamt;DG;Deutschland;VGRSLE;Staatliche Teilsektoren;KRPSTAAT01;Staat insgesamt;VGRHAG;Hauptaggregatarten;VGRHAG05;Bruttowertschöpfung;422,194;Mrd. EUR;VGR043;Hauptaggregate des Staates
81000;Volkswirtschaftliche Gesamtrechnungen des Bundes;JAHR;Jahr;2025;DINSG;Deutschland insgesamt;DG;Deutschland;VGRSLE;Staatliche Teilsektoren;KRPSTAAT01;Staat insgesamt;VGRHAG;Hauptaggregatarten;VGRHAG14;Konsumausgaben des Staates;1012,805;Mrd. EUR;VGR043;Hauptaggregate des Staates
81000;Volkswirtschaftliche Gesamtrechnungen des Bundes;JAHR;Jahr;2025;DINSG;Deutschland insgesamt;DG;Deutschland;VGRSLE;Staatliche Teilsektoren;KRPLAENDER01;Länder;VGRHAG;Hauptaggregatarten;VGRHAG09;Sonstige Nettoproduktionsabgaben;0,140;Mrd. EUR;VGR043;Hauptaggregate des Staates
81000;Volkswirtschaftliche Gesamtrechnungen des Bundes;JAHR;Jahr;2024;DINSG;Deutschland insgesamt;DG;Deutschland;VGRSLE;Staatliche Teilsektoren;KRPBUND01;Bund;VGRHAG;Hauptaggregatarten;VGRHAG02;Sonstige Nichtmarktproduktion;161,403;Mrd. EUR;VGR043;Hauptaggregate des Staates
81000;Volkswirtschaftliche Gesamtrechnungen des Bundes;JAHR;Jahr;2023;DINSG;Deutschland insgesamt;DG;Deutschland;VGRSLE;Staatliche Teilsektoren;KRPGEBIET01;Gebietskörperschaften;VGRHAG;Hauptaggregatarten;VGRHAG09;Sonstige Nettoproduktionsabgaben;0,118;Mrd. EUR;VGR043;Hauptaggregate des Staates
81000;Volkswirtschaftliche Gesamtrechnungen des Bundes;JAHR;Jahr;2021;DINSG;Deutschland insgesamt;DG;Deutschland;VGRSLE;Staatliche Teilsektoren;VSISOZIAL01;Sozialversicherung;VGRHAG;Hauptaggregatarten;VGRHAG05;Bruttowertschöpfung;26,827;Mrd. EUR;VGR043;Hauptaggregate des Staates
81000;Volkswirtschaftliche Gesamtrechnungen des Bundes;JAHR;Jahr;2025;DINSG;Deutschland insgesamt;DG;Deutschland;VGRSLE;Staatliche Teilsektoren;KRPGEBIET01;Gebietskörperschaften;VGRHAG;Hauptaggregatarten;VGRHAG02;Sonstige Nichtmarktproduktion;719,021;Mrd. EUR;VGR043;Hauptaggregate des Staates
81000;Volkswirtschaftliche Gesamtrechnungen des Bundes;JAHR;Jahr;2023;DINSG;Deutschland insgesamt;DG;Deutschland;VGRSLE;Staatliche Teilsektoren;KRPGEMEIN001;Gemeinden;VGRHAG;Hauptaggregatarten;VGRHAG06;Abschreibungen;43,535;Mrd. EUR;VGR043;Hauptaggregate des Staates
81000;Volkswirtschaftliche Gesamtrechnungen des Bundes;JAHR;Jahr;2021;DINSG;Deutschland insgesamt;DG;Deutschland;VGRSLE;Staatliche Teilsektoren;KRPGEBIET01;Gebietskörperschaften;VGRHAG;Hauptaggregatarten;VGRHAG12;Verkäufe aus Nichtmarktproduktion;104,570;Mrd. EUR;VGR043;Hauptaggregate des Staates
81000;Volkswirtschaftliche Gesamtrechnungen des Bundes;JAHR;Jahr;2024;DINSG;Deutschland insgesamt;DG;Deutschland;VGRSLE;Staatliche Teilsektoren;KRPLAENDER01;Länder;VGRHAG;Hauptaggregatarten;VGRHAG06;Abschreibungen;33,400;Mrd. EUR;VGR043;Hauptaggregate des Staates
81000;Volkswirtschaftliche Gesamtrechnungen des Bundes;JAHR;Jahr;2023;DINSG;Deutschland insgesamt;DG;Deutschland;VGRSLE;Staatliche Teilsektoren;KRPBUND01;Bund;VGRHAG;Hauptaggregatarten;VGRHAG12;Verkäufe aus Nichtmarktproduktion;38,406;Mrd. EUR;VGR043;Hauptaggregate des Staates
81000;Volkswirtschaftliche Gesamtrechnungen des Bundes;JAHR;Jahr;2024;DINSG;Deutschland insgesamt;DG;Deutschland;VGRSLE;Staatliche Teilsektoren;KRPGEMEIN001;Gemeinden;VGRHAG;Hauptaggregatarten;VGRHAG01;Marktproduktion;17,148;Mrd. EUR;VGR043;Hauptaggregate des Staates
81000;Volkswirtschaftliche Gesamtrechnungen des Bundes;JAHR;Jahr;2025;DINSG;Deutschland insgesamt;DG;Deutschland;VGRSLE;Staatliche Teilsektoren;VSISOZIAL01;Sozialversicherung;VGRHAG;Hauptaggregatarten;VGRHAG06;Abschreibungen;1,670;Mrd. EUR;VGR043;Hauptaggregate des Staates
81000;Volkswirtschaftliche Gesamtrechnungen des Bundes;JAHR;Jahr;2025;DINSG;Deutschland insgesamt;DG;Deutschland;VGRSLE;Staatliche Teilsektoren;KRPBUND01;Bund;VGRHAG;Hauptaggregatarten;VGRHAG03;Produktionswert;174,500;Mrd. EUR;VGR043;Hauptaggregate des Staates
81000;Volkswirtschaftliche Gesamtrechnungen des Bundes;JAHR;Jahr;2025;DINSG;Deutschland insgesamt;DG;Deutschland;VGRSLE;Staatliche Teilsektoren;KRPGEMEIN001;Gemeinden;VGRHAG;Hauptaggregatarten;VGRHAG04;Vorleistungen;112,485;Mrd. EUR;VGR043;Hauptaggregate des Staates
81000;Volkswirtschaftliche Gesamtrechnungen des Bundes;JAHR;Jahr;2022;DINSG;Deutschland insgesamt;DG;Deutschland;VGRSLE;Staatliche Teilsektoren;VSISOZIAL01;Sozialversicherung;VGRHAG;Hauptaggregatarten;VGRHAG05;Bruttowertschöpfung;27,664;Mrd. EUR;VGR043;Hauptaggregate des Staates
81000;Volkswirtschaftliche Gesamtrechnungen des Bundes;JAHR;Jahr;2024;DINSG;Deutschland insgesamt;DG;Deutschland;VGRSLE;Staatliche Teilsektoren;KRPBUND01;Bund;VGRHAG;Hauptaggregatarten;VGRHAG12;Verkäufe aus Nichtmarktproduktion;44,246;Mrd. EUR;VGR043;Hauptaggregate des Staates
81000;Volkswirtschaftliche Gesamtrechnungen des Bundes;JAHR;Jahr;2021;DINSG;Deutschland insgesamt;DG;Deutschland;VGRSLE;Staatliche Teilsektoren;KRPSTAAT01;Staat insgesamt;VGRHAG;Hauptaggregatarten;VGRHAG04;Vorleistungen;243,732;Mrd. EUR;VGR043;Hauptaggregate des Staates
81000;Volkswirtschaftliche Gesamtrechnungen des Bundes;JAHR;Jahr;2021;DINSG;Deutschland insgesamt;DG;Deutschland;VGRSLE;Staatliche Teilsektoren;KRPGEMEIN001;Gemeinden;VGRHAG;Hauptaggregatarten;VGRHAG06;Abschreibungen;35,801;Mrd. EUR;VGR043;Hauptaggregate des Staates
81000;Volkswirtschaftliche Gesamtrechnungen des Bundes;JAHR;Jahr;2025;DINSG;Deutschland insgesamt;DG;Deutschland;VGRSLE;Staatliche Teilsektoren;KRPSTAAT01;Staat insgesamt;VGRHAG;Hauptaggregatarten;VGRHAG02;Sonstige Nichtmarktproduktion;766,944;Mrd. EUR;VGR043;Hauptaggregate des Staates
81000;Volkswirtschaftliche Gesamtrechnungen des Bundes;JAHR;Jahr;2022;DINSG;Deutschland insgesamt;DG;Deutschland;VGRSLE;Staatliche Teilsektoren;KRPGEBIET01;Gebietskörperschaften;VGRHAG;Hauptaggregatarten;VGRHAG02;Sonstige Nichtmarktproduktion;614,012;Mrd. EUR;VGR043;Hauptaggregate des Staates
81000;Volkswirtschaftliche Gesamtrechnungen des Bundes;JAHR;Jahr;2025;DINSG;Deutschland insgesamt;DG;Deutschland;VGRSLE;Staatliche Teilsektoren;VSISOZIAL01;Sozialversicherung;VGRHAG;Hauptaggregatarten;VGRHAG08;Arbeitnehmerentgelt;30,667;Mrd. EUR;VGR043;Hauptaggregate des Staates
81000;Volkswirtschaftliche Gesamtrechnungen des Bundes;JAHR;Jahr;2022;DINSG;Deutschland insgesamt;DG;Deutschland;VGRSLE;Staatliche Teilsektoren;KRPLAENDER01;Länder;VGRHAG;Hauptaggregatarten;VGRHAG09;Sonstige Nettoproduktionsabgaben;0,131;Mrd. EUR;VGR043;Hauptaggregate des Staates
81000;Volkswirtschaftliche Gesamtrechnungen des Bundes;JAHR;Jahr;2023;DINSG;Deutschland insgesamt;DG;Deutschland;VGRSLE;Staatliche Teilsektoren;VSISOZIAL01;Sozialversicherung;VGRHAG;Hauptaggregatarten;VGRHAG10;Betriebsüberschuss;0,000;Mrd. EUR;VGR043;Hauptaggregate des Staates
81000;Volkswirtschaftliche Gesamtrechnungen des Bundes;JAHR;Jahr;2021;DINSG;Deutschland insgesamt;DG;Deutschland;VGRSLE;Staatliche Teilsektoren;KRPGEBIET01;Gebietskörperschaften;VGRHAG;Hauptaggregatarten;VGRHAG01;Marktproduktion;20,098;Mrd. EUR;VGR043;Hauptaggregate des Staates
81000;Volkswirtschaftliche Gesamtrechnungen des Bundes;JAHR;Jahr;2024;DINSG;Deutschland insgesamt;DG;Deutschland;VGRSLE;Staatliche Teilsektoren;KRPGEMEIN001;Gemeinden;VGRHAG;Hauptaggregatarten;VGRHAG13;Soziale Sachleistungen;45,423;Mrd. EUR;VGR043;Hauptaggregate des Staates
81000;Volkswirtschaftliche Gesamtrechnungen des Bundes;JAHR;Jahr;2025;DINSG;Deutschland insgesamt;DG;Deutschland;VGRSLE;Staatliche Teilsektoren;KRPBUND01;Bund;VGRHAG;Hauptaggregatarten;VGRHAG14;Konsumausgaben des Staates;111,980;Mrd. EUR;VGR043;Hauptaggregate des Staates
81000;Volkswirtschaftliche Gesamtrechnungen des Bundes;JAHR;Jahr;2022;DINSG;Deutschland insgesamt;DG;Deutschland;VGRSLE;Staatliche Teilsektoren;KRPGEMEIN001;Gemeinden;VGRHAG;Hauptaggregatarten;VGRHAG09;Sonstige Nettoproduktionsabgaben;-0,097;Mrd. EUR;VGR043;Hauptaggregate des Staates
81000;Volkswirtschaftliche Gesamtrechnungen des Bundes;JAHR;Jahr;2022;DINSG;Deutschland insgesamt;DG;Deutschland;VGRSLE;Staatliche Teilsektoren;KRPGEBIET01;Gebietskörperschaften;VGRHAG;Hauptaggregatarten;VGRHAG13;Soziale Sachleistungen;45,523;Mrd. EUR;VGR043;Hauptaggregate des Staates
81000;Volkswirtschaftliche Gesamtrechnungen des Bundes;JAHR;Jahr;2022;DINSG;Deutschland insgesamt;DG;Deutschland;VGRSLE;Staatliche Teilsektoren;KRPSTAAT01;Staat insgesamt;VGRHAG;Hauptaggregatarten;VGRHAG04;Vorleistungen;258,084;Mrd. EUR;VGR043;Hauptaggregate des Staates
81000;Volkswirtschaftliche Gesamtrechnungen des Bundes;JAHR;Jahr;2024;DINSG;Deutschland insgesamt;DG;Deutschland;VGRSLE;Staatliche Teilsektoren;KRPBUND01;Bund;VGRHAG;Hauptaggregatarten;VGRHAG01;Marktproduktion;5,854;Mrd. EUR;VGR043;Hauptaggregate des Staates
81000;Volkswirtschaftliche Gesamtrechnungen des Bundes;JAHR;Jahr;2025;DINSG;Deutschland insgesamt;DG;Deutschland;VGRSLE;Staatliche Teilsektoren;KRPGEMEIN001;Gemeinden;VGRHAG;Hauptaggregatarten;VGRHAG05;Bruttowertschöpfung;150,403;Mrd. EUR;VGR043;Hauptaggregate des Staates
81000;Volkswirtschaftliche Gesamtrechnungen des Bundes;JAHR;Jahr;2025;DINSG;Deutschland insgesamt;DG;Deutschland;VGRSLE;Staatliche Teilsektoren;KRPSTAAT01;Staat insgesamt;VGRHAG;Hauptaggregatarten;VGRHAG13;Soziale Sachleistungen;418,583;Mrd. EUR;VGR043;Hauptaggregate des Staates
81000;Volkswirtschaftliche Gesamtrechnungen des Bundes;JAHR;Jahr;2021;DINSG;Deutschland insgesamt;DG;Deutschland;VGRSLE;Staatliche Teilsektoren;KRPLAENDER01;Länder;VGRHAG;Hauptaggregatarten;VGRHAG10;Betriebsüberschuss;-1,473;Mrd. EUR;VGR043;Hauptaggregate des Staates
81000;Volkswirtschaftliche Gesamtrechnungen des Bundes;JAHR;Jahr;2021;DINSG;Deutschland insgesamt;DG;Deutschland;VGRSLE;Staatliche Teilsektoren;VSISOZIAL01;Sozialversicherung;VGRHAG;Hauptaggregatarten;VGRHAG06;Abschreibungen;1,368;Mrd. EUR;VGR043;Hauptaggregate des Staates
81000;Volkswirtschaftliche Gesamtrechnungen des Bundes;JAHR;Jahr;2023;DINSG;Deutschland insgesamt;DG;Deutschland;VGRSLE;Staatliche Teilsektoren;KRPGEMEIN001;Gemeinden;VGRHAG;Hauptaggregatarten;VGRHAG07;Nettowertschöpfung;87,456;Mrd. EUR;VGR043;Hauptaggregate des Staates
81000;Volkswirtschaftliche Gesamtrechnungen des Bundes;JAHR;Jahr;2025;DINSG;Deutschland insgesamt;DG;Deutschland;VGRSLE;Staatliche Teilsektoren;KRPGEBIET01;Gebietskörperschaften;VGRHAG;Hauptaggregatarten;VGRHAG03;Produktionswert;743,287;Mrd. EUR;VGR043;Hauptaggregate des Staates
81000;Volkswirtschaftliche Gesamtrechnungen des Bundes;JAHR;Jahr;2021;DINSG;Deutschland insgesamt;DG;Deutschland;VGRSLE;Staatliche Teilsektoren;KRPGEBIET01;Gebietskörperschaften;VGRHAG;Hauptaggregatarten;VGRHAG13;Soziale Sachleistungen;41,796;Mrd. EUR;VGR043;Hauptaggregate des Staates
81000;Volkswirtschaftliche Gesamtrechnungen des Bundes;JAHR;Jahr;2024;DINSG;Deutschland insgesamt;DG;Deutschland;VGRSLE;Staatliche Teilsektoren;KRPLAENDER01;Länder;VGRHAG;Hauptaggregatarten;VGRHAG07;Nettowertschöpfung;171,519;Mrd. EUR;VGR043;Hauptaggregate des Staates
81000;Volkswirtschaftliche Gesamtrechnungen des Bundes;JAHR;Jahr;2023;DINSG;Deutschland insgesamt;DG;Deutschland;VGRSLE;Staatliche Teilsektoren;KRPBUND01;Bund;VGRHAG;Hauptaggregatarten;VGRHAG11;Sonstige Nichtmarktproduktion;141,957;Mrd. EUR;VGR043;Hauptaggregate des Staates
81000;Volkswirtschaftliche Gesamtrechnungen des Bundes;JAHR;Jahr;2024;DINSG;Deutschland insgesamt;DG;Deutschland;VGRSLE;Staatliche Teilsektoren;KRPGEMEIN001;Gemeinden;VGRHAG;Hauptaggregatarten;VGRHAG02;Sonstige Nichtmarktproduktion;233,650;Mrd. EUR;VGR043;Hauptaggregate des Staates
81000;Volkswirtschaftliche Gesamtrechnungen des Bundes;JAHR;Jahr;2024;DINSG;Deutschland insgesamt;DG;Deutschland;VGRSLE;Staatliche Teilsektoren;VSISOZIAL01;Sozialversicherung;VGRHAG;Hauptaggregatarten;VGRHAG10;Betriebsüberschuss;0,000;Mrd. EUR;VGR043;Hauptaggregate des Staates
81000;Volkswirtschaftliche Gesamtrechnungen des Bundes;JAHR;Jahr;2022;DINSG;Deutschland insgesamt;DG;Deutschland;VGRSLE;Staatliche Teilsektoren;KRPBUND01;Bund;VGRHAG;Hauptaggregatarten;VGRHAG10;Betriebsüberschuss;-0,752;Mrd. EUR;VGR043;Hauptaggregate des Staates
81000;Volkswirtschaftliche Gesamtrechnungen des Bundes;JAHR;Jahr;2025;DINSG;Deutschland insgesamt;DG;Deutschland;VGRSLE;Staatliche Teilsektoren;KRPBUND01;Bund;VGRHAG;Hauptaggregatarten;VGRHAG02;Sonstige Nichtmarktproduktion;168,353;Mrd. EUR;VGR043;Hauptaggregate des Staates
81000;Volkswirtschaftliche Gesamtrechnungen des Bundes;JAHR;Jahr;2022;DINSG;Deutschland insgesamt;DG;Deutschland;VGRSLE;Staatliche Teilsektoren;VSISOZIAL01;Sozialversicherung;VGRHAG;Hauptaggregatarten;VGRHAG06;Abschreibungen;1,500;Mrd. EUR;VGR043;Hauptaggregate des Staates
81000;Volkswirtschaftliche Gesamtrechnungen des Bundes;JAHR;Jahr;2022;DINSG;Deutschland insgesamt;DG;Deutschland;VGRSLE;Staatliche Teilsektoren;VSISOZIAL01;Sozialversicherung;VGRHAG;Hauptaggregatarten;VGRHAG03;Produktionswert;44,996;Mrd. EUR;VGR043;Hauptaggregate des Staates
81000;Volkswirtschaftliche Gesamtrechnungen des Bundes;JAHR;Jahr;2024;DINSG;Deutschland insgesamt;DG;Deutschland;VGRSLE;Staatliche Teilsektoren;KRPBUND01;Bund;VGRHAG;Hauptaggregatarten;VGRHAG11;Sonstige Nichtmarktproduktion;151,157;Mrd. EUR;VGR043;Hauptaggregate des Staates
81000;Volkswirtschaftliche Gesamtrechnungen des Bundes;JAHR;Jahr;2021;DINSG;Deutschland insgesamt;DG;Deutschland;VGRSLE;Staatliche Teilsektoren;KRPSTAAT01;Staat insgesamt;VGRHAG;Hauptaggregatarten;VGRHAG03;Produktionswert;639,410;Mrd. EUR;VGR043;Hauptaggregate des Staates
81000;Volkswirtschaftliche Gesamtrechnungen des Bundes;JAHR;Jahr;2025;DINSG;Deutschland insgesamt;DG;Deutschland;VGRSLE;Staatliche Teilsektoren;KRPSTAAT01;Staat insgesamt;VGRHAG;Hauptaggregatarten;VGRHAG05;Bruttowertschöpfung;502,747;Mrd. EUR;VGR043;Hauptaggregate des Staates
81000;Volkswirtschaftliche Gesamtrechnungen des Bundes;JAHR;Jahr;2025;DINSG;Deutschland insgesamt;DG;Deutschland;VGRSLE;Staatliche Teilsektoren;VSISOZIAL01;Sozialversicherung;VGRHAG;Hauptaggregatarten;VGRHAG09;Sonstige Nettoproduktionsabgaben;0,022;Mrd. EUR;VGR043;Hauptaggregate des Staates
81000;Volkswirtschaftliche Gesamtrechnungen des Bundes;JAHR;Jahr;2023;DINSG;Deutschland insgesamt;DG;Deutschland;VGRSLE;Staatliche Teilsektoren;VSISOZIAL01;Sozialversicherung;VGRHAG;Hauptaggregatarten;VGRHAG11;Sonstige Nichtmarktproduktion;43,770;Mrd. EUR;VGR043;Hauptaggregate des Staates
81000;Volkswirtschaftliche Gesamtrechnungen des Bundes;JAHR;Jahr;2023;DINSG;Deutschland insgesamt;DG;Deutschland;VGRSLE;Staatliche Teilsektoren;KRPLAENDER01;Länder;VGRHAG;Hauptaggregatarten;VGRHAG09;Sonstige Nettoproduktionsabgaben;0,174;Mrd. EUR;VGR043;Hauptaggregate des Staates
81000;Volkswirtschaftliche Gesamtrechnungen des Bundes;JAHR;Jahr;2021;DINSG;Deutschland insgesamt;DG;Deutschland;VGRSLE;Staatliche Teilsektoren;KRPGEBIET01;Gebietskörperschaften;VGRHAG;Hauptaggregatarten;VGRHAG02;Sonstige Nichtmarktproduktion;573,772;Mrd. EUR;VGR043;Hauptaggregate des Staates
81000;Volkswirtschaftliche Gesamtrechnungen des Bundes;JAHR;Jahr;2024;DINSG;Deutschland insgesamt;DG;Deutschland;VGRSLE;Staatliche Teilsektoren;KRPGEBIET01;Gebietskörperschaften;VGRHAG;Hauptaggregatarten;VGRHAG08;Arbeitnehmerentgelt;328,980;Mrd. EUR;VGR043;Hauptaggregate des Staates
81000;Volkswirtschaftliche Gesamtrechnungen des Bundes;JAHR;Jahr;2025;DINSG;Deutschland insgesamt;DG;Deutschland;VGRSLE;Staatliche Teilsektoren;KRPBUND01;Bund;VGRHAG;Hauptaggregatarten;VGRHAG13;Soziale Sachleistungen;0,535;Mrd. EUR;VGR043;Hauptaggregate des Staates
81000;Volkswirtschaftliche Gesamtrechnungen des Bundes;JAHR;Jahr;2022;DINSG;Deutschland insgesamt;DG;Deutschland;VGRSLE;Staatliche Teilsektoren;KRPGEMEIN001;Gemeinden;VGRHAG;Hauptaggregatarten;VGRHAG08;Arbeitnehmerentgelt;85,756;Mrd. EUR;VGR043;Hauptaggregate des Staates
81000;Volkswirtschaftliche Gesamtrechnungen des Bundes;JAHR;Jahr;2024;DINSG;Deutschland insgesamt;DG;Deutschland;VGRSLE;Staatliche Teilsektoren;KRPGEMEIN001;Gemeinden;VGRHAG;Hauptaggregatarten;VGRHAG14;Konsumausgaben des Staates;231,499;Mrd. EUR;VGR043;Hauptaggregate des Staates
81000;Volkswirtschaftliche Gesamtrechnungen des Bundes;JAHR;Jahr;2022;DINSG;Deutschland insgesamt;DG;Deutschland;VGRSLE;Staatliche Teilsektoren;KRPGEBIET01;Gebietskörperschaften;VGRHAG;Hauptaggregatarten;VGRHAG10;Betriebsüberschuss;-6,776;Mrd. EUR;VGR043;Hauptaggregate des Staates
81000;Volkswirtschaftliche Gesamtrechnungen des Bundes;JAHR;Jahr;2021;DINSG;Deutschland insgesamt;DG;Deutschland;VGRSLE;Staatliche Teilsektoren;KRPGEMEIN001;Gemeinden;VGRHAG;Hauptaggregatarten;VGRHAG09;Sonstige Nettoproduktionsabgaben;-0,112;Mrd. EUR;VGR043;Hauptaggregate des Staates
81000;Volkswirtschaftliche Gesamtrechnungen des Bundes;JAHR;Jahr;2025;DINSG;Deutschland insgesamt;DG;Deutschland;VGRSLE;Staatliche Teilsektoren;KRPGEMEIN001;Gemeinden;VGRHAG;Hauptaggregatarten;VGRHAG13;Soziale Sachleistungen;48,617;Mrd. EUR;VGR043;Hauptaggregate des Staates
81000;Volkswirtschaftliche Gesamtrechnungen des Bundes;JAHR;Jahr;2022;DINSG;Deutschland insgesamt;DG;Deutschland;VGRSLE;Staatliche Teilsektoren;VSISOZIAL01;Sozialversicherung;VGRHAG;Hauptaggregatarten;VGRHAG14;Konsumausgaben des Staates;345,374;Mrd. EUR;VGR043;Hauptaggregate des Staates
81000;Volkswirtschaftliche Gesamtrechnungen des Bundes;JAHR;Jahr;2021;DINSG;Deutschland insgesamt;DG;Deutschland;VGRSLE;Staatliche Teilsektoren;KRPSTAAT01;Staat insgesamt;VGRHAG;Hauptaggregatarten;VGRHAG14;Konsumausgaben des Staates;817,221;Mrd. EUR;VGR043;Hauptaggregate des Staates
81000;Volkswirtschaftliche Gesamtrechnungen des Bundes;JAHR;Jahr;2025;DINSG;Deutschland insgesamt;DG;Deutschland;VGRSLE;Staatliche Teilsektoren;KRPLAENDER01;Länder;VGRHAG;Hauptaggregatarten;VGRHAG07;Nettowertschöpfung;185,382;Mrd. EUR;VGR043;Hauptaggregate des Staates
81000;Volkswirtschaftliche Gesamtrechnungen des Bundes;JAHR;Jahr;2022;DINSG;Deutschland insgesamt;DG;Deutschland;VGRSLE;Staatliche Teilsektoren;KRPSTAAT01;Staat insgesamt;VGRHAG;Hauptaggregatarten;VGRHAG07;Nettowertschöpfung;314,580;Mrd. EUR;VGR043;Hauptaggregate des Staates
81000;Volkswirtschaftliche Gesamtrechnungen des Bundes;JAHR;Jahr;2021;DINSG;Deutschland insgesamt;DG;Deutschland;VGRSLE;Staatliche Teilsektoren;VSISOZIAL01;Sozialversicherung;VGRHAG;Hauptaggregatarten;VGRHAG07;Nettowertschöpfung;25,459;Mrd. EUR;VGR043;Hauptaggregate des Staates
81000;Volkswirtschaftliche Gesamtrechnungen des Bundes;JAHR;Jahr;2024;DINSG;Deutschland insgesamt;DG;Deutschland;VGRSLE;Staatliche Teilsektoren;KRPLAENDER01;Länder;VGRHAG;Hauptaggregatarten;VGRHAG08;Arbeitnehmerentgelt;173,405;Mrd. EUR;VGR043;Hauptaggregate des Staates
81000;Volkswirtschaftliche Gesamtrechnungen des Bundes;JAHR;Jahr;2023;DINSG;Deutschland insgesamt;DG;Deutschland;VGRSLE;Staatliche Teilsektoren;KRPGEMEIN001;Gemeinden;VGRHAG;Hauptaggregatarten;VGRHAG04;Vorleistungen;100,409;Mrd. EUR;VGR043;Hauptaggregate des Staates
81000;Volkswirtschaftliche Gesamtrechnungen des Bundes;JAHR;Jahr;2021;DINSG;Deutschland insgesamt;DG;Deutschland;VGRSLE;Staatliche Teilsektoren;KRPGEBIET01;Gebietskörperschaften;VGRHAG;Hauptaggregatarten;VGRHAG14;Konsumausgaben des Staates;489,077;Mrd. EUR;VGR043;Hauptaggregate des Staates
81000;Volkswirtschaftliche Gesamtrechnungen des Bundes;JAHR;Jahr;2023;DINSG;Deutschland insgesamt;DG;Deutschland;VGRSLE;Staatliche Teilsektoren;KRPBUND01;Bund;VGRHAG;Hauptaggregatarten;VGRHAG10;Betriebsüberschuss;-1,384;Mrd. EUR;VGR043;Hauptaggregate des Staates
81000;Volkswirtschaftliche Gesamtrechnungen des Bundes;JAHR;Jahr;2024;DINSG;Deutschland insgesamt;DG;Deutschland;VGRSLE;Staatliche Teilsektoren;KRPGEMEIN001;Gemeinden;VGRHAG;Hauptaggregatarten;VGRHAG03;Produktionswert;250,798;Mrd. EUR;VGR043;Hauptaggregate des Staates
81000;Volkswirtschaftliche Gesamtrechnungen des Bundes;JAHR;Jahr;2025;DINSG;Deutschland insgesamt;DG;Deutschland;VGRSLE;Staatliche Teilsektoren;KRPBUND01;Bund;VGRHAG;Hauptaggregatarten;VGRHAG01;Marktproduktion;6,147;Mrd. EUR;VGR043;Hauptaggregate des Staates
81000;Volkswirtschaftliche Gesamtrechnungen des Bundes;JAHR;Jahr;2025;DINSG;Deutschland insgesamt;DG;Deutschland;VGRSLE;Staatliche Teilsektoren;KRPGEBIET01;Gebietskörperschaften;VGRHAG;Hauptaggregatarten;VGRHAG04;Vorleistungen;272,899;Mrd. EUR;VGR043;Hauptaggregate des Staates
81000;Volkswirtschaftliche Gesamtrechnungen des Bundes;JAHR;Jahr;2025;DINSG;Deutschland insgesamt;DG;Deutschland;VGRSLE;Staatliche Teilsektoren;KRPGEMEIN001;Gemeinden;VGRHAG;Hauptaggregatarten;VGRHAG02;Sonstige Nichtmarktproduktion;244,866;Mrd. EUR;VGR043;Hauptaggregate des Staates
81000;Volkswirtschaftliche Gesamtrechnungen des Bundes;JAHR;Jahr;2025;DINSG;Deutschland insgesamt;DG;Deutschland;VGRSLE;Staatliche Teilsektoren;KRPSTAAT01;Staat insgesamt;VGRHAG;Hauptaggregatarten;VGRHAG04;Vorleistungen;288,463;Mrd. EUR;VGR043;Hauptaggregate des Staates
81000;Volkswirtschaftliche Gesamtrechnungen des Bundes;JAHR;Jahr;2024;DINSG;Deutschland insgesamt;DG;Deutschland;VGRSLE;Staatliche Teilsektoren;KRPBUND01;Bund;VGRHAG;Hauptaggregatarten;VGRHAG10;Betriebsüberschuss;-1,254;Mrd. EUR;VGR043;Hauptaggregate des Staates
81000;Volkswirtschaftliche Gesamtrechnungen des Bundes;JAHR;Jahr;2021;DINSG;Deutschland insgesamt;DG;Deutschland;VGRSLE;Staatliche Teilsektoren;KRPGEMEIN001;Gemeinden;VGRHAG;Hauptaggregatarten;VGRHAG08;Arbeitnehmerentgelt;80,894;Mrd. EUR;VGR043;Hauptaggregate des Staates
81000;Volkswirtschaftliche Gesamtrechnungen des Bundes;JAHR;Jahr;2024;DINSG;Deutschland insgesamt;DG;Deutschland;VGRSLE;Staatliche Teilsektoren;KRPSTAAT01;Staat insgesamt;VGRHAG;Hauptaggregatarten;VGRHAG10;Betriebsüberschuss;-7,988;Mrd. EUR;VGR043;Hauptaggregate des Staates
81000;Volkswirtschaftliche Gesamtrechnungen des Bundes;JAHR;Jahr;2023;DINSG;Deutschland insgesamt;DG;Deutschland;VGRSLE;Staatliche Teilsektoren;VSISOZIAL01;Sozialversicherung;VGRHAG;Hauptaggregatarten;VGRHAG12;Verkäufe aus Nichtmarktproduktion;4,616;Mrd. EUR;VGR043;Hauptaggregate des Staates
81000;Volkswirtschaftliche Gesamtrechnungen des Bundes;JAHR;Jahr;2022;DINSG;Deutschland insgesamt;DG;Deutschland;VGRSLE;Staatliche Teilsektoren;KRPGEMEIN001;Gemeinden;VGRHAG;Hauptaggregatarten;VGRHAG07;Nettowertschöpfung;81,140;Mrd. EUR;VGR043;Hauptaggregate des Staates
81000;Volkswirtschaftliche Gesamtrechnungen des Bundes;JAHR;Jahr;2021;DINSG;Deutschland insgesamt;DG;Deutschland;VGRSLE;Staatliche Teilsektoren;KRPSTAAT01;Staat insgesamt;VGRHAG;Hauptaggregatarten;VGRHAG02;Sonstige Nichtmarktproduktion;619,312;Mrd. EUR;VGR043;Hauptaggregate des Staates
81000;Volkswirtschaftliche Gesamtrechnungen des Bundes;JAHR;Jahr;2024;DINSG;Deutschland insgesamt;DG;Deutschland;VGRSLE;Staatliche Teilsektoren;KRPGEBIET01;Gebietskörperschaften;VGRHAG;Hauptaggregatarten;VGRHAG09;Sonstige Nettoproduktionsabgaben;0,125;Mrd. EUR;VGR043;Hauptaggregate des Staates
81000;Volkswirtschaftliche Gesamtrechnungen des Bundes;JAHR;Jahr;2025;DINSG;Deutschland insgesamt;DG;Deutschland;VGRSLE;Staatliche Teilsektoren;KRPBUND01;Bund;VGRHAG;Hauptaggregatarten;VGRHAG12;Verkäufe aus Nichtmarktproduktion;45,843;Mrd. EUR;VGR043;Hauptaggregate des Staates
81000;Volkswirtschaftliche Gesamtrechnungen des Bundes;JAHR;Jahr;2021;DINSG;Deutschland insgesamt;DG;Deutschland;VGRSLE;Staatliche Teilsektoren;KRPGEBIET01;Gebietskörperschaften;VGRHAG;Hauptaggregatarten;VGRHAG03;Produktionswert;593,870;Mrd. EUR;VGR043;Hauptaggregate des Staates
81000;Volkswirtschaftliche Gesamtrechnungen des Bundes;JAHR;Jahr;2022;DINSG;Deutschland insgesamt;DG;Deutschland;VGRSLE;Staatliche Teilsektoren;KRPGEBIET01;Gebietskörperschaften;VGRHAG;Hauptaggregatarten;VGRHAG11;Sonstige Nichtmarktproduktion;589,777;Mrd. EUR;VGR043;Hauptaggregate des Staates
81000;Volkswirtschaftliche Gesamtrechnungen des Bundes;JAHR;Jahr;2025;DINSG;Deutschland insgesamt;DG;Deutschland;VGRSLE;Staatliche Teilsektoren;KRPGEMEIN001;Gemeinden;VGRHAG;Hauptaggregatarten;VGRHAG14;Konsumausgaben des Staates;243,084;Mrd. EUR;VGR043;Hauptaggregate des Staates
81000;Volkswirtschaftliche Gesamtrechnungen des Bundes;JAHR;Jahr;2022;DINSG;Deutschland insgesamt;DG;Deutschland;VGRSLE;Staatliche Teilsektoren;KRPSTAAT01;Staat insgesamt;VGRHAG;Hauptaggregatarten;VGRHAG06;Abschreibungen;107,614;Mrd. EUR;VGR043;Hauptaggregate des Staates
81000;Volkswirtschaftliche Gesamtrechnungen des Bundes;JAHR;Jahr;2025;DINSG;Deutschland insgesamt;DG;Deutschland;VGRSLE;Staatliche Teilsektoren;KRPLAENDER01;Länder;VGRHAG;Hauptaggregatarten;VGRHAG08;Arbeitnehmerentgelt;186,994;Mrd. EUR;VGR043;Hauptaggregate des Staates
81000;Volkswirtschaftliche Gesamtrechnungen des Bundes;JAHR;Jahr;2021;DINSG;Deutschland insgesamt;DG;Deutschland;VGRSLE;Staatliche Teilsektoren;KRPSTAAT01;Staat insgesamt;VGRHAG;Hauptaggregatarten;VGRHAG13;Soziale Sachleistungen;328,673;Mrd. EUR;VGR043;Hauptaggregate des Staates
81000;Volkswirtschaftliche Gesamtrechnungen des Bundes;JAHR;Jahr;2021;DINSG;Deutschland insgesamt;DG;Deutschland;VGRSLE;Staatliche Teilsektoren;VSISOZIAL01;Sozialversicherung;VGRHAG;Hauptaggregatarten;VGRHAG08;Arbeitnehmerentgelt;25,437;Mrd. EUR;VGR043;Hauptaggregate des Staates
81000;Volkswirtschaftliche Gesamtrechnungen des Bundes;JAHR;Jahr;2024;DINSG;Deutschland insgesamt;DG;Deutschland;VGRSLE;Staatliche Teilsektoren;KRPLAENDER01;Länder;VGRHAG;Hauptaggregatarten;VGRHAG09;Sonstige Nettoproduktionsabgaben;0,149;Mrd. EUR;VGR043;Hauptaggregate des Staates
81000;Volkswirtschaftliche Gesamtrechnungen des Bundes;JAHR;Jahr;2023;DINSG;Deutschland insgesamt;DG;Deutschland;VGRSLE;Staatliche Teilsektoren;KRPGEMEIN001;Gemeinden;VGRHAG;Hauptaggregatarten;VGRHAG05;Bruttowertschöpfung;130,991;Mrd. EUR;VGR043;Hauptaggregate des Staates
81000;Volkswirtschaftliche Gesamtrechnungen des Bundes;JAHR;Jahr;2024;DINSG;Deutschland insgesamt;DG;Deutschland;VGRSLE;Staatliche Teilsektoren;KRPGEMEIN001;Gemeinden;VGRHAG;Hauptaggregatarten;VGRHAG04;Vorleistungen;108,998;Mrd. EUR;VGR043;Hauptaggregate des Staates
81000;Volkswirtschaftliche Gesamtrechnungen des Bundes;JAHR;Jahr;2025;DINSG;Deutschland insgesamt;DG;Deutschland;VGRSLE;Staatliche Teilsektoren;KRPGEMEIN001;Gemeinden;VGRHAG;Hauptaggregatarten;VGRHAG03;Produktionswert;262,888;Mrd. EUR;VGR043;Hauptaggregate des Staates
81000;Volkswirtschaftliche Gesamtrechnungen des Bundes;JAHR;Jahr;2025;DINSG;Deutschland insgesamt;DG;Deutschland;VGRSLE;Staatliche Teilsektoren;KRPGEBIET01;Gebietskörperschaften;VGRHAG;Hauptaggregatarten;VGRHAG05;Bruttowertschöpfung;470,388;Mrd. EUR;VGR043;Hauptaggregate des Staates
81000;Volkswirtschaftliche Gesamtrechnungen des Bundes;JAHR;Jahr;2022;DINSG;Deutschland insgesamt;DG;Deutschland;VGRSLE;Staatliche Teilsektoren;VSISOZIAL01;Sozialversicherung;VGRHAG;Hauptaggregatarten;VGRHAG04;Vorleistungen;17,332;Mrd. EUR;VGR043;Hauptaggregate des Staates
