statistics_code;statistics_label;time_code;time_label;time;1_variable_code;1_variable_label;1_variable_attribute_code;1_variable_attribute_label;2_variable_code;2_variable_label;2_variable_attribute_code;2_variable_attribute_label;3_variable_code;3_variable_label;3_variable_attribute_code;3_variable_attribute_label;4_variable_code;4_variable_label;4_variable_attribute_code;4_variable_attribute_label;value;value_unit;value_variable_code;value_variable_label
52311;Gewerbeanzeigenstatistik;JAHR;Jahr;2026;MONAT;Monate;MONAT02;Februar;DINSG;Deutschland insgesamt;DG;Deutschland;GEWAB1;Grund der Gewerbeabmeldung;GEW-FORTZG;Fortzug;STAAG4;Staatsangehörigkeit;ST152;Polen;76;Anzahl;GEW013;Einzelunternehmer aus Gewerbeabmeldungen
52311;Gewerbeanzeigenstatistik;JAHR;Jahr;2026;MONAT;Monate;MONAT04;April;DINSG;Deutschland insgesamt;DG;Deutschland;GEWAB1;Grund der Gewerbeabmeldung;GEW-UMWDLG;Umwandlung;STAAG4;Staatsangehörigkeit;STA-SONST-01;Sonstige Staatsangehörigkeit;5;Anzahl;GEW013;Einzelunternehmer aus Gewerbeabmeldungen
52311;Gewerbeanzeigenstatistik;JAHR;Jahr;2026;MONAT;Monate;MONAT07;Juli;DINSG;Deutschland insgesamt;DG;Deutschland;GEWAB1;Grund der Gewerbeabmeldung;GEW-VSTAUFG;Vollständige Aufgabe;STAAG4;Staatsangehörigkeit;ST125;Bulgarien;377;Anzahl;GEW013;Einzelunternehmer aus Gewerbeabmeldungen
52311;Gewerbeanzeigenstatistik;JAHR;Jahr;2026;MONAT;Monate;MONAT03;März;DINSG;Deutschland insgesamt;DG;Deutschland;GEWAB1;Grund der Gewerbeabmeldung;GEW-UMWDLG;Umwandlung;STAAG4;Staatsangehörigkeit;ST134;Griechenland;-;Anzahl;GEW013;Einzelunternehmer aus Gewerbeabmeldungen
52311;Gewerbeanzeigenstatistik;JAHR;Jahr;2026;MONAT;Monate;MONAT06;Juni;DINSG;Deutschland insgesamt;DG;Deutschland;GEWAB1;Grund der Gewerbeabmeldung;GEW-VSTAUFG;Vollständige Aufgabe;STAAG4;Staatsangehörigkeit;ST165;Ungarn;165;Anzahl;GEW013;Einzelunternehmer aus Gewerbeabmeldungen
52311;Gewerbeanzeigenstatistik;JAHR;Jahr;2026;MONAT;Monate;MONAT01;Januar;DINSG;Deutschland insgesamt;DG;Deutschland;GEWAB1;Grund der Gewerbeabmeldung;;Insgesamt;STAAG4;Staatsangehörigkeit;STA-SONST-01;Sonstige Staatsangehörigkeit;5525;Anzahl;GEW013;Einzelunternehmer aus Gewerbeabmeldungen
52311;Gewerbeanzeigenstatistik;JAHR;Jahr;2026;MONAT;Monate;MONAT10;Oktober;DINSG;Deutschland insgesamt;DG;Deutschland;GEWAB1;Grund der Gewerbeabmeldung;GEW-VSTAUFG;Vollständige Aufgabe;STAAG4;Staatsangehörigkeit;ST125;Bulgarien;...;Anzahl;GEW013;Einzelunternehmer aus Gewerbeabmeldungen
52311;Gewerbeanzeigenstatistik;JAHR;Jahr;2026;MONAT;Monate;MONAT03;März;DINSG;Deutschland insgesamt;DG;Deutschland;GEWAB1;Grund der Gewerbeabmeldung;GEW-VSTAUFG;Vollständige Aufgabe;STAAG4;Staatsangehörigkeit;ST163;Türkei;1268;Anzahl;GEW013;Einzelunternehmer aus Gewerbeabmeldungen
52311;Gewerbeanzeigenstatistik;JAHR;Jahr;2026;MONAT;Monate;MONAT05;Mai;DINSG;Deutschland insgesamt;DG;Deutschland;GEWAB1;Grund der Gewerbeabmeldung;GEW-FORTZG;Fortzug;STAAG4;Staatsangehörigkeit;ST134;Griechenland;5;Anzahl;GEW013;Einzelunternehmer aus Gewerbeabmeldungen
52311;Gewerbeanzeigenstatistik;JAHR;Jahr;2026;MONAT;Monate;MONAT10;Oktober;DINSG;Deutschland insgesamt;DG;Deutschland;GEWAB1;Grund der Gewerbeabmeldung;GEW-RFWSL;Rechtsformwechsel;STAAG4;Staatsangehörigkeit;STA-SONST-01;Sonstige Staatsangehörigkeit;...;Anzahl;GEW013;Einzelunternehmer aus Gewerbeabmeldungen
52311;Gewerbeanzeigenstatistik;JAHR;Jahr;2026;MONAT;Monate;MONAT10;Oktober;DINSG;Deutschland insgesamt;DG;Deutschland;GEWAB1;Grund der Gewerbeabmeldung;GEW-FORTZG;Fortzug;STAAG4;Staatsangehörigkeit;ST137;Italien;...;Anzahl;GEW013;Einzelunternehmer aus Gewerbeabmeldungen
52311;Gewerbeanzeigenstatistik;JAHR;Jahr;2026;MONAT;Monate;MONAT05;Mai;DINSG;Deutschland insgesamt;DG;Deutschland;GEWAB1;Grund der Gewerbeabmeldung;GEW-EVV;Erbfolge/Verkauf/Verpachtung;STAAG4;Staatsangehörigkeit;ST137;Italien;23;Anzahl;GEW013;Einzelunternehmer aus Gewerbeabmeldungen
52311;Gewerbeanzeigenstatistik;JAHR;Jahr;2026;MONAT;Monate;MONAT11;November;DINSG;Deutschland insgesamt;DG;Deutschland;GEWAB1;Grund der Gewerbeabmeldung;GEW-RFWSL;Rechtsformwechsel;STAAG4;Staatsangehörigkeit;ST152;Polen;...;Anzahl;GEW013;Einzelunternehmer aus Gewerbeabmeldungen
52311;Gewerbeanzeigenstatistik;JAHR;Jahr;2026;MONAT;Monate;MONAT05;Mai;DINSG;Deutschland insgesamt;DG;Deutschland;GEWAB1;Grund der Gewerbeabmeldung;GEW-GESAUS;Gesellschafteraustritt;STAAG4;Staatsangehörigkeit;DG;Deutschland;-;Anzahl;GEW013;Einzelunternehmer aus Gewerbeabmeldungen
52311;Gewerbeanzeigenstatistik;JAHR;Jahr;2026;MONAT;Monate;MONAT08;August;DINSG;Deutschland insgesamt;DG;Deutschland;GEWAB1;Grund der Gewerbeabmeldung;GEW-UMWDLG;Umwandlung;STAAG4;Staatsangehörigkeit;ST137;Italien;...;Anzahl;GEW013;Einzelunternehmer aus Gewerbeabmeldungen
52311;Gewerbeanzeigenstatistik;JAHR;Jahr;2026;MONAT;Monate;MONAT07;Juli;DINSG;Deutschland insgesamt;DG;Deutschland;GEWAB1;Grund der Gewerbeabmeldung;GEW-RFWSL;Rechtsformwechsel;STAAG4;Staatsangehörigkeit;ST154;Rumänien;2;Anzahl;GEW013;Einzelunternehmer aus Gewerbeabmeldungen
52311;Gewerbeanzeigenstatistik;JAHR;Jahr;2026;MONAT;Monate;MONAT11;November;DINSG;Deutschland insgesamt;DG;Deutschland;GEWAB1;Grund der Gewerbeabmeldung;;Insgesamt;STAAG4;Staatsangehörigkeit;ST154;Rumänien;...;Anzahl;GEW013;Einzelunternehmer aus Gewerbeabmeldungen
52311;Gewerbeanzeigenstatistik;JAHR;Jahr;2026;MONAT;Monate;MONAT08;August;DINSG;Deutschland insgesamt;DG;Deutschland;GEWAB1;Grund der Gewerbeabmeldung;GEW-GESAUS;Gesellschafteraustritt;STAAG4;Staatsangehörigkeit;ST152;Polen;...;Anzahl;GEW013;Einzelunternehmer aus Gewerbeabmeldungen
52311;Gewerbeanzeigenstatistik;JAHR;Jahr;2026;MONAT;Monate;MONAT01;Januar;DINSG;Deutschland insgesamt;DG;Deutschland;GEWAB1;Grund der Gewerbeabmeldung;GEW-GESAUS;Gesellschafteraustritt;STAAG4;Staatsangehörigkeit;ST163;Türkei;-;Anzahl;GEW013;Einzelunternehmer aus Gewerbeabmeldungen
52311;Gewerbeanzeigenstatistik;JAHR;Jahr;2026;MONAT;Monate;MONAT01;Januar;DINSG;Deutschland insgesamt;DG;Deutschland;GEWAB1;Grund der Gewerbeabmeldung;GEW-UMWDLG;Umwandlung;STAAG4;Staatsangehörigkeit;ST125;Bulgarien;-;Anzahl;GEW013;Einzelunternehmer aus Gewerbeabmeldungen
52311;Gewerbeanzeigenstatistik;JAHR;Jahr;2026;MONAT;Monate;MONAT09;September;DINSG;Deutschland insgesamt;DG;Deutschland;GEWAB1;Grund der Gewerbeabmeldung;GEW-RFWSL;Rechtsformwechsel;STAAG4;Staatsangehörigkeit;ST134;Griechenland;...;Anzahl;GEW013;Einzelunternehmer aus Gewerbeabmeldungen
52311;Gewerbeanzeigenstatistik;JAHR;Jahr;2026;MONAT;Monate;MONAT09;September;DINSG;Deutschland insgesamt;DG;Deutschland;GEWAB1;Grund der Gewerbeabmeldung;GEW-VSTAUFG;Vollständige Aufgabe;STAAG4;Staatsangehörigkeit;STA-SONST-01;Sonstige Staatsangehörigkeit;...;Anzahl;GEW013;Einzelunternehmer aus Gewerbeabmeldungen
52311;Gewerbeanzeigenstatistik;JAHR;Jahr;2026;MONAT;Monate;MONAT09;September;DINSG;Deutschland insgesamt;DG;Deutschland;GEWAB1;Grund der Gewerbeabmeldung;GEW-FORTZG;Fortzug;STAAG4;Staatsangehörigkeit;STA-SONST-01;Sonstige Staatsangehörigkeit;...;Anzahl;GEW013;Einzelunternehmer aus Gewerbeabmeldungen
52311;Gewerbeanzeigenstatistik;JAHR;Jahr;2026;MONAT;Monate;MONAT02;Februar;DINSG;Deutschland insgesamt;DG;Deutschland;GEWAB1;Grund der Gewerbeabmeldung;GEW-VSTAUFG;Vollständige Aufgabe;STAAG4;Staatsangehörigkeit;DG;Deutschland;26145;Anzahl;GEW013;Einzelunternehmer aus Gewerbeabmeldungen
52311;Gewerbeanzeigenstatistik;JAHR;Jahr;2026;MONAT;Monate;MONAT04;April;DINSG;Deutschland insgesamt;DG;Deutschland;GEWAB1;Grund der Gewerbeabmeldung;GEW-VSTAUFG;Vollständige Aufgabe;STAAG4;Staatsangehörigkeit;ST134;Griechenland;230;Anzahl;GEW013;Einzelunternehmer aus Gewerbeabmeldungen
52311;Gewerbeanzeigenstatistik;JAHR;Jahr;2026;MONAT;Monate;MONAT11;November;DINSG;Deutschland insgesamt;DG;Deutschland;GEWAB1;Grund der Gewerbeabmeldung;GEW-RFWSL;Rechtsformwechsel;STAAG4;Staatsangehörigkeit;STA-SONST-01;Sonstige Staatsangehörigkeit;...;Anzahl;GEW013;Einzelunternehmer aus Gewerbeabmeldungen
52311;Gewerbeanzeigenstatistik;JAHR;Jahr;2026;MONAT;Monate;MONAT07;Juli;DINSG;Deutschland insgesamt;DG;Deutschland;GEWAB1;Grund der Gewerbeabmeldung;GEW-FORTZG;Fortzug;STAAG4;Staatsangehörigkeit;DG;Deutschland;3496;Anzahl;GEW013;Einzelunternehmer aus Gewerbeabmeldungen
52311;Gewerbeanzeigenstatistik;JAHR;Jahr;2026;MONAT;Monate;MONAT10;Oktober;DINSG;Deutschland insgesamt;DG;Deutschland;GEWAB1;Grund der Gewerbeabmeldung;GEW-VSTAUFG;Vollständige Aufgabe;STAAG4;Staatsangehörigkeit;ST137;Italien;...;Anzahl;GEW013;Einzelunternehmer aus Gewerbeabmeldungen
52311;Gewerbeanzeigenstatistik;JAHR;Jahr;2026;MONAT;Monate;MONAT04;April;DINSG;Deutschland insgesamt;DG;Deutschland;GEWAB1;Grund der Gewerbeabmeldung;GEW-GESAUS;Gesellschafteraustritt;STAAG4;Staatsangehörigkeit;ST134;Griechenland;-;Anzahl;GEW013;Einzelunternehmer aus Gewerbeabmeldungen
52311;Gewerbeanzeigenstatistik;JAHR;Jahr;2026;MONAT;Monate;MONAT12;Dezember;DINSG;Deutschland insgesamt;DG;Deutschland;GEWAB1;Grund der Gewerbeabmeldung;GEW-GESAUS;Gesellschafteraustritt;STAAG4;Staatsangehörigkeit;STA-SONST-01;Sonstige Staatsangehörigkeit;...;Anzahl;GEW013;Einzelunternehmer aus Gewerbeabmeldungen
52311;Gewerbeanzeigenstatistik;JAHR;Jahr;2026;MONAT;Monate;MONAT04;April;DINSG;Deutschland insgesamt;DG;Deutschland;GEWAB1;Grund der Gewerbeabmeldung;GEW-EVV;Erbfolge/Verkauf/Verpachtung;STAAG4;Staatsangehörigkeit;ST163;Türkei;118;Anzahl;GEW013;Einzelunternehmer aus Gewerbeabmeldungen
52311;Gewerbeanzeigenstatistik;JAHR;Jahr;2026;MONAT;Monate;MONAT12;Dezember;DINSG;Deutschland insgesamt;DG;Deutschland;GEWAB1;Grund der Gewerbeabmeldung;GEW-EVV;Erbfolge/Verkauf/Verpachtung;STAAG4;Staatsangehörigkeit;ST134;Griechenland;...;Anzahl;GEW013;Einzelunternehmer aus Gewerbeabmeldungen
52311;Gewerbeanzeigenstatistik;JAHR;Jahr;2026;MONAT;Monate;MONAT06;Juni;DINSG;Deutschland insgesamt;DG;Deutschland;GEWAB1;Grund der Gewerbeabmeldung;;Insgesamt;STAAG4;Staatsangehörigkeit;ST137;Italien;402;Anzahl;GEW013;Einzelunternehmer aus Gewerbeabmeldungen
52311;Gewerbeanzeigenstatistik;JAHR;Jahr;2026;MONAT;Monate;MONAT06;Juni;DINSG;Deutschland insgesamt;DG;Deutschland;GEWAB1;Grund der Gewerbeabmeldung;GEW-EVV;Erbfolge/Verkauf/Verpachtung;STAAG4;Staatsangehörigkeit;ST165;Ungarn;1;Anzahl;GEW013;Einzelunternehmer aus Gewerbeabmeldungen
52311;Gewerbeanzeigenstatistik;JAHR;Jahr;2026;MONAT;Monate;MONAT08;August;DINSG;Deutschland insgesamt;DG;Deutschland;GEWAB1;Grund der Gewerbeabmeldung;GEW-GESAUS;Gesellschafteraustritt;STAAG4;Staatsangehörigkeit;ST163;Türkei;...;Anzahl;GEW013;Einzelunternehmer aus Gewerbeabmeldungen
52311;Gewerbeanzeigenstatistik;JAHR;Jahr;2026;MONAT;Monate;MONAT09;September;DINSG;Deutschland insgesamt;DG;Deutschland;GEWAB1;Grund der Gewerbeabmeldung;GEW-GESAUS;Gesellschafteraustritt;STAAG4;Staatsangehörigkeit;ST125;Bulgarien;...;Anzahl;GEW013;Einzelunternehmer aus Gewerbeabmeldungen
52311;Gewerbeanzeigenstatistik;JAHR;Jahr;2026;MONAT;Monate;MONAT07;Juli;DINSG;Deutschland insgesamt;DG;Deutschland;GEWAB1;Grund der Gewerbeabmeldung;GEW-RFWSL;Rechtsformwechsel;STAAG4;Staatsangehörigkeit;ST165;Ungarn;-;Anzahl;GEW013;Einzelunternehmer aus Gewerbeabmeldungen
52311;Gewerbeanzeigenstatistik;JAHR;Jahr;2026;MONAT;Monate;MONAT11;November;DINSG;Deutschland insgesamt;DG;Deutschland;GEWAB1;Grund der Gewerbeabmeldung;GEW-GESAUS;Gesellschafteraustritt;STAAG4;Staatsangehörigkeit;ST134;Griechenland;...;Anzahl;GEW013;Einzelunternehmer aus Gewerbeabmeldungen
52311;Gewerbeanzeigenstatistik;JAHR;Jahr;2026;MONAT;Monate;MONAT08;August;DINSG;Deutschland insgesamt;DG;Deutschland;GEWAB1;Grund der Gewerbeabmeldung;GEW-UMWDLG;Umwandlung;STAAG4;Staatsangehörigkeit;ST125;Bulgarien;...;Anzahl;GEW013;Einzelunternehmer aus Gewerbeabmeldungen
52311;Gewerbeanzeigenstatistik;JAHR;Jahr;2026;MONAT;Monate;MONAT12;Dezember;DINSG;Deutschland insgesamt;DG;Deutschland;GEWAB1;Grund der Gewerbeabmeldung;GEW-UMWDLG;Umwandlung;STAAG4;Staatsangehörigkeit;ST134;Griechenland;...;Anzahl;GEW013;Einzelunternehmer aus Gewerbeabmeldungen
52311;Gewerbeanzeigenstatistik;JAHR;Jahr;2026;MONAT;Monate;MONAT07;Juli;DINSG;Deutschland insgesamt;DG;Deutschland;GEWAB1;Grund der Gewerbeabmeldung;GEW-GESAUS;Gesellschafteraustritt;STAAG4;Staatsangehörigkeit;STA-SONST-01;Sonstige Staatsangehörigkeit;-;Anzahl;GEW013;Einzelunternehmer aus Gewerbeabmeldungen
52311;Gewerbeanzeigenstatistik;JAHR;Jahr;2026;MONAT;Monate;MONAT03;März;DINSG;Deutschland insgesamt;DG;Deutschland;GEWAB1;Grund der Gewerbeabmeldung;GEW-FORTZG;Fortzug;STAAG4;Staatsangehörigkeit;ST137;Italien;25;Anzahl;GEW013;Einzelunternehmer aus Gewerbeabmeldungen
52311;Gewerbeanzeigenstatistik;JAHR;Jahr;2026;MONAT;Monate;MONAT12;Dezember;DINSG;Deutschland insgesamt;DG;Deutschland;GEWAB1;Grund der Gewerbeabmeldung;GEW-FORTZG;Fortzug;STAAG4;Staatsangehörigkeit;ST134;Griechenland;...;Anzahl;GEW013;Einzelunternehmer aus Gewerbeabmeldungen
52311;Gewerbeanzeigenstatistik;JAHR;Jahr;2026;MONAT;Monate;MONAT04;April;DINSG;Deutschland insgesamt;DG;Deutschland;GEWAB1;Grund der Gewerbeabmeldung;GEW-RFWSL;Rechtsformwechsel;STAAG4;Staatsangehörigkeit;ST134;Griechenland;4;Anzahl;GEW013;Einzelunternehmer aus Gewerbeabmeldungen
52311;Gewerbeanzeigenstatistik;JAHR;Jahr;2026;MONAT;Monate;MONAT07;Juli;DINSG;Deutschland insgesamt;DG;Deutschland;GEWAB1;Grund der Gewerbeabmeldung;GEW-UMWDLG;Umwandlung;STAAG4;Staatsangehörigkeit;ST165;Ungarn;-;Anzahl;GEW013;Einzelunternehmer aus Gewerbeabmeldungen
52311;Gewerbeanzeigenstatistik;JAHR;Jahr;2026;MONAT;Monate;MONAT05;Mai;DINSG;Deutschland insgesamt;DG;Deutschland;GEWAB1;Grund der Gewerbeabmeldung;GEW-UMWDLG;Umwandlung;STAAG4;Staatsangehörigkeit;ST154;Rumänien;-;Anzahl;GEW013;Einzelunternehmer aus Gewerbeabmeldungen
52311;Gewerbeanzeigenstatistik;JAHR;Jahr;2026;MONAT;Monate;MONAT11;November;DINSG;Deutschland insgesamt;DG;Deutschland;GEWAB1;Grund der Gewerbeabmeldung;GEW-FORTZG;Fortzug;STAAG4;Staatsangehörigkeit;ST152;Polen;...;Anzahl;GEW013;Einzelunternehmer aus Gewerbeabmeldungen
52311;Gewerbeanzeigenstatistik;JAHR;Jahr;2026;MONAT;Monate;MONAT05;Mai;DINSG;Deutschland insgesamt;DG;Deutschland;GEWAB1;Grund der Gewerbeabmeldung;;Insgesamt;STAAG4;Staatsangehörigkeit;ST152;Polen;970;Anzahl;GEW013;Einzelunternehmer aus Gewerbeabmeldungen
52311;Gewerbeanzeigenstatistik;JAHR;Jahr;2026;MONAT;Monate;MONAT03;März;DINSG;Deutschland insgesamt;DG;Deutschland;GEWAB1;Grund der Gewerbeabmeldung;GEW-EVV;Erbfolge/Verkauf/Verpachtung;STAAG4;Staatsangehörigkeit;ST125;Bulgarien;12;Anzahl;GEW013;Einzelunternehmer aus Gewerbeabmeldungen
52311;Gewerbeanzeigenstatistik;JAHR;Jahr;2026;MONAT;Monate;MONAT07;Juli;DINSG;Deutschland insgesamt;DG;Deutschland;GEWAB1;Grund der Gewerbeabmeldung;;Insgesamt;STAAG4;Staatsangehörigkeit;ST154;Rumänien;974;Anzahl;GEW013;Einzelunternehmer aus Gewerbeabmeldungen
52311;Gewerbeanzeigenstatistik;JAHR;Jahr;2026;MONAT;Monate;MONAT04;April;DINSG;Deutschland insgesamt;DG;Deutschland;GEWAB1;Grund der Gewerbeabmeldung;GEW-EVV;Erbfolge/Verkauf/Verpachtung;STAAG4;Staatsangehörigkeit;ST152;Polen;1;Anzahl;GEW013;Einzelunternehmer aus Gewerbeabmeldungen
52311;Gewerbeanzeigenstatistik;JAHR;Jahr;2026;MONAT;Monate;MONAT09;September;DINSG;Deutschland insgesamt;DG;Deutschland;GEWAB1;Grund der Gewerbeabmeldung;GEW-FORTZG;Fortzug;STAAG4;Staatsangehörigkeit;ST163;Türkei;...;Anzahl;GEW013;Einzelunternehmer aus Gewerbeabmeldungen
52311;Gewerbeanzeigenstatistik;JAHR;Jahr;2026;MONAT;Monate;MONAT02;Februar;DINSG;Deutschland insgesamt;DG;Deutschland;GEWAB1;Grund der Gewerbeabmeldung;;Insgesamt;STAAG4;Staatsangehörigkeit;ST134;Griechenland;284;Anzahl;GEW013;Einzelunternehmer aus Gewerbeabmeldungen
52311;Gewerbeanzeigenstatistik;JAHR;Jahr;2026;MONAT;Monate;MONAT06;Juni;DINSG;Deutschland insgesamt;DG;Deutschland;GEWAB1;Grund der Gewerbeabmeldung;GEW-EVV;Erbfolge/Verkauf/Verpachtung;STAAG4;Staatsangehörigkeit;ST154;Rumänien;14;Anzahl;GEW013;Einzelunternehmer aus Gewerbeabmeldungen
52311;Gewerbeanzeigenstatistik;JAHR;Jahr;2026;MONAT;Monate;MONAT05;Mai;DINSG;Deutschland insgesamt;DG;Deutschland;GEWAB1;Grund der Gewerbeabmeldung;GEW-RFWSL;Rechtsformwechsel;STAAG4;Staatsangehörigkeit;ST152;Polen;2;Anzahl;GEW013;Einzelunternehmer aus Gewerbeabmeldungen
52311;Gewerbeanzeigenstatistik;JAHR;Jahr;2026;MONAT;Monate;MONAT02;Februar;DINSG;Deutschland insgesamt;DG;Deutschland;GEWAB1;Grund der Gewerbeabmeldung;GEW-GESAUS;Gesellschafteraustritt;STAAG4;Staatsangehörigkeit;ST125;Bulgarien;-;Anzahl;GEW013;Einzelunternehmer aus Gewerbeabmeldungen
52311;Gewerbeanzeigenstatistik;JAHR;Jahr;2026;MONAT;Monate;MONAT01;Januar;DINSG;Deutschland insgesamt;DG;Deutschland;GEWAB1;Grund der Gewerbeabmeldung;GEW-FORTZG;Fortzug;STAAG4;Staatsangehörigkeit;ST137;Italien;27;Anzahl;GEW013;Einzelunternehmer aus Gewerbeabmeldungen
52311;Gewerbeanzeigenstatistik;JAHR;Jahr;2026;MONAT;Monate;MONAT10;Oktober;DINSG;Deutschland insgesamt;DG;Deutschland;GEWAB1;Grund der Gewerbeabmeldung;GEW-UMWDLG;Umwandlung;STAAG4;Staatsangehörigkeit;ST125;Bulgarien;...;Anzahl;GEW013;Einzelunternehmer aus Gewerbeabmeldungen
52311;Gewerbeanzeigenstatistik;JAHR;Jahr;2026;MONAT;Monate;MONAT10;Oktober;DINSG;Deutschland insgesamt;DG;Deutschland;GEWAB1;Grund der Gewerbeabmeldung;GEW-GESAUS;Gesellschafteraustritt;STAAG4;Staatsangehörigkeit;ST163;Türkei;...;Anzahl;GEW013;Einzelunternehmer aus Gewerbeabmeldungen
52311;Gewerbeanzeigenstatistik;JAHR;Jahr;2026;MONAT;Monate;MONAT02;Februar;DINSG;Deutschland insgesamt;DG;Deutschland;GEWAB1;Grund der Gewerbeabmeldung;GEW-UMWDLG;Umwandlung;STAAG4;Staatsangehörigkeit;ST163;Türkei;2;Anzahl;GEW013;Einzelunternehmer aus Gewerbeabmeldungen
52311;Gewerbeanzeigenstatistik;JAHR;Jahr;2026;MONAT;Monate;MONAT02;Februar;DINSG;Deutschland insgesamt;DG;Deutschland;GEWAB1;Grund der Gewerbeabmeldung;GEW-FORTZG;Fortzug;STAAG4;Staatsangehörigkeit;ST165;Ungarn;12;Anzahl;GEW013;Einzelunternehmer aus Gewerbeabmeldungen
52311;Gewerbeanzeigenstatistik;JAHR;Jahr;2026;MONAT;Monate;MONAT03;März;DINSG;Deutschland insgesamt;DG;Deutschland;GEWAB1;Grund der Gewerbeabmeldung;GEW-FORTZG;Fortzug;STAAG4;Staatsangehörigkeit;ST125;Bulgarien;21;Anzahl;GEW013;Einzelunternehmer aus Gewerbeabmeldungen
52311;Gewerbeanzeigenstatistik;JAHR;Jahr;2026;MONAT;Monate;MONAT03;März;DINSG;Deutschland insgesamt;DG;Deutschland;GEWAB1;Grund der Gewerbeabmeldung;GEW-VSTAUFG;Vollständige Aufgabe;STAAG4;Staatsangehörigkeit;ST152;Polen;1243;Anzahl;GEW013;Einzelunternehmer aus Gewerbeabmeldungen
52311;Gewerbeanzeigenstatistik;JAHR;Jahr;2026;MONAT;Monate;MONAT02;Februar;DINSG;Deutschland insgesamt;DG;Deutschland;GEWAB1;Grund der Gewerbeabmeldung;GEW-GESAUS;Gesellschafteraustritt;STAAG4;Staatsangehörigkeit;STA-SONST-01;Sonstige Staatsangehörigkeit;-;Anzahl;GEW013;Einzelunternehmer aus Gewerbeabmeldungen
52311;Gewerbeanzeigenstatistik;JAHR;Jahr;2026;MONAT;Monate;MONAT06;Juni;DINSG;Deutschland insgesamt;DG;Deutschland;GEWAB1;Grund der Gewerbeabmeldung;GEW-VSTAUFG;Vollständige Aufgabe;STAAG4;Staatsangehörigkeit;ST152;Polen;1244;Anzahl;GEW013;Einzelunternehmer aus Gewerbeabmeldungen
52311;Gewerbeanzeigenstatistik;JAHR;Jahr;2026;MONAT;Monate;MONAT11;November;DINSG;Deutschland insgesamt;DG;Deutschland;GEWAB1;Grund der Gewerbeabmeldung;GEW-FORTZG;Fortzug;STAAG4;Staatsangehörigkeit;ST163;Türkei;...;Anzahl;GEW013;Einzelunternehmer aus Gewerbeabmeldungen
52311;Gewerbeanzeigenstatistik;JAHR;Jahr;2026;MONAT;Monate;MONAT09;September;DINSG;Deutschland insgesamt;DG;Deutschland;GEWAB1;Grund der Gewerbeabmeldung;GEW-VSTAUFG;Vollständige Aufgabe;STAAG4;Staatsangehörigkeit;DG;Deutschland;...;Anzahl;GEW013;Einzelunternehmer aus Gewerbeabmeldungen
52311;Gewerbeanzeigenstatistik;JAHR;Jahr;2026;MONAT;Monate;MONAT10;Oktober;DINSG;Deutschland insgesamt;DG;Deutschland;GEWAB1;Grund der Gewerbeabmeldung;GEW-UMWDLG;Umwandlung;STAAG4;Staatsangehörigkeit;DG;Deutschland;...;Anzahl;GEW013;Einzelunternehmer aus Gewerbeabmeldungen
52311;Gewerbeanzeigenstatistik;JAHR;Jahr;2026;MONAT;Monate;MONAT07;Juli;DINSG;Deutschland insgesamt;DG;Deutschland;GEWAB1;Grund der Gewerbeabmeldung;GEW-UMWDLG;Umwandlung;STAAG4;Staatsangehörigkeit;ST154;Rumänien;-;Anzahl;GEW013;Einzelunternehmer aus Gewerbeabmeldungen
52311;Gewerbeanzeigenstatistik;JAHR;Jahr;2026;MONAT;Monate;MONAT07;Juli;DINSG;Deutschland insgesamt;DG;Deutschland;GEWAB1;Grund der Gewerbeabmeldung;;Insgesamt;STAAG4;Staatsangehörigkeit;ST165;Ungarn;177;Anzahl;GEW013;Einzelunternehmer aus Gewerbeabmeldungen
52311;Gewerbeanzeigenstatistik;JAHR;Jahr;2026;MONAT;Monate;MONAT05;Mai;DINSG;Deutschland insgesamt;DG;Deutschland;GEWAB1;Grund der Gewerbeabmeldung;;Insgesamt;STAAG4;Staatsangehörigkeit;ST163;Türkei;1109;Anzahl;GEW013;Einzelunternehmer aus Gewerbeabmeldungen
52311;Gewerbeanzeigenstatistik;JAHR;Jahr;2026;MONAT;Monate;MONAT09;September;DINSG;Deutschland insgesamt;DG;Deutschland;GEWAB1;Grund der Gewerbeabmeldung;GEW-UMWDLG;Umwandlung;STAAG4;Staatsangehörigkeit;STA-SONST-01;Sonstige Staatsangehörigkeit;...;Anzahl;GEW013;Einzelunternehmer aus Gewerbeabmeldungen
52311;Gewerbeanzeigenstatistik;JAHR;Jahr;2026;MONAT;Monate;MONAT02;Februar;DINSG;Deutschland insgesamt;DG;Deutschland;GEWAB1;Grund der Gewerbeabmeldung;GEW-VSTAUFG;Vollständige Aufgabe;STAAG4;Staatsangehörigkeit;ST137;Italien;448;Anzahl;GEW013;Einzelunternehmer aus Gewerbeabmeldungen
52311;Gewerbeanzeigenstatistik;JAHR;Jahr;2026;MONAT;Monate;MONAT09;September;DINSG;Deutschland insgesamt;DG;Deutschland;GEWAB1;Grund der Gewerbeabmeldung;GEW-EVV;Erbfolge/Verkauf/Verpachtung;STAAG4;Staatsangehörigkeit;DG;Deutschland;...;Anzahl;GEW013;Einzelunternehmer aus Gewerbeabmeldungen
52311;Gewerbeanzeigenstatistik;JAHR;Jahr;2026;MONAT;Monate;MONAT01;Januar;DINSG;Deutschland insgesamt;DG;Deutschland;GEWAB1;Grund der Gewerbeabmeldung;GEW-EVV;Erbfolge/Verkauf/Verpachtung;STAAG4;Staatsangehörigkeit;ST134;Griechenland;34;Anzahl;GEW013;Einzelunternehmer aus Gewerbeabmeldungen
52311;Gewerbeanzeigenstatistik;JAHR;Jahr;2026;MONAT;Monate;MONAT10;Oktober;DINSG;Deutschland insgesamt;DG;Deutschland;GEWAB1;Grund der Gewerbeabmeldung;GEW-RFWSL;Rechtsformwechsel;STAAG4;Staatsangehörigkeit;ST134;Griechenland;...;Anzahl;GEW013;Einzelunternehmer aus Gewerbeabmeldungen
52311;Gewerbeanzeigenstatistik;JAHR;Jahr;2026;MONAT;Monate;MONAT09;September;DINSG;Deutschland insgesamt;DG;Deutschland;GEWAB1;Grund der Gewerbeabmeldung;GEW-FORTZG;Fortzug;STAAG4;Staatsangehörigkeit;ST152;Polen;...;Anzahl;GEW013;Einzelunternehmer aus Gewerbeabmeldungen
52311;Gewerbeanzeigenstatistik;JAHR;Jahr;2026;MONAT;Monate;MONAT01;Januar;DINSG;Deutschland insgesamt;DG;Deutschland;GEWAB1;Grund der Gewerbeabmeldung;GEW-FORTZG;Fortzug;STAAG4;Staatsangehörigkeit;ST125;Bulgarien;15;Anzahl;GEW013;Einzelunternehmer aus Gewerbeabmeldungen
52311;Gewerbeanzeigenstatistik;JAHR;Jahr;2026;MONAT;Monate;MONAT05;Mai;DINSG;Deutschland insgesamt;DG;Deutschland;GEWAB1;Grund der Gewerbeabmeldung;GEW-RFWSL;Rechtsformwechsel;STAAG4;Staatsangehörigkeit;ST163;Türkei;6;Anzahl;GEW013;Einzelunternehmer aus Gewerbeabmeldungen
52311;Gewerbeanzeigenstatistik;JAHR;Jahr;2026;MONAT;Monate;MONAT12;Dezember;DINSG;Deutschland insgesamt;DG;Deutschland;GEWAB1;Grund der Gewerbeabmeldung;GEW-VSTAUFG;Vollständige Aufgabe;STAAG4;Staatsangehörigkeit;ST134;Griechenland;...;Anzahl;GEW013;Einzelunternehmer aus Gewerbeabmeldungen
52311;Gewerbeanzeigenstatistik;JAHR;Jahr;2026;MONAT;Monate;MONAT02;Februar;DINSG;Deutschland insgesamt;DG;Deutschland;GEWAB1;Grund der Gewerbeabmeldung;GEW-GESAUS;Gesellschafteraustritt;STAAG4;Staatsangehörigkeit;ST137;Italien;-;Anzahl;GEW013;Einzelunternehmer aus Gewerbeabmeldungen
52311;Gewerbeanzeigenstatistik;JAHR;Jahr;2026;MONAT;Monate;MONAT11;November;DINSG;Deutschland insgesamt;DG;Deutschland;GEWAB1;Grund der Gewerbeabmeldung;GEW-RFWSL;Rechtsformwechsel;STAAG4;Staatsangehörigkeit;ST163;Türkei;...;Anzahl;GEW013;Einzelunternehmer aus Gewerbeabmeldungen
52311;Gewerbeanzeigenstatistik;JAHR;Jahr;2026;MONAT;Monate;MONAT04;April;DINSG;Deutschland insgesamt;DG;Deutschland;GEWAB1;Grund der Gewerbeabmeldung;GEW-UMWDLG;Umwandlung;STAAG4;Staatsangehörigkeit;DG;Deutschland;33;Anzahl;GEW013;Einzelunternehmer aus Gewerbeabmeldungen
52311;Gewerbeanzeigenstatistik;JAHR;Jahr;2026;MONAT;Monate;MONAT02;Februar;DINSG;Deutschland insgesamt;DG;Deutschland;GEWAB1;Grund der Gewerbeabmeldung;GEW-UMWDLG;Umwandlung;STAAG4;Staatsangehörigkeit;ST152;Polen;-;Anzahl;GEW013;Einzelunternehmer aus Gewerbeabmeldungen
52311;Gewerbeanzeigenstatistik;JAHR;Jahr;2026;MONAT;Monate;MONAT10;Oktober;DINSG;Deutschland insgesamt;DG;Deutschland;GEWAB1;Grund der Gewerbeabmeldung;GEW-GESAUS;Gesellschafteraustritt;STAAG4;Staatsangehörigkeit;ST152;Polen;...;Anzahl;GEW013;Einzelunternehmer aus Gewerbeabmeldungen
52311;Gewerbeanzeigenstatistik;JAHR;Jahr;2026;MONAT;Monate;MONAT07;Juli;DINSG;Deutschland insgesamt;DG;Deutschland;GEWAB1;Grund der Gewerbeabmeldung;GEW-VSTAUFG;Vollständige Aufgabe;STAAG4;Staatsangehörigkeit;ST137;Italien;363;Anzahl;GEW013;Einzelunternehmer aus Gewerbeabmeldungen
52311;Gewerbeanzeigenstatistik;JAHR;Jahr;2026;MONAT;Monate;MONAT02;Februar;DINSG;Deutschland insgesamt;DG;Deutschland;GEWAB1;Grund der Gewerbeabmeldung;GEW-RFWSL;Rechtsformwechsel;STAAG4;Staatsangehörigkeit;DG;Deutschland;414;Anzahl;GEW013;Einzelunternehmer aus Gewerbeabmeldungen
52311;Gewerbeanzeigenstatistik;JAHR;Jahr;2026;MONAT;Monate;MONAT10;Oktober;DINSG;Deutschland insgesamt;DG;Deutschland;GEWAB1;Grund der Gewerbeabmeldung;GEW-UMWDLG;Umwandlung;STAAG4;Staatsangehörigkeit;ST137;Italien;...;Anzahl;GEW013;Einzelunternehmer aus Gewerbeabmeldungen
52311;Gewerbeanzeigenstatistik;JAHR;Jahr;2026;MONAT;Monate;MONAT04;April;DINSG;Deutschland insgesamt;DG;Deutschland;GEWAB1;Grund der Gewerbeabmeldung;GEW-FORTZG;Fortzug;STAAG4;Staatsangehörigkeit;STA-SONST-01;Sonstige Staatsangehörigkeit;293;Anzahl;GEW013;Einzelunternehmer aus Gewerbeabmeldungen
52311;Gewerbeanzeigenstatistik;JAHR;Jahr;2026;MONAT;Monate;MONAT01;Januar;DINSG;Deutschland insgesamt;DG;Deutschland;GEWAB1;Grund der Gewerbeabmeldung;GEW-VSTAUFG;Vollständige Aufgabe;STAAG4;Staatsangehörigkeit;ST165;Ungarn;165;Anzahl;GEW013;Einzelunternehmer aus Gewerbeabmeldungen
52311;Gewerbeanzeigenstatistik;JAHR;Jahr;2026;MONAT;Monate;MONAT09;September;DINSG;Deutschland insgesamt;DG;Deutschland;GEWAB1;Grund der Gewerbeabmeldung;GEW-RFWSL;Rechtsformwechsel;STAAG4;Staatsangehörigkeit;ST125;Bulgarien;...;Anzahl;GEW013;Einzelunternehmer aus Gewerbeabmeldungen
52311;Gewerbeanzeigenstatistik;JAHR;Jahr;2026;MONAT;Monate;MONAT04;April;DINSG;Deutschland insgesamt;DG;Deutschland;GEWAB1;Grund der Gewerbeabmeldung;GEW-RFWSL;Rechtsformwechsel;STAAG4;Staatsangehörigkeit;ST137;Italien;6;Anzahl;GEW013;Einzelunternehmer aus Gewerbeabmeldungen
52311;Gewerbeanzeigenstatistik;JAHR;Jahr;2026;MONAT;Monate;MONAT03;März;DINSG;Deutschland insgesamt;DG;Deutschland;GEWAB1;Grund der Gewerbeabmeldung;GEW-FORTZG;Fortzug;STAAG4;Staatsangehörigkeit;ST134;Griechenland;14;Anzahl;GEW013;Einzelunternehmer aus Gewerbeabmeldungen
52311;Gewerbeanzeigenstatistik;JAHR;Jahr;2026;MONAT;Monate;MONAT08;August;DINSG;Deutschland insgesamt;DG;Deutschland;GEWAB1;Grund der Gewerbeabmeldung;GEW-FORTZG;Fortzug;STAAG4;Staatsangehörigkeit;ST125;Bulgarien;...;Anzahl;GEW013;Einzelunternehmer aus Gewerbeabmeldungen
52311;Gewerbeanzeigenstatistik;JAHR;Jahr;2026;MONAT;Monate;MONAT11;November;DINSG;Deutschland insgesamt;DG;Deutschland;GEWAB1;Grund der Gewerbeabmeldung;GEW-GESAUS;Gesellschafteraustritt;STAAG4;Staatsangehörigkeit;ST137;Italien;...;Anzahl;GEW013;Einzelunternehmer aus Gewerbeabmeldungen
52311;Gewerbeanzeigenstatistik;JAHR;Jahr;2026;MONAT;Monate;MONAT02;Februar;DINSG;Deutschland insgesamt;DG;Deutschland;GEWAB1;Grund der Gewerbeabmeldung;GEW-FORTZG;Fortzug;STAAG4;Staatsangehörigkeit;ST154;Rumänien;64;Anzahl;GEW013;Einzelunternehmer aus Gewerbeabmeldungen
52311;Gewerbeanzeigenstatistik;JAHR;Jahr;2026;MONAT;Monate;MONAT04;April;DINSG;Deutschland insgesamt;DG;Deutschland;GEWAB1;Grund der Gewerbeabmeldung;;Insgesamt;STAAG4;Staatsangehörigkeit;ST137;Italien;436;Anzahl;GEW013;Einzelunternehmer aus Gewerbeabmeldungen
52311;Gewerbeanzeigenstatistik;JAHR;Jahr;2026;MONAT;Monate;MONAT03;März;DINSG;Deutschland insgesamt;DG;Deutschland;GEWAB1;Grund der Gewerbeabmeldung;GEW-VSTAUFG;Vollständige Aufgabe;STAAG4;Staatsangehörigkeit;ST165;Ungarn;169;Anzahl;GEW013;Einzelunternehmer aus Gewerbeabmeldungen
52311;Gewerbeanzeigenstatistik;JAHR;Jahr;2026;MONAT;Monate;MONAT07;Juli;DINSG;Deutschland insgesamt;DG;Deutschland;GEWAB1;Grund der Gewerbeabmeldung;GEW-EVV;Erbfolge/Verkauf/Verpachtung;STAAG4;Staatsangehörigkeit;ST137;Italien;26;Anzahl;GEW013;Einzelunternehmer aus Gewerbeabmeldungen
52311;Gewerbeanzeigenstatistik;JAHR;Jahr;2026;MONAT;Monate;MONAT12;Dezember;DINSG;Deutschland insgesamt;DG;Deutschland;GEWAB1;Grund der Gewerbeabmeldung;GEW-VSTAUFG;Vollständige Aufgabe;STAAG4;Staatsangehörigkeit;ST165;Ungarn;...;Anzahl;GEW013;Einzelunternehmer aus Gewerbeabmeldungen
52311;Gewerbeanzeigenstatistik;JAHR;Jahr;2026;MONAT;Monate;MONAT07;Juli;DINSG;Deutschland insgesamt;DG;Deutschland;GEWAB1;Grund der Gewerbeabmeldung;GEW-GESAUS;Gesellschafteraustritt;STAAG4;Staatsangehörigkeit;DG;Deutschland;-;Anzahl;GEW013;Einzelunternehmer aus Gewerbeabmeldungen
52311;Gewerbeanzeigenstatistik;JAHR;Jahr;2026;MONAT;Monate;MONAT10;Oktober;DINSG;Deutschland insgesamt;DG;Deutschland;GEWAB1;Grund der Gewerbeabmeldung;;Insgesamt;STAAG4;Staatsangehörigkeit;STA-SONST-01;Sonstige Staatsangehörigkeit;...;Anzahl;GEW013;Einzelunternehmer aus Gewerbeabmeldungen
52311;Gewerbeanzeigenstatistik;JAHR;Jahr;2026;MONAT;Monate;MONAT09;September;DINSG;Deutschland insgesamt;DG;Deutschland;GEWAB1;Grund der Gewerbeabmeldung;GEW-UMWDLG;Umwandlung;STAAG4;Staatsangehörigkeit;ST152;Polen;...;Anzahl;GEW013;Einzelunternehmer aus Gewerbeabmeldungen
52311;Gewerbeanzeigenstatistik;JAHR;Jahr;2026;MONAT;Monate;MONAT11;November;DINSG;Deutschland insgesamt;DG;Deutschland;GEWAB1;Grund der Gewerbeabmeldung;GEW-UMWDLG;Umwandlung;STAAG4;Staatsangehörigkeit;ST163;Türkei;...;Anzahl;GEW013;Einzelunternehmer aus Gewerbeabmeldungen
52311;Gewerbeanzeigenstatistik;JAHR;Jahr;2026;MONAT;Monate;MONAT09;September;DINSG;Deutschland insgesamt;DG;Deutschland;GEWAB1;Grund der Gewerbeabmeldung;GEW-VSTAUFG;Vollständige Aufgabe;STAAG4;Staatsangehörigkeit;ST165;Ungarn;...;Anzahl;GEW013;Einzelunternehmer aus Gewerbeabmeldungen
52311;Gewerbeanzeigenstatistik;JAHR;Jahr;2026;MONAT;Monate;MONAT01;Januar;DINSG;Deutschland insgesamt;DG;Deutschland;GEWAB1;Grund der Gewerbeabmeldung;GEW-GESAUS;Gesellschafteraustritt;STAAG4;Staatsangehörigkeit;ST165;Ungarn;-;Anzahl;GEW013;Einzelunternehmer aus Gewerbeabmeldungen
52311;Gewerbeanzeigenstatistik;JAHR;Jahr;2026;MONAT;Monate;MONAT04;April;DINSG;Deutschland insgesamt;DG;Deutschland;GEWAB1;Grund der Gewerbeabmeldung;GEW-GESAUS;Gesellschafteraustritt;STAAG4;Staatsangehörigkeit;STA-SONST-01;Sonstige Staatsangehörigkeit;-;Anzahl;GEW013;Einzelunternehmer aus Gewerbeabmeldungen
52311;Gewerbeanzeigenstatistik;JAHR;Jahr;2026;MONAT;Monate;MONAT04;April;DINSG;Deutschland insgesamt;DG;Deutschland;GEWAB1;Grund der Gewerbeabmeldung;GEW-FORTZG;Fortzug;STAAG4;Staatsangehörigkeit;ST152;Polen;91;Anzahl;GEW013;Einzelunternehmer aus Gewerbeabmeldungen
52311;Gewerbeanzeigenstatistik;JAHR;Jahr;2026;MONAT;Monate;MONAT04;April;DINSG;Deutschland insgesamt;DG;Deutschland;GEWAB1;Grund der Gewerbeabmeldung;GEW-RFWSL;Rechtsformwechsel;STAAG4;Staatsangehörigkeit;ST125;Bulgarien;2;Anzahl;GEW013;Einzelunternehmer aus Gewerbeabmeldungen
52311;Gewerbeanzeigenstatistik;JAHR;Jahr;2026;MONAT;Monate;MONAT07;Juli;DINSG;Deutschland insgesamt;DG;Deutschland;GEWAB1;Grund der Gewerbeabmeldung;GEW-EVV;Erbfolge/Verkauf/Verpachtung;STAAG4;Staatsangehörigkeit;DG;Deutschland;916;Anzahl;GEW013;Einzelunternehmer aus Gewerbeabmeldungen
52311;Gewerbeanzeigenstatistik;JAHR;Jahr;2026;MONAT;Monate;MONAT05;Mai;DINSG;Deutschland insgesamt;DG;Deutschland;GEWAB1;Grund der Gewerbeabmeldung;GEW-FORTZG;Fortzug;STAAG4;Staatsangehörigkeit;DG;Deutschland;2609;Anzahl;GEW013;Einzelunternehmer aus Gewerbeabmeldungen
52311;Gewerbeanzeigenstatistik;JAHR;Jahr;2026;MONAT;Monate;MONAT11;November;DINSG;Deutschland insgesamt;DG;Deutschland;GEWAB1;Grund der Gewerbeabmeldung;GEW-GESAUS;Gesellschafteraustritt;STAAG4;Staatsangehörigkeit;ST125;Bulgarien;...;Anzahl;GEW013;Einzelunternehmer aus Gewerbeabmeldungen
52311;Gewerbeanzeigenstatistik;JAHR;Jahr;2026;MONAT;Monate;MONAT07;Juli;DINSG;Deutschland insgesamt;DG;Deutschland;GEWAB1;Grund der Gewerbeabmeldung;GEW-RFWSL;Rechtsformwechsel;STAAG4;Staatsangehörigkeit;DG;Deutschland;340;Anzahl;GEW013;Einzelunternehmer aus Gewerbeabmeldungen
52311;Gewerbeanzeigenstatistik;JAHR;Jahr;2026;MONAT;Monate;MONAT06;Juni;DINSG;Deutschland insgesamt;DG;Deutschland;GEWAB1;Grund der Gewerbeabmeldung;GEW-EVV;Erbfolge/Verkauf/Verpachtung;STAAG4;Staatsangehörigkeit;ST163;Türkei;159;Anzahl;GEW013;Einzelunternehmer aus Gewerbeabmeldungen
52311;Gewerbeanzeigenstatistik;JAHR;Jahr;2026;MONAT;Monate;MONAT07;Juli;DINSG;Deutschland insgesamt;DG;Deutschland;GEWAB1;Grund der Gewerbeabmeldung;GEW-FORTZG;Fortzug;STAAG4;Staatsangehörigkeit;ST134;Griechenland;12;Anzahl;GEW013;Einzelunternehmer aus Gewerbeabmeldungen
52311;Gewerbeanzeigenstatistik;JAHR;Jahr;2026;MONAT;Monate;MONAT05;Mai;DINSG;Deutschland insgesamt;DG;Deutschland;GEWAB1;Grund der Gewerbeabmeldung;GEW-UMWDLG;Umwandlung;STAAG4;Staatsangehörigkeit;ST165;Ungarn;-;Anzahl;GEW013;Einzelunternehmer aus Gewerbeabmeldungen
52311;Gewerbeanzeigenstatistik;JAHR;Jahr;2026;MONAT;Monate;MONAT04;April;DINSG;Deutschland insgesamt;DG;Deutschland;GEWAB1;Grund der Gewerbeabmeldung;;Insgesamt;STAAG4;Staatsangehörigkeit;STA-SONST-01;Sonstige Staatsangehörigkeit;4486;Anzahl;GEW013;Einzelunternehmer aus Gewerbeabmeldungen
52311;Gewerbeanzeigenstatistik;JAHR;Jahr;2026;MONAT;Monate;MONAT04;April;DINSG;Deutschland insgesamt;DG;Deutschland;GEWAB1;Grund der Gewerbeabmeldung;;Insgesamt;STAAG4;Staatsangehörigkeit;ST125;Bulgarien;357;Anzahl;GEW013;Einzelunternehmer aus Gewerbeabmeldungen
52311;Gewerbeanzeigenstatistik;JAHR;Jahr;2026;MONAT;Monate;MONAT01;Januar;DINSG;Deutschland insgesamt;DG;Deutschland;GEWAB1;Grund der Gewerbeabmeldung;GEW-EVV;Erbfolge/Verkauf/Verpachtung;STAAG4;Staatsangehörigkeit;ST154;Rumänien;13;Anzahl;GEW013;Einzelunternehmer aus Gewerbeabmeldungen
52311;Gewerbeanzeigenstatistik;JAHR;Jahr;2026;MONAT;Monate;MONAT09;September;DINSG;Deutschland insgesamt;DG;Deutschland;GEWAB1;Grund der Gewerbeabmeldung;;Insgesamt;STAAG4;Staatsangehörigkeit;ST134;Griechenland;...;Anzahl;GEW013;Einzelunternehmer aus Gewerbeabmeldungen
52311;Gewerbeanzeigenstatistik;JAHR;Jahr;2026;MONAT;Monate;MONAT08;August;DINSG;Deutschland insgesamt;DG;Deutschland;GEWAB1;Grund der Gewerbeabmeldung;GEW-EVV;Erbfolge/Verkauf/Verpachtung;STAAG4;Staatsangehörigkeit;ST165;Ungarn;...;Anzahl;GEW013;Einzelunternehmer aus Gewerbeabmeldungen
52311;Gewerbeanzeigenstatistik;JAHR;Jahr;2026;MONAT;Monate;MONAT12;Dezember;DINSG;Deutschland insgesamt;DG;Deutschland;GEWAB1;Grund der Gewerbeabmeldung;GEW-VSTAUFG;Vollständige Aufgabe;STAAG4;Staatsangehörigkeit;ST154;Rumänien;...;Anzahl;GEW013;Einzelunternehmer aus Gewerbeabmeldungen
52311;Gewerbeanzeigenstatistik;JAHR;Jahr;2026;MONAT;Monate;MONAT10;Oktober;DINSG;Deutschland insgesamt;DG;Deutschland;GEWAB1;Grund der Gewerbeabmeldung;GEW-UMWDLG;Umwandlung;STAAG4;Staatsangehörigkeit;ST134;Griechenland;...;Anzahl;GEW013;Einzelunternehmer aus Gewerbeabmeldungen
52311;Gewerbeanzeigenstatistik;JAHR;Jahr;2026;MONAT;Monate;MONAT09;September;DINSG;Deutschland insgesamt;DG;Deutschland;GEWAB1;Grund der Gewerbeabmeldung;GEW-UMWDLG;Umwandlung;STAAG4;Staatsangehörigkeit;ST163;Türkei;...;Anzahl;GEW013;Einzelunternehmer aus Gewerbeabmeldungen
52311;Gewerbeanzeigenstatistik;JAHR;Jahr;2026;MONAT;Monate;MONAT10;Oktober;DINSG;Deutschland insgesamt;DG;Deutschland;GEWAB1;Grund der Gewerbeabmeldung;GEW-RFWSL;Rechtsformwechsel;STAAG4;Staatsangehörigkeit;ST137;Italien;...;Anzahl;GEW013;Einzelunternehmer aus Gewerbeabmeldungen
52311;Gewerbeanzeigenstatistik;JAHR;Jahr;2026;MONAT;Monate;MONAT03;März;DINSG;Deutschland insgesamt;DG;Deutschland;GEWAB1;Grund der Gewerbeabmeldung;;Insgesamt;STAAG4;Staatsangehörigkeit;ST152;Polen;1316;Anzahl;GEW013;Einzelunternehmer aus Gewerbeabmeldungen
52311;Gewerbeanzeigenstatistik;JAHR;Jahr;2026;MONAT;Monate;MONAT06;Juni;DINSG;Deutschland insgesamt;DG;Deutschland;GEWAB1;Grund der Gewerbeabmeldung;GEW-GESAUS;Gesellschafteraustritt;STAAG4;Staatsangehörigkeit;ST165;Ungarn;-;Anzahl;GEW013;Einzelunternehmer aus Gewerbeabmeldungen
52311;Gewerbeanzeigenstatistik;JAHR;Jahr;2026;MONAT;Monate;MONAT11;November;DINSG;Deutschland insgesamt;DG;Deutschland;GEWAB1;Grund der Gewerbeabmeldung;GEW-FORTZG;Fortzug;STAAG4;Staatsangehörigkeit;ST154;Rumänien;...;Anzahl;GEW013;Einzelunternehmer aus Gewerbeabmeldungen
52311;Gewerbeanzeigenstatistik;JAHR;Jahr;2026;MONAT;Monate;MONAT05;Mai;DINSG;Deutschland insgesamt;DG;Deutschland;GEWAB1;Grund der Gewerbeabmeldung;;Insgesamt;STAAG4;Staatsangehörigkeit;ST154;Rumänien;727;Anzahl;GEW013;Einzelunternehmer aus Gewerbeabmeldungen
52311;Gewerbeanzeigenstatistik;JAHR;Jahr;2026;MONAT;Monate;MONAT06;Juni;DINSG;Deutschland insgesamt;DG;Deutschland;GEWAB1;Grund der Gewerbeabmeldung;GEW-EVV;Erbfolge/Verkauf/Verpachtung;STAAG4;Staatsangehörigkeit;ST152;Polen;6;Anzahl;GEW013;Einzelunternehmer aus Gewerbeabmeldungen
52311;Gewerbeanzeigenstatistik;JAHR;Jahr;2026;MONAT;Monate;MONAT03;März;DINSG;Deutschland insgesamt;DG;Deutschland;GEWAB1;Grund der Gewerbeabmeldung;GEW-EVV;Erbfolge/Verkauf/Verpachtung;STAAG4;Staatsangehörigkeit;ST134;Griechenland;27;Anzahl;GEW013;Einzelunternehmer aus Gewerbeabmeldungen
52311;Gewerbeanzeigenstatistik;JAHR;Jahr;2026;MONAT;Monate;MONAT05;Mai;DINSG;Deutschland insgesamt;DG;Deutschland;GEWAB1;Grund der Gewerbeabmeldung;GEW-FORTZG;Fortzug;STAAG4;Staatsangehörigkeit;ST154;Rumänien;71;Anzahl;GEW013;Einzelunternehmer aus Gewerbeabmeldungen
52311;Gewerbeanzeigenstatistik;JAHR;Jahr;2026;MONAT;Monate;MONAT02;Februar;DINSG;Deutschland insgesamt;DG;Deutschland;GEWAB1;Grund der Gewerbeabmeldung;GEW-VSTAUFG;Vollständige Aufgabe;STAAG4;Staatsangehörigkeit;STA-SONST-01;Sonstige Staatsangehörigkeit;4057;Anzahl;GEW013;Einzelunternehmer aus Gewerbeabmeldungen
52311;Gewerbeanzeigenstatistik;JAHR;Jahr;2026;MONAT;Monate;MONAT05;Mai;DINSG;Deutschland insgesamt;DG;Deutschland;GEWAB1;Grund der Gewerbeabmeldung;GEW-UMWDLG;Umwandlung;STAAG4;Staatsangehörigkeit;ST163;Türkei;1;Anzahl;GEW013;Einzelunternehmer aus Gewerbeabmeldungen
52311;Gewerbeanzeigenstatistik;JAHR;Jahr;2026;MONAT;Monate;MONAT10;Oktober;DINSG;Deutschland insgesamt;DG;Deutschland;GEWAB1;Grund der Gewerbeabmeldung;GEW-RFWSL;Rechtsformwechsel;STAAG4;Staatsangehörigkeit;ST125;Bulgarien;...;Anzahl;GEW013;Einzelunternehmer aus Gewerbeabmeldungen
52311;Gewerbeanzeigenstatistik;JAHR;Jahr;2026;MONAT;Monate;MONAT11;November;DINSG;Deutschland insgesamt;DG;Deutschland;GEWAB1;Grund der Gewerbeabmeldung;;Insgesamt;STAAG4;Staatsangehörigkeit;ST134;Griechenland;...;Anzahl;GEW013;Einzelunternehmer aus Gewerbeabmeldungen
52311;Gewerbeanzeigenstatistik;JAHR;Jahr;2026;MONAT;Monate;MONAT09;September;DINSG;Deutschland insgesamt;DG;Deutschland;GEWAB1;Grund der Gewerbeabmeldung;GEW-FORTZG;Fortzug;STAAG4;Staatsangehörigkeit;ST165;Ungarn;...;Anzahl;GEW013;Einzelunternehmer aus Gewerbeabmeldungen
52311;Gewerbeanzeigenstatistik;JAHR;Jahr;2026;MONAT;Monate;MONAT08;August;DINSG;Deutschland insgesamt;DG;Deutschland;GEWAB1;Grund der Gewerbeabmeldung;GEW-EVV;Erbfolge/Verkauf/Verpachtung;STAAG4;Staatsangehörigkeit;ST154;Rumänien;...;Anzahl;GEW013;Einzelunternehmer aus Gewerbeabmeldungen
52311;Gewerbeanzeigenstatistik;JAHR;Jahr;2026;MONAT;Monate;MONAT09;September;DINSG;Deutschland insgesamt;DG;Deutschland;GEWAB1;Grund der Gewerbeabmeldung;GEW-GESAUS;Gesellschafteraustritt;STAAG4;Staatsangehörigkeit;ST137;Italien;...;Anzahl;GEW013;Einzelunternehmer aus Gewerbeabmeldungen
52311;Gewerbeanzeigenstatistik;JAHR;Jahr;2026;MONAT;Monate;MONAT10;Oktober;DINSG;Deutschland insgesamt;DG;Deutschland;GEWAB1;Grund der Gewerbeabmeldung;GEW-EVV;Erbfolge/Verkauf/Verpachtung;STAAG4;Staatsangehörigkeit;ST165;Ungarn;...;Anzahl;GEW013;Einzelunternehmer aus Gewerbeabmeldungen
52311;Gewerbeanzeigenstatistik;JAHR;Jahr;2026;MONAT;Monate;MONAT02;Februar;DINSG;Deutschland insgesamt;DG;Deutschland;GEWAB1;Grund der Gewerbeabmeldung;GEW-RFWSL;Rechtsformwechsel;STAAG4;Staatsangehörigkeit;ST165;Ungarn;1;Anzahl;GEW013;Einzelunternehmer aus Gewerbeabmeldungen
52311;Gewerbeanzeigenstatistik;JAHR;Jahr;2026;MONAT;Monate;MONAT08;August;DINSG;Deutschland insgesamt;DG;Deutschland;GEWAB1;Grund der Gewerbeabmeldung;GEW-RFWSL;Rechtsformwechsel;STAAG4;Staatsangehörigkeit;DG;Deutschland;...;Anzahl;GEW013;Einzelunternehmer aus Gewerbeabmeldungen
52311;Gewerbeanzeigenstatistik;JAHR;Jahr;2026;MONAT;Monate;MONAT12;Dezember;DINSG;Deutschland insgesamt;DG;Deutschland;GEWAB1;Grund der Gewerbeabmeldung;GEW-UMWDLG;Umwandlung;STAAG4;Staatsangehörigkeit;ST165;Ungarn;...;Anzahl;GEW013;Einzelunternehmer aus Gewerbeabmeldungen
52311;Gewerbeanzeigenstatistik;JAHR;Jahr;2026;MONAT;Monate;MONAT02;Februar;DINSG;Deutschland insgesamt;DG;Deutschland;GEWAB1;Grund der Gewerbeabmeldung;GEW-UMWDLG;Umwandlung;STAAG4;Staatsangehörigkeit;ST165;Ungarn;-;Anzahl;GEW013;Einzelunternehmer aus Gewerbeabmeldungen
52311;Gewerbeanzeigenstatistik;JAHR;Jahr;2026;MONAT;Monate;MONAT01;Januar;DINSG;Deutschland insgesamt;DG;Deutschland;GEWAB1;Grund der Gewerbeabmeldung;GEW-VSTAUFG;Vollständige Aufgabe;STAAG4;Staatsangehörigkeit;STA-SONST-01;Sonstige Staatsangehörigkeit;4815;Anzahl;GEW013;Einzelunternehmer aus Gewerbeabmeldungen
52311;Gewerbeanzeigenstatistik;JAHR;Jahr;2026;MONAT;Monate;MONAT01;Januar;DINSG;Deutschland insgesamt;DG;Deutschland;GEWAB1;Grund der Gewerbeabmeldung;GEW-VSTAUFG;Vollständige Aufgabe;STAAG4;Staatsangehörigkeit;ST154;Rumänien;856;Anzahl;GEW013;Einzelunternehmer aus Gewerbeabmeldungen
52311;Gewerbeanzeigenstatistik;JAHR;Jahr;2026;MONAT;Monate;MONAT03;März;DINSG;Deutschland insgesamt;DG;Deutschland;GEWAB1;Grund der Gewerbeabmeldung;GEW-VSTAUFG;Vollständige Aufgabe;STAAG4;Staatsangehörigkeit;ST154;Rumänien;909;Anzahl;GEW013;Einzelunternehmer aus Gewerbeabmeldungen
52311;Gewerbeanzeigenstatistik;JAHR;Jahr;2026;MONAT;Monate;MONAT08;August;DINSG;Deutschland insgesamt;DG;Deutschland;GEWAB1;Grund der Gewerbeabmeldung;GEW-FORTZG;Fortzug;STAAG4;Staatsangehörigkeit;ST137;Italien;...;Anzahl;GEW013;Einzelunternehmer aus Gewerbeabmeldungen
52311;Gewerbeanzeigenstatistik;JAHR;Jahr;2026;MONAT;Monate;MONAT04;April;DINSG;Deutschland insgesamt;DG;Deutschland;GEWAB1;Grund der Gewerbeabmeldung;GEW-VSTAUFG;Vollständige Aufgabe;STAAG4;Staatsangehörigkeit;ST154;Rumänien;696;Anzahl;GEW013;Einzelunternehmer aus Gewerbeabmeldungen
52311;Gewerbeanzeigenstatistik;JAHR;Jahr;2026;MONAT;Monate;MONAT02;Februar;DINSG;Deutschland insgesamt;DG;Deutschland;GEWAB1;Grund der Gewerbeabmeldung;;Insgesamt;STAAG4;Staatsangehörigkeit;STA-SONST-01;Sonstige Staatsangehörigkeit;4685;Anzahl;GEW013;Einzelunternehmer aus Gewerbeabmeldungen
52311;Gewerbeanzeigenstatistik;JAHR;Jahr;2026;MONAT;Monate;MONAT09;September;DINSG;Deutschland insgesamt;DG;Deutschland;GEWAB1;Grund der Gewerbeabmeldung;GEW-RFWSL;Rechtsformwechsel;STAAG4;Staatsangehörigkeit;ST137;Italien;...;Anzahl;GEW013;Einzelunternehmer aus Gewerbeabmeldungen
52311;Gewerbeanzeigenstatistik;JAHR;Jahr;2026;MONAT;Monate;MONAT05;Mai;DINSG;Deutschland insgesamt;DG;Deutschland;GEWAB1;Grund der Gewerbeabmeldung;GEW-GESAUS;Gesellschafteraustritt;STAAG4;Staatsangehörigkeit;ST137;Italien;-;Anzahl;GEW013;Einzelunternehmer aus Gewerbeabmeldungen
52311;Gewerbeanzeigenstatistik;JAHR;Jahr;2026;MONAT;Monate;MONAT06;Juni;DINSG;Deutschland insgesamt;DG;Deutschland;GEWAB1;Grund der Gewerbeabmeldung;GEW-VSTAUFG;Vollständige Aufgabe;STAAG4;Staatsangehörigkeit;ST154;Rumänien;781;Anzahl;GEW013;Einzelunternehmer aus Gewerbeabmeldungen
52311;Gewerbeanzeigenstatistik;JAHR;Jahr;2026;MONAT;Monate;MONAT11;November;DINSG;Deutschland insgesamt;DG;Deutschland;GEWAB1;Grund der Gewerbeabmeldung;GEW-FORTZG;Fortzug;STAAG4;Staatsangehörigkeit;ST165;Ungarn;...;Anzahl;GEW013;Einzelunternehmer aus Gewerbeabmeldungen
52311;Gewerbeanzeigenstatistik;JAHR;Jahr;2026;MONAT;Monate;MONAT03;März;DINSG;Deutschland insgesamt;DG;Deutschland;GEWAB1;Grund der Gewerbeabmeldung;;Insgesamt;STAAG4;Staatsangehörigkeit;ST163;Türkei;1497;Anzahl;GEW013;Einzelunternehmer aus Gewerbeabmeldungen
52311;Gewerbeanzeigenstatistik;JAHR;Jahr;2026;MONAT;Monate;MONAT12;Dezember;DINSG;Deutschland insgesamt;DG;Deutschland;GEWAB1;Grund der Gewerbeabmeldung;GEW-UMWDLG;Umwandlung;STAAG4;Staatsangehörigkeit;DG;Deutschland;...;Anzahl;GEW013;Einzelunternehmer aus Gewerbeabmeldungen
52311;Gewerbeanzeigenstatistik;JAHR;Jahr;2026;MONAT;Monate;MONAT02;Februar;DINSG;Deutschland insgesamt;DG;Deutschland;GEWAB1;Grund der Gewerbeabmeldung;GEW-UMWDLG;Umwandlung;STAAG4;Staatsangehörigkeit;DG;Deutschland;55;Anzahl;GEW013;Einzelunternehmer aus Gewerbeabmeldungen
52311;Gewerbeanzeigenstatistik;JAHR;Jahr;2026;MONAT;Monate;MONAT06;Juni;DINSG;Deutschland insgesamt;DG;Deutschland;GEWAB1;Grund der Gewerbeabmeldung;GEW-GESAUS;Gesellschafteraustritt;STAAG4;Staatsangehörigkeit;ST154;Rumänien;-;Anzahl;GEW013;Einzelunternehmer aus Gewerbeabmeldungen
52311;Gewerbeanzeigenstatistik;JAHR;Jahr;2026;MONAT;Monate;MONAT05;Mai;DINSG;Deutschland insgesamt;DG;Deutschland;GEWAB1;Grund der Gewerbeabmeldung;;Insgesamt;STAAG4;Staatsangehörigkeit;ST165;Ungarn;122;Anzahl;GEW013;Einzelunternehmer aus Gewerbeabmeldungen
52311;Gewerbeanzeigenstatistik;JAHR;Jahr;2026;MONAT;Monate;MONAT05;Mai;DINSG;Deutschland insgesamt;DG;Deutschland;GEWAB1;Grund der Gewerbeabmeldung;GEW-FORTZG;Fortzug;STAAG4;Staatsangehörigkeit;ST165;Ungarn;18;Anzahl;GEW013;Einzelunternehmer aus Gewerbeabmeldungen
52311;Gewerbeanzeigenstatistik;JAHR;Jahr;2026;MONAT;Monate;MONAT10;Oktober;DINSG;Deutschland insgesamt;DG;Deutschland;GEWAB1;Grund der Gewerbeabmeldung;GEW-FORTZG;Fortzug;STAAG4;Staatsangehörigkeit;ST125;Bulgarien;...;Anzahl;GEW013;Einzelunternehmer aus Gewerbeabmeldungen
52311;Gewerbeanzeigenstatistik;JAHR;Jahr;2026;MONAT;Monate;MONAT05;Mai;DINSG;Deutschland insgesamt;DG;Deutschland;GEWAB1;Grund der Gewerbeabmeldung;GEW-UMWDLG;Umwandlung;STAAG4;Staatsangehörigkeit;ST152;Polen;-;Anzahl;GEW013;Einzelunternehmer aus Gewerbeabmeldungen
52311;Gewerbeanzeigenstatistik;JAHR;Jahr;2026;MONAT;Monate;MONAT09;September;DINSG;Deutschland insgesamt;DG;Deutschland;GEWAB1;Grund der Gewerbeabmeldung;GEW-FORTZG;Fortzug;STAAG4;Staatsangehörigkeit;ST154;Rumänien;...;Anzahl;GEW013;Einzelunternehmer aus Gewerbeabmeldungen
52311;Gewerbeanzeigenstatistik;JAHR;Jahr;2026;MONAT;Monate;MONAT05;Mai;DINSG;Deutschland insgesamt;DG;Deutschland;GEWAB1;Grund der Gewerbeabmeldung;GEW-EVV;Erbfolge/Verkauf/Verpachtung;STAAG4;Staatsangehörigkeit;ST125;Bulgarien;6;Anzahl;GEW013;Einzelunternehmer aus Gewerbeabmeldungen
52311;Gewerbeanzeigenstatistik;JAHR;Jahr;2026;MONAT;Monate;MONAT10;Oktober;DINSG;Deutschland insgesamt;DG;Deutschland;GEWAB1;Grund der Gewerbeabmeldung;GEW-EVV;Erbfolge/Verkauf/Verpachtung;STAAG4;Staatsangehörigkeit;ST154;Rumänien;...;Anzahl;GEW013;Einzelunternehmer aus Gewerbeabmeldungen
52311;Gewerbeanzeigenstatistik;JAHR;Jahr;2026;MONAT;Monate;MONAT02;Februar;DINSG;Deutschland insgesamt;DG;Deutschland;GEWAB1;Grund der Gewerbeabmeldung;GEW-RFWSL;Rechtsformwechsel;STAAG4;Staatsangehörigkeit;ST154;Rumänien;3;Anzahl;GEW013;Einzelunternehmer aus Gewerbeabmeldungen
52311;Gewerbeanzeigenstatistik;JAHR;Jahr;2026;MONAT;Monate;MONAT12;Dezember;DINSG;Deutschland insgesamt;DG;Deutschland;GEWAB1;Grund der Gewerbeabmeldung;GEW-UMWDLG;Umwandlung;STAAG4;Staatsangehörigkeit;ST154;Rumänien;...;Anzahl;GEW013;Einzelunternehmer aus Gewerbeabmeldungen
52311;Gewerbeanzeigenstatistik;JAHR;Jahr;2026;MONAT;Monate;MONAT12;Dezember;DINSG;Deutschland insgesamt;DG;Deutschland;GEWAB1;Grund der Gewerbeabmeldung;GEW-RFWSL;Rechtsformwechsel;STAAG4;Staatsangehörigkeit;STA-SONST-01;Sonstige Staatsangehörigkeit;...;Anzahl;GEW013;Einzelunternehmer aus Gewerbeabmeldungen
52311;Gewerbeanzeigenstatistik;JAHR;Jahr;2026;MONAT;Monate;MONAT11;November;DINSG;Deutschland insgesamt;DG;Deutschland;GEWAB1;Grund der Gewerbeabmeldung;GEW-UMWDLG;Umwandlung;STAAG4;Staatsangehörigkeit;ST152;Polen;...;Anzahl;GEW013;Einzelunternehmer aus Gewerbeabmeldungen
52311;Gewerbeanzeigenstatistik;JAHR;Jahr;2026;MONAT;Monate;MONAT01;Januar;DINSG;Deutschland insgesamt;DG;Deutschland;GEWAB1;Grund der Gewerbeabmeldung;GEW-GESAUS;Gesellschafteraustritt;STAAG4;Staatsangehörigkeit;ST152;Polen;-;Anzahl;GEW013;Einzelunternehmer aus Gewerbeabmeldungen
52311;Gewerbeanzeigenstatistik;JAHR;Jahr;2026;MONAT;Monate;MONAT09;September;DINSG;Deutschland insgesamt;DG;Deutschland;GEWAB1;Grund der Gewerbeabmeldung;GEW-VSTAUFG;Vollständige Aufgabe;STAAG4;Staatsangehörigkeit;ST154;Rumänien;...;Anzahl;GEW013;Einzelunternehmer aus Gewerbeabmeldungen
52311;Gewerbeanzeigenstatistik;JAHR;Jahr;2026;MONAT;Monate;MONAT04;April;DINSG;Deutschland insgesamt;DG;Deutschland;GEWAB1;Grund der Gewerbeabmeldung;GEW-FORTZG;Fortzug;STAAG4;Staatsangehörigkeit;ST163;Türkei;52;Anzahl;GEW013;Einzelunternehmer aus Gewerbeabmeldungen
52311;Gewerbeanzeigenstatistik;JAHR;Jahr;2026;MONAT;Monate;MONAT01;Januar;DINSG;Deutschland insgesamt;DG;Deutschland;GEWAB1;Grund der Gewerbeabmeldung;GEW-UMWDLG;Umwandlung;STAAG4;Staatsangehörigkeit;ST137;Italien;1;Anzahl;GEW013;Einzelunternehmer aus Gewerbeabmeldungen
52311;Gewerbeanzeigenstatistik;JAHR;Jahr;2026;MONAT;Monate;MONAT02;Februar;DINSG;Deutschland insgesamt;DG;Deutschland;GEWAB1;Grund der Gewerbeabmeldung;GEW-UMWDLG;Umwandlung;STAAG4;Staatsangehörigkeit;ST154;Rumänien;-;Anzahl;GEW013;Einzelunternehmer aus Gewerbeabmeldungen
52311;Gewerbeanzeigenstatistik;JAHR;Jahr;2026;MONAT;Monate;MONAT12;Dezember;DINSG;Deutschland insgesamt;DG;Deutschland;GEWAB1;Grund der Gewerbeabmeldung;GEW-FORTZG;Fortzug;STAAG4;Staatsangehörigkeit;ST154;Rumänien;...;Anzahl;GEW013;Einzelunternehmer aus Gewerbeabmeldungen
52311;Gewerbeanzeigenstatistik;JAHR;Jahr;2026;MONAT;Monate;MONAT08;August;DINSG;Deutschland insgesamt;DG;Deutschland;GEWAB1;Grund der Gewerbeabmeldung;GEW-RFWSL;Rechtsformwechsel;STAAG4;Staatsangehörigkeit;ST137;Italien;...;Anzahl;GEW013;Einzelunternehmer aus Gewerbeabmeldungen
52311;Gewerbeanzeigenstatistik;JAHR;Jahr;2026;MONAT;Monate;MONAT04;April;DINSG;Deutschland insgesamt;DG;Deutschland;GEWAB1;Grund der Gewerbeabmeldung;GEW-VSTAUFG;Vollständige Aufgabe;STAAG4;Staatsangehörigkeit;ST165;Ungarn;156;Anzahl;GEW013;Einzelunternehmer aus Gewerbeabmeldungen
52311;Gewerbeanzeigenstatistik;JAHR;Jahr;2026;MONAT;Monate;MONAT04;April;DINSG;Deutschland insgesamt;DG;Deutschland;GEWAB1;Grund der Gewerbeabmeldung;GEW-UMWDLG;Umwandlung;STAAG4;Staatsangehörigkeit;ST137;Italien;-;Anzahl;GEW013;Einzelunternehmer aus Gewerbeabmeldungen
52311;Gewerbeanzeigenstatistik;JAHR;Jahr;2026;MONAT;Monate;MONAT05;Mai;DINSG;Deutschland insgesamt;DG;Deutschland;GEWAB1;Grund der Gewerbeabmeldung;GEW-GESAUS;Gesellschafteraustritt;STAAG4;Staatsangehörigkeit;ST125;Bulgarien;-;Anzahl;GEW013;Einzelunternehmer aus Gewerbeabmeldungen
52311;Gewerbeanzeigenstatistik;JAHR;Jahr;2026;MONAT;Monate;MONAT08;August;DINSG;Deutschland insgesamt;DG;Deutschland;GEWAB1;Grund der Gewerbeabmeldung;GEW-VSTAUFG;Vollständige Aufgabe;STAAG4;Staatsangehörigkeit;ST165;Ungarn;...;Anzahl;GEW013;Einzelunternehmer aus Gewerbeabmeldungen
52311;Gewerbeanzeigenstatistik;JAHR;Jahr;2026;MONAT;Monate;MONAT01;Januar;DINSG;Deutschland insgesamt;DG;Deutschland;GEWAB1;Grund der Gewerbeabmeldung;GEW-VSTAUFG;Vollständige Aufgabe;STAAG4;Staatsangehörigkeit;ST163;Türkei;1465;Anzahl;GEW013;Einzelunternehmer aus Gewerbeabmeldungen
52311;Gewerbeanzeigenstatistik;JAHR;Jahr;2026;MONAT;Monate;MONAT03;März;DINSG;Deutschland insgesamt;DG;Deutschland;GEWAB1;Grund der Gewerbeabmeldung;GEW-GESAUS;Gesellschafteraustritt;STAAG4;Staatsangehörigkeit;ST165;Ungarn;-;Anzahl;GEW013;Einzelunternehmer aus Gewerbeabmeldungen
52311;Gewerbeanzeigenstatistik;JAHR;Jahr;2026;MONAT;Monate;MONAT04;April;DINSG;Deutschland insgesamt;DG;Deutschland;GEWAB1;Grund der Gewerbeabmeldung;;Insgesamt;STAAG4;Staatsangehörigkeit;ST154;Rumänien;767;Anzahl;GEW013;Einzelunternehmer aus Gewerbeabmeldungen
52311;Gewerbeanzeigenstatistik;JAHR;Jahr;2026;MONAT;Monate;MONAT05;Mai;DINSG;Deutschland insgesamt;DG;Deutschland;GEWAB1;Grund der Gewerbeabmeldung;GEW-VSTAUFG;Vollständige Aufgabe;STAAG4;Staatsangehörigkeit;ST163;Türkei;904;Anzahl;GEW013;Einzelunternehmer aus Gewerbeabmeldungen
52311;Gewerbeanzeigenstatistik;JAHR;Jahr;2026;MONAT;Monate;MONAT07;Juli;DINSG;Deutschland insgesamt;DG;Deutschland;GEWAB1;Grund der Gewerbeabmeldung;;Insgesamt;STAAG4;Staatsangehörigkeit;ST134;Griechenland;265;Anzahl;GEW013;Einzelunternehmer aus Gewerbeabmeldungen
52311;Gewerbeanzeigenstatistik;JAHR;Jahr;2026;MONAT;Monate;MONAT02;Februar;DINSG;Deutschland insgesamt;DG;Deutschland;GEWAB1;Grund der Gewerbeabmeldung;GEW-EVV;Erbfolge/Verkauf/Verpachtung;STAAG4;Staatsangehörigkeit;STA-SONST-01;Sonstige Staatsangehörigkeit;245;Anzahl;GEW013;Einzelunternehmer aus Gewerbeabmeldungen
52311;Gewerbeanzeigenstatistik;JAHR;Jahr;2026;MONAT;Monate;MONAT07;Juli;DINSG;Deutschland insgesamt;DG;Deutschland;GEWAB1;Grund der Gewerbeabmeldung;GEW-VSTAUFG;Vollständige Aufgabe;STAAG4;Staatsangehörigkeit;STA-SONST-01;Sonstige Staatsangehörigkeit;4286;Anzahl;GEW013;Einzelunternehmer aus Gewerbeabmeldungen
52311;Gewerbeanzeigenstatistik;JAHR;Jahr;2026;MONAT;Monate;MONAT03;März;DINSG;Deutschland insgesamt;DG;Deutschland;GEWAB1;Grund der Gewerbeabmeldung;GEW-EVV;Erbfolge/Verkauf/Verpachtung;STAAG4;Staatsangehörigkeit;ST154;Rumänien;13;Anzahl;GEW013;Einzelunternehmer aus Gewerbeabmeldungen
52311;Gewerbeanzeigenstatistik;JAHR;Jahr;2026;MONAT;Monate;MONAT12;Dezember;DINSG;Deutschland insgesamt;DG;Deutschland;GEWAB1;Grund der Gewerbeabmeldung;GEW-VSTAUFG;Vollständige Aufgabe;STAAG4;Staatsangehörigkeit;ST163;Türkei;...;Anzahl;GEW013;Einzelunternehmer aus Gewerbeabmeldungen
52311;Gewerbeanzeigenstatistik;JAHR;Jahr;2026;MONAT;Monate;MONAT06;Juni;DINSG;Deutschland insgesamt;DG;Deutschland;GEWAB1;Grund der Gewerbeabmeldung;GEW-EVV;Erbfolge/Verkauf/Verpachtung;STAAG4;Staatsangehörigkeit;ST134;Griechenland;18;Anzahl;GEW013;Einzelunternehmer aus Gewerbeabmeldungen
52311;Gewerbeanzeigenstatistik;JAHR;Jahr;2026;MONAT;Monate;MONAT06;Juni;DINSG;Deutschland insgesamt;DG;Deutschland;GEWAB1;Grund der Gewerbeabmeldung;GEW-FORTZG;Fortzug;STAAG4;Staatsangehörigkeit;ST137;Italien;35;Anzahl;GEW013;Einzelunternehmer aus Gewerbeabmeldungen
52311;Gewerbeanzeigenstatistik;JAHR;Jahr;2026;MONAT;Monate;MONAT08;August;DINSG;Deutschland insgesamt;DG;Deutschland;GEWAB1;Grund der Gewerbeabmeldung;;Insgesamt;STAAG4;Staatsangehörigkeit;STA-SONST-01;Sonstige Staatsangehörigkeit;...;Anzahl;GEW013;Einzelunternehmer aus Gewerbeabmeldungen
52311;Gewerbeanzeigenstatistik;JAHR;Jahr;2026;MONAT;Monate;MONAT11;November;DINSG;Deutschland insgesamt;DG;Deutschland;GEWAB1;Grund der Gewerbeabmeldung;GEW-EVV;Erbfolge/Verkauf/Verpachtung;STAAG4;Staatsangehörigkeit;ST163;Türkei;...;Anzahl;GEW013;Einzelunternehmer aus Gewerbeabmeldungen
52311;Gewerbeanzeigenstatistik;JAHR;Jahr;2026;MONAT;Monate;MONAT07;Juli;DINSG;Deutschland insgesamt;DG;Deutschland;GEWAB1;Grund der Gewerbeabmeldung;GEW-GESAUS;Gesellschafteraustritt;STAAG4;Staatsangehörigkeit;ST134;Griechenland;-;Anzahl;GEW013;Einzelunternehmer aus Gewerbeabmeldungen
52311;Gewerbeanzeigenstatistik;JAHR;Jahr;2026;MONAT;Monate;MONAT11;November;DINSG;Deutschland insgesamt;DG;Deutschland;GEWAB1;Grund der Gewerbeabmeldung;GEW-VSTAUFG;Vollständige Aufgabe;STAAG4;Staatsangehörigkeit;ST165;Ungarn;...;Anzahl;GEW013;Einzelunternehmer aus Gewerbeabmeldungen
52311;Gewerbeanzeigenstatistik;JAHR;Jahr;2026;MONAT;Monate;MONAT03;März;DINSG;Deutschland insgesamt;DG;Deutschland;GEWAB1;Grund der Gewerbeabmeldung;GEW-RFWSL;Rechtsformwechsel;STAAG4;Staatsangehörigkeit;ST152;Polen;1;Anzahl;GEW013;Einzelunternehmer aus Gewerbeabmeldungen
52311;Gewerbeanzeigenstatistik;JAHR;Jahr;2026;MONAT;Monate;MONAT09;September;DINSG;Deutschland insgesamt;DG;Deutschland;GEWAB1;Grund der Gewerbeabmeldung;;Insgesamt;STAAG4;Staatsangehörigkeit;ST125;Bulgarien;...;Anzahl;GEW013;Einzelunternehmer aus Gewerbeabmeldungen
52311;Gewerbeanzeigenstatistik;JAHR;Jahr;2026;MONAT;Monate;MONAT09;September;DINSG;Deutschland insgesamt;DG;Deutschland;GEWAB1;Grund der Gewerbeabmeldung;GEW-GESAUS;Gesellschafteraustritt;STAAG4;Staatsangehörigkeit;DG;Deutschland;...;Anzahl;GEW013;Einzelunternehmer aus Gewerbeabmeldungen
52311;Gewerbeanzeigenstatistik;JAHR;Jahr;2026;MONAT;Monate;MONAT02;Februar;DINSG;Deutschland insgesamt;DG;Deutschland;GEWAB1;Grund der Gewerbeabmeldung;;Insgesamt;STAAG4;Staatsangehörigkeit;ST152;Polen;1247;Anzahl;GEW013;Einzelunternehmer aus Gewerbeabmeldungen
52311;Gewerbeanzeigenstatistik;JAHR;Jahr;2026;MONAT;Monate;MONAT09;September;DINSG;Deutschland insgesamt;DG;Deutschland;GEWAB1;Grund der Gewerbeabmeldung;GEW-VSTAUFG;Vollständige Aufgabe;STAAG4;Staatsangehörigkeit;ST163;Türkei;...;Anzahl;GEW013;Einzelunternehmer aus Gewerbeabmeldungen
52311;Gewerbeanzeigenstatistik;JAHR;Jahr;2026;MONAT;Monate;MONAT04;April;DINSG;Deutschland insgesamt;DG;Deutschland;GEWAB1;Grund der Gewerbeabmeldung;GEW-FORTZG;Fortzug;STAAG4;Staatsangehörigkeit;ST154;Rumänien;56;Anzahl;GEW013;Einzelunternehmer aus Gewerbeabmeldungen
52311;Gewerbeanzeigenstatistik;JAHR;Jahr;2026;MONAT;Monate;MONAT09;September;DINSG;Deutschland insgesamt;DG;Deutschland;GEWAB1;Grund der Gewerbeabmeldung;GEW-UMWDLG;Umwandlung;STAAG4;Staatsangehörigkeit;ST154;Rumänien;...;Anzahl;GEW013;Einzelunternehmer aus Gewerbeabmeldungen
52311;Gewerbeanzeigenstatistik;JAHR;Jahr;2026;MONAT;Monate;MONAT11;November;DINSG;Deutschland insgesamt;DG;Deutschland;GEWAB1;Grund der Gewerbeabmeldung;GEW-UMWDLG;Umwandlung;STAAG4;Staatsangehörigkeit;ST165;Ungarn;...;Anzahl;GEW013;Einzelunternehmer aus Gewerbeabmeldungen
52311;Gewerbeanzeigenstatistik;JAHR;Jahr;2026;MONAT;Monate;MONAT07;Juli;DINSG;Deutschland insgesamt;DG;Deutschland;GEWAB1;Grund der Gewerbeabmeldung;GEW-FORTZG;Fortzug;STAAG4;Staatsangehörigkeit;STA-SONST-01;Sonstige Staatsangehörigkeit;442;Anzahl;GEW013;Einzelunternehmer aus Gewerbeabmeldungen
52311;Gewerbeanzeigenstatistik;JAHR;Jahr;2026;MONAT;Monate;MONAT09;September;DINSG;Deutschland insgesamt;DG;Deutschland;GEWAB1;Grund der Gewerbeabmeldung;GEW-EVV;Erbfolge/Verkauf/Verpachtung;STAAG4;Staatsangehörigkeit;ST137;Italien;...;Anzahl;GEW013;Einzelunternehmer aus Gewerbeabmeldungen
52311;Gewerbeanzeigenstatistik;JAHR;Jahr;2026;MONAT;Monate;MONAT03;März;DINSG;Deutschland insgesamt;DG;Deutschland;GEWAB1;Grund der Gewerbeabmeldung;GEW-EVV;Erbfolge/Verkauf/Verpachtung;STAAG4;Staatsangehörigkeit;DG;Deutschland;1110;Anzahl;GEW013;Einzelunternehmer aus Gewerbeabmeldungen
52311;Gewerbeanzeigenstatistik;JAHR;Jahr;2026;MONAT;Monate;MONAT04;April;DINSG;Deutschland insgesamt;DG;Deutschland;GEWAB1;Grund der Gewerbeabmeldung;GEW-UMWDLG;Umwandlung;STAAG4;Staatsangehörigkeit;ST125;Bulgarien;-;Anzahl;GEW013;Einzelunternehmer aus Gewerbeabmeldungen
52311;Gewerbeanzeigenstatistik;JAHR;Jahr;2026;MONAT;Monate;MONAT06;Juni;DINSG;Deutschland insgesamt;DG;Deutschland;GEWAB1;Grund der Gewerbeabmeldung;GEW-RFWSL;Rechtsformwechsel;STAAG4;Staatsangehörigkeit;DG;Deutschland;317;Anzahl;GEW013;Einzelunternehmer aus Gewerbeabmeldungen
52311;Gewerbeanzeigenstatistik;JAHR;Jahr;2026;MONAT;Monate;MONAT09;September;DINSG;Deutschland insgesamt;DG;Deutschland;GEWAB1;Grund der Gewerbeabmeldung;GEW-GESAUS;Gesellschafteraustritt;STAAG4;Staatsangehörigkeit;STA-SONST-01;Sonstige Staatsangehörigkeit;...;Anzahl;GEW013;Einzelunternehmer aus Gewerbeabmeldungen
52311;Gewerbeanzeigenstatistik;JAHR;Jahr;2026;MONAT;Monate;MONAT01;Januar;DINSG;Deutschland insgesamt;DG;Deutschland;GEWAB1;Grund der Gewerbeabmeldung;GEW-UMWDLG;Umwandlung;STAAG4;Staatsangehörigkeit;DG;Deutschland;73;Anzahl;GEW013;Einzelunternehmer aus Gewerbeabmeldungen
52311;Gewerbeanzeigenstatistik;JAHR;Jahr;2026;MONAT;Monate;MONAT04;April;DINSG;Deutschland insgesamt;DG;Deutschland;GEWAB1;Grund der Gewerbeabmeldung;;Insgesamt;STAAG4;Staatsangehörigkeit;ST165;Ungarn;180;Anzahl;GEW013;Einzelunternehmer aus Gewerbeabmeldungen
52311;Gewerbeanzeigenstatistik;JAHR;Jahr;2026;MONAT;Monate;MONAT03;März;DINSG;Deutschland insgesamt;DG;Deutschland;GEWAB1;Grund der Gewerbeabmeldung;GEW-VSTAUFG;Vollständige Aufgabe;STAAG4;Staatsangehörigkeit;STA-SONST-01;Sonstige Staatsangehörigkeit;4376;Anzahl;GEW013;Einzelunternehmer aus Gewerbeabmeldungen
52311;Gewerbeanzeigenstatistik;JAHR;Jahr;2026;MONAT;Monate;MONAT02;Februar;DINSG;Deutschland insgesamt;DG;Deutschland;GEWAB1;Grund der Gewerbeabmeldung;GEW-EVV;Erbfolge/Verkauf/Verpachtung;STAAG4;Staatsangehörigkeit;ST165;Ungarn;1;Anzahl;GEW013;Einzelunternehmer aus Gewerbeabmeldungen
52311;Gewerbeanzeigenstatistik;JAHR;Jahr;2026;MONAT;Monate;MONAT12;Dezember;DINSG;Deutschland insgesamt;DG;Deutschland;GEWAB1;Grund der Gewerbeabmeldung;GEW-VSTAUFG;Vollständige Aufgabe;STAAG4;Staatsangehörigkeit;ST152;Polen;...;Anzahl;GEW013;Einzelunternehmer aus Gewerbeabmeldungen
52311;Gewerbeanzeigenstatistik;JAHR;Jahr;2026;MONAT;Monate;MONAT12;Dezember;DINSG;Deutschland insgesamt;DG;Deutschland;GEWAB1;Grund der Gewerbeabmeldung;GEW-FORTZG;Fortzug;STAAG4;Staatsangehörigkeit;STA-SONST-01;Sonstige Staatsangehörigkeit;...;Anzahl;GEW013;Einzelunternehmer aus Gewerbeabmeldungen
52311;Gewerbeanzeigenstatistik;JAHR;Jahr;2026;MONAT;Monate;MONAT08;August;DINSG;Deutschland insgesamt;DG;Deutschland;GEWAB1;Grund der Gewerbeabmeldung;GEW-EVV;Erbfolge/Verkauf/Verpachtung;STAAG4;Staatsangehörigkeit;ST125;Bulgarien;...;Anzahl;GEW013;Einzelunternehmer aus Gewerbeabmeldungen
52311;Gewerbeanzeigenstatistik;JAHR;Jahr;2026;MONAT;Monate;MONAT11;November;DINSG;Deutschland insgesamt;DG;Deutschland;GEWAB1;Grund der Gewerbeabmeldung;GEW-EVV;Erbfolge/Verkauf/Verpachtung;STAAG4;Staatsangehörigkeit;ST152;Polen;...;Anzahl;GEW013;Einzelunternehmer aus Gewerbeabmeldungen
52311;Gewerbeanzeigenstatistik;JAHR;Jahr;2026;MONAT;Monate;MONAT03;März;DINSG;Deutschland insgesamt;DG;Deutschland;GEWAB1;Grund der Gewerbeabmeldung;GEW-RFWSL;Rechtsformwechsel;STAAG4;Staatsangehörigkeit;ST163;Türkei;6;Anzahl;GEW013;Einzelunternehmer aus Gewerbeabmeldungen
52311;Gewerbeanzeigenstatistik;JAHR;Jahr;2026;MONAT;Monate;MONAT01;Januar;DINSG;Deutschland insgesamt;DG;Deutschland;GEWAB1;Grund der Gewerbeabmeldung;GEW-EVV;Erbfolge/Verkauf/Verpachtung;STAAG4;Staatsangehörigkeit;STA-SONST-01;Sonstige Staatsangehörigkeit;370;Anzahl;GEW013;Einzelunternehmer aus Gewerbeabmeldungen
52311;Gewerbeanzeigenstatistik;JAHR;Jahr;2026;MONAT;Monate;MONAT01;Januar;DINSG;Deutschland insgesamt;DG;Deutschland;GEWAB1;Grund der Gewerbeabmeldung;GEW-EVV;Erbfolge/Verkauf/Verpachtung;STAAG4;Staatsangehörigkeit;ST152;Polen;7;Anzahl;GEW013;Einzelunternehmer aus Gewerbeabmeldungen
52311;Gewerbeanzeigenstatistik;JAHR;Jahr;2026;MONAT;Monate;MONAT11;November;DINSG;Deutschland insgesamt;DG;Deutschland;GEWAB1;Grund der Gewerbeabmeldung;GEW-VSTAUFG;Vollständige Aufgabe;STAAG4;Staatsangehörigkeit;ST154;Rumänien;...;Anzahl;GEW013;Einzelunternehmer aus Gewerbeabmeldungen
52311;Gewerbeanzeigenstatistik;JAHR;Jahr;2026;MONAT;Monate;MONAT10;Oktober;DINSG;Deutschland insgesamt;DG;Deutschland;GEWAB1;Grund der Gewerbeabmeldung;GEW-RFWSL;Rechtsformwechsel;STAAG4;Staatsangehörigkeit;ST154;Rumänien;...;Anzahl;GEW013;Einzelunternehmer aus Gewerbeabmeldungen
52311;Gewerbeanzeigenstatistik;JAHR;Jahr;2026;MONAT;Monate;MONAT02;Februar;DINSG;Deutschland insgesamt;DG;Deutschland;GEWAB1;Grund der Gewerbeabmeldung;GEW-UMWDLG;Umwandlung;STAAG4;Staatsangehörigkeit;STA-SONST-01;Sonstige Staatsangehörigkeit;4;Anzahl;GEW013;Einzelunternehmer aus Gewerbeabmeldungen
52311;Gewerbeanzeigenstatistik;JAHR;Jahr;2026;MONAT;Monate;MONAT12;Dezember;DINSG;Deutschland insgesamt;DG;Deutschland;GEWAB1;Grund der Gewerbeabmeldung;;Insgesamt;STAAG4;Staatsangehörigkeit;STA-SONST-01;Sonstige Staatsangehörigkeit;...;Anzahl;GEW013;Einzelunternehmer aus Gewerbeabmeldungen
52311;Gewerbeanzeigenstatistik;JAHR;Jahr;2026;MONAT;Monate;MONAT12;Dezember;DINSG;Deutschland insgesamt;DG;Deutschland;GEWAB1;Grund der Gewerbeabmeldung;;Insgesamt;STAAG4;Staatsangehörigkeit;ST163;Türkei;...;Anzahl;GEW013;Einzelunternehmer aus Gewerbeabmeldungen
52311;Gewerbeanzeigenstatistik;JAHR;Jahr;2026;MONAT;Monate;MONAT02;Februar;DINSG;Deutschland insgesamt;DG;Deutschland;GEWAB1;Grund der Gewerbeabmeldung;;Insgesamt;STAAG4;Staatsangehörigkeit;ST163;Türkei;1327;Anzahl;GEW013;Einzelunternehmer aus Gewerbeabmeldungen
52311;Gewerbeanzeigenstatistik;JAHR;Jahr;2026;MONAT;Monate;MONAT06;Juni;DINSG;Deutschland insgesamt;DG;Deutschland;GEWAB1;Grund der Gewerbeabmeldung;GEW-RFWSL;Rechtsformwechsel;STAAG4;Staatsangehörigkeit;ST134;Griechenland;-;Anzahl;GEW013;Einzelunternehmer aus Gewerbeabmeldungen
52311;Gewerbeanzeigenstatistik;JAHR;Jahr;2026;MONAT;Monate;MONAT09;September;DINSG;Deutschland insgesamt;DG;Deutschland;GEWAB1;Grund der Gewerbeabmeldung;GEW-UMWDLG;Umwandlung;STAAG4;Staatsangehörigkeit;ST165;Ungarn;...;Anzahl;GEW013;Einzelunternehmer aus Gewerbeabmeldungen
52311;Gewerbeanzeigenstatistik;JAHR;Jahr;2026;MONAT;Monate;MONAT07;Juli;DINSG;Deutschland insgesamt;DG;Deutschland;GEWAB1;Grund der Gewerbeabmeldung;GEW-RFWSL;Rechtsformwechsel;STAAG4;Staatsangehörigkeit;ST125;Bulgarien;1;Anzahl;GEW013;Einzelunternehmer aus Gewerbeabmeldungen
52311;Gewerbeanzeigenstatistik;JAHR;Jahr;2026;MONAT;Monate;MONAT04;April;DINSG;Deutschland insgesamt;DG;Deutschland;GEWAB1;Grund der Gewerbeabmeldung;GEW-GESAUS;Gesellschafteraustritt;STAAG4;Staatsangehörigkeit;ST163;Türkei;-;Anzahl;GEW013;Einzelunternehmer aus Gewerbeabmeldungen
52311;Gewerbeanzeigenstatistik;JAHR;Jahr;2026;MONAT;Monate;MONAT06;Juni;DINSG;Deutschland insgesamt;DG;Deutschland;GEWAB1;Grund der Gewerbeabmeldung;GEW-GESAUS;Gesellschafteraustritt;STAAG4;Staatsangehörigkeit;ST125;Bulgarien;-;Anzahl;GEW013;Einzelunternehmer aus Gewerbeabmeldungen
52311;Gewerbeanzeigenstatistik;JAHR;Jahr;2026;MONAT;Monate;MONAT03;März;DINSG;Deutschland insgesamt;DG;Deutschland;GEWAB1;Grund der Gewerbeabmeldung;;Insgesamt;STAAG4;Staatsangehörigkeit;ST154;Rumänien;1001;Anzahl;GEW013;Einzelunternehmer aus Gewerbeabmeldungen
52311;Gewerbeanzeigenstatistik;JAHR;Jahr;2026;MONAT;Monate;MONAT06;Juni;DINSG;Deutschland insgesamt;DG;Deutschland;GEWAB1;Grund der Gewerbeabmeldung;;Insgesamt;STAAG4;Staatsangehörigkeit;ST134;Griechenland;215;Anzahl;GEW013;Einzelunternehmer aus Gewerbeabmeldungen
52311;Gewerbeanzeigenstatistik;JAHR;Jahr;2026;MONAT;Monate;MONAT02;Februar;DINSG;Deutschland insgesamt;DG;Deutschland;GEWAB1;Grund der Gewerbeabmeldung;GEW-EVV;Erbfolge/Verkauf/Verpachtung;STAAG4;Staatsangehörigkeit;ST154;Rumänien;7;Anzahl;GEW013;Einzelunternehmer aus Gewerbeabmeldungen
52311;Gewerbeanzeigenstatistik;JAHR;Jahr;2026;MONAT;Monate;MONAT07;Juli;DINSG;Deutschland insgesamt;DG;Deutschland;GEWAB1;Grund der Gewerbeabmeldung;GEW-FORTZG;Fortzug;STAAG4;Staatsangehörigkeit;ST125;Bulgarien;21;Anzahl;GEW013;Einzelunternehmer aus Gewerbeabmeldungen
52311;Gewerbeanzeigenstatistik;JAHR;Jahr;2026;MONAT;Monate;MONAT05;Mai;DINSG;Deutschland insgesamt;DG;Deutschland;GEWAB1;Grund der Gewerbeabmeldung;GEW-EVV;Erbfolge/Verkauf/Verpachtung;STAAG4;Staatsangehörigkeit;ST134;Griechenland;21;Anzahl;GEW013;Einzelunternehmer aus Gewerbeabmeldungen
52311;Gewerbeanzeigenstatistik;JAHR;Jahr;2026;MONAT;Monate;MONAT08;August;DINSG;Deutschland insgesamt;DG;Deutschland;GEWAB1;Grund der Gewerbeabmeldung;;Insgesamt;STAAG4;Staatsangehörigkeit;ST125;Bulgarien;...;Anzahl;GEW013;Einzelunternehmer aus Gewerbeabmeldungen
52311;Gewerbeanzeigenstatistik;JAHR;Jahr;2026;MONAT;Monate;MONAT12;Dezember;DINSG;Deutschland insgesamt;DG;Deutschland;GEWAB1;Grund der Gewerbeabmeldung;GEW-EVV;Erbfolge/Verkauf/Verpachtung;STAAG4;Staatsangehörigkeit;ST165;Ungarn;...;Anzahl;GEW013;Einzelunternehmer aus Gewerbeabmeldungen
52311;Gewerbeanzeigenstatistik;JAHR;Jahr;2026;MONAT;Monate;MONAT01;Januar;DINSG;Deutschland insgesamt;DG;Deutschland;GEWAB1;Grund der Gewerbeabmeldung;GEW-EVV;Erbfolge/Verkauf/Verpachtung;STAAG4;Staatsangehörigkeit;ST165;Ungarn;3;Anzahl;GEW013;Einzelunternehmer aus Gewerbeabmeldungen
52311;Gewerbeanzeigenstatistik;JAHR;Jahr;2026;MONAT;Monate;MONAT10;Oktober;DINSG;Deutschland insgesamt;DG;Deutschland;GEWAB1;Grund der Gewerbeabmeldung;GEW-EVV;Erbfolge/Verkauf/Verpachtung;STAAG4;Staatsangehörigkeit;ST163;Türkei;...;Anzahl;GEW013;Einzelunternehmer aus Gewerbeabmeldungen
52311;Gewerbeanzeigenstatistik;JAHR;Jahr;2026;MONAT;Monate;MONAT05;Mai;DINSG;Deutschland insgesamt;DG;Deutschland;GEWAB1;Grund der Gewerbeabmeldung;GEW-FORTZG;Fortzug;STAAG4;Staatsangehörigkeit;ST137;Italien;28;Anzahl;GEW013;Einzelunternehmer aus Gewerbeabmeldungen
52311;Gewerbeanzeigenstatistik;JAHR;Jahr;2026;MONAT;Monate;MONAT02;Februar;DINSG;Deutschland insgesamt;DG;Deutschland;GEWAB1;Grund der Gewerbeabmeldung;GEW-RFWSL;Rechtsformwechsel;STAAG4;Staatsangehörigkeit;ST163;Türkei;12;Anzahl;GEW013;Einzelunternehmer aus Gewerbeabmeldungen
52311;Gewerbeanzeigenstatistik;JAHR;Jahr;2026;MONAT;Monate;MONAT06;Juni;DINSG;Deutschland insgesamt;DG;Deutschland;GEWAB1;Grund der Gewerbeabmeldung;;Insgesamt;STAAG4;Staatsangehörigkeit;DG;Deutschland;28759;Anzahl;GEW013;Einzelunternehmer aus Gewerbeabmeldungen
52311;Gewerbeanzeigenstatistik;JAHR;Jahr;2026;MONAT;Monate;MONAT12;Dezember;DINSG;Deutschland insgesamt;DG;Deutschland;GEWAB1;Grund der Gewerbeabmeldung;GEW-GESAUS;Gesellschafteraustritt;STAAG4;Staatsangehörigkeit;ST163;Türkei;...;Anzahl;GEW013;Einzelunternehmer aus Gewerbeabmeldungen
52311;Gewerbeanzeigenstatistik;JAHR;Jahr;2026;MONAT;Monate;MONAT12;Dezember;DINSG;Deutschland insgesamt;DG;Deutschland;GEWAB1;Grund der Gewerbeabmeldung;GEW-UMWDLG;Umwandlung;STAAG4;Staatsangehörigkeit;ST125;Bulgarien;...;Anzahl;GEW013;Einzelunternehmer aus Gewerbeabmeldungen
52311;Gewerbeanzeigenstatistik;JAHR;Jahr;2026;MONAT;Monate;MONAT10;Oktober;DINSG;Deutschland insgesamt;DG;Deutschland;GEWAB1;Grund der Gewerbeabmeldung;GEW-RFWSL;Rechtsformwechsel;STAAG4;Staatsangehörigkeit;ST165;Ungarn;...;Anzahl;GEW013;Einzelunternehmer aus Gewerbeabmeldungen
52311;Gewerbeanzeigenstatistik;JAHR;Jahr;2026;MONAT;Monate;MONAT08;August;DINSG;Deutschland insgesamt;DG;Deutschland;GEWAB1;Grund der Gewerbeabmeldung;GEW-GESAUS;Gesellschafteraustritt;STAAG4;Staatsangehörigkeit;DG;Deutschland;...;Anzahl;GEW013;Einzelunternehmer aus Gewerbeabmeldungen
52311;Gewerbeanzeigenstatistik;JAHR;Jahr;2026;MONAT;Monate;MONAT12;Dezember;DINSG;Deutschland insgesamt;DG;Deutschland;GEWAB1;Grund der Gewerbeabmeldung;;Insgesamt;STAAG4;Staatsangehörigkeit;ST152;Polen;...;Anzahl;GEW013;Einzelunternehmer aus Gewerbeabmeldungen
52311;Gewerbeanzeigenstatistik;JAHR;Jahr;2026;MONAT;Monate;MONAT08;August;DINSG;Deutschland insgesamt;DG;Deutschland;GEWAB1;Grund der Gewerbeabmeldung;GEW-UMWDLG;Umwandlung;STAAG4;Staatsangehörigkeit;ST134;Griechenland;...;Anzahl;GEW013;Einzelunternehmer aus Gewerbeabmeldungen
52311;Gewerbeanzeigenstatistik;JAHR;Jahr;2026;MONAT;Monate;MONAT01;Januar;DINSG;Deutschland insgesamt;DG;Deutschland;GEWAB1;Grund der Gewerbeabmeldung;;Insgesamt;STAAG4;Staatsangehörigkeit;ST152;Polen;1671;Anzahl;GEW013;Einzelunternehmer aus Gewerbeabmeldungen
52311;Gewerbeanzeigenstatistik;JAHR;Jahr;2026;MONAT;Monate;MONAT09;September;DINSG;Deutschland insgesamt;DG;Deutschland;GEWAB1;Grund der Gewerbeabmeldung;GEW-RFWSL;Rechtsformwechsel;STAAG4;Staatsangehörigkeit;ST154;Rumänien;...;Anzahl;GEW013;Einzelunternehmer aus Gewerbeabmeldungen
52311;Gewerbeanzeigenstatistik;JAHR;Jahr;2026;MONAT;Monate;MONAT08;August;DINSG;Deutschland insgesamt;DG;Deutschland;GEWAB1;Grund der Gewerbeabmeldung;GEW-EVV;Erbfolge/Verkauf/Verpachtung;STAAG4;Staatsangehörigkeit;ST137;Italien;...;Anzahl;GEW013;Einzelunternehmer aus Gewerbeabmeldungen
52311;Gewerbeanzeigenstatistik;JAHR;Jahr;2026;MONAT;Monate;MONAT07;Juli;DINSG;Deutschland insgesamt;DG;Deutschland;GEWAB1;Grund der Gewerbeabmeldung;GEW-RFWSL;Rechtsformwechsel;STAAG4;Staatsangehörigkeit;ST134;Griechenland;3;Anzahl;GEW013;Einzelunternehmer aus Gewerbeabmeldungen
52311;Gewerbeanzeigenstatistik;JAHR;Jahr;2026;MONAT;Monate;MONAT08;August;DINSG;Deutschland insgesamt;DG;Deutschland;GEWAB1;Grund der Gewerbeabmeldung;GEW-RFWSL;Rechtsformwechsel;STAAG4;Staatsangehörigkeit;ST125;Bulgarien;...;Anzahl;GEW013;Einzelunternehmer aus Gewerbeabmeldungen
52311;Gewerbeanzeigenstatistik;JAHR;Jahr;2026;MONAT;Monate;MONAT12;Dezember;DINSG;Deutschland insgesamt;DG;Deutschland;GEWAB1;Grund der Gewerbeabmeldung;GEW-FORTZG;Fortzug;STAAG4;Staatsangehörigkeit;ST165;Ungarn;...;Anzahl;GEW013;Einzelunternehmer aus Gewerbeabmeldungen
52311;Gewerbeanzeigenstatistik;JAHR;Jahr;2026;MONAT;Monate;MONAT01;Januar;DINSG;Deutschland insgesamt;DG;Deutschland;GEWAB1;Grund der Gewerbeabmeldung;GEW-EVV;Erbfolge/Verkauf/Verpachtung;STAAG4;Staatsangehörigkeit;DG;Deutschland;1839;Anzahl;GEW013;Einzelunternehmer aus Gewerbeabmeldungen
52311;Gewerbeanzeigenstatistik;JAHR;Jahr;2026;MONAT;Monate;MONAT04;April;DINSG;Deutschland insgesamt;DG;Deutschland;GEWAB1;Grund der Gewerbeabmeldung;GEW-GESAUS;Gesellschafteraustritt;STAAG4;Staatsangehörigkeit;ST152;Polen;-;Anzahl;GEW013;Einzelunternehmer aus Gewerbeabmeldungen
52311;Gewerbeanzeigenstatistik;JAHR;Jahr;2026;MONAT;Monate;MONAT02;Februar;DINSG;Deutschland insgesamt;DG;Deutschland;GEWAB1;Grund der Gewerbeabmeldung;GEW-FORTZG;Fortzug;STAAG4;Staatsangehörigkeit;STA-SONST-01;Sonstige Staatsangehörigkeit;316;Anzahl;GEW013;Einzelunternehmer aus Gewerbeabmeldungen
52311;Gewerbeanzeigenstatistik;JAHR;Jahr;2026;MONAT;Monate;MONAT06;Juni;DINSG;Deutschland insgesamt;DG;Deutschland;GEWAB1;Grund der Gewerbeabmeldung;GEW-GESAUS;Gesellschafteraustritt;STAAG4;Staatsangehörigkeit;ST137;Italien;-;Anzahl;GEW013;Einzelunternehmer aus Gewerbeabmeldungen
52311;Gewerbeanzeigenstatistik;JAHR;Jahr;2026;MONAT;Monate;MONAT08;August;DINSG;Deutschland insgesamt;DG;Deutschland;GEWAB1;Grund der Gewerbeabmeldung;GEW-VSTAUFG;Vollständige Aufgabe;STAAG4;Staatsangehörigkeit;ST152;Polen;...;Anzahl;GEW013;Einzelunternehmer aus Gewerbeabmeldungen
52311;Gewerbeanzeigenstatistik;JAHR;Jahr;2026;MONAT;Monate;MONAT01;Januar;DINSG;Deutschland insgesamt;DG;Deutschland;GEWAB1;Grund der Gewerbeabmeldung;GEW-VSTAUFG;Vollständige Aufgabe;STAAG4;Staatsangehörigkeit;ST152;Polen;1590;Anzahl;GEW013;Einzelunternehmer aus Gewerbeabmeldungen
52311;Gewerbeanzeigenstatistik;JAHR;Jahr;2026;MONAT;Monate;MONAT07;Juli;DINSG;Deutschland insgesamt;DG;Deutschland;GEWAB1;Grund der Gewerbeabmeldung;GEW-FORTZG;Fortzug;STAAG4;Staatsangehörigkeit;ST137;Italien;32;Anzahl;GEW013;Einzelunternehmer aus Gewerbeabmeldungen
52311;Gewerbeanzeigenstatistik;JAHR;Jahr;2026;MONAT;Monate;MONAT03;März;DINSG;Deutschland insgesamt;DG;Deutschland;GEWAB1;Grund der Gewerbeabmeldung;;Insgesamt;STAAG4;Staatsangehörigkeit;ST165;Ungarn;185;Anzahl;GEW013;Einzelunternehmer aus Gewerbeabmeldungen
52311;Gewerbeanzeigenstatistik;JAHR;Jahr;2026;MONAT;Monate;MONAT05;Mai;DINSG;Deutschland insgesamt;DG;Deutschland;GEWAB1;Grund der Gewerbeabmeldung;GEW-EVV;Erbfolge/Verkauf/Verpachtung;STAAG4;Staatsangehörigkeit;STA-SONST-01;Sonstige Staatsangehörigkeit;246;Anzahl;GEW013;Einzelunternehmer aus Gewerbeabmeldungen
52311;Gewerbeanzeigenstatistik;JAHR;Jahr;2026;MONAT;Monate;MONAT05;Mai;DINSG;Deutschland insgesamt;DG;Deutschland;GEWAB1;Grund der Gewerbeabmeldung;GEW-VSTAUFG;Vollständige Aufgabe;STAAG4;Staatsangehörigkeit;ST152;Polen;895;Anzahl;GEW013;Einzelunternehmer aus Gewerbeabmeldungen
52311;Gewerbeanzeigenstatistik;JAHR;Jahr;2026;MONAT;Monate;MONAT04;April;DINSG;Deutschland insgesamt;DG;Deutschland;GEWAB1;Grund der Gewerbeabmeldung;GEW-VSTAUFG;Vollständige Aufgabe;STAAG4;Staatsangehörigkeit;ST152;Polen;1017;Anzahl;GEW013;Einzelunternehmer aus Gewerbeabmeldungen
52311;Gewerbeanzeigenstatistik;JAHR;Jahr;2026;MONAT;Monate;MONAT09;September;DINSG;Deutschland insgesamt;DG;Deutschland;GEWAB1;Grund der Gewerbeabmeldung;;Insgesamt;STAAG4;Staatsangehörigkeit;ST137;Italien;...;Anzahl;GEW013;Einzelunternehmer aus Gewerbeabmeldungen
52311;Gewerbeanzeigenstatistik;JAHR;Jahr;2026;MONAT;Monate;MONAT12;Dezember;DINSG;Deutschland insgesamt;DG;Deutschland;GEWAB1;Grund der Gewerbeabmeldung;GEW-EVV;Erbfolge/Verkauf/Verpachtung;STAAG4;Staatsangehörigkeit;ST154;Rumänien;...;Anzahl;GEW013;Einzelunternehmer aus Gewerbeabmeldungen
52311;Gewerbeanzeigenstatistik;JAHR;Jahr;2026;MONAT;Monate;MONAT12;Dezember;DINSG;Deutschland insgesamt;DG;Deutschland;GEWAB1;Grund der Gewerbeabmeldung;GEW-GESAUS;Gesellschafteraustritt;STAAG4;Staatsangehörigkeit;ST152;Polen;...;Anzahl;GEW013;Einzelunternehmer aus Gewerbeabmeldungen
52311;Gewerbeanzeigenstatistik;JAHR;Jahr;2026;MONAT;Monate;MONAT01;Januar;DINSG;Deutschland insgesamt;DG;Deutschland;GEWAB1;Grund der Gewerbeabmeldung;GEW-UMWDLG;Umwandlung;STAAG4;Staatsangehörigkeit;ST154;Rumänien;-;Anzahl;GEW013;Einzelunternehmer aus Gewerbeabmeldungen
52311;Gewerbeanzeigenstatistik;JAHR;Jahr;2026;MONAT;Monate;MONAT05;Mai;DINSG;Deutschland insgesamt;DG;Deutschland;GEWAB1;Grund der Gewerbeabmeldung;GEW-FORTZG;Fortzug;STAAG4;Staatsangehörigkeit;ST125;Bulgarien;17;Anzahl;GEW013;Einzelunternehmer aus Gewerbeabmeldungen
52311;Gewerbeanzeigenstatistik;JAHR;Jahr;2026;MONAT;Monate;MONAT10;Oktober;DINSG;Deutschland insgesamt;DG;Deutschland;GEWAB1;Grund der Gewerbeabmeldung;GEW-EVV;Erbfolge/Verkauf/Verpachtung;STAAG4;Staatsangehörigkeit;ST152;Polen;...;Anzahl;GEW013;Einzelunternehmer aus Gewerbeabmeldungen
52311;Gewerbeanzeigenstatistik;JAHR;Jahr;2026;MONAT;Monate;MONAT02;Februar;DINSG;Deutschland insgesamt;DG;Deutschland;GEWAB1;Grund der Gewerbeabmeldung;GEW-RFWSL;Rechtsformwechsel;STAAG4;Staatsangehörigkeit;ST152;Polen;1;Anzahl;GEW013;Einzelunternehmer aus Gewerbeabmeldungen
52311;Gewerbeanzeigenstatistik;JAHR;Jahr;2026;MONAT;Monate;MONAT07;Juli;DINSG;Deutschland insgesamt;DG;Deutschland;GEWAB1;Grund der Gewerbeabmeldung;GEW-EVV;Erbfolge/Verkauf/Verpachtung;STAAG4;Staatsangehörigkeit;ST125;Bulgarien;7;Anzahl;GEW013;Einzelunternehmer aus Gewerbeabmeldungen
52311;Gewerbeanzeigenstatistik;JAHR;Jahr;2026;MONAT;Monate;MONAT03;März;DINSG;Deutschland insgesamt;DG;Deutschland;GEWAB1;Grund der Gewerbeabmeldung;GEW-GESAUS;Gesellschafteraustritt;STAAG4;Staatsangehörigkeit;ST154;Rumänien;-;Anzahl;GEW013;Einzelunternehmer aus Gewerbeabmeldungen
52311;Gewerbeanzeigenstatistik;JAHR;Jahr;2026;MONAT;Monate;MONAT12;Dezember;DINSG;Deutschland insgesamt;DG;Deutschland;GEWAB1;Grund der Gewerbeabmeldung;GEW-UMWDLG;Umwandlung;STAAG4;Staatsangehörigkeit;ST137;Italien;...;Anzahl;GEW013;Einzelunternehmer aus Gewerbeabmeldungen
52311;Gewerbeanzeigenstatistik;JAHR;Jahr;2026;MONAT;Monate;MONAT11;November;DINSG;Deutschland insgesamt;DG;Deutschland;GEWAB1;Grund der Gewerbeabmeldung;;Insgesamt;STAAG4;Staatsangehörigkeit;ST163;Türkei;...;Anzahl;GEW013;Einzelunternehmer aus Gewerbeabmeldungen
52311;Gewerbeanzeigenstatistik;JAHR;Jahr;2026;MONAT;Monate;MONAT07;Juli;DINSG;Deutschland insgesamt;DG;Deutschland;GEWAB1;Grund der Gewerbeabmeldung;;Insgesamt;STAAG4;Staatsangehörigkeit;STA-SONST-01;Sonstige Staatsangehörigkeit;5055;Anzahl;GEW013;Einzelunternehmer aus Gewerbeabmeldungen
52311;Gewerbeanzeigenstatistik;JAHR;Jahr;2026;MONAT;Monate;MONAT10;Oktober;DINSG;Deutschland insgesamt;DG;Deutschland;GEWAB1;Grund der Gewerbeabmeldung;GEW-UMWDLG;Umwandlung;STAAG4;Staatsangehörigkeit;STA-SONST-01;Sonstige Staatsangehörigkeit;...;Anzahl;GEW013;Einzelunternehmer aus Gewerbeabmeldungen
52311;Gewerbeanzeigenstatistik;JAHR;Jahr;2026;MONAT;Monate;MONAT09;September;DINSG;Deutschland insgesamt;DG;Deutschland;GEWAB1;Grund der Gewerbeabmeldung;GEW-VSTAUFG;Vollständige Aufgabe;STAAG4;Staatsangehörigkeit;ST152;Polen;...;Anzahl;GEW013;Einzelunternehmer aus Gewerbeabmeldungen
52311;Gewerbeanzeigenstatistik;JAHR;Jahr;2026;MONAT;Monate;MONAT01;Januar;DINSG;Deutschland insgesamt;DG;Deutschland;GEWAB1;Grund der Gewerbeabmeldung;;Insgesamt;STAAG4;Staatsangehörigkeit;ST163;Türkei;1723;Anzahl;GEW013;Einzelunternehmer aus Gewerbeabmeldungen
52311;Gewerbeanzeigenstatistik;JAHR;Jahr;2026;MONAT;Monate;MONAT04;April;DINSG;Deutschland insgesamt;DG;Deutschland;GEWAB1;Grund der Gewerbeabmeldung;GEW-FORTZG;Fortzug;STAAG4;Staatsangehörigkeit;ST165;Ungarn;21;Anzahl;GEW013;Einzelunternehmer aus Gewerbeabmeldungen
52311;Gewerbeanzeigenstatistik;JAHR;Jahr;2026;MONAT;Monate;MONAT07;Juli;DINSG;Deutschland insgesamt;DG;Deutschland;GEWAB1;Grund der Gewerbeabmeldung;GEW-UMWDLG;Umwandlung;STAAG4;Staatsangehörigkeit;STA-SONST-01;Sonstige Staatsangehörigkeit;4;Anzahl;GEW013;Einzelunternehmer aus Gewerbeabmeldungen
52311;Gewerbeanzeigenstatistik;JAHR;Jahr;2026;MONAT;Monate;MONAT11;November;DINSG;Deutschland insgesamt;DG;Deutschland;GEWAB1;Grund der Gewerbeabmeldung;GEW-UMWDLG;Umwandlung;STAAG4;Staatsangehörigkeit;ST154;Rumänien;...;Anzahl;GEW013;Einzelunternehmer aus Gewerbeabmeldungen
52311;Gewerbeanzeigenstatistik;JAHR;Jahr;2026;MONAT;Monate;MONAT09;September;DINSG;Deutschland insgesamt;DG;Deutschland;GEWAB1;Grund der Gewerbeabmeldung;GEW-RFWSL;Rechtsformwechsel;STAAG4;Staatsangehörigkeit;ST165;Ungarn;...;Anzahl;GEW013;Einzelunternehmer aus Gewerbeabmeldungen
52311;Gewerbeanzeigenstatistik;JAHR;Jahr;2026;MONAT;Monate;MONAT02;Februar;DINSG;Deutschland insgesamt;DG;Deutschland;GEWAB1;Grund der Gewerbeabmeldung;GEW-VSTAUFG;Vollständige Aufgabe;STAAG4;Staatsangehörigkeit;ST163;Türkei;1122;Anzahl;GEW013;Einzelunternehmer aus Gewerbeabmeldungen
52311;Gewerbeanzeigenstatistik;JAHR;Jahr;2026;MONAT;Monate;MONAT06;Juni;DINSG;Deutschland insgesamt;DG;Deutschland;GEWAB1;Grund der Gewerbeabmeldung;GEW-VSTAUFG;Vollständige Aufgabe;STAAG4;Staatsangehörigkeit;ST163;Türkei;1165;Anzahl;GEW013;Einzelunternehmer aus Gewerbeabmeldungen
52311;Gewerbeanzeigenstatistik;JAHR;Jahr;2026;MONAT;Monate;MONAT06;Juni;DINSG;Deutschland insgesamt;DG;Deutschland;GEWAB1;Grund der Gewerbeabmeldung;GEW-VSTAUFG;Vollständige Aufgabe;STAAG4;Staatsangehörigkeit;STA-SONST-01;Sonstige Staatsangehörigkeit;4115;Anzahl;GEW013;Einzelunternehmer aus Gewerbeabmeldungen
52311;Gewerbeanzeigenstatistik;JAHR;Jahr;2026;MONAT;Monate;MONAT06;Juni;DINSG;Deutschland insgesamt;DG;Deutschland;GEWAB1;Grund der Gewerbeabmeldung;GEW-GESAUS;Gesellschafteraustritt;STAAG4;Staatsangehörigkeit;STA-SONST-01;Sonstige Staatsangehörigkeit;-;Anzahl;GEW013;Einzelunternehmer aus Gewerbeabmeldungen
52311;Gewerbeanzeigenstatistik;JAHR;Jahr;2026;MONAT;Monate;MONAT08;August;DINSG;Deutschland insgesamt;DG;Deutschland;GEWAB1;Grund der Gewerbeabmeldung;GEW-UMWDLG;Umwandlung;STAAG4;Staatsangehörigkeit;ST165;Ungarn;...;Anzahl;GEW013;Einzelunternehmer aus Gewerbeabmeldungen
52311;Gewerbeanzeigenstatistik;JAHR;Jahr;2026;MONAT;Monate;MONAT08;August;DINSG;Deutschland insgesamt;DG;Deutschland;GEWAB1;Grund der Gewerbeabmeldung;GEW-VSTAUFG;Vollständige Aufgabe;STAAG4;Staatsangehörigkeit;ST163;Türkei;...;Anzahl;GEW013;Einzelunternehmer aus Gewerbeabmeldungen
52311;Gewerbeanzeigenstatistik;JAHR;Jahr;2026;MONAT;Monate;MONAT12;Dezember;DINSG;Deutschland insgesamt;DG;Deutschland;GEWAB1;Grund der Gewerbeabmeldung;GEW-FORTZG;Fortzug;STAAG4;Staatsangehörigkeit;ST152;Polen;...;Anzahl;GEW013;Einzelunternehmer aus Gewerbeabmeldungen
52311;Gewerbeanzeigenstatistik;JAHR;Jahr;2026;MONAT;Monate;MONAT03;März;DINSG;Deutschland insgesamt;DG;Deutschland;GEWAB1;Grund der Gewerbeabmeldung;GEW-GESAUS;Gesellschafteraustritt;STAAG4;Staatsangehörigkeit;ST163;Türkei;-;Anzahl;GEW013;Einzelunternehmer aus Gewerbeabmeldungen
52311;Gewerbeanzeigenstatistik;JAHR;Jahr;2026;MONAT;Monate;MONAT05;Mai;DINSG;Deutschland insgesamt;DG;Deutschland;GEWAB1;Grund der Gewerbeabmeldung;;Insgesamt;STAAG4;Staatsangehörigkeit;ST134;Griechenland;225;Anzahl;GEW013;Einzelunternehmer aus Gewerbeabmeldungen
52311;Gewerbeanzeigenstatistik;JAHR;Jahr;2026;MONAT;Monate;MONAT08;August;DINSG;Deutschland insgesamt;DG;Deutschland;GEWAB1;Grund der Gewerbeabmeldung;GEW-EVV;Erbfolge/Verkauf/Verpachtung;STAAG4;Staatsangehörigkeit;DG;Deutschland;...;Anzahl;GEW013;Einzelunternehmer aus Gewerbeabmeldungen
52311;Gewerbeanzeigenstatistik;JAHR;Jahr;2026;MONAT;Monate;MONAT03;März;DINSG;Deutschland insgesamt;DG;Deutschland;GEWAB1;Grund der Gewerbeabmeldung;GEW-EVV;Erbfolge/Verkauf/Verpachtung;STAAG4;Staatsangehörigkeit;ST152;Polen;7;Anzahl;GEW013;Einzelunternehmer aus Gewerbeabmeldungen
52311;Gewerbeanzeigenstatistik;JAHR;Jahr;2026;MONAT;Monate;MONAT12;Dezember;DINSG;Deutschland insgesamt;DG;Deutschland;GEWAB1;Grund der Gewerbeabmeldung;GEW-UMWDLG;Umwandlung;STAAG4;Staatsangehörigkeit;STA-SONST-01;Sonstige Staatsangehörigkeit;...;Anzahl;GEW013;Einzelunternehmer aus Gewerbeabmeldungen
52311;Gewerbeanzeigenstatistik;JAHR;Jahr;2026;MONAT;Monate;MONAT06;Juni;DINSG;Deutschland insgesamt;DG;Deutschland;GEWAB1;Grund der Gewerbeabmeldung;GEW-UMWDLG;Umwandlung;STAAG4;Staatsangehörigkeit;ST163;Türkei;1;Anzahl;GEW013;Einzelunternehmer aus Gewerbeabmeldungen
52311;Gewerbeanzeigenstatistik;JAHR;Jahr;2026;MONAT;Monate;MONAT04;April;DINSG;Deutschland insgesamt;DG;Deutschland;GEWAB1;Grund der Gewerbeabmeldung;GEW-VSTAUFG;Vollständige Aufgabe;STAAG4;Staatsangehörigkeit;ST163;Türkei;1069;Anzahl;GEW013;Einzelunternehmer aus Gewerbeabmeldungen
52311;Gewerbeanzeigenstatistik;JAHR;Jahr;2026;MONAT;Monate;MONAT08;August;DINSG;Deutschland insgesamt;DG;Deutschland;GEWAB1;Grund der Gewerbeabmeldung;GEW-EVV;Erbfolge/Verkauf/Verpachtung;STAAG4;Staatsangehörigkeit;ST134;Griechenland;...;Anzahl;GEW013;Einzelunternehmer aus Gewerbeabmeldungen
52311;Gewerbeanzeigenstatistik;JAHR;Jahr;2026;MONAT;Monate;MONAT10;Oktober;DINSG;Deutschland insgesamt;DG;Deutschland;GEWAB1;Grund der Gewerbeabmeldung;GEW-RFWSL;Rechtsformwechsel;STAAG4;Staatsangehörigkeit;DG;Deutschland;...;Anzahl;GEW013;Einzelunternehmer aus Gewerbeabmeldungen
52311;Gewerbeanzeigenstatistik;JAHR;Jahr;2026;MONAT;Monate;MONAT11;November;DINSG;Deutschland insgesamt;DG;Deutschland;GEWAB1;Grund der Gewerbeabmeldung;GEW-RFWSL;Rechtsformwechsel;STAAG4;Staatsangehörigkeit;ST154;Rumänien;...;Anzahl;GEW013;Einzelunternehmer aus Gewerbeabmeldungen
52311;Gewerbeanzeigenstatistik;JAHR;Jahr;2026;MONAT;Monate;MONAT11;November;DINSG;Deutschland insgesamt;DG;Deutschland;GEWAB1;Grund der Gewerbeabmeldung;GEW-VSTAUFG;Vollständige Aufgabe;STAAG4;Staatsangehörigkeit;ST163;Türkei;...;Anzahl;GEW013;Einzelunternehmer aus Gewerbeabmeldungen
52311;Gewerbeanzeigenstatistik;JAHR;Jahr;2026;MONAT;Monate;MONAT06;Juni;DINSG;Deutschland insgesamt;DG;Deutschland;GEWAB1;Grund der Gewerbeabmeldung;GEW-EVV;Erbfolge/Verkauf/Verpachtung;STAAG4;Staatsangehörigkeit;STA-SONST-01;Sonstige Staatsangehörigkeit;326;Anzahl;GEW013;Einzelunternehmer aus Gewerbeabmeldungen
52311;Gewerbeanzeigenstatistik;JAHR;Jahr;2026;MONAT;Monate;MONAT05;Mai;DINSG;Deutschland insgesamt;DG;Deutschland;GEWAB1;Grund der Gewerbeabmeldung;GEW-EVV;Erbfolge/Verkauf/Verpachtung;STAAG4;Staatsangehörigkeit;ST154;Rumänien;17;Anzahl;GEW013;Einzelunternehmer aus Gewerbeabmeldungen
52311;Gewerbeanzeigenstatistik;JAHR;Jahr;2026;MONAT;Monate;MONAT07;Juli;DINSG;Deutschland insgesamt;DG;Deutschland;GEWAB1;Grund der Gewerbeabmeldung;;Insgesamt;STAAG4;Staatsangehörigkeit;ST125;Bulgarien;407;Anzahl;GEW013;Einzelunternehmer aus Gewerbeabmeldungen
52311;Gewerbeanzeigenstatistik;JAHR;Jahr;2026;MONAT;Monate;MONAT12;Dezember;DINSG;Deutschland insgesamt;DG;Deutschland;GEWAB1;Grund der Gewerbeabmeldung;GEW-RFWSL;Rechtsformwechsel;STAAG4;Staatsangehörigkeit;ST163;Türkei;...;Anzahl;GEW013;Einzelunternehmer aus Gewerbeabmeldungen
52311;Gewerbeanzeigenstatistik;JAHR;Jahr;2026;MONAT;Monate;MONAT05;Mai;DINSG;Deutschland insgesamt;DG;Deutschland;GEWAB1;Grund der Gewerbeabmeldung;GEW-UMWDLG;Umwandlung;STAAG4;Staatsangehörigkeit;STA-SONST-01;Sonstige Staatsangehörigkeit;2;Anzahl;GEW013;Einzelunternehmer aus Gewerbeabmeldungen
52311;Gewerbeanzeigenstatistik;JAHR;Jahr;2026;MONAT;Monate;MONAT02;Februar;DINSG;Deutschland insgesamt;DG;Deutschland;GEWAB1;Grund der Gewerbeabmeldung;;Insgesamt;STAAG4;Staatsangehörigkeit;ST154;Rumänien;822;Anzahl;GEW013;Einzelunternehmer aus Gewerbeabmeldungen
52311;Gewerbeanzeigenstatistik;JAHR;Jahr;2026;MONAT;Monate;MONAT08;August;DINSG;Deutschland insgesamt;DG;Deutschland;GEWAB1;Grund der Gewerbeabmeldung;GEW-VSTAUFG;Vollständige Aufgabe;STAAG4;Staatsangehörigkeit;STA-SONST-01;Sonstige Staatsangehörigkeit;...;Anzahl;GEW013;Einzelunternehmer aus Gewerbeabmeldungen
52311;Gewerbeanzeigenstatistik;JAHR;Jahr;2026;MONAT;Monate;MONAT03;März;DINSG;Deutschland insgesamt;DG;Deutschland;GEWAB1;Grund der Gewerbeabmeldung;GEW-UMWDLG;Umwandlung;STAAG4;Staatsangehörigkeit;ST125;Bulgarien;-;Anzahl;GEW013;Einzelunternehmer aus Gewerbeabmeldungen
52311;Gewerbeanzeigenstatistik;JAHR;Jahr;2026;MONAT;Monate;MONAT11;November;DINSG;Deutschland insgesamt;DG;Deutschland;GEWAB1;Grund der Gewerbeabmeldung;;Insgesamt;STAAG4;Staatsangehörigkeit;ST152;Polen;...;Anzahl;GEW013;Einzelunternehmer aus Gewerbeabmeldungen
52311;Gewerbeanzeigenstatistik;JAHR;Jahr;2026;MONAT;Monate;MONAT05;Mai;DINSG;Deutschland insgesamt;DG;Deutschland;GEWAB1;Grund der Gewerbeabmeldung;GEW-GESAUS;Gesellschafteraustritt;STAAG4;Staatsangehörigkeit;ST134;Griechenland;-;Anzahl;GEW013;Einzelunternehmer aus Gewerbeabmeldungen
52311;Gewerbeanzeigenstatistik;JAHR;Jahr;2026;MONAT;Monate;MONAT07;Juli;DINSG;Deutschland insgesamt;DG;Deutschland;GEWAB1;Grund der Gewerbeabmeldung;GEW-RFWSL;Rechtsformwechsel;STAAG4;Staatsangehörigkeit;ST137;Italien;4;Anzahl;GEW013;Einzelunternehmer aus Gewerbeabmeldungen
52311;Gewerbeanzeigenstatistik;JAHR;Jahr;2026;MONAT;Monate;MONAT09;September;DINSG;Deutschland insgesamt;DG;Deutschland;GEWAB1;Grund der Gewerbeabmeldung;GEW-UMWDLG;Umwandlung;STAAG4;Staatsangehörigkeit;ST134;Griechenland;...;Anzahl;GEW013;Einzelunternehmer aus Gewerbeabmeldungen
52311;Gewerbeanzeigenstatistik;JAHR;Jahr;2026;MONAT;Monate;MONAT11;November;DINSG;Deutschland insgesamt;DG;Deutschland;GEWAB1;Grund der Gewerbeabmeldung;GEW-GESAUS;Gesellschafteraustritt;STAAG4;Staatsangehörigkeit;STA-SONST-01;Sonstige Staatsangehörigkeit;...;Anzahl;GEW013;Einzelunternehmer aus Gewerbeabmeldungen
52311;Gewerbeanzeigenstatistik;JAHR;Jahr;2026;MONAT;Monate;MONAT06;Juni;DINSG;Deutschland insgesamt;DG;Deutschland;GEWAB1;Grund der Gewerbeabmeldung;GEW-GESAUS;Gesellschafteraustritt;STAAG4;Staatsangehörigkeit;ST134;Griechenland;-;Anzahl;GEW013;Einzelunternehmer aus Gewerbeabmeldungen
52311;Gewerbeanzeigenstatistik;JAHR;Jahr;2026;MONAT;Monate;MONAT02;Februar;DINSG;Deutschland insgesamt;DG;Deutschland;GEWAB1;Grund der Gewerbeabmeldung;GEW-EVV;Erbfolge/Verkauf/Verpachtung;STAAG4;Staatsangehörigkeit;ST163;Türkei;132;Anzahl;GEW013;Einzelunternehmer aus Gewerbeabmeldungen
52311;Gewerbeanzeigenstatistik;JAHR;Jahr;2026;MONAT;Monate;MONAT09;September;DINSG;Deutschland insgesamt;DG;Deutschland;GEWAB1;Grund der Gewerbeabmeldung;GEW-FORTZG;Fortzug;STAAG4;Staatsangehörigkeit;DG;Deutschland;...;Anzahl;GEW013;Einzelunternehmer aus Gewerbeabmeldungen
52311;Gewerbeanzeigenstatistik;JAHR;Jahr;2026;MONAT;Monate;MONAT04;April;DINSG;Deutschland insgesamt;DG;Deutschland;GEWAB1;Grund der Gewerbeabmeldung;GEW-EVV;Erbfolge/Verkauf/Verpachtung;STAAG4;Staatsangehörigkeit;ST165;Ungarn;2;Anzahl;GEW013;Einzelunternehmer aus Gewerbeabmeldungen
52311;Gewerbeanzeigenstatistik;JAHR;Jahr;2026;MONAT;Monate;MONAT01;Januar;DINSG;Deutschland insgesamt;DG;Deutschland;GEWAB1;Grund der Gewerbeabmeldung;GEW-UMWDLG;Umwandlung;STAAG4;Staatsangehörigkeit;ST134;Griechenland;-;Anzahl;GEW013;Einzelunternehmer aus Gewerbeabmeldungen
52311;Gewerbeanzeigenstatistik;JAHR;Jahr;2026;MONAT;Monate;MONAT11;November;DINSG;Deutschland insgesamt;DG;Deutschland;GEWAB1;Grund der Gewerbeabmeldung;GEW-VSTAUFG;Vollständige Aufgabe;STAAG4;Staatsangehörigkeit;ST152;Polen;...;Anzahl;GEW013;Einzelunternehmer aus Gewerbeabmeldungen
52311;Gewerbeanzeigenstatistik;JAHR;Jahr;2026;MONAT;Monate;MONAT08;August;DINSG;Deutschland insgesamt;DG;Deutschland;GEWAB1;Grund der Gewerbeabmeldung;;Insgesamt;STAAG4;Staatsangehörigkeit;ST137;Italien;...;Anzahl;GEW013;Einzelunternehmer aus Gewerbeabmeldungen
52311;Gewerbeanzeigenstatistik;JAHR;Jahr;2026;MONAT;Monate;MONAT02;Februar;DINSG;Deutschland insgesamt;DG;Deutschland;GEWAB1;Grund der Gewerbeabmeldung;;Insgesamt;STAAG4;Staatsangehörigkeit;ST165;Ungarn;137;Anzahl;GEW013;Einzelunternehmer aus Gewerbeabmeldungen
52311;Gewerbeanzeigenstatistik;JAHR;Jahr;2026;MONAT;Monate;MONAT10;Oktober;DINSG;Deutschland insgesamt;DG;Deutschland;GEWAB1;Grund der Gewerbeabmeldung;;Insgesamt;STAAG4;Staatsangehörigkeit;ST163;Türkei;...;Anzahl;GEW013;Einzelunternehmer aus Gewerbeabmeldungen
52311;Gewerbeanzeigenstatistik;JAHR;Jahr;2026;MONAT;Monate;MONAT07;Juli;DINSG;Deutschland insgesamt;DG;Deutschland;GEWAB1;Grund der Gewerbeabmeldung;GEW-GESAUS;Gesellschafteraustritt;STAAG4;Staatsangehörigkeit;ST125;Bulgarien;-;Anzahl;GEW013;Einzelunternehmer aus Gewerbeabmeldungen
52311;Gewerbeanzeigenstatistik;JAHR;Jahr;2026;MONAT;Monate;MONAT12;Dezember;DINSG;Deutschland insgesamt;DG;Deutschland;GEWAB1;Grund der Gewerbeabmeldung;;Insgesamt;STAAG4;Staatsangehörigkeit;ST165;Ungarn;...;Anzahl;GEW013;Einzelunternehmer aus Gewerbeabmeldungen
52311;Gewerbeanzeigenstatistik;JAHR;Jahr;2026;MONAT;Monate;MONAT02;Februar;DINSG;Deutschland insgesamt;DG;Deutschland;GEWAB1;Grund der Gewerbeabmeldung;GEW-UMWDLG;Umwandlung;STAAG4;Staatsangehörigkeit;ST134;Griechenland;1;Anzahl;GEW013;Einzelunternehmer aus Gewerbeabmeldungen
52311;Gewerbeanzeigenstatistik;JAHR;Jahr;2026;MONAT;Monate;MONAT02;Februar;DINSG;Deutschland insgesamt;DG;Deutschland;GEWAB1;Grund der Gewerbeabmeldung;GEW-EVV;Erbfolge/Verkauf/Verpachtung;STAAG4;Staatsangehörigkeit;DG;Deutschland;1091;Anzahl;GEW013;Einzelunternehmer aus Gewerbeabmeldungen
52311;Gewerbeanzeigenstatistik;JAHR;Jahr;2026;MONAT;Monate;MONAT03;März;DINSG;Deutschland insgesamt;DG;Deutschland;GEWAB1;Grund der Gewerbeabmeldung;GEW-UMWDLG;Umwandlung;STAAG4;Staatsangehörigkeit;ST137;Italien;2;Anzahl;GEW013;Einzelunternehmer aus Gewerbeabmeldungen
52311;Gewerbeanzeigenstatistik;JAHR;Jahr;2026;MONAT;Monate;MONAT02;Februar;DINSG;Deutschland insgesamt;DG;Deutschland;GEWAB1;Grund der Gewerbeabmeldung;GEW-EVV;Erbfolge/Verkauf/Verpachtung;STAAG4;Staatsangehörigkeit;ST152;Polen;6;Anzahl;GEW013;Einzelunternehmer aus Gewerbeabmeldungen
52311;Gewerbeanzeigenstatistik;JAHR;Jahr;2026;MONAT;Monate;MONAT07;Juli;DINSG;Deutschland insgesamt;DG;Deutschland;GEWAB1;Grund der Gewerbeabmeldung;GEW-UMWDLG;Umwandlung;STAAG4;Staatsangehörigkeit;ST163;Türkei;1;Anzahl;GEW013;Einzelunternehmer aus Gewerbeabmeldungen
52311;Gewerbeanzeigenstatistik;JAHR;Jahr;2026;MONAT;Monate;MONAT04;April;DINSG;Deutschland insgesamt;DG;Deutschland;GEWAB1;Grund der Gewerbeabmeldung;;Insgesamt;STAAG4;Staatsangehörigkeit;ST134;Griechenland;269;Anzahl;GEW013;Einzelunternehmer aus Gewerbeabmeldungen
52311;Gewerbeanzeigenstatistik;JAHR;Jahr;2026;MONAT;Monate;MONAT04;April;DINSG;Deutschland insgesamt;DG;Deutschland;GEWAB1;Grund der Gewerbeabmeldung;GEW-GESAUS;Gesellschafteraustritt;STAAG4;Staatsangehörigkeit;ST165;Ungarn;-;Anzahl;GEW013;Einzelunternehmer aus Gewerbeabmeldungen
52311;Gewerbeanzeigenstatistik;JAHR;Jahr;2026;MONAT;Monate;MONAT04;April;DINSG;Deutschland insgesamt;DG;Deutschland;GEWAB1;Grund der Gewerbeabmeldung;GEW-EVV;Erbfolge/Verkauf/Verpachtung;STAAG4;Staatsangehörigkeit;ST154;Rumänien;11;Anzahl;GEW013;Einzelunternehmer aus Gewerbeabmeldungen
52311;Gewerbeanzeigenstatistik;JAHR;Jahr;2026;MONAT;Monate;MONAT07;Juli;DINSG;Deutschland insgesamt;DG;Deutschland;GEWAB1;Grund der Gewerbeabmeldung;GEW-EVV;Erbfolge/Verkauf/Verpachtung;STAAG4;Staatsangehörigkeit;ST134;Griechenland;24;Anzahl;GEW013;Einzelunternehmer aus Gewerbeabmeldungen
52311;Gewerbeanzeigenstatistik;JAHR;Jahr;2026;MONAT;Monate;MONAT06;Juni;DINSG;Deutschland insgesamt;DG;Deutschland;GEWAB1;Grund der Gewerbeabmeldung;;Insgesamt;STAAG4;Staatsangehörigkeit;ST125;Bulgarien;367;Anzahl;GEW013;Einzelunternehmer aus Gewerbeabmeldungen
52311;Gewerbeanzeigenstatistik;JAHR;Jahr;2026;MONAT;Monate;MONAT01;Januar;DINSG;Deutschland insgesamt;DG;Deutschland;GEWAB1;Grund der Gewerbeabmeldung;GEW-RFWSL;Rechtsformwechsel;STAAG4;Staatsangehörigkeit;ST152;Polen;2;Anzahl;GEW013;Einzelunternehmer aus Gewerbeabmeldungen
52311;Gewerbeanzeigenstatistik;JAHR;Jahr;2026;MONAT;Monate;MONAT12;Dezember;DINSG;Deutschland insgesamt;DG;Deutschland;GEWAB1;Grund der Gewerbeabmeldung;GEW-EVV;Erbfolge/Verkauf/Verpachtung;STAAG4;Staatsangehörigkeit;ST163;Türkei;...;Anzahl;GEW013;Einzelunternehmer aus Gewerbeabmeldungen
52311;Gewerbeanzeigenstatistik;JAHR;Jahr;2026;MONAT;Monate;MONAT10;Oktober;DINSG;Deutschland insgesamt;DG;Deutschland;GEWAB1;Grund der Gewerbeabmeldung;GEW-UMWDLG;Umwandlung;STAAG4;Staatsangehörigkeit;ST165;Ungarn;...;Anzahl;GEW013;Einzelunternehmer aus Gewerbeabmeldungen
52311;Gewerbeanzeigenstatistik;JAHR;Jahr;2026;MONAT;Monate;MONAT01;Januar;DINSG;Deutschland insgesamt;DG;Deutschland;GEWAB1;Grund der Gewerbeabmeldung;GEW-EVV;Erbfolge/Verkauf/Verpachtung;STAAG4;Staatsangehörigkeit;ST163;Türkei;172;Anzahl;GEW013;Einzelunternehmer aus Gewerbeabmeldungen
52311;Gewerbeanzeigenstatistik;JAHR;Jahr;2026;MONAT;Monate;MONAT10;Oktober;DINSG;Deutschland insgesamt;DG;Deutschland;GEWAB1;Grund der Gewerbeabmeldung;;Insgesamt;STAAG4;Staatsangehörigkeit;ST152;Polen;...;Anzahl;GEW013;Einzelunternehmer aus Gewerbeabmeldungen
52311;Gewerbeanzeigenstatistik;JAHR;Jahr;2026;MONAT;Monate;MONAT07;Juli;DINSG;Deutschland insgesamt;DG;Deutschland;GEWAB1;Grund der Gewerbeabmeldung;GEW-GESAUS;Gesellschafteraustritt;STAAG4;Staatsangehörigkeit;ST137;Italien;-;Anzahl;GEW013;Einzelunternehmer aus Gewerbeabmeldungen
52311;Gewerbeanzeigenstatistik;JAHR;Jahr;2026;MONAT;Monate;MONAT01;Januar;DINSG;Deutschland insgesamt;DG;Deutschland;GEWAB1;Grund der Gewerbeabmeldung;;Insgesamt;STAAG4;Staatsangehörigkeit;ST154;Rumänien;939;Anzahl;GEW013;Einzelunternehmer aus Gewerbeabmeldungen
52311;Gewerbeanzeigenstatistik;JAHR;Jahr;2026;MONAT;Monate;MONAT12;Dezember;DINSG;Deutschland insgesamt;DG;Deutschland;GEWAB1;Grund der Gewerbeabmeldung;;Insgesamt;STAAG4;Staatsangehörigkeit;ST154;Rumänien;...;Anzahl;GEW013;Einzelunternehmer aus Gewerbeabmeldungen
52311;Gewerbeanzeigenstatistik;JAHR;Jahr;2026;MONAT;Monate;MONAT03;März;DINSG;Deutschland insgesamt;DG;Deutschland;GEWAB1;Grund der Gewerbeabmeldung;GEW-FORTZG;Fortzug;STAAG4;Staatsangehörigkeit;ST154;Rumänien;72;Anzahl;GEW013;Einzelunternehmer aus Gewerbeabmeldungen
52311;Gewerbeanzeigenstatistik;JAHR;Jahr;2026;MONAT;Monate;MONAT03;März;DINSG;Deutschland insgesamt;DG;Deutschland;GEWAB1;Grund der Gewerbeabmeldung;;Insgesamt;STAAG4;Staatsangehörigkeit;STA-SONST-01;Sonstige Staatsangehörigkeit;5068;Anzahl;GEW013;Einzelunternehmer aus Gewerbeabmeldungen
52311;Gewerbeanzeigenstatistik;JAHR;Jahr;2026;MONAT;Monate;MONAT10;Oktober;DINSG;Deutschland insgesamt;DG;Deutschland;GEWAB1;Grund der Gewerbeabmeldung;GEW-FORTZG;Fortzug;STAAG4;Staatsangehörigkeit;STA-SONST-01;Sonstige Staatsangehörigkeit;...;Anzahl;GEW013;Einzelunternehmer aus Gewerbeabmeldungen
52311;Gewerbeanzeigenstatistik;JAHR;Jahr;2026;MONAT;Monate;MONAT10;Oktober;DINSG;Deutschland insgesamt;DG;Deutschland;GEWAB1;Grund der Gewerbeabmeldung;;Insgesamt;STAAG4;Staatsangehörigkeit;DG;Deutschland;...;Anzahl;GEW013;Einzelunternehmer aus Gewerbeabmeldungen
52311;Gewerbeanzeigenstatistik;JAHR;Jahr;2026;MONAT;Monate;MONAT06;Juni;DINSG;Deutschland insgesamt;DG;Deutschland;GEWAB1;Grund der Gewerbeabmeldung;GEW-RFWSL;Rechtsformwechsel;STAAG4;Staatsangehörigkeit;ST125;Bulgarien;1;Anzahl;GEW013;Einzelunternehmer aus Gewerbeabmeldungen
52311;Gewerbeanzeigenstatistik;JAHR;Jahr;2026;MONAT;Monate;MONAT08;August;DINSG;Deutschland insgesamt;DG;Deutschland;GEWAB1;Grund der Gewerbeabmeldung;GEW-UMWDLG;Umwandlung;STAAG4;Staatsangehörigkeit;ST154;Rumänien;...;Anzahl;GEW013;Einzelunternehmer aus Gewerbeabmeldungen
52311;Gewerbeanzeigenstatistik;JAHR;Jahr;2026;MONAT;Monate;MONAT02;Februar;DINSG;Deutschland insgesamt;DG;Deutschland;GEWAB1;Grund der Gewerbeabmeldung;GEW-FORTZG;Fortzug;STAAG4;Staatsangehörigkeit;ST163;Türkei;59;Anzahl;GEW013;Einzelunternehmer aus Gewerbeabmeldungen
52311;Gewerbeanzeigenstatistik;JAHR;Jahr;2026;MONAT;Monate;MONAT12;Dezember;DINSG;Deutschland insgesamt;DG;Deutschland;GEWAB1;Grund der Gewerbeabmeldung;GEW-FORTZG;Fortzug;STAAG4;Staatsangehörigkeit;ST163;Türkei;...;Anzahl;GEW013;Einzelunternehmer aus Gewerbeabmeldungen
52311;Gewerbeanzeigenstatistik;JAHR;Jahr;2026;MONAT;Monate;MONAT07;Juli;DINSG;Deutschland insgesamt;DG;Deutschland;GEWAB1;Grund der Gewerbeabmeldung;GEW-UMWDLG;Umwandlung;STAAG4;Staatsangehörigkeit;ST152;Polen;1;Anzahl;GEW013;Einzelunternehmer aus Gewerbeabmeldungen
52311;Gewerbeanzeigenstatistik;JAHR;Jahr;2026;MONAT;Monate;MONAT08;August;DINSG;Deutschland insgesamt;DG;Deutschland;GEWAB1;Grund der Gewerbeabmeldung;GEW-FORTZG;Fortzug;STAAG4;Staatsangehörigkeit;DG;Deutschland;...;Anzahl;GEW013;Einzelunternehmer aus Gewerbeabmeldungen
52311;Gewerbeanzeigenstatistik;JAHR;Jahr;2026;MONAT;Monate;MONAT04;April;DINSG;Deutschland insgesamt;DG;Deutschland;GEWAB1;Grund der Gewerbeabmeldung;GEW-GESAUS;Gesellschafteraustritt;STAAG4;Staatsangehörigkeit;ST154;Rumänien;-;Anzahl;GEW013;Einzelunternehmer aus Gewerbeabmeldungen
52311;Gewerbeanzeigenstatistik;JAHR;Jahr;2026;MONAT;Monate;MONAT03;März;DINSG;Deutschland insgesamt;DG;Deutschland;GEWAB1;Grund der Gewerbeabmeldung;GEW-EVV;Erbfolge/Verkauf/Verpachtung;STAAG4;Staatsangehörigkeit;ST165;Ungarn;2;Anzahl;GEW013;Einzelunternehmer aus Gewerbeabmeldungen
52311;Gewerbeanzeigenstatistik;JAHR;Jahr;2026;MONAT;Monate;MONAT07;Juli;DINSG;Deutschland insgesamt;DG;Deutschland;GEWAB1;Grund der Gewerbeabmeldung;;Insgesamt;STAAG4;Staatsangehörigkeit;ST137;Italien;425;Anzahl;GEW013;Einzelunternehmer aus Gewerbeabmeldungen
52311;Gewerbeanzeigenstatistik;JAHR;Jahr;2026;MONAT;Monate;MONAT11;November;DINSG;Deutschland insgesamt;DG;Deutschland;GEWAB1;Grund der Gewerbeabmeldung;GEW-RFWSL;Rechtsformwechsel;STAAG4;Staatsangehörigkeit;ST165;Ungarn;...;Anzahl;GEW013;Einzelunternehmer aus Gewerbeabmeldungen
52311;Gewerbeanzeigenstatistik;JAHR;Jahr;2026;MONAT;Monate;MONAT01;Januar;DINSG;Deutschland insgesamt;DG;Deutschland;GEWAB1;Grund der Gewerbeabmeldung;GEW-RFWSL;Rechtsformwechsel;STAAG4;Staatsangehörigkeit;ST163;Türkei;17;Anzahl;GEW013;Einzelunternehmer aus Gewerbeabmeldungen
52311;Gewerbeanzeigenstatistik;JAHR;Jahr;2026;MONAT;Monate;MONAT06;Juni;DINSG;Deutschland insgesamt;DG;Deutschland;GEWAB1;Grund der Gewerbeabmeldung;GEW-FORTZG;Fortzug;STAAG4;Staatsangehörigkeit;ST125;Bulgarien;26;Anzahl;GEW013;Einzelunternehmer aus Gewerbeabmeldungen
52311;Gewerbeanzeigenstatistik;JAHR;Jahr;2026;MONAT;Monate;MONAT05;Mai;DINSG;Deutschland insgesamt;DG;Deutschland;GEWAB1;Grund der Gewerbeabmeldung;;Insgesamt;STAAG4;Staatsangehörigkeit;DG;Deutschland;23940;Anzahl;GEW013;Einzelunternehmer aus Gewerbeabmeldungen
52311;Gewerbeanzeigenstatistik;JAHR;Jahr;2026;MONAT;Monate;MONAT12;Dezember;DINSG;Deutschland insgesamt;DG;Deutschland;GEWAB1;Grund der Gewerbeabmeldung;GEW-EVV;Erbfolge/Verkauf/Verpachtung;STAAG4;Staatsangehörigkeit;ST152;Polen;...;Anzahl;GEW013;Einzelunternehmer aus Gewerbeabmeldungen
52311;Gewerbeanzeigenstatistik;JAHR;Jahr;2026;MONAT;Monate;MONAT10;Oktober;DINSG;Deutschland insgesamt;DG;Deutschland;GEWAB1;Grund der Gewerbeabmeldung;GEW-UMWDLG;Umwandlung;STAAG4;Staatsangehörigkeit;ST154;Rumänien;...;Anzahl;GEW013;Einzelunternehmer aus Gewerbeabmeldungen
52311;Gewerbeanzeigenstatistik;JAHR;Jahr;2026;MONAT;Monate;MONAT11;November;DINSG;Deutschland insgesamt;DG;Deutschland;GEWAB1;Grund der Gewerbeabmeldung;GEW-EVV;Erbfolge/Verkauf/Verpachtung;STAAG4;Staatsangehörigkeit;STA-SONST-01;Sonstige Staatsangehörigkeit;...;Anzahl;GEW013;Einzelunternehmer aus Gewerbeabmeldungen
52311;Gewerbeanzeigenstatistik;JAHR;Jahr;2026;MONAT;Monate;MONAT12;Dezember;DINSG;Deutschland insgesamt;DG;Deutschland;GEWAB1;Grund der Gewerbeabmeldung;GEW-RFWSL;Rechtsformwechsel;STAAG4;Staatsangehörigkeit;ST152;Polen;...;Anzahl;GEW013;Einzelunternehmer aus Gewerbeabmeldungen
52311;Gewerbeanzeigenstatistik;JAHR;Jahr;2026;MONAT;Monate;MONAT03;März;DINSG;Deutschland insgesamt;DG;Deutschland;GEWAB1;Grund der Gewerbeabmeldung;GEW-GESAUS;Gesellschafteraustritt;STAAG4;Staatsangehörigkeit;ST152;Polen;-;Anzahl;GEW013;Einzelunternehmer aus Gewerbeabmeldungen
52311;Gewerbeanzeigenstatistik;JAHR;Jahr;2026;MONAT;Monate;MONAT01;Januar;DINSG;Deutschland insgesamt;DG;Deutschland;GEWAB1;Grund der Gewerbeabmeldung;GEW-GESAUS;Gesellschafteraustritt;STAAG4;Staatsangehörigkeit;STA-SONST-01;Sonstige Staatsangehörigkeit;-;Anzahl;GEW013;Einzelunternehmer aus Gewerbeabmeldungen
52311;Gewerbeanzeigenstatistik;JAHR;Jahr;2026;MONAT;Monate;MONAT01;Januar;DINSG;Deutschland insgesamt;DG;Deutschland;GEWAB1;Grund der Gewerbeabmeldung;;Insgesamt;STAAG4;Staatsangehörigkeit;ST165;Ungarn;196;Anzahl;GEW013;Einzelunternehmer aus Gewerbeabmeldungen
52311;Gewerbeanzeigenstatistik;JAHR;Jahr;2026;MONAT;Monate;MONAT03;März;DINSG;Deutschland insgesamt;DG;Deutschland;GEWAB1;Grund der Gewerbeabmeldung;GEW-FORTZG;Fortzug;STAAG4;Staatsangehörigkeit;ST165;Ungarn;13;Anzahl;GEW013;Einzelunternehmer aus Gewerbeabmeldungen
52311;Gewerbeanzeigenstatistik;JAHR;Jahr;2026;MONAT;Monate;MONAT11;November;DINSG;Deutschland insgesamt;DG;Deutschland;GEWAB1;Grund der Gewerbeabmeldung;;Insgesamt;STAAG4;Staatsangehörigkeit;ST165;Ungarn;...;Anzahl;GEW013;Einzelunternehmer aus Gewerbeabmeldungen
52311;Gewerbeanzeigenstatistik;JAHR;Jahr;2026;MONAT;Monate;MONAT09;September;DINSG;Deutschland insgesamt;DG;Deutschland;GEWAB1;Grund der Gewerbeabmeldung;GEW-EVV;Erbfolge/Verkauf/Verpachtung;STAAG4;Staatsangehörigkeit;ST125;Bulgarien;...;Anzahl;GEW013;Einzelunternehmer aus Gewerbeabmeldungen
52311;Gewerbeanzeigenstatistik;JAHR;Jahr;2026;MONAT;Monate;MONAT08;August;DINSG;Deutschland insgesamt;DG;Deutschland;GEWAB1;Grund der Gewerbeabmeldung;GEW-RFWSL;Rechtsformwechsel;STAAG4;Staatsangehörigkeit;ST134;Griechenland;...;Anzahl;GEW013;Einzelunternehmer aus Gewerbeabmeldungen
52311;Gewerbeanzeigenstatistik;JAHR;Jahr;2026;MONAT;Monate;MONAT06;Juni;DINSG;Deutschland insgesamt;DG;Deutschland;GEWAB1;Grund der Gewerbeabmeldung;GEW-RFWSL;Rechtsformwechsel;STAAG4;Staatsangehörigkeit;ST137;Italien;4;Anzahl;GEW013;Einzelunternehmer aus Gewerbeabmeldungen
52311;Gewerbeanzeigenstatistik;JAHR;Jahr;2026;MONAT;Monate;MONAT02;Februar;DINSG;Deutschland insgesamt;DG;Deutschland;GEWAB1;Grund der Gewerbeabmeldung;GEW-VSTAUFG;Vollständige Aufgabe;STAAG4;Staatsangehörigkeit;ST165;Ungarn;123;Anzahl;GEW013;Einzelunternehmer aus Gewerbeabmeldungen
52311;Gewerbeanzeigenstatistik;JAHR;Jahr;2026;MONAT;Monate;MONAT05;Mai;DINSG;Deutschland insgesamt;DG;Deutschland;GEWAB1;Grund der Gewerbeabmeldung;GEW-RFWSL;Rechtsformwechsel;STAAG4;Staatsangehörigkeit;ST125;Bulgarien;3;Anzahl;GEW013;Einzelunternehmer aus Gewerbeabmeldungen
52311;Gewerbeanzeigenstatistik;JAHR;Jahr;2026;MONAT;Monate;MONAT05;Mai;DINSG;Deutschland insgesamt;DG;Deutschland;GEWAB1;Grund der Gewerbeabmeldung;GEW-FORTZG;Fortzug;STAAG4;Staatsangehörigkeit;STA-SONST-01;Sonstige Staatsangehörigkeit;282;Anzahl;GEW013;Einzelunternehmer aus Gewerbeabmeldungen
52311;Gewerbeanzeigenstatistik;JAHR;Jahr;2026;MONAT;Monate;MONAT01;Januar;DINSG;Deutschland insgesamt;DG;Deutschland;GEWAB1;Grund der Gewerbeabmeldung;GEW-GESAUS;Gesellschafteraustritt;STAAG4;Staatsangehörigkeit;ST137;Italien;-;Anzahl;GEW013;Einzelunternehmer aus Gewerbeabmeldungen
52311;Gewerbeanzeigenstatistik;JAHR;Jahr;2026;MONAT;Monate;MONAT08;August;DINSG;Deutschland insgesamt;DG;Deutschland;GEWAB1;Grund der Gewerbeabmeldung;GEW-UMWDLG;Umwandlung;STAAG4;Staatsangehörigkeit;ST163;Türkei;...;Anzahl;GEW013;Einzelunternehmer aus Gewerbeabmeldungen
52311;Gewerbeanzeigenstatistik;JAHR;Jahr;2026;MONAT;Monate;MONAT07;Juli;DINSG;Deutschland insgesamt;DG;Deutschland;GEWAB1;Grund der Gewerbeabmeldung;GEW-VSTAUFG;Vollständige Aufgabe;STAAG4;Staatsangehörigkeit;ST163;Türkei;1214;Anzahl;GEW013;Einzelunternehmer aus Gewerbeabmeldungen
52311;Gewerbeanzeigenstatistik;JAHR;Jahr;2026;MONAT;Monate;MONAT06;Juni;DINSG;Deutschland insgesamt;DG;Deutschland;GEWAB1;Grund der Gewerbeabmeldung;;Insgesamt;STAAG4;Staatsangehörigkeit;ST152;Polen;1317;Anzahl;GEW013;Einzelunternehmer aus Gewerbeabmeldungen
52311;Gewerbeanzeigenstatistik;JAHR;Jahr;2026;MONAT;Monate;MONAT08;August;DINSG;Deutschland insgesamt;DG;Deutschland;GEWAB1;Grund der Gewerbeabmeldung;;Insgesamt;STAAG4;Staatsangehörigkeit;ST154;Rumänien;...;Anzahl;GEW013;Einzelunternehmer aus Gewerbeabmeldungen
52311;Gewerbeanzeigenstatistik;JAHR;Jahr;2026;MONAT;Monate;MONAT05;Mai;DINSG;Deutschland insgesamt;DG;Deutschland;GEWAB1;Grund der Gewerbeabmeldung;GEW-EVV;Erbfolge/Verkauf/Verpachtung;STAAG4;Staatsangehörigkeit;ST152;Polen;7;Anzahl;GEW013;Einzelunternehmer aus Gewerbeabmeldungen
52311;Gewerbeanzeigenstatistik;JAHR;Jahr;2026;MONAT;Monate;MONAT08;August;DINSG;Deutschland insgesamt;DG;Deutschland;GEWAB1;Grund der Gewerbeabmeldung;GEW-FORTZG;Fortzug;STAAG4;Staatsangehörigkeit;ST165;Ungarn;...;Anzahl;GEW013;Einzelunternehmer aus Gewerbeabmeldungen
52311;Gewerbeanzeigenstatistik;JAHR;Jahr;2026;MONAT;Monate;MONAT03;März;DINSG;Deutschland insgesamt;DG;Deutschland;GEWAB1;Grund der Gewerbeabmeldung;GEW-VSTAUFG;Vollständige Aufgabe;STAAG4;Staatsangehörigkeit;ST125;Bulgarien;388;Anzahl;GEW013;Einzelunternehmer aus Gewerbeabmeldungen
52311;Gewerbeanzeigenstatistik;JAHR;Jahr;2026;MONAT;Monate;MONAT05;Mai;DINSG;Deutschland insgesamt;DG;Deutschland;GEWAB1;Grund der Gewerbeabmeldung;GEW-RFWSL;Rechtsformwechsel;STAAG4;Staatsangehörigkeit;STA-SONST-01;Sonstige Staatsangehörigkeit;37;Anzahl;GEW013;Einzelunternehmer aus Gewerbeabmeldungen
52311;Gewerbeanzeigenstatistik;JAHR;Jahr;2026;MONAT;Monate;MONAT09;September;DINSG;Deutschland insgesamt;DG;Deutschland;GEWAB1;Grund der Gewerbeabmeldung;GEW-EVV;Erbfolge/Verkauf/Verpachtung;STAAG4;Staatsangehörigkeit;STA-SONST-01;Sonstige Staatsangehörigkeit;...;Anzahl;GEW013;Einzelunternehmer aus Gewerbeabmeldungen
52311;Gewerbeanzeigenstatistik;JAHR;Jahr;2026;MONAT;Monate;MONAT10;Oktober;DINSG;Deutschland insgesamt;DG;Deutschland;GEWAB1;Grund der Gewerbeabmeldung;GEW-FORTZG;Fortzug;STAAG4;Staatsangehörigkeit;ST152;Polen;...;Anzahl;GEW013;Einzelunternehmer aus Gewerbeabmeldungen
52311;Gewerbeanzeigenstatistik;JAHR;Jahr;2026;MONAT;Monate;MONAT06;Juni;DINSG;Deutschland insgesamt;DG;Deutschland;GEWAB1;Grund der Gewerbeabmeldung;GEW-UMWDLG;Umwandlung;STAAG4;Staatsangehörigkeit;ST154;Rumänien;-;Anzahl;GEW013;Einzelunternehmer aus Gewerbeabmeldungen
52311;Gewerbeanzeigenstatistik;JAHR;Jahr;2026;MONAT;Monate;MONAT08;August;DINSG;Deutschland insgesamt;DG;Deutschland;GEWAB1;Grund der Gewerbeabmeldung;GEW-GESAUS;Gesellschafteraustritt;STAAG4;Staatsangehörigkeit;ST137;Italien;...;Anzahl;GEW013;Einzelunternehmer aus Gewerbeabmeldungen
52311;Gewerbeanzeigenstatistik;JAHR;Jahr;2026;MONAT;Monate;MONAT10;Oktober;DINSG;Deutschland insgesamt;DG;Deutschland;GEWAB1;Grund der Gewerbeabmeldung;GEW-VSTAUFG;Vollständige Aufgabe;STAAG4;Staatsangehörigkeit;ST163;Türkei;...;Anzahl;GEW013;Einzelunternehmer aus Gewerbeabmeldungen
52311;Gewerbeanzeigenstatistik;JAHR;Jahr;2026;MONAT;Monate;MONAT06;Juni;DINSG;Deutschland insgesamt;DG;Deutschland;GEWAB1;Grund der Gewerbeabmeldung;GEW-RFWSL;Rechtsformwechsel;STAAG4;Staatsangehörigkeit;STA-SONST-01;Sonstige Staatsangehörigkeit;37;Anzahl;GEW013;Einzelunternehmer aus Gewerbeabmeldungen
52311;Gewerbeanzeigenstatistik;JAHR;Jahr;2026;MONAT;Monate;MONAT12;Dezember;DINSG;Deutschland insgesamt;DG;Deutschland;GEWAB1;Grund der Gewerbeabmeldung;GEW-RFWSL;Rechtsformwechsel;STAAG4;Staatsangehörigkeit;ST165;Ungarn;...;Anzahl;GEW013;Einzelunternehmer aus Gewerbeabmeldungen
52311;Gewerbeanzeigenstatistik;JAHR;Jahr;2026;MONAT;Monate;MONAT03;März;DINSG;Deutschland insgesamt;DG;Deutschland;GEWAB1;Grund der Gewerbeabmeldung;;Insgesamt;STAAG4;Staatsangehörigkeit;ST134;Griechenland;257;Anzahl;GEW013;Einzelunternehmer aus Gewerbeabmeldungen
52311;Gewerbeanzeigenstatistik;JAHR;Jahr;2026;MONAT;Monate;MONAT01;Januar;DINSG;Deutschland insgesamt;DG;Deutschland;GEWAB1;Grund der Gewerbeabmeldung;GEW-UMWDLG;Umwandlung;STAAG4;Staatsangehörigkeit;ST163;Türkei;4;Anzahl;GEW013;Einzelunternehmer aus Gewerbeabmeldungen
52311;Gewerbeanzeigenstatistik;JAHR;Jahr;2026;MONAT;Monate;MONAT12;Dezember;DINSG;Deutschland insgesamt;DG;Deutschland;GEWAB1;Grund der Gewerbeabmeldung;;Insgesamt;STAAG4;Staatsangehörigkeit;DG;Deutschland;...;Anzahl;GEW013;Einzelunternehmer aus Gewerbeabmeldungen
52311;Gewerbeanzeigenstatistik;JAHR;Jahr;2026;MONAT;Monate;MONAT07;Juli;DINSG;Deutschland insgesamt;DG;Deutschland;GEWAB1;Grund der Gewerbeabmeldung;GEW-EVV;Erbfolge/Verkauf/Verpachtung;STAAG4;Staatsangehörigkeit;ST154;Rumänien;13;Anzahl;GEW013;Einzelunternehmer aus Gewerbeabmeldungen
52311;Gewerbeanzeigenstatistik;JAHR;Jahr;2026;MONAT;Monate;MONAT02;Februar;DINSG;Deutschland insgesamt;DG;Deutschland;GEWAB1;Grund der Gewerbeabmeldung;GEW-FORTZG;Fortzug;STAAG4;Staatsangehörigkeit;ST137;Italien;35;Anzahl;GEW013;Einzelunternehmer aus Gewerbeabmeldungen
52311;Gewerbeanzeigenstatistik;JAHR;Jahr;2026;MONAT;Monate;MONAT01;Januar;DINSG;Deutschland insgesamt;DG;Deutschland;GEWAB1;Grund der Gewerbeabmeldung;GEW-GESAUS;Gesellschafteraustritt;STAAG4;Staatsangehörigkeit;ST125;Bulgarien;-;Anzahl;GEW013;Einzelunternehmer aus Gewerbeabmeldungen
52311;Gewerbeanzeigenstatistik;JAHR;Jahr;2026;MONAT;Monate;MONAT11;November;DINSG;Deutschland insgesamt;DG;Deutschland;GEWAB1;Grund der Gewerbeabmeldung;GEW-RFWSL;Rechtsformwechsel;STAAG4;Staatsangehörigkeit;ST137;Italien;...;Anzahl;GEW013;Einzelunternehmer aus Gewerbeabmeldungen
52311;Gewerbeanzeigenstatistik;JAHR;Jahr;2026;MONAT;Monate;MONAT10;Oktober;DINSG;Deutschland insgesamt;DG;Deutschland;GEWAB1;Grund der Gewerbeabmeldung;GEW-VSTAUFG;Vollständige Aufgabe;STAAG4;Staatsangehörigkeit;STA-SONST-01;Sonstige Staatsangehörigkeit;...;Anzahl;GEW013;Einzelunternehmer aus Gewerbeabmeldungen
52311;Gewerbeanzeigenstatistik;JAHR;Jahr;2026;MONAT;Monate;MONAT08;August;DINSG;Deutschland insgesamt;DG;Deutschland;GEWAB1;Grund der Gewerbeabmeldung;GEW-VSTAUFG;Vollständige Aufgabe;STAAG4;Staatsangehörigkeit;ST134;Griechenland;...;Anzahl;GEW013;Einzelunternehmer aus Gewerbeabmeldungen
52311;Gewerbeanzeigenstatistik;JAHR;Jahr;2026;MONAT;Monate;MONAT08;August;DINSG;Deutschland insgesamt;DG;Deutschland;GEWAB1;Grund der Gewerbeabmeldung;GEW-EVV;Erbfolge/Verkauf/Verpachtung;STAAG4;Staatsangehörigkeit;STA-SONST-01;Sonstige Staatsangehörigkeit;...;Anzahl;GEW013;Einzelunternehmer aus Gewerbeabmeldungen
52311;Gewerbeanzeigenstatistik;JAHR;Jahr;2026;MONAT;Monate;MONAT10;Oktober;DINSG;Deutschland insgesamt;DG;Deutschland;GEWAB1;Grund der Gewerbeabmeldung;GEW-GESAUS;Gesellschafteraustritt;STAAG4;Staatsangehörigkeit;ST125;Bulgarien;...;Anzahl;GEW013;Einzelunternehmer aus Gewerbeabmeldungen
52311;Gewerbeanzeigenstatistik;JAHR;Jahr;2026;MONAT;Monate;MONAT10;Oktober;DINSG;Deutschland insgesamt;DG;Deutschland;GEWAB1;Grund der Gewerbeabmeldung;GEW-FORTZG;Fortzug;STAAG4;Staatsangehörigkeit;DG;Deutschland;...;Anzahl;GEW013;Einzelunternehmer aus Gewerbeabmeldungen
52311;Gewerbeanzeigenstatistik;JAHR;Jahr;2026;MONAT;Monate;MONAT03;März;DINSG;Deutschland insgesamt;DG;Deutschland;GEWAB1;Grund der Gewerbeabmeldung;GEW-RFWSL;Rechtsformwechsel;STAAG4;Staatsangehörigkeit;ST134;Griechenland;2;Anzahl;GEW013;Einzelunternehmer aus Gewerbeabmeldungen
52311;Gewerbeanzeigenstatistik;JAHR;Jahr;2026;MONAT;Monate;MONAT03;März;DINSG;Deutschland insgesamt;DG;Deutschland;GEWAB1;Grund der Gewerbeabmeldung;GEW-VSTAUFG;Vollständige Aufgabe;STAAG4;Staatsangehörigkeit;DG;Deutschland;27491;Anzahl;GEW013;Einzelunternehmer aus Gewerbeabmeldungen
52311;Gewerbeanzeigenstatistik;JAHR;Jahr;2026;MONAT;Monate;MONAT06;Juni;DINSG;Deutschland insgesamt;DG;Deutschland;GEWAB1;Grund der Gewerbeabmeldung;;Insgesamt;STAAG4;Staatsangehörigkeit;ST163;Türkei;1413;Anzahl;GEW013;Einzelunternehmer aus Gewerbeabmeldungen
52311;Gewerbeanzeigenstatistik;JAHR;Jahr;2026;MONAT;Monate;MONAT08;August;DINSG;Deutschland insgesamt;DG;Deutschland;GEWAB1;Grund der Gewerbeabmeldung;;Insgesamt;STAAG4;Staatsangehörigkeit;ST165;Ungarn;...;Anzahl;GEW013;Einzelunternehmer aus Gewerbeabmeldungen
52311;Gewerbeanzeigenstatistik;JAHR;Jahr;2026;MONAT;Monate;MONAT10;Oktober;DINSG;Deutschland insgesamt;DG;Deutschland;GEWAB1;Grund der Gewerbeabmeldung;GEW-VSTAUFG;Vollständige Aufgabe;STAAG4;Staatsangehörigkeit;ST152;Polen;...;Anzahl;GEW013;Einzelunternehmer aus Gewerbeabmeldungen
52311;Gewerbeanzeigenstatistik;JAHR;Jahr;2026;MONAT;Monate;MONAT02;Februar;DINSG;Deutschland insgesamt;DG;Deutschland;GEWAB1;Grund der Gewerbeabmeldung;GEW-EVV;Erbfolge/Verkauf/Verpachtung;STAAG4;Staatsangehörigkeit;ST134;Griechenland;31;Anzahl;GEW013;Einzelunternehmer aus Gewerbeabmeldungen
52311;Gewerbeanzeigenstatistik;JAHR;Jahr;2026;MONAT;Monate;MONAT08;August;DINSG;Deutschland insgesamt;DG;Deutschland;GEWAB1;Grund der Gewerbeabmeldung;GEW-GESAUS;Gesellschafteraustritt;STAAG4;Staatsangehörigkeit;ST125;Bulgarien;...;Anzahl;GEW013;Einzelunternehmer aus Gewerbeabmeldungen
52311;Gewerbeanzeigenstatistik;JAHR;Jahr;2026;MONAT;Monate;MONAT07;Juli;DINSG;Deutschland insgesamt;DG;Deutschland;GEWAB1;Grund der Gewerbeabmeldung;GEW-GESAUS;Gesellschafteraustritt;STAAG4;Staatsangehörigkeit;ST165;Ungarn;-;Anzahl;GEW013;Einzelunternehmer aus Gewerbeabmeldungen
52311;Gewerbeanzeigenstatistik;JAHR;Jahr;2026;MONAT;Monate;MONAT06;Juni;DINSG;Deutschland insgesamt;DG;Deutschland;GEWAB1;Grund der Gewerbeabmeldung;GEW-UMWDLG;Umwandlung;STAAG4;Staatsangehörigkeit;ST165;Ungarn;-;Anzahl;GEW013;Einzelunternehmer aus Gewerbeabmeldungen
52311;Gewerbeanzeigenstatistik;JAHR;Jahr;2026;MONAT;Monate;MONAT05;Mai;DINSG;Deutschland insgesamt;DG;Deutschland;GEWAB1;Grund der Gewerbeabmeldung;GEW-VSTAUFG;Vollständige Aufgabe;STAAG4;Staatsangehörigkeit;STA-SONST-01;Sonstige Staatsangehörigkeit;3530;Anzahl;GEW013;Einzelunternehmer aus Gewerbeabmeldungen
52311;Gewerbeanzeigenstatistik;JAHR;Jahr;2026;MONAT;Monate;MONAT04;April;DINSG;Deutschland insgesamt;DG;Deutschland;GEWAB1;Grund der Gewerbeabmeldung;GEW-EVV;Erbfolge/Verkauf/Verpachtung;STAAG4;Staatsangehörigkeit;ST125;Bulgarien;6;Anzahl;GEW013;Einzelunternehmer aus Gewerbeabmeldungen
52311;Gewerbeanzeigenstatistik;JAHR;Jahr;2026;MONAT;Monate;MONAT11;November;DINSG;Deutschland insgesamt;DG;Deutschland;GEWAB1;Grund der Gewerbeabmeldung;;Insgesamt;STAAG4;Staatsangehörigkeit;DG;Deutschland;...;Anzahl;GEW013;Einzelunternehmer aus Gewerbeabmeldungen
52311;Gewerbeanzeigenstatistik;JAHR;Jahr;2026;MONAT;Monate;MONAT03;März;DINSG;Deutschland insgesamt;DG;Deutschland;GEWAB1;Grund der Gewerbeabmeldung;GEW-GESAUS;Gesellschafteraustritt;STAAG4;Staatsangehörigkeit;ST134;Griechenland;-;Anzahl;GEW013;Einzelunternehmer aus Gewerbeabmeldungen
52311;Gewerbeanzeigenstatistik;JAHR;Jahr;2026;MONAT;Monate;MONAT12;Dezember;DINSG;Deutschland insgesamt;DG;Deutschland;GEWAB1;Grund der Gewerbeabmeldung;GEW-GESAUS;Gesellschafteraustritt;STAAG4;Staatsangehörigkeit;ST134;Griechenland;...;Anzahl;GEW013;Einzelunternehmer aus Gewerbeabmeldungen
52311;Gewerbeanzeigenstatistik;JAHR;Jahr;2026;MONAT;Monate;MONAT04;April;DINSG;Deutschland insgesamt;DG;Deutschland;GEWAB1;Grund der Gewerbeabmeldung;GEW-RFWSL;Rechtsformwechsel;STAAG4;Staatsangehörigkeit;STA-SONST-01;Sonstige Staatsangehörigkeit;31;Anzahl;GEW013;Einzelunternehmer aus Gewerbeabmeldungen
52311;Gewerbeanzeigenstatistik;JAHR;Jahr;2026;MONAT;Monate;MONAT05;Mai;DINSG;Deutschland insgesamt;DG;Deutschland;GEWAB1;Grund der Gewerbeabmeldung;GEW-UMWDLG;Umwandlung;STAAG4;Staatsangehörigkeit;DG;Deutschland;38;Anzahl;GEW013;Einzelunternehmer aus Gewerbeabmeldungen
52311;Gewerbeanzeigenstatistik;JAHR;Jahr;2026;MONAT;Monate;MONAT07;Juli;DINSG;Deutschland insgesamt;DG;Deutschland;GEWAB1;Grund der Gewerbeabmeldung;GEW-RFWSL;Rechtsformwechsel;STAAG4;Staatsangehörigkeit;STA-SONST-01;Sonstige Staatsangehörigkeit;41;Anzahl;GEW013;Einzelunternehmer aus Gewerbeabmeldungen
52311;Gewerbeanzeigenstatistik;JAHR;Jahr;2026;MONAT;Monate;MONAT12;Dezember;DINSG;Deutschland insgesamt;DG;Deutschland;GEWAB1;Grund der Gewerbeabmeldung;GEW-RFWSL;Rechtsformwechsel;STAAG4;Staatsangehörigkeit;DG;Deutschland;...;Anzahl;GEW013;Einzelunternehmer aus Gewerbeabmeldungen
52311;Gewerbeanzeigenstatistik;JAHR;Jahr;2026;MONAT;Monate;MONAT09;September;DINSG;Deutschland insgesamt;DG;Deutschland;GEWAB1;Grund der Gewerbeabmeldung;GEW-GESAUS;Gesellschafteraustritt;STAAG4;Staatsangehörigkeit;ST163;Türkei;...;Anzahl;GEW013;Einzelunternehmer aus Gewerbeabmeldungen
52311;Gewerbeanzeigenstatistik;JAHR;Jahr;2026;MONAT;Monate;MONAT10;Oktober;DINSG;Deutschland insgesamt;DG;Deutschland;GEWAB1;Grund der Gewerbeabmeldung;;Insgesamt;STAAG4;Staatsangehörigkeit;ST165;Ungarn;...;Anzahl;GEW013;Einzelunternehmer aus Gewerbeabmeldungen
52311;Gewerbeanzeigenstatistik;JAHR;Jahr;2026;MONAT;Monate;MONAT09;September;DINSG;Deutschland insgesamt;DG;Deutschland;GEWAB1;Grund der Gewerbeabmeldung;GEW-UMWDLG;Umwandlung;STAAG4;Staatsangehörigkeit;ST125;Bulgarien;...;Anzahl;GEW013;Einzelunternehmer aus Gewerbeabmeldungen
52311;Gewerbeanzeigenstatistik;JAHR;Jahr;2026;MONAT;Monate;MONAT11;November;DINSG;Deutschland insgesamt;DG;Deutschland;GEWAB1;Grund der Gewerbeabmeldung;GEW-UMWDLG;Umwandlung;STAAG4;Staatsangehörigkeit;ST134;Griechenland;...;Anzahl;GEW013;Einzelunternehmer aus Gewerbeabmeldungen
52311;Gewerbeanzeigenstatistik;JAHR;Jahr;2026;MONAT;Monate;MONAT02;Februar;DINSG;Deutschland insgesamt;DG;Deutschland;GEWAB1;Grund der Gewerbeabmeldung;GEW-RFWSL;Rechtsformwechsel;STAAG4;Staatsangehörigkeit;STA-SONST-01;Sonstige Staatsangehörigkeit;63;Anzahl;GEW013;Einzelunternehmer aus Gewerbeabmeldungen
52311;Gewerbeanzeigenstatistik;JAHR;Jahr;2026;MONAT;Monate;MONAT04;April;DINSG;Deutschland insgesamt;DG;Deutschland;GEWAB1;Grund der Gewerbeabmeldung;GEW-UMWDLG;Umwandlung;STAAG4;Staatsangehörigkeit;ST134;Griechenland;-;Anzahl;GEW013;Einzelunternehmer aus Gewerbeabmeldungen
52311;Gewerbeanzeigenstatistik;JAHR;Jahr;2026;MONAT;Monate;MONAT10;Oktober;DINSG;Deutschland insgesamt;DG;Deutschland;GEWAB1;Grund der Gewerbeabmeldung;GEW-GESAUS;Gesellschafteraustritt;STAAG4;Staatsangehörigkeit;ST137;Italien;...;Anzahl;GEW013;Einzelunternehmer aus Gewerbeabmeldungen
52311;Gewerbeanzeigenstatistik;JAHR;Jahr;2026;MONAT;Monate;MONAT09;September;DINSG;Deutschland insgesamt;DG;Deutschland;GEWAB1;Grund der Gewerbeabmeldung;GEW-FORTZG;Fortzug;STAAG4;Staatsangehörigkeit;ST125;Bulgarien;...;Anzahl;GEW013;Einzelunternehmer aus Gewerbeabmeldungen
52311;Gewerbeanzeigenstatistik;JAHR;Jahr;2026;MONAT;Monate;MONAT08;August;DINSG;Deutschland insgesamt;DG;Deutschland;GEWAB1;Grund der Gewerbeabmeldung;GEW-RFWSL;Rechtsformwechsel;STAAG4;Staatsangehörigkeit;STA-SONST-01;Sonstige Staatsangehörigkeit;...;Anzahl;GEW013;Einzelunternehmer aus Gewerbeabmeldungen
52311;Gewerbeanzeigenstatistik;JAHR;Jahr;2026;MONAT;Monate;MONAT01;Januar;DINSG;Deutschland insgesamt;DG;Deutschland;GEWAB1;Grund der Gewerbeabmeldung;GEW-FORTZG;Fortzug;STAAG4;Staatsangehörigkeit;ST152;Polen;70;Anzahl;GEW013;Einzelunternehmer aus Gewerbeabmeldungen
52311;Gewerbeanzeigenstatistik;JAHR;Jahr;2026;MONAT;Monate;MONAT09;September;DINSG;Deutschland insgesamt;DG;Deutschland;GEWAB1;Grund der Gewerbeabmeldung;GEW-EVV;Erbfolge/Verkauf/Verpachtung;STAAG4;Staatsangehörigkeit;ST134;Griechenland;...;Anzahl;GEW013;Einzelunternehmer aus Gewerbeabmeldungen
52311;Gewerbeanzeigenstatistik;JAHR;Jahr;2026;MONAT;Monate;MONAT07;Juli;DINSG;Deutschland insgesamt;DG;Deutschland;GEWAB1;Grund der Gewerbeabmeldung;GEW-GESAUS;Gesellschafteraustritt;STAAG4;Staatsangehörigkeit;ST154;Rumänien;-;Anzahl;GEW013;Einzelunternehmer aus Gewerbeabmeldungen
52311;Gewerbeanzeigenstatistik;JAHR;Jahr;2026;MONAT;Monate;MONAT02;Februar;DINSG;Deutschland insgesamt;DG;Deutschland;GEWAB1;Grund der Gewerbeabmeldung;GEW-GESAUS;Gesellschafteraustritt;STAAG4;Staatsangehörigkeit;ST163;Türkei;-;Anzahl;GEW013;Einzelunternehmer aus Gewerbeabmeldungen
52311;Gewerbeanzeigenstatistik;JAHR;Jahr;2026;MONAT;Monate;MONAT02;Februar;DINSG;Deutschland insgesamt;DG;Deutschland;GEWAB1;Grund der Gewerbeabmeldung;GEW-UMWDLG;Umwandlung;STAAG4;Staatsangehörigkeit;ST125;Bulgarien;-;Anzahl;GEW013;Einzelunternehmer aus Gewerbeabmeldungen
52311;Gewerbeanzeigenstatistik;JAHR;Jahr;2026;MONAT;Monate;MONAT05;Mai;DINSG;Deutschland insgesamt;DG;Deutschland;GEWAB1;Grund der Gewerbeabmeldung;GEW-RFWSL;Rechtsformwechsel;STAAG4;Staatsangehörigkeit;DG;Deutschland;283;Anzahl;GEW013;Einzelunternehmer aus Gewerbeabmeldungen
52311;Gewerbeanzeigenstatistik;JAHR;Jahr;2026;MONAT;Monate;MONAT11;November;DINSG;Deutschland insgesamt;DG;Deutschland;GEWAB1;Grund der Gewerbeabmeldung;GEW-FORTZG;Fortzug;STAAG4;Staatsangehörigkeit;ST137;Italien;...;Anzahl;GEW013;Einzelunternehmer aus Gewerbeabmeldungen
52311;Gewerbeanzeigenstatistik;JAHR;Jahr;2026;MONAT;Monate;MONAT04;April;DINSG;Deutschland insgesamt;DG;Deutschland;GEWAB1;Grund der Gewerbeabmeldung;GEW-EVV;Erbfolge/Verkauf/Verpachtung;STAAG4;Staatsangehörigkeit;ST137;Italien;37;Anzahl;GEW013;Einzelunternehmer aus Gewerbeabmeldungen
52311;Gewerbeanzeigenstatistik;JAHR;Jahr;2026;MONAT;Monate;MONAT06;Juni;DINSG;Deutschland insgesamt;DG;Deutschland;GEWAB1;Grund der Gewerbeabmeldung;GEW-FORTZG;Fortzug;STAAG4;Staatsangehörigkeit;ST134;Griechenland;10;Anzahl;GEW013;Einzelunternehmer aus Gewerbeabmeldungen
52311;Gewerbeanzeigenstatistik;JAHR;Jahr;2026;MONAT;Monate;MONAT01;Januar;DINSG;Deutschland insgesamt;DG;Deutschland;GEWAB1;Grund der Gewerbeabmeldung;GEW-RFWSL;Rechtsformwechsel;STAAG4;Staatsangehörigkeit;ST154;Rumänien;5;Anzahl;GEW013;Einzelunternehmer aus Gewerbeabmeldungen
52311;Gewerbeanzeigenstatistik;JAHR;Jahr;2026;MONAT;Monate;MONAT10;Oktober;DINSG;Deutschland insgesamt;DG;Deutschland;GEWAB1;Grund der Gewerbeabmeldung;GEW-UMWDLG;Umwandlung;STAAG4;Staatsangehörigkeit;ST163;Türkei;...;Anzahl;GEW013;Einzelunternehmer aus Gewerbeabmeldungen
52311;Gewerbeanzeigenstatistik;JAHR;Jahr;2026;MONAT;Monate;MONAT04;April;DINSG;Deutschland insgesamt;DG;Deutschland;GEWAB1;Grund der Gewerbeabmeldung;GEW-GESAUS;Gesellschafteraustritt;STAAG4;Staatsangehörigkeit;DG;Deutschland;-;Anzahl;GEW013;Einzelunternehmer aus Gewerbeabmeldungen
52311;Gewerbeanzeigenstatistik;JAHR;Jahr;2026;MONAT;Monate;MONAT04;April;DINSG;Deutschland insgesamt;DG;Deutschland;GEWAB1;Grund der Gewerbeabmeldung;GEW-FORTZG;Fortzug;STAAG4;Staatsangehörigkeit;ST134;Griechenland;12;Anzahl;GEW013;Einzelunternehmer aus Gewerbeabmeldungen
52311;Gewerbeanzeigenstatistik;JAHR;Jahr;2026;MONAT;Monate;MONAT03;März;DINSG;Deutschland insgesamt;DG;Deutschland;GEWAB1;Grund der Gewerbeabmeldung;GEW-FORTZG;Fortzug;STAAG4;Staatsangehörigkeit;ST152;Polen;65;Anzahl;GEW013;Einzelunternehmer aus Gewerbeabmeldungen
52311;Gewerbeanzeigenstatistik;JAHR;Jahr;2026;MONAT;Monate;MONAT06;Juni;DINSG;Deutschland insgesamt;DG;Deutschland;GEWAB1;Grund der Gewerbeabmeldung;GEW-RFWSL;Rechtsformwechsel;STAAG4;Staatsangehörigkeit;ST165;Ungarn;-;Anzahl;GEW013;Einzelunternehmer aus Gewerbeabmeldungen
52311;Gewerbeanzeigenstatistik;JAHR;Jahr;2026;MONAT;Monate;MONAT05;Mai;DINSG;Deutschland insgesamt;DG;Deutschland;GEWAB1;Grund der Gewerbeabmeldung;GEW-RFWSL;Rechtsformwechsel;STAAG4;Staatsangehörigkeit;ST137;Italien;3;Anzahl;GEW013;Einzelunternehmer aus Gewerbeabmeldungen
52311;Gewerbeanzeigenstatistik;JAHR;Jahr;2026;MONAT;Monate;MONAT10;Oktober;DINSG;Deutschland insgesamt;DG;Deutschland;GEWAB1;Grund der Gewerbeabmeldung;;Insgesamt;STAAG4;Staatsangehörigkeit;ST154;Rumänien;...;Anzahl;GEW013;Einzelunternehmer aus Gewerbeabmeldungen
52311;Gewerbeanzeigenstatistik;JAHR;Jahr;2026;MONAT;Monate;MONAT02;Februar;DINSG;Deutschland insgesamt;DG;Deutschland;GEWAB1;Grund der Gewerbeabmeldung;GEW-VSTAUFG;Vollständige Aufgabe;STAAG4;Staatsangehörigkeit;ST152;Polen;1164;Anzahl;GEW013;Einzelunternehmer aus Gewerbeabmeldungen
52311;Gewerbeanzeigenstatistik;JAHR;Jahr;2026;MONAT;Monate;MONAT06;Juni;DINSG;Deutschland insgesamt;DG;Deutschland;GEWAB1;Grund der Gewerbeabmeldung;GEW-FORTZG;Fortzug;STAAG4;Staatsangehörigkeit;DG;Deutschland;3236;Anzahl;GEW013;Einzelunternehmer aus Gewerbeabmeldungen
52311;Gewerbeanzeigenstatistik;JAHR;Jahr;2026;MONAT;Monate;MONAT06;Juni;DINSG;Deutschland insgesamt;DG;Deutschland;GEWAB1;Grund der Gewerbeabmeldung;GEW-VSTAUFG;Vollständige Aufgabe;STAAG4;Staatsangehörigkeit;ST137;Italien;338;Anzahl;GEW013;Einzelunternehmer aus Gewerbeabmeldungen
52311;Gewerbeanzeigenstatistik;JAHR;Jahr;2026;MONAT;Monate;MONAT07;Juli;DINSG;Deutschland insgesamt;DG;Deutschland;GEWAB1;Grund der Gewerbeabmeldung;GEW-VSTAUFG;Vollständige Aufgabe;STAAG4;Staatsangehörigkeit;ST152;Polen;1148;Anzahl;GEW013;Einzelunternehmer aus Gewerbeabmeldungen
52311;Gewerbeanzeigenstatistik;JAHR;Jahr;2026;MONAT;Monate;MONAT09;September;DINSG;Deutschland insgesamt;DG;Deutschland;GEWAB1;Grund der Gewerbeabmeldung;GEW-FORTZG;Fortzug;STAAG4;Staatsangehörigkeit;ST137;Italien;...;Anzahl;GEW013;Einzelunternehmer aus Gewerbeabmeldungen
52311;Gewerbeanzeigenstatistik;JAHR;Jahr;2026;MONAT;Monate;MONAT08;August;DINSG;Deutschland insgesamt;DG;Deutschland;GEWAB1;Grund der Gewerbeabmeldung;GEW-UMWDLG;Umwandlung;STAAG4;Staatsangehörigkeit;ST152;Polen;...;Anzahl;GEW013;Einzelunternehmer aus Gewerbeabmeldungen
52311;Gewerbeanzeigenstatistik;JAHR;Jahr;2026;MONAT;Monate;MONAT06;Juni;DINSG;Deutschland insgesamt;DG;Deutschland;GEWAB1;Grund der Gewerbeabmeldung;GEW-FORTZG;Fortzug;STAAG4;Staatsangehörigkeit;ST154;Rumänien;83;Anzahl;GEW013;Einzelunternehmer aus Gewerbeabmeldungen
52311;Gewerbeanzeigenstatistik;JAHR;Jahr;2026;MONAT;Monate;MONAT04;April;DINSG;Deutschland insgesamt;DG;Deutschland;GEWAB1;Grund der Gewerbeabmeldung;GEW-VSTAUFG;Vollständige Aufgabe;STAAG4;Staatsangehörigkeit;STA-SONST-01;Sonstige Staatsangehörigkeit;3860;Anzahl;GEW013;Einzelunternehmer aus Gewerbeabmeldungen
52311;Gewerbeanzeigenstatistik;JAHR;Jahr;2026;MONAT;Monate;MONAT03;März;DINSG;Deutschland insgesamt;DG;Deutschland;GEWAB1;Grund der Gewerbeabmeldung;GEW-VSTAUFG;Vollständige Aufgabe;STAAG4;Staatsangehörigkeit;ST137;Italien;421;Anzahl;GEW013;Einzelunternehmer aus Gewerbeabmeldungen
52311;Gewerbeanzeigenstatistik;JAHR;Jahr;2026;MONAT;Monate;MONAT10;Oktober;DINSG;Deutschland insgesamt;DG;Deutschland;GEWAB1;Grund der Gewerbeabmeldung;GEW-FORTZG;Fortzug;STAAG4;Staatsangehörigkeit;ST165;Ungarn;...;Anzahl;GEW013;Einzelunternehmer aus Gewerbeabmeldungen
52311;Gewerbeanzeigenstatistik;JAHR;Jahr;2026;MONAT;Monate;MONAT08;August;DINSG;Deutschland insgesamt;DG;Deutschland;GEWAB1;Grund der Gewerbeabmeldung;GEW-FORTZG;Fortzug;STAAG4;Staatsangehörigkeit;ST154;Rumänien;...;Anzahl;GEW013;Einzelunternehmer aus Gewerbeabmeldungen
52311;Gewerbeanzeigenstatistik;JAHR;Jahr;2026;MONAT;Monate;MONAT01;Januar;DINSG;Deutschland insgesamt;DG;Deutschland;GEWAB1;Grund der Gewerbeabmeldung;;Insgesamt;STAAG4;Staatsangehörigkeit;DG;Deutschland;42414;Anzahl;GEW013;Einzelunternehmer aus Gewerbeabmeldungen
52311;Gewerbeanzeigenstatistik;JAHR;Jahr;2026;MONAT;Monate;MONAT05;Mai;DINSG;Deutschland insgesamt;DG;Deutschland;GEWAB1;Grund der Gewerbeabmeldung;GEW-GESAUS;Gesellschafteraustritt;STAAG4;Staatsangehörigkeit;ST154;Rumänien;-;Anzahl;GEW013;Einzelunternehmer aus Gewerbeabmeldungen
52311;Gewerbeanzeigenstatistik;JAHR;Jahr;2026;MONAT;Monate;MONAT03;März;DINSG;Deutschland insgesamt;DG;Deutschland;GEWAB1;Grund der Gewerbeabmeldung;GEW-EVV;Erbfolge/Verkauf/Verpachtung;STAAG4;Staatsangehörigkeit;ST163;Türkei;141;Anzahl;GEW013;Einzelunternehmer aus Gewerbeabmeldungen
52311;Gewerbeanzeigenstatistik;JAHR;Jahr;2026;MONAT;Monate;MONAT01;Januar;DINSG;Deutschland insgesamt;DG;Deutschland;GEWAB1;Grund der Gewerbeabmeldung;GEW-FORTZG;Fortzug;STAAG4;Staatsangehörigkeit;ST163;Türkei;65;Anzahl;GEW013;Einzelunternehmer aus Gewerbeabmeldungen
52311;Gewerbeanzeigenstatistik;JAHR;Jahr;2026;MONAT;Monate;MONAT06;Juni;DINSG;Deutschland insgesamt;DG;Deutschland;GEWAB1;Grund der Gewerbeabmeldung;GEW-UMWDLG;Umwandlung;STAAG4;Staatsangehörigkeit;ST152;Polen;1;Anzahl;GEW013;Einzelunternehmer aus Gewerbeabmeldungen
52311;Gewerbeanzeigenstatistik;JAHR;Jahr;2026;MONAT;Monate;MONAT05;Mai;DINSG;Deutschland insgesamt;DG;Deutschland;GEWAB1;Grund der Gewerbeabmeldung;;Insgesamt;STAAG4;Staatsangehörigkeit;ST125;Bulgarien;316;Anzahl;GEW013;Einzelunternehmer aus Gewerbeabmeldungen
52311;Gewerbeanzeigenstatistik;JAHR;Jahr;2026;MONAT;Monate;MONAT12;Dezember;DINSG;Deutschland insgesamt;DG;Deutschland;GEWAB1;Grund der Gewerbeabmeldung;GEW-RFWSL;Rechtsformwechsel;STAAG4;Staatsangehörigkeit;ST154;Rumänien;...;Anzahl;GEW013;Einzelunternehmer aus Gewerbeabmeldungen
52311;Gewerbeanzeigenstatistik;JAHR;Jahr;2026;MONAT;Monate;MONAT11;November;DINSG;Deutschland insgesamt;DG;Deutschland;GEWAB1;Grund der Gewerbeabmeldung;GEW-EVV;Erbfolge/Verkauf/Verpachtung;STAAG4;Staatsangehörigkeit;ST134;Griechenland;...;Anzahl;GEW013;Einzelunternehmer aus Gewerbeabmeldungen
52311;Gewerbeanzeigenstatistik;JAHR;Jahr;2026;MONAT;Monate;MONAT05;Mai;DINSG;Deutschland insgesamt;DG;Deutschland;GEWAB1;Grund der Gewerbeabmeldung;;Insgesamt;STAAG4;Staatsangehörigkeit;ST137;Italien;368;Anzahl;GEW013;Einzelunternehmer aus Gewerbeabmeldungen
52311;Gewerbeanzeigenstatistik;JAHR;Jahr;2026;MONAT;Monate;MONAT02;Februar;DINSG;Deutschland insgesamt;DG;Deutschland;GEWAB1;Grund der Gewerbeabmeldung;GEW-GESAUS;Gesellschafteraustritt;STAAG4;Staatsangehörigkeit;ST152;Polen;-;Anzahl;GEW013;Einzelunternehmer aus Gewerbeabmeldungen
52311;Gewerbeanzeigenstatistik;JAHR;Jahr;2026;MONAT;Monate;MONAT02;Februar;DINSG;Deutschland insgesamt;DG;Deutschland;GEWAB1;Grund der Gewerbeabmeldung;GEW-UMWDLG;Umwandlung;STAAG4;Staatsangehörigkeit;ST137;Italien;2;Anzahl;GEW013;Einzelunternehmer aus Gewerbeabmeldungen
52311;Gewerbeanzeigenstatistik;JAHR;Jahr;2026;MONAT;Monate;MONAT05;Mai;DINSG;Deutschland insgesamt;DG;Deutschland;GEWAB1;Grund der Gewerbeabmeldung;GEW-EVV;Erbfolge/Verkauf/Verpachtung;STAAG4;Staatsangehörigkeit;ST165;Ungarn;-;Anzahl;GEW013;Einzelunternehmer aus Gewerbeabmeldungen
52311;Gewerbeanzeigenstatistik;JAHR;Jahr;2026;MONAT;Monate;MONAT11;November;DINSG;Deutschland insgesamt;DG;Deutschland;GEWAB1;Grund der Gewerbeabmeldung;GEW-FORTZG;Fortzug;STAAG4;Staatsangehörigkeit;ST125;Bulgarien;...;Anzahl;GEW013;Einzelunternehmer aus Gewerbeabmeldungen
52311;Gewerbeanzeigenstatistik;JAHR;Jahr;2026;MONAT;Monate;MONAT01;Januar;DINSG;Deutschland insgesamt;DG;Deutschland;GEWAB1;Grund der Gewerbeabmeldung;GEW-RFWSL;Rechtsformwechsel;STAAG4;Staatsangehörigkeit;ST165;Ungarn;-;Anzahl;GEW013;Einzelunternehmer aus Gewerbeabmeldungen
52311;Gewerbeanzeigenstatistik;JAHR;Jahr;2026;MONAT;Monate;MONAT11;November;DINSG;Deutschland insgesamt;DG;Deutschland;GEWAB1;Grund der Gewerbeabmeldung;GEW-VSTAUFG;Vollständige Aufgabe;STAAG4;Staatsangehörigkeit;ST134;Griechenland;...;Anzahl;GEW013;Einzelunternehmer aus Gewerbeabmeldungen
52311;Gewerbeanzeigenstatistik;JAHR;Jahr;2026;MONAT;Monate;MONAT10;Oktober;DINSG;Deutschland insgesamt;DG;Deutschland;GEWAB1;Grund der Gewerbeabmeldung;GEW-UMWDLG;Umwandlung;STAAG4;Staatsangehörigkeit;ST152;Polen;...;Anzahl;GEW013;Einzelunternehmer aus Gewerbeabmeldungen
52311;Gewerbeanzeigenstatistik;JAHR;Jahr;2026;MONAT;Monate;MONAT03;März;DINSG;Deutschland insgesamt;DG;Deutschland;GEWAB1;Grund der Gewerbeabmeldung;GEW-FORTZG;Fortzug;STAAG4;Staatsangehörigkeit;ST163;Türkei;81;Anzahl;GEW013;Einzelunternehmer aus Gewerbeabmeldungen
52311;Gewerbeanzeigenstatistik;JAHR;Jahr;2026;MONAT;Monate;MONAT06;Juni;DINSG;Deutschland insgesamt;DG;Deutschland;GEWAB1;Grund der Gewerbeabmeldung;GEW-RFWSL;Rechtsformwechsel;STAAG4;Staatsangehörigkeit;ST154;Rumänien;5;Anzahl;GEW013;Einzelunternehmer aus Gewerbeabmeldungen
52311;Gewerbeanzeigenstatistik;JAHR;Jahr;2026;MONAT;Monate;MONAT11;November;DINSG;Deutschland insgesamt;DG;Deutschland;GEWAB1;Grund der Gewerbeabmeldung;GEW-RFWSL;Rechtsformwechsel;STAAG4;Staatsangehörigkeit;ST125;Bulgarien;...;Anzahl;GEW013;Einzelunternehmer aus Gewerbeabmeldungen
52311;Gewerbeanzeigenstatistik;JAHR;Jahr;2026;MONAT;Monate;MONAT05;Mai;DINSG;Deutschland insgesamt;DG;Deutschland;GEWAB1;Grund der Gewerbeabmeldung;GEW-VSTAUFG;Vollständige Aufgabe;STAAG4;Staatsangehörigkeit;ST165;Ungarn;104;Anzahl;GEW013;Einzelunternehmer aus Gewerbeabmeldungen
52311;Gewerbeanzeigenstatistik;JAHR;Jahr;2026;MONAT;Monate;MONAT12;Dezember;DINSG;Deutschland insgesamt;DG;Deutschland;GEWAB1;Grund der Gewerbeabmeldung;GEW-VSTAUFG;Vollständige Aufgabe;STAAG4;Staatsangehörigkeit;DG;Deutschland;...;Anzahl;GEW013;Einzelunternehmer aus Gewerbeabmeldungen
52311;Gewerbeanzeigenstatistik;JAHR;Jahr;2026;MONAT;Monate;MONAT07;Juli;DINSG;Deutschland insgesamt;DG;Deutschland;GEWAB1;Grund der Gewerbeabmeldung;GEW-VSTAUFG;Vollständige Aufgabe;STAAG4;Staatsangehörigkeit;ST165;Ungarn;151;Anzahl;GEW013;Einzelunternehmer aus Gewerbeabmeldungen
52311;Gewerbeanzeigenstatistik;JAHR;Jahr;2026;MONAT;Monate;MONAT03;März;DINSG;Deutschland insgesamt;DG;Deutschland;GEWAB1;Grund der Gewerbeabmeldung;GEW-UMWDLG;Umwandlung;STAAG4;Staatsangehörigkeit;STA-SONST-01;Sonstige Staatsangehörigkeit;4;Anzahl;GEW013;Einzelunternehmer aus Gewerbeabmeldungen
52311;Gewerbeanzeigenstatistik;JAHR;Jahr;2026;MONAT;Monate;MONAT04;April;DINSG;Deutschland insgesamt;DG;Deutschland;GEWAB1;Grund der Gewerbeabmeldung;;Insgesamt;STAAG4;Staatsangehörigkeit;ST152;Polen;1110;Anzahl;GEW013;Einzelunternehmer aus Gewerbeabmeldungen
52311;Gewerbeanzeigenstatistik;JAHR;Jahr;2026;MONAT;Monate;MONAT05;Mai;DINSG;Deutschland insgesamt;DG;Deutschland;GEWAB1;Grund der Gewerbeabmeldung;GEW-GESAUS;Gesellschafteraustritt;STAAG4;Staatsangehörigkeit;ST165;Ungarn;-;Anzahl;GEW013;Einzelunternehmer aus Gewerbeabmeldungen
52311;Gewerbeanzeigenstatistik;JAHR;Jahr;2026;MONAT;Monate;MONAT04;April;DINSG;Deutschland insgesamt;DG;Deutschland;GEWAB1;Grund der Gewerbeabmeldung;;Insgesamt;STAAG4;Staatsangehörigkeit;DG;Deutschland;27422;Anzahl;GEW013;Einzelunternehmer aus Gewerbeabmeldungen
52311;Gewerbeanzeigenstatistik;JAHR;Jahr;2026;MONAT;Monate;MONAT08;August;DINSG;Deutschland insgesamt;DG;Deutschland;GEWAB1;Grund der Gewerbeabmeldung;GEW-FORTZG;Fortzug;STAAG4;Staatsangehörigkeit;ST163;Türkei;...;Anzahl;GEW013;Einzelunternehmer aus Gewerbeabmeldungen
52311;Gewerbeanzeigenstatistik;JAHR;Jahr;2026;MONAT;Monate;MONAT06;Juni;DINSG;Deutschland insgesamt;DG;Deutschland;GEWAB1;Grund der Gewerbeabmeldung;;Insgesamt;STAAG4;Staatsangehörigkeit;ST154;Rumänien;883;Anzahl;GEW013;Einzelunternehmer aus Gewerbeabmeldungen
52311;Gewerbeanzeigenstatistik;JAHR;Jahr;2026;MONAT;Monate;MONAT04;April;DINSG;Deutschland insgesamt;DG;Deutschland;GEWAB1;Grund der Gewerbeabmeldung;GEW-EVV;Erbfolge/Verkauf/Verpachtung;STAAG4;Staatsangehörigkeit;ST134;Griechenland;23;Anzahl;GEW013;Einzelunternehmer aus Gewerbeabmeldungen
52311;Gewerbeanzeigenstatistik;JAHR;Jahr;2026;MONAT;Monate;MONAT01;Januar;DINSG;Deutschland insgesamt;DG;Deutschland;GEWAB1;Grund der Gewerbeabmeldung;GEW-UMWDLG;Umwandlung;STAAG4;Staatsangehörigkeit;ST165;Ungarn;-;Anzahl;GEW013;Einzelunternehmer aus Gewerbeabmeldungen
52311;Gewerbeanzeigenstatistik;JAHR;Jahr;2026;MONAT;Monate;MONAT10;Oktober;DINSG;Deutschland insgesamt;DG;Deutschland;GEWAB1;Grund der Gewerbeabmeldung;GEW-VSTAUFG;Vollständige Aufgabe;STAAG4;Staatsangehörigkeit;ST165;Ungarn;...;Anzahl;GEW013;Einzelunternehmer aus Gewerbeabmeldungen
52311;Gewerbeanzeigenstatistik;JAHR;Jahr;2026;MONAT;Monate;MONAT09;September;DINSG;Deutschland insgesamt;DG;Deutschland;GEWAB1;Grund der Gewerbeabmeldung;GEW-EVV;Erbfolge/Verkauf/Verpachtung;STAAG4;Staatsangehörigkeit;ST154;Rumänien;...;Anzahl;GEW013;Einzelunternehmer aus Gewerbeabmeldungen
52311;Gewerbeanzeigenstatistik;JAHR;Jahr;2026;MONAT;Monate;MONAT01;Januar;DINSG;Deutschland insgesamt;DG;Deutschland;GEWAB1;Grund der Gewerbeabmeldung;;Insgesamt;STAAG4;Staatsangehörigkeit;ST134;Griechenland;299;Anzahl;GEW013;Einzelunternehmer aus Gewerbeabmeldungen
52311;Gewerbeanzeigenstatistik;JAHR;Jahr;2026;MONAT;Monate;MONAT12;Dezember;DINSG;Deutschland insgesamt;DG;Deutschland;GEWAB1;Grund der Gewerbeabmeldung;;Insgesamt;STAAG4;Staatsangehörigkeit;ST134;Griechenland;...;Anzahl;GEW013;Einzelunternehmer aus Gewerbeabmeldungen
52311;Gewerbeanzeigenstatistik;JAHR;Jahr;2026;MONAT;Monate;MONAT07;Juli;DINSG;Deutschland insgesamt;DG;Deutschland;GEWAB1;Grund der Gewerbeabmeldung;GEW-EVV;Erbfolge/Verkauf/Verpachtung;STAAG4;Staatsangehörigkeit;ST152;Polen;10;Anzahl;GEW013;Einzelunternehmer aus Gewerbeabmeldungen
52311;Gewerbeanzeigenstatistik;JAHR;Jahr;2026;MONAT;Monate;MONAT11;November;DINSG;Deutschland insgesamt;DG;Deutschland;GEWAB1;Grund der Gewerbeabmeldung;GEW-EVV;Erbfolge/Verkauf/Verpachtung;STAAG4;Staatsangehörigkeit;ST165;Ungarn;...;Anzahl;GEW013;Einzelunternehmer aus Gewerbeabmeldungen
52311;Gewerbeanzeigenstatistik;JAHR;Jahr;2026;MONAT;Monate;MONAT03;März;DINSG;Deutschland insgesamt;DG;Deutschland;GEWAB1;Grund der Gewerbeabmeldung;GEW-RFWSL;Rechtsformwechsel;STAAG4;Staatsangehörigkeit;ST154;Rumänien;4;Anzahl;GEW013;Einzelunternehmer aus Gewerbeabmeldungen
52311;Gewerbeanzeigenstatistik;JAHR;Jahr;2026;MONAT;Monate;MONAT04;April;DINSG;Deutschland insgesamt;DG;Deutschland;GEWAB1;Grund der Gewerbeabmeldung;GEW-RFWSL;Rechtsformwechsel;STAAG4;Staatsangehörigkeit;ST163;Türkei;10;Anzahl;GEW013;Einzelunternehmer aus Gewerbeabmeldungen
52311;Gewerbeanzeigenstatistik;JAHR;Jahr;2026;MONAT;Monate;MONAT12;Dezember;DINSG;Deutschland insgesamt;DG;Deutschland;GEWAB1;Grund der Gewerbeabmeldung;GEW-EVV;Erbfolge/Verkauf/Verpachtung;STAAG4;Staatsangehörigkeit;DG;Deutschland;...;Anzahl;GEW013;Einzelunternehmer aus Gewerbeabmeldungen
52311;Gewerbeanzeigenstatistik;JAHR;Jahr;2026;MONAT;Monate;MONAT04;April;DINSG;Deutschland insgesamt;DG;Deutschland;GEWAB1;Grund der Gewerbeabmeldung;GEW-FORTZG;Fortzug;STAAG4;Staatsangehörigkeit;ST137;Italien;37;Anzahl;GEW013;Einzelunternehmer aus Gewerbeabmeldungen
52311;Gewerbeanzeigenstatistik;JAHR;Jahr;2026;MONAT;Monate;MONAT05;Mai;DINSG;Deutschland insgesamt;DG;Deutschland;GEWAB1;Grund der Gewerbeabmeldung;GEW-RFWSL;Rechtsformwechsel;STAAG4;Staatsangehörigkeit;ST134;Griechenland;3;Anzahl;GEW013;Einzelunternehmer aus Gewerbeabmeldungen
52311;Gewerbeanzeigenstatistik;JAHR;Jahr;2026;MONAT;Monate;MONAT11;November;DINSG;Deutschland insgesamt;DG;Deutschland;GEWAB1;Grund der Gewerbeabmeldung;GEW-UMWDLG;Umwandlung;STAAG4;Staatsangehörigkeit;ST125;Bulgarien;...;Anzahl;GEW013;Einzelunternehmer aus Gewerbeabmeldungen
52311;Gewerbeanzeigenstatistik;JAHR;Jahr;2026;MONAT;Monate;MONAT11;November;DINSG;Deutschland insgesamt;DG;Deutschland;GEWAB1;Grund der Gewerbeabmeldung;GEW-GESAUS;Gesellschafteraustritt;STAAG4;Staatsangehörigkeit;ST163;Türkei;...;Anzahl;GEW013;Einzelunternehmer aus Gewerbeabmeldungen
52311;Gewerbeanzeigenstatistik;JAHR;Jahr;2026;MONAT;Monate;MONAT04;April;DINSG;Deutschland insgesamt;DG;Deutschland;GEWAB1;Grund der Gewerbeabmeldung;GEW-RFWSL;Rechtsformwechsel;STAAG4;Staatsangehörigkeit;DG;Deutschland;309;Anzahl;GEW013;Einzelunternehmer aus Gewerbeabmeldungen
52311;Gewerbeanzeigenstatistik;JAHR;Jahr;2026;MONAT;Monate;MONAT08;August;DINSG;Deutschland insgesamt;DG;Deutschland;GEWAB1;Grund der Gewerbeabmeldung;GEW-RFWSL;Rechtsformwechsel;STAAG4;Staatsangehörigkeit;ST165;Ungarn;...;Anzahl;GEW013;Einzelunternehmer aus Gewerbeabmeldungen
52311;Gewerbeanzeigenstatistik;JAHR;Jahr;2026;MONAT;Monate;MONAT10;Oktober;DINSG;Deutschland insgesamt;DG;Deutschland;GEWAB1;Grund der Gewerbeabmeldung;GEW-EVV;Erbfolge/Verkauf/Verpachtung;STAAG4;Staatsangehörigkeit;STA-SONST-01;Sonstige Staatsangehörigkeit;...;Anzahl;GEW013;Einzelunternehmer aus Gewerbeabmeldungen
52311;Gewerbeanzeigenstatistik;JAHR;Jahr;2026;MONAT;Monate;MONAT11;November;DINSG;Deutschland insgesamt;DG;Deutschland;GEWAB1;Grund der Gewerbeabmeldung;GEW-UMWDLG;Umwandlung;STAAG4;Staatsangehörigkeit;DG;Deutschland;...;Anzahl;GEW013;Einzelunternehmer aus Gewerbeabmeldungen
52311;Gewerbeanzeigenstatistik;JAHR;Jahr;2026;MONAT;Monate;MONAT08;August;DINSG;Deutschland insgesamt;DG;Deutschland;GEWAB1;Grund der Gewerbeabmeldung;GEW-FORTZG;Fortzug;STAAG4;Staatsangehörigkeit;STA-SONST-01;Sonstige Staatsangehörigkeit;...;Anzahl;GEW013;Einzelunternehmer aus Gewerbeabmeldungen
52311;Gewerbeanzeigenstatistik;JAHR;Jahr;2026;MONAT;Monate;MONAT04;April;DINSG;Deutschland insgesamt;DG;Deutschland;GEWAB1;Grund der Gewerbeabmeldung;;Insgesamt;STAAG4;Staatsangehörigkeit;ST163;Türkei;1250;Anzahl;GEW013;Einzelunternehmer aus Gewerbeabmeldungen
52311;Gewerbeanzeigenstatistik;JAHR;Jahr;2026;MONAT;Monate;MONAT10;Oktober;DINSG;Deutschland insgesamt;DG;Deutschland;GEWAB1;Grund der Gewerbeabmeldung;GEW-VSTAUFG;Vollständige Aufgabe;STAAG4;Staatsangehörigkeit;ST154;Rumänien;...;Anzahl;GEW013;Einzelunternehmer aus Gewerbeabmeldungen
52311;Gewerbeanzeigenstatistik;JAHR;Jahr;2026;MONAT;Monate;MONAT03;März;DINSG;Deutschland insgesamt;DG;Deutschland;GEWAB1;Grund der Gewerbeabmeldung;;Insgesamt;STAAG4;Staatsangehörigkeit;DG;Deutschland;32155;Anzahl;GEW013;Einzelunternehmer aus Gewerbeabmeldungen
52311;Gewerbeanzeigenstatistik;JAHR;Jahr;2026;MONAT;Monate;MONAT06;Juni;DINSG;Deutschland insgesamt;DG;Deutschland;GEWAB1;Grund der Gewerbeabmeldung;;Insgesamt;STAAG4;Staatsangehörigkeit;ST165;Ungarn;185;Anzahl;GEW013;Einzelunternehmer aus Gewerbeabmeldungen
52311;Gewerbeanzeigenstatistik;JAHR;Jahr;2026;MONAT;Monate;MONAT08;August;DINSG;Deutschland insgesamt;DG;Deutschland;GEWAB1;Grund der Gewerbeabmeldung;GEW-GESAUS;Gesellschafteraustritt;STAAG4;Staatsangehörigkeit;STA-SONST-01;Sonstige Staatsangehörigkeit;...;Anzahl;GEW013;Einzelunternehmer aus Gewerbeabmeldungen
52311;Gewerbeanzeigenstatistik;JAHR;Jahr;2026;MONAT;Monate;MONAT10;Oktober;DINSG;Deutschland insgesamt;DG;Deutschland;GEWAB1;Grund der Gewerbeabmeldung;GEW-RFWSL;Rechtsformwechsel;STAAG4;Staatsangehörigkeit;ST152;Polen;...;Anzahl;GEW013;Einzelunternehmer aus Gewerbeabmeldungen
52311;Gewerbeanzeigenstatistik;JAHR;Jahr;2026;MONAT;Monate;MONAT11;November;DINSG;Deutschland insgesamt;DG;Deutschland;GEWAB1;Grund der Gewerbeabmeldung;GEW-EVV;Erbfolge/Verkauf/Verpachtung;STAAG4;Staatsangehörigkeit;ST154;Rumänien;...;Anzahl;GEW013;Einzelunternehmer aus Gewerbeabmeldungen
52311;Gewerbeanzeigenstatistik;JAHR;Jahr;2026;MONAT;Monate;MONAT04;April;DINSG;Deutschland insgesamt;DG;Deutschland;GEWAB1;Grund der Gewerbeabmeldung;GEW-RFWSL;Rechtsformwechsel;STAAG4;Staatsangehörigkeit;ST152;Polen;1;Anzahl;GEW013;Einzelunternehmer aus Gewerbeabmeldungen
52311;Gewerbeanzeigenstatistik;JAHR;Jahr;2026;MONAT;Monate;MONAT03;März;DINSG;Deutschland insgesamt;DG;Deutschland;GEWAB1;Grund der Gewerbeabmeldung;GEW-RFWSL;Rechtsformwechsel;STAAG4;Staatsangehörigkeit;ST165;Ungarn;1;Anzahl;GEW013;Einzelunternehmer aus Gewerbeabmeldungen
52311;Gewerbeanzeigenstatistik;JAHR;Jahr;2026;MONAT;Monate;MONAT03;März;DINSG;Deutschland insgesamt;DG;Deutschland;GEWAB1;Grund der Gewerbeabmeldung;GEW-UMWDLG;Umwandlung;STAAG4;Staatsangehörigkeit;DG;Deutschland;44;Anzahl;GEW013;Einzelunternehmer aus Gewerbeabmeldungen
52311;Gewerbeanzeigenstatistik;JAHR;Jahr;2026;MONAT;Monate;MONAT06;Juni;DINSG;Deutschland insgesamt;DG;Deutschland;GEWAB1;Grund der Gewerbeabmeldung;GEW-EVV;Erbfolge/Verkauf/Verpachtung;STAAG4;Staatsangehörigkeit;ST125;Bulgarien;6;Anzahl;GEW013;Einzelunternehmer aus Gewerbeabmeldungen
52311;Gewerbeanzeigenstatistik;JAHR;Jahr;2026;MONAT;Monate;MONAT11;November;DINSG;Deutschland insgesamt;DG;Deutschland;GEWAB1;Grund der Gewerbeabmeldung;GEW-EVV;Erbfolge/Verkauf/Verpachtung;STAAG4;Staatsangehörigkeit;DG;Deutschland;...;Anzahl;GEW013;Einzelunternehmer aus Gewerbeabmeldungen
52311;Gewerbeanzeigenstatistik;JAHR;Jahr;2026;MONAT;Monate;MONAT07;Juli;DINSG;Deutschland insgesamt;DG;Deutschland;GEWAB1;Grund der Gewerbeabmeldung;GEW-EVV;Erbfolge/Verkauf/Verpachtung;STAAG4;Staatsangehörigkeit;STA-SONST-01;Sonstige Staatsangehörigkeit;282;Anzahl;GEW013;Einzelunternehmer aus Gewerbeabmeldungen
52311;Gewerbeanzeigenstatistik;JAHR;Jahr;2026;MONAT;Monate;MONAT09;September;DINSG;Deutschland insgesamt;DG;Deutschland;GEWAB1;Grund der Gewerbeabmeldung;GEW-GESAUS;Gesellschafteraustritt;STAAG4;Staatsangehörigkeit;ST165;Ungarn;...;Anzahl;GEW013;Einzelunternehmer aus Gewerbeabmeldungen
52311;Gewerbeanzeigenstatistik;JAHR;Jahr;2026;MONAT;Monate;MONAT08;August;DINSG;Deutschland insgesamt;DG;Deutschland;GEWAB1;Grund der Gewerbeabmeldung;GEW-RFWSL;Rechtsformwechsel;STAAG4;Staatsangehörigkeit;ST154;Rumänien;...;Anzahl;GEW013;Einzelunternehmer aus Gewerbeabmeldungen
52311;Gewerbeanzeigenstatistik;JAHR;Jahr;2026;MONAT;Monate;MONAT10;Oktober;DINSG;Deutschland insgesamt;DG;Deutschland;GEWAB1;Grund der Gewerbeabmeldung;GEW-GESAUS;Gesellschafteraustritt;STAAG4;Staatsangehörigkeit;ST134;Griechenland;...;Anzahl;GEW013;Einzelunternehmer aus Gewerbeabmeldungen
52311;Gewerbeanzeigenstatistik;JAHR;Jahr;2026;MONAT;Monate;MONAT03;März;DINSG;Deutschland insgesamt;DG;Deutschland;GEWAB1;Grund der Gewerbeabmeldung;GEW-RFWSL;Rechtsformwechsel;STAAG4;Staatsangehörigkeit;ST125;Bulgarien;1;Anzahl;GEW013;Einzelunternehmer aus Gewerbeabmeldungen
52311;Gewerbeanzeigenstatistik;JAHR;Jahr;2026;MONAT;Monate;MONAT12;Dezember;DINSG;Deutschland insgesamt;DG;Deutschland;GEWAB1;Grund der Gewerbeabmeldung;GEW-EVV;Erbfolge/Verkauf/Verpachtung;STAAG4;Staatsangehörigkeit;STA-SONST-01;Sonstige Staatsangehörigkeit;...;Anzahl;GEW013;Einzelunternehmer aus Gewerbeabmeldungen
52311;Gewerbeanzeigenstatistik;JAHR;Jahr;2026;MONAT;Monate;MONAT01;Januar;DINSG;Deutschland insgesamt;DG;Deutschland;GEWAB1;Grund der Gewerbeabmeldung;GEW-FORTZG;Fortzug;STAAG4;Staatsangehörigkeit;ST154;Rumänien;65;Anzahl;GEW013;Einzelunternehmer aus Gewerbeabmeldungen
52311;Gewerbeanzeigenstatistik;JAHR;Jahr;2026;MONAT;Monate;MONAT05;Mai;DINSG;Deutschland insgesamt;DG;Deutschland;GEWAB1;Grund der Gewerbeabmeldung;GEW-UMWDLG;Umwandlung;STAAG4;Staatsangehörigkeit;ST137;Italien;1;Anzahl;GEW013;Einzelunternehmer aus Gewerbeabmeldungen
52311;Gewerbeanzeigenstatistik;JAHR;Jahr;2026;MONAT;Monate;MONAT02;Februar;DINSG;Deutschland insgesamt;DG;Deutschland;GEWAB1;Grund der Gewerbeabmeldung;GEW-GESAUS;Gesellschafteraustritt;STAAG4;Staatsangehörigkeit;ST165;Ungarn;-;Anzahl;GEW013;Einzelunternehmer aus Gewerbeabmeldungen
52311;Gewerbeanzeigenstatistik;JAHR;Jahr;2026;MONAT;Monate;MONAT03;März;DINSG;Deutschland insgesamt;DG;Deutschland;GEWAB1;Grund der Gewerbeabmeldung;;Insgesamt;STAAG4;Staatsangehörigkeit;ST137;Italien;496;Anzahl;GEW013;Einzelunternehmer aus Gewerbeabmeldungen
52311;Gewerbeanzeigenstatistik;JAHR;Jahr;2026;MONAT;Monate;MONAT11;November;DINSG;Deutschland insgesamt;DG;Deutschland;GEWAB1;Grund der Gewerbeabmeldung;GEW-RFWSL;Rechtsformwechsel;STAAG4;Staatsangehörigkeit;ST134;Griechenland;...;Anzahl;GEW013;Einzelunternehmer aus Gewerbeabmeldungen
52311;Gewerbeanzeigenstatistik;JAHR;Jahr;2026;MONAT;Monate;MONAT10;Oktober;DINSG;Deutschland insgesamt;DG;Deutschland;GEWAB1;Grund der Gewerbeabmeldung;GEW-RFWSL;Rechtsformwechsel;STAAG4;Staatsangehörigkeit;ST163;Türkei;...;Anzahl;GEW013;Einzelunternehmer aus Gewerbeabmeldungen
52311;Gewerbeanzeigenstatistik;JAHR;Jahr;2026;MONAT;Monate;MONAT06;Juni;DINSG;Deutschland insgesamt;DG;Deutschland;GEWAB1;Grund der Gewerbeabmeldung;GEW-EVV;Erbfolge/Verkauf/Verpachtung;STAAG4;Staatsangehörigkeit;ST137;Italien;25;Anzahl;GEW013;Einzelunternehmer aus Gewerbeabmeldungen
52311;Gewerbeanzeigenstatistik;JAHR;Jahr;2026;MONAT;Monate;MONAT09;September;DINSG;Deutschland insgesamt;DG;Deutschland;GEWAB1;Grund der Gewerbeabmeldung;GEW-RFWSL;Rechtsformwechsel;STAAG4;Staatsangehörigkeit;STA-SONST-01;Sonstige Staatsangehörigkeit;...;Anzahl;GEW013;Einzelunternehmer aus Gewerbeabmeldungen
52311;Gewerbeanzeigenstatistik;JAHR;Jahr;2026;MONAT;Monate;MONAT12;Dezember;DINSG;Deutschland insgesamt;DG;Deutschland;GEWAB1;Grund der Gewerbeabmeldung;GEW-GESAUS;Gesellschafteraustritt;STAAG4;Staatsangehörigkeit;ST165;Ungarn;...;Anzahl;GEW013;Einzelunternehmer aus Gewerbeabmeldungen
52311;Gewerbeanzeigenstatistik;JAHR;Jahr;2026;MONAT;Monate;MONAT06;Juni;DINSG;Deutschland insgesamt;DG;Deutschland;GEWAB1;Grund der Gewerbeabmeldung;GEW-GESAUS;Gesellschafteraustritt;STAAG4;Staatsangehörigkeit;DG;Deutschland;-;Anzahl;GEW013;Einzelunternehmer aus Gewerbeabmeldungen
52311;Gewerbeanzeigenstatistik;JAHR;Jahr;2026;MONAT;Monate;MONAT09;September;DINSG;Deutschland insgesamt;DG;Deutschland;GEWAB1;Grund der Gewerbeabmeldung;GEW-RFWSL;Rechtsformwechsel;STAAG4;Staatsangehörigkeit;ST152;Polen;...;Anzahl;GEW013;Einzelunternehmer aus Gewerbeabmeldungen
52311;Gewerbeanzeigenstatistik;JAHR;Jahr;2026;MONAT;Monate;MONAT03;März;DINSG;Deutschland insgesamt;DG;Deutschland;GEWAB1;Grund der Gewerbeabmeldung;GEW-RFWSL;Rechtsformwechsel;STAAG4;Staatsangehörigkeit;STA-SONST-01;Sonstige Staatsangehörigkeit;56;Anzahl;GEW013;Einzelunternehmer aus Gewerbeabmeldungen
52311;Gewerbeanzeigenstatistik;JAHR;Jahr;2026;MONAT;Monate;MONAT09;September;DINSG;Deutschland insgesamt;DG;Deutschland;GEWAB1;Grund der Gewerbeabmeldung;GEW-UMWDLG;Umwandlung;STAAG4;Staatsangehörigkeit;ST137;Italien;...;Anzahl;GEW013;Einzelunternehmer aus Gewerbeabmeldungen
52311;Gewerbeanzeigenstatistik;JAHR;Jahr;2026;MONAT;Monate;MONAT09;September;DINSG;Deutschland insgesamt;DG;Deutschland;GEWAB1;Grund der Gewerbeabmeldung;GEW-GESAUS;Gesellschafteraustritt;STAAG4;Staatsangehörigkeit;ST152;Polen;...;Anzahl;GEW013;Einzelunternehmer aus Gewerbeabmeldungen
52311;Gewerbeanzeigenstatistik;JAHR;Jahr;2026;MONAT;Monate;MONAT02;Februar;DINSG;Deutschland insgesamt;DG;Deutschland;GEWAB1;Grund der Gewerbeabmeldung;GEW-VSTAUFG;Vollständige Aufgabe;STAAG4;Staatsangehörigkeit;ST154;Rumänien;748;Anzahl;GEW013;Einzelunternehmer aus Gewerbeabmeldungen
52311;Gewerbeanzeigenstatistik;JAHR;Jahr;2026;MONAT;Monate;MONAT03;März;DINSG;Deutschland insgesamt;DG;Deutschland;GEWAB1;Grund der Gewerbeabmeldung;GEW-RFWSL;Rechtsformwechsel;STAAG4;Staatsangehörigkeit;ST137;Italien;9;Anzahl;GEW013;Einzelunternehmer aus Gewerbeabmeldungen
52311;Gewerbeanzeigenstatistik;JAHR;Jahr;2026;MONAT;Monate;MONAT08;August;DINSG;Deutschland insgesamt;DG;Deutschland;GEWAB1;Grund der Gewerbeabmeldung;GEW-VSTAUFG;Vollständige Aufgabe;STAAG4;Staatsangehörigkeit;ST154;Rumänien;...;Anzahl;GEW013;Einzelunternehmer aus Gewerbeabmeldungen
52311;Gewerbeanzeigenstatistik;JAHR;Jahr;2026;MONAT;Monate;MONAT05;Mai;DINSG;Deutschland insgesamt;DG;Deutschland;GEWAB1;Grund der Gewerbeabmeldung;GEW-VSTAUFG;Vollständige Aufgabe;STAAG4;Staatsangehörigkeit;ST154;Rumänien;635;Anzahl;GEW013;Einzelunternehmer aus Gewerbeabmeldungen
52311;Gewerbeanzeigenstatistik;JAHR;Jahr;2026;MONAT;Monate;MONAT08;August;DINSG;Deutschland insgesamt;DG;Deutschland;GEWAB1;Grund der Gewerbeabmeldung;GEW-UMWDLG;Umwandlung;STAAG4;Staatsangehörigkeit;STA-SONST-01;Sonstige Staatsangehörigkeit;...;Anzahl;GEW013;Einzelunternehmer aus Gewerbeabmeldungen
52311;Gewerbeanzeigenstatistik;JAHR;Jahr;2026;MONAT;Monate;MONAT04;April;DINSG;Deutschland insgesamt;DG;Deutschland;GEWAB1;Grund der Gewerbeabmeldung;GEW-FORTZG;Fortzug;STAAG4;Staatsangehörigkeit;DG;Deutschland;2814;Anzahl;GEW013;Einzelunternehmer aus Gewerbeabmeldungen
52311;Gewerbeanzeigenstatistik;JAHR;Jahr;2026;MONAT;Monate;MONAT07;Juli;DINSG;Deutschland insgesamt;DG;Deutschland;GEWAB1;Grund der Gewerbeabmeldung;GEW-VSTAUFG;Vollständige Aufgabe;STAAG4;Staatsangehörigkeit;ST154;Rumänien;887;Anzahl;GEW013;Einzelunternehmer aus Gewerbeabmeldungen
52311;Gewerbeanzeigenstatistik;JAHR;Jahr;2026;MONAT;Monate;MONAT03;März;DINSG;Deutschland insgesamt;DG;Deutschland;GEWAB1;Grund der Gewerbeabmeldung;GEW-GESAUS;Gesellschafteraustritt;STAAG4;Staatsangehörigkeit;STA-SONST-01;Sonstige Staatsangehörigkeit;-;Anzahl;GEW013;Einzelunternehmer aus Gewerbeabmeldungen
52311;Gewerbeanzeigenstatistik;JAHR;Jahr;2026;MONAT;Monate;MONAT01;Januar;DINSG;Deutschland insgesamt;DG;Deutschland;GEWAB1;Grund der Gewerbeabmeldung;GEW-FORTZG;Fortzug;STAAG4;Staatsangehörigkeit;ST165;Ungarn;28;Anzahl;GEW013;Einzelunternehmer aus Gewerbeabmeldungen
52311;Gewerbeanzeigenstatistik;JAHR;Jahr;2026;MONAT;Monate;MONAT05;Mai;DINSG;Deutschland insgesamt;DG;Deutschland;GEWAB1;Grund der Gewerbeabmeldung;GEW-GESAUS;Gesellschafteraustritt;STAAG4;Staatsangehörigkeit;ST152;Polen;-;Anzahl;GEW013;Einzelunternehmer aus Gewerbeabmeldungen
52311;Gewerbeanzeigenstatistik;JAHR;Jahr;2026;MONAT;Monate;MONAT05;Mai;DINSG;Deutschland insgesamt;DG;Deutschland;GEWAB1;Grund der Gewerbeabmeldung;GEW-EVV;Erbfolge/Verkauf/Verpachtung;STAAG4;Staatsangehörigkeit;ST163;Türkei;139;Anzahl;GEW013;Einzelunternehmer aus Gewerbeabmeldungen
52311;Gewerbeanzeigenstatistik;JAHR;Jahr;2026;MONAT;Monate;MONAT10;Oktober;DINSG;Deutschland insgesamt;DG;Deutschland;GEWAB1;Grund der Gewerbeabmeldung;GEW-FORTZG;Fortzug;STAAG4;Staatsangehörigkeit;ST163;Türkei;...;Anzahl;GEW013;Einzelunternehmer aus Gewerbeabmeldungen
52311;Gewerbeanzeigenstatistik;JAHR;Jahr;2026;MONAT;Monate;MONAT08;August;DINSG;Deutschland insgesamt;DG;Deutschland;GEWAB1;Grund der Gewerbeabmeldung;GEW-FORTZG;Fortzug;STAAG4;Staatsangehörigkeit;ST152;Polen;...;Anzahl;GEW013;Einzelunternehmer aus Gewerbeabmeldungen
52311;Gewerbeanzeigenstatistik;JAHR;Jahr;2026;MONAT;Monate;MONAT02;Februar;DINSG;Deutschland insgesamt;DG;Deutschland;GEWAB1;Grund der Gewerbeabmeldung;GEW-GESAUS;Gesellschafteraustritt;STAAG4;Staatsangehörigkeit;ST154;Rumänien;-;Anzahl;GEW013;Einzelunternehmer aus Gewerbeabmeldungen
52311;Gewerbeanzeigenstatistik;JAHR;Jahr;2026;MONAT;Monate;MONAT12;Dezember;DINSG;Deutschland insgesamt;DG;Deutschland;GEWAB1;Grund der Gewerbeabmeldung;GEW-GESAUS;Gesellschafteraustritt;STAAG4;Staatsangehörigkeit;ST154;Rumänien;...;Anzahl;GEW013;Einzelunternehmer aus Gewerbeabmeldungen
52311;Gewerbeanzeigenstatistik;JAHR;Jahr;2026;MONAT;Monate;MONAT03;März;DINSG;Deutschland insgesamt;DG;Deutschland;GEWAB1;Grund der Gewerbeabmeldung;;Insgesamt;STAAG4;Staatsangehörigkeit;ST125;Bulgarien;422;Anzahl;GEW013;Einzelunternehmer aus Gewerbeabmeldungen
52311;Gewerbeanzeigenstatistik;JAHR;Jahr;2026;MONAT;Monate;MONAT03;März;DINSG;Deutschland insgesamt;DG;Deutschland;GEWAB1;Grund der Gewerbeabmeldung;GEW-FORTZG;Fortzug;STAAG4;Staatsangehörigkeit;STA-SONST-01;Sonstige Staatsangehörigkeit;345;Anzahl;GEW013;Einzelunternehmer aus Gewerbeabmeldungen
52311;Gewerbeanzeigenstatistik;JAHR;Jahr;2026;MONAT;Monate;MONAT08;August;DINSG;Deutschland insgesamt;DG;Deutschland;GEWAB1;Grund der Gewerbeabmeldung;;Insgesamt;STAAG4;Staatsangehörigkeit;ST134;Griechenland;...;Anzahl;GEW013;Einzelunternehmer aus Gewerbeabmeldungen
52311;Gewerbeanzeigenstatistik;JAHR;Jahr;2026;MONAT;Monate;MONAT01;Januar;DINSG;Deutschland insgesamt;DG;Deutschland;GEWAB1;Grund der Gewerbeabmeldung;GEW-UMWDLG;Umwandlung;STAAG4;Staatsangehörigkeit;ST152;Polen;2;Anzahl;GEW013;Einzelunternehmer aus Gewerbeabmeldungen
52311;Gewerbeanzeigenstatistik;JAHR;Jahr;2026;MONAT;Monate;MONAT07;Juli;DINSG;Deutschland insgesamt;DG;Deutschland;GEWAB1;Grund der Gewerbeabmeldung;GEW-EVV;Erbfolge/Verkauf/Verpachtung;STAAG4;Staatsangehörigkeit;ST165;Ungarn;3;Anzahl;GEW013;Einzelunternehmer aus Gewerbeabmeldungen
52311;Gewerbeanzeigenstatistik;JAHR;Jahr;2026;MONAT;Monate;MONAT09;September;DINSG;Deutschland insgesamt;DG;Deutschland;GEWAB1;Grund der Gewerbeabmeldung;GEW-RFWSL;Rechtsformwechsel;STAAG4;Staatsangehörigkeit;ST163;Türkei;...;Anzahl;GEW013;Einzelunternehmer aus Gewerbeabmeldungen
52311;Gewerbeanzeigenstatistik;JAHR;Jahr;2026;MONAT;Monate;MONAT04;April;DINSG;Deutschland insgesamt;DG;Deutschland;GEWAB1;Grund der Gewerbeabmeldung;GEW-FORTZG;Fortzug;STAAG4;Staatsangehörigkeit;ST125;Bulgarien;13;Anzahl;GEW013;Einzelunternehmer aus Gewerbeabmeldungen
52311;Gewerbeanzeigenstatistik;JAHR;Jahr;2026;MONAT;Monate;MONAT11;November;DINSG;Deutschland insgesamt;DG;Deutschland;GEWAB1;Grund der Gewerbeabmeldung;GEW-GESAUS;Gesellschafteraustritt;STAAG4;Staatsangehörigkeit;ST152;Polen;...;Anzahl;GEW013;Einzelunternehmer aus Gewerbeabmeldungen
52311;Gewerbeanzeigenstatistik;JAHR;Jahr;2026;MONAT;Monate;MONAT11;November;DINSG;Deutschland insgesamt;DG;Deutschland;GEWAB1;Grund der Gewerbeabmeldung;GEW-UMWDLG;Umwandlung;STAAG4;Staatsangehörigkeit;ST137;Italien;...;Anzahl;GEW013;Einzelunternehmer aus Gewerbeabmeldungen
52311;Gewerbeanzeigenstatistik;JAHR;Jahr;2026;MONAT;Monate;MONAT09;September;DINSG;Deutschland insgesamt;DG;Deutschland;GEWAB1;Grund der Gewerbeabmeldung;GEW-RFWSL;Rechtsformwechsel;STAAG4;Staatsangehörigkeit;DG;Deutschland;...;Anzahl;GEW013;Einzelunternehmer aus Gewerbeabmeldungen
52311;Gewerbeanzeigenstatistik;JAHR;Jahr;2026;MONAT;Monate;MONAT05;Mai;DINSG;Deutschland insgesamt;DG;Deutschland;GEWAB1;Grund der Gewerbeabmeldung;GEW-VSTAUFG;Vollständige Aufgabe;STAAG4;Staatsangehörigkeit;ST125;Bulgarien;290;Anzahl;GEW013;Einzelunternehmer aus Gewerbeabmeldungen
52311;Gewerbeanzeigenstatistik;JAHR;Jahr;2026;MONAT;Monate;MONAT04;April;DINSG;Deutschland insgesamt;DG;Deutschland;GEWAB1;Grund der Gewerbeabmeldung;GEW-UMWDLG;Umwandlung;STAAG4;Staatsangehörigkeit;ST152;Polen;-;Anzahl;GEW013;Einzelunternehmer aus Gewerbeabmeldungen
52311;Gewerbeanzeigenstatistik;JAHR;Jahr;2026;MONAT;Monate;MONAT04;April;DINSG;Deutschland insgesamt;DG;Deutschland;GEWAB1;Grund der Gewerbeabmeldung;GEW-EVV;Erbfolge/Verkauf/Verpachtung;STAAG4;Staatsangehörigkeit;DG;Deutschland;914;Anzahl;GEW013;Einzelunternehmer aus Gewerbeabmeldungen
52311;Gewerbeanzeigenstatistik;JAHR;Jahr;2026;MONAT;Monate;MONAT06;Juni;DINSG;Deutschland insgesamt;DG;Deutschland;GEWAB1;Grund der Gewerbeabmeldung;GEW-FORTZG;Fortzug;STAAG4;Staatsangehörigkeit;ST163;Türkei;74;Anzahl;GEW013;Einzelunternehmer aus Gewerbeabmeldungen
52311;Gewerbeanzeigenstatistik;JAHR;Jahr;2026;MONAT;Monate;MONAT01;Januar;DINSG;Deutschland insgesamt;DG;Deutschland;GEWAB1;Grund der Gewerbeabmeldung;GEW-GESAUS;Gesellschafteraustritt;STAAG4;Staatsangehörigkeit;DG;Deutschland;-;Anzahl;GEW013;Einzelunternehmer aus Gewerbeabmeldungen
52311;Gewerbeanzeigenstatistik;JAHR;Jahr;2026;MONAT;Monate;MONAT12;Dezember;DINSG;Deutschland insgesamt;DG;Deutschland;GEWAB1;Grund der Gewerbeabmeldung;GEW-GESAUS;Gesellschafteraustritt;STAAG4;Staatsangehörigkeit;DG;Deutschland;...;Anzahl;GEW013;Einzelunternehmer aus Gewerbeabmeldungen
52311;Gewerbeanzeigenstatistik;JAHR;Jahr;2026;MONAT;Monate;MONAT01;Januar;DINSG;Deutschland insgesamt;DG;Deutschland;GEWAB1;Grund der Gewerbeabmeldung;GEW-FORTZG;Fortzug;STAAG4;Staatsangehörigkeit;ST134;Griechenland;13;Anzahl;GEW013;Einzelunternehmer aus Gewerbeabmeldungen
52311;Gewerbeanzeigenstatistik;JAHR;Jahr;2026;MONAT;Monate;MONAT01;Januar;DINSG;Deutschland insgesamt;DG;Deutschland;GEWAB1;Grund der Gewerbeabmeldung;GEW-VSTAUFG;Vollständige Aufgabe;STAAG4;Staatsangehörigkeit;ST125;Bulgarien;400;Anzahl;GEW013;Einzelunternehmer aus Gewerbeabmeldungen
52311;Gewerbeanzeigenstatistik;JAHR;Jahr;2026;MONAT;Monate;MONAT05;Mai;DINSG;Deutschland insgesamt;DG;Deutschland;GEWAB1;Grund der Gewerbeabmeldung;GEW-GESAUS;Gesellschafteraustritt;STAAG4;Staatsangehörigkeit;STA-SONST-01;Sonstige Staatsangehörigkeit;-;Anzahl;GEW013;Einzelunternehmer aus Gewerbeabmeldungen
52311;Gewerbeanzeigenstatistik;JAHR;Jahr;2026;MONAT;Monate;MONAT10;Oktober;DINSG;Deutschland insgesamt;DG;Deutschland;GEWAB1;Grund der Gewerbeabmeldung;GEW-VSTAUFG;Vollständige Aufgabe;STAAG4;Staatsangehörigkeit;DG;Deutschland;...;Anzahl;GEW013;Einzelunternehmer aus Gewerbeabmeldungen
52311;Gewerbeanzeigenstatistik;JAHR;Jahr;2026;MONAT;Monate;MONAT05;Mai;DINSG;Deutschland insgesamt;DG;Deutschland;GEWAB1;Grund der Gewerbeabmeldung;GEW-GESAUS;Gesellschafteraustritt;STAAG4;Staatsangehörigkeit;ST163;Türkei;-;Anzahl;GEW013;Einzelunternehmer aus Gewerbeabmeldungen
52311;Gewerbeanzeigenstatistik;JAHR;Jahr;2026;MONAT;Monate;MONAT02;Februar;DINSG;Deutschland insgesamt;DG;Deutschland;GEWAB1;Grund der Gewerbeabmeldung;;Insgesamt;STAAG4;Staatsangehörigkeit;ST137;Italien;529;Anzahl;GEW013;Einzelunternehmer aus Gewerbeabmeldungen
52311;Gewerbeanzeigenstatistik;JAHR;Jahr;2026;MONAT;Monate;MONAT11;November;DINSG;Deutschland insgesamt;DG;Deutschland;GEWAB1;Grund der Gewerbeabmeldung;GEW-EVV;Erbfolge/Verkauf/Verpachtung;STAAG4;Staatsangehörigkeit;ST125;Bulgarien;...;Anzahl;GEW013;Einzelunternehmer aus Gewerbeabmeldungen
52311;Gewerbeanzeigenstatistik;JAHR;Jahr;2026;MONAT;Monate;MONAT07;Juli;DINSG;Deutschland insgesamt;DG;Deutschland;GEWAB1;Grund der Gewerbeabmeldung;GEW-UMWDLG;Umwandlung;STAAG4;Staatsangehörigkeit;ST134;Griechenland;-;Anzahl;GEW013;Einzelunternehmer aus Gewerbeabmeldungen
52311;Gewerbeanzeigenstatistik;JAHR;Jahr;2026;MONAT;Monate;MONAT09;September;DINSG;Deutschland insgesamt;DG;Deutschland;GEWAB1;Grund der Gewerbeabmeldung;GEW-EVV;Erbfolge/Verkauf/Verpachtung;STAAG4;Staatsangehörigkeit;ST152;Polen;...;Anzahl;GEW013;Einzelunternehmer aus Gewerbeabmeldungen
52311;Gewerbeanzeigenstatistik;JAHR;Jahr;2026;MONAT;Monate;MONAT08;August;DINSG;Deutschland insgesamt;DG;Deutschland;GEWAB1;Grund der Gewerbeabmeldung;;Insgesamt;STAAG4;Staatsangehörigkeit;DG;Deutschland;...;Anzahl;GEW013;Einzelunternehmer aus Gewerbeabmeldungen
52311;Gewerbeanzeigenstatistik;JAHR;Jahr;2026;MONAT;Monate;MONAT12;Dezember;DINSG;Deutschland insgesamt;DG;Deutschland;GEWAB1;Grund der Gewerbeabmeldung;GEW-VSTAUFG;Vollständige Aufgabe;STAAG4;Staatsangehörigkeit;ST125;Bulgarien;...;Anzahl;GEW013;Einzelunternehmer aus Gewerbeabmeldungen
52311;Gewerbeanzeigenstatistik;JAHR;Jahr;2026;MONAT;Monate;MONAT04;April;DINSG;Deutschland insgesamt;DG;Deutschland;GEWAB1;Grund der Gewerbeabmeldung;GEW-RFWSL;Rechtsformwechsel;STAAG4;Staatsangehörigkeit;ST165;Ungarn;1;Anzahl;GEW013;Einzelunternehmer aus Gewerbeabmeldungen
52311;Gewerbeanzeigenstatistik;JAHR;Jahr;2026;MONAT;Monate;MONAT11;November;DINSG;Deutschland insgesamt;DG;Deutschland;GEWAB1;Grund der Gewerbeabmeldung;GEW-GESAUS;Gesellschafteraustritt;STAAG4;Staatsangehörigkeit;ST165;Ungarn;...;Anzahl;GEW013;Einzelunternehmer aus Gewerbeabmeldungen
52311;Gewerbeanzeigenstatistik;JAHR;Jahr;2026;MONAT;Monate;MONAT03;März;DINSG;Deutschland insgesamt;DG;Deutschland;GEWAB1;Grund der Gewerbeabmeldung;GEW-FORTZG;Fortzug;STAAG4;Staatsangehörigkeit;DG;Deutschland;3143;Anzahl;GEW013;Einzelunternehmer aus Gewerbeabmeldungen
52311;Gewerbeanzeigenstatistik;JAHR;Jahr;2026;MONAT;Monate;MONAT08;August;DINSG;Deutschland insgesamt;DG;Deutschland;GEWAB1;Grund der Gewerbeabmeldung;GEW-RFWSL;Rechtsformwechsel;STAAG4;Staatsangehörigkeit;ST163;Türkei;...;Anzahl;GEW013;Einzelunternehmer aus Gewerbeabmeldungen
52311;Gewerbeanzeigenstatistik;JAHR;Jahr;2026;MONAT;Monate;MONAT10;Oktober;DINSG;Deutschland insgesamt;DG;Deutschland;GEWAB1;Grund der Gewerbeabmeldung;;Insgesamt;STAAG4;Staatsangehörigkeit;ST134;Griechenland;...;Anzahl;GEW013;Einzelunternehmer aus Gewerbeabmeldungen
52311;Gewerbeanzeigenstatistik;JAHR;Jahr;2026;MONAT;Monate;MONAT09;September;DINSG;Deutschland insgesamt;DG;Deutschland;GEWAB1;Grund der Gewerbeabmeldung;GEW-VSTAUFG;Vollständige Aufgabe;STAAG4;Staatsangehörigkeit;ST125;Bulgarien;...;Anzahl;GEW013;Einzelunternehmer aus Gewerbeabmeldungen
52311;Gewerbeanzeigenstatistik;JAHR;Jahr;2026;MONAT;Monate;MONAT08;August;DINSG;Deutschland insgesamt;DG;Deutschland;GEWAB1;Grund der Gewerbeabmeldung;GEW-FORTZG;Fortzug;STAAG4;Staatsangehörigkeit;ST134;Griechenland;...;Anzahl;GEW013;Einzelunternehmer aus Gewerbeabmeldungen
52311;Gewerbeanzeigenstatistik;JAHR;Jahr;2026;MONAT;Monate;MONAT03;März;DINSG;Deutschland insgesamt;DG;Deutschland;GEWAB1;Grund der Gewerbeabmeldung;GEW-UMWDLG;Umwandlung;STAAG4;Staatsangehörigkeit;ST165;Ungarn;-;Anzahl;GEW013;Einzelunternehmer aus Gewerbeabmeldungen
52311;Gewerbeanzeigenstatistik;JAHR;Jahr;2026;MONAT;Monate;MONAT04;April;DINSG;Deutschland insgesamt;DG;Deutschland;GEWAB1;Grund der Gewerbeabmeldung;GEW-UMWDLG;Umwandlung;STAAG4;Staatsangehörigkeit;ST163;Türkei;1;Anzahl;GEW013;Einzelunternehmer aus Gewerbeabmeldungen
52311;Gewerbeanzeigenstatistik;JAHR;Jahr;2026;MONAT;Monate;MONAT06;Juni;DINSG;Deutschland insgesamt;DG;Deutschland;GEWAB1;Grund der Gewerbeabmeldung;GEW-VSTAUFG;Vollständige Aufgabe;STAAG4;Staatsangehörigkeit;ST134;Griechenland;187;Anzahl;GEW013;Einzelunternehmer aus Gewerbeabmeldungen
52311;Gewerbeanzeigenstatistik;JAHR;Jahr;2026;MONAT;Monate;MONAT09;September;DINSG;Deutschland insgesamt;DG;Deutschland;GEWAB1;Grund der Gewerbeabmeldung;GEW-FORTZG;Fortzug;STAAG4;Staatsangehörigkeit;ST134;Griechenland;...;Anzahl;GEW013;Einzelunternehmer aus Gewerbeabmeldungen
52311;Gewerbeanzeigenstatistik;JAHR;Jahr;2026;MONAT;Monate;MONAT11;November;DINSG;Deutschland insgesamt;DG;Deutschland;GEWAB1;Grund der Gewerbeabmeldung;GEW-EVV;Erbfolge/Verkauf/Verpachtung;STAAG4;Staatsangehörigkeit;ST137;Italien;...;Anzahl;GEW013;Einzelunternehmer aus Gewerbeabmeldungen
52311;Gewerbeanzeigenstatistik;JAHR;Jahr;2026;MONAT;Monate;MONAT02;Februar;DINSG;Deutschland insgesamt;DG;Deutschland;GEWAB1;Grund der Gewerbeabmeldung;GEW-VSTAUFG;Vollständige Aufgabe;STAAG4;Staatsangehörigkeit;ST134;Griechenland;238;Anzahl;GEW013;Einzelunternehmer aus Gewerbeabmeldungen
52311;Gewerbeanzeigenstatistik;JAHR;Jahr;2026;MONAT;Monate;MONAT11;November;DINSG;Deutschland insgesamt;DG;Deutschland;GEWAB1;Grund der Gewerbeabmeldung;GEW-RFWSL;Rechtsformwechsel;STAAG4;Staatsangehörigkeit;DG;Deutschland;...;Anzahl;GEW013;Einzelunternehmer aus Gewerbeabmeldungen
52311;Gewerbeanzeigenstatistik;JAHR;Jahr;2026;MONAT;Monate;MONAT12;Dezember;DINSG;Deutschland insgesamt;DG;Deutschland;GEWAB1;Grund der Gewerbeabmeldung;GEW-VSTAUFG;Vollständige Aufgabe;STAAG4;Staatsangehörigkeit;STA-SONST-01;Sonstige Staatsangehörigkeit;...;Anzahl;GEW013;Einzelunternehmer aus Gewerbeabmeldungen
52311;Gewerbeanzeigenstatistik;JAHR;Jahr;2026;MONAT;Monate;MONAT01;Januar;DINSG;Deutschland insgesamt;DG;Deutschland;GEWAB1;Grund der Gewerbeabmeldung;GEW-EVV;Erbfolge/Verkauf/Verpachtung;STAAG4;Staatsangehörigkeit;ST137;Italien;66;Anzahl;GEW013;Einzelunternehmer aus Gewerbeabmeldungen
52311;Gewerbeanzeigenstatistik;JAHR;Jahr;2026;MONAT;Monate;MONAT05;Mai;DINSG;Deutschland insgesamt;DG;Deutschland;GEWAB1;Grund der Gewerbeabmeldung;GEW-UMWDLG;Umwandlung;STAAG4;Staatsangehörigkeit;ST125;Bulgarien;-;Anzahl;GEW013;Einzelunternehmer aus Gewerbeabmeldungen
52311;Gewerbeanzeigenstatistik;JAHR;Jahr;2026;MONAT;Monate;MONAT12;Dezember;DINSG;Deutschland insgesamt;DG;Deutschland;GEWAB1;Grund der Gewerbeabmeldung;;Insgesamt;STAAG4;Staatsangehörigkeit;ST125;Bulgarien;...;Anzahl;GEW013;Einzelunternehmer aus Gewerbeabmeldungen
52311;Gewerbeanzeigenstatistik;JAHR;Jahr;2026;MONAT;Monate;MONAT02;Februar;DINSG;Deutschland insgesamt;DG;Deutschland;GEWAB1;Grund der Gewerbeabmeldung;;Insgesamt;STAAG4;Staatsangehörigkeit;ST125;Bulgarien;403;Anzahl;GEW013;Einzelunternehmer aus Gewerbeabmeldungen
52311;Gewerbeanzeigenstatistik;JAHR;Jahr;2026;MONAT;Monate;MONAT12;Dezember;DINSG;Deutschland insgesamt;DG;Deutschland;GEWAB1;Grund der Gewerbeabmeldung;GEW-RFWSL;Rechtsformwechsel;STAAG4;Staatsangehörigkeit;ST134;Griechenland;...;Anzahl;GEW013;Einzelunternehmer aus Gewerbeabmeldungen
52311;Gewerbeanzeigenstatistik;JAHR;Jahr;2026;MONAT;Monate;MONAT07;Juli;DINSG;Deutschland insgesamt;DG;Deutschland;GEWAB1;Grund der Gewerbeabmeldung;;Insgesamt;STAAG4;Staatsangehörigkeit;DG;Deutschland;31235;Anzahl;GEW013;Einzelunternehmer aus Gewerbeabmeldungen
52311;Gewerbeanzeigenstatistik;JAHR;Jahr;2026;MONAT;Monate;MONAT08;August;DINSG;Deutschland insgesamt;DG;Deutschland;GEWAB1;Grund der Gewerbeabmeldung;GEW-EVV;Erbfolge/Verkauf/Verpachtung;STAAG4;Staatsangehörigkeit;ST163;Türkei;...;Anzahl;GEW013;Einzelunternehmer aus Gewerbeabmeldungen
52311;Gewerbeanzeigenstatistik;JAHR;Jahr;2026;MONAT;Monate;MONAT04;April;DINSG;Deutschland insgesamt;DG;Deutschland;GEWAB1;Grund der Gewerbeabmeldung;GEW-RFWSL;Rechtsformwechsel;STAAG4;Staatsangehörigkeit;ST154;Rumänien;3;Anzahl;GEW013;Einzelunternehmer aus Gewerbeabmeldungen
52311;Gewerbeanzeigenstatistik;JAHR;Jahr;2026;MONAT;Monate;MONAT09;September;DINSG;Deutschland insgesamt;DG;Deutschland;GEWAB1;Grund der Gewerbeabmeldung;GEW-UMWDLG;Umwandlung;STAAG4;Staatsangehörigkeit;DG;Deutschland;...;Anzahl;GEW013;Einzelunternehmer aus Gewerbeabmeldungen
52311;Gewerbeanzeigenstatistik;JAHR;Jahr;2026;MONAT;Monate;MONAT12;Dezember;DINSG;Deutschland insgesamt;DG;Deutschland;GEWAB1;Grund der Gewerbeabmeldung;GEW-VSTAUFG;Vollständige Aufgabe;STAAG4;Staatsangehörigkeit;ST137;Italien;...;Anzahl;GEW013;Einzelunternehmer aus Gewerbeabmeldungen
52311;Gewerbeanzeigenstatistik;JAHR;Jahr;2026;MONAT;Monate;MONAT08;August;DINSG;Deutschland insgesamt;DG;Deutschland;GEWAB1;Grund der Gewerbeabmeldung;GEW-RFWSL;Rechtsformwechsel;STAAG4;Staatsangehörigkeit;ST152;Polen;...;Anzahl;GEW013;Einzelunternehmer aus Gewerbeabmeldungen
52311;Gewerbeanzeigenstatistik;JAHR;Jahr;2026;MONAT;Monate;MONAT10;Oktober;DINSG;Deutschland insgesamt;DG;Deutschland;GEWAB1;Grund der Gewerbeabmeldung;GEW-GESAUS;Gesellschafteraustritt;STAAG4;Staatsangehörigkeit;STA-SONST-01;Sonstige Staatsangehörigkeit;...;Anzahl;GEW013;Einzelunternehmer aus Gewerbeabmeldungen
52311;Gewerbeanzeigenstatistik;JAHR;Jahr;2026;MONAT;Monate;MONAT06;Juni;DINSG;Deutschland insgesamt;DG;Deutschland;GEWAB1;Grund der Gewerbeabmeldung;;Insgesamt;STAAG4;Staatsangehörigkeit;STA-SONST-01;Sonstige Staatsangehörigkeit;4885;Anzahl;GEW013;Einzelunternehmer aus Gewerbeabmeldungen
52311;Gewerbeanzeigenstatistik;JAHR;Jahr;2026;MONAT;Monate;MONAT11;November;DINSG;Deutschland insgesamt;DG;Deutschland;GEWAB1;Grund der Gewerbeabmeldung;;Insgesamt;STAAG4;Staatsangehörigkeit;STA-SONST-01;Sonstige Staatsangehörigkeit;...;Anzahl;GEW013;Einzelunternehmer aus Gewerbeabmeldungen
52311;Gewerbeanzeigenstatistik;JAHR;Jahr;2026;MONAT;Monate;MONAT03;März;DINSG;Deutschland insgesamt;DG;Deutschland;GEWAB1;Grund der Gewerbeabmeldung;GEW-UMWDLG;Umwandlung;STAAG4;Staatsangehörigkeit;ST154;Rumänien;3;Anzahl;GEW013;Einzelunternehmer aus Gewerbeabmeldungen
52311;Gewerbeanzeigenstatistik;JAHR;Jahr;2026;MONAT;Monate;MONAT06;Juni;DINSG;Deutschland insgesamt;DG;Deutschland;GEWAB1;Grund der Gewerbeabmeldung;GEW-EVV;Erbfolge/Verkauf/Verpachtung;STAAG4;Staatsangehörigkeit;DG;Deutschland;973;Anzahl;GEW013;Einzelunternehmer aus Gewerbeabmeldungen
52311;Gewerbeanzeigenstatistik;JAHR;Jahr;2026;MONAT;Monate;MONAT07;Juli;DINSG;Deutschland insgesamt;DG;Deutschland;GEWAB1;Grund der Gewerbeabmeldung;GEW-FORTZG;Fortzug;STAAG4;Staatsangehörigkeit;ST163;Türkei;73;Anzahl;GEW013;Einzelunternehmer aus Gewerbeabmeldungen
52311;Gewerbeanzeigenstatistik;JAHR;Jahr;2026;MONAT;Monate;MONAT02;Februar;DINSG;Deutschland insgesamt;DG;Deutschland;GEWAB1;Grund der Gewerbeabmeldung;GEW-RFWSL;Rechtsformwechsel;STAAG4;Staatsangehörigkeit;ST137;Italien;6;Anzahl;GEW013;Einzelunternehmer aus Gewerbeabmeldungen
52311;Gewerbeanzeigenstatistik;JAHR;Jahr;2026;MONAT;Monate;MONAT02;Februar;DINSG;Deutschland insgesamt;DG;Deutschland;GEWAB1;Grund der Gewerbeabmeldung;GEW-FORTZG;Fortzug;STAAG4;Staatsangehörigkeit;ST134;Griechenland;11;Anzahl;GEW013;Einzelunternehmer aus Gewerbeabmeldungen
52311;Gewerbeanzeigenstatistik;JAHR;Jahr;2026;MONAT;Monate;MONAT09;September;DINSG;Deutschland insgesamt;DG;Deutschland;GEWAB1;Grund der Gewerbeabmeldung;;Insgesamt;STAAG4;Staatsangehörigkeit;ST152;Polen;...;Anzahl;GEW013;Einzelunternehmer aus Gewerbeabmeldungen
52311;Gewerbeanzeigenstatistik;JAHR;Jahr;2026;MONAT;Monate;MONAT12;Dezember;DINSG;Deutschland insgesamt;DG;Deutschland;GEWAB1;Grund der Gewerbeabmeldung;GEW-GESAUS;Gesellschafteraustritt;STAAG4;Staatsangehörigkeit;ST137;Italien;...;Anzahl;GEW013;Einzelunternehmer aus Gewerbeabmeldungen
52311;Gewerbeanzeigenstatistik;JAHR;Jahr;2026;MONAT;Monate;MONAT09;September;DINSG;Deutschland insgesamt;DG;Deutschland;GEWAB1;Grund der Gewerbeabmeldung;;Insgesamt;STAAG4;Staatsangehörigkeit;STA-SONST-01;Sonstige Staatsangehörigkeit;...;Anzahl;GEW013;Einzelunternehmer aus Gewerbeabmeldungen
52311;Gewerbeanzeigenstatistik;JAHR;Jahr;2026;MONAT;Monate;MONAT06;Juni;DINSG;Deutschland insgesamt;DG;Deutschland;GEWAB1;Grund der Gewerbeabmeldung;GEW-GESAUS;Gesellschafteraustritt;STAAG4;Staatsangehörigkeit;ST163;Türkei;-;Anzahl;GEW013;Einzelunternehmer aus Gewerbeabmeldungen
52311;Gewerbeanzeigenstatistik;JAHR;Jahr;2026;MONAT;Monate;MONAT06;Juni;DINSG;Deutschland insgesamt;DG;Deutschland;GEWAB1;Grund der Gewerbeabmeldung;GEW-UMWDLG;Umwandlung;STAAG4;Staatsangehörigkeit;ST134;Griechenland;-;Anzahl;GEW013;Einzelunternehmer aus Gewerbeabmeldungen
52311;Gewerbeanzeigenstatistik;JAHR;Jahr;2026;MONAT;Monate;MONAT11;November;DINSG;Deutschland insgesamt;DG;Deutschland;GEWAB1;Grund der Gewerbeabmeldung;GEW-VSTAUFG;Vollständige Aufgabe;STAAG4;Staatsangehörigkeit;DG;Deutschland;...;Anzahl;GEW013;Einzelunternehmer aus Gewerbeabmeldungen
52311;Gewerbeanzeigenstatistik;JAHR;Jahr;2026;MONAT;Monate;MONAT03;März;DINSG;Deutschland insgesamt;DG;Deutschland;GEWAB1;Grund der Gewerbeabmeldung;GEW-RFWSL;Rechtsformwechsel;STAAG4;Staatsangehörigkeit;DG;Deutschland;367;Anzahl;GEW013;Einzelunternehmer aus Gewerbeabmeldungen
52311;Gewerbeanzeigenstatistik;JAHR;Jahr;2026;MONAT;Monate;MONAT04;April;DINSG;Deutschland insgesamt;DG;Deutschland;GEWAB1;Grund der Gewerbeabmeldung;GEW-GESAUS;Gesellschafteraustritt;STAAG4;Staatsangehörigkeit;ST125;Bulgarien;-;Anzahl;GEW013;Einzelunternehmer aus Gewerbeabmeldungen
52311;Gewerbeanzeigenstatistik;JAHR;Jahr;2026;MONAT;Monate;MONAT10;Oktober;DINSG;Deutschland insgesamt;DG;Deutschland;GEWAB1;Grund der Gewerbeabmeldung;GEW-FORTZG;Fortzug;STAAG4;Staatsangehörigkeit;ST134;Griechenland;...;Anzahl;GEW013;Einzelunternehmer aus Gewerbeabmeldungen
52311;Gewerbeanzeigenstatistik;JAHR;Jahr;2026;MONAT;Monate;MONAT12;Dezember;DINSG;Deutschland insgesamt;DG;Deutschland;GEWAB1;Grund der Gewerbeabmeldung;;Insgesamt;STAAG4;Staatsangehörigkeit;ST137;Italien;...;Anzahl;GEW013;Einzelunternehmer aus Gewerbeabmeldungen
52311;Gewerbeanzeigenstatistik;JAHR;Jahr;2026;MONAT;Monate;MONAT01;Januar;DINSG;Deutschland insgesamt;DG;Deutschland;GEWAB1;Grund der Gewerbeabmeldung;;Insgesamt;STAAG4;Staatsangehörigkeit;ST137;Italien;567;Anzahl;GEW013;Einzelunternehmer aus Gewerbeabmeldungen
52311;Gewerbeanzeigenstatistik;JAHR;Jahr;2026;MONAT;Monate;MONAT10;Oktober;DINSG;Deutschland insgesamt;DG;Deutschland;GEWAB1;Grund der Gewerbeabmeldung;GEW-EVV;Erbfolge/Verkauf/Verpachtung;STAAG4;Staatsangehörigkeit;ST125;Bulgarien;...;Anzahl;GEW013;Einzelunternehmer aus Gewerbeabmeldungen
52311;Gewerbeanzeigenstatistik;JAHR;Jahr;2026;MONAT;Monate;MONAT12;Dezember;DINSG;Deutschland insgesamt;DG;Deutschland;GEWAB1;Grund der Gewerbeabmeldung;GEW-GESAUS;Gesellschafteraustritt;STAAG4;Staatsangehörigkeit;ST125;Bulgarien;...;Anzahl;GEW013;Einzelunternehmer aus Gewerbeabmeldungen
52311;Gewerbeanzeigenstatistik;JAHR;Jahr;2026;MONAT;Monate;MONAT08;August;DINSG;Deutschland insgesamt;DG;Deutschland;GEWAB1;Grund der Gewerbeabmeldung;GEW-EVV;Erbfolge/Verkauf/Verpachtung;STAAG4;Staatsangehörigkeit;ST152;Polen;...;Anzahl;GEW013;Einzelunternehmer aus Gewerbeabmeldungen
52311;Gewerbeanzeigenstatistik;JAHR;Jahr;2026;MONAT;Monate;MONAT05;Mai;DINSG;Deutschland insgesamt;DG;Deutschland;GEWAB1;Grund der Gewerbeabmeldung;GEW-FORTZG;Fortzug;STAAG4;Staatsangehörigkeit;ST152;Polen;66;Anzahl;GEW013;Einzelunternehmer aus Gewerbeabmeldungen
52311;Gewerbeanzeigenstatistik;JAHR;Jahr;2026;MONAT;Monate;MONAT02;Februar;DINSG;Deutschland insgesamt;DG;Deutschland;GEWAB1;Grund der Gewerbeabmeldung;GEW-FORTZG;Fortzug;STAAG4;Staatsangehörigkeit;DG;Deutschland;2957;Anzahl;GEW013;Einzelunternehmer aus Gewerbeabmeldungen
52311;Gewerbeanzeigenstatistik;JAHR;Jahr;2026;MONAT;Monate;MONAT09;September;DINSG;Deutschland insgesamt;DG;Deutschland;GEWAB1;Grund der Gewerbeabmeldung;GEW-GESAUS;Gesellschafteraustritt;STAAG4;Staatsangehörigkeit;ST154;Rumänien;...;Anzahl;GEW013;Einzelunternehmer aus Gewerbeabmeldungen
52311;Gewerbeanzeigenstatistik;JAHR;Jahr;2026;MONAT;Monate;MONAT12;Dezember;DINSG;Deutschland insgesamt;DG;Deutschland;GEWAB1;Grund der Gewerbeabmeldung;GEW-UMWDLG;Umwandlung;STAAG4;Staatsangehörigkeit;ST163;Türkei;...;Anzahl;GEW013;Einzelunternehmer aus Gewerbeabmeldungen
52311;Gewerbeanzeigenstatistik;JAHR;Jahr;2026;MONAT;Monate;MONAT08;August;DINSG;Deutschland insgesamt;DG;Deutschland;GEWAB1;Grund der Gewerbeabmeldung;GEW-GESAUS;Gesellschafteraustritt;STAAG4;Staatsangehörigkeit;ST134;Griechenland;...;Anzahl;GEW013;Einzelunternehmer aus Gewerbeabmeldungen
52311;Gewerbeanzeigenstatistik;JAHR;Jahr;2026;MONAT;Monate;MONAT06;Juni;DINSG;Deutschland insgesamt;DG;Deutschland;GEWAB1;Grund der Gewerbeabmeldung;GEW-VSTAUFG;Vollständige Aufgabe;STAAG4;Staatsangehörigkeit;DG;Deutschland;24197;Anzahl;GEW013;Einzelunternehmer aus Gewerbeabmeldungen
52311;Gewerbeanzeigenstatistik;JAHR;Jahr;2026;MONAT;Monate;MONAT07;Juli;DINSG;Deutschland insgesamt;DG;Deutschland;GEWAB1;Grund der Gewerbeabmeldung;GEW-FORTZG;Fortzug;STAAG4;Staatsangehörigkeit;ST152;Polen;91;Anzahl;GEW013;Einzelunternehmer aus Gewerbeabmeldungen
52311;Gewerbeanzeigenstatistik;JAHR;Jahr;2026;MONAT;Monate;MONAT01;Januar;DINSG;Deutschland insgesamt;DG;Deutschland;GEWAB1;Grund der Gewerbeabmeldung;GEW-RFWSL;Rechtsformwechsel;STAAG4;Staatsangehörigkeit;DG;Deutschland;554;Anzahl;GEW013;Einzelunternehmer aus Gewerbeabmeldungen
52311;Gewerbeanzeigenstatistik;JAHR;Jahr;2026;MONAT;Monate;MONAT07;Juli;DINSG;Deutschland insgesamt;DG;Deutschland;GEWAB1;Grund der Gewerbeabmeldung;GEW-VSTAUFG;Vollständige Aufgabe;STAAG4;Staatsangehörigkeit;DG;Deutschland;26430;Anzahl;GEW013;Einzelunternehmer aus Gewerbeabmeldungen
52311;Gewerbeanzeigenstatistik;JAHR;Jahr;2026;MONAT;Monate;MONAT08;August;DINSG;Deutschland insgesamt;DG;Deutschland;GEWAB1;Grund der Gewerbeabmeldung;GEW-VSTAUFG;Vollständige Aufgabe;STAAG4;Staatsangehörigkeit;DG;Deutschland;...;Anzahl;GEW013;Einzelunternehmer aus Gewerbeabmeldungen
52311;Gewerbeanzeigenstatistik;JAHR;Jahr;2026;MONAT;Monate;MONAT02;Februar;DINSG;Deutschland insgesamt;DG;Deutschland;GEWAB1;Grund der Gewerbeabmeldung;GEW-RFWSL;Rechtsformwechsel;STAAG4;Staatsangehörigkeit;ST125;Bulgarien;1;Anzahl;GEW013;Einzelunternehmer aus Gewerbeabmeldungen
52311;Gewerbeanzeigenstatistik;JAHR;Jahr;2026;MONAT;Monate;MONAT04;April;DINSG;Deutschland insgesamt;DG;Deutschland;GEWAB1;Grund der Gewerbeabmeldung;GEW-VSTAUFG;Vollständige Aufgabe;STAAG4;Staatsangehörigkeit;ST137;Italien;356;Anzahl;GEW013;Einzelunternehmer aus Gewerbeabmeldungen
52311;Gewerbeanzeigenstatistik;JAHR;Jahr;2026;MONAT;Monate;MONAT03;März;DINSG;Deutschland insgesamt;DG;Deutschland;GEWAB1;Grund der Gewerbeabmeldung;GEW-EVV;Erbfolge/Verkauf/Verpachtung;STAAG4;Staatsangehörigkeit;STA-SONST-01;Sonstige Staatsangehörigkeit;287;Anzahl;GEW013;Einzelunternehmer aus Gewerbeabmeldungen
52311;Gewerbeanzeigenstatistik;JAHR;Jahr;2026;MONAT;Monate;MONAT05;Mai;DINSG;Deutschland insgesamt;DG;Deutschland;GEWAB1;Grund der Gewerbeabmeldung;GEW-VSTAUFG;Vollständige Aufgabe;STAAG4;Staatsangehörigkeit;ST137;Italien;313;Anzahl;GEW013;Einzelunternehmer aus Gewerbeabmeldungen
52311;Gewerbeanzeigenstatistik;JAHR;Jahr;2026;MONAT;Monate;MONAT01;Januar;DINSG;Deutschland insgesamt;DG;Deutschland;GEWAB1;Grund der Gewerbeabmeldung;GEW-RFWSL;Rechtsformwechsel;STAAG4;Staatsangehörigkeit;ST134;Griechenland;8;Anzahl;GEW013;Einzelunternehmer aus Gewerbeabmeldungen
52311;Gewerbeanzeigenstatistik;JAHR;Jahr;2026;MONAT;Monate;MONAT10;Oktober;DINSG;Deutschland insgesamt;DG;Deutschland;GEWAB1;Grund der Gewerbeabmeldung;GEW-VSTAUFG;Vollständige Aufgabe;STAAG4;Staatsangehörigkeit;ST134;Griechenland;...;Anzahl;GEW013;Einzelunternehmer aus Gewerbeabmeldungen
52311;Gewerbeanzeigenstatistik;JAHR;Jahr;2026;MONAT;Monate;MONAT06;Juni;DINSG;Deutschland insgesamt;DG;Deutschland;GEWAB1;Grund der Gewerbeabmeldung;GEW-GESAUS;Gesellschafteraustritt;STAAG4;Staatsangehörigkeit;ST152;Polen;-;Anzahl;GEW013;Einzelunternehmer aus Gewerbeabmeldungen
52311;Gewerbeanzeigenstatistik;JAHR;Jahr;2026;MONAT;Monate;MONAT09;September;DINSG;Deutschland insgesamt;DG;Deutschland;GEWAB1;Grund der Gewerbeabmeldung;;Insgesamt;STAAG4;Staatsangehörigkeit;ST163;Türkei;...;Anzahl;GEW013;Einzelunternehmer aus Gewerbeabmeldungen
52311;Gewerbeanzeigenstatistik;JAHR;Jahr;2026;MONAT;Monate;MONAT01;Januar;DINSG;Deutschland insgesamt;DG;Deutschland;GEWAB1;Grund der Gewerbeabmeldung;GEW-VSTAUFG;Vollständige Aufgabe;STAAG4;Staatsangehörigkeit;ST137;Italien;463;Anzahl;GEW013;Einzelunternehmer aus Gewerbeabmeldungen
52311;Gewerbeanzeigenstatistik;JAHR;Jahr;2026;MONAT;Monate;MONAT04;April;DINSG;Deutschland insgesamt;DG;Deutschland;GEWAB1;Grund der Gewerbeabmeldung;GEW-GESAUS;Gesellschafteraustritt;STAAG4;Staatsangehörigkeit;ST137;Italien;-;Anzahl;GEW013;Einzelunternehmer aus Gewerbeabmeldungen
52311;Gewerbeanzeigenstatistik;JAHR;Jahr;2026;MONAT;Monate;MONAT11;November;DINSG;Deutschland insgesamt;DG;Deutschland;GEWAB1;Grund der Gewerbeabmeldung;;Insgesamt;STAAG4;Staatsangehörigkeit;ST125;Bulgarien;...;Anzahl;GEW013;Einzelunternehmer aus Gewerbeabmeldungen
52311;Gewerbeanzeigenstatistik;JAHR;Jahr;2026;MONAT;Monate;MONAT09;September;DINSG;Deutschland insgesamt;DG;Deutschland;GEWAB1;Grund der Gewerbeabmeldung;;Insgesamt;STAAG4;Staatsangehörigkeit;DG;Deutschland;...;Anzahl;GEW013;Einzelunternehmer aus Gewerbeabmeldungen
52311;Gewerbeanzeigenstatistik;JAHR;Jahr;2026;MONAT;Monate;MONAT09;September;DINSG;Deutschland insgesamt;DG;Deutschland;GEWAB1;Grund der Gewerbeabmeldung;GEW-EVV;Erbfolge/Verkauf/Verpachtung;STAAG4;Staatsangehörigkeit;ST165;Ungarn;...;Anzahl;GEW013;Einzelunternehmer aus Gewerbeabmeldungen
52311;Gewerbeanzeigenstatistik;JAHR;Jahr;2026;MONAT;Monate;MONAT10;Oktober;DINSG;Deutschland insgesamt;DG;Deutschland;GEWAB1;Grund der Gewerbeabmeldung;GEW-EVV;Erbfolge/Verkauf/Verpachtung;STAAG4;Staatsangehörigkeit;ST137;Italien;...;Anzahl;GEW013;Einzelunternehmer aus Gewerbeabmeldungen
52311;Gewerbeanzeigenstatistik;JAHR;Jahr;2026;MONAT;Monate;MONAT07;Juli;DINSG;Deutschland insgesamt;DG;Deutschland;GEWAB1;Grund der Gewerbeabmeldung;GEW-EVV;Erbfolge/Verkauf/Verpachtung;STAAG4;Staatsangehörigkeit;ST163;Türkei;140;Anzahl;GEW013;Einzelunternehmer aus Gewerbeabmeldungen
52311;Gewerbeanzeigenstatistik;JAHR;Jahr;2026;MONAT;Monate;MONAT01;Januar;DINSG;Deutschland insgesamt;DG;Deutschland;GEWAB1;Grund der Gewerbeabmeldung;;Insgesamt;STAAG4;Staatsangehörigkeit;ST125;Bulgarien;423;Anzahl;GEW013;Einzelunternehmer aus Gewerbeabmeldungen
52311;Gewerbeanzeigenstatistik;JAHR;Jahr;2026;MONAT;Monate;MONAT08;August;DINSG;Deutschland insgesamt;DG;Deutschland;GEWAB1;Grund der Gewerbeabmeldung;GEW-UMWDLG;Umwandlung;STAAG4;Staatsangehörigkeit;DG;Deutschland;...;Anzahl;GEW013;Einzelunternehmer aus Gewerbeabmeldungen
52311;Gewerbeanzeigenstatistik;JAHR;Jahr;2026;MONAT;Monate;MONAT11;November;DINSG;Deutschland insgesamt;DG;Deutschland;GEWAB1;Grund der Gewerbeabmeldung;GEW-GESAUS;Gesellschafteraustritt;STAAG4;Staatsangehörigkeit;ST154;Rumänien;...;Anzahl;GEW013;Einzelunternehmer aus Gewerbeabmeldungen
52311;Gewerbeanzeigenstatistik;JAHR;Jahr;2026;MONAT;Monate;MONAT05;Mai;DINSG;Deutschland insgesamt;DG;Deutschland;GEWAB1;Grund der Gewerbeabmeldung;GEW-FORTZG;Fortzug;STAAG4;Staatsangehörigkeit;ST163;Türkei;59;Anzahl;GEW013;Einzelunternehmer aus Gewerbeabmeldungen
52311;Gewerbeanzeigenstatistik;JAHR;Jahr;2026;MONAT;Monate;MONAT09;September;DINSG;Deutschland insgesamt;DG;Deutschland;GEWAB1;Grund der Gewerbeabmeldung;GEW-VSTAUFG;Vollständige Aufgabe;STAAG4;Staatsangehörigkeit;ST137;Italien;...;Anzahl;GEW013;Einzelunternehmer aus Gewerbeabmeldungen
52311;Gewerbeanzeigenstatistik;JAHR;Jahr;2026;MONAT;Monate;MONAT04;April;DINSG;Deutschland insgesamt;DG;Deutschland;GEWAB1;Grund der Gewerbeabmeldung;GEW-EVV;Erbfolge/Verkauf/Verpachtung;STAAG4;Staatsangehörigkeit;STA-SONST-01;Sonstige Staatsangehörigkeit;297;Anzahl;GEW013;Einzelunternehmer aus Gewerbeabmeldungen
52311;Gewerbeanzeigenstatistik;JAHR;Jahr;2026;MONAT;Monate;MONAT12;Dezember;DINSG;Deutschland insgesamt;DG;Deutschland;GEWAB1;Grund der Gewerbeabmeldung;GEW-UMWDLG;Umwandlung;STAAG4;Staatsangehörigkeit;ST152;Polen;...;Anzahl;GEW013;Einzelunternehmer aus Gewerbeabmeldungen
52311;Gewerbeanzeigenstatistik;JAHR;Jahr;2026;MONAT;Monate;MONAT01;Januar;DINSG;Deutschland insgesamt;DG;Deutschland;GEWAB1;Grund der Gewerbeabmeldung;GEW-GESAUS;Gesellschafteraustritt;STAAG4;Staatsangehörigkeit;ST154;Rumänien;-;Anzahl;GEW013;Einzelunternehmer aus Gewerbeabmeldungen
52311;Gewerbeanzeigenstatistik;JAHR;Jahr;2026;MONAT;Monate;MONAT08;August;DINSG;Deutschland insgesamt;DG;Deutschland;GEWAB1;Grund der Gewerbeabmeldung;GEW-VSTAUFG;Vollständige Aufgabe;STAAG4;Staatsangehörigkeit;ST137;Italien;...;Anzahl;GEW013;Einzelunternehmer aus Gewerbeabmeldungen
52311;Gewerbeanzeigenstatistik;JAHR;Jahr;2026;MONAT;Monate;MONAT06;Juni;DINSG;Deutschland insgesamt;DG;Deutschland;GEWAB1;Grund der Gewerbeabmeldung;GEW-VSTAUFG;Vollständige Aufgabe;STAAG4;Staatsangehörigkeit;ST125;Bulgarien;333;Anzahl;GEW013;Einzelunternehmer aus Gewerbeabmeldungen
52311;Gewerbeanzeigenstatistik;JAHR;Jahr;2026;MONAT;Monate;MONAT04;April;DINSG;Deutschland insgesamt;DG;Deutschland;GEWAB1;Grund der Gewerbeabmeldung;GEW-UMWDLG;Umwandlung;STAAG4;Staatsangehörigkeit;ST154;Rumänien;1;Anzahl;GEW013;Einzelunternehmer aus Gewerbeabmeldungen
52311;Gewerbeanzeigenstatistik;JAHR;Jahr;2026;MONAT;Monate;MONAT02;Februar;DINSG;Deutschland insgesamt;DG;Deutschland;GEWAB1;Grund der Gewerbeabmeldung;GEW-RFWSL;Rechtsformwechsel;STAAG4;Staatsangehörigkeit;ST134;Griechenland;3;Anzahl;GEW013;Einzelunternehmer aus Gewerbeabmeldungen
52311;Gewerbeanzeigenstatistik;JAHR;Jahr;2026;MONAT;Monate;MONAT01;Januar;DINSG;Deutschland insgesamt;DG;Deutschland;GEWAB1;Grund der Gewerbeabmeldung;GEW-RFWSL;Rechtsformwechsel;STAAG4;Staatsangehörigkeit;ST125;Bulgarien;1;Anzahl;GEW013;Einzelunternehmer aus Gewerbeabmeldungen
52311;Gewerbeanzeigenstatistik;JAHR;Jahr;2026;MONAT;Monate;MONAT06;Juni;DINSG;Deutschland insgesamt;DG;Deutschland;GEWAB1;Grund der Gewerbeabmeldung;GEW-FORTZG;Fortzug;STAAG4;Staatsangehörigkeit;ST165;Ungarn;19;Anzahl;GEW013;Einzelunternehmer aus Gewerbeabmeldungen
52311;Gewerbeanzeigenstatistik;JAHR;Jahr;2026;MONAT;Monate;MONAT08;August;DINSG;Deutschland insgesamt;DG;Deutschland;GEWAB1;Grund der Gewerbeabmeldung;;Insgesamt;STAAG4;Staatsangehörigkeit;ST152;Polen;...;Anzahl;GEW013;Einzelunternehmer aus Gewerbeabmeldungen
52311;Gewerbeanzeigenstatistik;JAHR;Jahr;2026;MONAT;Monate;MONAT05;Mai;DINSG;Deutschland insgesamt;DG;Deutschland;GEWAB1;Grund der Gewerbeabmeldung;GEW-UMWDLG;Umwandlung;STAAG4;Staatsangehörigkeit;ST134;Griechenland;-;Anzahl;GEW013;Einzelunternehmer aus Gewerbeabmeldungen
52311;Gewerbeanzeigenstatistik;JAHR;Jahr;2026;MONAT;Monate;MONAT10;Oktober;DINSG;Deutschland insgesamt;DG;Deutschland;GEWAB1;Grund der Gewerbeabmeldung;GEW-GESAUS;Gesellschafteraustritt;STAAG4;Staatsangehörigkeit;DG;Deutschland;...;Anzahl;GEW013;Einzelunternehmer aus Gewerbeabmeldungen
52311;Gewerbeanzeigenstatistik;JAHR;Jahr;2026;MONAT;Monate;MONAT06;Juni;DINSG;Deutschland insgesamt;DG;Deutschland;GEWAB1;Grund der Gewerbeabmeldung;GEW-UMWDLG;Umwandlung;STAAG4;Staatsangehörigkeit;ST137;Italien;-;Anzahl;GEW013;Einzelunternehmer aus Gewerbeabmeldungen
52311;Gewerbeanzeigenstatistik;JAHR;Jahr;2026;MONAT;Monate;MONAT06;Juni;DINSG;Deutschland insgesamt;DG;Deutschland;GEWAB1;Grund der Gewerbeabmeldung;GEW-FORTZG;Fortzug;STAAG4;Staatsangehörigkeit;STA-SONST-01;Sonstige Staatsangehörigkeit;404;Anzahl;GEW013;Einzelunternehmer aus Gewerbeabmeldungen
52311;Gewerbeanzeigenstatistik;JAHR;Jahr;2026;MONAT;Monate;MONAT04;April;DINSG;Deutschland insgesamt;DG;Deutschland;GEWAB1;Grund der Gewerbeabmeldung;GEW-VSTAUFG;Vollständige Aufgabe;STAAG4;Staatsangehörigkeit;ST125;Bulgarien;336;Anzahl;GEW013;Einzelunternehmer aus Gewerbeabmeldungen
52311;Gewerbeanzeigenstatistik;JAHR;Jahr;2026;MONAT;Monate;MONAT10;Oktober;DINSG;Deutschland insgesamt;DG;Deutschland;GEWAB1;Grund der Gewerbeabmeldung;GEW-FORTZG;Fortzug;STAAG4;Staatsangehörigkeit;ST154;Rumänien;...;Anzahl;GEW013;Einzelunternehmer aus Gewerbeabmeldungen
52311;Gewerbeanzeigenstatistik;JAHR;Jahr;2026;MONAT;Monate;MONAT02;Februar;DINSG;Deutschland insgesamt;DG;Deutschland;GEWAB1;Grund der Gewerbeabmeldung;GEW-EVV;Erbfolge/Verkauf/Verpachtung;STAAG4;Staatsangehörigkeit;ST125;Bulgarien;11;Anzahl;GEW013;Einzelunternehmer aus Gewerbeabmeldungen
52311;Gewerbeanzeigenstatistik;JAHR;Jahr;2026;MONAT;Monate;MONAT02;Februar;DINSG;Deutschland insgesamt;DG;Deutschland;GEWAB1;Grund der Gewerbeabmeldung;GEW-VSTAUFG;Vollständige Aufgabe;STAAG4;Staatsangehörigkeit;ST125;Bulgarien;374;Anzahl;GEW013;Einzelunternehmer aus Gewerbeabmeldungen
52311;Gewerbeanzeigenstatistik;JAHR;Jahr;2026;MONAT;Monate;MONAT11;November;DINSG;Deutschland insgesamt;DG;Deutschland;GEWAB1;Grund der Gewerbeabmeldung;GEW-VSTAUFG;Vollständige Aufgabe;STAAG4;Staatsangehörigkeit;STA-SONST-01;Sonstige Staatsangehörigkeit;...;Anzahl;GEW013;Einzelunternehmer aus Gewerbeabmeldungen
52311;Gewerbeanzeigenstatistik;JAHR;Jahr;2026;MONAT;Monate;MONAT11;November;DINSG;Deutschland insgesamt;DG;Deutschland;GEWAB1;Grund der Gewerbeabmeldung;;Insgesamt;STAAG4;Staatsangehörigkeit;ST137;Italien;...;Anzahl;GEW013;Einzelunternehmer aus Gewerbeabmeldungen
52311;Gewerbeanzeigenstatistik;JAHR;Jahr;2026;MONAT;Monate;MONAT03;März;DINSG;Deutschland insgesamt;DG;Deutschland;GEWAB1;Grund der Gewerbeabmeldung;GEW-GESAUS;Gesellschafteraustritt;STAAG4;Staatsangehörigkeit;ST125;Bulgarien;-;Anzahl;GEW013;Einzelunternehmer aus Gewerbeabmeldungen
52311;Gewerbeanzeigenstatistik;JAHR;Jahr;2026;MONAT;Monate;MONAT03;März;DINSG;Deutschland insgesamt;DG;Deutschland;GEWAB1;Grund der Gewerbeabmeldung;GEW-EVV;Erbfolge/Verkauf/Verpachtung;STAAG4;Staatsangehörigkeit;ST137;Italien;39;Anzahl;GEW013;Einzelunternehmer aus Gewerbeabmeldungen
52311;Gewerbeanzeigenstatistik;JAHR;Jahr;2026;MONAT;Monate;MONAT11;November;DINSG;Deutschland insgesamt;DG;Deutschland;GEWAB1;Grund der Gewerbeabmeldung;GEW-FORTZG;Fortzug;STAAG4;Staatsangehörigkeit;ST134;Griechenland;...;Anzahl;GEW013;Einzelunternehmer aus Gewerbeabmeldungen
52311;Gewerbeanzeigenstatistik;JAHR;Jahr;2026;MONAT;Monate;MONAT11;November;DINSG;Deutschland insgesamt;DG;Deutschland;GEWAB1;Grund der Gewerbeabmeldung;GEW-VSTAUFG;Vollständige Aufgabe;STAAG4;Staatsangehörigkeit;ST125;Bulgarien;...;Anzahl;GEW013;Einzelunternehmer aus Gewerbeabmeldungen
52311;Gewerbeanzeigenstatistik;JAHR;Jahr;2026;MONAT;Monate;MONAT09;September;DINSG;Deutschland insgesamt;DG;Deutschland;GEWAB1;Grund der Gewerbeabmeldung;GEW-GESAUS;Gesellschafteraustritt;STAAG4;Staatsangehörigkeit;ST134;Griechenland;...;Anzahl;GEW013;Einzelunternehmer aus Gewerbeabmeldungen
52311;Gewerbeanzeigenstatistik;JAHR;Jahr;2026;MONAT;Monate;MONAT07;Juli;DINSG;Deutschland insgesamt;DG;Deutschland;GEWAB1;Grund der Gewerbeabmeldung;GEW-RFWSL;Rechtsformwechsel;STAAG4;Staatsangehörigkeit;ST152;Polen;3;Anzahl;GEW013;Einzelunternehmer aus Gewerbeabmeldungen
52311;Gewerbeanzeigenstatistik;JAHR;Jahr;2026;MONAT;Monate;MONAT03;März;DINSG;Deutschland insgesamt;DG;Deutschland;GEWAB1;Grund der Gewerbeabmeldung;GEW-GESAUS;Gesellschafteraustritt;STAAG4;Staatsangehörigkeit;DG;Deutschland;-;Anzahl;GEW013;Einzelunternehmer aus Gewerbeabmeldungen
52311;Gewerbeanzeigenstatistik;JAHR;Jahr;2026;MONAT;Monate;MONAT12;Dezember;DINSG;Deutschland insgesamt;DG;Deutschland;GEWAB1;Grund der Gewerbeabmeldung;GEW-FORTZG;Fortzug;STAAG4;Staatsangehörigkeit;DG;Deutschland;...;Anzahl;GEW013;Einzelunternehmer aus Gewerbeabmeldungen
52311;Gewerbeanzeigenstatistik;JAHR;Jahr;2026;MONAT;Monate;MONAT08;August;DINSG;Deutschland insgesamt;DG;Deutschland;GEWAB1;Grund der Gewerbeabmeldung;GEW-VSTAUFG;Vollständige Aufgabe;STAAG4;Staatsangehörigkeit;ST125;Bulgarien;...;Anzahl;GEW013;Einzelunternehmer aus Gewerbeabmeldungen
52311;Gewerbeanzeigenstatistik;JAHR;Jahr;2026;MONAT;Monate;MONAT12;Dezember;DINSG;Deutschland insgesamt;DG;Deutschland;GEWAB1;Grund der Gewerbeabmeldung;GEW-RFWSL;Rechtsformwechsel;STAAG4;Staatsangehörigkeit;ST125;Bulgarien;...;Anzahl;GEW013;Einzelunternehmer aus Gewerbeabmeldungen
52311;Gewerbeanzeigenstatistik;JAHR;Jahr;2026;MONAT;Monate;MONAT08;August;DINSG;Deutschland insgesamt;DG;Deutschland;GEWAB1;Grund der Gewerbeabmeldung;GEW-GESAUS;Gesellschafteraustritt;STAAG4;Staatsangehörigkeit;ST154;Rumänien;...;Anzahl;GEW013;Einzelunternehmer aus Gewerbeabmeldungen
52311;Gewerbeanzeigenstatistik;JAHR;Jahr;2026;MONAT;Monate;MONAT12;Dezember;DINSG;Deutschland insgesamt;DG;Deutschland;GEWAB1;Grund der Gewerbeabmeldung;GEW-FORTZG;Fortzug;STAAG4;Staatsangehörigkeit;ST137;Italien;...;Anzahl;GEW013;Einzelunternehmer aus Gewerbeabmeldungen
52311;Gewerbeanzeigenstatistik;JAHR;Jahr;2026;MONAT;Monate;MONAT01;Januar;DINSG;Deutschland insgesamt;DG;Deutschland;GEWAB1;Grund der Gewerbeabmeldung;GEW-FORTZG;Fortzug;STAAG4;Staatsangehörigkeit;DG;Deutschland;3184;Anzahl;GEW013;Einzelunternehmer aus Gewerbeabmeldungen
52311;Gewerbeanzeigenstatistik;JAHR;Jahr;2026;MONAT;Monate;MONAT09;September;DINSG;Deutschland insgesamt;DG;Deutschland;GEWAB1;Grund der Gewerbeabmeldung;GEW-VSTAUFG;Vollständige Aufgabe;STAAG4;Staatsangehörigkeit;ST134;Griechenland;...;Anzahl;GEW013;Einzelunternehmer aus Gewerbeabmeldungen
52311;Gewerbeanzeigenstatistik;JAHR;Jahr;2026;MONAT;Monate;MONAT04;April;DINSG;Deutschland insgesamt;DG;Deutschland;GEWAB1;Grund der Gewerbeabmeldung;GEW-VSTAUFG;Vollständige Aufgabe;STAAG4;Staatsangehörigkeit;DG;Deutschland;23352;Anzahl;GEW013;Einzelunternehmer aus Gewerbeabmeldungen
52311;Gewerbeanzeigenstatistik;JAHR;Jahr;2026;MONAT;Monate;MONAT03;März;DINSG;Deutschland insgesamt;DG;Deutschland;GEWAB1;Grund der Gewerbeabmeldung;GEW-UMWDLG;Umwandlung;STAAG4;Staatsangehörigkeit;ST163;Türkei;1;Anzahl;GEW013;Einzelunternehmer aus Gewerbeabmeldungen
52311;Gewerbeanzeigenstatistik;JAHR;Jahr;2026;MONAT;Monate;MONAT07;Juli;DINSG;Deutschland insgesamt;DG;Deutschland;GEWAB1;Grund der Gewerbeabmeldung;GEW-VSTAUFG;Vollständige Aufgabe;STAAG4;Staatsangehörigkeit;ST134;Griechenland;226;Anzahl;GEW013;Einzelunternehmer aus Gewerbeabmeldungen
52311;Gewerbeanzeigenstatistik;JAHR;Jahr;2026;MONAT;Monate;MONAT05;Mai;DINSG;Deutschland insgesamt;DG;Deutschland;GEWAB1;Grund der Gewerbeabmeldung;GEW-VSTAUFG;Vollständige Aufgabe;STAAG4;Staatsangehörigkeit;DG;Deutschland;20230;Anzahl;GEW013;Einzelunternehmer aus Gewerbeabmeldungen
52311;Gewerbeanzeigenstatistik;JAHR;Jahr;2026;MONAT;Monate;MONAT05;Mai;DINSG;Deutschland insgesamt;DG;Deutschland;GEWAB1;Grund der Gewerbeabmeldung;GEW-VSTAUFG;Vollständige Aufgabe;STAAG4;Staatsangehörigkeit;ST134;Griechenland;196;Anzahl;GEW013;Einzelunternehmer aus Gewerbeabmeldungen
52311;Gewerbeanzeigenstatistik;JAHR;Jahr;2026;MONAT;Monate;MONAT01;Januar;DINSG;Deutschland insgesamt;DG;Deutschland;GEWAB1;Grund der Gewerbeabmeldung;GEW-VSTAUFG;Vollständige Aufgabe;STAAG4;Staatsangehörigkeit;ST134;Griechenland;244;Anzahl;GEW013;Einzelunternehmer aus Gewerbeabmeldungen
52311;Gewerbeanzeigenstatistik;JAHR;Jahr;2026;MONAT;Monate;MONAT04;April;DINSG;Deutschland insgesamt;DG;Deutschland;GEWAB1;Grund der Gewerbeabmeldung;GEW-UMWDLG;Umwandlung;STAAG4;Staatsangehörigkeit;ST165;Ungarn;-;Anzahl;GEW013;Einzelunternehmer aus Gewerbeabmeldungen
52311;Gewerbeanzeigenstatistik;JAHR;Jahr;2026;MONAT;Monate;MONAT01;Januar;DINSG;Deutschland insgesamt;DG;Deutschland;GEWAB1;Grund der Gewerbeabmeldung;GEW-RFWSL;Rechtsformwechsel;STAAG4;Staatsangehörigkeit;ST137;Italien;10;Anzahl;GEW013;Einzelunternehmer aus Gewerbeabmeldungen
52311;Gewerbeanzeigenstatistik;JAHR;Jahr;2026;MONAT;Monate;MONAT11;November;DINSG;Deutschland insgesamt;DG;Deutschland;GEWAB1;Grund der Gewerbeabmeldung;GEW-FORTZG;Fortzug;STAAG4;Staatsangehörigkeit;STA-SONST-01;Sonstige Staatsangehörigkeit;...;Anzahl;GEW013;Einzelunternehmer aus Gewerbeabmeldungen
52311;Gewerbeanzeigenstatistik;JAHR;Jahr;2026;MONAT;Monate;MONAT10;Oktober;DINSG;Deutschland insgesamt;DG;Deutschland;GEWAB1;Grund der Gewerbeabmeldung;GEW-EVV;Erbfolge/Verkauf/Verpachtung;STAAG4;Staatsangehörigkeit;DG;Deutschland;...;Anzahl;GEW013;Einzelunternehmer aus Gewerbeabmeldungen
52311;Gewerbeanzeigenstatistik;JAHR;Jahr;2026;MONAT;Monate;MONAT05;Mai;DINSG;Deutschland insgesamt;DG;Deutschland;GEWAB1;Grund der Gewerbeabmeldung;;Insgesamt;STAAG4;Staatsangehörigkeit;STA-SONST-01;Sonstige Staatsangehörigkeit;4097;Anzahl;GEW013;Einzelunternehmer aus Gewerbeabmeldungen
52311;Gewerbeanzeigenstatistik;JAHR;Jahr;2026;MONAT;Monate;MONAT08;August;DINSG;Deutschland insgesamt;DG;Deutschland;GEWAB1;Grund der Gewerbeabmeldung;;Insgesamt;STAAG4;Staatsangehörigkeit;ST163;Türkei;...;Anzahl;GEW013;Einzelunternehmer aus Gewerbeabmeldungen
52311;Gewerbeanzeigenstatistik;JAHR;Jahr;2026;MONAT;Monate;MONAT06;Juni;DINSG;Deutschland insgesamt;DG;Deutschland;GEWAB1;Grund der Gewerbeabmeldung;GEW-UMWDLG;Umwandlung;STAAG4;Staatsangehörigkeit;ST125;Bulgarien;1;Anzahl;GEW013;Einzelunternehmer aus Gewerbeabmeldungen
52311;Gewerbeanzeigenstatistik;JAHR;Jahr;2026;MONAT;Monate;MONAT01;Januar;DINSG;Deutschland insgesamt;DG;Deutschland;GEWAB1;Grund der Gewerbeabmeldung;GEW-VSTAUFG;Vollständige Aufgabe;STAAG4;Staatsangehörigkeit;DG;Deutschland;36764;Anzahl;GEW013;Einzelunternehmer aus Gewerbeabmeldungen
52311;Gewerbeanzeigenstatistik;JAHR;Jahr;2026;MONAT;Monate;MONAT03;März;DINSG;Deutschland insgesamt;DG;Deutschland;GEWAB1;Grund der Gewerbeabmeldung;GEW-VSTAUFG;Vollständige Aufgabe;STAAG4;Staatsangehörigkeit;ST134;Griechenland;214;Anzahl;GEW013;Einzelunternehmer aus Gewerbeabmeldungen
52311;Gewerbeanzeigenstatistik;JAHR;Jahr;2026;MONAT;Monate;MONAT10;Oktober;DINSG;Deutschland insgesamt;DG;Deutschland;GEWAB1;Grund der Gewerbeabmeldung;;Insgesamt;STAAG4;Staatsangehörigkeit;ST125;Bulgarien;...;Anzahl;GEW013;Einzelunternehmer aus Gewerbeabmeldungen
52311;Gewerbeanzeigenstatistik;JAHR;Jahr;2026;MONAT;Monate;MONAT02;Februar;DINSG;Deutschland insgesamt;DG;Deutschland;GEWAB1;Grund der Gewerbeabmeldung;GEW-GESAUS;Gesellschafteraustritt;STAAG4;Staatsangehörigkeit;ST134;Griechenland;-;Anzahl;GEW013;Einzelunternehmer aus Gewerbeabmeldungen
52311;Gewerbeanzeigenstatistik;JAHR;Jahr;2026;MONAT;Monate;MONAT01;Januar;DINSG;Deutschland insgesamt;DG;Deutschland;GEWAB1;Grund der Gewerbeabmeldung;GEW-RFWSL;Rechtsformwechsel;STAAG4;Staatsangehörigkeit;STA-SONST-01;Sonstige Staatsangehörigkeit;57;Anzahl;GEW013;Einzelunternehmer aus Gewerbeabmeldungen
52311;Gewerbeanzeigenstatistik;JAHR;Jahr;2026;MONAT;Monate;MONAT10;Oktober;DINSG;Deutschland insgesamt;DG;Deutschland;GEWAB1;Grund der Gewerbeabmeldung;GEW-EVV;Erbfolge/Verkauf/Verpachtung;STAAG4;Staatsangehörigkeit;ST134;Griechenland;...;Anzahl;GEW013;Einzelunternehmer aus Gewerbeabmeldungen
52311;Gewerbeanzeigenstatistik;JAHR;Jahr;2026;MONAT;Monate;MONAT07;Juli;DINSG;Deutschland insgesamt;DG;Deutschland;GEWAB1;Grund der Gewerbeabmeldung;GEW-GESAUS;Gesellschafteraustritt;STAAG4;Staatsangehörigkeit;ST163;Türkei;-;Anzahl;GEW013;Einzelunternehmer aus Gewerbeabmeldungen
52311;Gewerbeanzeigenstatistik;JAHR;Jahr;2026;MONAT;Monate;MONAT07;Juli;DINSG;Deutschland insgesamt;DG;Deutschland;GEWAB1;Grund der Gewerbeabmeldung;GEW-UMWDLG;Umwandlung;STAAG4;Staatsangehörigkeit;ST125;Bulgarien;1;Anzahl;GEW013;Einzelunternehmer aus Gewerbeabmeldungen
52311;Gewerbeanzeigenstatistik;JAHR;Jahr;2026;MONAT;Monate;MONAT01;Januar;DINSG;Deutschland insgesamt;DG;Deutschland;GEWAB1;Grund der Gewerbeabmeldung;GEW-UMWDLG;Umwandlung;STAAG4;Staatsangehörigkeit;STA-SONST-01;Sonstige Staatsangehörigkeit;6;Anzahl;GEW013;Einzelunternehmer aus Gewerbeabmeldungen
52311;Gewerbeanzeigenstatistik;JAHR;Jahr;2026;MONAT;Monate;MONAT07;Juli;DINSG;Deutschland insgesamt;DG;Deutschland;GEWAB1;Grund der Gewerbeabmeldung;GEW-RFWSL;Rechtsformwechsel;STAAG4;Staatsangehörigkeit;ST163;Türkei;9;Anzahl;GEW013;Einzelunternehmer aus Gewerbeabmeldungen
52311;Gewerbeanzeigenstatistik;JAHR;Jahr;2026;MONAT;Monate;MONAT01;Januar;DINSG;Deutschland insgesamt;DG;Deutschland;GEWAB1;Grund der Gewerbeabmeldung;GEW-GESAUS;Gesellschafteraustritt;STAAG4;Staatsangehörigkeit;ST134;Griechenland;-;Anzahl;GEW013;Einzelunternehmer aus Gewerbeabmeldungen
52311;Gewerbeanzeigenstatistik;JAHR;Jahr;2026;MONAT;Monate;MONAT11;November;DINSG;Deutschland insgesamt;DG;Deutschland;GEWAB1;Grund der Gewerbeabmeldung;GEW-VSTAUFG;Vollständige Aufgabe;STAAG4;Staatsangehörigkeit;ST137;Italien;...;Anzahl;GEW013;Einzelunternehmer aus Gewerbeabmeldungen
52311;Gewerbeanzeigenstatistik;JAHR;Jahr;2026;MONAT;Monate;MONAT08;August;DINSG;Deutschland insgesamt;DG;Deutschland;GEWAB1;Grund der Gewerbeabmeldung;GEW-GESAUS;Gesellschafteraustritt;STAAG4;Staatsangehörigkeit;ST165;Ungarn;...;Anzahl;GEW013;Einzelunternehmer aus Gewerbeabmeldungen
52311;Gewerbeanzeigenstatistik;JAHR;Jahr;2026;MONAT;Monate;MONAT07;Juli;DINSG;Deutschland insgesamt;DG;Deutschland;GEWAB1;Grund der Gewerbeabmeldung;GEW-UMWDLG;Umwandlung;STAAG4;Staatsangehörigkeit;DG;Deutschland;53;Anzahl;GEW013;Einzelunternehmer aus Gewerbeabmeldungen
52311;Gewerbeanzeigenstatistik;JAHR;Jahr;2026;MONAT;Monate;MONAT03;März;DINSG;Deutschland insgesamt;DG;Deutschland;GEWAB1;Grund der Gewerbeabmeldung;GEW-UMWDLG;Umwandlung;STAAG4;Staatsangehörigkeit;ST152;Polen;-;Anzahl;GEW013;Einzelunternehmer aus Gewerbeabmeldungen
52311;Gewerbeanzeigenstatistik;JAHR;Jahr;2026;MONAT;Monate;MONAT07;Juli;DINSG;Deutschland insgesamt;DG;Deutschland;GEWAB1;Grund der Gewerbeabmeldung;GEW-FORTZG;Fortzug;STAAG4;Staatsangehörigkeit;ST165;Ungarn;23;Anzahl;GEW013;Einzelunternehmer aus Gewerbeabmeldungen
52311;Gewerbeanzeigenstatistik;JAHR;Jahr;2026;MONAT;Monate;MONAT07;Juli;DINSG;Deutschland insgesamt;DG;Deutschland;GEWAB1;Grund der Gewerbeabmeldung;;Insgesamt;STAAG4;Staatsangehörigkeit;ST152;Polen;1253;Anzahl;GEW013;Einzelunternehmer aus Gewerbeabmeldungen
52311;Gewerbeanzeigenstatistik;JAHR;Jahr;2026;MONAT;Monate;MONAT09;September;DINSG;Deutschland insgesamt;DG;Deutschland;GEWAB1;Grund der Gewerbeabmeldung;;Insgesamt;STAAG4;Staatsangehörigkeit;ST154;Rumänien;...;Anzahl;GEW013;Einzelunternehmer aus Gewerbeabmeldungen
52311;Gewerbeanzeigenstatistik;JAHR;Jahr;2026;MONAT;Monate;MONAT11;November;DINSG;Deutschland insgesamt;DG;Deutschland;GEWAB1;Grund der Gewerbeabmeldung;GEW-GESAUS;Gesellschafteraustritt;STAAG4;Staatsangehörigkeit;DG;Deutschland;...;Anzahl;GEW013;Einzelunternehmer aus Gewerbeabmeldungen
52311;Gewerbeanzeigenstatistik;JAHR;Jahr;2026;MONAT;Monate;MONAT12;Dezember;DINSG;Deutschland insgesamt;DG;Deutschland;GEWAB1;Grund der Gewerbeabmeldung;GEW-EVV;Erbfolge/Verkauf/Verpachtung;STAAG4;Staatsangehörigkeit;ST125;Bulgarien;...;Anzahl;GEW013;Einzelunternehmer aus Gewerbeabmeldungen
52311;Gewerbeanzeigenstatistik;JAHR;Jahr;2026;MONAT;Monate;MONAT02;Februar;DINSG;Deutschland insgesamt;DG;Deutschland;GEWAB1;Grund der Gewerbeabmeldung;;Insgesamt;STAAG4;Staatsangehörigkeit;DG;Deutschland;30662;Anzahl;GEW013;Einzelunternehmer aus Gewerbeabmeldungen
52311;Gewerbeanzeigenstatistik;JAHR;Jahr;2026;MONAT;Monate;MONAT01;Januar;DINSG;Deutschland insgesamt;DG;Deutschland;GEWAB1;Grund der Gewerbeabmeldung;GEW-EVV;Erbfolge/Verkauf/Verpachtung;STAAG4;Staatsangehörigkeit;ST125;Bulgarien;7;Anzahl;GEW013;Einzelunternehmer aus Gewerbeabmeldungen
52311;Gewerbeanzeigenstatistik;JAHR;Jahr;2026;MONAT;Monate;MONAT10;Oktober;DINSG;Deutschland insgesamt;DG;Deutschland;GEWAB1;Grund der Gewerbeabmeldung;;Insgesamt;STAAG4;Staatsangehörigkeit;ST137;Italien;...;Anzahl;GEW013;Einzelunternehmer aus Gewerbeabmeldungen
52311;Gewerbeanzeigenstatistik;JAHR;Jahr;2026;MONAT;Monate;MONAT07;Juli;DINSG;Deutschland insgesamt;DG;Deutschland;GEWAB1;Grund der Gewerbeabmeldung;GEW-UMWDLG;Umwandlung;STAAG4;Staatsangehörigkeit;ST137;Italien;-;Anzahl;GEW013;Einzelunternehmer aus Gewerbeabmeldungen
52311;Gewerbeanzeigenstatistik;JAHR;Jahr;2026;MONAT;Monate;MONAT07;Juli;DINSG;Deutschland insgesamt;DG;Deutschland;GEWAB1;Grund der Gewerbeabmeldung;GEW-GESAUS;Gesellschafteraustritt;STAAG4;Staatsangehörigkeit;ST152;Polen;-;Anzahl;GEW013;Einzelunternehmer aus Gewerbeabmeldungen
52311;Gewerbeanzeigenstatistik;JAHR;Jahr;2026;MONAT;Monate;MONAT02;Februar;DINSG;Deutschland insgesamt;DG;Deutschland;GEWAB1;Grund der Gewerbeabmeldung;GEW-GESAUS;Gesellschafteraustritt;STAAG4;Staatsangehörigkeit;DG;Deutschland;-;Anzahl;GEW013;Einzelunternehmer aus Gewerbeabmeldungen
52311;Gewerbeanzeigenstatistik;JAHR;Jahr;2026;MONAT;Monate;MONAT05;Mai;DINSG;Deutschland insgesamt;DG;Deutschland;GEWAB1;Grund der Gewerbeabmeldung;GEW-RFWSL;Rechtsformwechsel;STAAG4;Staatsangehörigkeit;ST154;Rumänien;4;Anzahl;GEW013;Einzelunternehmer aus Gewerbeabmeldungen
52311;Gewerbeanzeigenstatistik;JAHR;Jahr;2026;MONAT;Monate;MONAT06;Juni;DINSG;Deutschland insgesamt;DG;Deutschland;GEWAB1;Grund der Gewerbeabmeldung;GEW-RFWSL;Rechtsformwechsel;STAAG4;Staatsangehörigkeit;ST163;Türkei;14;Anzahl;GEW013;Einzelunternehmer aus Gewerbeabmeldungen
52311;Gewerbeanzeigenstatistik;JAHR;Jahr;2026;MONAT;Monate;MONAT11;November;DINSG;Deutschland insgesamt;DG;Deutschland;GEWAB1;Grund der Gewerbeabmeldung;GEW-FORTZG;Fortzug;STAAG4;Staatsangehörigkeit;DG;Deutschland;...;Anzahl;GEW013;Einzelunternehmer aus Gewerbeabmeldungen
52311;Gewerbeanzeigenstatistik;JAHR;Jahr;2026;MONAT;Monate;MONAT10;Oktober;DINSG;Deutschland insgesamt;DG;Deutschland;GEWAB1;Grund der Gewerbeabmeldung;GEW-GESAUS;Gesellschafteraustritt;STAAG4;Staatsangehörigkeit;ST165;Ungarn;...;Anzahl;GEW013;Einzelunternehmer aus Gewerbeabmeldungen
52311;Gewerbeanzeigenstatistik;JAHR;Jahr;2026;MONAT;Monate;MONAT01;Januar;DINSG;Deutschland insgesamt;DG;Deutschland;GEWAB1;Grund der Gewerbeabmeldung;GEW-FORTZG;Fortzug;STAAG4;Staatsangehörigkeit;STA-SONST-01;Sonstige Staatsangehörigkeit;277;Anzahl;GEW013;Einzelunternehmer aus Gewerbeabmeldungen
52311;Gewerbeanzeigenstatistik;JAHR;Jahr;2026;MONAT;Monate;MONAT07;Juli;DINSG;Deutschland insgesamt;DG;Deutschland;GEWAB1;Grund der Gewerbeabmeldung;GEW-FORTZG;Fortzug;STAAG4;Staatsangehörigkeit;ST154;Rumänien;72;Anzahl;GEW013;Einzelunternehmer aus Gewerbeabmeldungen
52311;Gewerbeanzeigenstatistik;JAHR;Jahr;2026;MONAT;Monate;MONAT05;Mai;DINSG;Deutschland insgesamt;DG;Deutschland;GEWAB1;Grund der Gewerbeabmeldung;GEW-EVV;Erbfolge/Verkauf/Verpachtung;STAAG4;Staatsangehörigkeit;DG;Deutschland;780;Anzahl;GEW013;Einzelunternehmer aus Gewerbeabmeldungen
52311;Gewerbeanzeigenstatistik;JAHR;Jahr;2026;MONAT;Monate;MONAT06;Juni;DINSG;Deutschland insgesamt;DG;Deutschland;GEWAB1;Grund der Gewerbeabmeldung;GEW-FORTZG;Fortzug;STAAG4;Staatsangehörigkeit;ST152;Polen;66;Anzahl;GEW013;Einzelunternehmer aus Gewerbeabmeldungen
52311;Gewerbeanzeigenstatistik;JAHR;Jahr;2026;MONAT;Monate;MONAT09;September;DINSG;Deutschland insgesamt;DG;Deutschland;GEWAB1;Grund der Gewerbeabmeldung;;Insgesamt;STAAG4;Staatsangehörigkeit;ST165;Ungarn;...;Anzahl;GEW013;Einzelunternehmer aus Gewerbeabmeldungen
52311;Gewerbeanzeigenstatistik;JAHR;Jahr;2026;MONAT;Monate;MONAT12;Dezember;DINSG;Deutschland insgesamt;DG;Deutschland;GEWAB1;Grund der Gewerbeabmeldung;GEW-EVV;Erbfolge/Verkauf/Verpachtung;STAAG4;Staatsangehörigkeit;ST137;Italien;...;Anzahl;GEW013;Einzelunternehmer aus Gewerbeabmeldungen
52311;Gewerbeanzeigenstatistik;JAHR;Jahr;2026;MONAT;Monate;MONAT06;Juni;DINSG;Deutschland insgesamt;DG;Deutschland;GEWAB1;Grund der Gewerbeabmeldung;GEW-UMWDLG;Umwandlung;STAAG4;Staatsangehörigkeit;STA-SONST-01;Sonstige Staatsangehörigkeit;3;Anzahl;GEW013;Einzelunternehmer aus Gewerbeabmeldungen
52311;Gewerbeanzeigenstatistik;JAHR;Jahr;2026;MONAT;Monate;MONAT02;Februar;DINSG;Deutschland insgesamt;DG;Deutschland;GEWAB1;Grund der Gewerbeabmeldung;GEW-EVV;Erbfolge/Verkauf/Verpachtung;STAAG4;Staatsangehörigkeit;ST137;Italien;38;Anzahl;GEW013;Einzelunternehmer aus Gewerbeabmeldungen
52311;Gewerbeanzeigenstatistik;JAHR;Jahr;2026;MONAT;Monate;MONAT07;Juli;DINSG;Deutschland insgesamt;DG;Deutschland;GEWAB1;Grund der Gewerbeabmeldung;;Insgesamt;STAAG4;Staatsangehörigkeit;ST163;Türkei;1437;Anzahl;GEW013;Einzelunternehmer aus Gewerbeabmeldungen
52311;Gewerbeanzeigenstatistik;JAHR;Jahr;2026;MONAT;Monate;MONAT03;März;DINSG;Deutschland insgesamt;DG;Deutschland;GEWAB1;Grund der Gewerbeabmeldung;GEW-GESAUS;Gesellschafteraustritt;STAAG4;Staatsangehörigkeit;ST137;Italien;-;Anzahl;GEW013;Einzelunternehmer aus Gewerbeabmeldungen
52311;Gewerbeanzeigenstatistik;JAHR;Jahr;2026;MONAT;Monate;MONAT11;November;DINSG;Deutschland insgesamt;DG;Deutschland;GEWAB1;Grund der Gewerbeabmeldung;GEW-UMWDLG;Umwandlung;STAAG4;Staatsangehörigkeit;STA-SONST-01;Sonstige Staatsangehörigkeit;...;Anzahl;GEW013;Einzelunternehmer aus Gewerbeabmeldungen
52311;Gewerbeanzeigenstatistik;JAHR;Jahr;2026;MONAT;Monate;MONAT09;September;DINSG;Deutschland insgesamt;DG;Deutschland;GEWAB1;Grund der Gewerbeabmeldung;GEW-EVV;Erbfolge/Verkauf/Verpachtung;STAAG4;Staatsangehörigkeit;ST163;Türkei;...;Anzahl;GEW013;Einzelunternehmer aus Gewerbeabmeldungen
52311;Gewerbeanzeigenstatistik;JAHR;Jahr;2026;MONAT;Monate;MONAT05;Mai;DINSG;Deutschland insgesamt;DG;Deutschland;GEWAB1;Grund der Gewerbeabmeldung;GEW-RFWSL;Rechtsformwechsel;STAAG4;Staatsangehörigkeit;ST165;Ungarn;-;Anzahl;GEW013;Einzelunternehmer aus Gewerbeabmeldungen
52311;Gewerbeanzeigenstatistik;JAHR;Jahr;2026;MONAT;Monate;MONAT06;Juni;DINSG;Deutschland insgesamt;DG;Deutschland;GEWAB1;Grund der Gewerbeabmeldung;GEW-UMWDLG;Umwandlung;STAAG4;Staatsangehörigkeit;DG;Deutschland;36;Anzahl;GEW013;Einzelunternehmer aus Gewerbeabmeldungen
52311;Gewerbeanzeigenstatistik;JAHR;Jahr;2026;MONAT;Monate;MONAT06;Juni;DINSG;Deutschland insgesamt;DG;Deutschland;GEWAB1;Grund der Gewerbeabmeldung;GEW-RFWSL;Rechtsformwechsel;STAAG4;Staatsangehörigkeit;ST152;Polen;-;Anzahl;GEW013;Einzelunternehmer aus Gewerbeabmeldungen
52311;Gewerbeanzeigenstatistik;JAHR;Jahr;2026;MONAT;Monate;MONAT02;Februar;DINSG;Deutschland insgesamt;DG;Deutschland;GEWAB1;Grund der Gewerbeabmeldung;GEW-FORTZG;Fortzug;STAAG4;Staatsangehörigkeit;ST125;Bulgarien;17;Anzahl;GEW013;Einzelunternehmer aus Gewerbeabmeldungen
52311;Gewerbeanzeigenstatistik;JAHR;Jahr;2026;MONAT;Monate;MONAT12;Dezember;DINSG;Deutschland insgesamt;DG;Deutschland;GEWAB1;Grund der Gewerbeabmeldung;GEW-FORTZG;Fortzug;STAAG4;Staatsangehörigkeit;ST125;Bulgarien;...;Anzahl;GEW013;Einzelunternehmer aus Gewerbeabmeldungen
52311;Gewerbeanzeigenstatistik;JAHR;Jahr;2026;MONAT;Monate;MONAT10;Oktober;DINSG;Deutschland insgesamt;DG;Deutschland;GEWAB1;Grund der Gewerbeabmeldung;GEW-GESAUS;Gesellschafteraustritt;STAAG4;Staatsangehörigkeit;ST154;Rumänien;...;Anzahl;GEW013;Einzelunternehmer aus Gewerbeabmeldungen
52311;Gewerbeanzeigenstatistik;JAHR;Jahr;2026;MONAT;Monate;MONAT12;Dezember;DINSG;Deutschland insgesamt;DG;Deutschland;GEWAB1;Grund der Gewerbeabmeldung;GEW-RFWSL;Rechtsformwechsel;STAAG4;Staatsangehörigkeit;ST137;Italien;...;Anzahl;GEW013;Einzelunternehmer aus Gewerbeabmeldungen
