statistics_code;statistics_label;time_code;time_label;time;1_variable_code;1_variable_label;1_variable_attribute_code;1_variable_attribute_label;2_variable_code;2_variable_label;2_variable_attribute_code;2_variable_attribute_label;value;value_unit;value_variable_code;value_variable_label
81000;Volkswirtschaftliche Gesamtrechnungen des Bundes;JAHR;Jahr;2025;DINSG;Deutschland insgesamt;DG;Deutschland;WZ08G3;WZ2008: Wirtschaftsbereiche der VGR;WZ08-77;Vermietung von beweglichen Sachen;...;1000;ERW005;Arbeitnehmer
81000;Volkswirtschaftliche Gesamtrechnungen des Bundes;JAHR;Jahr;2025;DINSG;Deutschland insgesamt;DG;Deutschland;WZ08G3;WZ2008: Wirtschaftsbereiche der VGR;WZ08-37-01;Abwasser-, Abfallentsorgung, Rückgewinnung;...;1000;ERW005;Arbeitnehmer
81000;Volkswirtschaftliche Gesamtrechnungen des Bundes;JAHR;Jahr;2021;DINSG;Deutschland insgesamt;DG;Deutschland;WZ08G3;WZ2008: Wirtschaftsbereiche der VGR;WZ08-64;Erbringung von Finanzdienstleistungen;577;1000;ERW005;Arbeitnehmer
81000;Volkswirtschaftliche Gesamtrechnungen des Bundes;JAHR;Jahr;2021;DINSG;Deutschland insgesamt;DG;Deutschland;WZ08G3;WZ2008: Wirtschaftsbereiche der VGR;WZ08-41;Hochbau;311;1000;ERW005;Arbeitnehmer
81000;Volkswirtschaftliche Gesamtrechnungen des Bundes;JAHR;Jahr;2022;DINSG;Deutschland insgesamt;DG;Deutschland;WZ08G3;WZ2008: Wirtschaftsbereiche der VGR;WZ08-31-01;Möbelherstellung, Installation von Maschinen;617;1000;ERW005;Arbeitnehmer
81000;Volkswirtschaftliche Gesamtrechnungen des Bundes;JAHR;Jahr;2023;DINSG;Deutschland insgesamt;DG;Deutschland;WZ08G3;WZ2008: Wirtschaftsbereiche der VGR;WZ08-42;Tiefbau;279;1000;ERW005;Arbeitnehmer
81000;Volkswirtschaftliche Gesamtrechnungen des Bundes;JAHR;Jahr;2022;DINSG;Deutschland insgesamt;DG;Deutschland;WZ08G3;WZ2008: Wirtschaftsbereiche der VGR;WZ08-53;Post-, Kurier- und Expressdienste;536;1000;ERW005;Arbeitnehmer
81000;Volkswirtschaftliche Gesamtrechnungen des Bundes;JAHR;Jahr;2022;DINSG;Deutschland insgesamt;DG;Deutschland;WZ08G3;WZ2008: Wirtschaftsbereiche der VGR;WZ08-30;Sonstiger Fahrzeugbau;142;1000;ERW005;Arbeitnehmer
81000;Volkswirtschaftliche Gesamtrechnungen des Bundes;JAHR;Jahr;2024;DINSG;Deutschland insgesamt;DG;Deutschland;WZ08G3;WZ2008: Wirtschaftsbereiche der VGR;WZ08-69-01;Unternehmensnahe Beratungsleistungen;2001;1000;ERW005;Arbeitnehmer
81000;Volkswirtschaftliche Gesamtrechnungen des Bundes;JAHR;Jahr;2024;DINSG;Deutschland insgesamt;DG;Deutschland;WZ08G3;WZ2008: Wirtschaftsbereiche der VGR;WZ08-24-01;Metallgewerbe;1044;1000;ERW005;Arbeitnehmer
81000;Volkswirtschaftliche Gesamtrechnungen des Bundes;JAHR;Jahr;2025;DINSG;Deutschland insgesamt;DG;Deutschland;WZ08G3;WZ2008: Wirtschaftsbereiche der VGR;WZ08-031;Fischerei;...;1000;ERW005;Arbeitnehmer
81000;Volkswirtschaftliche Gesamtrechnungen des Bundes;JAHR;Jahr;2024;DINSG;Deutschland insgesamt;DG;Deutschland;WZ08G3;WZ2008: Wirtschaftsbereiche der VGR;WZ08-77;Vermietung von beweglichen Sachen;138;1000;ERW005;Arbeitnehmer
81000;Volkswirtschaftliche Gesamtrechnungen des Bundes;JAHR;Jahr;2022;DINSG;Deutschland insgesamt;DG;Deutschland;WZ08G3;WZ2008: Wirtschaftsbereiche der VGR;WZ08-B-05;Produzierendes Gewerbe;10060;1000;ERW005;Arbeitnehmer
81000;Volkswirtschaftliche Gesamtrechnungen des Bundes;JAHR;Jahr;2022;DINSG;Deutschland insgesamt;DG;Deutschland;WZ08G3;WZ2008: Wirtschaftsbereiche der VGR;WZ08-59-01;Audiovisuelle Medien und Rundfunk;121;1000;ERW005;Arbeitnehmer
81000;Volkswirtschaftliche Gesamtrechnungen des Bundes;JAHR;Jahr;2022;DINSG;Deutschland insgesamt;DG;Deutschland;WZ08G3;WZ2008: Wirtschaftsbereiche der VGR;WZ08-D;Energieversorgung;276;1000;ERW005;Arbeitnehmer
81000;Volkswirtschaftliche Gesamtrechnungen des Bundes;JAHR;Jahr;2021;DINSG;Deutschland insgesamt;DG;Deutschland;WZ08G3;WZ2008: Wirtschaftsbereiche der VGR;WZ08-G-04;Dienstleistungsbereiche;30744;1000;ERW005;Arbeitnehmer
81000;Volkswirtschaftliche Gesamtrechnungen des Bundes;JAHR;Jahr;2023;DINSG;Deutschland insgesamt;DG;Deutschland;WZ08G3;WZ2008: Wirtschaftsbereiche der VGR;WZ08-65;Versicherungen, Rückversicherungen, Pensionskassen;166;1000;ERW005;Arbeitnehmer
81000;Volkswirtschaftliche Gesamtrechnungen des Bundes;JAHR;Jahr;2024;DINSG;Deutschland insgesamt;DG;Deutschland;WZ08G3;WZ2008: Wirtschaftsbereiche der VGR;WZ08-K;Erbringung v. Finanz- u. Versicherungsdienstleist.;960;1000;ERW005;Arbeitnehmer
81000;Volkswirtschaftliche Gesamtrechnungen des Bundes;JAHR;Jahr;2021;DINSG;Deutschland insgesamt;DG;Deutschland;WZ08G3;WZ2008: Wirtschaftsbereiche der VGR;WZ08-53;Post-, Kurier- und Expressdienste;548;1000;ERW005;Arbeitnehmer
81000;Volkswirtschaftliche Gesamtrechnungen des Bundes;JAHR;Jahr;2025;DINSG;Deutschland insgesamt;DG;Deutschland;WZ08G3;WZ2008: Wirtschaftsbereiche der VGR;WZ08-42;Tiefbau;...;1000;ERW005;Arbeitnehmer
81000;Volkswirtschaftliche Gesamtrechnungen des Bundes;JAHR;Jahr;2025;DINSG;Deutschland insgesamt;DG;Deutschland;WZ08G3;WZ2008: Wirtschaftsbereiche der VGR;WZ08-65;Versicherungen, Rückversicherungen, Pensionskassen;...;1000;ERW005;Arbeitnehmer
81000;Volkswirtschaftliche Gesamtrechnungen des Bundes;JAHR;Jahr;2021;DINSG;Deutschland insgesamt;DG;Deutschland;WZ08G3;WZ2008: Wirtschaftsbereiche der VGR;WZ08-P;Erziehung und Unterricht;2438;1000;ERW005;Arbeitnehmer
81000;Volkswirtschaftliche Gesamtrechnungen des Bundes;JAHR;Jahr;2021;DINSG;Deutschland insgesamt;DG;Deutschland;WZ08G3;WZ2008: Wirtschaftsbereiche der VGR;WZ08-30;Sonstiger Fahrzeugbau;143;1000;ERW005;Arbeitnehmer
81000;Volkswirtschaftliche Gesamtrechnungen des Bundes;JAHR;Jahr;2021;DINSG;Deutschland insgesamt;DG;Deutschland;WZ08G3;WZ2008: Wirtschaftsbereiche der VGR;WZ08-80-01;Unternehmensdienstleister a.n.g.;1871;1000;ERW005;Arbeitnehmer
81000;Volkswirtschaftliche Gesamtrechnungen des Bundes;JAHR;Jahr;2023;DINSG;Deutschland insgesamt;DG;Deutschland;WZ08G3;WZ2008: Wirtschaftsbereiche der VGR;WZ08-77;Vermietung von beweglichen Sachen;133;1000;ERW005;Arbeitnehmer
81000;Volkswirtschaftliche Gesamtrechnungen des Bundes;JAHR;Jahr;2023;DINSG;Deutschland insgesamt;DG;Deutschland;WZ08G3;WZ2008: Wirtschaftsbereiche der VGR;WZ08-G;Handel, Instandhaltung und Reparatur von Kfz;5398;1000;ERW005;Arbeitnehmer
81000;Volkswirtschaftliche Gesamtrechnungen des Bundes;JAHR;Jahr;2022;DINSG;Deutschland insgesamt;DG;Deutschland;WZ08G3;WZ2008: Wirtschaftsbereiche der VGR;WZ08-31-02;Herstellung von Möbeln und sonstigen Waren;377;1000;ERW005;Arbeitnehmer
81000;Volkswirtschaftliche Gesamtrechnungen des Bundes;JAHR;Jahr;2021;DINSG;Deutschland insgesamt;DG;Deutschland;WZ08G3;WZ2008: Wirtschaftsbereiche der VGR;WZ08-29-01;Fahrzeugbau;1007;1000;ERW005;Arbeitnehmer
81000;Volkswirtschaftliche Gesamtrechnungen des Bundes;JAHR;Jahr;2023;DINSG;Deutschland insgesamt;DG;Deutschland;WZ08G3;WZ2008: Wirtschaftsbereiche der VGR;WZ08-90-01;Kunst und Kultur, Glücksspiel;266;1000;ERW005;Arbeitnehmer
81000;Volkswirtschaftliche Gesamtrechnungen des Bundes;JAHR;Jahr;2022;DINSG;Deutschland insgesamt;DG;Deutschland;WZ08G3;WZ2008: Wirtschaftsbereiche der VGR;WZ08-42;Tiefbau;271;1000;ERW005;Arbeitnehmer
81000;Volkswirtschaftliche Gesamtrechnungen des Bundes;JAHR;Jahr;2024;DINSG;Deutschland insgesamt;DG;Deutschland;WZ08G3;WZ2008: Wirtschaftsbereiche der VGR;WZ08-66;Mit Finanz- u. Versicherungsdienstl. verb. Tätigk.;227;1000;ERW005;Arbeitnehmer
81000;Volkswirtschaftliche Gesamtrechnungen des Bundes;JAHR;Jahr;2022;DINSG;Deutschland insgesamt;DG;Deutschland;WZ08G3;WZ2008: Wirtschaftsbereiche der VGR;WZ08-65;Versicherungen, Rückversicherungen, Pensionskassen;164;1000;ERW005;Arbeitnehmer
81000;Volkswirtschaftliche Gesamtrechnungen des Bundes;JAHR;Jahr;2024;DINSG;Deutschland insgesamt;DG;Deutschland;WZ08G3;WZ2008: Wirtschaftsbereiche der VGR;WZ08-43;Vorb.Baustellenarbeiten, Bauinstall., sonst.Ausbau;1611;1000;ERW005;Arbeitnehmer
81000;Volkswirtschaftliche Gesamtrechnungen des Bundes;JAHR;Jahr;2025;DINSG;Deutschland insgesamt;DG;Deutschland;WZ08G3;WZ2008: Wirtschaftsbereiche der VGR;WZ08-P;Erziehung und Unterricht;2626;1000;ERW005;Arbeitnehmer
81000;Volkswirtschaftliche Gesamtrechnungen des Bundes;JAHR;Jahr;2024;DINSG;Deutschland insgesamt;DG;Deutschland;WZ08G3;WZ2008: Wirtschaftsbereiche der VGR;WZ08-20;Herstellung von chemischen Erzeugnissen;359;1000;ERW005;Arbeitnehmer
81000;Volkswirtschaftliche Gesamtrechnungen des Bundes;JAHR;Jahr;2025;DINSG;Deutschland insgesamt;DG;Deutschland;WZ08G3;WZ2008: Wirtschaftsbereiche der VGR;WZ08-87-01;Heime und Sozialwesen;...;1000;ERW005;Arbeitnehmer
81000;Volkswirtschaftliche Gesamtrechnungen des Bundes;JAHR;Jahr;2025;DINSG;Deutschland insgesamt;DG;Deutschland;WZ08G3;WZ2008: Wirtschaftsbereiche der VGR;WZ08-30;Sonstiger Fahrzeugbau;...;1000;ERW005;Arbeitnehmer
81000;Volkswirtschaftliche Gesamtrechnungen des Bundes;JAHR;Jahr;2021;DINSG;Deutschland insgesamt;DG;Deutschland;WZ08G3;WZ2008: Wirtschaftsbereiche der VGR;WZ08-42;Tiefbau;265;1000;ERW005;Arbeitnehmer
81000;Volkswirtschaftliche Gesamtrechnungen des Bundes;JAHR;Jahr;2021;DINSG;Deutschland insgesamt;DG;Deutschland;WZ08G3;WZ2008: Wirtschaftsbereiche der VGR;WZ08-65;Versicherungen, Rückversicherungen, Pensionskassen;157;1000;ERW005;Arbeitnehmer
81000;Volkswirtschaftliche Gesamtrechnungen des Bundes;JAHR;Jahr;2025;DINSG;Deutschland insgesamt;DG;Deutschland;WZ08G3;WZ2008: Wirtschaftsbereiche der VGR;WZ08-53;Post-, Kurier- und Expressdienste;...;1000;ERW005;Arbeitnehmer
81000;Volkswirtschaftliche Gesamtrechnungen des Bundes;JAHR;Jahr;2023;DINSG;Deutschland insgesamt;DG;Deutschland;WZ08G3;WZ2008: Wirtschaftsbereiche der VGR;WZ08-66;Mit Finanz- u. Versicherungsdienstl. verb. Tätigk.;226;1000;ERW005;Arbeitnehmer
81000;Volkswirtschaftliche Gesamtrechnungen des Bundes;JAHR;Jahr;2023;DINSG;Deutschland insgesamt;DG;Deutschland;WZ08G3;WZ2008: Wirtschaftsbereiche der VGR;WZ08-43;Vorb.Baustellenarbeiten, Bauinstall., sonst.Ausbau;1622;1000;ERW005;Arbeitnehmer
81000;Volkswirtschaftliche Gesamtrechnungen des Bundes;JAHR;Jahr;2023;DINSG;Deutschland insgesamt;DG;Deutschland;WZ08G3;WZ2008: Wirtschaftsbereiche der VGR;WZ08-20;Herstellung von chemischen Erzeugnissen;368;1000;ERW005;Arbeitnehmer
81000;Volkswirtschaftliche Gesamtrechnungen des Bundes;JAHR;Jahr;2021;DINSG;Deutschland insgesamt;DG;Deutschland;WZ08G3;WZ2008: Wirtschaftsbereiche der VGR;WZ08-22-01;H.v. Gummi-, Kunststoff-, Glaswaren, Keramik u.Ä.;652;1000;ERW005;Arbeitnehmer
81000;Volkswirtschaftliche Gesamtrechnungen des Bundes;JAHR;Jahr;2024;DINSG;Deutschland insgesamt;DG;Deutschland;WZ08G3;WZ2008: Wirtschaftsbereiche der VGR;WZ08-78;Vermittlung und Überlassung von Arbeitskräften;758;1000;ERW005;Arbeitnehmer
81000;Volkswirtschaftliche Gesamtrechnungen des Bundes;JAHR;Jahr;2024;DINSG;Deutschland insgesamt;DG;Deutschland;WZ08G3;WZ2008: Wirtschaftsbereiche der VGR;WZ08-69-02;Rechts- und Steuerberatung, Unternehmensberatung;1310;1000;ERW005;Arbeitnehmer
81000;Volkswirtschaftliche Gesamtrechnungen des Bundes;JAHR;Jahr;2024;DINSG;Deutschland insgesamt;DG;Deutschland;WZ08G3;WZ2008: Wirtschaftsbereiche der VGR;WZ08-62-01;IT- und Informationsdienstleister;1091;1000;ERW005;Arbeitnehmer
81000;Volkswirtschaftliche Gesamtrechnungen des Bundes;JAHR;Jahr;2022;DINSG;Deutschland insgesamt;DG;Deutschland;WZ08G3;WZ2008: Wirtschaftsbereiche der VGR;WZ08-77;Vermietung von beweglichen Sachen;124;1000;ERW005;Arbeitnehmer
81000;Volkswirtschaftliche Gesamtrechnungen des Bundes;JAHR;Jahr;2024;DINSG;Deutschland insgesamt;DG;Deutschland;WZ08G3;WZ2008: Wirtschaftsbereiche der VGR;WZ08-O-03;Öffentliche Dienstleister, Erziehung, Gesundheit;11543;1000;ERW005;Arbeitnehmer
81000;Volkswirtschaftliche Gesamtrechnungen des Bundes;JAHR;Jahr;2022;DINSG;Deutschland insgesamt;DG;Deutschland;WZ08G3;WZ2008: Wirtschaftsbereiche der VGR;WZ08-C;Verarbeitendes Gewerbe;7262;1000;ERW005;Arbeitnehmer
81000;Volkswirtschaftliche Gesamtrechnungen des Bundes;JAHR;Jahr;2025;DINSG;Deutschland insgesamt;DG;Deutschland;WZ08G3;WZ2008: Wirtschaftsbereiche der VGR;WZ08-41;Hochbau;...;1000;ERW005;Arbeitnehmer
81000;Volkswirtschaftliche Gesamtrechnungen des Bundes;JAHR;Jahr;2024;DINSG;Deutschland insgesamt;DG;Deutschland;WZ08G3;WZ2008: Wirtschaftsbereiche der VGR;WZ08-L;Grundstücks- und Wohnungswesen;448;1000;ERW005;Arbeitnehmer
81000;Volkswirtschaftliche Gesamtrechnungen des Bundes;JAHR;Jahr;2021;DINSG;Deutschland insgesamt;DG;Deutschland;WZ08G3;WZ2008: Wirtschaftsbereiche der VGR;WZ08-13-01;Textil- und Bekleidungsgewerbe;117;1000;ERW005;Arbeitnehmer
81000;Volkswirtschaftliche Gesamtrechnungen des Bundes;JAHR;Jahr;2021;DINSG;Deutschland insgesamt;DG;Deutschland;WZ08G3;WZ2008: Wirtschaftsbereiche der VGR;WZ08-77;Vermietung von beweglichen Sachen;118;1000;ERW005;Arbeitnehmer
81000;Volkswirtschaftliche Gesamtrechnungen des Bundes;JAHR;Jahr;2025;DINSG;Deutschland insgesamt;DG;Deutschland;WZ08G3;WZ2008: Wirtschaftsbereiche der VGR;WZ08-64;Erbringung von Finanzdienstleistungen;...;1000;ERW005;Arbeitnehmer
81000;Volkswirtschaftliche Gesamtrechnungen des Bundes;JAHR;Jahr;2021;DINSG;Deutschland insgesamt;DG;Deutschland;WZ08G3;WZ2008: Wirtschaftsbereiche der VGR;WZ08-O;Öff. Verwaltung, Verteidigung, Sozialversicherung;2809;1000;ERW005;Arbeitnehmer
81000;Volkswirtschaftliche Gesamtrechnungen des Bundes;JAHR;Jahr;2024;DINSG;Deutschland insgesamt;DG;Deutschland;WZ08G3;WZ2008: Wirtschaftsbereiche der VGR;WZ08-74-01;Freiberufl.,wiss.,techn.DL a.n.g., Veterinärwesen;161;1000;ERW005;Arbeitnehmer
81000;Volkswirtschaftliche Gesamtrechnungen des Bundes;JAHR;Jahr;2022;DINSG;Deutschland insgesamt;DG;Deutschland;WZ08G3;WZ2008: Wirtschaftsbereiche der VGR;WZ08-T;Private Haushalte;910;1000;ERW005;Arbeitnehmer
81000;Volkswirtschaftliche Gesamtrechnungen des Bundes;JAHR;Jahr;2023;DINSG;Deutschland insgesamt;DG;Deutschland;WZ08G3;WZ2008: Wirtschaftsbereiche der VGR;WZ08-78;Vermittlung und Überlassung von Arbeitskräften;834;1000;ERW005;Arbeitnehmer
81000;Volkswirtschaftliche Gesamtrechnungen des Bundes;JAHR;Jahr;2025;DINSG;Deutschland insgesamt;DG;Deutschland;WZ08G3;WZ2008: Wirtschaftsbereiche der VGR;WZ08-R-02;Sonstige Dienstleister;2611;1000;ERW005;Arbeitnehmer
81000;Volkswirtschaftliche Gesamtrechnungen des Bundes;JAHR;Jahr;2022;DINSG;Deutschland insgesamt;DG;Deutschland;WZ08G3;WZ2008: Wirtschaftsbereiche der VGR;WZ08-20;Herstellung von chemischen Erzeugnissen;366;1000;ERW005;Arbeitnehmer
81000;Volkswirtschaftliche Gesamtrechnungen des Bundes;JAHR;Jahr;2022;DINSG;Deutschland insgesamt;DG;Deutschland;WZ08G3;WZ2008: Wirtschaftsbereiche der VGR;WZ08-B-18;Produzierendes Gewerbe ohne Baugewerbe;7871;1000;ERW005;Arbeitnehmer
81000;Volkswirtschaftliche Gesamtrechnungen des Bundes;JAHR;Jahr;2022;DINSG;Deutschland insgesamt;DG;Deutschland;WZ08G3;WZ2008: Wirtschaftsbereiche der VGR;WZ08-43;Vorb.Baustellenarbeiten, Bauinstall., sonst.Ausbau;1607;1000;ERW005;Arbeitnehmer
81000;Volkswirtschaftliche Gesamtrechnungen des Bundes;JAHR;Jahr;2022;DINSG;Deutschland insgesamt;DG;Deutschland;WZ08G3;WZ2008: Wirtschaftsbereiche der VGR;WZ08-66;Mit Finanz- u. Versicherungsdienstl. verb. Tätigk.;224;1000;ERW005;Arbeitnehmer
81000;Volkswirtschaftliche Gesamtrechnungen des Bundes;JAHR;Jahr;2025;DINSG;Deutschland insgesamt;DG;Deutschland;WZ08G3;WZ2008: Wirtschaftsbereiche der VGR;WZ08-Q;Gesundheits- und Sozialwesen;6133;1000;ERW005;Arbeitnehmer
81000;Volkswirtschaftliche Gesamtrechnungen des Bundes;JAHR;Jahr;2022;DINSG;Deutschland insgesamt;DG;Deutschland;WZ08G3;WZ2008: Wirtschaftsbereiche der VGR;WZ08-G-01;Handel, Verkehr, Gastgewerbe;9247;1000;ERW005;Arbeitnehmer
81000;Volkswirtschaftliche Gesamtrechnungen des Bundes;JAHR;Jahr;2024;DINSG;Deutschland insgesamt;DG;Deutschland;WZ08G3;WZ2008: Wirtschaftsbereiche der VGR;WZ08-21;Herstellung von pharmazeutischen Erzeugnissen;149;1000;ERW005;Arbeitnehmer
81000;Volkswirtschaftliche Gesamtrechnungen des Bundes;JAHR;Jahr;2023;DINSG;Deutschland insgesamt;DG;Deutschland;WZ08G3;WZ2008: Wirtschaftsbereiche der VGR;WZ08-H;Verkehr und Lagerei;2303;1000;ERW005;Arbeitnehmer
81000;Volkswirtschaftliche Gesamtrechnungen des Bundes;JAHR;Jahr;2025;DINSG;Deutschland insgesamt;DG;Deutschland;WZ08G3;WZ2008: Wirtschaftsbereiche der VGR;WZ08-52;Lagerei, sonstige Dienstleistungen für den Verkehr;...;1000;ERW005;Arbeitnehmer
81000;Volkswirtschaftliche Gesamtrechnungen des Bundes;JAHR;Jahr;2025;DINSG;Deutschland insgesamt;DG;Deutschland;WZ08G3;WZ2008: Wirtschaftsbereiche der VGR;WZ08-G-04;Dienstleistungsbereiche;31971;1000;ERW005;Arbeitnehmer
81000;Volkswirtschaftliche Gesamtrechnungen des Bundes;JAHR;Jahr;2021;DINSG;Deutschland insgesamt;DG;Deutschland;WZ08G3;WZ2008: Wirtschaftsbereiche der VGR;WZ08-43;Vorb.Baustellenarbeiten, Bauinstall., sonst.Ausbau;1584;1000;ERW005;Arbeitnehmer
81000;Volkswirtschaftliche Gesamtrechnungen des Bundes;JAHR;Jahr;2021;DINSG;Deutschland insgesamt;DG;Deutschland;WZ08G3;WZ2008: Wirtschaftsbereiche der VGR;WZ08-20;Herstellung von chemischen Erzeugnissen;361;1000;ERW005;Arbeitnehmer
81000;Volkswirtschaftliche Gesamtrechnungen des Bundes;JAHR;Jahr;2021;DINSG;Deutschland insgesamt;DG;Deutschland;WZ08G3;WZ2008: Wirtschaftsbereiche der VGR;WZ08-66;Mit Finanz- u. Versicherungsdienstl. verb. Tätigk.;224;1000;ERW005;Arbeitnehmer
81000;Volkswirtschaftliche Gesamtrechnungen des Bundes;JAHR;Jahr;2025;DINSG;Deutschland insgesamt;DG;Deutschland;WZ08G3;WZ2008: Wirtschaftsbereiche der VGR;WZ08-A;Land- und Forstwirtschaft, Fischerei;358;1000;ERW005;Arbeitnehmer
81000;Volkswirtschaftliche Gesamtrechnungen des Bundes;JAHR;Jahr;2025;DINSG;Deutschland insgesamt;DG;Deutschland;WZ08G3;WZ2008: Wirtschaftsbereiche der VGR;WZ08-62-01;IT- und Informationsdienstleister;...;1000;ERW005;Arbeitnehmer
81000;Volkswirtschaftliche Gesamtrechnungen des Bundes;JAHR;Jahr;2023;DINSG;Deutschland insgesamt;DG;Deutschland;WZ08G3;WZ2008: Wirtschaftsbereiche der VGR;WZ08-21;Herstellung von pharmazeutischen Erzeugnissen;145;1000;ERW005;Arbeitnehmer
81000;Volkswirtschaftliche Gesamtrechnungen des Bundes;JAHR;Jahr;2022;DINSG;Deutschland insgesamt;DG;Deutschland;WZ08G3;WZ2008: Wirtschaftsbereiche der VGR;WZ08-51;Luftfahrt;62;1000;ERW005;Arbeitnehmer
81000;Volkswirtschaftliche Gesamtrechnungen des Bundes;JAHR;Jahr;2021;DINSG;Deutschland insgesamt;DG;Deutschland;WZ08G3;WZ2008: Wirtschaftsbereiche der VGR;WZ08-S;Erbringung von sonstigen Dienstleistungen;1158;1000;ERW005;Arbeitnehmer
81000;Volkswirtschaftliche Gesamtrechnungen des Bundes;JAHR;Jahr;2022;DINSG;Deutschland insgesamt;DG;Deutschland;WZ08G3;WZ2008: Wirtschaftsbereiche der VGR;WZ08-R-02;Sonstige Dienstleister;2585;1000;ERW005;Arbeitnehmer
81000;Volkswirtschaftliche Gesamtrechnungen des Bundes;JAHR;Jahr;2024;DINSG;Deutschland insgesamt;DG;Deutschland;WZ08G3;WZ2008: Wirtschaftsbereiche der VGR;WZ08-52;Lagerei, sonstige Dienstleistungen für den Verkehr;787;1000;ERW005;Arbeitnehmer
81000;Volkswirtschaftliche Gesamtrechnungen des Bundes;JAHR;Jahr;2022;DINSG;Deutschland insgesamt;DG;Deutschland;WZ08G3;WZ2008: Wirtschaftsbereiche der VGR;WZ08-B;Bergbau und Gewinnung von Steinen und Erden;40;1000;ERW005;Arbeitnehmer
81000;Volkswirtschaftliche Gesamtrechnungen des Bundes;JAHR;Jahr;2021;DINSG;Deutschland insgesamt;DG;Deutschland;WZ08G3;WZ2008: Wirtschaftsbereiche der VGR;WZ08-10-01;Ernährungsgewerbe und Tabakverarbeitung;897;1000;ERW005;Arbeitnehmer
81000;Volkswirtschaftliche Gesamtrechnungen des Bundes;JAHR;Jahr;2022;DINSG;Deutschland insgesamt;DG;Deutschland;WZ08G3;WZ2008: Wirtschaftsbereiche der VGR;WZ08-22-01;H.v. Gummi-, Kunststoff-, Glaswaren, Keramik u.Ä.;654;1000;ERW005;Arbeitnehmer
81000;Volkswirtschaftliche Gesamtrechnungen des Bundes;JAHR;Jahr;2025;DINSG;Deutschland insgesamt;DG;Deutschland;WZ08G3;WZ2008: Wirtschaftsbereiche der VGR;WZ08-58-01;Verlagswesen, audiovisuelle Medien und Rundfunk;...;1000;ERW005;Arbeitnehmer
81000;Volkswirtschaftliche Gesamtrechnungen des Bundes;JAHR;Jahr;2025;DINSG;Deutschland insgesamt;DG;Deutschland;WZ08G3;WZ2008: Wirtschaftsbereiche der VGR;WZ08-86;Gesundheitswesen;...;1000;ERW005;Arbeitnehmer
81000;Volkswirtschaftliche Gesamtrechnungen des Bundes;JAHR;Jahr;2025;DINSG;Deutschland insgesamt;DG;Deutschland;WZ08G3;WZ2008: Wirtschaftsbereiche der VGR;WZ08-69-02;Rechts- und Steuerberatung, Unternehmensberatung;...;1000;ERW005;Arbeitnehmer
81000;Volkswirtschaftliche Gesamtrechnungen des Bundes;JAHR;Jahr;2021;DINSG;Deutschland insgesamt;DG;Deutschland;WZ08G3;WZ2008: Wirtschaftsbereiche der VGR;WZ08-B;Bergbau und Gewinnung von Steinen und Erden;40;1000;ERW005;Arbeitnehmer
81000;Volkswirtschaftliche Gesamtrechnungen des Bundes;JAHR;Jahr;2025;DINSG;Deutschland insgesamt;DG;Deutschland;WZ08G3;WZ2008: Wirtschaftsbereiche der VGR;WZ08-16-01;H.v. Holzwaren, Papier und Druckerzeugnissen;...;1000;ERW005;Arbeitnehmer
81000;Volkswirtschaftliche Gesamtrechnungen des Bundes;JAHR;Jahr;2024;DINSG;Deutschland insgesamt;DG;Deutschland;WZ08G3;WZ2008: Wirtschaftsbereiche der VGR;WZ08-I;Gastgewerbe;1655;1000;ERW005;Arbeitnehmer
81000;Volkswirtschaftliche Gesamtrechnungen des Bundes;JAHR;Jahr;2021;DINSG;Deutschland insgesamt;DG;Deutschland;WZ08G3;WZ2008: Wirtschaftsbereiche der VGR;WZ08-78;Vermittlung und Überlassung von Arbeitskräften;828;1000;ERW005;Arbeitnehmer
81000;Volkswirtschaftliche Gesamtrechnungen des Bundes;JAHR;Jahr;2022;DINSG;Deutschland insgesamt;DG;Deutschland;WZ08G3;WZ2008: Wirtschaftsbereiche der VGR;WZ08-S;Erbringung von sonstigen Dienstleistungen;1157;1000;ERW005;Arbeitnehmer
81000;Volkswirtschaftliche Gesamtrechnungen des Bundes;JAHR;Jahr;2023;DINSG;Deutschland insgesamt;DG;Deutschland;WZ08G3;WZ2008: Wirtschaftsbereiche der VGR;WZ08-79;Reisebüros, -veranstalter u. sonst. Reservierungen;71;1000;ERW005;Arbeitnehmer
81000;Volkswirtschaftliche Gesamtrechnungen des Bundes;JAHR;Jahr;2022;DINSG;Deutschland insgesamt;DG;Deutschland;WZ08G3;WZ2008: Wirtschaftsbereiche der VGR;WZ08-86;Gesundheitswesen;3064;1000;ERW005;Arbeitnehmer
81000;Volkswirtschaftliche Gesamtrechnungen des Bundes;JAHR;Jahr;2024;DINSG;Deutschland insgesamt;DG;Deutschland;WZ08G3;WZ2008: Wirtschaftsbereiche der VGR;WZ08-64;Erbringung von Finanzdienstleistungen;561;1000;ERW005;Arbeitnehmer
81000;Volkswirtschaftliche Gesamtrechnungen des Bundes;JAHR;Jahr;2024;DINSG;Deutschland insgesamt;DG;Deutschland;WZ08G3;WZ2008: Wirtschaftsbereiche der VGR;WZ08-41;Hochbau;284;1000;ERW005;Arbeitnehmer
81000;Volkswirtschaftliche Gesamtrechnungen des Bundes;JAHR;Jahr;2021;DINSG;Deutschland insgesamt;DG;Deutschland;WZ08G3;WZ2008: Wirtschaftsbereiche der VGR;WZ08-O-03;Öffentliche Dienstleister, Erziehung, Gesundheit;11075;1000;ERW005;Arbeitnehmer
81000;Volkswirtschaftliche Gesamtrechnungen des Bundes;JAHR;Jahr;2025;DINSG;Deutschland insgesamt;DG;Deutschland;WZ08G3;WZ2008: Wirtschaftsbereiche der VGR;WZ08-R;Kunst, Unterhaltung und Erholung;550;1000;ERW005;Arbeitnehmer
81000;Volkswirtschaftliche Gesamtrechnungen des Bundes;JAHR;Jahr;2023;DINSG;Deutschland insgesamt;DG;Deutschland;WZ08G3;WZ2008: Wirtschaftsbereiche der VGR;WZ08-33;Reparatur u.Installation von Masch.u.Ausrüstungen;244;1000;ERW005;Arbeitnehmer
81000;Volkswirtschaftliche Gesamtrechnungen des Bundes;JAHR;Jahr;2023;DINSG;Deutschland insgesamt;DG;Deutschland;WZ08G3;WZ2008: Wirtschaftsbereiche der VGR;WZ08-I;Gastgewerbe;1619;1000;ERW005;Arbeitnehmer
81000;Volkswirtschaftliche Gesamtrechnungen des Bundes;JAHR;Jahr;2025;DINSG;Deutschland insgesamt;DG;Deutschland;WZ08G3;WZ2008: Wirtschaftsbereiche der VGR;WZ08-51;Luftfahrt;...;1000;ERW005;Arbeitnehmer
81000;Volkswirtschaftliche Gesamtrechnungen des Bundes;JAHR;Jahr;2021;DINSG;Deutschland insgesamt;DG;Deutschland;WZ08G3;WZ2008: Wirtschaftsbereiche der VGR;WZ08-21;Herstellung von pharmazeutischen Erzeugnissen;142;1000;ERW005;Arbeitnehmer
81000;Volkswirtschaftliche Gesamtrechnungen des Bundes;JAHR;Jahr;2022;DINSG;Deutschland insgesamt;DG;Deutschland;WZ08G3;WZ2008: Wirtschaftsbereiche der VGR;WZ08-90-01;Kunst und Kultur, Glücksspiel;262;1000;ERW005;Arbeitnehmer
81000;Volkswirtschaftliche Gesamtrechnungen des Bundes;JAHR;Jahr;2021;DINSG;Deutschland insgesamt;DG;Deutschland;WZ08G3;WZ2008: Wirtschaftsbereiche der VGR;WZ08-37-01;Abwasser-, Abfallentsorgung, Rückgewinnung;253;1000;ERW005;Arbeitnehmer
81000;Volkswirtschaftliche Gesamtrechnungen des Bundes;JAHR;Jahr;2025;DINSG;Deutschland insgesamt;DG;Deutschland;WZ08G3;WZ2008: Wirtschaftsbereiche der VGR;WZ08-B;Bergbau und Gewinnung von Steinen und Erden;36;1000;ERW005;Arbeitnehmer
81000;Volkswirtschaftliche Gesamtrechnungen des Bundes;JAHR;Jahr;2025;DINSG;Deutschland insgesamt;DG;Deutschland;WZ08G3;WZ2008: Wirtschaftsbereiche der VGR;WZ08-B-18;Produzierendes Gewerbe ohne Baugewerbe;7715;1000;ERW005;Arbeitnehmer
81000;Volkswirtschaftliche Gesamtrechnungen des Bundes;JAHR;Jahr;2021;DINSG;Deutschland insgesamt;DG;Deutschland;WZ08G3;WZ2008: Wirtschaftsbereiche der VGR;WZ08-R;Kunst, Unterhaltung und Erholung;491;1000;ERW005;Arbeitnehmer
81000;Volkswirtschaftliche Gesamtrechnungen des Bundes;JAHR;Jahr;2022;DINSG;Deutschland insgesamt;DG;Deutschland;WZ08G3;WZ2008: Wirtschaftsbereiche der VGR;WZ08-52;Lagerei, sonstige Dienstleistungen für den Verkehr;781;1000;ERW005;Arbeitnehmer
81000;Volkswirtschaftliche Gesamtrechnungen des Bundes;JAHR;Jahr;2024;DINSG;Deutschland insgesamt;DG;Deutschland;WZ08G3;WZ2008: Wirtschaftsbereiche der VGR;WZ08-53;Post-, Kurier- und Expressdienste;521;1000;ERW005;Arbeitnehmer
81000;Volkswirtschaftliche Gesamtrechnungen des Bundes;JAHR;Jahr;2024;DINSG;Deutschland insgesamt;DG;Deutschland;WZ08G3;WZ2008: Wirtschaftsbereiche der VGR;WZ08-30;Sonstiger Fahrzeugbau;154;1000;ERW005;Arbeitnehmer
81000;Volkswirtschaftliche Gesamtrechnungen des Bundes;JAHR;Jahr;2022;DINSG;Deutschland insgesamt;DG;Deutschland;WZ08G3;WZ2008: Wirtschaftsbereiche der VGR;WZ08-A;Land- und Forstwirtschaft, Fischerei;360;1000;ERW005;Arbeitnehmer
81000;Volkswirtschaftliche Gesamtrechnungen des Bundes;JAHR;Jahr;2023;DINSG;Deutschland insgesamt;DG;Deutschland;WZ08G3;WZ2008: Wirtschaftsbereiche der VGR;WZ08-45;Kfz-Handel, Instandhaltung und Reparatur von Kfz;736;1000;ERW005;Arbeitnehmer
81000;Volkswirtschaftliche Gesamtrechnungen des Bundes;JAHR;Jahr;2023;DINSG;Deutschland insgesamt;DG;Deutschland;WZ08G3;WZ2008: Wirtschaftsbereiche der VGR;WZ08-22;Herstellung von Gummi- und Kunststoffwaren;415;1000;ERW005;Arbeitnehmer
81000;Volkswirtschaftliche Gesamtrechnungen des Bundes;JAHR;Jahr;2021;DINSG;Deutschland insgesamt;DG;Deutschland;WZ08G3;WZ2008: Wirtschaftsbereiche der VGR;WZ08-79;Reisebüros, -veranstalter u. sonst. Reservierungen;71;1000;ERW005;Arbeitnehmer
81000;Volkswirtschaftliche Gesamtrechnungen des Bundes;JAHR;Jahr;2021;DINSG;Deutschland insgesamt;DG;Deutschland;WZ08G3;WZ2008: Wirtschaftsbereiche der VGR;WZ08-33;Reparatur u.Installation von Masch.u.Ausrüstungen;239;1000;ERW005;Arbeitnehmer
81000;Volkswirtschaftliche Gesamtrechnungen des Bundes;JAHR;Jahr;2025;DINSG;Deutschland insgesamt;DG;Deutschland;WZ08G3;WZ2008: Wirtschaftsbereiche der VGR;WZ08-69-01;Unternehmensnahe Beratungsleistungen;...;1000;ERW005;Arbeitnehmer
81000;Volkswirtschaftliche Gesamtrechnungen des Bundes;JAHR;Jahr;2024;DINSG;Deutschland insgesamt;DG;Deutschland;WZ08G3;WZ2008: Wirtschaftsbereiche der VGR;WZ08-J;Information und Kommunikation;1449;1000;ERW005;Arbeitnehmer
81000;Volkswirtschaftliche Gesamtrechnungen des Bundes;JAHR;Jahr;2024;DINSG;Deutschland insgesamt;DG;Deutschland;WZ08G3;WZ2008: Wirtschaftsbereiche der VGR;WZ08-A-02;Alle Wirtschaftsbereiche;42220;1000;ERW005;Arbeitnehmer
81000;Volkswirtschaftliche Gesamtrechnungen des Bundes;JAHR;Jahr;2023;DINSG;Deutschland insgesamt;DG;Deutschland;WZ08G3;WZ2008: Wirtschaftsbereiche der VGR;WZ08-73-01;Sonst.freiberufl., wissenschaftl., techn. Dienstl.;340;1000;ERW005;Arbeitnehmer
81000;Volkswirtschaftliche Gesamtrechnungen des Bundes;JAHR;Jahr;2021;DINSG;Deutschland insgesamt;DG;Deutschland;WZ08G3;WZ2008: Wirtschaftsbereiche der VGR;WZ08-Q;Gesundheits- und Sozialwesen;5828;1000;ERW005;Arbeitnehmer
81000;Volkswirtschaftliche Gesamtrechnungen des Bundes;JAHR;Jahr;2022;DINSG;Deutschland insgesamt;DG;Deutschland;WZ08G3;WZ2008: Wirtschaftsbereiche der VGR;WZ08-R;Kunst, Unterhaltung und Erholung;518;1000;ERW005;Arbeitnehmer
81000;Volkswirtschaftliche Gesamtrechnungen des Bundes;JAHR;Jahr;2022;DINSG;Deutschland insgesamt;DG;Deutschland;WZ08G3;WZ2008: Wirtschaftsbereiche der VGR;WZ08-64;Erbringung von Finanzdienstleistungen;560;1000;ERW005;Arbeitnehmer
81000;Volkswirtschaftliche Gesamtrechnungen des Bundes;JAHR;Jahr;2022;DINSG;Deutschland insgesamt;DG;Deutschland;WZ08G3;WZ2008: Wirtschaftsbereiche der VGR;WZ08-41;Hochbau;311;1000;ERW005;Arbeitnehmer
81000;Volkswirtschaftliche Gesamtrechnungen des Bundes;JAHR;Jahr;2024;DINSG;Deutschland insgesamt;DG;Deutschland;WZ08G3;WZ2008: Wirtschaftsbereiche der VGR;WZ08-42;Tiefbau;286;1000;ERW005;Arbeitnehmer
81000;Volkswirtschaftliche Gesamtrechnungen des Bundes;JAHR;Jahr;2024;DINSG;Deutschland insgesamt;DG;Deutschland;WZ08G3;WZ2008: Wirtschaftsbereiche der VGR;WZ08-65;Versicherungen, Rückversicherungen, Pensionskassen;172;1000;ERW005;Arbeitnehmer
81000;Volkswirtschaftliche Gesamtrechnungen des Bundes;JAHR;Jahr;2021;DINSG;Deutschland insgesamt;DG;Deutschland;WZ08G3;WZ2008: Wirtschaftsbereiche der VGR;WZ08-A;Land- und Forstwirtschaft, Fischerei;358;1000;ERW005;Arbeitnehmer
81000;Volkswirtschaftliche Gesamtrechnungen des Bundes;JAHR;Jahr;2023;DINSG;Deutschland insgesamt;DG;Deutschland;WZ08G3;WZ2008: Wirtschaftsbereiche der VGR;WZ08-J;Information und Kommunikation;1442;1000;ERW005;Arbeitnehmer
81000;Volkswirtschaftliche Gesamtrechnungen des Bundes;JAHR;Jahr;2025;DINSG;Deutschland insgesamt;DG;Deutschland;WZ08G3;WZ2008: Wirtschaftsbereiche der VGR;WZ08-S;Erbringung von sonstigen Dienstleistungen;1186;1000;ERW005;Arbeitnehmer
81000;Volkswirtschaftliche Gesamtrechnungen des Bundes;JAHR;Jahr;2023;DINSG;Deutschland insgesamt;DG;Deutschland;WZ08G3;WZ2008: Wirtschaftsbereiche der VGR;WZ08-T;Private Haushalte;904;1000;ERW005;Arbeitnehmer
81000;Volkswirtschaftliche Gesamtrechnungen des Bundes;JAHR;Jahr;2023;DINSG;Deutschland insgesamt;DG;Deutschland;WZ08G3;WZ2008: Wirtschaftsbereiche der VGR;WZ08-69-02;Rechts- und Steuerberatung, Unternehmensberatung;1278;1000;ERW005;Arbeitnehmer
81000;Volkswirtschaftliche Gesamtrechnungen des Bundes;JAHR;Jahr;2025;DINSG;Deutschland insgesamt;DG;Deutschland;WZ08G3;WZ2008: Wirtschaftsbereiche der VGR;WZ08-58;Verlagswesen;...;1000;ERW005;Arbeitnehmer
81000;Volkswirtschaftliche Gesamtrechnungen des Bundes;JAHR;Jahr;2025;DINSG;Deutschland insgesamt;DG;Deutschland;WZ08G3;WZ2008: Wirtschaftsbereiche der VGR;WZ08-C;Verarbeitendes Gewerbe;7056;1000;ERW005;Arbeitnehmer
81000;Volkswirtschaftliche Gesamtrechnungen des Bundes;JAHR;Jahr;2022;DINSG;Deutschland insgesamt;DG;Deutschland;WZ08G3;WZ2008: Wirtschaftsbereiche der VGR;WZ08-P;Erziehung und Unterricht;2500;1000;ERW005;Arbeitnehmer
81000;Volkswirtschaftliche Gesamtrechnungen des Bundes;JAHR;Jahr;2024;DINSG;Deutschland insgesamt;DG;Deutschland;WZ08G3;WZ2008: Wirtschaftsbereiche der VGR;WZ08-73-01;Sonst.freiberufl., wissenschaftl., techn. Dienstl.;338;1000;ERW005;Arbeitnehmer
81000;Volkswirtschaftliche Gesamtrechnungen des Bundes;JAHR;Jahr;2024;DINSG;Deutschland insgesamt;DG;Deutschland;WZ08G3;WZ2008: Wirtschaftsbereiche der VGR;WZ08-96;Sonstige überwiegend persönliche Dienstleistungen;431;1000;ERW005;Arbeitnehmer
81000;Volkswirtschaftliche Gesamtrechnungen des Bundes;JAHR;Jahr;2023;DINSG;Deutschland insgesamt;DG;Deutschland;WZ08G3;WZ2008: Wirtschaftsbereiche der VGR;WZ08-46;Großhandel (ohne Handel mit Kraftfahrzeugen);1778;1000;ERW005;Arbeitnehmer
81000;Volkswirtschaftliche Gesamtrechnungen des Bundes;JAHR;Jahr;2024;DINSG;Deutschland insgesamt;DG;Deutschland;WZ08G3;WZ2008: Wirtschaftsbereiche der VGR;WZ08-73;Werbung und Marktforschung;177;1000;ERW005;Arbeitnehmer
81000;Volkswirtschaftliche Gesamtrechnungen des Bundes;JAHR;Jahr;2024;DINSG;Deutschland insgesamt;DG;Deutschland;WZ08G3;WZ2008: Wirtschaftsbereiche der VGR;WZ08-P;Erziehung und Unterricht;2585;1000;ERW005;Arbeitnehmer
81000;Volkswirtschaftliche Gesamtrechnungen des Bundes;JAHR;Jahr;2024;DINSG;Deutschland insgesamt;DG;Deutschland;WZ08G3;WZ2008: Wirtschaftsbereiche der VGR;WZ08-50;Schifffahrt;21;1000;ERW005;Arbeitnehmer
81000;Volkswirtschaftliche Gesamtrechnungen des Bundes;JAHR;Jahr;2023;DINSG;Deutschland insgesamt;DG;Deutschland;WZ08G3;WZ2008: Wirtschaftsbereiche der VGR;WZ08-23;H.v.Glas,-waren,Keramik,Verarb. v.Steinen u.Erden;229;1000;ERW005;Arbeitnehmer
81000;Volkswirtschaftliche Gesamtrechnungen des Bundes;JAHR;Jahr;2025;DINSG;Deutschland insgesamt;DG;Deutschland;WZ08G3;WZ2008: Wirtschaftsbereiche der VGR;WZ08-23;H.v.Glas,-waren,Keramik,Verarb. v.Steinen u.Erden;...;1000;ERW005;Arbeitnehmer
81000;Volkswirtschaftliche Gesamtrechnungen des Bundes;JAHR;Jahr;2021;DINSG;Deutschland insgesamt;DG;Deutschland;WZ08G3;WZ2008: Wirtschaftsbereiche der VGR;WZ08-D;Energieversorgung;272;1000;ERW005;Arbeitnehmer
81000;Volkswirtschaftliche Gesamtrechnungen des Bundes;JAHR;Jahr;2021;DINSG;Deutschland insgesamt;DG;Deutschland;WZ08G3;WZ2008: Wirtschaftsbereiche der VGR;WZ08-95;Reparatur von DV-Geräten und Gebrauchsgütern;32;1000;ERW005;Arbeitnehmer
81000;Volkswirtschaftliche Gesamtrechnungen des Bundes;JAHR;Jahr;2021;DINSG;Deutschland insgesamt;DG;Deutschland;WZ08G3;WZ2008: Wirtschaftsbereiche der VGR;WZ08-72;Forschung und Entwicklung;237;1000;ERW005;Arbeitnehmer
81000;Volkswirtschaftliche Gesamtrechnungen des Bundes;JAHR;Jahr;2025;DINSG;Deutschland insgesamt;DG;Deutschland;WZ08G3;WZ2008: Wirtschaftsbereiche der VGR;WZ08-46;Großhandel (ohne Handel mit Kraftfahrzeugen);...;1000;ERW005;Arbeitnehmer
81000;Volkswirtschaftliche Gesamtrechnungen des Bundes;JAHR;Jahr;2022;DINSG;Deutschland insgesamt;DG;Deutschland;WZ08G3;WZ2008: Wirtschaftsbereiche der VGR;WZ08-Q;Gesundheits- und Sozialwesen;5910;1000;ERW005;Arbeitnehmer
81000;Volkswirtschaftliche Gesamtrechnungen des Bundes;JAHR;Jahr;2024;DINSG;Deutschland insgesamt;DG;Deutschland;WZ08G3;WZ2008: Wirtschaftsbereiche der VGR;WZ08-37-01;Abwasser-, Abfallentsorgung, Rückgewinnung;267;1000;ERW005;Arbeitnehmer
81000;Volkswirtschaftliche Gesamtrechnungen des Bundes;JAHR;Jahr;2023;DINSG;Deutschland insgesamt;DG;Deutschland;WZ08G3;WZ2008: Wirtschaftsbereiche der VGR;WZ08-C;Verarbeitendes Gewerbe;7277;1000;ERW005;Arbeitnehmer
81000;Volkswirtschaftliche Gesamtrechnungen des Bundes;JAHR;Jahr;2022;DINSG;Deutschland insgesamt;DG;Deutschland;WZ08G3;WZ2008: Wirtschaftsbereiche der VGR;WZ08-13-01;Textil- und Bekleidungsgewerbe;119;1000;ERW005;Arbeitnehmer
81000;Volkswirtschaftliche Gesamtrechnungen des Bundes;JAHR;Jahr;2021;DINSG;Deutschland insgesamt;DG;Deutschland;WZ08G3;WZ2008: Wirtschaftsbereiche der VGR;WZ08-19;Kokerei und Mineralölverarbeitung;20;1000;ERW005;Arbeitnehmer
81000;Volkswirtschaftliche Gesamtrechnungen des Bundes;JAHR;Jahr;2022;DINSG;Deutschland insgesamt;DG;Deutschland;WZ08G3;WZ2008: Wirtschaftsbereiche der VGR;WZ08-46;Großhandel (ohne Handel mit Kraftfahrzeugen);1781;1000;ERW005;Arbeitnehmer
81000;Volkswirtschaftliche Gesamtrechnungen des Bundes;JAHR;Jahr;2022;DINSG;Deutschland insgesamt;DG;Deutschland;WZ08G3;WZ2008: Wirtschaftsbereiche der VGR;WZ08-23;H.v.Glas,-waren,Keramik,Verarb. v.Steinen u.Erden;231;1000;ERW005;Arbeitnehmer
81000;Volkswirtschaftliche Gesamtrechnungen des Bundes;JAHR;Jahr;2023;DINSG;Deutschland insgesamt;DG;Deutschland;WZ08G3;WZ2008: Wirtschaftsbereiche der VGR;WZ08-58;Verlagswesen;137;1000;ERW005;Arbeitnehmer
81000;Volkswirtschaftliche Gesamtrechnungen des Bundes;JAHR;Jahr;2025;DINSG;Deutschland insgesamt;DG;Deutschland;WZ08G3;WZ2008: Wirtschaftsbereiche der VGR;WZ08-T;Private Haushalte;875;1000;ERW005;Arbeitnehmer
81000;Volkswirtschaftliche Gesamtrechnungen des Bundes;JAHR;Jahr;2021;DINSG;Deutschland insgesamt;DG;Deutschland;WZ08G3;WZ2008: Wirtschaftsbereiche der VGR;WZ08-31-01;Möbelherstellung, Installation von Maschinen;617;1000;ERW005;Arbeitnehmer
81000;Volkswirtschaftliche Gesamtrechnungen des Bundes;JAHR;Jahr;2023;DINSG;Deutschland insgesamt;DG;Deutschland;WZ08G3;WZ2008: Wirtschaftsbereiche der VGR;WZ08-69-01;Unternehmensnahe Beratungsleistungen;1963;1000;ERW005;Arbeitnehmer
81000;Volkswirtschaftliche Gesamtrechnungen des Bundes;JAHR;Jahr;2023;DINSG;Deutschland insgesamt;DG;Deutschland;WZ08G3;WZ2008: Wirtschaftsbereiche der VGR;WZ08-24-01;Metallgewerbe;1069;1000;ERW005;Arbeitnehmer
81000;Volkswirtschaftliche Gesamtrechnungen des Bundes;JAHR;Jahr;2021;DINSG;Deutschland insgesamt;DG;Deutschland;WZ08G3;WZ2008: Wirtschaftsbereiche der VGR;WZ08-61;Telekommunikation;106;1000;ERW005;Arbeitnehmer
81000;Volkswirtschaftliche Gesamtrechnungen des Bundes;JAHR;Jahr;2024;DINSG;Deutschland insgesamt;DG;Deutschland;WZ08G3;WZ2008: Wirtschaftsbereiche der VGR;WZ08-58-01;Verlagswesen, audiovisuelle Medien und Rundfunk;251;1000;ERW005;Arbeitnehmer
81000;Volkswirtschaftliche Gesamtrechnungen des Bundes;JAHR;Jahr;2025;DINSG;Deutschland insgesamt;DG;Deutschland;WZ08G3;WZ2008: Wirtschaftsbereiche der VGR;WZ08-D;Energieversorgung;315;1000;ERW005;Arbeitnehmer
81000;Volkswirtschaftliche Gesamtrechnungen des Bundes;JAHR;Jahr;2022;DINSG;Deutschland insgesamt;DG;Deutschland;WZ08G3;WZ2008: Wirtschaftsbereiche der VGR;WZ08-O;Öff. Verwaltung, Verteidigung, Sozialversicherung;2854;1000;ERW005;Arbeitnehmer
81000;Volkswirtschaftliche Gesamtrechnungen des Bundes;JAHR;Jahr;2021;DINSG;Deutschland insgesamt;DG;Deutschland;WZ08G3;WZ2008: Wirtschaftsbereiche der VGR;WZ08-T;Private Haushalte;926;1000;ERW005;Arbeitnehmer
81000;Volkswirtschaftliche Gesamtrechnungen des Bundes;JAHR;Jahr;2024;DINSG;Deutschland insgesamt;DG;Deutschland;WZ08G3;WZ2008: Wirtschaftsbereiche der VGR;WZ08-031;Fischerei;3;1000;ERW005;Arbeitnehmer
81000;Volkswirtschaftliche Gesamtrechnungen des Bundes;JAHR;Jahr;2021;DINSG;Deutschland insgesamt;DG;Deutschland;WZ08G3;WZ2008: Wirtschaftsbereiche der VGR;WZ08-G-01;Handel, Verkehr, Gastgewerbe;9089;1000;ERW005;Arbeitnehmer
81000;Volkswirtschaftliche Gesamtrechnungen des Bundes;JAHR;Jahr;2025;DINSG;Deutschland insgesamt;DG;Deutschland;WZ08G3;WZ2008: Wirtschaftsbereiche der VGR;WZ08-74-01;Freiberufl.,wiss.,techn.DL a.n.g., Veterinärwesen;...;1000;ERW005;Arbeitnehmer
81000;Volkswirtschaftliche Gesamtrechnungen des Bundes;JAHR;Jahr;2023;DINSG;Deutschland insgesamt;DG;Deutschland;WZ08G3;WZ2008: Wirtschaftsbereiche der VGR;WZ08-47;Einzelhandel (ohne Handel mit Kraftfahrzeugen);2884;1000;ERW005;Arbeitnehmer
81000;Volkswirtschaftliche Gesamtrechnungen des Bundes;JAHR;Jahr;2023;DINSG;Deutschland insgesamt;DG;Deutschland;WZ08G3;WZ2008: Wirtschaftsbereiche der VGR;WZ08-24;Metallerzeugung und -bearbeitung;247;1000;ERW005;Arbeitnehmer
81000;Volkswirtschaftliche Gesamtrechnungen des Bundes;JAHR;Jahr;2023;DINSG;Deutschland insgesamt;DG;Deutschland;WZ08G3;WZ2008: Wirtschaftsbereiche der VGR;WZ08-01;Landwirtschaft, Jagd und verbundene Tätigkeiten;317;1000;ERW005;Arbeitnehmer
81000;Volkswirtschaftliche Gesamtrechnungen des Bundes;JAHR;Jahr;2022;DINSG;Deutschland insgesamt;DG;Deutschland;WZ08G3;WZ2008: Wirtschaftsbereiche der VGR;WZ08-58;Verlagswesen;141;1000;ERW005;Arbeitnehmer
81000;Volkswirtschaftliche Gesamtrechnungen des Bundes;JAHR;Jahr;2024;DINSG;Deutschland insgesamt;DG;Deutschland;WZ08G3;WZ2008: Wirtschaftsbereiche der VGR;WZ08-Q;Gesundheits- und Sozialwesen;6032;1000;ERW005;Arbeitnehmer
81000;Volkswirtschaftliche Gesamtrechnungen des Bundes;JAHR;Jahr;2024;DINSG;Deutschland insgesamt;DG;Deutschland;WZ08G3;WZ2008: Wirtschaftsbereiche der VGR;WZ08-51;Luftfahrt;67;1000;ERW005;Arbeitnehmer
81000;Volkswirtschaftliche Gesamtrechnungen des Bundes;JAHR;Jahr;2021;DINSG;Deutschland insgesamt;DG;Deutschland;WZ08G3;WZ2008: Wirtschaftsbereiche der VGR;WZ08-B-18;Produzierendes Gewerbe ohne Baugewerbe;7835;1000;ERW005;Arbeitnehmer
81000;Volkswirtschaftliche Gesamtrechnungen des Bundes;JAHR;Jahr;2025;DINSG;Deutschland insgesamt;DG;Deutschland;WZ08G3;WZ2008: Wirtschaftsbereiche der VGR;WZ08-45;Kfz-Handel, Instandhaltung und Reparatur von Kfz;...;1000;ERW005;Arbeitnehmer
81000;Volkswirtschaftliche Gesamtrechnungen des Bundes;JAHR;Jahr;2021;DINSG;Deutschland insgesamt;DG;Deutschland;WZ08G3;WZ2008: Wirtschaftsbereiche der VGR;WZ08-C;Verarbeitendes Gewerbe;7237;1000;ERW005;Arbeitnehmer
81000;Volkswirtschaftliche Gesamtrechnungen des Bundes;JAHR;Jahr;2022;DINSG;Deutschland insgesamt;DG;Deutschland;WZ08G3;WZ2008: Wirtschaftsbereiche der VGR;WZ08-01;Landwirtschaft, Jagd und verbundene Tätigkeiten;323;1000;ERW005;Arbeitnehmer
81000;Volkswirtschaftliche Gesamtrechnungen des Bundes;JAHR;Jahr;2025;DINSG;Deutschland insgesamt;DG;Deutschland;WZ08G3;WZ2008: Wirtschaftsbereiche der VGR;WZ08-22;Herstellung von Gummi- und Kunststoffwaren;...;1000;ERW005;Arbeitnehmer
81000;Volkswirtschaftliche Gesamtrechnungen des Bundes;JAHR;Jahr;2021;DINSG;Deutschland insgesamt;DG;Deutschland;WZ08G3;WZ2008: Wirtschaftsbereiche der VGR;WZ08-96;Sonstige überwiegend persönliche Dienstleistungen;423;1000;ERW005;Arbeitnehmer
81000;Volkswirtschaftliche Gesamtrechnungen des Bundes;JAHR;Jahr;2021;DINSG;Deutschland insgesamt;DG;Deutschland;WZ08G3;WZ2008: Wirtschaftsbereiche der VGR;WZ08-50;Schifffahrt;20;1000;ERW005;Arbeitnehmer
81000;Volkswirtschaftliche Gesamtrechnungen des Bundes;JAHR;Jahr;2023;DINSG;Deutschland insgesamt;DG;Deutschland;WZ08G3;WZ2008: Wirtschaftsbereiche der VGR;WZ08-62-01;IT- und Informationsdienstleister;1077;1000;ERW005;Arbeitnehmer
81000;Volkswirtschaftliche Gesamtrechnungen des Bundes;JAHR;Jahr;2021;DINSG;Deutschland insgesamt;DG;Deutschland;WZ08G3;WZ2008: Wirtschaftsbereiche der VGR;WZ08-73;Werbung und Marktforschung;186;1000;ERW005;Arbeitnehmer
81000;Volkswirtschaftliche Gesamtrechnungen des Bundes;JAHR;Jahr;2023;DINSG;Deutschland insgesamt;DG;Deutschland;WZ08G3;WZ2008: Wirtschaftsbereiche der VGR;WZ08-59-01;Audiovisuelle Medien und Rundfunk;122;1000;ERW005;Arbeitnehmer
81000;Volkswirtschaftliche Gesamtrechnungen des Bundes;JAHR;Jahr;2023;DINSG;Deutschland insgesamt;DG;Deutschland;WZ08G3;WZ2008: Wirtschaftsbereiche der VGR;WZ08-D;Energieversorgung;287;1000;ERW005;Arbeitnehmer
81000;Volkswirtschaftliche Gesamtrechnungen des Bundes;JAHR;Jahr;2023;DINSG;Deutschland insgesamt;DG;Deutschland;WZ08G3;WZ2008: Wirtschaftsbereiche der VGR;WZ08-O-03;Öffentliche Dienstleister, Erziehung, Gesundheit;11378;1000;ERW005;Arbeitnehmer
81000;Volkswirtschaftliche Gesamtrechnungen des Bundes;JAHR;Jahr;2024;DINSG;Deutschland insgesamt;DG;Deutschland;WZ08G3;WZ2008: Wirtschaftsbereiche der VGR;WZ08-86;Gesundheitswesen;3093;1000;ERW005;Arbeitnehmer
81000;Volkswirtschaftliche Gesamtrechnungen des Bundes;JAHR;Jahr;2022;DINSG;Deutschland insgesamt;DG;Deutschland;WZ08G3;WZ2008: Wirtschaftsbereiche der VGR;WZ08-24;Metallerzeugung und -bearbeitung;246;1000;ERW005;Arbeitnehmer
81000;Volkswirtschaftliche Gesamtrechnungen des Bundes;JAHR;Jahr;2022;DINSG;Deutschland insgesamt;DG;Deutschland;WZ08G3;WZ2008: Wirtschaftsbereiche der VGR;WZ08-47;Einzelhandel (ohne Handel mit Kraftfahrzeugen);2914;1000;ERW005;Arbeitnehmer
81000;Volkswirtschaftliche Gesamtrechnungen des Bundes;JAHR;Jahr;2023;DINSG;Deutschland insgesamt;DG;Deutschland;WZ08G3;WZ2008: Wirtschaftsbereiche der VGR;WZ08-36;Wasserversorgung;34;1000;ERW005;Arbeitnehmer
81000;Volkswirtschaftliche Gesamtrechnungen des Bundes;JAHR;Jahr;2025;DINSG;Deutschland insgesamt;DG;Deutschland;WZ08G3;WZ2008: Wirtschaftsbereiche der VGR;WZ08-B-05;Produzierendes Gewerbe;9885;1000;ERW005;Arbeitnehmer
81000;Volkswirtschaftliche Gesamtrechnungen des Bundes;JAHR;Jahr;2024;DINSG;Deutschland insgesamt;DG;Deutschland;WZ08G3;WZ2008: Wirtschaftsbereiche der VGR;WZ08-G-04;Dienstleistungsbereiche;31831;1000;ERW005;Arbeitnehmer
81000;Volkswirtschaftliche Gesamtrechnungen des Bundes;JAHR;Jahr;2025;DINSG;Deutschland insgesamt;DG;Deutschland;WZ08G3;WZ2008: Wirtschaftsbereiche der VGR;WZ08-31-01;Möbelherstellung, Installation von Maschinen;...;1000;ERW005;Arbeitnehmer
81000;Volkswirtschaftliche Gesamtrechnungen des Bundes;JAHR;Jahr;2025;DINSG;Deutschland insgesamt;DG;Deutschland;WZ08G3;WZ2008: Wirtschaftsbereiche der VGR;WZ08-33;Reparatur u.Installation von Masch.u.Ausrüstungen;...;1000;ERW005;Arbeitnehmer
81000;Volkswirtschaftliche Gesamtrechnungen des Bundes;JAHR;Jahr;2024;DINSG;Deutschland insgesamt;DG;Deutschland;WZ08G3;WZ2008: Wirtschaftsbereiche der VGR;WZ08-021;Forstwirtschaft;36;1000;ERW005;Arbeitnehmer
81000;Volkswirtschaftliche Gesamtrechnungen des Bundes;JAHR;Jahr;2025;DINSG;Deutschland insgesamt;DG;Deutschland;WZ08G3;WZ2008: Wirtschaftsbereiche der VGR;WZ08-79;Reisebüros, -veranstalter u. sonst. Reservierungen;...;1000;ERW005;Arbeitnehmer
81000;Volkswirtschaftliche Gesamtrechnungen des Bundes;JAHR;Jahr;2025;DINSG;Deutschland insgesamt;DG;Deutschland;WZ08G3;WZ2008: Wirtschaftsbereiche der VGR;WZ08-E;Wasserversorg.,Entsorg.,Beseitig.v.Umweltverschm.;308;1000;ERW005;Arbeitnehmer
81000;Volkswirtschaftliche Gesamtrechnungen des Bundes;JAHR;Jahr;2022;DINSG;Deutschland insgesamt;DG;Deutschland;WZ08G3;WZ2008: Wirtschaftsbereiche der VGR;WZ08-N;Sonstige wirtschaftliche Dienstleistungen;2951;1000;ERW005;Arbeitnehmer
81000;Volkswirtschaftliche Gesamtrechnungen des Bundes;JAHR;Jahr;2024;DINSG;Deutschland insgesamt;DG;Deutschland;WZ08G3;WZ2008: Wirtschaftsbereiche der VGR;WZ08-18;H.v. Druckerz., Vervielf.v.Ton-,Bild-,Datenträgern;104;1000;ERW005;Arbeitnehmer
81000;Volkswirtschaftliche Gesamtrechnungen des Bundes;JAHR;Jahr;2022;DINSG;Deutschland insgesamt;DG;Deutschland;WZ08G3;WZ2008: Wirtschaftsbereiche der VGR;WZ08-78;Vermittlung und Überlassung von Arbeitskräften;860;1000;ERW005;Arbeitnehmer
81000;Volkswirtschaftliche Gesamtrechnungen des Bundes;JAHR;Jahr;2024;DINSG;Deutschland insgesamt;DG;Deutschland;WZ08G3;WZ2008: Wirtschaftsbereiche der VGR;WZ08-94;Interessenvertr., kirchl. u. sonst. Vereinigungen;715;1000;ERW005;Arbeitnehmer
81000;Volkswirtschaftliche Gesamtrechnungen des Bundes;JAHR;Jahr;2023;DINSG;Deutschland insgesamt;DG;Deutschland;WZ08G3;WZ2008: Wirtschaftsbereiche der VGR;WZ08-25;Herstellung von Metallerzeugnissen;822;1000;ERW005;Arbeitnehmer
81000;Volkswirtschaftliche Gesamtrechnungen des Bundes;JAHR;Jahr;2024;DINSG;Deutschland insgesamt;DG;Deutschland;WZ08G3;WZ2008: Wirtschaftsbereiche der VGR;WZ08-71;Architektur-,Ing.büros,techn.,physik.Untersuchung;691;1000;ERW005;Arbeitnehmer
81000;Volkswirtschaftliche Gesamtrechnungen des Bundes;JAHR;Jahr;2021;DINSG;Deutschland insgesamt;DG;Deutschland;WZ08G3;WZ2008: Wirtschaftsbereiche der VGR;WZ08-F;Baugewerbe;2160;1000;ERW005;Arbeitnehmer
81000;Volkswirtschaftliche Gesamtrechnungen des Bundes;JAHR;Jahr;2024;DINSG;Deutschland insgesamt;DG;Deutschland;WZ08G3;WZ2008: Wirtschaftsbereiche der VGR;WZ08-M;Freiberufliche, wiss. u. techn. Dienstleistungen;2601;1000;ERW005;Arbeitnehmer
81000;Volkswirtschaftliche Gesamtrechnungen des Bundes;JAHR;Jahr;2025;DINSG;Deutschland insgesamt;DG;Deutschland;WZ08G3;WZ2008: Wirtschaftsbereiche der VGR;WZ08-13-01;Textil- und Bekleidungsgewerbe;...;1000;ERW005;Arbeitnehmer
81000;Volkswirtschaftliche Gesamtrechnungen des Bundes;JAHR;Jahr;2025;DINSG;Deutschland insgesamt;DG;Deutschland;WZ08G3;WZ2008: Wirtschaftsbereiche der VGR;WZ08-21;Herstellung von pharmazeutischen Erzeugnissen;...;1000;ERW005;Arbeitnehmer
81000;Volkswirtschaftliche Gesamtrechnungen des Bundes;JAHR;Jahr;2021;DINSG;Deutschland insgesamt;DG;Deutschland;WZ08G3;WZ2008: Wirtschaftsbereiche der VGR;WZ08-58-01;Verlagswesen, audiovisuelle Medien und Rundfunk;257;1000;ERW005;Arbeitnehmer
81000;Volkswirtschaftliche Gesamtrechnungen des Bundes;JAHR;Jahr;2021;DINSG;Deutschland insgesamt;DG;Deutschland;WZ08G3;WZ2008: Wirtschaftsbereiche der VGR;WZ08-51;Luftfahrt;63;1000;ERW005;Arbeitnehmer
81000;Volkswirtschaftliche Gesamtrechnungen des Bundes;JAHR;Jahr;2023;DINSG;Deutschland insgesamt;DG;Deutschland;WZ08G3;WZ2008: Wirtschaftsbereiche der VGR;WZ08-22-01;H.v. Gummi-, Kunststoff-, Glaswaren, Keramik u.Ä.;644;1000;ERW005;Arbeitnehmer
81000;Volkswirtschaftliche Gesamtrechnungen des Bundes;JAHR;Jahr;2023;DINSG;Deutschland insgesamt;DG;Deutschland;WZ08G3;WZ2008: Wirtschaftsbereiche der VGR;WZ08-E;Wasserversorg.,Entsorg.,Beseitig.v.Umweltverschm.;296;1000;ERW005;Arbeitnehmer
81000;Volkswirtschaftliche Gesamtrechnungen des Bundes;JAHR;Jahr;2023;DINSG;Deutschland insgesamt;DG;Deutschland;WZ08G3;WZ2008: Wirtschaftsbereiche der VGR;WZ08-R-02;Sonstige Dienstleister;2596;1000;ERW005;Arbeitnehmer
81000;Volkswirtschaftliche Gesamtrechnungen des Bundes;JAHR;Jahr;2022;DINSG;Deutschland insgesamt;DG;Deutschland;WZ08G3;WZ2008: Wirtschaftsbereiche der VGR;WZ08-21;Herstellung von pharmazeutischen Erzeugnissen;144;1000;ERW005;Arbeitnehmer
81000;Volkswirtschaftliche Gesamtrechnungen des Bundes;JAHR;Jahr;2025;DINSG;Deutschland insgesamt;DG;Deutschland;WZ08G3;WZ2008: Wirtschaftsbereiche der VGR;WZ08-021;Forstwirtschaft;...;1000;ERW005;Arbeitnehmer
81000;Volkswirtschaftliche Gesamtrechnungen des Bundes;JAHR;Jahr;2024;DINSG;Deutschland insgesamt;DG;Deutschland;WZ08G3;WZ2008: Wirtschaftsbereiche der VGR;WZ08-B-18;Produzierendes Gewerbe ohne Baugewerbe;7852;1000;ERW005;Arbeitnehmer
81000;Volkswirtschaftliche Gesamtrechnungen des Bundes;JAHR;Jahr;2023;DINSG;Deutschland insgesamt;DG;Deutschland;WZ08G3;WZ2008: Wirtschaftsbereiche der VGR;WZ08-M-02;Unternehmensdienstleister;5513;1000;ERW005;Arbeitnehmer
81000;Volkswirtschaftliche Gesamtrechnungen des Bundes;JAHR;Jahr;2025;DINSG;Deutschland insgesamt;DG;Deutschland;WZ08G3;WZ2008: Wirtschaftsbereiche der VGR;WZ08-F;Baugewerbe;2170;1000;ERW005;Arbeitnehmer
81000;Volkswirtschaftliche Gesamtrechnungen des Bundes;JAHR;Jahr;2025;DINSG;Deutschland insgesamt;DG;Deutschland;WZ08G3;WZ2008: Wirtschaftsbereiche der VGR;WZ08-31-02;Herstellung von Möbeln und sonstigen Waren;...;1000;ERW005;Arbeitnehmer
81000;Volkswirtschaftliche Gesamtrechnungen des Bundes;JAHR;Jahr;2025;DINSG;Deutschland insgesamt;DG;Deutschland;WZ08G3;WZ2008: Wirtschaftsbereiche der VGR;WZ08-78;Vermittlung und Überlassung von Arbeitskräften;...;1000;ERW005;Arbeitnehmer
81000;Volkswirtschaftliche Gesamtrechnungen des Bundes;JAHR;Jahr;2021;DINSG;Deutschland insgesamt;DG;Deutschland;WZ08G3;WZ2008: Wirtschaftsbereiche der VGR;WZ08-86;Gesundheitswesen;3009;1000;ERW005;Arbeitnehmer
81000;Volkswirtschaftliche Gesamtrechnungen des Bundes;JAHR;Jahr;2023;DINSG;Deutschland insgesamt;DG;Deutschland;WZ08G3;WZ2008: Wirtschaftsbereiche der VGR;WZ08-A-02;Alle Wirtschaftsbereiche;42098;1000;ERW005;Arbeitnehmer
81000;Volkswirtschaftliche Gesamtrechnungen des Bundes;JAHR;Jahr;2022;DINSG;Deutschland insgesamt;DG;Deutschland;WZ08G3;WZ2008: Wirtschaftsbereiche der VGR;WZ08-74-01;Freiberufl.,wiss.,techn.DL a.n.g., Veterinärwesen;154;1000;ERW005;Arbeitnehmer
81000;Volkswirtschaftliche Gesamtrechnungen des Bundes;JAHR;Jahr;2023;DINSG;Deutschland insgesamt;DG;Deutschland;WZ08G3;WZ2008: Wirtschaftsbereiche der VGR;WZ08-80-01;Unternehmensdienstleister a.n.g.;1919;1000;ERW005;Arbeitnehmer
81000;Volkswirtschaftliche Gesamtrechnungen des Bundes;JAHR;Jahr;2022;DINSG;Deutschland insgesamt;DG;Deutschland;WZ08G3;WZ2008: Wirtschaftsbereiche der VGR;WZ08-M;Freiberufliche, wiss. u. techn. Dienstleistungen;2490;1000;ERW005;Arbeitnehmer
81000;Volkswirtschaftliche Gesamtrechnungen des Bundes;JAHR;Jahr;2024;DINSG;Deutschland insgesamt;DG;Deutschland;WZ08G3;WZ2008: Wirtschaftsbereiche der VGR;WZ08-19;Kokerei und Mineralölverarbeitung;20;1000;ERW005;Arbeitnehmer
81000;Volkswirtschaftliche Gesamtrechnungen des Bundes;JAHR;Jahr;2023;DINSG;Deutschland insgesamt;DG;Deutschland;WZ08G3;WZ2008: Wirtschaftsbereiche der VGR;WZ08-29-01;Fahrzeugbau;1008;1000;ERW005;Arbeitnehmer
81000;Volkswirtschaftliche Gesamtrechnungen des Bundes;JAHR;Jahr;2022;DINSG;Deutschland insgesamt;DG;Deutschland;WZ08G3;WZ2008: Wirtschaftsbereiche der VGR;WZ08-33;Reparatur u.Installation von Masch.u.Ausrüstungen;240;1000;ERW005;Arbeitnehmer
81000;Volkswirtschaftliche Gesamtrechnungen des Bundes;JAHR;Jahr;2022;DINSG;Deutschland insgesamt;DG;Deutschland;WZ08G3;WZ2008: Wirtschaftsbereiche der VGR;WZ08-79;Reisebüros, -veranstalter u. sonst. Reservierungen;70;1000;ERW005;Arbeitnehmer
81000;Volkswirtschaftliche Gesamtrechnungen des Bundes;JAHR;Jahr;2023;DINSG;Deutschland insgesamt;DG;Deutschland;WZ08G3;WZ2008: Wirtschaftsbereiche der VGR;WZ08-49;Landverkehr und Transport in Rohrfernleitungen;902;1000;ERW005;Arbeitnehmer
81000;Volkswirtschaftliche Gesamtrechnungen des Bundes;JAHR;Jahr;2023;DINSG;Deutschland insgesamt;DG;Deutschland;WZ08G3;WZ2008: Wirtschaftsbereiche der VGR;WZ08-26;H.v. DV-Geräten, elektron. u. opt. Erzeugnissen;375;1000;ERW005;Arbeitnehmer
81000;Volkswirtschaftliche Gesamtrechnungen des Bundes;JAHR;Jahr;2024;DINSG;Deutschland insgesamt;DG;Deutschland;WZ08G3;WZ2008: Wirtschaftsbereiche der VGR;WZ08-95;Reparatur von DV-Geräten und Gebrauchsgütern;29;1000;ERW005;Arbeitnehmer
81000;Volkswirtschaftliche Gesamtrechnungen des Bundes;JAHR;Jahr;2024;DINSG;Deutschland insgesamt;DG;Deutschland;WZ08G3;WZ2008: Wirtschaftsbereiche der VGR;WZ08-72;Forschung und Entwicklung;262;1000;ERW005;Arbeitnehmer
81000;Volkswirtschaftliche Gesamtrechnungen des Bundes;JAHR;Jahr;2025;DINSG;Deutschland insgesamt;DG;Deutschland;WZ08G3;WZ2008: Wirtschaftsbereiche der VGR;WZ08-G-01;Handel, Verkehr, Gastgewerbe;9308;1000;ERW005;Arbeitnehmer
81000;Volkswirtschaftliche Gesamtrechnungen des Bundes;JAHR;Jahr;2024;DINSG;Deutschland insgesamt;DG;Deutschland;WZ08G3;WZ2008: Wirtschaftsbereiche der VGR;WZ08-O;Öff. Verwaltung, Verteidigung, Sozialversicherung;2926;1000;ERW005;Arbeitnehmer
81000;Volkswirtschaftliche Gesamtrechnungen des Bundes;JAHR;Jahr;2024;DINSG;Deutschland insgesamt;DG;Deutschland;WZ08G3;WZ2008: Wirtschaftsbereiche der VGR;WZ08-N;Sonstige wirtschaftliche Dienstleistungen;2903;1000;ERW005;Arbeitnehmer
81000;Volkswirtschaftliche Gesamtrechnungen des Bundes;JAHR;Jahr;2025;DINSG;Deutschland insgesamt;DG;Deutschland;WZ08G3;WZ2008: Wirtschaftsbereiche der VGR;WZ08-20;Herstellung von chemischen Erzeugnissen;...;1000;ERW005;Arbeitnehmer
81000;Volkswirtschaftliche Gesamtrechnungen des Bundes;JAHR;Jahr;2025;DINSG;Deutschland insgesamt;DG;Deutschland;WZ08G3;WZ2008: Wirtschaftsbereiche der VGR;WZ08-66;Mit Finanz- u. Versicherungsdienstl. verb. Tätigk.;...;1000;ERW005;Arbeitnehmer
81000;Volkswirtschaftliche Gesamtrechnungen des Bundes;JAHR;Jahr;2025;DINSG;Deutschland insgesamt;DG;Deutschland;WZ08G3;WZ2008: Wirtschaftsbereiche der VGR;WZ08-43;Vorb.Baustellenarbeiten, Bauinstall., sonst.Ausbau;...;1000;ERW005;Arbeitnehmer
81000;Volkswirtschaftliche Gesamtrechnungen des Bundes;JAHR;Jahr;2021;DINSG;Deutschland insgesamt;DG;Deutschland;WZ08G3;WZ2008: Wirtschaftsbereiche der VGR;WZ08-E;Wasserversorg.,Entsorg.,Beseitig.v.Umweltverschm.;286;1000;ERW005;Arbeitnehmer
81000;Volkswirtschaftliche Gesamtrechnungen des Bundes;JAHR;Jahr;2021;DINSG;Deutschland insgesamt;DG;Deutschland;WZ08G3;WZ2008: Wirtschaftsbereiche der VGR;WZ08-52;Lagerei, sonstige Dienstleistungen für den Verkehr;772;1000;ERW005;Arbeitnehmer
81000;Volkswirtschaftliche Gesamtrechnungen des Bundes;JAHR;Jahr;2023;DINSG;Deutschland insgesamt;DG;Deutschland;WZ08G3;WZ2008: Wirtschaftsbereiche der VGR;WZ08-F;Baugewerbe;2203;1000;ERW005;Arbeitnehmer
81000;Volkswirtschaftliche Gesamtrechnungen des Bundes;JAHR;Jahr;2022;DINSG;Deutschland insgesamt;DG;Deutschland;WZ08G3;WZ2008: Wirtschaftsbereiche der VGR;WZ08-22;Herstellung von Gummi- und Kunststoffwaren;423;1000;ERW005;Arbeitnehmer
81000;Volkswirtschaftliche Gesamtrechnungen des Bundes;JAHR;Jahr;2022;DINSG;Deutschland insgesamt;DG;Deutschland;WZ08G3;WZ2008: Wirtschaftsbereiche der VGR;WZ08-45;Kfz-Handel, Instandhaltung und Reparatur von Kfz;734;1000;ERW005;Arbeitnehmer
81000;Volkswirtschaftliche Gesamtrechnungen des Bundes;JAHR;Jahr;2021;DINSG;Deutschland insgesamt;DG;Deutschland;WZ08G3;WZ2008: Wirtschaftsbereiche der VGR;WZ08-B-05;Produzierendes Gewerbe;9995;1000;ERW005;Arbeitnehmer
81000;Volkswirtschaftliche Gesamtrechnungen des Bundes;JAHR;Jahr;2024;DINSG;Deutschland insgesamt;DG;Deutschland;WZ08G3;WZ2008: Wirtschaftsbereiche der VGR;WZ08-61;Telekommunikation;107;1000;ERW005;Arbeitnehmer
81000;Volkswirtschaftliche Gesamtrechnungen des Bundes;JAHR;Jahr;2025;DINSG;Deutschland insgesamt;DG;Deutschland;WZ08G3;WZ2008: Wirtschaftsbereiche der VGR;WZ08-G;Handel, Instandhaltung und Reparatur von Kfz;5313;1000;ERW005;Arbeitnehmer
81000;Volkswirtschaftliche Gesamtrechnungen des Bundes;JAHR;Jahr;2023;DINSG;Deutschland insgesamt;DG;Deutschland;WZ08G3;WZ2008: Wirtschaftsbereiche der VGR;WZ08-13-01;Textil- und Bekleidungsgewerbe;116;1000;ERW005;Arbeitnehmer
81000;Volkswirtschaftliche Gesamtrechnungen des Bundes;JAHR;Jahr;2021;DINSG;Deutschland insgesamt;DG;Deutschland;WZ08G3;WZ2008: Wirtschaftsbereiche der VGR;WZ08-49;Landverkehr und Transport in Rohrfernleitungen;874;1000;ERW005;Arbeitnehmer
81000;Volkswirtschaftliche Gesamtrechnungen des Bundes;JAHR;Jahr;2021;DINSG;Deutschland insgesamt;DG;Deutschland;WZ08G3;WZ2008: Wirtschaftsbereiche der VGR;WZ08-26;H.v. DV-Geräten, elektron. u. opt. Erzeugnissen;365;1000;ERW005;Arbeitnehmer
81000;Volkswirtschaftliche Gesamtrechnungen des Bundes;JAHR;Jahr;2023;DINSG;Deutschland insgesamt;DG;Deutschland;WZ08G3;WZ2008: Wirtschaftsbereiche der VGR;WZ08-P;Erziehung und Unterricht;2538;1000;ERW005;Arbeitnehmer
81000;Volkswirtschaftliche Gesamtrechnungen des Bundes;JAHR;Jahr;2025;DINSG;Deutschland insgesamt;DG;Deutschland;WZ08G3;WZ2008: Wirtschaftsbereiche der VGR;WZ08-16;H.v. Holz-, Flecht-, Korb-u.Korkwaren (ohne Möbel);...;1000;ERW005;Arbeitnehmer
81000;Volkswirtschaftliche Gesamtrechnungen des Bundes;JAHR;Jahr;2021;DINSG;Deutschland insgesamt;DG;Deutschland;WZ08G3;WZ2008: Wirtschaftsbereiche der VGR;WZ08-M-02;Unternehmensdienstleister;5305;1000;ERW005;Arbeitnehmer
81000;Volkswirtschaftliche Gesamtrechnungen des Bundes;JAHR;Jahr;2022;DINSG;Deutschland insgesamt;DG;Deutschland;WZ08G3;WZ2008: Wirtschaftsbereiche der VGR;WZ08-L;Grundstücks- und Wohnungswesen;441;1000;ERW005;Arbeitnehmer
81000;Volkswirtschaftliche Gesamtrechnungen des Bundes;JAHR;Jahr;2024;DINSG;Deutschland insgesamt;DG;Deutschland;WZ08G3;WZ2008: Wirtschaftsbereiche der VGR;WZ08-16;H.v. Holz-, Flecht-, Korb-u.Korkwaren (ohne Möbel);119;1000;ERW005;Arbeitnehmer
81000;Volkswirtschaftliche Gesamtrechnungen des Bundes;JAHR;Jahr;2024;DINSG;Deutschland insgesamt;DG;Deutschland;WZ08G3;WZ2008: Wirtschaftsbereiche der VGR;WZ08-T;Private Haushalte;880;1000;ERW005;Arbeitnehmer
81000;Volkswirtschaftliche Gesamtrechnungen des Bundes;JAHR;Jahr;2023;DINSG;Deutschland insgesamt;DG;Deutschland;WZ08G3;WZ2008: Wirtschaftsbereiche der VGR;WZ08-27;Herstellung von elektrischen Ausrüstungen;515;1000;ERW005;Arbeitnehmer
81000;Volkswirtschaftliche Gesamtrechnungen des Bundes;JAHR;Jahr;2023;DINSG;Deutschland insgesamt;DG;Deutschland;WZ08G3;WZ2008: Wirtschaftsbereiche der VGR;WZ08-87-01;Heime und Sozialwesen;2879;1000;ERW005;Arbeitnehmer
81000;Volkswirtschaftliche Gesamtrechnungen des Bundes;JAHR;Jahr;2021;DINSG;Deutschland insgesamt;DG;Deutschland;WZ08G3;WZ2008: Wirtschaftsbereiche der VGR;WZ08-H;Verkehr und Lagerei;2277;1000;ERW005;Arbeitnehmer
81000;Volkswirtschaftliche Gesamtrechnungen des Bundes;JAHR;Jahr;2025;DINSG;Deutschland insgesamt;DG;Deutschland;WZ08G3;WZ2008: Wirtschaftsbereiche der VGR;WZ08-27;Herstellung von elektrischen Ausrüstungen;...;1000;ERW005;Arbeitnehmer
81000;Volkswirtschaftliche Gesamtrechnungen des Bundes;JAHR;Jahr;2024;DINSG;Deutschland insgesamt;DG;Deutschland;WZ08G3;WZ2008: Wirtschaftsbereiche der VGR;WZ08-C;Verarbeitendes Gewerbe;7209;1000;ERW005;Arbeitnehmer
81000;Volkswirtschaftliche Gesamtrechnungen des Bundes;JAHR;Jahr;2024;DINSG;Deutschland insgesamt;DG;Deutschland;WZ08G3;WZ2008: Wirtschaftsbereiche der VGR;WZ08-10-01;Ernährungsgewerbe und Tabakverarbeitung;904;1000;ERW005;Arbeitnehmer
81000;Volkswirtschaftliche Gesamtrechnungen des Bundes;JAHR;Jahr;2022;DINSG;Deutschland insgesamt;DG;Deutschland;WZ08G3;WZ2008: Wirtschaftsbereiche der VGR;WZ08-69-02;Rechts- und Steuerberatung, Unternehmensberatung;1241;1000;ERW005;Arbeitnehmer
81000;Volkswirtschaftliche Gesamtrechnungen des Bundes;JAHR;Jahr;2024;DINSG;Deutschland insgesamt;DG;Deutschland;WZ08G3;WZ2008: Wirtschaftsbereiche der VGR;WZ08-28;Maschinenbau;1149;1000;ERW005;Arbeitnehmer
81000;Volkswirtschaftliche Gesamtrechnungen des Bundes;JAHR;Jahr;2022;DINSG;Deutschland insgesamt;DG;Deutschland;WZ08G3;WZ2008: Wirtschaftsbereiche der VGR;WZ08-16-01;H.v. Holzwaren, Papier und Druckerzeugnissen;376;1000;ERW005;Arbeitnehmer
81000;Volkswirtschaftliche Gesamtrechnungen des Bundes;JAHR;Jahr;2022;DINSG;Deutschland insgesamt;DG;Deutschland;WZ08G3;WZ2008: Wirtschaftsbereiche der VGR;WZ08-62-01;IT- und Informationsdienstleister;1028;1000;ERW005;Arbeitnehmer
81000;Volkswirtschaftliche Gesamtrechnungen des Bundes;JAHR;Jahr;2023;DINSG;Deutschland insgesamt;DG;Deutschland;WZ08G3;WZ2008: Wirtschaftsbereiche der VGR;WZ08-16;H.v. Holz-, Flecht-, Korb-u.Korkwaren (ohne Möbel);124;1000;ERW005;Arbeitnehmer
81000;Volkswirtschaftliche Gesamtrechnungen des Bundes;JAHR;Jahr;2023;DINSG;Deutschland insgesamt;DG;Deutschland;WZ08G3;WZ2008: Wirtschaftsbereiche der VGR;WZ08-O;Öff. Verwaltung, Verteidigung, Sozialversicherung;2892;1000;ERW005;Arbeitnehmer
81000;Volkswirtschaftliche Gesamtrechnungen des Bundes;JAHR;Jahr;2022;DINSG;Deutschland insgesamt;DG;Deutschland;WZ08G3;WZ2008: Wirtschaftsbereiche der VGR;WZ08-A-02;Alle Wirtschaftsbereiche;41742;1000;ERW005;Arbeitnehmer
81000;Volkswirtschaftliche Gesamtrechnungen des Bundes;JAHR;Jahr;2023;DINSG;Deutschland insgesamt;DG;Deutschland;WZ08G3;WZ2008: Wirtschaftsbereiche der VGR;WZ08-58-01;Verlagswesen, audiovisuelle Medien und Rundfunk;259;1000;ERW005;Arbeitnehmer
81000;Volkswirtschaftliche Gesamtrechnungen des Bundes;JAHR;Jahr;2022;DINSG;Deutschland insgesamt;DG;Deutschland;WZ08G3;WZ2008: Wirtschaftsbereiche der VGR;WZ08-27;Herstellung von elektrischen Ausrüstungen;499;1000;ERW005;Arbeitnehmer
81000;Volkswirtschaftliche Gesamtrechnungen des Bundes;JAHR;Jahr;2025;DINSG;Deutschland insgesamt;DG;Deutschland;WZ08G3;WZ2008: Wirtschaftsbereiche der VGR;WZ08-73-01;Sonst.freiberufl., wissenschaftl., techn. Dienstl.;...;1000;ERW005;Arbeitnehmer
81000;Volkswirtschaftliche Gesamtrechnungen des Bundes;JAHR;Jahr;2025;DINSG;Deutschland insgesamt;DG;Deutschland;WZ08G3;WZ2008: Wirtschaftsbereiche der VGR;WZ08-H;Verkehr und Lagerei;2335;1000;ERW005;Arbeitnehmer
81000;Volkswirtschaftliche Gesamtrechnungen des Bundes;JAHR;Jahr;2021;DINSG;Deutschland insgesamt;DG;Deutschland;WZ08G3;WZ2008: Wirtschaftsbereiche der VGR;WZ08-27;Herstellung von elektrischen Ausrüstungen;479;1000;ERW005;Arbeitnehmer
81000;Volkswirtschaftliche Gesamtrechnungen des Bundes;JAHR;Jahr;2023;DINSG;Deutschland insgesamt;DG;Deutschland;WZ08G3;WZ2008: Wirtschaftsbereiche der VGR;WZ08-Q;Gesundheits- und Sozialwesen;5948;1000;ERW005;Arbeitnehmer
81000;Volkswirtschaftliche Gesamtrechnungen des Bundes;JAHR;Jahr;2024;DINSG;Deutschland insgesamt;DG;Deutschland;WZ08G3;WZ2008: Wirtschaftsbereiche der VGR;WZ08-B-05;Produzierendes Gewerbe;10033;1000;ERW005;Arbeitnehmer
81000;Volkswirtschaftliche Gesamtrechnungen des Bundes;JAHR;Jahr;2024;DINSG;Deutschland insgesamt;DG;Deutschland;WZ08G3;WZ2008: Wirtschaftsbereiche der VGR;WZ08-17;Herstellung von Papier, Pappe und Waren daraus;127;1000;ERW005;Arbeitnehmer
81000;Volkswirtschaftliche Gesamtrechnungen des Bundes;JAHR;Jahr;2022;DINSG;Deutschland insgesamt;DG;Deutschland;WZ08G3;WZ2008: Wirtschaftsbereiche der VGR;WZ08-K;Erbringung v. Finanz- u. Versicherungsdienstleist.;948;1000;ERW005;Arbeitnehmer
81000;Volkswirtschaftliche Gesamtrechnungen des Bundes;JAHR;Jahr;2023;DINSG;Deutschland insgesamt;DG;Deutschland;WZ08G3;WZ2008: Wirtschaftsbereiche der VGR;WZ08-28;Maschinenbau;1140;1000;ERW005;Arbeitnehmer
81000;Volkswirtschaftliche Gesamtrechnungen des Bundes;JAHR;Jahr;2025;DINSG;Deutschland insgesamt;DG;Deutschland;WZ08G3;WZ2008: Wirtschaftsbereiche der VGR;WZ08-90-01;Kunst und Kultur, Glücksspiel;...;1000;ERW005;Arbeitnehmer
81000;Volkswirtschaftliche Gesamtrechnungen des Bundes;JAHR;Jahr;2022;DINSG;Deutschland insgesamt;DG;Deutschland;WZ08G3;WZ2008: Wirtschaftsbereiche der VGR;WZ08-021;Forstwirtschaft;34;1000;ERW005;Arbeitnehmer
81000;Volkswirtschaftliche Gesamtrechnungen des Bundes;JAHR;Jahr;2024;DINSG;Deutschland insgesamt;DG;Deutschland;WZ08G3;WZ2008: Wirtschaftsbereiche der VGR;WZ08-93;Dienstleistungen d.Sports,d.Unterhaltg.u.Erholung;275;1000;ERW005;Arbeitnehmer
81000;Volkswirtschaftliche Gesamtrechnungen des Bundes;JAHR;Jahr;2022;DINSG;Deutschland insgesamt;DG;Deutschland;WZ08G3;WZ2008: Wirtschaftsbereiche der VGR;WZ08-16;H.v. Holz-, Flecht-, Korb-u.Korkwaren (ohne Möbel);127;1000;ERW005;Arbeitnehmer
81000;Volkswirtschaftliche Gesamtrechnungen des Bundes;JAHR;Jahr;2023;DINSG;Deutschland insgesamt;DG;Deutschland;WZ08G3;WZ2008: Wirtschaftsbereiche der VGR;WZ08-G-04;Dienstleistungsbereiche;31641;1000;ERW005;Arbeitnehmer
81000;Volkswirtschaftliche Gesamtrechnungen des Bundes;JAHR;Jahr;2021;DINSG;Deutschland insgesamt;DG;Deutschland;WZ08G3;WZ2008: Wirtschaftsbereiche der VGR;WZ08-G;Handel, Instandhaltung und Reparatur von Kfz;5397;1000;ERW005;Arbeitnehmer
81000;Volkswirtschaftliche Gesamtrechnungen des Bundes;JAHR;Jahr;2021;DINSG;Deutschland insgesamt;DG;Deutschland;WZ08G3;WZ2008: Wirtschaftsbereiche der VGR;WZ08-16;H.v. Holz-, Flecht-, Korb-u.Korkwaren (ohne Möbel);125;1000;ERW005;Arbeitnehmer
81000;Volkswirtschaftliche Gesamtrechnungen des Bundes;JAHR;Jahr;2023;DINSG;Deutschland insgesamt;DG;Deutschland;WZ08G3;WZ2008: Wirtschaftsbereiche der VGR;WZ08-37-01;Abwasser-, Abfallentsorgung, Rückgewinnung;262;1000;ERW005;Arbeitnehmer
81000;Volkswirtschaftliche Gesamtrechnungen des Bundes;JAHR;Jahr;2025;DINSG;Deutschland insgesamt;DG;Deutschland;WZ08G3;WZ2008: Wirtschaftsbereiche der VGR;WZ08-49;Landverkehr und Transport in Rohrfernleitungen;...;1000;ERW005;Arbeitnehmer
81000;Volkswirtschaftliche Gesamtrechnungen des Bundes;JAHR;Jahr;2024;DINSG;Deutschland insgesamt;DG;Deutschland;WZ08G3;WZ2008: Wirtschaftsbereiche der VGR;WZ08-D;Energieversorgung;303;1000;ERW005;Arbeitnehmer
81000;Volkswirtschaftliche Gesamtrechnungen des Bundes;JAHR;Jahr;2025;DINSG;Deutschland insgesamt;DG;Deutschland;WZ08G3;WZ2008: Wirtschaftsbereiche der VGR;WZ08-26;H.v. DV-Geräten, elektron. u. opt. Erzeugnissen;...;1000;ERW005;Arbeitnehmer
81000;Volkswirtschaftliche Gesamtrechnungen des Bundes;JAHR;Jahr;2022;DINSG;Deutschland insgesamt;DG;Deutschland;WZ08G3;WZ2008: Wirtschaftsbereiche der VGR;WZ08-69-01;Unternehmensnahe Beratungsleistungen;1909;1000;ERW005;Arbeitnehmer
81000;Volkswirtschaftliche Gesamtrechnungen des Bundes;JAHR;Jahr;2024;DINSG;Deutschland insgesamt;DG;Deutschland;WZ08G3;WZ2008: Wirtschaftsbereiche der VGR;WZ08-29;Herstellung von Kraftwagen und Kraftwagenteilen;855;1000;ERW005;Arbeitnehmer
81000;Volkswirtschaftliche Gesamtrechnungen des Bundes;JAHR;Jahr;2023;DINSG;Deutschland insgesamt;DG;Deutschland;WZ08G3;WZ2008: Wirtschaftsbereiche der VGR;WZ08-93;Dienstleistungen d.Sports,d.Unterhaltg.u.Erholung;265;1000;ERW005;Arbeitnehmer
81000;Volkswirtschaftliche Gesamtrechnungen des Bundes;JAHR;Jahr;2023;DINSG;Deutschland insgesamt;DG;Deutschland;WZ08G3;WZ2008: Wirtschaftsbereiche der VGR;WZ08-17;Herstellung von Papier, Pappe und Waren daraus;130;1000;ERW005;Arbeitnehmer
81000;Volkswirtschaftliche Gesamtrechnungen des Bundes;JAHR;Jahr;2022;DINSG;Deutschland insgesamt;DG;Deutschland;WZ08G3;WZ2008: Wirtschaftsbereiche der VGR;WZ08-28;Maschinenbau;1130;1000;ERW005;Arbeitnehmer
81000;Volkswirtschaftliche Gesamtrechnungen des Bundes;JAHR;Jahr;2025;DINSG;Deutschland insgesamt;DG;Deutschland;WZ08G3;WZ2008: Wirtschaftsbereiche der VGR;WZ08-I;Gastgewerbe;1660;1000;ERW005;Arbeitnehmer
81000;Volkswirtschaftliche Gesamtrechnungen des Bundes;JAHR;Jahr;2021;DINSG;Deutschland insgesamt;DG;Deutschland;WZ08G3;WZ2008: Wirtschaftsbereiche der VGR;WZ08-73-01;Sonst.freiberufl., wissenschaftl., techn. Dienstl.;335;1000;ERW005;Arbeitnehmer
81000;Volkswirtschaftliche Gesamtrechnungen des Bundes;JAHR;Jahr;2023;DINSG;Deutschland insgesamt;DG;Deutschland;WZ08G3;WZ2008: Wirtschaftsbereiche der VGR;WZ08-R;Kunst, Unterhaltung und Erholung;531;1000;ERW005;Arbeitnehmer
81000;Volkswirtschaftliche Gesamtrechnungen des Bundes;JAHR;Jahr;2025;DINSG;Deutschland insgesamt;DG;Deutschland;WZ08G3;WZ2008: Wirtschaftsbereiche der VGR;WZ08-59-01;Audiovisuelle Medien und Rundfunk;...;1000;ERW005;Arbeitnehmer
81000;Volkswirtschaftliche Gesamtrechnungen des Bundes;JAHR;Jahr;2024;DINSG;Deutschland insgesamt;DG;Deutschland;WZ08G3;WZ2008: Wirtschaftsbereiche der VGR;WZ08-31-02;Herstellung von Möbeln und sonstigen Waren;368;1000;ERW005;Arbeitnehmer
81000;Volkswirtschaftliche Gesamtrechnungen des Bundes;JAHR;Jahr;2022;DINSG;Deutschland insgesamt;DG;Deutschland;WZ08G3;WZ2008: Wirtschaftsbereiche der VGR;WZ08-J;Information und Kommunikation;1396;1000;ERW005;Arbeitnehmer
81000;Volkswirtschaftliche Gesamtrechnungen des Bundes;JAHR;Jahr;2023;DINSG;Deutschland insgesamt;DG;Deutschland;WZ08G3;WZ2008: Wirtschaftsbereiche der VGR;WZ08-29;Herstellung von Kraftwagen und Kraftwagenteilen;860;1000;ERW005;Arbeitnehmer
81000;Volkswirtschaftliche Gesamtrechnungen des Bundes;JAHR;Jahr;2021;DINSG;Deutschland insgesamt;DG;Deutschland;WZ08G3;WZ2008: Wirtschaftsbereiche der VGR;WZ08-28;Maschinenbau;1126;1000;ERW005;Arbeitnehmer
81000;Volkswirtschaftliche Gesamtrechnungen des Bundes;JAHR;Jahr;2024;DINSG;Deutschland insgesamt;DG;Deutschland;WZ08G3;WZ2008: Wirtschaftsbereiche der VGR;WZ08-R;Kunst, Unterhaltung und Erholung;542;1000;ERW005;Arbeitnehmer
81000;Volkswirtschaftliche Gesamtrechnungen des Bundes;JAHR;Jahr;2022;DINSG;Deutschland insgesamt;DG;Deutschland;WZ08G3;WZ2008: Wirtschaftsbereiche der VGR;WZ08-36;Wasserversorgung;34;1000;ERW005;Arbeitnehmer
81000;Volkswirtschaftliche Gesamtrechnungen des Bundes;JAHR;Jahr;2023;DINSG;Deutschland insgesamt;DG;Deutschland;WZ08G3;WZ2008: Wirtschaftsbereiche der VGR;WZ08-B-18;Produzierendes Gewerbe ohne Baugewerbe;7899;1000;ERW005;Arbeitnehmer
81000;Volkswirtschaftliche Gesamtrechnungen des Bundes;JAHR;Jahr;2024;DINSG;Deutschland insgesamt;DG;Deutschland;WZ08G3;WZ2008: Wirtschaftsbereiche der VGR;WZ08-G-01;Handel, Verkehr, Gastgewerbe;9330;1000;ERW005;Arbeitnehmer
81000;Volkswirtschaftliche Gesamtrechnungen des Bundes;JAHR;Jahr;2021;DINSG;Deutschland insgesamt;DG;Deutschland;WZ08G3;WZ2008: Wirtschaftsbereiche der VGR;WZ08-74-01;Freiberufl.,wiss.,techn.DL a.n.g., Veterinärwesen;149;1000;ERW005;Arbeitnehmer
81000;Volkswirtschaftliche Gesamtrechnungen des Bundes;JAHR;Jahr;2025;DINSG;Deutschland insgesamt;DG;Deutschland;WZ08G3;WZ2008: Wirtschaftsbereiche der VGR;WZ08-25;Herstellung von Metallerzeugnissen;...;1000;ERW005;Arbeitnehmer
81000;Volkswirtschaftliche Gesamtrechnungen des Bundes;JAHR;Jahr;2021;DINSG;Deutschland insgesamt;DG;Deutschland;WZ08G3;WZ2008: Wirtschaftsbereiche der VGR;WZ08-93;Dienstleistungen d.Sports,d.Unterhaltg.u.Erholung;236;1000;ERW005;Arbeitnehmer
81000;Volkswirtschaftliche Gesamtrechnungen des Bundes;JAHR;Jahr;2024;DINSG;Deutschland insgesamt;DG;Deutschland;WZ08G3;WZ2008: Wirtschaftsbereiche der VGR;WZ08-29-01;Fahrzeugbau;1009;1000;ERW005;Arbeitnehmer
81000;Volkswirtschaftliche Gesamtrechnungen des Bundes;JAHR;Jahr;2023;DINSG;Deutschland insgesamt;DG;Deutschland;WZ08G3;WZ2008: Wirtschaftsbereiche der VGR;WZ08-021;Forstwirtschaft;35;1000;ERW005;Arbeitnehmer
81000;Volkswirtschaftliche Gesamtrechnungen des Bundes;JAHR;Jahr;2021;DINSG;Deutschland insgesamt;DG;Deutschland;WZ08G3;WZ2008: Wirtschaftsbereiche der VGR;WZ08-J;Information und Kommunikation;1313;1000;ERW005;Arbeitnehmer
81000;Volkswirtschaftliche Gesamtrechnungen des Bundes;JAHR;Jahr;2024;DINSG;Deutschland insgesamt;DG;Deutschland;WZ08G3;WZ2008: Wirtschaftsbereiche der VGR;WZ08-A;Land- und Forstwirtschaft, Fischerei;356;1000;ERW005;Arbeitnehmer
81000;Volkswirtschaftliche Gesamtrechnungen des Bundes;JAHR;Jahr;2024;DINSG;Deutschland insgesamt;DG;Deutschland;WZ08G3;WZ2008: Wirtschaftsbereiche der VGR;WZ08-49;Landverkehr und Transport in Rohrfernleitungen;915;1000;ERW005;Arbeitnehmer
81000;Volkswirtschaftliche Gesamtrechnungen des Bundes;JAHR;Jahr;2022;DINSG;Deutschland insgesamt;DG;Deutschland;WZ08G3;WZ2008: Wirtschaftsbereiche der VGR;WZ08-24-01;Metallgewerbe;1072;1000;ERW005;Arbeitnehmer
81000;Volkswirtschaftliche Gesamtrechnungen des Bundes;JAHR;Jahr;2023;DINSG;Deutschland insgesamt;DG;Deutschland;WZ08G3;WZ2008: Wirtschaftsbereiche der VGR;WZ08-A;Land- und Forstwirtschaft, Fischerei;355;1000;ERW005;Arbeitnehmer
81000;Volkswirtschaftliche Gesamtrechnungen des Bundes;JAHR;Jahr;2024;DINSG;Deutschland insgesamt;DG;Deutschland;WZ08G3;WZ2008: Wirtschaftsbereiche der VGR;WZ08-26;H.v. DV-Geräten, elektron. u. opt. Erzeugnissen;377;1000;ERW005;Arbeitnehmer
81000;Volkswirtschaftliche Gesamtrechnungen des Bundes;JAHR;Jahr;2023;DINSG;Deutschland insgesamt;DG;Deutschland;WZ08G3;WZ2008: Wirtschaftsbereiche der VGR;WZ08-71;Architektur-,Ing.büros,techn.,physik.Untersuchung;685;1000;ERW005;Arbeitnehmer
81000;Volkswirtschaftliche Gesamtrechnungen des Bundes;JAHR;Jahr;2023;DINSG;Deutschland insgesamt;DG;Deutschland;WZ08G3;WZ2008: Wirtschaftsbereiche der VGR;WZ08-94;Interessenvertr., kirchl. u. sonst. Vereinigungen;708;1000;ERW005;Arbeitnehmer
81000;Volkswirtschaftliche Gesamtrechnungen des Bundes;JAHR;Jahr;2021;DINSG;Deutschland insgesamt;DG;Deutschland;WZ08G3;WZ2008: Wirtschaftsbereiche der VGR;WZ08-17;Herstellung von Papier, Pappe und Waren daraus;133;1000;ERW005;Arbeitnehmer
81000;Volkswirtschaftliche Gesamtrechnungen des Bundes;JAHR;Jahr;2023;DINSG;Deutschland insgesamt;DG;Deutschland;WZ08G3;WZ2008: Wirtschaftsbereiche der VGR;WZ08-18;H.v. Druckerz., Vervielf.v.Ton-,Bild-,Datenträgern;110;1000;ERW005;Arbeitnehmer
81000;Volkswirtschaftliche Gesamtrechnungen des Bundes;JAHR;Jahr;2024;DINSG;Deutschland insgesamt;DG;Deutschland;WZ08G3;WZ2008: Wirtschaftsbereiche der VGR;WZ08-80-01;Unternehmensdienstleister a.n.g.;1934;1000;ERW005;Arbeitnehmer
81000;Volkswirtschaftliche Gesamtrechnungen des Bundes;JAHR;Jahr;2022;DINSG;Deutschland insgesamt;DG;Deutschland;WZ08G3;WZ2008: Wirtschaftsbereiche der VGR;WZ08-25;Herstellung von Metallerzeugnissen;826;1000;ERW005;Arbeitnehmer
81000;Volkswirtschaftliche Gesamtrechnungen des Bundes;JAHR;Jahr;2023;DINSG;Deutschland insgesamt;DG;Deutschland;WZ08G3;WZ2008: Wirtschaftsbereiche der VGR;WZ08-16-01;H.v. Holzwaren, Papier und Druckerzeugnissen;364;1000;ERW005;Arbeitnehmer
81000;Volkswirtschaftliche Gesamtrechnungen des Bundes;JAHR;Jahr;2025;DINSG;Deutschland insgesamt;DG;Deutschland;WZ08G3;WZ2008: Wirtschaftsbereiche der VGR;WZ08-J;Information und Kommunikation;1443;1000;ERW005;Arbeitnehmer
81000;Volkswirtschaftliche Gesamtrechnungen des Bundes;JAHR;Jahr;2023;DINSG;Deutschland insgesamt;DG;Deutschland;WZ08G3;WZ2008: Wirtschaftsbereiche der VGR;WZ08-S;Erbringung von sonstigen Dienstleistungen;1161;1000;ERW005;Arbeitnehmer
81000;Volkswirtschaftliche Gesamtrechnungen des Bundes;JAHR;Jahr;2025;DINSG;Deutschland insgesamt;DG;Deutschland;WZ08G3;WZ2008: Wirtschaftsbereiche der VGR;WZ08-36;Wasserversorgung;...;1000;ERW005;Arbeitnehmer
81000;Volkswirtschaftliche Gesamtrechnungen des Bundes;JAHR;Jahr;2023;DINSG;Deutschland insgesamt;DG;Deutschland;WZ08G3;WZ2008: Wirtschaftsbereiche der VGR;WZ08-031;Fischerei;3;1000;ERW005;Arbeitnehmer
81000;Volkswirtschaftliche Gesamtrechnungen des Bundes;JAHR;Jahr;2024;DINSG;Deutschland insgesamt;DG;Deutschland;WZ08G3;WZ2008: Wirtschaftsbereiche der VGR;WZ08-13-01;Textil- und Bekleidungsgewerbe;113;1000;ERW005;Arbeitnehmer
81000;Volkswirtschaftliche Gesamtrechnungen des Bundes;JAHR;Jahr;2022;DINSG;Deutschland insgesamt;DG;Deutschland;WZ08G3;WZ2008: Wirtschaftsbereiche der VGR;WZ08-87-01;Heime und Sozialwesen;2846;1000;ERW005;Arbeitnehmer
81000;Volkswirtschaftliche Gesamtrechnungen des Bundes;JAHR;Jahr;2024;DINSG;Deutschland insgesamt;DG;Deutschland;WZ08G3;WZ2008: Wirtschaftsbereiche der VGR;WZ08-31-01;Möbelherstellung, Installation von Maschinen;620;1000;ERW005;Arbeitnehmer
81000;Volkswirtschaftliche Gesamtrechnungen des Bundes;JAHR;Jahr;2022;DINSG;Deutschland insgesamt;DG;Deutschland;WZ08G3;WZ2008: Wirtschaftsbereiche der VGR;WZ08-I;Gastgewerbe;1534;1000;ERW005;Arbeitnehmer
81000;Volkswirtschaftliche Gesamtrechnungen des Bundes;JAHR;Jahr;2024;DINSG;Deutschland insgesamt;DG;Deutschland;WZ08G3;WZ2008: Wirtschaftsbereiche der VGR;WZ08-S;Erbringung von sonstigen Dienstleistungen;1175;1000;ERW005;Arbeitnehmer
81000;Volkswirtschaftliche Gesamtrechnungen des Bundes;JAHR;Jahr;2021;DINSG;Deutschland insgesamt;DG;Deutschland;WZ08G3;WZ2008: Wirtschaftsbereiche der VGR;WZ08-29;Herstellung von Kraftwagen und Kraftwagenteilen;864;1000;ERW005;Arbeitnehmer
81000;Volkswirtschaftliche Gesamtrechnungen des Bundes;JAHR;Jahr;2024;DINSG;Deutschland insgesamt;DG;Deutschland;WZ08G3;WZ2008: Wirtschaftsbereiche der VGR;WZ08-M-02;Unternehmensdienstleister;5504;1000;ERW005;Arbeitnehmer
81000;Volkswirtschaftliche Gesamtrechnungen des Bundes;JAHR;Jahr;2021;DINSG;Deutschland insgesamt;DG;Deutschland;WZ08G3;WZ2008: Wirtschaftsbereiche der VGR;WZ08-I;Gastgewerbe;1415;1000;ERW005;Arbeitnehmer
81000;Volkswirtschaftliche Gesamtrechnungen des Bundes;JAHR;Jahr;2023;DINSG;Deutschland insgesamt;DG;Deutschland;WZ08G3;WZ2008: Wirtschaftsbereiche der VGR;WZ08-19;Kokerei und Mineralölverarbeitung;20;1000;ERW005;Arbeitnehmer
81000;Volkswirtschaftliche Gesamtrechnungen des Bundes;JAHR;Jahr;2025;DINSG;Deutschland insgesamt;DG;Deutschland;WZ08G3;WZ2008: Wirtschaftsbereiche der VGR;WZ08-01;Landwirtschaft, Jagd und verbundene Tätigkeiten;...;1000;ERW005;Arbeitnehmer
81000;Volkswirtschaftliche Gesamtrechnungen des Bundes;JAHR;Jahr;2021;DINSG;Deutschland insgesamt;DG;Deutschland;WZ08G3;WZ2008: Wirtschaftsbereiche der VGR;WZ08-71;Architektur-,Ing.büros,techn.,physik.Untersuchung;650;1000;ERW005;Arbeitnehmer
81000;Volkswirtschaftliche Gesamtrechnungen des Bundes;JAHR;Jahr;2025;DINSG;Deutschland insgesamt;DG;Deutschland;WZ08G3;WZ2008: Wirtschaftsbereiche der VGR;WZ08-24;Metallerzeugung und -bearbeitung;...;1000;ERW005;Arbeitnehmer
81000;Volkswirtschaftliche Gesamtrechnungen des Bundes;JAHR;Jahr;2022;DINSG;Deutschland insgesamt;DG;Deutschland;WZ08G3;WZ2008: Wirtschaftsbereiche der VGR;WZ08-58-01;Verlagswesen, audiovisuelle Medien und Rundfunk;262;1000;ERW005;Arbeitnehmer
81000;Volkswirtschaftliche Gesamtrechnungen des Bundes;JAHR;Jahr;2021;DINSG;Deutschland insgesamt;DG;Deutschland;WZ08G3;WZ2008: Wirtschaftsbereiche der VGR;WZ08-94;Interessenvertr., kirchl. u. sonst. Vereinigungen;703;1000;ERW005;Arbeitnehmer
81000;Volkswirtschaftliche Gesamtrechnungen des Bundes;JAHR;Jahr;2025;DINSG;Deutschland insgesamt;DG;Deutschland;WZ08G3;WZ2008: Wirtschaftsbereiche der VGR;WZ08-47;Einzelhandel (ohne Handel mit Kraftfahrzeugen);...;1000;ERW005;Arbeitnehmer
81000;Volkswirtschaftliche Gesamtrechnungen des Bundes;JAHR;Jahr;2024;DINSG;Deutschland insgesamt;DG;Deutschland;WZ08G3;WZ2008: Wirtschaftsbereiche der VGR;WZ08-B;Bergbau und Gewinnung von Steinen und Erden;38;1000;ERW005;Arbeitnehmer
81000;Volkswirtschaftliche Gesamtrechnungen des Bundes;JAHR;Jahr;2024;DINSG;Deutschland insgesamt;DG;Deutschland;WZ08G3;WZ2008: Wirtschaftsbereiche der VGR;WZ08-27;Herstellung von elektrischen Ausrüstungen;493;1000;ERW005;Arbeitnehmer
81000;Volkswirtschaftliche Gesamtrechnungen des Bundes;JAHR;Jahr;2023;DINSG;Deutschland insgesamt;DG;Deutschland;WZ08G3;WZ2008: Wirtschaftsbereiche der VGR;WZ08-B;Bergbau und Gewinnung von Steinen und Erden;39;1000;ERW005;Arbeitnehmer
81000;Volkswirtschaftliche Gesamtrechnungen des Bundes;JAHR;Jahr;2023;DINSG;Deutschland insgesamt;DG;Deutschland;WZ08G3;WZ2008: Wirtschaftsbereiche der VGR;WZ08-72;Forschung und Entwicklung;253;1000;ERW005;Arbeitnehmer
81000;Volkswirtschaftliche Gesamtrechnungen des Bundes;JAHR;Jahr;2021;DINSG;Deutschland insgesamt;DG;Deutschland;WZ08G3;WZ2008: Wirtschaftsbereiche der VGR;WZ08-18;H.v. Druckerz., Vervielf.v.Ton-,Bild-,Datenträgern;121;1000;ERW005;Arbeitnehmer
81000;Volkswirtschaftliche Gesamtrechnungen des Bundes;JAHR;Jahr;2023;DINSG;Deutschland insgesamt;DG;Deutschland;WZ08G3;WZ2008: Wirtschaftsbereiche der VGR;WZ08-95;Reparatur von DV-Geräten und Gebrauchsgütern;30;1000;ERW005;Arbeitnehmer
81000;Volkswirtschaftliche Gesamtrechnungen des Bundes;JAHR;Jahr;2022;DINSG;Deutschland insgesamt;DG;Deutschland;WZ08G3;WZ2008: Wirtschaftsbereiche der VGR;WZ08-26;H.v. DV-Geräten, elektron. u. opt. Erzeugnissen;368;1000;ERW005;Arbeitnehmer
81000;Volkswirtschaftliche Gesamtrechnungen des Bundes;JAHR;Jahr;2021;DINSG;Deutschland insgesamt;DG;Deutschland;WZ08G3;WZ2008: Wirtschaftsbereiche der VGR;WZ08-31-02;Herstellung von Möbeln und sonstigen Waren;378;1000;ERW005;Arbeitnehmer
81000;Volkswirtschaftliche Gesamtrechnungen des Bundes;JAHR;Jahr;2022;DINSG;Deutschland insgesamt;DG;Deutschland;WZ08G3;WZ2008: Wirtschaftsbereiche der VGR;WZ08-49;Landverkehr und Transport in Rohrfernleitungen;886;1000;ERW005;Arbeitnehmer
81000;Volkswirtschaftliche Gesamtrechnungen des Bundes;JAHR;Jahr;2023;DINSG;Deutschland insgesamt;DG;Deutschland;WZ08G3;WZ2008: Wirtschaftsbereiche der VGR;WZ08-10-01;Ernährungsgewerbe und Tabakverarbeitung;896;1000;ERW005;Arbeitnehmer
81000;Volkswirtschaftliche Gesamtrechnungen des Bundes;JAHR;Jahr;2024;DINSG;Deutschland insgesamt;DG;Deutschland;WZ08G3;WZ2008: Wirtschaftsbereiche der VGR;WZ08-22-01;H.v. Gummi-, Kunststoff-, Glaswaren, Keramik u.Ä.;622;1000;ERW005;Arbeitnehmer
81000;Volkswirtschaftliche Gesamtrechnungen des Bundes;JAHR;Jahr;2021;DINSG;Deutschland insgesamt;DG;Deutschland;WZ08G3;WZ2008: Wirtschaftsbereiche der VGR;WZ08-45;Kfz-Handel, Instandhaltung und Reparatur von Kfz;740;1000;ERW005;Arbeitnehmer
81000;Volkswirtschaftliche Gesamtrechnungen des Bundes;JAHR;Jahr;2021;DINSG;Deutschland insgesamt;DG;Deutschland;WZ08G3;WZ2008: Wirtschaftsbereiche der VGR;WZ08-22;Herstellung von Gummi- und Kunststoffwaren;423;1000;ERW005;Arbeitnehmer
81000;Volkswirtschaftliche Gesamtrechnungen des Bundes;JAHR;Jahr;2022;DINSG;Deutschland insgesamt;DG;Deutschland;WZ08G3;WZ2008: Wirtschaftsbereiche der VGR;WZ08-19;Kokerei und Mineralölverarbeitung;19;1000;ERW005;Arbeitnehmer
81000;Volkswirtschaftliche Gesamtrechnungen des Bundes;JAHR;Jahr;2025;DINSG;Deutschland insgesamt;DG;Deutschland;WZ08G3;WZ2008: Wirtschaftsbereiche der VGR;WZ08-50;Schifffahrt;...;1000;ERW005;Arbeitnehmer
81000;Volkswirtschaftliche Gesamtrechnungen des Bundes;JAHR;Jahr;2022;DINSG;Deutschland insgesamt;DG;Deutschland;WZ08G3;WZ2008: Wirtschaftsbereiche der VGR;WZ08-29-01;Fahrzeugbau;997;1000;ERW005;Arbeitnehmer
81000;Volkswirtschaftliche Gesamtrechnungen des Bundes;JAHR;Jahr;2025;DINSG;Deutschland insgesamt;DG;Deutschland;WZ08G3;WZ2008: Wirtschaftsbereiche der VGR;WZ08-K;Erbringung v. Finanz- u. Versicherungsdienstleist.;974;1000;ERW005;Arbeitnehmer
81000;Volkswirtschaftliche Gesamtrechnungen des Bundes;JAHR;Jahr;2025;DINSG;Deutschland insgesamt;DG;Deutschland;WZ08G3;WZ2008: Wirtschaftsbereiche der VGR;WZ08-73;Werbung und Marktforschung;...;1000;ERW005;Arbeitnehmer
81000;Volkswirtschaftliche Gesamtrechnungen des Bundes;JAHR;Jahr;2025;DINSG;Deutschland insgesamt;DG;Deutschland;WZ08G3;WZ2008: Wirtschaftsbereiche der VGR;WZ08-96;Sonstige überwiegend persönliche Dienstleistungen;...;1000;ERW005;Arbeitnehmer
81000;Volkswirtschaftliche Gesamtrechnungen des Bundes;JAHR;Jahr;2024;DINSG;Deutschland insgesamt;DG;Deutschland;WZ08G3;WZ2008: Wirtschaftsbereiche der VGR;WZ08-87-01;Heime und Sozialwesen;2939;1000;ERW005;Arbeitnehmer
81000;Volkswirtschaftliche Gesamtrechnungen des Bundes;JAHR;Jahr;2021;DINSG;Deutschland insgesamt;DG;Deutschland;WZ08G3;WZ2008: Wirtschaftsbereiche der VGR;WZ08-A-02;Alle Wirtschaftsbereiche;41097;1000;ERW005;Arbeitnehmer
81000;Volkswirtschaftliche Gesamtrechnungen des Bundes;JAHR;Jahr;2022;DINSG;Deutschland insgesamt;DG;Deutschland;WZ08G3;WZ2008: Wirtschaftsbereiche der VGR;WZ08-72;Forschung und Entwicklung;244;1000;ERW005;Arbeitnehmer
81000;Volkswirtschaftliche Gesamtrechnungen des Bundes;JAHR;Jahr;2022;DINSG;Deutschland insgesamt;DG;Deutschland;WZ08G3;WZ2008: Wirtschaftsbereiche der VGR;WZ08-95;Reparatur von DV-Geräten und Gebrauchsgütern;31;1000;ERW005;Arbeitnehmer
81000;Volkswirtschaftliche Gesamtrechnungen des Bundes;JAHR;Jahr;2024;DINSG;Deutschland insgesamt;DG;Deutschland;WZ08G3;WZ2008: Wirtschaftsbereiche der VGR;WZ08-58;Verlagswesen;131;1000;ERW005;Arbeitnehmer
81000;Volkswirtschaftliche Gesamtrechnungen des Bundes;JAHR;Jahr;2022;DINSG;Deutschland insgesamt;DG;Deutschland;WZ08G3;WZ2008: Wirtschaftsbereiche der VGR;WZ08-H;Verkehr und Lagerei;2284;1000;ERW005;Arbeitnehmer
81000;Volkswirtschaftliche Gesamtrechnungen des Bundes;JAHR;Jahr;2023;DINSG;Deutschland insgesamt;DG;Deutschland;WZ08G3;WZ2008: Wirtschaftsbereiche der VGR;WZ08-61;Telekommunikation;106;1000;ERW005;Arbeitnehmer
81000;Volkswirtschaftliche Gesamtrechnungen des Bundes;JAHR;Jahr;2022;DINSG;Deutschland insgesamt;DG;Deutschland;WZ08G3;WZ2008: Wirtschaftsbereiche der VGR;WZ08-80-01;Unternehmensdienstleister a.n.g.;1897;1000;ERW005;Arbeitnehmer
81000;Volkswirtschaftliche Gesamtrechnungen des Bundes;JAHR;Jahr;2023;DINSG;Deutschland insgesamt;DG;Deutschland;WZ08G3;WZ2008: Wirtschaftsbereiche der VGR;WZ08-31-01;Möbelherstellung, Installation von Maschinen;617;1000;ERW005;Arbeitnehmer
81000;Volkswirtschaftliche Gesamtrechnungen des Bundes;JAHR;Jahr;2025;DINSG;Deutschland insgesamt;DG;Deutschland;WZ08G3;WZ2008: Wirtschaftsbereiche der VGR;WZ08-61;Telekommunikation;...;1000;ERW005;Arbeitnehmer
81000;Volkswirtschaftliche Gesamtrechnungen des Bundes;JAHR;Jahr;2022;DINSG;Deutschland insgesamt;DG;Deutschland;WZ08G3;WZ2008: Wirtschaftsbereiche der VGR;WZ08-M-02;Unternehmensdienstleister;5441;1000;ERW005;Arbeitnehmer
81000;Volkswirtschaftliche Gesamtrechnungen des Bundes;JAHR;Jahr;2025;DINSG;Deutschland insgesamt;DG;Deutschland;WZ08G3;WZ2008: Wirtschaftsbereiche der VGR;WZ08-24-01;Metallgewerbe;...;1000;ERW005;Arbeitnehmer
81000;Volkswirtschaftliche Gesamtrechnungen des Bundes;JAHR;Jahr;2024;DINSG;Deutschland insgesamt;DG;Deutschland;WZ08G3;WZ2008: Wirtschaftsbereiche der VGR;WZ08-G;Handel, Instandhaltung und Reparatur von Kfz;5364;1000;ERW005;Arbeitnehmer
81000;Volkswirtschaftliche Gesamtrechnungen des Bundes;JAHR;Jahr;2021;DINSG;Deutschland insgesamt;DG;Deutschland;WZ08G3;WZ2008: Wirtschaftsbereiche der VGR;WZ08-L;Grundstücks- und Wohnungswesen;429;1000;ERW005;Arbeitnehmer
81000;Volkswirtschaftliche Gesamtrechnungen des Bundes;JAHR;Jahr;2025;DINSG;Deutschland insgesamt;DG;Deutschland;WZ08G3;WZ2008: Wirtschaftsbereiche der VGR;WZ08-O-03;Öffentliche Dienstleister, Erziehung, Gesundheit;11728;1000;ERW005;Arbeitnehmer
81000;Volkswirtschaftliche Gesamtrechnungen des Bundes;JAHR;Jahr;2025;DINSG;Deutschland insgesamt;DG;Deutschland;WZ08G3;WZ2008: Wirtschaftsbereiche der VGR;WZ08-22-01;H.v. Gummi-, Kunststoff-, Glaswaren, Keramik u.Ä.;...;1000;ERW005;Arbeitnehmer
81000;Volkswirtschaftliche Gesamtrechnungen des Bundes;JAHR;Jahr;2024;DINSG;Deutschland insgesamt;DG;Deutschland;WZ08G3;WZ2008: Wirtschaftsbereiche der VGR;WZ08-01;Landwirtschaft, Jagd und verbundene Tätigkeiten;317;1000;ERW005;Arbeitnehmer
81000;Volkswirtschaftliche Gesamtrechnungen des Bundes;JAHR;Jahr;2023;DINSG;Deutschland insgesamt;DG;Deutschland;WZ08G3;WZ2008: Wirtschaftsbereiche der VGR;WZ08-50;Schifffahrt;20;1000;ERW005;Arbeitnehmer
81000;Volkswirtschaftliche Gesamtrechnungen des Bundes;JAHR;Jahr;2024;DINSG;Deutschland insgesamt;DG;Deutschland;WZ08G3;WZ2008: Wirtschaftsbereiche der VGR;WZ08-24;Metallerzeugung und -bearbeitung;243;1000;ERW005;Arbeitnehmer
81000;Volkswirtschaftliche Gesamtrechnungen des Bundes;JAHR;Jahr;2024;DINSG;Deutschland insgesamt;DG;Deutschland;WZ08G3;WZ2008: Wirtschaftsbereiche der VGR;WZ08-47;Einzelhandel (ohne Handel mit Kraftfahrzeugen);2850;1000;ERW005;Arbeitnehmer
81000;Volkswirtschaftliche Gesamtrechnungen des Bundes;JAHR;Jahr;2022;DINSG;Deutschland insgesamt;DG;Deutschland;WZ08G3;WZ2008: Wirtschaftsbereiche der VGR;WZ08-61;Telekommunikation;106;1000;ERW005;Arbeitnehmer
81000;Volkswirtschaftliche Gesamtrechnungen des Bundes;JAHR;Jahr;2023;DINSG;Deutschland insgesamt;DG;Deutschland;WZ08G3;WZ2008: Wirtschaftsbereiche der VGR;WZ08-74-01;Freiberufl.,wiss.,techn.DL a.n.g., Veterinärwesen;158;1000;ERW005;Arbeitnehmer
81000;Volkswirtschaftliche Gesamtrechnungen des Bundes;JAHR;Jahr;2022;DINSG;Deutschland insgesamt;DG;Deutschland;WZ08G3;WZ2008: Wirtschaftsbereiche der VGR;WZ08-G-04;Dienstleistungsbereiche;31322;1000;ERW005;Arbeitnehmer
81000;Volkswirtschaftliche Gesamtrechnungen des Bundes;JAHR;Jahr;2023;DINSG;Deutschland insgesamt;DG;Deutschland;WZ08G3;WZ2008: Wirtschaftsbereiche der VGR;WZ08-73;Werbung und Marktforschung;182;1000;ERW005;Arbeitnehmer
81000;Volkswirtschaftliche Gesamtrechnungen des Bundes;JAHR;Jahr;2023;DINSG;Deutschland insgesamt;DG;Deutschland;WZ08G3;WZ2008: Wirtschaftsbereiche der VGR;WZ08-96;Sonstige überwiegend persönliche Dienstleistungen;423;1000;ERW005;Arbeitnehmer
81000;Volkswirtschaftliche Gesamtrechnungen des Bundes;JAHR;Jahr;2023;DINSG;Deutschland insgesamt;DG;Deutschland;WZ08G3;WZ2008: Wirtschaftsbereiche der VGR;WZ08-B-05;Produzierendes Gewerbe;10102;1000;ERW005;Arbeitnehmer
81000;Volkswirtschaftliche Gesamtrechnungen des Bundes;JAHR;Jahr;2023;DINSG;Deutschland insgesamt;DG;Deutschland;WZ08G3;WZ2008: Wirtschaftsbereiche der VGR;WZ08-K;Erbringung v. Finanz- u. Versicherungsdienstleist.;947;1000;ERW005;Arbeitnehmer
81000;Volkswirtschaftliche Gesamtrechnungen des Bundes;JAHR;Jahr;2021;DINSG;Deutschland insgesamt;DG;Deutschland;WZ08G3;WZ2008: Wirtschaftsbereiche der VGR;WZ08-23;H.v.Glas,-waren,Keramik,Verarb. v.Steinen u.Erden;229;1000;ERW005;Arbeitnehmer
81000;Volkswirtschaftliche Gesamtrechnungen des Bundes;JAHR;Jahr;2025;DINSG;Deutschland insgesamt;DG;Deutschland;WZ08G3;WZ2008: Wirtschaftsbereiche der VGR;WZ08-72;Forschung und Entwicklung;...;1000;ERW005;Arbeitnehmer
81000;Volkswirtschaftliche Gesamtrechnungen des Bundes;JAHR;Jahr;2025;DINSG;Deutschland insgesamt;DG;Deutschland;WZ08G3;WZ2008: Wirtschaftsbereiche der VGR;WZ08-95;Reparatur von DV-Geräten und Gebrauchsgütern;...;1000;ERW005;Arbeitnehmer
81000;Volkswirtschaftliche Gesamtrechnungen des Bundes;JAHR;Jahr;2025;DINSG;Deutschland insgesamt;DG;Deutschland;WZ08G3;WZ2008: Wirtschaftsbereiche der VGR;WZ08-L;Grundstücks- und Wohnungswesen;451;1000;ERW005;Arbeitnehmer
81000;Volkswirtschaftliche Gesamtrechnungen des Bundes;JAHR;Jahr;2021;DINSG;Deutschland insgesamt;DG;Deutschland;WZ08G3;WZ2008: Wirtschaftsbereiche der VGR;WZ08-46;Großhandel (ohne Handel mit Kraftfahrzeugen);1756;1000;ERW005;Arbeitnehmer
81000;Volkswirtschaftliche Gesamtrechnungen des Bundes;JAHR;Jahr;2025;DINSG;Deutschland insgesamt;DG;Deutschland;WZ08G3;WZ2008: Wirtschaftsbereiche der VGR;WZ08-19;Kokerei und Mineralölverarbeitung;...;1000;ERW005;Arbeitnehmer
81000;Volkswirtschaftliche Gesamtrechnungen des Bundes;JAHR;Jahr;2022;DINSG;Deutschland insgesamt;DG;Deutschland;WZ08G3;WZ2008: Wirtschaftsbereiche der VGR;WZ08-50;Schifffahrt;19;1000;ERW005;Arbeitnehmer
81000;Volkswirtschaftliche Gesamtrechnungen des Bundes;JAHR;Jahr;2022;DINSG;Deutschland insgesamt;DG;Deutschland;WZ08G3;WZ2008: Wirtschaftsbereiche der VGR;WZ08-96;Sonstige überwiegend persönliche Dienstleistungen;425;1000;ERW005;Arbeitnehmer
81000;Volkswirtschaftliche Gesamtrechnungen des Bundes;JAHR;Jahr;2024;DINSG;Deutschland insgesamt;DG;Deutschland;WZ08G3;WZ2008: Wirtschaftsbereiche der VGR;WZ08-36;Wasserversorgung;35;1000;ERW005;Arbeitnehmer
81000;Volkswirtschaftliche Gesamtrechnungen des Bundes;JAHR;Jahr;2022;DINSG;Deutschland insgesamt;DG;Deutschland;WZ08G3;WZ2008: Wirtschaftsbereiche der VGR;WZ08-73;Werbung und Marktforschung;183;1000;ERW005;Arbeitnehmer
81000;Volkswirtschaftliche Gesamtrechnungen des Bundes;JAHR;Jahr;2024;DINSG;Deutschland insgesamt;DG;Deutschland;WZ08G3;WZ2008: Wirtschaftsbereiche der VGR;WZ08-R-02;Sonstige Dienstleister;2597;1000;ERW005;Arbeitnehmer
81000;Volkswirtschaftliche Gesamtrechnungen des Bundes;JAHR;Jahr;2022;DINSG;Deutschland insgesamt;DG;Deutschland;WZ08G3;WZ2008: Wirtschaftsbereiche der VGR;WZ08-G;Handel, Instandhaltung und Reparatur von Kfz;5429;1000;ERW005;Arbeitnehmer
81000;Volkswirtschaftliche Gesamtrechnungen des Bundes;JAHR;Jahr;2023;DINSG;Deutschland insgesamt;DG;Deutschland;WZ08G3;WZ2008: Wirtschaftsbereiche der VGR;WZ08-31-02;Herstellung von Möbeln und sonstigen Waren;373;1000;ERW005;Arbeitnehmer
81000;Volkswirtschaftliche Gesamtrechnungen des Bundes;JAHR;Jahr;2025;DINSG;Deutschland insgesamt;DG;Deutschland;WZ08G3;WZ2008: Wirtschaftsbereiche der VGR;WZ08-10-01;Ernährungsgewerbe und Tabakverarbeitung;...;1000;ERW005;Arbeitnehmer
81000;Volkswirtschaftliche Gesamtrechnungen des Bundes;JAHR;Jahr;2021;DINSG;Deutschland insgesamt;DG;Deutschland;WZ08G3;WZ2008: Wirtschaftsbereiche der VGR;WZ08-58;Verlagswesen;142;1000;ERW005;Arbeitnehmer
81000;Volkswirtschaftliche Gesamtrechnungen des Bundes;JAHR;Jahr;2025;DINSG;Deutschland insgesamt;DG;Deutschland;WZ08G3;WZ2008: Wirtschaftsbereiche der VGR;WZ08-80-01;Unternehmensdienstleister a.n.g.;...;1000;ERW005;Arbeitnehmer
81000;Volkswirtschaftliche Gesamtrechnungen des Bundes;JAHR;Jahr;2024;DINSG;Deutschland insgesamt;DG;Deutschland;WZ08G3;WZ2008: Wirtschaftsbereiche der VGR;WZ08-H;Verkehr und Lagerei;2311;1000;ERW005;Arbeitnehmer
81000;Volkswirtschaftliche Gesamtrechnungen des Bundes;JAHR;Jahr;2024;DINSG;Deutschland insgesamt;DG;Deutschland;WZ08G3;WZ2008: Wirtschaftsbereiche der VGR;WZ08-90-01;Kunst und Kultur, Glücksspiel;267;1000;ERW005;Arbeitnehmer
81000;Volkswirtschaftliche Gesamtrechnungen des Bundes;JAHR;Jahr;2021;DINSG;Deutschland insgesamt;DG;Deutschland;WZ08G3;WZ2008: Wirtschaftsbereiche der VGR;WZ08-16-01;H.v. Holzwaren, Papier und Druckerzeugnissen;379;1000;ERW005;Arbeitnehmer
81000;Volkswirtschaftliche Gesamtrechnungen des Bundes;JAHR;Jahr;2021;DINSG;Deutschland insgesamt;DG;Deutschland;WZ08G3;WZ2008: Wirtschaftsbereiche der VGR;WZ08-K;Erbringung v. Finanz- u. Versicherungsdienstleist.;958;1000;ERW005;Arbeitnehmer
81000;Volkswirtschaftliche Gesamtrechnungen des Bundes;JAHR;Jahr;2023;DINSG;Deutschland insgesamt;DG;Deutschland;WZ08G3;WZ2008: Wirtschaftsbereiche der VGR;WZ08-51;Luftfahrt;64;1000;ERW005;Arbeitnehmer
81000;Volkswirtschaftliche Gesamtrechnungen des Bundes;JAHR;Jahr;2024;DINSG;Deutschland insgesamt;DG;Deutschland;WZ08G3;WZ2008: Wirtschaftsbereiche der VGR;WZ08-25;Herstellung von Metallerzeugnissen;801;1000;ERW005;Arbeitnehmer
81000;Volkswirtschaftliche Gesamtrechnungen des Bundes;JAHR;Jahr;2023;DINSG;Deutschland insgesamt;DG;Deutschland;WZ08G3;WZ2008: Wirtschaftsbereiche der VGR;WZ08-L;Grundstücks- und Wohnungswesen;445;1000;ERW005;Arbeitnehmer
81000;Volkswirtschaftliche Gesamtrechnungen des Bundes;JAHR;Jahr;2025;DINSG;Deutschland insgesamt;DG;Deutschland;WZ08G3;WZ2008: Wirtschaftsbereiche der VGR;WZ08-29-01;Fahrzeugbau;...;1000;ERW005;Arbeitnehmer
81000;Volkswirtschaftliche Gesamtrechnungen des Bundes;JAHR;Jahr;2021;DINSG;Deutschland insgesamt;DG;Deutschland;WZ08G3;WZ2008: Wirtschaftsbereiche der VGR;WZ08-87-01;Heime und Sozialwesen;2819;1000;ERW005;Arbeitnehmer
81000;Volkswirtschaftliche Gesamtrechnungen des Bundes;JAHR;Jahr;2021;DINSG;Deutschland insgesamt;DG;Deutschland;WZ08G3;WZ2008: Wirtschaftsbereiche der VGR;WZ08-01;Landwirtschaft, Jagd und verbundene Tätigkeiten;322;1000;ERW005;Arbeitnehmer
81000;Volkswirtschaftliche Gesamtrechnungen des Bundes;JAHR;Jahr;2023;DINSG;Deutschland insgesamt;DG;Deutschland;WZ08G3;WZ2008: Wirtschaftsbereiche der VGR;WZ08-G-01;Handel, Verkehr, Gastgewerbe;9320;1000;ERW005;Arbeitnehmer
81000;Volkswirtschaftliche Gesamtrechnungen des Bundes;JAHR;Jahr;2025;DINSG;Deutschland insgesamt;DG;Deutschland;WZ08G3;WZ2008: Wirtschaftsbereiche der VGR;WZ08-71;Architektur-,Ing.büros,techn.,physik.Untersuchung;...;1000;ERW005;Arbeitnehmer
81000;Volkswirtschaftliche Gesamtrechnungen des Bundes;JAHR;Jahr;2025;DINSG;Deutschland insgesamt;DG;Deutschland;WZ08G3;WZ2008: Wirtschaftsbereiche der VGR;WZ08-94;Interessenvertr., kirchl. u. sonst. Vereinigungen;...;1000;ERW005;Arbeitnehmer
81000;Volkswirtschaftliche Gesamtrechnungen des Bundes;JAHR;Jahr;2025;DINSG;Deutschland insgesamt;DG;Deutschland;WZ08G3;WZ2008: Wirtschaftsbereiche der VGR;WZ08-M-02;Unternehmensdienstleister;5456;1000;ERW005;Arbeitnehmer
81000;Volkswirtschaftliche Gesamtrechnungen des Bundes;JAHR;Jahr;2021;DINSG;Deutschland insgesamt;DG;Deutschland;WZ08G3;WZ2008: Wirtschaftsbereiche der VGR;WZ08-47;Einzelhandel (ohne Handel mit Kraftfahrzeugen);2901;1000;ERW005;Arbeitnehmer
81000;Volkswirtschaftliche Gesamtrechnungen des Bundes;JAHR;Jahr;2021;DINSG;Deutschland insgesamt;DG;Deutschland;WZ08G3;WZ2008: Wirtschaftsbereiche der VGR;WZ08-24;Metallerzeugung und -bearbeitung;246;1000;ERW005;Arbeitnehmer
81000;Volkswirtschaftliche Gesamtrechnungen des Bundes;JAHR;Jahr;2025;DINSG;Deutschland insgesamt;DG;Deutschland;WZ08G3;WZ2008: Wirtschaftsbereiche der VGR;WZ08-M;Freiberufliche, wiss. u. techn. Dienstleistungen;2617;1000;ERW005;Arbeitnehmer
81000;Volkswirtschaftliche Gesamtrechnungen des Bundes;JAHR;Jahr;2025;DINSG;Deutschland insgesamt;DG;Deutschland;WZ08G3;WZ2008: Wirtschaftsbereiche der VGR;WZ08-A-02;Alle Wirtschaftsbereiche;42214;1000;ERW005;Arbeitnehmer
81000;Volkswirtschaftliche Gesamtrechnungen des Bundes;JAHR;Jahr;2025;DINSG;Deutschland insgesamt;DG;Deutschland;WZ08G3;WZ2008: Wirtschaftsbereiche der VGR;WZ08-18;H.v. Druckerz., Vervielf.v.Ton-,Bild-,Datenträgern;...;1000;ERW005;Arbeitnehmer
81000;Volkswirtschaftliche Gesamtrechnungen des Bundes;JAHR;Jahr;2022;DINSG;Deutschland insgesamt;DG;Deutschland;WZ08G3;WZ2008: Wirtschaftsbereiche der VGR;WZ08-93;Dienstleistungen d.Sports,d.Unterhaltg.u.Erholung;256;1000;ERW005;Arbeitnehmer
81000;Volkswirtschaftliche Gesamtrechnungen des Bundes;JAHR;Jahr;2024;DINSG;Deutschland insgesamt;DG;Deutschland;WZ08G3;WZ2008: Wirtschaftsbereiche der VGR;WZ08-16-01;H.v. Holzwaren, Papier und Druckerzeugnissen;350;1000;ERW005;Arbeitnehmer
81000;Volkswirtschaftliche Gesamtrechnungen des Bundes;JAHR;Jahr;2021;DINSG;Deutschland insgesamt;DG;Deutschland;WZ08G3;WZ2008: Wirtschaftsbereiche der VGR;WZ08-90-01;Kunst und Kultur, Glücksspiel;255;1000;ERW005;Arbeitnehmer
81000;Volkswirtschaftliche Gesamtrechnungen des Bundes;JAHR;Jahr;2024;DINSG;Deutschland insgesamt;DG;Deutschland;WZ08G3;WZ2008: Wirtschaftsbereiche der VGR;WZ08-79;Reisebüros, -veranstalter u. sonst. Reservierungen;73;1000;ERW005;Arbeitnehmer
81000;Volkswirtschaftliche Gesamtrechnungen des Bundes;JAHR;Jahr;2022;DINSG;Deutschland insgesamt;DG;Deutschland;WZ08G3;WZ2008: Wirtschaftsbereiche der VGR;WZ08-37-01;Abwasser-, Abfallentsorgung, Rückgewinnung;259;1000;ERW005;Arbeitnehmer
81000;Volkswirtschaftliche Gesamtrechnungen des Bundes;JAHR;Jahr;2022;DINSG;Deutschland insgesamt;DG;Deutschland;WZ08G3;WZ2008: Wirtschaftsbereiche der VGR;WZ08-F;Baugewerbe;2189;1000;ERW005;Arbeitnehmer
81000;Volkswirtschaftliche Gesamtrechnungen des Bundes;JAHR;Jahr;2022;DINSG;Deutschland insgesamt;DG;Deutschland;WZ08G3;WZ2008: Wirtschaftsbereiche der VGR;WZ08-O-03;Öffentliche Dienstleister, Erziehung, Gesundheit;11264;1000;ERW005;Arbeitnehmer
81000;Volkswirtschaftliche Gesamtrechnungen des Bundes;JAHR;Jahr;2024;DINSG;Deutschland insgesamt;DG;Deutschland;WZ08G3;WZ2008: Wirtschaftsbereiche der VGR;WZ08-33;Reparatur u.Installation von Masch.u.Ausrüstungen;252;1000;ERW005;Arbeitnehmer
81000;Volkswirtschaftliche Gesamtrechnungen des Bundes;JAHR;Jahr;2023;DINSG;Deutschland insgesamt;DG;Deutschland;WZ08G3;WZ2008: Wirtschaftsbereiche der VGR;WZ08-86;Gesundheitswesen;3069;1000;ERW005;Arbeitnehmer
81000;Volkswirtschaftliche Gesamtrechnungen des Bundes;JAHR;Jahr;2022;DINSG;Deutschland insgesamt;DG;Deutschland;WZ08G3;WZ2008: Wirtschaftsbereiche der VGR;WZ08-17;Herstellung von Papier, Pappe und Waren daraus;133;1000;ERW005;Arbeitnehmer
81000;Volkswirtschaftliche Gesamtrechnungen des Bundes;JAHR;Jahr;2022;DINSG;Deutschland insgesamt;DG;Deutschland;WZ08G3;WZ2008: Wirtschaftsbereiche der VGR;WZ08-29;Herstellung von Kraftwagen und Kraftwagenteilen;855;1000;ERW005;Arbeitnehmer
81000;Volkswirtschaftliche Gesamtrechnungen des Bundes;JAHR;Jahr;2021;DINSG;Deutschland insgesamt;DG;Deutschland;WZ08G3;WZ2008: Wirtschaftsbereiche der VGR;WZ08-69-01;Unternehmensnahe Beratungsleistungen;1845;1000;ERW005;Arbeitnehmer
81000;Volkswirtschaftliche Gesamtrechnungen des Bundes;JAHR;Jahr;2021;DINSG;Deutschland insgesamt;DG;Deutschland;WZ08G3;WZ2008: Wirtschaftsbereiche der VGR;WZ08-36;Wasserversorgung;33;1000;ERW005;Arbeitnehmer
81000;Volkswirtschaftliche Gesamtrechnungen des Bundes;JAHR;Jahr;2021;DINSG;Deutschland insgesamt;DG;Deutschland;WZ08G3;WZ2008: Wirtschaftsbereiche der VGR;WZ08-N;Sonstige wirtschaftliche Dienstleistungen;2888;1000;ERW005;Arbeitnehmer
81000;Volkswirtschaftliche Gesamtrechnungen des Bundes;JAHR;Jahr;2024;DINSG;Deutschland insgesamt;DG;Deutschland;WZ08G3;WZ2008: Wirtschaftsbereiche der VGR;WZ08-E;Wasserversorg.,Entsorg.,Beseitig.v.Umweltverschm.;302;1000;ERW005;Arbeitnehmer
81000;Volkswirtschaftliche Gesamtrechnungen des Bundes;JAHR;Jahr;2025;DINSG;Deutschland insgesamt;DG;Deutschland;WZ08G3;WZ2008: Wirtschaftsbereiche der VGR;WZ08-29;Herstellung von Kraftwagen und Kraftwagenteilen;...;1000;ERW005;Arbeitnehmer
81000;Volkswirtschaftliche Gesamtrechnungen des Bundes;JAHR;Jahr;2021;DINSG;Deutschland insgesamt;DG;Deutschland;WZ08G3;WZ2008: Wirtschaftsbereiche der VGR;WZ08-031;Fischerei;3;1000;ERW005;Arbeitnehmer
81000;Volkswirtschaftliche Gesamtrechnungen des Bundes;JAHR;Jahr;2022;DINSG;Deutschland insgesamt;DG;Deutschland;WZ08G3;WZ2008: Wirtschaftsbereiche der VGR;WZ08-10-01;Ernährungsgewerbe und Tabakverarbeitung;901;1000;ERW005;Arbeitnehmer
81000;Volkswirtschaftliche Gesamtrechnungen des Bundes;JAHR;Jahr;2023;DINSG;Deutschland insgesamt;DG;Deutschland;WZ08G3;WZ2008: Wirtschaftsbereiche der VGR;WZ08-52;Lagerei, sonstige Dienstleistungen für den Verkehr;788;1000;ERW005;Arbeitnehmer
81000;Volkswirtschaftliche Gesamtrechnungen des Bundes;JAHR;Jahr;2024;DINSG;Deutschland insgesamt;DG;Deutschland;WZ08G3;WZ2008: Wirtschaftsbereiche der VGR;WZ08-45;Kfz-Handel, Instandhaltung und Reparatur von Kfz;752;1000;ERW005;Arbeitnehmer
81000;Volkswirtschaftliche Gesamtrechnungen des Bundes;JAHR;Jahr;2022;DINSG;Deutschland insgesamt;DG;Deutschland;WZ08G3;WZ2008: Wirtschaftsbereiche der VGR;WZ08-73-01;Sonst.freiberufl., wissenschaftl., techn. Dienstl.;337;1000;ERW005;Arbeitnehmer
81000;Volkswirtschaftliche Gesamtrechnungen des Bundes;JAHR;Jahr;2025;DINSG;Deutschland insgesamt;DG;Deutschland;WZ08G3;WZ2008: Wirtschaftsbereiche der VGR;WZ08-N;Sonstige wirtschaftliche Dienstleistungen;2839;1000;ERW005;Arbeitnehmer
81000;Volkswirtschaftliche Gesamtrechnungen des Bundes;JAHR;Jahr;2022;DINSG;Deutschland insgesamt;DG;Deutschland;WZ08G3;WZ2008: Wirtschaftsbereiche der VGR;WZ08-031;Fischerei;3;1000;ERW005;Arbeitnehmer
81000;Volkswirtschaftliche Gesamtrechnungen des Bundes;JAHR;Jahr;2023;DINSG;Deutschland insgesamt;DG;Deutschland;WZ08G3;WZ2008: Wirtschaftsbereiche der VGR;WZ08-M;Freiberufliche, wiss. u. techn. Dienstleistungen;2556;1000;ERW005;Arbeitnehmer
81000;Volkswirtschaftliche Gesamtrechnungen des Bundes;JAHR;Jahr;2024;DINSG;Deutschland insgesamt;DG;Deutschland;WZ08G3;WZ2008: Wirtschaftsbereiche der VGR;WZ08-22;Herstellung von Gummi- und Kunststoffwaren;401;1000;ERW005;Arbeitnehmer
81000;Volkswirtschaftliche Gesamtrechnungen des Bundes;JAHR;Jahr;2024;DINSG;Deutschland insgesamt;DG;Deutschland;WZ08G3;WZ2008: Wirtschaftsbereiche der VGR;WZ08-59-01;Audiovisuelle Medien und Rundfunk;120;1000;ERW005;Arbeitnehmer
81000;Volkswirtschaftliche Gesamtrechnungen des Bundes;JAHR;Jahr;2022;DINSG;Deutschland insgesamt;DG;Deutschland;WZ08G3;WZ2008: Wirtschaftsbereiche der VGR;WZ08-18;H.v. Druckerz., Vervielf.v.Ton-,Bild-,Datenträgern;116;1000;ERW005;Arbeitnehmer
81000;Volkswirtschaftliche Gesamtrechnungen des Bundes;JAHR;Jahr;2025;DINSG;Deutschland insgesamt;DG;Deutschland;WZ08G3;WZ2008: Wirtschaftsbereiche der VGR;WZ08-93;Dienstleistungen d.Sports,d.Unterhaltg.u.Erholung;...;1000;ERW005;Arbeitnehmer
81000;Volkswirtschaftliche Gesamtrechnungen des Bundes;JAHR;Jahr;2021;DINSG;Deutschland insgesamt;DG;Deutschland;WZ08G3;WZ2008: Wirtschaftsbereiche der VGR;WZ08-25;Herstellung von Metallerzeugnissen;829;1000;ERW005;Arbeitnehmer
81000;Volkswirtschaftliche Gesamtrechnungen des Bundes;JAHR;Jahr;2021;DINSG;Deutschland insgesamt;DG;Deutschland;WZ08G3;WZ2008: Wirtschaftsbereiche der VGR;WZ08-62-01;IT- und Informationsdienstleister;950;1000;ERW005;Arbeitnehmer
81000;Volkswirtschaftliche Gesamtrechnungen des Bundes;JAHR;Jahr;2021;DINSG;Deutschland insgesamt;DG;Deutschland;WZ08G3;WZ2008: Wirtschaftsbereiche der VGR;WZ08-59-01;Audiovisuelle Medien und Rundfunk;115;1000;ERW005;Arbeitnehmer
81000;Volkswirtschaftliche Gesamtrechnungen des Bundes;JAHR;Jahr;2025;DINSG;Deutschland insgesamt;DG;Deutschland;WZ08G3;WZ2008: Wirtschaftsbereiche der VGR;WZ08-17;Herstellung von Papier, Pappe und Waren daraus;...;1000;ERW005;Arbeitnehmer
81000;Volkswirtschaftliche Gesamtrechnungen des Bundes;JAHR;Jahr;2021;DINSG;Deutschland insgesamt;DG;Deutschland;WZ08G3;WZ2008: Wirtschaftsbereiche der VGR;WZ08-021;Forstwirtschaft;33;1000;ERW005;Arbeitnehmer
81000;Volkswirtschaftliche Gesamtrechnungen des Bundes;JAHR;Jahr;2022;DINSG;Deutschland insgesamt;DG;Deutschland;WZ08G3;WZ2008: Wirtschaftsbereiche der VGR;WZ08-71;Architektur-,Ing.büros,techn.,physik.Untersuchung;668;1000;ERW005;Arbeitnehmer
81000;Volkswirtschaftliche Gesamtrechnungen des Bundes;JAHR;Jahr;2023;DINSG;Deutschland insgesamt;DG;Deutschland;WZ08G3;WZ2008: Wirtschaftsbereiche der VGR;WZ08-41;Hochbau;302;1000;ERW005;Arbeitnehmer
81000;Volkswirtschaftliche Gesamtrechnungen des Bundes;JAHR;Jahr;2022;DINSG;Deutschland insgesamt;DG;Deutschland;WZ08G3;WZ2008: Wirtschaftsbereiche der VGR;WZ08-94;Interessenvertr., kirchl. u. sonst. Vereinigungen;701;1000;ERW005;Arbeitnehmer
81000;Volkswirtschaftliche Gesamtrechnungen des Bundes;JAHR;Jahr;2022;DINSG;Deutschland insgesamt;DG;Deutschland;WZ08G3;WZ2008: Wirtschaftsbereiche der VGR;WZ08-E;Wasserversorg.,Entsorg.,Beseitig.v.Umweltverschm.;293;1000;ERW005;Arbeitnehmer
81000;Volkswirtschaftliche Gesamtrechnungen des Bundes;JAHR;Jahr;2023;DINSG;Deutschland insgesamt;DG;Deutschland;WZ08G3;WZ2008: Wirtschaftsbereiche der VGR;WZ08-64;Erbringung von Finanzdienstleistungen;555;1000;ERW005;Arbeitnehmer
81000;Volkswirtschaftliche Gesamtrechnungen des Bundes;JAHR;Jahr;2021;DINSG;Deutschland insgesamt;DG;Deutschland;WZ08G3;WZ2008: Wirtschaftsbereiche der VGR;WZ08-69-02;Rechts- und Steuerberatung, Unternehmensberatung;1195;1000;ERW005;Arbeitnehmer
81000;Volkswirtschaftliche Gesamtrechnungen des Bundes;JAHR;Jahr;2021;DINSG;Deutschland insgesamt;DG;Deutschland;WZ08G3;WZ2008: Wirtschaftsbereiche der VGR;WZ08-24-01;Metallgewerbe;1075;1000;ERW005;Arbeitnehmer
81000;Volkswirtschaftliche Gesamtrechnungen des Bundes;JAHR;Jahr;2024;DINSG;Deutschland insgesamt;DG;Deutschland;WZ08G3;WZ2008: Wirtschaftsbereiche der VGR;WZ08-F;Baugewerbe;2181;1000;ERW005;Arbeitnehmer
81000;Volkswirtschaftliche Gesamtrechnungen des Bundes;JAHR;Jahr;2021;DINSG;Deutschland insgesamt;DG;Deutschland;WZ08G3;WZ2008: Wirtschaftsbereiche der VGR;WZ08-R-02;Sonstige Dienstleister;2575;1000;ERW005;Arbeitnehmer
81000;Volkswirtschaftliche Gesamtrechnungen des Bundes;JAHR;Jahr;2025;DINSG;Deutschland insgesamt;DG;Deutschland;WZ08G3;WZ2008: Wirtschaftsbereiche der VGR;WZ08-28;Maschinenbau;...;1000;ERW005;Arbeitnehmer
81000;Volkswirtschaftliche Gesamtrechnungen des Bundes;JAHR;Jahr;2021;DINSG;Deutschland insgesamt;DG;Deutschland;WZ08G3;WZ2008: Wirtschaftsbereiche der VGR;WZ08-M;Freiberufliche, wiss. u. techn. Dienstleistungen;2417;1000;ERW005;Arbeitnehmer
81000;Volkswirtschaftliche Gesamtrechnungen des Bundes;JAHR;Jahr;2023;DINSG;Deutschland insgesamt;DG;Deutschland;WZ08G3;WZ2008: Wirtschaftsbereiche der VGR;WZ08-53;Post-, Kurier- und Expressdienste;529;1000;ERW005;Arbeitnehmer
81000;Volkswirtschaftliche Gesamtrechnungen des Bundes;JAHR;Jahr;2023;DINSG;Deutschland insgesamt;DG;Deutschland;WZ08G3;WZ2008: Wirtschaftsbereiche der VGR;WZ08-30;Sonstiger Fahrzeugbau;148;1000;ERW005;Arbeitnehmer
81000;Volkswirtschaftliche Gesamtrechnungen des Bundes;JAHR;Jahr;2024;DINSG;Deutschland insgesamt;DG;Deutschland;WZ08G3;WZ2008: Wirtschaftsbereiche der VGR;WZ08-23;H.v.Glas,-waren,Keramik,Verarb. v.Steinen u.Erden;221;1000;ERW005;Arbeitnehmer
81000;Volkswirtschaftliche Gesamtrechnungen des Bundes;JAHR;Jahr;2024;DINSG;Deutschland insgesamt;DG;Deutschland;WZ08G3;WZ2008: Wirtschaftsbereiche der VGR;WZ08-46;Großhandel (ohne Handel mit Kraftfahrzeugen);1762;1000;ERW005;Arbeitnehmer
81000;Volkswirtschaftliche Gesamtrechnungen des Bundes;JAHR;Jahr;2023;DINSG;Deutschland insgesamt;DG;Deutschland;WZ08G3;WZ2008: Wirtschaftsbereiche der VGR;WZ08-N;Sonstige wirtschaftliche Dienstleistungen;2957;1000;ERW005;Arbeitnehmer
81000;Volkswirtschaftliche Gesamtrechnungen des Bundes;JAHR;Jahr;2025;DINSG;Deutschland insgesamt;DG;Deutschland;WZ08G3;WZ2008: Wirtschaftsbereiche der VGR;WZ08-O;Öff. Verwaltung, Verteidigung, Sozialversicherung;2969;1000;ERW005;Arbeitnehmer
