statistics_code;statistics_label;time_code;time_label;time;1_variable_code;1_variable_label;1_variable_attribute_code;1_variable_attribute_label;2_variable_code;2_variable_label;2_variable_attribute_code;2_variable_attribute_label;3_variable_code;3_variable_label;3_variable_attribute_code;3_variable_attribute_label;4_variable_code;4_variable_label;4_variable_attribute_code;4_variable_attribute_label;value;value_unit;value_variable_code;value_variable_label
61511;Statistik der Kaufwerte für Bauland;JAHR;Jahr;2020;QUARTG;Quartale;QUART1;1. Quartal;DINSG;Deutschland insgesamt;DG;Deutschland;BAULA2;Baulandarten;BAULAND06;Sonstiges Bauland;GEBA02;Baugebiete;GEBIETSART06;Dorfgebiet;49;Anzahl;KAU002;Kauffälle
61511;Statistik der Kaufwerte für Bauland;JAHR;Jahr;2020;QUARTG;Quartale;QUART1;1. Quartal;DINSG;Deutschland insgesamt;DG;Deutschland;BAULA2;Baulandarten;BAULAND06;Sonstiges Bauland;GEBA02;Baugebiete;GEBIETSART06;Dorfgebiet;23,17;EUR/qm;KAU004;Durchschnittlicher Kaufwert
61511;Statistik der Kaufwerte für Bauland;JAHR;Jahr;2020;QUARTG;Quartale;QUART1;1. Quartal;DINSG;Deutschland insgesamt;DG;Deutschland;BAULA2;Baulandarten;BAULAND06;Sonstiges Bauland;GEBA02;Baugebiete;GEBIETSART06;Dorfgebiet;72;1000 qm;FLC023;Veräußerte Fläche
61511;Statistik der Kaufwerte für Bauland;JAHR;Jahr;2020;QUARTG;Quartale;QUART1;1. Quartal;DINSG;Deutschland insgesamt;DG;Deutschland;BAULA2;Baulandarten;BAULAND02;Rohbauland;GEBA02;Baugebiete;GEBIETSART03;Wohngebiet in geschlossener Bauweise;18;Anzahl;KAU002;Kauffälle
61511;Statistik der Kaufwerte für Bauland;JAHR;Jahr;2020;QUARTG;Quartale;QUART1;1. Quartal;DINSG;Deutschland insgesamt;DG;Deutschland;BAULA2;Baulandarten;BAULAND02;Rohbauland;GEBA02;Baugebiete;GEBIETSART03;Wohngebiet in geschlossener Bauweise;21,11;EUR/qm;KAU004;Durchschnittlicher Kaufwert
61511;Statistik der Kaufwerte für Bauland;JAHR;Jahr;2020;QUARTG;Quartale;QUART1;1. Quartal;DINSG;Deutschland insgesamt;DG;Deutschland;BAULA2;Baulandarten;BAULAND02;Rohbauland;GEBA02;Baugebiete;GEBIETSART03;Wohngebiet in geschlossener Bauweise;26;1000 qm;FLC023;Veräußerte Fläche
61511;Statistik der Kaufwerte für Bauland;JAHR;Jahr;2020;QUARTG;Quartale;QUART3;3. Quartal;DINSG;Deutschland insgesamt;DG;Deutschland;BAULA2;Baulandarten;BAULAND02;Rohbauland;GEBA02;Baugebiete;;Insgesamt;527;Anzahl;KAU002;Kauffälle
61511;Statistik der Kaufwerte für Bauland;JAHR;Jahr;2020;QUARTG;Quartale;QUART3;3. Quartal;DINSG;Deutschland insgesamt;DG;Deutschland;BAULA2;Baulandarten;BAULAND02;Rohbauland;GEBA02;Baugebiete;;Insgesamt;60,26;EUR/qm;KAU004;Durchschnittlicher Kaufwert
61511;Statistik der Kaufwerte für Bauland;JAHR;Jahr;2020;QUARTG;Quartale;QUART3;3. Quartal;DINSG;Deutschland insgesamt;DG;Deutschland;BAULA2;Baulandarten;BAULAND02;Rohbauland;GEBA02;Baugebiete;;Insgesamt;2971;1000 qm;FLC023;Veräußerte Fläche
61511;Statistik der Kaufwerte für Bauland;JAHR;Jahr;2020;QUARTG;Quartale;QUART4;4. Quartal;DINSG;Deutschland insgesamt;DG;Deutschland;BAULA2;Baulandarten;BAULAND02;Rohbauland;GEBA02;Baugebiete;GEBIETSART04;Wohngebiet in offener Bauweise;348;Anzahl;KAU002;Kauffälle
61511;Statistik der Kaufwerte für Bauland;JAHR;Jahr;2020;QUARTG;Quartale;QUART4;4. Quartal;DINSG;Deutschland insgesamt;DG;Deutschland;BAULA2;Baulandarten;BAULAND02;Rohbauland;GEBA02;Baugebiete;GEBIETSART04;Wohngebiet in offener Bauweise;63,98;EUR/qm;KAU004;Durchschnittlicher Kaufwert
61511;Statistik der Kaufwerte für Bauland;JAHR;Jahr;2020;QUARTG;Quartale;QUART4;4. Quartal;DINSG;Deutschland insgesamt;DG;Deutschland;BAULA2;Baulandarten;BAULAND02;Rohbauland;GEBA02;Baugebiete;GEBIETSART04;Wohngebiet in offener Bauweise;2031;1000 qm;FLC023;Veräußerte Fläche
61511;Statistik der Kaufwerte für Bauland;JAHR;Jahr;2020;QUARTG;Quartale;QUART3;3. Quartal;DINSG;Deutschland insgesamt;DG;Deutschland;BAULA2;Baulandarten;;Insgesamt;GEBA02;Baugebiete;GEBIETSART06;Dorfgebiet;2278;Anzahl;KAU002;Kauffälle
61511;Statistik der Kaufwerte für Bauland;JAHR;Jahr;2020;QUARTG;Quartale;QUART3;3. Quartal;DINSG;Deutschland insgesamt;DG;Deutschland;BAULA2;Baulandarten;;Insgesamt;GEBA02;Baugebiete;GEBIETSART06;Dorfgebiet;53,36;EUR/qm;KAU004;Durchschnittlicher Kaufwert
61511;Statistik der Kaufwerte für Bauland;JAHR;Jahr;2020;QUARTG;Quartale;QUART3;3. Quartal;DINSG;Deutschland insgesamt;DG;Deutschland;BAULA2;Baulandarten;;Insgesamt;GEBA02;Baugebiete;GEBIETSART06;Dorfgebiet;3156;1000 qm;FLC023;Veräußerte Fläche
61511;Statistik der Kaufwerte für Bauland;JAHR;Jahr;2020;QUARTG;Quartale;QUART3;3. Quartal;DINSG;Deutschland insgesamt;DG;Deutschland;BAULA2;Baulandarten;;Insgesamt;GEBA02;Baugebiete;GEBIETSART02;Geschäftsgebiet mit Wohngebiet gemischt;1300;Anzahl;KAU002;Kauffälle
61511;Statistik der Kaufwerte für Bauland;JAHR;Jahr;2020;QUARTG;Quartale;QUART3;3. Quartal;DINSG;Deutschland insgesamt;DG;Deutschland;BAULA2;Baulandarten;;Insgesamt;GEBA02;Baugebiete;GEBIETSART02;Geschäftsgebiet mit Wohngebiet gemischt;144,61;EUR/qm;KAU004;Durchschnittlicher Kaufwert
61511;Statistik der Kaufwerte für Bauland;JAHR;Jahr;2020;QUARTG;Quartale;QUART3;3. Quartal;DINSG;Deutschland insgesamt;DG;Deutschland;BAULA2;Baulandarten;;Insgesamt;GEBA02;Baugebiete;GEBIETSART02;Geschäftsgebiet mit Wohngebiet gemischt;1732;1000 qm;FLC023;Veräußerte Fläche
61511;Statistik der Kaufwerte für Bauland;JAHR;Jahr;2020;QUARTG;Quartale;QUART1;1. Quartal;DINSG;Deutschland insgesamt;DG;Deutschland;BAULA2;Baulandarten;BAULAND02;Rohbauland;GEBA02;Baugebiete;;Insgesamt;403;Anzahl;KAU002;Kauffälle
61511;Statistik der Kaufwerte für Bauland;JAHR;Jahr;2020;QUARTG;Quartale;QUART1;1. Quartal;DINSG;Deutschland insgesamt;DG;Deutschland;BAULA2;Baulandarten;BAULAND02;Rohbauland;GEBA02;Baugebiete;;Insgesamt;48,57;EUR/qm;KAU004;Durchschnittlicher Kaufwert
61511;Statistik der Kaufwerte für Bauland;JAHR;Jahr;2020;QUARTG;Quartale;QUART1;1. Quartal;DINSG;Deutschland insgesamt;DG;Deutschland;BAULA2;Baulandarten;BAULAND02;Rohbauland;GEBA02;Baugebiete;;Insgesamt;2014;1000 qm;FLC023;Veräußerte Fläche
61511;Statistik der Kaufwerte für Bauland;JAHR;Jahr;2020;QUARTG;Quartale;QUART2;2. Quartal;DINSG;Deutschland insgesamt;DG;Deutschland;BAULA2;Baulandarten;BAULAND02;Rohbauland;GEBA02;Baugebiete;GEBIETSART03;Wohngebiet in geschlossener Bauweise;31;Anzahl;KAU002;Kauffälle
61511;Statistik der Kaufwerte für Bauland;JAHR;Jahr;2020;QUARTG;Quartale;QUART2;2. Quartal;DINSG;Deutschland insgesamt;DG;Deutschland;BAULA2;Baulandarten;BAULAND02;Rohbauland;GEBA02;Baugebiete;GEBIETSART03;Wohngebiet in geschlossener Bauweise;26,29;EUR/qm;KAU004;Durchschnittlicher Kaufwert
61511;Statistik der Kaufwerte für Bauland;JAHR;Jahr;2020;QUARTG;Quartale;QUART2;2. Quartal;DINSG;Deutschland insgesamt;DG;Deutschland;BAULA2;Baulandarten;BAULAND02;Rohbauland;GEBA02;Baugebiete;GEBIETSART03;Wohngebiet in geschlossener Bauweise;58;1000 qm;FLC023;Veräußerte Fläche
61511;Statistik der Kaufwerte für Bauland;JAHR;Jahr;2020;QUARTG;Quartale;QUART2;2. Quartal;DINSG;Deutschland insgesamt;DG;Deutschland;BAULA2;Baulandarten;BAULAND06;Sonstiges Bauland;GEBA02;Baugebiete;GEBIETSART02;Geschäftsgebiet mit Wohngebiet gemischt;20;Anzahl;KAU002;Kauffälle
61511;Statistik der Kaufwerte für Bauland;JAHR;Jahr;2020;QUARTG;Quartale;QUART2;2. Quartal;DINSG;Deutschland insgesamt;DG;Deutschland;BAULA2;Baulandarten;BAULAND06;Sonstiges Bauland;GEBA02;Baugebiete;GEBIETSART02;Geschäftsgebiet mit Wohngebiet gemischt;22,77;EUR/qm;KAU004;Durchschnittlicher Kaufwert
61511;Statistik der Kaufwerte für Bauland;JAHR;Jahr;2020;QUARTG;Quartale;QUART2;2. Quartal;DINSG;Deutschland insgesamt;DG;Deutschland;BAULA2;Baulandarten;BAULAND06;Sonstiges Bauland;GEBA02;Baugebiete;GEBIETSART02;Geschäftsgebiet mit Wohngebiet gemischt;77;1000 qm;FLC023;Veräußerte Fläche
61511;Statistik der Kaufwerte für Bauland;JAHR;Jahr;2020;QUARTG;Quartale;QUART1;1. Quartal;DINSG;Deutschland insgesamt;DG;Deutschland;BAULA2;Baulandarten;;Insgesamt;GEBA02;Baugebiete;GEBIETSART03B04;Wohngebiet insgesamt;11380;Anzahl;KAU002;Kauffälle
61511;Statistik der Kaufwerte für Bauland;JAHR;Jahr;2020;QUARTG;Quartale;QUART1;1. Quartal;DINSG;Deutschland insgesamt;DG;Deutschland;BAULA2;Baulandarten;;Insgesamt;GEBA02;Baugebiete;GEBIETSART03B04;Wohngebiet insgesamt;160,99;EUR/qm;KAU004;Durchschnittlicher Kaufwert
61511;Statistik der Kaufwerte für Bauland;JAHR;Jahr;2020;QUARTG;Quartale;QUART1;1. Quartal;DINSG;Deutschland insgesamt;DG;Deutschland;BAULA2;Baulandarten;;Insgesamt;GEBA02;Baugebiete;GEBIETSART03B04;Wohngebiet insgesamt;11175;1000 qm;FLC023;Veräußerte Fläche
61511;Statistik der Kaufwerte für Bauland;JAHR;Jahr;2020;QUARTG;Quartale;QUART4;4. Quartal;DINSG;Deutschland insgesamt;DG;Deutschland;BAULA2;Baulandarten;BAULAND01;Baureifes Land;GEBA02;Baugebiete;GEBIETSART06;Dorfgebiet;2070;Anzahl;KAU002;Kauffälle
61511;Statistik der Kaufwerte für Bauland;JAHR;Jahr;2020;QUARTG;Quartale;QUART4;4. Quartal;DINSG;Deutschland insgesamt;DG;Deutschland;BAULA2;Baulandarten;BAULAND01;Baureifes Land;GEBA02;Baugebiete;GEBIETSART06;Dorfgebiet;65,10;EUR/qm;KAU004;Durchschnittlicher Kaufwert
61511;Statistik der Kaufwerte für Bauland;JAHR;Jahr;2020;QUARTG;Quartale;QUART4;4. Quartal;DINSG;Deutschland insgesamt;DG;Deutschland;BAULA2;Baulandarten;BAULAND01;Baureifes Land;GEBA02;Baugebiete;GEBIETSART06;Dorfgebiet;2437;1000 qm;FLC023;Veräußerte Fläche
61511;Statistik der Kaufwerte für Bauland;JAHR;Jahr;2020;QUARTG;Quartale;QUART1;1. Quartal;DINSG;Deutschland insgesamt;DG;Deutschland;BAULA2;Baulandarten;BAULAND01;Baureifes Land;GEBA02;Baugebiete;GEBIETSART03B04;Wohngebiet insgesamt;10802;Anzahl;KAU002;Kauffälle
61511;Statistik der Kaufwerte für Bauland;JAHR;Jahr;2020;QUARTG;Quartale;QUART1;1. Quartal;DINSG;Deutschland insgesamt;DG;Deutschland;BAULA2;Baulandarten;BAULAND01;Baureifes Land;GEBA02;Baugebiete;GEBIETSART03B04;Wohngebiet insgesamt;185,14;EUR/qm;KAU004;Durchschnittlicher Kaufwert
61511;Statistik der Kaufwerte für Bauland;JAHR;Jahr;2020;QUARTG;Quartale;QUART1;1. Quartal;DINSG;Deutschland insgesamt;DG;Deutschland;BAULA2;Baulandarten;BAULAND01;Baureifes Land;GEBA02;Baugebiete;GEBIETSART03B04;Wohngebiet insgesamt;9403;1000 qm;FLC023;Veräußerte Fläche
61511;Statistik der Kaufwerte für Bauland;JAHR;Jahr;2020;QUARTG;Quartale;QUART1;1. Quartal;DINSG;Deutschland insgesamt;DG;Deutschland;BAULA2;Baulandarten;BAULAND01;Baureifes Land;GEBA02;Baugebiete;GEBIETSART05;Industriegebiet;177;Anzahl;KAU002;Kauffälle
61511;Statistik der Kaufwerte für Bauland;JAHR;Jahr;2020;QUARTG;Quartale;QUART1;1. Quartal;DINSG;Deutschland insgesamt;DG;Deutschland;BAULA2;Baulandarten;BAULAND01;Baureifes Land;GEBA02;Baugebiete;GEBIETSART05;Industriegebiet;147,85;EUR/qm;KAU004;Durchschnittlicher Kaufwert
61511;Statistik der Kaufwerte für Bauland;JAHR;Jahr;2020;QUARTG;Quartale;QUART1;1. Quartal;DINSG;Deutschland insgesamt;DG;Deutschland;BAULA2;Baulandarten;BAULAND01;Baureifes Land;GEBA02;Baugebiete;GEBIETSART05;Industriegebiet;1348;1000 qm;FLC023;Veräußerte Fläche
61511;Statistik der Kaufwerte für Bauland;JAHR;Jahr;2020;QUARTG;Quartale;QUART2;2. Quartal;DINSG;Deutschland insgesamt;DG;Deutschland;BAULA2;Baulandarten;BAULAND06;Sonstiges Bauland;GEBA02;Baugebiete;;Insgesamt;1504;Anzahl;KAU002;Kauffälle
61511;Statistik der Kaufwerte für Bauland;JAHR;Jahr;2020;QUARTG;Quartale;QUART2;2. Quartal;DINSG;Deutschland insgesamt;DG;Deutschland;BAULA2;Baulandarten;BAULAND06;Sonstiges Bauland;GEBA02;Baugebiete;;Insgesamt;66,81;EUR/qm;KAU004;Durchschnittlicher Kaufwert
61511;Statistik der Kaufwerte für Bauland;JAHR;Jahr;2020;QUARTG;Quartale;QUART2;2. Quartal;DINSG;Deutschland insgesamt;DG;Deutschland;BAULA2;Baulandarten;BAULAND06;Sonstiges Bauland;GEBA02;Baugebiete;;Insgesamt;7694;1000 qm;FLC023;Veräußerte Fläche
61511;Statistik der Kaufwerte für Bauland;JAHR;Jahr;2020;QUARTG;Quartale;QUART4;4. Quartal;DINSG;Deutschland insgesamt;DG;Deutschland;BAULA2;Baulandarten;BAULAND01;Baureifes Land;GEBA02;Baugebiete;GEBIETSART02;Geschäftsgebiet mit Wohngebiet gemischt;1442;Anzahl;KAU002;Kauffälle
61511;Statistik der Kaufwerte für Bauland;JAHR;Jahr;2020;QUARTG;Quartale;QUART4;4. Quartal;DINSG;Deutschland insgesamt;DG;Deutschland;BAULA2;Baulandarten;BAULAND01;Baureifes Land;GEBA02;Baugebiete;GEBIETSART02;Geschäftsgebiet mit Wohngebiet gemischt;237,92;EUR/qm;KAU004;Durchschnittlicher Kaufwert
61511;Statistik der Kaufwerte für Bauland;JAHR;Jahr;2020;QUARTG;Quartale;QUART4;4. Quartal;DINSG;Deutschland insgesamt;DG;Deutschland;BAULA2;Baulandarten;BAULAND01;Baureifes Land;GEBA02;Baugebiete;GEBIETSART02;Geschäftsgebiet mit Wohngebiet gemischt;2205;1000 qm;FLC023;Veräußerte Fläche
61511;Statistik der Kaufwerte für Bauland;JAHR;Jahr;2020;QUARTG;Quartale;QUART1;1. Quartal;DINSG;Deutschland insgesamt;DG;Deutschland;BAULA2;Baulandarten;BAULAND02;Rohbauland;GEBA02;Baugebiete;GEBIETSART03B04;Wohngebiet insgesamt;245;Anzahl;KAU002;Kauffälle
61511;Statistik der Kaufwerte für Bauland;JAHR;Jahr;2020;QUARTG;Quartale;QUART1;1. Quartal;DINSG;Deutschland insgesamt;DG;Deutschland;BAULA2;Baulandarten;BAULAND02;Rohbauland;GEBA02;Baugebiete;GEBIETSART03B04;Wohngebiet insgesamt;43,32;EUR/qm;KAU004;Durchschnittlicher Kaufwert
61511;Statistik der Kaufwerte für Bauland;JAHR;Jahr;2020;QUARTG;Quartale;QUART1;1. Quartal;DINSG;Deutschland insgesamt;DG;Deutschland;BAULA2;Baulandarten;BAULAND02;Rohbauland;GEBA02;Baugebiete;GEBIETSART03B04;Wohngebiet insgesamt;1089;1000 qm;FLC023;Veräußerte Fläche
61511;Statistik der Kaufwerte für Bauland;JAHR;Jahr;2020;QUARTG;Quartale;QUART1;1. Quartal;DINSG;Deutschland insgesamt;DG;Deutschland;BAULA2;Baulandarten;BAULAND01;Baureifes Land;GEBA02;Baugebiete;GEBIETSART01;Geschäftsgebiet;278;Anzahl;KAU002;Kauffälle
61511;Statistik der Kaufwerte für Bauland;JAHR;Jahr;2020;QUARTG;Quartale;QUART1;1. Quartal;DINSG;Deutschland insgesamt;DG;Deutschland;BAULA2;Baulandarten;BAULAND01;Baureifes Land;GEBA02;Baugebiete;GEBIETSART01;Geschäftsgebiet;205,58;EUR/qm;KAU004;Durchschnittlicher Kaufwert
61511;Statistik der Kaufwerte für Bauland;JAHR;Jahr;2020;QUARTG;Quartale;QUART1;1. Quartal;DINSG;Deutschland insgesamt;DG;Deutschland;BAULA2;Baulandarten;BAULAND01;Baureifes Land;GEBA02;Baugebiete;GEBIETSART01;Geschäftsgebiet;531;1000 qm;FLC023;Veräußerte Fläche
61511;Statistik der Kaufwerte für Bauland;JAHR;Jahr;2020;QUARTG;Quartale;QUART2;2. Quartal;DINSG;Deutschland insgesamt;DG;Deutschland;BAULA2;Baulandarten;BAULAND06;Sonstiges Bauland;GEBA02;Baugebiete;GEBIETSART03B04;Wohngebiet insgesamt;292;Anzahl;KAU002;Kauffälle
61511;Statistik der Kaufwerte für Bauland;JAHR;Jahr;2020;QUARTG;Quartale;QUART2;2. Quartal;DINSG;Deutschland insgesamt;DG;Deutschland;BAULA2;Baulandarten;BAULAND06;Sonstiges Bauland;GEBA02;Baugebiete;GEBIETSART03B04;Wohngebiet insgesamt;10,87;EUR/qm;KAU004;Durchschnittlicher Kaufwert
61511;Statistik der Kaufwerte für Bauland;JAHR;Jahr;2020;QUARTG;Quartale;QUART2;2. Quartal;DINSG;Deutschland insgesamt;DG;Deutschland;BAULA2;Baulandarten;BAULAND06;Sonstiges Bauland;GEBA02;Baugebiete;GEBIETSART03B04;Wohngebiet insgesamt;637;1000 qm;FLC023;Veräußerte Fläche
61511;Statistik der Kaufwerte für Bauland;JAHR;Jahr;2020;QUARTG;Quartale;QUART2;2. Quartal;DINSG;Deutschland insgesamt;DG;Deutschland;BAULA2;Baulandarten;;Insgesamt;GEBA02;Baugebiete;GEBIETSART06;Dorfgebiet;2051;Anzahl;KAU002;Kauffälle
61511;Statistik der Kaufwerte für Bauland;JAHR;Jahr;2020;QUARTG;Quartale;QUART2;2. Quartal;DINSG;Deutschland insgesamt;DG;Deutschland;BAULA2;Baulandarten;;Insgesamt;GEBA02;Baugebiete;GEBIETSART06;Dorfgebiet;49,21;EUR/qm;KAU004;Durchschnittlicher Kaufwert
61511;Statistik der Kaufwerte für Bauland;JAHR;Jahr;2020;QUARTG;Quartale;QUART2;2. Quartal;DINSG;Deutschland insgesamt;DG;Deutschland;BAULA2;Baulandarten;;Insgesamt;GEBA02;Baugebiete;GEBIETSART06;Dorfgebiet;3058;1000 qm;FLC023;Veräußerte Fläche
61511;Statistik der Kaufwerte für Bauland;JAHR;Jahr;2020;QUARTG;Quartale;QUART2;2. Quartal;DINSG;Deutschland insgesamt;DG;Deutschland;BAULA2;Baulandarten;BAULAND01;Baureifes Land;GEBA02;Baugebiete;GEBIETSART06;Dorfgebiet;1868;Anzahl;KAU002;Kauffälle
61511;Statistik der Kaufwerte für Bauland;JAHR;Jahr;2020;QUARTG;Quartale;QUART2;2. Quartal;DINSG;Deutschland insgesamt;DG;Deutschland;BAULA2;Baulandarten;BAULAND01;Baureifes Land;GEBA02;Baugebiete;GEBIETSART06;Dorfgebiet;56,31;EUR/qm;KAU004;Durchschnittlicher Kaufwert
61511;Statistik der Kaufwerte für Bauland;JAHR;Jahr;2020;QUARTG;Quartale;QUART2;2. Quartal;DINSG;Deutschland insgesamt;DG;Deutschland;BAULA2;Baulandarten;BAULAND01;Baureifes Land;GEBA02;Baugebiete;GEBIETSART06;Dorfgebiet;2346;1000 qm;FLC023;Veräußerte Fläche
61511;Statistik der Kaufwerte für Bauland;JAHR;Jahr;2020;QUARTG;Quartale;QUART3;3. Quartal;DINSG;Deutschland insgesamt;DG;Deutschland;BAULA2;Baulandarten;BAULAND06;Sonstiges Bauland;GEBA02;Baugebiete;GEBIETSART02;Geschäftsgebiet mit Wohngebiet gemischt;17;Anzahl;KAU002;Kauffälle
61511;Statistik der Kaufwerte für Bauland;JAHR;Jahr;2020;QUARTG;Quartale;QUART3;3. Quartal;DINSG;Deutschland insgesamt;DG;Deutschland;BAULA2;Baulandarten;BAULAND06;Sonstiges Bauland;GEBA02;Baugebiete;GEBIETSART02;Geschäftsgebiet mit Wohngebiet gemischt;29,25;EUR/qm;KAU004;Durchschnittlicher Kaufwert
61511;Statistik der Kaufwerte für Bauland;JAHR;Jahr;2020;QUARTG;Quartale;QUART3;3. Quartal;DINSG;Deutschland insgesamt;DG;Deutschland;BAULA2;Baulandarten;BAULAND06;Sonstiges Bauland;GEBA02;Baugebiete;GEBIETSART02;Geschäftsgebiet mit Wohngebiet gemischt;20;1000 qm;FLC023;Veräußerte Fläche
61511;Statistik der Kaufwerte für Bauland;JAHR;Jahr;2020;QUARTG;Quartale;QUART2;2. Quartal;DINSG;Deutschland insgesamt;DG;Deutschland;BAULA2;Baulandarten;;Insgesamt;GEBA02;Baugebiete;GEBIETSART02;Geschäftsgebiet mit Wohngebiet gemischt;1174;Anzahl;KAU002;Kauffälle
61511;Statistik der Kaufwerte für Bauland;JAHR;Jahr;2020;QUARTG;Quartale;QUART2;2. Quartal;DINSG;Deutschland insgesamt;DG;Deutschland;BAULA2;Baulandarten;;Insgesamt;GEBA02;Baugebiete;GEBIETSART02;Geschäftsgebiet mit Wohngebiet gemischt;94,70;EUR/qm;KAU004;Durchschnittlicher Kaufwert
61511;Statistik der Kaufwerte für Bauland;JAHR;Jahr;2020;QUARTG;Quartale;QUART2;2. Quartal;DINSG;Deutschland insgesamt;DG;Deutschland;BAULA2;Baulandarten;;Insgesamt;GEBA02;Baugebiete;GEBIETSART02;Geschäftsgebiet mit Wohngebiet gemischt;2773;1000 qm;FLC023;Veräußerte Fläche
61511;Statistik der Kaufwerte für Bauland;JAHR;Jahr;2020;QUARTG;Quartale;QUART3;3. Quartal;DINSG;Deutschland insgesamt;DG;Deutschland;BAULA2;Baulandarten;;Insgesamt;GEBA02;Baugebiete;GEBIETSART03B04;Wohngebiet insgesamt;17570;Anzahl;KAU002;Kauffälle
61511;Statistik der Kaufwerte für Bauland;JAHR;Jahr;2020;QUARTG;Quartale;QUART3;3. Quartal;DINSG;Deutschland insgesamt;DG;Deutschland;BAULA2;Baulandarten;;Insgesamt;GEBA02;Baugebiete;GEBIETSART03B04;Wohngebiet insgesamt;229,42;EUR/qm;KAU004;Durchschnittlicher Kaufwert
61511;Statistik der Kaufwerte für Bauland;JAHR;Jahr;2020;QUARTG;Quartale;QUART3;3. Quartal;DINSG;Deutschland insgesamt;DG;Deutschland;BAULA2;Baulandarten;;Insgesamt;GEBA02;Baugebiete;GEBIETSART03B04;Wohngebiet insgesamt;18350;1000 qm;FLC023;Veräußerte Fläche
61511;Statistik der Kaufwerte für Bauland;JAHR;Jahr;2020;QUARTG;Quartale;QUART3;3. Quartal;DINSG;Deutschland insgesamt;DG;Deutschland;BAULA2;Baulandarten;BAULAND06;Sonstiges Bauland;GEBA02;Baugebiete;GEBIETSART03B04;Wohngebiet insgesamt;410;Anzahl;KAU002;Kauffälle
61511;Statistik der Kaufwerte für Bauland;JAHR;Jahr;2020;QUARTG;Quartale;QUART3;3. Quartal;DINSG;Deutschland insgesamt;DG;Deutschland;BAULA2;Baulandarten;BAULAND06;Sonstiges Bauland;GEBA02;Baugebiete;GEBIETSART03B04;Wohngebiet insgesamt;15,87;EUR/qm;KAU004;Durchschnittlicher Kaufwert
61511;Statistik der Kaufwerte für Bauland;JAHR;Jahr;2020;QUARTG;Quartale;QUART3;3. Quartal;DINSG;Deutschland insgesamt;DG;Deutschland;BAULA2;Baulandarten;BAULAND06;Sonstiges Bauland;GEBA02;Baugebiete;GEBIETSART03B04;Wohngebiet insgesamt;930;1000 qm;FLC023;Veräußerte Fläche
61511;Statistik der Kaufwerte für Bauland;JAHR;Jahr;2020;QUARTG;Quartale;QUART3;3. Quartal;DINSG;Deutschland insgesamt;DG;Deutschland;BAULA2;Baulandarten;BAULAND06;Sonstiges Bauland;GEBA02;Baugebiete;GEBIETSART06;Dorfgebiet;57;Anzahl;KAU002;Kauffälle
61511;Statistik der Kaufwerte für Bauland;JAHR;Jahr;2020;QUARTG;Quartale;QUART3;3. Quartal;DINSG;Deutschland insgesamt;DG;Deutschland;BAULA2;Baulandarten;BAULAND06;Sonstiges Bauland;GEBA02;Baugebiete;GEBIETSART06;Dorfgebiet;12,18;EUR/qm;KAU004;Durchschnittlicher Kaufwert
61511;Statistik der Kaufwerte für Bauland;JAHR;Jahr;2020;QUARTG;Quartale;QUART3;3. Quartal;DINSG;Deutschland insgesamt;DG;Deutschland;BAULA2;Baulandarten;BAULAND06;Sonstiges Bauland;GEBA02;Baugebiete;GEBIETSART06;Dorfgebiet;198;1000 qm;FLC023;Veräußerte Fläche
61511;Statistik der Kaufwerte für Bauland;JAHR;Jahr;2020;QUARTG;Quartale;QUART4;4. Quartal;DINSG;Deutschland insgesamt;DG;Deutschland;BAULA2;Baulandarten;BAULAND06;Sonstiges Bauland;GEBA02;Baugebiete;;Insgesamt;1865;Anzahl;KAU002;Kauffälle
61511;Statistik der Kaufwerte für Bauland;JAHR;Jahr;2020;QUARTG;Quartale;QUART4;4. Quartal;DINSG;Deutschland insgesamt;DG;Deutschland;BAULA2;Baulandarten;BAULAND06;Sonstiges Bauland;GEBA02;Baugebiete;;Insgesamt;65,59;EUR/qm;KAU004;Durchschnittlicher Kaufwert
61511;Statistik der Kaufwerte für Bauland;JAHR;Jahr;2020;QUARTG;Quartale;QUART4;4. Quartal;DINSG;Deutschland insgesamt;DG;Deutschland;BAULA2;Baulandarten;BAULAND06;Sonstiges Bauland;GEBA02;Baugebiete;;Insgesamt;11410;1000 qm;FLC023;Veräußerte Fläche
61511;Statistik der Kaufwerte für Bauland;JAHR;Jahr;2020;QUARTG;Quartale;QUART3;3. Quartal;DINSG;Deutschland insgesamt;DG;Deutschland;BAULA2;Baulandarten;BAULAND02;Rohbauland;GEBA02;Baugebiete;GEBIETSART03;Wohngebiet in geschlossener Bauweise;19;Anzahl;KAU002;Kauffälle
61511;Statistik der Kaufwerte für Bauland;JAHR;Jahr;2020;QUARTG;Quartale;QUART3;3. Quartal;DINSG;Deutschland insgesamt;DG;Deutschland;BAULA2;Baulandarten;BAULAND02;Rohbauland;GEBA02;Baugebiete;GEBIETSART03;Wohngebiet in geschlossener Bauweise;75,81;EUR/qm;KAU004;Durchschnittlicher Kaufwert
61511;Statistik der Kaufwerte für Bauland;JAHR;Jahr;2020;QUARTG;Quartale;QUART3;3. Quartal;DINSG;Deutschland insgesamt;DG;Deutschland;BAULA2;Baulandarten;BAULAND02;Rohbauland;GEBA02;Baugebiete;GEBIETSART03;Wohngebiet in geschlossener Bauweise;20;1000 qm;FLC023;Veräußerte Fläche
61511;Statistik der Kaufwerte für Bauland;JAHR;Jahr;2020;QUARTG;Quartale;QUART2;2. Quartal;DINSG;Deutschland insgesamt;DG;Deutschland;BAULA2;Baulandarten;BAULAND06;Sonstiges Bauland;GEBA02;Baugebiete;GEBIETSART06;Dorfgebiet;49;Anzahl;KAU002;Kauffälle
61511;Statistik der Kaufwerte für Bauland;JAHR;Jahr;2020;QUARTG;Quartale;QUART2;2. Quartal;DINSG;Deutschland insgesamt;DG;Deutschland;BAULA2;Baulandarten;BAULAND06;Sonstiges Bauland;GEBA02;Baugebiete;GEBIETSART06;Dorfgebiet;23,23;EUR/qm;KAU004;Durchschnittlicher Kaufwert
61511;Statistik der Kaufwerte für Bauland;JAHR;Jahr;2020;QUARTG;Quartale;QUART2;2. Quartal;DINSG;Deutschland insgesamt;DG;Deutschland;BAULA2;Baulandarten;BAULAND06;Sonstiges Bauland;GEBA02;Baugebiete;GEBIETSART06;Dorfgebiet;120;1000 qm;FLC023;Veräußerte Fläche
61511;Statistik der Kaufwerte für Bauland;JAHR;Jahr;2020;QUARTG;Quartale;QUART2;2. Quartal;DINSG;Deutschland insgesamt;DG;Deutschland;BAULA2;Baulandarten;BAULAND02;Rohbauland;GEBA02;Baugebiete;GEBIETSART03B04;Wohngebiet insgesamt;319;Anzahl;KAU002;Kauffälle
61511;Statistik der Kaufwerte für Bauland;JAHR;Jahr;2020;QUARTG;Quartale;QUART2;2. Quartal;DINSG;Deutschland insgesamt;DG;Deutschland;BAULA2;Baulandarten;BAULAND02;Rohbauland;GEBA02;Baugebiete;GEBIETSART03B04;Wohngebiet insgesamt;40,94;EUR/qm;KAU004;Durchschnittlicher Kaufwert
61511;Statistik der Kaufwerte für Bauland;JAHR;Jahr;2020;QUARTG;Quartale;QUART2;2. Quartal;DINSG;Deutschland insgesamt;DG;Deutschland;BAULA2;Baulandarten;BAULAND02;Rohbauland;GEBA02;Baugebiete;GEBIETSART03B04;Wohngebiet insgesamt;1923;1000 qm;FLC023;Veräußerte Fläche
61511;Statistik der Kaufwerte für Bauland;JAHR;Jahr;2020;QUARTG;Quartale;QUART2;2. Quartal;DINSG;Deutschland insgesamt;DG;Deutschland;BAULA2;Baulandarten;BAULAND01;Baureifes Land;GEBA02;Baugebiete;GEBIETSART02;Geschäftsgebiet mit Wohngebiet gemischt;1084;Anzahl;KAU002;Kauffälle
61511;Statistik der Kaufwerte für Bauland;JAHR;Jahr;2020;QUARTG;Quartale;QUART2;2. Quartal;DINSG;Deutschland insgesamt;DG;Deutschland;BAULA2;Baulandarten;BAULAND01;Baureifes Land;GEBA02;Baugebiete;GEBIETSART02;Geschäftsgebiet mit Wohngebiet gemischt;132,66;EUR/qm;KAU004;Durchschnittlicher Kaufwert
61511;Statistik der Kaufwerte für Bauland;JAHR;Jahr;2020;QUARTG;Quartale;QUART2;2. Quartal;DINSG;Deutschland insgesamt;DG;Deutschland;BAULA2;Baulandarten;BAULAND01;Baureifes Land;GEBA02;Baugebiete;GEBIETSART02;Geschäftsgebiet mit Wohngebiet gemischt;1350;1000 qm;FLC023;Veräußerte Fläche
61511;Statistik der Kaufwerte für Bauland;JAHR;Jahr;2020;QUARTG;Quartale;QUART3;3. Quartal;DINSG;Deutschland insgesamt;DG;Deutschland;BAULA2;Baulandarten;BAULAND01;Baureifes Land;GEBA02;Baugebiete;GEBIETSART01;Geschäftsgebiet;470;Anzahl;KAU002;Kauffälle
61511;Statistik der Kaufwerte für Bauland;JAHR;Jahr;2020;QUARTG;Quartale;QUART3;3. Quartal;DINSG;Deutschland insgesamt;DG;Deutschland;BAULA2;Baulandarten;BAULAND01;Baureifes Land;GEBA02;Baugebiete;GEBIETSART01;Geschäftsgebiet;176,70;EUR/qm;KAU004;Durchschnittlicher Kaufwert
61511;Statistik der Kaufwerte für Bauland;JAHR;Jahr;2020;QUARTG;Quartale;QUART3;3. Quartal;DINSG;Deutschland insgesamt;DG;Deutschland;BAULA2;Baulandarten;BAULAND01;Baureifes Land;GEBA02;Baugebiete;GEBIETSART01;Geschäftsgebiet;596;1000 qm;FLC023;Veräußerte Fläche
61511;Statistik der Kaufwerte für Bauland;JAHR;Jahr;2020;QUARTG;Quartale;QUART4;4. Quartal;DINSG;Deutschland insgesamt;DG;Deutschland;BAULA2;Baulandarten;;Insgesamt;GEBA02;Baugebiete;GEBIETSART03;Wohngebiet in geschlossener Bauweise;3728;Anzahl;KAU002;Kauffälle
61511;Statistik der Kaufwerte für Bauland;JAHR;Jahr;2020;QUARTG;Quartale;QUART4;4. Quartal;DINSG;Deutschland insgesamt;DG;Deutschland;BAULA2;Baulandarten;;Insgesamt;GEBA02;Baugebiete;GEBIETSART03;Wohngebiet in geschlossener Bauweise;350,36;EUR/qm;KAU004;Durchschnittlicher Kaufwert
61511;Statistik der Kaufwerte für Bauland;JAHR;Jahr;2020;QUARTG;Quartale;QUART4;4. Quartal;DINSG;Deutschland insgesamt;DG;Deutschland;BAULA2;Baulandarten;;Insgesamt;GEBA02;Baugebiete;GEBIETSART03;Wohngebiet in geschlossener Bauweise;3766;1000 qm;FLC023;Veräußerte Fläche
61511;Statistik der Kaufwerte für Bauland;JAHR;Jahr;2020;QUARTG;Quartale;QUART4;4. Quartal;DINSG;Deutschland insgesamt;DG;Deutschland;BAULA2;Baulandarten;BAULAND06;Sonstiges Bauland;GEBA02;Baugebiete;GEBIETSART03;Wohngebiet in geschlossener Bauweise;9;Anzahl;KAU002;Kauffälle
61511;Statistik der Kaufwerte für Bauland;JAHR;Jahr;2020;QUARTG;Quartale;QUART4;4. Quartal;DINSG;Deutschland insgesamt;DG;Deutschland;BAULA2;Baulandarten;BAULAND06;Sonstiges Bauland;GEBA02;Baugebiete;GEBIETSART03;Wohngebiet in geschlossener Bauweise;14,65;EUR/qm;KAU004;Durchschnittlicher Kaufwert
61511;Statistik der Kaufwerte für Bauland;JAHR;Jahr;2020;QUARTG;Quartale;QUART4;4. Quartal;DINSG;Deutschland insgesamt;DG;Deutschland;BAULA2;Baulandarten;BAULAND06;Sonstiges Bauland;GEBA02;Baugebiete;GEBIETSART03;Wohngebiet in geschlossener Bauweise;5;1000 qm;FLC023;Veräußerte Fläche
61511;Statistik der Kaufwerte für Bauland;JAHR;Jahr;2020;QUARTG;Quartale;QUART1;1. Quartal;DINSG;Deutschland insgesamt;DG;Deutschland;BAULA2;Baulandarten;;Insgesamt;GEBA02;Baugebiete;GEBIETSART04;Wohngebiet in offener Bauweise;9710;Anzahl;KAU002;Kauffälle
61511;Statistik der Kaufwerte für Bauland;JAHR;Jahr;2020;QUARTG;Quartale;QUART1;1. Quartal;DINSG;Deutschland insgesamt;DG;Deutschland;BAULA2;Baulandarten;;Insgesamt;GEBA02;Baugebiete;GEBIETSART04;Wohngebiet in offener Bauweise;147,71;EUR/qm;KAU004;Durchschnittlicher Kaufwert
61511;Statistik der Kaufwerte für Bauland;JAHR;Jahr;2020;QUARTG;Quartale;QUART1;1. Quartal;DINSG;Deutschland insgesamt;DG;Deutschland;BAULA2;Baulandarten;;Insgesamt;GEBA02;Baugebiete;GEBIETSART04;Wohngebiet in offener Bauweise;9715;1000 qm;FLC023;Veräußerte Fläche
61511;Statistik der Kaufwerte für Bauland;JAHR;Jahr;2020;QUARTG;Quartale;QUART1;1. Quartal;DINSG;Deutschland insgesamt;DG;Deutschland;BAULA2;Baulandarten;;Insgesamt;GEBA02;Baugebiete;;Insgesamt;14846;Anzahl;KAU002;Kauffälle
61511;Statistik der Kaufwerte für Bauland;JAHR;Jahr;2020;QUARTG;Quartale;QUART1;1. Quartal;DINSG;Deutschland insgesamt;DG;Deutschland;BAULA2;Baulandarten;;Insgesamt;GEBA02;Baugebiete;;Insgesamt;119,54;EUR/qm;KAU004;Durchschnittlicher Kaufwert
61511;Statistik der Kaufwerte für Bauland;JAHR;Jahr;2020;QUARTG;Quartale;QUART1;1. Quartal;DINSG;Deutschland insgesamt;DG;Deutschland;BAULA2;Baulandarten;;Insgesamt;GEBA02;Baugebiete;;Insgesamt;23787;1000 qm;FLC023;Veräußerte Fläche
61511;Statistik der Kaufwerte für Bauland;JAHR;Jahr;2020;QUARTG;Quartale;QUART3;3. Quartal;DINSG;Deutschland insgesamt;DG;Deutschland;BAULA2;Baulandarten;BAULAND01;Baureifes Land;GEBA02;Baugebiete;GEBIETSART05;Industriegebiet;218;Anzahl;KAU002;Kauffälle
61511;Statistik der Kaufwerte für Bauland;JAHR;Jahr;2020;QUARTG;Quartale;QUART3;3. Quartal;DINSG;Deutschland insgesamt;DG;Deutschland;BAULA2;Baulandarten;BAULAND01;Baureifes Land;GEBA02;Baugebiete;GEBIETSART05;Industriegebiet;64,08;EUR/qm;KAU004;Durchschnittlicher Kaufwert
61511;Statistik der Kaufwerte für Bauland;JAHR;Jahr;2020;QUARTG;Quartale;QUART3;3. Quartal;DINSG;Deutschland insgesamt;DG;Deutschland;BAULA2;Baulandarten;BAULAND01;Baureifes Land;GEBA02;Baugebiete;GEBIETSART05;Industriegebiet;1613;1000 qm;FLC023;Veräußerte Fläche
61511;Statistik der Kaufwerte für Bauland;JAHR;Jahr;2020;QUARTG;Quartale;QUART1;1. Quartal;DINSG;Deutschland insgesamt;DG;Deutschland;BAULA2;Baulandarten;BAULAND06;Sonstiges Bauland;GEBA02;Baugebiete;GEBIETSART01;Geschäftsgebiet;84;Anzahl;KAU002;Kauffälle
61511;Statistik der Kaufwerte für Bauland;JAHR;Jahr;2020;QUARTG;Quartale;QUART1;1. Quartal;DINSG;Deutschland insgesamt;DG;Deutschland;BAULA2;Baulandarten;BAULAND06;Sonstiges Bauland;GEBA02;Baugebiete;GEBIETSART01;Geschäftsgebiet;427,67;EUR/qm;KAU004;Durchschnittlicher Kaufwert
61511;Statistik der Kaufwerte für Bauland;JAHR;Jahr;2020;QUARTG;Quartale;QUART1;1. Quartal;DINSG;Deutschland insgesamt;DG;Deutschland;BAULA2;Baulandarten;BAULAND06;Sonstiges Bauland;GEBA02;Baugebiete;GEBIETSART01;Geschäftsgebiet;390;1000 qm;FLC023;Veräußerte Fläche
61511;Statistik der Kaufwerte für Bauland;JAHR;Jahr;2020;QUARTG;Quartale;QUART1;1. Quartal;DINSG;Deutschland insgesamt;DG;Deutschland;BAULA2;Baulandarten;BAULAND02;Rohbauland;GEBA02;Baugebiete;GEBIETSART06;Dorfgebiet;84;Anzahl;KAU002;Kauffälle
61511;Statistik der Kaufwerte für Bauland;JAHR;Jahr;2020;QUARTG;Quartale;QUART1;1. Quartal;DINSG;Deutschland insgesamt;DG;Deutschland;BAULA2;Baulandarten;BAULAND02;Rohbauland;GEBA02;Baugebiete;GEBIETSART06;Dorfgebiet;24,53;EUR/qm;KAU004;Durchschnittlicher Kaufwert
61511;Statistik der Kaufwerte für Bauland;JAHR;Jahr;2020;QUARTG;Quartale;QUART1;1. Quartal;DINSG;Deutschland insgesamt;DG;Deutschland;BAULA2;Baulandarten;BAULAND02;Rohbauland;GEBA02;Baugebiete;GEBIETSART06;Dorfgebiet;267;1000 qm;FLC023;Veräußerte Fläche
61511;Statistik der Kaufwerte für Bauland;JAHR;Jahr;2020;QUARTG;Quartale;QUART1;1. Quartal;DINSG;Deutschland insgesamt;DG;Deutschland;BAULA2;Baulandarten;BAULAND06;Sonstiges Bauland;GEBA02;Baugebiete;GEBIETSART05;Industriegebiet;632;Anzahl;KAU002;Kauffälle
61511;Statistik der Kaufwerte für Bauland;JAHR;Jahr;2020;QUARTG;Quartale;QUART1;1. Quartal;DINSG;Deutschland insgesamt;DG;Deutschland;BAULA2;Baulandarten;BAULAND06;Sonstiges Bauland;GEBA02;Baugebiete;GEBIETSART05;Industriegebiet;38,91;EUR/qm;KAU004;Durchschnittlicher Kaufwert
61511;Statistik der Kaufwerte für Bauland;JAHR;Jahr;2020;QUARTG;Quartale;QUART1;1. Quartal;DINSG;Deutschland insgesamt;DG;Deutschland;BAULA2;Baulandarten;BAULAND06;Sonstiges Bauland;GEBA02;Baugebiete;GEBIETSART05;Industriegebiet;6850;1000 qm;FLC023;Veräußerte Fläche
61511;Statistik der Kaufwerte für Bauland;JAHR;Jahr;2020;QUARTG;Quartale;QUART1;1. Quartal;DINSG;Deutschland insgesamt;DG;Deutschland;BAULA2;Baulandarten;BAULAND02;Rohbauland;GEBA02;Baugebiete;GEBIETSART02;Geschäftsgebiet mit Wohngebiet gemischt;49;Anzahl;KAU002;Kauffälle
61511;Statistik der Kaufwerte für Bauland;JAHR;Jahr;2020;QUARTG;Quartale;QUART1;1. Quartal;DINSG;Deutschland insgesamt;DG;Deutschland;BAULA2;Baulandarten;BAULAND02;Rohbauland;GEBA02;Baugebiete;GEBIETSART02;Geschäftsgebiet mit Wohngebiet gemischt;95,57;EUR/qm;KAU004;Durchschnittlicher Kaufwert
61511;Statistik der Kaufwerte für Bauland;JAHR;Jahr;2020;QUARTG;Quartale;QUART1;1. Quartal;DINSG;Deutschland insgesamt;DG;Deutschland;BAULA2;Baulandarten;BAULAND02;Rohbauland;GEBA02;Baugebiete;GEBIETSART02;Geschäftsgebiet mit Wohngebiet gemischt;182;1000 qm;FLC023;Veräußerte Fläche
61511;Statistik der Kaufwerte für Bauland;JAHR;Jahr;2020;QUARTG;Quartale;QUART4;4. Quartal;DINSG;Deutschland insgesamt;DG;Deutschland;BAULA2;Baulandarten;BAULAND02;Rohbauland;GEBA02;Baugebiete;GEBIETSART03;Wohngebiet in geschlossener Bauweise;18;Anzahl;KAU002;Kauffälle
61511;Statistik der Kaufwerte für Bauland;JAHR;Jahr;2020;QUARTG;Quartale;QUART4;4. Quartal;DINSG;Deutschland insgesamt;DG;Deutschland;BAULA2;Baulandarten;BAULAND02;Rohbauland;GEBA02;Baugebiete;GEBIETSART03;Wohngebiet in geschlossener Bauweise;10,99;EUR/qm;KAU004;Durchschnittlicher Kaufwert
61511;Statistik der Kaufwerte für Bauland;JAHR;Jahr;2020;QUARTG;Quartale;QUART4;4. Quartal;DINSG;Deutschland insgesamt;DG;Deutschland;BAULA2;Baulandarten;BAULAND02;Rohbauland;GEBA02;Baugebiete;GEBIETSART03;Wohngebiet in geschlossener Bauweise;84;1000 qm;FLC023;Veräußerte Fläche
61511;Statistik der Kaufwerte für Bauland;JAHR;Jahr;2020;QUARTG;Quartale;QUART3;3. Quartal;DINSG;Deutschland insgesamt;DG;Deutschland;BAULA2;Baulandarten;;Insgesamt;GEBA02;Baugebiete;GEBIETSART03;Wohngebiet in geschlossener Bauweise;2946;Anzahl;KAU002;Kauffälle
61511;Statistik der Kaufwerte für Bauland;JAHR;Jahr;2020;QUARTG;Quartale;QUART3;3. Quartal;DINSG;Deutschland insgesamt;DG;Deutschland;BAULA2;Baulandarten;;Insgesamt;GEBA02;Baugebiete;GEBIETSART03;Wohngebiet in geschlossener Bauweise;293,84;EUR/qm;KAU004;Durchschnittlicher Kaufwert
61511;Statistik der Kaufwerte für Bauland;JAHR;Jahr;2020;QUARTG;Quartale;QUART3;3. Quartal;DINSG;Deutschland insgesamt;DG;Deutschland;BAULA2;Baulandarten;;Insgesamt;GEBA02;Baugebiete;GEBIETSART03;Wohngebiet in geschlossener Bauweise;2753;1000 qm;FLC023;Veräußerte Fläche
61511;Statistik der Kaufwerte für Bauland;JAHR;Jahr;2020;QUARTG;Quartale;QUART1;1. Quartal;DINSG;Deutschland insgesamt;DG;Deutschland;BAULA2;Baulandarten;BAULAND06;Sonstiges Bauland;GEBA02;Baugebiete;GEBIETSART03B04;Wohngebiet insgesamt;333;Anzahl;KAU002;Kauffälle
61511;Statistik der Kaufwerte für Bauland;JAHR;Jahr;2020;QUARTG;Quartale;QUART1;1. Quartal;DINSG;Deutschland insgesamt;DG;Deutschland;BAULA2;Baulandarten;BAULAND06;Sonstiges Bauland;GEBA02;Baugebiete;GEBIETSART03B04;Wohngebiet insgesamt;16,11;EUR/qm;KAU004;Durchschnittlicher Kaufwert
61511;Statistik der Kaufwerte für Bauland;JAHR;Jahr;2020;QUARTG;Quartale;QUART1;1. Quartal;DINSG;Deutschland insgesamt;DG;Deutschland;BAULA2;Baulandarten;BAULAND06;Sonstiges Bauland;GEBA02;Baugebiete;GEBIETSART03B04;Wohngebiet insgesamt;682;1000 qm;FLC023;Veräußerte Fläche
61511;Statistik der Kaufwerte für Bauland;JAHR;Jahr;2020;QUARTG;Quartale;QUART2;2. Quartal;DINSG;Deutschland insgesamt;DG;Deutschland;BAULA2;Baulandarten;BAULAND06;Sonstiges Bauland;GEBA02;Baugebiete;GEBIETSART03;Wohngebiet in geschlossener Bauweise;4;Anzahl;KAU002;Kauffälle
61511;Statistik der Kaufwerte für Bauland;JAHR;Jahr;2020;QUARTG;Quartale;QUART2;2. Quartal;DINSG;Deutschland insgesamt;DG;Deutschland;BAULA2;Baulandarten;BAULAND06;Sonstiges Bauland;GEBA02;Baugebiete;GEBIETSART03;Wohngebiet in geschlossener Bauweise;10,22;EUR/qm;KAU004;Durchschnittlicher Kaufwert
61511;Statistik der Kaufwerte für Bauland;JAHR;Jahr;2020;QUARTG;Quartale;QUART2;2. Quartal;DINSG;Deutschland insgesamt;DG;Deutschland;BAULA2;Baulandarten;BAULAND06;Sonstiges Bauland;GEBA02;Baugebiete;GEBIETSART03;Wohngebiet in geschlossener Bauweise;3;1000 qm;FLC023;Veräußerte Fläche
61511;Statistik der Kaufwerte für Bauland;JAHR;Jahr;2020;QUARTG;Quartale;QUART2;2. Quartal;DINSG;Deutschland insgesamt;DG;Deutschland;BAULA2;Baulandarten;BAULAND02;Rohbauland;GEBA02;Baugebiete;GEBIETSART02;Geschäftsgebiet mit Wohngebiet gemischt;70;Anzahl;KAU002;Kauffälle
61511;Statistik der Kaufwerte für Bauland;JAHR;Jahr;2020;QUARTG;Quartale;QUART2;2. Quartal;DINSG;Deutschland insgesamt;DG;Deutschland;BAULA2;Baulandarten;BAULAND02;Rohbauland;GEBA02;Baugebiete;GEBIETSART02;Geschäftsgebiet mit Wohngebiet gemischt;60,75;EUR/qm;KAU004;Durchschnittlicher Kaufwert
61511;Statistik der Kaufwerte für Bauland;JAHR;Jahr;2020;QUARTG;Quartale;QUART2;2. Quartal;DINSG;Deutschland insgesamt;DG;Deutschland;BAULA2;Baulandarten;BAULAND02;Rohbauland;GEBA02;Baugebiete;GEBIETSART02;Geschäftsgebiet mit Wohngebiet gemischt;1347;1000 qm;FLC023;Veräußerte Fläche
61511;Statistik der Kaufwerte für Bauland;JAHR;Jahr;2020;QUARTG;Quartale;QUART1;1. Quartal;DINSG;Deutschland insgesamt;DG;Deutschland;BAULA2;Baulandarten;BAULAND01;Baureifes Land;GEBA02;Baugebiete;GEBIETSART06;Dorfgebiet;1314;Anzahl;KAU002;Kauffälle
61511;Statistik der Kaufwerte für Bauland;JAHR;Jahr;2020;QUARTG;Quartale;QUART1;1. Quartal;DINSG;Deutschland insgesamt;DG;Deutschland;BAULA2;Baulandarten;BAULAND01;Baureifes Land;GEBA02;Baugebiete;GEBIETSART06;Dorfgebiet;66,93;EUR/qm;KAU004;Durchschnittlicher Kaufwert
61511;Statistik der Kaufwerte für Bauland;JAHR;Jahr;2020;QUARTG;Quartale;QUART1;1. Quartal;DINSG;Deutschland insgesamt;DG;Deutschland;BAULA2;Baulandarten;BAULAND01;Baureifes Land;GEBA02;Baugebiete;GEBIETSART06;Dorfgebiet;1458;1000 qm;FLC023;Veräußerte Fläche
61511;Statistik der Kaufwerte für Bauland;JAHR;Jahr;2020;QUARTG;Quartale;QUART1;1. Quartal;DINSG;Deutschland insgesamt;DG;Deutschland;BAULA2;Baulandarten;BAULAND01;Baureifes Land;GEBA02;Baugebiete;GEBIETSART02;Geschäftsgebiet mit Wohngebiet gemischt;759;Anzahl;KAU002;Kauffälle
61511;Statistik der Kaufwerte für Bauland;JAHR;Jahr;2020;QUARTG;Quartale;QUART1;1. Quartal;DINSG;Deutschland insgesamt;DG;Deutschland;BAULA2;Baulandarten;BAULAND01;Baureifes Land;GEBA02;Baugebiete;GEBIETSART02;Geschäftsgebiet mit Wohngebiet gemischt;147,25;EUR/qm;KAU004;Durchschnittlicher Kaufwert
61511;Statistik der Kaufwerte für Bauland;JAHR;Jahr;2020;QUARTG;Quartale;QUART1;1. Quartal;DINSG;Deutschland insgesamt;DG;Deutschland;BAULA2;Baulandarten;BAULAND01;Baureifes Land;GEBA02;Baugebiete;GEBIETSART02;Geschäftsgebiet mit Wohngebiet gemischt;1025;1000 qm;FLC023;Veräußerte Fläche
61511;Statistik der Kaufwerte für Bauland;JAHR;Jahr;2020;QUARTG;Quartale;QUART2;2. Quartal;DINSG;Deutschland insgesamt;DG;Deutschland;BAULA2;Baulandarten;BAULAND02;Rohbauland;GEBA02;Baugebiete;GEBIETSART06;Dorfgebiet;134;Anzahl;KAU002;Kauffälle
61511;Statistik der Kaufwerte für Bauland;JAHR;Jahr;2020;QUARTG;Quartale;QUART2;2. Quartal;DINSG;Deutschland insgesamt;DG;Deutschland;BAULA2;Baulandarten;BAULAND02;Rohbauland;GEBA02;Baugebiete;GEBIETSART06;Dorfgebiet;26,31;EUR/qm;KAU004;Durchschnittlicher Kaufwert
61511;Statistik der Kaufwerte für Bauland;JAHR;Jahr;2020;QUARTG;Quartale;QUART2;2. Quartal;DINSG;Deutschland insgesamt;DG;Deutschland;BAULA2;Baulandarten;BAULAND02;Rohbauland;GEBA02;Baugebiete;GEBIETSART06;Dorfgebiet;592;1000 qm;FLC023;Veräußerte Fläche
61511;Statistik der Kaufwerte für Bauland;JAHR;Jahr;2020;QUARTG;Quartale;QUART4;4. Quartal;DINSG;Deutschland insgesamt;DG;Deutschland;BAULA2;Baulandarten;;Insgesamt;GEBA02;Baugebiete;;Insgesamt;24653;Anzahl;KAU002;Kauffälle
61511;Statistik der Kaufwerte für Bauland;JAHR;Jahr;2020;QUARTG;Quartale;QUART4;4. Quartal;DINSG;Deutschland insgesamt;DG;Deutschland;BAULA2;Baulandarten;;Insgesamt;GEBA02;Baugebiete;;Insgesamt;154,34;EUR/qm;KAU004;Durchschnittlicher Kaufwert
61511;Statistik der Kaufwerte für Bauland;JAHR;Jahr;2020;QUARTG;Quartale;QUART4;4. Quartal;DINSG;Deutschland insgesamt;DG;Deutschland;BAULA2;Baulandarten;;Insgesamt;GEBA02;Baugebiete;;Insgesamt;38490;1000 qm;FLC023;Veräußerte Fläche
61511;Statistik der Kaufwerte für Bauland;JAHR;Jahr;2020;QUARTG;Quartale;QUART4;4. Quartal;DINSG;Deutschland insgesamt;DG;Deutschland;BAULA2;Baulandarten;BAULAND01;Baureifes Land;GEBA02;Baugebiete;GEBIETSART03;Wohngebiet in geschlossener Bauweise;3701;Anzahl;KAU002;Kauffälle
61511;Statistik der Kaufwerte für Bauland;JAHR;Jahr;2020;QUARTG;Quartale;QUART4;4. Quartal;DINSG;Deutschland insgesamt;DG;Deutschland;BAULA2;Baulandarten;BAULAND01;Baureifes Land;GEBA02;Baugebiete;GEBIETSART03;Wohngebiet in geschlossener Bauweise;358,49;EUR/qm;KAU004;Durchschnittlicher Kaufwert
61511;Statistik der Kaufwerte für Bauland;JAHR;Jahr;2020;QUARTG;Quartale;QUART4;4. Quartal;DINSG;Deutschland insgesamt;DG;Deutschland;BAULA2;Baulandarten;BAULAND01;Baureifes Land;GEBA02;Baugebiete;GEBIETSART03;Wohngebiet in geschlossener Bauweise;3678;1000 qm;FLC023;Veräußerte Fläche
61511;Statistik der Kaufwerte für Bauland;JAHR;Jahr;2020;QUARTG;Quartale;QUART2;2. Quartal;DINSG;Deutschland insgesamt;DG;Deutschland;BAULA2;Baulandarten;BAULAND01;Baureifes Land;GEBA02;Baugebiete;GEBIETSART03B04;Wohngebiet insgesamt;14987;Anzahl;KAU002;Kauffälle
61511;Statistik der Kaufwerte für Bauland;JAHR;Jahr;2020;QUARTG;Quartale;QUART2;2. Quartal;DINSG;Deutschland insgesamt;DG;Deutschland;BAULA2;Baulandarten;BAULAND01;Baureifes Land;GEBA02;Baugebiete;GEBIETSART03B04;Wohngebiet insgesamt;230,00;EUR/qm;KAU004;Durchschnittlicher Kaufwert
61511;Statistik der Kaufwerte für Bauland;JAHR;Jahr;2020;QUARTG;Quartale;QUART2;2. Quartal;DINSG;Deutschland insgesamt;DG;Deutschland;BAULA2;Baulandarten;BAULAND01;Baureifes Land;GEBA02;Baugebiete;GEBIETSART03B04;Wohngebiet insgesamt;13204;1000 qm;FLC023;Veräußerte Fläche
61511;Statistik der Kaufwerte für Bauland;JAHR;Jahr;2020;QUARTG;Quartale;QUART2;2. Quartal;DINSG;Deutschland insgesamt;DG;Deutschland;BAULA2;Baulandarten;BAULAND01;Baureifes Land;GEBA02;Baugebiete;GEBIETSART05;Industriegebiet;227;Anzahl;KAU002;Kauffälle
61511;Statistik der Kaufwerte für Bauland;JAHR;Jahr;2020;QUARTG;Quartale;QUART2;2. Quartal;DINSG;Deutschland insgesamt;DG;Deutschland;BAULA2;Baulandarten;BAULAND01;Baureifes Land;GEBA02;Baugebiete;GEBIETSART05;Industriegebiet;64,29;EUR/qm;KAU004;Durchschnittlicher Kaufwert
61511;Statistik der Kaufwerte für Bauland;JAHR;Jahr;2020;QUARTG;Quartale;QUART2;2. Quartal;DINSG;Deutschland insgesamt;DG;Deutschland;BAULA2;Baulandarten;BAULAND01;Baureifes Land;GEBA02;Baugebiete;GEBIETSART05;Industriegebiet;1837;1000 qm;FLC023;Veräußerte Fläche
61511;Statistik der Kaufwerte für Bauland;JAHR;Jahr;2020;QUARTG;Quartale;QUART3;3. Quartal;DINSG;Deutschland insgesamt;DG;Deutschland;BAULA2;Baulandarten;BAULAND06;Sonstiges Bauland;GEBA02;Baugebiete;GEBIETSART01;Geschäftsgebiet;136;Anzahl;KAU002;Kauffälle
61511;Statistik der Kaufwerte für Bauland;JAHR;Jahr;2020;QUARTG;Quartale;QUART3;3. Quartal;DINSG;Deutschland insgesamt;DG;Deutschland;BAULA2;Baulandarten;BAULAND06;Sonstiges Bauland;GEBA02;Baugebiete;GEBIETSART01;Geschäftsgebiet;283,80;EUR/qm;KAU004;Durchschnittlicher Kaufwert
61511;Statistik der Kaufwerte für Bauland;JAHR;Jahr;2020;QUARTG;Quartale;QUART3;3. Quartal;DINSG;Deutschland insgesamt;DG;Deutschland;BAULA2;Baulandarten;BAULAND06;Sonstiges Bauland;GEBA02;Baugebiete;GEBIETSART01;Geschäftsgebiet;593;1000 qm;FLC023;Veräußerte Fläche
61511;Statistik der Kaufwerte für Bauland;JAHR;Jahr;2020;QUARTG;Quartale;QUART2;2. Quartal;DINSG;Deutschland insgesamt;DG;Deutschland;BAULA2;Baulandarten;;Insgesamt;GEBA02;Baugebiete;GEBIETSART03;Wohngebiet in geschlossener Bauweise;2458;Anzahl;KAU002;Kauffälle
61511;Statistik der Kaufwerte für Bauland;JAHR;Jahr;2020;QUARTG;Quartale;QUART2;2. Quartal;DINSG;Deutschland insgesamt;DG;Deutschland;BAULA2;Baulandarten;;Insgesamt;GEBA02;Baugebiete;GEBIETSART03;Wohngebiet in geschlossener Bauweise;264,51;EUR/qm;KAU004;Durchschnittlicher Kaufwert
61511;Statistik der Kaufwerte für Bauland;JAHR;Jahr;2020;QUARTG;Quartale;QUART2;2. Quartal;DINSG;Deutschland insgesamt;DG;Deutschland;BAULA2;Baulandarten;;Insgesamt;GEBA02;Baugebiete;GEBIETSART03;Wohngebiet in geschlossener Bauweise;2225;1000 qm;FLC023;Veräußerte Fläche
61511;Statistik der Kaufwerte für Bauland;JAHR;Jahr;2020;QUARTG;Quartale;QUART3;3. Quartal;DINSG;Deutschland insgesamt;DG;Deutschland;BAULA2;Baulandarten;BAULAND06;Sonstiges Bauland;GEBA02;Baugebiete;GEBIETSART05;Industriegebiet;1045;Anzahl;KAU002;Kauffälle
61511;Statistik der Kaufwerte für Bauland;JAHR;Jahr;2020;QUARTG;Quartale;QUART3;3. Quartal;DINSG;Deutschland insgesamt;DG;Deutschland;BAULA2;Baulandarten;BAULAND06;Sonstiges Bauland;GEBA02;Baugebiete;GEBIETSART05;Industriegebiet;59,46;EUR/qm;KAU004;Durchschnittlicher Kaufwert
61511;Statistik der Kaufwerte für Bauland;JAHR;Jahr;2020;QUARTG;Quartale;QUART3;3. Quartal;DINSG;Deutschland insgesamt;DG;Deutschland;BAULA2;Baulandarten;BAULAND06;Sonstiges Bauland;GEBA02;Baugebiete;GEBIETSART05;Industriegebiet;6424;1000 qm;FLC023;Veräußerte Fläche
61511;Statistik der Kaufwerte für Bauland;JAHR;Jahr;2020;QUARTG;Quartale;QUART3;3. Quartal;DINSG;Deutschland insgesamt;DG;Deutschland;BAULA2;Baulandarten;BAULAND02;Rohbauland;GEBA02;Baugebiete;GEBIETSART04;Wohngebiet in offener Bauweise;280;Anzahl;KAU002;Kauffälle
61511;Statistik der Kaufwerte für Bauland;JAHR;Jahr;2020;QUARTG;Quartale;QUART3;3. Quartal;DINSG;Deutschland insgesamt;DG;Deutschland;BAULA2;Baulandarten;BAULAND02;Rohbauland;GEBA02;Baugebiete;GEBIETSART04;Wohngebiet in offener Bauweise;66,80;EUR/qm;KAU004;Durchschnittlicher Kaufwert
61511;Statistik der Kaufwerte für Bauland;JAHR;Jahr;2020;QUARTG;Quartale;QUART3;3. Quartal;DINSG;Deutschland insgesamt;DG;Deutschland;BAULA2;Baulandarten;BAULAND02;Rohbauland;GEBA02;Baugebiete;GEBIETSART04;Wohngebiet in offener Bauweise;1644;1000 qm;FLC023;Veräußerte Fläche
61511;Statistik der Kaufwerte für Bauland;JAHR;Jahr;2020;QUARTG;Quartale;QUART2;2. Quartal;DINSG;Deutschland insgesamt;DG;Deutschland;BAULA2;Baulandarten;BAULAND01;Baureifes Land;GEBA02;Baugebiete;GEBIETSART01;Geschäftsgebiet;345;Anzahl;KAU002;Kauffälle
61511;Statistik der Kaufwerte für Bauland;JAHR;Jahr;2020;QUARTG;Quartale;QUART2;2. Quartal;DINSG;Deutschland insgesamt;DG;Deutschland;BAULA2;Baulandarten;BAULAND01;Baureifes Land;GEBA02;Baugebiete;GEBIETSART01;Geschäftsgebiet;221,06;EUR/qm;KAU004;Durchschnittlicher Kaufwert
61511;Statistik der Kaufwerte für Bauland;JAHR;Jahr;2020;QUARTG;Quartale;QUART2;2. Quartal;DINSG;Deutschland insgesamt;DG;Deutschland;BAULA2;Baulandarten;BAULAND01;Baureifes Land;GEBA02;Baugebiete;GEBIETSART01;Geschäftsgebiet;557;1000 qm;FLC023;Veräußerte Fläche
61511;Statistik der Kaufwerte für Bauland;JAHR;Jahr;2020;QUARTG;Quartale;QUART4;4. Quartal;DINSG;Deutschland insgesamt;DG;Deutschland;BAULA2;Baulandarten;BAULAND06;Sonstiges Bauland;GEBA02;Baugebiete;GEBIETSART03B04;Wohngebiet insgesamt;449;Anzahl;KAU002;Kauffälle
61511;Statistik der Kaufwerte für Bauland;JAHR;Jahr;2020;QUARTG;Quartale;QUART4;4. Quartal;DINSG;Deutschland insgesamt;DG;Deutschland;BAULA2;Baulandarten;BAULAND06;Sonstiges Bauland;GEBA02;Baugebiete;GEBIETSART03B04;Wohngebiet insgesamt;16,87;EUR/qm;KAU004;Durchschnittlicher Kaufwert
61511;Statistik der Kaufwerte für Bauland;JAHR;Jahr;2020;QUARTG;Quartale;QUART4;4. Quartal;DINSG;Deutschland insgesamt;DG;Deutschland;BAULA2;Baulandarten;BAULAND06;Sonstiges Bauland;GEBA02;Baugebiete;GEBIETSART03B04;Wohngebiet insgesamt;908;1000 qm;FLC023;Veräußerte Fläche
61511;Statistik der Kaufwerte für Bauland;JAHR;Jahr;2020;QUARTG;Quartale;QUART4;4. Quartal;DINSG;Deutschland insgesamt;DG;Deutschland;BAULA2;Baulandarten;;Insgesamt;GEBA02;Baugebiete;GEBIETSART04;Wohngebiet in offener Bauweise;15073;Anzahl;KAU002;Kauffälle
61511;Statistik der Kaufwerte für Bauland;JAHR;Jahr;2020;QUARTG;Quartale;QUART4;4. Quartal;DINSG;Deutschland insgesamt;DG;Deutschland;BAULA2;Baulandarten;;Insgesamt;GEBA02;Baugebiete;GEBIETSART04;Wohngebiet in offener Bauweise;176,20;EUR/qm;KAU004;Durchschnittlicher Kaufwert
61511;Statistik der Kaufwerte für Bauland;JAHR;Jahr;2020;QUARTG;Quartale;QUART4;4. Quartal;DINSG;Deutschland insgesamt;DG;Deutschland;BAULA2;Baulandarten;;Insgesamt;GEBA02;Baugebiete;GEBIETSART04;Wohngebiet in offener Bauweise;15965;1000 qm;FLC023;Veräußerte Fläche
61511;Statistik der Kaufwerte für Bauland;JAHR;Jahr;2020;QUARTG;Quartale;QUART1;1. Quartal;DINSG;Deutschland insgesamt;DG;Deutschland;BAULA2;Baulandarten;;Insgesamt;GEBA02;Baugebiete;GEBIETSART03;Wohngebiet in geschlossener Bauweise;1670;Anzahl;KAU002;Kauffälle
61511;Statistik der Kaufwerte für Bauland;JAHR;Jahr;2020;QUARTG;Quartale;QUART1;1. Quartal;DINSG;Deutschland insgesamt;DG;Deutschland;BAULA2;Baulandarten;;Insgesamt;GEBA02;Baugebiete;GEBIETSART03;Wohngebiet in geschlossener Bauweise;249,37;EUR/qm;KAU004;Durchschnittlicher Kaufwert
61511;Statistik der Kaufwerte für Bauland;JAHR;Jahr;2020;QUARTG;Quartale;QUART1;1. Quartal;DINSG;Deutschland insgesamt;DG;Deutschland;BAULA2;Baulandarten;;Insgesamt;GEBA02;Baugebiete;GEBIETSART03;Wohngebiet in geschlossener Bauweise;1460;1000 qm;FLC023;Veräußerte Fläche
61511;Statistik der Kaufwerte für Bauland;JAHR;Jahr;2020;QUARTG;Quartale;QUART3;3. Quartal;DINSG;Deutschland insgesamt;DG;Deutschland;BAULA2;Baulandarten;BAULAND01;Baureifes Land;GEBA02;Baugebiete;GEBIETSART04;Wohngebiet in offener Bauweise;13946;Anzahl;KAU002;Kauffälle
61511;Statistik der Kaufwerte für Bauland;JAHR;Jahr;2020;QUARTG;Quartale;QUART3;3. Quartal;DINSG;Deutschland insgesamt;DG;Deutschland;BAULA2;Baulandarten;BAULAND01;Baureifes Land;GEBA02;Baugebiete;GEBIETSART04;Wohngebiet in offener Bauweise;251,48;EUR/qm;KAU004;Durchschnittlicher Kaufwert
61511;Statistik der Kaufwerte für Bauland;JAHR;Jahr;2020;QUARTG;Quartale;QUART3;3. Quartal;DINSG;Deutschland insgesamt;DG;Deutschland;BAULA2;Baulandarten;BAULAND01;Baureifes Land;GEBA02;Baugebiete;GEBIETSART04;Wohngebiet in offener Bauweise;13028;1000 qm;FLC023;Veräußerte Fläche
61511;Statistik der Kaufwerte für Bauland;JAHR;Jahr;2020;QUARTG;Quartale;QUART1;1. Quartal;DINSG;Deutschland insgesamt;DG;Deutschland;BAULA2;Baulandarten;BAULAND06;Sonstiges Bauland;GEBA02;Baugebiete;GEBIETSART04;Wohngebiet in offener Bauweise;325;Anzahl;KAU002;Kauffälle
61511;Statistik der Kaufwerte für Bauland;JAHR;Jahr;2020;QUARTG;Quartale;QUART1;1. Quartal;DINSG;Deutschland insgesamt;DG;Deutschland;BAULA2;Baulandarten;BAULAND06;Sonstiges Bauland;GEBA02;Baugebiete;GEBIETSART04;Wohngebiet in offener Bauweise;16,35;EUR/qm;KAU004;Durchschnittlicher Kaufwert
61511;Statistik der Kaufwerte für Bauland;JAHR;Jahr;2020;QUARTG;Quartale;QUART1;1. Quartal;DINSG;Deutschland insgesamt;DG;Deutschland;BAULA2;Baulandarten;BAULAND06;Sonstiges Bauland;GEBA02;Baugebiete;GEBIETSART04;Wohngebiet in offener Bauweise;667;1000 qm;FLC023;Veräußerte Fläche
61511;Statistik der Kaufwerte für Bauland;JAHR;Jahr;2020;QUARTG;Quartale;QUART4;4. Quartal;DINSG;Deutschland insgesamt;DG;Deutschland;BAULA2;Baulandarten;BAULAND06;Sonstiges Bauland;GEBA02;Baugebiete;GEBIETSART04;Wohngebiet in offener Bauweise;440;Anzahl;KAU002;Kauffälle
61511;Statistik der Kaufwerte für Bauland;JAHR;Jahr;2020;QUARTG;Quartale;QUART4;4. Quartal;DINSG;Deutschland insgesamt;DG;Deutschland;BAULA2;Baulandarten;BAULAND06;Sonstiges Bauland;GEBA02;Baugebiete;GEBIETSART04;Wohngebiet in offener Bauweise;16,88;EUR/qm;KAU004;Durchschnittlicher Kaufwert
61511;Statistik der Kaufwerte für Bauland;JAHR;Jahr;2020;QUARTG;Quartale;QUART4;4. Quartal;DINSG;Deutschland insgesamt;DG;Deutschland;BAULA2;Baulandarten;BAULAND06;Sonstiges Bauland;GEBA02;Baugebiete;GEBIETSART04;Wohngebiet in offener Bauweise;904;1000 qm;FLC023;Veräußerte Fläche
61511;Statistik der Kaufwerte für Bauland;JAHR;Jahr;2020;QUARTG;Quartale;QUART1;1. Quartal;DINSG;Deutschland insgesamt;DG;Deutschland;BAULA2;Baulandarten;BAULAND02;Rohbauland;GEBA02;Baugebiete;GEBIETSART05;Industriegebiet;14;Anzahl;KAU002;Kauffälle
61511;Statistik der Kaufwerte für Bauland;JAHR;Jahr;2020;QUARTG;Quartale;QUART1;1. Quartal;DINSG;Deutschland insgesamt;DG;Deutschland;BAULA2;Baulandarten;BAULAND02;Rohbauland;GEBA02;Baugebiete;GEBIETSART05;Industriegebiet;65,25;EUR/qm;KAU004;Durchschnittlicher Kaufwert
61511;Statistik der Kaufwerte für Bauland;JAHR;Jahr;2020;QUARTG;Quartale;QUART1;1. Quartal;DINSG;Deutschland insgesamt;DG;Deutschland;BAULA2;Baulandarten;BAULAND02;Rohbauland;GEBA02;Baugebiete;GEBIETSART05;Industriegebiet;379;1000 qm;FLC023;Veräußerte Fläche
61511;Statistik der Kaufwerte für Bauland;JAHR;Jahr;2020;QUARTG;Quartale;QUART4;4. Quartal;DINSG;Deutschland insgesamt;DG;Deutschland;BAULA2;Baulandarten;BAULAND02;Rohbauland;GEBA02;Baugebiete;GEBIETSART06;Dorfgebiet;114;Anzahl;KAU002;Kauffälle
61511;Statistik der Kaufwerte für Bauland;JAHR;Jahr;2020;QUARTG;Quartale;QUART4;4. Quartal;DINSG;Deutschland insgesamt;DG;Deutschland;BAULA2;Baulandarten;BAULAND02;Rohbauland;GEBA02;Baugebiete;GEBIETSART06;Dorfgebiet;51,36;EUR/qm;KAU004;Durchschnittlicher Kaufwert
61511;Statistik der Kaufwerte für Bauland;JAHR;Jahr;2020;QUARTG;Quartale;QUART4;4. Quartal;DINSG;Deutschland insgesamt;DG;Deutschland;BAULA2;Baulandarten;BAULAND02;Rohbauland;GEBA02;Baugebiete;GEBIETSART06;Dorfgebiet;415;1000 qm;FLC023;Veräußerte Fläche
61511;Statistik der Kaufwerte für Bauland;JAHR;Jahr;2020;QUARTG;Quartale;QUART4;4. Quartal;DINSG;Deutschland insgesamt;DG;Deutschland;BAULA2;Baulandarten;BAULAND02;Rohbauland;GEBA02;Baugebiete;;Insgesamt;595;Anzahl;KAU002;Kauffälle
61511;Statistik der Kaufwerte für Bauland;JAHR;Jahr;2020;QUARTG;Quartale;QUART4;4. Quartal;DINSG;Deutschland insgesamt;DG;Deutschland;BAULA2;Baulandarten;BAULAND02;Rohbauland;GEBA02;Baugebiete;;Insgesamt;50,22;EUR/qm;KAU004;Durchschnittlicher Kaufwert
61511;Statistik der Kaufwerte für Bauland;JAHR;Jahr;2020;QUARTG;Quartale;QUART4;4. Quartal;DINSG;Deutschland insgesamt;DG;Deutschland;BAULA2;Baulandarten;BAULAND02;Rohbauland;GEBA02;Baugebiete;;Insgesamt;3676;1000 qm;FLC023;Veräußerte Fläche
61511;Statistik der Kaufwerte für Bauland;JAHR;Jahr;2020;QUARTG;Quartale;QUART1;1. Quartal;DINSG;Deutschland insgesamt;DG;Deutschland;BAULA2;Baulandarten;BAULAND02;Rohbauland;GEBA02;Baugebiete;GEBIETSART01;Geschäftsgebiet;11;Anzahl;KAU002;Kauffälle
61511;Statistik der Kaufwerte für Bauland;JAHR;Jahr;2020;QUARTG;Quartale;QUART1;1. Quartal;DINSG;Deutschland insgesamt;DG;Deutschland;BAULA2;Baulandarten;BAULAND02;Rohbauland;GEBA02;Baugebiete;GEBIETSART01;Geschäftsgebiet;20,11;EUR/qm;KAU004;Durchschnittlicher Kaufwert
61511;Statistik der Kaufwerte für Bauland;JAHR;Jahr;2020;QUARTG;Quartale;QUART1;1. Quartal;DINSG;Deutschland insgesamt;DG;Deutschland;BAULA2;Baulandarten;BAULAND02;Rohbauland;GEBA02;Baugebiete;GEBIETSART01;Geschäftsgebiet;96;1000 qm;FLC023;Veräußerte Fläche
61511;Statistik der Kaufwerte für Bauland;JAHR;Jahr;2020;QUARTG;Quartale;QUART4;4. Quartal;DINSG;Deutschland insgesamt;DG;Deutschland;BAULA2;Baulandarten;BAULAND02;Rohbauland;GEBA02;Baugebiete;GEBIETSART02;Geschäftsgebiet mit Wohngebiet gemischt;59;Anzahl;KAU002;Kauffälle
61511;Statistik der Kaufwerte für Bauland;JAHR;Jahr;2020;QUARTG;Quartale;QUART4;4. Quartal;DINSG;Deutschland insgesamt;DG;Deutschland;BAULA2;Baulandarten;BAULAND02;Rohbauland;GEBA02;Baugebiete;GEBIETSART02;Geschäftsgebiet mit Wohngebiet gemischt;24,32;EUR/qm;KAU004;Durchschnittlicher Kaufwert
61511;Statistik der Kaufwerte für Bauland;JAHR;Jahr;2020;QUARTG;Quartale;QUART4;4. Quartal;DINSG;Deutschland insgesamt;DG;Deutschland;BAULA2;Baulandarten;BAULAND02;Rohbauland;GEBA02;Baugebiete;GEBIETSART02;Geschäftsgebiet mit Wohngebiet gemischt;284;1000 qm;FLC023;Veräußerte Fläche
61511;Statistik der Kaufwerte für Bauland;JAHR;Jahr;2020;QUARTG;Quartale;QUART3;3. Quartal;DINSG;Deutschland insgesamt;DG;Deutschland;BAULA2;Baulandarten;;Insgesamt;GEBA02;Baugebiete;GEBIETSART04;Wohngebiet in offener Bauweise;14624;Anzahl;KAU002;Kauffälle
61511;Statistik der Kaufwerte für Bauland;JAHR;Jahr;2020;QUARTG;Quartale;QUART3;3. Quartal;DINSG;Deutschland insgesamt;DG;Deutschland;BAULA2;Baulandarten;;Insgesamt;GEBA02;Baugebiete;GEBIETSART04;Wohngebiet in offener Bauweise;218,05;EUR/qm;KAU004;Durchschnittlicher Kaufwert
61511;Statistik der Kaufwerte für Bauland;JAHR;Jahr;2020;QUARTG;Quartale;QUART3;3. Quartal;DINSG;Deutschland insgesamt;DG;Deutschland;BAULA2;Baulandarten;;Insgesamt;GEBA02;Baugebiete;GEBIETSART04;Wohngebiet in offener Bauweise;15597;1000 qm;FLC023;Veräußerte Fläche
61511;Statistik der Kaufwerte für Bauland;JAHR;Jahr;2020;QUARTG;Quartale;QUART2;2. Quartal;DINSG;Deutschland insgesamt;DG;Deutschland;BAULA2;Baulandarten;BAULAND02;Rohbauland;GEBA02;Baugebiete;;Insgesamt;555;Anzahl;KAU002;Kauffälle
61511;Statistik der Kaufwerte für Bauland;JAHR;Jahr;2020;QUARTG;Quartale;QUART2;2. Quartal;DINSG;Deutschland insgesamt;DG;Deutschland;BAULA2;Baulandarten;BAULAND02;Rohbauland;GEBA02;Baugebiete;;Insgesamt;43,46;EUR/qm;KAU004;Durchschnittlicher Kaufwert
61511;Statistik der Kaufwerte für Bauland;JAHR;Jahr;2020;QUARTG;Quartale;QUART2;2. Quartal;DINSG;Deutschland insgesamt;DG;Deutschland;BAULA2;Baulandarten;BAULAND02;Rohbauland;GEBA02;Baugebiete;;Insgesamt;4219;1000 qm;FLC023;Veräußerte Fläche
61511;Statistik der Kaufwerte für Bauland;JAHR;Jahr;2020;QUARTG;Quartale;QUART2;2. Quartal;DINSG;Deutschland insgesamt;DG;Deutschland;BAULA2;Baulandarten;BAULAND02;Rohbauland;GEBA02;Baugebiete;GEBIETSART05;Industriegebiet;21;Anzahl;KAU002;Kauffälle
61511;Statistik der Kaufwerte für Bauland;JAHR;Jahr;2020;QUARTG;Quartale;QUART2;2. Quartal;DINSG;Deutschland insgesamt;DG;Deutschland;BAULA2;Baulandarten;BAULAND02;Rohbauland;GEBA02;Baugebiete;GEBIETSART05;Industriegebiet;21,96;EUR/qm;KAU004;Durchschnittlicher Kaufwert
61511;Statistik der Kaufwerte für Bauland;JAHR;Jahr;2020;QUARTG;Quartale;QUART2;2. Quartal;DINSG;Deutschland insgesamt;DG;Deutschland;BAULA2;Baulandarten;BAULAND02;Rohbauland;GEBA02;Baugebiete;GEBIETSART05;Industriegebiet;278;1000 qm;FLC023;Veräußerte Fläche
61511;Statistik der Kaufwerte für Bauland;JAHR;Jahr;2020;QUARTG;Quartale;QUART2;2. Quartal;DINSG;Deutschland insgesamt;DG;Deutschland;BAULA2;Baulandarten;BAULAND06;Sonstiges Bauland;GEBA02;Baugebiete;GEBIETSART04;Wohngebiet in offener Bauweise;288;Anzahl;KAU002;Kauffälle
61511;Statistik der Kaufwerte für Bauland;JAHR;Jahr;2020;QUARTG;Quartale;QUART2;2. Quartal;DINSG;Deutschland insgesamt;DG;Deutschland;BAULA2;Baulandarten;BAULAND06;Sonstiges Bauland;GEBA02;Baugebiete;GEBIETSART04;Wohngebiet in offener Bauweise;10,88;EUR/qm;KAU004;Durchschnittlicher Kaufwert
61511;Statistik der Kaufwerte für Bauland;JAHR;Jahr;2020;QUARTG;Quartale;QUART2;2. Quartal;DINSG;Deutschland insgesamt;DG;Deutschland;BAULA2;Baulandarten;BAULAND06;Sonstiges Bauland;GEBA02;Baugebiete;GEBIETSART04;Wohngebiet in offener Bauweise;634;1000 qm;FLC023;Veräußerte Fläche
61511;Statistik der Kaufwerte für Bauland;JAHR;Jahr;2020;QUARTG;Quartale;QUART1;1. Quartal;DINSG;Deutschland insgesamt;DG;Deutschland;BAULA2;Baulandarten;BAULAND01;Baureifes Land;GEBA02;Baugebiete;GEBIETSART03;Wohngebiet in geschlossener Bauweise;1644;Anzahl;KAU002;Kauffälle
61511;Statistik der Kaufwerte für Bauland;JAHR;Jahr;2020;QUARTG;Quartale;QUART1;1. Quartal;DINSG;Deutschland insgesamt;DG;Deutschland;BAULA2;Baulandarten;BAULAND01;Baureifes Land;GEBA02;Baugebiete;GEBIETSART03;Wohngebiet in geschlossener Bauweise;256,17;EUR/qm;KAU004;Durchschnittlicher Kaufwert
61511;Statistik der Kaufwerte für Bauland;JAHR;Jahr;2020;QUARTG;Quartale;QUART1;1. Quartal;DINSG;Deutschland insgesamt;DG;Deutschland;BAULA2;Baulandarten;BAULAND01;Baureifes Land;GEBA02;Baugebiete;GEBIETSART03;Wohngebiet in geschlossener Bauweise;1419;1000 qm;FLC023;Veräußerte Fläche
61511;Statistik der Kaufwerte für Bauland;JAHR;Jahr;2020;QUARTG;Quartale;QUART3;3. Quartal;DINSG;Deutschland insgesamt;DG;Deutschland;BAULA2;Baulandarten;BAULAND06;Sonstiges Bauland;GEBA02;Baugebiete;;Insgesamt;1665;Anzahl;KAU002;Kauffälle
61511;Statistik der Kaufwerte für Bauland;JAHR;Jahr;2020;QUARTG;Quartale;QUART3;3. Quartal;DINSG;Deutschland insgesamt;DG;Deutschland;BAULA2;Baulandarten;BAULAND06;Sonstiges Bauland;GEBA02;Baugebiete;;Insgesamt;69,57;EUR/qm;KAU004;Durchschnittlicher Kaufwert
61511;Statistik der Kaufwerte für Bauland;JAHR;Jahr;2020;QUARTG;Quartale;QUART3;3. Quartal;DINSG;Deutschland insgesamt;DG;Deutschland;BAULA2;Baulandarten;BAULAND06;Sonstiges Bauland;GEBA02;Baugebiete;;Insgesamt;8165;1000 qm;FLC023;Veräußerte Fläche
61511;Statistik der Kaufwerte für Bauland;JAHR;Jahr;2020;QUARTG;Quartale;QUART2;2. Quartal;DINSG;Deutschland insgesamt;DG;Deutschland;BAULA2;Baulandarten;;Insgesamt;GEBA02;Baugebiete;;Insgesamt;20570;Anzahl;KAU002;Kauffälle
61511;Statistik der Kaufwerte für Bauland;JAHR;Jahr;2020;QUARTG;Quartale;QUART2;2. Quartal;DINSG;Deutschland insgesamt;DG;Deutschland;BAULA2;Baulandarten;;Insgesamt;GEBA02;Baugebiete;;Insgesamt;137,37;EUR/qm;KAU004;Durchschnittlicher Kaufwert
61511;Statistik der Kaufwerte für Bauland;JAHR;Jahr;2020;QUARTG;Quartale;QUART2;2. Quartal;DINSG;Deutschland insgesamt;DG;Deutschland;BAULA2;Baulandarten;;Insgesamt;GEBA02;Baugebiete;;Insgesamt;31207;1000 qm;FLC023;Veräußerte Fläche
61511;Statistik der Kaufwerte für Bauland;JAHR;Jahr;2020;QUARTG;Quartale;QUART4;4. Quartal;DINSG;Deutschland insgesamt;DG;Deutschland;BAULA2;Baulandarten;BAULAND01;Baureifes Land;GEBA02;Baugebiete;GEBIETSART04;Wohngebiet in offener Bauweise;14285;Anzahl;KAU002;Kauffälle
61511;Statistik der Kaufwerte für Bauland;JAHR;Jahr;2020;QUARTG;Quartale;QUART4;4. Quartal;DINSG;Deutschland insgesamt;DG;Deutschland;BAULA2;Baulandarten;BAULAND01;Baureifes Land;GEBA02;Baugebiete;GEBIETSART04;Wohngebiet in offener Bauweise;204,74;EUR/qm;KAU004;Durchschnittlicher Kaufwert
61511;Statistik der Kaufwerte für Bauland;JAHR;Jahr;2020;QUARTG;Quartale;QUART4;4. Quartal;DINSG;Deutschland insgesamt;DG;Deutschland;BAULA2;Baulandarten;BAULAND01;Baureifes Land;GEBA02;Baugebiete;GEBIETSART04;Wohngebiet in offener Bauweise;13031;1000 qm;FLC023;Veräußerte Fläche
61511;Statistik der Kaufwerte für Bauland;JAHR;Jahr;2020;QUARTG;Quartale;QUART1;1. Quartal;DINSG;Deutschland insgesamt;DG;Deutschland;BAULA2;Baulandarten;BAULAND06;Sonstiges Bauland;GEBA02;Baugebiete;;Insgesamt;1113;Anzahl;KAU002;Kauffälle
61511;Statistik der Kaufwerte für Bauland;JAHR;Jahr;2020;QUARTG;Quartale;QUART1;1. Quartal;DINSG;Deutschland insgesamt;DG;Deutschland;BAULA2;Baulandarten;BAULAND06;Sonstiges Bauland;GEBA02;Baugebiete;;Insgesamt;55,93;EUR/qm;KAU004;Durchschnittlicher Kaufwert
61511;Statistik der Kaufwerte für Bauland;JAHR;Jahr;2020;QUARTG;Quartale;QUART1;1. Quartal;DINSG;Deutschland insgesamt;DG;Deutschland;BAULA2;Baulandarten;BAULAND06;Sonstiges Bauland;GEBA02;Baugebiete;;Insgesamt;8007;1000 qm;FLC023;Veräußerte Fläche
61511;Statistik der Kaufwerte für Bauland;JAHR;Jahr;2020;QUARTG;Quartale;QUART2;2. Quartal;DINSG;Deutschland insgesamt;DG;Deutschland;BAULA2;Baulandarten;BAULAND02;Rohbauland;GEBA02;Baugebiete;GEBIETSART01;Geschäftsgebiet;11;Anzahl;KAU002;Kauffälle
61511;Statistik der Kaufwerte für Bauland;JAHR;Jahr;2020;QUARTG;Quartale;QUART2;2. Quartal;DINSG;Deutschland insgesamt;DG;Deutschland;BAULA2;Baulandarten;BAULAND02;Rohbauland;GEBA02;Baugebiete;GEBIETSART01;Geschäftsgebiet;14,52;EUR/qm;KAU004;Durchschnittlicher Kaufwert
61511;Statistik der Kaufwerte für Bauland;JAHR;Jahr;2020;QUARTG;Quartale;QUART2;2. Quartal;DINSG;Deutschland insgesamt;DG;Deutschland;BAULA2;Baulandarten;BAULAND02;Rohbauland;GEBA02;Baugebiete;GEBIETSART01;Geschäftsgebiet;80;1000 qm;FLC023;Veräußerte Fläche
61511;Statistik der Kaufwerte für Bauland;JAHR;Jahr;2020;QUARTG;Quartale;QUART2;2. Quartal;DINSG;Deutschland insgesamt;DG;Deutschland;BAULA2;Baulandarten;;Insgesamt;GEBA02;Baugebiete;GEBIETSART03B04;Wohngebiet insgesamt;15598;Anzahl;KAU002;Kauffälle
61511;Statistik der Kaufwerte für Bauland;JAHR;Jahr;2020;QUARTG;Quartale;QUART2;2. Quartal;DINSG;Deutschland insgesamt;DG;Deutschland;BAULA2;Baulandarten;;Insgesamt;GEBA02;Baugebiete;GEBIETSART03B04;Wohngebiet insgesamt;198,09;EUR/qm;KAU004;Durchschnittlicher Kaufwert
61511;Statistik der Kaufwerte für Bauland;JAHR;Jahr;2020;QUARTG;Quartale;QUART2;2. Quartal;DINSG;Deutschland insgesamt;DG;Deutschland;BAULA2;Baulandarten;;Insgesamt;GEBA02;Baugebiete;GEBIETSART03B04;Wohngebiet insgesamt;15764;1000 qm;FLC023;Veräußerte Fläche
61511;Statistik der Kaufwerte für Bauland;JAHR;Jahr;2020;QUARTG;Quartale;QUART2;2. Quartal;DINSG;Deutschland insgesamt;DG;Deutschland;BAULA2;Baulandarten;BAULAND01;Baureifes Land;GEBA02;Baugebiete;GEBIETSART04;Wohngebiet in offener Bauweise;12564;Anzahl;KAU002;Kauffälle
61511;Statistik der Kaufwerte für Bauland;JAHR;Jahr;2020;QUARTG;Quartale;QUART2;2. Quartal;DINSG;Deutschland insgesamt;DG;Deutschland;BAULA2;Baulandarten;BAULAND01;Baureifes Land;GEBA02;Baugebiete;GEBIETSART04;Wohngebiet in offener Bauweise;221,92;EUR/qm;KAU004;Durchschnittlicher Kaufwert
61511;Statistik der Kaufwerte für Bauland;JAHR;Jahr;2020;QUARTG;Quartale;QUART2;2. Quartal;DINSG;Deutschland insgesamt;DG;Deutschland;BAULA2;Baulandarten;BAULAND01;Baureifes Land;GEBA02;Baugebiete;GEBIETSART04;Wohngebiet in offener Bauweise;11040;1000 qm;FLC023;Veräußerte Fläche
61511;Statistik der Kaufwerte für Bauland;JAHR;Jahr;2020;QUARTG;Quartale;QUART3;3. Quartal;DINSG;Deutschland insgesamt;DG;Deutschland;BAULA2;Baulandarten;BAULAND01;Baureifes Land;GEBA02;Baugebiete;GEBIETSART03B04;Wohngebiet insgesamt;16861;Anzahl;KAU002;Kauffälle
61511;Statistik der Kaufwerte für Bauland;JAHR;Jahr;2020;QUARTG;Quartale;QUART3;3. Quartal;DINSG;Deutschland insgesamt;DG;Deutschland;BAULA2;Baulandarten;BAULAND01;Baureifes Land;GEBA02;Baugebiete;GEBIETSART03B04;Wohngebiet insgesamt;259,20;EUR/qm;KAU004;Durchschnittlicher Kaufwert
61511;Statistik der Kaufwerte für Bauland;JAHR;Jahr;2020;QUARTG;Quartale;QUART3;3. Quartal;DINSG;Deutschland insgesamt;DG;Deutschland;BAULA2;Baulandarten;BAULAND01;Baureifes Land;GEBA02;Baugebiete;GEBIETSART03B04;Wohngebiet insgesamt;15755;1000 qm;FLC023;Veräußerte Fläche
61511;Statistik der Kaufwerte für Bauland;JAHR;Jahr;2020;QUARTG;Quartale;QUART3;3. Quartal;DINSG;Deutschland insgesamt;DG;Deutschland;BAULA2;Baulandarten;BAULAND02;Rohbauland;GEBA02;Baugebiete;GEBIETSART01;Geschäftsgebiet;12;Anzahl;KAU002;Kauffälle
61511;Statistik der Kaufwerte für Bauland;JAHR;Jahr;2020;QUARTG;Quartale;QUART3;3. Quartal;DINSG;Deutschland insgesamt;DG;Deutschland;BAULA2;Baulandarten;BAULAND02;Rohbauland;GEBA02;Baugebiete;GEBIETSART01;Geschäftsgebiet;14,03;EUR/qm;KAU004;Durchschnittlicher Kaufwert
61511;Statistik der Kaufwerte für Bauland;JAHR;Jahr;2020;QUARTG;Quartale;QUART3;3. Quartal;DINSG;Deutschland insgesamt;DG;Deutschland;BAULA2;Baulandarten;BAULAND02;Rohbauland;GEBA02;Baugebiete;GEBIETSART01;Geschäftsgebiet;94;1000 qm;FLC023;Veräußerte Fläche
61511;Statistik der Kaufwerte für Bauland;JAHR;Jahr;2020;QUARTG;Quartale;QUART2;2. Quartal;DINSG;Deutschland insgesamt;DG;Deutschland;BAULA2;Baulandarten;;Insgesamt;GEBA02;Baugebiete;GEBIETSART04;Wohngebiet in offener Bauweise;13140;Anzahl;KAU002;Kauffälle
61511;Statistik der Kaufwerte für Bauland;JAHR;Jahr;2020;QUARTG;Quartale;QUART2;2. Quartal;DINSG;Deutschland insgesamt;DG;Deutschland;BAULA2;Baulandarten;;Insgesamt;GEBA02;Baugebiete;GEBIETSART04;Wohngebiet in offener Bauweise;187,18;EUR/qm;KAU004;Durchschnittlicher Kaufwert
61511;Statistik der Kaufwerte für Bauland;JAHR;Jahr;2020;QUARTG;Quartale;QUART2;2. Quartal;DINSG;Deutschland insgesamt;DG;Deutschland;BAULA2;Baulandarten;;Insgesamt;GEBA02;Baugebiete;GEBIETSART04;Wohngebiet in offener Bauweise;13538;1000 qm;FLC023;Veräußerte Fläche
61511;Statistik der Kaufwerte für Bauland;JAHR;Jahr;2020;QUARTG;Quartale;QUART3;3. Quartal;DINSG;Deutschland insgesamt;DG;Deutschland;BAULA2;Baulandarten;BAULAND06;Sonstiges Bauland;GEBA02;Baugebiete;GEBIETSART04;Wohngebiet in offener Bauweise;398;Anzahl;KAU002;Kauffälle
61511;Statistik der Kaufwerte für Bauland;JAHR;Jahr;2020;QUARTG;Quartale;QUART3;3. Quartal;DINSG;Deutschland insgesamt;DG;Deutschland;BAULA2;Baulandarten;BAULAND06;Sonstiges Bauland;GEBA02;Baugebiete;GEBIETSART04;Wohngebiet in offener Bauweise;15,86;EUR/qm;KAU004;Durchschnittlicher Kaufwert
61511;Statistik der Kaufwerte für Bauland;JAHR;Jahr;2020;QUARTG;Quartale;QUART3;3. Quartal;DINSG;Deutschland insgesamt;DG;Deutschland;BAULA2;Baulandarten;BAULAND06;Sonstiges Bauland;GEBA02;Baugebiete;GEBIETSART04;Wohngebiet in offener Bauweise;924;1000 qm;FLC023;Veräußerte Fläche
61511;Statistik der Kaufwerte für Bauland;JAHR;Jahr;2020;QUARTG;Quartale;QUART3;3. Quartal;DINSG;Deutschland insgesamt;DG;Deutschland;BAULA2;Baulandarten;BAULAND02;Rohbauland;GEBA02;Baugebiete;GEBIETSART05;Industriegebiet;37;Anzahl;KAU002;Kauffälle
61511;Statistik der Kaufwerte für Bauland;JAHR;Jahr;2020;QUARTG;Quartale;QUART3;3. Quartal;DINSG;Deutschland insgesamt;DG;Deutschland;BAULA2;Baulandarten;BAULAND02;Rohbauland;GEBA02;Baugebiete;GEBIETSART05;Industriegebiet;79,26;EUR/qm;KAU004;Durchschnittlicher Kaufwert
61511;Statistik der Kaufwerte für Bauland;JAHR;Jahr;2020;QUARTG;Quartale;QUART3;3. Quartal;DINSG;Deutschland insgesamt;DG;Deutschland;BAULA2;Baulandarten;BAULAND02;Rohbauland;GEBA02;Baugebiete;GEBIETSART05;Industriegebiet;604;1000 qm;FLC023;Veräußerte Fläche
61511;Statistik der Kaufwerte für Bauland;JAHR;Jahr;2020;QUARTG;Quartale;QUART4;4. Quartal;DINSG;Deutschland insgesamt;DG;Deutschland;BAULA2;Baulandarten;;Insgesamt;GEBA02;Baugebiete;GEBIETSART05;Industriegebiet;1476;Anzahl;KAU002;Kauffälle
61511;Statistik der Kaufwerte für Bauland;JAHR;Jahr;2020;QUARTG;Quartale;QUART4;4. Quartal;DINSG;Deutschland insgesamt;DG;Deutschland;BAULA2;Baulandarten;;Insgesamt;GEBA02;Baugebiete;GEBIETSART05;Industriegebiet;55,55;EUR/qm;KAU004;Durchschnittlicher Kaufwert
61511;Statistik der Kaufwerte für Bauland;JAHR;Jahr;2020;QUARTG;Quartale;QUART4;4. Quartal;DINSG;Deutschland insgesamt;DG;Deutschland;BAULA2;Baulandarten;;Insgesamt;GEBA02;Baugebiete;GEBIETSART05;Industriegebiet;11621;1000 qm;FLC023;Veräußerte Fläche
61511;Statistik der Kaufwerte für Bauland;JAHR;Jahr;2020;QUARTG;Quartale;QUART3;3. Quartal;DINSG;Deutschland insgesamt;DG;Deutschland;BAULA2;Baulandarten;BAULAND01;Baureifes Land;GEBA02;Baugebiete;GEBIETSART03;Wohngebiet in geschlossener Bauweise;2915;Anzahl;KAU002;Kauffälle
61511;Statistik der Kaufwerte für Bauland;JAHR;Jahr;2020;QUARTG;Quartale;QUART3;3. Quartal;DINSG;Deutschland insgesamt;DG;Deutschland;BAULA2;Baulandarten;BAULAND01;Baureifes Land;GEBA02;Baugebiete;GEBIETSART03;Wohngebiet in geschlossener Bauweise;296,10;EUR/qm;KAU004;Durchschnittlicher Kaufwert
61511;Statistik der Kaufwerte für Bauland;JAHR;Jahr;2020;QUARTG;Quartale;QUART3;3. Quartal;DINSG;Deutschland insgesamt;DG;Deutschland;BAULA2;Baulandarten;BAULAND01;Baureifes Land;GEBA02;Baugebiete;GEBIETSART03;Wohngebiet in geschlossener Bauweise;2727;1000 qm;FLC023;Veräußerte Fläche
61511;Statistik der Kaufwerte für Bauland;JAHR;Jahr;2020;QUARTG;Quartale;QUART4;4. Quartal;DINSG;Deutschland insgesamt;DG;Deutschland;BAULA2;Baulandarten;;Insgesamt;GEBA02;Baugebiete;GEBIETSART03B04;Wohngebiet insgesamt;18801;Anzahl;KAU002;Kauffälle
61511;Statistik der Kaufwerte für Bauland;JAHR;Jahr;2020;QUARTG;Quartale;QUART4;4. Quartal;DINSG;Deutschland insgesamt;DG;Deutschland;BAULA2;Baulandarten;;Insgesamt;GEBA02;Baugebiete;GEBIETSART03B04;Wohngebiet insgesamt;209,45;EUR/qm;KAU004;Durchschnittlicher Kaufwert
61511;Statistik der Kaufwerte für Bauland;JAHR;Jahr;2020;QUARTG;Quartale;QUART4;4. Quartal;DINSG;Deutschland insgesamt;DG;Deutschland;BAULA2;Baulandarten;;Insgesamt;GEBA02;Baugebiete;GEBIETSART03B04;Wohngebiet insgesamt;19731;1000 qm;FLC023;Veräußerte Fläche
61511;Statistik der Kaufwerte für Bauland;JAHR;Jahr;2020;QUARTG;Quartale;QUART4;4. Quartal;DINSG;Deutschland insgesamt;DG;Deutschland;BAULA2;Baulandarten;;Insgesamt;GEBA02;Baugebiete;GEBIETSART01;Geschäftsgebiet;640;Anzahl;KAU002;Kauffälle
61511;Statistik der Kaufwerte für Bauland;JAHR;Jahr;2020;QUARTG;Quartale;QUART4;4. Quartal;DINSG;Deutschland insgesamt;DG;Deutschland;BAULA2;Baulandarten;;Insgesamt;GEBA02;Baugebiete;GEBIETSART01;Geschäftsgebiet;257,39;EUR/qm;KAU004;Durchschnittlicher Kaufwert
61511;Statistik der Kaufwerte für Bauland;JAHR;Jahr;2020;QUARTG;Quartale;QUART4;4. Quartal;DINSG;Deutschland insgesamt;DG;Deutschland;BAULA2;Baulandarten;;Insgesamt;GEBA02;Baugebiete;GEBIETSART01;Geschäftsgebiet;1738;1000 qm;FLC023;Veräußerte Fläche
61511;Statistik der Kaufwerte für Bauland;JAHR;Jahr;2020;QUARTG;Quartale;QUART4;4. Quartal;DINSG;Deutschland insgesamt;DG;Deutschland;BAULA2;Baulandarten;BAULAND02;Rohbauland;GEBA02;Baugebiete;GEBIETSART03B04;Wohngebiet insgesamt;366;Anzahl;KAU002;Kauffälle
61511;Statistik der Kaufwerte für Bauland;JAHR;Jahr;2020;QUARTG;Quartale;QUART4;4. Quartal;DINSG;Deutschland insgesamt;DG;Deutschland;BAULA2;Baulandarten;BAULAND02;Rohbauland;GEBA02;Baugebiete;GEBIETSART03B04;Wohngebiet insgesamt;61,89;EUR/qm;KAU004;Durchschnittlicher Kaufwert
61511;Statistik der Kaufwerte für Bauland;JAHR;Jahr;2020;QUARTG;Quartale;QUART4;4. Quartal;DINSG;Deutschland insgesamt;DG;Deutschland;BAULA2;Baulandarten;BAULAND02;Rohbauland;GEBA02;Baugebiete;GEBIETSART03B04;Wohngebiet insgesamt;2115;1000 qm;FLC023;Veräußerte Fläche
61511;Statistik der Kaufwerte für Bauland;JAHR;Jahr;2020;QUARTG;Quartale;QUART4;4. Quartal;DINSG;Deutschland insgesamt;DG;Deutschland;BAULA2;Baulandarten;BAULAND06;Sonstiges Bauland;GEBA02;Baugebiete;GEBIETSART01;Geschäftsgebiet;178;Anzahl;KAU002;Kauffälle
61511;Statistik der Kaufwerte für Bauland;JAHR;Jahr;2020;QUARTG;Quartale;QUART4;4. Quartal;DINSG;Deutschland insgesamt;DG;Deutschland;BAULA2;Baulandarten;BAULAND06;Sonstiges Bauland;GEBA02;Baugebiete;GEBIETSART01;Geschäftsgebiet;244,49;EUR/qm;KAU004;Durchschnittlicher Kaufwert
61511;Statistik der Kaufwerte für Bauland;JAHR;Jahr;2020;QUARTG;Quartale;QUART4;4. Quartal;DINSG;Deutschland insgesamt;DG;Deutschland;BAULA2;Baulandarten;BAULAND06;Sonstiges Bauland;GEBA02;Baugebiete;GEBIETSART01;Geschäftsgebiet;825;1000 qm;FLC023;Veräußerte Fläche
61511;Statistik der Kaufwerte für Bauland;JAHR;Jahr;2020;QUARTG;Quartale;QUART1;1. Quartal;DINSG;Deutschland insgesamt;DG;Deutschland;BAULA2;Baulandarten;;Insgesamt;GEBA02;Baugebiete;GEBIETSART02;Geschäftsgebiet mit Wohngebiet gemischt;823;Anzahl;KAU002;Kauffälle
61511;Statistik der Kaufwerte für Bauland;JAHR;Jahr;2020;QUARTG;Quartale;QUART1;1. Quartal;DINSG;Deutschland insgesamt;DG;Deutschland;BAULA2;Baulandarten;;Insgesamt;GEBA02;Baugebiete;GEBIETSART02;Geschäftsgebiet mit Wohngebiet gemischt;139,51;EUR/qm;KAU004;Durchschnittlicher Kaufwert
61511;Statistik der Kaufwerte für Bauland;JAHR;Jahr;2020;QUARTG;Quartale;QUART1;1. Quartal;DINSG;Deutschland insgesamt;DG;Deutschland;BAULA2;Baulandarten;;Insgesamt;GEBA02;Baugebiete;GEBIETSART02;Geschäftsgebiet mit Wohngebiet gemischt;1221;1000 qm;FLC023;Veräußerte Fläche
61511;Statistik der Kaufwerte für Bauland;JAHR;Jahr;2020;QUARTG;Quartale;QUART1;1. Quartal;DINSG;Deutschland insgesamt;DG;Deutschland;BAULA2;Baulandarten;BAULAND06;Sonstiges Bauland;GEBA02;Baugebiete;GEBIETSART03;Wohngebiet in geschlossener Bauweise;8;Anzahl;KAU002;Kauffälle
61511;Statistik der Kaufwerte für Bauland;JAHR;Jahr;2020;QUARTG;Quartale;QUART1;1. Quartal;DINSG;Deutschland insgesamt;DG;Deutschland;BAULA2;Baulandarten;BAULAND06;Sonstiges Bauland;GEBA02;Baugebiete;GEBIETSART03;Wohngebiet in geschlossener Bauweise;5,91;EUR/qm;KAU004;Durchschnittlicher Kaufwert
61511;Statistik der Kaufwerte für Bauland;JAHR;Jahr;2020;QUARTG;Quartale;QUART1;1. Quartal;DINSG;Deutschland insgesamt;DG;Deutschland;BAULA2;Baulandarten;BAULAND06;Sonstiges Bauland;GEBA02;Baugebiete;GEBIETSART03;Wohngebiet in geschlossener Bauweise;16;1000 qm;FLC023;Veräußerte Fläche
61511;Statistik der Kaufwerte für Bauland;JAHR;Jahr;2020;QUARTG;Quartale;QUART4;4. Quartal;DINSG;Deutschland insgesamt;DG;Deutschland;BAULA2;Baulandarten;BAULAND06;Sonstiges Bauland;GEBA02;Baugebiete;GEBIETSART05;Industriegebiet;1187;Anzahl;KAU002;Kauffälle
61511;Statistik der Kaufwerte für Bauland;JAHR;Jahr;2020;QUARTG;Quartale;QUART4;4. Quartal;DINSG;Deutschland insgesamt;DG;Deutschland;BAULA2;Baulandarten;BAULAND06;Sonstiges Bauland;GEBA02;Baugebiete;GEBIETSART05;Industriegebiet;54,85;EUR/qm;KAU004;Durchschnittlicher Kaufwert
61511;Statistik der Kaufwerte für Bauland;JAHR;Jahr;2020;QUARTG;Quartale;QUART4;4. Quartal;DINSG;Deutschland insgesamt;DG;Deutschland;BAULA2;Baulandarten;BAULAND06;Sonstiges Bauland;GEBA02;Baugebiete;GEBIETSART05;Industriegebiet;9619;1000 qm;FLC023;Veräußerte Fläche
61511;Statistik der Kaufwerte für Bauland;JAHR;Jahr;2020;QUARTG;Quartale;QUART1;1. Quartal;DINSG;Deutschland insgesamt;DG;Deutschland;BAULA2;Baulandarten;BAULAND02;Rohbauland;GEBA02;Baugebiete;GEBIETSART04;Wohngebiet in offener Bauweise;227;Anzahl;KAU002;Kauffälle
61511;Statistik der Kaufwerte für Bauland;JAHR;Jahr;2020;QUARTG;Quartale;QUART1;1. Quartal;DINSG;Deutschland insgesamt;DG;Deutschland;BAULA2;Baulandarten;BAULAND02;Rohbauland;GEBA02;Baugebiete;GEBIETSART04;Wohngebiet in offener Bauweise;43,86;EUR/qm;KAU004;Durchschnittlicher Kaufwert
61511;Statistik der Kaufwerte für Bauland;JAHR;Jahr;2020;QUARTG;Quartale;QUART1;1. Quartal;DINSG;Deutschland insgesamt;DG;Deutschland;BAULA2;Baulandarten;BAULAND02;Rohbauland;GEBA02;Baugebiete;GEBIETSART04;Wohngebiet in offener Bauweise;1064;1000 qm;FLC023;Veräußerte Fläche
61511;Statistik der Kaufwerte für Bauland;JAHR;Jahr;2020;QUARTG;Quartale;QUART4;4. Quartal;DINSG;Deutschland insgesamt;DG;Deutschland;BAULA2;Baulandarten;BAULAND02;Rohbauland;GEBA02;Baugebiete;GEBIETSART05;Industriegebiet;41;Anzahl;KAU002;Kauffälle
61511;Statistik der Kaufwerte für Bauland;JAHR;Jahr;2020;QUARTG;Quartale;QUART4;4. Quartal;DINSG;Deutschland insgesamt;DG;Deutschland;BAULA2;Baulandarten;BAULAND02;Rohbauland;GEBA02;Baugebiete;GEBIETSART05;Industriegebiet;24,49;EUR/qm;KAU004;Durchschnittlicher Kaufwert
61511;Statistik der Kaufwerte für Bauland;JAHR;Jahr;2020;QUARTG;Quartale;QUART4;4. Quartal;DINSG;Deutschland insgesamt;DG;Deutschland;BAULA2;Baulandarten;BAULAND02;Rohbauland;GEBA02;Baugebiete;GEBIETSART05;Industriegebiet;627;1000 qm;FLC023;Veräußerte Fläche
61511;Statistik der Kaufwerte für Bauland;JAHR;Jahr;2020;QUARTG;Quartale;QUART1;1. Quartal;DINSG;Deutschland insgesamt;DG;Deutschland;BAULA2;Baulandarten;;Insgesamt;GEBA02;Baugebiete;GEBIETSART06;Dorfgebiet;1447;Anzahl;KAU002;Kauffälle
61511;Statistik der Kaufwerte für Bauland;JAHR;Jahr;2020;QUARTG;Quartale;QUART1;1. Quartal;DINSG;Deutschland insgesamt;DG;Deutschland;BAULA2;Baulandarten;;Insgesamt;GEBA02;Baugebiete;GEBIETSART06;Dorfgebiet;58,88;EUR/qm;KAU004;Durchschnittlicher Kaufwert
61511;Statistik der Kaufwerte für Bauland;JAHR;Jahr;2020;QUARTG;Quartale;QUART1;1. Quartal;DINSG;Deutschland insgesamt;DG;Deutschland;BAULA2;Baulandarten;;Insgesamt;GEBA02;Baugebiete;GEBIETSART06;Dorfgebiet;1797;1000 qm;FLC023;Veräußerte Fläche
61511;Statistik der Kaufwerte für Bauland;JAHR;Jahr;2020;QUARTG;Quartale;QUART4;4. Quartal;DINSG;Deutschland insgesamt;DG;Deutschland;BAULA2;Baulandarten;BAULAND02;Rohbauland;GEBA02;Baugebiete;GEBIETSART01;Geschäftsgebiet;15;Anzahl;KAU002;Kauffälle
61511;Statistik der Kaufwerte für Bauland;JAHR;Jahr;2020;QUARTG;Quartale;QUART4;4. Quartal;DINSG;Deutschland insgesamt;DG;Deutschland;BAULA2;Baulandarten;BAULAND02;Rohbauland;GEBA02;Baugebiete;GEBIETSART01;Geschäftsgebiet;43,17;EUR/qm;KAU004;Durchschnittlicher Kaufwert
61511;Statistik der Kaufwerte für Bauland;JAHR;Jahr;2020;QUARTG;Quartale;QUART4;4. Quartal;DINSG;Deutschland insgesamt;DG;Deutschland;BAULA2;Baulandarten;BAULAND02;Rohbauland;GEBA02;Baugebiete;GEBIETSART01;Geschäftsgebiet;234;1000 qm;FLC023;Veräußerte Fläche
61511;Statistik der Kaufwerte für Bauland;JAHR;Jahr;2020;QUARTG;Quartale;QUART3;3. Quartal;DINSG;Deutschland insgesamt;DG;Deutschland;BAULA2;Baulandarten;;Insgesamt;GEBA02;Baugebiete;GEBIETSART05;Industriegebiet;1300;Anzahl;KAU002;Kauffälle
61511;Statistik der Kaufwerte für Bauland;JAHR;Jahr;2020;QUARTG;Quartale;QUART3;3. Quartal;DINSG;Deutschland insgesamt;DG;Deutschland;BAULA2;Baulandarten;;Insgesamt;GEBA02;Baugebiete;GEBIETSART05;Industriegebiet;61,70;EUR/qm;KAU004;Durchschnittlicher Kaufwert
61511;Statistik der Kaufwerte für Bauland;JAHR;Jahr;2020;QUARTG;Quartale;QUART3;3. Quartal;DINSG;Deutschland insgesamt;DG;Deutschland;BAULA2;Baulandarten;;Insgesamt;GEBA02;Baugebiete;GEBIETSART05;Industriegebiet;8641;1000 qm;FLC023;Veräußerte Fläche
61511;Statistik der Kaufwerte für Bauland;JAHR;Jahr;2020;QUARTG;Quartale;QUART3;3. Quartal;DINSG;Deutschland insgesamt;DG;Deutschland;BAULA2;Baulandarten;;Insgesamt;GEBA02;Baugebiete;GEBIETSART01;Geschäftsgebiet;618;Anzahl;KAU002;Kauffälle
61511;Statistik der Kaufwerte für Bauland;JAHR;Jahr;2020;QUARTG;Quartale;QUART3;3. Quartal;DINSG;Deutschland insgesamt;DG;Deutschland;BAULA2;Baulandarten;;Insgesamt;GEBA02;Baugebiete;GEBIETSART01;Geschäftsgebiet;214,26;EUR/qm;KAU004;Durchschnittlicher Kaufwert
61511;Statistik der Kaufwerte für Bauland;JAHR;Jahr;2020;QUARTG;Quartale;QUART3;3. Quartal;DINSG;Deutschland insgesamt;DG;Deutschland;BAULA2;Baulandarten;;Insgesamt;GEBA02;Baugebiete;GEBIETSART01;Geschäftsgebiet;1283;1000 qm;FLC023;Veräußerte Fläche
61511;Statistik der Kaufwerte für Bauland;JAHR;Jahr;2020;QUARTG;Quartale;QUART2;2. Quartal;DINSG;Deutschland insgesamt;DG;Deutschland;BAULA2;Baulandarten;BAULAND06;Sonstiges Bauland;GEBA02;Baugebiete;GEBIETSART05;Industriegebiet;1020;Anzahl;KAU002;Kauffälle
61511;Statistik der Kaufwerte für Bauland;JAHR;Jahr;2020;QUARTG;Quartale;QUART2;2. Quartal;DINSG;Deutschland insgesamt;DG;Deutschland;BAULA2;Baulandarten;BAULAND06;Sonstiges Bauland;GEBA02;Baugebiete;GEBIETSART05;Industriegebiet;62,61;EUR/qm;KAU004;Durchschnittlicher Kaufwert
61511;Statistik der Kaufwerte für Bauland;JAHR;Jahr;2020;QUARTG;Quartale;QUART2;2. Quartal;DINSG;Deutschland insgesamt;DG;Deutschland;BAULA2;Baulandarten;BAULAND06;Sonstiges Bauland;GEBA02;Baugebiete;GEBIETSART05;Industriegebiet;5994;1000 qm;FLC023;Veräußerte Fläche
61511;Statistik der Kaufwerte für Bauland;JAHR;Jahr;2020;QUARTG;Quartale;QUART2;2. Quartal;DINSG;Deutschland insgesamt;DG;Deutschland;BAULA2;Baulandarten;BAULAND02;Rohbauland;GEBA02;Baugebiete;GEBIETSART04;Wohngebiet in offener Bauweise;288;Anzahl;KAU002;Kauffälle
61511;Statistik der Kaufwerte für Bauland;JAHR;Jahr;2020;QUARTG;Quartale;QUART2;2. Quartal;DINSG;Deutschland insgesamt;DG;Deutschland;BAULA2;Baulandarten;BAULAND02;Rohbauland;GEBA02;Baugebiete;GEBIETSART04;Wohngebiet in offener Bauweise;41,40;EUR/qm;KAU004;Durchschnittlicher Kaufwert
61511;Statistik der Kaufwerte für Bauland;JAHR;Jahr;2020;QUARTG;Quartale;QUART2;2. Quartal;DINSG;Deutschland insgesamt;DG;Deutschland;BAULA2;Baulandarten;BAULAND02;Rohbauland;GEBA02;Baugebiete;GEBIETSART04;Wohngebiet in offener Bauweise;1864;1000 qm;FLC023;Veräußerte Fläche
61511;Statistik der Kaufwerte für Bauland;JAHR;Jahr;2020;QUARTG;Quartale;QUART4;4. Quartal;DINSG;Deutschland insgesamt;DG;Deutschland;BAULA2;Baulandarten;BAULAND01;Baureifes Land;GEBA02;Baugebiete;GEBIETSART05;Industriegebiet;248;Anzahl;KAU002;Kauffälle
61511;Statistik der Kaufwerte für Bauland;JAHR;Jahr;2020;QUARTG;Quartale;QUART4;4. Quartal;DINSG;Deutschland insgesamt;DG;Deutschland;BAULA2;Baulandarten;BAULAND01;Baureifes Land;GEBA02;Baugebiete;GEBIETSART05;Industriegebiet;74,60;EUR/qm;KAU004;Durchschnittlicher Kaufwert
61511;Statistik der Kaufwerte für Bauland;JAHR;Jahr;2020;QUARTG;Quartale;QUART4;4. Quartal;DINSG;Deutschland insgesamt;DG;Deutschland;BAULA2;Baulandarten;BAULAND01;Baureifes Land;GEBA02;Baugebiete;GEBIETSART05;Industriegebiet;1375;1000 qm;FLC023;Veräußerte Fläche
61511;Statistik der Kaufwerte für Bauland;JAHR;Jahr;2020;QUARTG;Quartale;QUART2;2. Quartal;DINSG;Deutschland insgesamt;DG;Deutschland;BAULA2;Baulandarten;BAULAND06;Sonstiges Bauland;GEBA02;Baugebiete;GEBIETSART01;Geschäftsgebiet;123;Anzahl;KAU002;Kauffälle
61511;Statistik der Kaufwerte für Bauland;JAHR;Jahr;2020;QUARTG;Quartale;QUART2;2. Quartal;DINSG;Deutschland insgesamt;DG;Deutschland;BAULA2;Baulandarten;BAULAND06;Sonstiges Bauland;GEBA02;Baugebiete;GEBIETSART01;Geschäftsgebiet;146,83;EUR/qm;KAU004;Durchschnittlicher Kaufwert
61511;Statistik der Kaufwerte für Bauland;JAHR;Jahr;2020;QUARTG;Quartale;QUART2;2. Quartal;DINSG;Deutschland insgesamt;DG;Deutschland;BAULA2;Baulandarten;BAULAND06;Sonstiges Bauland;GEBA02;Baugebiete;GEBIETSART01;Geschäftsgebiet;867;1000 qm;FLC023;Veräußerte Fläche
61511;Statistik der Kaufwerte für Bauland;JAHR;Jahr;2020;QUARTG;Quartale;QUART1;1. Quartal;DINSG;Deutschland insgesamt;DG;Deutschland;BAULA2;Baulandarten;BAULAND01;Baureifes Land;GEBA02;Baugebiete;GEBIETSART04;Wohngebiet in offener Bauweise;9158;Anzahl;KAU002;Kauffälle
61511;Statistik der Kaufwerte für Bauland;JAHR;Jahr;2020;QUARTG;Quartale;QUART1;1. Quartal;DINSG;Deutschland insgesamt;DG;Deutschland;BAULA2;Baulandarten;BAULAND01;Baureifes Land;GEBA02;Baugebiete;GEBIETSART04;Wohngebiet in offener Bauweise;172,52;EUR/qm;KAU004;Durchschnittlicher Kaufwert
61511;Statistik der Kaufwerte für Bauland;JAHR;Jahr;2020;QUARTG;Quartale;QUART1;1. Quartal;DINSG;Deutschland insgesamt;DG;Deutschland;BAULA2;Baulandarten;BAULAND01;Baureifes Land;GEBA02;Baugebiete;GEBIETSART04;Wohngebiet in offener Bauweise;7984;1000 qm;FLC023;Veräußerte Fläche
61511;Statistik der Kaufwerte für Bauland;JAHR;Jahr;2020;QUARTG;Quartale;QUART4;4. Quartal;DINSG;Deutschland insgesamt;DG;Deutschland;BAULA2;Baulandarten;BAULAND01;Baureifes Land;GEBA02;Baugebiete;GEBIETSART01;Geschäftsgebiet;447;Anzahl;KAU002;Kauffälle
61511;Statistik der Kaufwerte für Bauland;JAHR;Jahr;2020;QUARTG;Quartale;QUART4;4. Quartal;DINSG;Deutschland insgesamt;DG;Deutschland;BAULA2;Baulandarten;BAULAND01;Baureifes Land;GEBA02;Baugebiete;GEBIETSART01;Geschäftsgebiet;347,08;EUR/qm;KAU004;Durchschnittlicher Kaufwert
61511;Statistik der Kaufwerte für Bauland;JAHR;Jahr;2020;QUARTG;Quartale;QUART4;4. Quartal;DINSG;Deutschland insgesamt;DG;Deutschland;BAULA2;Baulandarten;BAULAND01;Baureifes Land;GEBA02;Baugebiete;GEBIETSART01;Geschäftsgebiet;678;1000 qm;FLC023;Veräußerte Fläche
61511;Statistik der Kaufwerte für Bauland;JAHR;Jahr;2020;QUARTG;Quartale;QUART2;2. Quartal;DINSG;Deutschland insgesamt;DG;Deutschland;BAULA2;Baulandarten;BAULAND01;Baureifes Land;GEBA02;Baugebiete;GEBIETSART03;Wohngebiet in geschlossener Bauweise;2423;Anzahl;KAU002;Kauffälle
61511;Statistik der Kaufwerte für Bauland;JAHR;Jahr;2020;QUARTG;Quartale;QUART2;2. Quartal;DINSG;Deutschland insgesamt;DG;Deutschland;BAULA2;Baulandarten;BAULAND01;Baureifes Land;GEBA02;Baugebiete;GEBIETSART03;Wohngebiet in geschlossener Bauweise;271,23;EUR/qm;KAU004;Durchschnittlicher Kaufwert
61511;Statistik der Kaufwerte für Bauland;JAHR;Jahr;2020;QUARTG;Quartale;QUART2;2. Quartal;DINSG;Deutschland insgesamt;DG;Deutschland;BAULA2;Baulandarten;BAULAND01;Baureifes Land;GEBA02;Baugebiete;GEBIETSART03;Wohngebiet in geschlossener Bauweise;2164;1000 qm;FLC023;Veräußerte Fläche
61511;Statistik der Kaufwerte für Bauland;JAHR;Jahr;2020;QUARTG;Quartale;QUART2;2. Quartal;DINSG;Deutschland insgesamt;DG;Deutschland;BAULA2;Baulandarten;;Insgesamt;GEBA02;Baugebiete;GEBIETSART05;Industriegebiet;1268;Anzahl;KAU002;Kauffälle
61511;Statistik der Kaufwerte für Bauland;JAHR;Jahr;2020;QUARTG;Quartale;QUART2;2. Quartal;DINSG;Deutschland insgesamt;DG;Deutschland;BAULA2;Baulandarten;;Insgesamt;GEBA02;Baugebiete;GEBIETSART05;Industriegebiet;61,59;EUR/qm;KAU004;Durchschnittlicher Kaufwert
61511;Statistik der Kaufwerte für Bauland;JAHR;Jahr;2020;QUARTG;Quartale;QUART2;2. Quartal;DINSG;Deutschland insgesamt;DG;Deutschland;BAULA2;Baulandarten;;Insgesamt;GEBA02;Baugebiete;GEBIETSART05;Industriegebiet;8109;1000 qm;FLC023;Veräußerte Fläche
61511;Statistik der Kaufwerte für Bauland;JAHR;Jahr;2020;QUARTG;Quartale;QUART3;3. Quartal;DINSG;Deutschland insgesamt;DG;Deutschland;BAULA2;Baulandarten;BAULAND02;Rohbauland;GEBA02;Baugebiete;GEBIETSART02;Geschäftsgebiet mit Wohngebiet gemischt;57;Anzahl;KAU002;Kauffälle
61511;Statistik der Kaufwerte für Bauland;JAHR;Jahr;2020;QUARTG;Quartale;QUART3;3. Quartal;DINSG;Deutschland insgesamt;DG;Deutschland;BAULA2;Baulandarten;BAULAND02;Rohbauland;GEBA02;Baugebiete;GEBIETSART02;Geschäftsgebiet mit Wohngebiet gemischt;38,24;EUR/qm;KAU004;Durchschnittlicher Kaufwert
61511;Statistik der Kaufwerte für Bauland;JAHR;Jahr;2020;QUARTG;Quartale;QUART3;3. Quartal;DINSG;Deutschland insgesamt;DG;Deutschland;BAULA2;Baulandarten;BAULAND02;Rohbauland;GEBA02;Baugebiete;GEBIETSART02;Geschäftsgebiet mit Wohngebiet gemischt;145;1000 qm;FLC023;Veräußerte Fläche
61511;Statistik der Kaufwerte für Bauland;JAHR;Jahr;2020;QUARTG;Quartale;QUART3;3. Quartal;DINSG;Deutschland insgesamt;DG;Deutschland;BAULA2;Baulandarten;BAULAND06;Sonstiges Bauland;GEBA02;Baugebiete;GEBIETSART03;Wohngebiet in geschlossener Bauweise;12;Anzahl;KAU002;Kauffälle
61511;Statistik der Kaufwerte für Bauland;JAHR;Jahr;2020;QUARTG;Quartale;QUART3;3. Quartal;DINSG;Deutschland insgesamt;DG;Deutschland;BAULA2;Baulandarten;BAULAND06;Sonstiges Bauland;GEBA02;Baugebiete;GEBIETSART03;Wohngebiet in geschlossener Bauweise;16,44;EUR/qm;KAU004;Durchschnittlicher Kaufwert
61511;Statistik der Kaufwerte für Bauland;JAHR;Jahr;2020;QUARTG;Quartale;QUART3;3. Quartal;DINSG;Deutschland insgesamt;DG;Deutschland;BAULA2;Baulandarten;BAULAND06;Sonstiges Bauland;GEBA02;Baugebiete;GEBIETSART03;Wohngebiet in geschlossener Bauweise;6;1000 qm;FLC023;Veräußerte Fläche
61511;Statistik der Kaufwerte für Bauland;JAHR;Jahr;2020;QUARTG;Quartale;QUART2;2. Quartal;DINSG;Deutschland insgesamt;DG;Deutschland;BAULA2;Baulandarten;;Insgesamt;GEBA02;Baugebiete;GEBIETSART01;Geschäftsgebiet;479;Anzahl;KAU002;Kauffälle
61511;Statistik der Kaufwerte für Bauland;JAHR;Jahr;2020;QUARTG;Quartale;QUART2;2. Quartal;DINSG;Deutschland insgesamt;DG;Deutschland;BAULA2;Baulandarten;;Insgesamt;GEBA02;Baugebiete;GEBIETSART01;Geschäftsgebiet;167,28;EUR/qm;KAU004;Durchschnittlicher Kaufwert
61511;Statistik der Kaufwerte für Bauland;JAHR;Jahr;2020;QUARTG;Quartale;QUART2;2. Quartal;DINSG;Deutschland insgesamt;DG;Deutschland;BAULA2;Baulandarten;;Insgesamt;GEBA02;Baugebiete;GEBIETSART01;Geschäftsgebiet;1504;1000 qm;FLC023;Veräußerte Fläche
61511;Statistik der Kaufwerte für Bauland;JAHR;Jahr;2020;QUARTG;Quartale;QUART4;4. Quartal;DINSG;Deutschland insgesamt;DG;Deutschland;BAULA2;Baulandarten;BAULAND01;Baureifes Land;GEBA02;Baugebiete;;Insgesamt;22193;Anzahl;KAU002;Kauffälle
61511;Statistik der Kaufwerte für Bauland;JAHR;Jahr;2020;QUARTG;Quartale;QUART4;4. Quartal;DINSG;Deutschland insgesamt;DG;Deutschland;BAULA2;Baulandarten;BAULAND01;Baureifes Land;GEBA02;Baugebiete;;Insgesamt;213,97;EUR/qm;KAU004;Durchschnittlicher Kaufwert
61511;Statistik der Kaufwerte für Bauland;JAHR;Jahr;2020;QUARTG;Quartale;QUART4;4. Quartal;DINSG;Deutschland insgesamt;DG;Deutschland;BAULA2;Baulandarten;BAULAND01;Baureifes Land;GEBA02;Baugebiete;;Insgesamt;23404;1000 qm;FLC023;Veräußerte Fläche
61511;Statistik der Kaufwerte für Bauland;JAHR;Jahr;2020;QUARTG;Quartale;QUART2;2. Quartal;DINSG;Deutschland insgesamt;DG;Deutschland;BAULA2;Baulandarten;BAULAND01;Baureifes Land;GEBA02;Baugebiete;;Insgesamt;18511;Anzahl;KAU002;Kauffälle
61511;Statistik der Kaufwerte für Bauland;JAHR;Jahr;2020;QUARTG;Quartale;QUART2;2. Quartal;DINSG;Deutschland insgesamt;DG;Deutschland;BAULA2;Baulandarten;BAULAND01;Baureifes Land;GEBA02;Baugebiete;;Insgesamt;186,04;EUR/qm;KAU004;Durchschnittlicher Kaufwert
61511;Statistik der Kaufwerte für Bauland;JAHR;Jahr;2020;QUARTG;Quartale;QUART2;2. Quartal;DINSG;Deutschland insgesamt;DG;Deutschland;BAULA2;Baulandarten;BAULAND01;Baureifes Land;GEBA02;Baugebiete;;Insgesamt;19294;1000 qm;FLC023;Veräußerte Fläche
61511;Statistik der Kaufwerte für Bauland;JAHR;Jahr;2020;QUARTG;Quartale;QUART1;1. Quartal;DINSG;Deutschland insgesamt;DG;Deutschland;BAULA2;Baulandarten;BAULAND01;Baureifes Land;GEBA02;Baugebiete;;Insgesamt;13330;Anzahl;KAU002;Kauffälle
61511;Statistik der Kaufwerte für Bauland;JAHR;Jahr;2020;QUARTG;Quartale;QUART1;1. Quartal;DINSG;Deutschland insgesamt;DG;Deutschland;BAULA2;Baulandarten;BAULAND01;Baureifes Land;GEBA02;Baugebiete;;Insgesamt;166,93;EUR/qm;KAU004;Durchschnittlicher Kaufwert
61511;Statistik der Kaufwerte für Bauland;JAHR;Jahr;2020;QUARTG;Quartale;QUART1;1. Quartal;DINSG;Deutschland insgesamt;DG;Deutschland;BAULA2;Baulandarten;BAULAND01;Baureifes Land;GEBA02;Baugebiete;;Insgesamt;13766;1000 qm;FLC023;Veräußerte Fläche
61511;Statistik der Kaufwerte für Bauland;JAHR;Jahr;2020;QUARTG;Quartale;QUART3;3. Quartal;DINSG;Deutschland insgesamt;DG;Deutschland;BAULA2;Baulandarten;BAULAND01;Baureifes Land;GEBA02;Baugebiete;;Insgesamt;20874;Anzahl;KAU002;Kauffälle
61511;Statistik der Kaufwerte für Bauland;JAHR;Jahr;2020;QUARTG;Quartale;QUART3;3. Quartal;DINSG;Deutschland insgesamt;DG;Deutschland;BAULA2;Baulandarten;BAULAND01;Baureifes Land;GEBA02;Baugebiete;;Insgesamt;212,92;EUR/qm;KAU004;Durchschnittlicher Kaufwert
61511;Statistik der Kaufwerte für Bauland;JAHR;Jahr;2020;QUARTG;Quartale;QUART3;3. Quartal;DINSG;Deutschland insgesamt;DG;Deutschland;BAULA2;Baulandarten;BAULAND01;Baureifes Land;GEBA02;Baugebiete;;Insgesamt;22026;1000 qm;FLC023;Veräußerte Fläche
61511;Statistik der Kaufwerte für Bauland;JAHR;Jahr;2020;QUARTG;Quartale;QUART3;3. Quartal;DINSG;Deutschland insgesamt;DG;Deutschland;BAULA2;Baulandarten;BAULAND02;Rohbauland;GEBA02;Baugebiete;GEBIETSART06;Dorfgebiet;122;Anzahl;KAU002;Kauffälle
61511;Statistik der Kaufwerte für Bauland;JAHR;Jahr;2020;QUARTG;Quartale;QUART3;3. Quartal;DINSG;Deutschland insgesamt;DG;Deutschland;BAULA2;Baulandarten;BAULAND02;Rohbauland;GEBA02;Baugebiete;GEBIETSART06;Dorfgebiet;27,80;EUR/qm;KAU004;Durchschnittlicher Kaufwert
61511;Statistik der Kaufwerte für Bauland;JAHR;Jahr;2020;QUARTG;Quartale;QUART3;3. Quartal;DINSG;Deutschland insgesamt;DG;Deutschland;BAULA2;Baulandarten;BAULAND02;Rohbauland;GEBA02;Baugebiete;GEBIETSART06;Dorfgebiet;463;1000 qm;FLC023;Veräußerte Fläche
61511;Statistik der Kaufwerte für Bauland;JAHR;Jahr;2020;QUARTG;Quartale;QUART4;4. Quartal;DINSG;Deutschland insgesamt;DG;Deutschland;BAULA2;Baulandarten;;Insgesamt;GEBA02;Baugebiete;GEBIETSART06;Dorfgebiet;2216;Anzahl;KAU002;Kauffälle
61511;Statistik der Kaufwerte für Bauland;JAHR;Jahr;2020;QUARTG;Quartale;QUART4;4. Quartal;DINSG;Deutschland insgesamt;DG;Deutschland;BAULA2;Baulandarten;;Insgesamt;GEBA02;Baugebiete;GEBIETSART06;Dorfgebiet;62,38;EUR/qm;KAU004;Durchschnittlicher Kaufwert
61511;Statistik der Kaufwerte für Bauland;JAHR;Jahr;2020;QUARTG;Quartale;QUART4;4. Quartal;DINSG;Deutschland insgesamt;DG;Deutschland;BAULA2;Baulandarten;;Insgesamt;GEBA02;Baugebiete;GEBIETSART06;Dorfgebiet;2894;1000 qm;FLC023;Veräußerte Fläche
61511;Statistik der Kaufwerte für Bauland;JAHR;Jahr;2020;QUARTG;Quartale;QUART4;4. Quartal;DINSG;Deutschland insgesamt;DG;Deutschland;BAULA2;Baulandarten;;Insgesamt;GEBA02;Baugebiete;GEBIETSART02;Geschäftsgebiet mit Wohngebiet gemischt;1520;Anzahl;KAU002;Kauffälle
61511;Statistik der Kaufwerte für Bauland;JAHR;Jahr;2020;QUARTG;Quartale;QUART4;4. Quartal;DINSG;Deutschland insgesamt;DG;Deutschland;BAULA2;Baulandarten;;Insgesamt;GEBA02;Baugebiete;GEBIETSART02;Geschäftsgebiet mit Wohngebiet gemischt;213,36;EUR/qm;KAU004;Durchschnittlicher Kaufwert
61511;Statistik der Kaufwerte für Bauland;JAHR;Jahr;2020;QUARTG;Quartale;QUART4;4. Quartal;DINSG;Deutschland insgesamt;DG;Deutschland;BAULA2;Baulandarten;;Insgesamt;GEBA02;Baugebiete;GEBIETSART02;Geschäftsgebiet mit Wohngebiet gemischt;2506;1000 qm;FLC023;Veräußerte Fläche
61511;Statistik der Kaufwerte für Bauland;JAHR;Jahr;2020;QUARTG;Quartale;QUART3;3. Quartal;DINSG;Deutschland insgesamt;DG;Deutschland;BAULA2;Baulandarten;BAULAND01;Baureifes Land;GEBA02;Baugebiete;GEBIETSART02;Geschäftsgebiet mit Wohngebiet gemischt;1226;Anzahl;KAU002;Kauffälle
61511;Statistik der Kaufwerte für Bauland;JAHR;Jahr;2020;QUARTG;Quartale;QUART3;3. Quartal;DINSG;Deutschland insgesamt;DG;Deutschland;BAULA2;Baulandarten;BAULAND01;Baureifes Land;GEBA02;Baugebiete;GEBIETSART02;Geschäftsgebiet mit Wohngebiet gemischt;155,92;EUR/qm;KAU004;Durchschnittlicher Kaufwert
61511;Statistik der Kaufwerte für Bauland;JAHR;Jahr;2020;QUARTG;Quartale;QUART3;3. Quartal;DINSG;Deutschland insgesamt;DG;Deutschland;BAULA2;Baulandarten;BAULAND01;Baureifes Land;GEBA02;Baugebiete;GEBIETSART02;Geschäftsgebiet mit Wohngebiet gemischt;1567;1000 qm;FLC023;Veräußerte Fläche
61511;Statistik der Kaufwerte für Bauland;JAHR;Jahr;2020;QUARTG;Quartale;QUART3;3. Quartal;DINSG;Deutschland insgesamt;DG;Deutschland;BAULA2;Baulandarten;BAULAND02;Rohbauland;GEBA02;Baugebiete;GEBIETSART03B04;Wohngebiet insgesamt;299;Anzahl;KAU002;Kauffälle
61511;Statistik der Kaufwerte für Bauland;JAHR;Jahr;2020;QUARTG;Quartale;QUART3;3. Quartal;DINSG;Deutschland insgesamt;DG;Deutschland;BAULA2;Baulandarten;BAULAND02;Rohbauland;GEBA02;Baugebiete;GEBIETSART03B04;Wohngebiet insgesamt;66,91;EUR/qm;KAU004;Durchschnittlicher Kaufwert
61511;Statistik der Kaufwerte für Bauland;JAHR;Jahr;2020;QUARTG;Quartale;QUART3;3. Quartal;DINSG;Deutschland insgesamt;DG;Deutschland;BAULA2;Baulandarten;BAULAND02;Rohbauland;GEBA02;Baugebiete;GEBIETSART03B04;Wohngebiet insgesamt;1665;1000 qm;FLC023;Veräußerte Fläche
61511;Statistik der Kaufwerte für Bauland;JAHR;Jahr;2020;QUARTG;Quartale;QUART1;1. Quartal;DINSG;Deutschland insgesamt;DG;Deutschland;BAULA2;Baulandarten;;Insgesamt;GEBA02;Baugebiete;GEBIETSART05;Industriegebiet;823;Anzahl;KAU002;Kauffälle
61511;Statistik der Kaufwerte für Bauland;JAHR;Jahr;2020;QUARTG;Quartale;QUART1;1. Quartal;DINSG;Deutschland insgesamt;DG;Deutschland;BAULA2;Baulandarten;;Insgesamt;GEBA02;Baugebiete;GEBIETSART05;Industriegebiet;57,19;EUR/qm;KAU004;Durchschnittlicher Kaufwert
61511;Statistik der Kaufwerte für Bauland;JAHR;Jahr;2020;QUARTG;Quartale;QUART1;1. Quartal;DINSG;Deutschland insgesamt;DG;Deutschland;BAULA2;Baulandarten;;Insgesamt;GEBA02;Baugebiete;GEBIETSART05;Industriegebiet;8577;1000 qm;FLC023;Veräußerte Fläche
61511;Statistik der Kaufwerte für Bauland;JAHR;Jahr;2020;QUARTG;Quartale;QUART4;4. Quartal;DINSG;Deutschland insgesamt;DG;Deutschland;BAULA2;Baulandarten;BAULAND06;Sonstiges Bauland;GEBA02;Baugebiete;GEBIETSART02;Geschäftsgebiet mit Wohngebiet gemischt;19;Anzahl;KAU002;Kauffälle
61511;Statistik der Kaufwerte für Bauland;JAHR;Jahr;2020;QUARTG;Quartale;QUART4;4. Quartal;DINSG;Deutschland insgesamt;DG;Deutschland;BAULA2;Baulandarten;BAULAND06;Sonstiges Bauland;GEBA02;Baugebiete;GEBIETSART02;Geschäftsgebiet mit Wohngebiet gemischt;190,99;EUR/qm;KAU004;Durchschnittlicher Kaufwert
61511;Statistik der Kaufwerte für Bauland;JAHR;Jahr;2020;QUARTG;Quartale;QUART4;4. Quartal;DINSG;Deutschland insgesamt;DG;Deutschland;BAULA2;Baulandarten;BAULAND06;Sonstiges Bauland;GEBA02;Baugebiete;GEBIETSART02;Geschäftsgebiet mit Wohngebiet gemischt;17;1000 qm;FLC023;Veräußerte Fläche
61511;Statistik der Kaufwerte für Bauland;JAHR;Jahr;2020;QUARTG;Quartale;QUART4;4. Quartal;DINSG;Deutschland insgesamt;DG;Deutschland;BAULA2;Baulandarten;BAULAND01;Baureifes Land;GEBA02;Baugebiete;GEBIETSART03B04;Wohngebiet insgesamt;17986;Anzahl;KAU002;Kauffälle
61511;Statistik der Kaufwerte für Bauland;JAHR;Jahr;2020;QUARTG;Quartale;QUART4;4. Quartal;DINSG;Deutschland insgesamt;DG;Deutschland;BAULA2;Baulandarten;BAULAND01;Baureifes Land;GEBA02;Baugebiete;GEBIETSART03B04;Wohngebiet insgesamt;238,59;EUR/qm;KAU004;Durchschnittlicher Kaufwert
61511;Statistik der Kaufwerte für Bauland;JAHR;Jahr;2020;QUARTG;Quartale;QUART4;4. Quartal;DINSG;Deutschland insgesamt;DG;Deutschland;BAULA2;Baulandarten;BAULAND01;Baureifes Land;GEBA02;Baugebiete;GEBIETSART03B04;Wohngebiet insgesamt;16709;1000 qm;FLC023;Veräußerte Fläche
61511;Statistik der Kaufwerte für Bauland;JAHR;Jahr;2020;QUARTG;Quartale;QUART3;3. Quartal;DINSG;Deutschland insgesamt;DG;Deutschland;BAULA2;Baulandarten;BAULAND01;Baureifes Land;GEBA02;Baugebiete;GEBIETSART06;Dorfgebiet;2099;Anzahl;KAU002;Kauffälle
61511;Statistik der Kaufwerte für Bauland;JAHR;Jahr;2020;QUARTG;Quartale;QUART3;3. Quartal;DINSG;Deutschland insgesamt;DG;Deutschland;BAULA2;Baulandarten;BAULAND01;Baureifes Land;GEBA02;Baugebiete;GEBIETSART06;Dorfgebiet;61,37;EUR/qm;KAU004;Durchschnittlicher Kaufwert
61511;Statistik der Kaufwerte für Bauland;JAHR;Jahr;2020;QUARTG;Quartale;QUART3;3. Quartal;DINSG;Deutschland insgesamt;DG;Deutschland;BAULA2;Baulandarten;BAULAND01;Baureifes Land;GEBA02;Baugebiete;GEBIETSART06;Dorfgebiet;2495;1000 qm;FLC023;Veräußerte Fläche
61511;Statistik der Kaufwerte für Bauland;JAHR;Jahr;2020;QUARTG;Quartale;QUART3;3. Quartal;DINSG;Deutschland insgesamt;DG;Deutschland;BAULA2;Baulandarten;;Insgesamt;GEBA02;Baugebiete;;Insgesamt;23066;Anzahl;KAU002;Kauffälle
61511;Statistik der Kaufwerte für Bauland;JAHR;Jahr;2020;QUARTG;Quartale;QUART3;3. Quartal;DINSG;Deutschland insgesamt;DG;Deutschland;BAULA2;Baulandarten;;Insgesamt;GEBA02;Baugebiete;;Insgesamt;163,95;EUR/qm;KAU004;Durchschnittlicher Kaufwert
61511;Statistik der Kaufwerte für Bauland;JAHR;Jahr;2020;QUARTG;Quartale;QUART3;3. Quartal;DINSG;Deutschland insgesamt;DG;Deutschland;BAULA2;Baulandarten;;Insgesamt;GEBA02;Baugebiete;;Insgesamt;33162;1000 qm;FLC023;Veräußerte Fläche
61511;Statistik der Kaufwerte für Bauland;JAHR;Jahr;2020;QUARTG;Quartale;QUART1;1. Quartal;DINSG;Deutschland insgesamt;DG;Deutschland;BAULA2;Baulandarten;;Insgesamt;GEBA02;Baugebiete;GEBIETSART01;Geschäftsgebiet;373;Anzahl;KAU002;Kauffälle
61511;Statistik der Kaufwerte für Bauland;JAHR;Jahr;2020;QUARTG;Quartale;QUART1;1. Quartal;DINSG;Deutschland insgesamt;DG;Deutschland;BAULA2;Baulandarten;;Insgesamt;GEBA02;Baugebiete;GEBIETSART01;Geschäftsgebiet;273,18;EUR/qm;KAU004;Durchschnittlicher Kaufwert
61511;Statistik der Kaufwerte für Bauland;JAHR;Jahr;2020;QUARTG;Quartale;QUART1;1. Quartal;DINSG;Deutschland insgesamt;DG;Deutschland;BAULA2;Baulandarten;;Insgesamt;GEBA02;Baugebiete;GEBIETSART01;Geschäftsgebiet;1017;1000 qm;FLC023;Veräußerte Fläche
61511;Statistik der Kaufwerte für Bauland;JAHR;Jahr;2020;QUARTG;Quartale;QUART4;4. Quartal;DINSG;Deutschland insgesamt;DG;Deutschland;BAULA2;Baulandarten;BAULAND06;Sonstiges Bauland;GEBA02;Baugebiete;GEBIETSART06;Dorfgebiet;32;Anzahl;KAU002;Kauffälle
61511;Statistik der Kaufwerte für Bauland;JAHR;Jahr;2020;QUARTG;Quartale;QUART4;4. Quartal;DINSG;Deutschland insgesamt;DG;Deutschland;BAULA2;Baulandarten;BAULAND06;Sonstiges Bauland;GEBA02;Baugebiete;GEBIETSART06;Dorfgebiet;12,19;EUR/qm;KAU004;Durchschnittlicher Kaufwert
61511;Statistik der Kaufwerte für Bauland;JAHR;Jahr;2020;QUARTG;Quartale;QUART4;4. Quartal;DINSG;Deutschland insgesamt;DG;Deutschland;BAULA2;Baulandarten;BAULAND06;Sonstiges Bauland;GEBA02;Baugebiete;GEBIETSART06;Dorfgebiet;41;1000 qm;FLC023;Veräußerte Fläche
61511;Statistik der Kaufwerte für Bauland;JAHR;Jahr;2020;QUARTG;Quartale;QUART1;1. Quartal;DINSG;Deutschland insgesamt;DG;Deutschland;BAULA2;Baulandarten;BAULAND06;Sonstiges Bauland;GEBA02;Baugebiete;GEBIETSART02;Geschäftsgebiet mit Wohngebiet gemischt;15;Anzahl;KAU002;Kauffälle
61511;Statistik der Kaufwerte für Bauland;JAHR;Jahr;2020;QUARTG;Quartale;QUART1;1. Quartal;DINSG;Deutschland insgesamt;DG;Deutschland;BAULA2;Baulandarten;BAULAND06;Sonstiges Bauland;GEBA02;Baugebiete;GEBIETSART02;Geschäftsgebiet mit Wohngebiet gemischt;143,09;EUR/qm;KAU004;Durchschnittlicher Kaufwert
61511;Statistik der Kaufwerte für Bauland;JAHR;Jahr;2020;QUARTG;Quartale;QUART1;1. Quartal;DINSG;Deutschland insgesamt;DG;Deutschland;BAULA2;Baulandarten;BAULAND06;Sonstiges Bauland;GEBA02;Baugebiete;GEBIETSART02;Geschäftsgebiet mit Wohngebiet gemischt;14;1000 qm;FLC023;Veräußerte Fläche
