{"type":"FeatureCollection","features":[{"type":"Feature","id":"vg5000_rbz.1","geometry":{"type":"MultiPolygon","coordinates":[[[[6.8316,51.5797],[6.8679,51.5672],[6.8597,51.5573],[6.8853,51.5359],[6.8944,51.5157],[6.9085,51.5036],[6.9241,51.5047],[6.9295,51.4978],[6.9878,51.5082],[6.9974,51.5343],[7.0096,51.5331],[7.0201,51.5189],[7.0507,51.5106],[7.0744,51.4928],[7.0742,51.483],[7.1052,51.4813],[7.1136,51.4708],[7.11,51.4596],[7.1334,51.4399],[7.1223,51.4306],[7.1359,51.4258],[7.1293,51.4127],[7.1086,51.4067],[7.1194,51.3937],[7.1189,51.3792],[7.1491,51.377],[7.159,51.3654],[7.1454,51.3423],[7.1656,51.3256],[7.167,51.3132],[7.1755,51.3095],[7.1958,51.2953],[7.2515,51.3163],[7.2606,51.3172],[7.26,51.307],[7.2526,51.2859],[7.2618,51.2878],[7.2771,51.2721],[7.2668,51.2575],[7.2847,51.2489],[7.3016,51.253],[7.3051,51.2399],[7.3123,51.2339],[7.295,51.2204],[7.2964,51.2059],[7.3058,51.1795],[7.2946,51.1476],[7.2676,51.1457],[7.2546,51.1576],[7.2268,51.1608],[7.1981,51.1507],[7.1666,51.1533],[7.1606,51.1461],[7.1695,51.1395],[7.1589,51.1335],[7.1719,51.1261],[7.1577,51.1201],[7.1461,51.1165],[7.1166,51.125],[7.1094,51.1373],[7.0827,51.1378],[7.0733,51.1257],[7.0559,51.1245],[7.0353,51.1316],[6.9965,51.1171],[6.9923,51.0873],[6.9912,51.0752],[6.972,51.0672],[6.9375,51.0713],[6.9207,51.0815],[6.897,51.0644],[6.8597,51.0742],[6.8543,51.0846],[6.8209,51.0735],[6.8283,51.0564],[6.8129,51.046],[6.7908,51.0671],[6.7739,51.0645],[6.7522,51.0661],[6.7614,51.0421],[6.7517,51.0398],[6.7427,51.0462],[6.7155,51.0152],[6.647,51.0213],[6.637,51.0264],[6.5796,51.0173],[6.577,51.0235],[6.5651,51.0225],[6.5651,51.0307],[6.5501,51.0349],[6.5534,51.0554],[6.5373,51.0516],[6.5345,51.0591],[6.5266,51.0588],[6.4916,51.0465],[6.4808,51.0347],[6.4595,51.0435],[6.4771,51.0562],[6.452,51.0598],[6.4453,51.0667],[6.4546,51.0814],[6.4444,51.0886],[6.406,51.0856],[6.3904,51.0915],[6.3926,51.0983],[6.3634,51.0943],[6.352,51.1044],[6.355,51.1262],[6.3333,51.134],[6.3189,51.1501],[6.3018,51.1521],[6.3058,51.1659],[6.2947,51.1673],[6.2918,51.1751],[6.2501,51.1894],[6.2108,51.1672],[6.175,51.1845],[6.1801,51.1868],[6.1657,51.1941],[6.1005,51.1706],[6.0821,51.1721],[6.0676,51.2204],[6.0861,51.2232],[6.0829,51.2275],[6.0719,51.2422],[6.1238,51.2744],[6.1538,51.3075],[6.1707,51.333],[6.1915,51.3354],[6.2243,51.3657],[6.215,51.3877],[6.2265,51.3997],[6.206,51.4005],[6.2236,51.4695],[6.218,51.4851],[6.2009,51.5268],[6.1773,51.5387],[6.1574,51.5663],[6.0918,51.606],[6.0941,51.6161],[6.1179,51.656],[6.0313,51.6766],[6.0266,51.7078],[6.0465,51.7161],[6.0325,51.7242],[5.9928,51.7384],[5.9553,51.7386],[5.9528,51.749],[5.99,51.7661],[5.983,51.7737],[5.9904,51.7825],[5.9744,51.7858],[5.977,51.7971],[5.9453,51.8147],[5.9587,51.8174],[5.9461,51.8246],[5.9636,51.8366],[5.9918,51.831],[6.037,51.844],[6.0555,51.8527],[6.0637,51.8654],[6.0991,51.8491],[6.1663,51.8409],[6.1647,51.8603],[6.1465,51.8682],[6.1374,51.8857],[6.1058,51.8925],[6.1177,51.9014],[6.1532,51.9038],[6.1913,51.8916],[6.186,51.8843],[6.2118,51.8709],[6.2603,51.8681],[6.2787,51.8742],[6.2993,51.8676],[6.3071,51.8486],[6.3494,51.8504],[6.3645,51.8374],[6.3888,51.8328],[6.4078,51.8285],[6.4249,51.8184],[6.421,51.8102],[6.4325,51.803],[6.4889,51.8113],[6.5165,51.8169],[6.5249,51.8101],[6.5683,51.7906],[6.585,51.7942],[6.5921,51.8022],[6.6087,51.7999],[6.609,51.7945],[6.6317,51.7992],[6.65,51.793],[6.6693,51.7775],[6.7078,51.7811],[6.7139,51.7797],[6.7081,51.7719],[6.7215,51.7691],[6.7589,51.7759],[6.773,51.7462],[6.8185,51.7428],[6.8267,51.7297],[6.8532,51.736],[6.8587,51.7289],[6.9113,51.7462],[6.9284,51.7206],[6.941,51.7148],[6.9299,51.6992],[6.9156,51.6975],[6.9119,51.677],[6.9008,51.6747],[6.8941,51.6558],[6.902,51.6353],[6.8673,51.631],[6.8699,51.6216],[6.851,51.6071],[6.8653,51.5969],[6.8316,51.5797]]]]},"geometry_name":"geom","properties":{"objid":"DEBKGVG500000CSB","beginn":"2021-06-19Z","ade":3,"gf":9,"bsg":1,"lkz":"NW","ars":"051","ags":"051","sdv_ars":"051110000000","gen":"Düsseldorf","bez":"Regierungsbezirk","ibz":30,"bem":"--","nbd":"ja","sn_l":"05","sn_r":"1","sn_k":"00","sn_v1":"00","sn_v2":"00","sn_g":"000","fk_s3":"R","nuts":"DEA1","ars_0":"051000000000","ags_0":"05100000","wsk":"1974-12-31Z"},"bbox":[5.9453,51.0152,7.3123,51.9038]},{"type":"Feature","id":"vg5000_rbz.2","geometry":{"type":"MultiPolygon","coordinates":[[[[6.897,51.0644],[6.9207,51.0815],[6.9375,51.0713],[6.972,51.0672],[6.9912,51.0752],[6.9923,51.0873],[6.9965,51.1171],[7.0353,51.1316],[7.0559,51.1245],[7.0733,51.1257],[7.0827,51.1378],[7.1094,51.1373],[7.1166,51.125],[7.1461,51.1165],[7.1577,51.1201],[7.1719,51.1261],[7.1589,51.1335],[7.1695,51.1395],[7.1606,51.1461],[7.1666,51.1533],[7.1981,51.1507],[7.2268,51.1608],[7.2546,51.1576],[7.2676,51.1457],[7.2946,51.1476],[7.3058,51.1795],[7.2964,51.2059],[7.295,51.2204],[7.3123,51.2339],[7.3051,51.2399],[7.3313,51.2502],[7.3407,51.24],[7.3658,51.2444],[7.3945,51.2451],[7.4031,51.2394],[7.3959,51.2272],[7.4106,51.2196],[7.4138,51.2281],[7.4225,51.2279],[7.4303,51.2151],[7.43,51.205],[7.4179,51.1985],[7.4242,51.1861],[7.4364,51.1802],[7.4392,51.166],[7.4565,51.1588],[7.4772,51.1648],[7.4732,51.1386],[7.4935,51.1261],[7.5018,51.1304],[7.4957,51.1088],[7.5028,51.1058],[7.534,51.1016],[7.582,51.1063],[7.5973,51.1016],[7.6067,51.097],[7.5998,51.0872],[7.6097,51.0784],[7.6283,51.0693],[7.6909,51.0861],[7.7174,51.0732],[7.7043,51.0621],[7.7316,51.0399],[7.7342,51.0246],[7.7254,51.01],[7.7254,50.9982],[7.7495,50.9776],[7.7806,50.9797],[7.7921,50.9506],[7.7834,50.9473],[7.7862,50.9404],[7.776,50.9296],[7.7362,50.9157],[7.76,50.9002],[7.7484,50.8671],[7.7657,50.8564],[7.7551,50.8516],[7.7627,50.8451],[7.7297,50.8501],[7.7082,50.8301],[7.6993,50.8256],[7.661,50.8204],[7.6639,50.814],[7.6806,50.8116],[7.6752,50.8028],[7.6818,50.7965],[7.682,50.7832],[7.6603,50.7862],[7.6635,50.7711],[7.6597,50.7683],[7.6122,50.7672],[7.6005,50.765],[7.5923,50.7468],[7.5895,50.7397],[7.5623,50.7433],[7.5493,50.7465],[7.5391,50.7422],[7.5195,50.729],[7.5031,50.7302],[7.4818,50.7199],[7.4572,50.7185],[7.4391,50.7116],[7.4251,50.7102],[7.4103,50.7189],[7.3968,50.7144],[7.3741,50.7186],[7.3591,50.6978],[7.3676,50.6972],[7.3704,50.6706],[7.3597,50.6716],[7.3556,50.6477],[7.3117,50.6355],[7.2816,50.6263],[7.2119,50.625],[7.2119,50.649],[7.1954,50.6434],[7.1884,50.622],[7.1751,50.6196],[7.1717,50.6121],[7.1545,50.614],[7.1473,50.6004],[7.1148,50.6115],[7.0941,50.5858],[7.0689,50.5938],[7.0562,50.6063],[7.0492,50.6044],[6.9983,50.5648],[6.9835,50.5653],[6.9739,50.5556],[6.9562,50.5568],[6.9505,50.5628],[6.9275,50.5592],[6.9309,50.5346],[6.9172,50.5288],[6.8859,50.5291],[6.8852,50.5203],[6.8971,50.517],[6.8887,50.5071],[6.9058,50.5023],[6.9016,50.4688],[6.8735,50.4626],[6.8706,50.4567],[6.8587,50.4528],[6.8392,50.4649],[6.8125,50.4715],[6.8007,50.4913],[6.7685,50.4843],[6.7509,50.4713],[6.7663,50.4581],[6.7433,50.4406],[6.7529,50.4328],[6.7703,50.4357],[6.7705,50.425],[6.7827,50.4191],[6.7792,50.4052],[6.7699,50.3925],[6.7853,50.3755],[6.8036,50.37],[6.8012,50.3625],[6.7899,50.3596],[6.7828,50.3631],[6.7321,50.3521],[6.6997,50.3374],[6.6683,50.372],[6.6554,50.3677],[6.6503,50.3479],[6.6366,50.3448],[6.6231,50.3536],[6.6243,50.3749],[6.6076,50.3754],[6.5986,50.3884],[6.5819,50.3785],[6.5589,50.3692],[6.5292,50.3693],[6.5177,50.3562],[6.506,50.3596],[6.5043,50.3527],[6.4845,50.338],[6.4561,50.3399],[6.4608,50.3609],[6.4523,50.3611],[6.449,50.3718],[6.4239,50.3639],[6.4194,50.3741],[6.4219,50.3813],[6.4141,50.3908],[6.3855,50.3842],[6.4048,50.3506],[6.4183,50.3327],[6.4266,50.3227],[6.4039,50.3233],[6.4037,50.3352],[6.343,50.3819],[6.369,50.4104],[6.3732,50.4533],[6.3403,50.4623],[6.3409,50.4826],[6.3506,50.4885],[6.3154,50.497],[6.2686,50.5039],[6.2616,50.4989],[6.2514,50.5041],[6.2265,50.4949],[6.2065,50.5212],[6.1927,50.5212],[6.1877,50.5271],[6.1918,50.5308],[6.1974,50.5311],[6.1999,50.5349],[6.1788,50.5416],[6.175,50.5581],[6.2032,50.5698],[6.2259,50.5907],[6.2424,50.5872],[6.2462,50.602],[6.2625,50.6113],[6.2707,50.6263],[6.2558,50.6256],[6.2337,50.6245],[6.1969,50.6324],[6.1832,50.623],[6.1753,50.6273],[6.182,50.6333],[6.1666,50.6438],[6.1841,50.6475],[6.1656,50.6623],[6.1118,50.7229],[6.0732,50.7209],[6.0463,50.7279],[6.0392,50.7184],[6.0336,50.7281],[6.0399,50.7454],[6.0215,50.7534],[6.0189,50.7619],[6.0278,50.7736],[5.9745,50.7979],[5.9855,50.8105],[6.0036,50.8013],[6.0248,50.8142],[6.0208,50.8461],[6.0563,50.856],[6.0581,50.851],[6.074,50.8465],[6.0881,50.873],[6.0753,50.8923],[6.087,50.9138],[6.094,50.9217],[6.0541,50.9224],[6.0497,50.9293],[6.0186,50.935],[6.0156,50.9479],[6.0044,50.9574],[6.0251,50.9836],[5.9679,50.9792],[5.9571,50.985],[5.9337,50.9851],[5.8976,50.975],[5.8931,50.9806],[5.9041,50.9873],[5.905,51.0023],[5.8796,51.0174],[5.8779,51.0365],[5.866,51.0511],[5.8925,51.0534],[5.9133,51.0665],[5.9375,51.0351],[5.9582,51.035],[5.9685,51.0477],[5.9714,51.0609],[5.9942,51.0812],[6.0522,51.1059],[6.0604,51.1158],[6.0807,51.1223],[6.091,51.1349],[6.1546,51.1481],[6.1757,51.1586],[6.139,51.1731],[6.175,51.1845],[6.2108,51.1672],[6.2501,51.1894],[6.2918,51.1751],[6.2947,51.1673],[6.3058,51.1659],[6.3018,51.1521],[6.3189,51.1501],[6.3333,51.134],[6.355,51.1262],[6.352,51.1044],[6.3634,51.0943],[6.3926,51.0983],[6.3904,51.0915],[6.406,51.0856],[6.4444,51.0886],[6.4546,51.0814],[6.4453,51.0667],[6.452,51.0598],[6.4771,51.0562],[6.4595,51.0435],[6.4808,51.0347],[6.4916,51.0465],[6.5266,51.0588],[6.5345,51.0591],[6.5373,51.0516],[6.5534,51.0554],[6.5501,51.0349],[6.5651,51.0307],[6.5651,51.0225],[6.577,51.0235],[6.5796,51.0173],[6.637,51.0264],[6.647,51.0213],[6.7155,51.0152],[6.7427,51.0462],[6.7517,51.0398],[6.7614,51.0421],[6.7522,51.0661],[6.7739,51.0645],[6.7908,51.0671],[6.8129,51.046],[6.8283,51.0564],[6.8209,51.0735],[6.8543,51.0846],[6.8597,51.0742],[6.897,51.0644]]]]},"geometry_name":"geom","properties":{"objid":"DEBKGVG500000CSC","beginn":"2019-10-03Z","ade":3,"gf":9,"bsg":1,"lkz":"NW","ars":"053","ags":"053","sdv_ars":"053150000000","gen":"Köln","bez":"Regierungsbezirk","ibz":30,"bem":"--","nbd":"ja","sn_l":"05","sn_r":"3","sn_k":"00","sn_v1":"00","sn_v2":"00","sn_g":"000","fk_s3":"R","nuts":"DEA2","ars_0":"053000000000","ags_0":"05300000","wsk":"1974-12-31Z"},"bbox":[5.866,50.3227,7.7921,51.2502]},{"type":"Feature","id":"vg5000_rbz.3","geometry":{"type":"MultiPolygon","coordinates":[[[[7.0992,52.243],[7.1214,52.2618],[7.1586,52.2668],[7.2094,52.2646],[7.2183,52.2643],[7.2974,52.2642],[7.3166,52.2801],[7.3295,52.2811],[7.3659,52.2931],[7.3862,52.3095],[7.42,52.313],[7.4385,52.3334],[7.4558,52.3389],[7.5342,52.3705],[7.5429,52.369],[7.5628,52.3692],[7.5677,52.3774],[7.5796,52.3771],[7.5738,52.3833],[7.5858,52.4046],[7.6019,52.4144],[7.6041,52.4208],[7.5718,52.4307],[7.5861,52.4585],[7.6089,52.4736],[7.6849,52.4562],[7.7141,52.4009],[7.7467,52.3925],[7.7805,52.381],[7.8135,52.3709],[7.8418,52.3686],[7.8917,52.3805],[7.9235,52.3654],[7.937,52.3639],[7.9426,52.348],[7.9503,52.3483],[7.9498,52.3341],[7.9635,52.3244],[7.9902,52.3094],[7.9875,52.304],[7.9449,52.3052],[7.9286,52.2931],[7.9555,52.2719],[7.9462,52.2651],[7.929,52.2647],[7.9269,52.2331],[7.9217,52.2225],[7.9135,52.2226],[7.8997,52.2073],[7.9052,52.1981],[7.9287,52.1798],[7.9743,52.1712],[8.0071,52.1761],[8.0168,52.1716],[8.0236,52.1604],[8.0032,52.1596],[7.9988,52.1492],[8.0087,52.1157],[7.9717,52.116],[7.9505,52.1021],[7.9,52.0918],[7.8849,52.0832],[7.9195,52.0575],[7.9163,52.0506],[7.9809,52.0361],[7.9941,52.0503],[8.0318,52.0686],[8.0475,52.0633],[8.0584,52.0677],[8.0924,52.064],[8.0973,52.0575],[8.0757,52.0106],[8.0917,51.9978],[8.1102,52.0011],[8.1131,51.9561],[8.1689,51.9263],[8.1705,51.9117],[8.1513,51.8991],[8.1613,51.8995],[8.1597,51.8906],[8.1737,51.8869],[8.185,51.8625],[8.2001,51.8626],[8.2186,51.8427],[8.2185,51.8363],[8.2054,51.8375],[8.1994,51.829],[8.2068,51.8237],[8.2334,51.8234],[8.2398,51.8098],[8.2571,51.8024],[8.2567,51.791],[8.2552,51.7766],[8.279,51.7702],[8.2933,51.7531],[8.3017,51.7542],[8.3192,51.7266],[8.2965,51.6948],[8.2948,51.6768],[8.2506,51.6607],[8.1943,51.6614],[8.2048,51.6702],[8.1997,51.6835],[8.2109,51.6892],[8.2109,51.6977],[8.1841,51.6939],[8.1577,51.7107],[8.1209,51.7174],[8.1099,51.7156],[8.0993,51.7015],[8.0564,51.7167],[8.0296,51.7166],[8.0125,51.7105],[7.9765,51.7217],[7.9604,51.7174],[7.9596,51.7048],[7.9456,51.7],[7.9224,51.7065],[7.8908,51.7037],[7.8886,51.7175],[7.8741,51.7293],[7.8604,51.7228],[7.8354,51.7299],[7.8318,51.7445],[7.8134,51.7396],[7.8037,51.7318],[7.7691,51.7242],[7.7522,51.739],[7.7354,51.7388],[7.7352,51.7301],[7.7023,51.7124],[7.6875,51.7286],[7.667,51.7229],[7.6691,51.7169],[7.6547,51.7132],[7.6533,51.7069],[7.6422,51.7137],[7.6281,51.7099],[7.6225,51.7158],[7.6133,51.7152],[7.606,51.7065],[7.5671,51.6983],[7.5474,51.6864],[7.5388,51.6868],[7.5294,51.7051],[7.5179,51.7072],[7.5169,51.7217],[7.497,51.7214],[7.4843,51.7147],[7.477,51.7227],[7.4848,51.726],[7.4673,51.736],[7.4331,51.722],[7.4243,51.7167],[7.4251,51.7062],[7.4379,51.7046],[7.4514,51.6823],[7.4359,51.6691],[7.4093,51.6705],[7.4091,51.6646],[7.4173,51.6622],[7.4423,51.6608],[7.4435,51.6485],[7.4564,51.6413],[7.4648,51.6304],[7.4591,51.6141],[7.419,51.6001],[7.3971,51.587],[7.3734,51.5899],[7.371,51.582],[7.3534,51.5845],[7.339,51.5768],[7.3533,51.5653],[7.3497,51.5394],[7.364,51.5303],[7.3466,51.5221],[7.3163,51.522],[7.2936,51.5327],[7.2958,51.5411],[7.2815,51.5556],[7.2407,51.5732],[7.1795,51.5529],[7.1453,51.5512],[7.1223,51.5474],[7.1438,51.5136],[7.1372,51.5057],[7.1377,51.4897],[7.1052,51.4813],[7.0742,51.483],[7.0744,51.4928],[7.0507,51.5106],[7.0201,51.5189],[7.0096,51.5331],[6.9974,51.5343],[6.9878,51.5082],[6.9295,51.4978],[6.9241,51.5047],[6.9085,51.5036],[6.8944,51.5157],[6.8853,51.5359],[6.8597,51.5573],[6.8679,51.5672],[6.8316,51.5797],[6.8653,51.5969],[6.851,51.6071],[6.8699,51.6216],[6.8673,51.631],[6.902,51.6353],[6.8941,51.6558],[6.9008,51.6747],[6.9119,51.677],[6.9156,51.6975],[6.9299,51.6992],[6.941,51.7148],[6.9284,51.7206],[6.9113,51.7462],[6.8587,51.7289],[6.8532,51.736],[6.8267,51.7297],[6.8185,51.7428],[6.773,51.7462],[6.7589,51.7759],[6.7215,51.7691],[6.7081,51.7719],[6.7139,51.7797],[6.7078,51.7811],[6.6693,51.7775],[6.65,51.793],[6.6317,51.7992],[6.609,51.7945],[6.6087,51.7999],[6.5921,51.8022],[6.585,51.7942],[6.5683,51.7906],[6.5249,51.8101],[6.5165,51.8169],[6.4889,51.8113],[6.4325,51.803],[6.421,51.8102],[6.4249,51.8184],[6.4078,51.8285],[6.4029,51.8449],[6.4096,51.8526],[6.3918,51.861],[6.3903,51.8741],[6.428,51.8655],[6.4334,51.8595],[6.4516,51.8652],[6.4709,51.8541],[6.545,51.8851],[6.5608,51.8828],[6.6733,51.9155],[6.6946,51.9158],[6.7213,51.8963],[6.7436,51.9058],[6.7539,51.9125],[6.7891,51.9295],[6.7988,51.9589],[6.8283,51.9645],[6.828,51.9937],[6.8081,51.9953],[6.7526,52.0285],[6.7154,52.0399],[6.6876,52.04],[6.6866,52.0539],[6.6953,52.071],[6.7349,52.0752],[6.7484,52.0836],[6.7431,52.0929],[6.7543,52.0948],[6.7601,52.1188],[6.8551,52.1206],[6.8673,52.1278],[6.8809,52.1561],[6.9066,52.1754],[6.9512,52.1811],[6.9879,52.227],[7.039,52.2279],[7.0637,52.2413],[7.0992,52.243]]]]},"geometry_name":"geom","properties":{"objid":"DEBKGVG500000CSD","beginn":"2019-10-03Z","ade":3,"gf":9,"bsg":1,"lkz":"NW","ars":"055","ags":"055","sdv_ars":"055150000000","gen":"Münster","bez":"Regierungsbezirk","ibz":30,"bem":"--","nbd":"ja","sn_l":"05","sn_r":"5","sn_k":"00","sn_v1":"00","sn_v2":"00","sn_g":"000","fk_s3":"R","nuts":"DEA3","ars_0":"055000000000","ags_0":"05500000","wsk":"1998-03-31Z"},"bbox":[6.3903,51.4813,8.3192,52.4736]},{"type":"Feature","id":"vg5000_rbz.4","geometry":{"type":"MultiPolygon","coordinates":[[[[8.4028,51.7199],[8.3836,51.7168],[8.3507,51.7229],[8.3363,51.7298],[8.3192,51.7266],[8.3017,51.7542],[8.2933,51.7531],[8.279,51.7702],[8.2552,51.7766],[8.2567,51.791],[8.2571,51.8024],[8.2398,51.8098],[8.2334,51.8234],[8.2068,51.8237],[8.1994,51.829],[8.2054,51.8375],[8.2185,51.8363],[8.2186,51.8427],[8.2001,51.8626],[8.185,51.8625],[8.1737,51.8869],[8.1597,51.8906],[8.1613,51.8995],[8.1513,51.8991],[8.1705,51.9117],[8.1689,51.9263],[8.1131,51.9561],[8.1102,52.0011],[8.0917,51.9978],[8.0757,52.0106],[8.0973,52.0575],[8.134,52.072],[8.1754,52.0741],[8.1934,52.0737],[8.1999,52.0876],[8.2464,52.1215],[8.2626,52.1204],[8.2678,52.1316],[8.2845,52.1339],[8.285,52.1257],[8.3106,52.1185],[8.3243,52.1254],[8.3684,52.114],[8.3883,52.1082],[8.4101,52.1154],[8.4089,52.1352],[8.453,52.1553],[8.4815,52.1601],[8.5167,52.185],[8.4732,52.1925],[8.448,52.2003],[8.4432,52.2142],[8.461,52.2302],[8.4594,52.2419],[8.4676,52.2463],[8.4589,52.2581],[8.4663,52.2676],[8.463,52.2761],[8.4579,52.3044],[8.4648,52.3037],[8.4703,52.3151],[8.4611,52.3174],[8.4447,52.3615],[8.391,52.3838],[8.3142,52.4056],[8.3214,52.4256],[8.3136,52.4354],[8.3037,52.4354],[8.3069,52.445],[8.2969,52.4561],[8.3456,52.4527],[8.3687,52.4438],[8.3959,52.4497],[8.4136,52.446],[8.4242,52.4512],[8.4295,52.4476],[8.4528,52.4605],[8.4603,52.4924],[8.473,52.4991],[8.4823,52.4972],[8.5097,52.5148],[8.5569,52.5006],[8.652,52.5316],[8.6716,52.5168],[8.687,52.5188],[8.7029,52.5005],[8.6987,52.4858],[8.7108,52.4643],[8.7034,52.4432],[8.7177,52.43],[8.7045,52.4173],[8.7091,52.3953],[8.7164,52.3928],[8.7248,52.4013],[8.747,52.3874],[8.7749,52.3953],[8.7875,52.3989],[8.8568,52.3892],[8.8662,52.3963],[8.8891,52.396],[8.8903,52.4047],[8.9213,52.403],[8.9379,52.4022],[8.9456,52.4163],[8.9803,52.4281],[8.9881,52.4453],[8.9789,52.4505],[8.9993,52.4574],[9.0174,52.4601],[9.0248,52.478],[9.0447,52.4832],[9.0405,52.4872],[9.0547,52.5003],[9.0946,52.4979],[9.1146,52.4855],[9.128,52.4845],[9.1351,52.4756],[9.1231,52.4744],[9.1256,52.4685],[9.1026,52.4566],[9.0939,52.4431],[9.1097,52.4357],[9.1094,52.4217],[9.1235,52.4222],[9.1252,52.4121],[9.1174,52.3988],[9.0952,52.3877],[9.0977,52.3716],[9.0739,52.3499],[9.0599,52.3472],[9.0605,52.3403],[9.0266,52.3453],[9.0183,52.331],[8.9984,52.3261],[8.9866,52.2875],[8.9636,52.2795],[8.9768,52.2716],[8.9714,52.2647],[9.0747,52.234],[9.0618,52.2238],[9.0359,52.2235],[9.0499,52.1963],[9.0425,52.1844],[9.0212,52.1837],[9.0129,52.1952],[9.0055,52.1895],[8.985,52.1943],[9.0222,52.1717],[9.012,52.1629],[9.0172,52.1482],[9.0104,52.1363],[9.0175,52.1328],[9.0397,52.1381],[9.0533,52.1482],[9.0703,52.1479],[9.0685,52.1402],[9.0995,52.1327],[9.1273,52.1384],[9.1437,52.1349],[9.1586,52.1201],[9.1325,52.0969],[9.155,52.0973],[9.1545,52.0913],[9.1748,52.0862],[9.1944,52.069],[9.1811,52.068],[9.1733,52.0599],[9.1749,52.0428],[9.1969,52.011],[9.1801,52.0021],[9.1959,51.9969],[9.1747,51.9833],[9.1951,51.9632],[9.211,51.9605],[9.2185,51.9741],[9.2631,51.9759],[9.284,51.9604],[9.2703,51.9551],[9.2725,51.9329],[9.286,51.9213],[9.3094,51.9222],[9.3408,51.9083],[9.3443,51.8899],[9.3362,51.8569],[9.324,51.855],[9.336,51.8539],[9.3612,51.8648],[9.4058,51.8554],[9.4595,51.8613],[9.4599,51.8551],[9.4334,51.8404],[9.4404,51.8254],[9.4272,51.8143],[9.4474,51.7943],[9.4158,51.7749],[9.4085,51.7679],[9.3995,51.7587],[9.3839,51.7579],[9.3789,51.7381],[9.3915,51.7343],[9.3871,51.7187],[9.4041,51.7024],[9.3866,51.6888],[9.3957,51.6726],[9.3808,51.6674],[9.3748,51.6499],[9.3887,51.646],[9.4332,51.6522],[9.4436,51.6477],[9.4296,51.6328],[9.3986,51.6263],[9.377,51.6271],[9.3705,51.6197],[9.3366,51.6118],[9.3727,51.5911],[9.3204,51.5527],[9.3076,51.5126],[9.2829,51.5141],[9.2688,51.5069],[9.2636,51.4987],[9.2414,51.4977],[9.2263,51.4895],[9.2172,51.4812],[9.2189,51.469],[9.2151,51.4591],[9.1858,51.4663],[9.175,51.4633],[9.157,51.4428],[9.1387,51.45],[9.1138,51.4442],[9.0896,51.446],[9.087,51.4621],[9.079,51.4638],[9.0945,51.4957],[9.0791,51.5038],[9.0612,51.4986],[9.0387,51.5024],[9.0194,51.5184],[8.9697,51.5058],[8.967,51.5116],[8.9436,51.508],[8.9145,51.5201],[8.9049,51.5319],[8.8903,51.5309],[8.892,51.5477],[8.8443,51.5461],[8.8459,51.5356],[8.8148,51.5395],[8.8071,51.5264],[8.8081,51.5193],[8.8209,51.5173],[8.8339,51.5053],[8.8363,51.4953],[8.8205,51.4896],[8.7886,51.4575],[8.7664,51.4485],[8.7565,51.455],[8.7516,51.4651],[8.7201,51.4595],[8.6886,51.4726],[8.6671,51.4723],[8.6525,51.4821],[8.6253,51.4789],[8.6031,51.4845],[8.5726,51.468],[8.5487,51.4677],[8.5201,51.4904],[8.513,51.5292],[8.4865,51.5328],[8.4721,51.5623],[8.4772,51.5665],[8.4935,51.5869],[8.5075,51.5853],[8.5061,51.5914],[8.5199,51.5939],[8.5216,51.5997],[8.5366,51.6],[8.5845,51.6213],[8.5728,51.6605],[8.48,51.6863],[8.4827,51.6952],[8.4717,51.6985],[8.471,51.7063],[8.4795,51.7075],[8.4684,51.7213],[8.4322,51.7167],[8.4028,51.7199]]]]},"geometry_name":"geom","properties":{"objid":"DEBKGVG500000CSE","beginn":"2019-10-03Z","ade":3,"gf":9,"bsg":1,"lkz":"NW","ars":"057","ags":"057","sdv_ars":"057660020020","gen":"Detmold","bez":"Regierungsbezirk","ibz":30,"bem":"--","nbd":"ja","sn_l":"05","sn_r":"7","sn_k":"00","sn_v1":"00","sn_v2":"00","sn_g":"000","fk_s3":"R","nuts":"DEA4","ars_0":"057000000000","ags_0":"05700000","wsk":"2008-12-31Z"},"bbox":[8.0757,51.4428,9.4599,52.5316]},{"type":"Feature","id":"vg5000_rbz.5","geometry":{"type":"MultiPolygon","coordinates":[[[[7.4303,51.2151],[7.4225,51.2279],[7.4138,51.2281],[7.4106,51.2196],[7.3959,51.2272],[7.4031,51.2394],[7.3945,51.2451],[7.3658,51.2444],[7.3407,51.24],[7.3313,51.2502],[7.3051,51.2399],[7.3016,51.253],[7.2847,51.2489],[7.2668,51.2575],[7.2771,51.2721],[7.2618,51.2878],[7.2526,51.2859],[7.26,51.307],[7.2606,51.3172],[7.2515,51.3163],[7.1958,51.2953],[7.1755,51.3095],[7.167,51.3132],[7.1656,51.3256],[7.1454,51.3423],[7.159,51.3654],[7.1491,51.377],[7.1189,51.3792],[7.1194,51.3937],[7.1086,51.4067],[7.1293,51.4127],[7.1359,51.4258],[7.1223,51.4306],[7.1334,51.4399],[7.11,51.4596],[7.1136,51.4708],[7.1052,51.4813],[7.1377,51.4897],[7.1372,51.5057],[7.1438,51.5136],[7.1223,51.5474],[7.1453,51.5512],[7.1795,51.5529],[7.2407,51.5732],[7.2815,51.5556],[7.2958,51.5411],[7.2936,51.5327],[7.3163,51.522],[7.3466,51.5221],[7.364,51.5303],[7.3497,51.5394],[7.3533,51.5653],[7.339,51.5768],[7.3534,51.5845],[7.371,51.582],[7.3734,51.5899],[7.3971,51.587],[7.419,51.6001],[7.4591,51.6141],[7.4648,51.6304],[7.4564,51.6413],[7.4435,51.6485],[7.4423,51.6608],[7.4173,51.6622],[7.4091,51.6646],[7.4093,51.6705],[7.4359,51.6691],[7.4514,51.6823],[7.4379,51.7046],[7.4251,51.7062],[7.4243,51.7167],[7.4331,51.722],[7.4673,51.736],[7.4848,51.726],[7.477,51.7227],[7.4843,51.7147],[7.497,51.7214],[7.5169,51.7217],[7.5179,51.7072],[7.5294,51.7051],[7.5388,51.6868],[7.5474,51.6864],[7.5671,51.6983],[7.606,51.7065],[7.6133,51.7152],[7.6225,51.7158],[7.6281,51.7099],[7.6422,51.7137],[7.6533,51.7069],[7.6547,51.7132],[7.6691,51.7169],[7.667,51.7229],[7.6875,51.7286],[7.7023,51.7124],[7.7352,51.7301],[7.7354,51.7388],[7.7522,51.739],[7.7691,51.7242],[7.8037,51.7318],[7.8134,51.7396],[7.8318,51.7445],[7.8354,51.7299],[7.8604,51.7228],[7.8741,51.7293],[7.8886,51.7175],[7.8908,51.7037],[7.9224,51.7065],[7.9456,51.7],[7.9596,51.7048],[7.9604,51.7174],[7.9765,51.7217],[8.0125,51.7105],[8.0296,51.7166],[8.0564,51.7167],[8.0993,51.7015],[8.1099,51.7156],[8.1209,51.7174],[8.1577,51.7107],[8.1841,51.6939],[8.2109,51.6977],[8.2109,51.6892],[8.1997,51.6835],[8.2048,51.6702],[8.1943,51.6614],[8.2506,51.6607],[8.2948,51.6768],[8.2965,51.6948],[8.3192,51.7266],[8.3363,51.7298],[8.3507,51.7229],[8.3836,51.7168],[8.4028,51.7199],[8.4322,51.7167],[8.4684,51.7213],[8.4795,51.7075],[8.471,51.7063],[8.4717,51.6985],[8.4827,51.6952],[8.48,51.6863],[8.5728,51.6605],[8.5845,51.6213],[8.5366,51.6],[8.5216,51.5997],[8.5199,51.5939],[8.5061,51.5914],[8.5075,51.5853],[8.4935,51.5869],[8.4772,51.5665],[8.4721,51.5623],[8.4865,51.5328],[8.513,51.5292],[8.5201,51.4904],[8.5487,51.4677],[8.5726,51.468],[8.6031,51.4845],[8.6253,51.4789],[8.6525,51.4821],[8.6671,51.4723],[8.6886,51.4726],[8.7201,51.4595],[8.7516,51.4651],[8.7565,51.455],[8.7664,51.4485],[8.7886,51.4575],[8.8205,51.4896],[8.8363,51.4953],[8.8339,51.5053],[8.8209,51.5173],[8.8081,51.5193],[8.8071,51.5264],[8.8148,51.5395],[8.8459,51.5356],[8.8443,51.5461],[8.892,51.5477],[8.8903,51.5309],[8.9049,51.5319],[8.9145,51.5201],[8.9436,51.508],[8.967,51.5116],[8.9697,51.5058],[8.8907,51.482],[8.921,51.4457],[8.9195,51.4306],[8.9451,51.4301],[8.9502,51.4252],[8.9375,51.3896],[8.8905,51.3928],[8.8543,51.3777],[8.8234,51.3902],[8.8042,51.3908],[8.731,51.3721],[8.7009,51.3774],[8.6764,51.3708],[8.6828,51.3615],[8.6538,51.3497],[8.6553,51.3407],[8.6368,51.3434],[8.6209,51.3366],[8.5736,51.2918],[8.5563,51.2775],[8.5673,51.2705],[8.5977,51.2469],[8.6257,51.2533],[8.6281,51.2608],[8.682,51.269],[8.694,51.2767],[8.7212,51.2748],[8.7215,51.2685],[8.735,51.2637],[8.7273,51.2501],[8.7416,51.2181],[8.7685,51.209],[8.7503,51.1989],[8.7503,51.1807],[8.7577,51.1767],[8.6924,51.1325],[8.7019,51.1165],[8.7202,51.1151],[8.7146,51.1088],[8.6891,51.1091],[8.6697,51.1008],[8.6563,51.0943],[8.55,51.1018],[8.5429,51.0961],[8.527,51.0965],[8.5031,51.08],[8.5047,51.0739],[8.5189,51.0701],[8.5269,51.0595],[8.5056,51.0404],[8.5191,51.0431],[8.5353,51.0242],[8.5386,51.0197],[8.4739,50.9758],[8.4788,50.9692],[8.4654,50.9684],[8.4581,50.9652],[8.4618,50.9496],[8.4501,50.9416],[8.4555,50.9162],[8.4325,50.9174],[8.4163,50.9083],[8.3872,50.8912],[8.3849,50.8758],[8.3718,50.8744],[8.3683,50.8642],[8.3557,50.8619],[8.3374,50.8657],[8.3056,50.8616],[8.2829,50.8834],[8.2712,50.8826],[8.2305,50.8502],[8.198,50.8341],[8.1645,50.8027],[8.1284,50.7884],[8.1366,50.7673],[8.1528,50.7596],[8.1674,50.7347],[8.1427,50.6954],[8.1317,50.6969],[8.1263,50.6859],[8.0982,50.7038],[8.0761,50.7057],[8.0601,50.6955],[8.0401,50.6972],[8.04,50.727],[8.0265,50.7342],[8.011,50.7461],[7.9866,50.76],[7.9683,50.774],[7.9649,50.787],[7.9731,50.8147],[7.9775,50.8317],[7.9681,50.8356],[7.967,50.8466],[7.9284,50.8466],[7.9199,50.8447],[7.9057,50.8486],[7.8837,50.8745],[7.8515,50.8781],[7.8293,50.8831],[7.8337,50.9074],[7.85,50.9248],[7.8117,50.9388],[7.7862,50.9404],[7.7834,50.9473],[7.7921,50.9506],[7.7806,50.9797],[7.7495,50.9776],[7.7254,50.9982],[7.7254,51.01],[7.7342,51.0246],[7.7316,51.0399],[7.7043,51.0621],[7.7174,51.0732],[7.6909,51.0861],[7.6283,51.0693],[7.6097,51.0784],[7.5998,51.0872],[7.6067,51.097],[7.5973,51.1016],[7.582,51.1063],[7.534,51.1016],[7.5028,51.1058],[7.4957,51.1088],[7.5018,51.1304],[7.4935,51.1261],[7.4732,51.1386],[7.4772,51.1648],[7.4565,51.1588],[7.4392,51.166],[7.4364,51.1802],[7.4242,51.1861],[7.4179,51.1985],[7.43,51.205],[7.4303,51.2151]]]]},"geometry_name":"geom","properties":{"objid":"DEBKGVG500000CSF","beginn":"2019-10-03Z","ade":3,"gf":9,"bsg":1,"lkz":"NW","ars":"059","ags":"059","sdv_ars":"059580004004","gen":"Arnsberg","bez":"Regierungsbezirk","ibz":30,"bem":"--","nbd":"ja","sn_l":"05","sn_r":"9","sn_k":"00","sn_v1":"00","sn_v2":"00","sn_g":"000","fk_s3":"R","nuts":"DEA5","ars_0":"059000000000","ags_0":"05900000","wsk":"2009-10-31Z"},"bbox":[7.1052,50.6859,8.9697,51.7445]},{"type":"Feature","id":"vg5000_rbz.6","geometry":{"type":"MultiPolygon","coordinates":[[[[8.8983,49.5028],[8.8807,49.5058],[8.8567,49.5012],[8.8456,49.502],[8.832,49.4922],[8.8174,49.5045],[8.8224,49.5246],[8.8071,49.5259],[8.7965,49.5122],[8.7726,49.5177],[8.7675,49.5148],[8.749,49.522],[8.728,49.5184],[8.7323,49.5261],[8.7034,49.5363],[8.705,49.5484],[8.6849,49.5693],[8.6834,49.5894],[8.6948,49.59],[8.6977,49.6],[8.6915,49.6066],[8.6821,49.6037],[8.6709,49.6101],[8.6726,49.6239],[8.5989,49.6106],[8.595,49.6055],[8.5892,49.6044],[8.5941,49.5922],[8.6034,49.5928],[8.6161,49.5404],[8.6076,49.5278],[8.5986,49.5311],[8.5814,49.5196],[8.5604,49.5197],[8.5408,49.5286],[8.4941,49.5726],[8.4802,49.5742],[8.4648,49.5891],[8.4232,49.5833],[8.4157,49.5949],[8.3844,49.6252],[8.3676,49.6632],[8.3564,49.6846],[8.3689,49.7013],[8.4259,49.7164],[8.4484,49.7317],[8.4796,49.7602],[8.4729,49.7679],[8.4423,49.7657],[8.4174,49.7739],[8.4136,49.7841],[8.4005,49.8036],[8.3906,49.8143],[8.3779,49.8274],[8.3789,49.8331],[8.3863,49.854],[8.3769,49.8611],[8.3592,49.8646],[8.344,49.8817],[8.3501,49.901],[8.3565,49.9162],[8.3497,49.9318],[8.3471,49.9417],[8.3339,49.9626],[8.2902,49.9933],[8.246,50.0269],[8.1897,50.0354],[8.1766,50.0345],[8.1528,50.0283],[8.1382,50.0259],[8.0926,50.0108],[8.0543,50.0052],[7.9917,49.9853],[7.9767,49.9801],[7.9463,49.9744],[7.8704,49.9724],[7.863,49.9832],[7.8629,50.0085],[7.8306,50.0217],[7.8072,50.037],[7.7805,50.0507],[7.7743,50.0673],[7.7879,50.0688],[7.8022,50.0849],[7.8324,50.0814],[7.8404,50.0872],[7.832,50.0944],[7.8395,50.109],[7.8479,50.1272],[7.8672,50.1237],[7.8846,50.1145],[7.9031,50.1217],[7.9265,50.1028],[7.9282,50.1446],[7.9155,50.1502],[7.904,50.1577],[7.8847,50.168],[7.883,50.1807],[7.9125,50.196],[7.9073,50.2018],[7.9472,50.2101],[7.945,50.2161],[7.9538,50.2203],[7.9852,50.2272],[7.9913,50.2371],[8.0004,50.2291],[8.0121,50.2177],[8.0354,50.2152],[8.0412,50.2254],[8.0564,50.2363],[8.0379,50.2494],[8.0214,50.2574],[8.0339,50.2642],[8.0428,50.2741],[8.0606,50.273],[8.0738,50.2719],[8.0795,50.261],[8.0907,50.265],[8.1028,50.2596],[8.1118,50.2706],[8.1216,50.2775],[8.1446,50.28],[8.1691,50.2761],[8.1984,50.2887],[8.221,50.2916],[8.2314,50.2751],[8.2372,50.2773],[8.2525,50.2656],[8.2851,50.2787],[8.3148,50.2717],[8.3239,50.2816],[8.3431,50.2825],[8.3545,50.2933],[8.3377,50.3032],[8.3623,50.3089],[8.3635,50.3152],[8.3404,50.3285],[8.3269,50.3285],[8.3154,50.3397],[8.3393,50.3497],[8.3368,50.3567],[8.3543,50.361],[8.3462,50.3666],[8.3623,50.3797],[8.3905,50.3868],[8.3918,50.4042],[8.4024,50.3973],[8.466,50.4159],[8.4939,50.3958],[8.5141,50.4],[8.5394,50.4153],[8.5775,50.4135],[8.6019,50.4188],[8.6002,50.4326],[8.5736,50.4451],[8.6127,50.4656],[8.6273,50.4643],[8.6453,50.4836],[8.6856,50.4837],[8.7147,50.4746],[8.7392,50.4782],[8.7658,50.4678],[8.7802,50.4798],[8.7937,50.4791],[8.805,50.4571],[8.7966,50.4529],[8.8028,50.4393],[8.8197,50.4341],[8.8523,50.4322],[8.8642,50.4466],[8.8763,50.4415],[8.8732,50.4349],[8.9011,50.4295],[8.9078,50.4378],[8.9478,50.4314],[8.9634,50.441],[8.9573,50.4478],[8.9878,50.4532],[8.9888,50.465],[8.9798,50.4693],[8.9876,50.48],[8.9791,50.4901],[9.0021,50.4947],[9.0126,50.4899],[9.0433,50.4989],[9.0773,50.496],[9.0612,50.4846],[9.0616,50.4655],[9.07,50.4576],[9.093,50.4577],[9.0951,50.4445],[9.0866,50.4393],[9.1041,50.436],[9.152,50.4397],[9.1748,50.4451],[9.1912,50.4442],[9.219,50.4568],[9.2576,50.4632],[9.2697,50.4383],[9.2856,50.438],[9.289,50.4615],[9.3358,50.4519],[9.3583,50.4204],[9.3406,50.3999],[9.3539,50.3857],[9.3651,50.3912],[9.3764,50.3956],[9.3974,50.3899],[9.4119,50.4041],[9.4349,50.407],[9.4393,50.4293],[9.4512,50.4265],[9.474,50.4436],[9.484,50.4394],[9.4879,50.4118],[9.5549,50.3813],[9.6179,50.3936],[9.636,50.3806],[9.6827,50.3721],[9.6901,50.3608],[9.7322,50.3562],[9.7431,50.3466],[9.748,50.3253],[9.7454,50.3102],[9.7285,50.2961],[9.7143,50.2925],[9.7033,50.2806],[9.6537,50.2715],[9.6421,50.256],[9.6392,50.2489],[9.6668,50.2395],[9.6637,50.2333],[9.6346,50.2341],[9.6294,50.231],[9.6216,50.2256],[9.5825,50.2207],[9.5737,50.2326],[9.5432,50.2248],[9.5338,50.2341],[9.517,50.2337],[9.5014,50.2422],[9.4944,50.2276],[9.5022,50.2123],[9.5172,50.1948],[9.5012,50.1931],[9.4965,50.1702],[9.5325,50.1662],[9.5227,50.1492],[9.509,50.1479],[9.5204,50.1056],[9.514,50.0971],[9.4622,50.0909],[9.4221,50.0852],[9.4046,50.0884],[9.3761,50.1291],[9.341,50.1314],[9.3319,50.1395],[9.3212,50.1392],[9.3073,50.1332],[9.2836,50.1418],[9.2734,50.1406],[9.2604,50.1391],[9.2359,50.1462],[9.2133,50.1465],[9.2051,50.1434],[9.1833,50.1387],[9.1914,50.129],[9.1725,50.1181],[9.1622,50.0979],[9.1497,50.0911],[9.1444,50.0956],[9.1549,50.1173],[9.1449,50.1138],[9.1173,50.1267],[9.0984,50.1261],[9.0928,50.1178],[9.0718,50.1178],[9.0368,50.1139],[9.0283,50.1124],[9.0032,50.0974],[8.9989,50.0695],[8.9917,50.0678],[8.9886,50.063],[8.9823,50.0553],[8.9801,50.044],[9.0235,50.043],[9.0326,50.0373],[9.0308,50.0254],[9.04,50.01],[9.0337,50.002],[9.0467,49.9932],[9.0405,49.9898],[9.0243,49.9963],[9.0139,49.9894],[9.027,49.9555],[9.0221,49.9501],[9.0319,49.9248],[9.0238,49.9099],[9.0314,49.9094],[9.0375,49.8781],[9.0497,49.8661],[9.0339,49.8623],[9.0427,49.8549],[9.0368,49.8459],[9.0418,49.84],[9.058,49.8478],[9.0544,49.8391],[9.0666,49.8319],[9.0849,49.847],[9.089,49.8403],[9.0786,49.8343],[9.0871,49.8263],[9.0768,49.8178],[9.0873,49.7987],[9.0941,49.7899],[9.1079,49.7981],[9.1308,49.7955],[9.1344,49.7827],[9.1142,49.7741],[9.1063,49.7588],[9.1282,49.7556],[9.1493,49.7428],[9.1417,49.7301],[9.1356,49.7245],[9.132,49.7148],[9.121,49.7145],[9.1322,49.7042],[9.1069,49.6971],[9.09,49.6943],[9.0892,49.6691],[9.1031,49.6604],[9.1021,49.6421],[9.0661,49.6184],[9.0672,49.6022],[9.0846,49.5998],[9.1029,49.5775],[9.1005,49.5606],[9.0739,49.5711],[9.0862,49.542],[9.1151,49.5339],[9.1264,49.5169],[9.1067,49.5092],[9.1,49.5258],[9.0838,49.5258],[9.0627,49.5284],[9.0335,49.4978],[8.9923,49.5031],[8.986,49.51],[8.9673,49.5013],[8.9519,49.5052],[8.9574,49.4951],[8.9312,49.4698],[8.9512,49.4524],[8.9283,49.448],[8.9243,49.4391],[8.9078,49.4368],[8.9033,49.4431],[8.8974,49.425],[8.8861,49.415],[8.8501,49.3948],[8.8341,49.4067],[8.8235,49.3949],[8.8145,49.3974],[8.8019,49.4106],[8.8065,49.4192],[8.8323,49.4247],[8.8325,49.4534],[8.8248,49.463],[8.8268,49.4707],[8.8518,49.4839],[8.8662,49.4743],[8.8677,49.4647],[8.8995,49.4842],[8.8983,49.5028]]]]},"geometry_name":"geom","properties":{"objid":"DEBKGVG500000CSG","beginn":"2020-11-07Z","ade":3,"gf":9,"bsg":1,"lkz":"HE","ars":"064","ags":"064","sdv_ars":"064110000000","gen":"Darmstadt","bez":"Regierungsbezirk","ibz":30,"bem":"--","nbd":"ja","sn_l":"06","sn_r":"4","sn_k":"00","sn_v1":"00","sn_v2":"00","sn_g":"000","fk_s3":"R","nuts":"DE71","ars_0":"064000000000","ags_0":"06400000","wsk":"2011-06-30Z"},"bbox":[7.7743,49.3948,9.748,50.4989]},{"type":"Feature","id":"vg5000_rbz.7","geometry":{"type":"MultiPolygon","coordinates":[[[[9.0433,50.4989],[9.0126,50.4899],[9.0021,50.4947],[8.9791,50.4901],[8.9876,50.48],[8.9798,50.4693],[8.9888,50.465],[8.9878,50.4532],[8.9573,50.4478],[8.9634,50.441],[8.9478,50.4314],[8.9078,50.4378],[8.9011,50.4295],[8.8732,50.4349],[8.8763,50.4415],[8.8642,50.4466],[8.8523,50.4322],[8.8197,50.4341],[8.8028,50.4393],[8.7966,50.4529],[8.805,50.4571],[8.7937,50.4791],[8.7802,50.4798],[8.7658,50.4678],[8.7392,50.4782],[8.7147,50.4746],[8.6856,50.4837],[8.6453,50.4836],[8.6273,50.4643],[8.6127,50.4656],[8.5736,50.4451],[8.6002,50.4326],[8.6019,50.4188],[8.5775,50.4135],[8.5394,50.4153],[8.5141,50.4],[8.4939,50.3958],[8.466,50.4159],[8.4024,50.3973],[8.3918,50.4042],[8.3905,50.3868],[8.3623,50.3797],[8.3462,50.3666],[8.3543,50.361],[8.3368,50.3567],[8.3393,50.3497],[8.3154,50.3397],[8.3269,50.3285],[8.3404,50.3285],[8.3635,50.3152],[8.3623,50.3089],[8.3377,50.3032],[8.3545,50.2933],[8.3431,50.2825],[8.3239,50.2816],[8.3148,50.2717],[8.2851,50.2787],[8.2525,50.2656],[8.2372,50.2773],[8.2314,50.2751],[8.221,50.2916],[8.1984,50.2887],[8.1691,50.2761],[8.1446,50.28],[8.1216,50.2775],[8.1166,50.3028],[8.1045,50.307],[8.1074,50.3228],[8.0855,50.33],[8.0761,50.3326],[8.0699,50.3568],[8.0622,50.3696],[8.0433,50.3858],[8.0303,50.3817],[8.0151,50.3848],[8.0204,50.3893],[8.0233,50.4],[8.0139,50.4014],[8.0097,50.3969],[7.9865,50.3993],[7.9838,50.4069],[7.9705,50.4062],[7.9618,50.4185],[7.9811,50.4194],[7.9877,50.4278],[7.9873,50.4347],[7.9772,50.435],[7.9898,50.444],[8.0008,50.4453],[8.01,50.4495],[8.0112,50.4605],[7.9968,50.4667],[7.9873,50.4736],[7.9782,50.4857],[7.9819,50.4953],[7.9885,50.4975],[7.983,50.5106],[7.9959,50.5172],[7.9908,50.5252],[8.0096,50.5293],[8.0248,50.5417],[8.0317,50.5513],[8.0411,50.5569],[8.0658,50.5485],[8.0701,50.5387],[8.1051,50.5336],[8.1221,50.5379],[8.1111,50.5427],[8.1194,50.5493],[8.1368,50.5513],[8.1313,50.5575],[8.1437,50.5785],[8.1516,50.5994],[8.1239,50.6097],[8.1387,50.619],[8.1411,50.6313],[8.1203,50.6497],[8.1123,50.6522],[8.1121,50.6758],[8.1204,50.6782],[8.1263,50.6859],[8.1317,50.6969],[8.1427,50.6954],[8.1674,50.7347],[8.1528,50.7596],[8.1366,50.7673],[8.1284,50.7884],[8.1645,50.8027],[8.198,50.8341],[8.2305,50.8502],[8.2712,50.8826],[8.2829,50.8834],[8.3056,50.8616],[8.3374,50.8657],[8.3557,50.8619],[8.3683,50.8642],[8.3718,50.8744],[8.3849,50.8758],[8.3872,50.8912],[8.4163,50.9083],[8.4325,50.9174],[8.4555,50.9162],[8.4501,50.9416],[8.4618,50.9496],[8.4581,50.9652],[8.4654,50.9684],[8.4788,50.9692],[8.5184,50.9547],[8.5617,50.9561],[8.5748,50.9485],[8.6017,50.9506],[8.6053,50.9549],[8.6477,50.9663],[8.6736,50.996],[8.6893,50.9894],[8.7058,50.9934],[8.7089,50.9805],[8.7321,50.9755],[8.73,50.9643],[8.7667,50.9776],[8.7856,50.9558],[8.81,50.9571],[8.8348,50.9576],[8.8496,50.9641],[8.8584,50.9579],[8.8966,50.9533],[8.9056,50.9507],[8.9183,50.9597],[8.9104,50.9694],[8.9168,50.9709],[8.9398,50.9654],[8.9479,50.9516],[8.9678,50.9464],[8.9742,50.937],[8.9749,50.9308],[9.0105,50.9258],[9.0202,50.9084],[9.0269,50.9028],[9.0397,50.9074],[9.0328,50.9153],[9.0435,50.9206],[9.0749,50.9109],[9.0786,50.9178],[9.0929,50.9116],[9.0921,50.9209],[9.1092,50.9202],[9.1323,50.8991],[9.1096,50.888],[9.1427,50.8625],[9.1493,50.837],[9.184,50.8319],[9.2072,50.8203],[9.2344,50.8243],[9.2426,50.8176],[9.2589,50.8183],[9.2698,50.8007],[9.3165,50.8104],[9.318,50.7995],[9.3276,50.7964],[9.3642,50.7995],[9.3792,50.7766],[9.3926,50.773],[9.4045,50.7891],[9.4411,50.7955],[9.4483,50.7815],[9.4335,50.7741],[9.4478,50.7707],[9.4605,50.7748],[9.4556,50.7622],[9.4785,50.7634],[9.5064,50.7345],[9.5611,50.7639],[9.5834,50.7659],[9.604,50.7561],[9.61,50.7343],[9.6112,50.707],[9.6237,50.6882],[9.6497,50.6808],[9.6211,50.6515],[9.6412,50.6281],[9.6116,50.6147],[9.6072,50.6064],[9.5873,50.6077],[9.5523,50.6219],[9.5519,50.631],[9.5424,50.6404],[9.5006,50.6388],[9.4805,50.6634],[9.4677,50.6609],[9.4813,50.6471],[9.4744,50.6284],[9.4996,50.6112],[9.4818,50.5913],[9.4795,50.5751],[9.4982,50.5685],[9.4901,50.558],[9.4634,50.5504],[9.4554,50.5296],[9.4286,50.4785],[9.4597,50.477],[9.452,50.4628],[9.474,50.4436],[9.4512,50.4265],[9.4393,50.4293],[9.4349,50.407],[9.4119,50.4041],[9.3974,50.3899],[9.3764,50.3956],[9.3651,50.3912],[9.3539,50.3857],[9.3406,50.3999],[9.3583,50.4204],[9.3358,50.4519],[9.289,50.4615],[9.2856,50.438],[9.2697,50.4383],[9.2576,50.4632],[9.219,50.4568],[9.1912,50.4442],[9.1748,50.4451],[9.152,50.4397],[9.1041,50.436],[9.0866,50.4393],[9.0951,50.4445],[9.093,50.4577],[9.07,50.4576],[9.0616,50.4655],[9.0612,50.4846],[9.0773,50.496],[9.0433,50.4989]]]]},"geometry_name":"geom","properties":{"objid":"DEBKGVG500000CSH","beginn":"2021-06-19Z","ade":3,"gf":9,"bsg":1,"lkz":"HE","ars":"065","ags":"065","sdv_ars":"065310005005","gen":"Gießen","bez":"Regierungsbezirk","ibz":30,"bem":"--","nbd":"ja","sn_l":"06","sn_r":"5","sn_k":"00","sn_v1":"00","sn_v2":"00","sn_g":"000","fk_s3":"R","nuts":"DE72","ars_0":"065000000000","ags_0":"06500000","wsk":"2008-12-31Z"},"bbox":[7.9618,50.2656,9.6497,50.996]},{"type":"Feature","id":"vg5000_rbz.8","geometry":{"type":"MultiPolygon","coordinates":[[[[9.4411,50.7955],[9.4045,50.7891],[9.3926,50.773],[9.3792,50.7766],[9.3642,50.7995],[9.3276,50.7964],[9.318,50.7995],[9.3165,50.8104],[9.2698,50.8007],[9.2589,50.8183],[9.2426,50.8176],[9.2344,50.8243],[9.2072,50.8203],[9.184,50.8319],[9.1493,50.837],[9.1427,50.8625],[9.1096,50.888],[9.1323,50.8991],[9.1092,50.9202],[9.0921,50.9209],[9.0929,50.9116],[9.0786,50.9178],[9.0749,50.9109],[9.0435,50.9206],[9.0328,50.9153],[9.0397,50.9074],[9.0269,50.9028],[9.0202,50.9084],[9.0105,50.9258],[8.9749,50.9308],[8.9742,50.937],[8.9678,50.9464],[8.9479,50.9516],[8.9398,50.9654],[8.9168,50.9709],[8.9104,50.9694],[8.9183,50.9597],[8.9056,50.9507],[8.8966,50.9533],[8.8584,50.9579],[8.8496,50.9641],[8.8348,50.9576],[8.81,50.9571],[8.7856,50.9558],[8.7667,50.9776],[8.73,50.9643],[8.7321,50.9755],[8.7089,50.9805],[8.7058,50.9934],[8.6893,50.9894],[8.6736,50.996],[8.6477,50.9663],[8.6053,50.9549],[8.6017,50.9506],[8.5748,50.9485],[8.5617,50.9561],[8.5184,50.9547],[8.4788,50.9692],[8.4739,50.9758],[8.5386,51.0197],[8.5353,51.0242],[8.5191,51.0431],[8.5056,51.0404],[8.5269,51.0595],[8.5189,51.0701],[8.5047,51.0739],[8.5031,51.08],[8.527,51.0965],[8.5429,51.0961],[8.55,51.1018],[8.6563,51.0943],[8.6697,51.1008],[8.6891,51.1091],[8.7146,51.1088],[8.7202,51.1151],[8.7019,51.1165],[8.6924,51.1325],[8.7577,51.1767],[8.7503,51.1807],[8.7503,51.1989],[8.7685,51.209],[8.7416,51.2181],[8.7273,51.2501],[8.735,51.2637],[8.7215,51.2685],[8.7212,51.2748],[8.694,51.2767],[8.682,51.269],[8.6281,51.2608],[8.6257,51.2533],[8.5977,51.2469],[8.5673,51.2705],[8.5563,51.2775],[8.5736,51.2918],[8.6209,51.3366],[8.6368,51.3434],[8.6553,51.3407],[8.6538,51.3497],[8.6828,51.3615],[8.6764,51.3708],[8.7009,51.3774],[8.731,51.3721],[8.8042,51.3908],[8.8234,51.3902],[8.8543,51.3777],[8.8905,51.3928],[8.9375,51.3896],[8.9502,51.4252],[8.9451,51.4301],[8.9195,51.4306],[8.921,51.4457],[8.8907,51.482],[8.9697,51.5058],[9.0194,51.5184],[9.0387,51.5024],[9.0612,51.4986],[9.0791,51.5038],[9.0945,51.4957],[9.079,51.4638],[9.087,51.4621],[9.0896,51.446],[9.1138,51.4442],[9.1387,51.45],[9.157,51.4428],[9.175,51.4633],[9.1858,51.4663],[9.2151,51.4591],[9.2189,51.469],[9.2172,51.4812],[9.2263,51.4895],[9.2414,51.4977],[9.2636,51.4987],[9.2688,51.5069],[9.2829,51.5141],[9.3076,51.5126],[9.3204,51.5527],[9.3727,51.5911],[9.3366,51.6118],[9.3705,51.6197],[9.377,51.6271],[9.3986,51.6263],[9.4296,51.6328],[9.4436,51.6477],[9.4659,51.6551],[9.466,51.655],[9.4888,51.6568],[9.4939,51.632],[9.5094,51.6253],[9.5317,51.632],[9.5499,51.6392],[9.5632,51.6257],[9.5824,51.6247],[9.5928,51.6286],[9.6139,51.632],[9.6245,51.6374],[9.6308,51.6337],[9.6376,51.609],[9.685,51.5826],[9.6837,51.5667],[9.6725,51.5687],[9.6355,51.5838],[9.6278,51.5818],[9.6294,51.5653],[9.6477,51.5522],[9.6277,51.5486],[9.6092,51.5551],[9.6148,51.5437],[9.6224,51.5393],[9.6179,51.5274],[9.5901,51.5188],[9.6209,51.4792],[9.6422,51.4712],[9.6409,51.4643],[9.6275,51.4444],[9.6401,51.4155],[9.63,51.4067],[9.6114,51.409],[9.6027,51.4018],[9.5952,51.3983],[9.5793,51.4016],[9.5706,51.3903],[9.5595,51.3773],[9.5763,51.37],[9.5669,51.3612],[9.5429,51.3627],[9.5534,51.3545],[9.568,51.3393],[9.5812,51.3415],[9.6039,51.3258],[9.6308,51.3258],[9.6269,51.3121],[9.6365,51.3112],[9.6389,51.3166],[9.6622,51.3132],[9.6689,51.3179],[9.6883,51.3072],[9.7307,51.2948],[9.7679,51.3067],[9.7726,51.3234],[9.7697,51.3356],[9.7409,51.3195],[9.727,51.3407],[9.7072,51.3565],[9.7035,51.3653],[9.7333,51.3686],[9.7658,51.3869],[9.7991,51.3854],[9.7934,51.4073],[9.8034,51.4106],[9.8209,51.4125],[9.8395,51.402],[9.8394,51.3846],[9.8491,51.3742],[9.8683,51.3731],[9.8558,51.3857],[9.8546,51.4133],[9.8672,51.4135],[9.8799,51.4052],[9.8839,51.4151],[9.9065,51.4216],[9.9148,51.4118],[9.9068,51.4073],[9.9279,51.3954],[9.9284,51.3757],[9.9247,51.36],[9.9252,51.3535],[9.9295,51.3403],[9.95,51.3292],[9.9468,51.3209],[9.9406,51.3063],[9.9594,51.305],[9.9763,51.2924],[9.9718,51.2856],[9.9842,51.2838],[10.005,51.2852],[10.0267,51.2776],[10.0574,51.2774],[10.059,51.2705],[10.0459,51.264],[10.0466,51.2539],[10.0618,51.2524],[10.0757,51.244],[10.0679,51.2273],[10.0972,51.2221],[10.1113,51.2236],[10.1136,51.2161],[10.1377,51.2213],[10.1491,51.2072],[10.1704,51.2111],[10.2028,51.1925],[10.2355,51.186],[10.2288,51.1735],[10.2074,51.1648],[10.2011,51.1512],[10.2088,51.143],[10.2095,51.1183],[10.1985,51.1125],[10.1777,51.1288],[10.1857,51.1332],[10.1827,51.1411],[10.1683,51.1528],[10.1464,51.145],[10.1289,51.1457],[10.1203,51.1398],[10.1539,51.1185],[10.1705,51.1191],[10.1783,51.109],[10.1608,51.1072],[10.1656,51.099],[10.157,51.0963],[10.1461,51.0854],[10.1557,51.0707],[10.1442,51.0655],[10.1463,51.0553],[10.182,51.0481],[10.2151,51.0259],[10.2087,51.0191],[10.1963,51.0215],[10.1924,51.0159],[10.2021,51.013],[10.1961,51.0009],[10.1838,50.9984],[10.1457,50.9934],[10.1324,50.9966],[10.1329,51.0049],[10.1212,51.011],[10.1038,51.0045],[10.0747,51.0117],[10.0319,51.0105],[10.0211,50.9931],[10.0202,50.9804],[10.0404,50.9683],[10.033,50.9603],[10.0442,50.9549],[10.0436,50.9478],[10.0633,50.9461],[10.049,50.9394],[10.0294,50.939],[10.0248,50.9437],[10.0126,50.9353],[9.9855,50.9422],[9.9537,50.9413],[9.9514,50.9273],[9.9562,50.9234],[9.9669,50.9319],[9.9879,50.9313],[9.9686,50.9112],[9.9798,50.9053],[10.004,50.9219],[10.0253,50.912],[10.0514,50.9002],[10.0416,50.8926],[10.0583,50.8902],[10.0541,50.8806],[10.0224,50.8655],[10.0215,50.8488],[10.0354,50.8537],[10.038,50.8454],[10.0263,50.8412],[10.0236,50.832],[10.0068,50.838],[9.9969,50.8263],[9.9753,50.8327],[9.9504,50.8178],[9.9571,50.8093],[9.9436,50.7971],[9.9515,50.7803],[9.9454,50.7719],[9.9301,50.7772],[9.9258,50.7673],[9.9213,50.7589],[9.9301,50.7575],[9.9386,50.7564],[9.9409,50.7424],[9.9346,50.7247],[9.9076,50.7035],[9.9236,50.6941],[9.8949,50.6838],[9.8804,50.6696],[9.8791,50.6345],[9.9073,50.6403],[9.929,50.6301],[9.9607,50.6296],[9.9689,50.6416],[9.949,50.6637],[9.9605,50.6689],[9.974,50.6659],[10,50.6764],[10.0544,50.673],[10.0698,50.6565],[10.0731,50.6491],[10.0774,50.6378],[10.0817,50.6192],[10.0587,50.6266],[10.0355,50.6066],[10.0488,50.5986],[10.0523,50.5623],[10.062,50.5562],[10.0494,50.5399],[10.0416,50.5332],[10.0414,50.5167],[10.0392,50.5024],[10.0308,50.4798],[10.0185,50.4671],[9.9985,50.4625],[9.987,50.447],[9.9591,50.4238],[9.9344,50.4194],[9.8824,50.3993],[9.87,50.4097],[9.8598,50.3975],[9.8079,50.4123],[9.8085,50.4214],[9.7893,50.4251],[9.7804,50.4182],[9.7646,50.4252],[9.7534,50.4163],[9.7593,50.4037],[9.7532,50.3845],[9.7432,50.3623],[9.7322,50.3562],[9.6901,50.3608],[9.6827,50.3721],[9.636,50.3806],[9.6179,50.3936],[9.5549,50.3813],[9.4879,50.4118],[9.484,50.4394],[9.474,50.4436],[9.452,50.4628],[9.4597,50.477],[9.4286,50.4785],[9.4554,50.5296],[9.4634,50.5504],[9.4901,50.558],[9.4982,50.5685],[9.4795,50.5751],[9.4818,50.5913],[9.4996,50.6112],[9.4744,50.6284],[9.4813,50.6471],[9.4677,50.6609],[9.4805,50.6634],[9.5006,50.6388],[9.5424,50.6404],[9.5519,50.631],[9.5523,50.6219],[9.5873,50.6077],[9.6072,50.6064],[9.6116,50.6147],[9.6412,50.6281],[9.6211,50.6515],[9.6497,50.6808],[9.6237,50.6882],[9.6112,50.707],[9.61,50.7343],[9.604,50.7561],[9.5834,50.7659],[9.5611,50.7639],[9.5064,50.7345],[9.4785,50.7634],[9.4556,50.7622],[9.4605,50.7748],[9.4478,50.7707],[9.4335,50.7741],[9.4483,50.7815],[9.4411,50.7955]]]]},"geometry_name":"geom","properties":{"objid":"DEBKGVG500000CSI","beginn":"2019-10-03Z","ade":3,"gf":9,"bsg":1,"lkz":"HE","ars":"066","ags":"066","sdv_ars":"066110000000","gen":"Kassel","bez":"Regierungsbezirk","ibz":30,"bem":"--","nbd":"ja","sn_l":"06","sn_r":"6","sn_k":"00","sn_v1":"00","sn_v2":"00","sn_g":"000","fk_s3":"R","nuts":"DE73","ars_0":"066000000000","ags_0":"06600000","wsk":"2014-12-31Z"},"bbox":[8.4739,50.3562,10.2355,51.6568]},{"type":"Feature","id":"vg5000_rbz.9","geometry":{"type":"MultiPolygon","coordinates":[[[[9.5798,48.5415],[9.5324,48.5262],[9.5302,48.5135],[9.5098,48.5235],[9.5021,48.5126],[9.4968,48.5217],[9.4759,48.5113],[9.4649,48.5154],[9.4873,48.5323],[9.4503,48.5455],[9.4391,48.5401],[9.4267,48.5439],[9.4184,48.5358],[9.4097,48.5372],[9.3915,48.5301],[9.3861,48.5344],[9.3698,48.5338],[9.3622,48.543],[9.3405,48.5463],[9.3259,48.541],[9.3119,48.5484],[9.3198,48.5548],[9.3143,48.5621],[9.3223,48.5706],[9.3204,48.5784],[9.3016,48.578],[9.2908,48.5657],[9.2562,48.5675],[9.2498,48.5741],[9.2386,48.5791],[9.2241,48.566],[9.2074,48.5723],[9.2071,48.5829],[9.1985,48.588],[9.2061,48.598],[9.2029,48.6032],[9.1893,48.5961],[9.1789,48.6046],[9.1498,48.604],[9.1322,48.6018],[9.1142,48.6018],[9.1135,48.6164],[9.1074,48.6227],[9.0973,48.6217],[9.0916,48.6124],[9.0845,48.6122],[9.0889,48.6032],[9.0783,48.5972],[9.0788,48.5878],[9.0568,48.5942],[9.0427,48.5884],[9.0351,48.5779],[9.0073,48.5885],[8.993,48.586],[8.9787,48.5913],[8.9507,48.5883],[8.9482,48.5798],[8.9356,48.5765],[8.9426,48.5665],[8.932,48.5643],[8.9119,48.5713],[8.8893,48.5615],[8.885,48.5401],[8.8515,48.5373],[8.8619,48.5173],[8.8435,48.5079],[8.8489,48.5002],[8.8382,48.4991],[8.7995,48.509],[8.7869,48.5205],[8.7706,48.5226],[8.7585,48.5286],[8.7649,48.5319],[8.7579,48.5444],[8.773,48.5456],[8.773,48.5498],[8.7588,48.5556],[8.747,48.5962],[8.7491,48.6038],[8.7929,48.5958],[8.7995,48.6171],[8.7898,48.629],[8.7948,48.6342],[8.7992,48.6582],[8.8189,48.6642],[8.8197,48.6698],[8.8364,48.683],[8.8511,48.6844],[8.863,48.6973],[8.8551,48.7068],[8.8751,48.7262],[8.8296,48.7368],[8.8352,48.7538],[8.8199,48.7635],[8.7995,48.7736],[8.8043,48.7781],[8.8171,48.7873],[8.8423,48.7992],[8.8473,48.7925],[8.8679,48.7924],[8.8873,48.8025],[8.8957,48.7969],[8.9012,48.8018],[8.8911,48.8091],[8.9014,48.8176],[8.8711,48.8182],[8.8852,48.8303],[8.8741,48.8367],[8.8958,48.8472],[8.9013,48.8612],[8.9291,48.8667],[8.9127,48.9009],[8.9086,48.9117],[8.9217,48.9135],[8.9258,48.9194],[8.9004,48.9242],[8.9055,48.9419],[8.9298,48.9366],[8.9466,48.9412],[8.9448,48.9618],[8.9208,48.9826],[8.922,48.9904],[8.9332,48.9902],[8.9041,49.0216],[8.8757,49.0372],[8.8716,49.05],[8.8799,49.058],[8.8764,49.0696],[8.8659,49.072],[8.8789,49.0801],[8.893,49.0825],[8.8898,49.1153],[8.8774,49.1193],[8.8696,49.1318],[8.8587,49.1262],[8.8275,49.1261],[8.8422,49.1503],[8.829,49.1614],[8.8177,49.1578],[8.8207,49.1942],[8.8639,49.1744],[8.8963,49.182],[8.893,49.1866],[8.8868,49.2024],[8.9574,49.2133],[8.9628,49.2207],[8.9892,49.2403],[9.0057,49.2416],[9.0102,49.2489],[8.9968,49.2531],[9.0029,49.2584],[8.9978,49.2655],[9.0209,49.2569],[9.0192,49.2659],[9.0426,49.2782],[9.0213,49.2953],[9.0237,49.299],[9.049,49.293],[9.0504,49.2851],[9.0687,49.2789],[9.1107,49.2795],[9.1155,49.2719],[9.1507,49.2734],[9.1534,49.2831],[9.1321,49.2934],[9.1585,49.2944],[9.1567,49.3079],[9.1627,49.3279],[9.187,49.3259],[9.2062,49.3238],[9.2206,49.3077],[9.2313,49.3096],[9.2421,49.2976],[9.2612,49.3061],[9.2695,49.3304],[9.2875,49.3296],[9.2948,49.3475],[9.3154,49.3572],[9.3099,49.372],[9.327,49.3873],[9.3765,49.3618],[9.398,49.3654],[9.4171,49.3601],[9.4439,49.3643],[9.4413,49.3723],[9.4506,49.3767],[9.4463,49.3909],[9.4645,49.3962],[9.4756,49.3855],[9.5081,49.3755],[9.5312,49.3816],[9.5727,49.3763],[9.5927,49.3913],[9.5909,49.4006],[9.5779,49.4006],[9.5706,49.4162],[9.6037,49.4267],[9.5898,49.4399],[9.5424,49.4497],[9.5091,49.4395],[9.5059,49.4539],[9.517,49.4726],[9.4921,49.4864],[9.4951,49.5024],[9.5042,49.5007],[9.5151,49.5157],[9.5245,49.5117],[9.5449,49.5294],[9.5222,49.5366],[9.5153,49.557],[9.4994,49.5874],[9.5113,49.6021],[9.5307,49.5972],[9.5304,49.6048],[9.541,49.6034],[9.5392,49.6182],[9.5509,49.6214],[9.5394,49.6398],[9.5262,49.6355],[9.5192,49.6439],[9.5025,49.6375],[9.4891,49.6455],[9.4765,49.6426],[9.4555,49.6475],[9.4506,49.6558],[9.4173,49.6606],[9.3979,49.6691],[9.4108,49.6746],[9.407,49.6794],[9.4202,49.6908],[9.4208,49.7068],[9.4081,49.7218],[9.387,49.7308],[9.3822,49.7074],[9.3576,49.704],[9.3502,49.7177],[9.3736,49.7284],[9.3549,49.7314],[9.3235,49.7312],[9.2953,49.7404],[9.3222,49.7414],[9.3174,49.768],[9.3612,49.7715],[9.3738,49.7781],[9.3802,49.7732],[9.3866,49.7703],[9.4061,49.7772],[9.4212,49.7881],[9.4335,49.7872],[9.4459,49.7725],[9.4616,49.7695],[9.4809,49.7865],[9.5076,49.7859],[9.514,49.7633],[9.5231,49.7603],[9.5447,49.7666],[9.5607,49.7443],[9.569,49.749],[9.5588,49.7627],[9.5602,49.7787],[9.6206,49.7835],[9.6504,49.7921],[9.6508,49.7662],[9.6404,49.7512],[9.6433,49.7384],[9.6278,49.7312],[9.6411,49.7229],[9.6333,49.7171],[9.6278,49.7025],[9.6327,49.6937],[9.6529,49.6874],[9.6753,49.6934],[9.6777,49.7165],[9.7111,49.7268],[9.7284,49.6872],[9.7498,49.6955],[9.7528,49.7102],[9.7962,49.7292],[9.7976,49.72],[9.8232,49.7077],[9.8354,49.6859],[9.8362,49.6812],[9.8243,49.6729],[9.8275,49.6614],[9.8316,49.6492],[9.8543,49.6434],[9.8655,49.6255],[9.8724,49.6084],[9.8418,49.5948],[9.8484,49.5775],[9.8274,49.5646],[9.821,49.562],[9.8097,49.5563],[9.8253,49.5509],[9.8591,49.5463],[9.8752,49.5782],[9.8993,49.5859],[9.9122,49.5853],[9.9145,49.5803],[9.8999,49.5629],[9.9222,49.5613],[9.9216,49.5531],[9.9268,49.5381],[9.9167,49.5188],[9.9242,49.5093],[9.9136,49.493],[9.9397,49.4828],[9.9608,49.4841],[9.9835,49.4854],[10.019,49.4858],[10.0293,49.5037],[10.0576,49.5166],[10.0383,49.5275],[10.0597,49.5377],[10.0604,49.545],[10.0837,49.5433],[10.0916,49.5341],[10.0888,49.5284],[10.0787,49.5272],[10.077,49.5201],[10.084,49.5121],[10.1061,49.5152],[10.1221,49.5095],[10.1011,49.4939],[10.1012,49.4856],[10.1183,49.472],[10.122,49.4637],[10.1046,49.4627],[10.0946,49.4466],[10.1329,49.4371],[10.1404,49.424],[10.1489,49.4034],[10.1392,49.4024],[10.1615,49.395],[10.1606,49.3901],[10.1446,49.3837],[10.1119,49.3847],[10.1133,49.3597],[10.1241,49.3568],[10.1238,49.3504],[10.1087,49.352],[10.1029,49.3443],[10.1113,49.3327],[10.1204,49.3253],[10.1305,49.3261],[10.1389,49.3268],[10.1455,49.3162],[10.1321,49.3053],[10.1348,49.2961],[10.1565,49.2808],[10.1464,49.2775],[10.1488,49.2691],[10.1316,49.2624],[10.1229,49.275],[10.1102,49.2571],[10.1322,49.251],[10.1203,49.2477],[10.1406,49.2086],[10.1255,49.2112],[10.1265,49.2073],[10.1294,49.1952],[10.1367,49.199],[10.1554,49.193],[10.1713,49.1782],[10.1812,49.1821],[10.1774,49.1732],[10.1884,49.1734],[10.198,49.1555],[10.2132,49.1627],[10.2311,49.1571],[10.2482,49.1486],[10.2555,49.128],[10.2258,49.1195],[10.2255,49.1112],[10.2167,49.1133],[10.2049,49.098],[10.2152,49.0943],[10.2229,49.0978],[10.2298,49.0897],[10.2505,49.0922],[10.2473,49.0803],[10.2406,49.082],[10.236,49.074],[10.2577,49.0703],[10.2632,49.0612],[10.257,49.0593],[10.2505,49.0398],[10.2658,49.0451],[10.2844,49.0368],[10.2872,49.0423],[10.2968,49.0419],[10.3027,49.0314],[10.3165,49.0285],[10.3218,49.026],[10.334,49.0319],[10.3491,49.0279],[10.3459,49.0171],[10.3555,49.0148],[10.3543,49.0047],[10.3728,49.0031],[10.3818,48.9992],[10.3797,48.9861],[10.395,48.9897],[10.4105,48.9772],[10.4017,48.9688],[10.4249,48.9607],[10.435,48.9443],[10.4434,48.9454],[10.4513,48.9386],[10.438,48.933],[10.4521,48.9262],[10.4544,48.9153],[10.4426,48.9078],[10.422,48.9066],[10.4539,48.892],[10.4464,48.8773],[10.4527,48.8734],[10.4491,48.8492],[10.4278,48.843],[10.4284,48.8364],[10.4486,48.8302],[10.4434,48.8088],[10.4217,48.7976],[10.433,48.7907],[10.4305,48.7827],[10.4298,48.771],[10.4202,48.7761],[10.4134,48.7706],[10.4288,48.7585],[10.4183,48.7539],[10.4241,48.7446],[10.4459,48.7296],[10.4506,48.7351],[10.4623,48.7356],[10.4589,48.7283],[10.4824,48.7084],[10.4716,48.7029],[10.4849,48.6972],[10.4913,48.6882],[10.465,48.6707],[10.4107,48.6612],[10.4083,48.6676],[10.4265,48.6729],[10.4222,48.6884],[10.4362,48.6885],[10.4355,48.6965],[10.4067,48.6974],[10.3916,48.6869],[10.3895,48.6676],[10.3683,48.664],[10.3629,48.6538],[10.3506,48.658],[10.3477,48.6776],[10.3327,48.6904],[10.3193,48.6888],[10.3173,48.6833],[10.2685,48.7024],[10.2712,48.6835],[10.2565,48.6805],[10.2634,48.6719],[10.2542,48.6648],[10.2646,48.66],[10.2595,48.6548],[10.296,48.6337],[10.2979,48.6239],[10.3228,48.6052],[10.2968,48.604],[10.2939,48.5901],[10.3064,48.5834],[10.3147,48.5557],[10.3077,48.5507],[10.303,48.5318],[10.3128,48.5297],[10.3121,48.523],[10.2762,48.516],[10.2688,48.5202],[10.2539,48.5184],[10.2475,48.5116],[10.229,48.5102],[10.2151,48.5162],[10.2145,48.5332],[10.2011,48.5425],[10.1916,48.5413],[10.1865,48.5587],[10.1707,48.5499],[10.1586,48.5571],[10.1544,48.5516],[10.1382,48.5562],[10.1147,48.5562],[10.1074,48.5705],[10.0972,48.5784],[10.0581,48.587],[10.0399,48.6064],[9.9989,48.6068],[9.9929,48.5967],[9.9643,48.5947],[9.9692,48.6154],[9.9488,48.6238],[9.9473,48.6337],[9.9242,48.6298],[9.9156,48.6228],[9.8909,48.6226],[9.8884,48.6158],[9.8984,48.6143],[9.8713,48.5898],[9.857,48.5834],[9.8403,48.5858],[9.8152,48.559],[9.7794,48.5601],[9.7769,48.5659],[9.7608,48.5596],[9.7436,48.5632],[9.7374,48.5594],[9.7296,48.565],[9.7179,48.5573],[9.7216,48.5529],[9.7188,48.5448],[9.6958,48.5387],[9.6851,48.5183],[9.6634,48.5243],[9.6586,48.5189],[9.6323,48.537],[9.6111,48.5411],[9.5858,48.5369],[9.5798,48.5415]]]]},"geometry_name":"geom","properties":{"objid":"DEBKGVG500000CSJ","beginn":"2019-10-03Z","ade":3,"gf":9,"bsg":1,"lkz":"BW","ars":"081","ags":"081","sdv_ars":"081110000000","gen":"Stuttgart","bez":"Regierungsbezirk","ibz":30,"bem":"--","nbd":"ja","sn_l":"08","sn_r":"1","sn_k":"00","sn_v1":"00","sn_v2":"00","sn_g":"000","fk_s3":"R","nuts":"DE11","ars_0":"081000000000","ags_0":"08100000","wsk":"1996-12-31Z"},"bbox":[8.747,48.4991,10.4913,49.7921]},{"type":"Feature","id":"vg5000_rbz.10","geometry":{"type":"MultiPolygon","coordinates":[[[[8.4877,49.2877],[8.4848,49.3037],[8.4534,49.3164],[8.4562,49.3312],[8.4697,49.3391],[8.4978,49.3575],[8.5023,49.3872],[8.4694,49.3738],[8.4628,49.3826],[8.4963,49.3996],[8.497,49.4075],[8.5081,49.4344],[8.4973,49.4423],[8.4546,49.4397],[8.4541,49.4431],[8.4454,49.4468],[8.4455,49.4593],[8.4645,49.4677],[8.4432,49.4918],[8.4228,49.5418],[8.4148,49.5546],[8.4227,49.572],[8.4232,49.5833],[8.4648,49.5891],[8.4802,49.5742],[8.4941,49.5726],[8.5408,49.5286],[8.5604,49.5197],[8.5814,49.5196],[8.5986,49.5311],[8.6076,49.5278],[8.6161,49.5404],[8.6034,49.5928],[8.5941,49.5922],[8.5892,49.6044],[8.595,49.6055],[8.5989,49.6106],[8.6726,49.6239],[8.6709,49.6101],[8.6821,49.6037],[8.6915,49.6066],[8.6977,49.6],[8.6948,49.59],[8.6834,49.5894],[8.6849,49.5693],[8.705,49.5484],[8.7034,49.5363],[8.7323,49.5261],[8.728,49.5184],[8.749,49.522],[8.7675,49.5148],[8.7726,49.5177],[8.7965,49.5122],[8.8071,49.5259],[8.8224,49.5246],[8.8174,49.5045],[8.832,49.4922],[8.8456,49.502],[8.8567,49.5012],[8.8807,49.5058],[8.8983,49.5028],[8.8995,49.4842],[8.8677,49.4647],[8.8662,49.4743],[8.8518,49.4839],[8.8268,49.4707],[8.8248,49.463],[8.8325,49.4534],[8.8323,49.4247],[8.8065,49.4192],[8.8019,49.4106],[8.8145,49.3974],[8.8235,49.3949],[8.8341,49.4067],[8.8501,49.3948],[8.8861,49.415],[8.8974,49.425],[8.9033,49.4431],[8.9078,49.4368],[8.9243,49.4391],[8.9283,49.448],[8.9512,49.4524],[8.9312,49.4698],[8.9574,49.4951],[8.9519,49.5052],[8.9673,49.5013],[8.986,49.51],[8.9923,49.5031],[9.0335,49.4978],[9.0627,49.5284],[9.0838,49.5258],[9.1,49.5258],[9.1067,49.5092],[9.1264,49.5169],[9.1151,49.5339],[9.0862,49.542],[9.0739,49.5711],[9.1005,49.5606],[9.1029,49.5775],[9.1945,49.5739],[9.2264,49.5787],[9.2383,49.5813],[9.2495,49.5846],[9.2512,49.5935],[9.2589,49.593],[9.2642,49.6068],[9.2846,49.6149],[9.2686,49.6318],[9.2872,49.6386],[9.3071,49.6549],[9.3411,49.6441],[9.3678,49.6587],[9.3829,49.6432],[9.406,49.6451],[9.4173,49.6606],[9.4506,49.6558],[9.4555,49.6475],[9.4765,49.6426],[9.4891,49.6455],[9.5025,49.6375],[9.5192,49.6439],[9.5262,49.6355],[9.5394,49.6398],[9.5509,49.6214],[9.5392,49.6182],[9.541,49.6034],[9.5304,49.6048],[9.5307,49.5972],[9.5113,49.6021],[9.4994,49.5874],[9.5153,49.557],[9.5222,49.5366],[9.5449,49.5294],[9.5245,49.5117],[9.5151,49.5157],[9.5042,49.5007],[9.4951,49.5024],[9.4921,49.4864],[9.517,49.4726],[9.5059,49.4539],[9.5091,49.4395],[9.5424,49.4497],[9.5898,49.4399],[9.6037,49.4267],[9.5706,49.4162],[9.5779,49.4006],[9.5909,49.4006],[9.5927,49.3913],[9.5727,49.3763],[9.5312,49.3816],[9.5081,49.3755],[9.4756,49.3855],[9.4645,49.3962],[9.4463,49.3909],[9.4506,49.3767],[9.4413,49.3723],[9.4439,49.3643],[9.4171,49.3601],[9.398,49.3654],[9.3765,49.3618],[9.327,49.3873],[9.3099,49.372],[9.3154,49.3572],[9.2948,49.3475],[9.2875,49.3296],[9.2695,49.3304],[9.2612,49.3061],[9.2421,49.2976],[9.2313,49.3096],[9.2206,49.3077],[9.2062,49.3238],[9.187,49.3259],[9.1627,49.3279],[9.1567,49.3079],[9.1585,49.2944],[9.1321,49.2934],[9.1534,49.2831],[9.1507,49.2734],[9.1155,49.2719],[9.1107,49.2795],[9.0687,49.2789],[9.0504,49.2851],[9.049,49.293],[9.0237,49.299],[9.0213,49.2953],[9.0426,49.2782],[9.0192,49.2659],[9.0209,49.2569],[8.9978,49.2655],[9.0029,49.2584],[8.9968,49.2531],[9.0102,49.2489],[9.0057,49.2416],[8.9892,49.2403],[8.9628,49.2207],[8.9574,49.2133],[8.8868,49.2024],[8.893,49.1866],[8.8963,49.182],[8.8639,49.1744],[8.8207,49.1942],[8.8177,49.1578],[8.829,49.1614],[8.8422,49.1503],[8.8275,49.1261],[8.8587,49.1262],[8.8696,49.1318],[8.8774,49.1193],[8.8898,49.1153],[8.893,49.0825],[8.8789,49.0801],[8.8659,49.072],[8.8764,49.0696],[8.8799,49.058],[8.8716,49.05],[8.8757,49.0372],[8.9041,49.0216],[8.9332,48.9902],[8.922,48.9904],[8.9208,48.9826],[8.9448,48.9618],[8.9466,48.9412],[8.9298,48.9366],[8.9055,48.9419],[8.9004,48.9242],[8.9258,48.9194],[8.9217,48.9135],[8.9086,48.9117],[8.9127,48.9009],[8.9291,48.8667],[8.9013,48.8612],[8.8958,48.8472],[8.8741,48.8367],[8.8852,48.8303],[8.8711,48.8182],[8.9014,48.8176],[8.8911,48.8091],[8.9012,48.8018],[8.8957,48.7969],[8.8873,48.8025],[8.8679,48.7924],[8.8473,48.7925],[8.8423,48.7992],[8.8171,48.7873],[8.8043,48.7781],[8.7995,48.7736],[8.8199,48.7635],[8.8352,48.7538],[8.8296,48.7368],[8.8751,48.7262],[8.8551,48.7068],[8.863,48.6973],[8.8511,48.6844],[8.8364,48.683],[8.8197,48.6698],[8.8189,48.6642],[8.7992,48.6582],[8.7948,48.6342],[8.7898,48.629],[8.7995,48.6171],[8.7929,48.5958],[8.7491,48.6038],[8.747,48.5962],[8.7588,48.5556],[8.773,48.5498],[8.773,48.5456],[8.7579,48.5444],[8.7649,48.5319],[8.7585,48.5286],[8.7706,48.5226],[8.7562,48.5035],[8.7686,48.5011],[8.7776,48.4857],[8.7943,48.4849],[8.8136,48.4684],[8.8208,48.4699],[8.8279,48.4625],[8.8106,48.4583],[8.7839,48.4471],[8.7807,48.4385],[8.7701,48.4379],[8.7647,48.4273],[8.7774,48.4217],[8.7717,48.4162],[8.7662,48.4102],[8.7491,48.3905],[8.7573,48.3817],[8.7369,48.3768],[8.6904,48.387],[8.6763,48.4002],[8.6555,48.3946],[8.6403,48.4024],[8.6058,48.396],[8.5952,48.4101],[8.5743,48.4038],[8.5647,48.4001],[8.5453,48.4049],[8.5304,48.4004],[8.5122,48.405],[8.5202,48.3879],[8.4847,48.3819],[8.4861,48.3681],[8.5031,48.3573],[8.4716,48.3459],[8.485,48.3417],[8.485,48.3337],[8.5014,48.3315],[8.4997,48.3272],[8.4943,48.3138],[8.4586,48.313],[8.4447,48.3011],[8.4316,48.3227],[8.4039,48.3224],[8.3632,48.3348],[8.3553,48.367],[8.36,48.3766],[8.3297,48.3865],[8.3149,48.3663],[8.3178,48.3567],[8.3008,48.3495],[8.2912,48.3574],[8.2517,48.3646],[8.2631,48.3793],[8.2475,48.3849],[8.2462,48.3948],[8.2337,48.4015],[8.2413,48.4113],[8.2551,48.4135],[8.2554,48.4338],[8.2651,48.4363],[8.2703,48.4794],[8.266,48.4904],[8.2413,48.493],[8.2214,48.5033],[8.2117,48.5223],[8.219,48.5371],[8.2135,48.5468],[8.2209,48.5497],[8.2126,48.5576],[8.2282,48.5629],[8.2369,48.5763],[8.21,48.6015],[8.2225,48.6028],[8.2467,48.6028],[8.2475,48.6084],[8.2326,48.6104],[8.2422,48.6253],[8.2276,48.6292],[8.2173,48.6305],[8.1983,48.6291],[8.1804,48.6402],[8.162,48.64],[8.1656,48.6454],[8.1409,48.6567],[8.1149,48.6498],[8.1018,48.656],[8.0743,48.6726],[8.0557,48.6751],[8.0336,48.6748],[8.0338,48.6823],[8.0172,48.6814],[8.0014,48.6879],[7.9807,48.6869],[7.9746,48.6947],[7.992,48.7012],[7.9805,48.7125],[7.958,48.7185],[7.9674,48.7282],[7.9689,48.7532],[7.978,48.7602],[8.0129,48.7598],[8.0302,48.7864],[8.0657,48.7892],[8.0844,48.7987],[8.1077,48.8264],[8.1168,48.8516],[8.1593,48.9148],[8.1708,48.9257],[8.1888,48.946],[8.2004,48.9582],[8.2326,48.9663],[8.2618,48.9806],[8.2794,48.9906],[8.2923,49.0041],[8.3126,49.0539],[8.3405,49.0799],[8.3508,49.0877],[8.3611,49.1044],[8.3675,49.1294],[8.3713,49.1443],[8.3719,49.1558],[8.3684,49.1675],[8.3717,49.1765],[8.3829,49.1888],[8.405,49.2193],[8.3974,49.2243],[8.3857,49.2207],[8.3945,49.2402],[8.4165,49.2507],[8.4447,49.2655],[8.467,49.2824],[8.4877,49.2877]],[[8.0406,48.6957],[8.0488,48.6916],[8.0692,48.7063],[8.0596,48.7086],[8.0406,48.6957]]]]},"geometry_name":"geom","properties":{"objid":"DEBKGVG500000CSK","beginn":"2019-10-03Z","ade":3,"gf":9,"bsg":1,"lkz":"BW","ars":"082","ags":"082","sdv_ars":"082120000000","gen":"Karlsruhe","bez":"Regierungsbezirk","ibz":30,"bem":"--","nbd":"ja","sn_l":"08","sn_r":"2","sn_k":"00","sn_v1":"00","sn_v2":"00","sn_g":"000","fk_s3":"R","nuts":"DE12","ars_0":"082000000000","ags_0":"08200000","wsk":"1983-06-20Z"},"bbox":[7.958,48.3011,9.6037,49.6606]},{"type":"Feature","id":"vg5000_rbz.11","geometry":{"type":"MultiPolygon","coordinates":[[[[8.0406,48.6957],[8.0596,48.7086],[8.0692,48.7063],[8.0488,48.6916],[8.0406,48.6957]]],[[[8.7031,47.7146],[8.7173,47.6921],[8.7084,47.6897],[8.6909,47.6952],[8.6665,47.6854],[8.6603,47.6915],[8.676,47.6984],[8.6649,47.7129],[8.685,47.7085],[8.7031,47.7146]]],[[[8.5103,47.7758],[8.4911,47.7715],[8.4505,47.7402],[8.455,47.7222],[8.4212,47.7093],[8.4061,47.6955],[8.4132,47.6892],[8.4195,47.6826],[8.4073,47.6758],[8.4144,47.6664],[8.4462,47.6541],[8.4652,47.6555],[8.4705,47.6395],[8.4786,47.6485],[8.4939,47.6433],[8.5319,47.6471],[8.5266,47.6604],[8.5325,47.6627],[8.5618,47.6701],[8.5772,47.6622],[8.603,47.672],[8.6277,47.653],[8.6227,47.6402],[8.6105,47.6372],[8.6129,47.6492],[8.6033,47.651],[8.5948,47.6419],[8.6048,47.6137],[8.5823,47.5961],[8.5626,47.6003],[8.5732,47.6115],[8.5524,47.627],[8.539,47.6257],[8.5387,47.6309],[8.516,47.6333],[8.5078,47.6171],[8.4872,47.6141],[8.4567,47.6022],[8.4672,47.5837],[8.489,47.5884],[8.4872,47.5779],[8.4337,47.5665],[8.3988,47.577],[8.3838,47.5662],[8.3556,47.57],[8.3231,47.5735],[8.2972,47.5898],[8.2925,47.6091],[8.2642,47.6099],[8.2587,47.616],[8.2253,47.6054],[8.2168,47.6188],[8.2022,47.6202],[8.1908,47.6128],[8.1652,47.5943],[8.1498,47.5954],[8.1349,47.5839],[8.1082,47.5827],[8.0919,47.5595],[8.0673,47.5643],[8.0374,47.5528],[8.0195,47.5506],[7.9993,47.5564],[7.9589,47.5579],[7.945,47.5444],[7.9178,47.5481],[7.908,47.5561],[7.9065,47.5771],[7.8949,47.5857],[7.8655,47.5883],[7.8423,47.582],[7.8328,47.5857],[7.8188,47.5865],[7.8112,47.5694],[7.7948,47.5573],[7.7241,47.5424],[7.6811,47.5335],[7.6482,47.549],[7.634,47.5609],[7.6378,47.5655],[7.648,47.5603],[7.6856,47.5658],[7.6892,47.5714],[7.672,47.5847],[7.6753,47.5924],[7.6493,47.5958],[7.6193,47.5773],[7.6086,47.5782],[7.5892,47.5897],[7.5917,47.6036],[7.5744,47.6154],[7.5665,47.6321],[7.5205,47.6628],[7.5138,47.7031],[7.5433,47.7239],[7.5492,47.7439],[7.53,47.7785],[7.5619,47.8413],[7.5563,47.8789],[7.5811,47.898],[7.5841,47.9326],[7.6131,47.9581],[7.6218,47.9722],[7.6155,47.9915],[7.5687,48.035],[7.5739,48.091],[7.5776,48.1153],[7.5799,48.1243],[7.5993,48.1361],[7.6003,48.1565],[7.6114,48.1676],[7.6371,48.1958],[7.6683,48.2248],[7.6813,48.2569],[7.6932,48.302],[7.7364,48.3182],[7.7426,48.3229],[7.7457,48.3333],[7.7311,48.3881],[7.7426,48.4152],[7.7534,48.434],[7.7666,48.46],[7.7687,48.4898],[7.7945,48.5018],[7.8066,48.5193],[7.8004,48.585],[7.8372,48.6378],[7.8898,48.6623],[7.958,48.7185],[7.9805,48.7125],[7.992,48.7012],[7.9746,48.6947],[7.9807,48.6869],[8.0014,48.6879],[8.0172,48.6814],[8.0338,48.6823],[8.0336,48.6748],[8.0557,48.6751],[8.0743,48.6726],[8.1018,48.656],[8.1149,48.6498],[8.1409,48.6567],[8.1656,48.6454],[8.162,48.64],[8.1804,48.6402],[8.1983,48.6291],[8.2173,48.6305],[8.2276,48.6292],[8.2422,48.6253],[8.2326,48.6104],[8.2475,48.6084],[8.2467,48.6028],[8.2225,48.6028],[8.21,48.6015],[8.2369,48.5763],[8.2282,48.5629],[8.2126,48.5576],[8.2209,48.5497],[8.2135,48.5468],[8.219,48.5371],[8.2117,48.5223],[8.2214,48.5033],[8.2413,48.493],[8.266,48.4904],[8.2703,48.4794],[8.2651,48.4363],[8.2554,48.4338],[8.2551,48.4135],[8.2413,48.4113],[8.2337,48.4015],[8.2462,48.3948],[8.2475,48.3849],[8.2631,48.3793],[8.2517,48.3646],[8.2912,48.3574],[8.3008,48.3495],[8.3178,48.3567],[8.3149,48.3663],[8.3297,48.3865],[8.36,48.3766],[8.3553,48.367],[8.3632,48.3348],[8.4039,48.3224],[8.4316,48.3227],[8.4447,48.3011],[8.4586,48.313],[8.4943,48.3138],[8.4997,48.3272],[8.5014,48.3315],[8.485,48.3337],[8.485,48.3417],[8.4716,48.3459],[8.5031,48.3573],[8.4861,48.3681],[8.4847,48.3819],[8.5202,48.3879],[8.5122,48.405],[8.5304,48.4004],[8.5453,48.4049],[8.5647,48.4001],[8.5743,48.4038],[8.5952,48.4101],[8.6058,48.396],[8.6403,48.4024],[8.6555,48.3946],[8.6763,48.4002],[8.6904,48.387],[8.7369,48.3768],[8.732,48.3662],[8.7446,48.3578],[8.7442,48.3498],[8.7345,48.3444],[8.6937,48.3291],[8.7196,48.3212],[8.7186,48.3152],[8.6617,48.2991],[8.6482,48.2934],[8.6595,48.2833],[8.6832,48.2811],[8.6671,48.2687],[8.7054,48.2588],[8.7083,48.2525],[8.698,48.2454],[8.7106,48.2313],[8.7038,48.2227],[8.7229,48.2083],[8.7256,48.203],[8.744,48.2012],[8.7188,48.1801],[8.7517,48.1597],[8.7643,48.1633],[8.769,48.1824],[8.7926,48.1839],[8.8072,48.1848],[8.815,48.1804],[8.8184,48.1726],[8.8293,48.1715],[8.8346,48.1488],[8.8502,48.15],[8.8618,48.1433],[8.8649,48.1351],[8.886,48.1038],[8.8954,48.1013],[8.8968,48.1073],[8.9133,48.1104],[8.9373,48.1036],[8.9535,48.1071],[8.9622,48.0918],[8.9769,48.0865],[8.9964,48.0686],[8.9759,48.0577],[8.9409,48.0605],[8.9325,48.0578],[8.936,48.0465],[8.9545,48.0413],[8.9543,48.0304],[8.9656,48.0392],[8.9776,48.0329],[8.9929,48.03],[9.0131,48.0175],[9.0074,47.9946],[9.0211,47.9848],[9.0114,47.9738],[9.021,47.9471],[9.0126,47.9369],[9.0806,47.9405],[9.064,47.9171],[9.1027,47.9105],[9.1289,47.898],[9.1458,47.8983],[9.1477,47.8844],[9.1456,47.8726],[9.1201,47.8594],[9.1284,47.8468],[9.1184,47.841],[9.1033,47.8414],[9.081,47.8597],[9.0686,47.8575],[9.0677,47.8487],[9.0804,47.8316],[9.0804,47.8112],[9.0697,47.8064],[9.063,47.8135],[9.0384,47.8147],[9.0316,47.8061],[9.0789,47.7727],[9.1061,47.7626],[9.1329,47.7489],[9.1493,47.7491],[9.174,47.7339],[9.1807,47.7051],[9.2094,47.6867],[9.2167,47.6685],[9.2072,47.6632],[9.1813,47.6672],[9.1802,47.6555],[9.1691,47.6558],[9.1522,47.6671],[9.1316,47.6655],[9.1142,47.6845],[9.0799,47.6834],[9.0442,47.6932],[9.0411,47.7085],[9.0562,47.7035],[9.0898,47.6899],[9.1076,47.6915],[9.1033,47.7026],[9.0372,47.724],[9.0209,47.729],[8.9938,47.7432],[8.9829,47.74],[9.0041,47.7292],[8.9995,47.7249],[8.9639,47.7363],[8.9417,47.7319],[8.9434,47.7243],[8.9669,47.7151],[8.9963,47.7056],[9.0058,47.6945],[8.9704,47.6718],[8.9526,47.6685],[8.9363,47.6589],[8.8971,47.652],[8.8757,47.6561],[8.8679,47.6764],[8.8497,47.6813],[8.8505,47.6972],[8.8738,47.6942],[8.8714,47.7047],[8.8482,47.7034],[8.8454,47.7114],[8.8257,47.7111],[8.8052,47.7249],[8.8119,47.7289],[8.8071,47.7374],[8.7965,47.7347],[8.797,47.7291],[8.7701,47.7181],[8.7694,47.7072],[8.7977,47.7029],[8.7978,47.6976],[8.807,47.6973],[8.8079,47.6911],[8.7987,47.6905],[8.7962,47.6759],[8.7291,47.6928],[8.7365,47.7163],[8.7178,47.7215],[8.7115,47.7294],[8.7222,47.7443],[8.7392,47.7465],[8.74,47.7529],[8.7145,47.7654],[8.6917,47.7573],[8.6884,47.7734],[8.6812,47.7863],[8.6595,47.7916],[8.6524,47.7996],[8.6454,47.7882],[8.652,47.773],[8.6276,47.7597],[8.6166,47.7841],[8.6223,47.7943],[8.6138,47.8012],[8.5777,47.7995],[8.5681,47.8079],[8.5619,47.7926],[8.5745,47.7895],[8.577,47.7817],[8.563,47.7779],[8.5527,47.7843],[8.5261,47.7779],[8.5205,47.7703],[8.5103,47.7758]]]]},"geometry_name":"geom","properties":{"objid":"DEBKGVG500000CSL","beginn":"2019-10-03Z","ade":3,"gf":9,"bsg":1,"lkz":"BW","ars":"083","ags":"083","sdv_ars":"083110000000","gen":"Freiburg","bez":"Regierungsbezirk","ibz":30,"bem":"--","nbd":"ja","sn_l":"08","sn_r":"3","sn_k":"00","sn_v1":"00","sn_v2":"00","sn_g":"000","fk_s3":"R","nuts":"DE13","ars_0":"083000000000","ags_0":"08300000","wsk":"1972-12-31Z"},"bbox":[7.5138,47.5335,9.2167,48.7185]},{"type":"Feature","id":"vg5000_rbz.12","geometry":{"type":"MultiPolygon","coordinates":[[[[10.1059,47.9744],[10.0891,47.9679],[10.0889,47.9489],[10.1113,47.9367],[10.1078,47.9193],[10.0975,47.8847],[10.1053,47.8806],[10.0927,47.8687],[10.077,47.8678],[10.0839,47.8562],[10.1035,47.8653],[10.1067,47.8595],[10.0932,47.8485],[10.1076,47.8478],[10.1037,47.8415],[10.1321,47.8201],[10.1378,47.8101],[10.1163,47.8112],[10.1148,47.8011],[10.0931,47.8041],[10.067,47.7878],[10.0672,47.7824],[10.0809,47.7815],[10.083,47.7721],[10.1193,47.7604],[10.1171,47.7523],[10.1103,47.7385],[10.1186,47.7333],[10.1192,47.7154],[10.1387,47.7039],[10.1282,47.6908],[10.1305,47.6769],[10.1134,47.6663],[10.092,47.6718],[10.0771,47.6406],[10.0587,47.6805],[10.0326,47.6753],[10.0294,47.6862],[10.0149,47.6833],[9.9933,47.6783],[9.9703,47.6535],[9.9412,47.6576],[9.9324,47.6538],[9.9136,47.6621],[9.8961,47.6638],[9.8795,47.6738],[9.843,47.6773],[9.8296,47.6706],[9.8256,47.6563],[9.8171,47.65],[9.7993,47.6499],[9.7994,47.6436],[9.7479,47.6027],[9.7394,47.6058],[9.7483,47.615],[9.7354,47.6168],[9.728,47.6102],[9.7059,47.6015],[9.6921,47.6086],[9.6783,47.6047],[9.6716,47.6114],[9.6558,47.6118],[9.6536,47.6054],[9.6388,47.6042],[9.6446,47.5899],[9.6262,47.5921],[9.6211,47.5835],[9.6021,47.5843],[9.5542,47.5863],[9.5299,47.6032],[9.5268,47.6116],[9.5094,47.6371],[9.4948,47.6495],[9.4637,47.6481],[9.4203,47.6653],[9.3931,47.6674],[9.3546,47.6605],[9.3284,47.6695],[9.3057,47.6759],[9.2848,47.6853],[9.2316,47.7163],[9.2257,47.737],[9.2136,47.7445],[9.1413,47.7667],[9.1196,47.7833],[9.0697,47.8064],[9.0804,47.8112],[9.0804,47.8316],[9.0677,47.8487],[9.0686,47.8575],[9.081,47.8597],[9.1033,47.8414],[9.1184,47.841],[9.1284,47.8468],[9.1201,47.8594],[9.1456,47.8726],[9.1477,47.8844],[9.1458,47.8983],[9.1289,47.898],[9.1027,47.9105],[9.064,47.9171],[9.0806,47.9405],[9.0126,47.9369],[9.021,47.9471],[9.0114,47.9738],[9.0211,47.9848],[9.0074,47.9946],[9.0131,48.0175],[8.9929,48.03],[8.9776,48.0329],[8.9656,48.0392],[8.9543,48.0304],[8.9545,48.0413],[8.936,48.0465],[8.9325,48.0578],[8.9409,48.0605],[8.9759,48.0577],[8.9964,48.0686],[8.9769,48.0865],[8.9622,48.0918],[8.9535,48.1071],[8.9373,48.1036],[8.9133,48.1104],[8.8968,48.1073],[8.8954,48.1013],[8.886,48.1038],[8.8649,48.1351],[8.8618,48.1433],[8.8502,48.15],[8.8346,48.1488],[8.8293,48.1715],[8.8184,48.1726],[8.815,48.1804],[8.8072,48.1848],[8.7926,48.1839],[8.769,48.1824],[8.7643,48.1633],[8.7517,48.1597],[8.7188,48.1801],[8.744,48.2012],[8.7256,48.203],[8.7229,48.2083],[8.7038,48.2227],[8.7106,48.2313],[8.698,48.2454],[8.7083,48.2525],[8.7054,48.2588],[8.6671,48.2687],[8.6832,48.2811],[8.6595,48.2833],[8.6482,48.2934],[8.6617,48.2991],[8.7186,48.3152],[8.7196,48.3212],[8.6937,48.3291],[8.7345,48.3444],[8.7442,48.3498],[8.7446,48.3578],[8.732,48.3662],[8.7369,48.3768],[8.7573,48.3817],[8.7491,48.3905],[8.7662,48.4102],[8.7717,48.4162],[8.7774,48.4217],[8.7647,48.4273],[8.7701,48.4379],[8.7807,48.4385],[8.7839,48.4471],[8.8106,48.4583],[8.8279,48.4625],[8.8208,48.4699],[8.8136,48.4684],[8.7943,48.4849],[8.7776,48.4857],[8.7686,48.5011],[8.7562,48.5035],[8.7706,48.5226],[8.7869,48.5205],[8.7995,48.509],[8.8382,48.4991],[8.8489,48.5002],[8.8435,48.5079],[8.8619,48.5173],[8.8515,48.5373],[8.885,48.5401],[8.8893,48.5615],[8.9119,48.5713],[8.932,48.5643],[8.9426,48.5665],[8.9356,48.5765],[8.9482,48.5798],[8.9507,48.5883],[8.9787,48.5913],[8.993,48.586],[9.0073,48.5885],[9.0351,48.5779],[9.0427,48.5884],[9.0568,48.5942],[9.0788,48.5878],[9.0783,48.5972],[9.0889,48.6032],[9.0845,48.6122],[9.0916,48.6124],[9.0973,48.6217],[9.1074,48.6227],[9.1135,48.6164],[9.1142,48.6018],[9.1322,48.6018],[9.1498,48.604],[9.1789,48.6046],[9.1893,48.5961],[9.2029,48.6032],[9.2061,48.598],[9.1985,48.588],[9.2071,48.5829],[9.2074,48.5723],[9.2241,48.566],[9.2386,48.5791],[9.2498,48.5741],[9.2562,48.5675],[9.2908,48.5657],[9.3016,48.578],[9.3204,48.5784],[9.3223,48.5706],[9.3143,48.5621],[9.3198,48.5548],[9.3119,48.5484],[9.3259,48.541],[9.3405,48.5463],[9.3622,48.543],[9.3698,48.5338],[9.3861,48.5344],[9.3915,48.5301],[9.4097,48.5372],[9.4184,48.5358],[9.4267,48.5439],[9.4391,48.5401],[9.4503,48.5455],[9.4873,48.5323],[9.4649,48.5154],[9.4759,48.5113],[9.4968,48.5217],[9.5021,48.5126],[9.5098,48.5235],[9.5302,48.5135],[9.5324,48.5262],[9.5798,48.5415],[9.5858,48.5369],[9.6111,48.5411],[9.6323,48.537],[9.6586,48.5189],[9.6634,48.5243],[9.6851,48.5183],[9.6958,48.5387],[9.7188,48.5448],[9.7216,48.5529],[9.7179,48.5573],[9.7296,48.565],[9.7374,48.5594],[9.7436,48.5632],[9.7608,48.5596],[9.7769,48.5659],[9.7794,48.5601],[9.8152,48.559],[9.8403,48.5858],[9.857,48.5834],[9.8713,48.5898],[9.8984,48.6143],[9.8884,48.6158],[9.8909,48.6226],[9.9156,48.6228],[9.9242,48.6298],[9.9473,48.6337],[9.9488,48.6238],[9.9692,48.6154],[9.9643,48.5947],[9.9929,48.5967],[9.9989,48.6068],[10.0399,48.6064],[10.0581,48.587],[10.0972,48.5784],[10.1074,48.5705],[10.1147,48.5562],[10.1382,48.5562],[10.1544,48.5516],[10.1586,48.5571],[10.1707,48.5499],[10.1865,48.5587],[10.1916,48.5413],[10.2011,48.5425],[10.2145,48.5332],[10.2151,48.5162],[10.229,48.5102],[10.2273,48.505],[10.2386,48.5043],[10.2406,48.4918],[10.2255,48.4885],[10.218,48.4885],[10.1956,48.4803],[10.1806,48.4755],[10.1841,48.4685],[10.1747,48.4694],[10.1708,48.4568],[10.1318,48.4554],[10.118,48.4756],[10.108,48.4777],[10.0737,48.46],[10.0343,48.458],[10.0368,48.4448],[10.0281,48.4372],[10.0414,48.431],[10.0174,48.4176],[10.0138,48.4035],[9.9675,48.3754],[9.98,48.3616],[9.9914,48.3691],[9.9942,48.3521],[10.0116,48.3375],[10.0336,48.3098],[10.0379,48.302],[10.0443,48.2929],[10.0651,48.2824],[10.0635,48.2722],[10.0646,48.2551],[10.0603,48.2353],[10.0759,48.2209],[10.0756,48.2097],[10.0877,48.209],[10.0849,48.1982],[10.0885,48.1885],[10.0976,48.1621],[10.1109,48.1319],[10.113,48.1249],[10.1359,48.1078],[10.139,48.0973],[10.1407,48.086],[10.1313,48.0772],[10.1428,48.0755],[10.1433,48.0642],[10.1367,48.0387],[10.1258,48.0352],[10.1332,48.0262],[10.1368,48.0233],[10.1322,48.0144],[10.1201,48.0043],[10.1182,47.9742],[10.1059,47.9744]]]]},"geometry_name":"geom","properties":{"objid":"DEBKGVG500000CSM","beginn":"2019-10-03Z","ade":3,"gf":9,"bsg":1,"lkz":"BW","ars":"084","ags":"084","sdv_ars":"084160041041","gen":"Tübingen","bez":"Regierungsbezirk","ibz":30,"bem":"--","nbd":"ja","sn_l":"08","sn_r":"4","sn_k":"00","sn_v1":"00","sn_v2":"00","sn_g":"000","fk_s3":"R","nuts":"DE14","ars_0":"084000000000","ags_0":"08400000","wsk":"2008-12-31Z"},"bbox":[8.6482,47.5835,10.2406,48.6337]},{"type":"Feature","id":"vg5000_rbz.13","geometry":{"type":"MultiPolygon","coordinates":[[[[12.2486,48.3203],[12.2733,48.3288],[12.2754,48.3198],[12.2857,48.3219],[12.2886,48.33],[12.3029,48.3295],[12.3044,48.3171],[12.3186,48.3195],[12.3252,48.3289],[12.3256,48.3401],[12.3562,48.3307],[12.3623,48.3448],[12.3749,48.3463],[12.3847,48.3581],[12.3987,48.364],[12.4141,48.361],[12.4173,48.3726],[12.4251,48.3728],[12.4277,48.3853],[12.4404,48.3875],[12.4327,48.4137],[12.4533,48.4108],[12.457,48.4169],[12.4698,48.4165],[12.4837,48.4295],[12.5219,48.4178],[12.5417,48.4225],[12.5357,48.411],[12.5432,48.3997],[12.5538,48.4073],[12.5656,48.4034],[12.5766,48.3852],[12.5914,48.3866],[12.5932,48.3737],[12.6112,48.3595],[12.6097,48.3528],[12.6405,48.3481],[12.6396,48.3383],[12.6509,48.3397],[12.6667,48.3317],[12.6673,48.3425],[12.6902,48.3445],[12.7021,48.3312],[12.7255,48.3249],[12.7457,48.3207],[12.7793,48.3266],[12.8225,48.3132],[12.8233,48.302],[12.8518,48.2893],[12.8593,48.285],[12.8539,48.2791],[12.8805,48.2638],[12.9041,48.2637],[12.8984,48.2551],[12.9029,48.2491],[12.8955,48.2436],[12.8923,48.2362],[12.9335,48.2069],[12.8707,48.2017],[12.8541,48.1788],[12.8321,48.1551],[12.8,48.1463],[12.7856,48.1231],[12.7613,48.1286],[12.7514,48.1127],[12.759,48.0759],[12.8077,48.0434],[12.8532,48.0127],[12.8758,47.9624],[12.9155,47.9554],[12.9223,47.9395],[12.9375,47.9433],[12.9659,47.9002],[12.9877,47.8685],[13.0034,47.8432],[12.9787,47.8191],[12.9396,47.7798],[12.9281,47.7702],[12.9413,47.7713],[12.9447,47.7645],[12.9355,47.748],[12.9142,47.7383],[12.9052,47.7246],[12.93,47.7096],[12.9936,47.7084],[13.0176,47.7227],[13.0483,47.7095],[13.08,47.687],[13.0767,47.6728],[13.0884,47.6495],[13.0971,47.6296],[13.0606,47.6022],[13.0718,47.5886],[13.0438,47.5832],[13.0557,47.5574],[13.0313,47.5349],[13.0459,47.5238],[13.0472,47.492],[13.0272,47.4867],[13.0068,47.4644],[12.9766,47.4848],[12.9669,47.4746],[12.9087,47.4969],[12.8804,47.5219],[12.8526,47.5304],[12.8477,47.5456],[12.8081,47.548],[12.7841,47.5688],[12.7796,47.5789],[12.7951,47.5928],[12.7925,47.6004],[12.8074,47.6103],[12.8242,47.6121],[12.7998,47.6269],[12.7808,47.6329],[12.7586,47.652],[12.7782,47.6606],[12.7803,47.6714],[12.7576,47.665],[12.7334,47.6791],[12.7152,47.6763],[12.7028,47.6817],[12.6668,47.6808],[12.648,47.6703],[12.6306,47.6758],[12.605,47.6732],[12.575,47.6324],[12.5362,47.6364],[12.4983,47.6253],[12.441,47.6738],[12.4424,47.6896],[12.4404,47.6955],[12.4121,47.6939],[12.3639,47.6841],[12.3569,47.6904],[12.3398,47.6902],[12.3375,47.6968],[12.2848,47.69],[12.2558,47.6791],[12.2413,47.6942],[12.2644,47.7325],[12.2572,47.743],[12.2263,47.7185],[12.1847,47.7005],[12.164,47.7008],[12.1669,47.6899],[12.2039,47.6311],[12.207,47.6096],[12.1809,47.6027],[12.1761,47.6147],[12.1284,47.6061],[12.115,47.6113],[12.0834,47.6097],[12.0608,47.6188],[12.0221,47.6112],[12.0084,47.6249],[11.9763,47.6139],[11.9326,47.6129],[11.8939,47.6084],[11.8549,47.6022],[11.8439,47.5813],[11.7811,47.5912],[11.6637,47.5837],[11.6306,47.5926],[11.632,47.5807],[11.6216,47.5854],[11.6069,47.5823],[11.5881,47.5578],[11.5884,47.5254],[11.5715,47.5145],[11.5185,47.5108],[11.5059,47.5049],[11.4489,47.5073],[11.4415,47.518],[11.4106,47.4951],[11.3848,47.4729],[11.3914,47.4667],[11.4094,47.4666],[11.4209,47.445],[11.3366,47.4491],[11.3295,47.438],[11.2911,47.4265],[11.2896,47.4079],[11.2698,47.3974],[11.2227,47.3968],[11.2529,47.4276],[11.2499,47.4321],[11.2073,47.4337],[11.1621,47.4219],[11.1275,47.4117],[11.1147,47.3958],[11.0298,47.3937],[10.9706,47.4001],[10.9719,47.4172],[10.9847,47.4211],[10.9836,47.4301],[10.9329,47.4684],[10.9276,47.4726],[10.9351,47.4816],[10.9084,47.4847],[10.8818,47.4789],[10.8695,47.4832],[10.8712,47.4999],[10.9182,47.5172],[10.9049,47.518],[10.8854,47.5373],[10.8732,47.5726],[10.9159,47.5834],[10.9419,47.5964],[10.9436,47.609],[10.9569,47.6169],[10.9358,47.6168],[10.9273,47.6292],[10.9036,47.6374],[10.9146,47.6606],[10.879,47.6555],[10.8466,47.6679],[10.8237,47.6573],[10.7972,47.6561],[10.7781,47.662],[10.7985,47.6866],[10.8025,47.7047],[10.83,47.719],[10.8298,47.7278],[10.7956,47.7188],[10.7884,47.707],[10.7556,47.6952],[10.7549,47.6885],[10.7323,47.6828],[10.733,47.6897],[10.7379,47.6958],[10.7158,47.7055],[10.7191,47.7132],[10.736,47.7172],[10.7336,47.7438],[10.7452,47.7578],[10.7375,47.7668],[10.7772,47.7668],[10.7804,47.781],[10.7656,47.7856],[10.7486,47.7973],[10.7477,47.8114],[10.7624,47.8294],[10.7584,47.8382],[10.7669,47.8434],[10.7672,47.8535],[10.7497,47.8541],[10.7723,47.8713],[10.7899,47.8845],[10.7719,47.8841],[10.7727,47.8961],[10.7916,47.9074],[10.779,47.9065],[10.7837,47.9216],[10.7738,47.9222],[10.7738,47.9312],[10.7873,47.9383],[10.7996,47.9368],[10.7946,47.9542],[10.8072,47.9588],[10.8155,47.9842],[10.8257,47.9911],[10.8237,48.0039],[10.8121,48.003],[10.8082,48.0202],[10.8167,48.0251],[10.8095,48.0344],[10.7954,48.039],[10.7655,48.0341],[10.7566,48.0465],[10.7662,48.0482],[10.7753,48.0642],[10.7856,48.0625],[10.7839,48.076],[10.8082,48.0866],[10.8153,48.102],[10.8021,48.1051],[10.7897,48.1206],[10.7923,48.1323],[10.7865,48.15],[10.8253,48.1501],[10.8451,48.1471],[10.848,48.1585],[10.8675,48.1576],[10.8746,48.1788],[10.8793,48.1924],[10.8905,48.1912],[10.8982,48.2119],[10.8994,48.228],[10.9038,48.2372],[10.926,48.235],[10.9472,48.2166],[10.9458,48.2055],[10.9609,48.1989],[10.9825,48.2099],[11.0371,48.1949],[11.0592,48.1964],[11.0601,48.2008],[11.0612,48.2127],[11.0521,48.2133],[11.039,48.2285],[11.0439,48.2395],[11.0583,48.2455],[11.042,48.2508],[11.0464,48.2566],[11.0635,48.2549],[11.062,48.2742],[11.0724,48.2814],[11.0972,48.26],[11.1153,48.2671],[11.1198,48.2765],[11.1106,48.2977],[11.1264,48.3013],[11.1207,48.3145],[11.13,48.3238],[11.1457,48.3206],[11.1574,48.3263],[11.1741,48.3361],[11.1648,48.3436],[11.1731,48.3558],[11.1661,48.3682],[11.1836,48.3659],[11.1741,48.3748],[11.1877,48.3755],[11.1983,48.3868],[11.1784,48.4174],[11.198,48.4205],[11.2144,48.4306],[11.2395,48.4307],[11.248,48.4408],[11.2579,48.4409],[11.2649,48.4468],[11.2955,48.4436],[11.3088,48.4517],[11.2999,48.4555],[11.3041,48.474],[11.2954,48.4746],[11.2768,48.4737],[11.2668,48.4641],[11.2483,48.4775],[11.2486,48.4859],[11.2136,48.496],[11.2098,48.5047],[11.2169,48.5091],[11.2022,48.53],[11.152,48.5481],[11.1279,48.5534],[11.1314,48.5631],[11.1566,48.5624],[11.1651,48.5803],[11.1509,48.5957],[11.1428,48.5896],[11.1222,48.5942],[11.1141,48.6057],[11.051,48.6016],[11.0229,48.6204],[11.0295,48.6263],[11.0414,48.6281],[11.0313,48.6393],[11.0422,48.6467],[11.0167,48.6534],[11.0013,48.6671],[10.9975,48.6822],[10.9847,48.692],[10.9901,48.7003],[10.9822,48.7187],[10.9811,48.726],[10.9999,48.7217],[10.9997,48.7341],[10.9816,48.7353],[10.9981,48.7647],[10.9652,48.7748],[10.986,48.7886],[10.9737,48.799],[10.961,48.7961],[10.9524,48.8076],[10.9517,48.8153],[10.9783,48.8096],[11.0059,48.8228],[10.9966,48.8426],[10.9679,48.8418],[10.9736,48.8587],[10.9618,48.86],[10.9742,48.8787],[11.0267,48.887],[11.0295,48.8952],[11.043,48.8995],[11.0312,48.9053],[11.0364,48.9098],[11.0469,48.9046],[11.0588,48.9135],[11.0714,48.9114],[11.0643,48.9258],[11.0513,48.9319],[11.0774,48.9586],[11.0864,48.9629],[11.1191,48.9661],[11.1407,48.9649],[11.1438,48.9913],[11.163,48.9959],[11.1559,49.0024],[11.1638,49.0039],[11.1606,49.0118],[11.19,49.0185],[11.1816,49.0271],[11.2012,49.0465],[11.2257,49.0516],[11.2461,49.0474],[11.2561,49.0524],[11.249,49.0453],[11.2668,49.0282],[11.2635,49.0144],[11.2859,49.0043],[11.2955,49.0056],[11.2975,49.0165],[11.3095,49.003],[11.3271,48.998],[11.3509,49.0208],[11.37,49.0128],[11.3809,49.0176],[11.3864,49.0305],[11.4124,49.0345],[11.401,49.0513],[11.4258,49.0522],[11.4143,49.0617],[11.404,49.059],[11.3835,49.0794],[11.3944,49.0852],[11.4285,49.0673],[11.4579,49.0647],[11.4874,49.0635],[11.5035,49.0768],[11.5293,49.071],[11.5433,49.066],[11.5308,49.0415],[11.518,49.0438],[11.5163,49.0322],[11.5424,49.024],[11.5361,49.0066],[11.5523,49.0038],[11.5529,48.9935],[11.5629,48.9882],[11.5764,48.9892],[11.5942,48.9526],[11.6208,48.9432],[11.632,48.9448],[11.6345,48.9325],[11.652,48.9297],[11.6536,48.9354],[11.6663,48.934],[11.6651,48.9271],[11.6862,48.932],[11.7028,48.9194],[11.7136,48.9187],[11.7195,48.9317],[11.7294,48.9326],[11.7169,48.8983],[11.7223,48.8921],[11.7387,48.89],[11.7364,48.8838],[11.7437,48.8742],[11.7185,48.8653],[11.7197,48.837],[11.7005,48.8406],[11.7077,48.8118],[11.7314,48.815],[11.7364,48.7908],[11.7236,48.783],[11.6984,48.7827],[11.6993,48.7654],[11.7128,48.7605],[11.7168,48.7555],[11.6554,48.7429],[11.6665,48.7204],[11.6553,48.6997],[11.6945,48.6835],[11.6861,48.6636],[11.7114,48.6484],[11.6921,48.6304],[11.6932,48.6191],[11.7066,48.6165],[11.7537,48.6011],[11.7742,48.6],[11.7816,48.6121],[11.7992,48.6136],[11.8169,48.5996],[11.846,48.5917],[11.8664,48.5792],[11.8854,48.5867],[11.8956,48.5833],[11.9052,48.5868],[11.9427,48.5737],[11.9637,48.5791],[11.9595,48.5634],[11.9722,48.5505],[11.9635,48.5472],[11.9708,48.5375],[11.964,48.5324],[11.9729,48.5136],[11.9601,48.5015],[11.9755,48.4921],[12.0094,48.4969],[12.0078,48.4848],[12.0022,48.4743],[11.9949,48.4498],[12.0094,48.4507],[12.0175,48.4305],[12.0208,48.4166],[12.0762,48.429],[12.1033,48.4249],[12.1319,48.4159],[12.1482,48.4253],[12.1649,48.421],[12.1721,48.3986],[12.1951,48.3813],[12.1877,48.3711],[12.2041,48.3631],[12.215,48.3513],[12.2319,48.3498],[12.234,48.3313],[12.2486,48.3203]]]]},"geometry_name":"geom","properties":{"objid":"DEBKGVG500000CSN","beginn":"2019-10-03Z","ade":3,"gf":9,"bsg":1,"lkz":"BY","ars":"091","ags":"091","sdv_ars":"091620000000","gen":"Oberbayern","bez":"Regierungsbezirk","ibz":30,"bem":"--","nbd":"ja","sn_l":"09","sn_r":"1","sn_k":"00","sn_v1":"00","sn_v2":"00","sn_g":"000","fk_s3":"R","nuts":"DE21","ars_0":"091000000000","ags_0":"09100000","wsk":"2017-03-12Z"},"bbox":[10.7158,47.3937,13.0971,49.0852]},{"type":"Feature","id":"vg5000_rbz.14","geometry":{"type":"MultiPolygon","coordinates":[[[[12.4837,48.4295],[12.4698,48.4165],[12.457,48.4169],[12.4533,48.4108],[12.4327,48.4137],[12.4404,48.3875],[12.4277,48.3853],[12.4251,48.3728],[12.4173,48.3726],[12.4141,48.361],[12.3987,48.364],[12.3847,48.3581],[12.3749,48.3463],[12.3623,48.3448],[12.3562,48.3307],[12.3256,48.3401],[12.3252,48.3289],[12.3186,48.3195],[12.3044,48.3171],[12.3029,48.3295],[12.2886,48.33],[12.2857,48.3219],[12.2754,48.3198],[12.2733,48.3288],[12.2486,48.3203],[12.234,48.3313],[12.2319,48.3498],[12.215,48.3513],[12.2041,48.3631],[12.1877,48.3711],[12.1951,48.3813],[12.1721,48.3986],[12.1649,48.421],[12.1482,48.4253],[12.1319,48.4159],[12.1033,48.4249],[12.0762,48.429],[12.0208,48.4166],[12.0175,48.4305],[12.0094,48.4507],[11.9949,48.4498],[12.0022,48.4743],[12.0078,48.4848],[12.0094,48.4969],[11.9755,48.4921],[11.9601,48.5015],[11.9729,48.5136],[11.964,48.5324],[11.9708,48.5375],[11.9635,48.5472],[11.9722,48.5505],[11.9595,48.5634],[11.9637,48.5791],[11.9427,48.5737],[11.9052,48.5868],[11.8956,48.5833],[11.8854,48.5867],[11.8664,48.5792],[11.846,48.5917],[11.8169,48.5996],[11.7992,48.6136],[11.7816,48.6121],[11.7742,48.6],[11.7537,48.6011],[11.7066,48.6165],[11.6932,48.6191],[11.6921,48.6304],[11.7114,48.6484],[11.6861,48.6636],[11.6945,48.6835],[11.6553,48.6997],[11.6665,48.7204],[11.6554,48.7429],[11.7168,48.7555],[11.7128,48.7605],[11.6993,48.7654],[11.6984,48.7827],[11.7236,48.783],[11.7364,48.7908],[11.7314,48.815],[11.7077,48.8118],[11.7005,48.8406],[11.7197,48.837],[11.7185,48.8653],[11.7437,48.8742],[11.7364,48.8838],[11.7387,48.89],[11.7223,48.8921],[11.7169,48.8983],[11.7294,48.9326],[11.7195,48.9317],[11.7136,48.9187],[11.7028,48.9194],[11.6862,48.932],[11.6651,48.9271],[11.6663,48.934],[11.6536,48.9354],[11.652,48.9297],[11.6345,48.9325],[11.632,48.9448],[11.6208,48.9432],[11.5942,48.9526],[11.621,48.9838],[11.6105,48.9945],[11.6177,48.9975],[11.6129,49.0073],[11.6439,49.0043],[11.6597,49.0156],[11.6719,49.0134],[11.689,49.0214],[11.6989,49.013],[11.7137,49.0145],[11.7243,49.011],[11.73,48.9954],[11.7406,48.9988],[11.7427,48.9897],[11.7652,48.9844],[11.7844,48.9889],[11.8074,49.0188],[11.8692,49.0199],[11.865,49.0141],[11.8788,49.0091],[11.8903,49.013],[11.8962,49.007],[11.8925,48.9932],[11.9036,48.9965],[11.9103,48.9894],[11.9184,48.9809],[11.9016,48.9771],[11.9312,48.9638],[11.9291,48.9559],[11.9178,48.956],[11.9231,48.9473],[11.9477,48.9478],[11.9662,48.9642],[11.9909,48.9643],[11.9882,48.9523],[11.9953,48.9501],[12.0172,48.9536],[12.0203,48.9636],[12.0338,48.9597],[12.034,48.9476],[12.0458,48.9498],[12.0499,48.9435],[12.076,48.9403],[12.0844,48.922],[12.0781,48.905],[12.1097,48.9066],[12.1083,48.8962],[12.1227,48.8975],[12.1178,48.8815],[12.1286,48.8849],[12.1333,48.8769],[12.1298,48.8621],[12.1182,48.8641],[12.1048,48.8559],[12.1002,48.8437],[12.1082,48.8308],[12.1037,48.8068],[12.0966,48.7726],[12.1049,48.7685],[12.1315,48.7672],[12.1303,48.7793],[12.1663,48.7892],[12.1713,48.7993],[12.1921,48.7928],[12.1964,48.8072],[12.2102,48.8045],[12.2355,48.8113],[12.2267,48.815],[12.2337,48.8376],[12.2465,48.8308],[12.2538,48.8345],[12.2586,48.8453],[12.2512,48.8507],[12.262,48.8602],[12.2716,48.8506],[12.2687,48.8436],[12.2783,48.8418],[12.2854,48.8509],[12.2928,48.8421],[12.3027,48.8465],[12.3006,48.8556],[12.3238,48.8619],[12.3281,48.8566],[12.3431,48.8596],[12.3595,48.8473],[12.3827,48.8497],[12.3882,48.8569],[12.4029,48.8635],[12.433,48.8832],[12.4242,48.8869],[12.4266,48.8994],[12.4355,48.899],[12.444,48.9164],[12.4551,48.9193],[12.4392,48.9357],[12.4404,48.9561],[12.4534,48.9587],[12.449,48.9663],[12.4359,48.9708],[12.442,48.9817],[12.4754,48.973],[12.4898,48.9816],[12.4834,48.9877],[12.4836,49.0063],[12.4929,49.0178],[12.4804,49.0235],[12.4804,49.0313],[12.4748,49.0418],[12.495,49.0548],[12.4922,49.0608],[12.5043,49.0614],[12.5145,49.0561],[12.528,49.0584],[12.5321,49.0746],[12.5459,49.0831],[12.5884,49.0934],[12.5891,49.099],[12.6011,49.1017],[12.6177,49.0964],[12.6241,49.105],[12.6505,49.0994],[12.6534,49.1095],[12.6844,49.1018],[12.7161,49.1121],[12.7351,49.1191],[12.7387,49.1122],[12.7674,49.1152],[12.7628,49.1236],[12.7882,49.1356],[12.7934,49.1214],[12.8229,49.1277],[12.8284,49.1251],[12.84,49.1342],[12.8618,49.1293],[12.8792,49.1369],[12.8943,49.1273],[12.9235,49.134],[12.9148,49.1391],[12.9184,49.149],[12.9446,49.1393],[12.9708,49.1665],[12.9949,49.1574],[13.0264,49.1586],[13.0451,49.1551],[13.066,49.1437],[13.0696,49.1289],[13.098,49.1198],[13.1333,49.1117],[13.1417,49.1354],[13.1591,49.1399],[13.1646,49.1481],[13.1607,49.1576],[13.1712,49.173],[13.1772,49.1643],[13.1708,49.1441],[13.2054,49.1223],[13.2361,49.1137],[13.2823,49.1205],[13.3362,49.0935],[13.3766,49.0579],[13.3978,49.0505],[13.3917,49.0432],[13.4056,49.0246],[13.4003,49.0164],[13.4093,49.0031],[13.4031,48.9877],[13.4173,48.98],[13.4331,48.9718],[13.4617,48.9605],[13.4922,48.9435],[13.5087,48.9419],[13.5083,48.9482],[13.5078,48.969],[13.529,48.9738],[13.5444,48.968],[13.5805,48.9708],[13.5924,48.961],[13.5905,48.9528],[13.6105,48.9389],[13.6114,48.9445],[13.6287,48.9488],[13.6226,48.9386],[13.6451,48.9114],[13.6554,48.8937],[13.6691,48.8903],[13.6713,48.88],[13.706,48.8808],[13.7239,48.8808],[13.7377,48.8861],[13.7651,48.8339],[13.793,48.8297],[13.7954,48.8205],[13.8156,48.7969],[13.805,48.7811],[13.8136,48.774],[13.8394,48.7714],[13.8271,48.7581],[13.8177,48.7316],[13.7955,48.714],[13.8164,48.7002],[13.8369,48.6996],[13.834,48.6922],[13.8141,48.6931],[13.8178,48.6606],[13.8252,48.6199],[13.802,48.5954],[13.8033,48.5756],[13.7678,48.5536],[13.7552,48.5649],[13.7437,48.5442],[13.7481,48.5312],[13.7344,48.5257],[13.7269,48.5127],[13.6639,48.5346],[13.6551,48.5457],[13.5975,48.569],[13.5708,48.5617],[13.5131,48.5907],[13.5018,48.5819],[13.5068,48.5749],[13.4928,48.5654],[13.4647,48.5532],[13.4494,48.5642],[13.4377,48.557],[13.4389,48.5487],[13.45,48.5368],[13.4449,48.5267],[13.4569,48.5127],[13.4471,48.4944],[13.4261,48.4575],[13.4393,48.4341],[13.423,48.4072],[13.4132,48.3782],[13.3989,48.369],[13.3226,48.3202],[13.2632,48.2954],[13.2131,48.2947],[13.177,48.2943],[13.1304,48.2794],[13.0986,48.2781],[13.0821,48.2773],[13.0128,48.253],[12.9581,48.21],[12.9335,48.2069],[12.8923,48.2362],[12.8955,48.2436],[12.9029,48.2491],[12.8984,48.2551],[12.9041,48.2637],[12.8805,48.2638],[12.8539,48.2791],[12.8593,48.285],[12.8518,48.2893],[12.8233,48.302],[12.8225,48.3132],[12.7793,48.3266],[12.7457,48.3207],[12.7255,48.3249],[12.7021,48.3312],[12.6902,48.3445],[12.6673,48.3425],[12.6667,48.3317],[12.6509,48.3397],[12.6396,48.3383],[12.6405,48.3481],[12.6097,48.3528],[12.6112,48.3595],[12.5932,48.3737],[12.5914,48.3866],[12.5766,48.3852],[12.5656,48.4034],[12.5538,48.4073],[12.5432,48.3997],[12.5357,48.411],[12.5417,48.4225],[12.5219,48.4178],[12.4837,48.4295]]]]},"geometry_name":"geom","properties":{"objid":"DEBKGVG500000CSO","beginn":"2019-10-03Z","ade":3,"gf":9,"bsg":1,"lkz":"BY","ars":"092","ags":"092","sdv_ars":"092610000000","gen":"Niederbayern","bez":"Regierungsbezirk","ibz":30,"bem":"--","nbd":"ja","sn_l":"09","sn_r":"2","sn_k":"00","sn_v1":"00","sn_v2":"00","sn_g":"000","fk_s3":"R","nuts":"DE22","ars_0":"092000000000","ags_0":"09200000","wsk":"2017-03-12Z"},"bbox":[11.5942,48.2069,13.8394,49.173]},{"type":"Feature","id":"vg5000_rbz.15","geometry":{"type":"MultiPolygon","coordinates":[[[[12.6336,49.476],[12.6485,49.4684],[12.6571,49.4448],[12.6555,49.4348],[12.7088,49.4247],[12.7159,49.4141],[12.7583,49.3943],[12.7583,49.375],[12.782,49.3594],[12.7788,49.348],[12.7863,49.3454],[12.8139,49.341],[12.8473,49.3445],[12.8759,49.3324],[12.8888,49.3331],[12.8801,49.3503],[12.9195,49.3434],[12.9425,49.344],[12.9725,49.334],[13.0073,49.3065],[13.0292,49.3042],[13.0255,49.2791],[13.0333,49.265],[13.056,49.2638],[13.0585,49.2517],[13.0809,49.2474],[13.0942,49.2251],[13.1133,49.2194],[13.1101,49.2033],[13.1712,49.173],[13.1607,49.1576],[13.1646,49.1481],[13.1591,49.1399],[13.1417,49.1354],[13.1333,49.1117],[13.098,49.1198],[13.0696,49.1289],[13.066,49.1437],[13.0451,49.1551],[13.0264,49.1586],[12.9949,49.1574],[12.9708,49.1665],[12.9446,49.1393],[12.9184,49.149],[12.9148,49.1391],[12.9235,49.134],[12.8943,49.1273],[12.8792,49.1369],[12.8618,49.1293],[12.84,49.1342],[12.8284,49.1251],[12.8229,49.1277],[12.7934,49.1214],[12.7882,49.1356],[12.7628,49.1236],[12.7674,49.1152],[12.7387,49.1122],[12.7351,49.1191],[12.7161,49.1121],[12.6844,49.1018],[12.6534,49.1095],[12.6505,49.0994],[12.6241,49.105],[12.6177,49.0964],[12.6011,49.1017],[12.5891,49.099],[12.5884,49.0934],[12.5459,49.0831],[12.5321,49.0746],[12.528,49.0584],[12.5145,49.0561],[12.5043,49.0614],[12.4922,49.0608],[12.495,49.0548],[12.4748,49.0418],[12.4804,49.0313],[12.4804,49.0235],[12.4929,49.0178],[12.4836,49.0063],[12.4834,48.9877],[12.4898,48.9816],[12.4754,48.973],[12.442,48.9817],[12.4359,48.9708],[12.449,48.9663],[12.4534,48.9587],[12.4404,48.9561],[12.4392,48.9357],[12.4551,48.9193],[12.444,48.9164],[12.4355,48.899],[12.4266,48.8994],[12.4242,48.8869],[12.433,48.8832],[12.4029,48.8635],[12.3882,48.8569],[12.3827,48.8497],[12.3595,48.8473],[12.3431,48.8596],[12.3281,48.8566],[12.3238,48.8619],[12.3006,48.8556],[12.3027,48.8465],[12.2928,48.8421],[12.2854,48.8509],[12.2783,48.8418],[12.2687,48.8436],[12.2716,48.8506],[12.262,48.8602],[12.2512,48.8507],[12.2586,48.8453],[12.2538,48.8345],[12.2465,48.8308],[12.2337,48.8376],[12.2267,48.815],[12.2355,48.8113],[12.2102,48.8045],[12.1964,48.8072],[12.1921,48.7928],[12.1713,48.7993],[12.1663,48.7892],[12.1303,48.7793],[12.1315,48.7672],[12.1049,48.7685],[12.0966,48.7726],[12.1037,48.8068],[12.1082,48.8308],[12.1002,48.8437],[12.1048,48.8559],[12.1182,48.8641],[12.1298,48.8621],[12.1333,48.8769],[12.1286,48.8849],[12.1178,48.8815],[12.1227,48.8975],[12.1083,48.8962],[12.1097,48.9066],[12.0781,48.905],[12.0844,48.922],[12.076,48.9403],[12.0499,48.9435],[12.0458,48.9498],[12.034,48.9476],[12.0338,48.9597],[12.0203,48.9636],[12.0172,48.9536],[11.9953,48.9501],[11.9882,48.9523],[11.9909,48.9643],[11.9662,48.9642],[11.9477,48.9478],[11.9231,48.9473],[11.9178,48.956],[11.9291,48.9559],[11.9312,48.9638],[11.9016,48.9771],[11.9184,48.9809],[11.9103,48.9894],[11.9036,48.9965],[11.8925,48.9932],[11.8962,49.007],[11.8903,49.013],[11.8788,49.0091],[11.865,49.0141],[11.8692,49.0199],[11.8074,49.0188],[11.7844,48.9889],[11.7652,48.9844],[11.7427,48.9897],[11.7406,48.9988],[11.73,48.9954],[11.7243,49.011],[11.7137,49.0145],[11.6989,49.013],[11.689,49.0214],[11.6719,49.0134],[11.6597,49.0156],[11.6439,49.0043],[11.6129,49.0073],[11.6177,48.9975],[11.6105,48.9945],[11.621,48.9838],[11.5942,48.9526],[11.5764,48.9892],[11.5629,48.9882],[11.5529,48.9935],[11.5523,49.0038],[11.5361,49.0066],[11.5424,49.024],[11.5163,49.0322],[11.518,49.0438],[11.5308,49.0415],[11.5433,49.066],[11.5293,49.071],[11.5035,49.0768],[11.4874,49.0635],[11.4579,49.0647],[11.4285,49.0673],[11.3944,49.0852],[11.3835,49.0794],[11.3771,49.0883],[11.3533,49.09],[11.3616,49.0989],[11.3562,49.1173],[11.3249,49.1174],[11.3189,49.1334],[11.3278,49.1429],[11.3241,49.157],[11.311,49.157],[11.3134,49.1774],[11.2699,49.1896],[11.2618,49.2084],[11.2808,49.2112],[11.3196,49.205],[11.295,49.2332],[11.304,49.2436],[11.2872,49.2564],[11.2646,49.2614],[11.2882,49.2681],[11.2748,49.2735],[11.2464,49.27],[11.2289,49.2783],[11.2028,49.2752],[11.2145,49.2921],[11.1994,49.2891],[11.1865,49.2978],[11.1886,49.3044],[11.2252,49.3147],[11.2438,49.3062],[11.2512,49.309],[11.2519,49.3165],[11.2389,49.3208],[11.2471,49.3255],[11.2721,49.3223],[11.2781,49.3131],[11.2931,49.3169],[11.3302,49.3027],[11.3461,49.3193],[11.3596,49.3184],[11.3675,49.3212],[11.3645,49.3262],[11.3831,49.3272],[11.3895,49.3419],[11.3753,49.3554],[11.3939,49.3566],[11.4072,49.3685],[11.4018,49.3735],[11.4203,49.3761],[11.4229,49.3913],[11.461,49.4123],[11.4456,49.4143],[11.4489,49.4217],[11.4588,49.4324],[11.4653,49.4229],[11.4858,49.4257],[11.5351,49.4114],[11.5581,49.4186],[11.5566,49.4311],[11.5789,49.4516],[11.5959,49.474],[11.5896,49.4846],[11.5691,49.4908],[11.5632,49.5038],[11.5324,49.5085],[11.544,49.5172],[11.5491,49.5443],[11.5368,49.5426],[11.5111,49.5531],[11.5293,49.5647],[11.5429,49.5599],[11.5617,49.5761],[11.5717,49.5782],[11.5678,49.5945],[11.5544,49.5995],[11.5513,49.6057],[11.5627,49.6096],[11.5808,49.6181],[11.591,49.6117],[11.5988,49.6197],[11.5927,49.6388],[11.5701,49.6421],[11.5703,49.6721],[11.5568,49.6794],[11.5638,49.6856],[11.5407,49.6931],[11.5643,49.6974],[11.5549,49.7037],[11.5645,49.7188],[11.5569,49.7243],[11.5534,49.7336],[11.5808,49.7274],[11.5956,49.7355],[11.5964,49.7549],[11.6327,49.7615],[11.6302,49.7737],[11.6421,49.7782],[11.6346,49.8013],[11.6423,49.8074],[11.6584,49.8023],[11.6731,49.8108],[11.6935,49.8036],[11.7003,49.8073],[11.7004,49.8198],[11.7218,49.8182],[11.7216,49.8277],[11.7341,49.8361],[11.7471,49.8409],[11.7887,49.836],[11.8044,49.8495],[11.8244,49.8415],[11.8397,49.852],[11.8563,49.8468],[11.8605,49.8546],[11.8436,49.8639],[11.8393,49.8792],[11.8539,49.8879],[11.8551,49.8919],[11.8218,49.9032],[11.8381,49.9078],[11.8286,49.9339],[11.8124,49.9329],[11.8202,49.9447],[11.8132,49.9466],[11.8112,49.9612],[11.8212,49.9644],[11.8457,49.9651],[11.851,49.958],[11.8692,49.9606],[11.8721,49.9695],[11.8998,49.9701],[11.9032,49.9788],[11.9142,49.9706],[11.9323,49.9732],[11.9705,49.9792],[12.0192,49.9832],[12.0255,49.981],[12.0356,49.9875],[12.0505,49.9793],[12.0678,49.9954],[12.0805,49.9925],[12.0773,49.9852],[12.0951,49.9766],[12.1431,49.9909],[12.1688,49.998],[12.192,49.9983],[12.2002,50.0099],[12.1974,50.033],[12.2451,50.0379],[12.2608,50.0583],[12.3004,50.0583],[12.3176,50.0524],[12.3267,50.0332],[12.3387,50.0407],[12.368,50.018],[12.4008,50.0148],[12.3978,50.0079],[12.4243,50.0009],[12.4338,50.0001],[12.4354,49.994],[12.4259,49.9912],[12.4332,49.985],[12.4643,49.994],[12.4766,49.981],[12.4898,49.9817],[12.4991,49.9719],[12.4907,49.959],[12.4709,49.949],[12.4771,49.9367],[12.5419,49.9237],[12.5511,49.9086],[12.5485,49.8989],[12.522,49.8818],[12.5125,49.8595],[12.4978,49.8569],[12.4982,49.8376],[12.4871,49.8415],[12.4733,49.8336],[12.4725,49.8146],[12.4642,49.81],[12.4737,49.7886],[12.4018,49.7582],[12.4035,49.7441],[12.4138,49.7325],[12.4258,49.7306],[12.4423,49.704],[12.4822,49.6946],[12.485,49.688],[12.5219,49.6866],[12.5298,49.6665],[12.5177,49.646],[12.5284,49.6396],[12.5237,49.6287],[12.5341,49.6265],[12.5324,49.6183],[12.5608,49.6197],[12.5643,49.5962],[12.576,49.5869],[12.5745,49.5596],[12.5932,49.5427],[12.5894,49.5378],[12.6068,49.5309],[12.6208,49.5269],[12.6365,49.5313],[12.6411,49.5267],[12.6441,49.4847],[12.6336,49.476]]]]},"geometry_name":"geom","properties":{"objid":"DEBKGVG500000CSP","beginn":"2023-11-07Z","ade":3,"gf":9,"bsg":1,"lkz":"BY","ars":"093","ags":"093","sdv_ars":"093620000000","gen":"Oberpfalz","bez":"Regierungsbezirk","ibz":30,"bem":"--","nbd":"ja","sn_l":"09","sn_r":"3","sn_k":"00","sn_v1":"00","sn_v2":"00","sn_g":"000","fk_s3":"R","nuts":"DE23","ars_0":"093000000000","ags_0":"09300000","wsk":"2023-05-31Z"},"bbox":[11.1865,48.7672,13.1712,50.0583]},{"type":"Feature","id":"vg5000_rbz.16","geometry":{"type":"MultiPolygon","coordinates":[[[[11.6119,50.3914],[11.6214,50.3869],[11.6385,50.3894],[11.6593,50.3924],[11.6828,50.3935],[11.6925,50.3934],[11.7028,50.4013],[11.7112,50.4026],[11.714,50.3966],[11.735,50.4051],[11.7429,50.4102],[11.7592,50.4052],[11.7528,50.4156],[11.7719,50.411],[11.778,50.418],[11.7962,50.4179],[11.823,50.4],[11.8156,50.3941],[11.8245,50.3898],[11.8332,50.3946],[11.8515,50.4012],[11.8627,50.4002],[11.8763,50.4136],[11.9013,50.4167],[11.922,50.4244],[11.9454,50.4163],[11.9538,50.4072],[11.9508,50.3947],[11.9647,50.3998],[11.9821,50.3848],[11.9829,50.351],[11.9967,50.3541],[11.9982,50.3475],[12.031,50.339],[12.0333,50.3297],[12.0431,50.3307],[12.0472,50.3254],[12.0585,50.3268],[12.0605,50.3319],[12.0796,50.3269],[12.0916,50.3319],[12.1,50.3171],[12.1257,50.3064],[12.1192,50.2991],[12.1395,50.2766],[12.0977,50.2623],[12.1024,50.2565],[12.0914,50.2522],[12.1074,50.2456],[12.1092,50.2382],[12.1461,50.233],[12.1615,50.2204],[12.1599,50.2113],[12.1754,50.2128],[12.1782,50.2047],[12.1968,50.1991],[12.1896,50.1944],[12.2152,50.1685],[12.1953,50.1428],[12.197,50.1275],[12.2003,50.1095],[12.2113,50.1026],[12.2283,50.1025],[12.2329,50.0931],[12.2463,50.0974],[12.257,50.0838],[12.2755,50.0762],[12.2608,50.0583],[12.2451,50.0379],[12.1974,50.033],[12.2002,50.0099],[12.192,49.9983],[12.1688,49.998],[12.1431,49.9909],[12.0951,49.9766],[12.0773,49.9852],[12.0805,49.9925],[12.0678,49.9954],[12.0505,49.9793],[12.0356,49.9875],[12.0255,49.981],[12.0192,49.9832],[11.9705,49.9792],[11.9323,49.9732],[11.9142,49.9706],[11.9032,49.9788],[11.8998,49.9701],[11.8721,49.9695],[11.8692,49.9606],[11.851,49.958],[11.8457,49.9651],[11.8212,49.9644],[11.8112,49.9612],[11.8132,49.9466],[11.8202,49.9447],[11.8124,49.9329],[11.8286,49.9339],[11.8381,49.9078],[11.8218,49.9032],[11.8551,49.8919],[11.8539,49.8879],[11.8393,49.8792],[11.8436,49.8639],[11.8605,49.8546],[11.8563,49.8468],[11.8397,49.852],[11.8244,49.8415],[11.8044,49.8495],[11.7887,49.836],[11.7471,49.8409],[11.7341,49.8361],[11.7216,49.8277],[11.7218,49.8182],[11.7004,49.8198],[11.7003,49.8073],[11.6935,49.8036],[11.6731,49.8108],[11.6584,49.8023],[11.6423,49.8074],[11.6346,49.8013],[11.6421,49.7782],[11.6302,49.7737],[11.6327,49.7615],[11.5964,49.7549],[11.5956,49.7355],[11.5808,49.7274],[11.5534,49.7336],[11.5569,49.7243],[11.5645,49.7188],[11.5549,49.7037],[11.5643,49.6974],[11.5407,49.6931],[11.5638,49.6856],[11.5568,49.6794],[11.5567,49.6418],[11.533,49.6436],[11.5134,49.6496],[11.4943,49.647],[11.4884,49.6393],[11.481,49.6445],[11.4608,49.6351],[11.4557,49.6272],[11.4304,49.6287],[11.4309,49.6182],[11.4264,49.6139],[11.3918,49.6326],[11.3863,49.6541],[11.3747,49.6585],[11.373,49.6687],[11.3457,49.6593],[11.3319,49.637],[11.308,49.6333],[11.2974,49.627],[11.2959,49.6177],[11.2861,49.6185],[11.2803,49.6039],[11.2629,49.6065],[11.2531,49.595],[11.2181,49.6094],[11.2067,49.6015],[11.2107,49.5961],[11.1882,49.5899],[11.1452,49.5884],[11.1379,49.5887],[11.1257,49.5877],[11.1161,49.5883],[11.1012,49.5999],[11.0879,49.6005],[11.0764,49.6157],[11.0802,49.6265],[11.0564,49.6369],[11.0387,49.6241],[11.0316,49.6253],[11.0232,49.6311],[11.0304,49.6377],[11.0485,49.6429],[11.048,49.6525],[11.0619,49.6553],[11.063,49.6604],[11.0485,49.6619],[11.0564,49.6793],[11.0501,49.6818],[11.0282,49.6708],[11.0037,49.6738],[11.0149,49.6837],[10.9725,49.6817],[10.9696,49.691],[10.928,49.7044],[10.9232,49.7143],[10.9558,49.7121],[10.9604,49.7155],[10.9406,49.7301],[10.9314,49.7264],[10.92,49.7437],[10.9346,49.7479],[10.9319,49.7579],[10.9132,49.7636],[10.9279,49.7667],[10.9185,49.7751],[10.9267,49.7861],[10.8701,49.7704],[10.8777,49.7582],[10.8563,49.7594],[10.8329,49.7524],[10.8238,49.7407],[10.8033,49.739],[10.7834,49.7626],[10.7566,49.7726],[10.7179,49.7883],[10.7154,49.78],[10.6974,49.7759],[10.6717,49.7583],[10.6909,49.7458],[10.7069,49.7464],[10.7035,49.7341],[10.6855,49.7342],[10.6707,49.7225],[10.6542,49.7212],[10.6356,49.7399],[10.6181,49.7389],[10.5512,49.756],[10.554,49.7693],[10.5403,49.7712],[10.5356,49.783],[10.525,49.7852],[10.5352,49.793],[10.5185,49.7967],[10.5165,49.8028],[10.4925,49.7874],[10.4697,49.7866],[10.4665,49.7917],[10.4839,49.8037],[10.4755,49.8127],[10.4619,49.8086],[10.4476,49.823],[10.4621,49.8358],[10.4399,49.8453],[10.4466,49.8581],[10.4519,49.8649],[10.4543,49.8706],[10.459,49.8781],[10.5037,49.8713],[10.5054,49.8767],[10.5284,49.8753],[10.5447,49.8764],[10.5569,49.8816],[10.5605,49.8651],[10.5753,49.8729],[10.5744,49.8624],[10.5861,49.8594],[10.5913,49.8709],[10.6065,49.8747],[10.5989,49.8554],[10.6265,49.8627],[10.633,49.8742],[10.6628,49.8909],[10.6826,49.8827],[10.6881,49.8862],[10.6941,49.8902],[10.6864,49.8954],[10.7036,49.9038],[10.6909,49.9119],[10.7076,49.9251],[10.7135,49.924],[10.7165,49.9323],[10.7374,49.9391],[10.7418,49.9471],[10.723,49.9551],[10.7291,49.9628],[10.7546,49.9622],[10.7609,49.9684],[10.7404,49.9916],[10.7648,50.0004],[10.7648,50.0138],[10.753,50.0129],[10.751,50.0205],[10.7675,50.0238],[10.7791,50.0452],[10.7925,50.0473],[10.8113,50.0379],[10.8383,50.0504],[10.8326,50.0647],[10.8437,50.076],[10.8592,50.074],[10.8618,50.0876],[10.8575,50.1094],[10.8775,50.1423],[10.8512,50.1574],[10.8424,50.1444],[10.8117,50.1485],[10.802,50.1469],[10.8039,50.1411],[10.7933,50.1427],[10.7894,50.1517],[10.781,50.1478],[10.7749,50.1554],[10.78,50.1944],[10.7544,50.2125],[10.7618,50.2224],[10.7292,50.2302],[10.7292,50.2527],[10.7482,50.2486],[10.7462,50.2438],[10.7698,50.2416],[10.7833,50.251],[10.8008,50.2516],[10.8074,50.2401],[10.8279,50.2378],[10.8483,50.2454],[10.852,50.273],[10.8426,50.2771],[10.8171,50.278],[10.8047,50.2803],[10.8046,50.2911],[10.7932,50.2956],[10.7689,50.2945],[10.7426,50.3154],[10.7159,50.3213],[10.7158,50.3276],[10.7288,50.3382],[10.7282,50.3489],[10.7139,50.346],[10.715,50.3636],[10.7522,50.3582],[10.774,50.372],[10.7861,50.3852],[10.7998,50.3797],[10.8303,50.3926],[10.8604,50.3875],[10.876,50.3968],[10.8871,50.3928],[10.8916,50.3806],[10.899,50.3828],[10.9328,50.3929],[10.9457,50.3868],[10.9858,50.3475],[10.9995,50.3517],[10.9931,50.3657],[11.0358,50.3611],[11.0332,50.3514],[11.0442,50.3444],[11.0848,50.3521],[11.0885,50.3657],[11.1157,50.3669],[11.1164,50.3495],[11.1269,50.3565],[11.139,50.3535],[11.1598,50.3249],[11.1331,50.3116],[11.1333,50.3002],[11.1467,50.2852],[11.1579,50.2887],[11.184,50.281],[11.1768,50.27],[11.189,50.2708],[11.1969,50.2923],[11.2487,50.2675],[11.2615,50.2748],[11.2531,50.2994],[11.2702,50.3068],[11.257,50.3227],[11.262,50.3379],[11.2767,50.3364],[11.2647,50.3539],[11.2837,50.3609],[11.2772,50.3804],[11.2647,50.3876],[11.2709,50.395],[11.2574,50.4],[11.2685,50.4196],[11.263,50.4436],[11.2468,50.4495],[11.2545,50.4559],[11.2475,50.4782],[11.2787,50.4835],[11.2958,50.4804],[11.3009,50.4892],[11.3226,50.4914],[11.321,50.5089],[11.3462,50.5111],[11.342,50.5192],[11.369,50.5222],[11.3879,50.5155],[11.4234,50.5152],[11.4393,50.501],[11.4341,50.492],[11.4191,50.4946],[11.4231,50.4422],[11.4404,50.4388],[11.4527,50.4284],[11.482,50.4317],[11.4884,50.4173],[11.4789,50.4015],[11.4926,50.3977],[11.5184,50.3957],[11.5203,50.3736],[11.5308,50.3789],[11.5651,50.3869],[11.5668,50.3924],[11.5736,50.4],[11.5956,50.4021],[11.6119,50.3914]]]]},"geometry_name":"geom","properties":{"objid":"DEBKGVG500000CSQ","beginn":"2023-11-07Z","ade":3,"gf":9,"bsg":1,"lkz":"BY","ars":"094","ags":"094","sdv_ars":"094620000000","gen":"Oberfranken","bez":"Regierungsbezirk","ibz":30,"bem":"--","nbd":"ja","sn_l":"09","sn_r":"4","sn_k":"00","sn_v1":"00","sn_v2":"00","sn_g":"000","fk_s3":"R","nuts":"DE24","ars_0":"094000000000","ags_0":"09400000","wsk":"2023-05-31Z"},"bbox":[10.4399,49.5877,12.2755,50.5222]},{"type":"Feature","id":"vg5000_rbz.17","geometry":{"type":"MultiPolygon","coordinates":[[[[11.2803,49.6039],[11.2861,49.6185],[11.2959,49.6177],[11.2974,49.627],[11.308,49.6333],[11.3319,49.637],[11.3457,49.6593],[11.373,49.6687],[11.3747,49.6585],[11.3863,49.6541],[11.3918,49.6326],[11.4264,49.6139],[11.4309,49.6182],[11.4304,49.6287],[11.4557,49.6272],[11.4608,49.6351],[11.481,49.6445],[11.4884,49.6393],[11.4943,49.647],[11.5134,49.6496],[11.533,49.6436],[11.5567,49.6418],[11.5568,49.6794],[11.5703,49.6721],[11.5701,49.6421],[11.5927,49.6388],[11.5988,49.6197],[11.591,49.6117],[11.5808,49.6181],[11.5627,49.6096],[11.5513,49.6057],[11.5544,49.5995],[11.5678,49.5945],[11.5717,49.5782],[11.5617,49.5761],[11.5429,49.5599],[11.5293,49.5647],[11.5111,49.5531],[11.5368,49.5426],[11.5491,49.5443],[11.544,49.5172],[11.5324,49.5085],[11.5632,49.5038],[11.5691,49.4908],[11.5896,49.4846],[11.5959,49.474],[11.5789,49.4516],[11.5566,49.4311],[11.5581,49.4186],[11.5351,49.4114],[11.4858,49.4257],[11.4653,49.4229],[11.4588,49.4324],[11.4489,49.4217],[11.4456,49.4143],[11.461,49.4123],[11.4229,49.3913],[11.4203,49.3761],[11.4018,49.3735],[11.4072,49.3685],[11.3939,49.3566],[11.3753,49.3554],[11.3895,49.3419],[11.3831,49.3272],[11.3645,49.3262],[11.3675,49.3212],[11.3596,49.3184],[11.3461,49.3193],[11.3302,49.3027],[11.2931,49.3169],[11.2781,49.3131],[11.2721,49.3223],[11.2471,49.3255],[11.2389,49.3208],[11.2519,49.3165],[11.2512,49.309],[11.2438,49.3062],[11.2252,49.3147],[11.1886,49.3044],[11.1865,49.2978],[11.1994,49.2891],[11.2145,49.2921],[11.2028,49.2752],[11.2289,49.2783],[11.2464,49.27],[11.2748,49.2735],[11.2882,49.2681],[11.2646,49.2614],[11.2872,49.2564],[11.304,49.2436],[11.295,49.2332],[11.3196,49.205],[11.2808,49.2112],[11.2618,49.2084],[11.2699,49.1896],[11.3134,49.1774],[11.311,49.157],[11.3241,49.157],[11.3278,49.1429],[11.3189,49.1334],[11.3249,49.1174],[11.3562,49.1173],[11.3616,49.0989],[11.3533,49.09],[11.3771,49.0883],[11.3835,49.0794],[11.404,49.059],[11.4143,49.0617],[11.4258,49.0522],[11.401,49.0513],[11.4124,49.0345],[11.3864,49.0305],[11.3809,49.0176],[11.37,49.0128],[11.3509,49.0208],[11.3271,48.998],[11.3095,49.003],[11.2975,49.0165],[11.2955,49.0056],[11.2859,49.0043],[11.2635,49.0144],[11.2668,49.0282],[11.249,49.0453],[11.2561,49.0524],[11.2461,49.0474],[11.2257,49.0516],[11.2012,49.0465],[11.1816,49.0271],[11.19,49.0185],[11.1606,49.0118],[11.1638,49.0039],[11.1559,49.0024],[11.163,48.9959],[11.1438,48.9913],[11.1407,48.9649],[11.1191,48.9661],[11.0864,48.9629],[11.0774,48.9586],[11.0513,48.9319],[11.0643,48.9258],[11.0714,48.9114],[11.0588,48.9135],[11.0469,48.9046],[11.0364,48.9098],[11.0312,48.9053],[11.043,48.8995],[11.0295,48.8952],[11.0267,48.887],[10.9742,48.8787],[10.9618,48.86],[10.9475,48.8645],[10.9311,48.8613],[10.9301,48.8683],[10.9056,48.882],[10.8682,48.8755],[10.8711,48.8824],[10.8536,48.885],[10.8626,48.8958],[10.8255,48.8961],[10.8164,48.9011],[10.8087,48.9078],[10.8325,48.9138],[10.8255,48.9313],[10.8126,48.937],[10.8149,48.948],[10.7983,48.9427],[10.7698,48.9252],[10.7781,48.9171],[10.7656,48.916],[10.7556,48.9246],[10.7373,48.925],[10.7223,48.8986],[10.7131,48.8988],[10.7069,48.9082],[10.6985,48.9056],[10.6796,48.909],[10.6689,48.9205],[10.7016,48.9433],[10.6892,48.9443],[10.6909,48.9599],[10.6749,48.9738],[10.6661,48.9847],[10.6408,48.9812],[10.629,48.9958],[10.6387,48.9983],[10.6421,49.0165],[10.6268,49.0206],[10.6082,49.0157],[10.594,49.0351],[10.5501,49.0314],[10.5378,49.022],[10.5453,49.0083],[10.52,49.0062],[10.4875,49.0091],[10.4691,49.0116],[10.4335,49.0049],[10.4249,49.0037],[10.4301,48.9996],[10.422,48.9918],[10.4319,48.9829],[10.4253,48.9767],[10.4105,48.9772],[10.395,48.9897],[10.3797,48.9861],[10.3818,48.9992],[10.3728,49.0031],[10.3543,49.0047],[10.3555,49.0148],[10.3459,49.0171],[10.3491,49.0279],[10.334,49.0319],[10.3218,49.026],[10.3165,49.0285],[10.3027,49.0314],[10.2968,49.0419],[10.2872,49.0423],[10.2844,49.0368],[10.2658,49.0451],[10.2505,49.0398],[10.257,49.0593],[10.2632,49.0612],[10.2577,49.0703],[10.236,49.074],[10.2406,49.082],[10.2473,49.0803],[10.2505,49.0922],[10.2298,49.0897],[10.2229,49.0978],[10.2152,49.0943],[10.2049,49.098],[10.2167,49.1133],[10.2255,49.1112],[10.2258,49.1195],[10.2555,49.128],[10.2482,49.1486],[10.2311,49.1571],[10.2132,49.1627],[10.198,49.1555],[10.1884,49.1734],[10.1774,49.1732],[10.1812,49.1821],[10.1713,49.1782],[10.1554,49.193],[10.1367,49.199],[10.1294,49.1952],[10.1265,49.2073],[10.1255,49.2112],[10.1406,49.2086],[10.1203,49.2477],[10.1322,49.251],[10.1102,49.2571],[10.1229,49.275],[10.1316,49.2624],[10.1488,49.2691],[10.1464,49.2775],[10.1565,49.2808],[10.1348,49.2961],[10.1321,49.3053],[10.1455,49.3162],[10.1389,49.3268],[10.1305,49.3261],[10.1204,49.3253],[10.1113,49.3327],[10.1029,49.3443],[10.1087,49.352],[10.1238,49.3504],[10.1241,49.3568],[10.1133,49.3597],[10.1119,49.3847],[10.1446,49.3837],[10.1606,49.3901],[10.1615,49.395],[10.1392,49.4024],[10.1489,49.4034],[10.1404,49.424],[10.1329,49.4371],[10.0946,49.4466],[10.1046,49.4627],[10.122,49.4637],[10.1183,49.472],[10.1012,49.4856],[10.1011,49.4939],[10.1221,49.5095],[10.1061,49.5152],[10.084,49.5121],[10.077,49.5201],[10.0787,49.5272],[10.0888,49.5284],[10.0916,49.5341],[10.0837,49.5433],[10.0738,49.5677],[10.0706,49.5932],[10.0824,49.6015],[10.1081,49.6214],[10.1182,49.6235],[10.1318,49.6114],[10.1485,49.6117],[10.1645,49.5929],[10.1993,49.6028],[10.1996,49.6254],[10.2128,49.6315],[10.2605,49.6265],[10.286,49.6181],[10.2929,49.6255],[10.348,49.6224],[10.3654,49.6323],[10.3863,49.6342],[10.3586,49.6801],[10.3874,49.6869],[10.382,49.6928],[10.3408,49.6929],[10.3386,49.7041],[10.3535,49.7005],[10.3698,49.7115],[10.3772,49.7228],[10.4343,49.7488],[10.4643,49.7412],[10.4914,49.7426],[10.4963,49.7532],[10.5512,49.756],[10.6181,49.7389],[10.6356,49.7399],[10.6542,49.7212],[10.6707,49.7225],[10.6855,49.7342],[10.7035,49.7341],[10.7069,49.7464],[10.6909,49.7458],[10.6717,49.7583],[10.6974,49.7759],[10.7154,49.78],[10.7179,49.7883],[10.7566,49.7726],[10.7834,49.7626],[10.8033,49.739],[10.8238,49.7407],[10.8329,49.7524],[10.8563,49.7594],[10.8777,49.7582],[10.8701,49.7704],[10.9267,49.7861],[10.9185,49.7751],[10.9279,49.7667],[10.9132,49.7636],[10.9319,49.7579],[10.9346,49.7479],[10.92,49.7437],[10.9314,49.7264],[10.9406,49.7301],[10.9604,49.7155],[10.9558,49.7121],[10.9232,49.7143],[10.928,49.7044],[10.9696,49.691],[10.9725,49.6817],[11.0149,49.6837],[11.0037,49.6738],[11.0282,49.6708],[11.0501,49.6818],[11.0564,49.6793],[11.0485,49.6619],[11.063,49.6604],[11.0619,49.6553],[11.048,49.6525],[11.0485,49.6429],[11.0304,49.6377],[11.0232,49.6311],[11.0316,49.6253],[11.0387,49.6241],[11.0564,49.6369],[11.0802,49.6265],[11.0764,49.6157],[11.0879,49.6005],[11.1012,49.5999],[11.1161,49.5883],[11.1257,49.5877],[11.1379,49.5887],[11.1452,49.5884],[11.1882,49.5899],[11.2107,49.5961],[11.2067,49.6015],[11.2181,49.6094],[11.2531,49.595],[11.2629,49.6065],[11.2803,49.6039]]]]},"geometry_name":"geom","properties":{"objid":"DEBKGVG500000CSR","beginn":"2019-10-03Z","ade":3,"gf":9,"bsg":1,"lkz":"BY","ars":"095","ags":"095","sdv_ars":"095610000000","gen":"Mittelfranken","bez":"Regierungsbezirk","ibz":30,"bem":"--","nbd":"ja","sn_l":"09","sn_r":"5","sn_k":"00","sn_v1":"00","sn_v2":"00","sn_g":"000","fk_s3":"R","nuts":"DE25","ars_0":"095000000000","ags_0":"09500000","wsk":"2004-12-30Z"},"bbox":[10.0706,48.86,11.5988,49.7883]},{"type":"Feature","id":"vg5000_rbz.18","geometry":{"type":"MultiPolygon","coordinates":[[[[10.6102,50.228],[10.6324,50.2232],[10.6639,50.2318],[10.6586,50.2238],[10.6858,50.2254],[10.6959,50.2124],[10.7172,50.2042],[10.7307,50.2118],[10.7292,50.2302],[10.7618,50.2224],[10.7544,50.2125],[10.78,50.1944],[10.7749,50.1554],[10.781,50.1478],[10.7894,50.1517],[10.7933,50.1427],[10.8039,50.1411],[10.802,50.1469],[10.8117,50.1485],[10.8424,50.1444],[10.8512,50.1574],[10.8775,50.1423],[10.8575,50.1094],[10.8618,50.0876],[10.8592,50.074],[10.8437,50.076],[10.8326,50.0647],[10.8383,50.0504],[10.8113,50.0379],[10.7925,50.0473],[10.7791,50.0452],[10.7675,50.0238],[10.751,50.0205],[10.753,50.0129],[10.7648,50.0138],[10.7648,50.0004],[10.7404,49.9916],[10.7609,49.9684],[10.7546,49.9622],[10.7291,49.9628],[10.723,49.9551],[10.7418,49.9471],[10.7374,49.9391],[10.7165,49.9323],[10.7135,49.924],[10.7076,49.9251],[10.6909,49.9119],[10.7036,49.9038],[10.6864,49.8954],[10.6941,49.8902],[10.6881,49.8862],[10.6826,49.8827],[10.6628,49.8909],[10.633,49.8742],[10.6265,49.8627],[10.5989,49.8554],[10.6065,49.8747],[10.5913,49.8709],[10.5861,49.8594],[10.5744,49.8624],[10.5753,49.8729],[10.5605,49.8651],[10.5569,49.8816],[10.5447,49.8764],[10.5284,49.8753],[10.5054,49.8767],[10.5037,49.8713],[10.459,49.8781],[10.4543,49.8706],[10.4519,49.8649],[10.4466,49.8581],[10.4399,49.8453],[10.4621,49.8358],[10.4476,49.823],[10.4619,49.8086],[10.4755,49.8127],[10.4839,49.8037],[10.4665,49.7917],[10.4697,49.7866],[10.4925,49.7874],[10.5165,49.8028],[10.5185,49.7967],[10.5352,49.793],[10.525,49.7852],[10.5356,49.783],[10.5403,49.7712],[10.554,49.7693],[10.5512,49.756],[10.4963,49.7532],[10.4914,49.7426],[10.4643,49.7412],[10.4343,49.7488],[10.3772,49.7228],[10.3698,49.7115],[10.3535,49.7005],[10.3386,49.7041],[10.3408,49.6929],[10.382,49.6928],[10.3874,49.6869],[10.3586,49.6801],[10.3863,49.6342],[10.3654,49.6323],[10.348,49.6224],[10.2929,49.6255],[10.286,49.6181],[10.2605,49.6265],[10.2128,49.6315],[10.1996,49.6254],[10.1993,49.6028],[10.1645,49.5929],[10.1485,49.6117],[10.1318,49.6114],[10.1182,49.6235],[10.1081,49.6214],[10.0824,49.6015],[10.0706,49.5932],[10.0738,49.5677],[10.0837,49.5433],[10.0604,49.545],[10.0597,49.5377],[10.0383,49.5275],[10.0576,49.5166],[10.0293,49.5037],[10.019,49.4858],[9.9835,49.4854],[9.9608,49.4841],[9.9397,49.4828],[9.9136,49.493],[9.9242,49.5093],[9.9167,49.5188],[9.9268,49.5381],[9.9216,49.5531],[9.9222,49.5613],[9.8999,49.5629],[9.9145,49.5803],[9.9122,49.5853],[9.8993,49.5859],[9.8752,49.5782],[9.8591,49.5463],[9.8253,49.5509],[9.8097,49.5563],[9.821,49.562],[9.8274,49.5646],[9.8484,49.5775],[9.8418,49.5948],[9.8724,49.6084],[9.8655,49.6255],[9.8543,49.6434],[9.8316,49.6492],[9.8275,49.6614],[9.8243,49.6729],[9.8362,49.6812],[9.8354,49.6859],[9.8232,49.7077],[9.7976,49.72],[9.7962,49.7292],[9.7528,49.7102],[9.7498,49.6955],[9.7284,49.6872],[9.7111,49.7268],[9.6777,49.7165],[9.6753,49.6934],[9.6529,49.6874],[9.6327,49.6937],[9.6278,49.7025],[9.6333,49.7171],[9.6411,49.7229],[9.6278,49.7312],[9.6433,49.7384],[9.6404,49.7512],[9.6508,49.7662],[9.6504,49.7921],[9.6206,49.7835],[9.5602,49.7787],[9.5588,49.7627],[9.569,49.749],[9.5607,49.7443],[9.5447,49.7666],[9.5231,49.7603],[9.514,49.7633],[9.5076,49.7859],[9.4809,49.7865],[9.4616,49.7695],[9.4459,49.7725],[9.4335,49.7872],[9.4212,49.7881],[9.4061,49.7772],[9.3866,49.7703],[9.3802,49.7732],[9.3738,49.7781],[9.3612,49.7715],[9.3174,49.768],[9.3222,49.7414],[9.2953,49.7404],[9.3235,49.7312],[9.3549,49.7314],[9.3736,49.7284],[9.3502,49.7177],[9.3576,49.704],[9.3822,49.7074],[9.387,49.7308],[9.4081,49.7218],[9.4208,49.7068],[9.4202,49.6908],[9.407,49.6794],[9.4108,49.6746],[9.3979,49.6691],[9.4173,49.6606],[9.406,49.6451],[9.3829,49.6432],[9.3678,49.6587],[9.3411,49.6441],[9.3071,49.6549],[9.2872,49.6386],[9.2686,49.6318],[9.2846,49.6149],[9.2642,49.6068],[9.2589,49.593],[9.2512,49.5935],[9.2495,49.5846],[9.2383,49.5813],[9.2264,49.5787],[9.1945,49.5739],[9.1029,49.5775],[9.0846,49.5998],[9.0672,49.6022],[9.0661,49.6184],[9.1021,49.6421],[9.1031,49.6604],[9.0892,49.6691],[9.09,49.6943],[9.1069,49.6971],[9.1322,49.7042],[9.121,49.7145],[9.132,49.7148],[9.1356,49.7245],[9.1417,49.7301],[9.1493,49.7428],[9.1282,49.7556],[9.1063,49.7588],[9.1142,49.7741],[9.1344,49.7827],[9.1308,49.7955],[9.1079,49.7981],[9.0941,49.7899],[9.0873,49.7987],[9.0768,49.8178],[9.0871,49.8263],[9.0786,49.8343],[9.089,49.8403],[9.0849,49.847],[9.0666,49.8319],[9.0544,49.8391],[9.058,49.8478],[9.0418,49.84],[9.0368,49.8459],[9.0427,49.8549],[9.0339,49.8623],[9.0497,49.8661],[9.0375,49.8781],[9.0314,49.9094],[9.0238,49.9099],[9.0319,49.9248],[9.0221,49.9501],[9.027,49.9555],[9.0139,49.9894],[9.0243,49.9963],[9.0405,49.9898],[9.0467,49.9932],[9.0337,50.002],[9.04,50.01],[9.0308,50.0254],[9.0326,50.0373],[9.0235,50.043],[8.9801,50.044],[8.9823,50.0553],[8.9886,50.063],[8.9917,50.0678],[8.9989,50.0695],[9.0032,50.0974],[9.0283,50.1124],[9.0368,50.1139],[9.0718,50.1178],[9.0928,50.1178],[9.0984,50.1261],[9.1173,50.1267],[9.1449,50.1138],[9.1549,50.1173],[9.1444,50.0956],[9.1497,50.0911],[9.1622,50.0979],[9.1725,50.1181],[9.1914,50.129],[9.1833,50.1387],[9.2051,50.1434],[9.2133,50.1465],[9.2359,50.1462],[9.2604,50.1391],[9.2734,50.1406],[9.2836,50.1418],[9.3073,50.1332],[9.3212,50.1392],[9.3319,50.1395],[9.341,50.1314],[9.3761,50.1291],[9.4046,50.0884],[9.4221,50.0852],[9.4622,50.0909],[9.514,50.0971],[9.5204,50.1056],[9.509,50.1479],[9.5227,50.1492],[9.5325,50.1662],[9.4965,50.1702],[9.5012,50.1931],[9.5172,50.1948],[9.5022,50.2123],[9.4944,50.2276],[9.5014,50.2422],[9.517,50.2337],[9.5338,50.2341],[9.5432,50.2248],[9.5737,50.2326],[9.5825,50.2207],[9.6216,50.2256],[9.6294,50.231],[9.6346,50.2341],[9.6637,50.2333],[9.6668,50.2395],[9.6392,50.2489],[9.6421,50.256],[9.6537,50.2715],[9.7033,50.2806],[9.7143,50.2925],[9.7285,50.2961],[9.7454,50.3102],[9.748,50.3253],[9.7431,50.3466],[9.7322,50.3562],[9.7432,50.3623],[9.7532,50.3845],[9.7593,50.4037],[9.7534,50.4163],[9.7646,50.4252],[9.7804,50.4182],[9.7893,50.4251],[9.8085,50.4214],[9.8079,50.4123],[9.8598,50.3975],[9.87,50.4097],[9.8824,50.3993],[9.9344,50.4194],[9.9591,50.4238],[9.987,50.447],[9.9985,50.4625],[10.0185,50.4671],[10.0308,50.4798],[10.0392,50.5024],[10.0414,50.5167],[10.0699,50.5286],[10.0728,50.5383],[10.0979,50.554],[10.1071,50.5633],[10.1204,50.5645],[10.1204,50.556],[10.1436,50.5427],[10.1508,50.552],[10.1749,50.544],[10.1751,50.5544],[10.2039,50.5545],[10.204,50.5451],[10.2223,50.5376],[10.227,50.5275],[10.226,50.5183],[10.2325,50.5127],[10.2558,50.513],[10.3019,50.4938],[10.3256,50.4945],[10.3415,50.4831],[10.3364,50.4657],[10.3473,50.4631],[10.3671,50.4389],[10.3798,50.4403],[10.3709,50.4321],[10.3933,50.4317],[10.4033,50.4261],[10.3841,50.4066],[10.3941,50.3947],[10.4386,50.3951],[10.4378,50.4016],[10.4519,50.4022],[10.4638,50.3764],[10.4878,50.3751],[10.4962,50.366],[10.4868,50.363],[10.4914,50.3555],[10.5126,50.3578],[10.5145,50.348],[10.5308,50.3645],[10.545,50.3639],[10.5607,50.3372],[10.5804,50.3341],[10.6013,50.3336],[10.5941,50.3201],[10.5931,50.3068],[10.605,50.2934],[10.6004,50.2825],[10.591,50.2718],[10.6081,50.2719],[10.5993,50.2633],[10.6115,50.2504],[10.6011,50.2454],[10.6102,50.228]]]]},"geometry_name":"geom","properties":{"objid":"DEBKGVG500000CSS","beginn":"2020-11-07Z","ade":3,"gf":9,"bsg":1,"lkz":"BY","ars":"096","ags":"096","sdv_ars":"096630000000","gen":"Unterfranken","bez":"Regierungsbezirk","ibz":30,"bem":"--","nbd":"ja","sn_l":"09","sn_r":"6","sn_k":"00","sn_v1":"00","sn_v2":"00","sn_g":"000","fk_s3":"R","nuts":"DE26","ars_0":"096000000000","ags_0":"09600000","wsk":"2011-06-30Z"},"bbox":[8.9801,49.4828,10.8775,50.5645]},{"type":"Feature","id":"vg5000_rbz.19","geometry":{"type":"MultiPolygon","coordinates":[[[[10.4529,47.5553],[10.4316,47.5037],[10.4402,47.4867],[10.4681,47.4769],[10.4661,47.4535],[10.4758,47.4333],[10.4376,47.413],[10.4295,47.3909],[10.4355,47.3805],[10.4201,47.3845],[10.3892,47.3703],[10.3861,47.3565],[10.357,47.337],[10.3485,47.3173],[10.3302,47.3049],[10.3148,47.3063],[10.232,47.2707],[10.2012,47.2764],[10.174,47.2704],[10.1783,47.2951],[10.1992,47.2978],[10.2152,47.3117],[10.2006,47.3275],[10.2369,47.3735],[10.2359,47.3818],[10.2273,47.389],[10.2126,47.38],[10.1825,47.3926],[10.1697,47.3859],[10.1659,47.3689],[10.1433,47.367],[10.1194,47.3755],[10.0998,47.3548],[10.083,47.3936],[10.0858,47.3989],[10.0695,47.4095],[10.0951,47.4176],[10.1053,47.4284],[10.0934,47.4417],[10.0909,47.4601],[10.0699,47.4561],[10.0573,47.4657],[10.0445,47.4874],[10.0099,47.482],[9.995,47.4862],[9.9878,47.4986],[9.9957,47.503],[9.9652,47.5207],[9.9707,47.5448],[9.9597,47.5431],[9.9583,47.5351],[9.941,47.5381],[9.9214,47.5301],[9.9091,47.5387],[9.879,47.5466],[9.8739,47.5285],[9.8506,47.5412],[9.8159,47.5475],[9.8258,47.5601],[9.8241,47.5867],[9.8011,47.5955],[9.7832,47.5939],[9.7571,47.5786],[9.7442,47.5569],[9.7296,47.5337],[9.7131,47.549],[9.6945,47.5497],[9.6802,47.5429],[9.6794,47.5565],[9.6535,47.5562],[9.6278,47.5704],[9.6104,47.5713],[9.6021,47.5843],[9.6211,47.5835],[9.6262,47.5921],[9.6446,47.5899],[9.6388,47.6042],[9.6536,47.6054],[9.6558,47.6118],[9.6716,47.6114],[9.6783,47.6047],[9.6921,47.6086],[9.7059,47.6015],[9.728,47.6102],[9.7354,47.6168],[9.7483,47.615],[9.7394,47.6058],[9.7479,47.6027],[9.7994,47.6436],[9.7993,47.6499],[9.8171,47.65],[9.8256,47.6563],[9.8296,47.6706],[9.843,47.6773],[9.8795,47.6738],[9.8961,47.6638],[9.9136,47.6621],[9.9324,47.6538],[9.9412,47.6576],[9.9703,47.6535],[9.9933,47.6783],[10.0149,47.6833],[10.0294,47.6862],[10.0326,47.6753],[10.0587,47.6805],[10.0771,47.6406],[10.092,47.6718],[10.1134,47.6663],[10.1305,47.6769],[10.1282,47.6908],[10.1387,47.7039],[10.1192,47.7154],[10.1186,47.7333],[10.1103,47.7385],[10.1171,47.7523],[10.1193,47.7604],[10.083,47.7721],[10.0809,47.7815],[10.0672,47.7824],[10.067,47.7878],[10.0931,47.8041],[10.1148,47.8011],[10.1163,47.8112],[10.1378,47.8101],[10.1321,47.8201],[10.1037,47.8415],[10.1076,47.8478],[10.0932,47.8485],[10.1067,47.8595],[10.1035,47.8653],[10.0839,47.8562],[10.077,47.8678],[10.0927,47.8687],[10.1053,47.8806],[10.0975,47.8847],[10.1078,47.9193],[10.1113,47.9367],[10.0889,47.9489],[10.0891,47.9679],[10.1059,47.9744],[10.1182,47.9742],[10.1201,48.0043],[10.1322,48.0144],[10.1368,48.0233],[10.1332,48.0262],[10.1258,48.0352],[10.1367,48.0387],[10.1433,48.0642],[10.1428,48.0755],[10.1313,48.0772],[10.1407,48.086],[10.139,48.0973],[10.1359,48.1078],[10.113,48.1249],[10.1109,48.1319],[10.0976,48.1621],[10.0885,48.1885],[10.0849,48.1982],[10.0877,48.209],[10.0756,48.2097],[10.0759,48.2209],[10.0603,48.2353],[10.0646,48.2551],[10.0635,48.2722],[10.0651,48.2824],[10.0443,48.2929],[10.0379,48.302],[10.0336,48.3098],[10.0116,48.3375],[9.9942,48.3521],[9.9914,48.3691],[9.98,48.3616],[9.9675,48.3754],[10.0138,48.4035],[10.0174,48.4176],[10.0414,48.431],[10.0281,48.4372],[10.0368,48.4448],[10.0343,48.458],[10.0737,48.46],[10.108,48.4777],[10.118,48.4756],[10.1318,48.4554],[10.1708,48.4568],[10.1747,48.4694],[10.1841,48.4685],[10.1806,48.4755],[10.1956,48.4803],[10.218,48.4885],[10.2255,48.4885],[10.2406,48.4918],[10.2386,48.5043],[10.2273,48.505],[10.229,48.5102],[10.2475,48.5116],[10.2539,48.5184],[10.2688,48.5202],[10.2762,48.516],[10.3121,48.523],[10.3128,48.5297],[10.303,48.5318],[10.3077,48.5507],[10.3147,48.5557],[10.3064,48.5834],[10.2939,48.5901],[10.2968,48.604],[10.3228,48.6052],[10.2979,48.6239],[10.296,48.6337],[10.2595,48.6548],[10.2646,48.66],[10.2542,48.6648],[10.2634,48.6719],[10.2565,48.6805],[10.2712,48.6835],[10.2685,48.7024],[10.3173,48.6833],[10.3193,48.6888],[10.3327,48.6904],[10.3477,48.6776],[10.3506,48.658],[10.3629,48.6538],[10.3683,48.664],[10.3895,48.6676],[10.3916,48.6869],[10.4067,48.6974],[10.4355,48.6965],[10.4362,48.6885],[10.4222,48.6884],[10.4265,48.6729],[10.4083,48.6676],[10.4107,48.6612],[10.465,48.6707],[10.4913,48.6882],[10.4849,48.6972],[10.4716,48.7029],[10.4824,48.7084],[10.4589,48.7283],[10.4623,48.7356],[10.4506,48.7351],[10.4459,48.7296],[10.4241,48.7446],[10.4183,48.7539],[10.4288,48.7585],[10.4134,48.7706],[10.4202,48.7761],[10.4298,48.771],[10.4305,48.7827],[10.433,48.7907],[10.4217,48.7976],[10.4434,48.8088],[10.4486,48.8302],[10.4284,48.8364],[10.4278,48.843],[10.4491,48.8492],[10.4527,48.8734],[10.4464,48.8773],[10.4539,48.892],[10.422,48.9066],[10.4426,48.9078],[10.4544,48.9153],[10.4521,48.9262],[10.438,48.933],[10.4513,48.9386],[10.4434,48.9454],[10.435,48.9443],[10.4249,48.9607],[10.4017,48.9688],[10.4105,48.9772],[10.4253,48.9767],[10.4319,48.9829],[10.422,48.9918],[10.4301,48.9996],[10.4249,49.0037],[10.4335,49.0049],[10.4691,49.0116],[10.4875,49.0091],[10.52,49.0062],[10.5453,49.0083],[10.5378,49.022],[10.5501,49.0314],[10.594,49.0351],[10.6082,49.0157],[10.6268,49.0206],[10.6421,49.0165],[10.6387,48.9983],[10.629,48.9958],[10.6408,48.9812],[10.6661,48.9847],[10.6749,48.9738],[10.6909,48.9599],[10.6892,48.9443],[10.7016,48.9433],[10.6689,48.9205],[10.6796,48.909],[10.6985,48.9056],[10.7069,48.9082],[10.7131,48.8988],[10.7223,48.8986],[10.7373,48.925],[10.7556,48.9246],[10.7656,48.916],[10.7781,48.9171],[10.7698,48.9252],[10.7983,48.9427],[10.8149,48.948],[10.8126,48.937],[10.8255,48.9313],[10.8325,48.9138],[10.8087,48.9078],[10.8164,48.9011],[10.8255,48.8961],[10.8626,48.8958],[10.8536,48.885],[10.8711,48.8824],[10.8682,48.8755],[10.9056,48.882],[10.9301,48.8683],[10.9311,48.8613],[10.9475,48.8645],[10.9618,48.86],[10.9736,48.8587],[10.9679,48.8418],[10.9966,48.8426],[11.0059,48.8228],[10.9783,48.8096],[10.9517,48.8153],[10.9524,48.8076],[10.961,48.7961],[10.9737,48.799],[10.986,48.7886],[10.9652,48.7748],[10.9981,48.7647],[10.9816,48.7353],[10.9997,48.7341],[10.9999,48.7217],[10.9811,48.726],[10.9822,48.7187],[10.9901,48.7003],[10.9847,48.692],[10.9975,48.6822],[11.0013,48.6671],[11.0167,48.6534],[11.0422,48.6467],[11.0313,48.6393],[11.0414,48.6281],[11.0295,48.6263],[11.0229,48.6204],[11.051,48.6016],[11.1141,48.6057],[11.1222,48.5942],[11.1428,48.5896],[11.1509,48.5957],[11.1651,48.5803],[11.1566,48.5624],[11.1314,48.5631],[11.1279,48.5534],[11.152,48.5481],[11.2022,48.53],[11.2169,48.5091],[11.2098,48.5047],[11.2136,48.496],[11.2486,48.4859],[11.2483,48.4775],[11.2668,48.4641],[11.2768,48.4737],[11.2954,48.4746],[11.3041,48.474],[11.2999,48.4555],[11.3088,48.4517],[11.2955,48.4436],[11.2649,48.4468],[11.2579,48.4409],[11.248,48.4408],[11.2395,48.4307],[11.2144,48.4306],[11.198,48.4205],[11.1784,48.4174],[11.1983,48.3868],[11.1877,48.3755],[11.1741,48.3748],[11.1836,48.3659],[11.1661,48.3682],[11.1731,48.3558],[11.1648,48.3436],[11.1741,48.3361],[11.1574,48.3263],[11.1457,48.3206],[11.13,48.3238],[11.1207,48.3145],[11.1264,48.3013],[11.1106,48.2977],[11.1198,48.2765],[11.1153,48.2671],[11.0972,48.26],[11.0724,48.2814],[11.062,48.2742],[11.0635,48.2549],[11.0464,48.2566],[11.042,48.2508],[11.0583,48.2455],[11.0439,48.2395],[11.039,48.2285],[11.0521,48.2133],[11.0612,48.2127],[11.0601,48.2008],[11.0592,48.1964],[11.0371,48.1949],[10.9825,48.2099],[10.9609,48.1989],[10.9458,48.2055],[10.9472,48.2166],[10.926,48.235],[10.9038,48.2372],[10.8994,48.228],[10.8982,48.2119],[10.8905,48.1912],[10.8793,48.1924],[10.8746,48.1788],[10.8675,48.1576],[10.848,48.1585],[10.8451,48.1471],[10.8253,48.1501],[10.7865,48.15],[10.7923,48.1323],[10.7897,48.1206],[10.8021,48.1051],[10.8153,48.102],[10.8082,48.0866],[10.7839,48.076],[10.7856,48.0625],[10.7753,48.0642],[10.7662,48.0482],[10.7566,48.0465],[10.7655,48.0341],[10.7954,48.039],[10.8095,48.0344],[10.8167,48.0251],[10.8082,48.0202],[10.8121,48.003],[10.8237,48.0039],[10.8257,47.9911],[10.8155,47.9842],[10.8072,47.9588],[10.7946,47.9542],[10.7996,47.9368],[10.7873,47.9383],[10.7738,47.9312],[10.7738,47.9222],[10.7837,47.9216],[10.779,47.9065],[10.7916,47.9074],[10.7727,47.8961],[10.7719,47.8841],[10.7899,47.8845],[10.7723,47.8713],[10.7497,47.8541],[10.7672,47.8535],[10.7669,47.8434],[10.7584,47.8382],[10.7624,47.8294],[10.7477,47.8114],[10.7486,47.7973],[10.7656,47.7856],[10.7804,47.781],[10.7772,47.7668],[10.7375,47.7668],[10.7452,47.7578],[10.7336,47.7438],[10.736,47.7172],[10.7191,47.7132],[10.7158,47.7055],[10.7379,47.6958],[10.733,47.6897],[10.7323,47.6828],[10.7549,47.6885],[10.7556,47.6952],[10.7884,47.707],[10.7956,47.7188],[10.8298,47.7278],[10.83,47.719],[10.8025,47.7047],[10.7985,47.6866],[10.7781,47.662],[10.7972,47.6561],[10.8237,47.6573],[10.8466,47.6679],[10.879,47.6555],[10.9146,47.6606],[10.9036,47.6374],[10.9273,47.6292],[10.9358,47.6168],[10.9569,47.6169],[10.9436,47.609],[10.9419,47.5964],[10.9159,47.5834],[10.8732,47.5726],[10.8854,47.5373],[10.8533,47.5342],[10.839,47.5257],[10.8131,47.526],[10.8126,47.52],[10.7959,47.5214],[10.7776,47.5144],[10.7642,47.5199],[10.7582,47.5344],[10.7185,47.5383],[10.695,47.5448],[10.6921,47.5511],[10.6904,47.5592],[10.6355,47.5592],[10.5982,47.5697],[10.5803,47.5553],[10.5736,47.5339],[10.489,47.5404],[10.4529,47.5553]],[[10.4817,47.584],[10.4723,47.5867],[10.4356,47.5835],[10.4303,47.5763],[10.4529,47.5553],[10.4817,47.584]]]]},"geometry_name":"geom","properties":{"objid":"DEBKGVG500000CST","beginn":"2025-01-15Z","ade":3,"gf":9,"bsg":1,"lkz":"BY","ars":"097","ags":"097","sdv_ars":"097610000000","gen":"Schwaben","bez":"Regierungsbezirk","ibz":30,"bem":"--","nbd":"ja","sn_l":"09","sn_r":"7","sn_k":"00","sn_v1":"00","sn_v2":"00","sn_g":"000","fk_s3":"R","nuts":"DE27","ars_0":"097000000000","ags_0":"09700000","wsk":"2004-12-30Z"},"bbox":[9.6021,47.2704,11.3088,49.0351]}],"totalFeatures":19,"numberMatched":19,"numberReturned":19,"timeStamp":"2026-09-28T20:58:15.752Z","crs":{"type":"name","properties":{"name":"urn:ogc:def:crs:EPSG::4326"}},"bbox":[5.866,47.2704,13.8394,52.5316]}