statistics_code;statistics_label;time_code;time_label;time;1_variable_code;1_variable_label;1_variable_attribute_code;1_variable_attribute_label;2_variable_code;2_variable_label;2_variable_attribute_code;2_variable_attribute_label;3_variable_code;3_variable_label;3_variable_attribute_code;3_variable_attribute_label;4_variable_code;4_variable_label;4_variable_attribute_code;4_variable_attribute_label;value;value_unit;value_variable_code;value_variable_label
32331;Erh. der Anlagen zum Umgang mit wassergef. Stoffen;JAHR;Jahr;2018;DINSG;Deutschland insgesamt;DG;Deutschland;ANLAT8;Anlagenart;ANLAGEN-07;Heizölverbraucheranlagen;STFAT3;Maßgebende Stoffart;STOFF-FLUES;Flüssige Stoffe in m3;FASSV1;Fassungsvermögen;FV010B050;über 10 bis 50;48529;Anzahl;ANL016;Geprüfte Anlagen z. Umgang mit wassergef. Stoffen
32331;Erh. der Anlagen zum Umgang mit wassergef. Stoffen;JAHR;Jahr;2023;DINSG;Deutschland insgesamt;DG;Deutschland;ANLAT8;Anlagenart;;Insgesamt;STFAT3;Maßgebende Stoffart;STOFF-GAS;Gasförmige Stoffe in t;FASSV1;Fassungsvermögen;FV010B050;über 10 bis 50;20;Anzahl;ANL016;Geprüfte Anlagen z. Umgang mit wassergef. Stoffen
32331;Erh. der Anlagen zum Umgang mit wassergef. Stoffen;JAHR;Jahr;2020;DINSG;Deutschland insgesamt;DG;Deutschland;ANLAT8;Anlagenart;ANLAGEN-10;Umschlaganlagen ohne intermodalen Verkehr;STFAT3;Maßgebende Stoffart;STOFF-GAS;Gasförmige Stoffe in t;FASSV1;Fassungsvermögen;FV050B100;über 50 bis 100;-;Anzahl;ANL016;Geprüfte Anlagen z. Umgang mit wassergef. Stoffen
32331;Erh. der Anlagen zum Umgang mit wassergef. Stoffen;JAHR;Jahr;2021;DINSG;Deutschland insgesamt;DG;Deutschland;ANLAT8;Anlagenart;ANLAGEN-10;Umschlaganlagen ohne intermodalen Verkehr;STFAT3;Maßgebende Stoffart;STOFF-GAS;Gasförmige Stoffe in t;FASSV1;Fassungsvermögen;FV050B100;über 50 bis 100;1;Anzahl;ANL016;Geprüfte Anlagen z. Umgang mit wassergef. Stoffen
32331;Erh. der Anlagen zum Umgang mit wassergef. Stoffen;JAHR;Jahr;2020;DINSG;Deutschland insgesamt;DG;Deutschland;ANLAT8;Anlagenart;ANLAGEN-12;Tankstellen;STFAT3;Maßgebende Stoffart;STOFF-FLUES;Flüssige Stoffe in m3;FASSV1;Fassungsvermögen;FV050B100;über 50 bis 100;3077;Anzahl;ANL016;Geprüfte Anlagen z. Umgang mit wassergef. Stoffen
32331;Erh. der Anlagen zum Umgang mit wassergef. Stoffen;JAHR;Jahr;2023;DINSG;Deutschland insgesamt;DG;Deutschland;ANLAT8;Anlagenart;ANLAGEN-06;Herstellungs-, Behandlungs- und Verwendungsanlagen;STFAT3;Maßgebende Stoffart;STOFF-FLUES;Flüssige Stoffe in m3;FASSV1;Fassungsvermögen;FV010B050;über 10 bis 50;1726;Anzahl;ANL016;Geprüfte Anlagen z. Umgang mit wassergef. Stoffen
32331;Erh. der Anlagen zum Umgang mit wassergef. Stoffen;JAHR;Jahr;2018;DINSG;Deutschland insgesamt;DG;Deutschland;ANLAT8;Anlagenart;ANLAGEN-05;Umschlaganlagen;STFAT3;Maßgebende Stoffart;STOFF-FLUES;Flüssige Stoffe in m3;FASSV1;Fassungsvermögen;FV000B010;bis 10;106;Anzahl;ANL016;Geprüfte Anlagen z. Umgang mit wassergef. Stoffen
32331;Erh. der Anlagen zum Umgang mit wassergef. Stoffen;JAHR;Jahr;2022;DINSG;Deutschland insgesamt;DG;Deutschland;ANLAT8;Anlagenart;ANLAGEN-09;Abfüllanlagen (ohne Tankstellen);STFAT3;Maßgebende Stoffart;STOFF-FEST;Feste Stoffe in t;FASSV1;Fassungsvermögen;FV100UM;über 100;5;Anzahl;ANL016;Geprüfte Anlagen z. Umgang mit wassergef. Stoffen
32331;Erh. der Anlagen zum Umgang mit wassergef. Stoffen;JAHR;Jahr;2019;DINSG;Deutschland insgesamt;DG;Deutschland;ANLAT8;Anlagenart;ANLAGEN-12;Tankstellen;STFAT3;Maßgebende Stoffart;STOFF-FLUES;Flüssige Stoffe in m3;FASSV1;Fassungsvermögen;FV050B100;über 50 bis 100;2832;Anzahl;ANL016;Geprüfte Anlagen z. Umgang mit wassergef. Stoffen
32331;Erh. der Anlagen zum Umgang mit wassergef. Stoffen;JAHR;Jahr;2021;DINSG;Deutschland insgesamt;DG;Deutschland;ANLAT8;Anlagenart;ANLAGEN-10;Umschlaganlagen ohne intermodalen Verkehr;STFAT3;Maßgebende Stoffart;STOFF-FEST;Feste Stoffe in t;FASSV1;Fassungsvermögen;FV100UM;über 100;7;Anzahl;ANL016;Geprüfte Anlagen z. Umgang mit wassergef. Stoffen
32331;Erh. der Anlagen zum Umgang mit wassergef. Stoffen;JAHR;Jahr;2018;DINSG;Deutschland insgesamt;DG;Deutschland;ANLAT8;Anlagenart;ANLAGEN-10;Umschlaganlagen ohne intermodalen Verkehr;STFAT3;Maßgebende Stoffart;STOFF-FLUES;Flüssige Stoffe in m3;FASSV1;Fassungsvermögen;;Insgesamt;-;Anzahl;ANL016;Geprüfte Anlagen z. Umgang mit wassergef. Stoffen
32331;Erh. der Anlagen zum Umgang mit wassergef. Stoffen;JAHR;Jahr;2019;DINSG;Deutschland insgesamt;DG;Deutschland;ANLAT8;Anlagenart;ANLAGEN-10;Umschlaganlagen ohne intermodalen Verkehr;STFAT3;Maßgebende Stoffart;STOFF-FLUES;Flüssige Stoffe in m3;FASSV1;Fassungsvermögen;;Insgesamt;-;Anzahl;ANL016;Geprüfte Anlagen z. Umgang mit wassergef. Stoffen
32331;Erh. der Anlagen zum Umgang mit wassergef. Stoffen;JAHR;Jahr;2019;DINSG;Deutschland insgesamt;DG;Deutschland;ANLAT8;Anlagenart;ANLAGEN-14;Biogasanlagen;STFAT3;Maßgebende Stoffart;STOFF-GAS;Gasförmige Stoffe in t;FASSV1;Fassungsvermögen;FV100UM;über 100;-;Anzahl;ANL016;Geprüfte Anlagen z. Umgang mit wassergef. Stoffen
32331;Erh. der Anlagen zum Umgang mit wassergef. Stoffen;JAHR;Jahr;2023;DINSG;Deutschland insgesamt;DG;Deutschland;ANLAT8;Anlagenart;ANLAGEN-08;Lageranlagen (ohne Tankstellen u.Heizölverbr.anl.);STFAT3;Maßgebende Stoffart;STOFF-GAS;Gasförmige Stoffe in t;FASSV1;Fassungsvermögen;FV100UM;über 100;24;Anzahl;ANL016;Geprüfte Anlagen z. Umgang mit wassergef. Stoffen
32331;Erh. der Anlagen zum Umgang mit wassergef. Stoffen;JAHR;Jahr;2018;DINSG;Deutschland insgesamt;DG;Deutschland;ANLAT8;Anlagenart;ANLAGEN-10;Umschlaganlagen ohne intermodalen Verkehr;STFAT3;Maßgebende Stoffart;STOFF-GAS;Gasförmige Stoffe in t;FASSV1;Fassungsvermögen;FV050B100;über 50 bis 100;-;Anzahl;ANL016;Geprüfte Anlagen z. Umgang mit wassergef. Stoffen
32331;Erh. der Anlagen zum Umgang mit wassergef. Stoffen;JAHR;Jahr;2022;DINSG;Deutschland insgesamt;DG;Deutschland;ANLAT8;Anlagenart;ANLAGEN-10;Umschlaganlagen ohne intermodalen Verkehr;STFAT3;Maßgebende Stoffart;STOFF-GAS;Gasförmige Stoffe in t;FASSV1;Fassungsvermögen;FV050B100;über 50 bis 100;-;Anzahl;ANL016;Geprüfte Anlagen z. Umgang mit wassergef. Stoffen
32331;Erh. der Anlagen zum Umgang mit wassergef. Stoffen;JAHR;Jahr;2022;DINSG;Deutschland insgesamt;DG;Deutschland;ANLAT8;Anlagenart;ANLAGEN-10;Umschlaganlagen ohne intermodalen Verkehr;STFAT3;Maßgebende Stoffart;STOFF-FLUES;Flüssige Stoffe in m3;FASSV1;Fassungsvermögen;;Insgesamt;944;Anzahl;ANL016;Geprüfte Anlagen z. Umgang mit wassergef. Stoffen
32331;Erh. der Anlagen zum Umgang mit wassergef. Stoffen;JAHR;Jahr;2023;DINSG;Deutschland insgesamt;DG;Deutschland;ANLAT8;Anlagenart;ANLAGEN-10;Umschlaganlagen ohne intermodalen Verkehr;STFAT3;Maßgebende Stoffart;STOFF-GAS;Gasförmige Stoffe in t;FASSV1;Fassungsvermögen;FV050B100;über 50 bis 100;-;Anzahl;ANL016;Geprüfte Anlagen z. Umgang mit wassergef. Stoffen
32331;Erh. der Anlagen zum Umgang mit wassergef. Stoffen;JAHR;Jahr;2020;DINSG;Deutschland insgesamt;DG;Deutschland;ANLAT8;Anlagenart;ANLAGEN-10;Umschlaganlagen ohne intermodalen Verkehr;STFAT3;Maßgebende Stoffart;STOFF-FLUES;Flüssige Stoffe in m3;FASSV1;Fassungsvermögen;;Insgesamt;909;Anzahl;ANL016;Geprüfte Anlagen z. Umgang mit wassergef. Stoffen
32331;Erh. der Anlagen zum Umgang mit wassergef. Stoffen;JAHR;Jahr;2018;DINSG;Deutschland insgesamt;DG;Deutschland;ANLAT8;Anlagenart;ANLAGEN-15;JGS-Anlagen;STFAT3;Maßgebende Stoffart;STOFF-FLUES;Flüssige Stoffe in m3;FASSV1;Fassungsvermögen;FV000B010;bis 10;36;Anzahl;ANL016;Geprüfte Anlagen z. Umgang mit wassergef. Stoffen
32331;Erh. der Anlagen zum Umgang mit wassergef. Stoffen;JAHR;Jahr;2019;DINSG;Deutschland insgesamt;DG;Deutschland;ANLAT8;Anlagenart;ANLAGEN-10;Umschlaganlagen ohne intermodalen Verkehr;STFAT3;Maßgebende Stoffart;STOFF-GAS;Gasförmige Stoffe in t;FASSV1;Fassungsvermögen;FV050B100;über 50 bis 100;-;Anzahl;ANL016;Geprüfte Anlagen z. Umgang mit wassergef. Stoffen
32331;Erh. der Anlagen zum Umgang mit wassergef. Stoffen;JAHR;Jahr;2020;DINSG;Deutschland insgesamt;DG;Deutschland;ANLAT8;Anlagenart;ANLAGEN-13;Rohrleitungsanlagen;STFAT3;Maßgebende Stoffart;STOFF-GAS;Gasförmige Stoffe in t;FASSV1;Fassungsvermögen;FV100UM;über 100;1;Anzahl;ANL016;Geprüfte Anlagen z. Umgang mit wassergef. Stoffen
32331;Erh. der Anlagen zum Umgang mit wassergef. Stoffen;JAHR;Jahr;2021;DINSG;Deutschland insgesamt;DG;Deutschland;ANLAT8;Anlagenart;ANLAGEN-10;Umschlaganlagen ohne intermodalen Verkehr;STFAT3;Maßgebende Stoffart;STOFF-FLUES;Flüssige Stoffe in m3;FASSV1;Fassungsvermögen;;Insgesamt;992;Anzahl;ANL016;Geprüfte Anlagen z. Umgang mit wassergef. Stoffen
32331;Erh. der Anlagen zum Umgang mit wassergef. Stoffen;JAHR;Jahr;2019;DINSG;Deutschland insgesamt;DG;Deutschland;ANLAT8;Anlagenart;ANLAGEN-05;Umschlaganlagen;STFAT3;Maßgebende Stoffart;STOFF-FEST;Feste Stoffe in t;FASSV1;Fassungsvermögen;FV000B010;bis 10;2;Anzahl;ANL016;Geprüfte Anlagen z. Umgang mit wassergef. Stoffen
32331;Erh. der Anlagen zum Umgang mit wassergef. Stoffen;JAHR;Jahr;2022;DINSG;Deutschland insgesamt;DG;Deutschland;ANLAT8;Anlagenart;ANLAGEN-10;Umschlaganlagen ohne intermodalen Verkehr;STFAT3;Maßgebende Stoffart;STOFF-GAS;Gasförmige Stoffe in t;FASSV1;Fassungsvermögen;FV100UM;über 100;-;Anzahl;ANL016;Geprüfte Anlagen z. Umgang mit wassergef. Stoffen
32331;Erh. der Anlagen zum Umgang mit wassergef. Stoffen;JAHR;Jahr;2021;DINSG;Deutschland insgesamt;DG;Deutschland;ANLAT8;Anlagenart;ANLAGEN-11;Umschlaganlagen des intermodalen Verkehrs;STFAT3;Maßgebende Stoffart;STOFF-FLUES;Flüssige Stoffe in m3;FASSV1;Fassungsvermögen;FV010B050;über 10 bis 50;3;Anzahl;ANL016;Geprüfte Anlagen z. Umgang mit wassergef. Stoffen
32331;Erh. der Anlagen zum Umgang mit wassergef. Stoffen;JAHR;Jahr;2018;DINSG;Deutschland insgesamt;DG;Deutschland;ANLAT8;Anlagenart;ANLAGEN-11;Umschlaganlagen des intermodalen Verkehrs;STFAT3;Maßgebende Stoffart;STOFF-FEST;Feste Stoffe in t;FASSV1;Fassungsvermögen;FV100UM;über 100;-;Anzahl;ANL016;Geprüfte Anlagen z. Umgang mit wassergef. Stoffen
32331;Erh. der Anlagen zum Umgang mit wassergef. Stoffen;JAHR;Jahr;2019;DINSG;Deutschland insgesamt;DG;Deutschland;ANLAT8;Anlagenart;ANLAGEN-11;Umschlaganlagen des intermodalen Verkehrs;STFAT3;Maßgebende Stoffart;STOFF-FLUES;Flüssige Stoffe in m3;FASSV1;Fassungsvermögen;;Insgesamt;-;Anzahl;ANL016;Geprüfte Anlagen z. Umgang mit wassergef. Stoffen
32331;Erh. der Anlagen zum Umgang mit wassergef. Stoffen;JAHR;Jahr;2023;DINSG;Deutschland insgesamt;DG;Deutschland;ANLAT8;Anlagenart;ANLAGEN-09;Abfüllanlagen (ohne Tankstellen);STFAT3;Maßgebende Stoffart;STOFF-FLUES;Flüssige Stoffe in m3;FASSV1;Fassungsvermögen;FV050B100;über 50 bis 100;498;Anzahl;ANL016;Geprüfte Anlagen z. Umgang mit wassergef. Stoffen
32331;Erh. der Anlagen zum Umgang mit wassergef. Stoffen;JAHR;Jahr;2018;DINSG;Deutschland insgesamt;DG;Deutschland;ANLAT8;Anlagenart;ANLAGEN-11;Umschlaganlagen des intermodalen Verkehrs;STFAT3;Maßgebende Stoffart;STOFF-FLUES;Flüssige Stoffe in m3;FASSV1;Fassungsvermögen;;Insgesamt;-;Anzahl;ANL016;Geprüfte Anlagen z. Umgang mit wassergef. Stoffen
32331;Erh. der Anlagen zum Umgang mit wassergef. Stoffen;JAHR;Jahr;2021;DINSG;Deutschland insgesamt;DG;Deutschland;ANLAT8;Anlagenart;ANLAGEN-08;Lageranlagen (ohne Tankstellen u.Heizölverbr.anl.);STFAT3;Maßgebende Stoffart;STOFF-GAS;Gasförmige Stoffe in t;FASSV1;Fassungsvermögen;;Insgesamt;49;Anzahl;ANL016;Geprüfte Anlagen z. Umgang mit wassergef. Stoffen
32331;Erh. der Anlagen zum Umgang mit wassergef. Stoffen;JAHR;Jahr;2022;DINSG;Deutschland insgesamt;DG;Deutschland;ANLAT8;Anlagenart;;Insgesamt;STFAT3;Maßgebende Stoffart;STOFF-GAS;Gasförmige Stoffe in t;FASSV1;Fassungsvermögen;FV050B100;über 50 bis 100;6;Anzahl;ANL016;Geprüfte Anlagen z. Umgang mit wassergef. Stoffen
32331;Erh. der Anlagen zum Umgang mit wassergef. Stoffen;JAHR;Jahr;2023;DINSG;Deutschland insgesamt;DG;Deutschland;ANLAT8;Anlagenart;ANLAGEN-05;Umschlaganlagen;STFAT3;Maßgebende Stoffart;STOFF-GAS;Gasförmige Stoffe in t;FASSV1;Fassungsvermögen;;Insgesamt;-;Anzahl;ANL016;Geprüfte Anlagen z. Umgang mit wassergef. Stoffen
32331;Erh. der Anlagen zum Umgang mit wassergef. Stoffen;JAHR;Jahr;2018;DINSG;Deutschland insgesamt;DG;Deutschland;ANLAT8;Anlagenart;ANLAGEN-11;Umschlaganlagen des intermodalen Verkehrs;STFAT3;Maßgebende Stoffart;STOFF-GAS;Gasförmige Stoffe in t;FASSV1;Fassungsvermögen;FV050B100;über 50 bis 100;-;Anzahl;ANL016;Geprüfte Anlagen z. Umgang mit wassergef. Stoffen
32331;Erh. der Anlagen zum Umgang mit wassergef. Stoffen;JAHR;Jahr;2023;DINSG;Deutschland insgesamt;DG;Deutschland;ANLAT8;Anlagenart;ANLAGEN-14;Biogasanlagen;STFAT3;Maßgebende Stoffart;STOFF-FLUES;Flüssige Stoffe in m3;FASSV1;Fassungsvermögen;FV000B010;bis 10;2;Anzahl;ANL016;Geprüfte Anlagen z. Umgang mit wassergef. Stoffen
32331;Erh. der Anlagen zum Umgang mit wassergef. Stoffen;JAHR;Jahr;2018;DINSG;Deutschland insgesamt;DG;Deutschland;ANLAT8;Anlagenart;;Insgesamt;STFAT3;Maßgebende Stoffart;STOFF-FEST;Feste Stoffe in t;FASSV1;Fassungsvermögen;FV100UM;über 100;93;Anzahl;ANL016;Geprüfte Anlagen z. Umgang mit wassergef. Stoffen
32331;Erh. der Anlagen zum Umgang mit wassergef. Stoffen;JAHR;Jahr;2019;DINSG;Deutschland insgesamt;DG;Deutschland;ANLAT8;Anlagenart;ANLAGEN-11;Umschlaganlagen des intermodalen Verkehrs;STFAT3;Maßgebende Stoffart;STOFF-GAS;Gasförmige Stoffe in t;FASSV1;Fassungsvermögen;FV050B100;über 50 bis 100;-;Anzahl;ANL016;Geprüfte Anlagen z. Umgang mit wassergef. Stoffen
32331;Erh. der Anlagen zum Umgang mit wassergef. Stoffen;JAHR;Jahr;2023;DINSG;Deutschland insgesamt;DG;Deutschland;ANLAT8;Anlagenart;;Insgesamt;STFAT3;Maßgebende Stoffart;STOFF-FEST;Feste Stoffe in t;FASSV1;Fassungsvermögen;FV000B010;bis 10;18;Anzahl;ANL016;Geprüfte Anlagen z. Umgang mit wassergef. Stoffen
32331;Erh. der Anlagen zum Umgang mit wassergef. Stoffen;JAHR;Jahr;2020;DINSG;Deutschland insgesamt;DG;Deutschland;ANLAT8;Anlagenart;ANLAGEN-10;Umschlaganlagen ohne intermodalen Verkehr;STFAT3;Maßgebende Stoffart;STOFF-GAS;Gasförmige Stoffe in t;FASSV1;Fassungsvermögen;;Insgesamt;-;Anzahl;ANL016;Geprüfte Anlagen z. Umgang mit wassergef. Stoffen
32331;Erh. der Anlagen zum Umgang mit wassergef. Stoffen;JAHR;Jahr;2022;DINSG;Deutschland insgesamt;DG;Deutschland;ANLAT8;Anlagenart;;Insgesamt;STFAT3;Maßgebende Stoffart;STOFF-FLUES;Flüssige Stoffe in m3;FASSV1;Fassungsvermögen;;Insgesamt;223587;Anzahl;ANL016;Geprüfte Anlagen z. Umgang mit wassergef. Stoffen
32331;Erh. der Anlagen zum Umgang mit wassergef. Stoffen;JAHR;Jahr;2019;DINSG;Deutschland insgesamt;DG;Deutschland;ANLAT8;Anlagenart;ANLAGEN-11;Umschlaganlagen des intermodalen Verkehrs;STFAT3;Maßgebende Stoffart;STOFF-GAS;Gasförmige Stoffe in t;FASSV1;Fassungsvermögen;;Insgesamt;-;Anzahl;ANL016;Geprüfte Anlagen z. Umgang mit wassergef. Stoffen
32331;Erh. der Anlagen zum Umgang mit wassergef. Stoffen;JAHR;Jahr;2018;DINSG;Deutschland insgesamt;DG;Deutschland;ANLAT8;Anlagenart;ANLAGEN-07;Heizölverbraucheranlagen;STFAT3;Maßgebende Stoffart;STOFF-GAS;Gasförmige Stoffe in t;FASSV1;Fassungsvermögen;;Insgesamt;-;Anzahl;ANL016;Geprüfte Anlagen z. Umgang mit wassergef. Stoffen
32331;Erh. der Anlagen zum Umgang mit wassergef. Stoffen;JAHR;Jahr;2023;DINSG;Deutschland insgesamt;DG;Deutschland;ANLAT8;Anlagenart;ANLAGEN-11;Umschlaganlagen des intermodalen Verkehrs;STFAT3;Maßgebende Stoffart;STOFF-FLUES;Flüssige Stoffe in m3;FASSV1;Fassungsvermögen;;Insgesamt;12;Anzahl;ANL016;Geprüfte Anlagen z. Umgang mit wassergef. Stoffen
32331;Erh. der Anlagen zum Umgang mit wassergef. Stoffen;JAHR;Jahr;2020;DINSG;Deutschland insgesamt;DG;Deutschland;ANLAT8;Anlagenart;ANLAGEN-12;Tankstellen;STFAT3;Maßgebende Stoffart;STOFF-GAS;Gasförmige Stoffe in t;FASSV1;Fassungsvermögen;FV050B100;über 50 bis 100;-;Anzahl;ANL016;Geprüfte Anlagen z. Umgang mit wassergef. Stoffen
32331;Erh. der Anlagen zum Umgang mit wassergef. Stoffen;JAHR;Jahr;2019;DINSG;Deutschland insgesamt;DG;Deutschland;ANLAT8;Anlagenart;ANLAGEN-05;Umschlaganlagen;STFAT3;Maßgebende Stoffart;STOFF-FEST;Feste Stoffe in t;FASSV1;Fassungsvermögen;FV100UM;über 100;-;Anzahl;ANL016;Geprüfte Anlagen z. Umgang mit wassergef. Stoffen
32331;Erh. der Anlagen zum Umgang mit wassergef. Stoffen;JAHR;Jahr;2019;DINSG;Deutschland insgesamt;DG;Deutschland;ANLAT8;Anlagenart;;Insgesamt;STFAT3;Maßgebende Stoffart;STOFF-GAS;Gasförmige Stoffe in t;FASSV1;Fassungsvermögen;FV000B010;bis 10;11;Anzahl;ANL016;Geprüfte Anlagen z. Umgang mit wassergef. Stoffen
32331;Erh. der Anlagen zum Umgang mit wassergef. Stoffen;JAHR;Jahr;2021;DINSG;Deutschland insgesamt;DG;Deutschland;ANLAT8;Anlagenart;ANLAGEN-14;Biogasanlagen;STFAT3;Maßgebende Stoffart;STOFF-FLUES;Flüssige Stoffe in m3;FASSV1;Fassungsvermögen;FV050B100;über 50 bis 100;1;Anzahl;ANL016;Geprüfte Anlagen z. Umgang mit wassergef. Stoffen
32331;Erh. der Anlagen zum Umgang mit wassergef. Stoffen;JAHR;Jahr;2018;DINSG;Deutschland insgesamt;DG;Deutschland;ANLAT8;Anlagenart;ANLAGEN-10;Umschlaganlagen ohne intermodalen Verkehr;STFAT3;Maßgebende Stoffart;STOFF-GAS;Gasförmige Stoffe in t;FASSV1;Fassungsvermögen;FV100UM;über 100;-;Anzahl;ANL016;Geprüfte Anlagen z. Umgang mit wassergef. Stoffen
32331;Erh. der Anlagen zum Umgang mit wassergef. Stoffen;JAHR;Jahr;2021;DINSG;Deutschland insgesamt;DG;Deutschland;ANLAT8;Anlagenart;ANLAGEN-14;Biogasanlagen;STFAT3;Maßgebende Stoffart;STOFF-GAS;Gasförmige Stoffe in t;FASSV1;Fassungsvermögen;;Insgesamt;1;Anzahl;ANL016;Geprüfte Anlagen z. Umgang mit wassergef. Stoffen
32331;Erh. der Anlagen zum Umgang mit wassergef. Stoffen;JAHR;Jahr;2018;DINSG;Deutschland insgesamt;DG;Deutschland;ANLAT8;Anlagenart;ANLAGEN-06;Herstellungs-, Behandlungs- und Verwendungsanlagen;STFAT3;Maßgebende Stoffart;STOFF-FEST;Feste Stoffe in t;FASSV1;Fassungsvermögen;FV100UM;über 100;4;Anzahl;ANL016;Geprüfte Anlagen z. Umgang mit wassergef. Stoffen
32331;Erh. der Anlagen zum Umgang mit wassergef. Stoffen;JAHR;Jahr;2020;DINSG;Deutschland insgesamt;DG;Deutschland;ANLAT8;Anlagenart;ANLAGEN-07;Heizölverbraucheranlagen;STFAT3;Maßgebende Stoffart;STOFF-FLUES;Flüssige Stoffe in m3;FASSV1;Fassungsvermögen;FV000B010;bis 10;133321;Anzahl;ANL016;Geprüfte Anlagen z. Umgang mit wassergef. Stoffen
32331;Erh. der Anlagen zum Umgang mit wassergef. Stoffen;JAHR;Jahr;2018;DINSG;Deutschland insgesamt;DG;Deutschland;ANLAT8;Anlagenart;ANLAGEN-12;Tankstellen;STFAT3;Maßgebende Stoffart;STOFF-FLUES;Flüssige Stoffe in m3;FASSV1;Fassungsvermögen;;Insgesamt;14117;Anzahl;ANL016;Geprüfte Anlagen z. Umgang mit wassergef. Stoffen
32331;Erh. der Anlagen zum Umgang mit wassergef. Stoffen;JAHR;Jahr;2019;DINSG;Deutschland insgesamt;DG;Deutschland;ANLAT8;Anlagenart;ANLAGEN-12;Tankstellen;STFAT3;Maßgebende Stoffart;STOFF-GAS;Gasförmige Stoffe in t;FASSV1;Fassungsvermögen;FV050B100;über 50 bis 100;-;Anzahl;ANL016;Geprüfte Anlagen z. Umgang mit wassergef. Stoffen
32331;Erh. der Anlagen zum Umgang mit wassergef. Stoffen;JAHR;Jahr;2021;DINSG;Deutschland insgesamt;DG;Deutschland;ANLAT8;Anlagenart;ANLAGEN-12;Tankstellen;STFAT3;Maßgebende Stoffart;STOFF-FLUES;Flüssige Stoffe in m3;FASSV1;Fassungsvermögen;;Insgesamt;15981;Anzahl;ANL016;Geprüfte Anlagen z. Umgang mit wassergef. Stoffen
32331;Erh. der Anlagen zum Umgang mit wassergef. Stoffen;JAHR;Jahr;2022;DINSG;Deutschland insgesamt;DG;Deutschland;ANLAT8;Anlagenart;ANLAGEN-12;Tankstellen;STFAT3;Maßgebende Stoffart;STOFF-GAS;Gasförmige Stoffe in t;FASSV1;Fassungsvermögen;FV050B100;über 50 bis 100;-;Anzahl;ANL016;Geprüfte Anlagen z. Umgang mit wassergef. Stoffen
32331;Erh. der Anlagen zum Umgang mit wassergef. Stoffen;JAHR;Jahr;2020;DINSG;Deutschland insgesamt;DG;Deutschland;ANLAT8;Anlagenart;ANLAGEN-07;Heizölverbraucheranlagen;STFAT3;Maßgebende Stoffart;STOFF-GAS;Gasförmige Stoffe in t;FASSV1;Fassungsvermögen;FV100UM;über 100;-;Anzahl;ANL016;Geprüfte Anlagen z. Umgang mit wassergef. Stoffen
32331;Erh. der Anlagen zum Umgang mit wassergef. Stoffen;JAHR;Jahr;2023;DINSG;Deutschland insgesamt;DG;Deutschland;ANLAT8;Anlagenart;ANLAGEN-10;Umschlaganlagen ohne intermodalen Verkehr;STFAT3;Maßgebende Stoffart;STOFF-FLUES;Flüssige Stoffe in m3;FASSV1;Fassungsvermögen;;Insgesamt;749;Anzahl;ANL016;Geprüfte Anlagen z. Umgang mit wassergef. Stoffen
32331;Erh. der Anlagen zum Umgang mit wassergef. Stoffen;JAHR;Jahr;2020;DINSG;Deutschland insgesamt;DG;Deutschland;ANLAT8;Anlagenart;;Insgesamt;STFAT3;Maßgebende Stoffart;STOFF-FLUES;Flüssige Stoffe in m3;FASSV1;Fassungsvermögen;FV010B050;über 10 bis 50;73266;Anzahl;ANL016;Geprüfte Anlagen z. Umgang mit wassergef. Stoffen
32331;Erh. der Anlagen zum Umgang mit wassergef. Stoffen;JAHR;Jahr;2020;DINSG;Deutschland insgesamt;DG;Deutschland;ANLAT8;Anlagenart;ANLAGEN-11;Umschlaganlagen des intermodalen Verkehrs;STFAT3;Maßgebende Stoffart;STOFF-GAS;Gasförmige Stoffe in t;FASSV1;Fassungsvermögen;FV050B100;über 50 bis 100;-;Anzahl;ANL016;Geprüfte Anlagen z. Umgang mit wassergef. Stoffen
32331;Erh. der Anlagen zum Umgang mit wassergef. Stoffen;JAHR;Jahr;2020;DINSG;Deutschland insgesamt;DG;Deutschland;ANLAT8;Anlagenart;;Insgesamt;STFAT3;Maßgebende Stoffart;STOFF-FEST;Feste Stoffe in t;FASSV1;Fassungsvermögen;FV100UM;über 100;255;Anzahl;ANL016;Geprüfte Anlagen z. Umgang mit wassergef. Stoffen
32331;Erh. der Anlagen zum Umgang mit wassergef. Stoffen;JAHR;Jahr;2022;DINSG;Deutschland insgesamt;DG;Deutschland;ANLAT8;Anlagenart;ANLAGEN-07;Heizölverbraucheranlagen;STFAT3;Maßgebende Stoffart;STOFF-FEST;Feste Stoffe in t;FASSV1;Fassungsvermögen;;Insgesamt;-;Anzahl;ANL016;Geprüfte Anlagen z. Umgang mit wassergef. Stoffen
32331;Erh. der Anlagen zum Umgang mit wassergef. Stoffen;JAHR;Jahr;2018;DINSG;Deutschland insgesamt;DG;Deutschland;ANLAT8;Anlagenart;ANLAGEN-13;Rohrleitungsanlagen;STFAT3;Maßgebende Stoffart;STOFF-FLUES;Flüssige Stoffe in m3;FASSV1;Fassungsvermögen;;Insgesamt;2112;Anzahl;ANL016;Geprüfte Anlagen z. Umgang mit wassergef. Stoffen
32331;Erh. der Anlagen zum Umgang mit wassergef. Stoffen;JAHR;Jahr;2018;DINSG;Deutschland insgesamt;DG;Deutschland;ANLAT8;Anlagenart;ANLAGEN-09;Abfüllanlagen (ohne Tankstellen);STFAT3;Maßgebende Stoffart;STOFF-FEST;Feste Stoffe in t;FASSV1;Fassungsvermögen;;Insgesamt;1;Anzahl;ANL016;Geprüfte Anlagen z. Umgang mit wassergef. Stoffen
32331;Erh. der Anlagen zum Umgang mit wassergef. Stoffen;JAHR;Jahr;2021;DINSG;Deutschland insgesamt;DG;Deutschland;ANLAT8;Anlagenart;;Insgesamt;STFAT3;Maßgebende Stoffart;STOFF-FLUES;Flüssige Stoffe in m3;FASSV1;Fassungsvermögen;FV000B010;bis 10;146490;Anzahl;ANL016;Geprüfte Anlagen z. Umgang mit wassergef. Stoffen
32331;Erh. der Anlagen zum Umgang mit wassergef. Stoffen;JAHR;Jahr;2021;DINSG;Deutschland insgesamt;DG;Deutschland;ANLAT8;Anlagenart;ANLAGEN-08;Lageranlagen (ohne Tankstellen u.Heizölverbr.anl.);STFAT3;Maßgebende Stoffart;STOFF-FEST;Feste Stoffe in t;FASSV1;Fassungsvermögen;;Insgesamt;131;Anzahl;ANL016;Geprüfte Anlagen z. Umgang mit wassergef. Stoffen
32331;Erh. der Anlagen zum Umgang mit wassergef. Stoffen;JAHR;Jahr;2019;DINSG;Deutschland insgesamt;DG;Deutschland;ANLAT8;Anlagenart;ANLAGEN-08;Lageranlagen (ohne Tankstellen u.Heizölverbr.anl.);STFAT3;Maßgebende Stoffart;STOFF-FEST;Feste Stoffe in t;FASSV1;Fassungsvermögen;;Insgesamt;147;Anzahl;ANL016;Geprüfte Anlagen z. Umgang mit wassergef. Stoffen
32331;Erh. der Anlagen zum Umgang mit wassergef. Stoffen;JAHR;Jahr;2019;DINSG;Deutschland insgesamt;DG;Deutschland;ANLAT8;Anlagenart;ANLAGEN-13;Rohrleitungsanlagen;STFAT3;Maßgebende Stoffart;STOFF-GAS;Gasförmige Stoffe in t;FASSV1;Fassungsvermögen;FV050B100;über 50 bis 100;-;Anzahl;ANL016;Geprüfte Anlagen z. Umgang mit wassergef. Stoffen
32331;Erh. der Anlagen zum Umgang mit wassergef. Stoffen;JAHR;Jahr;2022;DINSG;Deutschland insgesamt;DG;Deutschland;ANLAT8;Anlagenart;ANLAGEN-11;Umschlaganlagen des intermodalen Verkehrs;STFAT3;Maßgebende Stoffart;STOFF-GAS;Gasförmige Stoffe in t;FASSV1;Fassungsvermögen;FV050B100;über 50 bis 100;-;Anzahl;ANL016;Geprüfte Anlagen z. Umgang mit wassergef. Stoffen
32331;Erh. der Anlagen zum Umgang mit wassergef. Stoffen;JAHR;Jahr;2021;DINSG;Deutschland insgesamt;DG;Deutschland;ANLAT8;Anlagenart;ANLAGEN-11;Umschlaganlagen des intermodalen Verkehrs;STFAT3;Maßgebende Stoffart;STOFF-FLUES;Flüssige Stoffe in m3;FASSV1;Fassungsvermögen;;Insgesamt;15;Anzahl;ANL016;Geprüfte Anlagen z. Umgang mit wassergef. Stoffen
32331;Erh. der Anlagen zum Umgang mit wassergef. Stoffen;JAHR;Jahr;2021;DINSG;Deutschland insgesamt;DG;Deutschland;ANLAT8;Anlagenart;;Insgesamt;STFAT3;Maßgebende Stoffart;STOFF-GAS;Gasförmige Stoffe in t;FASSV1;Fassungsvermögen;;Insgesamt;93;Anzahl;ANL016;Geprüfte Anlagen z. Umgang mit wassergef. Stoffen
32331;Erh. der Anlagen zum Umgang mit wassergef. Stoffen;JAHR;Jahr;2019;DINSG;Deutschland insgesamt;DG;Deutschland;ANLAT8;Anlagenart;ANLAGEN-08;Lageranlagen (ohne Tankstellen u.Heizölverbr.anl.);STFAT3;Maßgebende Stoffart;STOFF-GAS;Gasförmige Stoffe in t;FASSV1;Fassungsvermögen;FV100UM;über 100;10;Anzahl;ANL016;Geprüfte Anlagen z. Umgang mit wassergef. Stoffen
32331;Erh. der Anlagen zum Umgang mit wassergef. Stoffen;JAHR;Jahr;2023;DINSG;Deutschland insgesamt;DG;Deutschland;ANLAT8;Anlagenart;ANLAGEN-14;Biogasanlagen;STFAT3;Maßgebende Stoffart;STOFF-GAS;Gasförmige Stoffe in t;FASSV1;Fassungsvermögen;FV050B100;über 50 bis 100;-;Anzahl;ANL016;Geprüfte Anlagen z. Umgang mit wassergef. Stoffen
32331;Erh. der Anlagen zum Umgang mit wassergef. Stoffen;JAHR;Jahr;2019;DINSG;Deutschland insgesamt;DG;Deutschland;ANLAT8;Anlagenart;ANLAGEN-08;Lageranlagen (ohne Tankstellen u.Heizölverbr.anl.);STFAT3;Maßgebende Stoffart;STOFF-FLUES;Flüssige Stoffe in m3;FASSV1;Fassungsvermögen;FV000B010;bis 10;11014;Anzahl;ANL016;Geprüfte Anlagen z. Umgang mit wassergef. Stoffen
32331;Erh. der Anlagen zum Umgang mit wassergef. Stoffen;JAHR;Jahr;2021;DINSG;Deutschland insgesamt;DG;Deutschland;ANLAT8;Anlagenart;ANLAGEN-13;Rohrleitungsanlagen;STFAT3;Maßgebende Stoffart;STOFF-FLUES;Flüssige Stoffe in m3;FASSV1;Fassungsvermögen;;Insgesamt;1629;Anzahl;ANL016;Geprüfte Anlagen z. Umgang mit wassergef. Stoffen
32331;Erh. der Anlagen zum Umgang mit wassergef. Stoffen;JAHR;Jahr;2020;DINSG;Deutschland insgesamt;DG;Deutschland;ANLAT8;Anlagenart;;Insgesamt;STFAT3;Maßgebende Stoffart;STOFF-GAS;Gasförmige Stoffe in t;FASSV1;Fassungsvermögen;FV010B050;über 10 bis 50;12;Anzahl;ANL016;Geprüfte Anlagen z. Umgang mit wassergef. Stoffen
32331;Erh. der Anlagen zum Umgang mit wassergef. Stoffen;JAHR;Jahr;2022;DINSG;Deutschland insgesamt;DG;Deutschland;ANLAT8;Anlagenart;ANLAGEN-12;Tankstellen;STFAT3;Maßgebende Stoffart;STOFF-GAS;Gasförmige Stoffe in t;FASSV1;Fassungsvermögen;;Insgesamt;-;Anzahl;ANL016;Geprüfte Anlagen z. Umgang mit wassergef. Stoffen
32331;Erh. der Anlagen zum Umgang mit wassergef. Stoffen;JAHR;Jahr;2018;DINSG;Deutschland insgesamt;DG;Deutschland;ANLAT8;Anlagenart;ANLAGEN-12;Tankstellen;STFAT3;Maßgebende Stoffart;STOFF-FEST;Feste Stoffe in t;FASSV1;Fassungsvermögen;FV050B100;über 50 bis 100;-;Anzahl;ANL016;Geprüfte Anlagen z. Umgang mit wassergef. Stoffen
32331;Erh. der Anlagen zum Umgang mit wassergef. Stoffen;JAHR;Jahr;2021;DINSG;Deutschland insgesamt;DG;Deutschland;ANLAT8;Anlagenart;ANLAGEN-15;JGS-Anlagen;STFAT3;Maßgebende Stoffart;STOFF-FLUES;Flüssige Stoffe in m3;FASSV1;Fassungsvermögen;FV050B100;über 50 bis 100;37;Anzahl;ANL016;Geprüfte Anlagen z. Umgang mit wassergef. Stoffen
32331;Erh. der Anlagen zum Umgang mit wassergef. Stoffen;JAHR;Jahr;2020;DINSG;Deutschland insgesamt;DG;Deutschland;ANLAT8;Anlagenart;ANLAGEN-09;Abfüllanlagen (ohne Tankstellen);STFAT3;Maßgebende Stoffart;STOFF-FEST;Feste Stoffe in t;FASSV1;Fassungsvermögen;FV000B010;bis 10;1;Anzahl;ANL016;Geprüfte Anlagen z. Umgang mit wassergef. Stoffen
32331;Erh. der Anlagen zum Umgang mit wassergef. Stoffen;JAHR;Jahr;2020;DINSG;Deutschland insgesamt;DG;Deutschland;ANLAT8;Anlagenart;ANLAGEN-08;Lageranlagen (ohne Tankstellen u.Heizölverbr.anl.);STFAT3;Maßgebende Stoffart;STOFF-FLUES;Flüssige Stoffe in m3;FASSV1;Fassungsvermögen;FV000B010;bis 10;10390;Anzahl;ANL016;Geprüfte Anlagen z. Umgang mit wassergef. Stoffen
32331;Erh. der Anlagen zum Umgang mit wassergef. Stoffen;JAHR;Jahr;2019;DINSG;Deutschland insgesamt;DG;Deutschland;ANLAT8;Anlagenart;ANLAGEN-14;Biogasanlagen;STFAT3;Maßgebende Stoffart;STOFF-FLUES;Flüssige Stoffe in m3;FASSV1;Fassungsvermögen;;Insgesamt;956;Anzahl;ANL016;Geprüfte Anlagen z. Umgang mit wassergef. Stoffen
32331;Erh. der Anlagen zum Umgang mit wassergef. Stoffen;JAHR;Jahr;2020;DINSG;Deutschland insgesamt;DG;Deutschland;ANLAT8;Anlagenart;;Insgesamt;STFAT3;Maßgebende Stoffart;STOFF-FLUES;Flüssige Stoffe in m3;FASSV1;Fassungsvermögen;FV100UM;über 100;11797;Anzahl;ANL016;Geprüfte Anlagen z. Umgang mit wassergef. Stoffen
32331;Erh. der Anlagen zum Umgang mit wassergef. Stoffen;JAHR;Jahr;2019;DINSG;Deutschland insgesamt;DG;Deutschland;ANLAT8;Anlagenart;ANLAGEN-07;Heizölverbraucheranlagen;STFAT3;Maßgebende Stoffart;STOFF-FEST;Feste Stoffe in t;FASSV1;Fassungsvermögen;FV000B010;bis 10;-;Anzahl;ANL016;Geprüfte Anlagen z. Umgang mit wassergef. Stoffen
32331;Erh. der Anlagen zum Umgang mit wassergef. Stoffen;JAHR;Jahr;2022;DINSG;Deutschland insgesamt;DG;Deutschland;ANLAT8;Anlagenart;ANLAGEN-15;JGS-Anlagen;STFAT3;Maßgebende Stoffart;STOFF-GAS;Gasförmige Stoffe in t;FASSV1;Fassungsvermögen;FV100UM;über 100;-;Anzahl;ANL016;Geprüfte Anlagen z. Umgang mit wassergef. Stoffen
32331;Erh. der Anlagen zum Umgang mit wassergef. Stoffen;JAHR;Jahr;2021;DINSG;Deutschland insgesamt;DG;Deutschland;ANLAT8;Anlagenart;ANLAGEN-06;Herstellungs-, Behandlungs- und Verwendungsanlagen;STFAT3;Maßgebende Stoffart;STOFF-GAS;Gasförmige Stoffe in t;FASSV1;Fassungsvermögen;FV100UM;über 100;-;Anzahl;ANL016;Geprüfte Anlagen z. Umgang mit wassergef. Stoffen
32331;Erh. der Anlagen zum Umgang mit wassergef. Stoffen;JAHR;Jahr;2018;DINSG;Deutschland insgesamt;DG;Deutschland;ANLAT8;Anlagenart;;Insgesamt;STFAT3;Maßgebende Stoffart;STOFF-FLUES;Flüssige Stoffe in m3;FASSV1;Fassungsvermögen;FV010B050;über 10 bis 50;66272;Anzahl;ANL016;Geprüfte Anlagen z. Umgang mit wassergef. Stoffen
32331;Erh. der Anlagen zum Umgang mit wassergef. Stoffen;JAHR;Jahr;2020;DINSG;Deutschland insgesamt;DG;Deutschland;ANLAT8;Anlagenart;ANLAGEN-14;Biogasanlagen;STFAT3;Maßgebende Stoffart;STOFF-GAS;Gasförmige Stoffe in t;FASSV1;Fassungsvermögen;FV050B100;über 50 bis 100;-;Anzahl;ANL016;Geprüfte Anlagen z. Umgang mit wassergef. Stoffen
32331;Erh. der Anlagen zum Umgang mit wassergef. Stoffen;JAHR;Jahr;2021;DINSG;Deutschland insgesamt;DG;Deutschland;ANLAT8;Anlagenart;ANLAGEN-15;JGS-Anlagen;STFAT3;Maßgebende Stoffart;STOFF-FEST;Feste Stoffe in t;FASSV1;Fassungsvermögen;FV000B010;bis 10;7;Anzahl;ANL016;Geprüfte Anlagen z. Umgang mit wassergef. Stoffen
32331;Erh. der Anlagen zum Umgang mit wassergef. Stoffen;JAHR;Jahr;2019;DINSG;Deutschland insgesamt;DG;Deutschland;ANLAT8;Anlagenart;ANLAGEN-15;JGS-Anlagen;STFAT3;Maßgebende Stoffart;STOFF-FEST;Feste Stoffe in t;FASSV1;Fassungsvermögen;FV010B050;über 10 bis 50;-;Anzahl;ANL016;Geprüfte Anlagen z. Umgang mit wassergef. Stoffen
32331;Erh. der Anlagen zum Umgang mit wassergef. Stoffen;JAHR;Jahr;2023;DINSG;Deutschland insgesamt;DG;Deutschland;ANLAT8;Anlagenart;ANLAGEN-12;Tankstellen;STFAT3;Maßgebende Stoffart;STOFF-FLUES;Flüssige Stoffe in m3;FASSV1;Fassungsvermögen;;Insgesamt;15531;Anzahl;ANL016;Geprüfte Anlagen z. Umgang mit wassergef. Stoffen
32331;Erh. der Anlagen zum Umgang mit wassergef. Stoffen;JAHR;Jahr;2022;DINSG;Deutschland insgesamt;DG;Deutschland;ANLAT8;Anlagenart;ANLAGEN-12;Tankstellen;STFAT3;Maßgebende Stoffart;STOFF-FLUES;Flüssige Stoffe in m3;FASSV1;Fassungsvermögen;;Insgesamt;14884;Anzahl;ANL016;Geprüfte Anlagen z. Umgang mit wassergef. Stoffen
32331;Erh. der Anlagen zum Umgang mit wassergef. Stoffen;JAHR;Jahr;2018;DINSG;Deutschland insgesamt;DG;Deutschland;ANLAT8;Anlagenart;ANLAGEN-11;Umschlaganlagen des intermodalen Verkehrs;STFAT3;Maßgebende Stoffart;STOFF-FEST;Feste Stoffe in t;FASSV1;Fassungsvermögen;FV000B010;bis 10;-;Anzahl;ANL016;Geprüfte Anlagen z. Umgang mit wassergef. Stoffen
32331;Erh. der Anlagen zum Umgang mit wassergef. Stoffen;JAHR;Jahr;2019;DINSG;Deutschland insgesamt;DG;Deutschland;ANLAT8;Anlagenart;ANLAGEN-15;JGS-Anlagen;STFAT3;Maßgebende Stoffart;STOFF-GAS;Gasförmige Stoffe in t;FASSV1;Fassungsvermögen;FV050B100;über 50 bis 100;-;Anzahl;ANL016;Geprüfte Anlagen z. Umgang mit wassergef. Stoffen
32331;Erh. der Anlagen zum Umgang mit wassergef. Stoffen;JAHR;Jahr;2019;DINSG;Deutschland insgesamt;DG;Deutschland;ANLAT8;Anlagenart;ANLAGEN-15;JGS-Anlagen;STFAT3;Maßgebende Stoffart;STOFF-FEST;Feste Stoffe in t;FASSV1;Fassungsvermögen;FV100UM;über 100;54;Anzahl;ANL016;Geprüfte Anlagen z. Umgang mit wassergef. Stoffen
32331;Erh. der Anlagen zum Umgang mit wassergef. Stoffen;JAHR;Jahr;2019;DINSG;Deutschland insgesamt;DG;Deutschland;ANLAT8;Anlagenart;ANLAGEN-10;Umschlaganlagen ohne intermodalen Verkehr;STFAT3;Maßgebende Stoffart;STOFF-FEST;Feste Stoffe in t;FASSV1;Fassungsvermögen;FV100UM;über 100;-;Anzahl;ANL016;Geprüfte Anlagen z. Umgang mit wassergef. Stoffen
32331;Erh. der Anlagen zum Umgang mit wassergef. Stoffen;JAHR;Jahr;2021;DINSG;Deutschland insgesamt;DG;Deutschland;ANLAT8;Anlagenart;ANLAGEN-14;Biogasanlagen;STFAT3;Maßgebende Stoffart;STOFF-FEST;Feste Stoffe in t;FASSV1;Fassungsvermögen;FV050B100;über 50 bis 100;-;Anzahl;ANL016;Geprüfte Anlagen z. Umgang mit wassergef. Stoffen
32331;Erh. der Anlagen zum Umgang mit wassergef. Stoffen;JAHR;Jahr;2019;DINSG;Deutschland insgesamt;DG;Deutschland;ANLAT8;Anlagenart;ANLAGEN-06;Herstellungs-, Behandlungs- und Verwendungsanlagen;STFAT3;Maßgebende Stoffart;STOFF-FEST;Feste Stoffe in t;FASSV1;Fassungsvermögen;FV050B100;über 50 bis 100;1;Anzahl;ANL016;Geprüfte Anlagen z. Umgang mit wassergef. Stoffen
32331;Erh. der Anlagen zum Umgang mit wassergef. Stoffen;JAHR;Jahr;2018;DINSG;Deutschland insgesamt;DG;Deutschland;ANLAT8;Anlagenart;ANLAGEN-15;JGS-Anlagen;STFAT3;Maßgebende Stoffart;STOFF-FLUES;Flüssige Stoffe in m3;FASSV1;Fassungsvermögen;;Insgesamt;481;Anzahl;ANL016;Geprüfte Anlagen z. Umgang mit wassergef. Stoffen
32331;Erh. der Anlagen zum Umgang mit wassergef. Stoffen;JAHR;Jahr;2021;DINSG;Deutschland insgesamt;DG;Deutschland;ANLAT8;Anlagenart;ANLAGEN-05;Umschlaganlagen;STFAT3;Maßgebende Stoffart;STOFF-FEST;Feste Stoffe in t;FASSV1;Fassungsvermögen;FV100UM;über 100;-;Anzahl;ANL016;Geprüfte Anlagen z. Umgang mit wassergef. Stoffen
32331;Erh. der Anlagen zum Umgang mit wassergef. Stoffen;JAHR;Jahr;2018;DINSG;Deutschland insgesamt;DG;Deutschland;ANLAT8;Anlagenart;ANLAGEN-15;JGS-Anlagen;STFAT3;Maßgebende Stoffart;STOFF-GAS;Gasförmige Stoffe in t;FASSV1;Fassungsvermögen;FV050B100;über 50 bis 100;-;Anzahl;ANL016;Geprüfte Anlagen z. Umgang mit wassergef. Stoffen
32331;Erh. der Anlagen zum Umgang mit wassergef. Stoffen;JAHR;Jahr;2023;DINSG;Deutschland insgesamt;DG;Deutschland;ANLAT8;Anlagenart;ANLAGEN-05;Umschlaganlagen;STFAT3;Maßgebende Stoffart;STOFF-FEST;Feste Stoffe in t;FASSV1;Fassungsvermögen;;Insgesamt;-;Anzahl;ANL016;Geprüfte Anlagen z. Umgang mit wassergef. Stoffen
32331;Erh. der Anlagen zum Umgang mit wassergef. Stoffen;JAHR;Jahr;2020;DINSG;Deutschland insgesamt;DG;Deutschland;ANLAT8;Anlagenart;ANLAGEN-13;Rohrleitungsanlagen;STFAT3;Maßgebende Stoffart;STOFF-FLUES;Flüssige Stoffe in m3;FASSV1;Fassungsvermögen;;Insgesamt;1643;Anzahl;ANL016;Geprüfte Anlagen z. Umgang mit wassergef. Stoffen
32331;Erh. der Anlagen zum Umgang mit wassergef. Stoffen;JAHR;Jahr;2022;DINSG;Deutschland insgesamt;DG;Deutschland;ANLAT8;Anlagenart;ANLAGEN-13;Rohrleitungsanlagen;STFAT3;Maßgebende Stoffart;STOFF-GAS;Gasförmige Stoffe in t;FASSV1;Fassungsvermögen;FV050B100;über 50 bis 100;3;Anzahl;ANL016;Geprüfte Anlagen z. Umgang mit wassergef. Stoffen
32331;Erh. der Anlagen zum Umgang mit wassergef. Stoffen;JAHR;Jahr;2021;DINSG;Deutschland insgesamt;DG;Deutschland;ANLAT8;Anlagenart;ANLAGEN-13;Rohrleitungsanlagen;STFAT3;Maßgebende Stoffart;STOFF-GAS;Gasförmige Stoffe in t;FASSV1;Fassungsvermögen;FV050B100;über 50 bis 100;2;Anzahl;ANL016;Geprüfte Anlagen z. Umgang mit wassergef. Stoffen
32331;Erh. der Anlagen zum Umgang mit wassergef. Stoffen;JAHR;Jahr;2019;DINSG;Deutschland insgesamt;DG;Deutschland;ANLAT8;Anlagenart;ANLAGEN-07;Heizölverbraucheranlagen;STFAT3;Maßgebende Stoffart;STOFF-FLUES;Flüssige Stoffe in m3;FASSV1;Fassungsvermögen;FV000B010;bis 10;142403;Anzahl;ANL016;Geprüfte Anlagen z. Umgang mit wassergef. Stoffen
32331;Erh. der Anlagen zum Umgang mit wassergef. Stoffen;JAHR;Jahr;2020;DINSG;Deutschland insgesamt;DG;Deutschland;ANLAT8;Anlagenart;;Insgesamt;STFAT3;Maßgebende Stoffart;STOFF-GAS;Gasförmige Stoffe in t;FASSV1;Fassungsvermögen;FV100UM;über 100;18;Anzahl;ANL016;Geprüfte Anlagen z. Umgang mit wassergef. Stoffen
32331;Erh. der Anlagen zum Umgang mit wassergef. Stoffen;JAHR;Jahr;2022;DINSG;Deutschland insgesamt;DG;Deutschland;ANLAT8;Anlagenart;ANLAGEN-11;Umschlaganlagen des intermodalen Verkehrs;STFAT3;Maßgebende Stoffart;STOFF-FEST;Feste Stoffe in t;FASSV1;Fassungsvermögen;;Insgesamt;1;Anzahl;ANL016;Geprüfte Anlagen z. Umgang mit wassergef. Stoffen
32331;Erh. der Anlagen zum Umgang mit wassergef. Stoffen;JAHR;Jahr;2019;DINSG;Deutschland insgesamt;DG;Deutschland;ANLAT8;Anlagenart;ANLAGEN-09;Abfüllanlagen (ohne Tankstellen);STFAT3;Maßgebende Stoffart;STOFF-FEST;Feste Stoffe in t;FASSV1;Fassungsvermögen;FV000B010;bis 10;2;Anzahl;ANL016;Geprüfte Anlagen z. Umgang mit wassergef. Stoffen
32331;Erh. der Anlagen zum Umgang mit wassergef. Stoffen;JAHR;Jahr;2023;DINSG;Deutschland insgesamt;DG;Deutschland;ANLAT8;Anlagenart;;Insgesamt;STFAT3;Maßgebende Stoffart;STOFF-GAS;Gasförmige Stoffe in t;FASSV1;Fassungsvermögen;;Insgesamt;100;Anzahl;ANL016;Geprüfte Anlagen z. Umgang mit wassergef. Stoffen
32331;Erh. der Anlagen zum Umgang mit wassergef. Stoffen;JAHR;Jahr;2023;DINSG;Deutschland insgesamt;DG;Deutschland;ANLAT8;Anlagenart;ANLAGEN-10;Umschlaganlagen ohne intermodalen Verkehr;STFAT3;Maßgebende Stoffart;STOFF-FEST;Feste Stoffe in t;FASSV1;Fassungsvermögen;;Insgesamt;6;Anzahl;ANL016;Geprüfte Anlagen z. Umgang mit wassergef. Stoffen
32331;Erh. der Anlagen zum Umgang mit wassergef. Stoffen;JAHR;Jahr;2018;DINSG;Deutschland insgesamt;DG;Deutschland;ANLAT8;Anlagenart;ANLAGEN-10;Umschlaganlagen ohne intermodalen Verkehr;STFAT3;Maßgebende Stoffart;STOFF-FEST;Feste Stoffe in t;FASSV1;Fassungsvermögen;FV050B100;über 50 bis 100;-;Anzahl;ANL016;Geprüfte Anlagen z. Umgang mit wassergef. Stoffen
32331;Erh. der Anlagen zum Umgang mit wassergef. Stoffen;JAHR;Jahr;2021;DINSG;Deutschland insgesamt;DG;Deutschland;ANLAT8;Anlagenart;ANLAGEN-15;JGS-Anlagen;STFAT3;Maßgebende Stoffart;STOFF-FLUES;Flüssige Stoffe in m3;FASSV1;Fassungsvermögen;;Insgesamt;1214;Anzahl;ANL016;Geprüfte Anlagen z. Umgang mit wassergef. Stoffen
32331;Erh. der Anlagen zum Umgang mit wassergef. Stoffen;JAHR;Jahr;2018;DINSG;Deutschland insgesamt;DG;Deutschland;ANLAT8;Anlagenart;ANLAGEN-06;Herstellungs-, Behandlungs- und Verwendungsanlagen;STFAT3;Maßgebende Stoffart;STOFF-FLUES;Flüssige Stoffe in m3;FASSV1;Fassungsvermögen;FV010B050;über 10 bis 50;1410;Anzahl;ANL016;Geprüfte Anlagen z. Umgang mit wassergef. Stoffen
32331;Erh. der Anlagen zum Umgang mit wassergef. Stoffen;JAHR;Jahr;2019;DINSG;Deutschland insgesamt;DG;Deutschland;ANLAT8;Anlagenart;ANLAGEN-13;Rohrleitungsanlagen;STFAT3;Maßgebende Stoffart;STOFF-FLUES;Flüssige Stoffe in m3;FASSV1;Fassungsvermögen;FV050B100;über 50 bis 100;128;Anzahl;ANL016;Geprüfte Anlagen z. Umgang mit wassergef. Stoffen
32331;Erh. der Anlagen zum Umgang mit wassergef. Stoffen;JAHR;Jahr;2020;DINSG;Deutschland insgesamt;DG;Deutschland;ANLAT8;Anlagenart;ANLAGEN-14;Biogasanlagen;STFAT3;Maßgebende Stoffart;STOFF-FEST;Feste Stoffe in t;FASSV1;Fassungsvermögen;;Insgesamt;10;Anzahl;ANL016;Geprüfte Anlagen z. Umgang mit wassergef. Stoffen
32331;Erh. der Anlagen zum Umgang mit wassergef. Stoffen;JAHR;Jahr;2019;DINSG;Deutschland insgesamt;DG;Deutschland;ANLAT8;Anlagenart;ANLAGEN-09;Abfüllanlagen (ohne Tankstellen);STFAT3;Maßgebende Stoffart;STOFF-FLUES;Flüssige Stoffe in m3;FASSV1;Fassungsvermögen;FV010B050;über 10 bis 50;1366;Anzahl;ANL016;Geprüfte Anlagen z. Umgang mit wassergef. Stoffen
32331;Erh. der Anlagen zum Umgang mit wassergef. Stoffen;JAHR;Jahr;2021;DINSG;Deutschland insgesamt;DG;Deutschland;ANLAT8;Anlagenart;ANLAGEN-13;Rohrleitungsanlagen;STFAT3;Maßgebende Stoffart;STOFF-FEST;Feste Stoffe in t;FASSV1;Fassungsvermögen;;Insgesamt;-;Anzahl;ANL016;Geprüfte Anlagen z. Umgang mit wassergef. Stoffen
32331;Erh. der Anlagen zum Umgang mit wassergef. Stoffen;JAHR;Jahr;2019;DINSG;Deutschland insgesamt;DG;Deutschland;ANLAT8;Anlagenart;ANLAGEN-12;Tankstellen;STFAT3;Maßgebende Stoffart;STOFF-FLUES;Flüssige Stoffe in m3;FASSV1;Fassungsvermögen;;Insgesamt;14790;Anzahl;ANL016;Geprüfte Anlagen z. Umgang mit wassergef. Stoffen
32331;Erh. der Anlagen zum Umgang mit wassergef. Stoffen;JAHR;Jahr;2018;DINSG;Deutschland insgesamt;DG;Deutschland;ANLAT8;Anlagenart;ANLAGEN-10;Umschlaganlagen ohne intermodalen Verkehr;STFAT3;Maßgebende Stoffart;STOFF-FLUES;Flüssige Stoffe in m3;FASSV1;Fassungsvermögen;FV050B100;über 50 bis 100;-;Anzahl;ANL016;Geprüfte Anlagen z. Umgang mit wassergef. Stoffen
32331;Erh. der Anlagen zum Umgang mit wassergef. Stoffen;JAHR;Jahr;2023;DINSG;Deutschland insgesamt;DG;Deutschland;ANLAT8;Anlagenart;ANLAGEN-09;Abfüllanlagen (ohne Tankstellen);STFAT3;Maßgebende Stoffart;STOFF-FEST;Feste Stoffe in t;FASSV1;Fassungsvermögen;FV000B010;bis 10;3;Anzahl;ANL016;Geprüfte Anlagen z. Umgang mit wassergef. Stoffen
32331;Erh. der Anlagen zum Umgang mit wassergef. Stoffen;JAHR;Jahr;2023;DINSG;Deutschland insgesamt;DG;Deutschland;ANLAT8;Anlagenart;ANLAGEN-14;Biogasanlagen;STFAT3;Maßgebende Stoffart;STOFF-GAS;Gasförmige Stoffe in t;FASSV1;Fassungsvermögen;FV100UM;über 100;-;Anzahl;ANL016;Geprüfte Anlagen z. Umgang mit wassergef. Stoffen
32331;Erh. der Anlagen zum Umgang mit wassergef. Stoffen;JAHR;Jahr;2018;DINSG;Deutschland insgesamt;DG;Deutschland;ANLAT8;Anlagenart;ANLAGEN-14;Biogasanlagen;STFAT3;Maßgebende Stoffart;STOFF-FLUES;Flüssige Stoffe in m3;FASSV1;Fassungsvermögen;FV000B010;bis 10;16;Anzahl;ANL016;Geprüfte Anlagen z. Umgang mit wassergef. Stoffen
32331;Erh. der Anlagen zum Umgang mit wassergef. Stoffen;JAHR;Jahr;2022;DINSG;Deutschland insgesamt;DG;Deutschland;ANLAT8;Anlagenart;ANLAGEN-09;Abfüllanlagen (ohne Tankstellen);STFAT3;Maßgebende Stoffart;STOFF-GAS;Gasförmige Stoffe in t;FASSV1;Fassungsvermögen;FV100UM;über 100;1;Anzahl;ANL016;Geprüfte Anlagen z. Umgang mit wassergef. Stoffen
32331;Erh. der Anlagen zum Umgang mit wassergef. Stoffen;JAHR;Jahr;2023;DINSG;Deutschland insgesamt;DG;Deutschland;ANLAT8;Anlagenart;ANLAGEN-12;Tankstellen;STFAT3;Maßgebende Stoffart;STOFF-GAS;Gasförmige Stoffe in t;FASSV1;Fassungsvermögen;FV050B100;über 50 bis 100;-;Anzahl;ANL016;Geprüfte Anlagen z. Umgang mit wassergef. Stoffen
32331;Erh. der Anlagen zum Umgang mit wassergef. Stoffen;JAHR;Jahr;2019;DINSG;Deutschland insgesamt;DG;Deutschland;ANLAT8;Anlagenart;ANLAGEN-08;Lageranlagen (ohne Tankstellen u.Heizölverbr.anl.);STFAT3;Maßgebende Stoffart;STOFF-FEST;Feste Stoffe in t;FASSV1;Fassungsvermögen;FV050B100;über 50 bis 100;8;Anzahl;ANL016;Geprüfte Anlagen z. Umgang mit wassergef. Stoffen
32331;Erh. der Anlagen zum Umgang mit wassergef. Stoffen;JAHR;Jahr;2022;DINSG;Deutschland insgesamt;DG;Deutschland;ANLAT8;Anlagenart;ANLAGEN-15;JGS-Anlagen;STFAT3;Maßgebende Stoffart;STOFF-GAS;Gasförmige Stoffe in t;FASSV1;Fassungsvermögen;FV050B100;über 50 bis 100;-;Anzahl;ANL016;Geprüfte Anlagen z. Umgang mit wassergef. Stoffen
32331;Erh. der Anlagen zum Umgang mit wassergef. Stoffen;JAHR;Jahr;2021;DINSG;Deutschland insgesamt;DG;Deutschland;ANLAT8;Anlagenart;ANLAGEN-11;Umschlaganlagen des intermodalen Verkehrs;STFAT3;Maßgebende Stoffart;STOFF-GAS;Gasförmige Stoffe in t;FASSV1;Fassungsvermögen;FV050B100;über 50 bis 100;-;Anzahl;ANL016;Geprüfte Anlagen z. Umgang mit wassergef. Stoffen
32331;Erh. der Anlagen zum Umgang mit wassergef. Stoffen;JAHR;Jahr;2023;DINSG;Deutschland insgesamt;DG;Deutschland;ANLAT8;Anlagenart;ANLAGEN-08;Lageranlagen (ohne Tankstellen u.Heizölverbr.anl.);STFAT3;Maßgebende Stoffart;STOFF-FEST;Feste Stoffe in t;FASSV1;Fassungsvermögen;FV050B100;über 50 bis 100;10;Anzahl;ANL016;Geprüfte Anlagen z. Umgang mit wassergef. Stoffen
32331;Erh. der Anlagen zum Umgang mit wassergef. Stoffen;JAHR;Jahr;2023;DINSG;Deutschland insgesamt;DG;Deutschland;ANLAT8;Anlagenart;ANLAGEN-14;Biogasanlagen;STFAT3;Maßgebende Stoffart;STOFF-FLUES;Flüssige Stoffe in m3;FASSV1;Fassungsvermögen;;Insgesamt;1107;Anzahl;ANL016;Geprüfte Anlagen z. Umgang mit wassergef. Stoffen
32331;Erh. der Anlagen zum Umgang mit wassergef. Stoffen;JAHR;Jahr;2020;DINSG;Deutschland insgesamt;DG;Deutschland;ANLAT8;Anlagenart;ANLAGEN-09;Abfüllanlagen (ohne Tankstellen);STFAT3;Maßgebende Stoffart;STOFF-FLUES;Flüssige Stoffe in m3;FASSV1;Fassungsvermögen;FV010B050;über 10 bis 50;1545;Anzahl;ANL016;Geprüfte Anlagen z. Umgang mit wassergef. Stoffen
32331;Erh. der Anlagen zum Umgang mit wassergef. Stoffen;JAHR;Jahr;2019;DINSG;Deutschland insgesamt;DG;Deutschland;ANLAT8;Anlagenart;ANLAGEN-06;Herstellungs-, Behandlungs- und Verwendungsanlagen;STFAT3;Maßgebende Stoffart;STOFF-GAS;Gasförmige Stoffe in t;FASSV1;Fassungsvermögen;;Insgesamt;13;Anzahl;ANL016;Geprüfte Anlagen z. Umgang mit wassergef. Stoffen
32331;Erh. der Anlagen zum Umgang mit wassergef. Stoffen;JAHR;Jahr;2022;DINSG;Deutschland insgesamt;DG;Deutschland;ANLAT8;Anlagenart;ANLAGEN-07;Heizölverbraucheranlagen;STFAT3;Maßgebende Stoffart;STOFF-GAS;Gasförmige Stoffe in t;FASSV1;Fassungsvermögen;;Insgesamt;-;Anzahl;ANL016;Geprüfte Anlagen z. Umgang mit wassergef. Stoffen
32331;Erh. der Anlagen zum Umgang mit wassergef. Stoffen;JAHR;Jahr;2019;DINSG;Deutschland insgesamt;DG;Deutschland;ANLAT8;Anlagenart;ANLAGEN-05;Umschlaganlagen;STFAT3;Maßgebende Stoffart;STOFF-GAS;Gasförmige Stoffe in t;FASSV1;Fassungsvermögen;;Insgesamt;1;Anzahl;ANL016;Geprüfte Anlagen z. Umgang mit wassergef. Stoffen
32331;Erh. der Anlagen zum Umgang mit wassergef. Stoffen;JAHR;Jahr;2020;DINSG;Deutschland insgesamt;DG;Deutschland;ANLAT8;Anlagenart;ANLAGEN-13;Rohrleitungsanlagen;STFAT3;Maßgebende Stoffart;STOFF-FLUES;Flüssige Stoffe in m3;FASSV1;Fassungsvermögen;FV050B100;über 50 bis 100;118;Anzahl;ANL016;Geprüfte Anlagen z. Umgang mit wassergef. Stoffen
32331;Erh. der Anlagen zum Umgang mit wassergef. Stoffen;JAHR;Jahr;2022;DINSG;Deutschland insgesamt;DG;Deutschland;ANLAT8;Anlagenart;ANLAGEN-06;Herstellungs-, Behandlungs- und Verwendungsanlagen;STFAT3;Maßgebende Stoffart;STOFF-GAS;Gasförmige Stoffe in t;FASSV1;Fassungsvermögen;;Insgesamt;44;Anzahl;ANL016;Geprüfte Anlagen z. Umgang mit wassergef. Stoffen
32331;Erh. der Anlagen zum Umgang mit wassergef. Stoffen;JAHR;Jahr;2022;DINSG;Deutschland insgesamt;DG;Deutschland;ANLAT8;Anlagenart;;Insgesamt;STFAT3;Maßgebende Stoffart;STOFF-GAS;Gasförmige Stoffe in t;FASSV1;Fassungsvermögen;FV100UM;über 100;25;Anzahl;ANL016;Geprüfte Anlagen z. Umgang mit wassergef. Stoffen
32331;Erh. der Anlagen zum Umgang mit wassergef. Stoffen;JAHR;Jahr;2023;DINSG;Deutschland insgesamt;DG;Deutschland;ANLAT8;Anlagenart;ANLAGEN-11;Umschlaganlagen des intermodalen Verkehrs;STFAT3;Maßgebende Stoffart;STOFF-GAS;Gasförmige Stoffe in t;FASSV1;Fassungsvermögen;;Insgesamt;-;Anzahl;ANL016;Geprüfte Anlagen z. Umgang mit wassergef. Stoffen
32331;Erh. der Anlagen zum Umgang mit wassergef. Stoffen;JAHR;Jahr;2019;DINSG;Deutschland insgesamt;DG;Deutschland;ANLAT8;Anlagenart;ANLAGEN-10;Umschlaganlagen ohne intermodalen Verkehr;STFAT3;Maßgebende Stoffart;STOFF-FLUES;Flüssige Stoffe in m3;FASSV1;Fassungsvermögen;FV010B050;über 10 bis 50;-;Anzahl;ANL016;Geprüfte Anlagen z. Umgang mit wassergef. Stoffen
32331;Erh. der Anlagen zum Umgang mit wassergef. Stoffen;JAHR;Jahr;2018;DINSG;Deutschland insgesamt;DG;Deutschland;ANLAT8;Anlagenart;ANLAGEN-13;Rohrleitungsanlagen;STFAT3;Maßgebende Stoffart;STOFF-GAS;Gasförmige Stoffe in t;FASSV1;Fassungsvermögen;FV050B100;über 50 bis 100;-;Anzahl;ANL016;Geprüfte Anlagen z. Umgang mit wassergef. Stoffen
32331;Erh. der Anlagen zum Umgang mit wassergef. Stoffen;JAHR;Jahr;2022;DINSG;Deutschland insgesamt;DG;Deutschland;ANLAT8;Anlagenart;ANLAGEN-05;Umschlaganlagen;STFAT3;Maßgebende Stoffart;STOFF-GAS;Gasförmige Stoffe in t;FASSV1;Fassungsvermögen;FV000B010;bis 10;-;Anzahl;ANL016;Geprüfte Anlagen z. Umgang mit wassergef. Stoffen
32331;Erh. der Anlagen zum Umgang mit wassergef. Stoffen;JAHR;Jahr;2020;DINSG;Deutschland insgesamt;DG;Deutschland;ANLAT8;Anlagenart;ANLAGEN-07;Heizölverbraucheranlagen;STFAT3;Maßgebende Stoffart;STOFF-FEST;Feste Stoffe in t;FASSV1;Fassungsvermögen;FV100UM;über 100;-;Anzahl;ANL016;Geprüfte Anlagen z. Umgang mit wassergef. Stoffen
32331;Erh. der Anlagen zum Umgang mit wassergef. Stoffen;JAHR;Jahr;2020;DINSG;Deutschland insgesamt;DG;Deutschland;ANLAT8;Anlagenart;ANLAGEN-11;Umschlaganlagen des intermodalen Verkehrs;STFAT3;Maßgebende Stoffart;STOFF-FLUES;Flüssige Stoffe in m3;FASSV1;Fassungsvermögen;;Insgesamt;8;Anzahl;ANL016;Geprüfte Anlagen z. Umgang mit wassergef. Stoffen
32331;Erh. der Anlagen zum Umgang mit wassergef. Stoffen;JAHR;Jahr;2019;DINSG;Deutschland insgesamt;DG;Deutschland;ANLAT8;Anlagenart;ANLAGEN-09;Abfüllanlagen (ohne Tankstellen);STFAT3;Maßgebende Stoffart;STOFF-GAS;Gasförmige Stoffe in t;FASSV1;Fassungsvermögen;FV100UM;über 100;-;Anzahl;ANL016;Geprüfte Anlagen z. Umgang mit wassergef. Stoffen
32331;Erh. der Anlagen zum Umgang mit wassergef. Stoffen;JAHR;Jahr;2020;DINSG;Deutschland insgesamt;DG;Deutschland;ANLAT8;Anlagenart;ANLAGEN-11;Umschlaganlagen des intermodalen Verkehrs;STFAT3;Maßgebende Stoffart;STOFF-FEST;Feste Stoffe in t;FASSV1;Fassungsvermögen;FV000B010;bis 10;-;Anzahl;ANL016;Geprüfte Anlagen z. Umgang mit wassergef. Stoffen
32331;Erh. der Anlagen zum Umgang mit wassergef. Stoffen;JAHR;Jahr;2020;DINSG;Deutschland insgesamt;DG;Deutschland;ANLAT8;Anlagenart;ANLAGEN-06;Herstellungs-, Behandlungs- und Verwendungsanlagen;STFAT3;Maßgebende Stoffart;STOFF-FLUES;Flüssige Stoffe in m3;FASSV1;Fassungsvermögen;FV000B010;bis 10;3622;Anzahl;ANL016;Geprüfte Anlagen z. Umgang mit wassergef. Stoffen
32331;Erh. der Anlagen zum Umgang mit wassergef. Stoffen;JAHR;Jahr;2021;DINSG;Deutschland insgesamt;DG;Deutschland;ANLAT8;Anlagenart;ANLAGEN-13;Rohrleitungsanlagen;STFAT3;Maßgebende Stoffart;STOFF-FLUES;Flüssige Stoffe in m3;FASSV1;Fassungsvermögen;FV050B100;über 50 bis 100;179;Anzahl;ANL016;Geprüfte Anlagen z. Umgang mit wassergef. Stoffen
32331;Erh. der Anlagen zum Umgang mit wassergef. Stoffen;JAHR;Jahr;2022;DINSG;Deutschland insgesamt;DG;Deutschland;ANLAT8;Anlagenart;ANLAGEN-08;Lageranlagen (ohne Tankstellen u.Heizölverbr.anl.);STFAT3;Maßgebende Stoffart;STOFF-FLUES;Flüssige Stoffe in m3;FASSV1;Fassungsvermögen;FV050B100;über 50 bis 100;2195;Anzahl;ANL016;Geprüfte Anlagen z. Umgang mit wassergef. Stoffen
32331;Erh. der Anlagen zum Umgang mit wassergef. Stoffen;JAHR;Jahr;2023;DINSG;Deutschland insgesamt;DG;Deutschland;ANLAT8;Anlagenart;ANLAGEN-12;Tankstellen;STFAT3;Maßgebende Stoffart;STOFF-FEST;Feste Stoffe in t;FASSV1;Fassungsvermögen;FV050B100;über 50 bis 100;-;Anzahl;ANL016;Geprüfte Anlagen z. Umgang mit wassergef. Stoffen
32331;Erh. der Anlagen zum Umgang mit wassergef. Stoffen;JAHR;Jahr;2021;DINSG;Deutschland insgesamt;DG;Deutschland;ANLAT8;Anlagenart;ANLAGEN-06;Herstellungs-, Behandlungs- und Verwendungsanlagen;STFAT3;Maßgebende Stoffart;STOFF-FEST;Feste Stoffe in t;FASSV1;Fassungsvermögen;FV050B100;über 50 bis 100;1;Anzahl;ANL016;Geprüfte Anlagen z. Umgang mit wassergef. Stoffen
32331;Erh. der Anlagen zum Umgang mit wassergef. Stoffen;JAHR;Jahr;2023;DINSG;Deutschland insgesamt;DG;Deutschland;ANLAT8;Anlagenart;ANLAGEN-07;Heizölverbraucheranlagen;STFAT3;Maßgebende Stoffart;STOFF-FEST;Feste Stoffe in t;FASSV1;Fassungsvermögen;FV000B010;bis 10;-;Anzahl;ANL016;Geprüfte Anlagen z. Umgang mit wassergef. Stoffen
32331;Erh. der Anlagen zum Umgang mit wassergef. Stoffen;JAHR;Jahr;2022;DINSG;Deutschland insgesamt;DG;Deutschland;ANLAT8;Anlagenart;ANLAGEN-13;Rohrleitungsanlagen;STFAT3;Maßgebende Stoffart;STOFF-GAS;Gasförmige Stoffe in t;FASSV1;Fassungsvermögen;;Insgesamt;12;Anzahl;ANL016;Geprüfte Anlagen z. Umgang mit wassergef. Stoffen
32331;Erh. der Anlagen zum Umgang mit wassergef. Stoffen;JAHR;Jahr;2020;DINSG;Deutschland insgesamt;DG;Deutschland;ANLAT8;Anlagenart;ANLAGEN-09;Abfüllanlagen (ohne Tankstellen);STFAT3;Maßgebende Stoffart;STOFF-GAS;Gasförmige Stoffe in t;FASSV1;Fassungsvermögen;;Insgesamt;2;Anzahl;ANL016;Geprüfte Anlagen z. Umgang mit wassergef. Stoffen
32331;Erh. der Anlagen zum Umgang mit wassergef. Stoffen;JAHR;Jahr;2022;DINSG;Deutschland insgesamt;DG;Deutschland;ANLAT8;Anlagenart;ANLAGEN-12;Tankstellen;STFAT3;Maßgebende Stoffart;STOFF-FEST;Feste Stoffe in t;FASSV1;Fassungsvermögen;FV050B100;über 50 bis 100;-;Anzahl;ANL016;Geprüfte Anlagen z. Umgang mit wassergef. Stoffen
32331;Erh. der Anlagen zum Umgang mit wassergef. Stoffen;JAHR;Jahr;2023;DINSG;Deutschland insgesamt;DG;Deutschland;ANLAT8;Anlagenart;ANLAGEN-07;Heizölverbraucheranlagen;STFAT3;Maßgebende Stoffart;STOFF-FEST;Feste Stoffe in t;FASSV1;Fassungsvermögen;FV100UM;über 100;-;Anzahl;ANL016;Geprüfte Anlagen z. Umgang mit wassergef. Stoffen
32331;Erh. der Anlagen zum Umgang mit wassergef. Stoffen;JAHR;Jahr;2019;DINSG;Deutschland insgesamt;DG;Deutschland;ANLAT8;Anlagenart;;Insgesamt;STFAT3;Maßgebende Stoffart;STOFF-FLUES;Flüssige Stoffe in m3;FASSV1;Fassungsvermögen;FV000B010;bis 10;161312;Anzahl;ANL016;Geprüfte Anlagen z. Umgang mit wassergef. Stoffen
32331;Erh. der Anlagen zum Umgang mit wassergef. Stoffen;JAHR;Jahr;2020;DINSG;Deutschland insgesamt;DG;Deutschland;ANLAT8;Anlagenart;ANLAGEN-06;Herstellungs-, Behandlungs- und Verwendungsanlagen;STFAT3;Maßgebende Stoffart;STOFF-GAS;Gasförmige Stoffe in t;FASSV1;Fassungsvermögen;FV000B010;bis 10;18;Anzahl;ANL016;Geprüfte Anlagen z. Umgang mit wassergef. Stoffen
32331;Erh. der Anlagen zum Umgang mit wassergef. Stoffen;JAHR;Jahr;2019;DINSG;Deutschland insgesamt;DG;Deutschland;ANLAT8;Anlagenart;ANLAGEN-07;Heizölverbraucheranlagen;STFAT3;Maßgebende Stoffart;STOFF-FEST;Feste Stoffe in t;FASSV1;Fassungsvermögen;FV010B050;über 10 bis 50;-;Anzahl;ANL016;Geprüfte Anlagen z. Umgang mit wassergef. Stoffen
32331;Erh. der Anlagen zum Umgang mit wassergef. Stoffen;JAHR;Jahr;2018;DINSG;Deutschland insgesamt;DG;Deutschland;ANLAT8;Anlagenart;ANLAGEN-11;Umschlaganlagen des intermodalen Verkehrs;STFAT3;Maßgebende Stoffart;STOFF-FLUES;Flüssige Stoffe in m3;FASSV1;Fassungsvermögen;FV050B100;über 50 bis 100;-;Anzahl;ANL016;Geprüfte Anlagen z. Umgang mit wassergef. Stoffen
32331;Erh. der Anlagen zum Umgang mit wassergef. Stoffen;JAHR;Jahr;2020;DINSG;Deutschland insgesamt;DG;Deutschland;ANLAT8;Anlagenart;ANLAGEN-10;Umschlaganlagen ohne intermodalen Verkehr;STFAT3;Maßgebende Stoffart;STOFF-FLUES;Flüssige Stoffe in m3;FASSV1;Fassungsvermögen;FV010B050;über 10 bis 50;179;Anzahl;ANL016;Geprüfte Anlagen z. Umgang mit wassergef. Stoffen
32331;Erh. der Anlagen zum Umgang mit wassergef. Stoffen;JAHR;Jahr;2022;DINSG;Deutschland insgesamt;DG;Deutschland;ANLAT8;Anlagenart;ANLAGEN-07;Heizölverbraucheranlagen;STFAT3;Maßgebende Stoffart;STOFF-FEST;Feste Stoffe in t;FASSV1;Fassungsvermögen;FV000B010;bis 10;-;Anzahl;ANL016;Geprüfte Anlagen z. Umgang mit wassergef. Stoffen
32331;Erh. der Anlagen zum Umgang mit wassergef. Stoffen;JAHR;Jahr;2023;DINSG;Deutschland insgesamt;DG;Deutschland;ANLAT8;Anlagenart;ANLAGEN-13;Rohrleitungsanlagen;STFAT3;Maßgebende Stoffart;STOFF-FEST;Feste Stoffe in t;FASSV1;Fassungsvermögen;FV000B010;bis 10;2;Anzahl;ANL016;Geprüfte Anlagen z. Umgang mit wassergef. Stoffen
32331;Erh. der Anlagen zum Umgang mit wassergef. Stoffen;JAHR;Jahr;2021;DINSG;Deutschland insgesamt;DG;Deutschland;ANLAT8;Anlagenart;ANLAGEN-05;Umschlaganlagen;STFAT3;Maßgebende Stoffart;STOFF-GAS;Gasförmige Stoffe in t;FASSV1;Fassungsvermögen;FV100UM;über 100;-;Anzahl;ANL016;Geprüfte Anlagen z. Umgang mit wassergef. Stoffen
32331;Erh. der Anlagen zum Umgang mit wassergef. Stoffen;JAHR;Jahr;2023;DINSG;Deutschland insgesamt;DG;Deutschland;ANLAT8;Anlagenart;ANLAGEN-06;Herstellungs-, Behandlungs- und Verwendungsanlagen;STFAT3;Maßgebende Stoffart;STOFF-FEST;Feste Stoffe in t;FASSV1;Fassungsvermögen;FV050B100;über 50 bis 100;2;Anzahl;ANL016;Geprüfte Anlagen z. Umgang mit wassergef. Stoffen
32331;Erh. der Anlagen zum Umgang mit wassergef. Stoffen;JAHR;Jahr;2020;DINSG;Deutschland insgesamt;DG;Deutschland;ANLAT8;Anlagenart;ANLAGEN-12;Tankstellen;STFAT3;Maßgebende Stoffart;STOFF-FEST;Feste Stoffe in t;FASSV1;Fassungsvermögen;FV100UM;über 100;-;Anzahl;ANL016;Geprüfte Anlagen z. Umgang mit wassergef. Stoffen
32331;Erh. der Anlagen zum Umgang mit wassergef. Stoffen;JAHR;Jahr;2021;DINSG;Deutschland insgesamt;DG;Deutschland;ANLAT8;Anlagenart;ANLAGEN-07;Heizölverbraucheranlagen;STFAT3;Maßgebende Stoffart;STOFF-FEST;Feste Stoffe in t;FASSV1;Fassungsvermögen;FV000B010;bis 10;-;Anzahl;ANL016;Geprüfte Anlagen z. Umgang mit wassergef. Stoffen
32331;Erh. der Anlagen zum Umgang mit wassergef. Stoffen;JAHR;Jahr;2019;DINSG;Deutschland insgesamt;DG;Deutschland;ANLAT8;Anlagenart;ANLAGEN-07;Heizölverbraucheranlagen;STFAT3;Maßgebende Stoffart;STOFF-FEST;Feste Stoffe in t;FASSV1;Fassungsvermögen;;Insgesamt;-;Anzahl;ANL016;Geprüfte Anlagen z. Umgang mit wassergef. Stoffen
32331;Erh. der Anlagen zum Umgang mit wassergef. Stoffen;JAHR;Jahr;2020;DINSG;Deutschland insgesamt;DG;Deutschland;ANLAT8;Anlagenart;ANLAGEN-06;Herstellungs-, Behandlungs- und Verwendungsanlagen;STFAT3;Maßgebende Stoffart;STOFF-FEST;Feste Stoffe in t;FASSV1;Fassungsvermögen;FV100UM;über 100;19;Anzahl;ANL016;Geprüfte Anlagen z. Umgang mit wassergef. Stoffen
32331;Erh. der Anlagen zum Umgang mit wassergef. Stoffen;JAHR;Jahr;2022;DINSG;Deutschland insgesamt;DG;Deutschland;ANLAT8;Anlagenart;ANLAGEN-12;Tankstellen;STFAT3;Maßgebende Stoffart;STOFF-FEST;Feste Stoffe in t;FASSV1;Fassungsvermögen;;Insgesamt;-;Anzahl;ANL016;Geprüfte Anlagen z. Umgang mit wassergef. Stoffen
32331;Erh. der Anlagen zum Umgang mit wassergef. Stoffen;JAHR;Jahr;2022;DINSG;Deutschland insgesamt;DG;Deutschland;ANLAT8;Anlagenart;ANLAGEN-05;Umschlaganlagen;STFAT3;Maßgebende Stoffart;STOFF-FLUES;Flüssige Stoffe in m3;FASSV1;Fassungsvermögen;FV010B050;über 10 bis 50;-;Anzahl;ANL016;Geprüfte Anlagen z. Umgang mit wassergef. Stoffen
32331;Erh. der Anlagen zum Umgang mit wassergef. Stoffen;JAHR;Jahr;2020;DINSG;Deutschland insgesamt;DG;Deutschland;ANLAT8;Anlagenart;ANLAGEN-07;Heizölverbraucheranlagen;STFAT3;Maßgebende Stoffart;STOFF-GAS;Gasförmige Stoffe in t;FASSV1;Fassungsvermögen;FV000B010;bis 10;-;Anzahl;ANL016;Geprüfte Anlagen z. Umgang mit wassergef. Stoffen
32331;Erh. der Anlagen zum Umgang mit wassergef. Stoffen;JAHR;Jahr;2022;DINSG;Deutschland insgesamt;DG;Deutschland;ANLAT8;Anlagenart;ANLAGEN-12;Tankstellen;STFAT3;Maßgebende Stoffart;STOFF-FLUES;Flüssige Stoffe in m3;FASSV1;Fassungsvermögen;FV010B050;über 10 bis 50;5625;Anzahl;ANL016;Geprüfte Anlagen z. Umgang mit wassergef. Stoffen
32331;Erh. der Anlagen zum Umgang mit wassergef. Stoffen;JAHR;Jahr;2019;DINSG;Deutschland insgesamt;DG;Deutschland;ANLAT8;Anlagenart;ANLAGEN-08;Lageranlagen (ohne Tankstellen u.Heizölverbr.anl.);STFAT3;Maßgebende Stoffart;STOFF-FLUES;Flüssige Stoffe in m3;FASSV1;Fassungsvermögen;FV010B050;über 10 bis 50;9798;Anzahl;ANL016;Geprüfte Anlagen z. Umgang mit wassergef. Stoffen
32331;Erh. der Anlagen zum Umgang mit wassergef. Stoffen;JAHR;Jahr;2019;DINSG;Deutschland insgesamt;DG;Deutschland;ANLAT8;Anlagenart;ANLAGEN-05;Umschlaganlagen;STFAT3;Maßgebende Stoffart;STOFF-GAS;Gasförmige Stoffe in t;FASSV1;Fassungsvermögen;FV000B010;bis 10;-;Anzahl;ANL016;Geprüfte Anlagen z. Umgang mit wassergef. Stoffen
32331;Erh. der Anlagen zum Umgang mit wassergef. Stoffen;JAHR;Jahr;2022;DINSG;Deutschland insgesamt;DG;Deutschland;ANLAT8;Anlagenart;ANLAGEN-07;Heizölverbraucheranlagen;STFAT3;Maßgebende Stoffart;STOFF-GAS;Gasförmige Stoffe in t;FASSV1;Fassungsvermögen;FV000B010;bis 10;-;Anzahl;ANL016;Geprüfte Anlagen z. Umgang mit wassergef. Stoffen
32331;Erh. der Anlagen zum Umgang mit wassergef. Stoffen;JAHR;Jahr;2021;DINSG;Deutschland insgesamt;DG;Deutschland;ANLAT8;Anlagenart;ANLAGEN-07;Heizölverbraucheranlagen;STFAT3;Maßgebende Stoffart;STOFF-GAS;Gasförmige Stoffe in t;FASSV1;Fassungsvermögen;FV000B010;bis 10;-;Anzahl;ANL016;Geprüfte Anlagen z. Umgang mit wassergef. Stoffen
32331;Erh. der Anlagen zum Umgang mit wassergef. Stoffen;JAHR;Jahr;2022;DINSG;Deutschland insgesamt;DG;Deutschland;ANLAT8;Anlagenart;ANLAGEN-06;Herstellungs-, Behandlungs- und Verwendungsanlagen;STFAT3;Maßgebende Stoffart;STOFF-FEST;Feste Stoffe in t;FASSV1;Fassungsvermögen;;Insgesamt;19;Anzahl;ANL016;Geprüfte Anlagen z. Umgang mit wassergef. Stoffen
32331;Erh. der Anlagen zum Umgang mit wassergef. Stoffen;JAHR;Jahr;2018;DINSG;Deutschland insgesamt;DG;Deutschland;ANLAT8;Anlagenart;ANLAGEN-06;Herstellungs-, Behandlungs- und Verwendungsanlagen;STFAT3;Maßgebende Stoffart;STOFF-FLUES;Flüssige Stoffe in m3;FASSV1;Fassungsvermögen;FV000B010;bis 10;3610;Anzahl;ANL016;Geprüfte Anlagen z. Umgang mit wassergef. Stoffen
32331;Erh. der Anlagen zum Umgang mit wassergef. Stoffen;JAHR;Jahr;2020;DINSG;Deutschland insgesamt;DG;Deutschland;ANLAT8;Anlagenart;ANLAGEN-11;Umschlaganlagen des intermodalen Verkehrs;STFAT3;Maßgebende Stoffart;STOFF-FLUES;Flüssige Stoffe in m3;FASSV1;Fassungsvermögen;FV050B100;über 50 bis 100;2;Anzahl;ANL016;Geprüfte Anlagen z. Umgang mit wassergef. Stoffen
32331;Erh. der Anlagen zum Umgang mit wassergef. Stoffen;JAHR;Jahr;2019;DINSG;Deutschland insgesamt;DG;Deutschland;ANLAT8;Anlagenart;ANLAGEN-11;Umschlaganlagen des intermodalen Verkehrs;STFAT3;Maßgebende Stoffart;STOFF-FEST;Feste Stoffe in t;FASSV1;Fassungsvermögen;FV010B050;über 10 bis 50;-;Anzahl;ANL016;Geprüfte Anlagen z. Umgang mit wassergef. Stoffen
32331;Erh. der Anlagen zum Umgang mit wassergef. Stoffen;JAHR;Jahr;2021;DINSG;Deutschland insgesamt;DG;Deutschland;ANLAT8;Anlagenart;ANLAGEN-10;Umschlaganlagen ohne intermodalen Verkehr;STFAT3;Maßgebende Stoffart;STOFF-FEST;Feste Stoffe in t;FASSV1;Fassungsvermögen;FV010B050;über 10 bis 50;-;Anzahl;ANL016;Geprüfte Anlagen z. Umgang mit wassergef. Stoffen
32331;Erh. der Anlagen zum Umgang mit wassergef. Stoffen;JAHR;Jahr;2019;DINSG;Deutschland insgesamt;DG;Deutschland;ANLAT8;Anlagenart;ANLAGEN-09;Abfüllanlagen (ohne Tankstellen);STFAT3;Maßgebende Stoffart;STOFF-FLUES;Flüssige Stoffe in m3;FASSV1;Fassungsvermögen;FV000B010;bis 10;1157;Anzahl;ANL016;Geprüfte Anlagen z. Umgang mit wassergef. Stoffen
32331;Erh. der Anlagen zum Umgang mit wassergef. Stoffen;JAHR;Jahr;2018;DINSG;Deutschland insgesamt;DG;Deutschland;ANLAT8;Anlagenart;ANLAGEN-09;Abfüllanlagen (ohne Tankstellen);STFAT3;Maßgebende Stoffart;STOFF-FEST;Feste Stoffe in t;FASSV1;Fassungsvermögen;FV010B050;über 10 bis 50;-;Anzahl;ANL016;Geprüfte Anlagen z. Umgang mit wassergef. Stoffen
32331;Erh. der Anlagen zum Umgang mit wassergef. Stoffen;JAHR;Jahr;2023;DINSG;Deutschland insgesamt;DG;Deutschland;ANLAT8;Anlagenart;ANLAGEN-05;Umschlaganlagen;STFAT3;Maßgebende Stoffart;STOFF-FLUES;Flüssige Stoffe in m3;FASSV1;Fassungsvermögen;FV010B050;über 10 bis 50;-;Anzahl;ANL016;Geprüfte Anlagen z. Umgang mit wassergef. Stoffen
32331;Erh. der Anlagen zum Umgang mit wassergef. Stoffen;JAHR;Jahr;2020;DINSG;Deutschland insgesamt;DG;Deutschland;ANLAT8;Anlagenart;ANLAGEN-15;JGS-Anlagen;STFAT3;Maßgebende Stoffart;STOFF-FLUES;Flüssige Stoffe in m3;FASSV1;Fassungsvermögen;;Insgesamt;1195;Anzahl;ANL016;Geprüfte Anlagen z. Umgang mit wassergef. Stoffen
32331;Erh. der Anlagen zum Umgang mit wassergef. Stoffen;JAHR;Jahr;2023;DINSG;Deutschland insgesamt;DG;Deutschland;ANLAT8;Anlagenart;ANLAGEN-12;Tankstellen;STFAT3;Maßgebende Stoffart;STOFF-FEST;Feste Stoffe in t;FASSV1;Fassungsvermögen;FV100UM;über 100;-;Anzahl;ANL016;Geprüfte Anlagen z. Umgang mit wassergef. Stoffen
32331;Erh. der Anlagen zum Umgang mit wassergef. Stoffen;JAHR;Jahr;2020;DINSG;Deutschland insgesamt;DG;Deutschland;ANLAT8;Anlagenart;ANLAGEN-05;Umschlaganlagen;STFAT3;Maßgebende Stoffart;STOFF-FEST;Feste Stoffe in t;FASSV1;Fassungsvermögen;FV000B010;bis 10;-;Anzahl;ANL016;Geprüfte Anlagen z. Umgang mit wassergef. Stoffen
32331;Erh. der Anlagen zum Umgang mit wassergef. Stoffen;JAHR;Jahr;2018;DINSG;Deutschland insgesamt;DG;Deutschland;ANLAT8;Anlagenart;ANLAGEN-08;Lageranlagen (ohne Tankstellen u.Heizölverbr.anl.);STFAT3;Maßgebende Stoffart;STOFF-GAS;Gasförmige Stoffe in t;FASSV1;Fassungsvermögen;FV000B010;bis 10;1;Anzahl;ANL016;Geprüfte Anlagen z. Umgang mit wassergef. Stoffen
32331;Erh. der Anlagen zum Umgang mit wassergef. Stoffen;JAHR;Jahr;2021;DINSG;Deutschland insgesamt;DG;Deutschland;ANLAT8;Anlagenart;ANLAGEN-12;Tankstellen;STFAT3;Maßgebende Stoffart;STOFF-GAS;Gasförmige Stoffe in t;FASSV1;Fassungsvermögen;FV100UM;über 100;-;Anzahl;ANL016;Geprüfte Anlagen z. Umgang mit wassergef. Stoffen
32331;Erh. der Anlagen zum Umgang mit wassergef. Stoffen;JAHR;Jahr;2018;DINSG;Deutschland insgesamt;DG;Deutschland;ANLAT8;Anlagenart;;Insgesamt;STFAT3;Maßgebende Stoffart;STOFF-FEST;Feste Stoffe in t;FASSV1;Fassungsvermögen;FV050B100;über 50 bis 100;11;Anzahl;ANL016;Geprüfte Anlagen z. Umgang mit wassergef. Stoffen
32331;Erh. der Anlagen zum Umgang mit wassergef. Stoffen;JAHR;Jahr;2021;DINSG;Deutschland insgesamt;DG;Deutschland;ANLAT8;Anlagenart;ANLAGEN-11;Umschlaganlagen des intermodalen Verkehrs;STFAT3;Maßgebende Stoffart;STOFF-GAS;Gasförmige Stoffe in t;FASSV1;Fassungsvermögen;FV100UM;über 100;-;Anzahl;ANL016;Geprüfte Anlagen z. Umgang mit wassergef. Stoffen
32331;Erh. der Anlagen zum Umgang mit wassergef. Stoffen;JAHR;Jahr;2021;DINSG;Deutschland insgesamt;DG;Deutschland;ANLAT8;Anlagenart;ANLAGEN-06;Herstellungs-, Behandlungs- und Verwendungsanlagen;STFAT3;Maßgebende Stoffart;STOFF-FLUES;Flüssige Stoffe in m3;FASSV1;Fassungsvermögen;FV050B100;über 50 bis 100;556;Anzahl;ANL016;Geprüfte Anlagen z. Umgang mit wassergef. Stoffen
32331;Erh. der Anlagen zum Umgang mit wassergef. Stoffen;JAHR;Jahr;2022;DINSG;Deutschland insgesamt;DG;Deutschland;ANLAT8;Anlagenart;ANLAGEN-08;Lageranlagen (ohne Tankstellen u.Heizölverbr.anl.);STFAT3;Maßgebende Stoffart;STOFF-GAS;Gasförmige Stoffe in t;FASSV1;Fassungsvermögen;FV000B010;bis 10;7;Anzahl;ANL016;Geprüfte Anlagen z. Umgang mit wassergef. Stoffen
32331;Erh. der Anlagen zum Umgang mit wassergef. Stoffen;JAHR;Jahr;2021;DINSG;Deutschland insgesamt;DG;Deutschland;ANLAT8;Anlagenart;ANLAGEN-10;Umschlaganlagen ohne intermodalen Verkehr;STFAT3;Maßgebende Stoffart;STOFF-FEST;Feste Stoffe in t;FASSV1;Fassungsvermögen;FV050B100;über 50 bis 100;1;Anzahl;ANL016;Geprüfte Anlagen z. Umgang mit wassergef. Stoffen
32331;Erh. der Anlagen zum Umgang mit wassergef. Stoffen;JAHR;Jahr;2018;DINSG;Deutschland insgesamt;DG;Deutschland;ANLAT8;Anlagenart;ANLAGEN-13;Rohrleitungsanlagen;STFAT3;Maßgebende Stoffart;STOFF-GAS;Gasförmige Stoffe in t;FASSV1;Fassungsvermögen;;Insgesamt;27;Anzahl;ANL016;Geprüfte Anlagen z. Umgang mit wassergef. Stoffen
32331;Erh. der Anlagen zum Umgang mit wassergef. Stoffen;JAHR;Jahr;2019;DINSG;Deutschland insgesamt;DG;Deutschland;ANLAT8;Anlagenart;;Insgesamt;STFAT3;Maßgebende Stoffart;STOFF-FEST;Feste Stoffe in t;FASSV1;Fassungsvermögen;FV000B010;bis 10;15;Anzahl;ANL016;Geprüfte Anlagen z. Umgang mit wassergef. Stoffen
32331;Erh. der Anlagen zum Umgang mit wassergef. Stoffen;JAHR;Jahr;2020;DINSG;Deutschland insgesamt;DG;Deutschland;ANLAT8;Anlagenart;ANLAGEN-10;Umschlaganlagen ohne intermodalen Verkehr;STFAT3;Maßgebende Stoffart;STOFF-FEST;Feste Stoffe in t;FASSV1;Fassungsvermögen;FV050B100;über 50 bis 100;1;Anzahl;ANL016;Geprüfte Anlagen z. Umgang mit wassergef. Stoffen
32331;Erh. der Anlagen zum Umgang mit wassergef. Stoffen;JAHR;Jahr;2022;DINSG;Deutschland insgesamt;DG;Deutschland;ANLAT8;Anlagenart;ANLAGEN-05;Umschlaganlagen;STFAT3;Maßgebende Stoffart;STOFF-FLUES;Flüssige Stoffe in m3;FASSV1;Fassungsvermögen;FV050B100;über 50 bis 100;-;Anzahl;ANL016;Geprüfte Anlagen z. Umgang mit wassergef. Stoffen
32331;Erh. der Anlagen zum Umgang mit wassergef. Stoffen;JAHR;Jahr;2021;DINSG;Deutschland insgesamt;DG;Deutschland;ANLAT8;Anlagenart;ANLAGEN-12;Tankstellen;STFAT3;Maßgebende Stoffart;STOFF-FLUES;Flüssige Stoffe in m3;FASSV1;Fassungsvermögen;FV010B050;über 10 bis 50;6863;Anzahl;ANL016;Geprüfte Anlagen z. Umgang mit wassergef. Stoffen
32331;Erh. der Anlagen zum Umgang mit wassergef. Stoffen;JAHR;Jahr;2022;DINSG;Deutschland insgesamt;DG;Deutschland;ANLAT8;Anlagenart;ANLAGEN-15;JGS-Anlagen;STFAT3;Maßgebende Stoffart;STOFF-FLUES;Flüssige Stoffe in m3;FASSV1;Fassungsvermögen;FV010B050;über 10 bis 50;48;Anzahl;ANL016;Geprüfte Anlagen z. Umgang mit wassergef. Stoffen
32331;Erh. der Anlagen zum Umgang mit wassergef. Stoffen;JAHR;Jahr;2020;DINSG;Deutschland insgesamt;DG;Deutschland;ANLAT8;Anlagenart;ANLAGEN-08;Lageranlagen (ohne Tankstellen u.Heizölverbr.anl.);STFAT3;Maßgebende Stoffart;STOFF-FEST;Feste Stoffe in t;FASSV1;Fassungsvermögen;FV050B100;über 50 bis 100;5;Anzahl;ANL016;Geprüfte Anlagen z. Umgang mit wassergef. Stoffen
32331;Erh. der Anlagen zum Umgang mit wassergef. Stoffen;JAHR;Jahr;2018;DINSG;Deutschland insgesamt;DG;Deutschland;ANLAT8;Anlagenart;ANLAGEN-11;Umschlaganlagen des intermodalen Verkehrs;STFAT3;Maßgebende Stoffart;STOFF-FEST;Feste Stoffe in t;FASSV1;Fassungsvermögen;FV010B050;über 10 bis 50;-;Anzahl;ANL016;Geprüfte Anlagen z. Umgang mit wassergef. Stoffen
32331;Erh. der Anlagen zum Umgang mit wassergef. Stoffen;JAHR;Jahr;2022;DINSG;Deutschland insgesamt;DG;Deutschland;ANLAT8;Anlagenart;ANLAGEN-13;Rohrleitungsanlagen;STFAT3;Maßgebende Stoffart;STOFF-FEST;Feste Stoffe in t;FASSV1;Fassungsvermögen;FV000B010;bis 10;6;Anzahl;ANL016;Geprüfte Anlagen z. Umgang mit wassergef. Stoffen
32331;Erh. der Anlagen zum Umgang mit wassergef. Stoffen;JAHR;Jahr;2023;DINSG;Deutschland insgesamt;DG;Deutschland;ANLAT8;Anlagenart;ANLAGEN-14;Biogasanlagen;STFAT3;Maßgebende Stoffart;STOFF-FLUES;Flüssige Stoffe in m3;FASSV1;Fassungsvermögen;FV010B050;über 10 bis 50;4;Anzahl;ANL016;Geprüfte Anlagen z. Umgang mit wassergef. Stoffen
32331;Erh. der Anlagen zum Umgang mit wassergef. Stoffen;JAHR;Jahr;2021;DINSG;Deutschland insgesamt;DG;Deutschland;ANLAT8;Anlagenart;ANLAGEN-11;Umschlaganlagen des intermodalen Verkehrs;STFAT3;Maßgebende Stoffart;STOFF-FEST;Feste Stoffe in t;FASSV1;Fassungsvermögen;FV000B010;bis 10;-;Anzahl;ANL016;Geprüfte Anlagen z. Umgang mit wassergef. Stoffen
32331;Erh. der Anlagen zum Umgang mit wassergef. Stoffen;JAHR;Jahr;2020;DINSG;Deutschland insgesamt;DG;Deutschland;ANLAT8;Anlagenart;ANLAGEN-05;Umschlaganlagen;STFAT3;Maßgebende Stoffart;STOFF-GAS;Gasförmige Stoffe in t;FASSV1;Fassungsvermögen;;Insgesamt;-;Anzahl;ANL016;Geprüfte Anlagen z. Umgang mit wassergef. Stoffen
32331;Erh. der Anlagen zum Umgang mit wassergef. Stoffen;JAHR;Jahr;2019;DINSG;Deutschland insgesamt;DG;Deutschland;ANLAT8;Anlagenart;;Insgesamt;STFAT3;Maßgebende Stoffart;STOFF-GAS;Gasförmige Stoffe in t;FASSV1;Fassungsvermögen;FV010B050;über 10 bis 50;10;Anzahl;ANL016;Geprüfte Anlagen z. Umgang mit wassergef. Stoffen
32331;Erh. der Anlagen zum Umgang mit wassergef. Stoffen;JAHR;Jahr;2022;DINSG;Deutschland insgesamt;DG;Deutschland;ANLAT8;Anlagenart;ANLAGEN-10;Umschlaganlagen ohne intermodalen Verkehr;STFAT3;Maßgebende Stoffart;STOFF-FEST;Feste Stoffe in t;FASSV1;Fassungsvermögen;FV010B050;über 10 bis 50;-;Anzahl;ANL016;Geprüfte Anlagen z. Umgang mit wassergef. Stoffen
32331;Erh. der Anlagen zum Umgang mit wassergef. Stoffen;JAHR;Jahr;2023;DINSG;Deutschland insgesamt;DG;Deutschland;ANLAT8;Anlagenart;ANLAGEN-12;Tankstellen;STFAT3;Maßgebende Stoffart;STOFF-FEST;Feste Stoffe in t;FASSV1;Fassungsvermögen;FV010B050;über 10 bis 50;-;Anzahl;ANL016;Geprüfte Anlagen z. Umgang mit wassergef. Stoffen
32331;Erh. der Anlagen zum Umgang mit wassergef. Stoffen;JAHR;Jahr;2020;DINSG;Deutschland insgesamt;DG;Deutschland;ANLAT8;Anlagenart;ANLAGEN-15;JGS-Anlagen;STFAT3;Maßgebende Stoffart;STOFF-FEST;Feste Stoffe in t;FASSV1;Fassungsvermögen;;Insgesamt;97;Anzahl;ANL016;Geprüfte Anlagen z. Umgang mit wassergef. Stoffen
32331;Erh. der Anlagen zum Umgang mit wassergef. Stoffen;JAHR;Jahr;2018;DINSG;Deutschland insgesamt;DG;Deutschland;ANLAT8;Anlagenart;ANLAGEN-07;Heizölverbraucheranlagen;STFAT3;Maßgebende Stoffart;STOFF-GAS;Gasförmige Stoffe in t;FASSV1;Fassungsvermögen;FV000B010;bis 10;-;Anzahl;ANL016;Geprüfte Anlagen z. Umgang mit wassergef. Stoffen
32331;Erh. der Anlagen zum Umgang mit wassergef. Stoffen;JAHR;Jahr;2023;DINSG;Deutschland insgesamt;DG;Deutschland;ANLAT8;Anlagenart;ANLAGEN-08;Lageranlagen (ohne Tankstellen u.Heizölverbr.anl.);STFAT3;Maßgebende Stoffart;STOFF-FLUES;Flüssige Stoffe in m3;FASSV1;Fassungsvermögen;FV050B100;über 50 bis 100;2076;Anzahl;ANL016;Geprüfte Anlagen z. Umgang mit wassergef. Stoffen
32331;Erh. der Anlagen zum Umgang mit wassergef. Stoffen;JAHR;Jahr;2018;DINSG;Deutschland insgesamt;DG;Deutschland;ANLAT8;Anlagenart;ANLAGEN-13;Rohrleitungsanlagen;STFAT3;Maßgebende Stoffart;STOFF-FEST;Feste Stoffe in t;FASSV1;Fassungsvermögen;FV000B010;bis 10;-;Anzahl;ANL016;Geprüfte Anlagen z. Umgang mit wassergef. Stoffen
32331;Erh. der Anlagen zum Umgang mit wassergef. Stoffen;JAHR;Jahr;2020;DINSG;Deutschland insgesamt;DG;Deutschland;ANLAT8;Anlagenart;ANLAGEN-09;Abfüllanlagen (ohne Tankstellen);STFAT3;Maßgebende Stoffart;STOFF-FEST;Feste Stoffe in t;FASSV1;Fassungsvermögen;;Insgesamt;7;Anzahl;ANL016;Geprüfte Anlagen z. Umgang mit wassergef. Stoffen
32331;Erh. der Anlagen zum Umgang mit wassergef. Stoffen;JAHR;Jahr;2021;DINSG;Deutschland insgesamt;DG;Deutschland;ANLAT8;Anlagenart;ANLAGEN-15;JGS-Anlagen;STFAT3;Maßgebende Stoffart;STOFF-GAS;Gasförmige Stoffe in t;FASSV1;Fassungsvermögen;FV050B100;über 50 bis 100;-;Anzahl;ANL016;Geprüfte Anlagen z. Umgang mit wassergef. Stoffen
32331;Erh. der Anlagen zum Umgang mit wassergef. Stoffen;JAHR;Jahr;2018;DINSG;Deutschland insgesamt;DG;Deutschland;ANLAT8;Anlagenart;ANLAGEN-12;Tankstellen;STFAT3;Maßgebende Stoffart;STOFF-GAS;Gasförmige Stoffe in t;FASSV1;Fassungsvermögen;;Insgesamt;-;Anzahl;ANL016;Geprüfte Anlagen z. Umgang mit wassergef. Stoffen
32331;Erh. der Anlagen zum Umgang mit wassergef. Stoffen;JAHR;Jahr;2023;DINSG;Deutschland insgesamt;DG;Deutschland;ANLAT8;Anlagenart;ANLAGEN-05;Umschlaganlagen;STFAT3;Maßgebende Stoffart;STOFF-GAS;Gasförmige Stoffe in t;FASSV1;Fassungsvermögen;FV000B010;bis 10;-;Anzahl;ANL016;Geprüfte Anlagen z. Umgang mit wassergef. Stoffen
32331;Erh. der Anlagen zum Umgang mit wassergef. Stoffen;JAHR;Jahr;2020;DINSG;Deutschland insgesamt;DG;Deutschland;ANLAT8;Anlagenart;ANLAGEN-14;Biogasanlagen;STFAT3;Maßgebende Stoffart;STOFF-FEST;Feste Stoffe in t;FASSV1;Fassungsvermögen;FV050B100;über 50 bis 100;-;Anzahl;ANL016;Geprüfte Anlagen z. Umgang mit wassergef. Stoffen
32331;Erh. der Anlagen zum Umgang mit wassergef. Stoffen;JAHR;Jahr;2018;DINSG;Deutschland insgesamt;DG;Deutschland;ANLAT8;Anlagenart;ANLAGEN-07;Heizölverbraucheranlagen;STFAT3;Maßgebende Stoffart;STOFF-FEST;Feste Stoffe in t;FASSV1;Fassungsvermögen;FV000B010;bis 10;-;Anzahl;ANL016;Geprüfte Anlagen z. Umgang mit wassergef. Stoffen
32331;Erh. der Anlagen zum Umgang mit wassergef. Stoffen;JAHR;Jahr;2023;DINSG;Deutschland insgesamt;DG;Deutschland;ANLAT8;Anlagenart;ANLAGEN-08;Lageranlagen (ohne Tankstellen u.Heizölverbr.anl.);STFAT3;Maßgebende Stoffart;STOFF-FEST;Feste Stoffe in t;FASSV1;Fassungsvermögen;FV100UM;über 100;126;Anzahl;ANL016;Geprüfte Anlagen z. Umgang mit wassergef. Stoffen
32331;Erh. der Anlagen zum Umgang mit wassergef. Stoffen;JAHR;Jahr;2023;DINSG;Deutschland insgesamt;DG;Deutschland;ANLAT8;Anlagenart;ANLAGEN-13;Rohrleitungsanlagen;STFAT3;Maßgebende Stoffart;STOFF-FLUES;Flüssige Stoffe in m3;FASSV1;Fassungsvermögen;;Insgesamt;2236;Anzahl;ANL016;Geprüfte Anlagen z. Umgang mit wassergef. Stoffen
32331;Erh. der Anlagen zum Umgang mit wassergef. Stoffen;JAHR;Jahr;2020;DINSG;Deutschland insgesamt;DG;Deutschland;ANLAT8;Anlagenart;;Insgesamt;STFAT3;Maßgebende Stoffart;STOFF-FEST;Feste Stoffe in t;FASSV1;Fassungsvermögen;FV010B050;über 10 bis 50;18;Anzahl;ANL016;Geprüfte Anlagen z. Umgang mit wassergef. Stoffen
32331;Erh. der Anlagen zum Umgang mit wassergef. Stoffen;JAHR;Jahr;2022;DINSG;Deutschland insgesamt;DG;Deutschland;ANLAT8;Anlagenart;ANLAGEN-13;Rohrleitungsanlagen;STFAT3;Maßgebende Stoffart;STOFF-FLUES;Flüssige Stoffe in m3;FASSV1;Fassungsvermögen;;Insgesamt;2033;Anzahl;ANL016;Geprüfte Anlagen z. Umgang mit wassergef. Stoffen
32331;Erh. der Anlagen zum Umgang mit wassergef. Stoffen;JAHR;Jahr;2020;DINSG;Deutschland insgesamt;DG;Deutschland;ANLAT8;Anlagenart;ANLAGEN-11;Umschlaganlagen des intermodalen Verkehrs;STFAT3;Maßgebende Stoffart;STOFF-GAS;Gasförmige Stoffe in t;FASSV1;Fassungsvermögen;;Insgesamt;-;Anzahl;ANL016;Geprüfte Anlagen z. Umgang mit wassergef. Stoffen
32331;Erh. der Anlagen zum Umgang mit wassergef. Stoffen;JAHR;Jahr;2023;DINSG;Deutschland insgesamt;DG;Deutschland;ANLAT8;Anlagenart;;Insgesamt;STFAT3;Maßgebende Stoffart;STOFF-FLUES;Flüssige Stoffe in m3;FASSV1;Fassungsvermögen;FV050B100;über 50 bis 100;8573;Anzahl;ANL016;Geprüfte Anlagen z. Umgang mit wassergef. Stoffen
32331;Erh. der Anlagen zum Umgang mit wassergef. Stoffen;JAHR;Jahr;2020;DINSG;Deutschland insgesamt;DG;Deutschland;ANLAT8;Anlagenart;ANLAGEN-10;Umschlaganlagen ohne intermodalen Verkehr;STFAT3;Maßgebende Stoffart;STOFF-FLUES;Flüssige Stoffe in m3;FASSV1;Fassungsvermögen;FV050B100;über 50 bis 100;170;Anzahl;ANL016;Geprüfte Anlagen z. Umgang mit wassergef. Stoffen
32331;Erh. der Anlagen zum Umgang mit wassergef. Stoffen;JAHR;Jahr;2018;DINSG;Deutschland insgesamt;DG;Deutschland;ANLAT8;Anlagenart;ANLAGEN-07;Heizölverbraucheranlagen;STFAT3;Maßgebende Stoffart;STOFF-FLUES;Flüssige Stoffe in m3;FASSV1;Fassungsvermögen;FV000B010;bis 10;124350;Anzahl;ANL016;Geprüfte Anlagen z. Umgang mit wassergef. Stoffen
32331;Erh. der Anlagen zum Umgang mit wassergef. Stoffen;JAHR;Jahr;2018;DINSG;Deutschland insgesamt;DG;Deutschland;ANLAT8;Anlagenart;ANLAGEN-07;Heizölverbraucheranlagen;STFAT3;Maßgebende Stoffart;STOFF-FLUES;Flüssige Stoffe in m3;FASSV1;Fassungsvermögen;FV100UM;über 100;391;Anzahl;ANL016;Geprüfte Anlagen z. Umgang mit wassergef. Stoffen
32331;Erh. der Anlagen zum Umgang mit wassergef. Stoffen;JAHR;Jahr;2020;DINSG;Deutschland insgesamt;DG;Deutschland;ANLAT8;Anlagenart;ANLAGEN-15;JGS-Anlagen;STFAT3;Maßgebende Stoffart;STOFF-GAS;Gasförmige Stoffe in t;FASSV1;Fassungsvermögen;;Insgesamt;-;Anzahl;ANL016;Geprüfte Anlagen z. Umgang mit wassergef. Stoffen
32331;Erh. der Anlagen zum Umgang mit wassergef. Stoffen;JAHR;Jahr;2019;DINSG;Deutschland insgesamt;DG;Deutschland;ANLAT8;Anlagenart;ANLAGEN-07;Heizölverbraucheranlagen;STFAT3;Maßgebende Stoffart;STOFF-FLUES;Flüssige Stoffe in m3;FASSV1;Fassungsvermögen;FV100UM;über 100;302;Anzahl;ANL016;Geprüfte Anlagen z. Umgang mit wassergef. Stoffen
32331;Erh. der Anlagen zum Umgang mit wassergef. Stoffen;JAHR;Jahr;2022;DINSG;Deutschland insgesamt;DG;Deutschland;ANLAT8;Anlagenart;;Insgesamt;STFAT3;Maßgebende Stoffart;STOFF-FEST;Feste Stoffe in t;FASSV1;Fassungsvermögen;FV050B100;über 50 bis 100;15;Anzahl;ANL016;Geprüfte Anlagen z. Umgang mit wassergef. Stoffen
32331;Erh. der Anlagen zum Umgang mit wassergef. Stoffen;JAHR;Jahr;2020;DINSG;Deutschland insgesamt;DG;Deutschland;ANLAT8;Anlagenart;ANLAGEN-06;Herstellungs-, Behandlungs- und Verwendungsanlagen;STFAT3;Maßgebende Stoffart;STOFF-FLUES;Flüssige Stoffe in m3;FASSV1;Fassungsvermögen;FV100UM;über 100;946;Anzahl;ANL016;Geprüfte Anlagen z. Umgang mit wassergef. Stoffen
32331;Erh. der Anlagen zum Umgang mit wassergef. Stoffen;JAHR;Jahr;2018;DINSG;Deutschland insgesamt;DG;Deutschland;ANLAT8;Anlagenart;ANLAGEN-15;JGS-Anlagen;STFAT3;Maßgebende Stoffart;STOFF-FEST;Feste Stoffe in t;FASSV1;Fassungsvermögen;FV010B050;über 10 bis 50;-;Anzahl;ANL016;Geprüfte Anlagen z. Umgang mit wassergef. Stoffen
32331;Erh. der Anlagen zum Umgang mit wassergef. Stoffen;JAHR;Jahr;2019;DINSG;Deutschland insgesamt;DG;Deutschland;ANLAT8;Anlagenart;ANLAGEN-12;Tankstellen;STFAT3;Maßgebende Stoffart;STOFF-FEST;Feste Stoffe in t;FASSV1;Fassungsvermögen;FV050B100;über 50 bis 100;-;Anzahl;ANL016;Geprüfte Anlagen z. Umgang mit wassergef. Stoffen
32331;Erh. der Anlagen zum Umgang mit wassergef. Stoffen;JAHR;Jahr;2021;DINSG;Deutschland insgesamt;DG;Deutschland;ANLAT8;Anlagenart;ANLAGEN-05;Umschlaganlagen;STFAT3;Maßgebende Stoffart;STOFF-FLUES;Flüssige Stoffe in m3;FASSV1;Fassungsvermögen;FV050B100;über 50 bis 100;-;Anzahl;ANL016;Geprüfte Anlagen z. Umgang mit wassergef. Stoffen
32331;Erh. der Anlagen zum Umgang mit wassergef. Stoffen;JAHR;Jahr;2020;DINSG;Deutschland insgesamt;DG;Deutschland;ANLAT8;Anlagenart;ANLAGEN-11;Umschlaganlagen des intermodalen Verkehrs;STFAT3;Maßgebende Stoffart;STOFF-FEST;Feste Stoffe in t;FASSV1;Fassungsvermögen;FV100UM;über 100;-;Anzahl;ANL016;Geprüfte Anlagen z. Umgang mit wassergef. Stoffen
32331;Erh. der Anlagen zum Umgang mit wassergef. Stoffen;JAHR;Jahr;2021;DINSG;Deutschland insgesamt;DG;Deutschland;ANLAT8;Anlagenart;ANLAGEN-09;Abfüllanlagen (ohne Tankstellen);STFAT3;Maßgebende Stoffart;STOFF-FLUES;Flüssige Stoffe in m3;FASSV1;Fassungsvermögen;FV000B010;bis 10;1067;Anzahl;ANL016;Geprüfte Anlagen z. Umgang mit wassergef. Stoffen
32331;Erh. der Anlagen zum Umgang mit wassergef. Stoffen;JAHR;Jahr;2022;DINSG;Deutschland insgesamt;DG;Deutschland;ANLAT8;Anlagenart;ANLAGEN-14;Biogasanlagen;STFAT3;Maßgebende Stoffart;STOFF-FLUES;Flüssige Stoffe in m3;FASSV1;Fassungsvermögen;FV010B050;über 10 bis 50;4;Anzahl;ANL016;Geprüfte Anlagen z. Umgang mit wassergef. Stoffen
32331;Erh. der Anlagen zum Umgang mit wassergef. Stoffen;JAHR;Jahr;2019;DINSG;Deutschland insgesamt;DG;Deutschland;ANLAT8;Anlagenart;;Insgesamt;STFAT3;Maßgebende Stoffart;STOFF-GAS;Gasförmige Stoffe in t;FASSV1;Fassungsvermögen;FV100UM;über 100;11;Anzahl;ANL016;Geprüfte Anlagen z. Umgang mit wassergef. Stoffen
32331;Erh. der Anlagen zum Umgang mit wassergef. Stoffen;JAHR;Jahr;2019;DINSG;Deutschland insgesamt;DG;Deutschland;ANLAT8;Anlagenart;ANLAGEN-13;Rohrleitungsanlagen;STFAT3;Maßgebende Stoffart;STOFF-FEST;Feste Stoffe in t;FASSV1;Fassungsvermögen;FV000B010;bis 10;-;Anzahl;ANL016;Geprüfte Anlagen z. Umgang mit wassergef. Stoffen
32331;Erh. der Anlagen zum Umgang mit wassergef. Stoffen;JAHR;Jahr;2018;DINSG;Deutschland insgesamt;DG;Deutschland;ANLAT8;Anlagenart;ANLAGEN-05;Umschlaganlagen;STFAT3;Maßgebende Stoffart;STOFF-FEST;Feste Stoffe in t;FASSV1;Fassungsvermögen;FV010B050;über 10 bis 50;-;Anzahl;ANL016;Geprüfte Anlagen z. Umgang mit wassergef. Stoffen
32331;Erh. der Anlagen zum Umgang mit wassergef. Stoffen;JAHR;Jahr;2022;DINSG;Deutschland insgesamt;DG;Deutschland;ANLAT8;Anlagenart;ANLAGEN-06;Herstellungs-, Behandlungs- und Verwendungsanlagen;STFAT3;Maßgebende Stoffart;STOFF-FLUES;Flüssige Stoffe in m3;FASSV1;Fassungsvermögen;FV050B100;über 50 bis 100;640;Anzahl;ANL016;Geprüfte Anlagen z. Umgang mit wassergef. Stoffen
32331;Erh. der Anlagen zum Umgang mit wassergef. Stoffen;JAHR;Jahr;2022;DINSG;Deutschland insgesamt;DG;Deutschland;ANLAT8;Anlagenart;ANLAGEN-07;Heizölverbraucheranlagen;STFAT3;Maßgebende Stoffart;STOFF-FLUES;Flüssige Stoffe in m3;FASSV1;Fassungsvermögen;FV100UM;über 100;253;Anzahl;ANL016;Geprüfte Anlagen z. Umgang mit wassergef. Stoffen
32331;Erh. der Anlagen zum Umgang mit wassergef. Stoffen;JAHR;Jahr;2021;DINSG;Deutschland insgesamt;DG;Deutschland;ANLAT8;Anlagenart;ANLAGEN-07;Heizölverbraucheranlagen;STFAT3;Maßgebende Stoffart;STOFF-FLUES;Flüssige Stoffe in m3;FASSV1;Fassungsvermögen;FV100UM;über 100;291;Anzahl;ANL016;Geprüfte Anlagen z. Umgang mit wassergef. Stoffen
32331;Erh. der Anlagen zum Umgang mit wassergef. Stoffen;JAHR;Jahr;2023;DINSG;Deutschland insgesamt;DG;Deutschland;ANLAT8;Anlagenart;ANLAGEN-08;Lageranlagen (ohne Tankstellen u.Heizölverbr.anl.);STFAT3;Maßgebende Stoffart;STOFF-FLUES;Flüssige Stoffe in m3;FASSV1;Fassungsvermögen;FV010B050;über 10 bis 50;7164;Anzahl;ANL016;Geprüfte Anlagen z. Umgang mit wassergef. Stoffen
32331;Erh. der Anlagen zum Umgang mit wassergef. Stoffen;JAHR;Jahr;2023;DINSG;Deutschland insgesamt;DG;Deutschland;ANLAT8;Anlagenart;ANLAGEN-13;Rohrleitungsanlagen;STFAT3;Maßgebende Stoffart;STOFF-GAS;Gasförmige Stoffe in t;FASSV1;Fassungsvermögen;FV050B100;über 50 bis 100;4;Anzahl;ANL016;Geprüfte Anlagen z. Umgang mit wassergef. Stoffen
32331;Erh. der Anlagen zum Umgang mit wassergef. Stoffen;JAHR;Jahr;2023;DINSG;Deutschland insgesamt;DG;Deutschland;ANLAT8;Anlagenart;ANLAGEN-15;JGS-Anlagen;STFAT3;Maßgebende Stoffart;STOFF-FLUES;Flüssige Stoffe in m3;FASSV1;Fassungsvermögen;FV010B050;über 10 bis 50;17;Anzahl;ANL016;Geprüfte Anlagen z. Umgang mit wassergef. Stoffen
32331;Erh. der Anlagen zum Umgang mit wassergef. Stoffen;JAHR;Jahr;2021;DINSG;Deutschland insgesamt;DG;Deutschland;ANLAT8;Anlagenart;ANLAGEN-08;Lageranlagen (ohne Tankstellen u.Heizölverbr.anl.);STFAT3;Maßgebende Stoffart;STOFF-FLUES;Flüssige Stoffe in m3;FASSV1;Fassungsvermögen;FV000B010;bis 10;9356;Anzahl;ANL016;Geprüfte Anlagen z. Umgang mit wassergef. Stoffen
32331;Erh. der Anlagen zum Umgang mit wassergef. Stoffen;JAHR;Jahr;2018;DINSG;Deutschland insgesamt;DG;Deutschland;ANLAT8;Anlagenart;ANLAGEN-07;Heizölverbraucheranlagen;STFAT3;Maßgebende Stoffart;STOFF-FEST;Feste Stoffe in t;FASSV1;Fassungsvermögen;FV100UM;über 100;-;Anzahl;ANL016;Geprüfte Anlagen z. Umgang mit wassergef. Stoffen
32331;Erh. der Anlagen zum Umgang mit wassergef. Stoffen;JAHR;Jahr;2019;DINSG;Deutschland insgesamt;DG;Deutschland;ANLAT8;Anlagenart;ANLAGEN-12;Tankstellen;STFAT3;Maßgebende Stoffart;STOFF-FEST;Feste Stoffe in t;FASSV1;Fassungsvermögen;;Insgesamt;-;Anzahl;ANL016;Geprüfte Anlagen z. Umgang mit wassergef. Stoffen
32331;Erh. der Anlagen zum Umgang mit wassergef. Stoffen;JAHR;Jahr;2020;DINSG;Deutschland insgesamt;DG;Deutschland;ANLAT8;Anlagenart;ANLAGEN-08;Lageranlagen (ohne Tankstellen u.Heizölverbr.anl.);STFAT3;Maßgebende Stoffart;STOFF-FEST;Feste Stoffe in t;FASSV1;Fassungsvermögen;FV010B050;über 10 bis 50;13;Anzahl;ANL016;Geprüfte Anlagen z. Umgang mit wassergef. Stoffen
32331;Erh. der Anlagen zum Umgang mit wassergef. Stoffen;JAHR;Jahr;2023;DINSG;Deutschland insgesamt;DG;Deutschland;ANLAT8;Anlagenart;ANLAGEN-06;Herstellungs-, Behandlungs- und Verwendungsanlagen;STFAT3;Maßgebende Stoffart;STOFF-FEST;Feste Stoffe in t;FASSV1;Fassungsvermögen;FV010B050;über 10 bis 50;1;Anzahl;ANL016;Geprüfte Anlagen z. Umgang mit wassergef. Stoffen
32331;Erh. der Anlagen zum Umgang mit wassergef. Stoffen;JAHR;Jahr;2022;DINSG;Deutschland insgesamt;DG;Deutschland;ANLAT8;Anlagenart;ANLAGEN-07;Heizölverbraucheranlagen;STFAT3;Maßgebende Stoffart;STOFF-FLUES;Flüssige Stoffe in m3;FASSV1;Fassungsvermögen;FV050B100;über 50 bis 100;2464;Anzahl;ANL016;Geprüfte Anlagen z. Umgang mit wassergef. Stoffen
32331;Erh. der Anlagen zum Umgang mit wassergef. Stoffen;JAHR;Jahr;2023;DINSG;Deutschland insgesamt;DG;Deutschland;ANLAT8;Anlagenart;ANLAGEN-08;Lageranlagen (ohne Tankstellen u.Heizölverbr.anl.);STFAT3;Maßgebende Stoffart;STOFF-GAS;Gasförmige Stoffe in t;FASSV1;Fassungsvermögen;FV000B010;bis 10;8;Anzahl;ANL016;Geprüfte Anlagen z. Umgang mit wassergef. Stoffen
32331;Erh. der Anlagen zum Umgang mit wassergef. Stoffen;JAHR;Jahr;2021;DINSG;Deutschland insgesamt;DG;Deutschland;ANLAT8;Anlagenart;ANLAGEN-15;JGS-Anlagen;STFAT3;Maßgebende Stoffart;STOFF-FEST;Feste Stoffe in t;FASSV1;Fassungsvermögen;FV100UM;über 100;73;Anzahl;ANL016;Geprüfte Anlagen z. Umgang mit wassergef. Stoffen
32331;Erh. der Anlagen zum Umgang mit wassergef. Stoffen;JAHR;Jahr;2019;DINSG;Deutschland insgesamt;DG;Deutschland;ANLAT8;Anlagenart;ANLAGEN-08;Lageranlagen (ohne Tankstellen u.Heizölverbr.anl.);STFAT3;Maßgebende Stoffart;STOFF-GAS;Gasförmige Stoffe in t;FASSV1;Fassungsvermögen;FV000B010;bis 10;2;Anzahl;ANL016;Geprüfte Anlagen z. Umgang mit wassergef. Stoffen
32331;Erh. der Anlagen zum Umgang mit wassergef. Stoffen;JAHR;Jahr;2018;DINSG;Deutschland insgesamt;DG;Deutschland;ANLAT8;Anlagenart;ANLAGEN-12;Tankstellen;STFAT3;Maßgebende Stoffart;STOFF-GAS;Gasförmige Stoffe in t;FASSV1;Fassungsvermögen;FV050B100;über 50 bis 100;-;Anzahl;ANL016;Geprüfte Anlagen z. Umgang mit wassergef. Stoffen
32331;Erh. der Anlagen zum Umgang mit wassergef. Stoffen;JAHR;Jahr;2021;DINSG;Deutschland insgesamt;DG;Deutschland;ANLAT8;Anlagenart;ANLAGEN-12;Tankstellen;STFAT3;Maßgebende Stoffart;STOFF-FLUES;Flüssige Stoffe in m3;FASSV1;Fassungsvermögen;FV050B100;über 50 bis 100;2843;Anzahl;ANL016;Geprüfte Anlagen z. Umgang mit wassergef. Stoffen
32331;Erh. der Anlagen zum Umgang mit wassergef. Stoffen;JAHR;Jahr;2020;DINSG;Deutschland insgesamt;DG;Deutschland;ANLAT8;Anlagenart;ANLAGEN-05;Umschlaganlagen;STFAT3;Maßgebende Stoffart;STOFF-FLUES;Flüssige Stoffe in m3;FASSV1;Fassungsvermögen;FV000B010;bis 10;-;Anzahl;ANL016;Geprüfte Anlagen z. Umgang mit wassergef. Stoffen
32331;Erh. der Anlagen zum Umgang mit wassergef. Stoffen;JAHR;Jahr;2021;DINSG;Deutschland insgesamt;DG;Deutschland;ANLAT8;Anlagenart;ANLAGEN-12;Tankstellen;STFAT3;Maßgebende Stoffart;STOFF-GAS;Gasförmige Stoffe in t;FASSV1;Fassungsvermögen;FV050B100;über 50 bis 100;-;Anzahl;ANL016;Geprüfte Anlagen z. Umgang mit wassergef. Stoffen
32331;Erh. der Anlagen zum Umgang mit wassergef. Stoffen;JAHR;Jahr;2020;DINSG;Deutschland insgesamt;DG;Deutschland;ANLAT8;Anlagenart;ANLAGEN-12;Tankstellen;STFAT3;Maßgebende Stoffart;STOFF-FLUES;Flüssige Stoffe in m3;FASSV1;Fassungsvermögen;;Insgesamt;17584;Anzahl;ANL016;Geprüfte Anlagen z. Umgang mit wassergef. Stoffen
32331;Erh. der Anlagen zum Umgang mit wassergef. Stoffen;JAHR;Jahr;2019;DINSG;Deutschland insgesamt;DG;Deutschland;ANLAT8;Anlagenart;ANLAGEN-13;Rohrleitungsanlagen;STFAT3;Maßgebende Stoffart;STOFF-FEST;Feste Stoffe in t;FASSV1;Fassungsvermögen;;Insgesamt;-;Anzahl;ANL016;Geprüfte Anlagen z. Umgang mit wassergef. Stoffen
32331;Erh. der Anlagen zum Umgang mit wassergef. Stoffen;JAHR;Jahr;2022;DINSG;Deutschland insgesamt;DG;Deutschland;ANLAT8;Anlagenart;ANLAGEN-15;JGS-Anlagen;STFAT3;Maßgebende Stoffart;STOFF-FLUES;Flüssige Stoffe in m3;FASSV1;Fassungsvermögen;FV050B100;über 50 bis 100;34;Anzahl;ANL016;Geprüfte Anlagen z. Umgang mit wassergef. Stoffen
32331;Erh. der Anlagen zum Umgang mit wassergef. Stoffen;JAHR;Jahr;2023;DINSG;Deutschland insgesamt;DG;Deutschland;ANLAT8;Anlagenart;ANLAGEN-13;Rohrleitungsanlagen;STFAT3;Maßgebende Stoffart;STOFF-FEST;Feste Stoffe in t;FASSV1;Fassungsvermögen;FV100UM;über 100;-;Anzahl;ANL016;Geprüfte Anlagen z. Umgang mit wassergef. Stoffen
32331;Erh. der Anlagen zum Umgang mit wassergef. Stoffen;JAHR;Jahr;2018;DINSG;Deutschland insgesamt;DG;Deutschland;ANLAT8;Anlagenart;ANLAGEN-06;Herstellungs-, Behandlungs- und Verwendungsanlagen;STFAT3;Maßgebende Stoffart;STOFF-FEST;Feste Stoffe in t;FASSV1;Fassungsvermögen;FV050B100;über 50 bis 100;1;Anzahl;ANL016;Geprüfte Anlagen z. Umgang mit wassergef. Stoffen
32331;Erh. der Anlagen zum Umgang mit wassergef. Stoffen;JAHR;Jahr;2020;DINSG;Deutschland insgesamt;DG;Deutschland;ANLAT8;Anlagenart;ANLAGEN-15;JGS-Anlagen;STFAT3;Maßgebende Stoffart;STOFF-FEST;Feste Stoffe in t;FASSV1;Fassungsvermögen;FV000B010;bis 10;6;Anzahl;ANL016;Geprüfte Anlagen z. Umgang mit wassergef. Stoffen
32331;Erh. der Anlagen zum Umgang mit wassergef. Stoffen;JAHR;Jahr;2022;DINSG;Deutschland insgesamt;DG;Deutschland;ANLAT8;Anlagenart;ANLAGEN-13;Rohrleitungsanlagen;STFAT3;Maßgebende Stoffart;STOFF-FLUES;Flüssige Stoffe in m3;FASSV1;Fassungsvermögen;FV010B050;über 10 bis 50;872;Anzahl;ANL016;Geprüfte Anlagen z. Umgang mit wassergef. Stoffen
32331;Erh. der Anlagen zum Umgang mit wassergef. Stoffen;JAHR;Jahr;2021;DINSG;Deutschland insgesamt;DG;Deutschland;ANLAT8;Anlagenart;ANLAGEN-14;Biogasanlagen;STFAT3;Maßgebende Stoffart;STOFF-FEST;Feste Stoffe in t;FASSV1;Fassungsvermögen;FV010B050;über 10 bis 50;-;Anzahl;ANL016;Geprüfte Anlagen z. Umgang mit wassergef. Stoffen
32331;Erh. der Anlagen zum Umgang mit wassergef. Stoffen;JAHR;Jahr;2021;DINSG;Deutschland insgesamt;DG;Deutschland;ANLAT8;Anlagenart;ANLAGEN-10;Umschlaganlagen ohne intermodalen Verkehr;STFAT3;Maßgebende Stoffart;STOFF-FLUES;Flüssige Stoffe in m3;FASSV1;Fassungsvermögen;FV010B050;über 10 bis 50;163;Anzahl;ANL016;Geprüfte Anlagen z. Umgang mit wassergef. Stoffen
32331;Erh. der Anlagen zum Umgang mit wassergef. Stoffen;JAHR;Jahr;2023;DINSG;Deutschland insgesamt;DG;Deutschland;ANLAT8;Anlagenart;ANLAGEN-07;Heizölverbraucheranlagen;STFAT3;Maßgebende Stoffart;STOFF-FLUES;Flüssige Stoffe in m3;FASSV1;Fassungsvermögen;FV010B050;über 10 bis 50;47687;Anzahl;ANL016;Geprüfte Anlagen z. Umgang mit wassergef. Stoffen
32331;Erh. der Anlagen zum Umgang mit wassergef. Stoffen;JAHR;Jahr;2019;DINSG;Deutschland insgesamt;DG;Deutschland;ANLAT8;Anlagenart;ANLAGEN-13;Rohrleitungsanlagen;STFAT3;Maßgebende Stoffart;STOFF-FLUES;Flüssige Stoffe in m3;FASSV1;Fassungsvermögen;;Insgesamt;1714;Anzahl;ANL016;Geprüfte Anlagen z. Umgang mit wassergef. Stoffen
32331;Erh. der Anlagen zum Umgang mit wassergef. Stoffen;JAHR;Jahr;2022;DINSG;Deutschland insgesamt;DG;Deutschland;ANLAT8;Anlagenart;ANLAGEN-06;Herstellungs-, Behandlungs- und Verwendungsanlagen;STFAT3;Maßgebende Stoffart;STOFF-FEST;Feste Stoffe in t;FASSV1;Fassungsvermögen;FV050B100;über 50 bis 100;4;Anzahl;ANL016;Geprüfte Anlagen z. Umgang mit wassergef. Stoffen
32331;Erh. der Anlagen zum Umgang mit wassergef. Stoffen;JAHR;Jahr;2020;DINSG;Deutschland insgesamt;DG;Deutschland;ANLAT8;Anlagenart;ANLAGEN-15;JGS-Anlagen;STFAT3;Maßgebende Stoffart;STOFF-GAS;Gasförmige Stoffe in t;FASSV1;Fassungsvermögen;FV050B100;über 50 bis 100;-;Anzahl;ANL016;Geprüfte Anlagen z. Umgang mit wassergef. Stoffen
32331;Erh. der Anlagen zum Umgang mit wassergef. Stoffen;JAHR;Jahr;2021;DINSG;Deutschland insgesamt;DG;Deutschland;ANLAT8;Anlagenart;ANLAGEN-09;Abfüllanlagen (ohne Tankstellen);STFAT3;Maßgebende Stoffart;STOFF-FLUES;Flüssige Stoffe in m3;FASSV1;Fassungsvermögen;FV010B050;über 10 bis 50;1405;Anzahl;ANL016;Geprüfte Anlagen z. Umgang mit wassergef. Stoffen
32331;Erh. der Anlagen zum Umgang mit wassergef. Stoffen;JAHR;Jahr;2022;DINSG;Deutschland insgesamt;DG;Deutschland;ANLAT8;Anlagenart;ANLAGEN-08;Lageranlagen (ohne Tankstellen u.Heizölverbr.anl.);STFAT3;Maßgebende Stoffart;STOFF-FEST;Feste Stoffe in t;FASSV1;Fassungsvermögen;;Insgesamt;144;Anzahl;ANL016;Geprüfte Anlagen z. Umgang mit wassergef. Stoffen
32331;Erh. der Anlagen zum Umgang mit wassergef. Stoffen;JAHR;Jahr;2019;DINSG;Deutschland insgesamt;DG;Deutschland;ANLAT8;Anlagenart;ANLAGEN-09;Abfüllanlagen (ohne Tankstellen);STFAT3;Maßgebende Stoffart;STOFF-FEST;Feste Stoffe in t;FASSV1;Fassungsvermögen;;Insgesamt;3;Anzahl;ANL016;Geprüfte Anlagen z. Umgang mit wassergef. Stoffen
32331;Erh. der Anlagen zum Umgang mit wassergef. Stoffen;JAHR;Jahr;2023;DINSG;Deutschland insgesamt;DG;Deutschland;ANLAT8;Anlagenart;ANLAGEN-14;Biogasanlagen;STFAT3;Maßgebende Stoffart;STOFF-FEST;Feste Stoffe in t;FASSV1;Fassungsvermögen;;Insgesamt;14;Anzahl;ANL016;Geprüfte Anlagen z. Umgang mit wassergef. Stoffen
32331;Erh. der Anlagen zum Umgang mit wassergef. Stoffen;JAHR;Jahr;2022;DINSG;Deutschland insgesamt;DG;Deutschland;ANLAT8;Anlagenart;ANLAGEN-11;Umschlaganlagen des intermodalen Verkehrs;STFAT3;Maßgebende Stoffart;STOFF-GAS;Gasförmige Stoffe in t;FASSV1;Fassungsvermögen;;Insgesamt;-;Anzahl;ANL016;Geprüfte Anlagen z. Umgang mit wassergef. Stoffen
32331;Erh. der Anlagen zum Umgang mit wassergef. Stoffen;JAHR;Jahr;2018;DINSG;Deutschland insgesamt;DG;Deutschland;ANLAT8;Anlagenart;ANLAGEN-14;Biogasanlagen;STFAT3;Maßgebende Stoffart;STOFF-GAS;Gasförmige Stoffe in t;FASSV1;Fassungsvermögen;FV010B050;über 10 bis 50;-;Anzahl;ANL016;Geprüfte Anlagen z. Umgang mit wassergef. Stoffen
32331;Erh. der Anlagen zum Umgang mit wassergef. Stoffen;JAHR;Jahr;2019;DINSG;Deutschland insgesamt;DG;Deutschland;ANLAT8;Anlagenart;ANLAGEN-14;Biogasanlagen;STFAT3;Maßgebende Stoffart;STOFF-GAS;Gasförmige Stoffe in t;FASSV1;Fassungsvermögen;FV010B050;über 10 bis 50;1;Anzahl;ANL016;Geprüfte Anlagen z. Umgang mit wassergef. Stoffen
32331;Erh. der Anlagen zum Umgang mit wassergef. Stoffen;JAHR;Jahr;2022;DINSG;Deutschland insgesamt;DG;Deutschland;ANLAT8;Anlagenart;ANLAGEN-15;JGS-Anlagen;STFAT3;Maßgebende Stoffart;STOFF-FEST;Feste Stoffe in t;FASSV1;Fassungsvermögen;FV010B050;über 10 bis 50;2;Anzahl;ANL016;Geprüfte Anlagen z. Umgang mit wassergef. Stoffen
32331;Erh. der Anlagen zum Umgang mit wassergef. Stoffen;JAHR;Jahr;2021;DINSG;Deutschland insgesamt;DG;Deutschland;ANLAT8;Anlagenart;ANLAGEN-13;Rohrleitungsanlagen;STFAT3;Maßgebende Stoffart;STOFF-GAS;Gasförmige Stoffe in t;FASSV1;Fassungsvermögen;FV010B050;über 10 bis 50;1;Anzahl;ANL016;Geprüfte Anlagen z. Umgang mit wassergef. Stoffen
32331;Erh. der Anlagen zum Umgang mit wassergef. Stoffen;JAHR;Jahr;2020;DINSG;Deutschland insgesamt;DG;Deutschland;ANLAT8;Anlagenart;ANLAGEN-14;Biogasanlagen;STFAT3;Maßgebende Stoffart;STOFF-GAS;Gasförmige Stoffe in t;FASSV1;Fassungsvermögen;;Insgesamt;-;Anzahl;ANL016;Geprüfte Anlagen z. Umgang mit wassergef. Stoffen
32331;Erh. der Anlagen zum Umgang mit wassergef. Stoffen;JAHR;Jahr;2022;DINSG;Deutschland insgesamt;DG;Deutschland;ANLAT8;Anlagenart;ANLAGEN-13;Rohrleitungsanlagen;STFAT3;Maßgebende Stoffart;STOFF-GAS;Gasförmige Stoffe in t;FASSV1;Fassungsvermögen;FV010B050;über 10 bis 50;2;Anzahl;ANL016;Geprüfte Anlagen z. Umgang mit wassergef. Stoffen
32331;Erh. der Anlagen zum Umgang mit wassergef. Stoffen;JAHR;Jahr;2022;DINSG;Deutschland insgesamt;DG;Deutschland;ANLAT8;Anlagenart;ANLAGEN-14;Biogasanlagen;STFAT3;Maßgebende Stoffart;STOFF-FLUES;Flüssige Stoffe in m3;FASSV1;Fassungsvermögen;FV050B100;über 50 bis 100;3;Anzahl;ANL016;Geprüfte Anlagen z. Umgang mit wassergef. Stoffen
32331;Erh. der Anlagen zum Umgang mit wassergef. Stoffen;JAHR;Jahr;2022;DINSG;Deutschland insgesamt;DG;Deutschland;ANLAT8;Anlagenart;ANLAGEN-14;Biogasanlagen;STFAT3;Maßgebende Stoffart;STOFF-GAS;Gasförmige Stoffe in t;FASSV1;Fassungsvermögen;FV100UM;über 100;-;Anzahl;ANL016;Geprüfte Anlagen z. Umgang mit wassergef. Stoffen
32331;Erh. der Anlagen zum Umgang mit wassergef. Stoffen;JAHR;Jahr;2021;DINSG;Deutschland insgesamt;DG;Deutschland;ANLAT8;Anlagenart;ANLAGEN-07;Heizölverbraucheranlagen;STFAT3;Maßgebende Stoffart;STOFF-GAS;Gasförmige Stoffe in t;FASSV1;Fassungsvermögen;FV100UM;über 100;-;Anzahl;ANL016;Geprüfte Anlagen z. Umgang mit wassergef. Stoffen
32331;Erh. der Anlagen zum Umgang mit wassergef. Stoffen;JAHR;Jahr;2021;DINSG;Deutschland insgesamt;DG;Deutschland;ANLAT8;Anlagenart;ANLAGEN-15;JGS-Anlagen;STFAT3;Maßgebende Stoffart;STOFF-FEST;Feste Stoffe in t;FASSV1;Fassungsvermögen;FV010B050;über 10 bis 50;1;Anzahl;ANL016;Geprüfte Anlagen z. Umgang mit wassergef. Stoffen
32331;Erh. der Anlagen zum Umgang mit wassergef. Stoffen;JAHR;Jahr;2022;DINSG;Deutschland insgesamt;DG;Deutschland;ANLAT8;Anlagenart;ANLAGEN-10;Umschlaganlagen ohne intermodalen Verkehr;STFAT3;Maßgebende Stoffart;STOFF-FEST;Feste Stoffe in t;FASSV1;Fassungsvermögen;FV100UM;über 100;8;Anzahl;ANL016;Geprüfte Anlagen z. Umgang mit wassergef. Stoffen
32331;Erh. der Anlagen zum Umgang mit wassergef. Stoffen;JAHR;Jahr;2023;DINSG;Deutschland insgesamt;DG;Deutschland;ANLAT8;Anlagenart;ANLAGEN-15;JGS-Anlagen;STFAT3;Maßgebende Stoffart;STOFF-GAS;Gasförmige Stoffe in t;FASSV1;Fassungsvermögen;FV100UM;über 100;-;Anzahl;ANL016;Geprüfte Anlagen z. Umgang mit wassergef. Stoffen
32331;Erh. der Anlagen zum Umgang mit wassergef. Stoffen;JAHR;Jahr;2019;DINSG;Deutschland insgesamt;DG;Deutschland;ANLAT8;Anlagenart;ANLAGEN-15;JGS-Anlagen;STFAT3;Maßgebende Stoffart;STOFF-GAS;Gasförmige Stoffe in t;FASSV1;Fassungsvermögen;;Insgesamt;-;Anzahl;ANL016;Geprüfte Anlagen z. Umgang mit wassergef. Stoffen
32331;Erh. der Anlagen zum Umgang mit wassergef. Stoffen;JAHR;Jahr;2019;DINSG;Deutschland insgesamt;DG;Deutschland;ANLAT8;Anlagenart;ANLAGEN-05;Umschlaganlagen;STFAT3;Maßgebende Stoffart;STOFF-FLUES;Flüssige Stoffe in m3;FASSV1;Fassungsvermögen;FV000B010;bis 10;229;Anzahl;ANL016;Geprüfte Anlagen z. Umgang mit wassergef. Stoffen
32331;Erh. der Anlagen zum Umgang mit wassergef. Stoffen;JAHR;Jahr;2019;DINSG;Deutschland insgesamt;DG;Deutschland;ANLAT8;Anlagenart;ANLAGEN-13;Rohrleitungsanlagen;STFAT3;Maßgebende Stoffart;STOFF-GAS;Gasförmige Stoffe in t;FASSV1;Fassungsvermögen;FV010B050;über 10 bis 50;-;Anzahl;ANL016;Geprüfte Anlagen z. Umgang mit wassergef. Stoffen
32331;Erh. der Anlagen zum Umgang mit wassergef. Stoffen;JAHR;Jahr;2020;DINSG;Deutschland insgesamt;DG;Deutschland;ANLAT8;Anlagenart;ANLAGEN-15;JGS-Anlagen;STFAT3;Maßgebende Stoffart;STOFF-FEST;Feste Stoffe in t;FASSV1;Fassungsvermögen;FV010B050;über 10 bis 50;3;Anzahl;ANL016;Geprüfte Anlagen z. Umgang mit wassergef. Stoffen
32331;Erh. der Anlagen zum Umgang mit wassergef. Stoffen;JAHR;Jahr;2020;DINSG;Deutschland insgesamt;DG;Deutschland;ANLAT8;Anlagenart;ANLAGEN-14;Biogasanlagen;STFAT3;Maßgebende Stoffart;STOFF-FEST;Feste Stoffe in t;FASSV1;Fassungsvermögen;FV010B050;über 10 bis 50;-;Anzahl;ANL016;Geprüfte Anlagen z. Umgang mit wassergef. Stoffen
32331;Erh. der Anlagen zum Umgang mit wassergef. Stoffen;JAHR;Jahr;2021;DINSG;Deutschland insgesamt;DG;Deutschland;ANLAT8;Anlagenart;;Insgesamt;STFAT3;Maßgebende Stoffart;STOFF-FLUES;Flüssige Stoffe in m3;FASSV1;Fassungsvermögen;FV010B050;über 10 bis 50;65324;Anzahl;ANL016;Geprüfte Anlagen z. Umgang mit wassergef. Stoffen
32331;Erh. der Anlagen zum Umgang mit wassergef. Stoffen;JAHR;Jahr;2021;DINSG;Deutschland insgesamt;DG;Deutschland;ANLAT8;Anlagenart;ANLAGEN-09;Abfüllanlagen (ohne Tankstellen);STFAT3;Maßgebende Stoffart;STOFF-FEST;Feste Stoffe in t;FASSV1;Fassungsvermögen;FV010B050;über 10 bis 50;-;Anzahl;ANL016;Geprüfte Anlagen z. Umgang mit wassergef. Stoffen
32331;Erh. der Anlagen zum Umgang mit wassergef. Stoffen;JAHR;Jahr;2020;DINSG;Deutschland insgesamt;DG;Deutschland;ANLAT8;Anlagenart;ANLAGEN-07;Heizölverbraucheranlagen;STFAT3;Maßgebende Stoffart;STOFF-FLUES;Flüssige Stoffe in m3;FASSV1;Fassungsvermögen;FV010B050;über 10 bis 50;51950;Anzahl;ANL016;Geprüfte Anlagen z. Umgang mit wassergef. Stoffen
32331;Erh. der Anlagen zum Umgang mit wassergef. Stoffen;JAHR;Jahr;2020;DINSG;Deutschland insgesamt;DG;Deutschland;ANLAT8;Anlagenart;ANLAGEN-15;JGS-Anlagen;STFAT3;Maßgebende Stoffart;STOFF-FEST;Feste Stoffe in t;FASSV1;Fassungsvermögen;FV100UM;über 100;79;Anzahl;ANL016;Geprüfte Anlagen z. Umgang mit wassergef. Stoffen
32331;Erh. der Anlagen zum Umgang mit wassergef. Stoffen;JAHR;Jahr;2018;DINSG;Deutschland insgesamt;DG;Deutschland;ANLAT8;Anlagenart;ANLAGEN-12;Tankstellen;STFAT3;Maßgebende Stoffart;STOFF-FLUES;Flüssige Stoffe in m3;FASSV1;Fassungsvermögen;FV000B010;bis 10;2735;Anzahl;ANL016;Geprüfte Anlagen z. Umgang mit wassergef. Stoffen
32331;Erh. der Anlagen zum Umgang mit wassergef. Stoffen;JAHR;Jahr;2020;DINSG;Deutschland insgesamt;DG;Deutschland;ANLAT8;Anlagenart;ANLAGEN-08;Lageranlagen (ohne Tankstellen u.Heizölverbr.anl.);STFAT3;Maßgebende Stoffart;STOFF-FEST;Feste Stoffe in t;FASSV1;Fassungsvermögen;FV100UM;über 100;144;Anzahl;ANL016;Geprüfte Anlagen z. Umgang mit wassergef. Stoffen
32331;Erh. der Anlagen zum Umgang mit wassergef. Stoffen;JAHR;Jahr;2020;DINSG;Deutschland insgesamt;DG;Deutschland;ANLAT8;Anlagenart;ANLAGEN-15;JGS-Anlagen;STFAT3;Maßgebende Stoffart;STOFF-GAS;Gasförmige Stoffe in t;FASSV1;Fassungsvermögen;FV010B050;über 10 bis 50;-;Anzahl;ANL016;Geprüfte Anlagen z. Umgang mit wassergef. Stoffen
32331;Erh. der Anlagen zum Umgang mit wassergef. Stoffen;JAHR;Jahr;2022;DINSG;Deutschland insgesamt;DG;Deutschland;ANLAT8;Anlagenart;ANLAGEN-15;JGS-Anlagen;STFAT3;Maßgebende Stoffart;STOFF-GAS;Gasförmige Stoffe in t;FASSV1;Fassungsvermögen;FV010B050;über 10 bis 50;-;Anzahl;ANL016;Geprüfte Anlagen z. Umgang mit wassergef. Stoffen
32331;Erh. der Anlagen zum Umgang mit wassergef. Stoffen;JAHR;Jahr;2023;DINSG;Deutschland insgesamt;DG;Deutschland;ANLAT8;Anlagenart;ANLAGEN-09;Abfüllanlagen (ohne Tankstellen);STFAT3;Maßgebende Stoffart;STOFF-FLUES;Flüssige Stoffe in m3;FASSV1;Fassungsvermögen;FV100UM;über 100;405;Anzahl;ANL016;Geprüfte Anlagen z. Umgang mit wassergef. Stoffen
32331;Erh. der Anlagen zum Umgang mit wassergef. Stoffen;JAHR;Jahr;2021;DINSG;Deutschland insgesamt;DG;Deutschland;ANLAT8;Anlagenart;ANLAGEN-12;Tankstellen;STFAT3;Maßgebende Stoffart;STOFF-GAS;Gasförmige Stoffe in t;FASSV1;Fassungsvermögen;FV010B050;über 10 bis 50;3;Anzahl;ANL016;Geprüfte Anlagen z. Umgang mit wassergef. Stoffen
32331;Erh. der Anlagen zum Umgang mit wassergef. Stoffen;JAHR;Jahr;2018;DINSG;Deutschland insgesamt;DG;Deutschland;ANLAT8;Anlagenart;ANLAGEN-14;Biogasanlagen;STFAT3;Maßgebende Stoffart;STOFF-GAS;Gasförmige Stoffe in t;FASSV1;Fassungsvermögen;FV100UM;über 100;-;Anzahl;ANL016;Geprüfte Anlagen z. Umgang mit wassergef. Stoffen
32331;Erh. der Anlagen zum Umgang mit wassergef. Stoffen;JAHR;Jahr;2019;DINSG;Deutschland insgesamt;DG;Deutschland;ANLAT8;Anlagenart;ANLAGEN-15;JGS-Anlagen;STFAT3;Maßgebende Stoffart;STOFF-FLUES;Flüssige Stoffe in m3;FASSV1;Fassungsvermögen;FV050B100;über 50 bis 100;7;Anzahl;ANL016;Geprüfte Anlagen z. Umgang mit wassergef. Stoffen
32331;Erh. der Anlagen zum Umgang mit wassergef. Stoffen;JAHR;Jahr;2019;DINSG;Deutschland insgesamt;DG;Deutschland;ANLAT8;Anlagenart;ANLAGEN-12;Tankstellen;STFAT3;Maßgebende Stoffart;STOFF-FLUES;Flüssige Stoffe in m3;FASSV1;Fassungsvermögen;FV010B050;über 10 bis 50;5985;Anzahl;ANL016;Geprüfte Anlagen z. Umgang mit wassergef. Stoffen
32331;Erh. der Anlagen zum Umgang mit wassergef. Stoffen;JAHR;Jahr;2023;DINSG;Deutschland insgesamt;DG;Deutschland;ANLAT8;Anlagenart;ANLAGEN-09;Abfüllanlagen (ohne Tankstellen);STFAT3;Maßgebende Stoffart;STOFF-FLUES;Flüssige Stoffe in m3;FASSV1;Fassungsvermögen;FV010B050;über 10 bis 50;1230;Anzahl;ANL016;Geprüfte Anlagen z. Umgang mit wassergef. Stoffen
32331;Erh. der Anlagen zum Umgang mit wassergef. Stoffen;JAHR;Jahr;2018;DINSG;Deutschland insgesamt;DG;Deutschland;ANLAT8;Anlagenart;ANLAGEN-11;Umschlaganlagen des intermodalen Verkehrs;STFAT3;Maßgebende Stoffart;STOFF-GAS;Gasförmige Stoffe in t;FASSV1;Fassungsvermögen;;Insgesamt;-;Anzahl;ANL016;Geprüfte Anlagen z. Umgang mit wassergef. Stoffen
32331;Erh. der Anlagen zum Umgang mit wassergef. Stoffen;JAHR;Jahr;2020;DINSG;Deutschland insgesamt;DG;Deutschland;ANLAT8;Anlagenart;ANLAGEN-06;Herstellungs-, Behandlungs- und Verwendungsanlagen;STFAT3;Maßgebende Stoffart;STOFF-GAS;Gasförmige Stoffe in t;FASSV1;Fassungsvermögen;FV100UM;über 100;3;Anzahl;ANL016;Geprüfte Anlagen z. Umgang mit wassergef. Stoffen
32331;Erh. der Anlagen zum Umgang mit wassergef. Stoffen;JAHR;Jahr;2021;DINSG;Deutschland insgesamt;DG;Deutschland;ANLAT8;Anlagenart;ANLAGEN-10;Umschlaganlagen ohne intermodalen Verkehr;STFAT3;Maßgebende Stoffart;STOFF-GAS;Gasförmige Stoffe in t;FASSV1;Fassungsvermögen;FV100UM;über 100;-;Anzahl;ANL016;Geprüfte Anlagen z. Umgang mit wassergef. Stoffen
32331;Erh. der Anlagen zum Umgang mit wassergef. Stoffen;JAHR;Jahr;2018;DINSG;Deutschland insgesamt;DG;Deutschland;ANLAT8;Anlagenart;ANLAGEN-15;JGS-Anlagen;STFAT3;Maßgebende Stoffart;STOFF-FEST;Feste Stoffe in t;FASSV1;Fassungsvermögen;;Insgesamt;15;Anzahl;ANL016;Geprüfte Anlagen z. Umgang mit wassergef. Stoffen
32331;Erh. der Anlagen zum Umgang mit wassergef. Stoffen;JAHR;Jahr;2023;DINSG;Deutschland insgesamt;DG;Deutschland;ANLAT8;Anlagenart;ANLAGEN-09;Abfüllanlagen (ohne Tankstellen);STFAT3;Maßgebende Stoffart;STOFF-FEST;Feste Stoffe in t;FASSV1;Fassungsvermögen;;Insgesamt;11;Anzahl;ANL016;Geprüfte Anlagen z. Umgang mit wassergef. Stoffen
32331;Erh. der Anlagen zum Umgang mit wassergef. Stoffen;JAHR;Jahr;2019;DINSG;Deutschland insgesamt;DG;Deutschland;ANLAT8;Anlagenart;ANLAGEN-14;Biogasanlagen;STFAT3;Maßgebende Stoffart;STOFF-FEST;Feste Stoffe in t;FASSV1;Fassungsvermögen;;Insgesamt;4;Anzahl;ANL016;Geprüfte Anlagen z. Umgang mit wassergef. Stoffen
32331;Erh. der Anlagen zum Umgang mit wassergef. Stoffen;JAHR;Jahr;2019;DINSG;Deutschland insgesamt;DG;Deutschland;ANLAT8;Anlagenart;ANLAGEN-11;Umschlaganlagen des intermodalen Verkehrs;STFAT3;Maßgebende Stoffart;STOFF-GAS;Gasförmige Stoffe in t;FASSV1;Fassungsvermögen;FV010B050;über 10 bis 50;-;Anzahl;ANL016;Geprüfte Anlagen z. Umgang mit wassergef. Stoffen
32331;Erh. der Anlagen zum Umgang mit wassergef. Stoffen;JAHR;Jahr;2023;DINSG;Deutschland insgesamt;DG;Deutschland;ANLAT8;Anlagenart;ANLAGEN-12;Tankstellen;STFAT3;Maßgebende Stoffart;STOFF-GAS;Gasförmige Stoffe in t;FASSV1;Fassungsvermögen;FV010B050;über 10 bis 50;-;Anzahl;ANL016;Geprüfte Anlagen z. Umgang mit wassergef. Stoffen
32331;Erh. der Anlagen zum Umgang mit wassergef. Stoffen;JAHR;Jahr;2021;DINSG;Deutschland insgesamt;DG;Deutschland;ANLAT8;Anlagenart;ANLAGEN-09;Abfüllanlagen (ohne Tankstellen);STFAT3;Maßgebende Stoffart;STOFF-FLUES;Flüssige Stoffe in m3;FASSV1;Fassungsvermögen;FV100UM;über 100;537;Anzahl;ANL016;Geprüfte Anlagen z. Umgang mit wassergef. Stoffen
32331;Erh. der Anlagen zum Umgang mit wassergef. Stoffen;JAHR;Jahr;2019;DINSG;Deutschland insgesamt;DG;Deutschland;ANLAT8;Anlagenart;ANLAGEN-11;Umschlaganlagen des intermodalen Verkehrs;STFAT3;Maßgebende Stoffart;STOFF-FEST;Feste Stoffe in t;FASSV1;Fassungsvermögen;;Insgesamt;-;Anzahl;ANL016;Geprüfte Anlagen z. Umgang mit wassergef. Stoffen
32331;Erh. der Anlagen zum Umgang mit wassergef. Stoffen;JAHR;Jahr;2021;DINSG;Deutschland insgesamt;DG;Deutschland;ANLAT8;Anlagenart;ANLAGEN-10;Umschlaganlagen ohne intermodalen Verkehr;STFAT3;Maßgebende Stoffart;STOFF-GAS;Gasförmige Stoffe in t;FASSV1;Fassungsvermögen;;Insgesamt;4;Anzahl;ANL016;Geprüfte Anlagen z. Umgang mit wassergef. Stoffen
32331;Erh. der Anlagen zum Umgang mit wassergef. Stoffen;JAHR;Jahr;2020;DINSG;Deutschland insgesamt;DG;Deutschland;ANLAT8;Anlagenart;ANLAGEN-15;JGS-Anlagen;STFAT3;Maßgebende Stoffart;STOFF-FLUES;Flüssige Stoffe in m3;FASSV1;Fassungsvermögen;FV050B100;über 50 bis 100;38;Anzahl;ANL016;Geprüfte Anlagen z. Umgang mit wassergef. Stoffen
32331;Erh. der Anlagen zum Umgang mit wassergef. Stoffen;JAHR;Jahr;2022;DINSG;Deutschland insgesamt;DG;Deutschland;ANLAT8;Anlagenart;ANLAGEN-11;Umschlaganlagen des intermodalen Verkehrs;STFAT3;Maßgebende Stoffart;STOFF-FLUES;Flüssige Stoffe in m3;FASSV1;Fassungsvermögen;FV010B050;über 10 bis 50;2;Anzahl;ANL016;Geprüfte Anlagen z. Umgang mit wassergef. Stoffen
32331;Erh. der Anlagen zum Umgang mit wassergef. Stoffen;JAHR;Jahr;2022;DINSG;Deutschland insgesamt;DG;Deutschland;ANLAT8;Anlagenart;ANLAGEN-13;Rohrleitungsanlagen;STFAT3;Maßgebende Stoffart;STOFF-FEST;Feste Stoffe in t;FASSV1;Fassungsvermögen;;Insgesamt;6;Anzahl;ANL016;Geprüfte Anlagen z. Umgang mit wassergef. Stoffen
32331;Erh. der Anlagen zum Umgang mit wassergef. Stoffen;JAHR;Jahr;2021;DINSG;Deutschland insgesamt;DG;Deutschland;ANLAT8;Anlagenart;ANLAGEN-06;Herstellungs-, Behandlungs- und Verwendungsanlagen;STFAT3;Maßgebende Stoffart;STOFF-GAS;Gasförmige Stoffe in t;FASSV1;Fassungsvermögen;FV010B050;über 10 bis 50;9;Anzahl;ANL016;Geprüfte Anlagen z. Umgang mit wassergef. Stoffen
32331;Erh. der Anlagen zum Umgang mit wassergef. Stoffen;JAHR;Jahr;2022;DINSG;Deutschland insgesamt;DG;Deutschland;ANLAT8;Anlagenart;;Insgesamt;STFAT3;Maßgebende Stoffart;STOFF-FEST;Feste Stoffe in t;FASSV1;Fassungsvermögen;FV100UM;über 100;255;Anzahl;ANL016;Geprüfte Anlagen z. Umgang mit wassergef. Stoffen
32331;Erh. der Anlagen zum Umgang mit wassergef. Stoffen;JAHR;Jahr;2022;DINSG;Deutschland insgesamt;DG;Deutschland;ANLAT8;Anlagenart;;Insgesamt;STFAT3;Maßgebende Stoffart;STOFF-FEST;Feste Stoffe in t;FASSV1;Fassungsvermögen;FV000B010;bis 10;22;Anzahl;ANL016;Geprüfte Anlagen z. Umgang mit wassergef. Stoffen
32331;Erh. der Anlagen zum Umgang mit wassergef. Stoffen;JAHR;Jahr;2020;DINSG;Deutschland insgesamt;DG;Deutschland;ANLAT8;Anlagenart;ANLAGEN-06;Herstellungs-, Behandlungs- und Verwendungsanlagen;STFAT3;Maßgebende Stoffart;STOFF-GAS;Gasförmige Stoffe in t;FASSV1;Fassungsvermögen;FV010B050;über 10 bis 50;5;Anzahl;ANL016;Geprüfte Anlagen z. Umgang mit wassergef. Stoffen
32331;Erh. der Anlagen zum Umgang mit wassergef. Stoffen;JAHR;Jahr;2018;DINSG;Deutschland insgesamt;DG;Deutschland;ANLAT8;Anlagenart;ANLAGEN-07;Heizölverbraucheranlagen;STFAT3;Maßgebende Stoffart;STOFF-FLUES;Flüssige Stoffe in m3;FASSV1;Fassungsvermögen;FV050B100;über 50 bis 100;2436;Anzahl;ANL016;Geprüfte Anlagen z. Umgang mit wassergef. Stoffen
32331;Erh. der Anlagen zum Umgang mit wassergef. Stoffen;JAHR;Jahr;2022;DINSG;Deutschland insgesamt;DG;Deutschland;ANLAT8;Anlagenart;ANLAGEN-06;Herstellungs-, Behandlungs- und Verwendungsanlagen;STFAT3;Maßgebende Stoffart;STOFF-FLUES;Flüssige Stoffe in m3;FASSV1;Fassungsvermögen;FV100UM;über 100;949;Anzahl;ANL016;Geprüfte Anlagen z. Umgang mit wassergef. Stoffen
32331;Erh. der Anlagen zum Umgang mit wassergef. Stoffen;JAHR;Jahr;2020;DINSG;Deutschland insgesamt;DG;Deutschland;ANLAT8;Anlagenart;ANLAGEN-12;Tankstellen;STFAT3;Maßgebende Stoffart;STOFF-FLUES;Flüssige Stoffe in m3;FASSV1;Fassungsvermögen;FV010B050;über 10 bis 50;7792;Anzahl;ANL016;Geprüfte Anlagen z. Umgang mit wassergef. Stoffen
32331;Erh. der Anlagen zum Umgang mit wassergef. Stoffen;JAHR;Jahr;2019;DINSG;Deutschland insgesamt;DG;Deutschland;ANLAT8;Anlagenart;ANLAGEN-15;JGS-Anlagen;STFAT3;Maßgebende Stoffart;STOFF-GAS;Gasförmige Stoffe in t;FASSV1;Fassungsvermögen;FV100UM;über 100;-;Anzahl;ANL016;Geprüfte Anlagen z. Umgang mit wassergef. Stoffen
32331;Erh. der Anlagen zum Umgang mit wassergef. Stoffen;JAHR;Jahr;2019;DINSG;Deutschland insgesamt;DG;Deutschland;ANLAT8;Anlagenart;ANLAGEN-09;Abfüllanlagen (ohne Tankstellen);STFAT3;Maßgebende Stoffart;STOFF-FEST;Feste Stoffe in t;FASSV1;Fassungsvermögen;FV100UM;über 100;-;Anzahl;ANL016;Geprüfte Anlagen z. Umgang mit wassergef. Stoffen
32331;Erh. der Anlagen zum Umgang mit wassergef. Stoffen;JAHR;Jahr;2019;DINSG;Deutschland insgesamt;DG;Deutschland;ANLAT8;Anlagenart;ANLAGEN-13;Rohrleitungsanlagen;STFAT3;Maßgebende Stoffart;STOFF-GAS;Gasförmige Stoffe in t;FASSV1;Fassungsvermögen;FV100UM;über 100;-;Anzahl;ANL016;Geprüfte Anlagen z. Umgang mit wassergef. Stoffen
32331;Erh. der Anlagen zum Umgang mit wassergef. Stoffen;JAHR;Jahr;2022;DINSG;Deutschland insgesamt;DG;Deutschland;ANLAT8;Anlagenart;ANLAGEN-10;Umschlaganlagen ohne intermodalen Verkehr;STFAT3;Maßgebende Stoffart;STOFF-GAS;Gasförmige Stoffe in t;FASSV1;Fassungsvermögen;FV010B050;über 10 bis 50;-;Anzahl;ANL016;Geprüfte Anlagen z. Umgang mit wassergef. Stoffen
32331;Erh. der Anlagen zum Umgang mit wassergef. Stoffen;JAHR;Jahr;2021;DINSG;Deutschland insgesamt;DG;Deutschland;ANLAT8;Anlagenart;ANLAGEN-10;Umschlaganlagen ohne intermodalen Verkehr;STFAT3;Maßgebende Stoffart;STOFF-GAS;Gasförmige Stoffe in t;FASSV1;Fassungsvermögen;FV010B050;über 10 bis 50;-;Anzahl;ANL016;Geprüfte Anlagen z. Umgang mit wassergef. Stoffen
32331;Erh. der Anlagen zum Umgang mit wassergef. Stoffen;JAHR;Jahr;2021;DINSG;Deutschland insgesamt;DG;Deutschland;ANLAT8;Anlagenart;ANLAGEN-06;Herstellungs-, Behandlungs- und Verwendungsanlagen;STFAT3;Maßgebende Stoffart;STOFF-FLUES;Flüssige Stoffe in m3;FASSV1;Fassungsvermögen;FV100UM;über 100;875;Anzahl;ANL016;Geprüfte Anlagen z. Umgang mit wassergef. Stoffen
32331;Erh. der Anlagen zum Umgang mit wassergef. Stoffen;JAHR;Jahr;2018;DINSG;Deutschland insgesamt;DG;Deutschland;ANLAT8;Anlagenart;ANLAGEN-15;JGS-Anlagen;STFAT3;Maßgebende Stoffart;STOFF-FLUES;Flüssige Stoffe in m3;FASSV1;Fassungsvermögen;FV010B050;über 10 bis 50;35;Anzahl;ANL016;Geprüfte Anlagen z. Umgang mit wassergef. Stoffen
32331;Erh. der Anlagen zum Umgang mit wassergef. Stoffen;JAHR;Jahr;2022;DINSG;Deutschland insgesamt;DG;Deutschland;ANLAT8;Anlagenart;ANLAGEN-07;Heizölverbraucheranlagen;STFAT3;Maßgebende Stoffart;STOFF-FLUES;Flüssige Stoffe in m3;FASSV1;Fassungsvermögen;FV010B050;über 10 bis 50;46324;Anzahl;ANL016;Geprüfte Anlagen z. Umgang mit wassergef. Stoffen
32331;Erh. der Anlagen zum Umgang mit wassergef. Stoffen;JAHR;Jahr;2021;DINSG;Deutschland insgesamt;DG;Deutschland;ANLAT8;Anlagenart;ANLAGEN-11;Umschlaganlagen des intermodalen Verkehrs;STFAT3;Maßgebende Stoffart;STOFF-FEST;Feste Stoffe in t;FASSV1;Fassungsvermögen;FV100UM;über 100;1;Anzahl;ANL016;Geprüfte Anlagen z. Umgang mit wassergef. Stoffen
32331;Erh. der Anlagen zum Umgang mit wassergef. Stoffen;JAHR;Jahr;2022;DINSG;Deutschland insgesamt;DG;Deutschland;ANLAT8;Anlagenart;ANLAGEN-05;Umschlaganlagen;STFAT3;Maßgebende Stoffart;STOFF-GAS;Gasförmige Stoffe in t;FASSV1;Fassungsvermögen;FV010B050;über 10 bis 50;-;Anzahl;ANL016;Geprüfte Anlagen z. Umgang mit wassergef. Stoffen
32331;Erh. der Anlagen zum Umgang mit wassergef. Stoffen;JAHR;Jahr;2019;DINSG;Deutschland insgesamt;DG;Deutschland;ANLAT8;Anlagenart;ANLAGEN-10;Umschlaganlagen ohne intermodalen Verkehr;STFAT3;Maßgebende Stoffart;STOFF-FLUES;Flüssige Stoffe in m3;FASSV1;Fassungsvermögen;FV000B010;bis 10;-;Anzahl;ANL016;Geprüfte Anlagen z. Umgang mit wassergef. Stoffen
32331;Erh. der Anlagen zum Umgang mit wassergef. Stoffen;JAHR;Jahr;2020;DINSG;Deutschland insgesamt;DG;Deutschland;ANLAT8;Anlagenart;ANLAGEN-09;Abfüllanlagen (ohne Tankstellen);STFAT3;Maßgebende Stoffart;STOFF-FLUES;Flüssige Stoffe in m3;FASSV1;Fassungsvermögen;FV000B010;bis 10;868;Anzahl;ANL016;Geprüfte Anlagen z. Umgang mit wassergef. Stoffen
32331;Erh. der Anlagen zum Umgang mit wassergef. Stoffen;JAHR;Jahr;2019;DINSG;Deutschland insgesamt;DG;Deutschland;ANLAT8;Anlagenart;ANLAGEN-08;Lageranlagen (ohne Tankstellen u.Heizölverbr.anl.);STFAT3;Maßgebende Stoffart;STOFF-FLUES;Flüssige Stoffe in m3;FASSV1;Fassungsvermögen;FV100UM;über 100;3675;Anzahl;ANL016;Geprüfte Anlagen z. Umgang mit wassergef. Stoffen
32331;Erh. der Anlagen zum Umgang mit wassergef. Stoffen;JAHR;Jahr;2022;DINSG;Deutschland insgesamt;DG;Deutschland;ANLAT8;Anlagenart;ANLAGEN-15;JGS-Anlagen;STFAT3;Maßgebende Stoffart;STOFF-FLUES;Flüssige Stoffe in m3;FASSV1;Fassungsvermögen;FV000B010;bis 10;17;Anzahl;ANL016;Geprüfte Anlagen z. Umgang mit wassergef. Stoffen
32331;Erh. der Anlagen zum Umgang mit wassergef. Stoffen;JAHR;Jahr;2018;DINSG;Deutschland insgesamt;DG;Deutschland;ANLAT8;Anlagenart;ANLAGEN-08;Lageranlagen (ohne Tankstellen u.Heizölverbr.anl.);STFAT3;Maßgebende Stoffart;STOFF-FLUES;Flüssige Stoffe in m3;FASSV1;Fassungsvermögen;FV100UM;über 100;3010;Anzahl;ANL016;Geprüfte Anlagen z. Umgang mit wassergef. Stoffen
32331;Erh. der Anlagen zum Umgang mit wassergef. Stoffen;JAHR;Jahr;2021;DINSG;Deutschland insgesamt;DG;Deutschland;ANLAT8;Anlagenart;ANLAGEN-09;Abfüllanlagen (ohne Tankstellen);STFAT3;Maßgebende Stoffart;STOFF-GAS;Gasförmige Stoffe in t;FASSV1;Fassungsvermögen;;Insgesamt;1;Anzahl;ANL016;Geprüfte Anlagen z. Umgang mit wassergef. Stoffen
32331;Erh. der Anlagen zum Umgang mit wassergef. Stoffen;JAHR;Jahr;2019;DINSG;Deutschland insgesamt;DG;Deutschland;ANLAT8;Anlagenart;ANLAGEN-07;Heizölverbraucheranlagen;STFAT3;Maßgebende Stoffart;STOFF-GAS;Gasförmige Stoffe in t;FASSV1;Fassungsvermögen;FV010B050;über 10 bis 50;-;Anzahl;ANL016;Geprüfte Anlagen z. Umgang mit wassergef. Stoffen
32331;Erh. der Anlagen zum Umgang mit wassergef. Stoffen;JAHR;Jahr;2021;DINSG;Deutschland insgesamt;DG;Deutschland;ANLAT8;Anlagenart;ANLAGEN-07;Heizölverbraucheranlagen;STFAT3;Maßgebende Stoffart;STOFF-GAS;Gasförmige Stoffe in t;FASSV1;Fassungsvermögen;;Insgesamt;-;Anzahl;ANL016;Geprüfte Anlagen z. Umgang mit wassergef. Stoffen
32331;Erh. der Anlagen zum Umgang mit wassergef. Stoffen;JAHR;Jahr;2023;DINSG;Deutschland insgesamt;DG;Deutschland;ANLAT8;Anlagenart;ANLAGEN-06;Herstellungs-, Behandlungs- und Verwendungsanlagen;STFAT3;Maßgebende Stoffart;STOFF-GAS;Gasförmige Stoffe in t;FASSV1;Fassungsvermögen;;Insgesamt;42;Anzahl;ANL016;Geprüfte Anlagen z. Umgang mit wassergef. Stoffen
32331;Erh. der Anlagen zum Umgang mit wassergef. Stoffen;JAHR;Jahr;2020;DINSG;Deutschland insgesamt;DG;Deutschland;ANLAT8;Anlagenart;ANLAGEN-07;Heizölverbraucheranlagen;STFAT3;Maßgebende Stoffart;STOFF-FLUES;Flüssige Stoffe in m3;FASSV1;Fassungsvermögen;FV100UM;über 100;250;Anzahl;ANL016;Geprüfte Anlagen z. Umgang mit wassergef. Stoffen
32331;Erh. der Anlagen zum Umgang mit wassergef. Stoffen;JAHR;Jahr;2018;DINSG;Deutschland insgesamt;DG;Deutschland;ANLAT8;Anlagenart;ANLAGEN-08;Lageranlagen (ohne Tankstellen u.Heizölverbr.anl.);STFAT3;Maßgebende Stoffart;STOFF-GAS;Gasförmige Stoffe in t;FASSV1;Fassungsvermögen;;Insgesamt;25;Anzahl;ANL016;Geprüfte Anlagen z. Umgang mit wassergef. Stoffen
32331;Erh. der Anlagen zum Umgang mit wassergef. Stoffen;JAHR;Jahr;2023;DINSG;Deutschland insgesamt;DG;Deutschland;ANLAT8;Anlagenart;ANLAGEN-05;Umschlaganlagen;STFAT3;Maßgebende Stoffart;STOFF-GAS;Gasförmige Stoffe in t;FASSV1;Fassungsvermögen;FV010B050;über 10 bis 50;-;Anzahl;ANL016;Geprüfte Anlagen z. Umgang mit wassergef. Stoffen
32331;Erh. der Anlagen zum Umgang mit wassergef. Stoffen;JAHR;Jahr;2018;DINSG;Deutschland insgesamt;DG;Deutschland;ANLAT8;Anlagenart;ANLAGEN-06;Herstellungs-, Behandlungs- und Verwendungsanlagen;STFAT3;Maßgebende Stoffart;STOFF-GAS;Gasförmige Stoffe in t;FASSV1;Fassungsvermögen;;Insgesamt;20;Anzahl;ANL016;Geprüfte Anlagen z. Umgang mit wassergef. Stoffen
32331;Erh. der Anlagen zum Umgang mit wassergef. Stoffen;JAHR;Jahr;2023;DINSG;Deutschland insgesamt;DG;Deutschland;ANLAT8;Anlagenart;ANLAGEN-07;Heizölverbraucheranlagen;STFAT3;Maßgebende Stoffart;STOFF-FLUES;Flüssige Stoffe in m3;FASSV1;Fassungsvermögen;FV050B100;über 50 bis 100;2043;Anzahl;ANL016;Geprüfte Anlagen z. Umgang mit wassergef. Stoffen
32331;Erh. der Anlagen zum Umgang mit wassergef. Stoffen;JAHR;Jahr;2023;DINSG;Deutschland insgesamt;DG;Deutschland;ANLAT8;Anlagenart;ANLAGEN-05;Umschlaganlagen;STFAT3;Maßgebende Stoffart;STOFF-FEST;Feste Stoffe in t;FASSV1;Fassungsvermögen;FV000B010;bis 10;-;Anzahl;ANL016;Geprüfte Anlagen z. Umgang mit wassergef. Stoffen
32331;Erh. der Anlagen zum Umgang mit wassergef. Stoffen;JAHR;Jahr;2021;DINSG;Deutschland insgesamt;DG;Deutschland;ANLAT8;Anlagenart;ANLAGEN-06;Herstellungs-, Behandlungs- und Verwendungsanlagen;STFAT3;Maßgebende Stoffart;STOFF-FEST;Feste Stoffe in t;FASSV1;Fassungsvermögen;FV100UM;über 100;10;Anzahl;ANL016;Geprüfte Anlagen z. Umgang mit wassergef. Stoffen
32331;Erh. der Anlagen zum Umgang mit wassergef. Stoffen;JAHR;Jahr;2022;DINSG;Deutschland insgesamt;DG;Deutschland;ANLAT8;Anlagenart;ANLAGEN-08;Lageranlagen (ohne Tankstellen u.Heizölverbr.anl.);STFAT3;Maßgebende Stoffart;STOFF-FLUES;Flüssige Stoffe in m3;FASSV1;Fassungsvermögen;;Insgesamt;22352;Anzahl;ANL016;Geprüfte Anlagen z. Umgang mit wassergef. Stoffen
32331;Erh. der Anlagen zum Umgang mit wassergef. Stoffen;JAHR;Jahr;2022;DINSG;Deutschland insgesamt;DG;Deutschland;ANLAT8;Anlagenart;ANLAGEN-05;Umschlaganlagen;STFAT3;Maßgebende Stoffart;STOFF-FEST;Feste Stoffe in t;FASSV1;Fassungsvermögen;FV100UM;über 100;-;Anzahl;ANL016;Geprüfte Anlagen z. Umgang mit wassergef. Stoffen
32331;Erh. der Anlagen zum Umgang mit wassergef. Stoffen;JAHR;Jahr;2023;DINSG;Deutschland insgesamt;DG;Deutschland;ANLAT8;Anlagenart;ANLAGEN-11;Umschlaganlagen des intermodalen Verkehrs;STFAT3;Maßgebende Stoffart;STOFF-FLUES;Flüssige Stoffe in m3;FASSV1;Fassungsvermögen;FV000B010;bis 10;4;Anzahl;ANL016;Geprüfte Anlagen z. Umgang mit wassergef. Stoffen
32331;Erh. der Anlagen zum Umgang mit wassergef. Stoffen;JAHR;Jahr;2023;DINSG;Deutschland insgesamt;DG;Deutschland;ANLAT8;Anlagenart;ANLAGEN-15;JGS-Anlagen;STFAT3;Maßgebende Stoffart;STOFF-GAS;Gasförmige Stoffe in t;FASSV1;Fassungsvermögen;;Insgesamt;-;Anzahl;ANL016;Geprüfte Anlagen z. Umgang mit wassergef. Stoffen
32331;Erh. der Anlagen zum Umgang mit wassergef. Stoffen;JAHR;Jahr;2023;DINSG;Deutschland insgesamt;DG;Deutschland;ANLAT8;Anlagenart;ANLAGEN-13;Rohrleitungsanlagen;STFAT3;Maßgebende Stoffart;STOFF-FLUES;Flüssige Stoffe in m3;FASSV1;Fassungsvermögen;FV010B050;über 10 bis 50;777;Anzahl;ANL016;Geprüfte Anlagen z. Umgang mit wassergef. Stoffen
32331;Erh. der Anlagen zum Umgang mit wassergef. Stoffen;JAHR;Jahr;2021;DINSG;Deutschland insgesamt;DG;Deutschland;ANLAT8;Anlagenart;ANLAGEN-08;Lageranlagen (ohne Tankstellen u.Heizölverbr.anl.);STFAT3;Maßgebende Stoffart;STOFF-FLUES;Flüssige Stoffe in m3;FASSV1;Fassungsvermögen;FV050B100;über 50 bis 100;2190;Anzahl;ANL016;Geprüfte Anlagen z. Umgang mit wassergef. Stoffen
32331;Erh. der Anlagen zum Umgang mit wassergef. Stoffen;JAHR;Jahr;2021;DINSG;Deutschland insgesamt;DG;Deutschland;ANLAT8;Anlagenart;ANLAGEN-15;JGS-Anlagen;STFAT3;Maßgebende Stoffart;STOFF-GAS;Gasförmige Stoffe in t;FASSV1;Fassungsvermögen;FV010B050;über 10 bis 50;-;Anzahl;ANL016;Geprüfte Anlagen z. Umgang mit wassergef. Stoffen
32331;Erh. der Anlagen zum Umgang mit wassergef. Stoffen;JAHR;Jahr;2023;DINSG;Deutschland insgesamt;DG;Deutschland;ANLAT8;Anlagenart;;Insgesamt;STFAT3;Maßgebende Stoffart;STOFF-FEST;Feste Stoffe in t;FASSV1;Fassungsvermögen;FV100UM;über 100;236;Anzahl;ANL016;Geprüfte Anlagen z. Umgang mit wassergef. Stoffen
32331;Erh. der Anlagen zum Umgang mit wassergef. Stoffen;JAHR;Jahr;2023;DINSG;Deutschland insgesamt;DG;Deutschland;ANLAT8;Anlagenart;;Insgesamt;STFAT3;Maßgebende Stoffart;STOFF-GAS;Gasförmige Stoffe in t;FASSV1;Fassungsvermögen;FV100UM;über 100;29;Anzahl;ANL016;Geprüfte Anlagen z. Umgang mit wassergef. Stoffen
32331;Erh. der Anlagen zum Umgang mit wassergef. Stoffen;JAHR;Jahr;2021;DINSG;Deutschland insgesamt;DG;Deutschland;ANLAT8;Anlagenart;ANLAGEN-05;Umschlaganlagen;STFAT3;Maßgebende Stoffart;STOFF-FEST;Feste Stoffe in t;FASSV1;Fassungsvermögen;FV000B010;bis 10;-;Anzahl;ANL016;Geprüfte Anlagen z. Umgang mit wassergef. Stoffen
32331;Erh. der Anlagen zum Umgang mit wassergef. Stoffen;JAHR;Jahr;2022;DINSG;Deutschland insgesamt;DG;Deutschland;ANLAT8;Anlagenart;ANLAGEN-05;Umschlaganlagen;STFAT3;Maßgebende Stoffart;STOFF-GAS;Gasförmige Stoffe in t;FASSV1;Fassungsvermögen;FV100UM;über 100;-;Anzahl;ANL016;Geprüfte Anlagen z. Umgang mit wassergef. Stoffen
32331;Erh. der Anlagen zum Umgang mit wassergef. Stoffen;JAHR;Jahr;2023;DINSG;Deutschland insgesamt;DG;Deutschland;ANLAT8;Anlagenart;ANLAGEN-13;Rohrleitungsanlagen;STFAT3;Maßgebende Stoffart;STOFF-GAS;Gasförmige Stoffe in t;FASSV1;Fassungsvermögen;FV100UM;über 100;3;Anzahl;ANL016;Geprüfte Anlagen z. Umgang mit wassergef. Stoffen
32331;Erh. der Anlagen zum Umgang mit wassergef. Stoffen;JAHR;Jahr;2021;DINSG;Deutschland insgesamt;DG;Deutschland;ANLAT8;Anlagenart;ANLAGEN-08;Lageranlagen (ohne Tankstellen u.Heizölverbr.anl.);STFAT3;Maßgebende Stoffart;STOFF-GAS;Gasförmige Stoffe in t;FASSV1;Fassungsvermögen;FV010B050;über 10 bis 50;12;Anzahl;ANL016;Geprüfte Anlagen z. Umgang mit wassergef. Stoffen
32331;Erh. der Anlagen zum Umgang mit wassergef. Stoffen;JAHR;Jahr;2021;DINSG;Deutschland insgesamt;DG;Deutschland;ANLAT8;Anlagenart;ANLAGEN-14;Biogasanlagen;STFAT3;Maßgebende Stoffart;STOFF-FLUES;Flüssige Stoffe in m3;FASSV1;Fassungsvermögen;FV010B050;über 10 bis 50;2;Anzahl;ANL016;Geprüfte Anlagen z. Umgang mit wassergef. Stoffen
32331;Erh. der Anlagen zum Umgang mit wassergef. Stoffen;JAHR;Jahr;2022;DINSG;Deutschland insgesamt;DG;Deutschland;ANLAT8;Anlagenart;ANLAGEN-06;Herstellungs-, Behandlungs- und Verwendungsanlagen;STFAT3;Maßgebende Stoffart;STOFF-FEST;Feste Stoffe in t;FASSV1;Fassungsvermögen;FV000B010;bis 10;8;Anzahl;ANL016;Geprüfte Anlagen z. Umgang mit wassergef. Stoffen
32331;Erh. der Anlagen zum Umgang mit wassergef. Stoffen;JAHR;Jahr;2020;DINSG;Deutschland insgesamt;DG;Deutschland;ANLAT8;Anlagenart;ANLAGEN-09;Abfüllanlagen (ohne Tankstellen);STFAT3;Maßgebende Stoffart;STOFF-FLUES;Flüssige Stoffe in m3;FASSV1;Fassungsvermögen;;Insgesamt;3655;Anzahl;ANL016;Geprüfte Anlagen z. Umgang mit wassergef. Stoffen
32331;Erh. der Anlagen zum Umgang mit wassergef. Stoffen;JAHR;Jahr;2023;DINSG;Deutschland insgesamt;DG;Deutschland;ANLAT8;Anlagenart;ANLAGEN-05;Umschlaganlagen;STFAT3;Maßgebende Stoffart;STOFF-FEST;Feste Stoffe in t;FASSV1;Fassungsvermögen;FV010B050;über 10 bis 50;-;Anzahl;ANL016;Geprüfte Anlagen z. Umgang mit wassergef. Stoffen
32331;Erh. der Anlagen zum Umgang mit wassergef. Stoffen;JAHR;Jahr;2019;DINSG;Deutschland insgesamt;DG;Deutschland;ANLAT8;Anlagenart;ANLAGEN-08;Lageranlagen (ohne Tankstellen u.Heizölverbr.anl.);STFAT3;Maßgebende Stoffart;STOFF-GAS;Gasförmige Stoffe in t;FASSV1;Fassungsvermögen;FV050B100;über 50 bis 100;3;Anzahl;ANL016;Geprüfte Anlagen z. Umgang mit wassergef. Stoffen
32331;Erh. der Anlagen zum Umgang mit wassergef. Stoffen;JAHR;Jahr;2022;DINSG;Deutschland insgesamt;DG;Deutschland;ANLAT8;Anlagenart;ANLAGEN-12;Tankstellen;STFAT3;Maßgebende Stoffart;STOFF-GAS;Gasförmige Stoffe in t;FASSV1;Fassungsvermögen;FV010B050;über 10 bis 50;-;Anzahl;ANL016;Geprüfte Anlagen z. Umgang mit wassergef. Stoffen
32331;Erh. der Anlagen zum Umgang mit wassergef. Stoffen;JAHR;Jahr;2020;DINSG;Deutschland insgesamt;DG;Deutschland;ANLAT8;Anlagenart;ANLAGEN-13;Rohrleitungsanlagen;STFAT3;Maßgebende Stoffart;STOFF-FEST;Feste Stoffe in t;FASSV1;Fassungsvermögen;FV100UM;über 100;1;Anzahl;ANL016;Geprüfte Anlagen z. Umgang mit wassergef. Stoffen
32331;Erh. der Anlagen zum Umgang mit wassergef. Stoffen;JAHR;Jahr;2021;DINSG;Deutschland insgesamt;DG;Deutschland;ANLAT8;Anlagenart;ANLAGEN-05;Umschlaganlagen;STFAT3;Maßgebende Stoffart;STOFF-FLUES;Flüssige Stoffe in m3;FASSV1;Fassungsvermögen;FV010B050;über 10 bis 50;-;Anzahl;ANL016;Geprüfte Anlagen z. Umgang mit wassergef. Stoffen
32331;Erh. der Anlagen zum Umgang mit wassergef. Stoffen;JAHR;Jahr;2020;DINSG;Deutschland insgesamt;DG;Deutschland;ANLAT8;Anlagenart;ANLAGEN-09;Abfüllanlagen (ohne Tankstellen);STFAT3;Maßgebende Stoffart;STOFF-FEST;Feste Stoffe in t;FASSV1;Fassungsvermögen;FV010B050;über 10 bis 50;-;Anzahl;ANL016;Geprüfte Anlagen z. Umgang mit wassergef. Stoffen
32331;Erh. der Anlagen zum Umgang mit wassergef. Stoffen;JAHR;Jahr;2022;DINSG;Deutschland insgesamt;DG;Deutschland;ANLAT8;Anlagenart;ANLAGEN-08;Lageranlagen (ohne Tankstellen u.Heizölverbr.anl.);STFAT3;Maßgebende Stoffart;STOFF-GAS;Gasförmige Stoffe in t;FASSV1;Fassungsvermögen;;Insgesamt;35;Anzahl;ANL016;Geprüfte Anlagen z. Umgang mit wassergef. Stoffen
32331;Erh. der Anlagen zum Umgang mit wassergef. Stoffen;JAHR;Jahr;2020;DINSG;Deutschland insgesamt;DG;Deutschland;ANLAT8;Anlagenart;ANLAGEN-13;Rohrleitungsanlagen;STFAT3;Maßgebende Stoffart;STOFF-GAS;Gasförmige Stoffe in t;FASSV1;Fassungsvermögen;FV010B050;über 10 bis 50;-;Anzahl;ANL016;Geprüfte Anlagen z. Umgang mit wassergef. Stoffen
32331;Erh. der Anlagen zum Umgang mit wassergef. Stoffen;JAHR;Jahr;2023;DINSG;Deutschland insgesamt;DG;Deutschland;ANLAT8;Anlagenart;ANLAGEN-09;Abfüllanlagen (ohne Tankstellen);STFAT3;Maßgebende Stoffart;STOFF-GAS;Gasförmige Stoffe in t;FASSV1;Fassungsvermögen;FV000B010;bis 10;3;Anzahl;ANL016;Geprüfte Anlagen z. Umgang mit wassergef. Stoffen
32331;Erh. der Anlagen zum Umgang mit wassergef. Stoffen;JAHR;Jahr;2023;DINSG;Deutschland insgesamt;DG;Deutschland;ANLAT8;Anlagenart;ANLAGEN-10;Umschlaganlagen ohne intermodalen Verkehr;STFAT3;Maßgebende Stoffart;STOFF-FEST;Feste Stoffe in t;FASSV1;Fassungsvermögen;FV000B010;bis 10;-;Anzahl;ANL016;Geprüfte Anlagen z. Umgang mit wassergef. Stoffen
32331;Erh. der Anlagen zum Umgang mit wassergef. Stoffen;JAHR;Jahr;2020;DINSG;Deutschland insgesamt;DG;Deutschland;ANLAT8;Anlagenart;ANLAGEN-09;Abfüllanlagen (ohne Tankstellen);STFAT3;Maßgebende Stoffart;STOFF-FLUES;Flüssige Stoffe in m3;FASSV1;Fassungsvermögen;FV100UM;über 100;617;Anzahl;ANL016;Geprüfte Anlagen z. Umgang mit wassergef. Stoffen
32331;Erh. der Anlagen zum Umgang mit wassergef. Stoffen;JAHR;Jahr;2019;DINSG;Deutschland insgesamt;DG;Deutschland;ANLAT8;Anlagenart;ANLAGEN-07;Heizölverbraucheranlagen;STFAT3;Maßgebende Stoffart;STOFF-GAS;Gasförmige Stoffe in t;FASSV1;Fassungsvermögen;FV000B010;bis 10;-;Anzahl;ANL016;Geprüfte Anlagen z. Umgang mit wassergef. Stoffen
32331;Erh. der Anlagen zum Umgang mit wassergef. Stoffen;JAHR;Jahr;2020;DINSG;Deutschland insgesamt;DG;Deutschland;ANLAT8;Anlagenart;ANLAGEN-06;Herstellungs-, Behandlungs- und Verwendungsanlagen;STFAT3;Maßgebende Stoffart;STOFF-FLUES;Flüssige Stoffe in m3;FASSV1;Fassungsvermögen;;Insgesamt;6999;Anzahl;ANL016;Geprüfte Anlagen z. Umgang mit wassergef. Stoffen
32331;Erh. der Anlagen zum Umgang mit wassergef. Stoffen;JAHR;Jahr;2021;DINSG;Deutschland insgesamt;DG;Deutschland;ANLAT8;Anlagenart;ANLAGEN-06;Herstellungs-, Behandlungs- und Verwendungsanlagen;STFAT3;Maßgebende Stoffart;STOFF-FLUES;Flüssige Stoffe in m3;FASSV1;Fassungsvermögen;;Insgesamt;6231;Anzahl;ANL016;Geprüfte Anlagen z. Umgang mit wassergef. Stoffen
32331;Erh. der Anlagen zum Umgang mit wassergef. Stoffen;JAHR;Jahr;2020;DINSG;Deutschland insgesamt;DG;Deutschland;ANLAT8;Anlagenart;;Insgesamt;STFAT3;Maßgebende Stoffart;STOFF-FLUES;Flüssige Stoffe in m3;FASSV1;Fassungsvermögen;;Insgesamt;247681;Anzahl;ANL016;Geprüfte Anlagen z. Umgang mit wassergef. Stoffen
32331;Erh. der Anlagen zum Umgang mit wassergef. Stoffen;JAHR;Jahr;2023;DINSG;Deutschland insgesamt;DG;Deutschland;ANLAT8;Anlagenart;ANLAGEN-12;Tankstellen;STFAT3;Maßgebende Stoffart;STOFF-FEST;Feste Stoffe in t;FASSV1;Fassungsvermögen;FV000B010;bis 10;-;Anzahl;ANL016;Geprüfte Anlagen z. Umgang mit wassergef. Stoffen
32331;Erh. der Anlagen zum Umgang mit wassergef. Stoffen;JAHR;Jahr;2020;DINSG;Deutschland insgesamt;DG;Deutschland;ANLAT8;Anlagenart;ANLAGEN-11;Umschlaganlagen des intermodalen Verkehrs;STFAT3;Maßgebende Stoffart;STOFF-FEST;Feste Stoffe in t;FASSV1;Fassungsvermögen;FV050B100;über 50 bis 100;-;Anzahl;ANL016;Geprüfte Anlagen z. Umgang mit wassergef. Stoffen
32331;Erh. der Anlagen zum Umgang mit wassergef. Stoffen;JAHR;Jahr;2023;DINSG;Deutschland insgesamt;DG;Deutschland;ANLAT8;Anlagenart;ANLAGEN-10;Umschlaganlagen ohne intermodalen Verkehr;STFAT3;Maßgebende Stoffart;STOFF-FLUES;Flüssige Stoffe in m3;FASSV1;Fassungsvermögen;FV050B100;über 50 bis 100;129;Anzahl;ANL016;Geprüfte Anlagen z. Umgang mit wassergef. Stoffen
32331;Erh. der Anlagen zum Umgang mit wassergef. Stoffen;JAHR;Jahr;2023;DINSG;Deutschland insgesamt;DG;Deutschland;ANLAT8;Anlagenart;ANLAGEN-07;Heizölverbraucheranlagen;STFAT3;Maßgebende Stoffart;STOFF-GAS;Gasförmige Stoffe in t;FASSV1;Fassungsvermögen;FV050B100;über 50 bis 100;-;Anzahl;ANL016;Geprüfte Anlagen z. Umgang mit wassergef. Stoffen
32331;Erh. der Anlagen zum Umgang mit wassergef. Stoffen;JAHR;Jahr;2020;DINSG;Deutschland insgesamt;DG;Deutschland;ANLAT8;Anlagenart;ANLAGEN-06;Herstellungs-, Behandlungs- und Verwendungsanlagen;STFAT3;Maßgebende Stoffart;STOFF-FLUES;Flüssige Stoffe in m3;FASSV1;Fassungsvermögen;FV050B100;über 50 bis 100;696;Anzahl;ANL016;Geprüfte Anlagen z. Umgang mit wassergef. Stoffen
32331;Erh. der Anlagen zum Umgang mit wassergef. Stoffen;JAHR;Jahr;2021;DINSG;Deutschland insgesamt;DG;Deutschland;ANLAT8;Anlagenart;ANLAGEN-07;Heizölverbraucheranlagen;STFAT3;Maßgebende Stoffart;STOFF-GAS;Gasförmige Stoffe in t;FASSV1;Fassungsvermögen;FV050B100;über 50 bis 100;-;Anzahl;ANL016;Geprüfte Anlagen z. Umgang mit wassergef. Stoffen
32331;Erh. der Anlagen zum Umgang mit wassergef. Stoffen;JAHR;Jahr;2022;DINSG;Deutschland insgesamt;DG;Deutschland;ANLAT8;Anlagenart;ANLAGEN-07;Heizölverbraucheranlagen;STFAT3;Maßgebende Stoffart;STOFF-GAS;Gasförmige Stoffe in t;FASSV1;Fassungsvermögen;FV050B100;über 50 bis 100;-;Anzahl;ANL016;Geprüfte Anlagen z. Umgang mit wassergef. Stoffen
32331;Erh. der Anlagen zum Umgang mit wassergef. Stoffen;JAHR;Jahr;2023;DINSG;Deutschland insgesamt;DG;Deutschland;ANLAT8;Anlagenart;;Insgesamt;STFAT3;Maßgebende Stoffart;STOFF-FLUES;Flüssige Stoffe in m3;FASSV1;Fassungsvermögen;FV100UM;über 100;12150;Anzahl;ANL016;Geprüfte Anlagen z. Umgang mit wassergef. Stoffen
32331;Erh. der Anlagen zum Umgang mit wassergef. Stoffen;JAHR;Jahr;2018;DINSG;Deutschland insgesamt;DG;Deutschland;ANLAT8;Anlagenart;ANLAGEN-15;JGS-Anlagen;STFAT3;Maßgebende Stoffart;STOFF-FEST;Feste Stoffe in t;FASSV1;Fassungsvermögen;FV000B010;bis 10;1;Anzahl;ANL016;Geprüfte Anlagen z. Umgang mit wassergef. Stoffen
32331;Erh. der Anlagen zum Umgang mit wassergef. Stoffen;JAHR;Jahr;2018;DINSG;Deutschland insgesamt;DG;Deutschland;ANLAT8;Anlagenart;ANLAGEN-07;Heizölverbraucheranlagen;STFAT3;Maßgebende Stoffart;STOFF-FEST;Feste Stoffe in t;FASSV1;Fassungsvermögen;FV010B050;über 10 bis 50;-;Anzahl;ANL016;Geprüfte Anlagen z. Umgang mit wassergef. Stoffen
32331;Erh. der Anlagen zum Umgang mit wassergef. Stoffen;JAHR;Jahr;2020;DINSG;Deutschland insgesamt;DG;Deutschland;ANLAT8;Anlagenart;ANLAGEN-11;Umschlaganlagen des intermodalen Verkehrs;STFAT3;Maßgebende Stoffart;STOFF-GAS;Gasförmige Stoffe in t;FASSV1;Fassungsvermögen;FV100UM;über 100;-;Anzahl;ANL016;Geprüfte Anlagen z. Umgang mit wassergef. Stoffen
32331;Erh. der Anlagen zum Umgang mit wassergef. Stoffen;JAHR;Jahr;2021;DINSG;Deutschland insgesamt;DG;Deutschland;ANLAT8;Anlagenart;ANLAGEN-13;Rohrleitungsanlagen;STFAT3;Maßgebende Stoffart;STOFF-FLUES;Flüssige Stoffe in m3;FASSV1;Fassungsvermögen;FV100UM;über 100;413;Anzahl;ANL016;Geprüfte Anlagen z. Umgang mit wassergef. Stoffen
32331;Erh. der Anlagen zum Umgang mit wassergef. Stoffen;JAHR;Jahr;2022;DINSG;Deutschland insgesamt;DG;Deutschland;ANLAT8;Anlagenart;ANLAGEN-13;Rohrleitungsanlagen;STFAT3;Maßgebende Stoffart;STOFF-FLUES;Flüssige Stoffe in m3;FASSV1;Fassungsvermögen;FV100UM;über 100;483;Anzahl;ANL016;Geprüfte Anlagen z. Umgang mit wassergef. Stoffen
32331;Erh. der Anlagen zum Umgang mit wassergef. Stoffen;JAHR;Jahr;2023;DINSG;Deutschland insgesamt;DG;Deutschland;ANLAT8;Anlagenart;ANLAGEN-06;Herstellungs-, Behandlungs- und Verwendungsanlagen;STFAT3;Maßgebende Stoffart;STOFF-GAS;Gasförmige Stoffe in t;FASSV1;Fassungsvermögen;FV100UM;über 100;-;Anzahl;ANL016;Geprüfte Anlagen z. Umgang mit wassergef. Stoffen
32331;Erh. der Anlagen zum Umgang mit wassergef. Stoffen;JAHR;Jahr;2023;DINSG;Deutschland insgesamt;DG;Deutschland;ANLAT8;Anlagenart;ANLAGEN-13;Rohrleitungsanlagen;STFAT3;Maßgebende Stoffart;STOFF-FLUES;Flüssige Stoffe in m3;FASSV1;Fassungsvermögen;FV100UM;über 100;616;Anzahl;ANL016;Geprüfte Anlagen z. Umgang mit wassergef. Stoffen
32331;Erh. der Anlagen zum Umgang mit wassergef. Stoffen;JAHR;Jahr;2020;DINSG;Deutschland insgesamt;DG;Deutschland;ANLAT8;Anlagenart;ANLAGEN-15;JGS-Anlagen;STFAT3;Maßgebende Stoffart;STOFF-GAS;Gasförmige Stoffe in t;FASSV1;Fassungsvermögen;FV100UM;über 100;-;Anzahl;ANL016;Geprüfte Anlagen z. Umgang mit wassergef. Stoffen
32331;Erh. der Anlagen zum Umgang mit wassergef. Stoffen;JAHR;Jahr;2019;DINSG;Deutschland insgesamt;DG;Deutschland;ANLAT8;Anlagenart;;Insgesamt;STFAT3;Maßgebende Stoffart;STOFF-FLUES;Flüssige Stoffe in m3;FASSV1;Fassungsvermögen;FV050B100;über 50 bis 100;9612;Anzahl;ANL016;Geprüfte Anlagen z. Umgang mit wassergef. Stoffen
32331;Erh. der Anlagen zum Umgang mit wassergef. Stoffen;JAHR;Jahr;2018;DINSG;Deutschland insgesamt;DG;Deutschland;ANLAT8;Anlagenart;ANLAGEN-12;Tankstellen;STFAT3;Maßgebende Stoffart;STOFF-FEST;Feste Stoffe in t;FASSV1;Fassungsvermögen;FV010B050;über 10 bis 50;-;Anzahl;ANL016;Geprüfte Anlagen z. Umgang mit wassergef. Stoffen
32331;Erh. der Anlagen zum Umgang mit wassergef. Stoffen;JAHR;Jahr;2021;DINSG;Deutschland insgesamt;DG;Deutschland;ANLAT8;Anlagenart;ANLAGEN-06;Herstellungs-, Behandlungs- und Verwendungsanlagen;STFAT3;Maßgebende Stoffart;STOFF-GAS;Gasförmige Stoffe in t;FASSV1;Fassungsvermögen;FV000B010;bis 10;19;Anzahl;ANL016;Geprüfte Anlagen z. Umgang mit wassergef. Stoffen
32331;Erh. der Anlagen zum Umgang mit wassergef. Stoffen;JAHR;Jahr;2022;DINSG;Deutschland insgesamt;DG;Deutschland;ANLAT8;Anlagenart;ANLAGEN-06;Herstellungs-, Behandlungs- und Verwendungsanlagen;STFAT3;Maßgebende Stoffart;STOFF-GAS;Gasförmige Stoffe in t;FASSV1;Fassungsvermögen;FV000B010;bis 10;34;Anzahl;ANL016;Geprüfte Anlagen z. Umgang mit wassergef. Stoffen
32331;Erh. der Anlagen zum Umgang mit wassergef. Stoffen;JAHR;Jahr;2023;DINSG;Deutschland insgesamt;DG;Deutschland;ANLAT8;Anlagenart;ANLAGEN-06;Herstellungs-, Behandlungs- und Verwendungsanlagen;STFAT3;Maßgebende Stoffart;STOFF-GAS;Gasförmige Stoffe in t;FASSV1;Fassungsvermögen;FV000B010;bis 10;28;Anzahl;ANL016;Geprüfte Anlagen z. Umgang mit wassergef. Stoffen
32331;Erh. der Anlagen zum Umgang mit wassergef. Stoffen;JAHR;Jahr;2022;DINSG;Deutschland insgesamt;DG;Deutschland;ANLAT8;Anlagenart;ANLAGEN-12;Tankstellen;STFAT3;Maßgebende Stoffart;STOFF-GAS;Gasförmige Stoffe in t;FASSV1;Fassungsvermögen;FV100UM;über 100;-;Anzahl;ANL016;Geprüfte Anlagen z. Umgang mit wassergef. Stoffen
32331;Erh. der Anlagen zum Umgang mit wassergef. Stoffen;JAHR;Jahr;2020;DINSG;Deutschland insgesamt;DG;Deutschland;ANLAT8;Anlagenart;ANLAGEN-06;Herstellungs-, Behandlungs- und Verwendungsanlagen;STFAT3;Maßgebende Stoffart;STOFF-FEST;Feste Stoffe in t;FASSV1;Fassungsvermögen;FV050B100;über 50 bis 100;5;Anzahl;ANL016;Geprüfte Anlagen z. Umgang mit wassergef. Stoffen
32331;Erh. der Anlagen zum Umgang mit wassergef. Stoffen;JAHR;Jahr;2021;DINSG;Deutschland insgesamt;DG;Deutschland;ANLAT8;Anlagenart;ANLAGEN-07;Heizölverbraucheranlagen;STFAT3;Maßgebende Stoffart;STOFF-FEST;Feste Stoffe in t;FASSV1;Fassungsvermögen;FV050B100;über 50 bis 100;-;Anzahl;ANL016;Geprüfte Anlagen z. Umgang mit wassergef. Stoffen
32331;Erh. der Anlagen zum Umgang mit wassergef. Stoffen;JAHR;Jahr;2018;DINSG;Deutschland insgesamt;DG;Deutschland;ANLAT8;Anlagenart;;Insgesamt;STFAT3;Maßgebende Stoffart;STOFF-FEST;Feste Stoffe in t;FASSV1;Fassungsvermögen;FV000B010;bis 10;20;Anzahl;ANL016;Geprüfte Anlagen z. Umgang mit wassergef. Stoffen
32331;Erh. der Anlagen zum Umgang mit wassergef. Stoffen;JAHR;Jahr;2018;DINSG;Deutschland insgesamt;DG;Deutschland;ANLAT8;Anlagenart;ANLAGEN-13;Rohrleitungsanlagen;STFAT3;Maßgebende Stoffart;STOFF-FEST;Feste Stoffe in t;FASSV1;Fassungsvermögen;FV010B050;über 10 bis 50;-;Anzahl;ANL016;Geprüfte Anlagen z. Umgang mit wassergef. Stoffen
32331;Erh. der Anlagen zum Umgang mit wassergef. Stoffen;JAHR;Jahr;2018;DINSG;Deutschland insgesamt;DG;Deutschland;ANLAT8;Anlagenart;ANLAGEN-06;Herstellungs-, Behandlungs- und Verwendungsanlagen;STFAT3;Maßgebende Stoffart;STOFF-GAS;Gasförmige Stoffe in t;FASSV1;Fassungsvermögen;FV050B100;über 50 bis 100;1;Anzahl;ANL016;Geprüfte Anlagen z. Umgang mit wassergef. Stoffen
32331;Erh. der Anlagen zum Umgang mit wassergef. Stoffen;JAHR;Jahr;2018;DINSG;Deutschland insgesamt;DG;Deutschland;ANLAT8;Anlagenart;ANLAGEN-09;Abfüllanlagen (ohne Tankstellen);STFAT3;Maßgebende Stoffart;STOFF-FLUES;Flüssige Stoffe in m3;FASSV1;Fassungsvermögen;FV050B100;über 50 bis 100;562;Anzahl;ANL016;Geprüfte Anlagen z. Umgang mit wassergef. Stoffen
32331;Erh. der Anlagen zum Umgang mit wassergef. Stoffen;JAHR;Jahr;2022;DINSG;Deutschland insgesamt;DG;Deutschland;ANLAT8;Anlagenart;ANLAGEN-11;Umschlaganlagen des intermodalen Verkehrs;STFAT3;Maßgebende Stoffart;STOFF-FEST;Feste Stoffe in t;FASSV1;Fassungsvermögen;FV000B010;bis 10;-;Anzahl;ANL016;Geprüfte Anlagen z. Umgang mit wassergef. Stoffen
32331;Erh. der Anlagen zum Umgang mit wassergef. Stoffen;JAHR;Jahr;2022;DINSG;Deutschland insgesamt;DG;Deutschland;ANLAT8;Anlagenart;ANLAGEN-13;Rohrleitungsanlagen;STFAT3;Maßgebende Stoffart;STOFF-FLUES;Flüssige Stoffe in m3;FASSV1;Fassungsvermögen;FV000B010;bis 10;557;Anzahl;ANL016;Geprüfte Anlagen z. Umgang mit wassergef. Stoffen
32331;Erh. der Anlagen zum Umgang mit wassergef. Stoffen;JAHR;Jahr;2023;DINSG;Deutschland insgesamt;DG;Deutschland;ANLAT8;Anlagenart;ANLAGEN-10;Umschlaganlagen ohne intermodalen Verkehr;STFAT3;Maßgebende Stoffart;STOFF-FEST;Feste Stoffe in t;FASSV1;Fassungsvermögen;FV010B050;über 10 bis 50;-;Anzahl;ANL016;Geprüfte Anlagen z. Umgang mit wassergef. Stoffen
32331;Erh. der Anlagen zum Umgang mit wassergef. Stoffen;JAHR;Jahr;2020;DINSG;Deutschland insgesamt;DG;Deutschland;ANLAT8;Anlagenart;ANLAGEN-12;Tankstellen;STFAT3;Maßgebende Stoffart;STOFF-FEST;Feste Stoffe in t;FASSV1;Fassungsvermögen;FV050B100;über 50 bis 100;-;Anzahl;ANL016;Geprüfte Anlagen z. Umgang mit wassergef. Stoffen
32331;Erh. der Anlagen zum Umgang mit wassergef. Stoffen;JAHR;Jahr;2019;DINSG;Deutschland insgesamt;DG;Deutschland;ANLAT8;Anlagenart;ANLAGEN-08;Lageranlagen (ohne Tankstellen u.Heizölverbr.anl.);STFAT3;Maßgebende Stoffart;STOFF-FEST;Feste Stoffe in t;FASSV1;Fassungsvermögen;FV010B050;über 10 bis 50;10;Anzahl;ANL016;Geprüfte Anlagen z. Umgang mit wassergef. Stoffen
32331;Erh. der Anlagen zum Umgang mit wassergef. Stoffen;JAHR;Jahr;2020;DINSG;Deutschland insgesamt;DG;Deutschland;ANLAT8;Anlagenart;;Insgesamt;STFAT3;Maßgebende Stoffart;STOFF-GAS;Gasförmige Stoffe in t;FASSV1;Fassungsvermögen;FV000B010;bis 10;21;Anzahl;ANL016;Geprüfte Anlagen z. Umgang mit wassergef. Stoffen
32331;Erh. der Anlagen zum Umgang mit wassergef. Stoffen;JAHR;Jahr;2023;DINSG;Deutschland insgesamt;DG;Deutschland;ANLAT8;Anlagenart;ANLAGEN-05;Umschlaganlagen;STFAT3;Maßgebende Stoffart;STOFF-FLUES;Flüssige Stoffe in m3;FASSV1;Fassungsvermögen;FV050B100;über 50 bis 100;-;Anzahl;ANL016;Geprüfte Anlagen z. Umgang mit wassergef. Stoffen
32331;Erh. der Anlagen zum Umgang mit wassergef. Stoffen;JAHR;Jahr;2021;DINSG;Deutschland insgesamt;DG;Deutschland;ANLAT8;Anlagenart;;Insgesamt;STFAT3;Maßgebende Stoffart;STOFF-FEST;Feste Stoffe in t;FASSV1;Fassungsvermögen;FV100UM;über 100;223;Anzahl;ANL016;Geprüfte Anlagen z. Umgang mit wassergef. Stoffen
32331;Erh. der Anlagen zum Umgang mit wassergef. Stoffen;JAHR;Jahr;2018;DINSG;Deutschland insgesamt;DG;Deutschland;ANLAT8;Anlagenart;ANLAGEN-09;Abfüllanlagen (ohne Tankstellen);STFAT3;Maßgebende Stoffart;STOFF-FEST;Feste Stoffe in t;FASSV1;Fassungsvermögen;FV000B010;bis 10;1;Anzahl;ANL016;Geprüfte Anlagen z. Umgang mit wassergef. Stoffen
32331;Erh. der Anlagen zum Umgang mit wassergef. Stoffen;JAHR;Jahr;2018;DINSG;Deutschland insgesamt;DG;Deutschland;ANLAT8;Anlagenart;ANLAGEN-05;Umschlaganlagen;STFAT3;Maßgebende Stoffart;STOFF-GAS;Gasförmige Stoffe in t;FASSV1;Fassungsvermögen;FV000B010;bis 10;-;Anzahl;ANL016;Geprüfte Anlagen z. Umgang mit wassergef. Stoffen
32331;Erh. der Anlagen zum Umgang mit wassergef. Stoffen;JAHR;Jahr;2019;DINSG;Deutschland insgesamt;DG;Deutschland;ANLAT8;Anlagenart;ANLAGEN-13;Rohrleitungsanlagen;STFAT3;Maßgebende Stoffart;STOFF-GAS;Gasförmige Stoffe in t;FASSV1;Fassungsvermögen;;Insgesamt;-;Anzahl;ANL016;Geprüfte Anlagen z. Umgang mit wassergef. Stoffen
32331;Erh. der Anlagen zum Umgang mit wassergef. Stoffen;JAHR;Jahr;2018;DINSG;Deutschland insgesamt;DG;Deutschland;ANLAT8;Anlagenart;ANLAGEN-05;Umschlaganlagen;STFAT3;Maßgebende Stoffart;STOFF-GAS;Gasförmige Stoffe in t;FASSV1;Fassungsvermögen;FV100UM;über 100;-;Anzahl;ANL016;Geprüfte Anlagen z. Umgang mit wassergef. Stoffen
32331;Erh. der Anlagen zum Umgang mit wassergef. Stoffen;JAHR;Jahr;2023;DINSG;Deutschland insgesamt;DG;Deutschland;ANLAT8;Anlagenart;ANLAGEN-08;Lageranlagen (ohne Tankstellen u.Heizölverbr.anl.);STFAT3;Maßgebende Stoffart;STOFF-FLUES;Flüssige Stoffe in m3;FASSV1;Fassungsvermögen;;Insgesamt;21677;Anzahl;ANL016;Geprüfte Anlagen z. Umgang mit wassergef. Stoffen
32331;Erh. der Anlagen zum Umgang mit wassergef. Stoffen;JAHR;Jahr;2018;DINSG;Deutschland insgesamt;DG;Deutschland;ANLAT8;Anlagenart;ANLAGEN-12;Tankstellen;STFAT3;Maßgebende Stoffart;STOFF-FLUES;Flüssige Stoffe in m3;FASSV1;Fassungsvermögen;FV100UM;über 100;2801;Anzahl;ANL016;Geprüfte Anlagen z. Umgang mit wassergef. Stoffen
32331;Erh. der Anlagen zum Umgang mit wassergef. Stoffen;JAHR;Jahr;2022;DINSG;Deutschland insgesamt;DG;Deutschland;ANLAT8;Anlagenart;ANLAGEN-12;Tankstellen;STFAT3;Maßgebende Stoffart;STOFF-FEST;Feste Stoffe in t;FASSV1;Fassungsvermögen;FV100UM;über 100;-;Anzahl;ANL016;Geprüfte Anlagen z. Umgang mit wassergef. Stoffen
32331;Erh. der Anlagen zum Umgang mit wassergef. Stoffen;JAHR;Jahr;2018;DINSG;Deutschland insgesamt;DG;Deutschland;ANLAT8;Anlagenart;ANLAGEN-09;Abfüllanlagen (ohne Tankstellen);STFAT3;Maßgebende Stoffart;STOFF-GAS;Gasförmige Stoffe in t;FASSV1;Fassungsvermögen;FV100UM;über 100;-;Anzahl;ANL016;Geprüfte Anlagen z. Umgang mit wassergef. Stoffen
32331;Erh. der Anlagen zum Umgang mit wassergef. Stoffen;JAHR;Jahr;2019;DINSG;Deutschland insgesamt;DG;Deutschland;ANLAT8;Anlagenart;ANLAGEN-09;Abfüllanlagen (ohne Tankstellen);STFAT3;Maßgebende Stoffart;STOFF-FEST;Feste Stoffe in t;FASSV1;Fassungsvermögen;FV010B050;über 10 bis 50;1;Anzahl;ANL016;Geprüfte Anlagen z. Umgang mit wassergef. Stoffen
32331;Erh. der Anlagen zum Umgang mit wassergef. Stoffen;JAHR;Jahr;2018;DINSG;Deutschland insgesamt;DG;Deutschland;ANLAT8;Anlagenart;ANLAGEN-06;Herstellungs-, Behandlungs- und Verwendungsanlagen;STFAT3;Maßgebende Stoffart;STOFF-FEST;Feste Stoffe in t;FASSV1;Fassungsvermögen;;Insgesamt;21;Anzahl;ANL016;Geprüfte Anlagen z. Umgang mit wassergef. Stoffen
32331;Erh. der Anlagen zum Umgang mit wassergef. Stoffen;JAHR;Jahr;2021;DINSG;Deutschland insgesamt;DG;Deutschland;ANLAT8;Anlagenart;ANLAGEN-12;Tankstellen;STFAT3;Maßgebende Stoffart;STOFF-GAS;Gasförmige Stoffe in t;FASSV1;Fassungsvermögen;;Insgesamt;3;Anzahl;ANL016;Geprüfte Anlagen z. Umgang mit wassergef. Stoffen
32331;Erh. der Anlagen zum Umgang mit wassergef. Stoffen;JAHR;Jahr;2022;DINSG;Deutschland insgesamt;DG;Deutschland;ANLAT8;Anlagenart;ANLAGEN-15;JGS-Anlagen;STFAT3;Maßgebende Stoffart;STOFF-FLUES;Flüssige Stoffe in m3;FASSV1;Fassungsvermögen;;Insgesamt;1130;Anzahl;ANL016;Geprüfte Anlagen z. Umgang mit wassergef. Stoffen
32331;Erh. der Anlagen zum Umgang mit wassergef. Stoffen;JAHR;Jahr;2018;DINSG;Deutschland insgesamt;DG;Deutschland;ANLAT8;Anlagenart;ANLAGEN-12;Tankstellen;STFAT3;Maßgebende Stoffart;STOFF-GAS;Gasförmige Stoffe in t;FASSV1;Fassungsvermögen;FV100UM;über 100;-;Anzahl;ANL016;Geprüfte Anlagen z. Umgang mit wassergef. Stoffen
32331;Erh. der Anlagen zum Umgang mit wassergef. Stoffen;JAHR;Jahr;2019;DINSG;Deutschland insgesamt;DG;Deutschland;ANLAT8;Anlagenart;ANLAGEN-05;Umschlaganlagen;STFAT3;Maßgebende Stoffart;STOFF-FLUES;Flüssige Stoffe in m3;FASSV1;Fassungsvermögen;FV100UM;über 100;365;Anzahl;ANL016;Geprüfte Anlagen z. Umgang mit wassergef. Stoffen
32331;Erh. der Anlagen zum Umgang mit wassergef. Stoffen;JAHR;Jahr;2022;DINSG;Deutschland insgesamt;DG;Deutschland;ANLAT8;Anlagenart;ANLAGEN-13;Rohrleitungsanlagen;STFAT3;Maßgebende Stoffart;STOFF-FEST;Feste Stoffe in t;FASSV1;Fassungsvermögen;FV050B100;über 50 bis 100;-;Anzahl;ANL016;Geprüfte Anlagen z. Umgang mit wassergef. Stoffen
32331;Erh. der Anlagen zum Umgang mit wassergef. Stoffen;JAHR;Jahr;2021;DINSG;Deutschland insgesamt;DG;Deutschland;ANLAT8;Anlagenart;ANLAGEN-10;Umschlaganlagen ohne intermodalen Verkehr;STFAT3;Maßgebende Stoffart;STOFF-FEST;Feste Stoffe in t;FASSV1;Fassungsvermögen;FV000B010;bis 10;1;Anzahl;ANL016;Geprüfte Anlagen z. Umgang mit wassergef. Stoffen
32331;Erh. der Anlagen zum Umgang mit wassergef. Stoffen;JAHR;Jahr;2023;DINSG;Deutschland insgesamt;DG;Deutschland;ANLAT8;Anlagenart;ANLAGEN-14;Biogasanlagen;STFAT3;Maßgebende Stoffart;STOFF-FEST;Feste Stoffe in t;FASSV1;Fassungsvermögen;FV050B100;über 50 bis 100;-;Anzahl;ANL016;Geprüfte Anlagen z. Umgang mit wassergef. Stoffen
32331;Erh. der Anlagen zum Umgang mit wassergef. Stoffen;JAHR;Jahr;2018;DINSG;Deutschland insgesamt;DG;Deutschland;ANLAT8;Anlagenart;ANLAGEN-14;Biogasanlagen;STFAT3;Maßgebende Stoffart;STOFF-FEST;Feste Stoffe in t;FASSV1;Fassungsvermögen;FV000B010;bis 10;-;Anzahl;ANL016;Geprüfte Anlagen z. Umgang mit wassergef. Stoffen
32331;Erh. der Anlagen zum Umgang mit wassergef. Stoffen;JAHR;Jahr;2020;DINSG;Deutschland insgesamt;DG;Deutschland;ANLAT8;Anlagenart;ANLAGEN-05;Umschlaganlagen;STFAT3;Maßgebende Stoffart;STOFF-FEST;Feste Stoffe in t;FASSV1;Fassungsvermögen;;Insgesamt;-;Anzahl;ANL016;Geprüfte Anlagen z. Umgang mit wassergef. Stoffen
32331;Erh. der Anlagen zum Umgang mit wassergef. Stoffen;JAHR;Jahr;2020;DINSG;Deutschland insgesamt;DG;Deutschland;ANLAT8;Anlagenart;ANLAGEN-12;Tankstellen;STFAT3;Maßgebende Stoffart;STOFF-FEST;Feste Stoffe in t;FASSV1;Fassungsvermögen;;Insgesamt;-;Anzahl;ANL016;Geprüfte Anlagen z. Umgang mit wassergef. Stoffen
32331;Erh. der Anlagen zum Umgang mit wassergef. Stoffen;JAHR;Jahr;2019;DINSG;Deutschland insgesamt;DG;Deutschland;ANLAT8;Anlagenart;ANLAGEN-14;Biogasanlagen;STFAT3;Maßgebende Stoffart;STOFF-FEST;Feste Stoffe in t;FASSV1;Fassungsvermögen;FV010B050;über 10 bis 50;-;Anzahl;ANL016;Geprüfte Anlagen z. Umgang mit wassergef. Stoffen
32331;Erh. der Anlagen zum Umgang mit wassergef. Stoffen;JAHR;Jahr;2021;DINSG;Deutschland insgesamt;DG;Deutschland;ANLAT8;Anlagenart;ANLAGEN-08;Lageranlagen (ohne Tankstellen u.Heizölverbr.anl.);STFAT3;Maßgebende Stoffart;STOFF-FEST;Feste Stoffe in t;FASSV1;Fassungsvermögen;FV050B100;über 50 bis 100;3;Anzahl;ANL016;Geprüfte Anlagen z. Umgang mit wassergef. Stoffen
32331;Erh. der Anlagen zum Umgang mit wassergef. Stoffen;JAHR;Jahr;2018;DINSG;Deutschland insgesamt;DG;Deutschland;ANLAT8;Anlagenart;ANLAGEN-08;Lageranlagen (ohne Tankstellen u.Heizölverbr.anl.);STFAT3;Maßgebende Stoffart;STOFF-FLUES;Flüssige Stoffe in m3;FASSV1;Fassungsvermögen;FV010B050;über 10 bis 50;8793;Anzahl;ANL016;Geprüfte Anlagen z. Umgang mit wassergef. Stoffen
32331;Erh. der Anlagen zum Umgang mit wassergef. Stoffen;JAHR;Jahr;2021;DINSG;Deutschland insgesamt;DG;Deutschland;ANLAT8;Anlagenart;ANLAGEN-13;Rohrleitungsanlagen;STFAT3;Maßgebende Stoffart;STOFF-FEST;Feste Stoffe in t;FASSV1;Fassungsvermögen;FV050B100;über 50 bis 100;-;Anzahl;ANL016;Geprüfte Anlagen z. Umgang mit wassergef. Stoffen
32331;Erh. der Anlagen zum Umgang mit wassergef. Stoffen;JAHR;Jahr;2022;DINSG;Deutschland insgesamt;DG;Deutschland;ANLAT8;Anlagenart;ANLAGEN-08;Lageranlagen (ohne Tankstellen u.Heizölverbr.anl.);STFAT3;Maßgebende Stoffart;STOFF-GAS;Gasförmige Stoffe in t;FASSV1;Fassungsvermögen;FV010B050;über 10 bis 50;3;Anzahl;ANL016;Geprüfte Anlagen z. Umgang mit wassergef. Stoffen
32331;Erh. der Anlagen zum Umgang mit wassergef. Stoffen;JAHR;Jahr;2020;DINSG;Deutschland insgesamt;DG;Deutschland;ANLAT8;Anlagenart;ANLAGEN-08;Lageranlagen (ohne Tankstellen u.Heizölverbr.anl.);STFAT3;Maßgebende Stoffart;STOFF-GAS;Gasförmige Stoffe in t;FASSV1;Fassungsvermögen;FV100UM;über 100;13;Anzahl;ANL016;Geprüfte Anlagen z. Umgang mit wassergef. Stoffen
32331;Erh. der Anlagen zum Umgang mit wassergef. Stoffen;JAHR;Jahr;2023;DINSG;Deutschland insgesamt;DG;Deutschland;ANLAT8;Anlagenart;ANLAGEN-08;Lageranlagen (ohne Tankstellen u.Heizölverbr.anl.);STFAT3;Maßgebende Stoffart;STOFF-FLUES;Flüssige Stoffe in m3;FASSV1;Fassungsvermögen;FV000B010;bis 10;8987;Anzahl;ANL016;Geprüfte Anlagen z. Umgang mit wassergef. Stoffen
32331;Erh. der Anlagen zum Umgang mit wassergef. Stoffen;JAHR;Jahr;2021;DINSG;Deutschland insgesamt;DG;Deutschland;ANLAT8;Anlagenart;ANLAGEN-12;Tankstellen;STFAT3;Maßgebende Stoffart;STOFF-FEST;Feste Stoffe in t;FASSV1;Fassungsvermögen;FV050B100;über 50 bis 100;-;Anzahl;ANL016;Geprüfte Anlagen z. Umgang mit wassergef. Stoffen
32331;Erh. der Anlagen zum Umgang mit wassergef. Stoffen;JAHR;Jahr;2022;DINSG;Deutschland insgesamt;DG;Deutschland;ANLAT8;Anlagenart;ANLAGEN-07;Heizölverbraucheranlagen;STFAT3;Maßgebende Stoffart;STOFF-FEST;Feste Stoffe in t;FASSV1;Fassungsvermögen;FV100UM;über 100;-;Anzahl;ANL016;Geprüfte Anlagen z. Umgang mit wassergef. Stoffen
32331;Erh. der Anlagen zum Umgang mit wassergef. Stoffen;JAHR;Jahr;2022;DINSG;Deutschland insgesamt;DG;Deutschland;ANLAT8;Anlagenart;ANLAGEN-14;Biogasanlagen;STFAT3;Maßgebende Stoffart;STOFF-FEST;Feste Stoffe in t;FASSV1;Fassungsvermögen;FV050B100;über 50 bis 100;-;Anzahl;ANL016;Geprüfte Anlagen z. Umgang mit wassergef. Stoffen
32331;Erh. der Anlagen zum Umgang mit wassergef. Stoffen;JAHR;Jahr;2019;DINSG;Deutschland insgesamt;DG;Deutschland;ANLAT8;Anlagenart;ANLAGEN-15;JGS-Anlagen;STFAT3;Maßgebende Stoffart;STOFF-FEST;Feste Stoffe in t;FASSV1;Fassungsvermögen;FV000B010;bis 10;1;Anzahl;ANL016;Geprüfte Anlagen z. Umgang mit wassergef. Stoffen
32331;Erh. der Anlagen zum Umgang mit wassergef. Stoffen;JAHR;Jahr;2021;DINSG;Deutschland insgesamt;DG;Deutschland;ANLAT8;Anlagenart;ANLAGEN-11;Umschlaganlagen des intermodalen Verkehrs;STFAT3;Maßgebende Stoffart;STOFF-FLUES;Flüssige Stoffe in m3;FASSV1;Fassungsvermögen;FV000B010;bis 10;2;Anzahl;ANL016;Geprüfte Anlagen z. Umgang mit wassergef. Stoffen
32331;Erh. der Anlagen zum Umgang mit wassergef. Stoffen;JAHR;Jahr;2018;DINSG;Deutschland insgesamt;DG;Deutschland;ANLAT8;Anlagenart;ANLAGEN-08;Lageranlagen (ohne Tankstellen u.Heizölverbr.anl.);STFAT3;Maßgebende Stoffart;STOFF-FEST;Feste Stoffe in t;FASSV1;Fassungsvermögen;FV010B050;über 10 bis 50;2;Anzahl;ANL016;Geprüfte Anlagen z. Umgang mit wassergef. Stoffen
32331;Erh. der Anlagen zum Umgang mit wassergef. Stoffen;JAHR;Jahr;2019;DINSG;Deutschland insgesamt;DG;Deutschland;ANLAT8;Anlagenart;ANLAGEN-13;Rohrleitungsanlagen;STFAT3;Maßgebende Stoffart;STOFF-FEST;Feste Stoffe in t;FASSV1;Fassungsvermögen;FV010B050;über 10 bis 50;-;Anzahl;ANL016;Geprüfte Anlagen z. Umgang mit wassergef. Stoffen
32331;Erh. der Anlagen zum Umgang mit wassergef. Stoffen;JAHR;Jahr;2020;DINSG;Deutschland insgesamt;DG;Deutschland;ANLAT8;Anlagenart;ANLAGEN-07;Heizölverbraucheranlagen;STFAT3;Maßgebende Stoffart;STOFF-FEST;Feste Stoffe in t;FASSV1;Fassungsvermögen;FV050B100;über 50 bis 100;-;Anzahl;ANL016;Geprüfte Anlagen z. Umgang mit wassergef. Stoffen
32331;Erh. der Anlagen zum Umgang mit wassergef. Stoffen;JAHR;Jahr;2022;DINSG;Deutschland insgesamt;DG;Deutschland;ANLAT8;Anlagenart;ANLAGEN-09;Abfüllanlagen (ohne Tankstellen);STFAT3;Maßgebende Stoffart;STOFF-GAS;Gasförmige Stoffe in t;FASSV1;Fassungsvermögen;FV000B010;bis 10;-;Anzahl;ANL016;Geprüfte Anlagen z. Umgang mit wassergef. Stoffen
32331;Erh. der Anlagen zum Umgang mit wassergef. Stoffen;JAHR;Jahr;2023;DINSG;Deutschland insgesamt;DG;Deutschland;ANLAT8;Anlagenart;ANLAGEN-13;Rohrleitungsanlagen;STFAT3;Maßgebende Stoffart;STOFF-FLUES;Flüssige Stoffe in m3;FASSV1;Fassungsvermögen;FV000B010;bis 10;652;Anzahl;ANL016;Geprüfte Anlagen z. Umgang mit wassergef. Stoffen
32331;Erh. der Anlagen zum Umgang mit wassergef. Stoffen;JAHR;Jahr;2019;DINSG;Deutschland insgesamt;DG;Deutschland;ANLAT8;Anlagenart;ANLAGEN-11;Umschlaganlagen des intermodalen Verkehrs;STFAT3;Maßgebende Stoffart;STOFF-FLUES;Flüssige Stoffe in m3;FASSV1;Fassungsvermögen;FV050B100;über 50 bis 100;-;Anzahl;ANL016;Geprüfte Anlagen z. Umgang mit wassergef. Stoffen
32331;Erh. der Anlagen zum Umgang mit wassergef. Stoffen;JAHR;Jahr;2023;DINSG;Deutschland insgesamt;DG;Deutschland;ANLAT8;Anlagenart;ANLAGEN-10;Umschlaganlagen ohne intermodalen Verkehr;STFAT3;Maßgebende Stoffart;STOFF-FLUES;Flüssige Stoffe in m3;FASSV1;Fassungsvermögen;FV100UM;über 100;305;Anzahl;ANL016;Geprüfte Anlagen z. Umgang mit wassergef. Stoffen
32331;Erh. der Anlagen zum Umgang mit wassergef. Stoffen;JAHR;Jahr;2022;DINSG;Deutschland insgesamt;DG;Deutschland;ANLAT8;Anlagenart;ANLAGEN-10;Umschlaganlagen ohne intermodalen Verkehr;STFAT3;Maßgebende Stoffart;STOFF-FLUES;Flüssige Stoffe in m3;FASSV1;Fassungsvermögen;FV050B100;über 50 bis 100;155;Anzahl;ANL016;Geprüfte Anlagen z. Umgang mit wassergef. Stoffen
32331;Erh. der Anlagen zum Umgang mit wassergef. Stoffen;JAHR;Jahr;2019;DINSG;Deutschland insgesamt;DG;Deutschland;ANLAT8;Anlagenart;ANLAGEN-07;Heizölverbraucheranlagen;STFAT3;Maßgebende Stoffart;STOFF-FLUES;Flüssige Stoffe in m3;FASSV1;Fassungsvermögen;;Insgesamt;198150;Anzahl;ANL016;Geprüfte Anlagen z. Umgang mit wassergef. Stoffen
32331;Erh. der Anlagen zum Umgang mit wassergef. Stoffen;JAHR;Jahr;2020;DINSG;Deutschland insgesamt;DG;Deutschland;ANLAT8;Anlagenart;ANLAGEN-09;Abfüllanlagen (ohne Tankstellen);STFAT3;Maßgebende Stoffart;STOFF-GAS;Gasförmige Stoffe in t;FASSV1;Fassungsvermögen;FV000B010;bis 10;-;Anzahl;ANL016;Geprüfte Anlagen z. Umgang mit wassergef. Stoffen
32331;Erh. der Anlagen zum Umgang mit wassergef. Stoffen;JAHR;Jahr;2023;DINSG;Deutschland insgesamt;DG;Deutschland;ANLAT8;Anlagenart;ANLAGEN-12;Tankstellen;STFAT3;Maßgebende Stoffart;STOFF-FEST;Feste Stoffe in t;FASSV1;Fassungsvermögen;;Insgesamt;-;Anzahl;ANL016;Geprüfte Anlagen z. Umgang mit wassergef. Stoffen
32331;Erh. der Anlagen zum Umgang mit wassergef. Stoffen;JAHR;Jahr;2019;DINSG;Deutschland insgesamt;DG;Deutschland;ANLAT8;Anlagenart;ANLAGEN-14;Biogasanlagen;STFAT3;Maßgebende Stoffart;STOFF-FEST;Feste Stoffe in t;FASSV1;Fassungsvermögen;FV100UM;über 100;3;Anzahl;ANL016;Geprüfte Anlagen z. Umgang mit wassergef. Stoffen
32331;Erh. der Anlagen zum Umgang mit wassergef. Stoffen;JAHR;Jahr;2023;DINSG;Deutschland insgesamt;DG;Deutschland;ANLAT8;Anlagenart;ANLAGEN-07;Heizölverbraucheranlagen;STFAT3;Maßgebende Stoffart;STOFF-FEST;Feste Stoffe in t;FASSV1;Fassungsvermögen;;Insgesamt;-;Anzahl;ANL016;Geprüfte Anlagen z. Umgang mit wassergef. Stoffen
32331;Erh. der Anlagen zum Umgang mit wassergef. Stoffen;JAHR;Jahr;2023;DINSG;Deutschland insgesamt;DG;Deutschland;ANLAT8;Anlagenart;;Insgesamt;STFAT3;Maßgebende Stoffart;STOFF-GAS;Gasförmige Stoffe in t;FASSV1;Fassungsvermögen;FV000B010;bis 10;41;Anzahl;ANL016;Geprüfte Anlagen z. Umgang mit wassergef. Stoffen
32331;Erh. der Anlagen zum Umgang mit wassergef. Stoffen;JAHR;Jahr;2023;DINSG;Deutschland insgesamt;DG;Deutschland;ANLAT8;Anlagenart;ANLAGEN-06;Herstellungs-, Behandlungs- und Verwendungsanlagen;STFAT3;Maßgebende Stoffart;STOFF-FLUES;Flüssige Stoffe in m3;FASSV1;Fassungsvermögen;FV100UM;über 100;842;Anzahl;ANL016;Geprüfte Anlagen z. Umgang mit wassergef. Stoffen
32331;Erh. der Anlagen zum Umgang mit wassergef. Stoffen;JAHR;Jahr;2023;DINSG;Deutschland insgesamt;DG;Deutschland;ANLAT8;Anlagenart;ANLAGEN-06;Herstellungs-, Behandlungs- und Verwendungsanlagen;STFAT3;Maßgebende Stoffart;STOFF-FLUES;Flüssige Stoffe in m3;FASSV1;Fassungsvermögen;FV000B010;bis 10;3392;Anzahl;ANL016;Geprüfte Anlagen z. Umgang mit wassergef. Stoffen
32331;Erh. der Anlagen zum Umgang mit wassergef. Stoffen;JAHR;Jahr;2018;DINSG;Deutschland insgesamt;DG;Deutschland;ANLAT8;Anlagenart;ANLAGEN-14;Biogasanlagen;STFAT3;Maßgebende Stoffart;STOFF-FLUES;Flüssige Stoffe in m3;FASSV1;Fassungsvermögen;;Insgesamt;703;Anzahl;ANL016;Geprüfte Anlagen z. Umgang mit wassergef. Stoffen
32331;Erh. der Anlagen zum Umgang mit wassergef. Stoffen;JAHR;Jahr;2021;DINSG;Deutschland insgesamt;DG;Deutschland;ANLAT8;Anlagenart;ANLAGEN-07;Heizölverbraucheranlagen;STFAT3;Maßgebende Stoffart;STOFF-FLUES;Flüssige Stoffe in m3;FASSV1;Fassungsvermögen;FV010B050;über 10 bis 50;46958;Anzahl;ANL016;Geprüfte Anlagen z. Umgang mit wassergef. Stoffen
32331;Erh. der Anlagen zum Umgang mit wassergef. Stoffen;JAHR;Jahr;2020;DINSG;Deutschland insgesamt;DG;Deutschland;ANLAT8;Anlagenart;ANLAGEN-10;Umschlaganlagen ohne intermodalen Verkehr;STFAT3;Maßgebende Stoffart;STOFF-GAS;Gasförmige Stoffe in t;FASSV1;Fassungsvermögen;FV010B050;über 10 bis 50;-;Anzahl;ANL016;Geprüfte Anlagen z. Umgang mit wassergef. Stoffen
32331;Erh. der Anlagen zum Umgang mit wassergef. Stoffen;JAHR;Jahr;2022;DINSG;Deutschland insgesamt;DG;Deutschland;ANLAT8;Anlagenart;ANLAGEN-14;Biogasanlagen;STFAT3;Maßgebende Stoffart;STOFF-GAS;Gasförmige Stoffe in t;FASSV1;Fassungsvermögen;FV050B100;über 50 bis 100;-;Anzahl;ANL016;Geprüfte Anlagen z. Umgang mit wassergef. Stoffen
32331;Erh. der Anlagen zum Umgang mit wassergef. Stoffen;JAHR;Jahr;2019;DINSG;Deutschland insgesamt;DG;Deutschland;ANLAT8;Anlagenart;;Insgesamt;STFAT3;Maßgebende Stoffart;STOFF-FEST;Feste Stoffe in t;FASSV1;Fassungsvermögen;FV050B100;über 50 bis 100;11;Anzahl;ANL016;Geprüfte Anlagen z. Umgang mit wassergef. Stoffen
32331;Erh. der Anlagen zum Umgang mit wassergef. Stoffen;JAHR;Jahr;2021;DINSG;Deutschland insgesamt;DG;Deutschland;ANLAT8;Anlagenart;ANLAGEN-14;Biogasanlagen;STFAT3;Maßgebende Stoffart;STOFF-GAS;Gasförmige Stoffe in t;FASSV1;Fassungsvermögen;FV050B100;über 50 bis 100;-;Anzahl;ANL016;Geprüfte Anlagen z. Umgang mit wassergef. Stoffen
32331;Erh. der Anlagen zum Umgang mit wassergef. Stoffen;JAHR;Jahr;2018;DINSG;Deutschland insgesamt;DG;Deutschland;ANLAT8;Anlagenart;ANLAGEN-08;Lageranlagen (ohne Tankstellen u.Heizölverbr.anl.);STFAT3;Maßgebende Stoffart;STOFF-FEST;Feste Stoffe in t;FASSV1;Fassungsvermögen;;Insgesamt;78;Anzahl;ANL016;Geprüfte Anlagen z. Umgang mit wassergef. Stoffen
32331;Erh. der Anlagen zum Umgang mit wassergef. Stoffen;JAHR;Jahr;2021;DINSG;Deutschland insgesamt;DG;Deutschland;ANLAT8;Anlagenart;ANLAGEN-15;JGS-Anlagen;STFAT3;Maßgebende Stoffart;STOFF-FEST;Feste Stoffe in t;FASSV1;Fassungsvermögen;;Insgesamt;84;Anzahl;ANL016;Geprüfte Anlagen z. Umgang mit wassergef. Stoffen
32331;Erh. der Anlagen zum Umgang mit wassergef. Stoffen;JAHR;Jahr;2020;DINSG;Deutschland insgesamt;DG;Deutschland;ANLAT8;Anlagenart;;Insgesamt;STFAT3;Maßgebende Stoffart;STOFF-FLUES;Flüssige Stoffe in m3;FASSV1;Fassungsvermögen;FV000B010;bis 10;152841;Anzahl;ANL016;Geprüfte Anlagen z. Umgang mit wassergef. Stoffen
32331;Erh. der Anlagen zum Umgang mit wassergef. Stoffen;JAHR;Jahr;2021;DINSG;Deutschland insgesamt;DG;Deutschland;ANLAT8;Anlagenart;ANLAGEN-13;Rohrleitungsanlagen;STFAT3;Maßgebende Stoffart;STOFF-GAS;Gasförmige Stoffe in t;FASSV1;Fassungsvermögen;FV000B010;bis 10;1;Anzahl;ANL016;Geprüfte Anlagen z. Umgang mit wassergef. Stoffen
32331;Erh. der Anlagen zum Umgang mit wassergef. Stoffen;JAHR;Jahr;2022;DINSG;Deutschland insgesamt;DG;Deutschland;ANLAT8;Anlagenart;ANLAGEN-13;Rohrleitungsanlagen;STFAT3;Maßgebende Stoffart;STOFF-GAS;Gasförmige Stoffe in t;FASSV1;Fassungsvermögen;FV000B010;bis 10;6;Anzahl;ANL016;Geprüfte Anlagen z. Umgang mit wassergef. Stoffen
32331;Erh. der Anlagen zum Umgang mit wassergef. Stoffen;JAHR;Jahr;2018;DINSG;Deutschland insgesamt;DG;Deutschland;ANLAT8;Anlagenart;ANLAGEN-07;Heizölverbraucheranlagen;STFAT3;Maßgebende Stoffart;STOFF-GAS;Gasförmige Stoffe in t;FASSV1;Fassungsvermögen;FV010B050;über 10 bis 50;-;Anzahl;ANL016;Geprüfte Anlagen z. Umgang mit wassergef. Stoffen
32331;Erh. der Anlagen zum Umgang mit wassergef. Stoffen;JAHR;Jahr;2022;DINSG;Deutschland insgesamt;DG;Deutschland;ANLAT8;Anlagenart;;Insgesamt;STFAT3;Maßgebende Stoffart;STOFF-FLUES;Flüssige Stoffe in m3;FASSV1;Fassungsvermögen;FV050B100;über 50 bis 100;8729;Anzahl;ANL016;Geprüfte Anlagen z. Umgang mit wassergef. Stoffen
32331;Erh. der Anlagen zum Umgang mit wassergef. Stoffen;JAHR;Jahr;2019;DINSG;Deutschland insgesamt;DG;Deutschland;ANLAT8;Anlagenart;ANLAGEN-14;Biogasanlagen;STFAT3;Maßgebende Stoffart;STOFF-FLUES;Flüssige Stoffe in m3;FASSV1;Fassungsvermögen;FV000B010;bis 10;29;Anzahl;ANL016;Geprüfte Anlagen z. Umgang mit wassergef. Stoffen
32331;Erh. der Anlagen zum Umgang mit wassergef. Stoffen;JAHR;Jahr;2018;DINSG;Deutschland insgesamt;DG;Deutschland;ANLAT8;Anlagenart;;Insgesamt;STFAT3;Maßgebende Stoffart;STOFF-GAS;Gasförmige Stoffe in t;FASSV1;Fassungsvermögen;;Insgesamt;73;Anzahl;ANL016;Geprüfte Anlagen z. Umgang mit wassergef. Stoffen
32331;Erh. der Anlagen zum Umgang mit wassergef. Stoffen;JAHR;Jahr;2022;DINSG;Deutschland insgesamt;DG;Deutschland;ANLAT8;Anlagenart;ANLAGEN-10;Umschlaganlagen ohne intermodalen Verkehr;STFAT3;Maßgebende Stoffart;STOFF-FEST;Feste Stoffe in t;FASSV1;Fassungsvermögen;FV000B010;bis 10;1;Anzahl;ANL016;Geprüfte Anlagen z. Umgang mit wassergef. Stoffen
32331;Erh. der Anlagen zum Umgang mit wassergef. Stoffen;JAHR;Jahr;2022;DINSG;Deutschland insgesamt;DG;Deutschland;ANLAT8;Anlagenart;ANLAGEN-11;Umschlaganlagen des intermodalen Verkehrs;STFAT3;Maßgebende Stoffart;STOFF-FLUES;Flüssige Stoffe in m3;FASSV1;Fassungsvermögen;FV000B010;bis 10;3;Anzahl;ANL016;Geprüfte Anlagen z. Umgang mit wassergef. Stoffen
32331;Erh. der Anlagen zum Umgang mit wassergef. Stoffen;JAHR;Jahr;2023;DINSG;Deutschland insgesamt;DG;Deutschland;ANLAT8;Anlagenart;ANLAGEN-12;Tankstellen;STFAT3;Maßgebende Stoffart;STOFF-FLUES;Flüssige Stoffe in m3;FASSV1;Fassungsvermögen;FV050B100;über 50 bis 100;2976;Anzahl;ANL016;Geprüfte Anlagen z. Umgang mit wassergef. Stoffen
32331;Erh. der Anlagen zum Umgang mit wassergef. Stoffen;JAHR;Jahr;2019;DINSG;Deutschland insgesamt;DG;Deutschland;ANLAT8;Anlagenart;ANLAGEN-07;Heizölverbraucheranlagen;STFAT3;Maßgebende Stoffart;STOFF-FEST;Feste Stoffe in t;FASSV1;Fassungsvermögen;FV100UM;über 100;-;Anzahl;ANL016;Geprüfte Anlagen z. Umgang mit wassergef. Stoffen
32331;Erh. der Anlagen zum Umgang mit wassergef. Stoffen;JAHR;Jahr;2018;DINSG;Deutschland insgesamt;DG;Deutschland;ANLAT8;Anlagenart;ANLAGEN-13;Rohrleitungsanlagen;STFAT3;Maßgebende Stoffart;STOFF-FEST;Feste Stoffe in t;FASSV1;Fassungsvermögen;;Insgesamt;-;Anzahl;ANL016;Geprüfte Anlagen z. Umgang mit wassergef. Stoffen
32331;Erh. der Anlagen zum Umgang mit wassergef. Stoffen;JAHR;Jahr;2021;DINSG;Deutschland insgesamt;DG;Deutschland;ANLAT8;Anlagenart;;Insgesamt;STFAT3;Maßgebende Stoffart;STOFF-FEST;Feste Stoffe in t;FASSV1;Fassungsvermögen;FV010B050;über 10 bis 50;8;Anzahl;ANL016;Geprüfte Anlagen z. Umgang mit wassergef. Stoffen
32331;Erh. der Anlagen zum Umgang mit wassergef. Stoffen;JAHR;Jahr;2018;DINSG;Deutschland insgesamt;DG;Deutschland;ANLAT8;Anlagenart;ANLAGEN-05;Umschlaganlagen;STFAT3;Maßgebende Stoffart;STOFF-FLUES;Flüssige Stoffe in m3;FASSV1;Fassungsvermögen;FV100UM;über 100;450;Anzahl;ANL016;Geprüfte Anlagen z. Umgang mit wassergef. Stoffen
32331;Erh. der Anlagen zum Umgang mit wassergef. Stoffen;JAHR;Jahr;2019;DINSG;Deutschland insgesamt;DG;Deutschland;ANLAT8;Anlagenart;;Insgesamt;STFAT3;Maßgebende Stoffart;STOFF-FLUES;Flüssige Stoffe in m3;FASSV1;Fassungsvermögen;FV100UM;über 100;10695;Anzahl;ANL016;Geprüfte Anlagen z. Umgang mit wassergef. Stoffen
32331;Erh. der Anlagen zum Umgang mit wassergef. Stoffen;JAHR;Jahr;2022;DINSG;Deutschland insgesamt;DG;Deutschland;ANLAT8;Anlagenart;ANLAGEN-05;Umschlaganlagen;STFAT3;Maßgebende Stoffart;STOFF-FEST;Feste Stoffe in t;FASSV1;Fassungsvermögen;FV000B010;bis 10;-;Anzahl;ANL016;Geprüfte Anlagen z. Umgang mit wassergef. Stoffen
32331;Erh. der Anlagen zum Umgang mit wassergef. Stoffen;JAHR;Jahr;2023;DINSG;Deutschland insgesamt;DG;Deutschland;ANLAT8;Anlagenart;ANLAGEN-15;JGS-Anlagen;STFAT3;Maßgebende Stoffart;STOFF-GAS;Gasförmige Stoffe in t;FASSV1;Fassungsvermögen;FV010B050;über 10 bis 50;-;Anzahl;ANL016;Geprüfte Anlagen z. Umgang mit wassergef. Stoffen
32331;Erh. der Anlagen zum Umgang mit wassergef. Stoffen;JAHR;Jahr;2023;DINSG;Deutschland insgesamt;DG;Deutschland;ANLAT8;Anlagenart;ANLAGEN-15;JGS-Anlagen;STFAT3;Maßgebende Stoffart;STOFF-FLUES;Flüssige Stoffe in m3;FASSV1;Fassungsvermögen;;Insgesamt;931;Anzahl;ANL016;Geprüfte Anlagen z. Umgang mit wassergef. Stoffen
32331;Erh. der Anlagen zum Umgang mit wassergef. Stoffen;JAHR;Jahr;2022;DINSG;Deutschland insgesamt;DG;Deutschland;ANLAT8;Anlagenart;ANLAGEN-09;Abfüllanlagen (ohne Tankstellen);STFAT3;Maßgebende Stoffart;STOFF-FLUES;Flüssige Stoffe in m3;FASSV1;Fassungsvermögen;FV100UM;über 100;485;Anzahl;ANL016;Geprüfte Anlagen z. Umgang mit wassergef. Stoffen
32331;Erh. der Anlagen zum Umgang mit wassergef. Stoffen;JAHR;Jahr;2023;DINSG;Deutschland insgesamt;DG;Deutschland;ANLAT8;Anlagenart;ANLAGEN-06;Herstellungs-, Behandlungs- und Verwendungsanlagen;STFAT3;Maßgebende Stoffart;STOFF-FEST;Feste Stoffe in t;FASSV1;Fassungsvermögen;FV000B010;bis 10;7;Anzahl;ANL016;Geprüfte Anlagen z. Umgang mit wassergef. Stoffen
32331;Erh. der Anlagen zum Umgang mit wassergef. Stoffen;JAHR;Jahr;2023;DINSG;Deutschland insgesamt;DG;Deutschland;ANLAT8;Anlagenart;;Insgesamt;STFAT3;Maßgebende Stoffart;STOFF-FEST;Feste Stoffe in t;FASSV1;Fassungsvermögen;FV050B100;über 50 bis 100;18;Anzahl;ANL016;Geprüfte Anlagen z. Umgang mit wassergef. Stoffen
32331;Erh. der Anlagen zum Umgang mit wassergef. Stoffen;JAHR;Jahr;2019;DINSG;Deutschland insgesamt;DG;Deutschland;ANLAT8;Anlagenart;ANLAGEN-12;Tankstellen;STFAT3;Maßgebende Stoffart;STOFF-FEST;Feste Stoffe in t;FASSV1;Fassungsvermögen;FV100UM;über 100;-;Anzahl;ANL016;Geprüfte Anlagen z. Umgang mit wassergef. Stoffen
32331;Erh. der Anlagen zum Umgang mit wassergef. Stoffen;JAHR;Jahr;2022;DINSG;Deutschland insgesamt;DG;Deutschland;ANLAT8;Anlagenart;ANLAGEN-08;Lageranlagen (ohne Tankstellen u.Heizölverbr.anl.);STFAT3;Maßgebende Stoffart;STOFF-FEST;Feste Stoffe in t;FASSV1;Fassungsvermögen;FV050B100;über 50 bis 100;4;Anzahl;ANL016;Geprüfte Anlagen z. Umgang mit wassergef. Stoffen
32331;Erh. der Anlagen zum Umgang mit wassergef. Stoffen;JAHR;Jahr;2022;DINSG;Deutschland insgesamt;DG;Deutschland;ANLAT8;Anlagenart;ANLAGEN-14;Biogasanlagen;STFAT3;Maßgebende Stoffart;STOFF-FEST;Feste Stoffe in t;FASSV1;Fassungsvermögen;FV100UM;über 100;13;Anzahl;ANL016;Geprüfte Anlagen z. Umgang mit wassergef. Stoffen
32331;Erh. der Anlagen zum Umgang mit wassergef. Stoffen;JAHR;Jahr;2020;DINSG;Deutschland insgesamt;DG;Deutschland;ANLAT8;Anlagenart;ANLAGEN-05;Umschlaganlagen;STFAT3;Maßgebende Stoffart;STOFF-FLUES;Flüssige Stoffe in m3;FASSV1;Fassungsvermögen;FV010B050;über 10 bis 50;-;Anzahl;ANL016;Geprüfte Anlagen z. Umgang mit wassergef. Stoffen
32331;Erh. der Anlagen zum Umgang mit wassergef. Stoffen;JAHR;Jahr;2023;DINSG;Deutschland insgesamt;DG;Deutschland;ANLAT8;Anlagenart;ANLAGEN-08;Lageranlagen (ohne Tankstellen u.Heizölverbr.anl.);STFAT3;Maßgebende Stoffart;STOFF-GAS;Gasförmige Stoffe in t;FASSV1;Fassungsvermögen;FV010B050;über 10 bis 50;7;Anzahl;ANL016;Geprüfte Anlagen z. Umgang mit wassergef. Stoffen
32331;Erh. der Anlagen zum Umgang mit wassergef. Stoffen;JAHR;Jahr;2023;DINSG;Deutschland insgesamt;DG;Deutschland;ANLAT8;Anlagenart;ANLAGEN-11;Umschlaganlagen des intermodalen Verkehrs;STFAT3;Maßgebende Stoffart;STOFF-FEST;Feste Stoffe in t;FASSV1;Fassungsvermögen;FV000B010;bis 10;-;Anzahl;ANL016;Geprüfte Anlagen z. Umgang mit wassergef. Stoffen
32331;Erh. der Anlagen zum Umgang mit wassergef. Stoffen;JAHR;Jahr;2023;DINSG;Deutschland insgesamt;DG;Deutschland;ANLAT8;Anlagenart;ANLAGEN-15;JGS-Anlagen;STFAT3;Maßgebende Stoffart;STOFF-FLUES;Flüssige Stoffe in m3;FASSV1;Fassungsvermögen;FV000B010;bis 10;9;Anzahl;ANL016;Geprüfte Anlagen z. Umgang mit wassergef. Stoffen
32331;Erh. der Anlagen zum Umgang mit wassergef. Stoffen;JAHR;Jahr;2018;DINSG;Deutschland insgesamt;DG;Deutschland;ANLAT8;Anlagenart;ANLAGEN-11;Umschlaganlagen des intermodalen Verkehrs;STFAT3;Maßgebende Stoffart;STOFF-GAS;Gasförmige Stoffe in t;FASSV1;Fassungsvermögen;FV010B050;über 10 bis 50;-;Anzahl;ANL016;Geprüfte Anlagen z. Umgang mit wassergef. Stoffen
32331;Erh. der Anlagen zum Umgang mit wassergef. Stoffen;JAHR;Jahr;2023;DINSG;Deutschland insgesamt;DG;Deutschland;ANLAT8;Anlagenart;ANLAGEN-09;Abfüllanlagen (ohne Tankstellen);STFAT3;Maßgebende Stoffart;STOFF-FEST;Feste Stoffe in t;FASSV1;Fassungsvermögen;FV050B100;über 50 bis 100;4;Anzahl;ANL016;Geprüfte Anlagen z. Umgang mit wassergef. Stoffen
32331;Erh. der Anlagen zum Umgang mit wassergef. Stoffen;JAHR;Jahr;2019;DINSG;Deutschland insgesamt;DG;Deutschland;ANLAT8;Anlagenart;ANLAGEN-10;Umschlaganlagen ohne intermodalen Verkehr;STFAT3;Maßgebende Stoffart;STOFF-FEST;Feste Stoffe in t;FASSV1;Fassungsvermögen;FV050B100;über 50 bis 100;-;Anzahl;ANL016;Geprüfte Anlagen z. Umgang mit wassergef. Stoffen
32331;Erh. der Anlagen zum Umgang mit wassergef. Stoffen;JAHR;Jahr;2018;DINSG;Deutschland insgesamt;DG;Deutschland;ANLAT8;Anlagenart;ANLAGEN-07;Heizölverbraucheranlagen;STFAT3;Maßgebende Stoffart;STOFF-FLUES;Flüssige Stoffe in m3;FASSV1;Fassungsvermögen;;Insgesamt;175706;Anzahl;ANL016;Geprüfte Anlagen z. Umgang mit wassergef. Stoffen
32331;Erh. der Anlagen zum Umgang mit wassergef. Stoffen;JAHR;Jahr;2018;DINSG;Deutschland insgesamt;DG;Deutschland;ANLAT8;Anlagenart;ANLAGEN-10;Umschlaganlagen ohne intermodalen Verkehr;STFAT3;Maßgebende Stoffart;STOFF-FLUES;Flüssige Stoffe in m3;FASSV1;Fassungsvermögen;FV000B010;bis 10;-;Anzahl;ANL016;Geprüfte Anlagen z. Umgang mit wassergef. Stoffen
32331;Erh. der Anlagen zum Umgang mit wassergef. Stoffen;JAHR;Jahr;2020;DINSG;Deutschland insgesamt;DG;Deutschland;ANLAT8;Anlagenart;ANLAGEN-08;Lageranlagen (ohne Tankstellen u.Heizölverbr.anl.);STFAT3;Maßgebende Stoffart;STOFF-FLUES;Flüssige Stoffe in m3;FASSV1;Fassungsvermögen;FV050B100;über 50 bis 100;2653;Anzahl;ANL016;Geprüfte Anlagen z. Umgang mit wassergef. Stoffen
32331;Erh. der Anlagen zum Umgang mit wassergef. Stoffen;JAHR;Jahr;2018;DINSG;Deutschland insgesamt;DG;Deutschland;ANLAT8;Anlagenart;;Insgesamt;STFAT3;Maßgebende Stoffart;STOFF-GAS;Gasförmige Stoffe in t;FASSV1;Fassungsvermögen;FV050B100;über 50 bis 100;7;Anzahl;ANL016;Geprüfte Anlagen z. Umgang mit wassergef. Stoffen
32331;Erh. der Anlagen zum Umgang mit wassergef. Stoffen;JAHR;Jahr;2021;DINSG;Deutschland insgesamt;DG;Deutschland;ANLAT8;Anlagenart;ANLAGEN-09;Abfüllanlagen (ohne Tankstellen);STFAT3;Maßgebende Stoffart;STOFF-GAS;Gasförmige Stoffe in t;FASSV1;Fassungsvermögen;FV000B010;bis 10;-;Anzahl;ANL016;Geprüfte Anlagen z. Umgang mit wassergef. Stoffen
32331;Erh. der Anlagen zum Umgang mit wassergef. Stoffen;JAHR;Jahr;2020;DINSG;Deutschland insgesamt;DG;Deutschland;ANLAT8;Anlagenart;ANLAGEN-10;Umschlaganlagen ohne intermodalen Verkehr;STFAT3;Maßgebende Stoffart;STOFF-FEST;Feste Stoffe in t;FASSV1;Fassungsvermögen;;Insgesamt;6;Anzahl;ANL016;Geprüfte Anlagen z. Umgang mit wassergef. Stoffen
32331;Erh. der Anlagen zum Umgang mit wassergef. Stoffen;JAHR;Jahr;2023;DINSG;Deutschland insgesamt;DG;Deutschland;ANLAT8;Anlagenart;ANLAGEN-11;Umschlaganlagen des intermodalen Verkehrs;STFAT3;Maßgebende Stoffart;STOFF-GAS;Gasförmige Stoffe in t;FASSV1;Fassungsvermögen;FV050B100;über 50 bis 100;-;Anzahl;ANL016;Geprüfte Anlagen z. Umgang mit wassergef. Stoffen
32331;Erh. der Anlagen zum Umgang mit wassergef. Stoffen;JAHR;Jahr;2020;DINSG;Deutschland insgesamt;DG;Deutschland;ANLAT8;Anlagenart;ANLAGEN-14;Biogasanlagen;STFAT3;Maßgebende Stoffart;STOFF-FLUES;Flüssige Stoffe in m3;FASSV1;Fassungsvermögen;FV010B050;über 10 bis 50;2;Anzahl;ANL016;Geprüfte Anlagen z. Umgang mit wassergef. Stoffen
32331;Erh. der Anlagen zum Umgang mit wassergef. Stoffen;JAHR;Jahr;2018;DINSG;Deutschland insgesamt;DG;Deutschland;ANLAT8;Anlagenart;ANLAGEN-10;Umschlaganlagen ohne intermodalen Verkehr;STFAT3;Maßgebende Stoffart;STOFF-GAS;Gasförmige Stoffe in t;FASSV1;Fassungsvermögen;FV000B010;bis 10;-;Anzahl;ANL016;Geprüfte Anlagen z. Umgang mit wassergef. Stoffen
32331;Erh. der Anlagen zum Umgang mit wassergef. Stoffen;JAHR;Jahr;2020;DINSG;Deutschland insgesamt;DG;Deutschland;ANLAT8;Anlagenart;ANLAGEN-12;Tankstellen;STFAT3;Maßgebende Stoffart;STOFF-FLUES;Flüssige Stoffe in m3;FASSV1;Fassungsvermögen;FV000B010;bis 10;3628;Anzahl;ANL016;Geprüfte Anlagen z. Umgang mit wassergef. Stoffen
32331;Erh. der Anlagen zum Umgang mit wassergef. Stoffen;JAHR;Jahr;2022;DINSG;Deutschland insgesamt;DG;Deutschland;ANLAT8;Anlagenart;;Insgesamt;STFAT3;Maßgebende Stoffart;STOFF-FLUES;Flüssige Stoffe in m3;FASSV1;Fassungsvermögen;FV010B050;über 10 bis 50;63495;Anzahl;ANL016;Geprüfte Anlagen z. Umgang mit wassergef. Stoffen
32331;Erh. der Anlagen zum Umgang mit wassergef. Stoffen;JAHR;Jahr;2018;DINSG;Deutschland insgesamt;DG;Deutschland;ANLAT8;Anlagenart;ANLAGEN-05;Umschlaganlagen;STFAT3;Maßgebende Stoffart;STOFF-FLUES;Flüssige Stoffe in m3;FASSV1;Fassungsvermögen;FV050B100;über 50 bis 100;210;Anzahl;ANL016;Geprüfte Anlagen z. Umgang mit wassergef. Stoffen
32331;Erh. der Anlagen zum Umgang mit wassergef. Stoffen;JAHR;Jahr;2022;DINSG;Deutschland insgesamt;DG;Deutschland;ANLAT8;Anlagenart;;Insgesamt;STFAT3;Maßgebende Stoffart;STOFF-FEST;Feste Stoffe in t;FASSV1;Fassungsvermögen;FV010B050;über 10 bis 50;8;Anzahl;ANL016;Geprüfte Anlagen z. Umgang mit wassergef. Stoffen
32331;Erh. der Anlagen zum Umgang mit wassergef. Stoffen;JAHR;Jahr;2022;DINSG;Deutschland insgesamt;DG;Deutschland;ANLAT8;Anlagenart;ANLAGEN-15;JGS-Anlagen;STFAT3;Maßgebende Stoffart;STOFF-GAS;Gasförmige Stoffe in t;FASSV1;Fassungsvermögen;;Insgesamt;-;Anzahl;ANL016;Geprüfte Anlagen z. Umgang mit wassergef. Stoffen
32331;Erh. der Anlagen zum Umgang mit wassergef. Stoffen;JAHR;Jahr;2022;DINSG;Deutschland insgesamt;DG;Deutschland;ANLAT8;Anlagenart;;Insgesamt;STFAT3;Maßgebende Stoffart;STOFF-GAS;Gasförmige Stoffe in t;FASSV1;Fassungsvermögen;FV000B010;bis 10;47;Anzahl;ANL016;Geprüfte Anlagen z. Umgang mit wassergef. Stoffen
32331;Erh. der Anlagen zum Umgang mit wassergef. Stoffen;JAHR;Jahr;2019;DINSG;Deutschland insgesamt;DG;Deutschland;ANLAT8;Anlagenart;ANLAGEN-10;Umschlaganlagen ohne intermodalen Verkehr;STFAT3;Maßgebende Stoffart;STOFF-GAS;Gasförmige Stoffe in t;FASSV1;Fassungsvermögen;FV000B010;bis 10;-;Anzahl;ANL016;Geprüfte Anlagen z. Umgang mit wassergef. Stoffen
32331;Erh. der Anlagen zum Umgang mit wassergef. Stoffen;JAHR;Jahr;2023;DINSG;Deutschland insgesamt;DG;Deutschland;ANLAT8;Anlagenart;ANLAGEN-10;Umschlaganlagen ohne intermodalen Verkehr;STFAT3;Maßgebende Stoffart;STOFF-GAS;Gasförmige Stoffe in t;FASSV1;Fassungsvermögen;FV000B010;bis 10;1;Anzahl;ANL016;Geprüfte Anlagen z. Umgang mit wassergef. Stoffen
32331;Erh. der Anlagen zum Umgang mit wassergef. Stoffen;JAHR;Jahr;2022;DINSG;Deutschland insgesamt;DG;Deutschland;ANLAT8;Anlagenart;ANLAGEN-10;Umschlaganlagen ohne intermodalen Verkehr;STFAT3;Maßgebende Stoffart;STOFF-GAS;Gasförmige Stoffe in t;FASSV1;Fassungsvermögen;FV000B010;bis 10;-;Anzahl;ANL016;Geprüfte Anlagen z. Umgang mit wassergef. Stoffen
32331;Erh. der Anlagen zum Umgang mit wassergef. Stoffen;JAHR;Jahr;2021;DINSG;Deutschland insgesamt;DG;Deutschland;ANLAT8;Anlagenart;;Insgesamt;STFAT3;Maßgebende Stoffart;STOFF-GAS;Gasförmige Stoffe in t;FASSV1;Fassungsvermögen;FV100UM;über 100;26;Anzahl;ANL016;Geprüfte Anlagen z. Umgang mit wassergef. Stoffen
32331;Erh. der Anlagen zum Umgang mit wassergef. Stoffen;JAHR;Jahr;2023;DINSG;Deutschland insgesamt;DG;Deutschland;ANLAT8;Anlagenart;ANLAGEN-08;Lageranlagen (ohne Tankstellen u.Heizölverbr.anl.);STFAT3;Maßgebende Stoffart;STOFF-FEST;Feste Stoffe in t;FASSV1;Fassungsvermögen;;Insgesamt;157;Anzahl;ANL016;Geprüfte Anlagen z. Umgang mit wassergef. Stoffen
32331;Erh. der Anlagen zum Umgang mit wassergef. Stoffen;JAHR;Jahr;2020;DINSG;Deutschland insgesamt;DG;Deutschland;ANLAT8;Anlagenart;ANLAGEN-10;Umschlaganlagen ohne intermodalen Verkehr;STFAT3;Maßgebende Stoffart;STOFF-GAS;Gasförmige Stoffe in t;FASSV1;Fassungsvermögen;FV000B010;bis 10;-;Anzahl;ANL016;Geprüfte Anlagen z. Umgang mit wassergef. Stoffen
32331;Erh. der Anlagen zum Umgang mit wassergef. Stoffen;JAHR;Jahr;2021;DINSG;Deutschland insgesamt;DG;Deutschland;ANLAT8;Anlagenart;ANLAGEN-10;Umschlaganlagen ohne intermodalen Verkehr;STFAT3;Maßgebende Stoffart;STOFF-GAS;Gasförmige Stoffe in t;FASSV1;Fassungsvermögen;FV000B010;bis 10;3;Anzahl;ANL016;Geprüfte Anlagen z. Umgang mit wassergef. Stoffen
32331;Erh. der Anlagen zum Umgang mit wassergef. Stoffen;JAHR;Jahr;2023;DINSG;Deutschland insgesamt;DG;Deutschland;ANLAT8;Anlagenart;ANLAGEN-14;Biogasanlagen;STFAT3;Maßgebende Stoffart;STOFF-FLUES;Flüssige Stoffe in m3;FASSV1;Fassungsvermögen;FV050B100;über 50 bis 100;1;Anzahl;ANL016;Geprüfte Anlagen z. Umgang mit wassergef. Stoffen
32331;Erh. der Anlagen zum Umgang mit wassergef. Stoffen;JAHR;Jahr;2022;DINSG;Deutschland insgesamt;DG;Deutschland;ANLAT8;Anlagenart;ANLAGEN-14;Biogasanlagen;STFAT3;Maßgebende Stoffart;STOFF-FEST;Feste Stoffe in t;FASSV1;Fassungsvermögen;;Insgesamt;13;Anzahl;ANL016;Geprüfte Anlagen z. Umgang mit wassergef. Stoffen
32331;Erh. der Anlagen zum Umgang mit wassergef. Stoffen;JAHR;Jahr;2019;DINSG;Deutschland insgesamt;DG;Deutschland;ANLAT8;Anlagenart;ANLAGEN-05;Umschlaganlagen;STFAT3;Maßgebende Stoffart;STOFF-FEST;Feste Stoffe in t;FASSV1;Fassungsvermögen;FV050B100;über 50 bis 100;1;Anzahl;ANL016;Geprüfte Anlagen z. Umgang mit wassergef. Stoffen
32331;Erh. der Anlagen zum Umgang mit wassergef. Stoffen;JAHR;Jahr;2018;DINSG;Deutschland insgesamt;DG;Deutschland;ANLAT8;Anlagenart;ANLAGEN-11;Umschlaganlagen des intermodalen Verkehrs;STFAT3;Maßgebende Stoffart;STOFF-GAS;Gasförmige Stoffe in t;FASSV1;Fassungsvermögen;FV000B010;bis 10;-;Anzahl;ANL016;Geprüfte Anlagen z. Umgang mit wassergef. Stoffen
32331;Erh. der Anlagen zum Umgang mit wassergef. Stoffen;JAHR;Jahr;2022;DINSG;Deutschland insgesamt;DG;Deutschland;ANLAT8;Anlagenart;ANLAGEN-09;Abfüllanlagen (ohne Tankstellen);STFAT3;Maßgebende Stoffart;STOFF-FLUES;Flüssige Stoffe in m3;FASSV1;Fassungsvermögen;FV010B050;über 10 bis 50;1157;Anzahl;ANL016;Geprüfte Anlagen z. Umgang mit wassergef. Stoffen
32331;Erh. der Anlagen zum Umgang mit wassergef. Stoffen;JAHR;Jahr;2019;DINSG;Deutschland insgesamt;DG;Deutschland;ANLAT8;Anlagenart;ANLAGEN-11;Umschlaganlagen des intermodalen Verkehrs;STFAT3;Maßgebende Stoffart;STOFF-GAS;Gasförmige Stoffe in t;FASSV1;Fassungsvermögen;FV000B010;bis 10;-;Anzahl;ANL016;Geprüfte Anlagen z. Umgang mit wassergef. Stoffen
32331;Erh. der Anlagen zum Umgang mit wassergef. Stoffen;JAHR;Jahr;2018;DINSG;Deutschland insgesamt;DG;Deutschland;ANLAT8;Anlagenart;ANLAGEN-10;Umschlaganlagen ohne intermodalen Verkehr;STFAT3;Maßgebende Stoffart;STOFF-FEST;Feste Stoffe in t;FASSV1;Fassungsvermögen;FV000B010;bis 10;-;Anzahl;ANL016;Geprüfte Anlagen z. Umgang mit wassergef. Stoffen
32331;Erh. der Anlagen zum Umgang mit wassergef. Stoffen;JAHR;Jahr;2020;DINSG;Deutschland insgesamt;DG;Deutschland;ANLAT8;Anlagenart;ANLAGEN-07;Heizölverbraucheranlagen;STFAT3;Maßgebende Stoffart;STOFF-FLUES;Flüssige Stoffe in m3;FASSV1;Fassungsvermögen;FV050B100;über 50 bis 100;2398;Anzahl;ANL016;Geprüfte Anlagen z. Umgang mit wassergef. Stoffen
32331;Erh. der Anlagen zum Umgang mit wassergef. Stoffen;JAHR;Jahr;2019;DINSG;Deutschland insgesamt;DG;Deutschland;ANLAT8;Anlagenart;ANLAGEN-15;JGS-Anlagen;STFAT3;Maßgebende Stoffart;STOFF-FEST;Feste Stoffe in t;FASSV1;Fassungsvermögen;;Insgesamt;55;Anzahl;ANL016;Geprüfte Anlagen z. Umgang mit wassergef. Stoffen
32331;Erh. der Anlagen zum Umgang mit wassergef. Stoffen;JAHR;Jahr;2019;DINSG;Deutschland insgesamt;DG;Deutschland;ANLAT8;Anlagenart;ANLAGEN-12;Tankstellen;STFAT3;Maßgebende Stoffart;STOFF-FLUES;Flüssige Stoffe in m3;FASSV1;Fassungsvermögen;FV000B010;bis 10;2811;Anzahl;ANL016;Geprüfte Anlagen z. Umgang mit wassergef. Stoffen
32331;Erh. der Anlagen zum Umgang mit wassergef. Stoffen;JAHR;Jahr;2023;DINSG;Deutschland insgesamt;DG;Deutschland;ANLAT8;Anlagenart;ANLAGEN-09;Abfüllanlagen (ohne Tankstellen);STFAT3;Maßgebende Stoffart;STOFF-FLUES;Flüssige Stoffe in m3;FASSV1;Fassungsvermögen;FV000B010;bis 10;918;Anzahl;ANL016;Geprüfte Anlagen z. Umgang mit wassergef. Stoffen
32331;Erh. der Anlagen zum Umgang mit wassergef. Stoffen;JAHR;Jahr;2019;DINSG;Deutschland insgesamt;DG;Deutschland;ANLAT8;Anlagenart;;Insgesamt;STFAT3;Maßgebende Stoffart;STOFF-FLUES;Flüssige Stoffe in m3;FASSV1;Fassungsvermögen;;Insgesamt;253880;Anzahl;ANL016;Geprüfte Anlagen z. Umgang mit wassergef. Stoffen
32331;Erh. der Anlagen zum Umgang mit wassergef. Stoffen;JAHR;Jahr;2019;DINSG;Deutschland insgesamt;DG;Deutschland;ANLAT8;Anlagenart;ANLAGEN-10;Umschlaganlagen ohne intermodalen Verkehr;STFAT3;Maßgebende Stoffart;STOFF-FEST;Feste Stoffe in t;FASSV1;Fassungsvermögen;;Insgesamt;-;Anzahl;ANL016;Geprüfte Anlagen z. Umgang mit wassergef. Stoffen
32331;Erh. der Anlagen zum Umgang mit wassergef. Stoffen;JAHR;Jahr;2020;DINSG;Deutschland insgesamt;DG;Deutschland;ANLAT8;Anlagenart;ANLAGEN-14;Biogasanlagen;STFAT3;Maßgebende Stoffart;STOFF-FEST;Feste Stoffe in t;FASSV1;Fassungsvermögen;FV100UM;über 100;6;Anzahl;ANL016;Geprüfte Anlagen z. Umgang mit wassergef. Stoffen
32331;Erh. der Anlagen zum Umgang mit wassergef. Stoffen;JAHR;Jahr;2019;DINSG;Deutschland insgesamt;DG;Deutschland;ANLAT8;Anlagenart;ANLAGEN-12;Tankstellen;STFAT3;Maßgebende Stoffart;STOFF-GAS;Gasförmige Stoffe in t;FASSV1;Fassungsvermögen;FV000B010;bis 10;-;Anzahl;ANL016;Geprüfte Anlagen z. Umgang mit wassergef. Stoffen
32331;Erh. der Anlagen zum Umgang mit wassergef. Stoffen;JAHR;Jahr;2018;DINSG;Deutschland insgesamt;DG;Deutschland;ANLAT8;Anlagenart;ANLAGEN-07;Heizölverbraucheranlagen;STFAT3;Maßgebende Stoffart;STOFF-GAS;Gasförmige Stoffe in t;FASSV1;Fassungsvermögen;FV100UM;über 100;-;Anzahl;ANL016;Geprüfte Anlagen z. Umgang mit wassergef. Stoffen
32331;Erh. der Anlagen zum Umgang mit wassergef. Stoffen;JAHR;Jahr;2021;DINSG;Deutschland insgesamt;DG;Deutschland;ANLAT8;Anlagenart;ANLAGEN-11;Umschlaganlagen des intermodalen Verkehrs;STFAT3;Maßgebende Stoffart;STOFF-GAS;Gasförmige Stoffe in t;FASSV1;Fassungsvermögen;;Insgesamt;-;Anzahl;ANL016;Geprüfte Anlagen z. Umgang mit wassergef. Stoffen
32331;Erh. der Anlagen zum Umgang mit wassergef. Stoffen;JAHR;Jahr;2019;DINSG;Deutschland insgesamt;DG;Deutschland;ANLAT8;Anlagenart;ANLAGEN-05;Umschlaganlagen;STFAT3;Maßgebende Stoffart;STOFF-FEST;Feste Stoffe in t;FASSV1;Fassungsvermögen;;Insgesamt;6;Anzahl;ANL016;Geprüfte Anlagen z. Umgang mit wassergef. Stoffen
32331;Erh. der Anlagen zum Umgang mit wassergef. Stoffen;JAHR;Jahr;2023;DINSG;Deutschland insgesamt;DG;Deutschland;ANLAT8;Anlagenart;ANLAGEN-11;Umschlaganlagen des intermodalen Verkehrs;STFAT3;Maßgebende Stoffart;STOFF-FLUES;Flüssige Stoffe in m3;FASSV1;Fassungsvermögen;FV010B050;über 10 bis 50;1;Anzahl;ANL016;Geprüfte Anlagen z. Umgang mit wassergef. Stoffen
32331;Erh. der Anlagen zum Umgang mit wassergef. Stoffen;JAHR;Jahr;2022;DINSG;Deutschland insgesamt;DG;Deutschland;ANLAT8;Anlagenart;ANLAGEN-12;Tankstellen;STFAT3;Maßgebende Stoffart;STOFF-GAS;Gasförmige Stoffe in t;FASSV1;Fassungsvermögen;FV000B010;bis 10;-;Anzahl;ANL016;Geprüfte Anlagen z. Umgang mit wassergef. Stoffen
32331;Erh. der Anlagen zum Umgang mit wassergef. Stoffen;JAHR;Jahr;2018;DINSG;Deutschland insgesamt;DG;Deutschland;ANLAT8;Anlagenart;ANLAGEN-12;Tankstellen;STFAT3;Maßgebende Stoffart;STOFF-FLUES;Flüssige Stoffe in m3;FASSV1;Fassungsvermögen;FV010B050;über 10 bis 50;5928;Anzahl;ANL016;Geprüfte Anlagen z. Umgang mit wassergef. Stoffen
32331;Erh. der Anlagen zum Umgang mit wassergef. Stoffen;JAHR;Jahr;2023;DINSG;Deutschland insgesamt;DG;Deutschland;ANLAT8;Anlagenart;ANLAGEN-05;Umschlaganlagen;STFAT3;Maßgebende Stoffart;STOFF-FEST;Feste Stoffe in t;FASSV1;Fassungsvermögen;FV100UM;über 100;-;Anzahl;ANL016;Geprüfte Anlagen z. Umgang mit wassergef. Stoffen
32331;Erh. der Anlagen zum Umgang mit wassergef. Stoffen;JAHR;Jahr;2018;DINSG;Deutschland insgesamt;DG;Deutschland;ANLAT8;Anlagenart;ANLAGEN-13;Rohrleitungsanlagen;STFAT3;Maßgebende Stoffart;STOFF-GAS;Gasförmige Stoffe in t;FASSV1;Fassungsvermögen;FV100UM;über 100;7;Anzahl;ANL016;Geprüfte Anlagen z. Umgang mit wassergef. Stoffen
32331;Erh. der Anlagen zum Umgang mit wassergef. Stoffen;JAHR;Jahr;2020;DINSG;Deutschland insgesamt;DG;Deutschland;ANLAT8;Anlagenart;ANLAGEN-12;Tankstellen;STFAT3;Maßgebende Stoffart;STOFF-GAS;Gasförmige Stoffe in t;FASSV1;Fassungsvermögen;FV000B010;bis 10;-;Anzahl;ANL016;Geprüfte Anlagen z. Umgang mit wassergef. Stoffen
32331;Erh. der Anlagen zum Umgang mit wassergef. Stoffen;JAHR;Jahr;2021;DINSG;Deutschland insgesamt;DG;Deutschland;ANLAT8;Anlagenart;ANLAGEN-14;Biogasanlagen;STFAT3;Maßgebende Stoffart;STOFF-GAS;Gasförmige Stoffe in t;FASSV1;Fassungsvermögen;FV100UM;über 100;1;Anzahl;ANL016;Geprüfte Anlagen z. Umgang mit wassergef. Stoffen
32331;Erh. der Anlagen zum Umgang mit wassergef. Stoffen;JAHR;Jahr;2021;DINSG;Deutschland insgesamt;DG;Deutschland;ANLAT8;Anlagenart;ANLAGEN-14;Biogasanlagen;STFAT3;Maßgebende Stoffart;STOFF-FLUES;Flüssige Stoffe in m3;FASSV1;Fassungsvermögen;FV000B010;bis 10;8;Anzahl;ANL016;Geprüfte Anlagen z. Umgang mit wassergef. Stoffen
32331;Erh. der Anlagen zum Umgang mit wassergef. Stoffen;JAHR;Jahr;2018;DINSG;Deutschland insgesamt;DG;Deutschland;ANLAT8;Anlagenart;ANLAGEN-15;JGS-Anlagen;STFAT3;Maßgebende Stoffart;STOFF-GAS;Gasförmige Stoffe in t;FASSV1;Fassungsvermögen;;Insgesamt;-;Anzahl;ANL016;Geprüfte Anlagen z. Umgang mit wassergef. Stoffen
32331;Erh. der Anlagen zum Umgang mit wassergef. Stoffen;JAHR;Jahr;2019;DINSG;Deutschland insgesamt;DG;Deutschland;ANLAT8;Anlagenart;ANLAGEN-13;Rohrleitungsanlagen;STFAT3;Maßgebende Stoffart;STOFF-GAS;Gasförmige Stoffe in t;FASSV1;Fassungsvermögen;FV000B010;bis 10;-;Anzahl;ANL016;Geprüfte Anlagen z. Umgang mit wassergef. Stoffen
32331;Erh. der Anlagen zum Umgang mit wassergef. Stoffen;JAHR;Jahr;2018;DINSG;Deutschland insgesamt;DG;Deutschland;ANLAT8;Anlagenart;ANLAGEN-10;Umschlaganlagen ohne intermodalen Verkehr;STFAT3;Maßgebende Stoffart;STOFF-GAS;Gasförmige Stoffe in t;FASSV1;Fassungsvermögen;;Insgesamt;-;Anzahl;ANL016;Geprüfte Anlagen z. Umgang mit wassergef. Stoffen
32331;Erh. der Anlagen zum Umgang mit wassergef. Stoffen;JAHR;Jahr;2021;DINSG;Deutschland insgesamt;DG;Deutschland;ANLAT8;Anlagenart;;Insgesamt;STFAT3;Maßgebende Stoffart;STOFF-FLUES;Flüssige Stoffe in m3;FASSV1;Fassungsvermögen;FV050B100;über 50 bis 100;8653;Anzahl;ANL016;Geprüfte Anlagen z. Umgang mit wassergef. Stoffen
32331;Erh. der Anlagen zum Umgang mit wassergef. Stoffen;JAHR;Jahr;2018;DINSG;Deutschland insgesamt;DG;Deutschland;ANLAT8;Anlagenart;ANLAGEN-09;Abfüllanlagen (ohne Tankstellen);STFAT3;Maßgebende Stoffart;STOFF-FEST;Feste Stoffe in t;FASSV1;Fassungsvermögen;FV100UM;über 100;-;Anzahl;ANL016;Geprüfte Anlagen z. Umgang mit wassergef. Stoffen
32331;Erh. der Anlagen zum Umgang mit wassergef. Stoffen;JAHR;Jahr;2021;DINSG;Deutschland insgesamt;DG;Deutschland;ANLAT8;Anlagenart;ANLAGEN-08;Lageranlagen (ohne Tankstellen u.Heizölverbr.anl.);STFAT3;Maßgebende Stoffart;STOFF-FEST;Feste Stoffe in t;FASSV1;Fassungsvermögen;FV100UM;über 100;117;Anzahl;ANL016;Geprüfte Anlagen z. Umgang mit wassergef. Stoffen
32331;Erh. der Anlagen zum Umgang mit wassergef. Stoffen;JAHR;Jahr;2020;DINSG;Deutschland insgesamt;DG;Deutschland;ANLAT8;Anlagenart;ANLAGEN-09;Abfüllanlagen (ohne Tankstellen);STFAT3;Maßgebende Stoffart;STOFF-FEST;Feste Stoffe in t;FASSV1;Fassungsvermögen;FV100UM;über 100;4;Anzahl;ANL016;Geprüfte Anlagen z. Umgang mit wassergef. Stoffen
32331;Erh. der Anlagen zum Umgang mit wassergef. Stoffen;JAHR;Jahr;2018;DINSG;Deutschland insgesamt;DG;Deutschland;ANLAT8;Anlagenart;ANLAGEN-15;JGS-Anlagen;STFAT3;Maßgebende Stoffart;STOFF-FLUES;Flüssige Stoffe in m3;FASSV1;Fassungsvermögen;FV050B100;über 50 bis 100;16;Anzahl;ANL016;Geprüfte Anlagen z. Umgang mit wassergef. Stoffen
32331;Erh. der Anlagen zum Umgang mit wassergef. Stoffen;JAHR;Jahr;2020;DINSG;Deutschland insgesamt;DG;Deutschland;ANLAT8;Anlagenart;ANLAGEN-07;Heizölverbraucheranlagen;STFAT3;Maßgebende Stoffart;STOFF-GAS;Gasförmige Stoffe in t;FASSV1;Fassungsvermögen;;Insgesamt;-;Anzahl;ANL016;Geprüfte Anlagen z. Umgang mit wassergef. Stoffen
32331;Erh. der Anlagen zum Umgang mit wassergef. Stoffen;JAHR;Jahr;2022;DINSG;Deutschland insgesamt;DG;Deutschland;ANLAT8;Anlagenart;ANLAGEN-11;Umschlaganlagen des intermodalen Verkehrs;STFAT3;Maßgebende Stoffart;STOFF-GAS;Gasförmige Stoffe in t;FASSV1;Fassungsvermögen;FV000B010;bis 10;-;Anzahl;ANL016;Geprüfte Anlagen z. Umgang mit wassergef. Stoffen
32331;Erh. der Anlagen zum Umgang mit wassergef. Stoffen;JAHR;Jahr;2023;DINSG;Deutschland insgesamt;DG;Deutschland;ANLAT8;Anlagenart;ANLAGEN-15;JGS-Anlagen;STFAT3;Maßgebende Stoffart;STOFF-FEST;Feste Stoffe in t;FASSV1;Fassungsvermögen;FV100UM;über 100;83;Anzahl;ANL016;Geprüfte Anlagen z. Umgang mit wassergef. Stoffen
32331;Erh. der Anlagen zum Umgang mit wassergef. Stoffen;JAHR;Jahr;2020;DINSG;Deutschland insgesamt;DG;Deutschland;ANLAT8;Anlagenart;ANLAGEN-11;Umschlaganlagen des intermodalen Verkehrs;STFAT3;Maßgebende Stoffart;STOFF-GAS;Gasförmige Stoffe in t;FASSV1;Fassungsvermögen;FV000B010;bis 10;-;Anzahl;ANL016;Geprüfte Anlagen z. Umgang mit wassergef. Stoffen
32331;Erh. der Anlagen zum Umgang mit wassergef. Stoffen;JAHR;Jahr;2019;DINSG;Deutschland insgesamt;DG;Deutschland;ANLAT8;Anlagenart;ANLAGEN-06;Herstellungs-, Behandlungs- und Verwendungsanlagen;STFAT3;Maßgebende Stoffart;STOFF-GAS;Gasförmige Stoffe in t;FASSV1;Fassungsvermögen;FV100UM;über 100;-;Anzahl;ANL016;Geprüfte Anlagen z. Umgang mit wassergef. Stoffen
32331;Erh. der Anlagen zum Umgang mit wassergef. Stoffen;JAHR;Jahr;2018;DINSG;Deutschland insgesamt;DG;Deutschland;ANLAT8;Anlagenart;ANLAGEN-14;Biogasanlagen;STFAT3;Maßgebende Stoffart;STOFF-GAS;Gasförmige Stoffe in t;FASSV1;Fassungsvermögen;FV000B010;bis 10;-;Anzahl;ANL016;Geprüfte Anlagen z. Umgang mit wassergef. Stoffen
32331;Erh. der Anlagen zum Umgang mit wassergef. Stoffen;JAHR;Jahr;2019;DINSG;Deutschland insgesamt;DG;Deutschland;ANLAT8;Anlagenart;ANLAGEN-10;Umschlaganlagen ohne intermodalen Verkehr;STFAT3;Maßgebende Stoffart;STOFF-FLUES;Flüssige Stoffe in m3;FASSV1;Fassungsvermögen;FV100UM;über 100;-;Anzahl;ANL016;Geprüfte Anlagen z. Umgang mit wassergef. Stoffen
32331;Erh. der Anlagen zum Umgang mit wassergef. Stoffen;JAHR;Jahr;2019;DINSG;Deutschland insgesamt;DG;Deutschland;ANLAT8;Anlagenart;ANLAGEN-14;Biogasanlagen;STFAT3;Maßgebende Stoffart;STOFF-GAS;Gasförmige Stoffe in t;FASSV1;Fassungsvermögen;FV000B010;bis 10;-;Anzahl;ANL016;Geprüfte Anlagen z. Umgang mit wassergef. Stoffen
32331;Erh. der Anlagen zum Umgang mit wassergef. Stoffen;JAHR;Jahr;2018;DINSG;Deutschland insgesamt;DG;Deutschland;ANLAT8;Anlagenart;ANLAGEN-10;Umschlaganlagen ohne intermodalen Verkehr;STFAT3;Maßgebende Stoffart;STOFF-FLUES;Flüssige Stoffe in m3;FASSV1;Fassungsvermögen;FV100UM;über 100;-;Anzahl;ANL016;Geprüfte Anlagen z. Umgang mit wassergef. Stoffen
32331;Erh. der Anlagen zum Umgang mit wassergef. Stoffen;JAHR;Jahr;2022;DINSG;Deutschland insgesamt;DG;Deutschland;ANLAT8;Anlagenart;ANLAGEN-10;Umschlaganlagen ohne intermodalen Verkehr;STFAT3;Maßgebende Stoffart;STOFF-FLUES;Flüssige Stoffe in m3;FASSV1;Fassungsvermögen;FV100UM;über 100;457;Anzahl;ANL016;Geprüfte Anlagen z. Umgang mit wassergef. Stoffen
32331;Erh. der Anlagen zum Umgang mit wassergef. Stoffen;JAHR;Jahr;2023;DINSG;Deutschland insgesamt;DG;Deutschland;ANLAT8;Anlagenart;ANLAGEN-15;JGS-Anlagen;STFAT3;Maßgebende Stoffart;STOFF-FEST;Feste Stoffe in t;FASSV1;Fassungsvermögen;FV050B100;über 50 bis 100;1;Anzahl;ANL016;Geprüfte Anlagen z. Umgang mit wassergef. Stoffen
32331;Erh. der Anlagen zum Umgang mit wassergef. Stoffen;JAHR;Jahr;2021;DINSG;Deutschland insgesamt;DG;Deutschland;ANLAT8;Anlagenart;ANLAGEN-10;Umschlaganlagen ohne intermodalen Verkehr;STFAT3;Maßgebende Stoffart;STOFF-FLUES;Flüssige Stoffe in m3;FASSV1;Fassungsvermögen;FV100UM;über 100;488;Anzahl;ANL016;Geprüfte Anlagen z. Umgang mit wassergef. Stoffen
32331;Erh. der Anlagen zum Umgang mit wassergef. Stoffen;JAHR;Jahr;2018;DINSG;Deutschland insgesamt;DG;Deutschland;ANLAT8;Anlagenart;ANLAGEN-07;Heizölverbraucheranlagen;STFAT3;Maßgebende Stoffart;STOFF-FEST;Feste Stoffe in t;FASSV1;Fassungsvermögen;FV050B100;über 50 bis 100;-;Anzahl;ANL016;Geprüfte Anlagen z. Umgang mit wassergef. Stoffen
32331;Erh. der Anlagen zum Umgang mit wassergef. Stoffen;JAHR;Jahr;2022;DINSG;Deutschland insgesamt;DG;Deutschland;ANLAT8;Anlagenart;ANLAGEN-14;Biogasanlagen;STFAT3;Maßgebende Stoffart;STOFF-GAS;Gasförmige Stoffe in t;FASSV1;Fassungsvermögen;FV000B010;bis 10;-;Anzahl;ANL016;Geprüfte Anlagen z. Umgang mit wassergef. Stoffen
32331;Erh. der Anlagen zum Umgang mit wassergef. Stoffen;JAHR;Jahr;2019;DINSG;Deutschland insgesamt;DG;Deutschland;ANLAT8;Anlagenart;ANLAGEN-11;Umschlaganlagen des intermodalen Verkehrs;STFAT3;Maßgebende Stoffart;STOFF-GAS;Gasförmige Stoffe in t;FASSV1;Fassungsvermögen;FV100UM;über 100;-;Anzahl;ANL016;Geprüfte Anlagen z. Umgang mit wassergef. Stoffen
32331;Erh. der Anlagen zum Umgang mit wassergef. Stoffen;JAHR;Jahr;2021;DINSG;Deutschland insgesamt;DG;Deutschland;ANLAT8;Anlagenart;ANLAGEN-14;Biogasanlagen;STFAT3;Maßgebende Stoffart;STOFF-GAS;Gasförmige Stoffe in t;FASSV1;Fassungsvermögen;FV000B010;bis 10;-;Anzahl;ANL016;Geprüfte Anlagen z. Umgang mit wassergef. Stoffen
32331;Erh. der Anlagen zum Umgang mit wassergef. Stoffen;JAHR;Jahr;2021;DINSG;Deutschland insgesamt;DG;Deutschland;ANLAT8;Anlagenart;ANLAGEN-09;Abfüllanlagen (ohne Tankstellen);STFAT3;Maßgebende Stoffart;STOFF-FLUES;Flüssige Stoffe in m3;FASSV1;Fassungsvermögen;FV050B100;über 50 bis 100;460;Anzahl;ANL016;Geprüfte Anlagen z. Umgang mit wassergef. Stoffen
32331;Erh. der Anlagen zum Umgang mit wassergef. Stoffen;JAHR;Jahr;2023;DINSG;Deutschland insgesamt;DG;Deutschland;ANLAT8;Anlagenart;ANLAGEN-13;Rohrleitungsanlagen;STFAT3;Maßgebende Stoffart;STOFF-GAS;Gasförmige Stoffe in t;FASSV1;Fassungsvermögen;FV000B010;bis 10;1;Anzahl;ANL016;Geprüfte Anlagen z. Umgang mit wassergef. Stoffen
32331;Erh. der Anlagen zum Umgang mit wassergef. Stoffen;JAHR;Jahr;2023;DINSG;Deutschland insgesamt;DG;Deutschland;ANLAT8;Anlagenart;;Insgesamt;STFAT3;Maßgebende Stoffart;STOFF-FLUES;Flüssige Stoffe in m3;FASSV1;Fassungsvermögen;FV000B010;bis 10;141311;Anzahl;ANL016;Geprüfte Anlagen z. Umgang mit wassergef. Stoffen
32331;Erh. der Anlagen zum Umgang mit wassergef. Stoffen;JAHR;Jahr;2023;DINSG;Deutschland insgesamt;DG;Deutschland;ANLAT8;Anlagenart;ANLAGEN-05;Umschlaganlagen;STFAT3;Maßgebende Stoffart;STOFF-GAS;Gasförmige Stoffe in t;FASSV1;Fassungsvermögen;FV100UM;über 100;-;Anzahl;ANL016;Geprüfte Anlagen z. Umgang mit wassergef. Stoffen
32331;Erh. der Anlagen zum Umgang mit wassergef. Stoffen;JAHR;Jahr;2020;DINSG;Deutschland insgesamt;DG;Deutschland;ANLAT8;Anlagenart;;Insgesamt;STFAT3;Maßgebende Stoffart;STOFF-FEST;Feste Stoffe in t;FASSV1;Fassungsvermögen;;Insgesamt;327;Anzahl;ANL016;Geprüfte Anlagen z. Umgang mit wassergef. Stoffen
32331;Erh. der Anlagen zum Umgang mit wassergef. Stoffen;JAHR;Jahr;2022;DINSG;Deutschland insgesamt;DG;Deutschland;ANLAT8;Anlagenart;ANLAGEN-15;JGS-Anlagen;STFAT3;Maßgebende Stoffart;STOFF-FEST;Feste Stoffe in t;FASSV1;Fassungsvermögen;FV050B100;über 50 bis 100;6;Anzahl;ANL016;Geprüfte Anlagen z. Umgang mit wassergef. Stoffen
32331;Erh. der Anlagen zum Umgang mit wassergef. Stoffen;JAHR;Jahr;2021;DINSG;Deutschland insgesamt;DG;Deutschland;ANLAT8;Anlagenart;ANLAGEN-08;Lageranlagen (ohne Tankstellen u.Heizölverbr.anl.);STFAT3;Maßgebende Stoffart;STOFF-GAS;Gasförmige Stoffe in t;FASSV1;Fassungsvermögen;FV100UM;über 100;23;Anzahl;ANL016;Geprüfte Anlagen z. Umgang mit wassergef. Stoffen
32331;Erh. der Anlagen zum Umgang mit wassergef. Stoffen;JAHR;Jahr;2022;DINSG;Deutschland insgesamt;DG;Deutschland;ANLAT8;Anlagenart;ANLAGEN-13;Rohrleitungsanlagen;STFAT3;Maßgebende Stoffart;STOFF-GAS;Gasförmige Stoffe in t;FASSV1;Fassungsvermögen;FV100UM;über 100;1;Anzahl;ANL016;Geprüfte Anlagen z. Umgang mit wassergef. Stoffen
32331;Erh. der Anlagen zum Umgang mit wassergef. Stoffen;JAHR;Jahr;2022;DINSG;Deutschland insgesamt;DG;Deutschland;ANLAT8;Anlagenart;ANLAGEN-09;Abfüllanlagen (ohne Tankstellen);STFAT3;Maßgebende Stoffart;STOFF-FEST;Feste Stoffe in t;FASSV1;Fassungsvermögen;FV050B100;über 50 bis 100;1;Anzahl;ANL016;Geprüfte Anlagen z. Umgang mit wassergef. Stoffen
32331;Erh. der Anlagen zum Umgang mit wassergef. Stoffen;JAHR;Jahr;2019;DINSG;Deutschland insgesamt;DG;Deutschland;ANLAT8;Anlagenart;ANLAGEN-13;Rohrleitungsanlagen;STFAT3;Maßgebende Stoffart;STOFF-FEST;Feste Stoffe in t;FASSV1;Fassungsvermögen;FV050B100;über 50 bis 100;-;Anzahl;ANL016;Geprüfte Anlagen z. Umgang mit wassergef. Stoffen
32331;Erh. der Anlagen zum Umgang mit wassergef. Stoffen;JAHR;Jahr;2019;DINSG;Deutschland insgesamt;DG;Deutschland;ANLAT8;Anlagenart;ANLAGEN-14;Biogasanlagen;STFAT3;Maßgebende Stoffart;STOFF-GAS;Gasförmige Stoffe in t;FASSV1;Fassungsvermögen;;Insgesamt;1;Anzahl;ANL016;Geprüfte Anlagen z. Umgang mit wassergef. Stoffen
32331;Erh. der Anlagen zum Umgang mit wassergef. Stoffen;JAHR;Jahr;2022;DINSG;Deutschland insgesamt;DG;Deutschland;ANLAT8;Anlagenart;ANLAGEN-11;Umschlaganlagen des intermodalen Verkehrs;STFAT3;Maßgebende Stoffart;STOFF-FLUES;Flüssige Stoffe in m3;FASSV1;Fassungsvermögen;FV050B100;über 50 bis 100;2;Anzahl;ANL016;Geprüfte Anlagen z. Umgang mit wassergef. Stoffen
32331;Erh. der Anlagen zum Umgang mit wassergef. Stoffen;JAHR;Jahr;2018;DINSG;Deutschland insgesamt;DG;Deutschland;ANLAT8;Anlagenart;ANLAGEN-11;Umschlaganlagen des intermodalen Verkehrs;STFAT3;Maßgebende Stoffart;STOFF-FEST;Feste Stoffe in t;FASSV1;Fassungsvermögen;;Insgesamt;-;Anzahl;ANL016;Geprüfte Anlagen z. Umgang mit wassergef. Stoffen
32331;Erh. der Anlagen zum Umgang mit wassergef. Stoffen;JAHR;Jahr;2020;DINSG;Deutschland insgesamt;DG;Deutschland;ANLAT8;Anlagenart;ANLAGEN-13;Rohrleitungsanlagen;STFAT3;Maßgebende Stoffart;STOFF-FEST;Feste Stoffe in t;FASSV1;Fassungsvermögen;FV050B100;über 50 bis 100;-;Anzahl;ANL016;Geprüfte Anlagen z. Umgang mit wassergef. Stoffen
32331;Erh. der Anlagen zum Umgang mit wassergef. Stoffen;JAHR;Jahr;2021;DINSG;Deutschland insgesamt;DG;Deutschland;ANLAT8;Anlagenart;ANLAGEN-06;Herstellungs-, Behandlungs- und Verwendungsanlagen;STFAT3;Maßgebende Stoffart;STOFF-FLUES;Flüssige Stoffe in m3;FASSV1;Fassungsvermögen;FV010B050;über 10 bis 50;1425;Anzahl;ANL016;Geprüfte Anlagen z. Umgang mit wassergef. Stoffen
32331;Erh. der Anlagen zum Umgang mit wassergef. Stoffen;JAHR;Jahr;2021;DINSG;Deutschland insgesamt;DG;Deutschland;ANLAT8;Anlagenart;ANLAGEN-05;Umschlaganlagen;STFAT3;Maßgebende Stoffart;STOFF-FLUES;Flüssige Stoffe in m3;FASSV1;Fassungsvermögen;FV000B010;bis 10;-;Anzahl;ANL016;Geprüfte Anlagen z. Umgang mit wassergef. Stoffen
32331;Erh. der Anlagen zum Umgang mit wassergef. Stoffen;JAHR;Jahr;2023;DINSG;Deutschland insgesamt;DG;Deutschland;ANLAT8;Anlagenart;ANLAGEN-08;Lageranlagen (ohne Tankstellen u.Heizölverbr.anl.);STFAT3;Maßgebende Stoffart;STOFF-GAS;Gasförmige Stoffe in t;FASSV1;Fassungsvermögen;;Insgesamt;43;Anzahl;ANL016;Geprüfte Anlagen z. Umgang mit wassergef. Stoffen
32331;Erh. der Anlagen zum Umgang mit wassergef. Stoffen;JAHR;Jahr;2018;DINSG;Deutschland insgesamt;DG;Deutschland;ANLAT8;Anlagenart;ANLAGEN-08;Lageranlagen (ohne Tankstellen u.Heizölverbr.anl.);STFAT3;Maßgebende Stoffart;STOFF-FEST;Feste Stoffe in t;FASSV1;Fassungsvermögen;FV000B010;bis 10;3;Anzahl;ANL016;Geprüfte Anlagen z. Umgang mit wassergef. Stoffen
32331;Erh. der Anlagen zum Umgang mit wassergef. Stoffen;JAHR;Jahr;2019;DINSG;Deutschland insgesamt;DG;Deutschland;ANLAT8;Anlagenart;ANLAGEN-12;Tankstellen;STFAT3;Maßgebende Stoffart;STOFF-FEST;Feste Stoffe in t;FASSV1;Fassungsvermögen;FV000B010;bis 10;-;Anzahl;ANL016;Geprüfte Anlagen z. Umgang mit wassergef. Stoffen
32331;Erh. der Anlagen zum Umgang mit wassergef. Stoffen;JAHR;Jahr;2020;DINSG;Deutschland insgesamt;DG;Deutschland;ANLAT8;Anlagenart;ANLAGEN-13;Rohrleitungsanlagen;STFAT3;Maßgebende Stoffart;STOFF-GAS;Gasförmige Stoffe in t;FASSV1;Fassungsvermögen;FV000B010;bis 10;2;Anzahl;ANL016;Geprüfte Anlagen z. Umgang mit wassergef. Stoffen
32331;Erh. der Anlagen zum Umgang mit wassergef. Stoffen;JAHR;Jahr;2021;DINSG;Deutschland insgesamt;DG;Deutschland;ANLAT8;Anlagenart;ANLAGEN-05;Umschlaganlagen;STFAT3;Maßgebende Stoffart;STOFF-GAS;Gasförmige Stoffe in t;FASSV1;Fassungsvermögen;;Insgesamt;-;Anzahl;ANL016;Geprüfte Anlagen z. Umgang mit wassergef. Stoffen
32331;Erh. der Anlagen zum Umgang mit wassergef. Stoffen;JAHR;Jahr;2021;DINSG;Deutschland insgesamt;DG;Deutschland;ANLAT8;Anlagenart;ANLAGEN-13;Rohrleitungsanlagen;STFAT3;Maßgebende Stoffart;STOFF-FEST;Feste Stoffe in t;FASSV1;Fassungsvermögen;FV100UM;über 100;-;Anzahl;ANL016;Geprüfte Anlagen z. Umgang mit wassergef. Stoffen
32331;Erh. der Anlagen zum Umgang mit wassergef. Stoffen;JAHR;Jahr;2022;DINSG;Deutschland insgesamt;DG;Deutschland;ANLAT8;Anlagenart;ANLAGEN-10;Umschlaganlagen ohne intermodalen Verkehr;STFAT3;Maßgebende Stoffart;STOFF-GAS;Gasförmige Stoffe in t;FASSV1;Fassungsvermögen;;Insgesamt;-;Anzahl;ANL016;Geprüfte Anlagen z. Umgang mit wassergef. Stoffen
32331;Erh. der Anlagen zum Umgang mit wassergef. Stoffen;JAHR;Jahr;2022;DINSG;Deutschland insgesamt;DG;Deutschland;ANLAT8;Anlagenart;ANLAGEN-06;Herstellungs-, Behandlungs- und Verwendungsanlagen;STFAT3;Maßgebende Stoffart;STOFF-FLUES;Flüssige Stoffe in m3;FASSV1;Fassungsvermögen;FV000B010;bis 10;3870;Anzahl;ANL016;Geprüfte Anlagen z. Umgang mit wassergef. Stoffen
32331;Erh. der Anlagen zum Umgang mit wassergef. Stoffen;JAHR;Jahr;2023;DINSG;Deutschland insgesamt;DG;Deutschland;ANLAT8;Anlagenart;ANLAGEN-14;Biogasanlagen;STFAT3;Maßgebende Stoffart;STOFF-GAS;Gasförmige Stoffe in t;FASSV1;Fassungsvermögen;;Insgesamt;-;Anzahl;ANL016;Geprüfte Anlagen z. Umgang mit wassergef. Stoffen
32331;Erh. der Anlagen zum Umgang mit wassergef. Stoffen;JAHR;Jahr;2023;DINSG;Deutschland insgesamt;DG;Deutschland;ANLAT8;Anlagenart;ANLAGEN-13;Rohrleitungsanlagen;STFAT3;Maßgebende Stoffart;STOFF-GAS;Gasförmige Stoffe in t;FASSV1;Fassungsvermögen;;Insgesamt;9;Anzahl;ANL016;Geprüfte Anlagen z. Umgang mit wassergef. Stoffen
32331;Erh. der Anlagen zum Umgang mit wassergef. Stoffen;JAHR;Jahr;2018;DINSG;Deutschland insgesamt;DG;Deutschland;ANLAT8;Anlagenart;ANLAGEN-14;Biogasanlagen;STFAT3;Maßgebende Stoffart;STOFF-FEST;Feste Stoffe in t;FASSV1;Fassungsvermögen;FV010B050;über 10 bis 50;-;Anzahl;ANL016;Geprüfte Anlagen z. Umgang mit wassergef. Stoffen
32331;Erh. der Anlagen zum Umgang mit wassergef. Stoffen;JAHR;Jahr;2018;DINSG;Deutschland insgesamt;DG;Deutschland;ANLAT8;Anlagenart;ANLAGEN-12;Tankstellen;STFAT3;Maßgebende Stoffart;STOFF-GAS;Gasförmige Stoffe in t;FASSV1;Fassungsvermögen;FV000B010;bis 10;-;Anzahl;ANL016;Geprüfte Anlagen z. Umgang mit wassergef. Stoffen
32331;Erh. der Anlagen zum Umgang mit wassergef. Stoffen;JAHR;Jahr;2020;DINSG;Deutschland insgesamt;DG;Deutschland;ANLAT8;Anlagenart;ANLAGEN-07;Heizölverbraucheranlagen;STFAT3;Maßgebende Stoffart;STOFF-FEST;Feste Stoffe in t;FASSV1;Fassungsvermögen;;Insgesamt;-;Anzahl;ANL016;Geprüfte Anlagen z. Umgang mit wassergef. Stoffen
32331;Erh. der Anlagen zum Umgang mit wassergef. Stoffen;JAHR;Jahr;2021;DINSG;Deutschland insgesamt;DG;Deutschland;ANLAT8;Anlagenart;ANLAGEN-12;Tankstellen;STFAT3;Maßgebende Stoffart;STOFF-GAS;Gasförmige Stoffe in t;FASSV1;Fassungsvermögen;FV000B010;bis 10;-;Anzahl;ANL016;Geprüfte Anlagen z. Umgang mit wassergef. Stoffen
32331;Erh. der Anlagen zum Umgang mit wassergef. Stoffen;JAHR;Jahr;2020;DINSG;Deutschland insgesamt;DG;Deutschland;ANLAT8;Anlagenart;ANLAGEN-05;Umschlaganlagen;STFAT3;Maßgebende Stoffart;STOFF-GAS;Gasförmige Stoffe in t;FASSV1;Fassungsvermögen;FV050B100;über 50 bis 100;-;Anzahl;ANL016;Geprüfte Anlagen z. Umgang mit wassergef. Stoffen
32331;Erh. der Anlagen zum Umgang mit wassergef. Stoffen;JAHR;Jahr;2018;DINSG;Deutschland insgesamt;DG;Deutschland;ANLAT8;Anlagenart;ANLAGEN-05;Umschlaganlagen;STFAT3;Maßgebende Stoffart;STOFF-FEST;Feste Stoffe in t;FASSV1;Fassungsvermögen;FV050B100;über 50 bis 100;1;Anzahl;ANL016;Geprüfte Anlagen z. Umgang mit wassergef. Stoffen
32331;Erh. der Anlagen zum Umgang mit wassergef. Stoffen;JAHR;Jahr;2023;DINSG;Deutschland insgesamt;DG;Deutschland;ANLAT8;Anlagenart;ANLAGEN-11;Umschlaganlagen des intermodalen Verkehrs;STFAT3;Maßgebende Stoffart;STOFF-GAS;Gasförmige Stoffe in t;FASSV1;Fassungsvermögen;FV100UM;über 100;-;Anzahl;ANL016;Geprüfte Anlagen z. Umgang mit wassergef. Stoffen
32331;Erh. der Anlagen zum Umgang mit wassergef. Stoffen;JAHR;Jahr;2022;DINSG;Deutschland insgesamt;DG;Deutschland;ANLAT8;Anlagenart;ANLAGEN-07;Heizölverbraucheranlagen;STFAT3;Maßgebende Stoffart;STOFF-GAS;Gasförmige Stoffe in t;FASSV1;Fassungsvermögen;FV100UM;über 100;-;Anzahl;ANL016;Geprüfte Anlagen z. Umgang mit wassergef. Stoffen
32331;Erh. der Anlagen zum Umgang mit wassergef. Stoffen;JAHR;Jahr;2022;DINSG;Deutschland insgesamt;DG;Deutschland;ANLAT8;Anlagenart;;Insgesamt;STFAT3;Maßgebende Stoffart;STOFF-GAS;Gasförmige Stoffe in t;FASSV1;Fassungsvermögen;;Insgesamt;92;Anzahl;ANL016;Geprüfte Anlagen z. Umgang mit wassergef. Stoffen
32331;Erh. der Anlagen zum Umgang mit wassergef. Stoffen;JAHR;Jahr;2019;DINSG;Deutschland insgesamt;DG;Deutschland;ANLAT8;Anlagenart;ANLAGEN-10;Umschlaganlagen ohne intermodalen Verkehr;STFAT3;Maßgebende Stoffart;STOFF-FEST;Feste Stoffe in t;FASSV1;Fassungsvermögen;FV000B010;bis 10;-;Anzahl;ANL016;Geprüfte Anlagen z. Umgang mit wassergef. Stoffen
32331;Erh. der Anlagen zum Umgang mit wassergef. Stoffen;JAHR;Jahr;2023;DINSG;Deutschland insgesamt;DG;Deutschland;ANLAT8;Anlagenart;ANLAGEN-05;Umschlaganlagen;STFAT3;Maßgebende Stoffart;STOFF-FLUES;Flüssige Stoffe in m3;FASSV1;Fassungsvermögen;;Insgesamt;-;Anzahl;ANL016;Geprüfte Anlagen z. Umgang mit wassergef. Stoffen
32331;Erh. der Anlagen zum Umgang mit wassergef. Stoffen;JAHR;Jahr;2022;DINSG;Deutschland insgesamt;DG;Deutschland;ANLAT8;Anlagenart;ANLAGEN-08;Lageranlagen (ohne Tankstellen u.Heizölverbr.anl.);STFAT3;Maßgebende Stoffart;STOFF-FLUES;Flüssige Stoffe in m3;FASSV1;Fassungsvermögen;FV010B050;über 10 bis 50;7541;Anzahl;ANL016;Geprüfte Anlagen z. Umgang mit wassergef. Stoffen
32331;Erh. der Anlagen zum Umgang mit wassergef. Stoffen;JAHR;Jahr;2023;DINSG;Deutschland insgesamt;DG;Deutschland;ANLAT8;Anlagenart;ANLAGEN-15;JGS-Anlagen;STFAT3;Maßgebende Stoffart;STOFF-FLUES;Flüssige Stoffe in m3;FASSV1;Fassungsvermögen;FV050B100;über 50 bis 100;21;Anzahl;ANL016;Geprüfte Anlagen z. Umgang mit wassergef. Stoffen
32331;Erh. der Anlagen zum Umgang mit wassergef. Stoffen;JAHR;Jahr;2020;DINSG;Deutschland insgesamt;DG;Deutschland;ANLAT8;Anlagenart;ANLAGEN-11;Umschlaganlagen des intermodalen Verkehrs;STFAT3;Maßgebende Stoffart;STOFF-FLUES;Flüssige Stoffe in m3;FASSV1;Fassungsvermögen;FV100UM;über 100;2;Anzahl;ANL016;Geprüfte Anlagen z. Umgang mit wassergef. Stoffen
32331;Erh. der Anlagen zum Umgang mit wassergef. Stoffen;JAHR;Jahr;2022;DINSG;Deutschland insgesamt;DG;Deutschland;ANLAT8;Anlagenart;ANLAGEN-12;Tankstellen;STFAT3;Maßgebende Stoffart;STOFF-FLUES;Flüssige Stoffe in m3;FASSV1;Fassungsvermögen;FV050B100;über 50 bis 100;2686;Anzahl;ANL016;Geprüfte Anlagen z. Umgang mit wassergef. Stoffen
32331;Erh. der Anlagen zum Umgang mit wassergef. Stoffen;JAHR;Jahr;2020;DINSG;Deutschland insgesamt;DG;Deutschland;ANLAT8;Anlagenart;ANLAGEN-15;JGS-Anlagen;STFAT3;Maßgebende Stoffart;STOFF-GAS;Gasförmige Stoffe in t;FASSV1;Fassungsvermögen;FV000B010;bis 10;-;Anzahl;ANL016;Geprüfte Anlagen z. Umgang mit wassergef. Stoffen
32331;Erh. der Anlagen zum Umgang mit wassergef. Stoffen;JAHR;Jahr;2023;DINSG;Deutschland insgesamt;DG;Deutschland;ANLAT8;Anlagenart;ANLAGEN-11;Umschlaganlagen des intermodalen Verkehrs;STFAT3;Maßgebende Stoffart;STOFF-GAS;Gasförmige Stoffe in t;FASSV1;Fassungsvermögen;FV000B010;bis 10;-;Anzahl;ANL016;Geprüfte Anlagen z. Umgang mit wassergef. Stoffen
32331;Erh. der Anlagen zum Umgang mit wassergef. Stoffen;JAHR;Jahr;2022;DINSG;Deutschland insgesamt;DG;Deutschland;ANLAT8;Anlagenart;ANLAGEN-09;Abfüllanlagen (ohne Tankstellen);STFAT3;Maßgebende Stoffart;STOFF-GAS;Gasförmige Stoffe in t;FASSV1;Fassungsvermögen;;Insgesamt;1;Anzahl;ANL016;Geprüfte Anlagen z. Umgang mit wassergef. Stoffen
32331;Erh. der Anlagen zum Umgang mit wassergef. Stoffen;JAHR;Jahr;2022;DINSG;Deutschland insgesamt;DG;Deutschland;ANLAT8;Anlagenart;ANLAGEN-07;Heizölverbraucheranlagen;STFAT3;Maßgebende Stoffart;STOFF-FEST;Feste Stoffe in t;FASSV1;Fassungsvermögen;FV050B100;über 50 bis 100;-;Anzahl;ANL016;Geprüfte Anlagen z. Umgang mit wassergef. Stoffen
32331;Erh. der Anlagen zum Umgang mit wassergef. Stoffen;JAHR;Jahr;2022;DINSG;Deutschland insgesamt;DG;Deutschland;ANLAT8;Anlagenart;ANLAGEN-06;Herstellungs-, Behandlungs- und Verwendungsanlagen;STFAT3;Maßgebende Stoffart;STOFF-GAS;Gasförmige Stoffe in t;FASSV1;Fassungsvermögen;FV050B100;über 50 bis 100;1;Anzahl;ANL016;Geprüfte Anlagen z. Umgang mit wassergef. Stoffen
32331;Erh. der Anlagen zum Umgang mit wassergef. Stoffen;JAHR;Jahr;2021;DINSG;Deutschland insgesamt;DG;Deutschland;ANLAT8;Anlagenart;ANLAGEN-06;Herstellungs-, Behandlungs- und Verwendungsanlagen;STFAT3;Maßgebende Stoffart;STOFF-FEST;Feste Stoffe in t;FASSV1;Fassungsvermögen;;Insgesamt;14;Anzahl;ANL016;Geprüfte Anlagen z. Umgang mit wassergef. Stoffen
32331;Erh. der Anlagen zum Umgang mit wassergef. Stoffen;JAHR;Jahr;2023;DINSG;Deutschland insgesamt;DG;Deutschland;ANLAT8;Anlagenart;ANLAGEN-10;Umschlaganlagen ohne intermodalen Verkehr;STFAT3;Maßgebende Stoffart;STOFF-FEST;Feste Stoffe in t;FASSV1;Fassungsvermögen;FV100UM;über 100;5;Anzahl;ANL016;Geprüfte Anlagen z. Umgang mit wassergef. Stoffen
32331;Erh. der Anlagen zum Umgang mit wassergef. Stoffen;JAHR;Jahr;2019;DINSG;Deutschland insgesamt;DG;Deutschland;ANLAT8;Anlagenart;ANLAGEN-11;Umschlaganlagen des intermodalen Verkehrs;STFAT3;Maßgebende Stoffart;STOFF-FEST;Feste Stoffe in t;FASSV1;Fassungsvermögen;FV050B100;über 50 bis 100;-;Anzahl;ANL016;Geprüfte Anlagen z. Umgang mit wassergef. Stoffen
32331;Erh. der Anlagen zum Umgang mit wassergef. Stoffen;JAHR;Jahr;2022;DINSG;Deutschland insgesamt;DG;Deutschland;ANLAT8;Anlagenart;ANLAGEN-11;Umschlaganlagen des intermodalen Verkehrs;STFAT3;Maßgebende Stoffart;STOFF-FEST;Feste Stoffe in t;FASSV1;Fassungsvermögen;FV100UM;über 100;1;Anzahl;ANL016;Geprüfte Anlagen z. Umgang mit wassergef. Stoffen
32331;Erh. der Anlagen zum Umgang mit wassergef. Stoffen;JAHR;Jahr;2019;DINSG;Deutschland insgesamt;DG;Deutschland;ANLAT8;Anlagenart;ANLAGEN-08;Lageranlagen (ohne Tankstellen u.Heizölverbr.anl.);STFAT3;Maßgebende Stoffart;STOFF-GAS;Gasförmige Stoffe in t;FASSV1;Fassungsvermögen;;Insgesamt;20;Anzahl;ANL016;Geprüfte Anlagen z. Umgang mit wassergef. Stoffen
32331;Erh. der Anlagen zum Umgang mit wassergef. Stoffen;JAHR;Jahr;2021;DINSG;Deutschland insgesamt;DG;Deutschland;ANLAT8;Anlagenart;ANLAGEN-12;Tankstellen;STFAT3;Maßgebende Stoffart;STOFF-FEST;Feste Stoffe in t;FASSV1;Fassungsvermögen;FV100UM;über 100;-;Anzahl;ANL016;Geprüfte Anlagen z. Umgang mit wassergef. Stoffen
32331;Erh. der Anlagen zum Umgang mit wassergef. Stoffen;JAHR;Jahr;2020;DINSG;Deutschland insgesamt;DG;Deutschland;ANLAT8;Anlagenart;ANLAGEN-14;Biogasanlagen;STFAT3;Maßgebende Stoffart;STOFF-FEST;Feste Stoffe in t;FASSV1;Fassungsvermögen;FV000B010;bis 10;4;Anzahl;ANL016;Geprüfte Anlagen z. Umgang mit wassergef. Stoffen
32331;Erh. der Anlagen zum Umgang mit wassergef. Stoffen;JAHR;Jahr;2018;DINSG;Deutschland insgesamt;DG;Deutschland;ANLAT8;Anlagenart;ANLAGEN-06;Herstellungs-, Behandlungs- und Verwendungsanlagen;STFAT3;Maßgebende Stoffart;STOFF-FEST;Feste Stoffe in t;FASSV1;Fassungsvermögen;FV000B010;bis 10;11;Anzahl;ANL016;Geprüfte Anlagen z. Umgang mit wassergef. Stoffen
32331;Erh. der Anlagen zum Umgang mit wassergef. Stoffen;JAHR;Jahr;2022;DINSG;Deutschland insgesamt;DG;Deutschland;ANLAT8;Anlagenart;ANLAGEN-07;Heizölverbraucheranlagen;STFAT3;Maßgebende Stoffart;STOFF-FLUES;Flüssige Stoffe in m3;FASSV1;Fassungsvermögen;FV000B010;bis 10;121616;Anzahl;ANL016;Geprüfte Anlagen z. Umgang mit wassergef. Stoffen
32331;Erh. der Anlagen zum Umgang mit wassergef. Stoffen;JAHR;Jahr;2020;DINSG;Deutschland insgesamt;DG;Deutschland;ANLAT8;Anlagenart;ANLAGEN-15;JGS-Anlagen;STFAT3;Maßgebende Stoffart;STOFF-FEST;Feste Stoffe in t;FASSV1;Fassungsvermögen;FV050B100;über 50 bis 100;9;Anzahl;ANL016;Geprüfte Anlagen z. Umgang mit wassergef. Stoffen
32331;Erh. der Anlagen zum Umgang mit wassergef. Stoffen;JAHR;Jahr;2019;DINSG;Deutschland insgesamt;DG;Deutschland;ANLAT8;Anlagenart;ANLAGEN-12;Tankstellen;STFAT3;Maßgebende Stoffart;STOFF-FLUES;Flüssige Stoffe in m3;FASSV1;Fassungsvermögen;FV100UM;über 100;3162;Anzahl;ANL016;Geprüfte Anlagen z. Umgang mit wassergef. Stoffen
32331;Erh. der Anlagen zum Umgang mit wassergef. Stoffen;JAHR;Jahr;2018;DINSG;Deutschland insgesamt;DG;Deutschland;ANLAT8;Anlagenart;ANLAGEN-15;JGS-Anlagen;STFAT3;Maßgebende Stoffart;STOFF-FEST;Feste Stoffe in t;FASSV1;Fassungsvermögen;FV050B100;über 50 bis 100;-;Anzahl;ANL016;Geprüfte Anlagen z. Umgang mit wassergef. Stoffen
32331;Erh. der Anlagen zum Umgang mit wassergef. Stoffen;JAHR;Jahr;2023;DINSG;Deutschland insgesamt;DG;Deutschland;ANLAT8;Anlagenart;ANLAGEN-07;Heizölverbraucheranlagen;STFAT3;Maßgebende Stoffart;STOFF-FEST;Feste Stoffe in t;FASSV1;Fassungsvermögen;FV050B100;über 50 bis 100;-;Anzahl;ANL016;Geprüfte Anlagen z. Umgang mit wassergef. Stoffen
32331;Erh. der Anlagen zum Umgang mit wassergef. Stoffen;JAHR;Jahr;2023;DINSG;Deutschland insgesamt;DG;Deutschland;ANLAT8;Anlagenart;ANLAGEN-10;Umschlaganlagen ohne intermodalen Verkehr;STFAT3;Maßgebende Stoffart;STOFF-FLUES;Flüssige Stoffe in m3;FASSV1;Fassungsvermögen;FV000B010;bis 10;167;Anzahl;ANL016;Geprüfte Anlagen z. Umgang mit wassergef. Stoffen
32331;Erh. der Anlagen zum Umgang mit wassergef. Stoffen;JAHR;Jahr;2020;DINSG;Deutschland insgesamt;DG;Deutschland;ANLAT8;Anlagenart;ANLAGEN-12;Tankstellen;STFAT3;Maßgebende Stoffart;STOFF-GAS;Gasförmige Stoffe in t;FASSV1;Fassungsvermögen;;Insgesamt;-;Anzahl;ANL016;Geprüfte Anlagen z. Umgang mit wassergef. Stoffen
32331;Erh. der Anlagen zum Umgang mit wassergef. Stoffen;JAHR;Jahr;2021;DINSG;Deutschland insgesamt;DG;Deutschland;ANLAT8;Anlagenart;;Insgesamt;STFAT3;Maßgebende Stoffart;STOFF-GAS;Gasförmige Stoffe in t;FASSV1;Fassungsvermögen;FV010B050;über 10 bis 50;25;Anzahl;ANL016;Geprüfte Anlagen z. Umgang mit wassergef. Stoffen
32331;Erh. der Anlagen zum Umgang mit wassergef. Stoffen;JAHR;Jahr;2018;DINSG;Deutschland insgesamt;DG;Deutschland;ANLAT8;Anlagenart;;Insgesamt;STFAT3;Maßgebende Stoffart;STOFF-GAS;Gasförmige Stoffe in t;FASSV1;Fassungsvermögen;FV100UM;über 100;20;Anzahl;ANL016;Geprüfte Anlagen z. Umgang mit wassergef. Stoffen
32331;Erh. der Anlagen zum Umgang mit wassergef. Stoffen;JAHR;Jahr;2021;DINSG;Deutschland insgesamt;DG;Deutschland;ANLAT8;Anlagenart;ANLAGEN-11;Umschlaganlagen des intermodalen Verkehrs;STFAT3;Maßgebende Stoffart;STOFF-FEST;Feste Stoffe in t;FASSV1;Fassungsvermögen;FV050B100;über 50 bis 100;-;Anzahl;ANL016;Geprüfte Anlagen z. Umgang mit wassergef. Stoffen
32331;Erh. der Anlagen zum Umgang mit wassergef. Stoffen;JAHR;Jahr;2023;DINSG;Deutschland insgesamt;DG;Deutschland;ANLAT8;Anlagenart;ANLAGEN-06;Herstellungs-, Behandlungs- und Verwendungsanlagen;STFAT3;Maßgebende Stoffart;STOFF-FLUES;Flüssige Stoffe in m3;FASSV1;Fassungsvermögen;;Insgesamt;6598;Anzahl;ANL016;Geprüfte Anlagen z. Umgang mit wassergef. Stoffen
32331;Erh. der Anlagen zum Umgang mit wassergef. Stoffen;JAHR;Jahr;2022;DINSG;Deutschland insgesamt;DG;Deutschland;ANLAT8;Anlagenart;ANLAGEN-06;Herstellungs-, Behandlungs- und Verwendungsanlagen;STFAT3;Maßgebende Stoffart;STOFF-FLUES;Flüssige Stoffe in m3;FASSV1;Fassungsvermögen;;Insgesamt;7189;Anzahl;ANL016;Geprüfte Anlagen z. Umgang mit wassergef. Stoffen
32331;Erh. der Anlagen zum Umgang mit wassergef. Stoffen;JAHR;Jahr;2020;DINSG;Deutschland insgesamt;DG;Deutschland;ANLAT8;Anlagenart;ANLAGEN-14;Biogasanlagen;STFAT3;Maßgebende Stoffart;STOFF-FLUES;Flüssige Stoffe in m3;FASSV1;Fassungsvermögen;FV100UM;über 100;933;Anzahl;ANL016;Geprüfte Anlagen z. Umgang mit wassergef. Stoffen
32331;Erh. der Anlagen zum Umgang mit wassergef. Stoffen;JAHR;Jahr;2022;DINSG;Deutschland insgesamt;DG;Deutschland;ANLAT8;Anlagenart;ANLAGEN-12;Tankstellen;STFAT3;Maßgebende Stoffart;STOFF-FEST;Feste Stoffe in t;FASSV1;Fassungsvermögen;FV000B010;bis 10;-;Anzahl;ANL016;Geprüfte Anlagen z. Umgang mit wassergef. Stoffen
32331;Erh. der Anlagen zum Umgang mit wassergef. Stoffen;JAHR;Jahr;2019;DINSG;Deutschland insgesamt;DG;Deutschland;ANLAT8;Anlagenart;ANLAGEN-12;Tankstellen;STFAT3;Maßgebende Stoffart;STOFF-GAS;Gasförmige Stoffe in t;FASSV1;Fassungsvermögen;FV100UM;über 100;-;Anzahl;ANL016;Geprüfte Anlagen z. Umgang mit wassergef. Stoffen
32331;Erh. der Anlagen zum Umgang mit wassergef. Stoffen;JAHR;Jahr;2019;DINSG;Deutschland insgesamt;DG;Deutschland;ANLAT8;Anlagenart;ANLAGEN-06;Herstellungs-, Behandlungs- und Verwendungsanlagen;STFAT3;Maßgebende Stoffart;STOFF-FLUES;Flüssige Stoffe in m3;FASSV1;Fassungsvermögen;FV050B100;über 50 bis 100;532;Anzahl;ANL016;Geprüfte Anlagen z. Umgang mit wassergef. Stoffen
32331;Erh. der Anlagen zum Umgang mit wassergef. Stoffen;JAHR;Jahr;2020;DINSG;Deutschland insgesamt;DG;Deutschland;ANLAT8;Anlagenart;ANLAGEN-07;Heizölverbraucheranlagen;STFAT3;Maßgebende Stoffart;STOFF-GAS;Gasförmige Stoffe in t;FASSV1;Fassungsvermögen;FV050B100;über 50 bis 100;-;Anzahl;ANL016;Geprüfte Anlagen z. Umgang mit wassergef. Stoffen
32331;Erh. der Anlagen zum Umgang mit wassergef. Stoffen;JAHR;Jahr;2020;DINSG;Deutschland insgesamt;DG;Deutschland;ANLAT8;Anlagenart;ANLAGEN-06;Herstellungs-, Behandlungs- und Verwendungsanlagen;STFAT3;Maßgebende Stoffart;STOFF-FEST;Feste Stoffe in t;FASSV1;Fassungsvermögen;FV000B010;bis 10;4;Anzahl;ANL016;Geprüfte Anlagen z. Umgang mit wassergef. Stoffen
32331;Erh. der Anlagen zum Umgang mit wassergef. Stoffen;JAHR;Jahr;2019;DINSG;Deutschland insgesamt;DG;Deutschland;ANLAT8;Anlagenart;ANLAGEN-05;Umschlaganlagen;STFAT3;Maßgebende Stoffart;STOFF-GAS;Gasförmige Stoffe in t;FASSV1;Fassungsvermögen;FV100UM;über 100;1;Anzahl;ANL016;Geprüfte Anlagen z. Umgang mit wassergef. Stoffen
32331;Erh. der Anlagen zum Umgang mit wassergef. Stoffen;JAHR;Jahr;2020;DINSG;Deutschland insgesamt;DG;Deutschland;ANLAT8;Anlagenart;;Insgesamt;STFAT3;Maßgebende Stoffart;STOFF-FEST;Feste Stoffe in t;FASSV1;Fassungsvermögen;FV050B100;über 50 bis 100;22;Anzahl;ANL016;Geprüfte Anlagen z. Umgang mit wassergef. Stoffen
32331;Erh. der Anlagen zum Umgang mit wassergef. Stoffen;JAHR;Jahr;2021;DINSG;Deutschland insgesamt;DG;Deutschland;ANLAT8;Anlagenart;ANLAGEN-13;Rohrleitungsanlagen;STFAT3;Maßgebende Stoffart;STOFF-FLUES;Flüssige Stoffe in m3;FASSV1;Fassungsvermögen;FV000B010;bis 10;636;Anzahl;ANL016;Geprüfte Anlagen z. Umgang mit wassergef. Stoffen
32331;Erh. der Anlagen zum Umgang mit wassergef. Stoffen;JAHR;Jahr;2018;DINSG;Deutschland insgesamt;DG;Deutschland;ANLAT8;Anlagenart;ANLAGEN-06;Herstellungs-, Behandlungs- und Verwendungsanlagen;STFAT3;Maßgebende Stoffart;STOFF-FLUES;Flüssige Stoffe in m3;FASSV1;Fassungsvermögen;;Insgesamt;6145;Anzahl;ANL016;Geprüfte Anlagen z. Umgang mit wassergef. Stoffen
32331;Erh. der Anlagen zum Umgang mit wassergef. Stoffen;JAHR;Jahr;2018;DINSG;Deutschland insgesamt;DG;Deutschland;ANLAT8;Anlagenart;ANLAGEN-13;Rohrleitungsanlagen;STFAT3;Maßgebende Stoffart;STOFF-FLUES;Flüssige Stoffe in m3;FASSV1;Fassungsvermögen;FV010B050;über 10 bis 50;416;Anzahl;ANL016;Geprüfte Anlagen z. Umgang mit wassergef. Stoffen
32331;Erh. der Anlagen zum Umgang mit wassergef. Stoffen;JAHR;Jahr;2021;DINSG;Deutschland insgesamt;DG;Deutschland;ANLAT8;Anlagenart;ANLAGEN-12;Tankstellen;STFAT3;Maßgebende Stoffart;STOFF-FEST;Feste Stoffe in t;FASSV1;Fassungsvermögen;FV000B010;bis 10;-;Anzahl;ANL016;Geprüfte Anlagen z. Umgang mit wassergef. Stoffen
32331;Erh. der Anlagen zum Umgang mit wassergef. Stoffen;JAHR;Jahr;2019;DINSG;Deutschland insgesamt;DG;Deutschland;ANLAT8;Anlagenart;ANLAGEN-06;Herstellungs-, Behandlungs- und Verwendungsanlagen;STFAT3;Maßgebende Stoffart;STOFF-FLUES;Flüssige Stoffe in m3;FASSV1;Fassungsvermögen;;Insgesamt;5640;Anzahl;ANL016;Geprüfte Anlagen z. Umgang mit wassergef. Stoffen
32331;Erh. der Anlagen zum Umgang mit wassergef. Stoffen;JAHR;Jahr;2019;DINSG;Deutschland insgesamt;DG;Deutschland;ANLAT8;Anlagenart;ANLAGEN-15;JGS-Anlagen;STFAT3;Maßgebende Stoffart;STOFF-FLUES;Flüssige Stoffe in m3;FASSV1;Fassungsvermögen;FV100UM;über 100;640;Anzahl;ANL016;Geprüfte Anlagen z. Umgang mit wassergef. Stoffen
32331;Erh. der Anlagen zum Umgang mit wassergef. Stoffen;JAHR;Jahr;2018;DINSG;Deutschland insgesamt;DG;Deutschland;ANLAT8;Anlagenart;ANLAGEN-15;JGS-Anlagen;STFAT3;Maßgebende Stoffart;STOFF-FLUES;Flüssige Stoffe in m3;FASSV1;Fassungsvermögen;FV100UM;über 100;394;Anzahl;ANL016;Geprüfte Anlagen z. Umgang mit wassergef. Stoffen
32331;Erh. der Anlagen zum Umgang mit wassergef. Stoffen;JAHR;Jahr;2018;DINSG;Deutschland insgesamt;DG;Deutschland;ANLAT8;Anlagenart;ANLAGEN-09;Abfüllanlagen (ohne Tankstellen);STFAT3;Maßgebende Stoffart;STOFF-FLUES;Flüssige Stoffe in m3;FASSV1;Fassungsvermögen;FV000B010;bis 10;919;Anzahl;ANL016;Geprüfte Anlagen z. Umgang mit wassergef. Stoffen
32331;Erh. der Anlagen zum Umgang mit wassergef. Stoffen;JAHR;Jahr;2020;DINSG;Deutschland insgesamt;DG;Deutschland;ANLAT8;Anlagenart;ANLAGEN-05;Umschlaganlagen;STFAT3;Maßgebende Stoffart;STOFF-FEST;Feste Stoffe in t;FASSV1;Fassungsvermögen;FV050B100;über 50 bis 100;-;Anzahl;ANL016;Geprüfte Anlagen z. Umgang mit wassergef. Stoffen
32331;Erh. der Anlagen zum Umgang mit wassergef. Stoffen;JAHR;Jahr;2019;DINSG;Deutschland insgesamt;DG;Deutschland;ANLAT8;Anlagenart;ANLAGEN-06;Herstellungs-, Behandlungs- und Verwendungsanlagen;STFAT3;Maßgebende Stoffart;STOFF-GAS;Gasförmige Stoffe in t;FASSV1;Fassungsvermögen;FV050B100;über 50 bis 100;-;Anzahl;ANL016;Geprüfte Anlagen z. Umgang mit wassergef. Stoffen
32331;Erh. der Anlagen zum Umgang mit wassergef. Stoffen;JAHR;Jahr;2020;DINSG;Deutschland insgesamt;DG;Deutschland;ANLAT8;Anlagenart;;Insgesamt;STFAT3;Maßgebende Stoffart;STOFF-GAS;Gasförmige Stoffe in t;FASSV1;Fassungsvermögen;;Insgesamt;62;Anzahl;ANL016;Geprüfte Anlagen z. Umgang mit wassergef. Stoffen
32331;Erh. der Anlagen zum Umgang mit wassergef. Stoffen;JAHR;Jahr;2023;DINSG;Deutschland insgesamt;DG;Deutschland;ANLAT8;Anlagenart;ANLAGEN-09;Abfüllanlagen (ohne Tankstellen);STFAT3;Maßgebende Stoffart;STOFF-GAS;Gasförmige Stoffe in t;FASSV1;Fassungsvermögen;FV010B050;über 10 bis 50;-;Anzahl;ANL016;Geprüfte Anlagen z. Umgang mit wassergef. Stoffen
32331;Erh. der Anlagen zum Umgang mit wassergef. Stoffen;JAHR;Jahr;2020;DINSG;Deutschland insgesamt;DG;Deutschland;ANLAT8;Anlagenart;ANLAGEN-08;Lageranlagen (ohne Tankstellen u.Heizölverbr.anl.);STFAT3;Maßgebende Stoffart;STOFF-GAS;Gasförmige Stoffe in t;FASSV1;Fassungsvermögen;FV050B100;über 50 bis 100;7;Anzahl;ANL016;Geprüfte Anlagen z. Umgang mit wassergef. Stoffen
32331;Erh. der Anlagen zum Umgang mit wassergef. Stoffen;JAHR;Jahr;2020;DINSG;Deutschland insgesamt;DG;Deutschland;ANLAT8;Anlagenart;ANLAGEN-13;Rohrleitungsanlagen;STFAT3;Maßgebende Stoffart;STOFF-FLUES;Flüssige Stoffe in m3;FASSV1;Fassungsvermögen;FV100UM;über 100;373;Anzahl;ANL016;Geprüfte Anlagen z. Umgang mit wassergef. Stoffen
32331;Erh. der Anlagen zum Umgang mit wassergef. Stoffen;JAHR;Jahr;2022;DINSG;Deutschland insgesamt;DG;Deutschland;ANLAT8;Anlagenart;ANLAGEN-08;Lageranlagen (ohne Tankstellen u.Heizölverbr.anl.);STFAT3;Maßgebende Stoffart;STOFF-GAS;Gasförmige Stoffe in t;FASSV1;Fassungsvermögen;FV050B100;über 50 bis 100;2;Anzahl;ANL016;Geprüfte Anlagen z. Umgang mit wassergef. Stoffen
32331;Erh. der Anlagen zum Umgang mit wassergef. Stoffen;JAHR;Jahr;2023;DINSG;Deutschland insgesamt;DG;Deutschland;ANLAT8;Anlagenart;ANLAGEN-07;Heizölverbraucheranlagen;STFAT3;Maßgebende Stoffart;STOFF-GAS;Gasförmige Stoffe in t;FASSV1;Fassungsvermögen;;Insgesamt;-;Anzahl;ANL016;Geprüfte Anlagen z. Umgang mit wassergef. Stoffen
32331;Erh. der Anlagen zum Umgang mit wassergef. Stoffen;JAHR;Jahr;2021;DINSG;Deutschland insgesamt;DG;Deutschland;ANLAT8;Anlagenart;ANLAGEN-08;Lageranlagen (ohne Tankstellen u.Heizölverbr.anl.);STFAT3;Maßgebende Stoffart;STOFF-GAS;Gasförmige Stoffe in t;FASSV1;Fassungsvermögen;FV050B100;über 50 bis 100;6;Anzahl;ANL016;Geprüfte Anlagen z. Umgang mit wassergef. Stoffen
32331;Erh. der Anlagen zum Umgang mit wassergef. Stoffen;JAHR;Jahr;2022;DINSG;Deutschland insgesamt;DG;Deutschland;ANLAT8;Anlagenart;ANLAGEN-05;Umschlaganlagen;STFAT3;Maßgebende Stoffart;STOFF-FEST;Feste Stoffe in t;FASSV1;Fassungsvermögen;FV010B050;über 10 bis 50;-;Anzahl;ANL016;Geprüfte Anlagen z. Umgang mit wassergef. Stoffen
32331;Erh. der Anlagen zum Umgang mit wassergef. Stoffen;JAHR;Jahr;2022;DINSG;Deutschland insgesamt;DG;Deutschland;ANLAT8;Anlagenart;ANLAGEN-08;Lageranlagen (ohne Tankstellen u.Heizölverbr.anl.);STFAT3;Maßgebende Stoffart;STOFF-FLUES;Flüssige Stoffe in m3;FASSV1;Fassungsvermögen;FV000B010;bis 10;9069;Anzahl;ANL016;Geprüfte Anlagen z. Umgang mit wassergef. Stoffen
32331;Erh. der Anlagen zum Umgang mit wassergef. Stoffen;JAHR;Jahr;2022;DINSG;Deutschland insgesamt;DG;Deutschland;ANLAT8;Anlagenart;ANLAGEN-08;Lageranlagen (ohne Tankstellen u.Heizölverbr.anl.);STFAT3;Maßgebende Stoffart;STOFF-FEST;Feste Stoffe in t;FASSV1;Fassungsvermögen;FV000B010;bis 10;6;Anzahl;ANL016;Geprüfte Anlagen z. Umgang mit wassergef. Stoffen
32331;Erh. der Anlagen zum Umgang mit wassergef. Stoffen;JAHR;Jahr;2018;DINSG;Deutschland insgesamt;DG;Deutschland;ANLAT8;Anlagenart;ANLAGEN-06;Herstellungs-, Behandlungs- und Verwendungsanlagen;STFAT3;Maßgebende Stoffart;STOFF-FEST;Feste Stoffe in t;FASSV1;Fassungsvermögen;FV010B050;über 10 bis 50;5;Anzahl;ANL016;Geprüfte Anlagen z. Umgang mit wassergef. Stoffen
32331;Erh. der Anlagen zum Umgang mit wassergef. Stoffen;JAHR;Jahr;2018;DINSG;Deutschland insgesamt;DG;Deutschland;ANLAT8;Anlagenart;ANLAGEN-08;Lageranlagen (ohne Tankstellen u.Heizölverbr.anl.);STFAT3;Maßgebende Stoffart;STOFF-FEST;Feste Stoffe in t;FASSV1;Fassungsvermögen;FV100UM;über 100;64;Anzahl;ANL016;Geprüfte Anlagen z. Umgang mit wassergef. Stoffen
32331;Erh. der Anlagen zum Umgang mit wassergef. Stoffen;JAHR;Jahr;2018;DINSG;Deutschland insgesamt;DG;Deutschland;ANLAT8;Anlagenart;ANLAGEN-05;Umschlaganlagen;STFAT3;Maßgebende Stoffart;STOFF-GAS;Gasförmige Stoffe in t;FASSV1;Fassungsvermögen;;Insgesamt;-;Anzahl;ANL016;Geprüfte Anlagen z. Umgang mit wassergef. Stoffen
32331;Erh. der Anlagen zum Umgang mit wassergef. Stoffen;JAHR;Jahr;2021;DINSG;Deutschland insgesamt;DG;Deutschland;ANLAT8;Anlagenart;ANLAGEN-06;Herstellungs-, Behandlungs- und Verwendungsanlagen;STFAT3;Maßgebende Stoffart;STOFF-FEST;Feste Stoffe in t;FASSV1;Fassungsvermögen;FV000B010;bis 10;2;Anzahl;ANL016;Geprüfte Anlagen z. Umgang mit wassergef. Stoffen
32331;Erh. der Anlagen zum Umgang mit wassergef. Stoffen;JAHR;Jahr;2018;DINSG;Deutschland insgesamt;DG;Deutschland;ANLAT8;Anlagenart;ANLAGEN-09;Abfüllanlagen (ohne Tankstellen);STFAT3;Maßgebende Stoffart;STOFF-GAS;Gasförmige Stoffe in t;FASSV1;Fassungsvermögen;;Insgesamt;1;Anzahl;ANL016;Geprüfte Anlagen z. Umgang mit wassergef. Stoffen
32331;Erh. der Anlagen zum Umgang mit wassergef. Stoffen;JAHR;Jahr;2018;DINSG;Deutschland insgesamt;DG;Deutschland;ANLAT8;Anlagenart;ANLAGEN-05;Umschlaganlagen;STFAT3;Maßgebende Stoffart;STOFF-FLUES;Flüssige Stoffe in m3;FASSV1;Fassungsvermögen;;Insgesamt;929;Anzahl;ANL016;Geprüfte Anlagen z. Umgang mit wassergef. Stoffen
32331;Erh. der Anlagen zum Umgang mit wassergef. Stoffen;JAHR;Jahr;2019;DINSG;Deutschland insgesamt;DG;Deutschland;ANLAT8;Anlagenart;ANLAGEN-05;Umschlaganlagen;STFAT3;Maßgebende Stoffart;STOFF-FLUES;Flüssige Stoffe in m3;FASSV1;Fassungsvermögen;;Insgesamt;1063;Anzahl;ANL016;Geprüfte Anlagen z. Umgang mit wassergef. Stoffen
32331;Erh. der Anlagen zum Umgang mit wassergef. Stoffen;JAHR;Jahr;2019;DINSG;Deutschland insgesamt;DG;Deutschland;ANLAT8;Anlagenart;ANLAGEN-13;Rohrleitungsanlagen;STFAT3;Maßgebende Stoffart;STOFF-FLUES;Flüssige Stoffe in m3;FASSV1;Fassungsvermögen;FV010B050;über 10 bis 50;422;Anzahl;ANL016;Geprüfte Anlagen z. Umgang mit wassergef. Stoffen
32331;Erh. der Anlagen zum Umgang mit wassergef. Stoffen;JAHR;Jahr;2020;DINSG;Deutschland insgesamt;DG;Deutschland;ANLAT8;Anlagenart;ANLAGEN-09;Abfüllanlagen (ohne Tankstellen);STFAT3;Maßgebende Stoffart;STOFF-GAS;Gasförmige Stoffe in t;FASSV1;Fassungsvermögen;FV010B050;über 10 bis 50;-;Anzahl;ANL016;Geprüfte Anlagen z. Umgang mit wassergef. Stoffen
32331;Erh. der Anlagen zum Umgang mit wassergef. Stoffen;JAHR;Jahr;2022;DINSG;Deutschland insgesamt;DG;Deutschland;ANLAT8;Anlagenart;ANLAGEN-11;Umschlaganlagen des intermodalen Verkehrs;STFAT3;Maßgebende Stoffart;STOFF-FEST;Feste Stoffe in t;FASSV1;Fassungsvermögen;FV050B100;über 50 bis 100;-;Anzahl;ANL016;Geprüfte Anlagen z. Umgang mit wassergef. Stoffen
32331;Erh. der Anlagen zum Umgang mit wassergef. Stoffen;JAHR;Jahr;2023;DINSG;Deutschland insgesamt;DG;Deutschland;ANLAT8;Anlagenart;ANLAGEN-12;Tankstellen;STFAT3;Maßgebende Stoffart;STOFF-FLUES;Flüssige Stoffe in m3;FASSV1;Fassungsvermögen;FV100UM;über 100;4303;Anzahl;ANL016;Geprüfte Anlagen z. Umgang mit wassergef. Stoffen
32331;Erh. der Anlagen zum Umgang mit wassergef. Stoffen;JAHR;Jahr;2018;DINSG;Deutschland insgesamt;DG;Deutschland;ANLAT8;Anlagenart;ANLAGEN-14;Biogasanlagen;STFAT3;Maßgebende Stoffart;STOFF-FLUES;Flüssige Stoffe in m3;FASSV1;Fassungsvermögen;FV100UM;über 100;684;Anzahl;ANL016;Geprüfte Anlagen z. Umgang mit wassergef. Stoffen
32331;Erh. der Anlagen zum Umgang mit wassergef. Stoffen;JAHR;Jahr;2023;DINSG;Deutschland insgesamt;DG;Deutschland;ANLAT8;Anlagenart;ANLAGEN-13;Rohrleitungsanlagen;STFAT3;Maßgebende Stoffart;STOFF-FEST;Feste Stoffe in t;FASSV1;Fassungsvermögen;FV050B100;über 50 bis 100;-;Anzahl;ANL016;Geprüfte Anlagen z. Umgang mit wassergef. Stoffen
32331;Erh. der Anlagen zum Umgang mit wassergef. Stoffen;JAHR;Jahr;2019;DINSG;Deutschland insgesamt;DG;Deutschland;ANLAT8;Anlagenart;ANLAGEN-14;Biogasanlagen;STFAT3;Maßgebende Stoffart;STOFF-FLUES;Flüssige Stoffe in m3;FASSV1;Fassungsvermögen;FV100UM;über 100;925;Anzahl;ANL016;Geprüfte Anlagen z. Umgang mit wassergef. Stoffen
32331;Erh. der Anlagen zum Umgang mit wassergef. Stoffen;JAHR;Jahr;2022;DINSG;Deutschland insgesamt;DG;Deutschland;ANLAT8;Anlagenart;ANLAGEN-09;Abfüllanlagen (ohne Tankstellen);STFAT3;Maßgebende Stoffart;STOFF-GAS;Gasförmige Stoffe in t;FASSV1;Fassungsvermögen;FV010B050;über 10 bis 50;-;Anzahl;ANL016;Geprüfte Anlagen z. Umgang mit wassergef. Stoffen
32331;Erh. der Anlagen zum Umgang mit wassergef. Stoffen;JAHR;Jahr;2021;DINSG;Deutschland insgesamt;DG;Deutschland;ANLAT8;Anlagenart;ANLAGEN-09;Abfüllanlagen (ohne Tankstellen);STFAT3;Maßgebende Stoffart;STOFF-GAS;Gasförmige Stoffe in t;FASSV1;Fassungsvermögen;FV010B050;über 10 bis 50;-;Anzahl;ANL016;Geprüfte Anlagen z. Umgang mit wassergef. Stoffen
32331;Erh. der Anlagen zum Umgang mit wassergef. Stoffen;JAHR;Jahr;2019;DINSG;Deutschland insgesamt;DG;Deutschland;ANLAT8;Anlagenart;ANLAGEN-05;Umschlaganlagen;STFAT3;Maßgebende Stoffart;STOFF-GAS;Gasförmige Stoffe in t;FASSV1;Fassungsvermögen;FV050B100;über 50 bis 100;-;Anzahl;ANL016;Geprüfte Anlagen z. Umgang mit wassergef. Stoffen
32331;Erh. der Anlagen zum Umgang mit wassergef. Stoffen;JAHR;Jahr;2021;DINSG;Deutschland insgesamt;DG;Deutschland;ANLAT8;Anlagenart;ANLAGEN-05;Umschlaganlagen;STFAT3;Maßgebende Stoffart;STOFF-FEST;Feste Stoffe in t;FASSV1;Fassungsvermögen;FV010B050;über 10 bis 50;-;Anzahl;ANL016;Geprüfte Anlagen z. Umgang mit wassergef. Stoffen
32331;Erh. der Anlagen zum Umgang mit wassergef. Stoffen;JAHR;Jahr;2021;DINSG;Deutschland insgesamt;DG;Deutschland;ANLAT8;Anlagenart;;Insgesamt;STFAT3;Maßgebende Stoffart;STOFF-FEST;Feste Stoffe in t;FASSV1;Fassungsvermögen;FV000B010;bis 10;15;Anzahl;ANL016;Geprüfte Anlagen z. Umgang mit wassergef. Stoffen
32331;Erh. der Anlagen zum Umgang mit wassergef. Stoffen;JAHR;Jahr;2018;DINSG;Deutschland insgesamt;DG;Deutschland;ANLAT8;Anlagenart;ANLAGEN-09;Abfüllanlagen (ohne Tankstellen);STFAT3;Maßgebende Stoffart;STOFF-GAS;Gasförmige Stoffe in t;FASSV1;Fassungsvermögen;FV050B100;über 50 bis 100;-;Anzahl;ANL016;Geprüfte Anlagen z. Umgang mit wassergef. Stoffen
32331;Erh. der Anlagen zum Umgang mit wassergef. Stoffen;JAHR;Jahr;2021;DINSG;Deutschland insgesamt;DG;Deutschland;ANLAT8;Anlagenart;ANLAGEN-08;Lageranlagen (ohne Tankstellen u.Heizölverbr.anl.);STFAT3;Maßgebende Stoffart;STOFF-FLUES;Flüssige Stoffe in m3;FASSV1;Fassungsvermögen;;Insgesamt;23262;Anzahl;ANL016;Geprüfte Anlagen z. Umgang mit wassergef. Stoffen
32331;Erh. der Anlagen zum Umgang mit wassergef. Stoffen;JAHR;Jahr;2022;DINSG;Deutschland insgesamt;DG;Deutschland;ANLAT8;Anlagenart;ANLAGEN-09;Abfüllanlagen (ohne Tankstellen);STFAT3;Maßgebende Stoffart;STOFF-GAS;Gasförmige Stoffe in t;FASSV1;Fassungsvermögen;FV050B100;über 50 bis 100;-;Anzahl;ANL016;Geprüfte Anlagen z. Umgang mit wassergef. Stoffen
32331;Erh. der Anlagen zum Umgang mit wassergef. Stoffen;JAHR;Jahr;2021;DINSG;Deutschland insgesamt;DG;Deutschland;ANLAT8;Anlagenart;ANLAGEN-05;Umschlaganlagen;STFAT3;Maßgebende Stoffart;STOFF-GAS;Gasförmige Stoffe in t;FASSV1;Fassungsvermögen;FV050B100;über 50 bis 100;-;Anzahl;ANL016;Geprüfte Anlagen z. Umgang mit wassergef. Stoffen
32331;Erh. der Anlagen zum Umgang mit wassergef. Stoffen;JAHR;Jahr;2021;DINSG;Deutschland insgesamt;DG;Deutschland;ANLAT8;Anlagenart;ANLAGEN-06;Herstellungs-, Behandlungs- und Verwendungsanlagen;STFAT3;Maßgebende Stoffart;STOFF-FLUES;Flüssige Stoffe in m3;FASSV1;Fassungsvermögen;FV000B010;bis 10;3375;Anzahl;ANL016;Geprüfte Anlagen z. Umgang mit wassergef. Stoffen
32331;Erh. der Anlagen zum Umgang mit wassergef. Stoffen;JAHR;Jahr;2021;DINSG;Deutschland insgesamt;DG;Deutschland;ANLAT8;Anlagenart;ANLAGEN-07;Heizölverbraucheranlagen;STFAT3;Maßgebende Stoffart;STOFF-FEST;Feste Stoffe in t;FASSV1;Fassungsvermögen;FV100UM;über 100;-;Anzahl;ANL016;Geprüfte Anlagen z. Umgang mit wassergef. Stoffen
32331;Erh. der Anlagen zum Umgang mit wassergef. Stoffen;JAHR;Jahr;2019;DINSG;Deutschland insgesamt;DG;Deutschland;ANLAT8;Anlagenart;ANLAGEN-15;JGS-Anlagen;STFAT3;Maßgebende Stoffart;STOFF-FLUES;Flüssige Stoffe in m3;FASSV1;Fassungsvermögen;FV010B050;über 10 bis 50;12;Anzahl;ANL016;Geprüfte Anlagen z. Umgang mit wassergef. Stoffen
32331;Erh. der Anlagen zum Umgang mit wassergef. Stoffen;JAHR;Jahr;2023;DINSG;Deutschland insgesamt;DG;Deutschland;ANLAT8;Anlagenart;ANLAGEN-05;Umschlaganlagen;STFAT3;Maßgebende Stoffart;STOFF-GAS;Gasförmige Stoffe in t;FASSV1;Fassungsvermögen;FV050B100;über 50 bis 100;-;Anzahl;ANL016;Geprüfte Anlagen z. Umgang mit wassergef. Stoffen
32331;Erh. der Anlagen zum Umgang mit wassergef. Stoffen;JAHR;Jahr;2021;DINSG;Deutschland insgesamt;DG;Deutschland;ANLAT8;Anlagenart;ANLAGEN-11;Umschlaganlagen des intermodalen Verkehrs;STFAT3;Maßgebende Stoffart;STOFF-FEST;Feste Stoffe in t;FASSV1;Fassungsvermögen;;Insgesamt;1;Anzahl;ANL016;Geprüfte Anlagen z. Umgang mit wassergef. Stoffen
32331;Erh. der Anlagen zum Umgang mit wassergef. Stoffen;JAHR;Jahr;2023;DINSG;Deutschland insgesamt;DG;Deutschland;ANLAT8;Anlagenart;ANLAGEN-15;JGS-Anlagen;STFAT3;Maßgebende Stoffart;STOFF-GAS;Gasförmige Stoffe in t;FASSV1;Fassungsvermögen;FV000B010;bis 10;-;Anzahl;ANL016;Geprüfte Anlagen z. Umgang mit wassergef. Stoffen
32331;Erh. der Anlagen zum Umgang mit wassergef. Stoffen;JAHR;Jahr;2022;DINSG;Deutschland insgesamt;DG;Deutschland;ANLAT8;Anlagenart;ANLAGEN-13;Rohrleitungsanlagen;STFAT3;Maßgebende Stoffart;STOFF-FLUES;Flüssige Stoffe in m3;FASSV1;Fassungsvermögen;FV050B100;über 50 bis 100;121;Anzahl;ANL016;Geprüfte Anlagen z. Umgang mit wassergef. Stoffen
32331;Erh. der Anlagen zum Umgang mit wassergef. Stoffen;JAHR;Jahr;2019;DINSG;Deutschland insgesamt;DG;Deutschland;ANLAT8;Anlagenart;ANLAGEN-09;Abfüllanlagen (ohne Tankstellen);STFAT3;Maßgebende Stoffart;STOFF-FLUES;Flüssige Stoffe in m3;FASSV1;Fassungsvermögen;FV050B100;über 50 bis 100;565;Anzahl;ANL016;Geprüfte Anlagen z. Umgang mit wassergef. Stoffen
32331;Erh. der Anlagen zum Umgang mit wassergef. Stoffen;JAHR;Jahr;2022;DINSG;Deutschland insgesamt;DG;Deutschland;ANLAT8;Anlagenart;ANLAGEN-15;JGS-Anlagen;STFAT3;Maßgebende Stoffart;STOFF-FLUES;Flüssige Stoffe in m3;FASSV1;Fassungsvermögen;FV100UM;über 100;1031;Anzahl;ANL016;Geprüfte Anlagen z. Umgang mit wassergef. Stoffen
32331;Erh. der Anlagen zum Umgang mit wassergef. Stoffen;JAHR;Jahr;2021;DINSG;Deutschland insgesamt;DG;Deutschland;ANLAT8;Anlagenart;ANLAGEN-15;JGS-Anlagen;STFAT3;Maßgebende Stoffart;STOFF-GAS;Gasförmige Stoffe in t;FASSV1;Fassungsvermögen;FV100UM;über 100;-;Anzahl;ANL016;Geprüfte Anlagen z. Umgang mit wassergef. Stoffen
32331;Erh. der Anlagen zum Umgang mit wassergef. Stoffen;JAHR;Jahr;2020;DINSG;Deutschland insgesamt;DG;Deutschland;ANLAT8;Anlagenart;ANLAGEN-10;Umschlaganlagen ohne intermodalen Verkehr;STFAT3;Maßgebende Stoffart;STOFF-FEST;Feste Stoffe in t;FASSV1;Fassungsvermögen;FV000B010;bis 10;3;Anzahl;ANL016;Geprüfte Anlagen z. Umgang mit wassergef. Stoffen
32331;Erh. der Anlagen zum Umgang mit wassergef. Stoffen;JAHR;Jahr;2023;DINSG;Deutschland insgesamt;DG;Deutschland;ANLAT8;Anlagenart;ANLAGEN-11;Umschlaganlagen des intermodalen Verkehrs;STFAT3;Maßgebende Stoffart;STOFF-FLUES;Flüssige Stoffe in m3;FASSV1;Fassungsvermögen;FV100UM;über 100;7;Anzahl;ANL016;Geprüfte Anlagen z. Umgang mit wassergef. Stoffen
32331;Erh. der Anlagen zum Umgang mit wassergef. Stoffen;JAHR;Jahr;2021;DINSG;Deutschland insgesamt;DG;Deutschland;ANLAT8;Anlagenart;ANLAGEN-10;Umschlaganlagen ohne intermodalen Verkehr;STFAT3;Maßgebende Stoffart;STOFF-FLUES;Flüssige Stoffe in m3;FASSV1;Fassungsvermögen;FV050B100;über 50 bis 100;191;Anzahl;ANL016;Geprüfte Anlagen z. Umgang mit wassergef. Stoffen
32331;Erh. der Anlagen zum Umgang mit wassergef. Stoffen;JAHR;Jahr;2018;DINSG;Deutschland insgesamt;DG;Deutschland;ANLAT8;Anlagenart;ANLAGEN-06;Herstellungs-, Behandlungs- und Verwendungsanlagen;STFAT3;Maßgebende Stoffart;STOFF-FLUES;Flüssige Stoffe in m3;FASSV1;Fassungsvermögen;FV050B100;über 50 bis 100;476;Anzahl;ANL016;Geprüfte Anlagen z. Umgang mit wassergef. Stoffen
32331;Erh. der Anlagen zum Umgang mit wassergef. Stoffen;JAHR;Jahr;2021;DINSG;Deutschland insgesamt;DG;Deutschland;ANLAT8;Anlagenart;ANLAGEN-05;Umschlaganlagen;STFAT3;Maßgebende Stoffart;STOFF-FEST;Feste Stoffe in t;FASSV1;Fassungsvermögen;;Insgesamt;-;Anzahl;ANL016;Geprüfte Anlagen z. Umgang mit wassergef. Stoffen
32331;Erh. der Anlagen zum Umgang mit wassergef. Stoffen;JAHR;Jahr;2020;DINSG;Deutschland insgesamt;DG;Deutschland;ANLAT8;Anlagenart;ANLAGEN-08;Lageranlagen (ohne Tankstellen u.Heizölverbr.anl.);STFAT3;Maßgebende Stoffart;STOFF-GAS;Gasförmige Stoffe in t;FASSV1;Fassungsvermögen;FV010B050;über 10 bis 50;7;Anzahl;ANL016;Geprüfte Anlagen z. Umgang mit wassergef. Stoffen
32331;Erh. der Anlagen zum Umgang mit wassergef. Stoffen;JAHR;Jahr;2023;DINSG;Deutschland insgesamt;DG;Deutschland;ANLAT8;Anlagenart;ANLAGEN-14;Biogasanlagen;STFAT3;Maßgebende Stoffart;STOFF-FEST;Feste Stoffe in t;FASSV1;Fassungsvermögen;FV000B010;bis 10;-;Anzahl;ANL016;Geprüfte Anlagen z. Umgang mit wassergef. Stoffen
32331;Erh. der Anlagen zum Umgang mit wassergef. Stoffen;JAHR;Jahr;2020;DINSG;Deutschland insgesamt;DG;Deutschland;ANLAT8;Anlagenart;ANLAGEN-11;Umschlaganlagen des intermodalen Verkehrs;STFAT3;Maßgebende Stoffart;STOFF-FLUES;Flüssige Stoffe in m3;FASSV1;Fassungsvermögen;FV000B010;bis 10;3;Anzahl;ANL016;Geprüfte Anlagen z. Umgang mit wassergef. Stoffen
32331;Erh. der Anlagen zum Umgang mit wassergef. Stoffen;JAHR;Jahr;2023;DINSG;Deutschland insgesamt;DG;Deutschland;ANLAT8;Anlagenart;ANLAGEN-11;Umschlaganlagen des intermodalen Verkehrs;STFAT3;Maßgebende Stoffart;STOFF-FEST;Feste Stoffe in t;FASSV1;Fassungsvermögen;FV010B050;über 10 bis 50;-;Anzahl;ANL016;Geprüfte Anlagen z. Umgang mit wassergef. Stoffen
32331;Erh. der Anlagen zum Umgang mit wassergef. Stoffen;JAHR;Jahr;2019;DINSG;Deutschland insgesamt;DG;Deutschland;ANLAT8;Anlagenart;ANLAGEN-14;Biogasanlagen;STFAT3;Maßgebende Stoffart;STOFF-FEST;Feste Stoffe in t;FASSV1;Fassungsvermögen;FV000B010;bis 10;-;Anzahl;ANL016;Geprüfte Anlagen z. Umgang mit wassergef. Stoffen
32331;Erh. der Anlagen zum Umgang mit wassergef. Stoffen;JAHR;Jahr;2021;DINSG;Deutschland insgesamt;DG;Deutschland;ANLAT8;Anlagenart;ANLAGEN-09;Abfüllanlagen (ohne Tankstellen);STFAT3;Maßgebende Stoffart;STOFF-FLUES;Flüssige Stoffe in m3;FASSV1;Fassungsvermögen;;Insgesamt;3469;Anzahl;ANL016;Geprüfte Anlagen z. Umgang mit wassergef. Stoffen
32331;Erh. der Anlagen zum Umgang mit wassergef. Stoffen;JAHR;Jahr;2023;DINSG;Deutschland insgesamt;DG;Deutschland;ANLAT8;Anlagenart;ANLAGEN-09;Abfüllanlagen (ohne Tankstellen);STFAT3;Maßgebende Stoffart;STOFF-FLUES;Flüssige Stoffe in m3;FASSV1;Fassungsvermögen;;Insgesamt;3051;Anzahl;ANL016;Geprüfte Anlagen z. Umgang mit wassergef. Stoffen
32331;Erh. der Anlagen zum Umgang mit wassergef. Stoffen;JAHR;Jahr;2018;DINSG;Deutschland insgesamt;DG;Deutschland;ANLAT8;Anlagenart;ANLAGEN-08;Lageranlagen (ohne Tankstellen u.Heizölverbr.anl.);STFAT3;Maßgebende Stoffart;STOFF-GAS;Gasförmige Stoffe in t;FASSV1;Fassungsvermögen;FV050B100;über 50 bis 100;6;Anzahl;ANL016;Geprüfte Anlagen z. Umgang mit wassergef. Stoffen
32331;Erh. der Anlagen zum Umgang mit wassergef. Stoffen;JAHR;Jahr;2022;DINSG;Deutschland insgesamt;DG;Deutschland;ANLAT8;Anlagenart;ANLAGEN-05;Umschlaganlagen;STFAT3;Maßgebende Stoffart;STOFF-FLUES;Flüssige Stoffe in m3;FASSV1;Fassungsvermögen;;Insgesamt;-;Anzahl;ANL016;Geprüfte Anlagen z. Umgang mit wassergef. Stoffen
32331;Erh. der Anlagen zum Umgang mit wassergef. Stoffen;JAHR;Jahr;2021;DINSG;Deutschland insgesamt;DG;Deutschland;ANLAT8;Anlagenart;ANLAGEN-09;Abfüllanlagen (ohne Tankstellen);STFAT3;Maßgebende Stoffart;STOFF-GAS;Gasförmige Stoffe in t;FASSV1;Fassungsvermögen;FV100UM;über 100;-;Anzahl;ANL016;Geprüfte Anlagen z. Umgang mit wassergef. Stoffen
32331;Erh. der Anlagen zum Umgang mit wassergef. Stoffen;JAHR;Jahr;2019;DINSG;Deutschland insgesamt;DG;Deutschland;ANLAT8;Anlagenart;ANLAGEN-12;Tankstellen;STFAT3;Maßgebende Stoffart;STOFF-FEST;Feste Stoffe in t;FASSV1;Fassungsvermögen;FV010B050;über 10 bis 50;-;Anzahl;ANL016;Geprüfte Anlagen z. Umgang mit wassergef. Stoffen
32331;Erh. der Anlagen zum Umgang mit wassergef. Stoffen;JAHR;Jahr;2021;DINSG;Deutschland insgesamt;DG;Deutschland;ANLAT8;Anlagenart;ANLAGEN-11;Umschlaganlagen des intermodalen Verkehrs;STFAT3;Maßgebende Stoffart;STOFF-FLUES;Flüssige Stoffe in m3;FASSV1;Fassungsvermögen;FV100UM;über 100;9;Anzahl;ANL016;Geprüfte Anlagen z. Umgang mit wassergef. Stoffen
32331;Erh. der Anlagen zum Umgang mit wassergef. Stoffen;JAHR;Jahr;2018;DINSG;Deutschland insgesamt;DG;Deutschland;ANLAT8;Anlagenart;ANLAGEN-10;Umschlaganlagen ohne intermodalen Verkehr;STFAT3;Maßgebende Stoffart;STOFF-FEST;Feste Stoffe in t;FASSV1;Fassungsvermögen;FV010B050;über 10 bis 50;-;Anzahl;ANL016;Geprüfte Anlagen z. Umgang mit wassergef. Stoffen
32331;Erh. der Anlagen zum Umgang mit wassergef. Stoffen;JAHR;Jahr;2022;DINSG;Deutschland insgesamt;DG;Deutschland;ANLAT8;Anlagenart;ANLAGEN-11;Umschlaganlagen des intermodalen Verkehrs;STFAT3;Maßgebende Stoffart;STOFF-FEST;Feste Stoffe in t;FASSV1;Fassungsvermögen;FV010B050;über 10 bis 50;-;Anzahl;ANL016;Geprüfte Anlagen z. Umgang mit wassergef. Stoffen
32331;Erh. der Anlagen zum Umgang mit wassergef. Stoffen;JAHR;Jahr;2021;DINSG;Deutschland insgesamt;DG;Deutschland;ANLAT8;Anlagenart;ANLAGEN-15;JGS-Anlagen;STFAT3;Maßgebende Stoffart;STOFF-GAS;Gasförmige Stoffe in t;FASSV1;Fassungsvermögen;FV000B010;bis 10;-;Anzahl;ANL016;Geprüfte Anlagen z. Umgang mit wassergef. Stoffen
32331;Erh. der Anlagen zum Umgang mit wassergef. Stoffen;JAHR;Jahr;2023;DINSG;Deutschland insgesamt;DG;Deutschland;ANLAT8;Anlagenart;ANLAGEN-06;Herstellungs-, Behandlungs- und Verwendungsanlagen;STFAT3;Maßgebende Stoffart;STOFF-GAS;Gasförmige Stoffe in t;FASSV1;Fassungsvermögen;FV050B100;über 50 bis 100;2;Anzahl;ANL016;Geprüfte Anlagen z. Umgang mit wassergef. Stoffen
32331;Erh. der Anlagen zum Umgang mit wassergef. Stoffen;JAHR;Jahr;2021;DINSG;Deutschland insgesamt;DG;Deutschland;ANLAT8;Anlagenart;ANLAGEN-09;Abfüllanlagen (ohne Tankstellen);STFAT3;Maßgebende Stoffart;STOFF-FEST;Feste Stoffe in t;FASSV1;Fassungsvermögen;FV050B100;über 50 bis 100;-;Anzahl;ANL016;Geprüfte Anlagen z. Umgang mit wassergef. Stoffen
32331;Erh. der Anlagen zum Umgang mit wassergef. Stoffen;JAHR;Jahr;2020;DINSG;Deutschland insgesamt;DG;Deutschland;ANLAT8;Anlagenart;ANLAGEN-05;Umschlaganlagen;STFAT3;Maßgebende Stoffart;STOFF-FLUES;Flüssige Stoffe in m3;FASSV1;Fassungsvermögen;;Insgesamt;-;Anzahl;ANL016;Geprüfte Anlagen z. Umgang mit wassergef. Stoffen
32331;Erh. der Anlagen zum Umgang mit wassergef. Stoffen;JAHR;Jahr;2019;DINSG;Deutschland insgesamt;DG;Deutschland;ANLAT8;Anlagenart;ANLAGEN-09;Abfüllanlagen (ohne Tankstellen);STFAT3;Maßgebende Stoffart;STOFF-GAS;Gasförmige Stoffe in t;FASSV1;Fassungsvermögen;FV010B050;über 10 bis 50;-;Anzahl;ANL016;Geprüfte Anlagen z. Umgang mit wassergef. Stoffen
32331;Erh. der Anlagen zum Umgang mit wassergef. Stoffen;JAHR;Jahr;2020;DINSG;Deutschland insgesamt;DG;Deutschland;ANLAT8;Anlagenart;ANLAGEN-06;Herstellungs-, Behandlungs- und Verwendungsanlagen;STFAT3;Maßgebende Stoffart;STOFF-GAS;Gasförmige Stoffe in t;FASSV1;Fassungsvermögen;;Insgesamt;27;Anzahl;ANL016;Geprüfte Anlagen z. Umgang mit wassergef. Stoffen
32331;Erh. der Anlagen zum Umgang mit wassergef. Stoffen;JAHR;Jahr;2022;DINSG;Deutschland insgesamt;DG;Deutschland;ANLAT8;Anlagenart;ANLAGEN-14;Biogasanlagen;STFAT3;Maßgebende Stoffart;STOFF-FLUES;Flüssige Stoffe in m3;FASSV1;Fassungsvermögen;FV100UM;über 100;1219;Anzahl;ANL016;Geprüfte Anlagen z. Umgang mit wassergef. Stoffen
32331;Erh. der Anlagen zum Umgang mit wassergef. Stoffen;JAHR;Jahr;2019;DINSG;Deutschland insgesamt;DG;Deutschland;ANLAT8;Anlagenart;;Insgesamt;STFAT3;Maßgebende Stoffart;STOFF-FEST;Feste Stoffe in t;FASSV1;Fassungsvermögen;;Insgesamt;236;Anzahl;ANL016;Geprüfte Anlagen z. Umgang mit wassergef. Stoffen
32331;Erh. der Anlagen zum Umgang mit wassergef. Stoffen;JAHR;Jahr;2021;DINSG;Deutschland insgesamt;DG;Deutschland;ANLAT8;Anlagenart;ANLAGEN-15;JGS-Anlagen;STFAT3;Maßgebende Stoffart;STOFF-FLUES;Flüssige Stoffe in m3;FASSV1;Fassungsvermögen;FV000B010;bis 10;17;Anzahl;ANL016;Geprüfte Anlagen z. Umgang mit wassergef. Stoffen
32331;Erh. der Anlagen zum Umgang mit wassergef. Stoffen;JAHR;Jahr;2018;DINSG;Deutschland insgesamt;DG;Deutschland;ANLAT8;Anlagenart;ANLAGEN-12;Tankstellen;STFAT3;Maßgebende Stoffart;STOFF-FEST;Feste Stoffe in t;FASSV1;Fassungsvermögen;FV000B010;bis 10;-;Anzahl;ANL016;Geprüfte Anlagen z. Umgang mit wassergef. Stoffen
32331;Erh. der Anlagen zum Umgang mit wassergef. Stoffen;JAHR;Jahr;2020;DINSG;Deutschland insgesamt;DG;Deutschland;ANLAT8;Anlagenart;ANLAGEN-09;Abfüllanlagen (ohne Tankstellen);STFAT3;Maßgebende Stoffart;STOFF-FEST;Feste Stoffe in t;FASSV1;Fassungsvermögen;FV050B100;über 50 bis 100;2;Anzahl;ANL016;Geprüfte Anlagen z. Umgang mit wassergef. Stoffen
32331;Erh. der Anlagen zum Umgang mit wassergef. Stoffen;JAHR;Jahr;2021;DINSG;Deutschland insgesamt;DG;Deutschland;ANLAT8;Anlagenart;;Insgesamt;STFAT3;Maßgebende Stoffart;STOFF-FLUES;Flüssige Stoffe in m3;FASSV1;Fassungsvermögen;;Insgesamt;232090;Anzahl;ANL016;Geprüfte Anlagen z. Umgang mit wassergef. Stoffen
32331;Erh. der Anlagen zum Umgang mit wassergef. Stoffen;JAHR;Jahr;2020;DINSG;Deutschland insgesamt;DG;Deutschland;ANLAT8;Anlagenart;ANLAGEN-10;Umschlaganlagen ohne intermodalen Verkehr;STFAT3;Maßgebende Stoffart;STOFF-FLUES;Flüssige Stoffe in m3;FASSV1;Fassungsvermögen;FV100UM;über 100;438;Anzahl;ANL016;Geprüfte Anlagen z. Umgang mit wassergef. Stoffen
32331;Erh. der Anlagen zum Umgang mit wassergef. Stoffen;JAHR;Jahr;2019;DINSG;Deutschland insgesamt;DG;Deutschland;ANLAT8;Anlagenart;ANLAGEN-08;Lageranlagen (ohne Tankstellen u.Heizölverbr.anl.);STFAT3;Maßgebende Stoffart;STOFF-FLUES;Flüssige Stoffe in m3;FASSV1;Fassungsvermögen;FV050B100;über 50 bis 100;2789;Anzahl;ANL016;Geprüfte Anlagen z. Umgang mit wassergef. Stoffen
32331;Erh. der Anlagen zum Umgang mit wassergef. Stoffen;JAHR;Jahr;2022;DINSG;Deutschland insgesamt;DG;Deutschland;ANLAT8;Anlagenart;ANLAGEN-15;JGS-Anlagen;STFAT3;Maßgebende Stoffart;STOFF-FEST;Feste Stoffe in t;FASSV1;Fassungsvermögen;;Insgesamt;101;Anzahl;ANL016;Geprüfte Anlagen z. Umgang mit wassergef. Stoffen
32331;Erh. der Anlagen zum Umgang mit wassergef. Stoffen;JAHR;Jahr;2020;DINSG;Deutschland insgesamt;DG;Deutschland;ANLAT8;Anlagenart;ANLAGEN-14;Biogasanlagen;STFAT3;Maßgebende Stoffart;STOFF-GAS;Gasförmige Stoffe in t;FASSV1;Fassungsvermögen;FV000B010;bis 10;-;Anzahl;ANL016;Geprüfte Anlagen z. Umgang mit wassergef. Stoffen
32331;Erh. der Anlagen zum Umgang mit wassergef. Stoffen;JAHR;Jahr;2020;DINSG;Deutschland insgesamt;DG;Deutschland;ANLAT8;Anlagenart;ANLAGEN-13;Rohrleitungsanlagen;STFAT3;Maßgebende Stoffart;STOFF-GAS;Gasförmige Stoffe in t;FASSV1;Fassungsvermögen;;Insgesamt;5;Anzahl;ANL016;Geprüfte Anlagen z. Umgang mit wassergef. Stoffen
32331;Erh. der Anlagen zum Umgang mit wassergef. Stoffen;JAHR;Jahr;2019;DINSG;Deutschland insgesamt;DG;Deutschland;ANLAT8;Anlagenart;ANLAGEN-10;Umschlaganlagen ohne intermodalen Verkehr;STFAT3;Maßgebende Stoffart;STOFF-GAS;Gasförmige Stoffe in t;FASSV1;Fassungsvermögen;FV010B050;über 10 bis 50;-;Anzahl;ANL016;Geprüfte Anlagen z. Umgang mit wassergef. Stoffen
32331;Erh. der Anlagen zum Umgang mit wassergef. Stoffen;JAHR;Jahr;2020;DINSG;Deutschland insgesamt;DG;Deutschland;ANLAT8;Anlagenart;ANLAGEN-14;Biogasanlagen;STFAT3;Maßgebende Stoffart;STOFF-FLUES;Flüssige Stoffe in m3;FASSV1;Fassungsvermögen;FV000B010;bis 10;4;Anzahl;ANL016;Geprüfte Anlagen z. Umgang mit wassergef. Stoffen
32331;Erh. der Anlagen zum Umgang mit wassergef. Stoffen;JAHR;Jahr;2019;DINSG;Deutschland insgesamt;DG;Deutschland;ANLAT8;Anlagenart;ANLAGEN-06;Herstellungs-, Behandlungs- und Verwendungsanlagen;STFAT3;Maßgebende Stoffart;STOFF-GAS;Gasförmige Stoffe in t;FASSV1;Fassungsvermögen;FV010B050;über 10 bis 50;4;Anzahl;ANL016;Geprüfte Anlagen z. Umgang mit wassergef. Stoffen
32331;Erh. der Anlagen zum Umgang mit wassergef. Stoffen;JAHR;Jahr;2022;DINSG;Deutschland insgesamt;DG;Deutschland;ANLAT8;Anlagenart;;Insgesamt;STFAT3;Maßgebende Stoffart;STOFF-FLUES;Flüssige Stoffe in m3;FASSV1;Fassungsvermögen;FV100UM;über 100;11993;Anzahl;ANL016;Geprüfte Anlagen z. Umgang mit wassergef. Stoffen
32331;Erh. der Anlagen zum Umgang mit wassergef. Stoffen;JAHR;Jahr;2018;DINSG;Deutschland insgesamt;DG;Deutschland;ANLAT8;Anlagenart;;Insgesamt;STFAT3;Maßgebende Stoffart;STOFF-FEST;Feste Stoffe in t;FASSV1;Fassungsvermögen;;Insgesamt;131;Anzahl;ANL016;Geprüfte Anlagen z. Umgang mit wassergef. Stoffen
32331;Erh. der Anlagen zum Umgang mit wassergef. Stoffen;JAHR;Jahr;2019;DINSG;Deutschland insgesamt;DG;Deutschland;ANLAT8;Anlagenart;ANLAGEN-07;Heizölverbraucheranlagen;STFAT3;Maßgebende Stoffart;STOFF-FEST;Feste Stoffe in t;FASSV1;Fassungsvermögen;FV050B100;über 50 bis 100;-;Anzahl;ANL016;Geprüfte Anlagen z. Umgang mit wassergef. Stoffen
32331;Erh. der Anlagen zum Umgang mit wassergef. Stoffen;JAHR;Jahr;2018;DINSG;Deutschland insgesamt;DG;Deutschland;ANLAT8;Anlagenart;ANLAGEN-13;Rohrleitungsanlagen;STFAT3;Maßgebende Stoffart;STOFF-FLUES;Flüssige Stoffe in m3;FASSV1;Fassungsvermögen;FV050B100;über 50 bis 100;163;Anzahl;ANL016;Geprüfte Anlagen z. Umgang mit wassergef. Stoffen
32331;Erh. der Anlagen zum Umgang mit wassergef. Stoffen;JAHR;Jahr;2022;DINSG;Deutschland insgesamt;DG;Deutschland;ANLAT8;Anlagenart;ANLAGEN-06;Herstellungs-, Behandlungs- und Verwendungsanlagen;STFAT3;Maßgebende Stoffart;STOFF-GAS;Gasförmige Stoffe in t;FASSV1;Fassungsvermögen;FV010B050;über 10 bis 50;9;Anzahl;ANL016;Geprüfte Anlagen z. Umgang mit wassergef. Stoffen
32331;Erh. der Anlagen zum Umgang mit wassergef. Stoffen;JAHR;Jahr;2022;DINSG;Deutschland insgesamt;DG;Deutschland;ANLAT8;Anlagenart;ANLAGEN-09;Abfüllanlagen (ohne Tankstellen);STFAT3;Maßgebende Stoffart;STOFF-FEST;Feste Stoffe in t;FASSV1;Fassungsvermögen;;Insgesamt;7;Anzahl;ANL016;Geprüfte Anlagen z. Umgang mit wassergef. Stoffen
32331;Erh. der Anlagen zum Umgang mit wassergef. Stoffen;JAHR;Jahr;2021;DINSG;Deutschland insgesamt;DG;Deutschland;ANLAT8;Anlagenart;ANLAGEN-11;Umschlaganlagen des intermodalen Verkehrs;STFAT3;Maßgebende Stoffart;STOFF-FLUES;Flüssige Stoffe in m3;FASSV1;Fassungsvermögen;FV050B100;über 50 bis 100;1;Anzahl;ANL016;Geprüfte Anlagen z. Umgang mit wassergef. Stoffen
32331;Erh. der Anlagen zum Umgang mit wassergef. Stoffen;JAHR;Jahr;2023;DINSG;Deutschland insgesamt;DG;Deutschland;ANLAT8;Anlagenart;ANLAGEN-06;Herstellungs-, Behandlungs- und Verwendungsanlagen;STFAT3;Maßgebende Stoffart;STOFF-FEST;Feste Stoffe in t;FASSV1;Fassungsvermögen;FV100UM;über 100;3;Anzahl;ANL016;Geprüfte Anlagen z. Umgang mit wassergef. Stoffen
32331;Erh. der Anlagen zum Umgang mit wassergef. Stoffen;JAHR;Jahr;2023;DINSG;Deutschland insgesamt;DG;Deutschland;ANLAT8;Anlagenart;ANLAGEN-06;Herstellungs-, Behandlungs- und Verwendungsanlagen;STFAT3;Maßgebende Stoffart;STOFF-GAS;Gasförmige Stoffe in t;FASSV1;Fassungsvermögen;FV010B050;über 10 bis 50;12;Anzahl;ANL016;Geprüfte Anlagen z. Umgang mit wassergef. Stoffen
32331;Erh. der Anlagen zum Umgang mit wassergef. Stoffen;JAHR;Jahr;2018;DINSG;Deutschland insgesamt;DG;Deutschland;ANLAT8;Anlagenart;ANLAGEN-15;JGS-Anlagen;STFAT3;Maßgebende Stoffart;STOFF-GAS;Gasförmige Stoffe in t;FASSV1;Fassungsvermögen;FV000B010;bis 10;-;Anzahl;ANL016;Geprüfte Anlagen z. Umgang mit wassergef. Stoffen
32331;Erh. der Anlagen zum Umgang mit wassergef. Stoffen;JAHR;Jahr;2021;DINSG;Deutschland insgesamt;DG;Deutschland;ANLAT8;Anlagenart;ANLAGEN-10;Umschlaganlagen ohne intermodalen Verkehr;STFAT3;Maßgebende Stoffart;STOFF-FEST;Feste Stoffe in t;FASSV1;Fassungsvermögen;;Insgesamt;9;Anzahl;ANL016;Geprüfte Anlagen z. Umgang mit wassergef. Stoffen
32331;Erh. der Anlagen zum Umgang mit wassergef. Stoffen;JAHR;Jahr;2019;DINSG;Deutschland insgesamt;DG;Deutschland;ANLAT8;Anlagenart;ANLAGEN-11;Umschlaganlagen des intermodalen Verkehrs;STFAT3;Maßgebende Stoffart;STOFF-FLUES;Flüssige Stoffe in m3;FASSV1;Fassungsvermögen;FV100UM;über 100;-;Anzahl;ANL016;Geprüfte Anlagen z. Umgang mit wassergef. Stoffen
32331;Erh. der Anlagen zum Umgang mit wassergef. Stoffen;JAHR;Jahr;2021;DINSG;Deutschland insgesamt;DG;Deutschland;ANLAT8;Anlagenart;ANLAGEN-05;Umschlaganlagen;STFAT3;Maßgebende Stoffart;STOFF-GAS;Gasförmige Stoffe in t;FASSV1;Fassungsvermögen;FV010B050;über 10 bis 50;-;Anzahl;ANL016;Geprüfte Anlagen z. Umgang mit wassergef. Stoffen
32331;Erh. der Anlagen zum Umgang mit wassergef. Stoffen;JAHR;Jahr;2018;DINSG;Deutschland insgesamt;DG;Deutschland;ANLAT8;Anlagenart;ANLAGEN-11;Umschlaganlagen des intermodalen Verkehrs;STFAT3;Maßgebende Stoffart;STOFF-FLUES;Flüssige Stoffe in m3;FASSV1;Fassungsvermögen;FV100UM;über 100;-;Anzahl;ANL016;Geprüfte Anlagen z. Umgang mit wassergef. Stoffen
32331;Erh. der Anlagen zum Umgang mit wassergef. Stoffen;JAHR;Jahr;2018;DINSG;Deutschland insgesamt;DG;Deutschland;ANLAT8;Anlagenart;ANLAGEN-10;Umschlaganlagen ohne intermodalen Verkehr;STFAT3;Maßgebende Stoffart;STOFF-FLUES;Flüssige Stoffe in m3;FASSV1;Fassungsvermögen;FV010B050;über 10 bis 50;-;Anzahl;ANL016;Geprüfte Anlagen z. Umgang mit wassergef. Stoffen
32331;Erh. der Anlagen zum Umgang mit wassergef. Stoffen;JAHR;Jahr;2020;DINSG;Deutschland insgesamt;DG;Deutschland;ANLAT8;Anlagenart;ANLAGEN-05;Umschlaganlagen;STFAT3;Maßgebende Stoffart;STOFF-GAS;Gasförmige Stoffe in t;FASSV1;Fassungsvermögen;FV010B050;über 10 bis 50;-;Anzahl;ANL016;Geprüfte Anlagen z. Umgang mit wassergef. Stoffen
32331;Erh. der Anlagen zum Umgang mit wassergef. Stoffen;JAHR;Jahr;2019;DINSG;Deutschland insgesamt;DG;Deutschland;ANLAT8;Anlagenart;ANLAGEN-15;JGS-Anlagen;STFAT3;Maßgebende Stoffart;STOFF-GAS;Gasförmige Stoffe in t;FASSV1;Fassungsvermögen;FV000B010;bis 10;-;Anzahl;ANL016;Geprüfte Anlagen z. Umgang mit wassergef. Stoffen
32331;Erh. der Anlagen zum Umgang mit wassergef. Stoffen;JAHR;Jahr;2021;DINSG;Deutschland insgesamt;DG;Deutschland;ANLAT8;Anlagenart;ANLAGEN-15;JGS-Anlagen;STFAT3;Maßgebende Stoffart;STOFF-FEST;Feste Stoffe in t;FASSV1;Fassungsvermögen;FV050B100;über 50 bis 100;3;Anzahl;ANL016;Geprüfte Anlagen z. Umgang mit wassergef. Stoffen
32331;Erh. der Anlagen zum Umgang mit wassergef. Stoffen;JAHR;Jahr;2023;DINSG;Deutschland insgesamt;DG;Deutschland;ANLAT8;Anlagenart;ANLAGEN-14;Biogasanlagen;STFAT3;Maßgebende Stoffart;STOFF-FEST;Feste Stoffe in t;FASSV1;Fassungsvermögen;FV100UM;über 100;14;Anzahl;ANL016;Geprüfte Anlagen z. Umgang mit wassergef. Stoffen
32331;Erh. der Anlagen zum Umgang mit wassergef. Stoffen;JAHR;Jahr;2023;DINSG;Deutschland insgesamt;DG;Deutschland;ANLAT8;Anlagenart;ANLAGEN-10;Umschlaganlagen ohne intermodalen Verkehr;STFAT3;Maßgebende Stoffart;STOFF-GAS;Gasförmige Stoffe in t;FASSV1;Fassungsvermögen;FV010B050;über 10 bis 50;-;Anzahl;ANL016;Geprüfte Anlagen z. Umgang mit wassergef. Stoffen
32331;Erh. der Anlagen zum Umgang mit wassergef. Stoffen;JAHR;Jahr;2019;DINSG;Deutschland insgesamt;DG;Deutschland;ANLAT8;Anlagenart;ANLAGEN-06;Herstellungs-, Behandlungs- und Verwendungsanlagen;STFAT3;Maßgebende Stoffart;STOFF-FLUES;Flüssige Stoffe in m3;FASSV1;Fassungsvermögen;FV010B050;über 10 bis 50;1521;Anzahl;ANL016;Geprüfte Anlagen z. Umgang mit wassergef. Stoffen
32331;Erh. der Anlagen zum Umgang mit wassergef. Stoffen;JAHR;Jahr;2018;DINSG;Deutschland insgesamt;DG;Deutschland;ANLAT8;Anlagenart;ANLAGEN-09;Abfüllanlagen (ohne Tankstellen);STFAT3;Maßgebende Stoffart;STOFF-FLUES;Flüssige Stoffe in m3;FASSV1;Fassungsvermögen;;Insgesamt;2961;Anzahl;ANL016;Geprüfte Anlagen z. Umgang mit wassergef. Stoffen
32331;Erh. der Anlagen zum Umgang mit wassergef. Stoffen;JAHR;Jahr;2018;DINSG;Deutschland insgesamt;DG;Deutschland;ANLAT8;Anlagenart;ANLAGEN-11;Umschlaganlagen des intermodalen Verkehrs;STFAT3;Maßgebende Stoffart;STOFF-FEST;Feste Stoffe in t;FASSV1;Fassungsvermögen;FV050B100;über 50 bis 100;-;Anzahl;ANL016;Geprüfte Anlagen z. Umgang mit wassergef. Stoffen
32331;Erh. der Anlagen zum Umgang mit wassergef. Stoffen;JAHR;Jahr;2019;DINSG;Deutschland insgesamt;DG;Deutschland;ANLAT8;Anlagenart;ANLAGEN-09;Abfüllanlagen (ohne Tankstellen);STFAT3;Maßgebende Stoffart;STOFF-FLUES;Flüssige Stoffe in m3;FASSV1;Fassungsvermögen;;Insgesamt;3614;Anzahl;ANL016;Geprüfte Anlagen z. Umgang mit wassergef. Stoffen
32331;Erh. der Anlagen zum Umgang mit wassergef. Stoffen;JAHR;Jahr;2019;DINSG;Deutschland insgesamt;DG;Deutschland;ANLAT8;Anlagenart;ANLAGEN-07;Heizölverbraucheranlagen;STFAT3;Maßgebende Stoffart;STOFF-FLUES;Flüssige Stoffe in m3;FASSV1;Fassungsvermögen;FV050B100;über 50 bis 100;2534;Anzahl;ANL016;Geprüfte Anlagen z. Umgang mit wassergef. Stoffen
32331;Erh. der Anlagen zum Umgang mit wassergef. Stoffen;JAHR;Jahr;2020;DINSG;Deutschland insgesamt;DG;Deutschland;ANLAT8;Anlagenart;ANLAGEN-08;Lageranlagen (ohne Tankstellen u.Heizölverbr.anl.);STFAT3;Maßgebende Stoffart;STOFF-FLUES;Flüssige Stoffe in m3;FASSV1;Fassungsvermögen;;Insgesamt;26830;Anzahl;ANL016;Geprüfte Anlagen z. Umgang mit wassergef. Stoffen
32331;Erh. der Anlagen zum Umgang mit wassergef. Stoffen;JAHR;Jahr;2020;DINSG;Deutschland insgesamt;DG;Deutschland;ANLAT8;Anlagenart;ANLAGEN-13;Rohrleitungsanlagen;STFAT3;Maßgebende Stoffart;STOFF-FLUES;Flüssige Stoffe in m3;FASSV1;Fassungsvermögen;FV000B010;bis 10;859;Anzahl;ANL016;Geprüfte Anlagen z. Umgang mit wassergef. Stoffen
32331;Erh. der Anlagen zum Umgang mit wassergef. Stoffen;JAHR;Jahr;2019;DINSG;Deutschland insgesamt;DG;Deutschland;ANLAT8;Anlagenart;;Insgesamt;STFAT3;Maßgebende Stoffart;STOFF-GAS;Gasförmige Stoffe in t;FASSV1;Fassungsvermögen;FV050B100;über 50 bis 100;4;Anzahl;ANL016;Geprüfte Anlagen z. Umgang mit wassergef. Stoffen
32331;Erh. der Anlagen zum Umgang mit wassergef. Stoffen;JAHR;Jahr;2019;DINSG;Deutschland insgesamt;DG;Deutschland;ANLAT8;Anlagenart;ANLAGEN-09;Abfüllanlagen (ohne Tankstellen);STFAT3;Maßgebende Stoffart;STOFF-GAS;Gasförmige Stoffe in t;FASSV1;Fassungsvermögen;FV050B100;über 50 bis 100;1;Anzahl;ANL016;Geprüfte Anlagen z. Umgang mit wassergef. Stoffen
32331;Erh. der Anlagen zum Umgang mit wassergef. Stoffen;JAHR;Jahr;2018;DINSG;Deutschland insgesamt;DG;Deutschland;ANLAT8;Anlagenart;ANLAGEN-14;Biogasanlagen;STFAT3;Maßgebende Stoffart;STOFF-FEST;Feste Stoffe in t;FASSV1;Fassungsvermögen;FV100UM;über 100;2;Anzahl;ANL016;Geprüfte Anlagen z. Umgang mit wassergef. Stoffen
32331;Erh. der Anlagen zum Umgang mit wassergef. Stoffen;JAHR;Jahr;2022;DINSG;Deutschland insgesamt;DG;Deutschland;ANLAT8;Anlagenart;ANLAGEN-05;Umschlaganlagen;STFAT3;Maßgebende Stoffart;STOFF-GAS;Gasförmige Stoffe in t;FASSV1;Fassungsvermögen;FV050B100;über 50 bis 100;-;Anzahl;ANL016;Geprüfte Anlagen z. Umgang mit wassergef. Stoffen
32331;Erh. der Anlagen zum Umgang mit wassergef. Stoffen;JAHR;Jahr;2023;DINSG;Deutschland insgesamt;DG;Deutschland;ANLAT8;Anlagenart;ANLAGEN-12;Tankstellen;STFAT3;Maßgebende Stoffart;STOFF-GAS;Gasförmige Stoffe in t;FASSV1;Fassungsvermögen;FV000B010;bis 10;-;Anzahl;ANL016;Geprüfte Anlagen z. Umgang mit wassergef. Stoffen
32331;Erh. der Anlagen zum Umgang mit wassergef. Stoffen;JAHR;Jahr;2018;DINSG;Deutschland insgesamt;DG;Deutschland;ANLAT8;Anlagenart;ANLAGEN-05;Umschlaganlagen;STFAT3;Maßgebende Stoffart;STOFF-GAS;Gasförmige Stoffe in t;FASSV1;Fassungsvermögen;FV050B100;über 50 bis 100;-;Anzahl;ANL016;Geprüfte Anlagen z. Umgang mit wassergef. Stoffen
32331;Erh. der Anlagen zum Umgang mit wassergef. Stoffen;JAHR;Jahr;2019;DINSG;Deutschland insgesamt;DG;Deutschland;ANLAT8;Anlagenart;ANLAGEN-06;Herstellungs-, Behandlungs- und Verwendungsanlagen;STFAT3;Maßgebende Stoffart;STOFF-FEST;Feste Stoffe in t;FASSV1;Fassungsvermögen;FV010B050;über 10 bis 50;-;Anzahl;ANL016;Geprüfte Anlagen z. Umgang mit wassergef. Stoffen
32331;Erh. der Anlagen zum Umgang mit wassergef. Stoffen;JAHR;Jahr;2018;DINSG;Deutschland insgesamt;DG;Deutschland;ANLAT8;Anlagenart;ANLAGEN-14;Biogasanlagen;STFAT3;Maßgebende Stoffart;STOFF-FLUES;Flüssige Stoffe in m3;FASSV1;Fassungsvermögen;FV050B100;über 50 bis 100;-;Anzahl;ANL016;Geprüfte Anlagen z. Umgang mit wassergef. Stoffen
32331;Erh. der Anlagen zum Umgang mit wassergef. Stoffen;JAHR;Jahr;2021;DINSG;Deutschland insgesamt;DG;Deutschland;ANLAT8;Anlagenart;ANLAGEN-05;Umschlaganlagen;STFAT3;Maßgebende Stoffart;STOFF-FEST;Feste Stoffe in t;FASSV1;Fassungsvermögen;FV050B100;über 50 bis 100;-;Anzahl;ANL016;Geprüfte Anlagen z. Umgang mit wassergef. Stoffen
32331;Erh. der Anlagen zum Umgang mit wassergef. Stoffen;JAHR;Jahr;2022;DINSG;Deutschland insgesamt;DG;Deutschland;ANLAT8;Anlagenart;ANLAGEN-15;JGS-Anlagen;STFAT3;Maßgebende Stoffart;STOFF-GAS;Gasförmige Stoffe in t;FASSV1;Fassungsvermögen;FV000B010;bis 10;-;Anzahl;ANL016;Geprüfte Anlagen z. Umgang mit wassergef. Stoffen
32331;Erh. der Anlagen zum Umgang mit wassergef. Stoffen;JAHR;Jahr;2018;DINSG;Deutschland insgesamt;DG;Deutschland;ANLAT8;Anlagenart;ANLAGEN-13;Rohrleitungsanlagen;STFAT3;Maßgebende Stoffart;STOFF-FEST;Feste Stoffe in t;FASSV1;Fassungsvermögen;FV100UM;über 100;-;Anzahl;ANL016;Geprüfte Anlagen z. Umgang mit wassergef. Stoffen
32331;Erh. der Anlagen zum Umgang mit wassergef. Stoffen;JAHR;Jahr;2018;DINSG;Deutschland insgesamt;DG;Deutschland;ANLAT8;Anlagenart;ANLAGEN-08;Lageranlagen (ohne Tankstellen u.Heizölverbr.anl.);STFAT3;Maßgebende Stoffart;STOFF-FLUES;Flüssige Stoffe in m3;FASSV1;Fassungsvermögen;FV000B010;bis 10;10262;Anzahl;ANL016;Geprüfte Anlagen z. Umgang mit wassergef. Stoffen
32331;Erh. der Anlagen zum Umgang mit wassergef. Stoffen;JAHR;Jahr;2022;DINSG;Deutschland insgesamt;DG;Deutschland;ANLAT8;Anlagenart;ANLAGEN-11;Umschlaganlagen des intermodalen Verkehrs;STFAT3;Maßgebende Stoffart;STOFF-FLUES;Flüssige Stoffe in m3;FASSV1;Fassungsvermögen;FV100UM;über 100;4;Anzahl;ANL016;Geprüfte Anlagen z. Umgang mit wassergef. Stoffen
32331;Erh. der Anlagen zum Umgang mit wassergef. Stoffen;JAHR;Jahr;2020;DINSG;Deutschland insgesamt;DG;Deutschland;ANLAT8;Anlagenart;ANLAGEN-12;Tankstellen;STFAT3;Maßgebende Stoffart;STOFF-GAS;Gasförmige Stoffe in t;FASSV1;Fassungsvermögen;FV010B050;über 10 bis 50;-;Anzahl;ANL016;Geprüfte Anlagen z. Umgang mit wassergef. Stoffen
32331;Erh. der Anlagen zum Umgang mit wassergef. Stoffen;JAHR;Jahr;2023;DINSG;Deutschland insgesamt;DG;Deutschland;ANLAT8;Anlagenart;ANLAGEN-15;JGS-Anlagen;STFAT3;Maßgebende Stoffart;STOFF-FLUES;Flüssige Stoffe in m3;FASSV1;Fassungsvermögen;FV100UM;über 100;884;Anzahl;ANL016;Geprüfte Anlagen z. Umgang mit wassergef. Stoffen
32331;Erh. der Anlagen zum Umgang mit wassergef. Stoffen;JAHR;Jahr;2019;DINSG;Deutschland insgesamt;DG;Deutschland;ANLAT8;Anlagenart;ANLAGEN-06;Herstellungs-, Behandlungs- und Verwendungsanlagen;STFAT3;Maßgebende Stoffart;STOFF-FEST;Feste Stoffe in t;FASSV1;Fassungsvermögen;;Insgesamt;21;Anzahl;ANL016;Geprüfte Anlagen z. Umgang mit wassergef. Stoffen
32331;Erh. der Anlagen zum Umgang mit wassergef. Stoffen;JAHR;Jahr;2020;DINSG;Deutschland insgesamt;DG;Deutschland;ANLAT8;Anlagenart;ANLAGEN-13;Rohrleitungsanlagen;STFAT3;Maßgebende Stoffart;STOFF-FEST;Feste Stoffe in t;FASSV1;Fassungsvermögen;FV010B050;über 10 bis 50;-;Anzahl;ANL016;Geprüfte Anlagen z. Umgang mit wassergef. Stoffen
32331;Erh. der Anlagen zum Umgang mit wassergef. Stoffen;JAHR;Jahr;2023;DINSG;Deutschland insgesamt;DG;Deutschland;ANLAT8;Anlagenart;ANLAGEN-08;Lageranlagen (ohne Tankstellen u.Heizölverbr.anl.);STFAT3;Maßgebende Stoffart;STOFF-FEST;Feste Stoffe in t;FASSV1;Fassungsvermögen;FV000B010;bis 10;6;Anzahl;ANL016;Geprüfte Anlagen z. Umgang mit wassergef. Stoffen
32331;Erh. der Anlagen zum Umgang mit wassergef. Stoffen;JAHR;Jahr;2019;DINSG;Deutschland insgesamt;DG;Deutschland;ANLAT8;Anlagenart;ANLAGEN-05;Umschlaganlagen;STFAT3;Maßgebende Stoffart;STOFF-FLUES;Flüssige Stoffe in m3;FASSV1;Fassungsvermögen;FV010B050;über 10 bis 50;244;Anzahl;ANL016;Geprüfte Anlagen z. Umgang mit wassergef. Stoffen
32331;Erh. der Anlagen zum Umgang mit wassergef. Stoffen;JAHR;Jahr;2021;DINSG;Deutschland insgesamt;DG;Deutschland;ANLAT8;Anlagenart;ANLAGEN-05;Umschlaganlagen;STFAT3;Maßgebende Stoffart;STOFF-FLUES;Flüssige Stoffe in m3;FASSV1;Fassungsvermögen;;Insgesamt;-;Anzahl;ANL016;Geprüfte Anlagen z. Umgang mit wassergef. Stoffen
32331;Erh. der Anlagen zum Umgang mit wassergef. Stoffen;JAHR;Jahr;2022;DINSG;Deutschland insgesamt;DG;Deutschland;ANLAT8;Anlagenart;ANLAGEN-09;Abfüllanlagen (ohne Tankstellen);STFAT3;Maßgebende Stoffart;STOFF-FLUES;Flüssige Stoffe in m3;FASSV1;Fassungsvermögen;;Insgesamt;3151;Anzahl;ANL016;Geprüfte Anlagen z. Umgang mit wassergef. Stoffen
32331;Erh. der Anlagen zum Umgang mit wassergef. Stoffen;JAHR;Jahr;2018;DINSG;Deutschland insgesamt;DG;Deutschland;ANLAT8;Anlagenart;;Insgesamt;STFAT3;Maßgebende Stoffart;STOFF-FEST;Feste Stoffe in t;FASSV1;Fassungsvermögen;FV010B050;über 10 bis 50;7;Anzahl;ANL016;Geprüfte Anlagen z. Umgang mit wassergef. Stoffen
32331;Erh. der Anlagen zum Umgang mit wassergef. Stoffen;JAHR;Jahr;2018;DINSG;Deutschland insgesamt;DG;Deutschland;ANLAT8;Anlagenart;;Insgesamt;STFAT3;Maßgebende Stoffart;STOFF-FLUES;Flüssige Stoffe in m3;FASSV1;Fassungsvermögen;FV050B100;über 50 bis 100;8842;Anzahl;ANL016;Geprüfte Anlagen z. Umgang mit wassergef. Stoffen
32331;Erh. der Anlagen zum Umgang mit wassergef. Stoffen;JAHR;Jahr;2018;DINSG;Deutschland insgesamt;DG;Deutschland;ANLAT8;Anlagenart;ANLAGEN-11;Umschlaganlagen des intermodalen Verkehrs;STFAT3;Maßgebende Stoffart;STOFF-FLUES;Flüssige Stoffe in m3;FASSV1;Fassungsvermögen;FV010B050;über 10 bis 50;-;Anzahl;ANL016;Geprüfte Anlagen z. Umgang mit wassergef. Stoffen
32331;Erh. der Anlagen zum Umgang mit wassergef. Stoffen;JAHR;Jahr;2019;DINSG;Deutschland insgesamt;DG;Deutschland;ANLAT8;Anlagenart;ANLAGEN-14;Biogasanlagen;STFAT3;Maßgebende Stoffart;STOFF-FLUES;Flüssige Stoffe in m3;FASSV1;Fassungsvermögen;FV010B050;über 10 bis 50;2;Anzahl;ANL016;Geprüfte Anlagen z. Umgang mit wassergef. Stoffen
32331;Erh. der Anlagen zum Umgang mit wassergef. Stoffen;JAHR;Jahr;2018;DINSG;Deutschland insgesamt;DG;Deutschland;ANLAT8;Anlagenart;ANLAGEN-09;Abfüllanlagen (ohne Tankstellen);STFAT3;Maßgebende Stoffart;STOFF-GAS;Gasförmige Stoffe in t;FASSV1;Fassungsvermögen;FV010B050;über 10 bis 50;-;Anzahl;ANL016;Geprüfte Anlagen z. Umgang mit wassergef. Stoffen
32331;Erh. der Anlagen zum Umgang mit wassergef. Stoffen;JAHR;Jahr;2021;DINSG;Deutschland insgesamt;DG;Deutschland;ANLAT8;Anlagenart;ANLAGEN-11;Umschlaganlagen des intermodalen Verkehrs;STFAT3;Maßgebende Stoffart;STOFF-GAS;Gasförmige Stoffe in t;FASSV1;Fassungsvermögen;FV000B010;bis 10;-;Anzahl;ANL016;Geprüfte Anlagen z. Umgang mit wassergef. Stoffen
32331;Erh. der Anlagen zum Umgang mit wassergef. Stoffen;JAHR;Jahr;2023;DINSG;Deutschland insgesamt;DG;Deutschland;ANLAT8;Anlagenart;ANLAGEN-09;Abfüllanlagen (ohne Tankstellen);STFAT3;Maßgebende Stoffart;STOFF-GAS;Gasförmige Stoffe in t;FASSV1;Fassungsvermögen;FV050B100;über 50 bis 100;-;Anzahl;ANL016;Geprüfte Anlagen z. Umgang mit wassergef. Stoffen
32331;Erh. der Anlagen zum Umgang mit wassergef. Stoffen;JAHR;Jahr;2021;DINSG;Deutschland insgesamt;DG;Deutschland;ANLAT8;Anlagenart;ANLAGEN-14;Biogasanlagen;STFAT3;Maßgebende Stoffart;STOFF-FLUES;Flüssige Stoffe in m3;FASSV1;Fassungsvermögen;FV100UM;über 100;1185;Anzahl;ANL016;Geprüfte Anlagen z. Umgang mit wassergef. Stoffen
32331;Erh. der Anlagen zum Umgang mit wassergef. Stoffen;JAHR;Jahr;2023;DINSG;Deutschland insgesamt;DG;Deutschland;ANLAT8;Anlagenart;;Insgesamt;STFAT3;Maßgebende Stoffart;STOFF-FLUES;Flüssige Stoffe in m3;FASSV1;Fassungsvermögen;;Insgesamt;226228;Anzahl;ANL016;Geprüfte Anlagen z. Umgang mit wassergef. Stoffen
32331;Erh. der Anlagen zum Umgang mit wassergef. Stoffen;JAHR;Jahr;2021;DINSG;Deutschland insgesamt;DG;Deutschland;ANLAT8;Anlagenart;;Insgesamt;STFAT3;Maßgebende Stoffart;STOFF-GAS;Gasförmige Stoffe in t;FASSV1;Fassungsvermögen;FV050B100;über 50 bis 100;11;Anzahl;ANL016;Geprüfte Anlagen z. Umgang mit wassergef. Stoffen
32331;Erh. der Anlagen zum Umgang mit wassergef. Stoffen;JAHR;Jahr;2019;DINSG;Deutschland insgesamt;DG;Deutschland;ANLAT8;Anlagenart;ANLAGEN-08;Lageranlagen (ohne Tankstellen u.Heizölverbr.anl.);STFAT3;Maßgebende Stoffart;STOFF-FEST;Feste Stoffe in t;FASSV1;Fassungsvermögen;FV000B010;bis 10;7;Anzahl;ANL016;Geprüfte Anlagen z. Umgang mit wassergef. Stoffen
32331;Erh. der Anlagen zum Umgang mit wassergef. Stoffen;JAHR;Jahr;2020;DINSG;Deutschland insgesamt;DG;Deutschland;ANLAT8;Anlagenart;ANLAGEN-10;Umschlaganlagen ohne intermodalen Verkehr;STFAT3;Maßgebende Stoffart;STOFF-FEST;Feste Stoffe in t;FASSV1;Fassungsvermögen;FV100UM;über 100;2;Anzahl;ANL016;Geprüfte Anlagen z. Umgang mit wassergef. Stoffen
32331;Erh. der Anlagen zum Umgang mit wassergef. Stoffen;JAHR;Jahr;2019;DINSG;Deutschland insgesamt;DG;Deutschland;ANLAT8;Anlagenart;ANLAGEN-07;Heizölverbraucheranlagen;STFAT3;Maßgebende Stoffart;STOFF-GAS;Gasförmige Stoffe in t;FASSV1;Fassungsvermögen;FV100UM;über 100;-;Anzahl;ANL016;Geprüfte Anlagen z. Umgang mit wassergef. Stoffen
32331;Erh. der Anlagen zum Umgang mit wassergef. Stoffen;JAHR;Jahr;2021;DINSG;Deutschland insgesamt;DG;Deutschland;ANLAT8;Anlagenart;ANLAGEN-07;Heizölverbraucheranlagen;STFAT3;Maßgebende Stoffart;STOFF-FLUES;Flüssige Stoffe in m3;FASSV1;Fassungsvermögen;FV050B100;über 50 bis 100;2195;Anzahl;ANL016;Geprüfte Anlagen z. Umgang mit wassergef. Stoffen
32331;Erh. der Anlagen zum Umgang mit wassergef. Stoffen;JAHR;Jahr;2021;DINSG;Deutschland insgesamt;DG;Deutschland;ANLAT8;Anlagenart;ANLAGEN-07;Heizölverbraucheranlagen;STFAT3;Maßgebende Stoffart;STOFF-FLUES;Flüssige Stoffe in m3;FASSV1;Fassungsvermögen;FV000B010;bis 10;128657;Anzahl;ANL016;Geprüfte Anlagen z. Umgang mit wassergef. Stoffen
32331;Erh. der Anlagen zum Umgang mit wassergef. Stoffen;JAHR;Jahr;2019;DINSG;Deutschland insgesamt;DG;Deutschland;ANLAT8;Anlagenart;ANLAGEN-10;Umschlaganlagen ohne intermodalen Verkehr;STFAT3;Maßgebende Stoffart;STOFF-GAS;Gasförmige Stoffe in t;FASSV1;Fassungsvermögen;FV100UM;über 100;-;Anzahl;ANL016;Geprüfte Anlagen z. Umgang mit wassergef. Stoffen
32331;Erh. der Anlagen zum Umgang mit wassergef. Stoffen;JAHR;Jahr;2023;DINSG;Deutschland insgesamt;DG;Deutschland;ANLAT8;Anlagenart;ANLAGEN-13;Rohrleitungsanlagen;STFAT3;Maßgebende Stoffart;STOFF-GAS;Gasförmige Stoffe in t;FASSV1;Fassungsvermögen;FV010B050;über 10 bis 50;1;Anzahl;ANL016;Geprüfte Anlagen z. Umgang mit wassergef. Stoffen
32331;Erh. der Anlagen zum Umgang mit wassergef. Stoffen;JAHR;Jahr;2021;DINSG;Deutschland insgesamt;DG;Deutschland;ANLAT8;Anlagenart;;Insgesamt;STFAT3;Maßgebende Stoffart;STOFF-FLUES;Flüssige Stoffe in m3;FASSV1;Fassungsvermögen;FV100UM;über 100;11623;Anzahl;ANL016;Geprüfte Anlagen z. Umgang mit wassergef. Stoffen
32331;Erh. der Anlagen zum Umgang mit wassergef. Stoffen;JAHR;Jahr;2020;DINSG;Deutschland insgesamt;DG;Deutschland;ANLAT8;Anlagenart;ANLAGEN-14;Biogasanlagen;STFAT3;Maßgebende Stoffart;STOFF-GAS;Gasförmige Stoffe in t;FASSV1;Fassungsvermögen;FV010B050;über 10 bis 50;-;Anzahl;ANL016;Geprüfte Anlagen z. Umgang mit wassergef. Stoffen
32331;Erh. der Anlagen zum Umgang mit wassergef. Stoffen;JAHR;Jahr;2023;DINSG;Deutschland insgesamt;DG;Deutschland;ANLAT8;Anlagenart;;Insgesamt;STFAT3;Maßgebende Stoffart;STOFF-FLUES;Flüssige Stoffe in m3;FASSV1;Fassungsvermögen;FV010B050;über 10 bis 50;64194;Anzahl;ANL016;Geprüfte Anlagen z. Umgang mit wassergef. Stoffen
32331;Erh. der Anlagen zum Umgang mit wassergef. Stoffen;JAHR;Jahr;2021;DINSG;Deutschland insgesamt;DG;Deutschland;ANLAT8;Anlagenart;ANLAGEN-09;Abfüllanlagen (ohne Tankstellen);STFAT3;Maßgebende Stoffart;STOFF-FEST;Feste Stoffe in t;FASSV1;Fassungsvermögen;FV100UM;über 100;7;Anzahl;ANL016;Geprüfte Anlagen z. Umgang mit wassergef. Stoffen
32331;Erh. der Anlagen zum Umgang mit wassergef. Stoffen;JAHR;Jahr;2022;DINSG;Deutschland insgesamt;DG;Deutschland;ANLAT8;Anlagenart;ANLAGEN-15;JGS-Anlagen;STFAT3;Maßgebende Stoffart;STOFF-FEST;Feste Stoffe in t;FASSV1;Fassungsvermögen;FV100UM;über 100;92;Anzahl;ANL016;Geprüfte Anlagen z. Umgang mit wassergef. Stoffen
32331;Erh. der Anlagen zum Umgang mit wassergef. Stoffen;JAHR;Jahr;2020;DINSG;Deutschland insgesamt;DG;Deutschland;ANLAT8;Anlagenart;ANLAGEN-08;Lageranlagen (ohne Tankstellen u.Heizölverbr.anl.);STFAT3;Maßgebende Stoffart;STOFF-FEST;Feste Stoffe in t;FASSV1;Fassungsvermögen;;Insgesamt;175;Anzahl;ANL016;Geprüfte Anlagen z. Umgang mit wassergef. Stoffen
32331;Erh. der Anlagen zum Umgang mit wassergef. Stoffen;JAHR;Jahr;2023;DINSG;Deutschland insgesamt;DG;Deutschland;ANLAT8;Anlagenart;ANLAGEN-14;Biogasanlagen;STFAT3;Maßgebende Stoffart;STOFF-GAS;Gasförmige Stoffe in t;FASSV1;Fassungsvermögen;FV010B050;über 10 bis 50;-;Anzahl;ANL016;Geprüfte Anlagen z. Umgang mit wassergef. Stoffen
32331;Erh. der Anlagen zum Umgang mit wassergef. Stoffen;JAHR;Jahr;2021;DINSG;Deutschland insgesamt;DG;Deutschland;ANLAT8;Anlagenart;ANLAGEN-12;Tankstellen;STFAT3;Maßgebende Stoffart;STOFF-FLUES;Flüssige Stoffe in m3;FASSV1;Fassungsvermögen;FV000B010;bis 10;3222;Anzahl;ANL016;Geprüfte Anlagen z. Umgang mit wassergef. Stoffen
32331;Erh. der Anlagen zum Umgang mit wassergef. Stoffen;JAHR;Jahr;2019;DINSG;Deutschland insgesamt;DG;Deutschland;ANLAT8;Anlagenart;;Insgesamt;STFAT3;Maßgebende Stoffart;STOFF-FEST;Feste Stoffe in t;FASSV1;Fassungsvermögen;FV010B050;über 10 bis 50;14;Anzahl;ANL016;Geprüfte Anlagen z. Umgang mit wassergef. Stoffen
32331;Erh. der Anlagen zum Umgang mit wassergef. Stoffen;JAHR;Jahr;2023;DINSG;Deutschland insgesamt;DG;Deutschland;ANLAT8;Anlagenart;ANLAGEN-09;Abfüllanlagen (ohne Tankstellen);STFAT3;Maßgebende Stoffart;STOFF-GAS;Gasförmige Stoffe in t;FASSV1;Fassungsvermögen;;Insgesamt;5;Anzahl;ANL016;Geprüfte Anlagen z. Umgang mit wassergef. Stoffen
32331;Erh. der Anlagen zum Umgang mit wassergef. Stoffen;JAHR;Jahr;2021;DINSG;Deutschland insgesamt;DG;Deutschland;ANLAT8;Anlagenart;ANLAGEN-14;Biogasanlagen;STFAT3;Maßgebende Stoffart;STOFF-GAS;Gasförmige Stoffe in t;FASSV1;Fassungsvermögen;FV010B050;über 10 bis 50;-;Anzahl;ANL016;Geprüfte Anlagen z. Umgang mit wassergef. Stoffen
32331;Erh. der Anlagen zum Umgang mit wassergef. Stoffen;JAHR;Jahr;2018;DINSG;Deutschland insgesamt;DG;Deutschland;ANLAT8;Anlagenart;ANLAGEN-13;Rohrleitungsanlagen;STFAT3;Maßgebende Stoffart;STOFF-GAS;Gasförmige Stoffe in t;FASSV1;Fassungsvermögen;FV010B050;über 10 bis 50;13;Anzahl;ANL016;Geprüfte Anlagen z. Umgang mit wassergef. Stoffen
32331;Erh. der Anlagen zum Umgang mit wassergef. Stoffen;JAHR;Jahr;2022;DINSG;Deutschland insgesamt;DG;Deutschland;ANLAT8;Anlagenart;ANLAGEN-14;Biogasanlagen;STFAT3;Maßgebende Stoffart;STOFF-GAS;Gasförmige Stoffe in t;FASSV1;Fassungsvermögen;FV010B050;über 10 bis 50;-;Anzahl;ANL016;Geprüfte Anlagen z. Umgang mit wassergef. Stoffen
32331;Erh. der Anlagen zum Umgang mit wassergef. Stoffen;JAHR;Jahr;2019;DINSG;Deutschland insgesamt;DG;Deutschland;ANLAT8;Anlagenart;ANLAGEN-05;Umschlaganlagen;STFAT3;Maßgebende Stoffart;STOFF-FLUES;Flüssige Stoffe in m3;FASSV1;Fassungsvermögen;FV050B100;über 50 bis 100;225;Anzahl;ANL016;Geprüfte Anlagen z. Umgang mit wassergef. Stoffen
32331;Erh. der Anlagen zum Umgang mit wassergef. Stoffen;JAHR;Jahr;2023;DINSG;Deutschland insgesamt;DG;Deutschland;ANLAT8;Anlagenart;ANLAGEN-15;JGS-Anlagen;STFAT3;Maßgebende Stoffart;STOFF-FEST;Feste Stoffe in t;FASSV1;Fassungsvermögen;FV010B050;über 10 bis 50;-;Anzahl;ANL016;Geprüfte Anlagen z. Umgang mit wassergef. Stoffen
32331;Erh. der Anlagen zum Umgang mit wassergef. Stoffen;JAHR;Jahr;2018;DINSG;Deutschland insgesamt;DG;Deutschland;ANLAT8;Anlagenart;ANLAGEN-06;Herstellungs-, Behandlungs- und Verwendungsanlagen;STFAT3;Maßgebende Stoffart;STOFF-GAS;Gasförmige Stoffe in t;FASSV1;Fassungsvermögen;FV100UM;über 100;-;Anzahl;ANL016;Geprüfte Anlagen z. Umgang mit wassergef. Stoffen
32331;Erh. der Anlagen zum Umgang mit wassergef. Stoffen;JAHR;Jahr;2022;DINSG;Deutschland insgesamt;DG;Deutschland;ANLAT8;Anlagenart;ANLAGEN-09;Abfüllanlagen (ohne Tankstellen);STFAT3;Maßgebende Stoffart;STOFF-FLUES;Flüssige Stoffe in m3;FASSV1;Fassungsvermögen;FV050B100;über 50 bis 100;429;Anzahl;ANL016;Geprüfte Anlagen z. Umgang mit wassergef. Stoffen
32331;Erh. der Anlagen zum Umgang mit wassergef. Stoffen;JAHR;Jahr;2018;DINSG;Deutschland insgesamt;DG;Deutschland;ANLAT8;Anlagenart;;Insgesamt;STFAT3;Maßgebende Stoffart;STOFF-FLUES;Flüssige Stoffe in m3;FASSV1;Fassungsvermögen;FV100UM;über 100;9136;Anzahl;ANL016;Geprüfte Anlagen z. Umgang mit wassergef. Stoffen
32331;Erh. der Anlagen zum Umgang mit wassergef. Stoffen;JAHR;Jahr;2023;DINSG;Deutschland insgesamt;DG;Deutschland;ANLAT8;Anlagenart;ANLAGEN-14;Biogasanlagen;STFAT3;Maßgebende Stoffart;STOFF-FEST;Feste Stoffe in t;FASSV1;Fassungsvermögen;FV010B050;über 10 bis 50;-;Anzahl;ANL016;Geprüfte Anlagen z. Umgang mit wassergef. Stoffen
32331;Erh. der Anlagen zum Umgang mit wassergef. Stoffen;JAHR;Jahr;2023;DINSG;Deutschland insgesamt;DG;Deutschland;ANLAT8;Anlagenart;ANLAGEN-11;Umschlaganlagen des intermodalen Verkehrs;STFAT3;Maßgebende Stoffart;STOFF-FEST;Feste Stoffe in t;FASSV1;Fassungsvermögen;FV100UM;über 100;2;Anzahl;ANL016;Geprüfte Anlagen z. Umgang mit wassergef. Stoffen
32331;Erh. der Anlagen zum Umgang mit wassergef. Stoffen;JAHR;Jahr;2023;DINSG;Deutschland insgesamt;DG;Deutschland;ANLAT8;Anlagenart;ANLAGEN-09;Abfüllanlagen (ohne Tankstellen);STFAT3;Maßgebende Stoffart;STOFF-FEST;Feste Stoffe in t;FASSV1;Fassungsvermögen;FV010B050;über 10 bis 50;1;Anzahl;ANL016;Geprüfte Anlagen z. Umgang mit wassergef. Stoffen
32331;Erh. der Anlagen zum Umgang mit wassergef. Stoffen;JAHR;Jahr;2018;DINSG;Deutschland insgesamt;DG;Deutschland;ANLAT8;Anlagenart;ANLAGEN-05;Umschlaganlagen;STFAT3;Maßgebende Stoffart;STOFF-FEST;Feste Stoffe in t;FASSV1;Fassungsvermögen;;Insgesamt;14;Anzahl;ANL016;Geprüfte Anlagen z. Umgang mit wassergef. Stoffen
32331;Erh. der Anlagen zum Umgang mit wassergef. Stoffen;JAHR;Jahr;2023;DINSG;Deutschland insgesamt;DG;Deutschland;ANLAT8;Anlagenart;;Insgesamt;STFAT3;Maßgebende Stoffart;STOFF-FEST;Feste Stoffe in t;FASSV1;Fassungsvermögen;FV010B050;über 10 bis 50;17;Anzahl;ANL016;Geprüfte Anlagen z. Umgang mit wassergef. Stoffen
32331;Erh. der Anlagen zum Umgang mit wassergef. Stoffen;JAHR;Jahr;2022;DINSG;Deutschland insgesamt;DG;Deutschland;ANLAT8;Anlagenart;ANLAGEN-09;Abfüllanlagen (ohne Tankstellen);STFAT3;Maßgebende Stoffart;STOFF-FLUES;Flüssige Stoffe in m3;FASSV1;Fassungsvermögen;FV000B010;bis 10;1080;Anzahl;ANL016;Geprüfte Anlagen z. Umgang mit wassergef. Stoffen
32331;Erh. der Anlagen zum Umgang mit wassergef. Stoffen;JAHR;Jahr;2023;DINSG;Deutschland insgesamt;DG;Deutschland;ANLAT8;Anlagenart;ANLAGEN-11;Umschlaganlagen des intermodalen Verkehrs;STFAT3;Maßgebende Stoffart;STOFF-GAS;Gasförmige Stoffe in t;FASSV1;Fassungsvermögen;FV010B050;über 10 bis 50;-;Anzahl;ANL016;Geprüfte Anlagen z. Umgang mit wassergef. Stoffen
32331;Erh. der Anlagen zum Umgang mit wassergef. Stoffen;JAHR;Jahr;2021;DINSG;Deutschland insgesamt;DG;Deutschland;ANLAT8;Anlagenart;ANLAGEN-14;Biogasanlagen;STFAT3;Maßgebende Stoffart;STOFF-FEST;Feste Stoffe in t;FASSV1;Fassungsvermögen;FV100UM;über 100;8;Anzahl;ANL016;Geprüfte Anlagen z. Umgang mit wassergef. Stoffen
32331;Erh. der Anlagen zum Umgang mit wassergef. Stoffen;JAHR;Jahr;2019;DINSG;Deutschland insgesamt;DG;Deutschland;ANLAT8;Anlagenart;ANLAGEN-15;JGS-Anlagen;STFAT3;Maßgebende Stoffart;STOFF-FLUES;Flüssige Stoffe in m3;FASSV1;Fassungsvermögen;FV000B010;bis 10;18;Anzahl;ANL016;Geprüfte Anlagen z. Umgang mit wassergef. Stoffen
32331;Erh. der Anlagen zum Umgang mit wassergef. Stoffen;JAHR;Jahr;2021;DINSG;Deutschland insgesamt;DG;Deutschland;ANLAT8;Anlagenart;ANLAGEN-15;JGS-Anlagen;STFAT3;Maßgebende Stoffart;STOFF-GAS;Gasförmige Stoffe in t;FASSV1;Fassungsvermögen;;Insgesamt;-;Anzahl;ANL016;Geprüfte Anlagen z. Umgang mit wassergef. Stoffen
32331;Erh. der Anlagen zum Umgang mit wassergef. Stoffen;JAHR;Jahr;2018;DINSG;Deutschland insgesamt;DG;Deutschland;ANLAT8;Anlagenart;ANLAGEN-09;Abfüllanlagen (ohne Tankstellen);STFAT3;Maßgebende Stoffart;STOFF-FLUES;Flüssige Stoffe in m3;FASSV1;Fassungsvermögen;FV100UM;über 100;485;Anzahl;ANL016;Geprüfte Anlagen z. Umgang mit wassergef. Stoffen
32331;Erh. der Anlagen zum Umgang mit wassergef. Stoffen;JAHR;Jahr;2019;DINSG;Deutschland insgesamt;DG;Deutschland;ANLAT8;Anlagenart;ANLAGEN-12;Tankstellen;STFAT3;Maßgebende Stoffart;STOFF-GAS;Gasförmige Stoffe in t;FASSV1;Fassungsvermögen;FV010B050;über 10 bis 50;-;Anzahl;ANL016;Geprüfte Anlagen z. Umgang mit wassergef. Stoffen
32331;Erh. der Anlagen zum Umgang mit wassergef. Stoffen;JAHR;Jahr;2021;DINSG;Deutschland insgesamt;DG;Deutschland;ANLAT8;Anlagenart;ANLAGEN-08;Lageranlagen (ohne Tankstellen u.Heizölverbr.anl.);STFAT3;Maßgebende Stoffart;STOFF-FLUES;Flüssige Stoffe in m3;FASSV1;Fassungsvermögen;FV100UM;über 100;3659;Anzahl;ANL016;Geprüfte Anlagen z. Umgang mit wassergef. Stoffen
32331;Erh. der Anlagen zum Umgang mit wassergef. Stoffen;JAHR;Jahr;2022;DINSG;Deutschland insgesamt;DG;Deutschland;ANLAT8;Anlagenart;ANLAGEN-10;Umschlaganlagen ohne intermodalen Verkehr;STFAT3;Maßgebende Stoffart;STOFF-FEST;Feste Stoffe in t;FASSV1;Fassungsvermögen;;Insgesamt;9;Anzahl;ANL016;Geprüfte Anlagen z. Umgang mit wassergef. Stoffen
32331;Erh. der Anlagen zum Umgang mit wassergef. Stoffen;JAHR;Jahr;2021;DINSG;Deutschland insgesamt;DG;Deutschland;ANLAT8;Anlagenart;ANLAGEN-08;Lageranlagen (ohne Tankstellen u.Heizölverbr.anl.);STFAT3;Maßgebende Stoffart;STOFF-FEST;Feste Stoffe in t;FASSV1;Fassungsvermögen;FV010B050;über 10 bis 50;6;Anzahl;ANL016;Geprüfte Anlagen z. Umgang mit wassergef. Stoffen
32331;Erh. der Anlagen zum Umgang mit wassergef. Stoffen;JAHR;Jahr;2021;DINSG;Deutschland insgesamt;DG;Deutschland;ANLAT8;Anlagenart;ANLAGEN-13;Rohrleitungsanlagen;STFAT3;Maßgebende Stoffart;STOFF-GAS;Gasförmige Stoffe in t;FASSV1;Fassungsvermögen;FV100UM;über 100;2;Anzahl;ANL016;Geprüfte Anlagen z. Umgang mit wassergef. Stoffen
32331;Erh. der Anlagen zum Umgang mit wassergef. Stoffen;JAHR;Jahr;2018;DINSG;Deutschland insgesamt;DG;Deutschland;ANLAT8;Anlagenart;ANLAGEN-05;Umschlaganlagen;STFAT3;Maßgebende Stoffart;STOFF-FEST;Feste Stoffe in t;FASSV1;Fassungsvermögen;FV100UM;über 100;9;Anzahl;ANL016;Geprüfte Anlagen z. Umgang mit wassergef. Stoffen
32331;Erh. der Anlagen zum Umgang mit wassergef. Stoffen;JAHR;Jahr;2018;DINSG;Deutschland insgesamt;DG;Deutschland;ANLAT8;Anlagenart;ANLAGEN-12;Tankstellen;STFAT3;Maßgebende Stoffart;STOFF-FLUES;Flüssige Stoffe in m3;FASSV1;Fassungsvermögen;FV050B100;über 50 bis 100;2653;Anzahl;ANL016;Geprüfte Anlagen z. Umgang mit wassergef. Stoffen
32331;Erh. der Anlagen zum Umgang mit wassergef. Stoffen;JAHR;Jahr;2019;DINSG;Deutschland insgesamt;DG;Deutschland;ANLAT8;Anlagenart;ANLAGEN-11;Umschlaganlagen des intermodalen Verkehrs;STFAT3;Maßgebende Stoffart;STOFF-FEST;Feste Stoffe in t;FASSV1;Fassungsvermögen;FV100UM;über 100;-;Anzahl;ANL016;Geprüfte Anlagen z. Umgang mit wassergef. Stoffen
32331;Erh. der Anlagen zum Umgang mit wassergef. Stoffen;JAHR;Jahr;2018;DINSG;Deutschland insgesamt;DG;Deutschland;ANLAT8;Anlagenart;ANLAGEN-12;Tankstellen;STFAT3;Maßgebende Stoffart;STOFF-FEST;Feste Stoffe in t;FASSV1;Fassungsvermögen;FV100UM;über 100;-;Anzahl;ANL016;Geprüfte Anlagen z. Umgang mit wassergef. Stoffen
32331;Erh. der Anlagen zum Umgang mit wassergef. Stoffen;JAHR;Jahr;2018;DINSG;Deutschland insgesamt;DG;Deutschland;ANLAT8;Anlagenart;ANLAGEN-14;Biogasanlagen;STFAT3;Maßgebende Stoffart;STOFF-GAS;Gasförmige Stoffe in t;FASSV1;Fassungsvermögen;;Insgesamt;-;Anzahl;ANL016;Geprüfte Anlagen z. Umgang mit wassergef. Stoffen
32331;Erh. der Anlagen zum Umgang mit wassergef. Stoffen;JAHR;Jahr;2020;DINSG;Deutschland insgesamt;DG;Deutschland;ANLAT8;Anlagenart;ANLAGEN-05;Umschlaganlagen;STFAT3;Maßgebende Stoffart;STOFF-FEST;Feste Stoffe in t;FASSV1;Fassungsvermögen;FV100UM;über 100;-;Anzahl;ANL016;Geprüfte Anlagen z. Umgang mit wassergef. Stoffen
32331;Erh. der Anlagen zum Umgang mit wassergef. Stoffen;JAHR;Jahr;2023;DINSG;Deutschland insgesamt;DG;Deutschland;ANLAT8;Anlagenart;ANLAGEN-13;Rohrleitungsanlagen;STFAT3;Maßgebende Stoffart;STOFF-FEST;Feste Stoffe in t;FASSV1;Fassungsvermögen;FV010B050;über 10 bis 50;-;Anzahl;ANL016;Geprüfte Anlagen z. Umgang mit wassergef. Stoffen
32331;Erh. der Anlagen zum Umgang mit wassergef. Stoffen;JAHR;Jahr;2022;DINSG;Deutschland insgesamt;DG;Deutschland;ANLAT8;Anlagenart;ANLAGEN-08;Lageranlagen (ohne Tankstellen u.Heizölverbr.anl.);STFAT3;Maßgebende Stoffart;STOFF-FEST;Feste Stoffe in t;FASSV1;Fassungsvermögen;FV010B050;über 10 bis 50;4;Anzahl;ANL016;Geprüfte Anlagen z. Umgang mit wassergef. Stoffen
32331;Erh. der Anlagen zum Umgang mit wassergef. Stoffen;JAHR;Jahr;2018;DINSG;Deutschland insgesamt;DG;Deutschland;ANLAT8;Anlagenart;ANLAGEN-15;JGS-Anlagen;STFAT3;Maßgebende Stoffart;STOFF-GAS;Gasförmige Stoffe in t;FASSV1;Fassungsvermögen;FV010B050;über 10 bis 50;-;Anzahl;ANL016;Geprüfte Anlagen z. Umgang mit wassergef. Stoffen
32331;Erh. der Anlagen zum Umgang mit wassergef. Stoffen;JAHR;Jahr;2022;DINSG;Deutschland insgesamt;DG;Deutschland;ANLAT8;Anlagenart;ANLAGEN-14;Biogasanlagen;STFAT3;Maßgebende Stoffart;STOFF-FLUES;Flüssige Stoffe in m3;FASSV1;Fassungsvermögen;FV000B010;bis 10;10;Anzahl;ANL016;Geprüfte Anlagen z. Umgang mit wassergef. Stoffen
32331;Erh. der Anlagen zum Umgang mit wassergef. Stoffen;JAHR;Jahr;2023;DINSG;Deutschland insgesamt;DG;Deutschland;ANLAT8;Anlagenart;ANLAGEN-08;Lageranlagen (ohne Tankstellen u.Heizölverbr.anl.);STFAT3;Maßgebende Stoffart;STOFF-FLUES;Flüssige Stoffe in m3;FASSV1;Fassungsvermögen;FV100UM;über 100;3450;Anzahl;ANL016;Geprüfte Anlagen z. Umgang mit wassergef. Stoffen
32331;Erh. der Anlagen zum Umgang mit wassergef. Stoffen;JAHR;Jahr;2018;DINSG;Deutschland insgesamt;DG;Deutschland;ANLAT8;Anlagenart;ANLAGEN-05;Umschlaganlagen;STFAT3;Maßgebende Stoffart;STOFF-GAS;Gasförmige Stoffe in t;FASSV1;Fassungsvermögen;FV010B050;über 10 bis 50;-;Anzahl;ANL016;Geprüfte Anlagen z. Umgang mit wassergef. Stoffen
32331;Erh. der Anlagen zum Umgang mit wassergef. Stoffen;JAHR;Jahr;2020;DINSG;Deutschland insgesamt;DG;Deutschland;ANLAT8;Anlagenart;ANLAGEN-08;Lageranlagen (ohne Tankstellen u.Heizölverbr.anl.);STFAT3;Maßgebende Stoffart;STOFF-GAS;Gasförmige Stoffe in t;FASSV1;Fassungsvermögen;;Insgesamt;28;Anzahl;ANL016;Geprüfte Anlagen z. Umgang mit wassergef. Stoffen
32331;Erh. der Anlagen zum Umgang mit wassergef. Stoffen;JAHR;Jahr;2023;DINSG;Deutschland insgesamt;DG;Deutschland;ANLAT8;Anlagenart;;Insgesamt;STFAT3;Maßgebende Stoffart;STOFF-GAS;Gasförmige Stoffe in t;FASSV1;Fassungsvermögen;FV050B100;über 50 bis 100;10;Anzahl;ANL016;Geprüfte Anlagen z. Umgang mit wassergef. Stoffen
32331;Erh. der Anlagen zum Umgang mit wassergef. Stoffen;JAHR;Jahr;2020;DINSG;Deutschland insgesamt;DG;Deutschland;ANLAT8;Anlagenart;ANLAGEN-15;JGS-Anlagen;STFAT3;Maßgebende Stoffart;STOFF-FLUES;Flüssige Stoffe in m3;FASSV1;Fassungsvermögen;FV000B010;bis 10;24;Anzahl;ANL016;Geprüfte Anlagen z. Umgang mit wassergef. Stoffen
32331;Erh. der Anlagen zum Umgang mit wassergef. Stoffen;JAHR;Jahr;2019;DINSG;Deutschland insgesamt;DG;Deutschland;ANLAT8;Anlagenart;ANLAGEN-07;Heizölverbraucheranlagen;STFAT3;Maßgebende Stoffart;STOFF-FLUES;Flüssige Stoffe in m3;FASSV1;Fassungsvermögen;FV010B050;über 10 bis 50;52911;Anzahl;ANL016;Geprüfte Anlagen z. Umgang mit wassergef. Stoffen
32331;Erh. der Anlagen zum Umgang mit wassergef. Stoffen;JAHR;Jahr;2022;DINSG;Deutschland insgesamt;DG;Deutschland;ANLAT8;Anlagenart;ANLAGEN-09;Abfüllanlagen (ohne Tankstellen);STFAT3;Maßgebende Stoffart;STOFF-FEST;Feste Stoffe in t;FASSV1;Fassungsvermögen;FV010B050;über 10 bis 50;1;Anzahl;ANL016;Geprüfte Anlagen z. Umgang mit wassergef. Stoffen
32331;Erh. der Anlagen zum Umgang mit wassergef. Stoffen;JAHR;Jahr;2021;DINSG;Deutschland insgesamt;DG;Deutschland;ANLAT8;Anlagenart;ANLAGEN-14;Biogasanlagen;STFAT3;Maßgebende Stoffart;STOFF-FEST;Feste Stoffe in t;FASSV1;Fassungsvermögen;;Insgesamt;8;Anzahl;ANL016;Geprüfte Anlagen z. Umgang mit wassergef. Stoffen
32331;Erh. der Anlagen zum Umgang mit wassergef. Stoffen;JAHR;Jahr;2023;DINSG;Deutschland insgesamt;DG;Deutschland;ANLAT8;Anlagenart;ANLAGEN-09;Abfüllanlagen (ohne Tankstellen);STFAT3;Maßgebende Stoffart;STOFF-FEST;Feste Stoffe in t;FASSV1;Fassungsvermögen;FV100UM;über 100;3;Anzahl;ANL016;Geprüfte Anlagen z. Umgang mit wassergef. Stoffen
32331;Erh. der Anlagen zum Umgang mit wassergef. Stoffen;JAHR;Jahr;2018;DINSG;Deutschland insgesamt;DG;Deutschland;ANLAT8;Anlagenart;ANLAGEN-15;JGS-Anlagen;STFAT3;Maßgebende Stoffart;STOFF-FEST;Feste Stoffe in t;FASSV1;Fassungsvermögen;FV100UM;über 100;14;Anzahl;ANL016;Geprüfte Anlagen z. Umgang mit wassergef. Stoffen
32331;Erh. der Anlagen zum Umgang mit wassergef. Stoffen;JAHR;Jahr;2022;DINSG;Deutschland insgesamt;DG;Deutschland;ANLAT8;Anlagenart;ANLAGEN-06;Herstellungs-, Behandlungs- und Verwendungsanlagen;STFAT3;Maßgebende Stoffart;STOFF-FLUES;Flüssige Stoffe in m3;FASSV1;Fassungsvermögen;FV010B050;über 10 bis 50;1730;Anzahl;ANL016;Geprüfte Anlagen z. Umgang mit wassergef. Stoffen
32331;Erh. der Anlagen zum Umgang mit wassergef. Stoffen;JAHR;Jahr;2018;DINSG;Deutschland insgesamt;DG;Deutschland;ANLAT8;Anlagenart;ANLAGEN-13;Rohrleitungsanlagen;STFAT3;Maßgebende Stoffart;STOFF-FLUES;Flüssige Stoffe in m3;FASSV1;Fassungsvermögen;FV000B010;bis 10;1261;Anzahl;ANL016;Geprüfte Anlagen z. Umgang mit wassergef. Stoffen
32331;Erh. der Anlagen zum Umgang mit wassergef. Stoffen;JAHR;Jahr;2018;DINSG;Deutschland insgesamt;DG;Deutschland;ANLAT8;Anlagenart;ANLAGEN-10;Umschlaganlagen ohne intermodalen Verkehr;STFAT3;Maßgebende Stoffart;STOFF-FEST;Feste Stoffe in t;FASSV1;Fassungsvermögen;FV100UM;über 100;-;Anzahl;ANL016;Geprüfte Anlagen z. Umgang mit wassergef. Stoffen
32331;Erh. der Anlagen zum Umgang mit wassergef. Stoffen;JAHR;Jahr;2022;DINSG;Deutschland insgesamt;DG;Deutschland;ANLAT8;Anlagenart;;Insgesamt;STFAT3;Maßgebende Stoffart;STOFF-FLUES;Flüssige Stoffe in m3;FASSV1;Fassungsvermögen;FV000B010;bis 10;139370;Anzahl;ANL016;Geprüfte Anlagen z. Umgang mit wassergef. Stoffen
32331;Erh. der Anlagen zum Umgang mit wassergef. Stoffen;JAHR;Jahr;2022;DINSG;Deutschland insgesamt;DG;Deutschland;ANLAT8;Anlagenart;ANLAGEN-12;Tankstellen;STFAT3;Maßgebende Stoffart;STOFF-FEST;Feste Stoffe in t;FASSV1;Fassungsvermögen;FV010B050;über 10 bis 50;-;Anzahl;ANL016;Geprüfte Anlagen z. Umgang mit wassergef. Stoffen
32331;Erh. der Anlagen zum Umgang mit wassergef. Stoffen;JAHR;Jahr;2019;DINSG;Deutschland insgesamt;DG;Deutschland;ANLAT8;Anlagenart;ANLAGEN-14;Biogasanlagen;STFAT3;Maßgebende Stoffart;STOFF-FLUES;Flüssige Stoffe in m3;FASSV1;Fassungsvermögen;FV050B100;über 50 bis 100;-;Anzahl;ANL016;Geprüfte Anlagen z. Umgang mit wassergef. Stoffen
32331;Erh. der Anlagen zum Umgang mit wassergef. Stoffen;JAHR;Jahr;2018;DINSG;Deutschland insgesamt;DG;Deutschland;ANLAT8;Anlagenart;ANLAGEN-10;Umschlaganlagen ohne intermodalen Verkehr;STFAT3;Maßgebende Stoffart;STOFF-GAS;Gasförmige Stoffe in t;FASSV1;Fassungsvermögen;FV010B050;über 10 bis 50;-;Anzahl;ANL016;Geprüfte Anlagen z. Umgang mit wassergef. Stoffen
32331;Erh. der Anlagen zum Umgang mit wassergef. Stoffen;JAHR;Jahr;2021;DINSG;Deutschland insgesamt;DG;Deutschland;ANLAT8;Anlagenart;;Insgesamt;STFAT3;Maßgebende Stoffart;STOFF-GAS;Gasförmige Stoffe in t;FASSV1;Fassungsvermögen;FV000B010;bis 10;31;Anzahl;ANL016;Geprüfte Anlagen z. Umgang mit wassergef. Stoffen
32331;Erh. der Anlagen zum Umgang mit wassergef. Stoffen;JAHR;Jahr;2023;DINSG;Deutschland insgesamt;DG;Deutschland;ANLAT8;Anlagenart;ANLAGEN-12;Tankstellen;STFAT3;Maßgebende Stoffart;STOFF-FLUES;Flüssige Stoffe in m3;FASSV1;Fassungsvermögen;FV000B010;bis 10;2812;Anzahl;ANL016;Geprüfte Anlagen z. Umgang mit wassergef. Stoffen
32331;Erh. der Anlagen zum Umgang mit wassergef. Stoffen;JAHR;Jahr;2022;DINSG;Deutschland insgesamt;DG;Deutschland;ANLAT8;Anlagenart;ANLAGEN-14;Biogasanlagen;STFAT3;Maßgebende Stoffart;STOFF-GAS;Gasförmige Stoffe in t;FASSV1;Fassungsvermögen;;Insgesamt;-;Anzahl;ANL016;Geprüfte Anlagen z. Umgang mit wassergef. Stoffen
32331;Erh. der Anlagen zum Umgang mit wassergef. Stoffen;JAHR;Jahr;2018;DINSG;Deutschland insgesamt;DG;Deutschland;ANLAT8;Anlagenart;ANLAGEN-06;Herstellungs-, Behandlungs- und Verwendungsanlagen;STFAT3;Maßgebende Stoffart;STOFF-GAS;Gasförmige Stoffe in t;FASSV1;Fassungsvermögen;FV010B050;über 10 bis 50;6;Anzahl;ANL016;Geprüfte Anlagen z. Umgang mit wassergef. Stoffen
32331;Erh. der Anlagen zum Umgang mit wassergef. Stoffen;JAHR;Jahr;2023;DINSG;Deutschland insgesamt;DG;Deutschland;ANLAT8;Anlagenart;ANLAGEN-07;Heizölverbraucheranlagen;STFAT3;Maßgebende Stoffart;STOFF-FEST;Feste Stoffe in t;FASSV1;Fassungsvermögen;FV010B050;über 10 bis 50;-;Anzahl;ANL016;Geprüfte Anlagen z. Umgang mit wassergef. Stoffen
32331;Erh. der Anlagen zum Umgang mit wassergef. Stoffen;JAHR;Jahr;2020;DINSG;Deutschland insgesamt;DG;Deutschland;ANLAT8;Anlagenart;ANLAGEN-10;Umschlaganlagen ohne intermodalen Verkehr;STFAT3;Maßgebende Stoffart;STOFF-FLUES;Flüssige Stoffe in m3;FASSV1;Fassungsvermögen;FV000B010;bis 10;122;Anzahl;ANL016;Geprüfte Anlagen z. Umgang mit wassergef. Stoffen
32331;Erh. der Anlagen zum Umgang mit wassergef. Stoffen;JAHR;Jahr;2021;DINSG;Deutschland insgesamt;DG;Deutschland;ANLAT8;Anlagenart;ANLAGEN-13;Rohrleitungsanlagen;STFAT3;Maßgebende Stoffart;STOFF-FLUES;Flüssige Stoffe in m3;FASSV1;Fassungsvermögen;FV010B050;über 10 bis 50;401;Anzahl;ANL016;Geprüfte Anlagen z. Umgang mit wassergef. Stoffen
32331;Erh. der Anlagen zum Umgang mit wassergef. Stoffen;JAHR;Jahr;2023;DINSG;Deutschland insgesamt;DG;Deutschland;ANLAT8;Anlagenart;ANLAGEN-09;Abfüllanlagen (ohne Tankstellen);STFAT3;Maßgebende Stoffart;STOFF-GAS;Gasförmige Stoffe in t;FASSV1;Fassungsvermögen;FV100UM;über 100;2;Anzahl;ANL016;Geprüfte Anlagen z. Umgang mit wassergef. Stoffen
32331;Erh. der Anlagen zum Umgang mit wassergef. Stoffen;JAHR;Jahr;2022;DINSG;Deutschland insgesamt;DG;Deutschland;ANLAT8;Anlagenart;ANLAGEN-11;Umschlaganlagen des intermodalen Verkehrs;STFAT3;Maßgebende Stoffart;STOFF-GAS;Gasförmige Stoffe in t;FASSV1;Fassungsvermögen;FV100UM;über 100;-;Anzahl;ANL016;Geprüfte Anlagen z. Umgang mit wassergef. Stoffen
32331;Erh. der Anlagen zum Umgang mit wassergef. Stoffen;JAHR;Jahr;2023;DINSG;Deutschland insgesamt;DG;Deutschland;ANLAT8;Anlagenart;ANLAGEN-07;Heizölverbraucheranlagen;STFAT3;Maßgebende Stoffart;STOFF-GAS;Gasförmige Stoffe in t;FASSV1;Fassungsvermögen;FV100UM;über 100;-;Anzahl;ANL016;Geprüfte Anlagen z. Umgang mit wassergef. Stoffen
32331;Erh. der Anlagen zum Umgang mit wassergef. Stoffen;JAHR;Jahr;2021;DINSG;Deutschland insgesamt;DG;Deutschland;ANLAT8;Anlagenart;ANLAGEN-07;Heizölverbraucheranlagen;STFAT3;Maßgebende Stoffart;STOFF-FEST;Feste Stoffe in t;FASSV1;Fassungsvermögen;;Insgesamt;-;Anzahl;ANL016;Geprüfte Anlagen z. Umgang mit wassergef. Stoffen
32331;Erh. der Anlagen zum Umgang mit wassergef. Stoffen;JAHR;Jahr;2020;DINSG;Deutschland insgesamt;DG;Deutschland;ANLAT8;Anlagenart;ANLAGEN-07;Heizölverbraucheranlagen;STFAT3;Maßgebende Stoffart;STOFF-FEST;Feste Stoffe in t;FASSV1;Fassungsvermögen;FV010B050;über 10 bis 50;-;Anzahl;ANL016;Geprüfte Anlagen z. Umgang mit wassergef. Stoffen
32331;Erh. der Anlagen zum Umgang mit wassergef. Stoffen;JAHR;Jahr;2019;DINSG;Deutschland insgesamt;DG;Deutschland;ANLAT8;Anlagenart;ANLAGEN-10;Umschlaganlagen ohne intermodalen Verkehr;STFAT3;Maßgebende Stoffart;STOFF-GAS;Gasförmige Stoffe in t;FASSV1;Fassungsvermögen;;Insgesamt;-;Anzahl;ANL016;Geprüfte Anlagen z. Umgang mit wassergef. Stoffen
32331;Erh. der Anlagen zum Umgang mit wassergef. Stoffen;JAHR;Jahr;2023;DINSG;Deutschland insgesamt;DG;Deutschland;ANLAT8;Anlagenart;;Insgesamt;STFAT3;Maßgebende Stoffart;STOFF-FEST;Feste Stoffe in t;FASSV1;Fassungsvermögen;;Insgesamt;289;Anzahl;ANL016;Geprüfte Anlagen z. Umgang mit wassergef. Stoffen
32331;Erh. der Anlagen zum Umgang mit wassergef. Stoffen;JAHR;Jahr;2023;DINSG;Deutschland insgesamt;DG;Deutschland;ANLAT8;Anlagenart;ANLAGEN-07;Heizölverbraucheranlagen;STFAT3;Maßgebende Stoffart;STOFF-FLUES;Flüssige Stoffe in m3;FASSV1;Fassungsvermögen;FV100UM;über 100;238;Anzahl;ANL016;Geprüfte Anlagen z. Umgang mit wassergef. Stoffen
32331;Erh. der Anlagen zum Umgang mit wassergef. Stoffen;JAHR;Jahr;2023;DINSG;Deutschland insgesamt;DG;Deutschland;ANLAT8;Anlagenart;ANLAGEN-11;Umschlaganlagen des intermodalen Verkehrs;STFAT3;Maßgebende Stoffart;STOFF-FEST;Feste Stoffe in t;FASSV1;Fassungsvermögen;;Insgesamt;2;Anzahl;ANL016;Geprüfte Anlagen z. Umgang mit wassergef. Stoffen
32331;Erh. der Anlagen zum Umgang mit wassergef. Stoffen;JAHR;Jahr;2018;DINSG;Deutschland insgesamt;DG;Deutschland;ANLAT8;Anlagenart;ANLAGEN-05;Umschlaganlagen;STFAT3;Maßgebende Stoffart;STOFF-FLUES;Flüssige Stoffe in m3;FASSV1;Fassungsvermögen;FV010B050;über 10 bis 50;163;Anzahl;ANL016;Geprüfte Anlagen z. Umgang mit wassergef. Stoffen
32331;Erh. der Anlagen zum Umgang mit wassergef. Stoffen;JAHR;Jahr;2020;DINSG;Deutschland insgesamt;DG;Deutschland;ANLAT8;Anlagenart;ANLAGEN-11;Umschlaganlagen des intermodalen Verkehrs;STFAT3;Maßgebende Stoffart;STOFF-GAS;Gasförmige Stoffe in t;FASSV1;Fassungsvermögen;FV010B050;über 10 bis 50;-;Anzahl;ANL016;Geprüfte Anlagen z. Umgang mit wassergef. Stoffen
32331;Erh. der Anlagen zum Umgang mit wassergef. Stoffen;JAHR;Jahr;2021;DINSG;Deutschland insgesamt;DG;Deutschland;ANLAT8;Anlagenart;ANLAGEN-11;Umschlaganlagen des intermodalen Verkehrs;STFAT3;Maßgebende Stoffart;STOFF-FEST;Feste Stoffe in t;FASSV1;Fassungsvermögen;FV010B050;über 10 bis 50;-;Anzahl;ANL016;Geprüfte Anlagen z. Umgang mit wassergef. Stoffen
32331;Erh. der Anlagen zum Umgang mit wassergef. Stoffen;JAHR;Jahr;2022;DINSG;Deutschland insgesamt;DG;Deutschland;ANLAT8;Anlagenart;ANLAGEN-06;Herstellungs-, Behandlungs- und Verwendungsanlagen;STFAT3;Maßgebende Stoffart;STOFF-FEST;Feste Stoffe in t;FASSV1;Fassungsvermögen;FV010B050;über 10 bis 50;1;Anzahl;ANL016;Geprüfte Anlagen z. Umgang mit wassergef. Stoffen
32331;Erh. der Anlagen zum Umgang mit wassergef. Stoffen;JAHR;Jahr;2019;DINSG;Deutschland insgesamt;DG;Deutschland;ANLAT8;Anlagenart;ANLAGEN-10;Umschlaganlagen ohne intermodalen Verkehr;STFAT3;Maßgebende Stoffart;STOFF-FEST;Feste Stoffe in t;FASSV1;Fassungsvermögen;FV010B050;über 10 bis 50;-;Anzahl;ANL016;Geprüfte Anlagen z. Umgang mit wassergef. Stoffen
32331;Erh. der Anlagen zum Umgang mit wassergef. Stoffen;JAHR;Jahr;2019;DINSG;Deutschland insgesamt;DG;Deutschland;ANLAT8;Anlagenart;ANLAGEN-11;Umschlaganlagen des intermodalen Verkehrs;STFAT3;Maßgebende Stoffart;STOFF-FLUES;Flüssige Stoffe in m3;FASSV1;Fassungsvermögen;FV010B050;über 10 bis 50;-;Anzahl;ANL016;Geprüfte Anlagen z. Umgang mit wassergef. Stoffen
32331;Erh. der Anlagen zum Umgang mit wassergef. Stoffen;JAHR;Jahr;2020;DINSG;Deutschland insgesamt;DG;Deutschland;ANLAT8;Anlagenart;ANLAGEN-14;Biogasanlagen;STFAT3;Maßgebende Stoffart;STOFF-FLUES;Flüssige Stoffe in m3;FASSV1;Fassungsvermögen;FV050B100;über 50 bis 100;-;Anzahl;ANL016;Geprüfte Anlagen z. Umgang mit wassergef. Stoffen
32331;Erh. der Anlagen zum Umgang mit wassergef. Stoffen;JAHR;Jahr;2019;DINSG;Deutschland insgesamt;DG;Deutschland;ANLAT8;Anlagenart;ANLAGEN-12;Tankstellen;STFAT3;Maßgebende Stoffart;STOFF-GAS;Gasförmige Stoffe in t;FASSV1;Fassungsvermögen;;Insgesamt;-;Anzahl;ANL016;Geprüfte Anlagen z. Umgang mit wassergef. Stoffen
32331;Erh. der Anlagen zum Umgang mit wassergef. Stoffen;JAHR;Jahr;2018;DINSG;Deutschland insgesamt;DG;Deutschland;ANLAT8;Anlagenart;ANLAGEN-14;Biogasanlagen;STFAT3;Maßgebende Stoffart;STOFF-FLUES;Flüssige Stoffe in m3;FASSV1;Fassungsvermögen;FV010B050;über 10 bis 50;3;Anzahl;ANL016;Geprüfte Anlagen z. Umgang mit wassergef. Stoffen
32331;Erh. der Anlagen zum Umgang mit wassergef. Stoffen;JAHR;Jahr;2022;DINSG;Deutschland insgesamt;DG;Deutschland;ANLAT8;Anlagenart;ANLAGEN-05;Umschlaganlagen;STFAT3;Maßgebende Stoffart;STOFF-FEST;Feste Stoffe in t;FASSV1;Fassungsvermögen;FV050B100;über 50 bis 100;-;Anzahl;ANL016;Geprüfte Anlagen z. Umgang mit wassergef. Stoffen
32331;Erh. der Anlagen zum Umgang mit wassergef. Stoffen;JAHR;Jahr;2021;DINSG;Deutschland insgesamt;DG;Deutschland;ANLAT8;Anlagenart;ANLAGEN-12;Tankstellen;STFAT3;Maßgebende Stoffart;STOFF-FEST;Feste Stoffe in t;FASSV1;Fassungsvermögen;;Insgesamt;-;Anzahl;ANL016;Geprüfte Anlagen z. Umgang mit wassergef. Stoffen
32331;Erh. der Anlagen zum Umgang mit wassergef. Stoffen;JAHR;Jahr;2022;DINSG;Deutschland insgesamt;DG;Deutschland;ANLAT8;Anlagenart;ANLAGEN-10;Umschlaganlagen ohne intermodalen Verkehr;STFAT3;Maßgebende Stoffart;STOFF-FLUES;Flüssige Stoffe in m3;FASSV1;Fassungsvermögen;FV010B050;über 10 bis 50;192;Anzahl;ANL016;Geprüfte Anlagen z. Umgang mit wassergef. Stoffen
32331;Erh. der Anlagen zum Umgang mit wassergef. Stoffen;JAHR;Jahr;2021;DINSG;Deutschland insgesamt;DG;Deutschland;ANLAT8;Anlagenart;ANLAGEN-09;Abfüllanlagen (ohne Tankstellen);STFAT3;Maßgebende Stoffart;STOFF-GAS;Gasförmige Stoffe in t;FASSV1;Fassungsvermögen;FV050B100;über 50 bis 100;1;Anzahl;ANL016;Geprüfte Anlagen z. Umgang mit wassergef. Stoffen
32331;Erh. der Anlagen zum Umgang mit wassergef. Stoffen;JAHR;Jahr;2021;DINSG;Deutschland insgesamt;DG;Deutschland;ANLAT8;Anlagenart;ANLAGEN-13;Rohrleitungsanlagen;STFAT3;Maßgebende Stoffart;STOFF-FEST;Feste Stoffe in t;FASSV1;Fassungsvermögen;FV010B050;über 10 bis 50;-;Anzahl;ANL016;Geprüfte Anlagen z. Umgang mit wassergef. Stoffen
32331;Erh. der Anlagen zum Umgang mit wassergef. Stoffen;JAHR;Jahr;2021;DINSG;Deutschland insgesamt;DG;Deutschland;ANLAT8;Anlagenart;;Insgesamt;STFAT3;Maßgebende Stoffart;STOFF-FEST;Feste Stoffe in t;FASSV1;Fassungsvermögen;;Insgesamt;254;Anzahl;ANL016;Geprüfte Anlagen z. Umgang mit wassergef. Stoffen
32331;Erh. der Anlagen zum Umgang mit wassergef. Stoffen;JAHR;Jahr;2023;DINSG;Deutschland insgesamt;DG;Deutschland;ANLAT8;Anlagenart;ANLAGEN-12;Tankstellen;STFAT3;Maßgebende Stoffart;STOFF-GAS;Gasförmige Stoffe in t;FASSV1;Fassungsvermögen;;Insgesamt;-;Anzahl;ANL016;Geprüfte Anlagen z. Umgang mit wassergef. Stoffen
32331;Erh. der Anlagen zum Umgang mit wassergef. Stoffen;JAHR;Jahr;2018;DINSG;Deutschland insgesamt;DG;Deutschland;ANLAT8;Anlagenart;;Insgesamt;STFAT3;Maßgebende Stoffart;STOFF-GAS;Gasförmige Stoffe in t;FASSV1;Fassungsvermögen;FV000B010;bis 10;22;Anzahl;ANL016;Geprüfte Anlagen z. Umgang mit wassergef. Stoffen
32331;Erh. der Anlagen zum Umgang mit wassergef. Stoffen;JAHR;Jahr;2022;DINSG;Deutschland insgesamt;DG;Deutschland;ANLAT8;Anlagenart;ANLAGEN-10;Umschlaganlagen ohne intermodalen Verkehr;STFAT3;Maßgebende Stoffart;STOFF-FEST;Feste Stoffe in t;FASSV1;Fassungsvermögen;FV050B100;über 50 bis 100;-;Anzahl;ANL016;Geprüfte Anlagen z. Umgang mit wassergef. Stoffen
32331;Erh. der Anlagen zum Umgang mit wassergef. Stoffen;JAHR;Jahr;2018;DINSG;Deutschland insgesamt;DG;Deutschland;ANLAT8;Anlagenart;ANLAGEN-12;Tankstellen;STFAT3;Maßgebende Stoffart;STOFF-GAS;Gasförmige Stoffe in t;FASSV1;Fassungsvermögen;FV010B050;über 10 bis 50;-;Anzahl;ANL016;Geprüfte Anlagen z. Umgang mit wassergef. Stoffen
32331;Erh. der Anlagen zum Umgang mit wassergef. Stoffen;JAHR;Jahr;2020;DINSG;Deutschland insgesamt;DG;Deutschland;ANLAT8;Anlagenart;ANLAGEN-05;Umschlaganlagen;STFAT3;Maßgebende Stoffart;STOFF-FLUES;Flüssige Stoffe in m3;FASSV1;Fassungsvermögen;FV050B100;über 50 bis 100;-;Anzahl;ANL016;Geprüfte Anlagen z. Umgang mit wassergef. Stoffen
32331;Erh. der Anlagen zum Umgang mit wassergef. Stoffen;JAHR;Jahr;2022;DINSG;Deutschland insgesamt;DG;Deutschland;ANLAT8;Anlagenart;ANLAGEN-14;Biogasanlagen;STFAT3;Maßgebende Stoffart;STOFF-FEST;Feste Stoffe in t;FASSV1;Fassungsvermögen;FV010B050;über 10 bis 50;-;Anzahl;ANL016;Geprüfte Anlagen z. Umgang mit wassergef. Stoffen
32331;Erh. der Anlagen zum Umgang mit wassergef. Stoffen;JAHR;Jahr;2020;DINSG;Deutschland insgesamt;DG;Deutschland;ANLAT8;Anlagenart;ANLAGEN-10;Umschlaganlagen ohne intermodalen Verkehr;STFAT3;Maßgebende Stoffart;STOFF-FEST;Feste Stoffe in t;FASSV1;Fassungsvermögen;FV010B050;über 10 bis 50;-;Anzahl;ANL016;Geprüfte Anlagen z. Umgang mit wassergef. Stoffen
32331;Erh. der Anlagen zum Umgang mit wassergef. Stoffen;JAHR;Jahr;2018;DINSG;Deutschland insgesamt;DG;Deutschland;ANLAT8;Anlagenart;ANLAGEN-08;Lageranlagen (ohne Tankstellen u.Heizölverbr.anl.);STFAT3;Maßgebende Stoffart;STOFF-GAS;Gasförmige Stoffe in t;FASSV1;Fassungsvermögen;FV010B050;über 10 bis 50;5;Anzahl;ANL016;Geprüfte Anlagen z. Umgang mit wassergef. Stoffen
32331;Erh. der Anlagen zum Umgang mit wassergef. Stoffen;JAHR;Jahr;2022;DINSG;Deutschland insgesamt;DG;Deutschland;ANLAT8;Anlagenart;ANLAGEN-08;Lageranlagen (ohne Tankstellen u.Heizölverbr.anl.);STFAT3;Maßgebende Stoffart;STOFF-FLUES;Flüssige Stoffe in m3;FASSV1;Fassungsvermögen;FV100UM;über 100;3547;Anzahl;ANL016;Geprüfte Anlagen z. Umgang mit wassergef. Stoffen
32331;Erh. der Anlagen zum Umgang mit wassergef. Stoffen;JAHR;Jahr;2020;DINSG;Deutschland insgesamt;DG;Deutschland;ANLAT8;Anlagenart;;Insgesamt;STFAT3;Maßgebende Stoffart;STOFF-FLUES;Flüssige Stoffe in m3;FASSV1;Fassungsvermögen;FV050B100;über 50 bis 100;9777;Anzahl;ANL016;Geprüfte Anlagen z. Umgang mit wassergef. Stoffen
32331;Erh. der Anlagen zum Umgang mit wassergef. Stoffen;JAHR;Jahr;2020;DINSG;Deutschland insgesamt;DG;Deutschland;ANLAT8;Anlagenart;ANLAGEN-11;Umschlaganlagen des intermodalen Verkehrs;STFAT3;Maßgebende Stoffart;STOFF-FLUES;Flüssige Stoffe in m3;FASSV1;Fassungsvermögen;FV010B050;über 10 bis 50;1;Anzahl;ANL016;Geprüfte Anlagen z. Umgang mit wassergef. Stoffen
32331;Erh. der Anlagen zum Umgang mit wassergef. Stoffen;JAHR;Jahr;2023;DINSG;Deutschland insgesamt;DG;Deutschland;ANLAT8;Anlagenart;ANLAGEN-08;Lageranlagen (ohne Tankstellen u.Heizölverbr.anl.);STFAT3;Maßgebende Stoffart;STOFF-GAS;Gasförmige Stoffe in t;FASSV1;Fassungsvermögen;FV050B100;über 50 bis 100;4;Anzahl;ANL016;Geprüfte Anlagen z. Umgang mit wassergef. Stoffen
32331;Erh. der Anlagen zum Umgang mit wassergef. Stoffen;JAHR;Jahr;2018;DINSG;Deutschland insgesamt;DG;Deutschland;ANLAT8;Anlagenart;ANLAGEN-08;Lageranlagen (ohne Tankstellen u.Heizölverbr.anl.);STFAT3;Maßgebende Stoffart;STOFF-FLUES;Flüssige Stoffe in m3;FASSV1;Fassungsvermögen;FV050B100;über 50 bis 100;2326;Anzahl;ANL016;Geprüfte Anlagen z. Umgang mit wassergef. Stoffen
32331;Erh. der Anlagen zum Umgang mit wassergef. Stoffen;JAHR;Jahr;2022;DINSG;Deutschland insgesamt;DG;Deutschland;ANLAT8;Anlagenart;ANLAGEN-06;Herstellungs-, Behandlungs- und Verwendungsanlagen;STFAT3;Maßgebende Stoffart;STOFF-GAS;Gasförmige Stoffe in t;FASSV1;Fassungsvermögen;FV100UM;über 100;-;Anzahl;ANL016;Geprüfte Anlagen z. Umgang mit wassergef. Stoffen
32331;Erh. der Anlagen zum Umgang mit wassergef. Stoffen;JAHR;Jahr;2021;DINSG;Deutschland insgesamt;DG;Deutschland;ANLAT8;Anlagenart;ANLAGEN-15;JGS-Anlagen;STFAT3;Maßgebende Stoffart;STOFF-FLUES;Flüssige Stoffe in m3;FASSV1;Fassungsvermögen;FV100UM;über 100;1113;Anzahl;ANL016;Geprüfte Anlagen z. Umgang mit wassergef. Stoffen
32331;Erh. der Anlagen zum Umgang mit wassergef. Stoffen;JAHR;Jahr;2018;DINSG;Deutschland insgesamt;DG;Deutschland;ANLAT8;Anlagenart;ANLAGEN-08;Lageranlagen (ohne Tankstellen u.Heizölverbr.anl.);STFAT3;Maßgebende Stoffart;STOFF-FLUES;Flüssige Stoffe in m3;FASSV1;Fassungsvermögen;;Insgesamt;24391;Anzahl;ANL016;Geprüfte Anlagen z. Umgang mit wassergef. Stoffen
32331;Erh. der Anlagen zum Umgang mit wassergef. Stoffen;JAHR;Jahr;2023;DINSG;Deutschland insgesamt;DG;Deutschland;ANLAT8;Anlagenart;ANLAGEN-12;Tankstellen;STFAT3;Maßgebende Stoffart;STOFF-GAS;Gasförmige Stoffe in t;FASSV1;Fassungsvermögen;FV100UM;über 100;-;Anzahl;ANL016;Geprüfte Anlagen z. Umgang mit wassergef. Stoffen
32331;Erh. der Anlagen zum Umgang mit wassergef. Stoffen;JAHR;Jahr;2022;DINSG;Deutschland insgesamt;DG;Deutschland;ANLAT8;Anlagenart;ANLAGEN-08;Lageranlagen (ohne Tankstellen u.Heizölverbr.anl.);STFAT3;Maßgebende Stoffart;STOFF-GAS;Gasförmige Stoffe in t;FASSV1;Fassungsvermögen;FV100UM;über 100;23;Anzahl;ANL016;Geprüfte Anlagen z. Umgang mit wassergef. Stoffen
32331;Erh. der Anlagen zum Umgang mit wassergef. Stoffen;JAHR;Jahr;2020;DINSG;Deutschland insgesamt;DG;Deutschland;ANLAT8;Anlagenart;ANLAGEN-13;Rohrleitungsanlagen;STFAT3;Maßgebende Stoffart;STOFF-FEST;Feste Stoffe in t;FASSV1;Fassungsvermögen;;Insgesamt;2;Anzahl;ANL016;Geprüfte Anlagen z. Umgang mit wassergef. Stoffen
32331;Erh. der Anlagen zum Umgang mit wassergef. Stoffen;JAHR;Jahr;2021;DINSG;Deutschland insgesamt;DG;Deutschland;ANLAT8;Anlagenart;ANLAGEN-08;Lageranlagen (ohne Tankstellen u.Heizölverbr.anl.);STFAT3;Maßgebende Stoffart;STOFF-GAS;Gasförmige Stoffe in t;FASSV1;Fassungsvermögen;FV000B010;bis 10;8;Anzahl;ANL016;Geprüfte Anlagen z. Umgang mit wassergef. Stoffen
32331;Erh. der Anlagen zum Umgang mit wassergef. Stoffen;JAHR;Jahr;2020;DINSG;Deutschland insgesamt;DG;Deutschland;ANLAT8;Anlagenart;ANLAGEN-12;Tankstellen;STFAT3;Maßgebende Stoffart;STOFF-FEST;Feste Stoffe in t;FASSV1;Fassungsvermögen;FV010B050;über 10 bis 50;-;Anzahl;ANL016;Geprüfte Anlagen z. Umgang mit wassergef. Stoffen
32331;Erh. der Anlagen zum Umgang mit wassergef. Stoffen;JAHR;Jahr;2018;DINSG;Deutschland insgesamt;DG;Deutschland;ANLAT8;Anlagenart;;Insgesamt;STFAT3;Maßgebende Stoffart;STOFF-FLUES;Flüssige Stoffe in m3;FASSV1;Fassungsvermögen;FV000B010;bis 10;143295;Anzahl;ANL016;Geprüfte Anlagen z. Umgang mit wassergef. Stoffen
32331;Erh. der Anlagen zum Umgang mit wassergef. Stoffen;JAHR;Jahr;2018;DINSG;Deutschland insgesamt;DG;Deutschland;ANLAT8;Anlagenart;ANLAGEN-06;Herstellungs-, Behandlungs- und Verwendungsanlagen;STFAT3;Maßgebende Stoffart;STOFF-FLUES;Flüssige Stoffe in m3;FASSV1;Fassungsvermögen;FV100UM;über 100;649;Anzahl;ANL016;Geprüfte Anlagen z. Umgang mit wassergef. Stoffen
32331;Erh. der Anlagen zum Umgang mit wassergef. Stoffen;JAHR;Jahr;2023;DINSG;Deutschland insgesamt;DG;Deutschland;ANLAT8;Anlagenart;ANLAGEN-10;Umschlaganlagen ohne intermodalen Verkehr;STFAT3;Maßgebende Stoffart;STOFF-GAS;Gasförmige Stoffe in t;FASSV1;Fassungsvermögen;FV100UM;über 100;-;Anzahl;ANL016;Geprüfte Anlagen z. Umgang mit wassergef. Stoffen
32331;Erh. der Anlagen zum Umgang mit wassergef. Stoffen;JAHR;Jahr;2022;DINSG;Deutschland insgesamt;DG;Deutschland;ANLAT8;Anlagenart;ANLAGEN-05;Umschlaganlagen;STFAT3;Maßgebende Stoffart;STOFF-FEST;Feste Stoffe in t;FASSV1;Fassungsvermögen;;Insgesamt;-;Anzahl;ANL016;Geprüfte Anlagen z. Umgang mit wassergef. Stoffen
32331;Erh. der Anlagen zum Umgang mit wassergef. Stoffen;JAHR;Jahr;2023;DINSG;Deutschland insgesamt;DG;Deutschland;ANLAT8;Anlagenart;ANLAGEN-11;Umschlaganlagen des intermodalen Verkehrs;STFAT3;Maßgebende Stoffart;STOFF-FEST;Feste Stoffe in t;FASSV1;Fassungsvermögen;FV050B100;über 50 bis 100;-;Anzahl;ANL016;Geprüfte Anlagen z. Umgang mit wassergef. Stoffen
32331;Erh. der Anlagen zum Umgang mit wassergef. Stoffen;JAHR;Jahr;2018;DINSG;Deutschland insgesamt;DG;Deutschland;ANLAT8;Anlagenart;ANLAGEN-10;Umschlaganlagen ohne intermodalen Verkehr;STFAT3;Maßgebende Stoffart;STOFF-FEST;Feste Stoffe in t;FASSV1;Fassungsvermögen;;Insgesamt;-;Anzahl;ANL016;Geprüfte Anlagen z. Umgang mit wassergef. Stoffen
32331;Erh. der Anlagen zum Umgang mit wassergef. Stoffen;JAHR;Jahr;2023;DINSG;Deutschland insgesamt;DG;Deutschland;ANLAT8;Anlagenart;ANLAGEN-05;Umschlaganlagen;STFAT3;Maßgebende Stoffart;STOFF-FLUES;Flüssige Stoffe in m3;FASSV1;Fassungsvermögen;FV100UM;über 100;-;Anzahl;ANL016;Geprüfte Anlagen z. Umgang mit wassergef. Stoffen
32331;Erh. der Anlagen zum Umgang mit wassergef. Stoffen;JAHR;Jahr;2022;DINSG;Deutschland insgesamt;DG;Deutschland;ANLAT8;Anlagenart;ANLAGEN-05;Umschlaganlagen;STFAT3;Maßgebende Stoffart;STOFF-GAS;Gasförmige Stoffe in t;FASSV1;Fassungsvermögen;;Insgesamt;-;Anzahl;ANL016;Geprüfte Anlagen z. Umgang mit wassergef. Stoffen
32331;Erh. der Anlagen zum Umgang mit wassergef. Stoffen;JAHR;Jahr;2019;DINSG;Deutschland insgesamt;DG;Deutschland;ANLAT8;Anlagenart;ANLAGEN-09;Abfüllanlagen (ohne Tankstellen);STFAT3;Maßgebende Stoffart;STOFF-GAS;Gasförmige Stoffe in t;FASSV1;Fassungsvermögen;;Insgesamt;1;Anzahl;ANL016;Geprüfte Anlagen z. Umgang mit wassergef. Stoffen
32331;Erh. der Anlagen zum Umgang mit wassergef. Stoffen;JAHR;Jahr;2022;DINSG;Deutschland insgesamt;DG;Deutschland;ANLAT8;Anlagenart;;Insgesamt;STFAT3;Maßgebende Stoffart;STOFF-FEST;Feste Stoffe in t;FASSV1;Fassungsvermögen;;Insgesamt;300;Anzahl;ANL016;Geprüfte Anlagen z. Umgang mit wassergef. Stoffen
32331;Erh. der Anlagen zum Umgang mit wassergef. Stoffen;JAHR;Jahr;2023;DINSG;Deutschland insgesamt;DG;Deutschland;ANLAT8;Anlagenart;ANLAGEN-10;Umschlaganlagen ohne intermodalen Verkehr;STFAT3;Maßgebende Stoffart;STOFF-GAS;Gasförmige Stoffe in t;FASSV1;Fassungsvermögen;;Insgesamt;1;Anzahl;ANL016;Geprüfte Anlagen z. Umgang mit wassergef. Stoffen
32331;Erh. der Anlagen zum Umgang mit wassergef. Stoffen;JAHR;Jahr;2019;DINSG;Deutschland insgesamt;DG;Deutschland;ANLAT8;Anlagenart;ANLAGEN-05;Umschlaganlagen;STFAT3;Maßgebende Stoffart;STOFF-FEST;Feste Stoffe in t;FASSV1;Fassungsvermögen;FV010B050;über 10 bis 50;3;Anzahl;ANL016;Geprüfte Anlagen z. Umgang mit wassergef. Stoffen
32331;Erh. der Anlagen zum Umgang mit wassergef. Stoffen;JAHR;Jahr;2023;DINSG;Deutschland insgesamt;DG;Deutschland;ANLAT8;Anlagenart;ANLAGEN-06;Herstellungs-, Behandlungs- und Verwendungsanlagen;STFAT3;Maßgebende Stoffart;STOFF-FLUES;Flüssige Stoffe in m3;FASSV1;Fassungsvermögen;FV050B100;über 50 bis 100;638;Anzahl;ANL016;Geprüfte Anlagen z. Umgang mit wassergef. Stoffen
32331;Erh. der Anlagen zum Umgang mit wassergef. Stoffen;JAHR;Jahr;2023;DINSG;Deutschland insgesamt;DG;Deutschland;ANLAT8;Anlagenart;ANLAGEN-07;Heizölverbraucheranlagen;STFAT3;Maßgebende Stoffart;STOFF-GAS;Gasförmige Stoffe in t;FASSV1;Fassungsvermögen;FV010B050;über 10 bis 50;-;Anzahl;ANL016;Geprüfte Anlagen z. Umgang mit wassergef. Stoffen
32331;Erh. der Anlagen zum Umgang mit wassergef. Stoffen;JAHR;Jahr;2019;DINSG;Deutschland insgesamt;DG;Deutschland;ANLAT8;Anlagenart;ANLAGEN-07;Heizölverbraucheranlagen;STFAT3;Maßgebende Stoffart;STOFF-GAS;Gasförmige Stoffe in t;FASSV1;Fassungsvermögen;;Insgesamt;-;Anzahl;ANL016;Geprüfte Anlagen z. Umgang mit wassergef. Stoffen
32331;Erh. der Anlagen zum Umgang mit wassergef. Stoffen;JAHR;Jahr;2019;DINSG;Deutschland insgesamt;DG;Deutschland;ANLAT8;Anlagenart;ANLAGEN-05;Umschlaganlagen;STFAT3;Maßgebende Stoffart;STOFF-GAS;Gasförmige Stoffe in t;FASSV1;Fassungsvermögen;FV010B050;über 10 bis 50;-;Anzahl;ANL016;Geprüfte Anlagen z. Umgang mit wassergef. Stoffen
32331;Erh. der Anlagen zum Umgang mit wassergef. Stoffen;JAHR;Jahr;2023;DINSG;Deutschland insgesamt;DG;Deutschland;ANLAT8;Anlagenart;ANLAGEN-14;Biogasanlagen;STFAT3;Maßgebende Stoffart;STOFF-FLUES;Flüssige Stoffe in m3;FASSV1;Fassungsvermögen;FV100UM;über 100;1100;Anzahl;ANL016;Geprüfte Anlagen z. Umgang mit wassergef. Stoffen
32331;Erh. der Anlagen zum Umgang mit wassergef. Stoffen;JAHR;Jahr;2019;DINSG;Deutschland insgesamt;DG;Deutschland;ANLAT8;Anlagenart;ANLAGEN-07;Heizölverbraucheranlagen;STFAT3;Maßgebende Stoffart;STOFF-GAS;Gasförmige Stoffe in t;FASSV1;Fassungsvermögen;FV050B100;über 50 bis 100;-;Anzahl;ANL016;Geprüfte Anlagen z. Umgang mit wassergef. Stoffen
32331;Erh. der Anlagen zum Umgang mit wassergef. Stoffen;JAHR;Jahr;2018;DINSG;Deutschland insgesamt;DG;Deutschland;ANLAT8;Anlagenart;ANLAGEN-07;Heizölverbraucheranlagen;STFAT3;Maßgebende Stoffart;STOFF-GAS;Gasförmige Stoffe in t;FASSV1;Fassungsvermögen;FV050B100;über 50 bis 100;-;Anzahl;ANL016;Geprüfte Anlagen z. Umgang mit wassergef. Stoffen
32331;Erh. der Anlagen zum Umgang mit wassergef. Stoffen;JAHR;Jahr;2020;DINSG;Deutschland insgesamt;DG;Deutschland;ANLAT8;Anlagenart;;Insgesamt;STFAT3;Maßgebende Stoffart;STOFF-FEST;Feste Stoffe in t;FASSV1;Fassungsvermögen;FV000B010;bis 10;32;Anzahl;ANL016;Geprüfte Anlagen z. Umgang mit wassergef. Stoffen
32331;Erh. der Anlagen zum Umgang mit wassergef. Stoffen;JAHR;Jahr;2023;DINSG;Deutschland insgesamt;DG;Deutschland;ANLAT8;Anlagenart;ANLAGEN-06;Herstellungs-, Behandlungs- und Verwendungsanlagen;STFAT3;Maßgebende Stoffart;STOFF-FEST;Feste Stoffe in t;FASSV1;Fassungsvermögen;;Insgesamt;13;Anzahl;ANL016;Geprüfte Anlagen z. Umgang mit wassergef. Stoffen
32331;Erh. der Anlagen zum Umgang mit wassergef. Stoffen;JAHR;Jahr;2023;DINSG;Deutschland insgesamt;DG;Deutschland;ANLAT8;Anlagenart;ANLAGEN-12;Tankstellen;STFAT3;Maßgebende Stoffart;STOFF-FLUES;Flüssige Stoffe in m3;FASSV1;Fassungsvermögen;FV010B050;über 10 bis 50;5440;Anzahl;ANL016;Geprüfte Anlagen z. Umgang mit wassergef. Stoffen
32331;Erh. der Anlagen zum Umgang mit wassergef. Stoffen;JAHR;Jahr;2020;DINSG;Deutschland insgesamt;DG;Deutschland;ANLAT8;Anlagenart;ANLAGEN-08;Lageranlagen (ohne Tankstellen u.Heizölverbr.anl.);STFAT3;Maßgebende Stoffart;STOFF-FLUES;Flüssige Stoffe in m3;FASSV1;Fassungsvermögen;FV010B050;über 10 bis 50;9708;Anzahl;ANL016;Geprüfte Anlagen z. Umgang mit wassergef. Stoffen
32331;Erh. der Anlagen zum Umgang mit wassergef. Stoffen;JAHR;Jahr;2019;DINSG;Deutschland insgesamt;DG;Deutschland;ANLAT8;Anlagenart;ANLAGEN-15;JGS-Anlagen;STFAT3;Maßgebende Stoffart;STOFF-FEST;Feste Stoffe in t;FASSV1;Fassungsvermögen;FV050B100;über 50 bis 100;-;Anzahl;ANL016;Geprüfte Anlagen z. Umgang mit wassergef. Stoffen
32331;Erh. der Anlagen zum Umgang mit wassergef. Stoffen;JAHR;Jahr;2021;DINSG;Deutschland insgesamt;DG;Deutschland;ANLAT8;Anlagenart;ANLAGEN-15;JGS-Anlagen;STFAT3;Maßgebende Stoffart;STOFF-FLUES;Flüssige Stoffe in m3;FASSV1;Fassungsvermögen;FV010B050;über 10 bis 50;47;Anzahl;ANL016;Geprüfte Anlagen z. Umgang mit wassergef. Stoffen
32331;Erh. der Anlagen zum Umgang mit wassergef. Stoffen;JAHR;Jahr;2018;DINSG;Deutschland insgesamt;DG;Deutschland;ANLAT8;Anlagenart;ANLAGEN-06;Herstellungs-, Behandlungs- und Verwendungsanlagen;STFAT3;Maßgebende Stoffart;STOFF-GAS;Gasförmige Stoffe in t;FASSV1;Fassungsvermögen;FV000B010;bis 10;13;Anzahl;ANL016;Geprüfte Anlagen z. Umgang mit wassergef. Stoffen
32331;Erh. der Anlagen zum Umgang mit wassergef. Stoffen;JAHR;Jahr;2019;DINSG;Deutschland insgesamt;DG;Deutschland;ANLAT8;Anlagenart;ANLAGEN-06;Herstellungs-, Behandlungs- und Verwendungsanlagen;STFAT3;Maßgebende Stoffart;STOFF-GAS;Gasförmige Stoffe in t;FASSV1;Fassungsvermögen;FV000B010;bis 10;9;Anzahl;ANL016;Geprüfte Anlagen z. Umgang mit wassergef. Stoffen
32331;Erh. der Anlagen zum Umgang mit wassergef. Stoffen;JAHR;Jahr;2020;DINSG;Deutschland insgesamt;DG;Deutschland;ANLAT8;Anlagenart;ANLAGEN-11;Umschlaganlagen des intermodalen Verkehrs;STFAT3;Maßgebende Stoffart;STOFF-FEST;Feste Stoffe in t;FASSV1;Fassungsvermögen;;Insgesamt;-;Anzahl;ANL016;Geprüfte Anlagen z. Umgang mit wassergef. Stoffen
32331;Erh. der Anlagen zum Umgang mit wassergef. Stoffen;JAHR;Jahr;2021;DINSG;Deutschland insgesamt;DG;Deutschland;ANLAT8;Anlagenart;ANLAGEN-07;Heizölverbraucheranlagen;STFAT3;Maßgebende Stoffart;STOFF-FLUES;Flüssige Stoffe in m3;FASSV1;Fassungsvermögen;;Insgesamt;178101;Anzahl;ANL016;Geprüfte Anlagen z. Umgang mit wassergef. Stoffen
32331;Erh. der Anlagen zum Umgang mit wassergef. Stoffen;JAHR;Jahr;2023;DINSG;Deutschland insgesamt;DG;Deutschland;ANLAT8;Anlagenart;ANLAGEN-07;Heizölverbraucheranlagen;STFAT3;Maßgebende Stoffart;STOFF-FLUES;Flüssige Stoffe in m3;FASSV1;Fassungsvermögen;;Insgesamt;174336;Anzahl;ANL016;Geprüfte Anlagen z. Umgang mit wassergef. Stoffen
32331;Erh. der Anlagen zum Umgang mit wassergef. Stoffen;JAHR;Jahr;2020;DINSG;Deutschland insgesamt;DG;Deutschland;ANLAT8;Anlagenart;ANLAGEN-07;Heizölverbraucheranlagen;STFAT3;Maßgebende Stoffart;STOFF-FLUES;Flüssige Stoffe in m3;FASSV1;Fassungsvermögen;;Insgesamt;187919;Anzahl;ANL016;Geprüfte Anlagen z. Umgang mit wassergef. Stoffen
32331;Erh. der Anlagen zum Umgang mit wassergef. Stoffen;JAHR;Jahr;2022;DINSG;Deutschland insgesamt;DG;Deutschland;ANLAT8;Anlagenart;ANLAGEN-07;Heizölverbraucheranlagen;STFAT3;Maßgebende Stoffart;STOFF-FLUES;Flüssige Stoffe in m3;FASSV1;Fassungsvermögen;;Insgesamt;170657;Anzahl;ANL016;Geprüfte Anlagen z. Umgang mit wassergef. Stoffen
32331;Erh. der Anlagen zum Umgang mit wassergef. Stoffen;JAHR;Jahr;2020;DINSG;Deutschland insgesamt;DG;Deutschland;ANLAT8;Anlagenart;ANLAGEN-12;Tankstellen;STFAT3;Maßgebende Stoffart;STOFF-FEST;Feste Stoffe in t;FASSV1;Fassungsvermögen;FV000B010;bis 10;-;Anzahl;ANL016;Geprüfte Anlagen z. Umgang mit wassergef. Stoffen
32331;Erh. der Anlagen zum Umgang mit wassergef. Stoffen;JAHR;Jahr;2018;DINSG;Deutschland insgesamt;DG;Deutschland;ANLAT8;Anlagenart;ANLAGEN-11;Umschlaganlagen des intermodalen Verkehrs;STFAT3;Maßgebende Stoffart;STOFF-FLUES;Flüssige Stoffe in m3;FASSV1;Fassungsvermögen;FV000B010;bis 10;-;Anzahl;ANL016;Geprüfte Anlagen z. Umgang mit wassergef. Stoffen
32331;Erh. der Anlagen zum Umgang mit wassergef. Stoffen;JAHR;Jahr;2018;DINSG;Deutschland insgesamt;DG;Deutschland;ANLAT8;Anlagenart;;Insgesamt;STFAT3;Maßgebende Stoffart;STOFF-GAS;Gasförmige Stoffe in t;FASSV1;Fassungsvermögen;FV010B050;über 10 bis 50;24;Anzahl;ANL016;Geprüfte Anlagen z. Umgang mit wassergef. Stoffen
32331;Erh. der Anlagen zum Umgang mit wassergef. Stoffen;JAHR;Jahr;2018;DINSG;Deutschland insgesamt;DG;Deutschland;ANLAT8;Anlagenart;ANLAGEN-09;Abfüllanlagen (ohne Tankstellen);STFAT3;Maßgebende Stoffart;STOFF-FEST;Feste Stoffe in t;FASSV1;Fassungsvermögen;FV050B100;über 50 bis 100;-;Anzahl;ANL016;Geprüfte Anlagen z. Umgang mit wassergef. Stoffen
32331;Erh. der Anlagen zum Umgang mit wassergef. Stoffen;JAHR;Jahr;2021;DINSG;Deutschland insgesamt;DG;Deutschland;ANLAT8;Anlagenart;ANLAGEN-06;Herstellungs-, Behandlungs- und Verwendungsanlagen;STFAT3;Maßgebende Stoffart;STOFF-GAS;Gasförmige Stoffe in t;FASSV1;Fassungsvermögen;;Insgesamt;29;Anzahl;ANL016;Geprüfte Anlagen z. Umgang mit wassergef. Stoffen
32331;Erh. der Anlagen zum Umgang mit wassergef. Stoffen;JAHR;Jahr;2020;DINSG;Deutschland insgesamt;DG;Deutschland;ANLAT8;Anlagenart;ANLAGEN-15;JGS-Anlagen;STFAT3;Maßgebende Stoffart;STOFF-FLUES;Flüssige Stoffe in m3;FASSV1;Fassungsvermögen;FV010B050;über 10 bis 50;61;Anzahl;ANL016;Geprüfte Anlagen z. Umgang mit wassergef. Stoffen
32331;Erh. der Anlagen zum Umgang mit wassergef. Stoffen;JAHR;Jahr;2022;DINSG;Deutschland insgesamt;DG;Deutschland;ANLAT8;Anlagenart;ANLAGEN-12;Tankstellen;STFAT3;Maßgebende Stoffart;STOFF-FLUES;Flüssige Stoffe in m3;FASSV1;Fassungsvermögen;FV100UM;über 100;3565;Anzahl;ANL016;Geprüfte Anlagen z. Umgang mit wassergef. Stoffen
32331;Erh. der Anlagen zum Umgang mit wassergef. Stoffen;JAHR;Jahr;2020;DINSG;Deutschland insgesamt;DG;Deutschland;ANLAT8;Anlagenart;;Insgesamt;STFAT3;Maßgebende Stoffart;STOFF-GAS;Gasförmige Stoffe in t;FASSV1;Fassungsvermögen;FV050B100;über 50 bis 100;11;Anzahl;ANL016;Geprüfte Anlagen z. Umgang mit wassergef. Stoffen
32331;Erh. der Anlagen zum Umgang mit wassergef. Stoffen;JAHR;Jahr;2023;DINSG;Deutschland insgesamt;DG;Deutschland;ANLAT8;Anlagenart;ANLAGEN-07;Heizölverbraucheranlagen;STFAT3;Maßgebende Stoffart;STOFF-GAS;Gasförmige Stoffe in t;FASSV1;Fassungsvermögen;FV000B010;bis 10;-;Anzahl;ANL016;Geprüfte Anlagen z. Umgang mit wassergef. Stoffen
32331;Erh. der Anlagen zum Umgang mit wassergef. Stoffen;JAHR;Jahr;2018;DINSG;Deutschland insgesamt;DG;Deutschland;ANLAT8;Anlagenart;ANLAGEN-08;Lageranlagen (ohne Tankstellen u.Heizölverbr.anl.);STFAT3;Maßgebende Stoffart;STOFF-GAS;Gasförmige Stoffe in t;FASSV1;Fassungsvermögen;FV100UM;über 100;13;Anzahl;ANL016;Geprüfte Anlagen z. Umgang mit wassergef. Stoffen
32331;Erh. der Anlagen zum Umgang mit wassergef. Stoffen;JAHR;Jahr;2021;DINSG;Deutschland insgesamt;DG;Deutschland;ANLAT8;Anlagenart;ANLAGEN-13;Rohrleitungsanlagen;STFAT3;Maßgebende Stoffart;STOFF-FEST;Feste Stoffe in t;FASSV1;Fassungsvermögen;FV000B010;bis 10;-;Anzahl;ANL016;Geprüfte Anlagen z. Umgang mit wassergef. Stoffen
32331;Erh. der Anlagen zum Umgang mit wassergef. Stoffen;JAHR;Jahr;2021;DINSG;Deutschland insgesamt;DG;Deutschland;ANLAT8;Anlagenart;ANLAGEN-08;Lageranlagen (ohne Tankstellen u.Heizölverbr.anl.);STFAT3;Maßgebende Stoffart;STOFF-FEST;Feste Stoffe in t;FASSV1;Fassungsvermögen;FV000B010;bis 10;5;Anzahl;ANL016;Geprüfte Anlagen z. Umgang mit wassergef. Stoffen
32331;Erh. der Anlagen zum Umgang mit wassergef. Stoffen;JAHR;Jahr;2019;DINSG;Deutschland insgesamt;DG;Deutschland;ANLAT8;Anlagenart;ANLAGEN-09;Abfüllanlagen (ohne Tankstellen);STFAT3;Maßgebende Stoffart;STOFF-GAS;Gasförmige Stoffe in t;FASSV1;Fassungsvermögen;FV000B010;bis 10;-;Anzahl;ANL016;Geprüfte Anlagen z. Umgang mit wassergef. Stoffen
32331;Erh. der Anlagen zum Umgang mit wassergef. Stoffen;JAHR;Jahr;2021;DINSG;Deutschland insgesamt;DG;Deutschland;ANLAT8;Anlagenart;ANLAGEN-12;Tankstellen;STFAT3;Maßgebende Stoffart;STOFF-FLUES;Flüssige Stoffe in m3;FASSV1;Fassungsvermögen;FV100UM;über 100;3053;Anzahl;ANL016;Geprüfte Anlagen z. Umgang mit wassergef. Stoffen
32331;Erh. der Anlagen zum Umgang mit wassergef. Stoffen;JAHR;Jahr;2022;DINSG;Deutschland insgesamt;DG;Deutschland;ANLAT8;Anlagenart;ANLAGEN-13;Rohrleitungsanlagen;STFAT3;Maßgebende Stoffart;STOFF-FEST;Feste Stoffe in t;FASSV1;Fassungsvermögen;FV100UM;über 100;-;Anzahl;ANL016;Geprüfte Anlagen z. Umgang mit wassergef. Stoffen
32331;Erh. der Anlagen zum Umgang mit wassergef. Stoffen;JAHR;Jahr;2021;DINSG;Deutschland insgesamt;DG;Deutschland;ANLAT8;Anlagenart;ANLAGEN-13;Rohrleitungsanlagen;STFAT3;Maßgebende Stoffart;STOFF-GAS;Gasförmige Stoffe in t;FASSV1;Fassungsvermögen;;Insgesamt;6;Anzahl;ANL016;Geprüfte Anlagen z. Umgang mit wassergef. Stoffen
32331;Erh. der Anlagen zum Umgang mit wassergef. Stoffen;JAHR;Jahr;2020;DINSG;Deutschland insgesamt;DG;Deutschland;ANLAT8;Anlagenart;ANLAGEN-13;Rohrleitungsanlagen;STFAT3;Maßgebende Stoffart;STOFF-FLUES;Flüssige Stoffe in m3;FASSV1;Fassungsvermögen;FV010B050;über 10 bis 50;293;Anzahl;ANL016;Geprüfte Anlagen z. Umgang mit wassergef. Stoffen
32331;Erh. der Anlagen zum Umgang mit wassergef. Stoffen;JAHR;Jahr;2019;DINSG;Deutschland insgesamt;DG;Deutschland;ANLAT8;Anlagenart;ANLAGEN-14;Biogasanlagen;STFAT3;Maßgebende Stoffart;STOFF-FEST;Feste Stoffe in t;FASSV1;Fassungsvermögen;FV050B100;über 50 bis 100;1;Anzahl;ANL016;Geprüfte Anlagen z. Umgang mit wassergef. Stoffen
32331;Erh. der Anlagen zum Umgang mit wassergef. Stoffen;JAHR;Jahr;2020;DINSG;Deutschland insgesamt;DG;Deutschland;ANLAT8;Anlagenart;ANLAGEN-09;Abfüllanlagen (ohne Tankstellen);STFAT3;Maßgebende Stoffart;STOFF-GAS;Gasförmige Stoffe in t;FASSV1;Fassungsvermögen;FV050B100;über 50 bis 100;1;Anzahl;ANL016;Geprüfte Anlagen z. Umgang mit wassergef. Stoffen
32331;Erh. der Anlagen zum Umgang mit wassergef. Stoffen;JAHR;Jahr;2023;DINSG;Deutschland insgesamt;DG;Deutschland;ANLAT8;Anlagenart;ANLAGEN-05;Umschlaganlagen;STFAT3;Maßgebende Stoffart;STOFF-FEST;Feste Stoffe in t;FASSV1;Fassungsvermögen;FV050B100;über 50 bis 100;-;Anzahl;ANL016;Geprüfte Anlagen z. Umgang mit wassergef. Stoffen
32331;Erh. der Anlagen zum Umgang mit wassergef. Stoffen;JAHR;Jahr;2018;DINSG;Deutschland insgesamt;DG;Deutschland;ANLAT8;Anlagenart;ANLAGEN-11;Umschlaganlagen des intermodalen Verkehrs;STFAT3;Maßgebende Stoffart;STOFF-GAS;Gasförmige Stoffe in t;FASSV1;Fassungsvermögen;FV100UM;über 100;-;Anzahl;ANL016;Geprüfte Anlagen z. Umgang mit wassergef. Stoffen
32331;Erh. der Anlagen zum Umgang mit wassergef. Stoffen;JAHR;Jahr;2019;DINSG;Deutschland insgesamt;DG;Deutschland;ANLAT8;Anlagenart;ANLAGEN-08;Lageranlagen (ohne Tankstellen u.Heizölverbr.anl.);STFAT3;Maßgebende Stoffart;STOFF-GAS;Gasförmige Stoffe in t;FASSV1;Fassungsvermögen;FV010B050;über 10 bis 50;5;Anzahl;ANL016;Geprüfte Anlagen z. Umgang mit wassergef. Stoffen
32331;Erh. der Anlagen zum Umgang mit wassergef. Stoffen;JAHR;Jahr;2018;DINSG;Deutschland insgesamt;DG;Deutschland;ANLAT8;Anlagenart;ANLAGEN-13;Rohrleitungsanlagen;STFAT3;Maßgebende Stoffart;STOFF-FEST;Feste Stoffe in t;FASSV1;Fassungsvermögen;FV050B100;über 50 bis 100;-;Anzahl;ANL016;Geprüfte Anlagen z. Umgang mit wassergef. Stoffen
32331;Erh. der Anlagen zum Umgang mit wassergef. Stoffen;JAHR;Jahr;2022;DINSG;Deutschland insgesamt;DG;Deutschland;ANLAT8;Anlagenart;ANLAGEN-06;Herstellungs-, Behandlungs- und Verwendungsanlagen;STFAT3;Maßgebende Stoffart;STOFF-FEST;Feste Stoffe in t;FASSV1;Fassungsvermögen;FV100UM;über 100;6;Anzahl;ANL016;Geprüfte Anlagen z. Umgang mit wassergef. Stoffen
32331;Erh. der Anlagen zum Umgang mit wassergef. Stoffen;JAHR;Jahr;2020;DINSG;Deutschland insgesamt;DG;Deutschland;ANLAT8;Anlagenart;ANLAGEN-08;Lageranlagen (ohne Tankstellen u.Heizölverbr.anl.);STFAT3;Maßgebende Stoffart;STOFF-FEST;Feste Stoffe in t;FASSV1;Fassungsvermögen;FV000B010;bis 10;13;Anzahl;ANL016;Geprüfte Anlagen z. Umgang mit wassergef. Stoffen
32331;Erh. der Anlagen zum Umgang mit wassergef. Stoffen;JAHR;Jahr;2018;DINSG;Deutschland insgesamt;DG;Deutschland;ANLAT8;Anlagenart;ANLAGEN-15;JGS-Anlagen;STFAT3;Maßgebende Stoffart;STOFF-GAS;Gasförmige Stoffe in t;FASSV1;Fassungsvermögen;FV100UM;über 100;-;Anzahl;ANL016;Geprüfte Anlagen z. Umgang mit wassergef. Stoffen
32331;Erh. der Anlagen zum Umgang mit wassergef. Stoffen;JAHR;Jahr;2020;DINSG;Deutschland insgesamt;DG;Deutschland;ANLAT8;Anlagenart;ANLAGEN-05;Umschlaganlagen;STFAT3;Maßgebende Stoffart;STOFF-FEST;Feste Stoffe in t;FASSV1;Fassungsvermögen;FV010B050;über 10 bis 50;-;Anzahl;ANL016;Geprüfte Anlagen z. Umgang mit wassergef. Stoffen
32331;Erh. der Anlagen zum Umgang mit wassergef. Stoffen;JAHR;Jahr;2023;DINSG;Deutschland insgesamt;DG;Deutschland;ANLAT8;Anlagenart;ANLAGEN-05;Umschlaganlagen;STFAT3;Maßgebende Stoffart;STOFF-FLUES;Flüssige Stoffe in m3;FASSV1;Fassungsvermögen;FV000B010;bis 10;-;Anzahl;ANL016;Geprüfte Anlagen z. Umgang mit wassergef. Stoffen
32331;Erh. der Anlagen zum Umgang mit wassergef. Stoffen;JAHR;Jahr;2021;DINSG;Deutschland insgesamt;DG;Deutschland;ANLAT8;Anlagenart;;Insgesamt;STFAT3;Maßgebende Stoffart;STOFF-FEST;Feste Stoffe in t;FASSV1;Fassungsvermögen;FV050B100;über 50 bis 100;8;Anzahl;ANL016;Geprüfte Anlagen z. Umgang mit wassergef. Stoffen
32331;Erh. der Anlagen zum Umgang mit wassergef. Stoffen;JAHR;Jahr;2020;DINSG;Deutschland insgesamt;DG;Deutschland;ANLAT8;Anlagenart;ANLAGEN-15;JGS-Anlagen;STFAT3;Maßgebende Stoffart;STOFF-FLUES;Flüssige Stoffe in m3;FASSV1;Fassungsvermögen;FV100UM;über 100;1072;Anzahl;ANL016;Geprüfte Anlagen z. Umgang mit wassergef. Stoffen
32331;Erh. der Anlagen zum Umgang mit wassergef. Stoffen;JAHR;Jahr;2018;DINSG;Deutschland insgesamt;DG;Deutschland;ANLAT8;Anlagenart;ANLAGEN-13;Rohrleitungsanlagen;STFAT3;Maßgebende Stoffart;STOFF-FLUES;Flüssige Stoffe in m3;FASSV1;Fassungsvermögen;FV100UM;über 100;272;Anzahl;ANL016;Geprüfte Anlagen z. Umgang mit wassergef. Stoffen
32331;Erh. der Anlagen zum Umgang mit wassergef. Stoffen;JAHR;Jahr;2020;DINSG;Deutschland insgesamt;DG;Deutschland;ANLAT8;Anlagenart;ANLAGEN-08;Lageranlagen (ohne Tankstellen u.Heizölverbr.anl.);STFAT3;Maßgebende Stoffart;STOFF-GAS;Gasförmige Stoffe in t;FASSV1;Fassungsvermögen;FV000B010;bis 10;1;Anzahl;ANL016;Geprüfte Anlagen z. Umgang mit wassergef. Stoffen
32331;Erh. der Anlagen zum Umgang mit wassergef. Stoffen;JAHR;Jahr;2019;DINSG;Deutschland insgesamt;DG;Deutschland;ANLAT8;Anlagenart;ANLAGEN-08;Lageranlagen (ohne Tankstellen u.Heizölverbr.anl.);STFAT3;Maßgebende Stoffart;STOFF-FLUES;Flüssige Stoffe in m3;FASSV1;Fassungsvermögen;;Insgesamt;27276;Anzahl;ANL016;Geprüfte Anlagen z. Umgang mit wassergef. Stoffen
32331;Erh. der Anlagen zum Umgang mit wassergef. Stoffen;JAHR;Jahr;2020;DINSG;Deutschland insgesamt;DG;Deutschland;ANLAT8;Anlagenart;ANLAGEN-06;Herstellungs-, Behandlungs- und Verwendungsanlagen;STFAT3;Maßgebende Stoffart;STOFF-FEST;Feste Stoffe in t;FASSV1;Fassungsvermögen;;Insgesamt;30;Anzahl;ANL016;Geprüfte Anlagen z. Umgang mit wassergef. Stoffen
32331;Erh. der Anlagen zum Umgang mit wassergef. Stoffen;JAHR;Jahr;2019;DINSG;Deutschland insgesamt;DG;Deutschland;ANLAT8;Anlagenart;ANLAGEN-11;Umschlaganlagen des intermodalen Verkehrs;STFAT3;Maßgebende Stoffart;STOFF-FLUES;Flüssige Stoffe in m3;FASSV1;Fassungsvermögen;FV000B010;bis 10;-;Anzahl;ANL016;Geprüfte Anlagen z. Umgang mit wassergef. Stoffen
32331;Erh. der Anlagen zum Umgang mit wassergef. Stoffen;JAHR;Jahr;2019;DINSG;Deutschland insgesamt;DG;Deutschland;ANLAT8;Anlagenart;ANLAGEN-08;Lageranlagen (ohne Tankstellen u.Heizölverbr.anl.);STFAT3;Maßgebende Stoffart;STOFF-FEST;Feste Stoffe in t;FASSV1;Fassungsvermögen;FV100UM;über 100;122;Anzahl;ANL016;Geprüfte Anlagen z. Umgang mit wassergef. Stoffen
32331;Erh. der Anlagen zum Umgang mit wassergef. Stoffen;JAHR;Jahr;2023;DINSG;Deutschland insgesamt;DG;Deutschland;ANLAT8;Anlagenart;ANLAGEN-15;JGS-Anlagen;STFAT3;Maßgebende Stoffart;STOFF-GAS;Gasförmige Stoffe in t;FASSV1;Fassungsvermögen;FV050B100;über 50 bis 100;-;Anzahl;ANL016;Geprüfte Anlagen z. Umgang mit wassergef. Stoffen
32331;Erh. der Anlagen zum Umgang mit wassergef. Stoffen;JAHR;Jahr;2020;DINSG;Deutschland insgesamt;DG;Deutschland;ANLAT8;Anlagenart;ANLAGEN-07;Heizölverbraucheranlagen;STFAT3;Maßgebende Stoffart;STOFF-FEST;Feste Stoffe in t;FASSV1;Fassungsvermögen;FV000B010;bis 10;-;Anzahl;ANL016;Geprüfte Anlagen z. Umgang mit wassergef. Stoffen
32331;Erh. der Anlagen zum Umgang mit wassergef. Stoffen;JAHR;Jahr;2020;DINSG;Deutschland insgesamt;DG;Deutschland;ANLAT8;Anlagenart;ANLAGEN-07;Heizölverbraucheranlagen;STFAT3;Maßgebende Stoffart;STOFF-GAS;Gasförmige Stoffe in t;FASSV1;Fassungsvermögen;FV010B050;über 10 bis 50;-;Anzahl;ANL016;Geprüfte Anlagen z. Umgang mit wassergef. Stoffen
32331;Erh. der Anlagen zum Umgang mit wassergef. Stoffen;JAHR;Jahr;2020;DINSG;Deutschland insgesamt;DG;Deutschland;ANLAT8;Anlagenart;ANLAGEN-05;Umschlaganlagen;STFAT3;Maßgebende Stoffart;STOFF-GAS;Gasförmige Stoffe in t;FASSV1;Fassungsvermögen;FV100UM;über 100;-;Anzahl;ANL016;Geprüfte Anlagen z. Umgang mit wassergef. Stoffen
32331;Erh. der Anlagen zum Umgang mit wassergef. Stoffen;JAHR;Jahr;2022;DINSG;Deutschland insgesamt;DG;Deutschland;ANLAT8;Anlagenart;ANLAGEN-05;Umschlaganlagen;STFAT3;Maßgebende Stoffart;STOFF-FLUES;Flüssige Stoffe in m3;FASSV1;Fassungsvermögen;FV000B010;bis 10;-;Anzahl;ANL016;Geprüfte Anlagen z. Umgang mit wassergef. Stoffen
32331;Erh. der Anlagen zum Umgang mit wassergef. Stoffen;JAHR;Jahr;2022;DINSG;Deutschland insgesamt;DG;Deutschland;ANLAT8;Anlagenart;ANLAGEN-14;Biogasanlagen;STFAT3;Maßgebende Stoffart;STOFF-FLUES;Flüssige Stoffe in m3;FASSV1;Fassungsvermögen;;Insgesamt;1236;Anzahl;ANL016;Geprüfte Anlagen z. Umgang mit wassergef. Stoffen
32331;Erh. der Anlagen zum Umgang mit wassergef. Stoffen;JAHR;Jahr;2022;DINSG;Deutschland insgesamt;DG;Deutschland;ANLAT8;Anlagenart;ANLAGEN-14;Biogasanlagen;STFAT3;Maßgebende Stoffart;STOFF-FEST;Feste Stoffe in t;FASSV1;Fassungsvermögen;FV000B010;bis 10;-;Anzahl;ANL016;Geprüfte Anlagen z. Umgang mit wassergef. Stoffen
32331;Erh. der Anlagen zum Umgang mit wassergef. Stoffen;JAHR;Jahr;2021;DINSG;Deutschland insgesamt;DG;Deutschland;ANLAT8;Anlagenart;ANLAGEN-06;Herstellungs-, Behandlungs- und Verwendungsanlagen;STFAT3;Maßgebende Stoffart;STOFF-GAS;Gasförmige Stoffe in t;FASSV1;Fassungsvermögen;FV050B100;über 50 bis 100;1;Anzahl;ANL016;Geprüfte Anlagen z. Umgang mit wassergef. Stoffen
32331;Erh. der Anlagen zum Umgang mit wassergef. Stoffen;JAHR;Jahr;2019;DINSG;Deutschland insgesamt;DG;Deutschland;ANLAT8;Anlagenart;;Insgesamt;STFAT3;Maßgebende Stoffart;STOFF-FEST;Feste Stoffe in t;FASSV1;Fassungsvermögen;FV100UM;über 100;196;Anzahl;ANL016;Geprüfte Anlagen z. Umgang mit wassergef. Stoffen
32331;Erh. der Anlagen zum Umgang mit wassergef. Stoffen;JAHR;Jahr;2019;DINSG;Deutschland insgesamt;DG;Deutschland;ANLAT8;Anlagenart;ANLAGEN-06;Herstellungs-, Behandlungs- und Verwendungsanlagen;STFAT3;Maßgebende Stoffart;STOFF-FLUES;Flüssige Stoffe in m3;FASSV1;Fassungsvermögen;FV100UM;über 100;747;Anzahl;ANL016;Geprüfte Anlagen z. Umgang mit wassergef. Stoffen
32331;Erh. der Anlagen zum Umgang mit wassergef. Stoffen;JAHR;Jahr;2023;DINSG;Deutschland insgesamt;DG;Deutschland;ANLAT8;Anlagenart;ANLAGEN-15;JGS-Anlagen;STFAT3;Maßgebende Stoffart;STOFF-FEST;Feste Stoffe in t;FASSV1;Fassungsvermögen;FV000B010;bis 10;-;Anzahl;ANL016;Geprüfte Anlagen z. Umgang mit wassergef. Stoffen
32331;Erh. der Anlagen zum Umgang mit wassergef. Stoffen;JAHR;Jahr;2018;DINSG;Deutschland insgesamt;DG;Deutschland;ANLAT8;Anlagenart;ANLAGEN-12;Tankstellen;STFAT3;Maßgebende Stoffart;STOFF-FEST;Feste Stoffe in t;FASSV1;Fassungsvermögen;;Insgesamt;-;Anzahl;ANL016;Geprüfte Anlagen z. Umgang mit wassergef. Stoffen
32331;Erh. der Anlagen zum Umgang mit wassergef. Stoffen;JAHR;Jahr;2023;DINSG;Deutschland insgesamt;DG;Deutschland;ANLAT8;Anlagenart;ANLAGEN-14;Biogasanlagen;STFAT3;Maßgebende Stoffart;STOFF-GAS;Gasförmige Stoffe in t;FASSV1;Fassungsvermögen;FV000B010;bis 10;-;Anzahl;ANL016;Geprüfte Anlagen z. Umgang mit wassergef. Stoffen
32331;Erh. der Anlagen zum Umgang mit wassergef. Stoffen;JAHR;Jahr;2020;DINSG;Deutschland insgesamt;DG;Deutschland;ANLAT8;Anlagenart;ANLAGEN-05;Umschlaganlagen;STFAT3;Maßgebende Stoffart;STOFF-FLUES;Flüssige Stoffe in m3;FASSV1;Fassungsvermögen;FV100UM;über 100;-;Anzahl;ANL016;Geprüfte Anlagen z. Umgang mit wassergef. Stoffen
32331;Erh. der Anlagen zum Umgang mit wassergef. Stoffen;JAHR;Jahr;2018;DINSG;Deutschland insgesamt;DG;Deutschland;ANLAT8;Anlagenart;;Insgesamt;STFAT3;Maßgebende Stoffart;STOFF-FLUES;Flüssige Stoffe in m3;FASSV1;Fassungsvermögen;;Insgesamt;227545;Anzahl;ANL016;Geprüfte Anlagen z. Umgang mit wassergef. Stoffen
32331;Erh. der Anlagen zum Umgang mit wassergef. Stoffen;JAHR;Jahr;2019;DINSG;Deutschland insgesamt;DG;Deutschland;ANLAT8;Anlagenart;ANLAGEN-06;Herstellungs-, Behandlungs- und Verwendungsanlagen;STFAT3;Maßgebende Stoffart;STOFF-FLUES;Flüssige Stoffe in m3;FASSV1;Fassungsvermögen;FV000B010;bis 10;2840;Anzahl;ANL016;Geprüfte Anlagen z. Umgang mit wassergef. Stoffen
32331;Erh. der Anlagen zum Umgang mit wassergef. Stoffen;JAHR;Jahr;2021;DINSG;Deutschland insgesamt;DG;Deutschland;ANLAT8;Anlagenart;ANLAGEN-05;Umschlaganlagen;STFAT3;Maßgebende Stoffart;STOFF-GAS;Gasförmige Stoffe in t;FASSV1;Fassungsvermögen;FV000B010;bis 10;-;Anzahl;ANL016;Geprüfte Anlagen z. Umgang mit wassergef. Stoffen
32331;Erh. der Anlagen zum Umgang mit wassergef. Stoffen;JAHR;Jahr;2022;DINSG;Deutschland insgesamt;DG;Deutschland;ANLAT8;Anlagenart;ANLAGEN-05;Umschlaganlagen;STFAT3;Maßgebende Stoffart;STOFF-FLUES;Flüssige Stoffe in m3;FASSV1;Fassungsvermögen;FV100UM;über 100;-;Anzahl;ANL016;Geprüfte Anlagen z. Umgang mit wassergef. Stoffen
32331;Erh. der Anlagen zum Umgang mit wassergef. Stoffen;JAHR;Jahr;2022;DINSG;Deutschland insgesamt;DG;Deutschland;ANLAT8;Anlagenart;ANLAGEN-10;Umschlaganlagen ohne intermodalen Verkehr;STFAT3;Maßgebende Stoffart;STOFF-FLUES;Flüssige Stoffe in m3;FASSV1;Fassungsvermögen;FV000B010;bis 10;140;Anzahl;ANL016;Geprüfte Anlagen z. Umgang mit wassergef. Stoffen
32331;Erh. der Anlagen zum Umgang mit wassergef. Stoffen;JAHR;Jahr;2018;DINSG;Deutschland insgesamt;DG;Deutschland;ANLAT8;Anlagenart;ANLAGEN-14;Biogasanlagen;STFAT3;Maßgebende Stoffart;STOFF-FEST;Feste Stoffe in t;FASSV1;Fassungsvermögen;FV050B100;über 50 bis 100;-;Anzahl;ANL016;Geprüfte Anlagen z. Umgang mit wassergef. Stoffen
32331;Erh. der Anlagen zum Umgang mit wassergef. Stoffen;JAHR;Jahr;2021;DINSG;Deutschland insgesamt;DG;Deutschland;ANLAT8;Anlagenart;ANLAGEN-06;Herstellungs-, Behandlungs- und Verwendungsanlagen;STFAT3;Maßgebende Stoffart;STOFF-FEST;Feste Stoffe in t;FASSV1;Fassungsvermögen;FV010B050;über 10 bis 50;1;Anzahl;ANL016;Geprüfte Anlagen z. Umgang mit wassergef. Stoffen
32331;Erh. der Anlagen zum Umgang mit wassergef. Stoffen;JAHR;Jahr;2023;DINSG;Deutschland insgesamt;DG;Deutschland;ANLAT8;Anlagenart;ANLAGEN-13;Rohrleitungsanlagen;STFAT3;Maßgebende Stoffart;STOFF-FLUES;Flüssige Stoffe in m3;FASSV1;Fassungsvermögen;FV050B100;über 50 bis 100;191;Anzahl;ANL016;Geprüfte Anlagen z. Umgang mit wassergef. Stoffen
32331;Erh. der Anlagen zum Umgang mit wassergef. Stoffen;JAHR;Jahr;2022;DINSG;Deutschland insgesamt;DG;Deutschland;ANLAT8;Anlagenart;ANLAGEN-07;Heizölverbraucheranlagen;STFAT3;Maßgebende Stoffart;STOFF-GAS;Gasförmige Stoffe in t;FASSV1;Fassungsvermögen;FV010B050;über 10 bis 50;-;Anzahl;ANL016;Geprüfte Anlagen z. Umgang mit wassergef. Stoffen
32331;Erh. der Anlagen zum Umgang mit wassergef. Stoffen;JAHR;Jahr;2021;DINSG;Deutschland insgesamt;DG;Deutschland;ANLAT8;Anlagenart;ANLAGEN-09;Abfüllanlagen (ohne Tankstellen);STFAT3;Maßgebende Stoffart;STOFF-FEST;Feste Stoffe in t;FASSV1;Fassungsvermögen;FV000B010;bis 10;-;Anzahl;ANL016;Geprüfte Anlagen z. Umgang mit wassergef. Stoffen
32331;Erh. der Anlagen zum Umgang mit wassergef. Stoffen;JAHR;Jahr;2022;DINSG;Deutschland insgesamt;DG;Deutschland;ANLAT8;Anlagenart;ANLAGEN-07;Heizölverbraucheranlagen;STFAT3;Maßgebende Stoffart;STOFF-FEST;Feste Stoffe in t;FASSV1;Fassungsvermögen;FV010B050;über 10 bis 50;-;Anzahl;ANL016;Geprüfte Anlagen z. Umgang mit wassergef. Stoffen
32331;Erh. der Anlagen zum Umgang mit wassergef. Stoffen;JAHR;Jahr;2022;DINSG;Deutschland insgesamt;DG;Deutschland;ANLAT8;Anlagenart;ANLAGEN-15;JGS-Anlagen;STFAT3;Maßgebende Stoffart;STOFF-FEST;Feste Stoffe in t;FASSV1;Fassungsvermögen;FV000B010;bis 10;1;Anzahl;ANL016;Geprüfte Anlagen z. Umgang mit wassergef. Stoffen
32331;Erh. der Anlagen zum Umgang mit wassergef. Stoffen;JAHR;Jahr;2022;DINSG;Deutschland insgesamt;DG;Deutschland;ANLAT8;Anlagenart;;Insgesamt;STFAT3;Maßgebende Stoffart;STOFF-GAS;Gasförmige Stoffe in t;FASSV1;Fassungsvermögen;FV010B050;über 10 bis 50;14;Anzahl;ANL016;Geprüfte Anlagen z. Umgang mit wassergef. Stoffen
32331;Erh. der Anlagen zum Umgang mit wassergef. Stoffen;JAHR;Jahr;2020;DINSG;Deutschland insgesamt;DG;Deutschland;ANLAT8;Anlagenart;ANLAGEN-06;Herstellungs-, Behandlungs- und Verwendungsanlagen;STFAT3;Maßgebende Stoffart;STOFF-FLUES;Flüssige Stoffe in m3;FASSV1;Fassungsvermögen;FV010B050;über 10 bis 50;1735;Anzahl;ANL016;Geprüfte Anlagen z. Umgang mit wassergef. Stoffen
32331;Erh. der Anlagen zum Umgang mit wassergef. Stoffen;JAHR;Jahr;2019;DINSG;Deutschland insgesamt;DG;Deutschland;ANLAT8;Anlagenart;;Insgesamt;STFAT3;Maßgebende Stoffart;STOFF-FLUES;Flüssige Stoffe in m3;FASSV1;Fassungsvermögen;FV010B050;über 10 bis 50;72261;Anzahl;ANL016;Geprüfte Anlagen z. Umgang mit wassergef. Stoffen
32331;Erh. der Anlagen zum Umgang mit wassergef. Stoffen;JAHR;Jahr;2020;DINSG;Deutschland insgesamt;DG;Deutschland;ANLAT8;Anlagenart;ANLAGEN-06;Herstellungs-, Behandlungs- und Verwendungsanlagen;STFAT3;Maßgebende Stoffart;STOFF-FEST;Feste Stoffe in t;FASSV1;Fassungsvermögen;FV010B050;über 10 bis 50;2;Anzahl;ANL016;Geprüfte Anlagen z. Umgang mit wassergef. Stoffen
32331;Erh. der Anlagen zum Umgang mit wassergef. Stoffen;JAHR;Jahr;2021;DINSG;Deutschland insgesamt;DG;Deutschland;ANLAT8;Anlagenart;ANLAGEN-09;Abfüllanlagen (ohne Tankstellen);STFAT3;Maßgebende Stoffart;STOFF-FEST;Feste Stoffe in t;FASSV1;Fassungsvermögen;;Insgesamt;7;Anzahl;ANL016;Geprüfte Anlagen z. Umgang mit wassergef. Stoffen
32331;Erh. der Anlagen zum Umgang mit wassergef. Stoffen;JAHR;Jahr;2021;DINSG;Deutschland insgesamt;DG;Deutschland;ANLAT8;Anlagenart;ANLAGEN-07;Heizölverbraucheranlagen;STFAT3;Maßgebende Stoffart;STOFF-FEST;Feste Stoffe in t;FASSV1;Fassungsvermögen;FV010B050;über 10 bis 50;-;Anzahl;ANL016;Geprüfte Anlagen z. Umgang mit wassergef. Stoffen
32331;Erh. der Anlagen zum Umgang mit wassergef. Stoffen;JAHR;Jahr;2021;DINSG;Deutschland insgesamt;DG;Deutschland;ANLAT8;Anlagenart;ANLAGEN-12;Tankstellen;STFAT3;Maßgebende Stoffart;STOFF-FEST;Feste Stoffe in t;FASSV1;Fassungsvermögen;FV010B050;über 10 bis 50;-;Anzahl;ANL016;Geprüfte Anlagen z. Umgang mit wassergef. Stoffen
32331;Erh. der Anlagen zum Umgang mit wassergef. Stoffen;JAHR;Jahr;2022;DINSG;Deutschland insgesamt;DG;Deutschland;ANLAT8;Anlagenart;ANLAGEN-08;Lageranlagen (ohne Tankstellen u.Heizölverbr.anl.);STFAT3;Maßgebende Stoffart;STOFF-FEST;Feste Stoffe in t;FASSV1;Fassungsvermögen;FV100UM;über 100;130;Anzahl;ANL016;Geprüfte Anlagen z. Umgang mit wassergef. Stoffen
32331;Erh. der Anlagen zum Umgang mit wassergef. Stoffen;JAHR;Jahr;2023;DINSG;Deutschland insgesamt;DG;Deutschland;ANLAT8;Anlagenart;ANLAGEN-10;Umschlaganlagen ohne intermodalen Verkehr;STFAT3;Maßgebende Stoffart;STOFF-FLUES;Flüssige Stoffe in m3;FASSV1;Fassungsvermögen;FV010B050;über 10 bis 50;148;Anzahl;ANL016;Geprüfte Anlagen z. Umgang mit wassergef. Stoffen
32331;Erh. der Anlagen zum Umgang mit wassergef. Stoffen;JAHR;Jahr;2019;DINSG;Deutschland insgesamt;DG;Deutschland;ANLAT8;Anlagenart;ANLAGEN-14;Biogasanlagen;STFAT3;Maßgebende Stoffart;STOFF-GAS;Gasförmige Stoffe in t;FASSV1;Fassungsvermögen;FV050B100;über 50 bis 100;-;Anzahl;ANL016;Geprüfte Anlagen z. Umgang mit wassergef. Stoffen
32331;Erh. der Anlagen zum Umgang mit wassergef. Stoffen;JAHR;Jahr;2020;DINSG;Deutschland insgesamt;DG;Deutschland;ANLAT8;Anlagenart;ANLAGEN-10;Umschlaganlagen ohne intermodalen Verkehr;STFAT3;Maßgebende Stoffart;STOFF-GAS;Gasförmige Stoffe in t;FASSV1;Fassungsvermögen;FV100UM;über 100;-;Anzahl;ANL016;Geprüfte Anlagen z. Umgang mit wassergef. Stoffen
32331;Erh. der Anlagen zum Umgang mit wassergef. Stoffen;JAHR;Jahr;2018;DINSG;Deutschland insgesamt;DG;Deutschland;ANLAT8;Anlagenart;ANLAGEN-14;Biogasanlagen;STFAT3;Maßgebende Stoffart;STOFF-GAS;Gasförmige Stoffe in t;FASSV1;Fassungsvermögen;FV050B100;über 50 bis 100;-;Anzahl;ANL016;Geprüfte Anlagen z. Umgang mit wassergef. Stoffen
32331;Erh. der Anlagen zum Umgang mit wassergef. Stoffen;JAHR;Jahr;2020;DINSG;Deutschland insgesamt;DG;Deutschland;ANLAT8;Anlagenart;ANLAGEN-12;Tankstellen;STFAT3;Maßgebende Stoffart;STOFF-GAS;Gasförmige Stoffe in t;FASSV1;Fassungsvermögen;FV100UM;über 100;-;Anzahl;ANL016;Geprüfte Anlagen z. Umgang mit wassergef. Stoffen
32331;Erh. der Anlagen zum Umgang mit wassergef. Stoffen;JAHR;Jahr;2020;DINSG;Deutschland insgesamt;DG;Deutschland;ANLAT8;Anlagenart;ANLAGEN-14;Biogasanlagen;STFAT3;Maßgebende Stoffart;STOFF-GAS;Gasförmige Stoffe in t;FASSV1;Fassungsvermögen;FV100UM;über 100;-;Anzahl;ANL016;Geprüfte Anlagen z. Umgang mit wassergef. Stoffen
32331;Erh. der Anlagen zum Umgang mit wassergef. Stoffen;JAHR;Jahr;2023;DINSG;Deutschland insgesamt;DG;Deutschland;ANLAT8;Anlagenart;ANLAGEN-15;JGS-Anlagen;STFAT3;Maßgebende Stoffart;STOFF-FEST;Feste Stoffe in t;FASSV1;Fassungsvermögen;;Insgesamt;84;Anzahl;ANL016;Geprüfte Anlagen z. Umgang mit wassergef. Stoffen
32331;Erh. der Anlagen zum Umgang mit wassergef. Stoffen;JAHR;Jahr;2020;DINSG;Deutschland insgesamt;DG;Deutschland;ANLAT8;Anlagenart;ANLAGEN-14;Biogasanlagen;STFAT3;Maßgebende Stoffart;STOFF-FLUES;Flüssige Stoffe in m3;FASSV1;Fassungsvermögen;;Insgesamt;939;Anzahl;ANL016;Geprüfte Anlagen z. Umgang mit wassergef. Stoffen
32331;Erh. der Anlagen zum Umgang mit wassergef. Stoffen;JAHR;Jahr;2018;DINSG;Deutschland insgesamt;DG;Deutschland;ANLAT8;Anlagenart;ANLAGEN-09;Abfüllanlagen (ohne Tankstellen);STFAT3;Maßgebende Stoffart;STOFF-FLUES;Flüssige Stoffe in m3;FASSV1;Fassungsvermögen;FV010B050;über 10 bis 50;995;Anzahl;ANL016;Geprüfte Anlagen z. Umgang mit wassergef. Stoffen
32331;Erh. der Anlagen zum Umgang mit wassergef. Stoffen;JAHR;Jahr;2020;DINSG;Deutschland insgesamt;DG;Deutschland;ANLAT8;Anlagenart;ANLAGEN-09;Abfüllanlagen (ohne Tankstellen);STFAT3;Maßgebende Stoffart;STOFF-FLUES;Flüssige Stoffe in m3;FASSV1;Fassungsvermögen;FV050B100;über 50 bis 100;625;Anzahl;ANL016;Geprüfte Anlagen z. Umgang mit wassergef. Stoffen
32331;Erh. der Anlagen zum Umgang mit wassergef. Stoffen;JAHR;Jahr;2020;DINSG;Deutschland insgesamt;DG;Deutschland;ANLAT8;Anlagenart;ANLAGEN-09;Abfüllanlagen (ohne Tankstellen);STFAT3;Maßgebende Stoffart;STOFF-GAS;Gasförmige Stoffe in t;FASSV1;Fassungsvermögen;FV100UM;über 100;1;Anzahl;ANL016;Geprüfte Anlagen z. Umgang mit wassergef. Stoffen
32331;Erh. der Anlagen zum Umgang mit wassergef. Stoffen;JAHR;Jahr;2021;DINSG;Deutschland insgesamt;DG;Deutschland;ANLAT8;Anlagenart;ANLAGEN-10;Umschlaganlagen ohne intermodalen Verkehr;STFAT3;Maßgebende Stoffart;STOFF-FLUES;Flüssige Stoffe in m3;FASSV1;Fassungsvermögen;FV000B010;bis 10;150;Anzahl;ANL016;Geprüfte Anlagen z. Umgang mit wassergef. Stoffen
32331;Erh. der Anlagen zum Umgang mit wassergef. Stoffen;JAHR;Jahr;2020;DINSG;Deutschland insgesamt;DG;Deutschland;ANLAT8;Anlagenart;ANLAGEN-13;Rohrleitungsanlagen;STFAT3;Maßgebende Stoffart;STOFF-GAS;Gasförmige Stoffe in t;FASSV1;Fassungsvermögen;FV050B100;über 50 bis 100;2;Anzahl;ANL016;Geprüfte Anlagen z. Umgang mit wassergef. Stoffen
32331;Erh. der Anlagen zum Umgang mit wassergef. Stoffen;JAHR;Jahr;2019;DINSG;Deutschland insgesamt;DG;Deutschland;ANLAT8;Anlagenart;ANLAGEN-10;Umschlaganlagen ohne intermodalen Verkehr;STFAT3;Maßgebende Stoffart;STOFF-FLUES;Flüssige Stoffe in m3;FASSV1;Fassungsvermögen;FV050B100;über 50 bis 100;-;Anzahl;ANL016;Geprüfte Anlagen z. Umgang mit wassergef. Stoffen
32331;Erh. der Anlagen zum Umgang mit wassergef. Stoffen;JAHR;Jahr;2023;DINSG;Deutschland insgesamt;DG;Deutschland;ANLAT8;Anlagenart;ANLAGEN-07;Heizölverbraucheranlagen;STFAT3;Maßgebende Stoffart;STOFF-FLUES;Flüssige Stoffe in m3;FASSV1;Fassungsvermögen;FV000B010;bis 10;124368;Anzahl;ANL016;Geprüfte Anlagen z. Umgang mit wassergef. Stoffen
32331;Erh. der Anlagen zum Umgang mit wassergef. Stoffen;JAHR;Jahr;2021;DINSG;Deutschland insgesamt;DG;Deutschland;ANLAT8;Anlagenart;ANLAGEN-14;Biogasanlagen;STFAT3;Maßgebende Stoffart;STOFF-FEST;Feste Stoffe in t;FASSV1;Fassungsvermögen;FV000B010;bis 10;-;Anzahl;ANL016;Geprüfte Anlagen z. Umgang mit wassergef. Stoffen
32331;Erh. der Anlagen zum Umgang mit wassergef. Stoffen;JAHR;Jahr;2022;DINSG;Deutschland insgesamt;DG;Deutschland;ANLAT8;Anlagenart;ANLAGEN-09;Abfüllanlagen (ohne Tankstellen);STFAT3;Maßgebende Stoffart;STOFF-FEST;Feste Stoffe in t;FASSV1;Fassungsvermögen;FV000B010;bis 10;-;Anzahl;ANL016;Geprüfte Anlagen z. Umgang mit wassergef. Stoffen
32331;Erh. der Anlagen zum Umgang mit wassergef. Stoffen;JAHR;Jahr;2023;DINSG;Deutschland insgesamt;DG;Deutschland;ANLAT8;Anlagenart;ANLAGEN-13;Rohrleitungsanlagen;STFAT3;Maßgebende Stoffart;STOFF-FEST;Feste Stoffe in t;FASSV1;Fassungsvermögen;;Insgesamt;2;Anzahl;ANL016;Geprüfte Anlagen z. Umgang mit wassergef. Stoffen
32331;Erh. der Anlagen zum Umgang mit wassergef. Stoffen;JAHR;Jahr;2019;DINSG;Deutschland insgesamt;DG;Deutschland;ANLAT8;Anlagenart;ANLAGEN-15;JGS-Anlagen;STFAT3;Maßgebende Stoffart;STOFF-FLUES;Flüssige Stoffe in m3;FASSV1;Fassungsvermögen;;Insgesamt;677;Anzahl;ANL016;Geprüfte Anlagen z. Umgang mit wassergef. Stoffen
32331;Erh. der Anlagen zum Umgang mit wassergef. Stoffen;JAHR;Jahr;2021;DINSG;Deutschland insgesamt;DG;Deutschland;ANLAT8;Anlagenart;ANLAGEN-11;Umschlaganlagen des intermodalen Verkehrs;STFAT3;Maßgebende Stoffart;STOFF-GAS;Gasförmige Stoffe in t;FASSV1;Fassungsvermögen;FV010B050;über 10 bis 50;-;Anzahl;ANL016;Geprüfte Anlagen z. Umgang mit wassergef. Stoffen
32331;Erh. der Anlagen zum Umgang mit wassergef. Stoffen;JAHR;Jahr;2023;DINSG;Deutschland insgesamt;DG;Deutschland;ANLAT8;Anlagenart;ANLAGEN-08;Lageranlagen (ohne Tankstellen u.Heizölverbr.anl.);STFAT3;Maßgebende Stoffart;STOFF-FEST;Feste Stoffe in t;FASSV1;Fassungsvermögen;FV010B050;über 10 bis 50;15;Anzahl;ANL016;Geprüfte Anlagen z. Umgang mit wassergef. Stoffen
32331;Erh. der Anlagen zum Umgang mit wassergef. Stoffen;JAHR;Jahr;2022;DINSG;Deutschland insgesamt;DG;Deutschland;ANLAT8;Anlagenart;ANLAGEN-13;Rohrleitungsanlagen;STFAT3;Maßgebende Stoffart;STOFF-FEST;Feste Stoffe in t;FASSV1;Fassungsvermögen;FV010B050;über 10 bis 50;-;Anzahl;ANL016;Geprüfte Anlagen z. Umgang mit wassergef. Stoffen
32331;Erh. der Anlagen zum Umgang mit wassergef. Stoffen;JAHR;Jahr;2018;DINSG;Deutschland insgesamt;DG;Deutschland;ANLAT8;Anlagenart;ANLAGEN-09;Abfüllanlagen (ohne Tankstellen);STFAT3;Maßgebende Stoffart;STOFF-GAS;Gasförmige Stoffe in t;FASSV1;Fassungsvermögen;FV000B010;bis 10;1;Anzahl;ANL016;Geprüfte Anlagen z. Umgang mit wassergef. Stoffen
32331;Erh. der Anlagen zum Umgang mit wassergef. Stoffen;JAHR;Jahr;2019;DINSG;Deutschland insgesamt;DG;Deutschland;ANLAT8;Anlagenart;ANLAGEN-09;Abfüllanlagen (ohne Tankstellen);STFAT3;Maßgebende Stoffart;STOFF-FLUES;Flüssige Stoffe in m3;FASSV1;Fassungsvermögen;FV100UM;über 100;526;Anzahl;ANL016;Geprüfte Anlagen z. Umgang mit wassergef. Stoffen
32331;Erh. der Anlagen zum Umgang mit wassergef. Stoffen;JAHR;Jahr;2019;DINSG;Deutschland insgesamt;DG;Deutschland;ANLAT8;Anlagenart;ANLAGEN-13;Rohrleitungsanlagen;STFAT3;Maßgebende Stoffart;STOFF-FEST;Feste Stoffe in t;FASSV1;Fassungsvermögen;FV100UM;über 100;-;Anzahl;ANL016;Geprüfte Anlagen z. Umgang mit wassergef. Stoffen
32331;Erh. der Anlagen zum Umgang mit wassergef. Stoffen;JAHR;Jahr;2019;DINSG;Deutschland insgesamt;DG;Deutschland;ANLAT8;Anlagenart;ANLAGEN-06;Herstellungs-, Behandlungs- und Verwendungsanlagen;STFAT3;Maßgebende Stoffart;STOFF-FEST;Feste Stoffe in t;FASSV1;Fassungsvermögen;FV100UM;über 100;17;Anzahl;ANL016;Geprüfte Anlagen z. Umgang mit wassergef. Stoffen
32331;Erh. der Anlagen zum Umgang mit wassergef. Stoffen;JAHR;Jahr;2020;DINSG;Deutschland insgesamt;DG;Deutschland;ANLAT8;Anlagenart;ANLAGEN-12;Tankstellen;STFAT3;Maßgebende Stoffart;STOFF-FLUES;Flüssige Stoffe in m3;FASSV1;Fassungsvermögen;FV100UM;über 100;3087;Anzahl;ANL016;Geprüfte Anlagen z. Umgang mit wassergef. Stoffen
32331;Erh. der Anlagen zum Umgang mit wassergef. Stoffen;JAHR;Jahr;2019;DINSG;Deutschland insgesamt;DG;Deutschland;ANLAT8;Anlagenart;ANLAGEN-06;Herstellungs-, Behandlungs- und Verwendungsanlagen;STFAT3;Maßgebende Stoffart;STOFF-FEST;Feste Stoffe in t;FASSV1;Fassungsvermögen;FV000B010;bis 10;3;Anzahl;ANL016;Geprüfte Anlagen z. Umgang mit wassergef. Stoffen
32331;Erh. der Anlagen zum Umgang mit wassergef. Stoffen;JAHR;Jahr;2022;DINSG;Deutschland insgesamt;DG;Deutschland;ANLAT8;Anlagenart;ANLAGEN-11;Umschlaganlagen des intermodalen Verkehrs;STFAT3;Maßgebende Stoffart;STOFF-GAS;Gasförmige Stoffe in t;FASSV1;Fassungsvermögen;FV010B050;über 10 bis 50;-;Anzahl;ANL016;Geprüfte Anlagen z. Umgang mit wassergef. Stoffen
32331;Erh. der Anlagen zum Umgang mit wassergef. Stoffen;JAHR;Jahr;2018;DINSG;Deutschland insgesamt;DG;Deutschland;ANLAT8;Anlagenart;ANLAGEN-08;Lageranlagen (ohne Tankstellen u.Heizölverbr.anl.);STFAT3;Maßgebende Stoffart;STOFF-FEST;Feste Stoffe in t;FASSV1;Fassungsvermögen;FV050B100;über 50 bis 100;9;Anzahl;ANL016;Geprüfte Anlagen z. Umgang mit wassergef. Stoffen
32331;Erh. der Anlagen zum Umgang mit wassergef. Stoffen;JAHR;Jahr;2018;DINSG;Deutschland insgesamt;DG;Deutschland;ANLAT8;Anlagenart;ANLAGEN-05;Umschlaganlagen;STFAT3;Maßgebende Stoffart;STOFF-FEST;Feste Stoffe in t;FASSV1;Fassungsvermögen;FV000B010;bis 10;4;Anzahl;ANL016;Geprüfte Anlagen z. Umgang mit wassergef. Stoffen
32331;Erh. der Anlagen zum Umgang mit wassergef. Stoffen;JAHR;Jahr;2019;DINSG;Deutschland insgesamt;DG;Deutschland;ANLAT8;Anlagenart;;Insgesamt;STFAT3;Maßgebende Stoffart;STOFF-GAS;Gasförmige Stoffe in t;FASSV1;Fassungsvermögen;;Insgesamt;36;Anzahl;ANL016;Geprüfte Anlagen z. Umgang mit wassergef. Stoffen
32331;Erh. der Anlagen zum Umgang mit wassergef. Stoffen;JAHR;Jahr;2020;DINSG;Deutschland insgesamt;DG;Deutschland;ANLAT8;Anlagenart;ANLAGEN-08;Lageranlagen (ohne Tankstellen u.Heizölverbr.anl.);STFAT3;Maßgebende Stoffart;STOFF-FLUES;Flüssige Stoffe in m3;FASSV1;Fassungsvermögen;FV100UM;über 100;4079;Anzahl;ANL016;Geprüfte Anlagen z. Umgang mit wassergef. Stoffen
32331;Erh. der Anlagen zum Umgang mit wassergef. Stoffen;JAHR;Jahr;2020;DINSG;Deutschland insgesamt;DG;Deutschland;ANLAT8;Anlagenart;ANLAGEN-13;Rohrleitungsanlagen;STFAT3;Maßgebende Stoffart;STOFF-FEST;Feste Stoffe in t;FASSV1;Fassungsvermögen;FV000B010;bis 10;1;Anzahl;ANL016;Geprüfte Anlagen z. Umgang mit wassergef. Stoffen
32331;Erh. der Anlagen zum Umgang mit wassergef. Stoffen;JAHR;Jahr;2021;DINSG;Deutschland insgesamt;DG;Deutschland;ANLAT8;Anlagenart;ANLAGEN-08;Lageranlagen (ohne Tankstellen u.Heizölverbr.anl.);STFAT3;Maßgebende Stoffart;STOFF-FLUES;Flüssige Stoffe in m3;FASSV1;Fassungsvermögen;FV010B050;über 10 bis 50;8057;Anzahl;ANL016;Geprüfte Anlagen z. Umgang mit wassergef. Stoffen
32331;Erh. der Anlagen zum Umgang mit wassergef. Stoffen;JAHR;Jahr;2019;DINSG;Deutschland insgesamt;DG;Deutschland;ANLAT8;Anlagenart;ANLAGEN-11;Umschlaganlagen des intermodalen Verkehrs;STFAT3;Maßgebende Stoffart;STOFF-FEST;Feste Stoffe in t;FASSV1;Fassungsvermögen;FV000B010;bis 10;-;Anzahl;ANL016;Geprüfte Anlagen z. Umgang mit wassergef. Stoffen
32331;Erh. der Anlagen zum Umgang mit wassergef. Stoffen;JAHR;Jahr;2018;DINSG;Deutschland insgesamt;DG;Deutschland;ANLAT8;Anlagenart;ANLAGEN-07;Heizölverbraucheranlagen;STFAT3;Maßgebende Stoffart;STOFF-FEST;Feste Stoffe in t;FASSV1;Fassungsvermögen;;Insgesamt;-;Anzahl;ANL016;Geprüfte Anlagen z. Umgang mit wassergef. Stoffen
32331;Erh. der Anlagen zum Umgang mit wassergef. Stoffen;JAHR;Jahr;2018;DINSG;Deutschland insgesamt;DG;Deutschland;ANLAT8;Anlagenart;ANLAGEN-14;Biogasanlagen;STFAT3;Maßgebende Stoffart;STOFF-FEST;Feste Stoffe in t;FASSV1;Fassungsvermögen;;Insgesamt;2;Anzahl;ANL016;Geprüfte Anlagen z. Umgang mit wassergef. Stoffen
32331;Erh. der Anlagen zum Umgang mit wassergef. Stoffen;JAHR;Jahr;2019;DINSG;Deutschland insgesamt;DG;Deutschland;ANLAT8;Anlagenart;ANLAGEN-13;Rohrleitungsanlagen;STFAT3;Maßgebende Stoffart;STOFF-FLUES;Flüssige Stoffe in m3;FASSV1;Fassungsvermögen;FV100UM;über 100;353;Anzahl;ANL016;Geprüfte Anlagen z. Umgang mit wassergef. Stoffen
32331;Erh. der Anlagen zum Umgang mit wassergef. Stoffen;JAHR;Jahr;2018;DINSG;Deutschland insgesamt;DG;Deutschland;ANLAT8;Anlagenart;ANLAGEN-13;Rohrleitungsanlagen;STFAT3;Maßgebende Stoffart;STOFF-GAS;Gasförmige Stoffe in t;FASSV1;Fassungsvermögen;FV000B010;bis 10;7;Anzahl;ANL016;Geprüfte Anlagen z. Umgang mit wassergef. Stoffen
32331;Erh. der Anlagen zum Umgang mit wassergef. Stoffen;JAHR;Jahr;2021;DINSG;Deutschland insgesamt;DG;Deutschland;ANLAT8;Anlagenart;ANLAGEN-14;Biogasanlagen;STFAT3;Maßgebende Stoffart;STOFF-FLUES;Flüssige Stoffe in m3;FASSV1;Fassungsvermögen;;Insgesamt;1196;Anzahl;ANL016;Geprüfte Anlagen z. Umgang mit wassergef. Stoffen
32331;Erh. der Anlagen zum Umgang mit wassergef. Stoffen;JAHR;Jahr;2019;DINSG;Deutschland insgesamt;DG;Deutschland;ANLAT8;Anlagenart;ANLAGEN-15;JGS-Anlagen;STFAT3;Maßgebende Stoffart;STOFF-GAS;Gasförmige Stoffe in t;FASSV1;Fassungsvermögen;FV010B050;über 10 bis 50;-;Anzahl;ANL016;Geprüfte Anlagen z. Umgang mit wassergef. Stoffen
32331;Erh. der Anlagen zum Umgang mit wassergef. Stoffen;JAHR;Jahr;2020;DINSG;Deutschland insgesamt;DG;Deutschland;ANLAT8;Anlagenart;ANLAGEN-06;Herstellungs-, Behandlungs- und Verwendungsanlagen;STFAT3;Maßgebende Stoffart;STOFF-GAS;Gasförmige Stoffe in t;FASSV1;Fassungsvermögen;FV050B100;über 50 bis 100;1;Anzahl;ANL016;Geprüfte Anlagen z. Umgang mit wassergef. Stoffen
32331;Erh. der Anlagen zum Umgang mit wassergef. Stoffen;JAHR;Jahr;2021;DINSG;Deutschland insgesamt;DG;Deutschland;ANLAT8;Anlagenart;ANLAGEN-05;Umschlaganlagen;STFAT3;Maßgebende Stoffart;STOFF-FLUES;Flüssige Stoffe in m3;FASSV1;Fassungsvermögen;FV100UM;über 100;-;Anzahl;ANL016;Geprüfte Anlagen z. Umgang mit wassergef. Stoffen
32331;Erh. der Anlagen zum Umgang mit wassergef. Stoffen;JAHR;Jahr;2019;DINSG;Deutschland insgesamt;DG;Deutschland;ANLAT8;Anlagenart;ANLAGEN-13;Rohrleitungsanlagen;STFAT3;Maßgebende Stoffart;STOFF-FLUES;Flüssige Stoffe in m3;FASSV1;Fassungsvermögen;FV000B010;bis 10;811;Anzahl;ANL016;Geprüfte Anlagen z. Umgang mit wassergef. Stoffen
32331;Erh. der Anlagen zum Umgang mit wassergef. Stoffen;JAHR;Jahr;2023;DINSG;Deutschland insgesamt;DG;Deutschland;ANLAT8;Anlagenart;ANLAGEN-10;Umschlaganlagen ohne intermodalen Verkehr;STFAT3;Maßgebende Stoffart;STOFF-FEST;Feste Stoffe in t;FASSV1;Fassungsvermögen;FV050B100;über 50 bis 100;1;Anzahl;ANL016;Geprüfte Anlagen z. Umgang mit wassergef. Stoffen
32331;Erh. der Anlagen zum Umgang mit wassergef. Stoffen;JAHR;Jahr;2023;DINSG;Deutschland insgesamt;DG;Deutschland;ANLAT8;Anlagenart;ANLAGEN-11;Umschlaganlagen des intermodalen Verkehrs;STFAT3;Maßgebende Stoffart;STOFF-FLUES;Flüssige Stoffe in m3;FASSV1;Fassungsvermögen;FV050B100;über 50 bis 100;-;Anzahl;ANL016;Geprüfte Anlagen z. Umgang mit wassergef. Stoffen
32331;Erh. der Anlagen zum Umgang mit wassergef. Stoffen;JAHR;Jahr;2020;DINSG;Deutschland insgesamt;DG;Deutschland;ANLAT8;Anlagenart;ANLAGEN-05;Umschlaganlagen;STFAT3;Maßgebende Stoffart;STOFF-GAS;Gasförmige Stoffe in t;FASSV1;Fassungsvermögen;FV000B010;bis 10;-;Anzahl;ANL016;Geprüfte Anlagen z. Umgang mit wassergef. Stoffen
32331;Erh. der Anlagen zum Umgang mit wassergef. Stoffen;JAHR;Jahr;2020;DINSG;Deutschland insgesamt;DG;Deutschland;ANLAT8;Anlagenart;ANLAGEN-11;Umschlaganlagen des intermodalen Verkehrs;STFAT3;Maßgebende Stoffart;STOFF-FEST;Feste Stoffe in t;FASSV1;Fassungsvermögen;FV010B050;über 10 bis 50;-;Anzahl;ANL016;Geprüfte Anlagen z. Umgang mit wassergef. Stoffen
32331;Erh. der Anlagen zum Umgang mit wassergef. Stoffen;JAHR;Jahr;2019;DINSG;Deutschland insgesamt;DG;Deutschland;ANLAT8;Anlagenart;ANLAGEN-09;Abfüllanlagen (ohne Tankstellen);STFAT3;Maßgebende Stoffart;STOFF-FEST;Feste Stoffe in t;FASSV1;Fassungsvermögen;FV050B100;über 50 bis 100;-;Anzahl;ANL016;Geprüfte Anlagen z. Umgang mit wassergef. Stoffen
32331;Erh. der Anlagen zum Umgang mit wassergef. Stoffen;JAHR;Jahr;2021;DINSG;Deutschland insgesamt;DG;Deutschland;ANLAT8;Anlagenart;ANLAGEN-07;Heizölverbraucheranlagen;STFAT3;Maßgebende Stoffart;STOFF-GAS;Gasförmige Stoffe in t;FASSV1;Fassungsvermögen;FV010B050;über 10 bis 50;-;Anzahl;ANL016;Geprüfte Anlagen z. Umgang mit wassergef. Stoffen
32331;Erh. der Anlagen zum Umgang mit wassergef. Stoffen;JAHR;Jahr;2022;DINSG;Deutschland insgesamt;DG;Deutschland;ANLAT8;Anlagenart;ANLAGEN-11;Umschlaganlagen des intermodalen Verkehrs;STFAT3;Maßgebende Stoffart;STOFF-FLUES;Flüssige Stoffe in m3;FASSV1;Fassungsvermögen;;Insgesamt;11;Anzahl;ANL016;Geprüfte Anlagen z. Umgang mit wassergef. Stoffen
32331;Erh. der Anlagen zum Umgang mit wassergef. Stoffen;JAHR;Jahr;2022;DINSG;Deutschland insgesamt;DG;Deutschland;ANLAT8;Anlagenart;ANLAGEN-12;Tankstellen;STFAT3;Maßgebende Stoffart;STOFF-FLUES;Flüssige Stoffe in m3;FASSV1;Fassungsvermögen;FV000B010;bis 10;3008;Anzahl;ANL016;Geprüfte Anlagen z. Umgang mit wassergef. Stoffen
