statistics_code;statistics_label;time_code;time_label;time;1_variable_code;1_variable_label;1_variable_attribute_code;1_variable_attribute_label;2_variable_code;2_variable_label;2_variable_attribute_code;2_variable_attribute_label;3_variable_code;3_variable_label;3_variable_attribute_code;3_variable_attribute_label;value;value_unit;value_variable_code;value_variable_label
81000;Volkswirtschaftliche Gesamtrechnungen des Bundes;JAHR;Jahr;2022;DINSG;Deutschland insgesamt;DG;Deutschland;VGRPB5;Preisbasis (jeweilige Preise / preisbereinigt);VGRPVU;preisbereinigt, unverkettete Volumenang.(Mrd. EUR);WZ08G3;WZ2008: Wirtschaftsbereiche der VGR;WZ08-80-01;Unternehmensdienstleister a.n.g.;160,368;jew. ME;PRO013;Produktionswert
81000;Volkswirtschaftliche Gesamtrechnungen des Bundes;JAHR;Jahr;2022;DINSG;Deutschland insgesamt;DG;Deutschland;VGRPB5;Preisbasis (jeweilige Preise / preisbereinigt);VGRPVK;preisbereinigt, verkettete Volumenang. (Mrd. EUR);WZ08G3;WZ2008: Wirtschaftsbereiche der VGR;WZ08-29;Herstellung von Kraftwagen und Kraftwagenteilen;385,408;jew. ME;PRO013;Produktionswert
81000;Volkswirtschaftliche Gesamtrechnungen des Bundes;JAHR;Jahr;2021;DINSG;Deutschland insgesamt;DG;Deutschland;VGRPB5;Preisbasis (jeweilige Preise / preisbereinigt);VGRJPM;in jeweiligen Preisen (Mrd. EUR);WZ08G3;WZ2008: Wirtschaftsbereiche der VGR;WZ08-58-01;Verlagswesen, audiovisuelle Medien und Rundfunk;66,408;jew. ME;PRO013;Produktionswert
81000;Volkswirtschaftliche Gesamtrechnungen des Bundes;JAHR;Jahr;2024;DINSG;Deutschland insgesamt;DG;Deutschland;VGRPB5;Preisbasis (jeweilige Preise / preisbereinigt);VGRJPM;in jeweiligen Preisen (Mrd. EUR);WZ08G3;WZ2008: Wirtschaftsbereiche der VGR;WZ08-22-01;H.v. Gummi-, Kunststoff-, Glaswaren, Keramik u.Ä.;145,621;jew. ME;PRO013;Produktionswert
81000;Volkswirtschaftliche Gesamtrechnungen des Bundes;JAHR;Jahr;2022;DINSG;Deutschland insgesamt;DG;Deutschland;VGRPB5;Preisbasis (jeweilige Preise / preisbereinigt);VGRPVK;preisbereinigt, verkettete Volumenang. (Mrd. EUR);WZ08G3;WZ2008: Wirtschaftsbereiche der VGR;WZ08-29-01;Fahrzeugbau;436,159;jew. ME;PRO013;Produktionswert
81000;Volkswirtschaftliche Gesamtrechnungen des Bundes;JAHR;Jahr;2022;DINSG;Deutschland insgesamt;DG;Deutschland;VGRPB5;Preisbasis (jeweilige Preise / preisbereinigt);VGRJPM;in jeweiligen Preisen (Mrd. EUR);WZ08G3;WZ2008: Wirtschaftsbereiche der VGR;WZ08-96;Sonstige überwiegend persönliche Dienstleistungen;64,077;jew. ME;PRO013;Produktionswert
81000;Volkswirtschaftliche Gesamtrechnungen des Bundes;JAHR;Jahr;2023;DINSG;Deutschland insgesamt;DG;Deutschland;VGRPB5;Preisbasis (jeweilige Preise / preisbereinigt);VGRPVK;preisbereinigt, verkettete Volumenang. (Mrd. EUR);WZ08G3;WZ2008: Wirtschaftsbereiche der VGR;WZ08-66;Mit Finanz- u. Versicherungsdienstl. verb. Tätigk.;44,783;jew. ME;PRO013;Produktionswert
81000;Volkswirtschaftliche Gesamtrechnungen des Bundes;JAHR;Jahr;2023;DINSG;Deutschland insgesamt;DG;Deutschland;VGRPB5;Preisbasis (jeweilige Preise / preisbereinigt);VGRPVU;preisbereinigt, unverkettete Volumenang.(Mrd. EUR);WZ08G3;WZ2008: Wirtschaftsbereiche der VGR;WZ08-24;Metallerzeugung und -bearbeitung;143,699;jew. ME;PRO013;Produktionswert
81000;Volkswirtschaftliche Gesamtrechnungen des Bundes;JAHR;Jahr;2021;DINSG;Deutschland insgesamt;DG;Deutschland;VGRPB5;Preisbasis (jeweilige Preise / preisbereinigt);VGRPVK;preisbereinigt, verkettete Volumenang. (Mrd. EUR);WZ08G3;WZ2008: Wirtschaftsbereiche der VGR;WZ08-45;Kfz-Handel, Instandhaltung und Reparatur von Kfz;87,226;jew. ME;PRO013;Produktionswert
81000;Volkswirtschaftliche Gesamtrechnungen des Bundes;JAHR;Jahr;2025;DINSG;Deutschland insgesamt;DG;Deutschland;VGRPB5;Preisbasis (jeweilige Preise / preisbereinigt);VGRPVU;preisbereinigt, unverkettete Volumenang.(Mrd. EUR);WZ08G3;WZ2008: Wirtschaftsbereiche der VGR;WZ08-A-02;Alle Wirtschaftsbereiche;8371,905;jew. ME;PRO013;Produktionswert
81000;Volkswirtschaftliche Gesamtrechnungen des Bundes;JAHR;Jahr;2025;DINSG;Deutschland insgesamt;DG;Deutschland;VGRPB5;Preisbasis (jeweilige Preise / preisbereinigt);VGRPKM;preisbereinigt, Kettenindex (2020=100);WZ08G3;WZ2008: Wirtschaftsbereiche der VGR;WZ08-16;H.v. Holz-, Flecht-, Korb-u.Korkwaren (ohne Möbel);...;jew. ME;PRO013;Produktionswert
81000;Volkswirtschaftliche Gesamtrechnungen des Bundes;JAHR;Jahr;2025;DINSG;Deutschland insgesamt;DG;Deutschland;VGRPB5;Preisbasis (jeweilige Preise / preisbereinigt);VGRPKM;preisbereinigt, Kettenindex (2020=100);WZ08G3;WZ2008: Wirtschaftsbereiche der VGR;WZ08-29-01;Fahrzeugbau;...;jew. ME;PRO013;Produktionswert
81000;Volkswirtschaftliche Gesamtrechnungen des Bundes;JAHR;Jahr;2022;DINSG;Deutschland insgesamt;DG;Deutschland;VGRPB5;Preisbasis (jeweilige Preise / preisbereinigt);VGRPVK;preisbereinigt, verkettete Volumenang. (Mrd. EUR);WZ08G3;WZ2008: Wirtschaftsbereiche der VGR;WZ08-G-01;Handel, Verkehr, Gastgewerbe;1154,936;jew. ME;PRO013;Produktionswert
81000;Volkswirtschaftliche Gesamtrechnungen des Bundes;JAHR;Jahr;2024;DINSG;Deutschland insgesamt;DG;Deutschland;VGRPB5;Preisbasis (jeweilige Preise / preisbereinigt);VGRPKM;preisbereinigt, Kettenindex (2020=100);WZ08G3;WZ2008: Wirtschaftsbereiche der VGR;WZ08-R-02;Sonstige Dienstleister;121,510;jew. ME;PRO013;Produktionswert
81000;Volkswirtschaftliche Gesamtrechnungen des Bundes;JAHR;Jahr;2022;DINSG;Deutschland insgesamt;DG;Deutschland;VGRPB5;Preisbasis (jeweilige Preise / preisbereinigt);VGRJPM;in jeweiligen Preisen (Mrd. EUR);WZ08G3;WZ2008: Wirtschaftsbereiche der VGR;WZ08-F;Baugewerbe;437,539;jew. ME;PRO013;Produktionswert
81000;Volkswirtschaftliche Gesamtrechnungen des Bundes;JAHR;Jahr;2022;DINSG;Deutschland insgesamt;DG;Deutschland;VGRPB5;Preisbasis (jeweilige Preise / preisbereinigt);VGRPKM;preisbereinigt, Kettenindex (2020=100);WZ08G3;WZ2008: Wirtschaftsbereiche der VGR;WZ08-G-04;Dienstleistungsbereiche;109,510;jew. ME;PRO013;Produktionswert
81000;Volkswirtschaftliche Gesamtrechnungen des Bundes;JAHR;Jahr;2024;DINSG;Deutschland insgesamt;DG;Deutschland;VGRPB5;Preisbasis (jeweilige Preise / preisbereinigt);VGRPVK;preisbereinigt, verkettete Volumenang. (Mrd. EUR);WZ08G3;WZ2008: Wirtschaftsbereiche der VGR;WZ08-69-02;Rechts- und Steuerberatung, Unternehmensberatung;266,739;jew. ME;PRO013;Produktionswert
81000;Volkswirtschaftliche Gesamtrechnungen des Bundes;JAHR;Jahr;2022;DINSG;Deutschland insgesamt;DG;Deutschland;VGRPB5;Preisbasis (jeweilige Preise / preisbereinigt);VGRPVU;preisbereinigt, unverkettete Volumenang.(Mrd. EUR);WZ08G3;WZ2008: Wirtschaftsbereiche der VGR;WZ08-P;Erziehung und Unterricht;226,029;jew. ME;PRO013;Produktionswert
81000;Volkswirtschaftliche Gesamtrechnungen des Bundes;JAHR;Jahr;2022;DINSG;Deutschland insgesamt;DG;Deutschland;VGRPB5;Preisbasis (jeweilige Preise / preisbereinigt);VGRPVK;preisbereinigt, verkettete Volumenang. (Mrd. EUR);WZ08G3;WZ2008: Wirtschaftsbereiche der VGR;WZ08-13-01;Textil- und Bekleidungsgewerbe;22,533;jew. ME;PRO013;Produktionswert
81000;Volkswirtschaftliche Gesamtrechnungen des Bundes;JAHR;Jahr;2025;DINSG;Deutschland insgesamt;DG;Deutschland;VGRPB5;Preisbasis (jeweilige Preise / preisbereinigt);VGRPVU;preisbereinigt, unverkettete Volumenang.(Mrd. EUR);WZ08G3;WZ2008: Wirtschaftsbereiche der VGR;WZ08-45;Kfz-Handel, Instandhaltung und Reparatur von Kfz;...;jew. ME;PRO013;Produktionswert
81000;Volkswirtschaftliche Gesamtrechnungen des Bundes;JAHR;Jahr;2023;DINSG;Deutschland insgesamt;DG;Deutschland;VGRPB5;Preisbasis (jeweilige Preise / preisbereinigt);VGRJPM;in jeweiligen Preisen (Mrd. EUR);WZ08G3;WZ2008: Wirtschaftsbereiche der VGR;WZ08-45;Kfz-Handel, Instandhaltung und Reparatur von Kfz;109,360;jew. ME;PRO013;Produktionswert
81000;Volkswirtschaftliche Gesamtrechnungen des Bundes;JAHR;Jahr;2025;DINSG;Deutschland insgesamt;DG;Deutschland;VGRPB5;Preisbasis (jeweilige Preise / preisbereinigt);VGRJPM;in jeweiligen Preisen (Mrd. EUR);WZ08G3;WZ2008: Wirtschaftsbereiche der VGR;WZ08-66;Mit Finanz- u. Versicherungsdienstl. verb. Tätigk.;...;jew. ME;PRO013;Produktionswert
81000;Volkswirtschaftliche Gesamtrechnungen des Bundes;JAHR;Jahr;2025;DINSG;Deutschland insgesamt;DG;Deutschland;VGRPB5;Preisbasis (jeweilige Preise / preisbereinigt);VGRPVU;preisbereinigt, unverkettete Volumenang.(Mrd. EUR);WZ08G3;WZ2008: Wirtschaftsbereiche der VGR;WZ08-10-01;Ernährungsgewerbe und Tabakverarbeitung;...;jew. ME;PRO013;Produktionswert
81000;Volkswirtschaftliche Gesamtrechnungen des Bundes;JAHR;Jahr;2025;DINSG;Deutschland insgesamt;DG;Deutschland;VGRPB5;Preisbasis (jeweilige Preise / preisbereinigt);VGRPVK;preisbereinigt, verkettete Volumenang. (Mrd. EUR);WZ08G3;WZ2008: Wirtschaftsbereiche der VGR;WZ08-30;Sonstiger Fahrzeugbau;...;jew. ME;PRO013;Produktionswert
81000;Volkswirtschaftliche Gesamtrechnungen des Bundes;JAHR;Jahr;2024;DINSG;Deutschland insgesamt;DG;Deutschland;VGRPB5;Preisbasis (jeweilige Preise / preisbereinigt);VGRPKM;preisbereinigt, Kettenindex (2020=100);WZ08G3;WZ2008: Wirtschaftsbereiche der VGR;WZ08-69-01;Unternehmensnahe Beratungsleistungen;124,570;jew. ME;PRO013;Produktionswert
81000;Volkswirtschaftliche Gesamtrechnungen des Bundes;JAHR;Jahr;2021;DINSG;Deutschland insgesamt;DG;Deutschland;VGRPB5;Preisbasis (jeweilige Preise / preisbereinigt);VGRJPM;in jeweiligen Preisen (Mrd. EUR);WZ08G3;WZ2008: Wirtschaftsbereiche der VGR;WZ08-24;Metallerzeugung und -bearbeitung;117,393;jew. ME;PRO013;Produktionswert
81000;Volkswirtschaftliche Gesamtrechnungen des Bundes;JAHR;Jahr;2024;DINSG;Deutschland insgesamt;DG;Deutschland;VGRPB5;Preisbasis (jeweilige Preise / preisbereinigt);VGRPVU;preisbereinigt, unverkettete Volumenang.(Mrd. EUR);WZ08G3;WZ2008: Wirtschaftsbereiche der VGR;WZ08-16-01;H.v. Holzwaren, Papier und Druckerzeugnissen;93,932;jew. ME;PRO013;Produktionswert
81000;Volkswirtschaftliche Gesamtrechnungen des Bundes;JAHR;Jahr;2023;DINSG;Deutschland insgesamt;DG;Deutschland;VGRPB5;Preisbasis (jeweilige Preise / preisbereinigt);VGRPVK;preisbereinigt, verkettete Volumenang. (Mrd. EUR);WZ08G3;WZ2008: Wirtschaftsbereiche der VGR;WZ08-73-01;Sonst.freiberufl., wissenschaftl., techn. Dienstl.;66,951;jew. ME;PRO013;Produktionswert
81000;Volkswirtschaftliche Gesamtrechnungen des Bundes;JAHR;Jahr;2024;DINSG;Deutschland insgesamt;DG;Deutschland;VGRPB5;Preisbasis (jeweilige Preise / preisbereinigt);VGRPKM;preisbereinigt, Kettenindex (2020=100);WZ08G3;WZ2008: Wirtschaftsbereiche der VGR;WZ08-A;Land- und Forstwirtschaft, Fischerei;97,940;jew. ME;PRO013;Produktionswert
81000;Volkswirtschaftliche Gesamtrechnungen des Bundes;JAHR;Jahr;2023;DINSG;Deutschland insgesamt;DG;Deutschland;VGRPB5;Preisbasis (jeweilige Preise / preisbereinigt);VGRJPM;in jeweiligen Preisen (Mrd. EUR);WZ08G3;WZ2008: Wirtschaftsbereiche der VGR;WZ08-69-01;Unternehmensnahe Beratungsleistungen;410,427;jew. ME;PRO013;Produktionswert
81000;Volkswirtschaftliche Gesamtrechnungen des Bundes;JAHR;Jahr;2025;DINSG;Deutschland insgesamt;DG;Deutschland;VGRPB5;Preisbasis (jeweilige Preise / preisbereinigt);VGRPKM;preisbereinigt, Kettenindex (2020=100);WZ08G3;WZ2008: Wirtschaftsbereiche der VGR;WZ08-J;Information und Kommunikation;128,170;jew. ME;PRO013;Produktionswert
81000;Volkswirtschaftliche Gesamtrechnungen des Bundes;JAHR;Jahr;2024;DINSG;Deutschland insgesamt;DG;Deutschland;VGRPB5;Preisbasis (jeweilige Preise / preisbereinigt);VGRJPM;in jeweiligen Preisen (Mrd. EUR);WZ08G3;WZ2008: Wirtschaftsbereiche der VGR;WZ08-G-04;Dienstleistungsbereiche;5088,719;jew. ME;PRO013;Produktionswert
81000;Volkswirtschaftliche Gesamtrechnungen des Bundes;JAHR;Jahr;2024;DINSG;Deutschland insgesamt;DG;Deutschland;VGRPB5;Preisbasis (jeweilige Preise / preisbereinigt);VGRPVU;preisbereinigt, unverkettete Volumenang.(Mrd. EUR);WZ08G3;WZ2008: Wirtschaftsbereiche der VGR;WZ08-96;Sonstige überwiegend persönliche Dienstleistungen;68,425;jew. ME;PRO013;Produktionswert
81000;Volkswirtschaftliche Gesamtrechnungen des Bundes;JAHR;Jahr;2025;DINSG;Deutschland insgesamt;DG;Deutschland;VGRPB5;Preisbasis (jeweilige Preise / preisbereinigt);VGRPKM;preisbereinigt, Kettenindex (2020=100);WZ08G3;WZ2008: Wirtschaftsbereiche der VGR;WZ08-13-01;Textil- und Bekleidungsgewerbe;...;jew. ME;PRO013;Produktionswert
81000;Volkswirtschaftliche Gesamtrechnungen des Bundes;JAHR;Jahr;2022;DINSG;Deutschland insgesamt;DG;Deutschland;VGRPB5;Preisbasis (jeweilige Preise / preisbereinigt);VGRPVK;preisbereinigt, verkettete Volumenang. (Mrd. EUR);WZ08G3;WZ2008: Wirtschaftsbereiche der VGR;WZ08-R-02;Sonstige Dienstleister;183,494;jew. ME;PRO013;Produktionswert
81000;Volkswirtschaftliche Gesamtrechnungen des Bundes;JAHR;Jahr;2024;DINSG;Deutschland insgesamt;DG;Deutschland;VGRPB5;Preisbasis (jeweilige Preise / preisbereinigt);VGRJPM;in jeweiligen Preisen (Mrd. EUR);WZ08G3;WZ2008: Wirtschaftsbereiche der VGR;WZ08-95;Reparatur von DV-Geräten und Gebrauchsgütern;3,263;jew. ME;PRO013;Produktionswert
81000;Volkswirtschaftliche Gesamtrechnungen des Bundes;JAHR;Jahr;2025;DINSG;Deutschland insgesamt;DG;Deutschland;VGRPB5;Preisbasis (jeweilige Preise / preisbereinigt);VGRPVK;preisbereinigt, verkettete Volumenang. (Mrd. EUR);WZ08G3;WZ2008: Wirtschaftsbereiche der VGR;WZ08-G;Handel, Instandhaltung und Reparatur von Kfz;626,667;jew. ME;PRO013;Produktionswert
81000;Volkswirtschaftliche Gesamtrechnungen des Bundes;JAHR;Jahr;2023;DINSG;Deutschland insgesamt;DG;Deutschland;VGRPB5;Preisbasis (jeweilige Preise / preisbereinigt);VGRPVU;preisbereinigt, unverkettete Volumenang.(Mrd. EUR);WZ08G3;WZ2008: Wirtschaftsbereiche der VGR;WZ08-46;Großhandel (ohne Handel mit Kraftfahrzeugen);356,989;jew. ME;PRO013;Produktionswert
81000;Volkswirtschaftliche Gesamtrechnungen des Bundes;JAHR;Jahr;2025;DINSG;Deutschland insgesamt;DG;Deutschland;VGRPB5;Preisbasis (jeweilige Preise / preisbereinigt);VGRPKM;preisbereinigt, Kettenindex (2020=100);WZ08G3;WZ2008: Wirtschaftsbereiche der VGR;WZ08-22-01;H.v. Gummi-, Kunststoff-, Glaswaren, Keramik u.Ä.;...;jew. ME;PRO013;Produktionswert
81000;Volkswirtschaftliche Gesamtrechnungen des Bundes;JAHR;Jahr;2022;DINSG;Deutschland insgesamt;DG;Deutschland;VGRPB5;Preisbasis (jeweilige Preise / preisbereinigt);VGRJPM;in jeweiligen Preisen (Mrd. EUR);WZ08G3;WZ2008: Wirtschaftsbereiche der VGR;WZ08-31-02;Herstellung von Möbeln und sonstigen Waren;68,429;jew. ME;PRO013;Produktionswert
81000;Volkswirtschaftliche Gesamtrechnungen des Bundes;JAHR;Jahr;2023;DINSG;Deutschland insgesamt;DG;Deutschland;VGRPB5;Preisbasis (jeweilige Preise / preisbereinigt);VGRJPM;in jeweiligen Preisen (Mrd. EUR);WZ08G3;WZ2008: Wirtschaftsbereiche der VGR;WZ08-58;Verlagswesen;27,843;jew. ME;PRO013;Produktionswert
81000;Volkswirtschaftliche Gesamtrechnungen des Bundes;JAHR;Jahr;2021;DINSG;Deutschland insgesamt;DG;Deutschland;VGRPB5;Preisbasis (jeweilige Preise / preisbereinigt);VGRPVU;preisbereinigt, unverkettete Volumenang.(Mrd. EUR);WZ08G3;WZ2008: Wirtschaftsbereiche der VGR;WZ08-G;Handel, Instandhaltung und Reparatur von Kfz;624,719;jew. ME;PRO013;Produktionswert
81000;Volkswirtschaftliche Gesamtrechnungen des Bundes;JAHR;Jahr;2021;DINSG;Deutschland insgesamt;DG;Deutschland;VGRPB5;Preisbasis (jeweilige Preise / preisbereinigt);VGRJPM;in jeweiligen Preisen (Mrd. EUR);WZ08G3;WZ2008: Wirtschaftsbereiche der VGR;WZ08-031;Fischerei;0,592;jew. ME;PRO013;Produktionswert
81000;Volkswirtschaftliche Gesamtrechnungen des Bundes;JAHR;Jahr;2023;DINSG;Deutschland insgesamt;DG;Deutschland;VGRPB5;Preisbasis (jeweilige Preise / preisbereinigt);VGRJPM;in jeweiligen Preisen (Mrd. EUR);WZ08G3;WZ2008: Wirtschaftsbereiche der VGR;WZ08-62-01;IT- und Informationsdienstleister;247,546;jew. ME;PRO013;Produktionswert
81000;Volkswirtschaftliche Gesamtrechnungen des Bundes;JAHR;Jahr;2021;DINSG;Deutschland insgesamt;DG;Deutschland;VGRPB5;Preisbasis (jeweilige Preise / preisbereinigt);VGRPVK;preisbereinigt, verkettete Volumenang. (Mrd. EUR);WZ08G3;WZ2008: Wirtschaftsbereiche der VGR;WZ08-69-01;Unternehmensnahe Beratungsleistungen;331,342;jew. ME;PRO013;Produktionswert
81000;Volkswirtschaftliche Gesamtrechnungen des Bundes;JAHR;Jahr;2024;DINSG;Deutschland insgesamt;DG;Deutschland;VGRPB5;Preisbasis (jeweilige Preise / preisbereinigt);VGRPVU;preisbereinigt, unverkettete Volumenang.(Mrd. EUR);WZ08G3;WZ2008: Wirtschaftsbereiche der VGR;WZ08-61;Telekommunikation;77,462;jew. ME;PRO013;Produktionswert
81000;Volkswirtschaftliche Gesamtrechnungen des Bundes;JAHR;Jahr;2024;DINSG;Deutschland insgesamt;DG;Deutschland;VGRPB5;Preisbasis (jeweilige Preise / preisbereinigt);VGRPVK;preisbereinigt, verkettete Volumenang. (Mrd. EUR);WZ08G3;WZ2008: Wirtschaftsbereiche der VGR;WZ08-O;Öff. Verwaltung, Verteidigung, Sozialversicherung;334,848;jew. ME;PRO013;Produktionswert
81000;Volkswirtschaftliche Gesamtrechnungen des Bundes;JAHR;Jahr;2021;DINSG;Deutschland insgesamt;DG;Deutschland;VGRPB5;Preisbasis (jeweilige Preise / preisbereinigt);VGRPKM;preisbereinigt, Kettenindex (2020=100);WZ08G3;WZ2008: Wirtschaftsbereiche der VGR;WZ08-73-01;Sonst.freiberufl., wissenschaftl., techn. Dienstl.;106,550;jew. ME;PRO013;Produktionswert
81000;Volkswirtschaftliche Gesamtrechnungen des Bundes;JAHR;Jahr;2021;DINSG;Deutschland insgesamt;DG;Deutschland;VGRPB5;Preisbasis (jeweilige Preise / preisbereinigt);VGRJPM;in jeweiligen Preisen (Mrd. EUR);WZ08G3;WZ2008: Wirtschaftsbereiche der VGR;WZ08-N;Sonstige wirtschaftliche Dienstleistungen;272,821;jew. ME;PRO013;Produktionswert
81000;Volkswirtschaftliche Gesamtrechnungen des Bundes;JAHR;Jahr;2023;DINSG;Deutschland insgesamt;DG;Deutschland;VGRPB5;Preisbasis (jeweilige Preise / preisbereinigt);VGRPKM;preisbereinigt, Kettenindex (2020=100);WZ08G3;WZ2008: Wirtschaftsbereiche der VGR;WZ08-61;Telekommunikation;106,270;jew. ME;PRO013;Produktionswert
81000;Volkswirtschaftliche Gesamtrechnungen des Bundes;JAHR;Jahr;2025;DINSG;Deutschland insgesamt;DG;Deutschland;VGRPB5;Preisbasis (jeweilige Preise / preisbereinigt);VGRPVU;preisbereinigt, unverkettete Volumenang.(Mrd. EUR);WZ08G3;WZ2008: Wirtschaftsbereiche der VGR;WZ08-23;H.v.Glas,-waren,Keramik,Verarb. v.Steinen u.Erden;...;jew. ME;PRO013;Produktionswert
81000;Volkswirtschaftliche Gesamtrechnungen des Bundes;JAHR;Jahr;2021;DINSG;Deutschland insgesamt;DG;Deutschland;VGRPB5;Preisbasis (jeweilige Preise / preisbereinigt);VGRPVU;preisbereinigt, unverkettete Volumenang.(Mrd. EUR);WZ08G3;WZ2008: Wirtschaftsbereiche der VGR;WZ08-16;H.v. Holz-, Flecht-, Korb-u.Korkwaren (ohne Möbel);25,683;jew. ME;PRO013;Produktionswert
81000;Volkswirtschaftliche Gesamtrechnungen des Bundes;JAHR;Jahr;2022;DINSG;Deutschland insgesamt;DG;Deutschland;VGRPB5;Preisbasis (jeweilige Preise / preisbereinigt);VGRJPM;in jeweiligen Preisen (Mrd. EUR);WZ08G3;WZ2008: Wirtschaftsbereiche der VGR;WZ08-61;Telekommunikation;72,058;jew. ME;PRO013;Produktionswert
81000;Volkswirtschaftliche Gesamtrechnungen des Bundes;JAHR;Jahr;2025;DINSG;Deutschland insgesamt;DG;Deutschland;VGRPB5;Preisbasis (jeweilige Preise / preisbereinigt);VGRPVK;preisbereinigt, verkettete Volumenang. (Mrd. EUR);WZ08G3;WZ2008: Wirtschaftsbereiche der VGR;WZ08-52;Lagerei, sonstige Dienstleistungen für den Verkehr;...;jew. ME;PRO013;Produktionswert
81000;Volkswirtschaftliche Gesamtrechnungen des Bundes;JAHR;Jahr;2022;DINSG;Deutschland insgesamt;DG;Deutschland;VGRPB5;Preisbasis (jeweilige Preise / preisbereinigt);VGRJPM;in jeweiligen Preisen (Mrd. EUR);WZ08G3;WZ2008: Wirtschaftsbereiche der VGR;WZ08-59-01;Audiovisuelle Medien und Rundfunk;40,775;jew. ME;PRO013;Produktionswert
81000;Volkswirtschaftliche Gesamtrechnungen des Bundes;JAHR;Jahr;2023;DINSG;Deutschland insgesamt;DG;Deutschland;VGRPB5;Preisbasis (jeweilige Preise / preisbereinigt);VGRJPM;in jeweiligen Preisen (Mrd. EUR);WZ08G3;WZ2008: Wirtschaftsbereiche der VGR;WZ08-23;H.v.Glas,-waren,Keramik,Verarb. v.Steinen u.Erden;58,605;jew. ME;PRO013;Produktionswert
81000;Volkswirtschaftliche Gesamtrechnungen des Bundes;JAHR;Jahr;2023;DINSG;Deutschland insgesamt;DG;Deutschland;VGRPB5;Preisbasis (jeweilige Preise / preisbereinigt);VGRPVK;preisbereinigt, verkettete Volumenang. (Mrd. EUR);WZ08G3;WZ2008: Wirtschaftsbereiche der VGR;WZ08-79;Reisebüros, -veranstalter u. sonst. Reservierungen;28,248;jew. ME;PRO013;Produktionswert
81000;Volkswirtschaftliche Gesamtrechnungen des Bundes;JAHR;Jahr;2022;DINSG;Deutschland insgesamt;DG;Deutschland;VGRPB5;Preisbasis (jeweilige Preise / preisbereinigt);VGRPKM;preisbereinigt, Kettenindex (2020=100);WZ08G3;WZ2008: Wirtschaftsbereiche der VGR;WZ08-46;Großhandel (ohne Handel mit Kraftfahrzeugen);103,450;jew. ME;PRO013;Produktionswert
81000;Volkswirtschaftliche Gesamtrechnungen des Bundes;JAHR;Jahr;2021;DINSG;Deutschland insgesamt;DG;Deutschland;VGRPB5;Preisbasis (jeweilige Preise / preisbereinigt);VGRJPM;in jeweiligen Preisen (Mrd. EUR);WZ08G3;WZ2008: Wirtschaftsbereiche der VGR;WZ08-46;Großhandel (ohne Handel mit Kraftfahrzeugen);323,187;jew. ME;PRO013;Produktionswert
81000;Volkswirtschaftliche Gesamtrechnungen des Bundes;JAHR;Jahr;2024;DINSG;Deutschland insgesamt;DG;Deutschland;VGRPB5;Preisbasis (jeweilige Preise / preisbereinigt);VGRJPM;in jeweiligen Preisen (Mrd. EUR);WZ08G3;WZ2008: Wirtschaftsbereiche der VGR;WZ08-13-01;Textil- und Bekleidungsgewerbe;30,939;jew. ME;PRO013;Produktionswert
81000;Volkswirtschaftliche Gesamtrechnungen des Bundes;JAHR;Jahr;2024;DINSG;Deutschland insgesamt;DG;Deutschland;VGRPB5;Preisbasis (jeweilige Preise / preisbereinigt);VGRJPM;in jeweiligen Preisen (Mrd. EUR);WZ08G3;WZ2008: Wirtschaftsbereiche der VGR;WZ08-16;H.v. Holz-, Flecht-, Korb-u.Korkwaren (ohne Möbel);30,249;jew. ME;PRO013;Produktionswert
81000;Volkswirtschaftliche Gesamtrechnungen des Bundes;JAHR;Jahr;2022;DINSG;Deutschland insgesamt;DG;Deutschland;VGRPB5;Preisbasis (jeweilige Preise / preisbereinigt);VGRPVU;preisbereinigt, unverkettete Volumenang.(Mrd. EUR);WZ08G3;WZ2008: Wirtschaftsbereiche der VGR;WZ08-53;Post-, Kurier- und Expressdienste;66,428;jew. ME;PRO013;Produktionswert
81000;Volkswirtschaftliche Gesamtrechnungen des Bundes;JAHR;Jahr;2025;DINSG;Deutschland insgesamt;DG;Deutschland;VGRPB5;Preisbasis (jeweilige Preise / preisbereinigt);VGRPVK;preisbereinigt, verkettete Volumenang. (Mrd. EUR);WZ08G3;WZ2008: Wirtschaftsbereiche der VGR;WZ08-59-01;Audiovisuelle Medien und Rundfunk;...;jew. ME;PRO013;Produktionswert
81000;Volkswirtschaftliche Gesamtrechnungen des Bundes;JAHR;Jahr;2025;DINSG;Deutschland insgesamt;DG;Deutschland;VGRPB5;Preisbasis (jeweilige Preise / preisbereinigt);VGRPVU;preisbereinigt, unverkettete Volumenang.(Mrd. EUR);WZ08G3;WZ2008: Wirtschaftsbereiche der VGR;WZ08-58;Verlagswesen;...;jew. ME;PRO013;Produktionswert
81000;Volkswirtschaftliche Gesamtrechnungen des Bundes;JAHR;Jahr;2025;DINSG;Deutschland insgesamt;DG;Deutschland;VGRPB5;Preisbasis (jeweilige Preise / preisbereinigt);VGRPVK;preisbereinigt, verkettete Volumenang. (Mrd. EUR);WZ08G3;WZ2008: Wirtschaftsbereiche der VGR;WZ08-43;Vorb.Baustellenarbeiten, Bauinstall., sonst.Ausbau;...;jew. ME;PRO013;Produktionswert
81000;Volkswirtschaftliche Gesamtrechnungen des Bundes;JAHR;Jahr;2025;DINSG;Deutschland insgesamt;DG;Deutschland;VGRPB5;Preisbasis (jeweilige Preise / preisbereinigt);VGRPKM;preisbereinigt, Kettenindex (2020=100);WZ08G3;WZ2008: Wirtschaftsbereiche der VGR;WZ08-031;Fischerei;...;jew. ME;PRO013;Produktionswert
81000;Volkswirtschaftliche Gesamtrechnungen des Bundes;JAHR;Jahr;2023;DINSG;Deutschland insgesamt;DG;Deutschland;VGRPB5;Preisbasis (jeweilige Preise / preisbereinigt);VGRPKM;preisbereinigt, Kettenindex (2020=100);WZ08G3;WZ2008: Wirtschaftsbereiche der VGR;WZ08-M-02;Unternehmensdienstleister;123,130;jew. ME;PRO013;Produktionswert
81000;Volkswirtschaftliche Gesamtrechnungen des Bundes;JAHR;Jahr;2022;DINSG;Deutschland insgesamt;DG;Deutschland;VGRPB5;Preisbasis (jeweilige Preise / preisbereinigt);VGRPVK;preisbereinigt, verkettete Volumenang. (Mrd. EUR);WZ08G3;WZ2008: Wirtschaftsbereiche der VGR;WZ08-22-01;H.v. Gummi-, Kunststoff-, Glaswaren, Keramik u.Ä.;138,324;jew. ME;PRO013;Produktionswert
81000;Volkswirtschaftliche Gesamtrechnungen des Bundes;JAHR;Jahr;2025;DINSG;Deutschland insgesamt;DG;Deutschland;VGRPB5;Preisbasis (jeweilige Preise / preisbereinigt);VGRJPM;in jeweiligen Preisen (Mrd. EUR);WZ08G3;WZ2008: Wirtschaftsbereiche der VGR;WZ08-T;Private Haushalte;10,175;jew. ME;PRO013;Produktionswert
81000;Volkswirtschaftliche Gesamtrechnungen des Bundes;JAHR;Jahr;2021;DINSG;Deutschland insgesamt;DG;Deutschland;VGRPB5;Preisbasis (jeweilige Preise / preisbereinigt);VGRPVU;preisbereinigt, unverkettete Volumenang.(Mrd. EUR);WZ08G3;WZ2008: Wirtschaftsbereiche der VGR;WZ08-47;Einzelhandel (ohne Handel mit Kraftfahrzeugen);231,305;jew. ME;PRO013;Produktionswert
81000;Volkswirtschaftliche Gesamtrechnungen des Bundes;JAHR;Jahr;2021;DINSG;Deutschland insgesamt;DG;Deutschland;VGRPB5;Preisbasis (jeweilige Preise / preisbereinigt);VGRPKM;preisbereinigt, Kettenindex (2020=100);WZ08G3;WZ2008: Wirtschaftsbereiche der VGR;WZ08-71;Architektur-,Ing.büros,techn.,physik.Untersuchung;99,670;jew. ME;PRO013;Produktionswert
81000;Volkswirtschaftliche Gesamtrechnungen des Bundes;JAHR;Jahr;2023;DINSG;Deutschland insgesamt;DG;Deutschland;VGRPB5;Preisbasis (jeweilige Preise / preisbereinigt);VGRPVK;preisbereinigt, verkettete Volumenang. (Mrd. EUR);WZ08G3;WZ2008: Wirtschaftsbereiche der VGR;WZ08-F;Baugewerbe;339,588;jew. ME;PRO013;Produktionswert
81000;Volkswirtschaftliche Gesamtrechnungen des Bundes;JAHR;Jahr;2024;DINSG;Deutschland insgesamt;DG;Deutschland;VGRPB5;Preisbasis (jeweilige Preise / preisbereinigt);VGRJPM;in jeweiligen Preisen (Mrd. EUR);WZ08G3;WZ2008: Wirtschaftsbereiche der VGR;WZ08-31-01;Möbelherstellung, Installation von Maschinen;138,166;jew. ME;PRO013;Produktionswert
81000;Volkswirtschaftliche Gesamtrechnungen des Bundes;JAHR;Jahr;2022;DINSG;Deutschland insgesamt;DG;Deutschland;VGRPB5;Preisbasis (jeweilige Preise / preisbereinigt);VGRPVU;preisbereinigt, unverkettete Volumenang.(Mrd. EUR);WZ08G3;WZ2008: Wirtschaftsbereiche der VGR;WZ08-87-01;Heime und Sozialwesen;154,536;jew. ME;PRO013;Produktionswert
81000;Volkswirtschaftliche Gesamtrechnungen des Bundes;JAHR;Jahr;2023;DINSG;Deutschland insgesamt;DG;Deutschland;VGRPB5;Preisbasis (jeweilige Preise / preisbereinigt);VGRPKM;preisbereinigt, Kettenindex (2020=100);WZ08G3;WZ2008: Wirtschaftsbereiche der VGR;WZ08-17;Herstellung von Papier, Pappe und Waren daraus;91,930;jew. ME;PRO013;Produktionswert
81000;Volkswirtschaftliche Gesamtrechnungen des Bundes;JAHR;Jahr;2025;DINSG;Deutschland insgesamt;DG;Deutschland;VGRPB5;Preisbasis (jeweilige Preise / preisbereinigt);VGRJPM;in jeweiligen Preisen (Mrd. EUR);WZ08G3;WZ2008: Wirtschaftsbereiche der VGR;WZ08-C;Verarbeitendes Gewerbe;2336,421;jew. ME;PRO013;Produktionswert
81000;Volkswirtschaftliche Gesamtrechnungen des Bundes;JAHR;Jahr;2025;DINSG;Deutschland insgesamt;DG;Deutschland;VGRPB5;Preisbasis (jeweilige Preise / preisbereinigt);VGRJPM;in jeweiligen Preisen (Mrd. EUR);WZ08G3;WZ2008: Wirtschaftsbereiche der VGR;WZ08-22;Herstellung von Gummi- und Kunststoffwaren;...;jew. ME;PRO013;Produktionswert
81000;Volkswirtschaftliche Gesamtrechnungen des Bundes;JAHR;Jahr;2025;DINSG;Deutschland insgesamt;DG;Deutschland;VGRPB5;Preisbasis (jeweilige Preise / preisbereinigt);VGRPVU;preisbereinigt, unverkettete Volumenang.(Mrd. EUR);WZ08G3;WZ2008: Wirtschaftsbereiche der VGR;WZ08-M;Freiberufliche, wiss. u. techn. Dienstleistungen;566,594;jew. ME;PRO013;Produktionswert
81000;Volkswirtschaftliche Gesamtrechnungen des Bundes;JAHR;Jahr;2024;DINSG;Deutschland insgesamt;DG;Deutschland;VGRPB5;Preisbasis (jeweilige Preise / preisbereinigt);VGRPVK;preisbereinigt, verkettete Volumenang. (Mrd. EUR);WZ08G3;WZ2008: Wirtschaftsbereiche der VGR;WZ08-24-01;Metallgewerbe;220,471;jew. ME;PRO013;Produktionswert
81000;Volkswirtschaftliche Gesamtrechnungen des Bundes;JAHR;Jahr;2024;DINSG;Deutschland insgesamt;DG;Deutschland;VGRPB5;Preisbasis (jeweilige Preise / preisbereinigt);VGRPKM;preisbereinigt, Kettenindex (2020=100);WZ08G3;WZ2008: Wirtschaftsbereiche der VGR;WZ08-N;Sonstige wirtschaftliche Dienstleistungen;126,780;jew. ME;PRO013;Produktionswert
81000;Volkswirtschaftliche Gesamtrechnungen des Bundes;JAHR;Jahr;2025;DINSG;Deutschland insgesamt;DG;Deutschland;VGRPB5;Preisbasis (jeweilige Preise / preisbereinigt);VGRPVU;preisbereinigt, unverkettete Volumenang.(Mrd. EUR);WZ08G3;WZ2008: Wirtschaftsbereiche der VGR;WZ08-01;Landwirtschaft, Jagd und verbundene Tätigkeiten;...;jew. ME;PRO013;Produktionswert
81000;Volkswirtschaftliche Gesamtrechnungen des Bundes;JAHR;Jahr;2023;DINSG;Deutschland insgesamt;DG;Deutschland;VGRPB5;Preisbasis (jeweilige Preise / preisbereinigt);VGRPKM;preisbereinigt, Kettenindex (2020=100);WZ08G3;WZ2008: Wirtschaftsbereiche der VGR;WZ08-021;Forstwirtschaft;123,510;jew. ME;PRO013;Produktionswert
81000;Volkswirtschaftliche Gesamtrechnungen des Bundes;JAHR;Jahr;2024;DINSG;Deutschland insgesamt;DG;Deutschland;VGRPB5;Preisbasis (jeweilige Preise / preisbereinigt);VGRPKM;preisbereinigt, Kettenindex (2020=100);WZ08G3;WZ2008: Wirtschaftsbereiche der VGR;WZ08-45;Kfz-Handel, Instandhaltung und Reparatur von Kfz;108,900;jew. ME;PRO013;Produktionswert
81000;Volkswirtschaftliche Gesamtrechnungen des Bundes;JAHR;Jahr;2023;DINSG;Deutschland insgesamt;DG;Deutschland;VGRPB5;Preisbasis (jeweilige Preise / preisbereinigt);VGRPKM;preisbereinigt, Kettenindex (2020=100);WZ08G3;WZ2008: Wirtschaftsbereiche der VGR;WZ08-E;Wasserversorg.,Entsorg.,Beseitig.v.Umweltverschm.;96,010;jew. ME;PRO013;Produktionswert
81000;Volkswirtschaftliche Gesamtrechnungen des Bundes;JAHR;Jahr;2023;DINSG;Deutschland insgesamt;DG;Deutschland;VGRPB5;Preisbasis (jeweilige Preise / preisbereinigt);VGRPVK;preisbereinigt, verkettete Volumenang. (Mrd. EUR);WZ08G3;WZ2008: Wirtschaftsbereiche der VGR;WZ08-53;Post-, Kurier- und Expressdienste;58,376;jew. ME;PRO013;Produktionswert
81000;Volkswirtschaftliche Gesamtrechnungen des Bundes;JAHR;Jahr;2021;DINSG;Deutschland insgesamt;DG;Deutschland;VGRPB5;Preisbasis (jeweilige Preise / preisbereinigt);VGRPVK;preisbereinigt, verkettete Volumenang. (Mrd. EUR);WZ08G3;WZ2008: Wirtschaftsbereiche der VGR;WZ08-62-01;IT- und Informationsdienstleister;199,312;jew. ME;PRO013;Produktionswert
81000;Volkswirtschaftliche Gesamtrechnungen des Bundes;JAHR;Jahr;2022;DINSG;Deutschland insgesamt;DG;Deutschland;VGRPB5;Preisbasis (jeweilige Preise / preisbereinigt);VGRPKM;preisbereinigt, Kettenindex (2020=100);WZ08G3;WZ2008: Wirtschaftsbereiche der VGR;WZ08-20;Herstellung von chemischen Erzeugnissen;105,480;jew. ME;PRO013;Produktionswert
81000;Volkswirtschaftliche Gesamtrechnungen des Bundes;JAHR;Jahr;2025;DINSG;Deutschland insgesamt;DG;Deutschland;VGRPB5;Preisbasis (jeweilige Preise / preisbereinigt);VGRPVK;preisbereinigt, verkettete Volumenang. (Mrd. EUR);WZ08G3;WZ2008: Wirtschaftsbereiche der VGR;WZ08-78;Vermittlung und Überlassung von Arbeitskräften;...;jew. ME;PRO013;Produktionswert
81000;Volkswirtschaftliche Gesamtrechnungen des Bundes;JAHR;Jahr;2021;DINSG;Deutschland insgesamt;DG;Deutschland;VGRPB5;Preisbasis (jeweilige Preise / preisbereinigt);VGRPKM;preisbereinigt, Kettenindex (2020=100);WZ08G3;WZ2008: Wirtschaftsbereiche der VGR;WZ08-D;Energieversorgung;94,160;jew. ME;PRO013;Produktionswert
81000;Volkswirtschaftliche Gesamtrechnungen des Bundes;JAHR;Jahr;2022;DINSG;Deutschland insgesamt;DG;Deutschland;VGRPB5;Preisbasis (jeweilige Preise / preisbereinigt);VGRPKM;preisbereinigt, Kettenindex (2020=100);WZ08G3;WZ2008: Wirtschaftsbereiche der VGR;WZ08-58-01;Verlagswesen, audiovisuelle Medien und Rundfunk;96,070;jew. ME;PRO013;Produktionswert
81000;Volkswirtschaftliche Gesamtrechnungen des Bundes;JAHR;Jahr;2024;DINSG;Deutschland insgesamt;DG;Deutschland;VGRPB5;Preisbasis (jeweilige Preise / preisbereinigt);VGRPVU;preisbereinigt, unverkettete Volumenang.(Mrd. EUR);WZ08G3;WZ2008: Wirtschaftsbereiche der VGR;WZ08-52;Lagerei, sonstige Dienstleistungen für den Verkehr;191,124;jew. ME;PRO013;Produktionswert
81000;Volkswirtschaftliche Gesamtrechnungen des Bundes;JAHR;Jahr;2023;DINSG;Deutschland insgesamt;DG;Deutschland;VGRPB5;Preisbasis (jeweilige Preise / preisbereinigt);VGRPKM;preisbereinigt, Kettenindex (2020=100);WZ08G3;WZ2008: Wirtschaftsbereiche der VGR;WZ08-59-01;Audiovisuelle Medien und Rundfunk;103,050;jew. ME;PRO013;Produktionswert
81000;Volkswirtschaftliche Gesamtrechnungen des Bundes;JAHR;Jahr;2025;DINSG;Deutschland insgesamt;DG;Deutschland;VGRPB5;Preisbasis (jeweilige Preise / preisbereinigt);VGRPVU;preisbereinigt, unverkettete Volumenang.(Mrd. EUR);WZ08G3;WZ2008: Wirtschaftsbereiche der VGR;WZ08-36;Wasserversorgung;...;jew. ME;PRO013;Produktionswert
81000;Volkswirtschaftliche Gesamtrechnungen des Bundes;JAHR;Jahr;2025;DINSG;Deutschland insgesamt;DG;Deutschland;VGRPB5;Preisbasis (jeweilige Preise / preisbereinigt);VGRPVK;preisbereinigt, verkettete Volumenang. (Mrd. EUR);WZ08G3;WZ2008: Wirtschaftsbereiche der VGR;WZ08-65;Versicherungen, Rückversicherungen, Pensionskassen;...;jew. ME;PRO013;Produktionswert
81000;Volkswirtschaftliche Gesamtrechnungen des Bundes;JAHR;Jahr;2023;DINSG;Deutschland insgesamt;DG;Deutschland;VGRPB5;Preisbasis (jeweilige Preise / preisbereinigt);VGRJPM;in jeweiligen Preisen (Mrd. EUR);WZ08G3;WZ2008: Wirtschaftsbereiche der VGR;WZ08-S;Erbringung von sonstigen Dienstleistungen;120,489;jew. ME;PRO013;Produktionswert
81000;Volkswirtschaftliche Gesamtrechnungen des Bundes;JAHR;Jahr;2021;DINSG;Deutschland insgesamt;DG;Deutschland;VGRPB5;Preisbasis (jeweilige Preise / preisbereinigt);VGRPVU;preisbereinigt, unverkettete Volumenang.(Mrd. EUR);WZ08G3;WZ2008: Wirtschaftsbereiche der VGR;WZ08-25;Herstellung von Metallerzeugnissen;138,323;jew. ME;PRO013;Produktionswert
81000;Volkswirtschaftliche Gesamtrechnungen des Bundes;JAHR;Jahr;2025;DINSG;Deutschland insgesamt;DG;Deutschland;VGRPB5;Preisbasis (jeweilige Preise / preisbereinigt);VGRJPM;in jeweiligen Preisen (Mrd. EUR);WZ08G3;WZ2008: Wirtschaftsbereiche der VGR;WZ08-79;Reisebüros, -veranstalter u. sonst. Reservierungen;...;jew. ME;PRO013;Produktionswert
81000;Volkswirtschaftliche Gesamtrechnungen des Bundes;JAHR;Jahr;2022;DINSG;Deutschland insgesamt;DG;Deutschland;VGRPB5;Preisbasis (jeweilige Preise / preisbereinigt);VGRPVK;preisbereinigt, verkettete Volumenang. (Mrd. EUR);WZ08G3;WZ2008: Wirtschaftsbereiche der VGR;WZ08-N;Sonstige wirtschaftliche Dienstleistungen;298,562;jew. ME;PRO013;Produktionswert
81000;Volkswirtschaftliche Gesamtrechnungen des Bundes;JAHR;Jahr;2021;DINSG;Deutschland insgesamt;DG;Deutschland;VGRPB5;Preisbasis (jeweilige Preise / preisbereinigt);VGRPVK;preisbereinigt, verkettete Volumenang. (Mrd. EUR);WZ08G3;WZ2008: Wirtschaftsbereiche der VGR;WZ08-E;Wasserversorg.,Entsorg.,Beseitig.v.Umweltverschm.;72,512;jew. ME;PRO013;Produktionswert
81000;Volkswirtschaftliche Gesamtrechnungen des Bundes;JAHR;Jahr;2022;DINSG;Deutschland insgesamt;DG;Deutschland;VGRPB5;Preisbasis (jeweilige Preise / preisbereinigt);VGRPKM;preisbereinigt, Kettenindex (2020=100);WZ08G3;WZ2008: Wirtschaftsbereiche der VGR;WZ08-33;Reparatur u.Installation von Masch.u.Ausrüstungen;117,750;jew. ME;PRO013;Produktionswert
81000;Volkswirtschaftliche Gesamtrechnungen des Bundes;JAHR;Jahr;2024;DINSG;Deutschland insgesamt;DG;Deutschland;VGRPB5;Preisbasis (jeweilige Preise / preisbereinigt);VGRPVK;preisbereinigt, verkettete Volumenang. (Mrd. EUR);WZ08G3;WZ2008: Wirtschaftsbereiche der VGR;WZ08-28;Maschinenbau;265,326;jew. ME;PRO013;Produktionswert
81000;Volkswirtschaftliche Gesamtrechnungen des Bundes;JAHR;Jahr;2024;DINSG;Deutschland insgesamt;DG;Deutschland;VGRPB5;Preisbasis (jeweilige Preise / preisbereinigt);VGRPVU;preisbereinigt, unverkettete Volumenang.(Mrd. EUR);WZ08G3;WZ2008: Wirtschaftsbereiche der VGR;WZ08-D;Energieversorgung;260,548;jew. ME;PRO013;Produktionswert
81000;Volkswirtschaftliche Gesamtrechnungen des Bundes;JAHR;Jahr;2021;DINSG;Deutschland insgesamt;DG;Deutschland;VGRPB5;Preisbasis (jeweilige Preise / preisbereinigt);VGRPKM;preisbereinigt, Kettenindex (2020=100);WZ08G3;WZ2008: Wirtschaftsbereiche der VGR;WZ08-93;Dienstleistungen d.Sports,d.Unterhaltg.u.Erholung;100,670;jew. ME;PRO013;Produktionswert
81000;Volkswirtschaftliche Gesamtrechnungen des Bundes;JAHR;Jahr;2022;DINSG;Deutschland insgesamt;DG;Deutschland;VGRPB5;Preisbasis (jeweilige Preise / preisbereinigt);VGRJPM;in jeweiligen Preisen (Mrd. EUR);WZ08G3;WZ2008: Wirtschaftsbereiche der VGR;WZ08-17;Herstellung von Papier, Pappe und Waren daraus;51,953;jew. ME;PRO013;Produktionswert
81000;Volkswirtschaftliche Gesamtrechnungen des Bundes;JAHR;Jahr;2021;DINSG;Deutschland insgesamt;DG;Deutschland;VGRPB5;Preisbasis (jeweilige Preise / preisbereinigt);VGRJPM;in jeweiligen Preisen (Mrd. EUR);WZ08G3;WZ2008: Wirtschaftsbereiche der VGR;WZ08-33;Reparatur u.Installation von Masch.u.Ausrüstungen;44,933;jew. ME;PRO013;Produktionswert
81000;Volkswirtschaftliche Gesamtrechnungen des Bundes;JAHR;Jahr;2021;DINSG;Deutschland insgesamt;DG;Deutschland;VGRPB5;Preisbasis (jeweilige Preise / preisbereinigt);VGRPKM;preisbereinigt, Kettenindex (2020=100);WZ08G3;WZ2008: Wirtschaftsbereiche der VGR;WZ08-18;H.v. Druckerz., Vervielf.v.Ton-,Bild-,Datenträgern;101,210;jew. ME;PRO013;Produktionswert
81000;Volkswirtschaftliche Gesamtrechnungen des Bundes;JAHR;Jahr;2023;DINSG;Deutschland insgesamt;DG;Deutschland;VGRPB5;Preisbasis (jeweilige Preise / preisbereinigt);VGRPVU;preisbereinigt, unverkettete Volumenang.(Mrd. EUR);WZ08G3;WZ2008: Wirtschaftsbereiche der VGR;WZ08-L;Grundstücks- und Wohnungswesen;539,283;jew. ME;PRO013;Produktionswert
81000;Volkswirtschaftliche Gesamtrechnungen des Bundes;JAHR;Jahr;2024;DINSG;Deutschland insgesamt;DG;Deutschland;VGRPB5;Preisbasis (jeweilige Preise / preisbereinigt);VGRJPM;in jeweiligen Preisen (Mrd. EUR);WZ08G3;WZ2008: Wirtschaftsbereiche der VGR;WZ08-29-01;Fahrzeugbau;521,503;jew. ME;PRO013;Produktionswert
81000;Volkswirtschaftliche Gesamtrechnungen des Bundes;JAHR;Jahr;2024;DINSG;Deutschland insgesamt;DG;Deutschland;VGRPB5;Preisbasis (jeweilige Preise / preisbereinigt);VGRPVK;preisbereinigt, verkettete Volumenang. (Mrd. EUR);WZ08G3;WZ2008: Wirtschaftsbereiche der VGR;WZ08-58-01;Verlagswesen, audiovisuelle Medien und Rundfunk;60,144;jew. ME;PRO013;Produktionswert
81000;Volkswirtschaftliche Gesamtrechnungen des Bundes;JAHR;Jahr;2023;DINSG;Deutschland insgesamt;DG;Deutschland;VGRPB5;Preisbasis (jeweilige Preise / preisbereinigt);VGRJPM;in jeweiligen Preisen (Mrd. EUR);WZ08G3;WZ2008: Wirtschaftsbereiche der VGR;WZ08-B;Bergbau und Gewinnung von Steinen und Erden;12,917;jew. ME;PRO013;Produktionswert
81000;Volkswirtschaftliche Gesamtrechnungen des Bundes;JAHR;Jahr;2024;DINSG;Deutschland insgesamt;DG;Deutschland;VGRPB5;Preisbasis (jeweilige Preise / preisbereinigt);VGRJPM;in jeweiligen Preisen (Mrd. EUR);WZ08G3;WZ2008: Wirtschaftsbereiche der VGR;WZ08-B-18;Produzierendes Gewerbe ohne Baugewerbe;2689,485;jew. ME;PRO013;Produktionswert
81000;Volkswirtschaftliche Gesamtrechnungen des Bundes;JAHR;Jahr;2024;DINSG;Deutschland insgesamt;DG;Deutschland;VGRPB5;Preisbasis (jeweilige Preise / preisbereinigt);VGRJPM;in jeweiligen Preisen (Mrd. EUR);WZ08G3;WZ2008: Wirtschaftsbereiche der VGR;WZ08-K;Erbringung v. Finanz- u. Versicherungsdienstleist.;353,796;jew. ME;PRO013;Produktionswert
81000;Volkswirtschaftliche Gesamtrechnungen des Bundes;JAHR;Jahr;2022;DINSG;Deutschland insgesamt;DG;Deutschland;VGRPB5;Preisbasis (jeweilige Preise / preisbereinigt);VGRPKM;preisbereinigt, Kettenindex (2020=100);WZ08G3;WZ2008: Wirtschaftsbereiche der VGR;WZ08-69-02;Rechts- und Steuerberatung, Unternehmensberatung;121,810;jew. ME;PRO013;Produktionswert
81000;Volkswirtschaftliche Gesamtrechnungen des Bundes;JAHR;Jahr;2022;DINSG;Deutschland insgesamt;DG;Deutschland;VGRPB5;Preisbasis (jeweilige Preise / preisbereinigt);VGRPKM;preisbereinigt, Kettenindex (2020=100);WZ08G3;WZ2008: Wirtschaftsbereiche der VGR;WZ08-M;Freiberufliche, wiss. u. techn. Dienstleistungen;115,210;jew. ME;PRO013;Produktionswert
81000;Volkswirtschaftliche Gesamtrechnungen des Bundes;JAHR;Jahr;2022;DINSG;Deutschland insgesamt;DG;Deutschland;VGRPB5;Preisbasis (jeweilige Preise / preisbereinigt);VGRPVK;preisbereinigt, verkettete Volumenang. (Mrd. EUR);WZ08G3;WZ2008: Wirtschaftsbereiche der VGR;WZ08-16;H.v. Holz-, Flecht-, Korb-u.Korkwaren (ohne Möbel);25,289;jew. ME;PRO013;Produktionswert
81000;Volkswirtschaftliche Gesamtrechnungen des Bundes;JAHR;Jahr;2025;DINSG;Deutschland insgesamt;DG;Deutschland;VGRPB5;Preisbasis (jeweilige Preise / preisbereinigt);VGRPVU;preisbereinigt, unverkettete Volumenang.(Mrd. EUR);WZ08G3;WZ2008: Wirtschaftsbereiche der VGR;WZ08-58-01;Verlagswesen, audiovisuelle Medien und Rundfunk;...;jew. ME;PRO013;Produktionswert
81000;Volkswirtschaftliche Gesamtrechnungen des Bundes;JAHR;Jahr;2024;DINSG;Deutschland insgesamt;DG;Deutschland;VGRPB5;Preisbasis (jeweilige Preise / preisbereinigt);VGRJPM;in jeweiligen Preisen (Mrd. EUR);WZ08G3;WZ2008: Wirtschaftsbereiche der VGR;WZ08-29;Herstellung von Kraftwagen und Kraftwagenteilen;452,867;jew. ME;PRO013;Produktionswert
81000;Volkswirtschaftliche Gesamtrechnungen des Bundes;JAHR;Jahr;2023;DINSG;Deutschland insgesamt;DG;Deutschland;VGRPB5;Preisbasis (jeweilige Preise / preisbereinigt);VGRPVU;preisbereinigt, unverkettete Volumenang.(Mrd. EUR);WZ08G3;WZ2008: Wirtschaftsbereiche der VGR;WZ08-90-01;Kunst und Kultur, Glücksspiel;39,005;jew. ME;PRO013;Produktionswert
81000;Volkswirtschaftliche Gesamtrechnungen des Bundes;JAHR;Jahr;2024;DINSG;Deutschland insgesamt;DG;Deutschland;VGRPB5;Preisbasis (jeweilige Preise / preisbereinigt);VGRPKM;preisbereinigt, Kettenindex (2020=100);WZ08G3;WZ2008: Wirtschaftsbereiche der VGR;WZ08-62-01;IT- und Informationsdienstleister;146,410;jew. ME;PRO013;Produktionswert
81000;Volkswirtschaftliche Gesamtrechnungen des Bundes;JAHR;Jahr;2025;DINSG;Deutschland insgesamt;DG;Deutschland;VGRPB5;Preisbasis (jeweilige Preise / preisbereinigt);VGRPKM;preisbereinigt, Kettenindex (2020=100);WZ08G3;WZ2008: Wirtschaftsbereiche der VGR;WZ08-29;Herstellung von Kraftwagen und Kraftwagenteilen;...;jew. ME;PRO013;Produktionswert
81000;Volkswirtschaftliche Gesamtrechnungen des Bundes;JAHR;Jahr;2024;DINSG;Deutschland insgesamt;DG;Deutschland;VGRPB5;Preisbasis (jeweilige Preise / preisbereinigt);VGRJPM;in jeweiligen Preisen (Mrd. EUR);WZ08G3;WZ2008: Wirtschaftsbereiche der VGR;WZ08-B-05;Produzierendes Gewerbe;3161,578;jew. ME;PRO013;Produktionswert
81000;Volkswirtschaftliche Gesamtrechnungen des Bundes;JAHR;Jahr;2022;DINSG;Deutschland insgesamt;DG;Deutschland;VGRPB5;Preisbasis (jeweilige Preise / preisbereinigt);VGRPKM;preisbereinigt, Kettenindex (2020=100);WZ08G3;WZ2008: Wirtschaftsbereiche der VGR;WZ08-10-01;Ernährungsgewerbe und Tabakverarbeitung;95,210;jew. ME;PRO013;Produktionswert
81000;Volkswirtschaftliche Gesamtrechnungen des Bundes;JAHR;Jahr;2023;DINSG;Deutschland insgesamt;DG;Deutschland;VGRPB5;Preisbasis (jeweilige Preise / preisbereinigt);VGRPVU;preisbereinigt, unverkettete Volumenang.(Mrd. EUR);WZ08G3;WZ2008: Wirtschaftsbereiche der VGR;WZ08-77;Vermietung von beweglichen Sachen;100,271;jew. ME;PRO013;Produktionswert
81000;Volkswirtschaftliche Gesamtrechnungen des Bundes;JAHR;Jahr;2024;DINSG;Deutschland insgesamt;DG;Deutschland;VGRPB5;Preisbasis (jeweilige Preise / preisbereinigt);VGRPVU;preisbereinigt, unverkettete Volumenang.(Mrd. EUR);WZ08G3;WZ2008: Wirtschaftsbereiche der VGR;WZ08-30;Sonstiger Fahrzeugbau;67,235;jew. ME;PRO013;Produktionswert
81000;Volkswirtschaftliche Gesamtrechnungen des Bundes;JAHR;Jahr;2021;DINSG;Deutschland insgesamt;DG;Deutschland;VGRPB5;Preisbasis (jeweilige Preise / preisbereinigt);VGRPVK;preisbereinigt, verkettete Volumenang. (Mrd. EUR);WZ08G3;WZ2008: Wirtschaftsbereiche der VGR;WZ08-37-01;Abwasser-, Abfallentsorgung, Rückgewinnung;62,475;jew. ME;PRO013;Produktionswert
81000;Volkswirtschaftliche Gesamtrechnungen des Bundes;JAHR;Jahr;2024;DINSG;Deutschland insgesamt;DG;Deutschland;VGRPB5;Preisbasis (jeweilige Preise / preisbereinigt);VGRPVK;preisbereinigt, verkettete Volumenang. (Mrd. EUR);WZ08G3;WZ2008: Wirtschaftsbereiche der VGR;WZ08-46;Großhandel (ohne Handel mit Kraftfahrzeugen);290,823;jew. ME;PRO013;Produktionswert
81000;Volkswirtschaftliche Gesamtrechnungen des Bundes;JAHR;Jahr;2021;DINSG;Deutschland insgesamt;DG;Deutschland;VGRPB5;Preisbasis (jeweilige Preise / preisbereinigt);VGRPVK;preisbereinigt, verkettete Volumenang. (Mrd. EUR);WZ08G3;WZ2008: Wirtschaftsbereiche der VGR;WZ08-49;Landverkehr und Transport in Rohrfernleitungen;114,140;jew. ME;PRO013;Produktionswert
81000;Volkswirtschaftliche Gesamtrechnungen des Bundes;JAHR;Jahr;2022;DINSG;Deutschland insgesamt;DG;Deutschland;VGRPB5;Preisbasis (jeweilige Preise / preisbereinigt);VGRPVK;preisbereinigt, verkettete Volumenang. (Mrd. EUR);WZ08G3;WZ2008: Wirtschaftsbereiche der VGR;WZ08-25;Herstellung von Metallerzeugnissen;140,668;jew. ME;PRO013;Produktionswert
81000;Volkswirtschaftliche Gesamtrechnungen des Bundes;JAHR;Jahr;2025;DINSG;Deutschland insgesamt;DG;Deutschland;VGRPB5;Preisbasis (jeweilige Preise / preisbereinigt);VGRPVU;preisbereinigt, unverkettete Volumenang.(Mrd. EUR);WZ08G3;WZ2008: Wirtschaftsbereiche der VGR;WZ08-G-04;Dienstleistungsbereiche;5155,882;jew. ME;PRO013;Produktionswert
81000;Volkswirtschaftliche Gesamtrechnungen des Bundes;JAHR;Jahr;2021;DINSG;Deutschland insgesamt;DG;Deutschland;VGRPB5;Preisbasis (jeweilige Preise / preisbereinigt);VGRPVK;preisbereinigt, verkettete Volumenang. (Mrd. EUR);WZ08G3;WZ2008: Wirtschaftsbereiche der VGR;WZ08-O-03;Öffentliche Dienstleister, Erziehung, Gesundheit;964,752;jew. ME;PRO013;Produktionswert
81000;Volkswirtschaftliche Gesamtrechnungen des Bundes;JAHR;Jahr;2024;DINSG;Deutschland insgesamt;DG;Deutschland;VGRPB5;Preisbasis (jeweilige Preise / preisbereinigt);VGRPKM;preisbereinigt, Kettenindex (2020=100);WZ08G3;WZ2008: Wirtschaftsbereiche der VGR;WZ08-36;Wasserversorgung;95,320;jew. ME;PRO013;Produktionswert
81000;Volkswirtschaftliche Gesamtrechnungen des Bundes;JAHR;Jahr;2021;DINSG;Deutschland insgesamt;DG;Deutschland;VGRPB5;Preisbasis (jeweilige Preise / preisbereinigt);VGRPVU;preisbereinigt, unverkettete Volumenang.(Mrd. EUR);WZ08G3;WZ2008: Wirtschaftsbereiche der VGR;WZ08-K;Erbringung v. Finanz- u. Versicherungsdienstleist.;292,582;jew. ME;PRO013;Produktionswert
81000;Volkswirtschaftliche Gesamtrechnungen des Bundes;JAHR;Jahr;2022;DINSG;Deutschland insgesamt;DG;Deutschland;VGRPB5;Preisbasis (jeweilige Preise / preisbereinigt);VGRPVU;preisbereinigt, unverkettete Volumenang.(Mrd. EUR);WZ08G3;WZ2008: Wirtschaftsbereiche der VGR;WZ08-L;Grundstücks- und Wohnungswesen;512,178;jew. ME;PRO013;Produktionswert
81000;Volkswirtschaftliche Gesamtrechnungen des Bundes;JAHR;Jahr;2022;DINSG;Deutschland insgesamt;DG;Deutschland;VGRPB5;Preisbasis (jeweilige Preise / preisbereinigt);VGRPVU;preisbereinigt, unverkettete Volumenang.(Mrd. EUR);WZ08G3;WZ2008: Wirtschaftsbereiche der VGR;WZ08-66;Mit Finanz- u. Versicherungsdienstl. verb. Tätigk.;50,918;jew. ME;PRO013;Produktionswert
81000;Volkswirtschaftliche Gesamtrechnungen des Bundes;JAHR;Jahr;2024;DINSG;Deutschland insgesamt;DG;Deutschland;VGRPB5;Preisbasis (jeweilige Preise / preisbereinigt);VGRPKM;preisbereinigt, Kettenindex (2020=100);WZ08G3;WZ2008: Wirtschaftsbereiche der VGR;WZ08-37-01;Abwasser-, Abfallentsorgung, Rückgewinnung;97,260;jew. ME;PRO013;Produktionswert
81000;Volkswirtschaftliche Gesamtrechnungen des Bundes;JAHR;Jahr;2022;DINSG;Deutschland insgesamt;DG;Deutschland;VGRPB5;Preisbasis (jeweilige Preise / preisbereinigt);VGRJPM;in jeweiligen Preisen (Mrd. EUR);WZ08G3;WZ2008: Wirtschaftsbereiche der VGR;WZ08-J;Information und Kommunikation;363,798;jew. ME;PRO013;Produktionswert
81000;Volkswirtschaftliche Gesamtrechnungen des Bundes;JAHR;Jahr;2023;DINSG;Deutschland insgesamt;DG;Deutschland;VGRPB5;Preisbasis (jeweilige Preise / preisbereinigt);VGRJPM;in jeweiligen Preisen (Mrd. EUR);WZ08G3;WZ2008: Wirtschaftsbereiche der VGR;WZ08-K;Erbringung v. Finanz- u. Versicherungsdienstleist.;333,992;jew. ME;PRO013;Produktionswert
81000;Volkswirtschaftliche Gesamtrechnungen des Bundes;JAHR;Jahr;2022;DINSG;Deutschland insgesamt;DG;Deutschland;VGRPB5;Preisbasis (jeweilige Preise / preisbereinigt);VGRPKM;preisbereinigt, Kettenindex (2020=100);WZ08G3;WZ2008: Wirtschaftsbereiche der VGR;WZ08-A-02;Alle Wirtschaftsbereiche;106,960;jew. ME;PRO013;Produktionswert
81000;Volkswirtschaftliche Gesamtrechnungen des Bundes;JAHR;Jahr;2023;DINSG;Deutschland insgesamt;DG;Deutschland;VGRPB5;Preisbasis (jeweilige Preise / preisbereinigt);VGRPVU;preisbereinigt, unverkettete Volumenang.(Mrd. EUR);WZ08G3;WZ2008: Wirtschaftsbereiche der VGR;WZ08-20;Herstellung von chemischen Erzeugnissen;169,393;jew. ME;PRO013;Produktionswert
81000;Volkswirtschaftliche Gesamtrechnungen des Bundes;JAHR;Jahr;2025;DINSG;Deutschland insgesamt;DG;Deutschland;VGRPB5;Preisbasis (jeweilige Preise / preisbereinigt);VGRPVU;preisbereinigt, unverkettete Volumenang.(Mrd. EUR);WZ08G3;WZ2008: Wirtschaftsbereiche der VGR;WZ08-41;Hochbau;...;jew. ME;PRO013;Produktionswert
81000;Volkswirtschaftliche Gesamtrechnungen des Bundes;JAHR;Jahr;2023;DINSG;Deutschland insgesamt;DG;Deutschland;VGRPB5;Preisbasis (jeweilige Preise / preisbereinigt);VGRJPM;in jeweiligen Preisen (Mrd. EUR);WZ08G3;WZ2008: Wirtschaftsbereiche der VGR;WZ08-49;Landverkehr und Transport in Rohrfernleitungen;136,888;jew. ME;PRO013;Produktionswert
81000;Volkswirtschaftliche Gesamtrechnungen des Bundes;JAHR;Jahr;2021;DINSG;Deutschland insgesamt;DG;Deutschland;VGRPB5;Preisbasis (jeweilige Preise / preisbereinigt);VGRJPM;in jeweiligen Preisen (Mrd. EUR);WZ08G3;WZ2008: Wirtschaftsbereiche der VGR;WZ08-28;Maschinenbau;268,576;jew. ME;PRO013;Produktionswert
81000;Volkswirtschaftliche Gesamtrechnungen des Bundes;JAHR;Jahr;2024;DINSG;Deutschland insgesamt;DG;Deutschland;VGRPB5;Preisbasis (jeweilige Preise / preisbereinigt);VGRPKM;preisbereinigt, Kettenindex (2020=100);WZ08G3;WZ2008: Wirtschaftsbereiche der VGR;WZ08-01;Landwirtschaft, Jagd und verbundene Tätigkeiten;96,200;jew. ME;PRO013;Produktionswert
81000;Volkswirtschaftliche Gesamtrechnungen des Bundes;JAHR;Jahr;2025;DINSG;Deutschland insgesamt;DG;Deutschland;VGRPB5;Preisbasis (jeweilige Preise / preisbereinigt);VGRPKM;preisbereinigt, Kettenindex (2020=100);WZ08G3;WZ2008: Wirtschaftsbereiche der VGR;WZ08-47;Einzelhandel (ohne Handel mit Kraftfahrzeugen);...;jew. ME;PRO013;Produktionswert
81000;Volkswirtschaftliche Gesamtrechnungen des Bundes;JAHR;Jahr;2023;DINSG;Deutschland insgesamt;DG;Deutschland;VGRPB5;Preisbasis (jeweilige Preise / preisbereinigt);VGRPKM;preisbereinigt, Kettenindex (2020=100);WZ08G3;WZ2008: Wirtschaftsbereiche der VGR;WZ08-26;H.v. DV-Geräten, elektron. u. opt. Erzeugnissen;117,540;jew. ME;PRO013;Produktionswert
81000;Volkswirtschaftliche Gesamtrechnungen des Bundes;JAHR;Jahr;2023;DINSG;Deutschland insgesamt;DG;Deutschland;VGRPB5;Preisbasis (jeweilige Preise / preisbereinigt);VGRPVU;preisbereinigt, unverkettete Volumenang.(Mrd. EUR);WZ08G3;WZ2008: Wirtschaftsbereiche der VGR;WZ08-22-01;H.v. Gummi-, Kunststoff-, Glaswaren, Keramik u.Ä.;143,400;jew. ME;PRO013;Produktionswert
81000;Volkswirtschaftliche Gesamtrechnungen des Bundes;JAHR;Jahr;2021;DINSG;Deutschland insgesamt;DG;Deutschland;VGRPB5;Preisbasis (jeweilige Preise / preisbereinigt);VGRPKM;preisbereinigt, Kettenindex (2020=100);WZ08G3;WZ2008: Wirtschaftsbereiche der VGR;WZ08-27;Herstellung von elektrischen Ausrüstungen;107,290;jew. ME;PRO013;Produktionswert
81000;Volkswirtschaftliche Gesamtrechnungen des Bundes;JAHR;Jahr;2022;DINSG;Deutschland insgesamt;DG;Deutschland;VGRPB5;Preisbasis (jeweilige Preise / preisbereinigt);VGRPKM;preisbereinigt, Kettenindex (2020=100);WZ08G3;WZ2008: Wirtschaftsbereiche der VGR;WZ08-28;Maschinenbau;110,910;jew. ME;PRO013;Produktionswert
81000;Volkswirtschaftliche Gesamtrechnungen des Bundes;JAHR;Jahr;2025;DINSG;Deutschland insgesamt;DG;Deutschland;VGRPB5;Preisbasis (jeweilige Preise / preisbereinigt);VGRPKM;preisbereinigt, Kettenindex (2020=100);WZ08G3;WZ2008: Wirtschaftsbereiche der VGR;WZ08-N;Sonstige wirtschaftliche Dienstleistungen;126,550;jew. ME;PRO013;Produktionswert
81000;Volkswirtschaftliche Gesamtrechnungen des Bundes;JAHR;Jahr;2025;DINSG;Deutschland insgesamt;DG;Deutschland;VGRPB5;Preisbasis (jeweilige Preise / preisbereinigt);VGRPVK;preisbereinigt, verkettete Volumenang. (Mrd. EUR);WZ08G3;WZ2008: Wirtschaftsbereiche der VGR;WZ08-K;Erbringung v. Finanz- u. Versicherungsdienstleist.;294,736;jew. ME;PRO013;Produktionswert
81000;Volkswirtschaftliche Gesamtrechnungen des Bundes;JAHR;Jahr;2025;DINSG;Deutschland insgesamt;DG;Deutschland;VGRPB5;Preisbasis (jeweilige Preise / preisbereinigt);VGRPVK;preisbereinigt, verkettete Volumenang. (Mrd. EUR);WZ08G3;WZ2008: Wirtschaftsbereiche der VGR;WZ08-21;Herstellung von pharmazeutischen Erzeugnissen;...;jew. ME;PRO013;Produktionswert
81000;Volkswirtschaftliche Gesamtrechnungen des Bundes;JAHR;Jahr;2022;DINSG;Deutschland insgesamt;DG;Deutschland;VGRPB5;Preisbasis (jeweilige Preise / preisbereinigt);VGRPVK;preisbereinigt, verkettete Volumenang. (Mrd. EUR);WZ08G3;WZ2008: Wirtschaftsbereiche der VGR;WZ08-O-03;Öffentliche Dienstleister, Erziehung, Gesundheit;981,524;jew. ME;PRO013;Produktionswert
81000;Volkswirtschaftliche Gesamtrechnungen des Bundes;JAHR;Jahr;2022;DINSG;Deutschland insgesamt;DG;Deutschland;VGRPB5;Preisbasis (jeweilige Preise / preisbereinigt);VGRPVU;preisbereinigt, unverkettete Volumenang.(Mrd. EUR);WZ08G3;WZ2008: Wirtschaftsbereiche der VGR;WZ08-37-01;Abwasser-, Abfallentsorgung, Rückgewinnung;75,276;jew. ME;PRO013;Produktionswert
81000;Volkswirtschaftliche Gesamtrechnungen des Bundes;JAHR;Jahr;2024;DINSG;Deutschland insgesamt;DG;Deutschland;VGRPB5;Preisbasis (jeweilige Preise / preisbereinigt);VGRPKM;preisbereinigt, Kettenindex (2020=100);WZ08G3;WZ2008: Wirtschaftsbereiche der VGR;WZ08-58;Verlagswesen;76,440;jew. ME;PRO013;Produktionswert
81000;Volkswirtschaftliche Gesamtrechnungen des Bundes;JAHR;Jahr;2021;DINSG;Deutschland insgesamt;DG;Deutschland;VGRPB5;Preisbasis (jeweilige Preise / preisbereinigt);VGRPVK;preisbereinigt, verkettete Volumenang. (Mrd. EUR);WZ08G3;WZ2008: Wirtschaftsbereiche der VGR;WZ08-M-02;Unternehmensdienstleister;710,115;jew. ME;PRO013;Produktionswert
81000;Volkswirtschaftliche Gesamtrechnungen des Bundes;JAHR;Jahr;2023;DINSG;Deutschland insgesamt;DG;Deutschland;VGRPB5;Preisbasis (jeweilige Preise / preisbereinigt);VGRJPM;in jeweiligen Preisen (Mrd. EUR);WZ08G3;WZ2008: Wirtschaftsbereiche der VGR;WZ08-37-01;Abwasser-, Abfallentsorgung, Rückgewinnung;79,734;jew. ME;PRO013;Produktionswert
81000;Volkswirtschaftliche Gesamtrechnungen des Bundes;JAHR;Jahr;2024;DINSG;Deutschland insgesamt;DG;Deutschland;VGRPB5;Preisbasis (jeweilige Preise / preisbereinigt);VGRPVU;preisbereinigt, unverkettete Volumenang.(Mrd. EUR);WZ08G3;WZ2008: Wirtschaftsbereiche der VGR;WZ08-65;Versicherungen, Rückversicherungen, Pensionskassen;123,551;jew. ME;PRO013;Produktionswert
81000;Volkswirtschaftliche Gesamtrechnungen des Bundes;JAHR;Jahr;2023;DINSG;Deutschland insgesamt;DG;Deutschland;VGRPB5;Preisbasis (jeweilige Preise / preisbereinigt);VGRPVU;preisbereinigt, unverkettete Volumenang.(Mrd. EUR);WZ08G3;WZ2008: Wirtschaftsbereiche der VGR;WZ08-42;Tiefbau;53,577;jew. ME;PRO013;Produktionswert
81000;Volkswirtschaftliche Gesamtrechnungen des Bundes;JAHR;Jahr;2021;DINSG;Deutschland insgesamt;DG;Deutschland;VGRPB5;Preisbasis (jeweilige Preise / preisbereinigt);VGRJPM;in jeweiligen Preisen (Mrd. EUR);WZ08G3;WZ2008: Wirtschaftsbereiche der VGR;WZ08-J;Information und Kommunikation;336,701;jew. ME;PRO013;Produktionswert
81000;Volkswirtschaftliche Gesamtrechnungen des Bundes;JAHR;Jahr;2023;DINSG;Deutschland insgesamt;DG;Deutschland;VGRPB5;Preisbasis (jeweilige Preise / preisbereinigt);VGRJPM;in jeweiligen Preisen (Mrd. EUR);WZ08G3;WZ2008: Wirtschaftsbereiche der VGR;WZ08-27;Herstellung von elektrischen Ausrüstungen;143,414;jew. ME;PRO013;Produktionswert
81000;Volkswirtschaftliche Gesamtrechnungen des Bundes;JAHR;Jahr;2024;DINSG;Deutschland insgesamt;DG;Deutschland;VGRPB5;Preisbasis (jeweilige Preise / preisbereinigt);VGRPKM;preisbereinigt, Kettenindex (2020=100);WZ08G3;WZ2008: Wirtschaftsbereiche der VGR;WZ08-23;H.v.Glas,-waren,Keramik,Verarb. v.Steinen u.Erden;85,290;jew. ME;PRO013;Produktionswert
81000;Volkswirtschaftliche Gesamtrechnungen des Bundes;JAHR;Jahr;2024;DINSG;Deutschland insgesamt;DG;Deutschland;VGRPB5;Preisbasis (jeweilige Preise / preisbereinigt);VGRPVK;preisbereinigt, verkettete Volumenang. (Mrd. EUR);WZ08G3;WZ2008: Wirtschaftsbereiche der VGR;WZ08-33;Reparatur u.Installation von Masch.u.Ausrüstungen;54,410;jew. ME;PRO013;Produktionswert
81000;Volkswirtschaftliche Gesamtrechnungen des Bundes;JAHR;Jahr;2021;DINSG;Deutschland insgesamt;DG;Deutschland;VGRPB5;Preisbasis (jeweilige Preise / preisbereinigt);VGRPKM;preisbereinigt, Kettenindex (2020=100);WZ08G3;WZ2008: Wirtschaftsbereiche der VGR;WZ08-49;Landverkehr und Transport in Rohrfernleitungen;101,450;jew. ME;PRO013;Produktionswert
81000;Volkswirtschaftliche Gesamtrechnungen des Bundes;JAHR;Jahr;2023;DINSG;Deutschland insgesamt;DG;Deutschland;VGRPB5;Preisbasis (jeweilige Preise / preisbereinigt);VGRPVU;preisbereinigt, unverkettete Volumenang.(Mrd. EUR);WZ08G3;WZ2008: Wirtschaftsbereiche der VGR;WZ08-33;Reparatur u.Installation von Masch.u.Ausrüstungen;55,896;jew. ME;PRO013;Produktionswert
81000;Volkswirtschaftliche Gesamtrechnungen des Bundes;JAHR;Jahr;2024;DINSG;Deutschland insgesamt;DG;Deutschland;VGRPB5;Preisbasis (jeweilige Preise / preisbereinigt);VGRPVU;preisbereinigt, unverkettete Volumenang.(Mrd. EUR);WZ08G3;WZ2008: Wirtschaftsbereiche der VGR;WZ08-78;Vermittlung und Überlassung von Arbeitskräften;42,147;jew. ME;PRO013;Produktionswert
81000;Volkswirtschaftliche Gesamtrechnungen des Bundes;JAHR;Jahr;2024;DINSG;Deutschland insgesamt;DG;Deutschland;VGRPB5;Preisbasis (jeweilige Preise / preisbereinigt);VGRPVK;preisbereinigt, verkettete Volumenang. (Mrd. EUR);WZ08G3;WZ2008: Wirtschaftsbereiche der VGR;WZ08-K;Erbringung v. Finanz- u. Versicherungsdienstleist.;289,747;jew. ME;PRO013;Produktionswert
81000;Volkswirtschaftliche Gesamtrechnungen des Bundes;JAHR;Jahr;2024;DINSG;Deutschland insgesamt;DG;Deutschland;VGRPB5;Preisbasis (jeweilige Preise / preisbereinigt);VGRJPM;in jeweiligen Preisen (Mrd. EUR);WZ08G3;WZ2008: Wirtschaftsbereiche der VGR;WZ08-O;Öff. Verwaltung, Verteidigung, Sozialversicherung;409,716;jew. ME;PRO013;Produktionswert
81000;Volkswirtschaftliche Gesamtrechnungen des Bundes;JAHR;Jahr;2023;DINSG;Deutschland insgesamt;DG;Deutschland;VGRPB5;Preisbasis (jeweilige Preise / preisbereinigt);VGRPVK;preisbereinigt, verkettete Volumenang. (Mrd. EUR);WZ08G3;WZ2008: Wirtschaftsbereiche der VGR;WZ08-22;Herstellung von Gummi- und Kunststoffwaren;77,935;jew. ME;PRO013;Produktionswert
81000;Volkswirtschaftliche Gesamtrechnungen des Bundes;JAHR;Jahr;2023;DINSG;Deutschland insgesamt;DG;Deutschland;VGRPB5;Preisbasis (jeweilige Preise / preisbereinigt);VGRPVK;preisbereinigt, verkettete Volumenang. (Mrd. EUR);WZ08G3;WZ2008: Wirtschaftsbereiche der VGR;WZ08-J;Information und Kommunikation;374,252;jew. ME;PRO013;Produktionswert
81000;Volkswirtschaftliche Gesamtrechnungen des Bundes;JAHR;Jahr;2022;DINSG;Deutschland insgesamt;DG;Deutschland;VGRPB5;Preisbasis (jeweilige Preise / preisbereinigt);VGRPVU;preisbereinigt, unverkettete Volumenang.(Mrd. EUR);WZ08G3;WZ2008: Wirtschaftsbereiche der VGR;WZ08-73-01;Sonst.freiberufl., wissenschaftl., techn. Dienstl.;64,740;jew. ME;PRO013;Produktionswert
81000;Volkswirtschaftliche Gesamtrechnungen des Bundes;JAHR;Jahr;2025;DINSG;Deutschland insgesamt;DG;Deutschland;VGRPB5;Preisbasis (jeweilige Preise / preisbereinigt);VGRJPM;in jeweiligen Preisen (Mrd. EUR);WZ08G3;WZ2008: Wirtschaftsbereiche der VGR;WZ08-P;Erziehung und Unterricht;273,941;jew. ME;PRO013;Produktionswert
81000;Volkswirtschaftliche Gesamtrechnungen des Bundes;JAHR;Jahr;2021;DINSG;Deutschland insgesamt;DG;Deutschland;VGRPB5;Preisbasis (jeweilige Preise / preisbereinigt);VGRPVK;preisbereinigt, verkettete Volumenang. (Mrd. EUR);WZ08G3;WZ2008: Wirtschaftsbereiche der VGR;WZ08-01;Landwirtschaft, Jagd und verbundene Tätigkeiten;58,011;jew. ME;PRO013;Produktionswert
81000;Volkswirtschaftliche Gesamtrechnungen des Bundes;JAHR;Jahr;2024;DINSG;Deutschland insgesamt;DG;Deutschland;VGRPB5;Preisbasis (jeweilige Preise / preisbereinigt);VGRPVK;preisbereinigt, verkettete Volumenang. (Mrd. EUR);WZ08G3;WZ2008: Wirtschaftsbereiche der VGR;WZ08-10-01;Ernährungsgewerbe und Tabakverarbeitung;194,540;jew. ME;PRO013;Produktionswert
81000;Volkswirtschaftliche Gesamtrechnungen des Bundes;JAHR;Jahr;2023;DINSG;Deutschland insgesamt;DG;Deutschland;VGRPB5;Preisbasis (jeweilige Preise / preisbereinigt);VGRJPM;in jeweiligen Preisen (Mrd. EUR);WZ08G3;WZ2008: Wirtschaftsbereiche der VGR;WZ08-36;Wasserversorgung;11,607;jew. ME;PRO013;Produktionswert
81000;Volkswirtschaftliche Gesamtrechnungen des Bundes;JAHR;Jahr;2021;DINSG;Deutschland insgesamt;DG;Deutschland;VGRPB5;Preisbasis (jeweilige Preise / preisbereinigt);VGRPVU;preisbereinigt, unverkettete Volumenang.(Mrd. EUR);WZ08G3;WZ2008: Wirtschaftsbereiche der VGR;WZ08-R-02;Sonstige Dienstleister;157,792;jew. ME;PRO013;Produktionswert
81000;Volkswirtschaftliche Gesamtrechnungen des Bundes;JAHR;Jahr;2025;DINSG;Deutschland insgesamt;DG;Deutschland;VGRPB5;Preisbasis (jeweilige Preise / preisbereinigt);VGRPVK;preisbereinigt, verkettete Volumenang. (Mrd. EUR);WZ08G3;WZ2008: Wirtschaftsbereiche der VGR;WZ08-47;Einzelhandel (ohne Handel mit Kraftfahrzeugen);...;jew. ME;PRO013;Produktionswert
81000;Volkswirtschaftliche Gesamtrechnungen des Bundes;JAHR;Jahr;2025;DINSG;Deutschland insgesamt;DG;Deutschland;VGRPB5;Preisbasis (jeweilige Preise / preisbereinigt);VGRJPM;in jeweiligen Preisen (Mrd. EUR);WZ08G3;WZ2008: Wirtschaftsbereiche der VGR;WZ08-26;H.v. DV-Geräten, elektron. u. opt. Erzeugnissen;...;jew. ME;PRO013;Produktionswert
81000;Volkswirtschaftliche Gesamtrechnungen des Bundes;JAHR;Jahr;2021;DINSG;Deutschland insgesamt;DG;Deutschland;VGRPB5;Preisbasis (jeweilige Preise / preisbereinigt);VGRPVU;preisbereinigt, unverkettete Volumenang.(Mrd. EUR);WZ08G3;WZ2008: Wirtschaftsbereiche der VGR;WZ08-43;Vorb.Baustellenarbeiten, Bauinstall., sonst.Ausbau;230,577;jew. ME;PRO013;Produktionswert
81000;Volkswirtschaftliche Gesamtrechnungen des Bundes;JAHR;Jahr;2025;DINSG;Deutschland insgesamt;DG;Deutschland;VGRPB5;Preisbasis (jeweilige Preise / preisbereinigt);VGRPVU;preisbereinigt, unverkettete Volumenang.(Mrd. EUR);WZ08G3;WZ2008: Wirtschaftsbereiche der VGR;WZ08-Q;Gesundheits- und Sozialwesen;521,441;jew. ME;PRO013;Produktionswert
81000;Volkswirtschaftliche Gesamtrechnungen des Bundes;JAHR;Jahr;2022;DINSG;Deutschland insgesamt;DG;Deutschland;VGRPB5;Preisbasis (jeweilige Preise / preisbereinigt);VGRPVU;preisbereinigt, unverkettete Volumenang.(Mrd. EUR);WZ08G3;WZ2008: Wirtschaftsbereiche der VGR;WZ08-22;Herstellung von Gummi- und Kunststoffwaren;91,186;jew. ME;PRO013;Produktionswert
81000;Volkswirtschaftliche Gesamtrechnungen des Bundes;JAHR;Jahr;2024;DINSG;Deutschland insgesamt;DG;Deutschland;VGRPB5;Preisbasis (jeweilige Preise / preisbereinigt);VGRPVU;preisbereinigt, unverkettete Volumenang.(Mrd. EUR);WZ08G3;WZ2008: Wirtschaftsbereiche der VGR;WZ08-73-01;Sonst.freiberufl., wissenschaftl., techn. Dienstl.;74,188;jew. ME;PRO013;Produktionswert
81000;Volkswirtschaftliche Gesamtrechnungen des Bundes;JAHR;Jahr;2024;DINSG;Deutschland insgesamt;DG;Deutschland;VGRPB5;Preisbasis (jeweilige Preise / preisbereinigt);VGRPVU;preisbereinigt, unverkettete Volumenang.(Mrd. EUR);WZ08G3;WZ2008: Wirtschaftsbereiche der VGR;WZ08-43;Vorb.Baustellenarbeiten, Bauinstall., sonst.Ausbau;304,076;jew. ME;PRO013;Produktionswert
81000;Volkswirtschaftliche Gesamtrechnungen des Bundes;JAHR;Jahr;2021;DINSG;Deutschland insgesamt;DG;Deutschland;VGRPB5;Preisbasis (jeweilige Preise / preisbereinigt);VGRPVK;preisbereinigt, verkettete Volumenang. (Mrd. EUR);WZ08G3;WZ2008: Wirtschaftsbereiche der VGR;WZ08-36;Wasserversorgung;10,038;jew. ME;PRO013;Produktionswert
81000;Volkswirtschaftliche Gesamtrechnungen des Bundes;JAHR;Jahr;2023;DINSG;Deutschland insgesamt;DG;Deutschland;VGRPB5;Preisbasis (jeweilige Preise / preisbereinigt);VGRJPM;in jeweiligen Preisen (Mrd. EUR);WZ08G3;WZ2008: Wirtschaftsbereiche der VGR;WZ08-01;Landwirtschaft, Jagd und verbundene Tätigkeiten;74,276;jew. ME;PRO013;Produktionswert
81000;Volkswirtschaftliche Gesamtrechnungen des Bundes;JAHR;Jahr;2024;DINSG;Deutschland insgesamt;DG;Deutschland;VGRPB5;Preisbasis (jeweilige Preise / preisbereinigt);VGRPKM;preisbereinigt, Kettenindex (2020=100);WZ08G3;WZ2008: Wirtschaftsbereiche der VGR;WZ08-J;Information und Kommunikation;124,450;jew. ME;PRO013;Produktionswert
81000;Volkswirtschaftliche Gesamtrechnungen des Bundes;JAHR;Jahr;2023;DINSG;Deutschland insgesamt;DG;Deutschland;VGRPB5;Preisbasis (jeweilige Preise / preisbereinigt);VGRPKM;preisbereinigt, Kettenindex (2020=100);WZ08G3;WZ2008: Wirtschaftsbereiche der VGR;WZ08-I;Gastgewerbe;165,900;jew. ME;PRO013;Produktionswert
81000;Volkswirtschaftliche Gesamtrechnungen des Bundes;JAHR;Jahr;2021;DINSG;Deutschland insgesamt;DG;Deutschland;VGRPB5;Preisbasis (jeweilige Preise / preisbereinigt);VGRPVU;preisbereinigt, unverkettete Volumenang.(Mrd. EUR);WZ08G3;WZ2008: Wirtschaftsbereiche der VGR;WZ08-78;Vermittlung und Überlassung von Arbeitskräften;36,958;jew. ME;PRO013;Produktionswert
81000;Volkswirtschaftliche Gesamtrechnungen des Bundes;JAHR;Jahr;2024;DINSG;Deutschland insgesamt;DG;Deutschland;VGRPB5;Preisbasis (jeweilige Preise / preisbereinigt);VGRJPM;in jeweiligen Preisen (Mrd. EUR);WZ08G3;WZ2008: Wirtschaftsbereiche der VGR;WZ08-47;Einzelhandel (ohne Handel mit Kraftfahrzeugen);294,034;jew. ME;PRO013;Produktionswert
81000;Volkswirtschaftliche Gesamtrechnungen des Bundes;JAHR;Jahr;2022;DINSG;Deutschland insgesamt;DG;Deutschland;VGRPB5;Preisbasis (jeweilige Preise / preisbereinigt);VGRPKM;preisbereinigt, Kettenindex (2020=100);WZ08G3;WZ2008: Wirtschaftsbereiche der VGR;WZ08-24;Metallerzeugung und -bearbeitung;110,080;jew. ME;PRO013;Produktionswert
81000;Volkswirtschaftliche Gesamtrechnungen des Bundes;JAHR;Jahr;2024;DINSG;Deutschland insgesamt;DG;Deutschland;VGRPB5;Preisbasis (jeweilige Preise / preisbereinigt);VGRPKM;preisbereinigt, Kettenindex (2020=100);WZ08G3;WZ2008: Wirtschaftsbereiche der VGR;WZ08-49;Landverkehr und Transport in Rohrfernleitungen;118,330;jew. ME;PRO013;Produktionswert
81000;Volkswirtschaftliche Gesamtrechnungen des Bundes;JAHR;Jahr;2022;DINSG;Deutschland insgesamt;DG;Deutschland;VGRPB5;Preisbasis (jeweilige Preise / preisbereinigt);VGRJPM;in jeweiligen Preisen (Mrd. EUR);WZ08G3;WZ2008: Wirtschaftsbereiche der VGR;WZ08-26;H.v. DV-Geräten, elektron. u. opt. Erzeugnissen;108,625;jew. ME;PRO013;Produktionswert
81000;Volkswirtschaftliche Gesamtrechnungen des Bundes;JAHR;Jahr;2025;DINSG;Deutschland insgesamt;DG;Deutschland;VGRPB5;Preisbasis (jeweilige Preise / preisbereinigt);VGRPKM;preisbereinigt, Kettenindex (2020=100);WZ08G3;WZ2008: Wirtschaftsbereiche der VGR;WZ08-25;Herstellung von Metallerzeugnissen;...;jew. ME;PRO013;Produktionswert
81000;Volkswirtschaftliche Gesamtrechnungen des Bundes;JAHR;Jahr;2021;DINSG;Deutschland insgesamt;DG;Deutschland;VGRPB5;Preisbasis (jeweilige Preise / preisbereinigt);VGRJPM;in jeweiligen Preisen (Mrd. EUR);WZ08G3;WZ2008: Wirtschaftsbereiche der VGR;WZ08-10-01;Ernährungsgewerbe und Tabakverarbeitung;200,974;jew. ME;PRO013;Produktionswert
81000;Volkswirtschaftliche Gesamtrechnungen des Bundes;JAHR;Jahr;2022;DINSG;Deutschland insgesamt;DG;Deutschland;VGRPB5;Preisbasis (jeweilige Preise / preisbereinigt);VGRPVK;preisbereinigt, verkettete Volumenang. (Mrd. EUR);WZ08G3;WZ2008: Wirtschaftsbereiche der VGR;WZ08-47;Einzelhandel (ohne Handel mit Kraftfahrzeugen);239,019;jew. ME;PRO013;Produktionswert
81000;Volkswirtschaftliche Gesamtrechnungen des Bundes;JAHR;Jahr;2023;DINSG;Deutschland insgesamt;DG;Deutschland;VGRPB5;Preisbasis (jeweilige Preise / preisbereinigt);VGRJPM;in jeweiligen Preisen (Mrd. EUR);WZ08G3;WZ2008: Wirtschaftsbereiche der VGR;WZ08-O;Öff. Verwaltung, Verteidigung, Sozialversicherung;387,896;jew. ME;PRO013;Produktionswert
81000;Volkswirtschaftliche Gesamtrechnungen des Bundes;JAHR;Jahr;2022;DINSG;Deutschland insgesamt;DG;Deutschland;VGRPB5;Preisbasis (jeweilige Preise / preisbereinigt);VGRPVK;preisbereinigt, verkettete Volumenang. (Mrd. EUR);WZ08G3;WZ2008: Wirtschaftsbereiche der VGR;WZ08-J;Information und Kommunikation;351,676;jew. ME;PRO013;Produktionswert
81000;Volkswirtschaftliche Gesamtrechnungen des Bundes;JAHR;Jahr;2021;DINSG;Deutschland insgesamt;DG;Deutschland;VGRPB5;Preisbasis (jeweilige Preise / preisbereinigt);VGRPKM;preisbereinigt, Kettenindex (2020=100);WZ08G3;WZ2008: Wirtschaftsbereiche der VGR;WZ08-A-02;Alle Wirtschaftsbereiche;103,630;jew. ME;PRO013;Produktionswert
81000;Volkswirtschaftliche Gesamtrechnungen des Bundes;JAHR;Jahr;2021;DINSG;Deutschland insgesamt;DG;Deutschland;VGRPB5;Preisbasis (jeweilige Preise / preisbereinigt);VGRPVK;preisbereinigt, verkettete Volumenang. (Mrd. EUR);WZ08G3;WZ2008: Wirtschaftsbereiche der VGR;WZ08-23;H.v.Glas,-waren,Keramik,Verarb. v.Steinen u.Erden;51,496;jew. ME;PRO013;Produktionswert
81000;Volkswirtschaftliche Gesamtrechnungen des Bundes;JAHR;Jahr;2021;DINSG;Deutschland insgesamt;DG;Deutschland;VGRPB5;Preisbasis (jeweilige Preise / preisbereinigt);VGRPVK;preisbereinigt, verkettete Volumenang. (Mrd. EUR);WZ08G3;WZ2008: Wirtschaftsbereiche der VGR;WZ08-I;Gastgewerbe;70,741;jew. ME;PRO013;Produktionswert
81000;Volkswirtschaftliche Gesamtrechnungen des Bundes;JAHR;Jahr;2024;DINSG;Deutschland insgesamt;DG;Deutschland;VGRPB5;Preisbasis (jeweilige Preise / preisbereinigt);VGRPVK;preisbereinigt, verkettete Volumenang. (Mrd. EUR);WZ08G3;WZ2008: Wirtschaftsbereiche der VGR;WZ08-24;Metallerzeugung und -bearbeitung;92,214;jew. ME;PRO013;Produktionswert
81000;Volkswirtschaftliche Gesamtrechnungen des Bundes;JAHR;Jahr;2025;DINSG;Deutschland insgesamt;DG;Deutschland;VGRPB5;Preisbasis (jeweilige Preise / preisbereinigt);VGRJPM;in jeweiligen Preisen (Mrd. EUR);WZ08G3;WZ2008: Wirtschaftsbereiche der VGR;WZ08-73-01;Sonst.freiberufl., wissenschaftl., techn. Dienstl.;...;jew. ME;PRO013;Produktionswert
81000;Volkswirtschaftliche Gesamtrechnungen des Bundes;JAHR;Jahr;2021;DINSG;Deutschland insgesamt;DG;Deutschland;VGRPB5;Preisbasis (jeweilige Preise / preisbereinigt);VGRPVU;preisbereinigt, unverkettete Volumenang.(Mrd. EUR);WZ08G3;WZ2008: Wirtschaftsbereiche der VGR;WZ08-21;Herstellung von pharmazeutischen Erzeugnissen;60,036;jew. ME;PRO013;Produktionswert
81000;Volkswirtschaftliche Gesamtrechnungen des Bundes;JAHR;Jahr;2024;DINSG;Deutschland insgesamt;DG;Deutschland;VGRPB5;Preisbasis (jeweilige Preise / preisbereinigt);VGRPVU;preisbereinigt, unverkettete Volumenang.(Mrd. EUR);WZ08G3;WZ2008: Wirtschaftsbereiche der VGR;WZ08-Q;Gesundheits- und Sozialwesen;487,548;jew. ME;PRO013;Produktionswert
81000;Volkswirtschaftliche Gesamtrechnungen des Bundes;JAHR;Jahr;2024;DINSG;Deutschland insgesamt;DG;Deutschland;VGRPB5;Preisbasis (jeweilige Preise / preisbereinigt);VGRPVU;preisbereinigt, unverkettete Volumenang.(Mrd. EUR);WZ08G3;WZ2008: Wirtschaftsbereiche der VGR;WZ08-21;Herstellung von pharmazeutischen Erzeugnissen;63,130;jew. ME;PRO013;Produktionswert
81000;Volkswirtschaftliche Gesamtrechnungen des Bundes;JAHR;Jahr;2024;DINSG;Deutschland insgesamt;DG;Deutschland;VGRPB5;Preisbasis (jeweilige Preise / preisbereinigt);VGRPKM;preisbereinigt, Kettenindex (2020=100);WZ08G3;WZ2008: Wirtschaftsbereiche der VGR;WZ08-G-01;Handel, Verkehr, Gastgewerbe;110,650;jew. ME;PRO013;Produktionswert
81000;Volkswirtschaftliche Gesamtrechnungen des Bundes;JAHR;Jahr;2023;DINSG;Deutschland insgesamt;DG;Deutschland;VGRPB5;Preisbasis (jeweilige Preise / preisbereinigt);VGRPVU;preisbereinigt, unverkettete Volumenang.(Mrd. EUR);WZ08G3;WZ2008: Wirtschaftsbereiche der VGR;WZ08-P;Erziehung und Unterricht;237,213;jew. ME;PRO013;Produktionswert
81000;Volkswirtschaftliche Gesamtrechnungen des Bundes;JAHR;Jahr;2021;DINSG;Deutschland insgesamt;DG;Deutschland;VGRPB5;Preisbasis (jeweilige Preise / preisbereinigt);VGRPVK;preisbereinigt, verkettete Volumenang. (Mrd. EUR);WZ08G3;WZ2008: Wirtschaftsbereiche der VGR;WZ08-58;Verlagswesen;27,889;jew. ME;PRO013;Produktionswert
81000;Volkswirtschaftliche Gesamtrechnungen des Bundes;JAHR;Jahr;2022;DINSG;Deutschland insgesamt;DG;Deutschland;VGRPB5;Preisbasis (jeweilige Preise / preisbereinigt);VGRPVU;preisbereinigt, unverkettete Volumenang.(Mrd. EUR);WZ08G3;WZ2008: Wirtschaftsbereiche der VGR;WZ08-79;Reisebüros, -veranstalter u. sonst. Reservierungen;27,466;jew. ME;PRO013;Produktionswert
81000;Volkswirtschaftliche Gesamtrechnungen des Bundes;JAHR;Jahr;2025;DINSG;Deutschland insgesamt;DG;Deutschland;VGRPB5;Preisbasis (jeweilige Preise / preisbereinigt);VGRJPM;in jeweiligen Preisen (Mrd. EUR);WZ08G3;WZ2008: Wirtschaftsbereiche der VGR;WZ08-B-05;Produzierendes Gewerbe;3169,522;jew. ME;PRO013;Produktionswert
81000;Volkswirtschaftliche Gesamtrechnungen des Bundes;JAHR;Jahr;2024;DINSG;Deutschland insgesamt;DG;Deutschland;VGRPB5;Preisbasis (jeweilige Preise / preisbereinigt);VGRJPM;in jeweiligen Preisen (Mrd. EUR);WZ08G3;WZ2008: Wirtschaftsbereiche der VGR;WZ08-25;Herstellung von Metallerzeugnissen;159,711;jew. ME;PRO013;Produktionswert
81000;Volkswirtschaftliche Gesamtrechnungen des Bundes;JAHR;Jahr;2022;DINSG;Deutschland insgesamt;DG;Deutschland;VGRPB5;Preisbasis (jeweilige Preise / preisbereinigt);VGRPKM;preisbereinigt, Kettenindex (2020=100);WZ08G3;WZ2008: Wirtschaftsbereiche der VGR;WZ08-I;Gastgewerbe;159,160;jew. ME;PRO013;Produktionswert
81000;Volkswirtschaftliche Gesamtrechnungen des Bundes;JAHR;Jahr;2021;DINSG;Deutschland insgesamt;DG;Deutschland;VGRPB5;Preisbasis (jeweilige Preise / preisbereinigt);VGRPKM;preisbereinigt, Kettenindex (2020=100);WZ08G3;WZ2008: Wirtschaftsbereiche der VGR;WZ08-H;Verkehr und Lagerei;104,300;jew. ME;PRO013;Produktionswert
81000;Volkswirtschaftliche Gesamtrechnungen des Bundes;JAHR;Jahr;2025;DINSG;Deutschland insgesamt;DG;Deutschland;VGRPB5;Preisbasis (jeweilige Preise / preisbereinigt);VGRPKM;preisbereinigt, Kettenindex (2020=100);WZ08G3;WZ2008: Wirtschaftsbereiche der VGR;WZ08-A;Land- und Forstwirtschaft, Fischerei;99,310;jew. ME;PRO013;Produktionswert
81000;Volkswirtschaftliche Gesamtrechnungen des Bundes;JAHR;Jahr;2021;DINSG;Deutschland insgesamt;DG;Deutschland;VGRPB5;Preisbasis (jeweilige Preise / preisbereinigt);VGRPVK;preisbereinigt, verkettete Volumenang. (Mrd. EUR);WZ08G3;WZ2008: Wirtschaftsbereiche der VGR;WZ08-71;Architektur-,Ing.büros,techn.,physik.Untersuchung;106,661;jew. ME;PRO013;Produktionswert
81000;Volkswirtschaftliche Gesamtrechnungen des Bundes;JAHR;Jahr;2025;DINSG;Deutschland insgesamt;DG;Deutschland;VGRPB5;Preisbasis (jeweilige Preise / preisbereinigt);VGRPVU;preisbereinigt, unverkettete Volumenang.(Mrd. EUR);WZ08G3;WZ2008: Wirtschaftsbereiche der VGR;WZ08-94;Interessenvertr., kirchl. u. sonst. Vereinigungen;...;jew. ME;PRO013;Produktionswert
81000;Volkswirtschaftliche Gesamtrechnungen des Bundes;JAHR;Jahr;2021;DINSG;Deutschland insgesamt;DG;Deutschland;VGRPB5;Preisbasis (jeweilige Preise / preisbereinigt);VGRPVU;preisbereinigt, unverkettete Volumenang.(Mrd. EUR);WZ08G3;WZ2008: Wirtschaftsbereiche der VGR;WZ08-52;Lagerei, sonstige Dienstleistungen für den Verkehr;158,549;jew. ME;PRO013;Produktionswert
81000;Volkswirtschaftliche Gesamtrechnungen des Bundes;JAHR;Jahr;2025;DINSG;Deutschland insgesamt;DG;Deutschland;VGRPB5;Preisbasis (jeweilige Preise / preisbereinigt);VGRJPM;in jeweiligen Preisen (Mrd. EUR);WZ08G3;WZ2008: Wirtschaftsbereiche der VGR;WZ08-17;Herstellung von Papier, Pappe und Waren daraus;...;jew. ME;PRO013;Produktionswert
81000;Volkswirtschaftliche Gesamtrechnungen des Bundes;JAHR;Jahr;2023;DINSG;Deutschland insgesamt;DG;Deutschland;VGRPB5;Preisbasis (jeweilige Preise / preisbereinigt);VGRPVK;preisbereinigt, verkettete Volumenang. (Mrd. EUR);WZ08G3;WZ2008: Wirtschaftsbereiche der VGR;WZ08-37-01;Abwasser-, Abfallentsorgung, Rückgewinnung;64,176;jew. ME;PRO013;Produktionswert
81000;Volkswirtschaftliche Gesamtrechnungen des Bundes;JAHR;Jahr;2023;DINSG;Deutschland insgesamt;DG;Deutschland;VGRPB5;Preisbasis (jeweilige Preise / preisbereinigt);VGRPVU;preisbereinigt, unverkettete Volumenang.(Mrd. EUR);WZ08G3;WZ2008: Wirtschaftsbereiche der VGR;WZ08-50;Schifffahrt;54,382;jew. ME;PRO013;Produktionswert
81000;Volkswirtschaftliche Gesamtrechnungen des Bundes;JAHR;Jahr;2022;DINSG;Deutschland insgesamt;DG;Deutschland;VGRPB5;Preisbasis (jeweilige Preise / preisbereinigt);VGRPKM;preisbereinigt, Kettenindex (2020=100);WZ08G3;WZ2008: Wirtschaftsbereiche der VGR;WZ08-72;Forschung und Entwicklung;122,240;jew. ME;PRO013;Produktionswert
81000;Volkswirtschaftliche Gesamtrechnungen des Bundes;JAHR;Jahr;2023;DINSG;Deutschland insgesamt;DG;Deutschland;VGRPB5;Preisbasis (jeweilige Preise / preisbereinigt);VGRJPM;in jeweiligen Preisen (Mrd. EUR);WZ08G3;WZ2008: Wirtschaftsbereiche der VGR;WZ08-G-04;Dienstleistungsbereiche;4858,707;jew. ME;PRO013;Produktionswert
81000;Volkswirtschaftliche Gesamtrechnungen des Bundes;JAHR;Jahr;2021;DINSG;Deutschland insgesamt;DG;Deutschland;VGRPB5;Preisbasis (jeweilige Preise / preisbereinigt);VGRPVK;preisbereinigt, verkettete Volumenang. (Mrd. EUR);WZ08G3;WZ2008: Wirtschaftsbereiche der VGR;WZ08-J;Information und Kommunikation;331,212;jew. ME;PRO013;Produktionswert
81000;Volkswirtschaftliche Gesamtrechnungen des Bundes;JAHR;Jahr;2021;DINSG;Deutschland insgesamt;DG;Deutschland;VGRPB5;Preisbasis (jeweilige Preise / preisbereinigt);VGRPVK;preisbereinigt, verkettete Volumenang. (Mrd. EUR);WZ08G3;WZ2008: Wirtschaftsbereiche der VGR;WZ08-R-02;Sonstige Dienstleister;157,788;jew. ME;PRO013;Produktionswert
81000;Volkswirtschaftliche Gesamtrechnungen des Bundes;JAHR;Jahr;2023;DINSG;Deutschland insgesamt;DG;Deutschland;VGRPB5;Preisbasis (jeweilige Preise / preisbereinigt);VGRJPM;in jeweiligen Preisen (Mrd. EUR);WZ08G3;WZ2008: Wirtschaftsbereiche der VGR;WZ08-72;Forschung und Entwicklung;53,906;jew. ME;PRO013;Produktionswert
81000;Volkswirtschaftliche Gesamtrechnungen des Bundes;JAHR;Jahr;2024;DINSG;Deutschland insgesamt;DG;Deutschland;VGRPB5;Preisbasis (jeweilige Preise / preisbereinigt);VGRPVK;preisbereinigt, verkettete Volumenang. (Mrd. EUR);WZ08G3;WZ2008: Wirtschaftsbereiche der VGR;WZ08-42;Tiefbau;44,743;jew. ME;PRO013;Produktionswert
81000;Volkswirtschaftliche Gesamtrechnungen des Bundes;JAHR;Jahr;2023;DINSG;Deutschland insgesamt;DG;Deutschland;VGRPB5;Preisbasis (jeweilige Preise / preisbereinigt);VGRJPM;in jeweiligen Preisen (Mrd. EUR);WZ08G3;WZ2008: Wirtschaftsbereiche der VGR;WZ08-19;Kokerei und Mineralölverarbeitung;98,303;jew. ME;PRO013;Produktionswert
81000;Volkswirtschaftliche Gesamtrechnungen des Bundes;JAHR;Jahr;2022;DINSG;Deutschland insgesamt;DG;Deutschland;VGRPB5;Preisbasis (jeweilige Preise / preisbereinigt);VGRPKM;preisbereinigt, Kettenindex (2020=100);WZ08G3;WZ2008: Wirtschaftsbereiche der VGR;WZ08-90-01;Kunst und Kultur, Glücksspiel;123,040;jew. ME;PRO013;Produktionswert
81000;Volkswirtschaftliche Gesamtrechnungen des Bundes;JAHR;Jahr;2022;DINSG;Deutschland insgesamt;DG;Deutschland;VGRPB5;Preisbasis (jeweilige Preise / preisbereinigt);VGRPKM;preisbereinigt, Kettenindex (2020=100);WZ08G3;WZ2008: Wirtschaftsbereiche der VGR;WZ08-19;Kokerei und Mineralölverarbeitung;103,810;jew. ME;PRO013;Produktionswert
81000;Volkswirtschaftliche Gesamtrechnungen des Bundes;JAHR;Jahr;2021;DINSG;Deutschland insgesamt;DG;Deutschland;VGRPB5;Preisbasis (jeweilige Preise / preisbereinigt);VGRPVU;preisbereinigt, unverkettete Volumenang.(Mrd. EUR);WZ08G3;WZ2008: Wirtschaftsbereiche der VGR;WZ08-O;Öff. Verwaltung, Verteidigung, Sozialversicherung;333,374;jew. ME;PRO013;Produktionswert
81000;Volkswirtschaftliche Gesamtrechnungen des Bundes;JAHR;Jahr;2022;DINSG;Deutschland insgesamt;DG;Deutschland;VGRPB5;Preisbasis (jeweilige Preise / preisbereinigt);VGRPVU;preisbereinigt, unverkettete Volumenang.(Mrd. EUR);WZ08G3;WZ2008: Wirtschaftsbereiche der VGR;WZ08-H;Verkehr und Lagerei;442,621;jew. ME;PRO013;Produktionswert
81000;Volkswirtschaftliche Gesamtrechnungen des Bundes;JAHR;Jahr;2021;DINSG;Deutschland insgesamt;DG;Deutschland;VGRPB5;Preisbasis (jeweilige Preise / preisbereinigt);VGRPKM;preisbereinigt, Kettenindex (2020=100);WZ08G3;WZ2008: Wirtschaftsbereiche der VGR;WZ08-36;Wasserversorgung;98,090;jew. ME;PRO013;Produktionswert
81000;Volkswirtschaftliche Gesamtrechnungen des Bundes;JAHR;Jahr;2023;DINSG;Deutschland insgesamt;DG;Deutschland;VGRPB5;Preisbasis (jeweilige Preise / preisbereinigt);VGRJPM;in jeweiligen Preisen (Mrd. EUR);WZ08G3;WZ2008: Wirtschaftsbereiche der VGR;WZ08-G;Handel, Instandhaltung und Reparatur von Kfz;741,476;jew. ME;PRO013;Produktionswert
81000;Volkswirtschaftliche Gesamtrechnungen des Bundes;JAHR;Jahr;2025;DINSG;Deutschland insgesamt;DG;Deutschland;VGRPB5;Preisbasis (jeweilige Preise / preisbereinigt);VGRPVU;preisbereinigt, unverkettete Volumenang.(Mrd. EUR);WZ08G3;WZ2008: Wirtschaftsbereiche der VGR;WZ08-19;Kokerei und Mineralölverarbeitung;...;jew. ME;PRO013;Produktionswert
81000;Volkswirtschaftliche Gesamtrechnungen des Bundes;JAHR;Jahr;2021;DINSG;Deutschland insgesamt;DG;Deutschland;VGRPB5;Preisbasis (jeweilige Preise / preisbereinigt);VGRJPM;in jeweiligen Preisen (Mrd. EUR);WZ08G3;WZ2008: Wirtschaftsbereiche der VGR;WZ08-90-01;Kunst und Kultur, Glücksspiel;28,798;jew. ME;PRO013;Produktionswert
81000;Volkswirtschaftliche Gesamtrechnungen des Bundes;JAHR;Jahr;2024;DINSG;Deutschland insgesamt;DG;Deutschland;VGRPB5;Preisbasis (jeweilige Preise / preisbereinigt);VGRPVU;preisbereinigt, unverkettete Volumenang.(Mrd. EUR);WZ08G3;WZ2008: Wirtschaftsbereiche der VGR;WZ08-22;Herstellung von Gummi- und Kunststoffwaren;89,682;jew. ME;PRO013;Produktionswert
81000;Volkswirtschaftliche Gesamtrechnungen des Bundes;JAHR;Jahr;2023;DINSG;Deutschland insgesamt;DG;Deutschland;VGRPB5;Preisbasis (jeweilige Preise / preisbereinigt);VGRPVU;preisbereinigt, unverkettete Volumenang.(Mrd. EUR);WZ08G3;WZ2008: Wirtschaftsbereiche der VGR;WZ08-Q;Gesundheits- und Sozialwesen;458,839;jew. ME;PRO013;Produktionswert
81000;Volkswirtschaftliche Gesamtrechnungen des Bundes;JAHR;Jahr;2022;DINSG;Deutschland insgesamt;DG;Deutschland;VGRPB5;Preisbasis (jeweilige Preise / preisbereinigt);VGRJPM;in jeweiligen Preisen (Mrd. EUR);WZ08G3;WZ2008: Wirtschaftsbereiche der VGR;WZ08-N;Sonstige wirtschaftliche Dienstleistungen;336,510;jew. ME;PRO013;Produktionswert
81000;Volkswirtschaftliche Gesamtrechnungen des Bundes;JAHR;Jahr;2025;DINSG;Deutschland insgesamt;DG;Deutschland;VGRPB5;Preisbasis (jeweilige Preise / preisbereinigt);VGRPKM;preisbereinigt, Kettenindex (2020=100);WZ08G3;WZ2008: Wirtschaftsbereiche der VGR;WZ08-43;Vorb.Baustellenarbeiten, Bauinstall., sonst.Ausbau;...;jew. ME;PRO013;Produktionswert
81000;Volkswirtschaftliche Gesamtrechnungen des Bundes;JAHR;Jahr;2021;DINSG;Deutschland insgesamt;DG;Deutschland;VGRPB5;Preisbasis (jeweilige Preise / preisbereinigt);VGRPKM;preisbereinigt, Kettenindex (2020=100);WZ08G3;WZ2008: Wirtschaftsbereiche der VGR;WZ08-01;Landwirtschaft, Jagd und verbundene Tätigkeiten;104,960;jew. ME;PRO013;Produktionswert
81000;Volkswirtschaftliche Gesamtrechnungen des Bundes;JAHR;Jahr;2021;DINSG;Deutschland insgesamt;DG;Deutschland;VGRPB5;Preisbasis (jeweilige Preise / preisbereinigt);VGRPVK;preisbereinigt, verkettete Volumenang. (Mrd. EUR);WZ08G3;WZ2008: Wirtschaftsbereiche der VGR;WZ08-B-18;Produzierendes Gewerbe ohne Baugewerbe;2138,150;jew. ME;PRO013;Produktionswert
81000;Volkswirtschaftliche Gesamtrechnungen des Bundes;JAHR;Jahr;2021;DINSG;Deutschland insgesamt;DG;Deutschland;VGRPB5;Preisbasis (jeweilige Preise / preisbereinigt);VGRJPM;in jeweiligen Preisen (Mrd. EUR);WZ08G3;WZ2008: Wirtschaftsbereiche der VGR;WZ08-E;Wasserversorg.,Entsorg.,Beseitig.v.Umweltverschm.;86,123;jew. ME;PRO013;Produktionswert
81000;Volkswirtschaftliche Gesamtrechnungen des Bundes;JAHR;Jahr;2023;DINSG;Deutschland insgesamt;DG;Deutschland;VGRPB5;Preisbasis (jeweilige Preise / preisbereinigt);VGRPVU;preisbereinigt, unverkettete Volumenang.(Mrd. EUR);WZ08G3;WZ2008: Wirtschaftsbereiche der VGR;WZ08-13-01;Textil- und Bekleidungsgewerbe;23,362;jew. ME;PRO013;Produktionswert
81000;Volkswirtschaftliche Gesamtrechnungen des Bundes;JAHR;Jahr;2023;DINSG;Deutschland insgesamt;DG;Deutschland;VGRPB5;Preisbasis (jeweilige Preise / preisbereinigt);VGRPVK;preisbereinigt, verkettete Volumenang. (Mrd. EUR);WZ08G3;WZ2008: Wirtschaftsbereiche der VGR;WZ08-93;Dienstleistungen d.Sports,d.Unterhaltg.u.Erholung;34,379;jew. ME;PRO013;Produktionswert
81000;Volkswirtschaftliche Gesamtrechnungen des Bundes;JAHR;Jahr;2022;DINSG;Deutschland insgesamt;DG;Deutschland;VGRPB5;Preisbasis (jeweilige Preise / preisbereinigt);VGRJPM;in jeweiligen Preisen (Mrd. EUR);WZ08G3;WZ2008: Wirtschaftsbereiche der VGR;WZ08-47;Einzelhandel (ohne Handel mit Kraftfahrzeugen);264,070;jew. ME;PRO013;Produktionswert
81000;Volkswirtschaftliche Gesamtrechnungen des Bundes;JAHR;Jahr;2024;DINSG;Deutschland insgesamt;DG;Deutschland;VGRPB5;Preisbasis (jeweilige Preise / preisbereinigt);VGRPKM;preisbereinigt, Kettenindex (2020=100);WZ08G3;WZ2008: Wirtschaftsbereiche der VGR;WZ08-28;Maschinenbau;108,740;jew. ME;PRO013;Produktionswert
81000;Volkswirtschaftliche Gesamtrechnungen des Bundes;JAHR;Jahr;2025;DINSG;Deutschland insgesamt;DG;Deutschland;VGRPB5;Preisbasis (jeweilige Preise / preisbereinigt);VGRJPM;in jeweiligen Preisen (Mrd. EUR);WZ08G3;WZ2008: Wirtschaftsbereiche der VGR;WZ08-G-01;Handel, Verkehr, Gastgewerbe;1440,095;jew. ME;PRO013;Produktionswert
81000;Volkswirtschaftliche Gesamtrechnungen des Bundes;JAHR;Jahr;2025;DINSG;Deutschland insgesamt;DG;Deutschland;VGRPB5;Preisbasis (jeweilige Preise / preisbereinigt);VGRPVU;preisbereinigt, unverkettete Volumenang.(Mrd. EUR);WZ08G3;WZ2008: Wirtschaftsbereiche der VGR;WZ08-72;Forschung und Entwicklung;...;jew. ME;PRO013;Produktionswert
81000;Volkswirtschaftliche Gesamtrechnungen des Bundes;JAHR;Jahr;2021;DINSG;Deutschland insgesamt;DG;Deutschland;VGRPB5;Preisbasis (jeweilige Preise / preisbereinigt);VGRPVU;preisbereinigt, unverkettete Volumenang.(Mrd. EUR);WZ08G3;WZ2008: Wirtschaftsbereiche der VGR;WZ08-30;Sonstiger Fahrzeugbau;44,915;jew. ME;PRO013;Produktionswert
81000;Volkswirtschaftliche Gesamtrechnungen des Bundes;JAHR;Jahr;2023;DINSG;Deutschland insgesamt;DG;Deutschland;VGRPB5;Preisbasis (jeweilige Preise / preisbereinigt);VGRPVU;preisbereinigt, unverkettete Volumenang.(Mrd. EUR);WZ08G3;WZ2008: Wirtschaftsbereiche der VGR;WZ08-72;Forschung und Entwicklung;52,623;jew. ME;PRO013;Produktionswert
81000;Volkswirtschaftliche Gesamtrechnungen des Bundes;JAHR;Jahr;2021;DINSG;Deutschland insgesamt;DG;Deutschland;VGRPB5;Preisbasis (jeweilige Preise / preisbereinigt);VGRPVU;preisbereinigt, unverkettete Volumenang.(Mrd. EUR);WZ08G3;WZ2008: Wirtschaftsbereiche der VGR;WZ08-22-01;H.v. Gummi-, Kunststoff-, Glaswaren, Keramik u.Ä.;138,497;jew. ME;PRO013;Produktionswert
81000;Volkswirtschaftliche Gesamtrechnungen des Bundes;JAHR;Jahr;2021;DINSG;Deutschland insgesamt;DG;Deutschland;VGRPB5;Preisbasis (jeweilige Preise / preisbereinigt);VGRPVU;preisbereinigt, unverkettete Volumenang.(Mrd. EUR);WZ08G3;WZ2008: Wirtschaftsbereiche der VGR;WZ08-59-01;Audiovisuelle Medien und Rundfunk;36,366;jew. ME;PRO013;Produktionswert
81000;Volkswirtschaftliche Gesamtrechnungen des Bundes;JAHR;Jahr;2022;DINSG;Deutschland insgesamt;DG;Deutschland;VGRPB5;Preisbasis (jeweilige Preise / preisbereinigt);VGRPKM;preisbereinigt, Kettenindex (2020=100);WZ08G3;WZ2008: Wirtschaftsbereiche der VGR;WZ08-50;Schifffahrt;76,780;jew. ME;PRO013;Produktionswert
81000;Volkswirtschaftliche Gesamtrechnungen des Bundes;JAHR;Jahr;2025;DINSG;Deutschland insgesamt;DG;Deutschland;VGRPB5;Preisbasis (jeweilige Preise / preisbereinigt);VGRPKM;preisbereinigt, Kettenindex (2020=100);WZ08G3;WZ2008: Wirtschaftsbereiche der VGR;WZ08-R;Kunst, Unterhaltung und Erholung;132,610;jew. ME;PRO013;Produktionswert
81000;Volkswirtschaftliche Gesamtrechnungen des Bundes;JAHR;Jahr;2023;DINSG;Deutschland insgesamt;DG;Deutschland;VGRPB5;Preisbasis (jeweilige Preise / preisbereinigt);VGRJPM;in jeweiligen Preisen (Mrd. EUR);WZ08G3;WZ2008: Wirtschaftsbereiche der VGR;WZ08-50;Schifffahrt;36,264;jew. ME;PRO013;Produktionswert
81000;Volkswirtschaftliche Gesamtrechnungen des Bundes;JAHR;Jahr;2021;DINSG;Deutschland insgesamt;DG;Deutschland;VGRPB5;Preisbasis (jeweilige Preise / preisbereinigt);VGRJPM;in jeweiligen Preisen (Mrd. EUR);WZ08G3;WZ2008: Wirtschaftsbereiche der VGR;WZ08-50;Schifffahrt;38,759;jew. ME;PRO013;Produktionswert
81000;Volkswirtschaftliche Gesamtrechnungen des Bundes;JAHR;Jahr;2025;DINSG;Deutschland insgesamt;DG;Deutschland;VGRPB5;Preisbasis (jeweilige Preise / preisbereinigt);VGRJPM;in jeweiligen Preisen (Mrd. EUR);WZ08G3;WZ2008: Wirtschaftsbereiche der VGR;WZ08-B-18;Produzierendes Gewerbe ohne Baugewerbe;2691,795;jew. ME;PRO013;Produktionswert
81000;Volkswirtschaftliche Gesamtrechnungen des Bundes;JAHR;Jahr;2025;DINSG;Deutschland insgesamt;DG;Deutschland;VGRPB5;Preisbasis (jeweilige Preise / preisbereinigt);VGRJPM;in jeweiligen Preisen (Mrd. EUR);WZ08G3;WZ2008: Wirtschaftsbereiche der VGR;WZ08-87-01;Heime und Sozialwesen;...;jew. ME;PRO013;Produktionswert
81000;Volkswirtschaftliche Gesamtrechnungen des Bundes;JAHR;Jahr;2021;DINSG;Deutschland insgesamt;DG;Deutschland;VGRPB5;Preisbasis (jeweilige Preise / preisbereinigt);VGRPKM;preisbereinigt, Kettenindex (2020=100);WZ08G3;WZ2008: Wirtschaftsbereiche der VGR;WZ08-G-04;Dienstleistungsbereiche;104,020;jew. ME;PRO013;Produktionswert
81000;Volkswirtschaftliche Gesamtrechnungen des Bundes;JAHR;Jahr;2024;DINSG;Deutschland insgesamt;DG;Deutschland;VGRPB5;Preisbasis (jeweilige Preise / preisbereinigt);VGRPVK;preisbereinigt, verkettete Volumenang. (Mrd. EUR);WZ08G3;WZ2008: Wirtschaftsbereiche der VGR;WZ08-64;Erbringung von Finanzdienstleistungen;151,227;jew. ME;PRO013;Produktionswert
81000;Volkswirtschaftliche Gesamtrechnungen des Bundes;JAHR;Jahr;2025;DINSG;Deutschland insgesamt;DG;Deutschland;VGRPB5;Preisbasis (jeweilige Preise / preisbereinigt);VGRPVK;preisbereinigt, verkettete Volumenang. (Mrd. EUR);WZ08G3;WZ2008: Wirtschaftsbereiche der VGR;WZ08-25;Herstellung von Metallerzeugnissen;...;jew. ME;PRO013;Produktionswert
81000;Volkswirtschaftliche Gesamtrechnungen des Bundes;JAHR;Jahr;2022;DINSG;Deutschland insgesamt;DG;Deutschland;VGRPB5;Preisbasis (jeweilige Preise / preisbereinigt);VGRPVK;preisbereinigt, verkettete Volumenang. (Mrd. EUR);WZ08G3;WZ2008: Wirtschaftsbereiche der VGR;WZ08-021;Forstwirtschaft;4,832;jew. ME;PRO013;Produktionswert
81000;Volkswirtschaftliche Gesamtrechnungen des Bundes;JAHR;Jahr;2025;DINSG;Deutschland insgesamt;DG;Deutschland;VGRPB5;Preisbasis (jeweilige Preise / preisbereinigt);VGRJPM;in jeweiligen Preisen (Mrd. EUR);WZ08G3;WZ2008: Wirtschaftsbereiche der VGR;WZ08-37-01;Abwasser-, Abfallentsorgung, Rückgewinnung;...;jew. ME;PRO013;Produktionswert
81000;Volkswirtschaftliche Gesamtrechnungen des Bundes;JAHR;Jahr;2025;DINSG;Deutschland insgesamt;DG;Deutschland;VGRPB5;Preisbasis (jeweilige Preise / preisbereinigt);VGRPVU;preisbereinigt, unverkettete Volumenang.(Mrd. EUR);WZ08G3;WZ2008: Wirtschaftsbereiche der VGR;WZ08-D;Energieversorgung;246,253;jew. ME;PRO013;Produktionswert
81000;Volkswirtschaftliche Gesamtrechnungen des Bundes;JAHR;Jahr;2021;DINSG;Deutschland insgesamt;DG;Deutschland;VGRPB5;Preisbasis (jeweilige Preise / preisbereinigt);VGRPVU;preisbereinigt, unverkettete Volumenang.(Mrd. EUR);WZ08G3;WZ2008: Wirtschaftsbereiche der VGR;WZ08-65;Versicherungen, Rückversicherungen, Pensionskassen;95,396;jew. ME;PRO013;Produktionswert
81000;Volkswirtschaftliche Gesamtrechnungen des Bundes;JAHR;Jahr;2025;DINSG;Deutschland insgesamt;DG;Deutschland;VGRPB5;Preisbasis (jeweilige Preise / preisbereinigt);VGRPKM;preisbereinigt, Kettenindex (2020=100);WZ08G3;WZ2008: Wirtschaftsbereiche der VGR;WZ08-30;Sonstiger Fahrzeugbau;...;jew. ME;PRO013;Produktionswert
81000;Volkswirtschaftliche Gesamtrechnungen des Bundes;JAHR;Jahr;2021;DINSG;Deutschland insgesamt;DG;Deutschland;VGRPB5;Preisbasis (jeweilige Preise / preisbereinigt);VGRPKM;preisbereinigt, Kettenindex (2020=100);WZ08G3;WZ2008: Wirtschaftsbereiche der VGR;WZ08-58;Verlagswesen;88,350;jew. ME;PRO013;Produktionswert
81000;Volkswirtschaftliche Gesamtrechnungen des Bundes;JAHR;Jahr;2021;DINSG;Deutschland insgesamt;DG;Deutschland;VGRPB5;Preisbasis (jeweilige Preise / preisbereinigt);VGRPVK;preisbereinigt, verkettete Volumenang. (Mrd. EUR);WZ08G3;WZ2008: Wirtschaftsbereiche der VGR;WZ08-18;H.v. Druckerz., Vervielf.v.Ton-,Bild-,Datenträgern;16,574;jew. ME;PRO013;Produktionswert
81000;Volkswirtschaftliche Gesamtrechnungen des Bundes;JAHR;Jahr;2025;DINSG;Deutschland insgesamt;DG;Deutschland;VGRPB5;Preisbasis (jeweilige Preise / preisbereinigt);VGRPVK;preisbereinigt, verkettete Volumenang. (Mrd. EUR);WZ08G3;WZ2008: Wirtschaftsbereiche der VGR;WZ08-P;Erziehung und Unterricht;228,152;jew. ME;PRO013;Produktionswert
81000;Volkswirtschaftliche Gesamtrechnungen des Bundes;JAHR;Jahr;2025;DINSG;Deutschland insgesamt;DG;Deutschland;VGRPB5;Preisbasis (jeweilige Preise / preisbereinigt);VGRPKM;preisbereinigt, Kettenindex (2020=100);WZ08G3;WZ2008: Wirtschaftsbereiche der VGR;WZ08-G-01;Handel, Verkehr, Gastgewerbe;112,060;jew. ME;PRO013;Produktionswert
81000;Volkswirtschaftliche Gesamtrechnungen des Bundes;JAHR;Jahr;2022;DINSG;Deutschland insgesamt;DG;Deutschland;VGRPB5;Preisbasis (jeweilige Preise / preisbereinigt);VGRPVK;preisbereinigt, verkettete Volumenang. (Mrd. EUR);WZ08G3;WZ2008: Wirtschaftsbereiche der VGR;WZ08-33;Reparatur u.Installation von Masch.u.Ausrüstungen;50,253;jew. ME;PRO013;Produktionswert
81000;Volkswirtschaftliche Gesamtrechnungen des Bundes;JAHR;Jahr;2023;DINSG;Deutschland insgesamt;DG;Deutschland;VGRPB5;Preisbasis (jeweilige Preise / preisbereinigt);VGRPVK;preisbereinigt, verkettete Volumenang. (Mrd. EUR);WZ08G3;WZ2008: Wirtschaftsbereiche der VGR;WZ08-18;H.v. Druckerz., Vervielf.v.Ton-,Bild-,Datenträgern;15,082;jew. ME;PRO013;Produktionswert
81000;Volkswirtschaftliche Gesamtrechnungen des Bundes;JAHR;Jahr;2024;DINSG;Deutschland insgesamt;DG;Deutschland;VGRPB5;Preisbasis (jeweilige Preise / preisbereinigt);VGRPKM;preisbereinigt, Kettenindex (2020=100);WZ08G3;WZ2008: Wirtschaftsbereiche der VGR;WZ08-I;Gastgewerbe;167,840;jew. ME;PRO013;Produktionswert
81000;Volkswirtschaftliche Gesamtrechnungen des Bundes;JAHR;Jahr;2023;DINSG;Deutschland insgesamt;DG;Deutschland;VGRPB5;Preisbasis (jeweilige Preise / preisbereinigt);VGRPKM;preisbereinigt, Kettenindex (2020=100);WZ08G3;WZ2008: Wirtschaftsbereiche der VGR;WZ08-16-01;H.v. Holzwaren, Papier und Druckerzeugnissen;91,430;jew. ME;PRO013;Produktionswert
81000;Volkswirtschaftliche Gesamtrechnungen des Bundes;JAHR;Jahr;2025;DINSG;Deutschland insgesamt;DG;Deutschland;VGRPB5;Preisbasis (jeweilige Preise / preisbereinigt);VGRPKM;preisbereinigt, Kettenindex (2020=100);WZ08G3;WZ2008: Wirtschaftsbereiche der VGR;WZ08-65;Versicherungen, Rückversicherungen, Pensionskassen;...;jew. ME;PRO013;Produktionswert
81000;Volkswirtschaftliche Gesamtrechnungen des Bundes;JAHR;Jahr;2021;DINSG;Deutschland insgesamt;DG;Deutschland;VGRPB5;Preisbasis (jeweilige Preise / preisbereinigt);VGRPKM;preisbereinigt, Kettenindex (2020=100);WZ08G3;WZ2008: Wirtschaftsbereiche der VGR;WZ08-23;H.v.Glas,-waren,Keramik,Verarb. v.Steinen u.Erden;101,960;jew. ME;PRO013;Produktionswert
81000;Volkswirtschaftliche Gesamtrechnungen des Bundes;JAHR;Jahr;2023;DINSG;Deutschland insgesamt;DG;Deutschland;VGRPB5;Preisbasis (jeweilige Preise / preisbereinigt);VGRPVK;preisbereinigt, verkettete Volumenang. (Mrd. EUR);WZ08G3;WZ2008: Wirtschaftsbereiche der VGR;WZ08-71;Architektur-,Ing.büros,techn.,physik.Untersuchung;118,903;jew. ME;PRO013;Produktionswert
81000;Volkswirtschaftliche Gesamtrechnungen des Bundes;JAHR;Jahr;2025;DINSG;Deutschland insgesamt;DG;Deutschland;VGRPB5;Preisbasis (jeweilige Preise / preisbereinigt);VGRPVU;preisbereinigt, unverkettete Volumenang.(Mrd. EUR);WZ08G3;WZ2008: Wirtschaftsbereiche der VGR;WZ08-69-01;Unternehmensnahe Beratungsleistungen;...;jew. ME;PRO013;Produktionswert
81000;Volkswirtschaftliche Gesamtrechnungen des Bundes;JAHR;Jahr;2025;DINSG;Deutschland insgesamt;DG;Deutschland;VGRPB5;Preisbasis (jeweilige Preise / preisbereinigt);VGRPVK;preisbereinigt, verkettete Volumenang. (Mrd. EUR);WZ08G3;WZ2008: Wirtschaftsbereiche der VGR;WZ08-021;Forstwirtschaft;...;jew. ME;PRO013;Produktionswert
81000;Volkswirtschaftliche Gesamtrechnungen des Bundes;JAHR;Jahr;2022;DINSG;Deutschland insgesamt;DG;Deutschland;VGRPB5;Preisbasis (jeweilige Preise / preisbereinigt);VGRJPM;in jeweiligen Preisen (Mrd. EUR);WZ08G3;WZ2008: Wirtschaftsbereiche der VGR;WZ08-13-01;Textil- und Bekleidungsgewerbe;24,560;jew. ME;PRO013;Produktionswert
81000;Volkswirtschaftliche Gesamtrechnungen des Bundes;JAHR;Jahr;2021;DINSG;Deutschland insgesamt;DG;Deutschland;VGRPB5;Preisbasis (jeweilige Preise / preisbereinigt);VGRJPM;in jeweiligen Preisen (Mrd. EUR);WZ08G3;WZ2008: Wirtschaftsbereiche der VGR;WZ08-19;Kokerei und Mineralölverarbeitung;71,251;jew. ME;PRO013;Produktionswert
81000;Volkswirtschaftliche Gesamtrechnungen des Bundes;JAHR;Jahr;2025;DINSG;Deutschland insgesamt;DG;Deutschland;VGRPB5;Preisbasis (jeweilige Preise / preisbereinigt);VGRPVU;preisbereinigt, unverkettete Volumenang.(Mrd. EUR);WZ08G3;WZ2008: Wirtschaftsbereiche der VGR;WZ08-50;Schifffahrt;...;jew. ME;PRO013;Produktionswert
81000;Volkswirtschaftliche Gesamtrechnungen des Bundes;JAHR;Jahr;2021;DINSG;Deutschland insgesamt;DG;Deutschland;VGRPB5;Preisbasis (jeweilige Preise / preisbereinigt);VGRPVU;preisbereinigt, unverkettete Volumenang.(Mrd. EUR);WZ08G3;WZ2008: Wirtschaftsbereiche der VGR;WZ08-96;Sonstige überwiegend persönliche Dienstleistungen;47,618;jew. ME;PRO013;Produktionswert
81000;Volkswirtschaftliche Gesamtrechnungen des Bundes;JAHR;Jahr;2024;DINSG;Deutschland insgesamt;DG;Deutschland;VGRPB5;Preisbasis (jeweilige Preise / preisbereinigt);VGRPVK;preisbereinigt, verkettete Volumenang. (Mrd. EUR);WZ08G3;WZ2008: Wirtschaftsbereiche der VGR;WZ08-G;Handel, Instandhaltung und Reparatur von Kfz;618,327;jew. ME;PRO013;Produktionswert
81000;Volkswirtschaftliche Gesamtrechnungen des Bundes;JAHR;Jahr;2024;DINSG;Deutschland insgesamt;DG;Deutschland;VGRPB5;Preisbasis (jeweilige Preise / preisbereinigt);VGRPVK;preisbereinigt, verkettete Volumenang. (Mrd. EUR);WZ08G3;WZ2008: Wirtschaftsbereiche der VGR;WZ08-22-01;H.v. Gummi-, Kunststoff-, Glaswaren, Keramik u.Ä.;117,528;jew. ME;PRO013;Produktionswert
81000;Volkswirtschaftliche Gesamtrechnungen des Bundes;JAHR;Jahr;2023;DINSG;Deutschland insgesamt;DG;Deutschland;VGRPB5;Preisbasis (jeweilige Preise / preisbereinigt);VGRPVK;preisbereinigt, verkettete Volumenang. (Mrd. EUR);WZ08G3;WZ2008: Wirtschaftsbereiche der VGR;WZ08-N;Sonstige wirtschaftliche Dienstleistungen;313,523;jew. ME;PRO013;Produktionswert
81000;Volkswirtschaftliche Gesamtrechnungen des Bundes;JAHR;Jahr;2024;DINSG;Deutschland insgesamt;DG;Deutschland;VGRPB5;Preisbasis (jeweilige Preise / preisbereinigt);VGRPKM;preisbereinigt, Kettenindex (2020=100);WZ08G3;WZ2008: Wirtschaftsbereiche der VGR;WZ08-72;Forschung und Entwicklung;113,360;jew. ME;PRO013;Produktionswert
81000;Volkswirtschaftliche Gesamtrechnungen des Bundes;JAHR;Jahr;2023;DINSG;Deutschland insgesamt;DG;Deutschland;VGRPB5;Preisbasis (jeweilige Preise / preisbereinigt);VGRPVK;preisbereinigt, verkettete Volumenang. (Mrd. EUR);WZ08G3;WZ2008: Wirtschaftsbereiche der VGR;WZ08-49;Landverkehr und Transport in Rohrfernleitungen;119,260;jew. ME;PRO013;Produktionswert
81000;Volkswirtschaftliche Gesamtrechnungen des Bundes;JAHR;Jahr;2022;DINSG;Deutschland insgesamt;DG;Deutschland;VGRPB5;Preisbasis (jeweilige Preise / preisbereinigt);VGRPVK;preisbereinigt, verkettete Volumenang. (Mrd. EUR);WZ08G3;WZ2008: Wirtschaftsbereiche der VGR;WZ08-42;Tiefbau;45,695;jew. ME;PRO013;Produktionswert
81000;Volkswirtschaftliche Gesamtrechnungen des Bundes;JAHR;Jahr;2024;DINSG;Deutschland insgesamt;DG;Deutschland;VGRPB5;Preisbasis (jeweilige Preise / preisbereinigt);VGRPKM;preisbereinigt, Kettenindex (2020=100);WZ08G3;WZ2008: Wirtschaftsbereiche der VGR;WZ08-80-01;Unternehmensdienstleister a.n.g.;125,690;jew. ME;PRO013;Produktionswert
81000;Volkswirtschaftliche Gesamtrechnungen des Bundes;JAHR;Jahr;2021;DINSG;Deutschland insgesamt;DG;Deutschland;VGRPB5;Preisbasis (jeweilige Preise / preisbereinigt);VGRJPM;in jeweiligen Preisen (Mrd. EUR);WZ08G3;WZ2008: Wirtschaftsbereiche der VGR;WZ08-72;Forschung und Entwicklung;58,688;jew. ME;PRO013;Produktionswert
81000;Volkswirtschaftliche Gesamtrechnungen des Bundes;JAHR;Jahr;2022;DINSG;Deutschland insgesamt;DG;Deutschland;VGRPB5;Preisbasis (jeweilige Preise / preisbereinigt);VGRPVK;preisbereinigt, verkettete Volumenang. (Mrd. EUR);WZ08G3;WZ2008: Wirtschaftsbereiche der VGR;WZ08-E;Wasserversorg.,Entsorg.,Beseitig.v.Umweltverschm.;72,041;jew. ME;PRO013;Produktionswert
81000;Volkswirtschaftliche Gesamtrechnungen des Bundes;JAHR;Jahr;2021;DINSG;Deutschland insgesamt;DG;Deutschland;VGRPB5;Preisbasis (jeweilige Preise / preisbereinigt);VGRPVK;preisbereinigt, verkettete Volumenang. (Mrd. EUR);WZ08G3;WZ2008: Wirtschaftsbereiche der VGR;WZ08-B-05;Produzierendes Gewerbe;2507,402;jew. ME;PRO013;Produktionswert
81000;Volkswirtschaftliche Gesamtrechnungen des Bundes;JAHR;Jahr;2024;DINSG;Deutschland insgesamt;DG;Deutschland;VGRPB5;Preisbasis (jeweilige Preise / preisbereinigt);VGRPVU;preisbereinigt, unverkettete Volumenang.(Mrd. EUR);WZ08G3;WZ2008: Wirtschaftsbereiche der VGR;WZ08-L;Grundstücks- und Wohnungswesen;573,062;jew. ME;PRO013;Produktionswert
81000;Volkswirtschaftliche Gesamtrechnungen des Bundes;JAHR;Jahr;2023;DINSG;Deutschland insgesamt;DG;Deutschland;VGRPB5;Preisbasis (jeweilige Preise / preisbereinigt);VGRPKM;preisbereinigt, Kettenindex (2020=100);WZ08G3;WZ2008: Wirtschaftsbereiche der VGR;WZ08-G-04;Dienstleistungsbereiche;110,330;jew. ME;PRO013;Produktionswert
81000;Volkswirtschaftliche Gesamtrechnungen des Bundes;JAHR;Jahr;2024;DINSG;Deutschland insgesamt;DG;Deutschland;VGRPB5;Preisbasis (jeweilige Preise / preisbereinigt);VGRPKM;preisbereinigt, Kettenindex (2020=100);WZ08G3;WZ2008: Wirtschaftsbereiche der VGR;WZ08-19;Kokerei und Mineralölverarbeitung;100,970;jew. ME;PRO013;Produktionswert
81000;Volkswirtschaftliche Gesamtrechnungen des Bundes;JAHR;Jahr;2021;DINSG;Deutschland insgesamt;DG;Deutschland;VGRPB5;Preisbasis (jeweilige Preise / preisbereinigt);VGRPVU;preisbereinigt, unverkettete Volumenang.(Mrd. EUR);WZ08G3;WZ2008: Wirtschaftsbereiche der VGR;WZ08-29-01;Fahrzeugbau;408,500;jew. ME;PRO013;Produktionswert
81000;Volkswirtschaftliche Gesamtrechnungen des Bundes;JAHR;Jahr;2023;DINSG;Deutschland insgesamt;DG;Deutschland;VGRPB5;Preisbasis (jeweilige Preise / preisbereinigt);VGRPVU;preisbereinigt, unverkettete Volumenang.(Mrd. EUR);WZ08G3;WZ2008: Wirtschaftsbereiche der VGR;WZ08-41;Hochbau;88,482;jew. ME;PRO013;Produktionswert
81000;Volkswirtschaftliche Gesamtrechnungen des Bundes;JAHR;Jahr;2025;DINSG;Deutschland insgesamt;DG;Deutschland;VGRPB5;Preisbasis (jeweilige Preise / preisbereinigt);VGRPVU;preisbereinigt, unverkettete Volumenang.(Mrd. EUR);WZ08G3;WZ2008: Wirtschaftsbereiche der VGR;WZ08-62-01;IT- und Informationsdienstleister;...;jew. ME;PRO013;Produktionswert
81000;Volkswirtschaftliche Gesamtrechnungen des Bundes;JAHR;Jahr;2025;DINSG;Deutschland insgesamt;DG;Deutschland;VGRPB5;Preisbasis (jeweilige Preise / preisbereinigt);VGRJPM;in jeweiligen Preisen (Mrd. EUR);WZ08G3;WZ2008: Wirtschaftsbereiche der VGR;WZ08-K;Erbringung v. Finanz- u. Versicherungsdienstleist.;372,372;jew. ME;PRO013;Produktionswert
81000;Volkswirtschaftliche Gesamtrechnungen des Bundes;JAHR;Jahr;2022;DINSG;Deutschland insgesamt;DG;Deutschland;VGRPB5;Preisbasis (jeweilige Preise / preisbereinigt);VGRPVU;preisbereinigt, unverkettete Volumenang.(Mrd. EUR);WZ08G3;WZ2008: Wirtschaftsbereiche der VGR;WZ08-031;Fischerei;0,616;jew. ME;PRO013;Produktionswert
81000;Volkswirtschaftliche Gesamtrechnungen des Bundes;JAHR;Jahr;2024;DINSG;Deutschland insgesamt;DG;Deutschland;VGRPB5;Preisbasis (jeweilige Preise / preisbereinigt);VGRJPM;in jeweiligen Preisen (Mrd. EUR);WZ08G3;WZ2008: Wirtschaftsbereiche der VGR;WZ08-43;Vorb.Baustellenarbeiten, Bauinstall., sonst.Ausbau;318,368;jew. ME;PRO013;Produktionswert
81000;Volkswirtschaftliche Gesamtrechnungen des Bundes;JAHR;Jahr;2021;DINSG;Deutschland insgesamt;DG;Deutschland;VGRPB5;Preisbasis (jeweilige Preise / preisbereinigt);VGRPKM;preisbereinigt, Kettenindex (2020=100);WZ08G3;WZ2008: Wirtschaftsbereiche der VGR;WZ08-45;Kfz-Handel, Instandhaltung und Reparatur von Kfz;105,720;jew. ME;PRO013;Produktionswert
81000;Volkswirtschaftliche Gesamtrechnungen des Bundes;JAHR;Jahr;2023;DINSG;Deutschland insgesamt;DG;Deutschland;VGRPB5;Preisbasis (jeweilige Preise / preisbereinigt);VGRJPM;in jeweiligen Preisen (Mrd. EUR);WZ08G3;WZ2008: Wirtschaftsbereiche der VGR;WZ08-28;Maschinenbau;314,639;jew. ME;PRO013;Produktionswert
81000;Volkswirtschaftliche Gesamtrechnungen des Bundes;JAHR;Jahr;2023;DINSG;Deutschland insgesamt;DG;Deutschland;VGRPB5;Preisbasis (jeweilige Preise / preisbereinigt);VGRPKM;preisbereinigt, Kettenindex (2020=100);WZ08G3;WZ2008: Wirtschaftsbereiche der VGR;WZ08-43;Vorb.Baustellenarbeiten, Bauinstall., sonst.Ausbau;93,020;jew. ME;PRO013;Produktionswert
81000;Volkswirtschaftliche Gesamtrechnungen des Bundes;JAHR;Jahr;2025;DINSG;Deutschland insgesamt;DG;Deutschland;VGRPB5;Preisbasis (jeweilige Preise / preisbereinigt);VGRJPM;in jeweiligen Preisen (Mrd. EUR);WZ08G3;WZ2008: Wirtschaftsbereiche der VGR;WZ08-80-01;Unternehmensdienstleister a.n.g.;...;jew. ME;PRO013;Produktionswert
81000;Volkswirtschaftliche Gesamtrechnungen des Bundes;JAHR;Jahr;2021;DINSG;Deutschland insgesamt;DG;Deutschland;VGRPB5;Preisbasis (jeweilige Preise / preisbereinigt);VGRPVK;preisbereinigt, verkettete Volumenang. (Mrd. EUR);WZ08G3;WZ2008: Wirtschaftsbereiche der VGR;WZ08-93;Dienstleistungen d.Sports,d.Unterhaltg.u.Erholung;26,480;jew. ME;PRO013;Produktionswert
81000;Volkswirtschaftliche Gesamtrechnungen des Bundes;JAHR;Jahr;2025;DINSG;Deutschland insgesamt;DG;Deutschland;VGRPB5;Preisbasis (jeweilige Preise / preisbereinigt);VGRPKM;preisbereinigt, Kettenindex (2020=100);WZ08G3;WZ2008: Wirtschaftsbereiche der VGR;WZ08-21;Herstellung von pharmazeutischen Erzeugnissen;...;jew. ME;PRO013;Produktionswert
81000;Volkswirtschaftliche Gesamtrechnungen des Bundes;JAHR;Jahr;2023;DINSG;Deutschland insgesamt;DG;Deutschland;VGRPB5;Preisbasis (jeweilige Preise / preisbereinigt);VGRPVK;preisbereinigt, verkettete Volumenang. (Mrd. EUR);WZ08G3;WZ2008: Wirtschaftsbereiche der VGR;WZ08-87-01;Heime und Sozialwesen;148,398;jew. ME;PRO013;Produktionswert
81000;Volkswirtschaftliche Gesamtrechnungen des Bundes;JAHR;Jahr;2024;DINSG;Deutschland insgesamt;DG;Deutschland;VGRPB5;Preisbasis (jeweilige Preise / preisbereinigt);VGRPKM;preisbereinigt, Kettenindex (2020=100);WZ08G3;WZ2008: Wirtschaftsbereiche der VGR;WZ08-58-01;Verlagswesen, audiovisuelle Medien und Rundfunk;90,540;jew. ME;PRO013;Produktionswert
81000;Volkswirtschaftliche Gesamtrechnungen des Bundes;JAHR;Jahr;2023;DINSG;Deutschland insgesamt;DG;Deutschland;VGRPB5;Preisbasis (jeweilige Preise / preisbereinigt);VGRJPM;in jeweiligen Preisen (Mrd. EUR);WZ08G3;WZ2008: Wirtschaftsbereiche der VGR;WZ08-80-01;Unternehmensdienstleister a.n.g.;189,828;jew. ME;PRO013;Produktionswert
81000;Volkswirtschaftliche Gesamtrechnungen des Bundes;JAHR;Jahr;2021;DINSG;Deutschland insgesamt;DG;Deutschland;VGRPB5;Preisbasis (jeweilige Preise / preisbereinigt);VGRPVK;preisbereinigt, verkettete Volumenang. (Mrd. EUR);WZ08G3;WZ2008: Wirtschaftsbereiche der VGR;WZ08-87-01;Heime und Sozialwesen;145,458;jew. ME;PRO013;Produktionswert
81000;Volkswirtschaftliche Gesamtrechnungen des Bundes;JAHR;Jahr;2024;DINSG;Deutschland insgesamt;DG;Deutschland;VGRPB5;Preisbasis (jeweilige Preise / preisbereinigt);VGRPVU;preisbereinigt, unverkettete Volumenang.(Mrd. EUR);WZ08G3;WZ2008: Wirtschaftsbereiche der VGR;WZ08-26;H.v. DV-Geräten, elektron. u. opt. Erzeugnissen;115,747;jew. ME;PRO013;Produktionswert
81000;Volkswirtschaftliche Gesamtrechnungen des Bundes;JAHR;Jahr;2024;DINSG;Deutschland insgesamt;DG;Deutschland;VGRPB5;Preisbasis (jeweilige Preise / preisbereinigt);VGRPKM;preisbereinigt, Kettenindex (2020=100);WZ08G3;WZ2008: Wirtschaftsbereiche der VGR;WZ08-94;Interessenvertr., kirchl. u. sonst. Vereinigungen;100,680;jew. ME;PRO013;Produktionswert
81000;Volkswirtschaftliche Gesamtrechnungen des Bundes;JAHR;Jahr;2021;DINSG;Deutschland insgesamt;DG;Deutschland;VGRPB5;Preisbasis (jeweilige Preise / preisbereinigt);VGRPKM;preisbereinigt, Kettenindex (2020=100);WZ08G3;WZ2008: Wirtschaftsbereiche der VGR;WZ08-59-01;Audiovisuelle Medien und Rundfunk;104,310;jew. ME;PRO013;Produktionswert
81000;Volkswirtschaftliche Gesamtrechnungen des Bundes;JAHR;Jahr;2024;DINSG;Deutschland insgesamt;DG;Deutschland;VGRPB5;Preisbasis (jeweilige Preise / preisbereinigt);VGRPVK;preisbereinigt, verkettete Volumenang. (Mrd. EUR);WZ08G3;WZ2008: Wirtschaftsbereiche der VGR;WZ08-20;Herstellung von chemischen Erzeugnissen;125,044;jew. ME;PRO013;Produktionswert
81000;Volkswirtschaftliche Gesamtrechnungen des Bundes;JAHR;Jahr;2021;DINSG;Deutschland insgesamt;DG;Deutschland;VGRPB5;Preisbasis (jeweilige Preise / preisbereinigt);VGRPVK;preisbereinigt, verkettete Volumenang. (Mrd. EUR);WZ08G3;WZ2008: Wirtschaftsbereiche der VGR;WZ08-27;Herstellung von elektrischen Ausrüstungen;114,852;jew. ME;PRO013;Produktionswert
81000;Volkswirtschaftliche Gesamtrechnungen des Bundes;JAHR;Jahr;2022;DINSG;Deutschland insgesamt;DG;Deutschland;VGRPB5;Preisbasis (jeweilige Preise / preisbereinigt);VGRJPM;in jeweiligen Preisen (Mrd. EUR);WZ08G3;WZ2008: Wirtschaftsbereiche der VGR;WZ08-R;Kunst, Unterhaltung und Erholung;75,113;jew. ME;PRO013;Produktionswert
81000;Volkswirtschaftliche Gesamtrechnungen des Bundes;JAHR;Jahr;2023;DINSG;Deutschland insgesamt;DG;Deutschland;VGRPB5;Preisbasis (jeweilige Preise / preisbereinigt);VGRPVK;preisbereinigt, verkettete Volumenang. (Mrd. EUR);WZ08G3;WZ2008: Wirtschaftsbereiche der VGR;WZ08-27;Herstellung von elektrischen Ausrüstungen;121,842;jew. ME;PRO013;Produktionswert
81000;Volkswirtschaftliche Gesamtrechnungen des Bundes;JAHR;Jahr;2023;DINSG;Deutschland insgesamt;DG;Deutschland;VGRPB5;Preisbasis (jeweilige Preise / preisbereinigt);VGRJPM;in jeweiligen Preisen (Mrd. EUR);WZ08G3;WZ2008: Wirtschaftsbereiche der VGR;WZ08-94;Interessenvertr., kirchl. u. sonst. Vereinigungen;49,989;jew. ME;PRO013;Produktionswert
81000;Volkswirtschaftliche Gesamtrechnungen des Bundes;JAHR;Jahr;2024;DINSG;Deutschland insgesamt;DG;Deutschland;VGRPB5;Preisbasis (jeweilige Preise / preisbereinigt);VGRJPM;in jeweiligen Preisen (Mrd. EUR);WZ08G3;WZ2008: Wirtschaftsbereiche der VGR;WZ08-78;Vermittlung und Überlassung von Arbeitskräften;44,174;jew. ME;PRO013;Produktionswert
81000;Volkswirtschaftliche Gesamtrechnungen des Bundes;JAHR;Jahr;2024;DINSG;Deutschland insgesamt;DG;Deutschland;VGRPB5;Preisbasis (jeweilige Preise / preisbereinigt);VGRJPM;in jeweiligen Preisen (Mrd. EUR);WZ08G3;WZ2008: Wirtschaftsbereiche der VGR;WZ08-T;Private Haushalte;9,710;jew. ME;PRO013;Produktionswert
81000;Volkswirtschaftliche Gesamtrechnungen des Bundes;JAHR;Jahr;2022;DINSG;Deutschland insgesamt;DG;Deutschland;VGRPB5;Preisbasis (jeweilige Preise / preisbereinigt);VGRPVU;preisbereinigt, unverkettete Volumenang.(Mrd. EUR);WZ08G3;WZ2008: Wirtschaftsbereiche der VGR;WZ08-26;H.v. DV-Geräten, elektron. u. opt. Erzeugnissen;102,517;jew. ME;PRO013;Produktionswert
81000;Volkswirtschaftliche Gesamtrechnungen des Bundes;JAHR;Jahr;2024;DINSG;Deutschland insgesamt;DG;Deutschland;VGRPB5;Preisbasis (jeweilige Preise / preisbereinigt);VGRPKM;preisbereinigt, Kettenindex (2020=100);WZ08G3;WZ2008: Wirtschaftsbereiche der VGR;WZ08-021;Forstwirtschaft;120,620;jew. ME;PRO013;Produktionswert
81000;Volkswirtschaftliche Gesamtrechnungen des Bundes;JAHR;Jahr;2023;DINSG;Deutschland insgesamt;DG;Deutschland;VGRPB5;Preisbasis (jeweilige Preise / preisbereinigt);VGRPKM;preisbereinigt, Kettenindex (2020=100);WZ08G3;WZ2008: Wirtschaftsbereiche der VGR;WZ08-78;Vermittlung und Überlassung von Arbeitskräften;123,720;jew. ME;PRO013;Produktionswert
81000;Volkswirtschaftliche Gesamtrechnungen des Bundes;JAHR;Jahr;2021;DINSG;Deutschland insgesamt;DG;Deutschland;VGRPB5;Preisbasis (jeweilige Preise / preisbereinigt);VGRJPM;in jeweiligen Preisen (Mrd. EUR);WZ08G3;WZ2008: Wirtschaftsbereiche der VGR;WZ08-94;Interessenvertr., kirchl. u. sonst. Vereinigungen;46,023;jew. ME;PRO013;Produktionswert
81000;Volkswirtschaftliche Gesamtrechnungen des Bundes;JAHR;Jahr;2025;DINSG;Deutschland insgesamt;DG;Deutschland;VGRPB5;Preisbasis (jeweilige Preise / preisbereinigt);VGRPKM;preisbereinigt, Kettenindex (2020=100);WZ08G3;WZ2008: Wirtschaftsbereiche der VGR;WZ08-78;Vermittlung und Überlassung von Arbeitskräften;...;jew. ME;PRO013;Produktionswert
81000;Volkswirtschaftliche Gesamtrechnungen des Bundes;JAHR;Jahr;2023;DINSG;Deutschland insgesamt;DG;Deutschland;VGRPB5;Preisbasis (jeweilige Preise / preisbereinigt);VGRPVU;preisbereinigt, unverkettete Volumenang.(Mrd. EUR);WZ08G3;WZ2008: Wirtschaftsbereiche der VGR;WZ08-29-01;Fahrzeugbau;510,139;jew. ME;PRO013;Produktionswert
81000;Volkswirtschaftliche Gesamtrechnungen des Bundes;JAHR;Jahr;2022;DINSG;Deutschland insgesamt;DG;Deutschland;VGRPB5;Preisbasis (jeweilige Preise / preisbereinigt);VGRPVK;preisbereinigt, verkettete Volumenang. (Mrd. EUR);WZ08G3;WZ2008: Wirtschaftsbereiche der VGR;WZ08-20;Herstellung von chemischen Erzeugnissen;143,350;jew. ME;PRO013;Produktionswert
81000;Volkswirtschaftliche Gesamtrechnungen des Bundes;JAHR;Jahr;2022;DINSG;Deutschland insgesamt;DG;Deutschland;VGRPB5;Preisbasis (jeweilige Preise / preisbereinigt);VGRJPM;in jeweiligen Preisen (Mrd. EUR);WZ08G3;WZ2008: Wirtschaftsbereiche der VGR;WZ08-78;Vermittlung und Überlassung von Arbeitskräften;43,705;jew. ME;PRO013;Produktionswert
81000;Volkswirtschaftliche Gesamtrechnungen des Bundes;JAHR;Jahr;2022;DINSG;Deutschland insgesamt;DG;Deutschland;VGRPB5;Preisbasis (jeweilige Preise / preisbereinigt);VGRPKM;preisbereinigt, Kettenindex (2020=100);WZ08G3;WZ2008: Wirtschaftsbereiche der VGR;WZ08-94;Interessenvertr., kirchl. u. sonst. Vereinigungen;96,390;jew. ME;PRO013;Produktionswert
81000;Volkswirtschaftliche Gesamtrechnungen des Bundes;JAHR;Jahr;2023;DINSG;Deutschland insgesamt;DG;Deutschland;VGRPB5;Preisbasis (jeweilige Preise / preisbereinigt);VGRPVK;preisbereinigt, verkettete Volumenang. (Mrd. EUR);WZ08G3;WZ2008: Wirtschaftsbereiche der VGR;WZ08-80-01;Unternehmensdienstleister a.n.g.;160,834;jew. ME;PRO013;Produktionswert
81000;Volkswirtschaftliche Gesamtrechnungen des Bundes;JAHR;Jahr;2022;DINSG;Deutschland insgesamt;DG;Deutschland;VGRPB5;Preisbasis (jeweilige Preise / preisbereinigt);VGRJPM;in jeweiligen Preisen (Mrd. EUR);WZ08G3;WZ2008: Wirtschaftsbereiche der VGR;WZ08-A;Land- und Forstwirtschaft, Fischerei;83,926;jew. ME;PRO013;Produktionswert
81000;Volkswirtschaftliche Gesamtrechnungen des Bundes;JAHR;Jahr;2022;DINSG;Deutschland insgesamt;DG;Deutschland;VGRPB5;Preisbasis (jeweilige Preise / preisbereinigt);VGRJPM;in jeweiligen Preisen (Mrd. EUR);WZ08G3;WZ2008: Wirtschaftsbereiche der VGR;WZ08-29-01;Fahrzeugbau;475,932;jew. ME;PRO013;Produktionswert
81000;Volkswirtschaftliche Gesamtrechnungen des Bundes;JAHR;Jahr;2024;DINSG;Deutschland insgesamt;DG;Deutschland;VGRPB5;Preisbasis (jeweilige Preise / preisbereinigt);VGRJPM;in jeweiligen Preisen (Mrd. EUR);WZ08G3;WZ2008: Wirtschaftsbereiche der VGR;WZ08-C;Verarbeitendes Gewerbe;2338,449;jew. ME;PRO013;Produktionswert
81000;Volkswirtschaftliche Gesamtrechnungen des Bundes;JAHR;Jahr;2021;DINSG;Deutschland insgesamt;DG;Deutschland;VGRPB5;Preisbasis (jeweilige Preise / preisbereinigt);VGRPVK;preisbereinigt, verkettete Volumenang. (Mrd. EUR);WZ08G3;WZ2008: Wirtschaftsbereiche der VGR;WZ08-80-01;Unternehmensdienstleister a.n.g.;141,172;jew. ME;PRO013;Produktionswert
81000;Volkswirtschaftliche Gesamtrechnungen des Bundes;JAHR;Jahr;2024;DINSG;Deutschland insgesamt;DG;Deutschland;VGRPB5;Preisbasis (jeweilige Preise / preisbereinigt);VGRPKM;preisbereinigt, Kettenindex (2020=100);WZ08G3;WZ2008: Wirtschaftsbereiche der VGR;WZ08-87-01;Heime und Sozialwesen;104,770;jew. ME;PRO013;Produktionswert
81000;Volkswirtschaftliche Gesamtrechnungen des Bundes;JAHR;Jahr;2021;DINSG;Deutschland insgesamt;DG;Deutschland;VGRPB5;Preisbasis (jeweilige Preise / preisbereinigt);VGRPVK;preisbereinigt, verkettete Volumenang. (Mrd. EUR);WZ08G3;WZ2008: Wirtschaftsbereiche der VGR;WZ08-58-01;Verlagswesen, audiovisuelle Medien und Rundfunk;64,256;jew. ME;PRO013;Produktionswert
81000;Volkswirtschaftliche Gesamtrechnungen des Bundes;JAHR;Jahr;2022;DINSG;Deutschland insgesamt;DG;Deutschland;VGRPB5;Preisbasis (jeweilige Preise / preisbereinigt);VGRJPM;in jeweiligen Preisen (Mrd. EUR);WZ08G3;WZ2008: Wirtschaftsbereiche der VGR;WZ08-21;Herstellung von pharmazeutischen Erzeugnissen;62,731;jew. ME;PRO013;Produktionswert
81000;Volkswirtschaftliche Gesamtrechnungen des Bundes;JAHR;Jahr;2022;DINSG;Deutschland insgesamt;DG;Deutschland;VGRPB5;Preisbasis (jeweilige Preise / preisbereinigt);VGRPKM;preisbereinigt, Kettenindex (2020=100);WZ08G3;WZ2008: Wirtschaftsbereiche der VGR;WZ08-24-01;Metallgewerbe;110,690;jew. ME;PRO013;Produktionswert
81000;Volkswirtschaftliche Gesamtrechnungen des Bundes;JAHR;Jahr;2024;DINSG;Deutschland insgesamt;DG;Deutschland;VGRPB5;Preisbasis (jeweilige Preise / preisbereinigt);VGRJPM;in jeweiligen Preisen (Mrd. EUR);WZ08G3;WZ2008: Wirtschaftsbereiche der VGR;WZ08-21;Herstellung von pharmazeutischen Erzeugnissen;63,328;jew. ME;PRO013;Produktionswert
81000;Volkswirtschaftliche Gesamtrechnungen des Bundes;JAHR;Jahr;2023;DINSG;Deutschland insgesamt;DG;Deutschland;VGRPB5;Preisbasis (jeweilige Preise / preisbereinigt);VGRPKM;preisbereinigt, Kettenindex (2020=100);WZ08G3;WZ2008: Wirtschaftsbereiche der VGR;WZ08-N;Sonstige wirtschaftliche Dienstleistungen;128,880;jew. ME;PRO013;Produktionswert
81000;Volkswirtschaftliche Gesamtrechnungen des Bundes;JAHR;Jahr;2022;DINSG;Deutschland insgesamt;DG;Deutschland;VGRPB5;Preisbasis (jeweilige Preise / preisbereinigt);VGRPVK;preisbereinigt, verkettete Volumenang. (Mrd. EUR);WZ08G3;WZ2008: Wirtschaftsbereiche der VGR;WZ08-77;Vermietung von beweglichen Sachen;78,465;jew. ME;PRO013;Produktionswert
81000;Volkswirtschaftliche Gesamtrechnungen des Bundes;JAHR;Jahr;2021;DINSG;Deutschland insgesamt;DG;Deutschland;VGRPB5;Preisbasis (jeweilige Preise / preisbereinigt);VGRPVK;preisbereinigt, verkettete Volumenang. (Mrd. EUR);WZ08G3;WZ2008: Wirtschaftsbereiche der VGR;WZ08-G-04;Dienstleistungsbereiche;4017,170;jew. ME;PRO013;Produktionswert
81000;Volkswirtschaftliche Gesamtrechnungen des Bundes;JAHR;Jahr;2023;DINSG;Deutschland insgesamt;DG;Deutschland;VGRPB5;Preisbasis (jeweilige Preise / preisbereinigt);VGRPKM;preisbereinigt, Kettenindex (2020=100);WZ08G3;WZ2008: Wirtschaftsbereiche der VGR;WZ08-21;Herstellung von pharmazeutischen Erzeugnissen;105,620;jew. ME;PRO013;Produktionswert
81000;Volkswirtschaftliche Gesamtrechnungen des Bundes;JAHR;Jahr;2021;DINSG;Deutschland insgesamt;DG;Deutschland;VGRPB5;Preisbasis (jeweilige Preise / preisbereinigt);VGRPKM;preisbereinigt, Kettenindex (2020=100);WZ08G3;WZ2008: Wirtschaftsbereiche der VGR;WZ08-L;Grundstücks- und Wohnungswesen;102,930;jew. ME;PRO013;Produktionswert
81000;Volkswirtschaftliche Gesamtrechnungen des Bundes;JAHR;Jahr;2022;DINSG;Deutschland insgesamt;DG;Deutschland;VGRPB5;Preisbasis (jeweilige Preise / preisbereinigt);VGRPKM;preisbereinigt, Kettenindex (2020=100);WZ08G3;WZ2008: Wirtschaftsbereiche der VGR;WZ08-E;Wasserversorg.,Entsorg.,Beseitig.v.Umweltverschm.;93,290;jew. ME;PRO013;Produktionswert
81000;Volkswirtschaftliche Gesamtrechnungen des Bundes;JAHR;Jahr;2024;DINSG;Deutschland insgesamt;DG;Deutschland;VGRPB5;Preisbasis (jeweilige Preise / preisbereinigt);VGRPVK;preisbereinigt, verkettete Volumenang. (Mrd. EUR);WZ08G3;WZ2008: Wirtschaftsbereiche der VGR;WZ08-77;Vermietung von beweglichen Sachen;83,759;jew. ME;PRO013;Produktionswert
81000;Volkswirtschaftliche Gesamtrechnungen des Bundes;JAHR;Jahr;2025;DINSG;Deutschland insgesamt;DG;Deutschland;VGRPB5;Preisbasis (jeweilige Preise / preisbereinigt);VGRPVK;preisbereinigt, verkettete Volumenang. (Mrd. EUR);WZ08G3;WZ2008: Wirtschaftsbereiche der VGR;WZ08-16;H.v. Holz-, Flecht-, Korb-u.Korkwaren (ohne Möbel);...;jew. ME;PRO013;Produktionswert
81000;Volkswirtschaftliche Gesamtrechnungen des Bundes;JAHR;Jahr;2025;DINSG;Deutschland insgesamt;DG;Deutschland;VGRPB5;Preisbasis (jeweilige Preise / preisbereinigt);VGRPKM;preisbereinigt, Kettenindex (2020=100);WZ08G3;WZ2008: Wirtschaftsbereiche der VGR;WZ08-E;Wasserversorg.,Entsorg.,Beseitig.v.Umweltverschm.;97,240;jew. ME;PRO013;Produktionswert
81000;Volkswirtschaftliche Gesamtrechnungen des Bundes;JAHR;Jahr;2021;DINSG;Deutschland insgesamt;DG;Deutschland;VGRPB5;Preisbasis (jeweilige Preise / preisbereinigt);VGRJPM;in jeweiligen Preisen (Mrd. EUR);WZ08G3;WZ2008: Wirtschaftsbereiche der VGR;WZ08-R;Kunst, Unterhaltung und Erholung;55,902;jew. ME;PRO013;Produktionswert
81000;Volkswirtschaftliche Gesamtrechnungen des Bundes;JAHR;Jahr;2021;DINSG;Deutschland insgesamt;DG;Deutschland;VGRPB5;Preisbasis (jeweilige Preise / preisbereinigt);VGRJPM;in jeweiligen Preisen (Mrd. EUR);WZ08G3;WZ2008: Wirtschaftsbereiche der VGR;WZ08-69-02;Rechts- und Steuerberatung, Unternehmensberatung;228,527;jew. ME;PRO013;Produktionswert
81000;Volkswirtschaftliche Gesamtrechnungen des Bundes;JAHR;Jahr;2022;DINSG;Deutschland insgesamt;DG;Deutschland;VGRPB5;Preisbasis (jeweilige Preise / preisbereinigt);VGRPVK;preisbereinigt, verkettete Volumenang. (Mrd. EUR);WZ08G3;WZ2008: Wirtschaftsbereiche der VGR;WZ08-59-01;Audiovisuelle Medien und Rundfunk;36,825;jew. ME;PRO013;Produktionswert
81000;Volkswirtschaftliche Gesamtrechnungen des Bundes;JAHR;Jahr;2024;DINSG;Deutschland insgesamt;DG;Deutschland;VGRPB5;Preisbasis (jeweilige Preise / preisbereinigt);VGRJPM;in jeweiligen Preisen (Mrd. EUR);WZ08G3;WZ2008: Wirtschaftsbereiche der VGR;WZ08-52;Lagerei, sonstige Dienstleistungen für den Verkehr;200,487;jew. ME;PRO013;Produktionswert
81000;Volkswirtschaftliche Gesamtrechnungen des Bundes;JAHR;Jahr;2025;DINSG;Deutschland insgesamt;DG;Deutschland;VGRPB5;Preisbasis (jeweilige Preise / preisbereinigt);VGRPKM;preisbereinigt, Kettenindex (2020=100);WZ08G3;WZ2008: Wirtschaftsbereiche der VGR;WZ08-96;Sonstige überwiegend persönliche Dienstleistungen;...;jew. ME;PRO013;Produktionswert
81000;Volkswirtschaftliche Gesamtrechnungen des Bundes;JAHR;Jahr;2021;DINSG;Deutschland insgesamt;DG;Deutschland;VGRPB5;Preisbasis (jeweilige Preise / preisbereinigt);VGRPVU;preisbereinigt, unverkettete Volumenang.(Mrd. EUR);WZ08G3;WZ2008: Wirtschaftsbereiche der VGR;WZ08-031;Fischerei;0,589;jew. ME;PRO013;Produktionswert
81000;Volkswirtschaftliche Gesamtrechnungen des Bundes;JAHR;Jahr;2021;DINSG;Deutschland insgesamt;DG;Deutschland;VGRPB5;Preisbasis (jeweilige Preise / preisbereinigt);VGRPVK;preisbereinigt, verkettete Volumenang. (Mrd. EUR);WZ08G3;WZ2008: Wirtschaftsbereiche der VGR;WZ08-N;Sonstige wirtschaftliche Dienstleistungen;260,782;jew. ME;PRO013;Produktionswert
81000;Volkswirtschaftliche Gesamtrechnungen des Bundes;JAHR;Jahr;2023;DINSG;Deutschland insgesamt;DG;Deutschland;VGRPB5;Preisbasis (jeweilige Preise / preisbereinigt);VGRPVU;preisbereinigt, unverkettete Volumenang.(Mrd. EUR);WZ08G3;WZ2008: Wirtschaftsbereiche der VGR;WZ08-28;Maschinenbau;295,985;jew. ME;PRO013;Produktionswert
81000;Volkswirtschaftliche Gesamtrechnungen des Bundes;JAHR;Jahr;2023;DINSG;Deutschland insgesamt;DG;Deutschland;VGRPB5;Preisbasis (jeweilige Preise / preisbereinigt);VGRJPM;in jeweiligen Preisen (Mrd. EUR);WZ08G3;WZ2008: Wirtschaftsbereiche der VGR;WZ08-T;Private Haushalte;9,224;jew. ME;PRO013;Produktionswert
81000;Volkswirtschaftliche Gesamtrechnungen des Bundes;JAHR;Jahr;2022;DINSG;Deutschland insgesamt;DG;Deutschland;VGRPB5;Preisbasis (jeweilige Preise / preisbereinigt);VGRPKM;preisbereinigt, Kettenindex (2020=100);WZ08G3;WZ2008: Wirtschaftsbereiche der VGR;WZ08-021;Forstwirtschaft;121,220;jew. ME;PRO013;Produktionswert
81000;Volkswirtschaftliche Gesamtrechnungen des Bundes;JAHR;Jahr;2021;DINSG;Deutschland insgesamt;DG;Deutschland;VGRPB5;Preisbasis (jeweilige Preise / preisbereinigt);VGRPVU;preisbereinigt, unverkettete Volumenang.(Mrd. EUR);WZ08G3;WZ2008: Wirtschaftsbereiche der VGR;WZ08-B;Bergbau und Gewinnung von Steinen und Erden;10,310;jew. ME;PRO013;Produktionswert
81000;Volkswirtschaftliche Gesamtrechnungen des Bundes;JAHR;Jahr;2022;DINSG;Deutschland insgesamt;DG;Deutschland;VGRPB5;Preisbasis (jeweilige Preise / preisbereinigt);VGRPVK;preisbereinigt, verkettete Volumenang. (Mrd. EUR);WZ08G3;WZ2008: Wirtschaftsbereiche der VGR;WZ08-86;Gesundheitswesen;294,488;jew. ME;PRO013;Produktionswert
81000;Volkswirtschaftliche Gesamtrechnungen des Bundes;JAHR;Jahr;2021;DINSG;Deutschland insgesamt;DG;Deutschland;VGRPB5;Preisbasis (jeweilige Preise / preisbereinigt);VGRJPM;in jeweiligen Preisen (Mrd. EUR);WZ08G3;WZ2008: Wirtschaftsbereiche der VGR;WZ08-31-01;Möbelherstellung, Installation von Maschinen;107,737;jew. ME;PRO013;Produktionswert
81000;Volkswirtschaftliche Gesamtrechnungen des Bundes;JAHR;Jahr;2021;DINSG;Deutschland insgesamt;DG;Deutschland;VGRPB5;Preisbasis (jeweilige Preise / preisbereinigt);VGRPKM;preisbereinigt, Kettenindex (2020=100);WZ08G3;WZ2008: Wirtschaftsbereiche der VGR;WZ08-B-18;Produzierendes Gewerbe ohne Baugewerbe;104,420;jew. ME;PRO013;Produktionswert
81000;Volkswirtschaftliche Gesamtrechnungen des Bundes;JAHR;Jahr;2023;DINSG;Deutschland insgesamt;DG;Deutschland;VGRPB5;Preisbasis (jeweilige Preise / preisbereinigt);VGRPVU;preisbereinigt, unverkettete Volumenang.(Mrd. EUR);WZ08G3;WZ2008: Wirtschaftsbereiche der VGR;WZ08-D;Energieversorgung;208,916;jew. ME;PRO013;Produktionswert
81000;Volkswirtschaftliche Gesamtrechnungen des Bundes;JAHR;Jahr;2023;DINSG;Deutschland insgesamt;DG;Deutschland;VGRPB5;Preisbasis (jeweilige Preise / preisbereinigt);VGRPKM;preisbereinigt, Kettenindex (2020=100);WZ08G3;WZ2008: Wirtschaftsbereiche der VGR;WZ08-52;Lagerei, sonstige Dienstleistungen für den Verkehr;117,990;jew. ME;PRO013;Produktionswert
81000;Volkswirtschaftliche Gesamtrechnungen des Bundes;JAHR;Jahr;2024;DINSG;Deutschland insgesamt;DG;Deutschland;VGRPB5;Preisbasis (jeweilige Preise / preisbereinigt);VGRPVK;preisbereinigt, verkettete Volumenang. (Mrd. EUR);WZ08G3;WZ2008: Wirtschaftsbereiche der VGR;WZ08-021;Forstwirtschaft;4,808;jew. ME;PRO013;Produktionswert
81000;Volkswirtschaftliche Gesamtrechnungen des Bundes;JAHR;Jahr;2023;DINSG;Deutschland insgesamt;DG;Deutschland;VGRPB5;Preisbasis (jeweilige Preise / preisbereinigt);VGRJPM;in jeweiligen Preisen (Mrd. EUR);WZ08G3;WZ2008: Wirtschaftsbereiche der VGR;WZ08-C;Verarbeitendes Gewerbe;2389,495;jew. ME;PRO013;Produktionswert
81000;Volkswirtschaftliche Gesamtrechnungen des Bundes;JAHR;Jahr;2024;DINSG;Deutschland insgesamt;DG;Deutschland;VGRPB5;Preisbasis (jeweilige Preise / preisbereinigt);VGRPVK;preisbereinigt, verkettete Volumenang. (Mrd. EUR);WZ08G3;WZ2008: Wirtschaftsbereiche der VGR;WZ08-13-01;Textil- und Bekleidungsgewerbe;26,928;jew. ME;PRO013;Produktionswert
81000;Volkswirtschaftliche Gesamtrechnungen des Bundes;JAHR;Jahr;2021;DINSG;Deutschland insgesamt;DG;Deutschland;VGRPB5;Preisbasis (jeweilige Preise / preisbereinigt);VGRPVU;preisbereinigt, unverkettete Volumenang.(Mrd. EUR);WZ08G3;WZ2008: Wirtschaftsbereiche der VGR;WZ08-S;Erbringung von sonstigen Dienstleistungen;95,974;jew. ME;PRO013;Produktionswert
81000;Volkswirtschaftliche Gesamtrechnungen des Bundes;JAHR;Jahr;2023;DINSG;Deutschland insgesamt;DG;Deutschland;VGRPB5;Preisbasis (jeweilige Preise / preisbereinigt);VGRJPM;in jeweiligen Preisen (Mrd. EUR);WZ08G3;WZ2008: Wirtschaftsbereiche der VGR;WZ08-41;Hochbau;95,588;jew. ME;PRO013;Produktionswert
81000;Volkswirtschaftliche Gesamtrechnungen des Bundes;JAHR;Jahr;2022;DINSG;Deutschland insgesamt;DG;Deutschland;VGRPB5;Preisbasis (jeweilige Preise / preisbereinigt);VGRPVU;preisbereinigt, unverkettete Volumenang.(Mrd. EUR);WZ08G3;WZ2008: Wirtschaftsbereiche der VGR;WZ08-17;Herstellung von Papier, Pappe und Waren daraus;40,929;jew. ME;PRO013;Produktionswert
81000;Volkswirtschaftliche Gesamtrechnungen des Bundes;JAHR;Jahr;2021;DINSG;Deutschland insgesamt;DG;Deutschland;VGRPB5;Preisbasis (jeweilige Preise / preisbereinigt);VGRJPM;in jeweiligen Preisen (Mrd. EUR);WZ08G3;WZ2008: Wirtschaftsbereiche der VGR;WZ08-74-01;Freiberufl.,wiss.,techn.DL a.n.g., Veterinärwesen;31,425;jew. ME;PRO013;Produktionswert
81000;Volkswirtschaftliche Gesamtrechnungen des Bundes;JAHR;Jahr;2022;DINSG;Deutschland insgesamt;DG;Deutschland;VGRPB5;Preisbasis (jeweilige Preise / preisbereinigt);VGRJPM;in jeweiligen Preisen (Mrd. EUR);WZ08G3;WZ2008: Wirtschaftsbereiche der VGR;WZ08-43;Vorb.Baustellenarbeiten, Bauinstall., sonst.Ausbau;281,265;jew. ME;PRO013;Produktionswert
81000;Volkswirtschaftliche Gesamtrechnungen des Bundes;JAHR;Jahr;2021;DINSG;Deutschland insgesamt;DG;Deutschland;VGRPB5;Preisbasis (jeweilige Preise / preisbereinigt);VGRPVU;preisbereinigt, unverkettete Volumenang.(Mrd. EUR);WZ08G3;WZ2008: Wirtschaftsbereiche der VGR;WZ08-13-01;Textil- und Bekleidungsgewerbe;21,471;jew. ME;PRO013;Produktionswert
81000;Volkswirtschaftliche Gesamtrechnungen des Bundes;JAHR;Jahr;2022;DINSG;Deutschland insgesamt;DG;Deutschland;VGRPB5;Preisbasis (jeweilige Preise / preisbereinigt);VGRPKM;preisbereinigt, Kettenindex (2020=100);WZ08G3;WZ2008: Wirtschaftsbereiche der VGR;WZ08-R;Kunst, Unterhaltung und Erholung;124,110;jew. ME;PRO013;Produktionswert
81000;Volkswirtschaftliche Gesamtrechnungen des Bundes;JAHR;Jahr;2025;DINSG;Deutschland insgesamt;DG;Deutschland;VGRPB5;Preisbasis (jeweilige Preise / preisbereinigt);VGRJPM;in jeweiligen Preisen (Mrd. EUR);WZ08G3;WZ2008: Wirtschaftsbereiche der VGR;WZ08-O-03;Öffentliche Dienstleister, Erziehung, Gesundheit;1249,231;jew. ME;PRO013;Produktionswert
81000;Volkswirtschaftliche Gesamtrechnungen des Bundes;JAHR;Jahr;2023;DINSG;Deutschland insgesamt;DG;Deutschland;VGRPB5;Preisbasis (jeweilige Preise / preisbereinigt);VGRPKM;preisbereinigt, Kettenindex (2020=100);WZ08G3;WZ2008: Wirtschaftsbereiche der VGR;WZ08-B-05;Produzierendes Gewerbe;102,250;jew. ME;PRO013;Produktionswert
81000;Volkswirtschaftliche Gesamtrechnungen des Bundes;JAHR;Jahr;2022;DINSG;Deutschland insgesamt;DG;Deutschland;VGRPB5;Preisbasis (jeweilige Preise / preisbereinigt);VGRPKM;preisbereinigt, Kettenindex (2020=100);WZ08G3;WZ2008: Wirtschaftsbereiche der VGR;WZ08-74-01;Freiberufl.,wiss.,techn.DL a.n.g., Veterinärwesen;100,310;jew. ME;PRO013;Produktionswert
81000;Volkswirtschaftliche Gesamtrechnungen des Bundes;JAHR;Jahr;2021;DINSG;Deutschland insgesamt;DG;Deutschland;VGRPB5;Preisbasis (jeweilige Preise / preisbereinigt);VGRPVK;preisbereinigt, verkettete Volumenang. (Mrd. EUR);WZ08G3;WZ2008: Wirtschaftsbereiche der VGR;WZ08-53;Post-, Kurier- und Expressdienste;57,215;jew. ME;PRO013;Produktionswert
81000;Volkswirtschaftliche Gesamtrechnungen des Bundes;JAHR;Jahr;2022;DINSG;Deutschland insgesamt;DG;Deutschland;VGRPB5;Preisbasis (jeweilige Preise / preisbereinigt);VGRPVK;preisbereinigt, verkettete Volumenang. (Mrd. EUR);WZ08G3;WZ2008: Wirtschaftsbereiche der VGR;WZ08-31-02;Herstellung von Möbeln und sonstigen Waren;62,227;jew. ME;PRO013;Produktionswert
81000;Volkswirtschaftliche Gesamtrechnungen des Bundes;JAHR;Jahr;2022;DINSG;Deutschland insgesamt;DG;Deutschland;VGRPB5;Preisbasis (jeweilige Preise / preisbereinigt);VGRPVK;preisbereinigt, verkettete Volumenang. (Mrd. EUR);WZ08G3;WZ2008: Wirtschaftsbereiche der VGR;WZ08-51;Luftfahrt;28,623;jew. ME;PRO013;Produktionswert
81000;Volkswirtschaftliche Gesamtrechnungen des Bundes;JAHR;Jahr;2024;DINSG;Deutschland insgesamt;DG;Deutschland;VGRPB5;Preisbasis (jeweilige Preise / preisbereinigt);VGRPVK;preisbereinigt, verkettete Volumenang. (Mrd. EUR);WZ08G3;WZ2008: Wirtschaftsbereiche der VGR;WZ08-95;Reparatur von DV-Geräten und Gebrauchsgütern;2,800;jew. ME;PRO013;Produktionswert
81000;Volkswirtschaftliche Gesamtrechnungen des Bundes;JAHR;Jahr;2025;DINSG;Deutschland insgesamt;DG;Deutschland;VGRPB5;Preisbasis (jeweilige Preise / preisbereinigt);VGRPVK;preisbereinigt, verkettete Volumenang. (Mrd. EUR);WZ08G3;WZ2008: Wirtschaftsbereiche der VGR;WZ08-95;Reparatur von DV-Geräten und Gebrauchsgütern;...;jew. ME;PRO013;Produktionswert
81000;Volkswirtschaftliche Gesamtrechnungen des Bundes;JAHR;Jahr;2021;DINSG;Deutschland insgesamt;DG;Deutschland;VGRPB5;Preisbasis (jeweilige Preise / preisbereinigt);VGRJPM;in jeweiligen Preisen (Mrd. EUR);WZ08G3;WZ2008: Wirtschaftsbereiche der VGR;WZ08-A;Land- und Forstwirtschaft, Fischerei;64,944;jew. ME;PRO013;Produktionswert
81000;Volkswirtschaftliche Gesamtrechnungen des Bundes;JAHR;Jahr;2022;DINSG;Deutschland insgesamt;DG;Deutschland;VGRPB5;Preisbasis (jeweilige Preise / preisbereinigt);VGRPKM;preisbereinigt, Kettenindex (2020=100);WZ08G3;WZ2008: Wirtschaftsbereiche der VGR;WZ08-41;Hochbau;84,180;jew. ME;PRO013;Produktionswert
81000;Volkswirtschaftliche Gesamtrechnungen des Bundes;JAHR;Jahr;2023;DINSG;Deutschland insgesamt;DG;Deutschland;VGRPB5;Preisbasis (jeweilige Preise / preisbereinigt);VGRPKM;preisbereinigt, Kettenindex (2020=100);WZ08G3;WZ2008: Wirtschaftsbereiche der VGR;WZ08-13-01;Textil- und Bekleidungsgewerbe;105,640;jew. ME;PRO013;Produktionswert
81000;Volkswirtschaftliche Gesamtrechnungen des Bundes;JAHR;Jahr;2021;DINSG;Deutschland insgesamt;DG;Deutschland;VGRPB5;Preisbasis (jeweilige Preise / preisbereinigt);VGRJPM;in jeweiligen Preisen (Mrd. EUR);WZ08G3;WZ2008: Wirtschaftsbereiche der VGR;WZ08-24-01;Metallgewerbe;262,286;jew. ME;PRO013;Produktionswert
81000;Volkswirtschaftliche Gesamtrechnungen des Bundes;JAHR;Jahr;2022;DINSG;Deutschland insgesamt;DG;Deutschland;VGRPB5;Preisbasis (jeweilige Preise / preisbereinigt);VGRJPM;in jeweiligen Preisen (Mrd. EUR);WZ08G3;WZ2008: Wirtschaftsbereiche der VGR;WZ08-30;Sonstiger Fahrzeugbau;55,008;jew. ME;PRO013;Produktionswert
81000;Volkswirtschaftliche Gesamtrechnungen des Bundes;JAHR;Jahr;2025;DINSG;Deutschland insgesamt;DG;Deutschland;VGRPB5;Preisbasis (jeweilige Preise / preisbereinigt);VGRJPM;in jeweiligen Preisen (Mrd. EUR);WZ08G3;WZ2008: Wirtschaftsbereiche der VGR;WZ08-61;Telekommunikation;...;jew. ME;PRO013;Produktionswert
81000;Volkswirtschaftliche Gesamtrechnungen des Bundes;JAHR;Jahr;2025;DINSG;Deutschland insgesamt;DG;Deutschland;VGRPB5;Preisbasis (jeweilige Preise / preisbereinigt);VGRJPM;in jeweiligen Preisen (Mrd. EUR);WZ08G3;WZ2008: Wirtschaftsbereiche der VGR;WZ08-96;Sonstige überwiegend persönliche Dienstleistungen;...;jew. ME;PRO013;Produktionswert
81000;Volkswirtschaftliche Gesamtrechnungen des Bundes;JAHR;Jahr;2024;DINSG;Deutschland insgesamt;DG;Deutschland;VGRPB5;Preisbasis (jeweilige Preise / preisbereinigt);VGRJPM;in jeweiligen Preisen (Mrd. EUR);WZ08G3;WZ2008: Wirtschaftsbereiche der VGR;WZ08-30;Sonstiger Fahrzeugbau;68,636;jew. ME;PRO013;Produktionswert
81000;Volkswirtschaftliche Gesamtrechnungen des Bundes;JAHR;Jahr;2024;DINSG;Deutschland insgesamt;DG;Deutschland;VGRPB5;Preisbasis (jeweilige Preise / preisbereinigt);VGRPKM;preisbereinigt, Kettenindex (2020=100);WZ08G3;WZ2008: Wirtschaftsbereiche der VGR;WZ08-50;Schifffahrt;65,220;jew. ME;PRO013;Produktionswert
81000;Volkswirtschaftliche Gesamtrechnungen des Bundes;JAHR;Jahr;2025;DINSG;Deutschland insgesamt;DG;Deutschland;VGRPB5;Preisbasis (jeweilige Preise / preisbereinigt);VGRPVK;preisbereinigt, verkettete Volumenang. (Mrd. EUR);WZ08G3;WZ2008: Wirtschaftsbereiche der VGR;WZ08-C;Verarbeitendes Gewerbe;1879,630;jew. ME;PRO013;Produktionswert
81000;Volkswirtschaftliche Gesamtrechnungen des Bundes;JAHR;Jahr;2025;DINSG;Deutschland insgesamt;DG;Deutschland;VGRPB5;Preisbasis (jeweilige Preise / preisbereinigt);VGRPVK;preisbereinigt, verkettete Volumenang. (Mrd. EUR);WZ08G3;WZ2008: Wirtschaftsbereiche der VGR;WZ08-29;Herstellung von Kraftwagen und Kraftwagenteilen;...;jew. ME;PRO013;Produktionswert
81000;Volkswirtschaftliche Gesamtrechnungen des Bundes;JAHR;Jahr;2022;DINSG;Deutschland insgesamt;DG;Deutschland;VGRPB5;Preisbasis (jeweilige Preise / preisbereinigt);VGRPVU;preisbereinigt, unverkettete Volumenang.(Mrd. EUR);WZ08G3;WZ2008: Wirtschaftsbereiche der VGR;WZ08-D;Energieversorgung;127,394;jew. ME;PRO013;Produktionswert
81000;Volkswirtschaftliche Gesamtrechnungen des Bundes;JAHR;Jahr;2023;DINSG;Deutschland insgesamt;DG;Deutschland;VGRPB5;Preisbasis (jeweilige Preise / preisbereinigt);VGRJPM;in jeweiligen Preisen (Mrd. EUR);WZ08G3;WZ2008: Wirtschaftsbereiche der VGR;WZ08-87-01;Heime und Sozialwesen;175,288;jew. ME;PRO013;Produktionswert
81000;Volkswirtschaftliche Gesamtrechnungen des Bundes;JAHR;Jahr;2024;DINSG;Deutschland insgesamt;DG;Deutschland;VGRPB5;Preisbasis (jeweilige Preise / preisbereinigt);VGRJPM;in jeweiligen Preisen (Mrd. EUR);WZ08G3;WZ2008: Wirtschaftsbereiche der VGR;WZ08-31-02;Herstellung von Möbeln und sonstigen Waren;72,706;jew. ME;PRO013;Produktionswert
81000;Volkswirtschaftliche Gesamtrechnungen des Bundes;JAHR;Jahr;2022;DINSG;Deutschland insgesamt;DG;Deutschland;VGRPB5;Preisbasis (jeweilige Preise / preisbereinigt);VGRPVK;preisbereinigt, verkettete Volumenang. (Mrd. EUR);WZ08G3;WZ2008: Wirtschaftsbereiche der VGR;WZ08-64;Erbringung von Finanzdienstleistungen;152,306;jew. ME;PRO013;Produktionswert
81000;Volkswirtschaftliche Gesamtrechnungen des Bundes;JAHR;Jahr;2023;DINSG;Deutschland insgesamt;DG;Deutschland;VGRPB5;Preisbasis (jeweilige Preise / preisbereinigt);VGRPVK;preisbereinigt, verkettete Volumenang. (Mrd. EUR);WZ08G3;WZ2008: Wirtschaftsbereiche der VGR;WZ08-A;Land- und Forstwirtschaft, Fischerei;58,497;jew. ME;PRO013;Produktionswert
81000;Volkswirtschaftliche Gesamtrechnungen des Bundes;JAHR;Jahr;2023;DINSG;Deutschland insgesamt;DG;Deutschland;VGRPB5;Preisbasis (jeweilige Preise / preisbereinigt);VGRPKM;preisbereinigt, Kettenindex (2020=100);WZ08G3;WZ2008: Wirtschaftsbereiche der VGR;WZ08-30;Sonstiger Fahrzeugbau;113,320;jew. ME;PRO013;Produktionswert
81000;Volkswirtschaftliche Gesamtrechnungen des Bundes;JAHR;Jahr;2023;DINSG;Deutschland insgesamt;DG;Deutschland;VGRPB5;Preisbasis (jeweilige Preise / preisbereinigt);VGRJPM;in jeweiligen Preisen (Mrd. EUR);WZ08G3;WZ2008: Wirtschaftsbereiche der VGR;WZ08-B-18;Produzierendes Gewerbe ohne Baugewerbe;2738,798;jew. ME;PRO013;Produktionswert
81000;Volkswirtschaftliche Gesamtrechnungen des Bundes;JAHR;Jahr;2025;DINSG;Deutschland insgesamt;DG;Deutschland;VGRPB5;Preisbasis (jeweilige Preise / preisbereinigt);VGRPKM;preisbereinigt, Kettenindex (2020=100);WZ08G3;WZ2008: Wirtschaftsbereiche der VGR;WZ08-O-03;Öffentliche Dienstleister, Erziehung, Gesundheit;107,010;jew. ME;PRO013;Produktionswert
81000;Volkswirtschaftliche Gesamtrechnungen des Bundes;JAHR;Jahr;2025;DINSG;Deutschland insgesamt;DG;Deutschland;VGRPB5;Preisbasis (jeweilige Preise / preisbereinigt);VGRPVU;preisbereinigt, unverkettete Volumenang.(Mrd. EUR);WZ08G3;WZ2008: Wirtschaftsbereiche der VGR;WZ08-H;Verkehr und Lagerei;512,131;jew. ME;PRO013;Produktionswert
81000;Volkswirtschaftliche Gesamtrechnungen des Bundes;JAHR;Jahr;2021;DINSG;Deutschland insgesamt;DG;Deutschland;VGRPB5;Preisbasis (jeweilige Preise / preisbereinigt);VGRPVU;preisbereinigt, unverkettete Volumenang.(Mrd. EUR);WZ08G3;WZ2008: Wirtschaftsbereiche der VGR;WZ08-61;Telekommunikation;67,636;jew. ME;PRO013;Produktionswert
81000;Volkswirtschaftliche Gesamtrechnungen des Bundes;JAHR;Jahr;2023;DINSG;Deutschland insgesamt;DG;Deutschland;VGRPB5;Preisbasis (jeweilige Preise / preisbereinigt);VGRPVK;preisbereinigt, verkettete Volumenang. (Mrd. EUR);WZ08G3;WZ2008: Wirtschaftsbereiche der VGR;WZ08-R;Kunst, Unterhaltung und Erholung;69,862;jew. ME;PRO013;Produktionswert
81000;Volkswirtschaftliche Gesamtrechnungen des Bundes;JAHR;Jahr;2025;DINSG;Deutschland insgesamt;DG;Deutschland;VGRPB5;Preisbasis (jeweilige Preise / preisbereinigt);VGRPVK;preisbereinigt, verkettete Volumenang. (Mrd. EUR);WZ08G3;WZ2008: Wirtschaftsbereiche der VGR;WZ08-T;Private Haushalte;8,796;jew. ME;PRO013;Produktionswert
81000;Volkswirtschaftliche Gesamtrechnungen des Bundes;JAHR;Jahr;2024;DINSG;Deutschland insgesamt;DG;Deutschland;VGRPB5;Preisbasis (jeweilige Preise / preisbereinigt);VGRJPM;in jeweiligen Preisen (Mrd. EUR);WZ08G3;WZ2008: Wirtschaftsbereiche der VGR;WZ08-59-01;Audiovisuelle Medien und Rundfunk;41,948;jew. ME;PRO013;Produktionswert
81000;Volkswirtschaftliche Gesamtrechnungen des Bundes;JAHR;Jahr;2022;DINSG;Deutschland insgesamt;DG;Deutschland;VGRPB5;Preisbasis (jeweilige Preise / preisbereinigt);VGRJPM;in jeweiligen Preisen (Mrd. EUR);WZ08G3;WZ2008: Wirtschaftsbereiche der VGR;WZ08-65;Versicherungen, Rückversicherungen, Pensionskassen;107,782;jew. ME;PRO013;Produktionswert
81000;Volkswirtschaftliche Gesamtrechnungen des Bundes;JAHR;Jahr;2023;DINSG;Deutschland insgesamt;DG;Deutschland;VGRPB5;Preisbasis (jeweilige Preise / preisbereinigt);VGRPKM;preisbereinigt, Kettenindex (2020=100);WZ08G3;WZ2008: Wirtschaftsbereiche der VGR;WZ08-O-03;Öffentliche Dienstleister, Erziehung, Gesundheit;103,540;jew. ME;PRO013;Produktionswert
81000;Volkswirtschaftliche Gesamtrechnungen des Bundes;JAHR;Jahr;2025;DINSG;Deutschland insgesamt;DG;Deutschland;VGRPB5;Preisbasis (jeweilige Preise / preisbereinigt);VGRPKM;preisbereinigt, Kettenindex (2020=100);WZ08G3;WZ2008: Wirtschaftsbereiche der VGR;WZ08-61;Telekommunikation;...;jew. ME;PRO013;Produktionswert
81000;Volkswirtschaftliche Gesamtrechnungen des Bundes;JAHR;Jahr;2024;DINSG;Deutschland insgesamt;DG;Deutschland;VGRPB5;Preisbasis (jeweilige Preise / preisbereinigt);VGRJPM;in jeweiligen Preisen (Mrd. EUR);WZ08G3;WZ2008: Wirtschaftsbereiche der VGR;WZ08-65;Versicherungen, Rückversicherungen, Pensionskassen;124,945;jew. ME;PRO013;Produktionswert
81000;Volkswirtschaftliche Gesamtrechnungen des Bundes;JAHR;Jahr;2021;DINSG;Deutschland insgesamt;DG;Deutschland;VGRPB5;Preisbasis (jeweilige Preise / preisbereinigt);VGRPKM;preisbereinigt, Kettenindex (2020=100);WZ08G3;WZ2008: Wirtschaftsbereiche der VGR;WZ08-16-01;H.v. Holzwaren, Papier und Druckerzeugnissen;102,230;jew. ME;PRO013;Produktionswert
81000;Volkswirtschaftliche Gesamtrechnungen des Bundes;JAHR;Jahr;2021;DINSG;Deutschland insgesamt;DG;Deutschland;VGRPB5;Preisbasis (jeweilige Preise / preisbereinigt);VGRPVU;preisbereinigt, unverkettete Volumenang.(Mrd. EUR);WZ08G3;WZ2008: Wirtschaftsbereiche der VGR;WZ08-G-01;Handel, Verkehr, Gastgewerbe;1067,937;jew. ME;PRO013;Produktionswert
81000;Volkswirtschaftliche Gesamtrechnungen des Bundes;JAHR;Jahr;2024;DINSG;Deutschland insgesamt;DG;Deutschland;VGRPB5;Preisbasis (jeweilige Preise / preisbereinigt);VGRPKM;preisbereinigt, Kettenindex (2020=100);WZ08G3;WZ2008: Wirtschaftsbereiche der VGR;WZ08-E;Wasserversorg.,Entsorg.,Beseitig.v.Umweltverschm.;97,100;jew. ME;PRO013;Produktionswert
81000;Volkswirtschaftliche Gesamtrechnungen des Bundes;JAHR;Jahr;2023;DINSG;Deutschland insgesamt;DG;Deutschland;VGRPB5;Preisbasis (jeweilige Preise / preisbereinigt);VGRPKM;preisbereinigt, Kettenindex (2020=100);WZ08G3;WZ2008: Wirtschaftsbereiche der VGR;WZ08-65;Versicherungen, Rückversicherungen, Pensionskassen;95,790;jew. ME;PRO013;Produktionswert
81000;Volkswirtschaftliche Gesamtrechnungen des Bundes;JAHR;Jahr;2023;DINSG;Deutschland insgesamt;DG;Deutschland;VGRPB5;Preisbasis (jeweilige Preise / preisbereinigt);VGRPKM;preisbereinigt, Kettenindex (2020=100);WZ08G3;WZ2008: Wirtschaftsbereiche der VGR;WZ08-A;Land- und Forstwirtschaft, Fischerei;97,670;jew. ME;PRO013;Produktionswert
81000;Volkswirtschaftliche Gesamtrechnungen des Bundes;JAHR;Jahr;2025;DINSG;Deutschland insgesamt;DG;Deutschland;VGRPB5;Preisbasis (jeweilige Preise / preisbereinigt);VGRPVU;preisbereinigt, unverkettete Volumenang.(Mrd. EUR);WZ08G3;WZ2008: Wirtschaftsbereiche der VGR;WZ08-28;Maschinenbau;...;jew. ME;PRO013;Produktionswert
81000;Volkswirtschaftliche Gesamtrechnungen des Bundes;JAHR;Jahr;2025;DINSG;Deutschland insgesamt;DG;Deutschland;VGRPB5;Preisbasis (jeweilige Preise / preisbereinigt);VGRJPM;in jeweiligen Preisen (Mrd. EUR);WZ08G3;WZ2008: Wirtschaftsbereiche der VGR;WZ08-M-02;Unternehmensdienstleister;969,032;jew. ME;PRO013;Produktionswert
81000;Volkswirtschaftliche Gesamtrechnungen des Bundes;JAHR;Jahr;2023;DINSG;Deutschland insgesamt;DG;Deutschland;VGRPB5;Preisbasis (jeweilige Preise / preisbereinigt);VGRPVU;preisbereinigt, unverkettete Volumenang.(Mrd. EUR);WZ08G3;WZ2008: Wirtschaftsbereiche der VGR;WZ08-94;Interessenvertr., kirchl. u. sonst. Vereinigungen;48,167;jew. ME;PRO013;Produktionswert
81000;Volkswirtschaftliche Gesamtrechnungen des Bundes;JAHR;Jahr;2025;DINSG;Deutschland insgesamt;DG;Deutschland;VGRPB5;Preisbasis (jeweilige Preise / preisbereinigt);VGRJPM;in jeweiligen Preisen (Mrd. EUR);WZ08G3;WZ2008: Wirtschaftsbereiche der VGR;WZ08-30;Sonstiger Fahrzeugbau;...;jew. ME;PRO013;Produktionswert
81000;Volkswirtschaftliche Gesamtrechnungen des Bundes;JAHR;Jahr;2022;DINSG;Deutschland insgesamt;DG;Deutschland;VGRPB5;Preisbasis (jeweilige Preise / preisbereinigt);VGRJPM;in jeweiligen Preisen (Mrd. EUR);WZ08G3;WZ2008: Wirtschaftsbereiche der VGR;WZ08-52;Lagerei, sonstige Dienstleistungen für den Verkehr;190,010;jew. ME;PRO013;Produktionswert
81000;Volkswirtschaftliche Gesamtrechnungen des Bundes;JAHR;Jahr;2024;DINSG;Deutschland insgesamt;DG;Deutschland;VGRPB5;Preisbasis (jeweilige Preise / preisbereinigt);VGRJPM;in jeweiligen Preisen (Mrd. EUR);WZ08G3;WZ2008: Wirtschaftsbereiche der VGR;WZ08-96;Sonstige überwiegend persönliche Dienstleistungen;71,328;jew. ME;PRO013;Produktionswert
81000;Volkswirtschaftliche Gesamtrechnungen des Bundes;JAHR;Jahr;2023;DINSG;Deutschland insgesamt;DG;Deutschland;VGRPB5;Preisbasis (jeweilige Preise / preisbereinigt);VGRPKM;preisbereinigt, Kettenindex (2020=100);WZ08G3;WZ2008: Wirtschaftsbereiche der VGR;WZ08-B-18;Produzierendes Gewerbe ohne Baugewerbe;105,030;jew. ME;PRO013;Produktionswert
81000;Volkswirtschaftliche Gesamtrechnungen des Bundes;JAHR;Jahr;2021;DINSG;Deutschland insgesamt;DG;Deutschland;VGRPB5;Preisbasis (jeweilige Preise / preisbereinigt);VGRPVU;preisbereinigt, unverkettete Volumenang.(Mrd. EUR);WZ08G3;WZ2008: Wirtschaftsbereiche der VGR;WZ08-31-02;Herstellung von Möbeln und sonstigen Waren;61,498;jew. ME;PRO013;Produktionswert
81000;Volkswirtschaftliche Gesamtrechnungen des Bundes;JAHR;Jahr;2025;DINSG;Deutschland insgesamt;DG;Deutschland;VGRPB5;Preisbasis (jeweilige Preise / preisbereinigt);VGRPKM;preisbereinigt, Kettenindex (2020=100);WZ08G3;WZ2008: Wirtschaftsbereiche der VGR;WZ08-52;Lagerei, sonstige Dienstleistungen für den Verkehr;...;jew. ME;PRO013;Produktionswert
81000;Volkswirtschaftliche Gesamtrechnungen des Bundes;JAHR;Jahr;2024;DINSG;Deutschland insgesamt;DG;Deutschland;VGRPB5;Preisbasis (jeweilige Preise / preisbereinigt);VGRPVK;preisbereinigt, verkettete Volumenang. (Mrd. EUR);WZ08G3;WZ2008: Wirtschaftsbereiche der VGR;WZ08-C;Verarbeitendes Gewerbe;1897,133;jew. ME;PRO013;Produktionswert
81000;Volkswirtschaftliche Gesamtrechnungen des Bundes;JAHR;Jahr;2022;DINSG;Deutschland insgesamt;DG;Deutschland;VGRPB5;Preisbasis (jeweilige Preise / preisbereinigt);VGRPVK;preisbereinigt, verkettete Volumenang. (Mrd. EUR);WZ08G3;WZ2008: Wirtschaftsbereiche der VGR;WZ08-A;Land- und Forstwirtschaft, Fischerei;60,941;jew. ME;PRO013;Produktionswert
81000;Volkswirtschaftliche Gesamtrechnungen des Bundes;JAHR;Jahr;2023;DINSG;Deutschland insgesamt;DG;Deutschland;VGRPB5;Preisbasis (jeweilige Preise / preisbereinigt);VGRPKM;preisbereinigt, Kettenindex (2020=100);WZ08G3;WZ2008: Wirtschaftsbereiche der VGR;WZ08-96;Sonstige überwiegend persönliche Dienstleistungen;129,440;jew. ME;PRO013;Produktionswert
81000;Volkswirtschaftliche Gesamtrechnungen des Bundes;JAHR;Jahr;2024;DINSG;Deutschland insgesamt;DG;Deutschland;VGRPB5;Preisbasis (jeweilige Preise / preisbereinigt);VGRPVK;preisbereinigt, verkettete Volumenang. (Mrd. EUR);WZ08G3;WZ2008: Wirtschaftsbereiche der VGR;WZ08-86;Gesundheitswesen;283,585;jew. ME;PRO013;Produktionswert
81000;Volkswirtschaftliche Gesamtrechnungen des Bundes;JAHR;Jahr;2024;DINSG;Deutschland insgesamt;DG;Deutschland;VGRPB5;Preisbasis (jeweilige Preise / preisbereinigt);VGRPVU;preisbereinigt, unverkettete Volumenang.(Mrd. EUR);WZ08G3;WZ2008: Wirtschaftsbereiche der VGR;WZ08-H;Verkehr und Lagerei;484,970;jew. ME;PRO013;Produktionswert
81000;Volkswirtschaftliche Gesamtrechnungen des Bundes;JAHR;Jahr;2025;DINSG;Deutschland insgesamt;DG;Deutschland;VGRPB5;Preisbasis (jeweilige Preise / preisbereinigt);VGRJPM;in jeweiligen Preisen (Mrd. EUR);WZ08G3;WZ2008: Wirtschaftsbereiche der VGR;WZ08-G;Handel, Instandhaltung und Reparatur von Kfz;779,914;jew. ME;PRO013;Produktionswert
81000;Volkswirtschaftliche Gesamtrechnungen des Bundes;JAHR;Jahr;2024;DINSG;Deutschland insgesamt;DG;Deutschland;VGRPB5;Preisbasis (jeweilige Preise / preisbereinigt);VGRPVK;preisbereinigt, verkettete Volumenang. (Mrd. EUR);WZ08G3;WZ2008: Wirtschaftsbereiche der VGR;WZ08-T;Private Haushalte;8,699;jew. ME;PRO013;Produktionswert
81000;Volkswirtschaftliche Gesamtrechnungen des Bundes;JAHR;Jahr;2022;DINSG;Deutschland insgesamt;DG;Deutschland;VGRPB5;Preisbasis (jeweilige Preise / preisbereinigt);VGRPVK;preisbereinigt, verkettete Volumenang. (Mrd. EUR);WZ08G3;WZ2008: Wirtschaftsbereiche der VGR;WZ08-R;Kunst, Unterhaltung und Erholung;68,558;jew. ME;PRO013;Produktionswert
81000;Volkswirtschaftliche Gesamtrechnungen des Bundes;JAHR;Jahr;2022;DINSG;Deutschland insgesamt;DG;Deutschland;VGRPB5;Preisbasis (jeweilige Preise / preisbereinigt);VGRPKM;preisbereinigt, Kettenindex (2020=100);WZ08G3;WZ2008: Wirtschaftsbereiche der VGR;WZ08-31-01;Möbelherstellung, Installation von Maschinen;110,480;jew. ME;PRO013;Produktionswert
81000;Volkswirtschaftliche Gesamtrechnungen des Bundes;JAHR;Jahr;2024;DINSG;Deutschland insgesamt;DG;Deutschland;VGRPB5;Preisbasis (jeweilige Preise / preisbereinigt);VGRPKM;preisbereinigt, Kettenindex (2020=100);WZ08G3;WZ2008: Wirtschaftsbereiche der VGR;WZ08-R;Kunst, Unterhaltung und Erholung;132,390;jew. ME;PRO013;Produktionswert
81000;Volkswirtschaftliche Gesamtrechnungen des Bundes;JAHR;Jahr;2021;DINSG;Deutschland insgesamt;DG;Deutschland;VGRPB5;Preisbasis (jeweilige Preise / preisbereinigt);VGRPVU;preisbereinigt, unverkettete Volumenang.(Mrd. EUR);WZ08G3;WZ2008: Wirtschaftsbereiche der VGR;WZ08-17;Herstellung von Papier, Pappe und Waren daraus;38,458;jew. ME;PRO013;Produktionswert
81000;Volkswirtschaftliche Gesamtrechnungen des Bundes;JAHR;Jahr;2021;DINSG;Deutschland insgesamt;DG;Deutschland;VGRPB5;Preisbasis (jeweilige Preise / preisbereinigt);VGRPKM;preisbereinigt, Kettenindex (2020=100);WZ08G3;WZ2008: Wirtschaftsbereiche der VGR;WZ08-41;Hochbau;93,160;jew. ME;PRO013;Produktionswert
81000;Volkswirtschaftliche Gesamtrechnungen des Bundes;JAHR;Jahr;2021;DINSG;Deutschland insgesamt;DG;Deutschland;VGRPB5;Preisbasis (jeweilige Preise / preisbereinigt);VGRJPM;in jeweiligen Preisen (Mrd. EUR);WZ08G3;WZ2008: Wirtschaftsbereiche der VGR;WZ08-41;Hochbau;96,372;jew. ME;PRO013;Produktionswert
81000;Volkswirtschaftliche Gesamtrechnungen des Bundes;JAHR;Jahr;2024;DINSG;Deutschland insgesamt;DG;Deutschland;VGRPB5;Preisbasis (jeweilige Preise / preisbereinigt);VGRPVU;preisbereinigt, unverkettete Volumenang.(Mrd. EUR);WZ08G3;WZ2008: Wirtschaftsbereiche der VGR;WZ08-17;Herstellung von Papier, Pappe und Waren daraus;44,360;jew. ME;PRO013;Produktionswert
81000;Volkswirtschaftliche Gesamtrechnungen des Bundes;JAHR;Jahr;2023;DINSG;Deutschland insgesamt;DG;Deutschland;VGRPB5;Preisbasis (jeweilige Preise / preisbereinigt);VGRPVU;preisbereinigt, unverkettete Volumenang.(Mrd. EUR);WZ08G3;WZ2008: Wirtschaftsbereiche der VGR;WZ08-19;Kokerei und Mineralölverarbeitung;115,409;jew. ME;PRO013;Produktionswert
81000;Volkswirtschaftliche Gesamtrechnungen des Bundes;JAHR;Jahr;2024;DINSG;Deutschland insgesamt;DG;Deutschland;VGRPB5;Preisbasis (jeweilige Preise / preisbereinigt);VGRPKM;preisbereinigt, Kettenindex (2020=100);WZ08G3;WZ2008: Wirtschaftsbereiche der VGR;WZ08-41;Hochbau;68,960;jew. ME;PRO013;Produktionswert
81000;Volkswirtschaftliche Gesamtrechnungen des Bundes;JAHR;Jahr;2025;DINSG;Deutschland insgesamt;DG;Deutschland;VGRPB5;Preisbasis (jeweilige Preise / preisbereinigt);VGRPVK;preisbereinigt, verkettete Volumenang. (Mrd. EUR);WZ08G3;WZ2008: Wirtschaftsbereiche der VGR;WZ08-51;Luftfahrt;...;jew. ME;PRO013;Produktionswert
81000;Volkswirtschaftliche Gesamtrechnungen des Bundes;JAHR;Jahr;2021;DINSG;Deutschland insgesamt;DG;Deutschland;VGRPB5;Preisbasis (jeweilige Preise / preisbereinigt);VGRPVU;preisbereinigt, unverkettete Volumenang.(Mrd. EUR);WZ08G3;WZ2008: Wirtschaftsbereiche der VGR;WZ08-16-01;H.v. Holzwaren, Papier und Druckerzeugnissen;80,715;jew. ME;PRO013;Produktionswert
81000;Volkswirtschaftliche Gesamtrechnungen des Bundes;JAHR;Jahr;2021;DINSG;Deutschland insgesamt;DG;Deutschland;VGRPB5;Preisbasis (jeweilige Preise / preisbereinigt);VGRPKM;preisbereinigt, Kettenindex (2020=100);WZ08G3;WZ2008: Wirtschaftsbereiche der VGR;WZ08-B-05;Produzierendes Gewerbe;102,970;jew. ME;PRO013;Produktionswert
81000;Volkswirtschaftliche Gesamtrechnungen des Bundes;JAHR;Jahr;2022;DINSG;Deutschland insgesamt;DG;Deutschland;VGRPB5;Preisbasis (jeweilige Preise / preisbereinigt);VGRPVK;preisbereinigt, verkettete Volumenang. (Mrd. EUR);WZ08G3;WZ2008: Wirtschaftsbereiche der VGR;WZ08-95;Reparatur von DV-Geräten und Gebrauchsgütern;2,807;jew. ME;PRO013;Produktionswert
81000;Volkswirtschaftliche Gesamtrechnungen des Bundes;JAHR;Jahr;2024;DINSG;Deutschland insgesamt;DG;Deutschland;VGRPB5;Preisbasis (jeweilige Preise / preisbereinigt);VGRPVK;preisbereinigt, verkettete Volumenang. (Mrd. EUR);WZ08G3;WZ2008: Wirtschaftsbereiche der VGR;WZ08-51;Luftfahrt;37,341;jew. ME;PRO013;Produktionswert
81000;Volkswirtschaftliche Gesamtrechnungen des Bundes;JAHR;Jahr;2022;DINSG;Deutschland insgesamt;DG;Deutschland;VGRPB5;Preisbasis (jeweilige Preise / preisbereinigt);VGRPKM;preisbereinigt, Kettenindex (2020=100);WZ08G3;WZ2008: Wirtschaftsbereiche der VGR;WZ08-A;Land- und Forstwirtschaft, Fischerei;101,750;jew. ME;PRO013;Produktionswert
81000;Volkswirtschaftliche Gesamtrechnungen des Bundes;JAHR;Jahr;2021;DINSG;Deutschland insgesamt;DG;Deutschland;VGRPB5;Preisbasis (jeweilige Preise / preisbereinigt);VGRPVK;preisbereinigt, verkettete Volumenang. (Mrd. EUR);WZ08G3;WZ2008: Wirtschaftsbereiche der VGR;WZ08-A;Land- und Forstwirtschaft, Fischerei;62,912;jew. ME;PRO013;Produktionswert
81000;Volkswirtschaftliche Gesamtrechnungen des Bundes;JAHR;Jahr;2022;DINSG;Deutschland insgesamt;DG;Deutschland;VGRPB5;Preisbasis (jeweilige Preise / preisbereinigt);VGRJPM;in jeweiligen Preisen (Mrd. EUR);WZ08G3;WZ2008: Wirtschaftsbereiche der VGR;WZ08-16-01;H.v. Holzwaren, Papier und Druckerzeugnissen;106,877;jew. ME;PRO013;Produktionswert
81000;Volkswirtschaftliche Gesamtrechnungen des Bundes;JAHR;Jahr;2025;DINSG;Deutschland insgesamt;DG;Deutschland;VGRPB5;Preisbasis (jeweilige Preise / preisbereinigt);VGRJPM;in jeweiligen Preisen (Mrd. EUR);WZ08G3;WZ2008: Wirtschaftsbereiche der VGR;WZ08-52;Lagerei, sonstige Dienstleistungen für den Verkehr;...;jew. ME;PRO013;Produktionswert
81000;Volkswirtschaftliche Gesamtrechnungen des Bundes;JAHR;Jahr;2024;DINSG;Deutschland insgesamt;DG;Deutschland;VGRPB5;Preisbasis (jeweilige Preise / preisbereinigt);VGRJPM;in jeweiligen Preisen (Mrd. EUR);WZ08G3;WZ2008: Wirtschaftsbereiche der VGR;WZ08-A-02;Alle Wirtschaftsbereiche;8332,142;jew. ME;PRO013;Produktionswert
81000;Volkswirtschaftliche Gesamtrechnungen des Bundes;JAHR;Jahr;2022;DINSG;Deutschland insgesamt;DG;Deutschland;VGRPB5;Preisbasis (jeweilige Preise / preisbereinigt);VGRJPM;in jeweiligen Preisen (Mrd. EUR);WZ08G3;WZ2008: Wirtschaftsbereiche der VGR;WZ08-E;Wasserversorg.,Entsorg.,Beseitig.v.Umweltverschm.;91,954;jew. ME;PRO013;Produktionswert
81000;Volkswirtschaftliche Gesamtrechnungen des Bundes;JAHR;Jahr;2023;DINSG;Deutschland insgesamt;DG;Deutschland;VGRPB5;Preisbasis (jeweilige Preise / preisbereinigt);VGRPVU;preisbereinigt, unverkettete Volumenang.(Mrd. EUR);WZ08G3;WZ2008: Wirtschaftsbereiche der VGR;WZ08-H;Verkehr und Lagerei;487,512;jew. ME;PRO013;Produktionswert
81000;Volkswirtschaftliche Gesamtrechnungen des Bundes;JAHR;Jahr;2024;DINSG;Deutschland insgesamt;DG;Deutschland;VGRPB5;Preisbasis (jeweilige Preise / preisbereinigt);VGRJPM;in jeweiligen Preisen (Mrd. EUR);WZ08G3;WZ2008: Wirtschaftsbereiche der VGR;WZ08-G;Handel, Instandhaltung und Reparatur von Kfz;760,858;jew. ME;PRO013;Produktionswert
81000;Volkswirtschaftliche Gesamtrechnungen des Bundes;JAHR;Jahr;2021;DINSG;Deutschland insgesamt;DG;Deutschland;VGRPB5;Preisbasis (jeweilige Preise / preisbereinigt);VGRPVK;preisbereinigt, verkettete Volumenang. (Mrd. EUR);WZ08G3;WZ2008: Wirtschaftsbereiche der VGR;WZ08-R;Kunst, Unterhaltung und Erholung;53,997;jew. ME;PRO013;Produktionswert
81000;Volkswirtschaftliche Gesamtrechnungen des Bundes;JAHR;Jahr;2023;DINSG;Deutschland insgesamt;DG;Deutschland;VGRPB5;Preisbasis (jeweilige Preise / preisbereinigt);VGRPKM;preisbereinigt, Kettenindex (2020=100);WZ08G3;WZ2008: Wirtschaftsbereiche der VGR;WZ08-31-02;Herstellung von Möbeln und sonstigen Waren;101,870;jew. ME;PRO013;Produktionswert
81000;Volkswirtschaftliche Gesamtrechnungen des Bundes;JAHR;Jahr;2021;DINSG;Deutschland insgesamt;DG;Deutschland;VGRPB5;Preisbasis (jeweilige Preise / preisbereinigt);VGRPKM;preisbereinigt, Kettenindex (2020=100);WZ08G3;WZ2008: Wirtschaftsbereiche der VGR;WZ08-31-02;Herstellung von Möbeln und sonstigen Waren;104,010;jew. ME;PRO013;Produktionswert
81000;Volkswirtschaftliche Gesamtrechnungen des Bundes;JAHR;Jahr;2023;DINSG;Deutschland insgesamt;DG;Deutschland;VGRPB5;Preisbasis (jeweilige Preise / preisbereinigt);VGRPKM;preisbereinigt, Kettenindex (2020=100);WZ08G3;WZ2008: Wirtschaftsbereiche der VGR;WZ08-R;Kunst, Unterhaltung und Erholung;126,470;jew. ME;PRO013;Produktionswert
81000;Volkswirtschaftliche Gesamtrechnungen des Bundes;JAHR;Jahr;2021;DINSG;Deutschland insgesamt;DG;Deutschland;VGRPB5;Preisbasis (jeweilige Preise / preisbereinigt);VGRPVK;preisbereinigt, verkettete Volumenang. (Mrd. EUR);WZ08G3;WZ2008: Wirtschaftsbereiche der VGR;WZ08-74-01;Freiberufl.,wiss.,techn.DL a.n.g., Veterinärwesen;30,991;jew. ME;PRO013;Produktionswert
81000;Volkswirtschaftliche Gesamtrechnungen des Bundes;JAHR;Jahr;2025;DINSG;Deutschland insgesamt;DG;Deutschland;VGRPB5;Preisbasis (jeweilige Preise / preisbereinigt);VGRPVK;preisbereinigt, verkettete Volumenang. (Mrd. EUR);WZ08G3;WZ2008: Wirtschaftsbereiche der VGR;WZ08-73;Werbung und Marktforschung;...;jew. ME;PRO013;Produktionswert
81000;Volkswirtschaftliche Gesamtrechnungen des Bundes;JAHR;Jahr;2025;DINSG;Deutschland insgesamt;DG;Deutschland;VGRPB5;Preisbasis (jeweilige Preise / preisbereinigt);VGRPKM;preisbereinigt, Kettenindex (2020=100);WZ08G3;WZ2008: Wirtschaftsbereiche der VGR;WZ08-31-02;Herstellung von Möbeln und sonstigen Waren;...;jew. ME;PRO013;Produktionswert
81000;Volkswirtschaftliche Gesamtrechnungen des Bundes;JAHR;Jahr;2021;DINSG;Deutschland insgesamt;DG;Deutschland;VGRPB5;Preisbasis (jeweilige Preise / preisbereinigt);VGRPKM;preisbereinigt, Kettenindex (2020=100);WZ08G3;WZ2008: Wirtschaftsbereiche der VGR;WZ08-P;Erziehung und Unterricht;100,100;jew. ME;PRO013;Produktionswert
81000;Volkswirtschaftliche Gesamtrechnungen des Bundes;JAHR;Jahr;2021;DINSG;Deutschland insgesamt;DG;Deutschland;VGRPB5;Preisbasis (jeweilige Preise / preisbereinigt);VGRPKM;preisbereinigt, Kettenindex (2020=100);WZ08G3;WZ2008: Wirtschaftsbereiche der VGR;WZ08-021;Forstwirtschaft;108,150;jew. ME;PRO013;Produktionswert
81000;Volkswirtschaftliche Gesamtrechnungen des Bundes;JAHR;Jahr;2024;DINSG;Deutschland insgesamt;DG;Deutschland;VGRPB5;Preisbasis (jeweilige Preise / preisbereinigt);VGRPVK;preisbereinigt, verkettete Volumenang. (Mrd. EUR);WZ08G3;WZ2008: Wirtschaftsbereiche der VGR;WZ08-73;Werbung und Marktforschung;32,433;jew. ME;PRO013;Produktionswert
81000;Volkswirtschaftliche Gesamtrechnungen des Bundes;JAHR;Jahr;2022;DINSG;Deutschland insgesamt;DG;Deutschland;VGRPB5;Preisbasis (jeweilige Preise / preisbereinigt);VGRPVK;preisbereinigt, verkettete Volumenang. (Mrd. EUR);WZ08G3;WZ2008: Wirtschaftsbereiche der VGR;WZ08-73;Werbung und Marktforschung;31,271;jew. ME;PRO013;Produktionswert
81000;Volkswirtschaftliche Gesamtrechnungen des Bundes;JAHR;Jahr;2023;DINSG;Deutschland insgesamt;DG;Deutschland;VGRPB5;Preisbasis (jeweilige Preise / preisbereinigt);VGRPVK;preisbereinigt, verkettete Volumenang. (Mrd. EUR);WZ08G3;WZ2008: Wirtschaftsbereiche der VGR;WZ08-021;Forstwirtschaft;4,923;jew. ME;PRO013;Produktionswert
81000;Volkswirtschaftliche Gesamtrechnungen des Bundes;JAHR;Jahr;2021;DINSG;Deutschland insgesamt;DG;Deutschland;VGRPB5;Preisbasis (jeweilige Preise / preisbereinigt);VGRJPM;in jeweiligen Preisen (Mrd. EUR);WZ08G3;WZ2008: Wirtschaftsbereiche der VGR;WZ08-13-01;Textil- und Bekleidungsgewerbe;21,783;jew. ME;PRO013;Produktionswert
81000;Volkswirtschaftliche Gesamtrechnungen des Bundes;JAHR;Jahr;2024;DINSG;Deutschland insgesamt;DG;Deutschland;VGRPB5;Preisbasis (jeweilige Preise / preisbereinigt);VGRPVU;preisbereinigt, unverkettete Volumenang.(Mrd. EUR);WZ08G3;WZ2008: Wirtschaftsbereiche der VGR;WZ08-B-18;Produzierendes Gewerbe ohne Baugewerbe;2695,125;jew. ME;PRO013;Produktionswert
81000;Volkswirtschaftliche Gesamtrechnungen des Bundes;JAHR;Jahr;2021;DINSG;Deutschland insgesamt;DG;Deutschland;VGRPB5;Preisbasis (jeweilige Preise / preisbereinigt);VGRPVK;preisbereinigt, verkettete Volumenang. (Mrd. EUR);WZ08G3;WZ2008: Wirtschaftsbereiche der VGR;WZ08-79;Reisebüros, -veranstalter u. sonst. Reservierungen;11,852;jew. ME;PRO013;Produktionswert
81000;Volkswirtschaftliche Gesamtrechnungen des Bundes;JAHR;Jahr;2024;DINSG;Deutschland insgesamt;DG;Deutschland;VGRPB5;Preisbasis (jeweilige Preise / preisbereinigt);VGRPVU;preisbereinigt, unverkettete Volumenang.(Mrd. EUR);WZ08G3;WZ2008: Wirtschaftsbereiche der VGR;WZ08-95;Reparatur von DV-Geräten und Gebrauchsgütern;3,145;jew. ME;PRO013;Produktionswert
81000;Volkswirtschaftliche Gesamtrechnungen des Bundes;JAHR;Jahr;2025;DINSG;Deutschland insgesamt;DG;Deutschland;VGRPB5;Preisbasis (jeweilige Preise / preisbereinigt);VGRPVU;preisbereinigt, unverkettete Volumenang.(Mrd. EUR);WZ08G3;WZ2008: Wirtschaftsbereiche der VGR;WZ08-79;Reisebüros, -veranstalter u. sonst. Reservierungen;...;jew. ME;PRO013;Produktionswert
81000;Volkswirtschaftliche Gesamtrechnungen des Bundes;JAHR;Jahr;2023;DINSG;Deutschland insgesamt;DG;Deutschland;VGRPB5;Preisbasis (jeweilige Preise / preisbereinigt);VGRPKM;preisbereinigt, Kettenindex (2020=100);WZ08G3;WZ2008: Wirtschaftsbereiche der VGR;WZ08-71;Architektur-,Ing.büros,techn.,physik.Untersuchung;111,110;jew. ME;PRO013;Produktionswert
81000;Volkswirtschaftliche Gesamtrechnungen des Bundes;JAHR;Jahr;2021;DINSG;Deutschland insgesamt;DG;Deutschland;VGRPB5;Preisbasis (jeweilige Preise / preisbereinigt);VGRPKM;preisbereinigt, Kettenindex (2020=100);WZ08G3;WZ2008: Wirtschaftsbereiche der VGR;WZ08-96;Sonstige überwiegend persönliche Dienstleistungen;104,610;jew. ME;PRO013;Produktionswert
81000;Volkswirtschaftliche Gesamtrechnungen des Bundes;JAHR;Jahr;2024;DINSG;Deutschland insgesamt;DG;Deutschland;VGRPB5;Preisbasis (jeweilige Preise / preisbereinigt);VGRJPM;in jeweiligen Preisen (Mrd. EUR);WZ08G3;WZ2008: Wirtschaftsbereiche der VGR;WZ08-94;Interessenvertr., kirchl. u. sonst. Vereinigungen;52,008;jew. ME;PRO013;Produktionswert
81000;Volkswirtschaftliche Gesamtrechnungen des Bundes;JAHR;Jahr;2021;DINSG;Deutschland insgesamt;DG;Deutschland;VGRPB5;Preisbasis (jeweilige Preise / preisbereinigt);VGRPVU;preisbereinigt, unverkettete Volumenang.(Mrd. EUR);WZ08G3;WZ2008: Wirtschaftsbereiche der VGR;WZ08-26;H.v. DV-Geräten, elektron. u. opt. Erzeugnissen;100,177;jew. ME;PRO013;Produktionswert
81000;Volkswirtschaftliche Gesamtrechnungen des Bundes;JAHR;Jahr;2022;DINSG;Deutschland insgesamt;DG;Deutschland;VGRPB5;Preisbasis (jeweilige Preise / preisbereinigt);VGRJPM;in jeweiligen Preisen (Mrd. EUR);WZ08G3;WZ2008: Wirtschaftsbereiche der VGR;WZ08-73;Werbung und Marktforschung;33,182;jew. ME;PRO013;Produktionswert
81000;Volkswirtschaftliche Gesamtrechnungen des Bundes;JAHR;Jahr;2022;DINSG;Deutschland insgesamt;DG;Deutschland;VGRPB5;Preisbasis (jeweilige Preise / preisbereinigt);VGRPKM;preisbereinigt, Kettenindex (2020=100);WZ08G3;WZ2008: Wirtschaftsbereiche der VGR;WZ08-87-01;Heime und Sozialwesen;103,560;jew. ME;PRO013;Produktionswert
81000;Volkswirtschaftliche Gesamtrechnungen des Bundes;JAHR;Jahr;2021;DINSG;Deutschland insgesamt;DG;Deutschland;VGRPB5;Preisbasis (jeweilige Preise / preisbereinigt);VGRPVK;preisbereinigt, verkettete Volumenang. (Mrd. EUR);WZ08G3;WZ2008: Wirtschaftsbereiche der VGR;WZ08-22;Herstellung von Gummi- und Kunststoffwaren;87,001;jew. ME;PRO013;Produktionswert
81000;Volkswirtschaftliche Gesamtrechnungen des Bundes;JAHR;Jahr;2024;DINSG;Deutschland insgesamt;DG;Deutschland;VGRPB5;Preisbasis (jeweilige Preise / preisbereinigt);VGRPVK;preisbereinigt, verkettete Volumenang. (Mrd. EUR);WZ08G3;WZ2008: Wirtschaftsbereiche der VGR;WZ08-27;Herstellung von elektrischen Ausrüstungen;101,556;jew. ME;PRO013;Produktionswert
81000;Volkswirtschaftliche Gesamtrechnungen des Bundes;JAHR;Jahr;2023;DINSG;Deutschland insgesamt;DG;Deutschland;VGRPB5;Preisbasis (jeweilige Preise / preisbereinigt);VGRPVK;preisbereinigt, verkettete Volumenang. (Mrd. EUR);WZ08G3;WZ2008: Wirtschaftsbereiche der VGR;WZ08-43;Vorb.Baustellenarbeiten, Bauinstall., sonst.Ausbau;224,373;jew. ME;PRO013;Produktionswert
81000;Volkswirtschaftliche Gesamtrechnungen des Bundes;JAHR;Jahr;2021;DINSG;Deutschland insgesamt;DG;Deutschland;VGRPB5;Preisbasis (jeweilige Preise / preisbereinigt);VGRJPM;in jeweiligen Preisen (Mrd. EUR);WZ08G3;WZ2008: Wirtschaftsbereiche der VGR;WZ08-36;Wasserversorgung;10,387;jew. ME;PRO013;Produktionswert
81000;Volkswirtschaftliche Gesamtrechnungen des Bundes;JAHR;Jahr;2025;DINSG;Deutschland insgesamt;DG;Deutschland;VGRPB5;Preisbasis (jeweilige Preise / preisbereinigt);VGRPVK;preisbereinigt, verkettete Volumenang. (Mrd. EUR);WZ08G3;WZ2008: Wirtschaftsbereiche der VGR;WZ08-22-01;H.v. Gummi-, Kunststoff-, Glaswaren, Keramik u.Ä.;...;jew. ME;PRO013;Produktionswert
81000;Volkswirtschaftliche Gesamtrechnungen des Bundes;JAHR;Jahr;2023;DINSG;Deutschland insgesamt;DG;Deutschland;VGRPB5;Preisbasis (jeweilige Preise / preisbereinigt);VGRPVU;preisbereinigt, unverkettete Volumenang.(Mrd. EUR);WZ08G3;WZ2008: Wirtschaftsbereiche der VGR;WZ08-01;Landwirtschaft, Jagd und verbundene Tätigkeiten;72,704;jew. ME;PRO013;Produktionswert
81000;Volkswirtschaftliche Gesamtrechnungen des Bundes;JAHR;Jahr;2023;DINSG;Deutschland insgesamt;DG;Deutschland;VGRPB5;Preisbasis (jeweilige Preise / preisbereinigt);VGRPVU;preisbereinigt, unverkettete Volumenang.(Mrd. EUR);WZ08G3;WZ2008: Wirtschaftsbereiche der VGR;WZ08-36;Wasserversorgung;10,814;jew. ME;PRO013;Produktionswert
81000;Volkswirtschaftliche Gesamtrechnungen des Bundes;JAHR;Jahr;2025;DINSG;Deutschland insgesamt;DG;Deutschland;VGRPB5;Preisbasis (jeweilige Preise / preisbereinigt);VGRPVU;preisbereinigt, unverkettete Volumenang.(Mrd. EUR);WZ08G3;WZ2008: Wirtschaftsbereiche der VGR;WZ08-22;Herstellung von Gummi- und Kunststoffwaren;...;jew. ME;PRO013;Produktionswert
81000;Volkswirtschaftliche Gesamtrechnungen des Bundes;JAHR;Jahr;2025;DINSG;Deutschland insgesamt;DG;Deutschland;VGRPB5;Preisbasis (jeweilige Preise / preisbereinigt);VGRPVK;preisbereinigt, verkettete Volumenang. (Mrd. EUR);WZ08G3;WZ2008: Wirtschaftsbereiche der VGR;WZ08-53;Post-, Kurier- und Expressdienste;...;jew. ME;PRO013;Produktionswert
81000;Volkswirtschaftliche Gesamtrechnungen des Bundes;JAHR;Jahr;2023;DINSG;Deutschland insgesamt;DG;Deutschland;VGRPB5;Preisbasis (jeweilige Preise / preisbereinigt);VGRJPM;in jeweiligen Preisen (Mrd. EUR);WZ08G3;WZ2008: Wirtschaftsbereiche der VGR;WZ08-22;Herstellung von Gummi- und Kunststoffwaren;93,909;jew. ME;PRO013;Produktionswert
81000;Volkswirtschaftliche Gesamtrechnungen des Bundes;JAHR;Jahr;2023;DINSG;Deutschland insgesamt;DG;Deutschland;VGRPB5;Preisbasis (jeweilige Preise / preisbereinigt);VGRPVK;preisbereinigt, verkettete Volumenang. (Mrd. EUR);WZ08G3;WZ2008: Wirtschaftsbereiche der VGR;WZ08-78;Vermittlung und Überlassung von Arbeitskräften;40,554;jew. ME;PRO013;Produktionswert
81000;Volkswirtschaftliche Gesamtrechnungen des Bundes;JAHR;Jahr;2021;DINSG;Deutschland insgesamt;DG;Deutschland;VGRPB5;Preisbasis (jeweilige Preise / preisbereinigt);VGRPVK;preisbereinigt, verkettete Volumenang. (Mrd. EUR);WZ08G3;WZ2008: Wirtschaftsbereiche der VGR;WZ08-24-01;Metallgewerbe;237,165;jew. ME;PRO013;Produktionswert
81000;Volkswirtschaftliche Gesamtrechnungen des Bundes;JAHR;Jahr;2021;DINSG;Deutschland insgesamt;DG;Deutschland;VGRPB5;Preisbasis (jeweilige Preise / preisbereinigt);VGRPVU;preisbereinigt, unverkettete Volumenang.(Mrd. EUR);WZ08G3;WZ2008: Wirtschaftsbereiche der VGR;WZ08-24-01;Metallgewerbe;237,157;jew. ME;PRO013;Produktionswert
81000;Volkswirtschaftliche Gesamtrechnungen des Bundes;JAHR;Jahr;2022;DINSG;Deutschland insgesamt;DG;Deutschland;VGRPB5;Preisbasis (jeweilige Preise / preisbereinigt);VGRPKM;preisbereinigt, Kettenindex (2020=100);WZ08G3;WZ2008: Wirtschaftsbereiche der VGR;WZ08-N;Sonstige wirtschaftliche Dienstleistungen;122,730;jew. ME;PRO013;Produktionswert
81000;Volkswirtschaftliche Gesamtrechnungen des Bundes;JAHR;Jahr;2024;DINSG;Deutschland insgesamt;DG;Deutschland;VGRPB5;Preisbasis (jeweilige Preise / preisbereinigt);VGRPKM;preisbereinigt, Kettenindex (2020=100);WZ08G3;WZ2008: Wirtschaftsbereiche der VGR;WZ08-20;Herstellung von chemischen Erzeugnissen;92,010;jew. ME;PRO013;Produktionswert
81000;Volkswirtschaftliche Gesamtrechnungen des Bundes;JAHR;Jahr;2025;DINSG;Deutschland insgesamt;DG;Deutschland;VGRPB5;Preisbasis (jeweilige Preise / preisbereinigt);VGRPVU;preisbereinigt, unverkettete Volumenang.(Mrd. EUR);WZ08G3;WZ2008: Wirtschaftsbereiche der VGR;WZ08-021;Forstwirtschaft;...;jew. ME;PRO013;Produktionswert
81000;Volkswirtschaftliche Gesamtrechnungen des Bundes;JAHR;Jahr;2021;DINSG;Deutschland insgesamt;DG;Deutschland;VGRPB5;Preisbasis (jeweilige Preise / preisbereinigt);VGRPVU;preisbereinigt, unverkettete Volumenang.(Mrd. EUR);WZ08G3;WZ2008: Wirtschaftsbereiche der VGR;WZ08-M-02;Unternehmensdienstleister;710,125;jew. ME;PRO013;Produktionswert
81000;Volkswirtschaftliche Gesamtrechnungen des Bundes;JAHR;Jahr;2021;DINSG;Deutschland insgesamt;DG;Deutschland;VGRPB5;Preisbasis (jeweilige Preise / preisbereinigt);VGRPVK;preisbereinigt, verkettete Volumenang. (Mrd. EUR);WZ08G3;WZ2008: Wirtschaftsbereiche der VGR;WZ08-021;Forstwirtschaft;4,311;jew. ME;PRO013;Produktionswert
81000;Volkswirtschaftliche Gesamtrechnungen des Bundes;JAHR;Jahr;2021;DINSG;Deutschland insgesamt;DG;Deutschland;VGRPB5;Preisbasis (jeweilige Preise / preisbereinigt);VGRJPM;in jeweiligen Preisen (Mrd. EUR);WZ08G3;WZ2008: Wirtschaftsbereiche der VGR;WZ08-01;Landwirtschaft, Jagd und verbundene Tätigkeiten;59,327;jew. ME;PRO013;Produktionswert
81000;Volkswirtschaftliche Gesamtrechnungen des Bundes;JAHR;Jahr;2024;DINSG;Deutschland insgesamt;DG;Deutschland;VGRPB5;Preisbasis (jeweilige Preise / preisbereinigt);VGRJPM;in jeweiligen Preisen (Mrd. EUR);WZ08G3;WZ2008: Wirtschaftsbereiche der VGR;WZ08-19;Kokerei und Mineralölverarbeitung;94,651;jew. ME;PRO013;Produktionswert
81000;Volkswirtschaftliche Gesamtrechnungen des Bundes;JAHR;Jahr;2022;DINSG;Deutschland insgesamt;DG;Deutschland;VGRPB5;Preisbasis (jeweilige Preise / preisbereinigt);VGRPVU;preisbereinigt, unverkettete Volumenang.(Mrd. EUR);WZ08G3;WZ2008: Wirtschaftsbereiche der VGR;WZ08-96;Sonstige überwiegend persönliche Dienstleistungen;61,139;jew. ME;PRO013;Produktionswert
81000;Volkswirtschaftliche Gesamtrechnungen des Bundes;JAHR;Jahr;2023;DINSG;Deutschland insgesamt;DG;Deutschland;VGRPB5;Preisbasis (jeweilige Preise / preisbereinigt);VGRJPM;in jeweiligen Preisen (Mrd. EUR);WZ08G3;WZ2008: Wirtschaftsbereiche der VGR;WZ08-24-01;Metallgewerbe;303,015;jew. ME;PRO013;Produktionswert
81000;Volkswirtschaftliche Gesamtrechnungen des Bundes;JAHR;Jahr;2024;DINSG;Deutschland insgesamt;DG;Deutschland;VGRPB5;Preisbasis (jeweilige Preise / preisbereinigt);VGRPVU;preisbereinigt, unverkettete Volumenang.(Mrd. EUR);WZ08G3;WZ2008: Wirtschaftsbereiche der VGR;WZ08-73;Werbung und Marktforschung;35,297;jew. ME;PRO013;Produktionswert
81000;Volkswirtschaftliche Gesamtrechnungen des Bundes;JAHR;Jahr;2024;DINSG;Deutschland insgesamt;DG;Deutschland;VGRPB5;Preisbasis (jeweilige Preise / preisbereinigt);VGRJPM;in jeweiligen Preisen (Mrd. EUR);WZ08G3;WZ2008: Wirtschaftsbereiche der VGR;WZ08-72;Forschung und Entwicklung;55,665;jew. ME;PRO013;Produktionswert
81000;Volkswirtschaftliche Gesamtrechnungen des Bundes;JAHR;Jahr;2025;DINSG;Deutschland insgesamt;DG;Deutschland;VGRPB5;Preisbasis (jeweilige Preise / preisbereinigt);VGRPVU;preisbereinigt, unverkettete Volumenang.(Mrd. EUR);WZ08G3;WZ2008: Wirtschaftsbereiche der VGR;WZ08-31-01;Möbelherstellung, Installation von Maschinen;...;jew. ME;PRO013;Produktionswert
81000;Volkswirtschaftliche Gesamtrechnungen des Bundes;JAHR;Jahr;2022;DINSG;Deutschland insgesamt;DG;Deutschland;VGRPB5;Preisbasis (jeweilige Preise / preisbereinigt);VGRJPM;in jeweiligen Preisen (Mrd. EUR);WZ08G3;WZ2008: Wirtschaftsbereiche der VGR;WZ08-95;Reparatur von DV-Geräten und Gebrauchsgütern;2,974;jew. ME;PRO013;Produktionswert
81000;Volkswirtschaftliche Gesamtrechnungen des Bundes;JAHR;Jahr;2025;DINSG;Deutschland insgesamt;DG;Deutschland;VGRPB5;Preisbasis (jeweilige Preise / preisbereinigt);VGRJPM;in jeweiligen Preisen (Mrd. EUR);WZ08G3;WZ2008: Wirtschaftsbereiche der VGR;WZ08-S;Erbringung von sonstigen Dienstleistungen;134,058;jew. ME;PRO013;Produktionswert
81000;Volkswirtschaftliche Gesamtrechnungen des Bundes;JAHR;Jahr;2024;DINSG;Deutschland insgesamt;DG;Deutschland;VGRPB5;Preisbasis (jeweilige Preise / preisbereinigt);VGRPVK;preisbereinigt, verkettete Volumenang. (Mrd. EUR);WZ08G3;WZ2008: Wirtschaftsbereiche der VGR;WZ08-49;Landverkehr und Transport in Rohrfernleitungen;133,132;jew. ME;PRO013;Produktionswert
81000;Volkswirtschaftliche Gesamtrechnungen des Bundes;JAHR;Jahr;2024;DINSG;Deutschland insgesamt;DG;Deutschland;VGRPB5;Preisbasis (jeweilige Preise / preisbereinigt);VGRPKM;preisbereinigt, Kettenindex (2020=100);WZ08G3;WZ2008: Wirtschaftsbereiche der VGR;WZ08-77;Vermietung von beweglichen Sachen;118,820;jew. ME;PRO013;Produktionswert
81000;Volkswirtschaftliche Gesamtrechnungen des Bundes;JAHR;Jahr;2022;DINSG;Deutschland insgesamt;DG;Deutschland;VGRPB5;Preisbasis (jeweilige Preise / preisbereinigt);VGRPVU;preisbereinigt, unverkettete Volumenang.(Mrd. EUR);WZ08G3;WZ2008: Wirtschaftsbereiche der VGR;WZ08-R-02;Sonstige Dienstleister;187,879;jew. ME;PRO013;Produktionswert
81000;Volkswirtschaftliche Gesamtrechnungen des Bundes;JAHR;Jahr;2021;DINSG;Deutschland insgesamt;DG;Deutschland;VGRPB5;Preisbasis (jeweilige Preise / preisbereinigt);VGRJPM;in jeweiligen Preisen (Mrd. EUR);WZ08G3;WZ2008: Wirtschaftsbereiche der VGR;WZ08-58;Verlagswesen;28,339;jew. ME;PRO013;Produktionswert
81000;Volkswirtschaftliche Gesamtrechnungen des Bundes;JAHR;Jahr;2023;DINSG;Deutschland insgesamt;DG;Deutschland;VGRPB5;Preisbasis (jeweilige Preise / preisbereinigt);VGRPVK;preisbereinigt, verkettete Volumenang. (Mrd. EUR);WZ08G3;WZ2008: Wirtschaftsbereiche der VGR;WZ08-21;Herstellung von pharmazeutischen Erzeugnissen;57,051;jew. ME;PRO013;Produktionswert
81000;Volkswirtschaftliche Gesamtrechnungen des Bundes;JAHR;Jahr;2023;DINSG;Deutschland insgesamt;DG;Deutschland;VGRPB5;Preisbasis (jeweilige Preise / preisbereinigt);VGRPVK;preisbereinigt, verkettete Volumenang. (Mrd. EUR);WZ08G3;WZ2008: Wirtschaftsbereiche der VGR;WZ08-E;Wasserversorg.,Entsorg.,Beseitig.v.Umweltverschm.;74,142;jew. ME;PRO013;Produktionswert
81000;Volkswirtschaftliche Gesamtrechnungen des Bundes;JAHR;Jahr;2023;DINSG;Deutschland insgesamt;DG;Deutschland;VGRPB5;Preisbasis (jeweilige Preise / preisbereinigt);VGRPKM;preisbereinigt, Kettenindex (2020=100);WZ08G3;WZ2008: Wirtschaftsbereiche der VGR;WZ08-031;Fischerei;85,490;jew. ME;PRO013;Produktionswert
81000;Volkswirtschaftliche Gesamtrechnungen des Bundes;JAHR;Jahr;2021;DINSG;Deutschland insgesamt;DG;Deutschland;VGRPB5;Preisbasis (jeweilige Preise / preisbereinigt);VGRPVU;preisbereinigt, unverkettete Volumenang.(Mrd. EUR);WZ08G3;WZ2008: Wirtschaftsbereiche der VGR;WZ08-H;Verkehr und Lagerei;372,474;jew. ME;PRO013;Produktionswert
81000;Volkswirtschaftliche Gesamtrechnungen des Bundes;JAHR;Jahr;2025;DINSG;Deutschland insgesamt;DG;Deutschland;VGRPB5;Preisbasis (jeweilige Preise / preisbereinigt);VGRJPM;in jeweiligen Preisen (Mrd. EUR);WZ08G3;WZ2008: Wirtschaftsbereiche der VGR;WZ08-B;Bergbau und Gewinnung von Steinen und Erden;12,731;jew. ME;PRO013;Produktionswert
81000;Volkswirtschaftliche Gesamtrechnungen des Bundes;JAHR;Jahr;2022;DINSG;Deutschland insgesamt;DG;Deutschland;VGRPB5;Preisbasis (jeweilige Preise / preisbereinigt);VGRJPM;in jeweiligen Preisen (Mrd. EUR);WZ08G3;WZ2008: Wirtschaftsbereiche der VGR;WZ08-G;Handel, Instandhaltung und Reparatur von Kfz;734,498;jew. ME;PRO013;Produktionswert
81000;Volkswirtschaftliche Gesamtrechnungen des Bundes;JAHR;Jahr;2024;DINSG;Deutschland insgesamt;DG;Deutschland;VGRPB5;Preisbasis (jeweilige Preise / preisbereinigt);VGRPVK;preisbereinigt, verkettete Volumenang. (Mrd. EUR);WZ08G3;WZ2008: Wirtschaftsbereiche der VGR;WZ08-69-01;Unternehmensnahe Beratungsleistungen;383,421;jew. ME;PRO013;Produktionswert
81000;Volkswirtschaftliche Gesamtrechnungen des Bundes;JAHR;Jahr;2022;DINSG;Deutschland insgesamt;DG;Deutschland;VGRPB5;Preisbasis (jeweilige Preise / preisbereinigt);VGRPVU;preisbereinigt, unverkettete Volumenang.(Mrd. EUR);WZ08G3;WZ2008: Wirtschaftsbereiche der VGR;WZ08-61;Telekommunikation;71,407;jew. ME;PRO013;Produktionswert
81000;Volkswirtschaftliche Gesamtrechnungen des Bundes;JAHR;Jahr;2023;DINSG;Deutschland insgesamt;DG;Deutschland;VGRPB5;Preisbasis (jeweilige Preise / preisbereinigt);VGRPVU;preisbereinigt, unverkettete Volumenang.(Mrd. EUR);WZ08G3;WZ2008: Wirtschaftsbereiche der VGR;WZ08-23;H.v.Glas,-waren,Keramik,Verarb. v.Steinen u.Erden;52,219;jew. ME;PRO013;Produktionswert
81000;Volkswirtschaftliche Gesamtrechnungen des Bundes;JAHR;Jahr;2024;DINSG;Deutschland insgesamt;DG;Deutschland;VGRPB5;Preisbasis (jeweilige Preise / preisbereinigt);VGRPVU;preisbereinigt, unverkettete Volumenang.(Mrd. EUR);WZ08G3;WZ2008: Wirtschaftsbereiche der VGR;WZ08-B-05;Produzierendes Gewerbe;3148,102;jew. ME;PRO013;Produktionswert
81000;Volkswirtschaftliche Gesamtrechnungen des Bundes;JAHR;Jahr;2025;DINSG;Deutschland insgesamt;DG;Deutschland;VGRPB5;Preisbasis (jeweilige Preise / preisbereinigt);VGRPVU;preisbereinigt, unverkettete Volumenang.(Mrd. EUR);WZ08G3;WZ2008: Wirtschaftsbereiche der VGR;WZ08-L;Grundstücks- und Wohnungswesen;592,454;jew. ME;PRO013;Produktionswert
81000;Volkswirtschaftliche Gesamtrechnungen des Bundes;JAHR;Jahr;2021;DINSG;Deutschland insgesamt;DG;Deutschland;VGRPB5;Preisbasis (jeweilige Preise / preisbereinigt);VGRPKM;preisbereinigt, Kettenindex (2020=100);WZ08G3;WZ2008: Wirtschaftsbereiche der VGR;WZ08-61;Telekommunikation;93,610;jew. ME;PRO013;Produktionswert
81000;Volkswirtschaftliche Gesamtrechnungen des Bundes;JAHR;Jahr;2023;DINSG;Deutschland insgesamt;DG;Deutschland;VGRPB5;Preisbasis (jeweilige Preise / preisbereinigt);VGRPVU;preisbereinigt, unverkettete Volumenang.(Mrd. EUR);WZ08G3;WZ2008: Wirtschaftsbereiche der VGR;WZ08-58;Verlagswesen;26,554;jew. ME;PRO013;Produktionswert
81000;Volkswirtschaftliche Gesamtrechnungen des Bundes;JAHR;Jahr;2024;DINSG;Deutschland insgesamt;DG;Deutschland;VGRPB5;Preisbasis (jeweilige Preise / preisbereinigt);VGRPKM;preisbereinigt, Kettenindex (2020=100);WZ08G3;WZ2008: Wirtschaftsbereiche der VGR;WZ08-42;Tiefbau;89,300;jew. ME;PRO013;Produktionswert
81000;Volkswirtschaftliche Gesamtrechnungen des Bundes;JAHR;Jahr;2022;DINSG;Deutschland insgesamt;DG;Deutschland;VGRPB5;Preisbasis (jeweilige Preise / preisbereinigt);VGRPVK;preisbereinigt, verkettete Volumenang. (Mrd. EUR);WZ08G3;WZ2008: Wirtschaftsbereiche der VGR;WZ08-94;Interessenvertr., kirchl. u. sonst. Vereinigungen;44,125;jew. ME;PRO013;Produktionswert
81000;Volkswirtschaftliche Gesamtrechnungen des Bundes;JAHR;Jahr;2021;DINSG;Deutschland insgesamt;DG;Deutschland;VGRPB5;Preisbasis (jeweilige Preise / preisbereinigt);VGRJPM;in jeweiligen Preisen (Mrd. EUR);WZ08G3;WZ2008: Wirtschaftsbereiche der VGR;WZ08-23;H.v.Glas,-waren,Keramik,Verarb. v.Steinen u.Erden;52,971;jew. ME;PRO013;Produktionswert
81000;Volkswirtschaftliche Gesamtrechnungen des Bundes;JAHR;Jahr;2024;DINSG;Deutschland insgesamt;DG;Deutschland;VGRPB5;Preisbasis (jeweilige Preise / preisbereinigt);VGRJPM;in jeweiligen Preisen (Mrd. EUR);WZ08G3;WZ2008: Wirtschaftsbereiche der VGR;WZ08-58-01;Verlagswesen, audiovisuelle Medien und Rundfunk;69,387;jew. ME;PRO013;Produktionswert
81000;Volkswirtschaftliche Gesamtrechnungen des Bundes;JAHR;Jahr;2021;DINSG;Deutschland insgesamt;DG;Deutschland;VGRPB5;Preisbasis (jeweilige Preise / preisbereinigt);VGRPKM;preisbereinigt, Kettenindex (2020=100);WZ08G3;WZ2008: Wirtschaftsbereiche der VGR;WZ08-C;Verarbeitendes Gewerbe;105,660;jew. ME;PRO013;Produktionswert
81000;Volkswirtschaftliche Gesamtrechnungen des Bundes;JAHR;Jahr;2025;DINSG;Deutschland insgesamt;DG;Deutschland;VGRPB5;Preisbasis (jeweilige Preise / preisbereinigt);VGRPKM;preisbereinigt, Kettenindex (2020=100);WZ08G3;WZ2008: Wirtschaftsbereiche der VGR;WZ08-G;Handel, Instandhaltung und Reparatur von Kfz;101,440;jew. ME;PRO013;Produktionswert
81000;Volkswirtschaftliche Gesamtrechnungen des Bundes;JAHR;Jahr;2022;DINSG;Deutschland insgesamt;DG;Deutschland;VGRPB5;Preisbasis (jeweilige Preise / preisbereinigt);VGRPVU;preisbereinigt, unverkettete Volumenang.(Mrd. EUR);WZ08G3;WZ2008: Wirtschaftsbereiche der VGR;WZ08-30;Sonstiger Fahrzeugbau;51,980;jew. ME;PRO013;Produktionswert
81000;Volkswirtschaftliche Gesamtrechnungen des Bundes;JAHR;Jahr;2024;DINSG;Deutschland insgesamt;DG;Deutschland;VGRPB5;Preisbasis (jeweilige Preise / preisbereinigt);VGRPVU;preisbereinigt, unverkettete Volumenang.(Mrd. EUR);WZ08G3;WZ2008: Wirtschaftsbereiche der VGR;WZ08-51;Luftfahrt;45,173;jew. ME;PRO013;Produktionswert
81000;Volkswirtschaftliche Gesamtrechnungen des Bundes;JAHR;Jahr;2025;DINSG;Deutschland insgesamt;DG;Deutschland;VGRPB5;Preisbasis (jeweilige Preise / preisbereinigt);VGRPVK;preisbereinigt, verkettete Volumenang. (Mrd. EUR);WZ08G3;WZ2008: Wirtschaftsbereiche der VGR;WZ08-66;Mit Finanz- u. Versicherungsdienstl. verb. Tätigk.;...;jew. ME;PRO013;Produktionswert
81000;Volkswirtschaftliche Gesamtrechnungen des Bundes;JAHR;Jahr;2023;DINSG;Deutschland insgesamt;DG;Deutschland;VGRPB5;Preisbasis (jeweilige Preise / preisbereinigt);VGRPVK;preisbereinigt, verkettete Volumenang. (Mrd. EUR);WZ08G3;WZ2008: Wirtschaftsbereiche der VGR;WZ08-O-03;Öffentliche Dienstleister, Erziehung, Gesundheit;975,588;jew. ME;PRO013;Produktionswert
81000;Volkswirtschaftliche Gesamtrechnungen des Bundes;JAHR;Jahr;2022;DINSG;Deutschland insgesamt;DG;Deutschland;VGRPB5;Preisbasis (jeweilige Preise / preisbereinigt);VGRPKM;preisbereinigt, Kettenindex (2020=100);WZ08G3;WZ2008: Wirtschaftsbereiche der VGR;WZ08-78;Vermittlung und Überlassung von Arbeitskräften;124,420;jew. ME;PRO013;Produktionswert
81000;Volkswirtschaftliche Gesamtrechnungen des Bundes;JAHR;Jahr;2023;DINSG;Deutschland insgesamt;DG;Deutschland;VGRPB5;Preisbasis (jeweilige Preise / preisbereinigt);VGRJPM;in jeweiligen Preisen (Mrd. EUR);WZ08G3;WZ2008: Wirtschaftsbereiche der VGR;WZ08-R;Kunst, Unterhaltung und Erholung;79,537;jew. ME;PRO013;Produktionswert
81000;Volkswirtschaftliche Gesamtrechnungen des Bundes;JAHR;Jahr;2021;DINSG;Deutschland insgesamt;DG;Deutschland;VGRPB5;Preisbasis (jeweilige Preise / preisbereinigt);VGRPVK;preisbereinigt, verkettete Volumenang. (Mrd. EUR);WZ08G3;WZ2008: Wirtschaftsbereiche der VGR;WZ08-66;Mit Finanz- u. Versicherungsdienstl. verb. Tätigk.;45,264;jew. ME;PRO013;Produktionswert
81000;Volkswirtschaftliche Gesamtrechnungen des Bundes;JAHR;Jahr;2022;DINSG;Deutschland insgesamt;DG;Deutschland;VGRPB5;Preisbasis (jeweilige Preise / preisbereinigt);VGRPVK;preisbereinigt, verkettete Volumenang. (Mrd. EUR);WZ08G3;WZ2008: Wirtschaftsbereiche der VGR;WZ08-M;Freiberufliche, wiss. u. techn. Dienstleistungen;468,929;jew. ME;PRO013;Produktionswert
81000;Volkswirtschaftliche Gesamtrechnungen des Bundes;JAHR;Jahr;2025;DINSG;Deutschland insgesamt;DG;Deutschland;VGRPB5;Preisbasis (jeweilige Preise / preisbereinigt);VGRPVK;preisbereinigt, verkettete Volumenang. (Mrd. EUR);WZ08G3;WZ2008: Wirtschaftsbereiche der VGR;WZ08-H;Verkehr und Lagerei;429,375;jew. ME;PRO013;Produktionswert
81000;Volkswirtschaftliche Gesamtrechnungen des Bundes;JAHR;Jahr;2023;DINSG;Deutschland insgesamt;DG;Deutschland;VGRPB5;Preisbasis (jeweilige Preise / preisbereinigt);VGRPVK;preisbereinigt, verkettete Volumenang. (Mrd. EUR);WZ08G3;WZ2008: Wirtschaftsbereiche der VGR;WZ08-59-01;Audiovisuelle Medien und Rundfunk;35,925;jew. ME;PRO013;Produktionswert
81000;Volkswirtschaftliche Gesamtrechnungen des Bundes;JAHR;Jahr;2023;DINSG;Deutschland insgesamt;DG;Deutschland;VGRPB5;Preisbasis (jeweilige Preise / preisbereinigt);VGRPVU;preisbereinigt, unverkettete Volumenang.(Mrd. EUR);WZ08G3;WZ2008: Wirtschaftsbereiche der VGR;WZ08-49;Landverkehr und Transport in Rohrfernleitungen;130,862;jew. ME;PRO013;Produktionswert
81000;Volkswirtschaftliche Gesamtrechnungen des Bundes;JAHR;Jahr;2021;DINSG;Deutschland insgesamt;DG;Deutschland;VGRPB5;Preisbasis (jeweilige Preise / preisbereinigt);VGRPVK;preisbereinigt, verkettete Volumenang. (Mrd. EUR);WZ08G3;WZ2008: Wirtschaftsbereiche der VGR;WZ08-D;Energieversorgung;128,820;jew. ME;PRO013;Produktionswert
81000;Volkswirtschaftliche Gesamtrechnungen des Bundes;JAHR;Jahr;2022;DINSG;Deutschland insgesamt;DG;Deutschland;VGRPB5;Preisbasis (jeweilige Preise / preisbereinigt);VGRJPM;in jeweiligen Preisen (Mrd. EUR);WZ08G3;WZ2008: Wirtschaftsbereiche der VGR;WZ08-31-01;Möbelherstellung, Installation von Maschinen;122,192;jew. ME;PRO013;Produktionswert
81000;Volkswirtschaftliche Gesamtrechnungen des Bundes;JAHR;Jahr;2024;DINSG;Deutschland insgesamt;DG;Deutschland;VGRPB5;Preisbasis (jeweilige Preise / preisbereinigt);VGRPVU;preisbereinigt, unverkettete Volumenang.(Mrd. EUR);WZ08G3;WZ2008: Wirtschaftsbereiche der VGR;WZ08-C;Verarbeitendes Gewerbe;2329,387;jew. ME;PRO013;Produktionswert
81000;Volkswirtschaftliche Gesamtrechnungen des Bundes;JAHR;Jahr;2023;DINSG;Deutschland insgesamt;DG;Deutschland;VGRPB5;Preisbasis (jeweilige Preise / preisbereinigt);VGRPKM;preisbereinigt, Kettenindex (2020=100);WZ08G3;WZ2008: Wirtschaftsbereiche der VGR;WZ08-90-01;Kunst und Kultur, Glücksspiel;122,600;jew. ME;PRO013;Produktionswert
81000;Volkswirtschaftliche Gesamtrechnungen des Bundes;JAHR;Jahr;2023;DINSG;Deutschland insgesamt;DG;Deutschland;VGRPB5;Preisbasis (jeweilige Preise / preisbereinigt);VGRPVU;preisbereinigt, unverkettete Volumenang.(Mrd. EUR);WZ08G3;WZ2008: Wirtschaftsbereiche der VGR;WZ08-K;Erbringung v. Finanz- u. Versicherungsdienstleist.;309,478;jew. ME;PRO013;Produktionswert
81000;Volkswirtschaftliche Gesamtrechnungen des Bundes;JAHR;Jahr;2023;DINSG;Deutschland insgesamt;DG;Deutschland;VGRPB5;Preisbasis (jeweilige Preise / preisbereinigt);VGRJPM;in jeweiligen Preisen (Mrd. EUR);WZ08G3;WZ2008: Wirtschaftsbereiche der VGR;WZ08-A;Land- und Forstwirtschaft, Fischerei;82,550;jew. ME;PRO013;Produktionswert
81000;Volkswirtschaftliche Gesamtrechnungen des Bundes;JAHR;Jahr;2022;DINSG;Deutschland insgesamt;DG;Deutschland;VGRPB5;Preisbasis (jeweilige Preise / preisbereinigt);VGRPVU;preisbereinigt, unverkettete Volumenang.(Mrd. EUR);WZ08G3;WZ2008: Wirtschaftsbereiche der VGR;WZ08-O-03;Öffentliche Dienstleister, Erziehung, Gesundheit;1014,447;jew. ME;PRO013;Produktionswert
81000;Volkswirtschaftliche Gesamtrechnungen des Bundes;JAHR;Jahr;2024;DINSG;Deutschland insgesamt;DG;Deutschland;VGRPB5;Preisbasis (jeweilige Preise / preisbereinigt);VGRPVU;preisbereinigt, unverkettete Volumenang.(Mrd. EUR);WZ08G3;WZ2008: Wirtschaftsbereiche der VGR;WZ08-T;Private Haushalte;9,428;jew. ME;PRO013;Produktionswert
81000;Volkswirtschaftliche Gesamtrechnungen des Bundes;JAHR;Jahr;2025;DINSG;Deutschland insgesamt;DG;Deutschland;VGRPB5;Preisbasis (jeweilige Preise / preisbereinigt);VGRJPM;in jeweiligen Preisen (Mrd. EUR);WZ08G3;WZ2008: Wirtschaftsbereiche der VGR;WZ08-45;Kfz-Handel, Instandhaltung und Reparatur von Kfz;...;jew. ME;PRO013;Produktionswert
81000;Volkswirtschaftliche Gesamtrechnungen des Bundes;JAHR;Jahr;2022;DINSG;Deutschland insgesamt;DG;Deutschland;VGRPB5;Preisbasis (jeweilige Preise / preisbereinigt);VGRJPM;in jeweiligen Preisen (Mrd. EUR);WZ08G3;WZ2008: Wirtschaftsbereiche der VGR;WZ08-A-02;Alle Wirtschaftsbereiche;7834,296;jew. ME;PRO013;Produktionswert
81000;Volkswirtschaftliche Gesamtrechnungen des Bundes;JAHR;Jahr;2024;DINSG;Deutschland insgesamt;DG;Deutschland;VGRPB5;Preisbasis (jeweilige Preise / preisbereinigt);VGRPVK;preisbereinigt, verkettete Volumenang. (Mrd. EUR);WZ08G3;WZ2008: Wirtschaftsbereiche der VGR;WZ08-P;Erziehung und Unterricht;225,658;jew. ME;PRO013;Produktionswert
81000;Volkswirtschaftliche Gesamtrechnungen des Bundes;JAHR;Jahr;2024;DINSG;Deutschland insgesamt;DG;Deutschland;VGRPB5;Preisbasis (jeweilige Preise / preisbereinigt);VGRJPM;in jeweiligen Preisen (Mrd. EUR);WZ08G3;WZ2008: Wirtschaftsbereiche der VGR;WZ08-J;Information und Kommunikation;413,248;jew. ME;PRO013;Produktionswert
81000;Volkswirtschaftliche Gesamtrechnungen des Bundes;JAHR;Jahr;2021;DINSG;Deutschland insgesamt;DG;Deutschland;VGRPB5;Preisbasis (jeweilige Preise / preisbereinigt);VGRJPM;in jeweiligen Preisen (Mrd. EUR);WZ08G3;WZ2008: Wirtschaftsbereiche der VGR;WZ08-O;Öff. Verwaltung, Verteidigung, Sozialversicherung;344,501;jew. ME;PRO013;Produktionswert
81000;Volkswirtschaftliche Gesamtrechnungen des Bundes;JAHR;Jahr;2023;DINSG;Deutschland insgesamt;DG;Deutschland;VGRPB5;Preisbasis (jeweilige Preise / preisbereinigt);VGRJPM;in jeweiligen Preisen (Mrd. EUR);WZ08G3;WZ2008: Wirtschaftsbereiche der VGR;WZ08-66;Mit Finanz- u. Versicherungsdienstl. verb. Tätigk.;52,888;jew. ME;PRO013;Produktionswert
81000;Volkswirtschaftliche Gesamtrechnungen des Bundes;JAHR;Jahr;2024;DINSG;Deutschland insgesamt;DG;Deutschland;VGRPB5;Preisbasis (jeweilige Preise / preisbereinigt);VGRPVK;preisbereinigt, verkettete Volumenang. (Mrd. EUR);WZ08G3;WZ2008: Wirtschaftsbereiche der VGR;WZ08-87-01;Heime und Sozialwesen;149,511;jew. ME;PRO013;Produktionswert
81000;Volkswirtschaftliche Gesamtrechnungen des Bundes;JAHR;Jahr;2024;DINSG;Deutschland insgesamt;DG;Deutschland;VGRPB5;Preisbasis (jeweilige Preise / preisbereinigt);VGRJPM;in jeweiligen Preisen (Mrd. EUR);WZ08G3;WZ2008: Wirtschaftsbereiche der VGR;WZ08-28;Maschinenbau;315,689;jew. ME;PRO013;Produktionswert
81000;Volkswirtschaftliche Gesamtrechnungen des Bundes;JAHR;Jahr;2024;DINSG;Deutschland insgesamt;DG;Deutschland;VGRPB5;Preisbasis (jeweilige Preise / preisbereinigt);VGRPVK;preisbereinigt, verkettete Volumenang. (Mrd. EUR);WZ08G3;WZ2008: Wirtschaftsbereiche der VGR;WZ08-93;Dienstleistungen d.Sports,d.Unterhaltg.u.Erholung;36,468;jew. ME;PRO013;Produktionswert
81000;Volkswirtschaftliche Gesamtrechnungen des Bundes;JAHR;Jahr;2024;DINSG;Deutschland insgesamt;DG;Deutschland;VGRPB5;Preisbasis (jeweilige Preise / preisbereinigt);VGRPVU;preisbereinigt, unverkettete Volumenang.(Mrd. EUR);WZ08G3;WZ2008: Wirtschaftsbereiche der VGR;WZ08-13-01;Textil- und Bekleidungsgewerbe;30,646;jew. ME;PRO013;Produktionswert
81000;Volkswirtschaftliche Gesamtrechnungen des Bundes;JAHR;Jahr;2021;DINSG;Deutschland insgesamt;DG;Deutschland;VGRPB5;Preisbasis (jeweilige Preise / preisbereinigt);VGRPKM;preisbereinigt, Kettenindex (2020=100);WZ08G3;WZ2008: Wirtschaftsbereiche der VGR;WZ08-69-01;Unternehmensnahe Beratungsleistungen;107,650;jew. ME;PRO013;Produktionswert
81000;Volkswirtschaftliche Gesamtrechnungen des Bundes;JAHR;Jahr;2022;DINSG;Deutschland insgesamt;DG;Deutschland;VGRPB5;Preisbasis (jeweilige Preise / preisbereinigt);VGRPKM;preisbereinigt, Kettenindex (2020=100);WZ08G3;WZ2008: Wirtschaftsbereiche der VGR;WZ08-43;Vorb.Baustellenarbeiten, Bauinstall., sonst.Ausbau;93,360;jew. ME;PRO013;Produktionswert
81000;Volkswirtschaftliche Gesamtrechnungen des Bundes;JAHR;Jahr;2021;DINSG;Deutschland insgesamt;DG;Deutschland;VGRPB5;Preisbasis (jeweilige Preise / preisbereinigt);VGRJPM;in jeweiligen Preisen (Mrd. EUR);WZ08G3;WZ2008: Wirtschaftsbereiche der VGR;WZ08-45;Kfz-Handel, Instandhaltung und Reparatur von Kfz;90,039;jew. ME;PRO013;Produktionswert
81000;Volkswirtschaftliche Gesamtrechnungen des Bundes;JAHR;Jahr;2023;DINSG;Deutschland insgesamt;DG;Deutschland;VGRPB5;Preisbasis (jeweilige Preise / preisbereinigt);VGRPVK;preisbereinigt, verkettete Volumenang. (Mrd. EUR);WZ08G3;WZ2008: Wirtschaftsbereiche der VGR;WZ08-30;Sonstiger Fahrzeugbau;54,173;jew. ME;PRO013;Produktionswert
81000;Volkswirtschaftliche Gesamtrechnungen des Bundes;JAHR;Jahr;2021;DINSG;Deutschland insgesamt;DG;Deutschland;VGRPB5;Preisbasis (jeweilige Preise / preisbereinigt);VGRJPM;in jeweiligen Preisen (Mrd. EUR);WZ08G3;WZ2008: Wirtschaftsbereiche der VGR;WZ08-80-01;Unternehmensdienstleister a.n.g.;148,160;jew. ME;PRO013;Produktionswert
81000;Volkswirtschaftliche Gesamtrechnungen des Bundes;JAHR;Jahr;2022;DINSG;Deutschland insgesamt;DG;Deutschland;VGRPB5;Preisbasis (jeweilige Preise / preisbereinigt);VGRPVU;preisbereinigt, unverkettete Volumenang.(Mrd. EUR);WZ08G3;WZ2008: Wirtschaftsbereiche der VGR;WZ08-52;Lagerei, sonstige Dienstleistungen für den Verkehr;172,285;jew. ME;PRO013;Produktionswert
81000;Volkswirtschaftliche Gesamtrechnungen des Bundes;JAHR;Jahr;2025;DINSG;Deutschland insgesamt;DG;Deutschland;VGRPB5;Preisbasis (jeweilige Preise / preisbereinigt);VGRPVK;preisbereinigt, verkettete Volumenang. (Mrd. EUR);WZ08G3;WZ2008: Wirtschaftsbereiche der VGR;WZ08-G-04;Dienstleistungsbereiche;4408,383;jew. ME;PRO013;Produktionswert
81000;Volkswirtschaftliche Gesamtrechnungen des Bundes;JAHR;Jahr;2025;DINSG;Deutschland insgesamt;DG;Deutschland;VGRPB5;Preisbasis (jeweilige Preise / preisbereinigt);VGRPKM;preisbereinigt, Kettenindex (2020=100);WZ08G3;WZ2008: Wirtschaftsbereiche der VGR;WZ08-59-01;Audiovisuelle Medien und Rundfunk;...;jew. ME;PRO013;Produktionswert
81000;Volkswirtschaftliche Gesamtrechnungen des Bundes;JAHR;Jahr;2023;DINSG;Deutschland insgesamt;DG;Deutschland;VGRPB5;Preisbasis (jeweilige Preise / preisbereinigt);VGRPKM;preisbereinigt, Kettenindex (2020=100);WZ08G3;WZ2008: Wirtschaftsbereiche der VGR;WZ08-93;Dienstleistungen d.Sports,d.Unterhaltg.u.Erholung;130,700;jew. ME;PRO013;Produktionswert
81000;Volkswirtschaftliche Gesamtrechnungen des Bundes;JAHR;Jahr;2022;DINSG;Deutschland insgesamt;DG;Deutschland;VGRPB5;Preisbasis (jeweilige Preise / preisbereinigt);VGRPVK;preisbereinigt, verkettete Volumenang. (Mrd. EUR);WZ08G3;WZ2008: Wirtschaftsbereiche der VGR;WZ08-28;Maschinenbau;270,620;jew. ME;PRO013;Produktionswert
81000;Volkswirtschaftliche Gesamtrechnungen des Bundes;JAHR;Jahr;2024;DINSG;Deutschland insgesamt;DG;Deutschland;VGRPB5;Preisbasis (jeweilige Preise / preisbereinigt);VGRPKM;preisbereinigt, Kettenindex (2020=100);WZ08G3;WZ2008: Wirtschaftsbereiche der VGR;WZ08-33;Reparatur u.Installation von Masch.u.Ausrüstungen;127,490;jew. ME;PRO013;Produktionswert
81000;Volkswirtschaftliche Gesamtrechnungen des Bundes;JAHR;Jahr;2023;DINSG;Deutschland insgesamt;DG;Deutschland;VGRPB5;Preisbasis (jeweilige Preise / preisbereinigt);VGRPVU;preisbereinigt, unverkettete Volumenang.(Mrd. EUR);WZ08G3;WZ2008: Wirtschaftsbereiche der VGR;WZ08-031;Fischerei;0,638;jew. ME;PRO013;Produktionswert
81000;Volkswirtschaftliche Gesamtrechnungen des Bundes;JAHR;Jahr;2023;DINSG;Deutschland insgesamt;DG;Deutschland;VGRPB5;Preisbasis (jeweilige Preise / preisbereinigt);VGRJPM;in jeweiligen Preisen (Mrd. EUR);WZ08G3;WZ2008: Wirtschaftsbereiche der VGR;WZ08-79;Reisebüros, -veranstalter u. sonst. Reservierungen;34,500;jew. ME;PRO013;Produktionswert
81000;Volkswirtschaftliche Gesamtrechnungen des Bundes;JAHR;Jahr;2023;DINSG;Deutschland insgesamt;DG;Deutschland;VGRPB5;Preisbasis (jeweilige Preise / preisbereinigt);VGRPVK;preisbereinigt, verkettete Volumenang. (Mrd. EUR);WZ08G3;WZ2008: Wirtschaftsbereiche der VGR;WZ08-65;Versicherungen, Rückversicherungen, Pensionskassen;87,163;jew. ME;PRO013;Produktionswert
81000;Volkswirtschaftliche Gesamtrechnungen des Bundes;JAHR;Jahr;2024;DINSG;Deutschland insgesamt;DG;Deutschland;VGRPB5;Preisbasis (jeweilige Preise / preisbereinigt);VGRPVU;preisbereinigt, unverkettete Volumenang.(Mrd. EUR);WZ08G3;WZ2008: Wirtschaftsbereiche der VGR;WZ08-29-01;Fahrzeugbau;512,240;jew. ME;PRO013;Produktionswert
81000;Volkswirtschaftliche Gesamtrechnungen des Bundes;JAHR;Jahr;2022;DINSG;Deutschland insgesamt;DG;Deutschland;VGRPB5;Preisbasis (jeweilige Preise / preisbereinigt);VGRPVU;preisbereinigt, unverkettete Volumenang.(Mrd. EUR);WZ08G3;WZ2008: Wirtschaftsbereiche der VGR;WZ08-B;Bergbau und Gewinnung von Steinen und Erden;10,607;jew. ME;PRO013;Produktionswert
81000;Volkswirtschaftliche Gesamtrechnungen des Bundes;JAHR;Jahr;2025;DINSG;Deutschland insgesamt;DG;Deutschland;VGRPB5;Preisbasis (jeweilige Preise / preisbereinigt);VGRPKM;preisbereinigt, Kettenindex (2020=100);WZ08G3;WZ2008: Wirtschaftsbereiche der VGR;WZ08-17;Herstellung von Papier, Pappe und Waren daraus;...;jew. ME;PRO013;Produktionswert
81000;Volkswirtschaftliche Gesamtrechnungen des Bundes;JAHR;Jahr;2023;DINSG;Deutschland insgesamt;DG;Deutschland;VGRPB5;Preisbasis (jeweilige Preise / preisbereinigt);VGRPKM;preisbereinigt, Kettenindex (2020=100);WZ08G3;WZ2008: Wirtschaftsbereiche der VGR;WZ08-18;H.v. Druckerz., Vervielf.v.Ton-,Bild-,Datenträgern;92,100;jew. ME;PRO013;Produktionswert
81000;Volkswirtschaftliche Gesamtrechnungen des Bundes;JAHR;Jahr;2025;DINSG;Deutschland insgesamt;DG;Deutschland;VGRPB5;Preisbasis (jeweilige Preise / preisbereinigt);VGRPVU;preisbereinigt, unverkettete Volumenang.(Mrd. EUR);WZ08G3;WZ2008: Wirtschaftsbereiche der VGR;WZ08-29-01;Fahrzeugbau;...;jew. ME;PRO013;Produktionswert
81000;Volkswirtschaftliche Gesamtrechnungen des Bundes;JAHR;Jahr;2022;DINSG;Deutschland insgesamt;DG;Deutschland;VGRPB5;Preisbasis (jeweilige Preise / preisbereinigt);VGRPKM;preisbereinigt, Kettenindex (2020=100);WZ08G3;WZ2008: Wirtschaftsbereiche der VGR;WZ08-62-01;IT- und Informationsdienstleister;127,420;jew. ME;PRO013;Produktionswert
81000;Volkswirtschaftliche Gesamtrechnungen des Bundes;JAHR;Jahr;2022;DINSG;Deutschland insgesamt;DG;Deutschland;VGRPB5;Preisbasis (jeweilige Preise / preisbereinigt);VGRPVU;preisbereinigt, unverkettete Volumenang.(Mrd. EUR);WZ08G3;WZ2008: Wirtschaftsbereiche der VGR;WZ08-S;Erbringung von sonstigen Dienstleistungen;108,523;jew. ME;PRO013;Produktionswert
81000;Volkswirtschaftliche Gesamtrechnungen des Bundes;JAHR;Jahr;2024;DINSG;Deutschland insgesamt;DG;Deutschland;VGRPB5;Preisbasis (jeweilige Preise / preisbereinigt);VGRPVU;preisbereinigt, unverkettete Volumenang.(Mrd. EUR);WZ08G3;WZ2008: Wirtschaftsbereiche der VGR;WZ08-86;Gesundheitswesen;310,947;jew. ME;PRO013;Produktionswert
81000;Volkswirtschaftliche Gesamtrechnungen des Bundes;JAHR;Jahr;2021;DINSG;Deutschland insgesamt;DG;Deutschland;VGRPB5;Preisbasis (jeweilige Preise / preisbereinigt);VGRJPM;in jeweiligen Preisen (Mrd. EUR);WZ08G3;WZ2008: Wirtschaftsbereiche der VGR;WZ08-29-01;Fahrzeugbau;415,965;jew. ME;PRO013;Produktionswert
81000;Volkswirtschaftliche Gesamtrechnungen des Bundes;JAHR;Jahr;2022;DINSG;Deutschland insgesamt;DG;Deutschland;VGRPB5;Preisbasis (jeweilige Preise / preisbereinigt);VGRPVK;preisbereinigt, verkettete Volumenang. (Mrd. EUR);WZ08G3;WZ2008: Wirtschaftsbereiche der VGR;WZ08-58-01;Verlagswesen, audiovisuelle Medien und Rundfunk;63,817;jew. ME;PRO013;Produktionswert
81000;Volkswirtschaftliche Gesamtrechnungen des Bundes;JAHR;Jahr;2024;DINSG;Deutschland insgesamt;DG;Deutschland;VGRPB5;Preisbasis (jeweilige Preise / preisbereinigt);VGRPKM;preisbereinigt, Kettenindex (2020=100);WZ08G3;WZ2008: Wirtschaftsbereiche der VGR;WZ08-O;Öff. Verwaltung, Verteidigung, Sozialversicherung;104,320;jew. ME;PRO013;Produktionswert
81000;Volkswirtschaftliche Gesamtrechnungen des Bundes;JAHR;Jahr;2021;DINSG;Deutschland insgesamt;DG;Deutschland;VGRPB5;Preisbasis (jeweilige Preise / preisbereinigt);VGRPKM;preisbereinigt, Kettenindex (2020=100);WZ08G3;WZ2008: Wirtschaftsbereiche der VGR;WZ08-T;Private Haushalte;99,810;jew. ME;PRO013;Produktionswert
81000;Volkswirtschaftliche Gesamtrechnungen des Bundes;JAHR;Jahr;2022;DINSG;Deutschland insgesamt;DG;Deutschland;VGRPB5;Preisbasis (jeweilige Preise / preisbereinigt);VGRPKM;preisbereinigt, Kettenindex (2020=100);WZ08G3;WZ2008: Wirtschaftsbereiche der VGR;WZ08-O-03;Öffentliche Dienstleister, Erziehung, Gesundheit;104,170;jew. ME;PRO013;Produktionswert
81000;Volkswirtschaftliche Gesamtrechnungen des Bundes;JAHR;Jahr;2024;DINSG;Deutschland insgesamt;DG;Deutschland;VGRPB5;Preisbasis (jeweilige Preise / preisbereinigt);VGRPKM;preisbereinigt, Kettenindex (2020=100);WZ08G3;WZ2008: Wirtschaftsbereiche der VGR;WZ08-69-02;Rechts- und Steuerberatung, Unternehmensberatung;132,850;jew. ME;PRO013;Produktionswert
81000;Volkswirtschaftliche Gesamtrechnungen des Bundes;JAHR;Jahr;2022;DINSG;Deutschland insgesamt;DG;Deutschland;VGRPB5;Preisbasis (jeweilige Preise / preisbereinigt);VGRJPM;in jeweiligen Preisen (Mrd. EUR);WZ08G3;WZ2008: Wirtschaftsbereiche der VGR;WZ08-29;Herstellung von Kraftwagen und Kraftwagenteilen;420,924;jew. ME;PRO013;Produktionswert
81000;Volkswirtschaftliche Gesamtrechnungen des Bundes;JAHR;Jahr;2023;DINSG;Deutschland insgesamt;DG;Deutschland;VGRPB5;Preisbasis (jeweilige Preise / preisbereinigt);VGRPKM;preisbereinigt, Kettenindex (2020=100);WZ08G3;WZ2008: Wirtschaftsbereiche der VGR;WZ08-F;Baugewerbe;87,650;jew. ME;PRO013;Produktionswert
81000;Volkswirtschaftliche Gesamtrechnungen des Bundes;JAHR;Jahr;2022;DINSG;Deutschland insgesamt;DG;Deutschland;VGRPB5;Preisbasis (jeweilige Preise / preisbereinigt);VGRPVU;preisbereinigt, unverkettete Volumenang.(Mrd. EUR);WZ08G3;WZ2008: Wirtschaftsbereiche der VGR;WZ08-58-01;Verlagswesen, audiovisuelle Medien und Rundfunk;65,954;jew. ME;PRO013;Produktionswert
81000;Volkswirtschaftliche Gesamtrechnungen des Bundes;JAHR;Jahr;2022;DINSG;Deutschland insgesamt;DG;Deutschland;VGRPB5;Preisbasis (jeweilige Preise / preisbereinigt);VGRPKM;preisbereinigt, Kettenindex (2020=100);WZ08G3;WZ2008: Wirtschaftsbereiche der VGR;WZ08-21;Herstellung von pharmazeutischen Erzeugnissen;107,450;jew. ME;PRO013;Produktionswert
81000;Volkswirtschaftliche Gesamtrechnungen des Bundes;JAHR;Jahr;2024;DINSG;Deutschland insgesamt;DG;Deutschland;VGRPB5;Preisbasis (jeweilige Preise / preisbereinigt);VGRPVK;preisbereinigt, verkettete Volumenang. (Mrd. EUR);WZ08G3;WZ2008: Wirtschaftsbereiche der VGR;WZ08-29-01;Fahrzeugbau;452,522;jew. ME;PRO013;Produktionswert
81000;Volkswirtschaftliche Gesamtrechnungen des Bundes;JAHR;Jahr;2023;DINSG;Deutschland insgesamt;DG;Deutschland;VGRPB5;Preisbasis (jeweilige Preise / preisbereinigt);VGRPKM;preisbereinigt, Kettenindex (2020=100);WZ08G3;WZ2008: Wirtschaftsbereiche der VGR;WZ08-49;Landverkehr und Transport in Rohrfernleitungen;106,000;jew. ME;PRO013;Produktionswert
81000;Volkswirtschaftliche Gesamtrechnungen des Bundes;JAHR;Jahr;2025;DINSG;Deutschland insgesamt;DG;Deutschland;VGRPB5;Preisbasis (jeweilige Preise / preisbereinigt);VGRPVK;preisbereinigt, verkettete Volumenang. (Mrd. EUR);WZ08G3;WZ2008: Wirtschaftsbereiche der VGR;WZ08-37-01;Abwasser-, Abfallentsorgung, Rückgewinnung;...;jew. ME;PRO013;Produktionswert
81000;Volkswirtschaftliche Gesamtrechnungen des Bundes;JAHR;Jahr;2023;DINSG;Deutschland insgesamt;DG;Deutschland;VGRPB5;Preisbasis (jeweilige Preise / preisbereinigt);VGRJPM;in jeweiligen Preisen (Mrd. EUR);WZ08G3;WZ2008: Wirtschaftsbereiche der VGR;WZ08-58-01;Verlagswesen, audiovisuelle Medien und Rundfunk;68,541;jew. ME;PRO013;Produktionswert
81000;Volkswirtschaftliche Gesamtrechnungen des Bundes;JAHR;Jahr;2025;DINSG;Deutschland insgesamt;DG;Deutschland;VGRPB5;Preisbasis (jeweilige Preise / preisbereinigt);VGRJPM;in jeweiligen Preisen (Mrd. EUR);WZ08G3;WZ2008: Wirtschaftsbereiche der VGR;WZ08-36;Wasserversorgung;...;jew. ME;PRO013;Produktionswert
81000;Volkswirtschaftliche Gesamtrechnungen des Bundes;JAHR;Jahr;2023;DINSG;Deutschland insgesamt;DG;Deutschland;VGRPB5;Preisbasis (jeweilige Preise / preisbereinigt);VGRPVK;preisbereinigt, verkettete Volumenang. (Mrd. EUR);WZ08G3;WZ2008: Wirtschaftsbereiche der VGR;WZ08-47;Einzelhandel (ohne Handel mit Kraftfahrzeugen);228,677;jew. ME;PRO013;Produktionswert
81000;Volkswirtschaftliche Gesamtrechnungen des Bundes;JAHR;Jahr;2025;DINSG;Deutschland insgesamt;DG;Deutschland;VGRPB5;Preisbasis (jeweilige Preise / preisbereinigt);VGRPVK;preisbereinigt, verkettete Volumenang. (Mrd. EUR);WZ08G3;WZ2008: Wirtschaftsbereiche der VGR;WZ08-22;Herstellung von Gummi- und Kunststoffwaren;...;jew. ME;PRO013;Produktionswert
81000;Volkswirtschaftliche Gesamtrechnungen des Bundes;JAHR;Jahr;2021;DINSG;Deutschland insgesamt;DG;Deutschland;VGRPB5;Preisbasis (jeweilige Preise / preisbereinigt);VGRPVK;preisbereinigt, verkettete Volumenang. (Mrd. EUR);WZ08G3;WZ2008: Wirtschaftsbereiche der VGR;WZ08-26;H.v. DV-Geräten, elektron. u. opt. Erzeugnissen;100,175;jew. ME;PRO013;Produktionswert
81000;Volkswirtschaftliche Gesamtrechnungen des Bundes;JAHR;Jahr;2021;DINSG;Deutschland insgesamt;DG;Deutschland;VGRPB5;Preisbasis (jeweilige Preise / preisbereinigt);VGRPVU;preisbereinigt, unverkettete Volumenang.(Mrd. EUR);WZ08G3;WZ2008: Wirtschaftsbereiche der VGR;WZ08-22;Herstellung von Gummi- und Kunststoffwaren;87,003;jew. ME;PRO013;Produktionswert
81000;Volkswirtschaftliche Gesamtrechnungen des Bundes;JAHR;Jahr;2024;DINSG;Deutschland insgesamt;DG;Deutschland;VGRPB5;Preisbasis (jeweilige Preise / preisbereinigt);VGRPVU;preisbereinigt, unverkettete Volumenang.(Mrd. EUR);WZ08G3;WZ2008: Wirtschaftsbereiche der VGR;WZ08-80-01;Unternehmensdienstleister a.n.g.;188,788;jew. ME;PRO013;Produktionswert
81000;Volkswirtschaftliche Gesamtrechnungen des Bundes;JAHR;Jahr;2021;DINSG;Deutschland insgesamt;DG;Deutschland;VGRPB5;Preisbasis (jeweilige Preise / preisbereinigt);VGRJPM;in jeweiligen Preisen (Mrd. EUR);WZ08G3;WZ2008: Wirtschaftsbereiche der VGR;WZ08-93;Dienstleistungen d.Sports,d.Unterhaltg.u.Erholung;27,104;jew. ME;PRO013;Produktionswert
81000;Volkswirtschaftliche Gesamtrechnungen des Bundes;JAHR;Jahr;2023;DINSG;Deutschland insgesamt;DG;Deutschland;VGRPB5;Preisbasis (jeweilige Preise / preisbereinigt);VGRPKM;preisbereinigt, Kettenindex (2020=100);WZ08G3;WZ2008: Wirtschaftsbereiche der VGR;WZ08-80-01;Unternehmensdienstleister a.n.g.;126,380;jew. ME;PRO013;Produktionswert
81000;Volkswirtschaftliche Gesamtrechnungen des Bundes;JAHR;Jahr;2022;DINSG;Deutschland insgesamt;DG;Deutschland;VGRPB5;Preisbasis (jeweilige Preise / preisbereinigt);VGRJPM;in jeweiligen Preisen (Mrd. EUR);WZ08G3;WZ2008: Wirtschaftsbereiche der VGR;WZ08-16;H.v. Holz-, Flecht-, Korb-u.Korkwaren (ohne Möbel);37,045;jew. ME;PRO013;Produktionswert
81000;Volkswirtschaftliche Gesamtrechnungen des Bundes;JAHR;Jahr;2024;DINSG;Deutschland insgesamt;DG;Deutschland;VGRPB5;Preisbasis (jeweilige Preise / preisbereinigt);VGRPVK;preisbereinigt, verkettete Volumenang. (Mrd. EUR);WZ08G3;WZ2008: Wirtschaftsbereiche der VGR;WZ08-23;H.v.Glas,-waren,Keramik,Verarb. v.Steinen u.Erden;43,077;jew. ME;PRO013;Produktionswert
81000;Volkswirtschaftliche Gesamtrechnungen des Bundes;JAHR;Jahr;2024;DINSG;Deutschland insgesamt;DG;Deutschland;VGRPB5;Preisbasis (jeweilige Preise / preisbereinigt);VGRPKM;preisbereinigt, Kettenindex (2020=100);WZ08G3;WZ2008: Wirtschaftsbereiche der VGR;WZ08-90-01;Kunst und Kultur, Glücksspiel;126,650;jew. ME;PRO013;Produktionswert
81000;Volkswirtschaftliche Gesamtrechnungen des Bundes;JAHR;Jahr;2021;DINSG;Deutschland insgesamt;DG;Deutschland;VGRPB5;Preisbasis (jeweilige Preise / preisbereinigt);VGRPKM;preisbereinigt, Kettenindex (2020=100);WZ08G3;WZ2008: Wirtschaftsbereiche der VGR;WZ08-17;Herstellung von Papier, Pappe und Waren daraus;106,720;jew. ME;PRO013;Produktionswert
81000;Volkswirtschaftliche Gesamtrechnungen des Bundes;JAHR;Jahr;2023;DINSG;Deutschland insgesamt;DG;Deutschland;VGRPB5;Preisbasis (jeweilige Preise / preisbereinigt);VGRPVK;preisbereinigt, verkettete Volumenang. (Mrd. EUR);WZ08G3;WZ2008: Wirtschaftsbereiche der VGR;WZ08-10-01;Ernährungsgewerbe und Tabakverarbeitung;192,561;jew. ME;PRO013;Produktionswert
81000;Volkswirtschaftliche Gesamtrechnungen des Bundes;JAHR;Jahr;2022;DINSG;Deutschland insgesamt;DG;Deutschland;VGRPB5;Preisbasis (jeweilige Preise / preisbereinigt);VGRPVU;preisbereinigt, unverkettete Volumenang.(Mrd. EUR);WZ08G3;WZ2008: Wirtschaftsbereiche der VGR;WZ08-43;Vorb.Baustellenarbeiten, Bauinstall., sonst.Ausbau;242,476;jew. ME;PRO013;Produktionswert
81000;Volkswirtschaftliche Gesamtrechnungen des Bundes;JAHR;Jahr;2025;DINSG;Deutschland insgesamt;DG;Deutschland;VGRPB5;Preisbasis (jeweilige Preise / preisbereinigt);VGRJPM;in jeweiligen Preisen (Mrd. EUR);WZ08G3;WZ2008: Wirtschaftsbereiche der VGR;WZ08-01;Landwirtschaft, Jagd und verbundene Tätigkeiten;...;jew. ME;PRO013;Produktionswert
81000;Volkswirtschaftliche Gesamtrechnungen des Bundes;JAHR;Jahr;2024;DINSG;Deutschland insgesamt;DG;Deutschland;VGRPB5;Preisbasis (jeweilige Preise / preisbereinigt);VGRPVU;preisbereinigt, unverkettete Volumenang.(Mrd. EUR);WZ08G3;WZ2008: Wirtschaftsbereiche der VGR;WZ08-64;Erbringung von Finanzdienstleistungen;168,624;jew. ME;PRO013;Produktionswert
81000;Volkswirtschaftliche Gesamtrechnungen des Bundes;JAHR;Jahr;2023;DINSG;Deutschland insgesamt;DG;Deutschland;VGRPB5;Preisbasis (jeweilige Preise / preisbereinigt);VGRPVU;preisbereinigt, unverkettete Volumenang.(Mrd. EUR);WZ08G3;WZ2008: Wirtschaftsbereiche der VGR;WZ08-10-01;Ernährungsgewerbe und Tabakverarbeitung;230,388;jew. ME;PRO013;Produktionswert
81000;Volkswirtschaftliche Gesamtrechnungen des Bundes;JAHR;Jahr;2022;DINSG;Deutschland insgesamt;DG;Deutschland;VGRPB5;Preisbasis (jeweilige Preise / preisbereinigt);VGRPVU;preisbereinigt, unverkettete Volumenang.(Mrd. EUR);WZ08G3;WZ2008: Wirtschaftsbereiche der VGR;WZ08-78;Vermittlung und Überlassung von Arbeitskräften;41,954;jew. ME;PRO013;Produktionswert
81000;Volkswirtschaftliche Gesamtrechnungen des Bundes;JAHR;Jahr;2023;DINSG;Deutschland insgesamt;DG;Deutschland;VGRPB5;Preisbasis (jeweilige Preise / preisbereinigt);VGRJPM;in jeweiligen Preisen (Mrd. EUR);WZ08G3;WZ2008: Wirtschaftsbereiche der VGR;WZ08-26;H.v. DV-Geräten, elektron. u. opt. Erzeugnissen;118,371;jew. ME;PRO013;Produktionswert
81000;Volkswirtschaftliche Gesamtrechnungen des Bundes;JAHR;Jahr;2022;DINSG;Deutschland insgesamt;DG;Deutschland;VGRPB5;Preisbasis (jeweilige Preise / preisbereinigt);VGRPKM;preisbereinigt, Kettenindex (2020=100);WZ08G3;WZ2008: Wirtschaftsbereiche der VGR;WZ08-J;Information und Kommunikation;113,250;jew. ME;PRO013;Produktionswert
81000;Volkswirtschaftliche Gesamtrechnungen des Bundes;JAHR;Jahr;2024;DINSG;Deutschland insgesamt;DG;Deutschland;VGRPB5;Preisbasis (jeweilige Preise / preisbereinigt);VGRPKM;preisbereinigt, Kettenindex (2020=100);WZ08G3;WZ2008: Wirtschaftsbereiche der VGR;WZ08-24;Metallerzeugung und -bearbeitung;100,660;jew. ME;PRO013;Produktionswert
81000;Volkswirtschaftliche Gesamtrechnungen des Bundes;JAHR;Jahr;2023;DINSG;Deutschland insgesamt;DG;Deutschland;VGRPB5;Preisbasis (jeweilige Preise / preisbereinigt);VGRPKM;preisbereinigt, Kettenindex (2020=100);WZ08G3;WZ2008: Wirtschaftsbereiche der VGR;WZ08-27;Herstellung von elektrischen Ausrüstungen;113,820;jew. ME;PRO013;Produktionswert
81000;Volkswirtschaftliche Gesamtrechnungen des Bundes;JAHR;Jahr;2025;DINSG;Deutschland insgesamt;DG;Deutschland;VGRPB5;Preisbasis (jeweilige Preise / preisbereinigt);VGRJPM;in jeweiligen Preisen (Mrd. EUR);WZ08G3;WZ2008: Wirtschaftsbereiche der VGR;WZ08-58;Verlagswesen;...;jew. ME;PRO013;Produktionswert
81000;Volkswirtschaftliche Gesamtrechnungen des Bundes;JAHR;Jahr;2025;DINSG;Deutschland insgesamt;DG;Deutschland;VGRPB5;Preisbasis (jeweilige Preise / preisbereinigt);VGRPVU;preisbereinigt, unverkettete Volumenang.(Mrd. EUR);WZ08G3;WZ2008: Wirtschaftsbereiche der VGR;WZ08-53;Post-, Kurier- und Expressdienste;...;jew. ME;PRO013;Produktionswert
81000;Volkswirtschaftliche Gesamtrechnungen des Bundes;JAHR;Jahr;2024;DINSG;Deutschland insgesamt;DG;Deutschland;VGRPB5;Preisbasis (jeweilige Preise / preisbereinigt);VGRPVU;preisbereinigt, unverkettete Volumenang.(Mrd. EUR);WZ08G3;WZ2008: Wirtschaftsbereiche der VGR;WZ08-G-04;Dienstleistungsbereiche;4961,624;jew. ME;PRO013;Produktionswert
81000;Volkswirtschaftliche Gesamtrechnungen des Bundes;JAHR;Jahr;2024;DINSG;Deutschland insgesamt;DG;Deutschland;VGRPB5;Preisbasis (jeweilige Preise / preisbereinigt);VGRPVU;preisbereinigt, unverkettete Volumenang.(Mrd. EUR);WZ08G3;WZ2008: Wirtschaftsbereiche der VGR;WZ08-77;Vermietung von beweglichen Sachen;100,867;jew. ME;PRO013;Produktionswert
81000;Volkswirtschaftliche Gesamtrechnungen des Bundes;JAHR;Jahr;2025;DINSG;Deutschland insgesamt;DG;Deutschland;VGRPB5;Preisbasis (jeweilige Preise / preisbereinigt);VGRJPM;in jeweiligen Preisen (Mrd. EUR);WZ08G3;WZ2008: Wirtschaftsbereiche der VGR;WZ08-O;Öff. Verwaltung, Verteidigung, Sozialversicherung;425,401;jew. ME;PRO013;Produktionswert
81000;Volkswirtschaftliche Gesamtrechnungen des Bundes;JAHR;Jahr;2024;DINSG;Deutschland insgesamt;DG;Deutschland;VGRPB5;Preisbasis (jeweilige Preise / preisbereinigt);VGRPVK;preisbereinigt, verkettete Volumenang. (Mrd. EUR);WZ08G3;WZ2008: Wirtschaftsbereiche der VGR;WZ08-45;Kfz-Handel, Instandhaltung und Reparatur von Kfz;89,850;jew. ME;PRO013;Produktionswert
81000;Volkswirtschaftliche Gesamtrechnungen des Bundes;JAHR;Jahr;2023;DINSG;Deutschland insgesamt;DG;Deutschland;VGRPB5;Preisbasis (jeweilige Preise / preisbereinigt);VGRPVK;preisbereinigt, verkettete Volumenang. (Mrd. EUR);WZ08G3;WZ2008: Wirtschaftsbereiche der VGR;WZ08-25;Herstellung von Metallerzeugnissen;134,072;jew. ME;PRO013;Produktionswert
81000;Volkswirtschaftliche Gesamtrechnungen des Bundes;JAHR;Jahr;2023;DINSG;Deutschland insgesamt;DG;Deutschland;VGRPB5;Preisbasis (jeweilige Preise / preisbereinigt);VGRPVK;preisbereinigt, verkettete Volumenang. (Mrd. EUR);WZ08G3;WZ2008: Wirtschaftsbereiche der VGR;WZ08-I;Gastgewerbe;112,857;jew. ME;PRO013;Produktionswert
81000;Volkswirtschaftliche Gesamtrechnungen des Bundes;JAHR;Jahr;2024;DINSG;Deutschland insgesamt;DG;Deutschland;VGRPB5;Preisbasis (jeweilige Preise / preisbereinigt);VGRJPM;in jeweiligen Preisen (Mrd. EUR);WZ08G3;WZ2008: Wirtschaftsbereiche der VGR;WZ08-N;Sonstige wirtschaftliche Dienstleistungen;373,027;jew. ME;PRO013;Produktionswert
81000;Volkswirtschaftliche Gesamtrechnungen des Bundes;JAHR;Jahr;2023;DINSG;Deutschland insgesamt;DG;Deutschland;VGRPB5;Preisbasis (jeweilige Preise / preisbereinigt);VGRPKM;preisbereinigt, Kettenindex (2020=100);WZ08G3;WZ2008: Wirtschaftsbereiche der VGR;WZ08-22-01;H.v. Gummi-, Kunststoff-, Glaswaren, Keramik u.Ä.;94,230;jew. ME;PRO013;Produktionswert
81000;Volkswirtschaftliche Gesamtrechnungen des Bundes;JAHR;Jahr;2022;DINSG;Deutschland insgesamt;DG;Deutschland;VGRPB5;Preisbasis (jeweilige Preise / preisbereinigt);VGRPKM;preisbereinigt, Kettenindex (2020=100);WZ08G3;WZ2008: Wirtschaftsbereiche der VGR;WZ08-22-01;H.v. Gummi-, Kunststoff-, Glaswaren, Keramik u.Ä.;106,490;jew. ME;PRO013;Produktionswert
81000;Volkswirtschaftliche Gesamtrechnungen des Bundes;JAHR;Jahr;2025;DINSG;Deutschland insgesamt;DG;Deutschland;VGRPB5;Preisbasis (jeweilige Preise / preisbereinigt);VGRPVU;preisbereinigt, unverkettete Volumenang.(Mrd. EUR);WZ08G3;WZ2008: Wirtschaftsbereiche der VGR;WZ08-37-01;Abwasser-, Abfallentsorgung, Rückgewinnung;...;jew. ME;PRO013;Produktionswert
81000;Volkswirtschaftliche Gesamtrechnungen des Bundes;JAHR;Jahr;2022;DINSG;Deutschland insgesamt;DG;Deutschland;VGRPB5;Preisbasis (jeweilige Preise / preisbereinigt);VGRPKM;preisbereinigt, Kettenindex (2020=100);WZ08G3;WZ2008: Wirtschaftsbereiche der VGR;WZ08-16;H.v. Holz-, Flecht-, Korb-u.Korkwaren (ohne Möbel);95,290;jew. ME;PRO013;Produktionswert
81000;Volkswirtschaftliche Gesamtrechnungen des Bundes;JAHR;Jahr;2021;DINSG;Deutschland insgesamt;DG;Deutschland;VGRPB5;Preisbasis (jeweilige Preise / preisbereinigt);VGRPVU;preisbereinigt, unverkettete Volumenang.(Mrd. EUR);WZ08G3;WZ2008: Wirtschaftsbereiche der VGR;WZ08-L;Grundstücks- und Wohnungswesen;492,655;jew. ME;PRO013;Produktionswert
81000;Volkswirtschaftliche Gesamtrechnungen des Bundes;JAHR;Jahr;2022;DINSG;Deutschland insgesamt;DG;Deutschland;VGRPB5;Preisbasis (jeweilige Preise / preisbereinigt);VGRPVU;preisbereinigt, unverkettete Volumenang.(Mrd. EUR);WZ08G3;WZ2008: Wirtschaftsbereiche der VGR;WZ08-65;Versicherungen, Rückversicherungen, Pensionskassen;88,854;jew. ME;PRO013;Produktionswert
81000;Volkswirtschaftliche Gesamtrechnungen des Bundes;JAHR;Jahr;2023;DINSG;Deutschland insgesamt;DG;Deutschland;VGRPB5;Preisbasis (jeweilige Preise / preisbereinigt);VGRPKM;preisbereinigt, Kettenindex (2020=100);WZ08G3;WZ2008: Wirtschaftsbereiche der VGR;WZ08-73-01;Sonst.freiberufl., wissenschaftl., techn. Dienstl.;116,250;jew. ME;PRO013;Produktionswert
81000;Volkswirtschaftliche Gesamtrechnungen des Bundes;JAHR;Jahr;2024;DINSG;Deutschland insgesamt;DG;Deutschland;VGRPB5;Preisbasis (jeweilige Preise / preisbereinigt);VGRPVU;preisbereinigt, unverkettete Volumenang.(Mrd. EUR);WZ08G3;WZ2008: Wirtschaftsbereiche der VGR;WZ08-42;Tiefbau;59,697;jew. ME;PRO013;Produktionswert
81000;Volkswirtschaftliche Gesamtrechnungen des Bundes;JAHR;Jahr;2025;DINSG;Deutschland insgesamt;DG;Deutschland;VGRPB5;Preisbasis (jeweilige Preise / preisbereinigt);VGRPVU;preisbereinigt, unverkettete Volumenang.(Mrd. EUR);WZ08G3;WZ2008: Wirtschaftsbereiche der VGR;WZ08-P;Erziehung und Unterricht;258,249;jew. ME;PRO013;Produktionswert
81000;Volkswirtschaftliche Gesamtrechnungen des Bundes;JAHR;Jahr;2025;DINSG;Deutschland insgesamt;DG;Deutschland;VGRPB5;Preisbasis (jeweilige Preise / preisbereinigt);VGRJPM;in jeweiligen Preisen (Mrd. EUR);WZ08G3;WZ2008: Wirtschaftsbereiche der VGR;WZ08-23;H.v.Glas,-waren,Keramik,Verarb. v.Steinen u.Erden;...;jew. ME;PRO013;Produktionswert
81000;Volkswirtschaftliche Gesamtrechnungen des Bundes;JAHR;Jahr;2022;DINSG;Deutschland insgesamt;DG;Deutschland;VGRPB5;Preisbasis (jeweilige Preise / preisbereinigt);VGRJPM;in jeweiligen Preisen (Mrd. EUR);WZ08G3;WZ2008: Wirtschaftsbereiche der VGR;WZ08-K;Erbringung v. Finanz- u. Versicherungsdienstleist.;315,817;jew. ME;PRO013;Produktionswert
81000;Volkswirtschaftliche Gesamtrechnungen des Bundes;JAHR;Jahr;2025;DINSG;Deutschland insgesamt;DG;Deutschland;VGRPB5;Preisbasis (jeweilige Preise / preisbereinigt);VGRPVK;preisbereinigt, verkettete Volumenang. (Mrd. EUR);WZ08G3;WZ2008: Wirtschaftsbereiche der VGR;WZ08-79;Reisebüros, -veranstalter u. sonst. Reservierungen;...;jew. ME;PRO013;Produktionswert
81000;Volkswirtschaftliche Gesamtrechnungen des Bundes;JAHR;Jahr;2024;DINSG;Deutschland insgesamt;DG;Deutschland;VGRPB5;Preisbasis (jeweilige Preise / preisbereinigt);VGRPKM;preisbereinigt, Kettenindex (2020=100);WZ08G3;WZ2008: Wirtschaftsbereiche der VGR;WZ08-73-01;Sonst.freiberufl., wissenschaftl., techn. Dienstl.;115,120;jew. ME;PRO013;Produktionswert
81000;Volkswirtschaftliche Gesamtrechnungen des Bundes;JAHR;Jahr;2021;DINSG;Deutschland insgesamt;DG;Deutschland;VGRPB5;Preisbasis (jeweilige Preise / preisbereinigt);VGRJPM;in jeweiligen Preisen (Mrd. EUR);WZ08G3;WZ2008: Wirtschaftsbereiche der VGR;WZ08-27;Herstellung von elektrischen Ausrüstungen;117,527;jew. ME;PRO013;Produktionswert
81000;Volkswirtschaftliche Gesamtrechnungen des Bundes;JAHR;Jahr;2024;DINSG;Deutschland insgesamt;DG;Deutschland;VGRPB5;Preisbasis (jeweilige Preise / preisbereinigt);VGRPKM;preisbereinigt, Kettenindex (2020=100);WZ08G3;WZ2008: Wirtschaftsbereiche der VGR;WZ08-46;Großhandel (ohne Handel mit Kraftfahrzeugen);96,700;jew. ME;PRO013;Produktionswert
81000;Volkswirtschaftliche Gesamtrechnungen des Bundes;JAHR;Jahr;2025;DINSG;Deutschland insgesamt;DG;Deutschland;VGRPB5;Preisbasis (jeweilige Preise / preisbereinigt);VGRPKM;preisbereinigt, Kettenindex (2020=100);WZ08G3;WZ2008: Wirtschaftsbereiche der VGR;WZ08-26;H.v. DV-Geräten, elektron. u. opt. Erzeugnissen;...;jew. ME;PRO013;Produktionswert
81000;Volkswirtschaftliche Gesamtrechnungen des Bundes;JAHR;Jahr;2024;DINSG;Deutschland insgesamt;DG;Deutschland;VGRPB5;Preisbasis (jeweilige Preise / preisbereinigt);VGRPVK;preisbereinigt, verkettete Volumenang. (Mrd. EUR);WZ08G3;WZ2008: Wirtschaftsbereiche der VGR;WZ08-37-01;Abwasser-, Abfallentsorgung, Rückgewinnung;65,154;jew. ME;PRO013;Produktionswert
81000;Volkswirtschaftliche Gesamtrechnungen des Bundes;JAHR;Jahr;2025;DINSG;Deutschland insgesamt;DG;Deutschland;VGRPB5;Preisbasis (jeweilige Preise / preisbereinigt);VGRJPM;in jeweiligen Preisen (Mrd. EUR);WZ08G3;WZ2008: Wirtschaftsbereiche der VGR;WZ08-G-04;Dienstleistungsbereiche;5299,884;jew. ME;PRO013;Produktionswert
81000;Volkswirtschaftliche Gesamtrechnungen des Bundes;JAHR;Jahr;2021;DINSG;Deutschland insgesamt;DG;Deutschland;VGRPB5;Preisbasis (jeweilige Preise / preisbereinigt);VGRPKM;preisbereinigt, Kettenindex (2020=100);WZ08G3;WZ2008: Wirtschaftsbereiche der VGR;WZ08-26;H.v. DV-Geräten, elektron. u. opt. Erzeugnissen;108,080;jew. ME;PRO013;Produktionswert
81000;Volkswirtschaftliche Gesamtrechnungen des Bundes;JAHR;Jahr;2025;DINSG;Deutschland insgesamt;DG;Deutschland;VGRPB5;Preisbasis (jeweilige Preise / preisbereinigt);VGRPKM;preisbereinigt, Kettenindex (2020=100);WZ08G3;WZ2008: Wirtschaftsbereiche der VGR;WZ08-K;Erbringung v. Finanz- u. Versicherungsdienstleist.;105,160;jew. ME;PRO013;Produktionswert
81000;Volkswirtschaftliche Gesamtrechnungen des Bundes;JAHR;Jahr;2023;DINSG;Deutschland insgesamt;DG;Deutschland;VGRPB5;Preisbasis (jeweilige Preise / preisbereinigt);VGRJPM;in jeweiligen Preisen (Mrd. EUR);WZ08G3;WZ2008: Wirtschaftsbereiche der VGR;WZ08-N;Sonstige wirtschaftliche Dienstleistungen;371,657;jew. ME;PRO013;Produktionswert
81000;Volkswirtschaftliche Gesamtrechnungen des Bundes;JAHR;Jahr;2022;DINSG;Deutschland insgesamt;DG;Deutschland;VGRPB5;Preisbasis (jeweilige Preise / preisbereinigt);VGRPVK;preisbereinigt, verkettete Volumenang. (Mrd. EUR);WZ08G3;WZ2008: Wirtschaftsbereiche der VGR;WZ08-I;Gastgewerbe;108,272;jew. ME;PRO013;Produktionswert
81000;Volkswirtschaftliche Gesamtrechnungen des Bundes;JAHR;Jahr;2025;DINSG;Deutschland insgesamt;DG;Deutschland;VGRPB5;Preisbasis (jeweilige Preise / preisbereinigt);VGRPVK;preisbereinigt, verkettete Volumenang. (Mrd. EUR);WZ08G3;WZ2008: Wirtschaftsbereiche der VGR;WZ08-L;Grundstücks- und Wohnungswesen;541,480;jew. ME;PRO013;Produktionswert
81000;Volkswirtschaftliche Gesamtrechnungen des Bundes;JAHR;Jahr;2022;DINSG;Deutschland insgesamt;DG;Deutschland;VGRPB5;Preisbasis (jeweilige Preise / preisbereinigt);VGRPVK;preisbereinigt, verkettete Volumenang. (Mrd. EUR);WZ08G3;WZ2008: Wirtschaftsbereiche der VGR;WZ08-46;Großhandel (ohne Handel mit Kraftfahrzeugen);311,124;jew. ME;PRO013;Produktionswert
81000;Volkswirtschaftliche Gesamtrechnungen des Bundes;JAHR;Jahr;2023;DINSG;Deutschland insgesamt;DG;Deutschland;VGRPB5;Preisbasis (jeweilige Preise / preisbereinigt);VGRPVK;preisbereinigt, verkettete Volumenang. (Mrd. EUR);WZ08G3;WZ2008: Wirtschaftsbereiche der VGR;WZ08-R-02;Sonstige Dienstleister;185,174;jew. ME;PRO013;Produktionswert
81000;Volkswirtschaftliche Gesamtrechnungen des Bundes;JAHR;Jahr;2021;DINSG;Deutschland insgesamt;DG;Deutschland;VGRPB5;Preisbasis (jeweilige Preise / preisbereinigt);VGRPVU;preisbereinigt, unverkettete Volumenang.(Mrd. EUR);WZ08G3;WZ2008: Wirtschaftsbereiche der VGR;WZ08-66;Mit Finanz- u. Versicherungsdienstl. verb. Tätigk.;45,266;jew. ME;PRO013;Produktionswert
81000;Volkswirtschaftliche Gesamtrechnungen des Bundes;JAHR;Jahr;2023;DINSG;Deutschland insgesamt;DG;Deutschland;VGRPB5;Preisbasis (jeweilige Preise / preisbereinigt);VGRPKM;preisbereinigt, Kettenindex (2020=100);WZ08G3;WZ2008: Wirtschaftsbereiche der VGR;WZ08-58;Verlagswesen;79,840;jew. ME;PRO013;Produktionswert
81000;Volkswirtschaftliche Gesamtrechnungen des Bundes;JAHR;Jahr;2021;DINSG;Deutschland insgesamt;DG;Deutschland;VGRPB5;Preisbasis (jeweilige Preise / preisbereinigt);VGRPVK;preisbereinigt, verkettete Volumenang. (Mrd. EUR);WZ08G3;WZ2008: Wirtschaftsbereiche der VGR;WZ08-H;Verkehr und Lagerei;372,485;jew. ME;PRO013;Produktionswert
81000;Volkswirtschaftliche Gesamtrechnungen des Bundes;JAHR;Jahr;2025;DINSG;Deutschland insgesamt;DG;Deutschland;VGRPB5;Preisbasis (jeweilige Preise / preisbereinigt);VGRJPM;in jeweiligen Preisen (Mrd. EUR);WZ08G3;WZ2008: Wirtschaftsbereiche der VGR;WZ08-49;Landverkehr und Transport in Rohrfernleitungen;...;jew. ME;PRO013;Produktionswert
81000;Volkswirtschaftliche Gesamtrechnungen des Bundes;JAHR;Jahr;2022;DINSG;Deutschland insgesamt;DG;Deutschland;VGRPB5;Preisbasis (jeweilige Preise / preisbereinigt);VGRPVK;preisbereinigt, verkettete Volumenang. (Mrd. EUR);WZ08G3;WZ2008: Wirtschaftsbereiche der VGR;WZ08-10-01;Ernährungsgewerbe und Tabakverarbeitung;196,334;jew. ME;PRO013;Produktionswert
81000;Volkswirtschaftliche Gesamtrechnungen des Bundes;JAHR;Jahr;2023;DINSG;Deutschland insgesamt;DG;Deutschland;VGRPB5;Preisbasis (jeweilige Preise / preisbereinigt);VGRPVU;preisbereinigt, unverkettete Volumenang.(Mrd. EUR);WZ08G3;WZ2008: Wirtschaftsbereiche der VGR;WZ08-45;Kfz-Handel, Instandhaltung und Reparatur von Kfz;102,162;jew. ME;PRO013;Produktionswert
81000;Volkswirtschaftliche Gesamtrechnungen des Bundes;JAHR;Jahr;2024;DINSG;Deutschland insgesamt;DG;Deutschland;VGRPB5;Preisbasis (jeweilige Preise / preisbereinigt);VGRPVU;preisbereinigt, unverkettete Volumenang.(Mrd. EUR);WZ08G3;WZ2008: Wirtschaftsbereiche der VGR;WZ08-20;Herstellung von chemischen Erzeugnissen;164,428;jew. ME;PRO013;Produktionswert
81000;Volkswirtschaftliche Gesamtrechnungen des Bundes;JAHR;Jahr;2023;DINSG;Deutschland insgesamt;DG;Deutschland;VGRPB5;Preisbasis (jeweilige Preise / preisbereinigt);VGRPVU;preisbereinigt, unverkettete Volumenang.(Mrd. EUR);WZ08G3;WZ2008: Wirtschaftsbereiche der VGR;WZ08-O;Öff. Verwaltung, Verteidigung, Sozialversicherung;366,321;jew. ME;PRO013;Produktionswert
81000;Volkswirtschaftliche Gesamtrechnungen des Bundes;JAHR;Jahr;2025;DINSG;Deutschland insgesamt;DG;Deutschland;VGRPB5;Preisbasis (jeweilige Preise / preisbereinigt);VGRPVU;preisbereinigt, unverkettete Volumenang.(Mrd. EUR);WZ08G3;WZ2008: Wirtschaftsbereiche der VGR;WZ08-66;Mit Finanz- u. Versicherungsdienstl. verb. Tätigk.;...;jew. ME;PRO013;Produktionswert
81000;Volkswirtschaftliche Gesamtrechnungen des Bundes;JAHR;Jahr;2024;DINSG;Deutschland insgesamt;DG;Deutschland;VGRPB5;Preisbasis (jeweilige Preise / preisbereinigt);VGRPVU;preisbereinigt, unverkettete Volumenang.(Mrd. EUR);WZ08G3;WZ2008: Wirtschaftsbereiche der VGR;WZ08-P;Erziehung und Unterricht;249,703;jew. ME;PRO013;Produktionswert
81000;Volkswirtschaftliche Gesamtrechnungen des Bundes;JAHR;Jahr;2024;DINSG;Deutschland insgesamt;DG;Deutschland;VGRPB5;Preisbasis (jeweilige Preise / preisbereinigt);VGRPVK;preisbereinigt, verkettete Volumenang. (Mrd. EUR);WZ08G3;WZ2008: Wirtschaftsbereiche der VGR;WZ08-36;Wasserversorgung;9,754;jew. ME;PRO013;Produktionswert
81000;Volkswirtschaftliche Gesamtrechnungen des Bundes;JAHR;Jahr;2021;DINSG;Deutschland insgesamt;DG;Deutschland;VGRPB5;Preisbasis (jeweilige Preise / preisbereinigt);VGRJPM;in jeweiligen Preisen (Mrd. EUR);WZ08G3;WZ2008: Wirtschaftsbereiche der VGR;WZ08-K;Erbringung v. Finanz- u. Versicherungsdienstleist.;298,675;jew. ME;PRO013;Produktionswert
81000;Volkswirtschaftliche Gesamtrechnungen des Bundes;JAHR;Jahr;2024;DINSG;Deutschland insgesamt;DG;Deutschland;VGRPB5;Preisbasis (jeweilige Preise / preisbereinigt);VGRJPM;in jeweiligen Preisen (Mrd. EUR);WZ08G3;WZ2008: Wirtschaftsbereiche der VGR;WZ08-24;Metallerzeugung und -bearbeitung;127,506;jew. ME;PRO013;Produktionswert
81000;Volkswirtschaftliche Gesamtrechnungen des Bundes;JAHR;Jahr;2022;DINSG;Deutschland insgesamt;DG;Deutschland;VGRPB5;Preisbasis (jeweilige Preise / preisbereinigt);VGRPKM;preisbereinigt, Kettenindex (2020=100);WZ08G3;WZ2008: Wirtschaftsbereiche der VGR;WZ08-47;Einzelhandel (ohne Handel mit Kraftfahrzeugen);101,920;jew. ME;PRO013;Produktionswert
81000;Volkswirtschaftliche Gesamtrechnungen des Bundes;JAHR;Jahr;2021;DINSG;Deutschland insgesamt;DG;Deutschland;VGRPB5;Preisbasis (jeweilige Preise / preisbereinigt);VGRJPM;in jeweiligen Preisen (Mrd. EUR);WZ08G3;WZ2008: Wirtschaftsbereiche der VGR;WZ08-49;Landverkehr und Transport in Rohrfernleitungen;117,500;jew. ME;PRO013;Produktionswert
81000;Volkswirtschaftliche Gesamtrechnungen des Bundes;JAHR;Jahr;2021;DINSG;Deutschland insgesamt;DG;Deutschland;VGRPB5;Preisbasis (jeweilige Preise / preisbereinigt);VGRPKM;preisbereinigt, Kettenindex (2020=100);WZ08G3;WZ2008: Wirtschaftsbereiche der VGR;WZ08-G;Handel, Instandhaltung und Reparatur von Kfz;101,120;jew. ME;PRO013;Produktionswert
81000;Volkswirtschaftliche Gesamtrechnungen des Bundes;JAHR;Jahr;2023;DINSG;Deutschland insgesamt;DG;Deutschland;VGRPB5;Preisbasis (jeweilige Preise / preisbereinigt);VGRPKM;preisbereinigt, Kettenindex (2020=100);WZ08G3;WZ2008: Wirtschaftsbereiche der VGR;WZ08-01;Landwirtschaft, Jagd und verbundene Tätigkeiten;95,740;jew. ME;PRO013;Produktionswert
81000;Volkswirtschaftliche Gesamtrechnungen des Bundes;JAHR;Jahr;2024;DINSG;Deutschland insgesamt;DG;Deutschland;VGRPB5;Preisbasis (jeweilige Preise / preisbereinigt);VGRPVU;preisbereinigt, unverkettete Volumenang.(Mrd. EUR);WZ08G3;WZ2008: Wirtschaftsbereiche der VGR;WZ08-33;Reparatur u.Installation von Masch.u.Ausrüstungen;62,733;jew. ME;PRO013;Produktionswert
81000;Volkswirtschaftliche Gesamtrechnungen des Bundes;JAHR;Jahr;2022;DINSG;Deutschland insgesamt;DG;Deutschland;VGRPB5;Preisbasis (jeweilige Preise / preisbereinigt);VGRPVK;preisbereinigt, verkettete Volumenang. (Mrd. EUR);WZ08G3;WZ2008: Wirtschaftsbereiche der VGR;WZ08-24;Metallerzeugung und -bearbeitung;100,843;jew. ME;PRO013;Produktionswert
81000;Volkswirtschaftliche Gesamtrechnungen des Bundes;JAHR;Jahr;2024;DINSG;Deutschland insgesamt;DG;Deutschland;VGRPB5;Preisbasis (jeweilige Preise / preisbereinigt);VGRPVK;preisbereinigt, verkettete Volumenang. (Mrd. EUR);WZ08G3;WZ2008: Wirtschaftsbereiche der VGR;WZ08-L;Grundstücks- und Wohnungswesen;534,683;jew. ME;PRO013;Produktionswert
81000;Volkswirtschaftliche Gesamtrechnungen des Bundes;JAHR;Jahr;2022;DINSG;Deutschland insgesamt;DG;Deutschland;VGRPB5;Preisbasis (jeweilige Preise / preisbereinigt);VGRPKM;preisbereinigt, Kettenindex (2020=100);WZ08G3;WZ2008: Wirtschaftsbereiche der VGR;WZ08-37-01;Abwasser-, Abfallentsorgung, Rückgewinnung;92,690;jew. ME;PRO013;Produktionswert
81000;Volkswirtschaftliche Gesamtrechnungen des Bundes;JAHR;Jahr;2023;DINSG;Deutschland insgesamt;DG;Deutschland;VGRPB5;Preisbasis (jeweilige Preise / preisbereinigt);VGRPKM;preisbereinigt, Kettenindex (2020=100);WZ08G3;WZ2008: Wirtschaftsbereiche der VGR;WZ08-36;Wasserversorgung;96,810;jew. ME;PRO013;Produktionswert
81000;Volkswirtschaftliche Gesamtrechnungen des Bundes;JAHR;Jahr;2021;DINSG;Deutschland insgesamt;DG;Deutschland;VGRPB5;Preisbasis (jeweilige Preise / preisbereinigt);VGRPKM;preisbereinigt, Kettenindex (2020=100);WZ08G3;WZ2008: Wirtschaftsbereiche der VGR;WZ08-37-01;Abwasser-, Abfallentsorgung, Rückgewinnung;93,260;jew. ME;PRO013;Produktionswert
81000;Volkswirtschaftliche Gesamtrechnungen des Bundes;JAHR;Jahr;2021;DINSG;Deutschland insgesamt;DG;Deutschland;VGRPB5;Preisbasis (jeweilige Preise / preisbereinigt);VGRJPM;in jeweiligen Preisen (Mrd. EUR);WZ08G3;WZ2008: Wirtschaftsbereiche der VGR;WZ08-73-01;Sonst.freiberufl., wissenschaftl., techn. Dienstl.;62,904;jew. ME;PRO013;Produktionswert
81000;Volkswirtschaftliche Gesamtrechnungen des Bundes;JAHR;Jahr;2024;DINSG;Deutschland insgesamt;DG;Deutschland;VGRPB5;Preisbasis (jeweilige Preise / preisbereinigt);VGRPVK;preisbereinigt, verkettete Volumenang. (Mrd. EUR);WZ08G3;WZ2008: Wirtschaftsbereiche der VGR;WZ08-01;Landwirtschaft, Jagd und verbundene Tätigkeiten;53,170;jew. ME;PRO013;Produktionswert
81000;Volkswirtschaftliche Gesamtrechnungen des Bundes;JAHR;Jahr;2022;DINSG;Deutschland insgesamt;DG;Deutschland;VGRPB5;Preisbasis (jeweilige Preise / preisbereinigt);VGRPVK;preisbereinigt, verkettete Volumenang. (Mrd. EUR);WZ08G3;WZ2008: Wirtschaftsbereiche der VGR;WZ08-A-02;Alle Wirtschaftsbereiche;6799,334;jew. ME;PRO013;Produktionswert
81000;Volkswirtschaftliche Gesamtrechnungen des Bundes;JAHR;Jahr;2022;DINSG;Deutschland insgesamt;DG;Deutschland;VGRPB5;Preisbasis (jeweilige Preise / preisbereinigt);VGRPVK;preisbereinigt, verkettete Volumenang. (Mrd. EUR);WZ08G3;WZ2008: Wirtschaftsbereiche der VGR;WZ08-M-02;Unternehmensdienstleister;767,860;jew. ME;PRO013;Produktionswert
81000;Volkswirtschaftliche Gesamtrechnungen des Bundes;JAHR;Jahr;2022;DINSG;Deutschland insgesamt;DG;Deutschland;VGRPB5;Preisbasis (jeweilige Preise / preisbereinigt);VGRPVU;preisbereinigt, unverkettete Volumenang.(Mrd. EUR);WZ08G3;WZ2008: Wirtschaftsbereiche der VGR;WZ08-21;Herstellung von pharmazeutischen Erzeugnissen;59,216;jew. ME;PRO013;Produktionswert
81000;Volkswirtschaftliche Gesamtrechnungen des Bundes;JAHR;Jahr;2022;DINSG;Deutschland insgesamt;DG;Deutschland;VGRPB5;Preisbasis (jeweilige Preise / preisbereinigt);VGRPVU;preisbereinigt, unverkettete Volumenang.(Mrd. EUR);WZ08G3;WZ2008: Wirtschaftsbereiche der VGR;WZ08-O;Öff. Verwaltung, Verteidigung, Sozialversicherung;333,970;jew. ME;PRO013;Produktionswert
81000;Volkswirtschaftliche Gesamtrechnungen des Bundes;JAHR;Jahr;2024;DINSG;Deutschland insgesamt;DG;Deutschland;VGRPB5;Preisbasis (jeweilige Preise / preisbereinigt);VGRPVK;preisbereinigt, verkettete Volumenang. (Mrd. EUR);WZ08G3;WZ2008: Wirtschaftsbereiche der VGR;WZ08-58;Verlagswesen;24,129;jew. ME;PRO013;Produktionswert
81000;Volkswirtschaftliche Gesamtrechnungen des Bundes;JAHR;Jahr;2024;DINSG;Deutschland insgesamt;DG;Deutschland;VGRPB5;Preisbasis (jeweilige Preise / preisbereinigt);VGRPKM;preisbereinigt, Kettenindex (2020=100);WZ08G3;WZ2008: Wirtschaftsbereiche der VGR;WZ08-K;Erbringung v. Finanz- u. Versicherungsdienstleist.;103,380;jew. ME;PRO013;Produktionswert
81000;Volkswirtschaftliche Gesamtrechnungen des Bundes;JAHR;Jahr;2023;DINSG;Deutschland insgesamt;DG;Deutschland;VGRPB5;Preisbasis (jeweilige Preise / preisbereinigt);VGRPKM;preisbereinigt, Kettenindex (2020=100);WZ08G3;WZ2008: Wirtschaftsbereiche der VGR;WZ08-J;Information und Kommunikation;120,520;jew. ME;PRO013;Produktionswert
81000;Volkswirtschaftliche Gesamtrechnungen des Bundes;JAHR;Jahr;2022;DINSG;Deutschland insgesamt;DG;Deutschland;VGRPB5;Preisbasis (jeweilige Preise / preisbereinigt);VGRPKM;preisbereinigt, Kettenindex (2020=100);WZ08G3;WZ2008: Wirtschaftsbereiche der VGR;WZ08-25;Herstellung von Metallerzeugnissen;111,100;jew. ME;PRO013;Produktionswert
81000;Volkswirtschaftliche Gesamtrechnungen des Bundes;JAHR;Jahr;2021;DINSG;Deutschland insgesamt;DG;Deutschland;VGRPB5;Preisbasis (jeweilige Preise / preisbereinigt);VGRPVU;preisbereinigt, unverkettete Volumenang.(Mrd. EUR);WZ08G3;WZ2008: Wirtschaftsbereiche der VGR;WZ08-79;Reisebüros, -veranstalter u. sonst. Reservierungen;11,852;jew. ME;PRO013;Produktionswert
81000;Volkswirtschaftliche Gesamtrechnungen des Bundes;JAHR;Jahr;2022;DINSG;Deutschland insgesamt;DG;Deutschland;VGRPB5;Preisbasis (jeweilige Preise / preisbereinigt);VGRJPM;in jeweiligen Preisen (Mrd. EUR);WZ08G3;WZ2008: Wirtschaftsbereiche der VGR;WZ08-25;Herstellung von Metallerzeugnissen;166,551;jew. ME;PRO013;Produktionswert
81000;Volkswirtschaftliche Gesamtrechnungen des Bundes;JAHR;Jahr;2024;DINSG;Deutschland insgesamt;DG;Deutschland;VGRPB5;Preisbasis (jeweilige Preise / preisbereinigt);VGRJPM;in jeweiligen Preisen (Mrd. EUR);WZ08G3;WZ2008: Wirtschaftsbereiche der VGR;WZ08-10-01;Ernährungsgewerbe und Tabakverarbeitung;253,561;jew. ME;PRO013;Produktionswert
81000;Volkswirtschaftliche Gesamtrechnungen des Bundes;JAHR;Jahr;2025;DINSG;Deutschland insgesamt;DG;Deutschland;VGRPB5;Preisbasis (jeweilige Preise / preisbereinigt);VGRJPM;in jeweiligen Preisen (Mrd. EUR);WZ08G3;WZ2008: Wirtschaftsbereiche der VGR;WZ08-10-01;Ernährungsgewerbe und Tabakverarbeitung;...;jew. ME;PRO013;Produktionswert
81000;Volkswirtschaftliche Gesamtrechnungen des Bundes;JAHR;Jahr;2024;DINSG;Deutschland insgesamt;DG;Deutschland;VGRPB5;Preisbasis (jeweilige Preise / preisbereinigt);VGRPKM;preisbereinigt, Kettenindex (2020=100);WZ08G3;WZ2008: Wirtschaftsbereiche der VGR;WZ08-29;Herstellung von Kraftwagen und Kraftwagenteilen;116,790;jew. ME;PRO013;Produktionswert
81000;Volkswirtschaftliche Gesamtrechnungen des Bundes;JAHR;Jahr;2025;DINSG;Deutschland insgesamt;DG;Deutschland;VGRPB5;Preisbasis (jeweilige Preise / preisbereinigt);VGRPVU;preisbereinigt, unverkettete Volumenang.(Mrd. EUR);WZ08G3;WZ2008: Wirtschaftsbereiche der VGR;WZ08-71;Architektur-,Ing.büros,techn.,physik.Untersuchung;...;jew. ME;PRO013;Produktionswert
81000;Volkswirtschaftliche Gesamtrechnungen des Bundes;JAHR;Jahr;2024;DINSG;Deutschland insgesamt;DG;Deutschland;VGRPB5;Preisbasis (jeweilige Preise / preisbereinigt);VGRPKM;preisbereinigt, Kettenindex (2020=100);WZ08G3;WZ2008: Wirtschaftsbereiche der VGR;WZ08-10-01;Ernährungsgewerbe und Tabakverarbeitung;94,340;jew. ME;PRO013;Produktionswert
81000;Volkswirtschaftliche Gesamtrechnungen des Bundes;JAHR;Jahr;2022;DINSG;Deutschland insgesamt;DG;Deutschland;VGRPB5;Preisbasis (jeweilige Preise / preisbereinigt);VGRJPM;in jeweiligen Preisen (Mrd. EUR);WZ08G3;WZ2008: Wirtschaftsbereiche der VGR;WZ08-O;Öff. Verwaltung, Verteidigung, Sozialversicherung;364,608;jew. ME;PRO013;Produktionswert
81000;Volkswirtschaftliche Gesamtrechnungen des Bundes;JAHR;Jahr;2022;DINSG;Deutschland insgesamt;DG;Deutschland;VGRPB5;Preisbasis (jeweilige Preise / preisbereinigt);VGRPKM;preisbereinigt, Kettenindex (2020=100);WZ08G3;WZ2008: Wirtschaftsbereiche der VGR;WZ08-95;Reparatur von DV-Geräten und Gebrauchsgütern;105,470;jew. ME;PRO013;Produktionswert
81000;Volkswirtschaftliche Gesamtrechnungen des Bundes;JAHR;Jahr;2024;DINSG;Deutschland insgesamt;DG;Deutschland;VGRPB5;Preisbasis (jeweilige Preise / preisbereinigt);VGRPVU;preisbereinigt, unverkettete Volumenang.(Mrd. EUR);WZ08G3;WZ2008: Wirtschaftsbereiche der VGR;WZ08-31-02;Herstellung von Möbeln und sonstigen Waren;71,341;jew. ME;PRO013;Produktionswert
81000;Volkswirtschaftliche Gesamtrechnungen des Bundes;JAHR;Jahr;2024;DINSG;Deutschland insgesamt;DG;Deutschland;VGRPB5;Preisbasis (jeweilige Preise / preisbereinigt);VGRJPM;in jeweiligen Preisen (Mrd. EUR);WZ08G3;WZ2008: Wirtschaftsbereiche der VGR;WZ08-33;Reparatur u.Installation von Masch.u.Ausrüstungen;65,460;jew. ME;PRO013;Produktionswert
81000;Volkswirtschaftliche Gesamtrechnungen des Bundes;JAHR;Jahr;2022;DINSG;Deutschland insgesamt;DG;Deutschland;VGRPB5;Preisbasis (jeweilige Preise / preisbereinigt);VGRPVU;preisbereinigt, unverkettete Volumenang.(Mrd. EUR);WZ08G3;WZ2008: Wirtschaftsbereiche der VGR;WZ08-25;Herstellung von Metallerzeugnissen;147,354;jew. ME;PRO013;Produktionswert
81000;Volkswirtschaftliche Gesamtrechnungen des Bundes;JAHR;Jahr;2025;DINSG;Deutschland insgesamt;DG;Deutschland;VGRPB5;Preisbasis (jeweilige Preise / preisbereinigt);VGRJPM;in jeweiligen Preisen (Mrd. EUR);WZ08G3;WZ2008: Wirtschaftsbereiche der VGR;WZ08-031;Fischerei;...;jew. ME;PRO013;Produktionswert
81000;Volkswirtschaftliche Gesamtrechnungen des Bundes;JAHR;Jahr;2021;DINSG;Deutschland insgesamt;DG;Deutschland;VGRPB5;Preisbasis (jeweilige Preise / preisbereinigt);VGRPVK;preisbereinigt, verkettete Volumenang. (Mrd. EUR);WZ08G3;WZ2008: Wirtschaftsbereiche der VGR;WZ08-22-01;H.v. Gummi-, Kunststoff-, Glaswaren, Keramik u.Ä.;138,493;jew. ME;PRO013;Produktionswert
81000;Volkswirtschaftliche Gesamtrechnungen des Bundes;JAHR;Jahr;2023;DINSG;Deutschland insgesamt;DG;Deutschland;VGRPB5;Preisbasis (jeweilige Preise / preisbereinigt);VGRPKM;preisbereinigt, Kettenindex (2020=100);WZ08G3;WZ2008: Wirtschaftsbereiche der VGR;WZ08-79;Reisebüros, -veranstalter u. sonst. Reservierungen;221,830;jew. ME;PRO013;Produktionswert
81000;Volkswirtschaftliche Gesamtrechnungen des Bundes;JAHR;Jahr;2025;DINSG;Deutschland insgesamt;DG;Deutschland;VGRPB5;Preisbasis (jeweilige Preise / preisbereinigt);VGRPVK;preisbereinigt, verkettete Volumenang. (Mrd. EUR);WZ08G3;WZ2008: Wirtschaftsbereiche der VGR;WZ08-26;H.v. DV-Geräten, elektron. u. opt. Erzeugnissen;...;jew. ME;PRO013;Produktionswert
81000;Volkswirtschaftliche Gesamtrechnungen des Bundes;JAHR;Jahr;2025;DINSG;Deutschland insgesamt;DG;Deutschland;VGRPB5;Preisbasis (jeweilige Preise / preisbereinigt);VGRPVK;preisbereinigt, verkettete Volumenang. (Mrd. EUR);WZ08G3;WZ2008: Wirtschaftsbereiche der VGR;WZ08-031;Fischerei;...;jew. ME;PRO013;Produktionswert
81000;Volkswirtschaftliche Gesamtrechnungen des Bundes;JAHR;Jahr;2025;DINSG;Deutschland insgesamt;DG;Deutschland;VGRPB5;Preisbasis (jeweilige Preise / preisbereinigt);VGRPVU;preisbereinigt, unverkettete Volumenang.(Mrd. EUR);WZ08G3;WZ2008: Wirtschaftsbereiche der VGR;WZ08-24-01;Metallgewerbe;...;jew. ME;PRO013;Produktionswert
81000;Volkswirtschaftliche Gesamtrechnungen des Bundes;JAHR;Jahr;2023;DINSG;Deutschland insgesamt;DG;Deutschland;VGRPB5;Preisbasis (jeweilige Preise / preisbereinigt);VGRPKM;preisbereinigt, Kettenindex (2020=100);WZ08G3;WZ2008: Wirtschaftsbereiche der VGR;WZ08-O;Öff. Verwaltung, Verteidigung, Sozialversicherung;101,160;jew. ME;PRO013;Produktionswert
81000;Volkswirtschaftliche Gesamtrechnungen des Bundes;JAHR;Jahr;2023;DINSG;Deutschland insgesamt;DG;Deutschland;VGRPB5;Preisbasis (jeweilige Preise / preisbereinigt);VGRPVK;preisbereinigt, verkettete Volumenang. (Mrd. EUR);WZ08G3;WZ2008: Wirtschaftsbereiche der VGR;WZ08-17;Herstellung von Papier, Pappe und Waren daraus;33,130;jew. ME;PRO013;Produktionswert
81000;Volkswirtschaftliche Gesamtrechnungen des Bundes;JAHR;Jahr;2025;DINSG;Deutschland insgesamt;DG;Deutschland;VGRPB5;Preisbasis (jeweilige Preise / preisbereinigt);VGRPKM;preisbereinigt, Kettenindex (2020=100);WZ08G3;WZ2008: Wirtschaftsbereiche der VGR;WZ08-66;Mit Finanz- u. Versicherungsdienstl. verb. Tätigk.;...;jew. ME;PRO013;Produktionswert
81000;Volkswirtschaftliche Gesamtrechnungen des Bundes;JAHR;Jahr;2023;DINSG;Deutschland insgesamt;DG;Deutschland;VGRPB5;Preisbasis (jeweilige Preise / preisbereinigt);VGRPKM;preisbereinigt, Kettenindex (2020=100);WZ08G3;WZ2008: Wirtschaftsbereiche der VGR;WZ08-22;Herstellung von Gummi- und Kunststoffwaren;98,170;jew. ME;PRO013;Produktionswert
81000;Volkswirtschaftliche Gesamtrechnungen des Bundes;JAHR;Jahr;2022;DINSG;Deutschland insgesamt;DG;Deutschland;VGRPB5;Preisbasis (jeweilige Preise / preisbereinigt);VGRJPM;in jeweiligen Preisen (Mrd. EUR);WZ08G3;WZ2008: Wirtschaftsbereiche der VGR;WZ08-24;Metallerzeugung und -bearbeitung;148,879;jew. ME;PRO013;Produktionswert
81000;Volkswirtschaftliche Gesamtrechnungen des Bundes;JAHR;Jahr;2021;DINSG;Deutschland insgesamt;DG;Deutschland;VGRPB5;Preisbasis (jeweilige Preise / preisbereinigt);VGRPVK;preisbereinigt, verkettete Volumenang. (Mrd. EUR);WZ08G3;WZ2008: Wirtschaftsbereiche der VGR;WZ08-G-01;Handel, Verkehr, Gastgewerbe;1067,956;jew. ME;PRO013;Produktionswert
81000;Volkswirtschaftliche Gesamtrechnungen des Bundes;JAHR;Jahr;2022;DINSG;Deutschland insgesamt;DG;Deutschland;VGRPB5;Preisbasis (jeweilige Preise / preisbereinigt);VGRPKM;preisbereinigt, Kettenindex (2020=100);WZ08G3;WZ2008: Wirtschaftsbereiche der VGR;WZ08-F;Baugewerbe;90,810;jew. ME;PRO013;Produktionswert
81000;Volkswirtschaftliche Gesamtrechnungen des Bundes;JAHR;Jahr;2025;DINSG;Deutschland insgesamt;DG;Deutschland;VGRPB5;Preisbasis (jeweilige Preise / preisbereinigt);VGRPKM;preisbereinigt, Kettenindex (2020=100);WZ08G3;WZ2008: Wirtschaftsbereiche der VGR;WZ08-B;Bergbau und Gewinnung von Steinen und Erden;87,060;jew. ME;PRO013;Produktionswert
81000;Volkswirtschaftliche Gesamtrechnungen des Bundes;JAHR;Jahr;2021;DINSG;Deutschland insgesamt;DG;Deutschland;VGRPB5;Preisbasis (jeweilige Preise / preisbereinigt);VGRPVU;preisbereinigt, unverkettete Volumenang.(Mrd. EUR);WZ08G3;WZ2008: Wirtschaftsbereiche der VGR;WZ08-53;Post-, Kurier- und Expressdienste;57,214;jew. ME;PRO013;Produktionswert
81000;Volkswirtschaftliche Gesamtrechnungen des Bundes;JAHR;Jahr;2024;DINSG;Deutschland insgesamt;DG;Deutschland;VGRPB5;Preisbasis (jeweilige Preise / preisbereinigt);VGRPVU;preisbereinigt, unverkettete Volumenang.(Mrd. EUR);WZ08G3;WZ2008: Wirtschaftsbereiche der VGR;WZ08-47;Einzelhandel (ohne Handel mit Kraftfahrzeugen);276,220;jew. ME;PRO013;Produktionswert
81000;Volkswirtschaftliche Gesamtrechnungen des Bundes;JAHR;Jahr;2025;DINSG;Deutschland insgesamt;DG;Deutschland;VGRPB5;Preisbasis (jeweilige Preise / preisbereinigt);VGRPVU;preisbereinigt, unverkettete Volumenang.(Mrd. EUR);WZ08G3;WZ2008: Wirtschaftsbereiche der VGR;WZ08-G-01;Handel, Verkehr, Gastgewerbe;1421,892;jew. ME;PRO013;Produktionswert
81000;Volkswirtschaftliche Gesamtrechnungen des Bundes;JAHR;Jahr;2021;DINSG;Deutschland insgesamt;DG;Deutschland;VGRPB5;Preisbasis (jeweilige Preise / preisbereinigt);VGRPVU;preisbereinigt, unverkettete Volumenang.(Mrd. EUR);WZ08G3;WZ2008: Wirtschaftsbereiche der VGR;WZ08-31-01;Möbelherstellung, Installation von Maschinen;105,529;jew. ME;PRO013;Produktionswert
81000;Volkswirtschaftliche Gesamtrechnungen des Bundes;JAHR;Jahr;2022;DINSG;Deutschland insgesamt;DG;Deutschland;VGRPB5;Preisbasis (jeweilige Preise / preisbereinigt);VGRPVU;preisbereinigt, unverkettete Volumenang.(Mrd. EUR);WZ08G3;WZ2008: Wirtschaftsbereiche der VGR;WZ08-47;Einzelhandel (ohne Handel mit Kraftfahrzeugen);245,196;jew. ME;PRO013;Produktionswert
81000;Volkswirtschaftliche Gesamtrechnungen des Bundes;JAHR;Jahr;2024;DINSG;Deutschland insgesamt;DG;Deutschland;VGRPB5;Preisbasis (jeweilige Preise / preisbereinigt);VGRPVU;preisbereinigt, unverkettete Volumenang.(Mrd. EUR);WZ08G3;WZ2008: Wirtschaftsbereiche der VGR;WZ08-59-01;Audiovisuelle Medien und Rundfunk;40,718;jew. ME;PRO013;Produktionswert
81000;Volkswirtschaftliche Gesamtrechnungen des Bundes;JAHR;Jahr;2022;DINSG;Deutschland insgesamt;DG;Deutschland;VGRPB5;Preisbasis (jeweilige Preise / preisbereinigt);VGRPVK;preisbereinigt, verkettete Volumenang. (Mrd. EUR);WZ08G3;WZ2008: Wirtschaftsbereiche der VGR;WZ08-45;Kfz-Handel, Instandhaltung und Reparatur von Kfz;85,791;jew. ME;PRO013;Produktionswert
81000;Volkswirtschaftliche Gesamtrechnungen des Bundes;JAHR;Jahr;2023;DINSG;Deutschland insgesamt;DG;Deutschland;VGRPB5;Preisbasis (jeweilige Preise / preisbereinigt);VGRPVK;preisbereinigt, verkettete Volumenang. (Mrd. EUR);WZ08G3;WZ2008: Wirtschaftsbereiche der VGR;WZ08-M;Freiberufliche, wiss. u. techn. Dienstleistungen;486,675;jew. ME;PRO013;Produktionswert
81000;Volkswirtschaftliche Gesamtrechnungen des Bundes;JAHR;Jahr;2022;DINSG;Deutschland insgesamt;DG;Deutschland;VGRPB5;Preisbasis (jeweilige Preise / preisbereinigt);VGRJPM;in jeweiligen Preisen (Mrd. EUR);WZ08G3;WZ2008: Wirtschaftsbereiche der VGR;WZ08-87-01;Heime und Sozialwesen;165,331;jew. ME;PRO013;Produktionswert
81000;Volkswirtschaftliche Gesamtrechnungen des Bundes;JAHR;Jahr;2025;DINSG;Deutschland insgesamt;DG;Deutschland;VGRPB5;Preisbasis (jeweilige Preise / preisbereinigt);VGRPKM;preisbereinigt, Kettenindex (2020=100);WZ08G3;WZ2008: Wirtschaftsbereiche der VGR;WZ08-53;Post-, Kurier- und Expressdienste;...;jew. ME;PRO013;Produktionswert
81000;Volkswirtschaftliche Gesamtrechnungen des Bundes;JAHR;Jahr;2025;DINSG;Deutschland insgesamt;DG;Deutschland;VGRPB5;Preisbasis (jeweilige Preise / preisbereinigt);VGRPVU;preisbereinigt, unverkettete Volumenang.(Mrd. EUR);WZ08G3;WZ2008: Wirtschaftsbereiche der VGR;WZ08-C;Verarbeitendes Gewerbe;2316,867;jew. ME;PRO013;Produktionswert
81000;Volkswirtschaftliche Gesamtrechnungen des Bundes;JAHR;Jahr;2022;DINSG;Deutschland insgesamt;DG;Deutschland;VGRPB5;Preisbasis (jeweilige Preise / preisbereinigt);VGRPVK;preisbereinigt, verkettete Volumenang. (Mrd. EUR);WZ08G3;WZ2008: Wirtschaftsbereiche der VGR;WZ08-D;Energieversorgung;108,135;jew. ME;PRO013;Produktionswert
81000;Volkswirtschaftliche Gesamtrechnungen des Bundes;JAHR;Jahr;2024;DINSG;Deutschland insgesamt;DG;Deutschland;VGRPB5;Preisbasis (jeweilige Preise / preisbereinigt);VGRPVK;preisbereinigt, verkettete Volumenang. (Mrd. EUR);WZ08G3;WZ2008: Wirtschaftsbereiche der VGR;WZ08-41;Hochbau;66,286;jew. ME;PRO013;Produktionswert
81000;Volkswirtschaftliche Gesamtrechnungen des Bundes;JAHR;Jahr;2024;DINSG;Deutschland insgesamt;DG;Deutschland;VGRPB5;Preisbasis (jeweilige Preise / preisbereinigt);VGRPKM;preisbereinigt, Kettenindex (2020=100);WZ08G3;WZ2008: Wirtschaftsbereiche der VGR;WZ08-16;H.v. Holz-, Flecht-, Korb-u.Korkwaren (ohne Möbel);88,210;jew. ME;PRO013;Produktionswert
81000;Volkswirtschaftliche Gesamtrechnungen des Bundes;JAHR;Jahr;2022;DINSG;Deutschland insgesamt;DG;Deutschland;VGRPB5;Preisbasis (jeweilige Preise / preisbereinigt);VGRPKM;preisbereinigt, Kettenindex (2020=100);WZ08G3;WZ2008: Wirtschaftsbereiche der VGR;WZ08-73;Werbung und Marktforschung;121,160;jew. ME;PRO013;Produktionswert
81000;Volkswirtschaftliche Gesamtrechnungen des Bundes;JAHR;Jahr;2024;DINSG;Deutschland insgesamt;DG;Deutschland;VGRPB5;Preisbasis (jeweilige Preise / preisbereinigt);VGRPVU;preisbereinigt, unverkettete Volumenang.(Mrd. EUR);WZ08G3;WZ2008: Wirtschaftsbereiche der VGR;WZ08-K;Erbringung v. Finanz- u. Versicherungsdienstleist.;344,903;jew. ME;PRO013;Produktionswert
81000;Volkswirtschaftliche Gesamtrechnungen des Bundes;JAHR;Jahr;2022;DINSG;Deutschland insgesamt;DG;Deutschland;VGRPB5;Preisbasis (jeweilige Preise / preisbereinigt);VGRJPM;in jeweiligen Preisen (Mrd. EUR);WZ08G3;WZ2008: Wirtschaftsbereiche der VGR;WZ08-37-01;Abwasser-, Abfallentsorgung, Rückgewinnung;81,101;jew. ME;PRO013;Produktionswert
81000;Volkswirtschaftliche Gesamtrechnungen des Bundes;JAHR;Jahr;2023;DINSG;Deutschland insgesamt;DG;Deutschland;VGRPB5;Preisbasis (jeweilige Preise / preisbereinigt);VGRPKM;preisbereinigt, Kettenindex (2020=100);WZ08G3;WZ2008: Wirtschaftsbereiche der VGR;WZ08-G-01;Handel, Verkehr, Gastgewerbe;108,800;jew. ME;PRO013;Produktionswert
81000;Volkswirtschaftliche Gesamtrechnungen des Bundes;JAHR;Jahr;2025;DINSG;Deutschland insgesamt;DG;Deutschland;VGRPB5;Preisbasis (jeweilige Preise / preisbereinigt);VGRJPM;in jeweiligen Preisen (Mrd. EUR);WZ08G3;WZ2008: Wirtschaftsbereiche der VGR;WZ08-27;Herstellung von elektrischen Ausrüstungen;...;jew. ME;PRO013;Produktionswert
81000;Volkswirtschaftliche Gesamtrechnungen des Bundes;JAHR;Jahr;2021;DINSG;Deutschland insgesamt;DG;Deutschland;VGRPB5;Preisbasis (jeweilige Preise / preisbereinigt);VGRPVU;preisbereinigt, unverkettete Volumenang.(Mrd. EUR);WZ08G3;WZ2008: Wirtschaftsbereiche der VGR;WZ08-P;Erziehung und Unterricht;201,316;jew. ME;PRO013;Produktionswert
81000;Volkswirtschaftliche Gesamtrechnungen des Bundes;JAHR;Jahr;2024;DINSG;Deutschland insgesamt;DG;Deutschland;VGRPB5;Preisbasis (jeweilige Preise / preisbereinigt);VGRPVK;preisbereinigt, verkettete Volumenang. (Mrd. EUR);WZ08G3;WZ2008: Wirtschaftsbereiche der VGR;WZ08-O-03;Öffentliche Dienstleister, Erziehung, Gesundheit;994,433;jew. ME;PRO013;Produktionswert
81000;Volkswirtschaftliche Gesamtrechnungen des Bundes;JAHR;Jahr;2025;DINSG;Deutschland insgesamt;DG;Deutschland;VGRPB5;Preisbasis (jeweilige Preise / preisbereinigt);VGRJPM;in jeweiligen Preisen (Mrd. EUR);WZ08G3;WZ2008: Wirtschaftsbereiche der VGR;WZ08-J;Information und Kommunikation;431,817;jew. ME;PRO013;Produktionswert
81000;Volkswirtschaftliche Gesamtrechnungen des Bundes;JAHR;Jahr;2023;DINSG;Deutschland insgesamt;DG;Deutschland;VGRPB5;Preisbasis (jeweilige Preise / preisbereinigt);VGRPVU;preisbereinigt, unverkettete Volumenang.(Mrd. EUR);WZ08G3;WZ2008: Wirtschaftsbereiche der VGR;WZ08-B-18;Produzierendes Gewerbe ohne Baugewerbe;2639,159;jew. ME;PRO013;Produktionswert
81000;Volkswirtschaftliche Gesamtrechnungen des Bundes;JAHR;Jahr;2024;DINSG;Deutschland insgesamt;DG;Deutschland;VGRPB5;Preisbasis (jeweilige Preise / preisbereinigt);VGRJPM;in jeweiligen Preisen (Mrd. EUR);WZ08G3;WZ2008: Wirtschaftsbereiche der VGR;WZ08-46;Großhandel (ohne Handel mit Kraftfahrzeugen);351,263;jew. ME;PRO013;Produktionswert
81000;Volkswirtschaftliche Gesamtrechnungen des Bundes;JAHR;Jahr;2025;DINSG;Deutschland insgesamt;DG;Deutschland;VGRPB5;Preisbasis (jeweilige Preise / preisbereinigt);VGRPVU;preisbereinigt, unverkettete Volumenang.(Mrd. EUR);WZ08G3;WZ2008: Wirtschaftsbereiche der VGR;WZ08-T;Private Haushalte;9,818;jew. ME;PRO013;Produktionswert
81000;Volkswirtschaftliche Gesamtrechnungen des Bundes;JAHR;Jahr;2021;DINSG;Deutschland insgesamt;DG;Deutschland;VGRPB5;Preisbasis (jeweilige Preise / preisbereinigt);VGRJPM;in jeweiligen Preisen (Mrd. EUR);WZ08G3;WZ2008: Wirtschaftsbereiche der VGR;WZ08-F;Baugewerbe;396,038;jew. ME;PRO013;Produktionswert
81000;Volkswirtschaftliche Gesamtrechnungen des Bundes;JAHR;Jahr;2024;DINSG;Deutschland insgesamt;DG;Deutschland;VGRPB5;Preisbasis (jeweilige Preise / preisbereinigt);VGRPVK;preisbereinigt, verkettete Volumenang. (Mrd. EUR);WZ08G3;WZ2008: Wirtschaftsbereiche der VGR;WZ08-31-01;Möbelherstellung, Installation von Maschinen;115,836;jew. ME;PRO013;Produktionswert
81000;Volkswirtschaftliche Gesamtrechnungen des Bundes;JAHR;Jahr;2022;DINSG;Deutschland insgesamt;DG;Deutschland;VGRPB5;Preisbasis (jeweilige Preise / preisbereinigt);VGRJPM;in jeweiligen Preisen (Mrd. EUR);WZ08G3;WZ2008: Wirtschaftsbereiche der VGR;WZ08-46;Großhandel (ohne Handel mit Kraftfahrzeugen);371,219;jew. ME;PRO013;Produktionswert
81000;Volkswirtschaftliche Gesamtrechnungen des Bundes;JAHR;Jahr;2025;DINSG;Deutschland insgesamt;DG;Deutschland;VGRPB5;Preisbasis (jeweilige Preise / preisbereinigt);VGRPVK;preisbereinigt, verkettete Volumenang. (Mrd. EUR);WZ08G3;WZ2008: Wirtschaftsbereiche der VGR;WZ08-62-01;IT- und Informationsdienstleister;...;jew. ME;PRO013;Produktionswert
81000;Volkswirtschaftliche Gesamtrechnungen des Bundes;JAHR;Jahr;2025;DINSG;Deutschland insgesamt;DG;Deutschland;VGRPB5;Preisbasis (jeweilige Preise / preisbereinigt);VGRPKM;preisbereinigt, Kettenindex (2020=100);WZ08G3;WZ2008: Wirtschaftsbereiche der VGR;WZ08-22;Herstellung von Gummi- und Kunststoffwaren;...;jew. ME;PRO013;Produktionswert
81000;Volkswirtschaftliche Gesamtrechnungen des Bundes;JAHR;Jahr;2022;DINSG;Deutschland insgesamt;DG;Deutschland;VGRPB5;Preisbasis (jeweilige Preise / preisbereinigt);VGRPKM;preisbereinigt, Kettenindex (2020=100);WZ08G3;WZ2008: Wirtschaftsbereiche der VGR;WZ08-29;Herstellung von Kraftwagen und Kraftwagenteilen;114,600;jew. ME;PRO013;Produktionswert
81000;Volkswirtschaftliche Gesamtrechnungen des Bundes;JAHR;Jahr;2024;DINSG;Deutschland insgesamt;DG;Deutschland;VGRPB5;Preisbasis (jeweilige Preise / preisbereinigt);VGRJPM;in jeweiligen Preisen (Mrd. EUR);WZ08G3;WZ2008: Wirtschaftsbereiche der VGR;WZ08-69-02;Rechts- und Steuerberatung, Unternehmensberatung;294,120;jew. ME;PRO013;Produktionswert
81000;Volkswirtschaftliche Gesamtrechnungen des Bundes;JAHR;Jahr;2023;DINSG;Deutschland insgesamt;DG;Deutschland;VGRPB5;Preisbasis (jeweilige Preise / preisbereinigt);VGRJPM;in jeweiligen Preisen (Mrd. EUR);WZ08G3;WZ2008: Wirtschaftsbereiche der VGR;WZ08-22-01;H.v. Gummi-, Kunststoff-, Glaswaren, Keramik u.Ä.;152,514;jew. ME;PRO013;Produktionswert
81000;Volkswirtschaftliche Gesamtrechnungen des Bundes;JAHR;Jahr;2023;DINSG;Deutschland insgesamt;DG;Deutschland;VGRPB5;Preisbasis (jeweilige Preise / preisbereinigt);VGRPVK;preisbereinigt, verkettete Volumenang. (Mrd. EUR);WZ08G3;WZ2008: Wirtschaftsbereiche der VGR;WZ08-29-01;Fahrzeugbau;467,503;jew. ME;PRO013;Produktionswert
81000;Volkswirtschaftliche Gesamtrechnungen des Bundes;JAHR;Jahr;2025;DINSG;Deutschland insgesamt;DG;Deutschland;VGRPB5;Preisbasis (jeweilige Preise / preisbereinigt);VGRPKM;preisbereinigt, Kettenindex (2020=100);WZ08G3;WZ2008: Wirtschaftsbereiche der VGR;WZ08-O;Öff. Verwaltung, Verteidigung, Sozialversicherung;105,110;jew. ME;PRO013;Produktionswert
81000;Volkswirtschaftliche Gesamtrechnungen des Bundes;JAHR;Jahr;2023;DINSG;Deutschland insgesamt;DG;Deutschland;VGRPB5;Preisbasis (jeweilige Preise / preisbereinigt);VGRPVU;preisbereinigt, unverkettete Volumenang.(Mrd. EUR);WZ08G3;WZ2008: Wirtschaftsbereiche der VGR;WZ08-G-04;Dienstleistungsbereiche;4696,946;jew. ME;PRO013;Produktionswert
81000;Volkswirtschaftliche Gesamtrechnungen des Bundes;JAHR;Jahr;2024;DINSG;Deutschland insgesamt;DG;Deutschland;VGRPB5;Preisbasis (jeweilige Preise / preisbereinigt);VGRPVU;preisbereinigt, unverkettete Volumenang.(Mrd. EUR);WZ08G3;WZ2008: Wirtschaftsbereiche der VGR;WZ08-25;Herstellung von Metallerzeugnissen;158,593;jew. ME;PRO013;Produktionswert
81000;Volkswirtschaftliche Gesamtrechnungen des Bundes;JAHR;Jahr;2024;DINSG;Deutschland insgesamt;DG;Deutschland;VGRPB5;Preisbasis (jeweilige Preise / preisbereinigt);VGRPKM;preisbereinigt, Kettenindex (2020=100);WZ08G3;WZ2008: Wirtschaftsbereiche der VGR;WZ08-95;Reparatur von DV-Geräten und Gebrauchsgütern;105,230;jew. ME;PRO013;Produktionswert
81000;Volkswirtschaftliche Gesamtrechnungen des Bundes;JAHR;Jahr;2022;DINSG;Deutschland insgesamt;DG;Deutschland;VGRPB5;Preisbasis (jeweilige Preise / preisbereinigt);VGRJPM;in jeweiligen Preisen (Mrd. EUR);WZ08G3;WZ2008: Wirtschaftsbereiche der VGR;WZ08-33;Reparatur u.Installation von Masch.u.Ausrüstungen;53,763;jew. ME;PRO013;Produktionswert
81000;Volkswirtschaftliche Gesamtrechnungen des Bundes;JAHR;Jahr;2024;DINSG;Deutschland insgesamt;DG;Deutschland;VGRPB5;Preisbasis (jeweilige Preise / preisbereinigt);VGRJPM;in jeweiligen Preisen (Mrd. EUR);WZ08G3;WZ2008: Wirtschaftsbereiche der VGR;WZ08-S;Erbringung von sonstigen Dienstleistungen;126,599;jew. ME;PRO013;Produktionswert
81000;Volkswirtschaftliche Gesamtrechnungen des Bundes;JAHR;Jahr;2023;DINSG;Deutschland insgesamt;DG;Deutschland;VGRPB5;Preisbasis (jeweilige Preise / preisbereinigt);VGRPVK;preisbereinigt, verkettete Volumenang. (Mrd. EUR);WZ08G3;WZ2008: Wirtschaftsbereiche der VGR;WZ08-26;H.v. DV-Geräten, elektron. u. opt. Erzeugnissen;108,943;jew. ME;PRO013;Produktionswert
81000;Volkswirtschaftliche Gesamtrechnungen des Bundes;JAHR;Jahr;2021;DINSG;Deutschland insgesamt;DG;Deutschland;VGRPB5;Preisbasis (jeweilige Preise / preisbereinigt);VGRPKM;preisbereinigt, Kettenindex (2020=100);WZ08G3;WZ2008: Wirtschaftsbereiche der VGR;WZ08-79;Reisebüros, -veranstalter u. sonst. Reservierungen;93,070;jew. ME;PRO013;Produktionswert
81000;Volkswirtschaftliche Gesamtrechnungen des Bundes;JAHR;Jahr;2023;DINSG;Deutschland insgesamt;DG;Deutschland;VGRPB5;Preisbasis (jeweilige Preise / preisbereinigt);VGRJPM;in jeweiligen Preisen (Mrd. EUR);WZ08G3;WZ2008: Wirtschaftsbereiche der VGR;WZ08-93;Dienstleistungen d.Sports,d.Unterhaltg.u.Erholung;39,336;jew. ME;PRO013;Produktionswert
81000;Volkswirtschaftliche Gesamtrechnungen des Bundes;JAHR;Jahr;2021;DINSG;Deutschland insgesamt;DG;Deutschland;VGRPB5;Preisbasis (jeweilige Preise / preisbereinigt);VGRPKM;preisbereinigt, Kettenindex (2020=100);WZ08G3;WZ2008: Wirtschaftsbereiche der VGR;WZ08-87-01;Heime und Sozialwesen;101,930;jew. ME;PRO013;Produktionswert
81000;Volkswirtschaftliche Gesamtrechnungen des Bundes;JAHR;Jahr;2024;DINSG;Deutschland insgesamt;DG;Deutschland;VGRPB5;Preisbasis (jeweilige Preise / preisbereinigt);VGRJPM;in jeweiligen Preisen (Mrd. EUR);WZ08G3;WZ2008: Wirtschaftsbereiche der VGR;WZ08-77;Vermietung von beweglichen Sachen;97,578;jew. ME;PRO013;Produktionswert
81000;Volkswirtschaftliche Gesamtrechnungen des Bundes;JAHR;Jahr;2023;DINSG;Deutschland insgesamt;DG;Deutschland;VGRPB5;Preisbasis (jeweilige Preise / preisbereinigt);VGRPVU;preisbereinigt, unverkettete Volumenang.(Mrd. EUR);WZ08G3;WZ2008: Wirtschaftsbereiche der VGR;WZ08-80-01;Unternehmensdienstleister a.n.g.;177,979;jew. ME;PRO013;Produktionswert
81000;Volkswirtschaftliche Gesamtrechnungen des Bundes;JAHR;Jahr;2025;DINSG;Deutschland insgesamt;DG;Deutschland;VGRPB5;Preisbasis (jeweilige Preise / preisbereinigt);VGRPKM;preisbereinigt, Kettenindex (2020=100);WZ08G3;WZ2008: Wirtschaftsbereiche der VGR;WZ08-79;Reisebüros, -veranstalter u. sonst. Reservierungen;...;jew. ME;PRO013;Produktionswert
81000;Volkswirtschaftliche Gesamtrechnungen des Bundes;JAHR;Jahr;2024;DINSG;Deutschland insgesamt;DG;Deutschland;VGRPB5;Preisbasis (jeweilige Preise / preisbereinigt);VGRPKM;preisbereinigt, Kettenindex (2020=100);WZ08G3;WZ2008: Wirtschaftsbereiche der VGR;WZ08-29-01;Fahrzeugbau;117,810;jew. ME;PRO013;Produktionswert
81000;Volkswirtschaftliche Gesamtrechnungen des Bundes;JAHR;Jahr;2024;DINSG;Deutschland insgesamt;DG;Deutschland;VGRPB5;Preisbasis (jeweilige Preise / preisbereinigt);VGRJPM;in jeweiligen Preisen (Mrd. EUR);WZ08G3;WZ2008: Wirtschaftsbereiche der VGR;WZ08-90-01;Kunst und Kultur, Glücksspiel;42,443;jew. ME;PRO013;Produktionswert
81000;Volkswirtschaftliche Gesamtrechnungen des Bundes;JAHR;Jahr;2024;DINSG;Deutschland insgesamt;DG;Deutschland;VGRPB5;Preisbasis (jeweilige Preise / preisbereinigt);VGRJPM;in jeweiligen Preisen (Mrd. EUR);WZ08G3;WZ2008: Wirtschaftsbereiche der VGR;WZ08-B;Bergbau und Gewinnung von Steinen und Erden;12,924;jew. ME;PRO013;Produktionswert
81000;Volkswirtschaftliche Gesamtrechnungen des Bundes;JAHR;Jahr;2023;DINSG;Deutschland insgesamt;DG;Deutschland;VGRPB5;Preisbasis (jeweilige Preise / preisbereinigt);VGRPVK;preisbereinigt, verkettete Volumenang. (Mrd. EUR);WZ08G3;WZ2008: Wirtschaftsbereiche der VGR;WZ08-13-01;Textil- und Bekleidungsgewerbe;21,435;jew. ME;PRO013;Produktionswert
81000;Volkswirtschaftliche Gesamtrechnungen des Bundes;JAHR;Jahr;2021;DINSG;Deutschland insgesamt;DG;Deutschland;VGRPB5;Preisbasis (jeweilige Preise / preisbereinigt);VGRPVK;preisbereinigt, verkettete Volumenang. (Mrd. EUR);WZ08G3;WZ2008: Wirtschaftsbereiche der VGR;WZ08-17;Herstellung von Papier, Pappe und Waren daraus;38,460;jew. ME;PRO013;Produktionswert
81000;Volkswirtschaftliche Gesamtrechnungen des Bundes;JAHR;Jahr;2025;DINSG;Deutschland insgesamt;DG;Deutschland;VGRPB5;Preisbasis (jeweilige Preise / preisbereinigt);VGRPVK;preisbereinigt, verkettete Volumenang. (Mrd. EUR);WZ08G3;WZ2008: Wirtschaftsbereiche der VGR;WZ08-Q;Gesundheits- und Sozialwesen;442,229;jew. ME;PRO013;Produktionswert
81000;Volkswirtschaftliche Gesamtrechnungen des Bundes;JAHR;Jahr;2025;DINSG;Deutschland insgesamt;DG;Deutschland;VGRPB5;Preisbasis (jeweilige Preise / preisbereinigt);VGRJPM;in jeweiligen Preisen (Mrd. EUR);WZ08G3;WZ2008: Wirtschaftsbereiche der VGR;WZ08-71;Architektur-,Ing.büros,techn.,physik.Untersuchung;...;jew. ME;PRO013;Produktionswert
81000;Volkswirtschaftliche Gesamtrechnungen des Bundes;JAHR;Jahr;2022;DINSG;Deutschland insgesamt;DG;Deutschland;VGRPB5;Preisbasis (jeweilige Preise / preisbereinigt);VGRJPM;in jeweiligen Preisen (Mrd. EUR);WZ08G3;WZ2008: Wirtschaftsbereiche der VGR;WZ08-M-02;Unternehmensdienstleister;836,513;jew. ME;PRO013;Produktionswert
81000;Volkswirtschaftliche Gesamtrechnungen des Bundes;JAHR;Jahr;2024;DINSG;Deutschland insgesamt;DG;Deutschland;VGRPB5;Preisbasis (jeweilige Preise / preisbereinigt);VGRJPM;in jeweiligen Preisen (Mrd. EUR);WZ08G3;WZ2008: Wirtschaftsbereiche der VGR;WZ08-20;Herstellung von chemischen Erzeugnissen;158,943;jew. ME;PRO013;Produktionswert
81000;Volkswirtschaftliche Gesamtrechnungen des Bundes;JAHR;Jahr;2021;DINSG;Deutschland insgesamt;DG;Deutschland;VGRPB5;Preisbasis (jeweilige Preise / preisbereinigt);VGRPVU;preisbereinigt, unverkettete Volumenang.(Mrd. EUR);WZ08G3;WZ2008: Wirtschaftsbereiche der VGR;WZ08-021;Forstwirtschaft;4,311;jew. ME;PRO013;Produktionswert
81000;Volkswirtschaftliche Gesamtrechnungen des Bundes;JAHR;Jahr;2025;DINSG;Deutschland insgesamt;DG;Deutschland;VGRPB5;Preisbasis (jeweilige Preise / preisbereinigt);VGRPVK;preisbereinigt, verkettete Volumenang. (Mrd. EUR);WZ08G3;WZ2008: Wirtschaftsbereiche der VGR;WZ08-17;Herstellung von Papier, Pappe und Waren daraus;...;jew. ME;PRO013;Produktionswert
81000;Volkswirtschaftliche Gesamtrechnungen des Bundes;JAHR;Jahr;2021;DINSG;Deutschland insgesamt;DG;Deutschland;VGRPB5;Preisbasis (jeweilige Preise / preisbereinigt);VGRPKM;preisbereinigt, Kettenindex (2020=100);WZ08G3;WZ2008: Wirtschaftsbereiche der VGR;WZ08-22;Herstellung von Gummi- und Kunststoffwaren;109,590;jew. ME;PRO013;Produktionswert
81000;Volkswirtschaftliche Gesamtrechnungen des Bundes;JAHR;Jahr;2021;DINSG;Deutschland insgesamt;DG;Deutschland;VGRPB5;Preisbasis (jeweilige Preise / preisbereinigt);VGRPKM;preisbereinigt, Kettenindex (2020=100);WZ08G3;WZ2008: Wirtschaftsbereiche der VGR;WZ08-K;Erbringung v. Finanz- u. Versicherungsdienstleist.;104,390;jew. ME;PRO013;Produktionswert
81000;Volkswirtschaftliche Gesamtrechnungen des Bundes;JAHR;Jahr;2024;DINSG;Deutschland insgesamt;DG;Deutschland;VGRPB5;Preisbasis (jeweilige Preise / preisbereinigt);VGRPKM;preisbereinigt, Kettenindex (2020=100);WZ08G3;WZ2008: Wirtschaftsbereiche der VGR;WZ08-F;Baugewerbe;85,480;jew. ME;PRO013;Produktionswert
81000;Volkswirtschaftliche Gesamtrechnungen des Bundes;JAHR;Jahr;2023;DINSG;Deutschland insgesamt;DG;Deutschland;VGRPB5;Preisbasis (jeweilige Preise / preisbereinigt);VGRPKM;preisbereinigt, Kettenindex (2020=100);WZ08G3;WZ2008: Wirtschaftsbereiche der VGR;WZ08-66;Mit Finanz- u. Versicherungsdienstl. verb. Tätigk.;98,630;jew. ME;PRO013;Produktionswert
81000;Volkswirtschaftliche Gesamtrechnungen des Bundes;JAHR;Jahr;2025;DINSG;Deutschland insgesamt;DG;Deutschland;VGRPB5;Preisbasis (jeweilige Preise / preisbereinigt);VGRJPM;in jeweiligen Preisen (Mrd. EUR);WZ08G3;WZ2008: Wirtschaftsbereiche der VGR;WZ08-18;H.v. Druckerz., Vervielf.v.Ton-,Bild-,Datenträgern;...;jew. ME;PRO013;Produktionswert
81000;Volkswirtschaftliche Gesamtrechnungen des Bundes;JAHR;Jahr;2022;DINSG;Deutschland insgesamt;DG;Deutschland;VGRPB5;Preisbasis (jeweilige Preise / preisbereinigt);VGRPVU;preisbereinigt, unverkettete Volumenang.(Mrd. EUR);WZ08G3;WZ2008: Wirtschaftsbereiche der VGR;WZ08-A-02;Alle Wirtschaftsbereiche;7110,542;jew. ME;PRO013;Produktionswert
81000;Volkswirtschaftliche Gesamtrechnungen des Bundes;JAHR;Jahr;2023;DINSG;Deutschland insgesamt;DG;Deutschland;VGRPB5;Preisbasis (jeweilige Preise / preisbereinigt);VGRPKM;preisbereinigt, Kettenindex (2020=100);WZ08G3;WZ2008: Wirtschaftsbereiche der VGR;WZ08-58-01;Verlagswesen, audiovisuelle Medien und Rundfunk;92,100;jew. ME;PRO013;Produktionswert
81000;Volkswirtschaftliche Gesamtrechnungen des Bundes;JAHR;Jahr;2022;DINSG;Deutschland insgesamt;DG;Deutschland;VGRPB5;Preisbasis (jeweilige Preise / preisbereinigt);VGRPVK;preisbereinigt, verkettete Volumenang. (Mrd. EUR);WZ08G3;WZ2008: Wirtschaftsbereiche der VGR;WZ08-90-01;Kunst und Kultur, Glücksspiel;35,603;jew. ME;PRO013;Produktionswert
81000;Volkswirtschaftliche Gesamtrechnungen des Bundes;JAHR;Jahr;2023;DINSG;Deutschland insgesamt;DG;Deutschland;VGRPB5;Preisbasis (jeweilige Preise / preisbereinigt);VGRPVU;preisbereinigt, unverkettete Volumenang.(Mrd. EUR);WZ08G3;WZ2008: Wirtschaftsbereiche der VGR;WZ08-B-05;Produzierendes Gewerbe;3061,473;jew. ME;PRO013;Produktionswert
81000;Volkswirtschaftliche Gesamtrechnungen des Bundes;JAHR;Jahr;2024;DINSG;Deutschland insgesamt;DG;Deutschland;VGRPB5;Preisbasis (jeweilige Preise / preisbereinigt);VGRPKM;preisbereinigt, Kettenindex (2020=100);WZ08G3;WZ2008: Wirtschaftsbereiche der VGR;WZ08-59-01;Audiovisuelle Medien und Rundfunk;103,110;jew. ME;PRO013;Produktionswert
81000;Volkswirtschaftliche Gesamtrechnungen des Bundes;JAHR;Jahr;2021;DINSG;Deutschland insgesamt;DG;Deutschland;VGRPB5;Preisbasis (jeweilige Preise / preisbereinigt);VGRPVK;preisbereinigt, verkettete Volumenang. (Mrd. EUR);WZ08G3;WZ2008: Wirtschaftsbereiche der VGR;WZ08-M;Freiberufliche, wiss. u. techn. Dienstleistungen;449,351;jew. ME;PRO013;Produktionswert
81000;Volkswirtschaftliche Gesamtrechnungen des Bundes;JAHR;Jahr;2023;DINSG;Deutschland insgesamt;DG;Deutschland;VGRPB5;Preisbasis (jeweilige Preise / preisbereinigt);VGRJPM;in jeweiligen Preisen (Mrd. EUR);WZ08G3;WZ2008: Wirtschaftsbereiche der VGR;WZ08-71;Architektur-,Ing.büros,techn.,physik.Untersuchung;134,237;jew. ME;PRO013;Produktionswert
81000;Volkswirtschaftliche Gesamtrechnungen des Bundes;JAHR;Jahr;2024;DINSG;Deutschland insgesamt;DG;Deutschland;VGRPB5;Preisbasis (jeweilige Preise / preisbereinigt);VGRPVK;preisbereinigt, verkettete Volumenang. (Mrd. EUR);WZ08G3;WZ2008: Wirtschaftsbereiche der VGR;WZ08-H;Verkehr und Lagerei;421,590;jew. ME;PRO013;Produktionswert
81000;Volkswirtschaftliche Gesamtrechnungen des Bundes;JAHR;Jahr;2023;DINSG;Deutschland insgesamt;DG;Deutschland;VGRPB5;Preisbasis (jeweilige Preise / preisbereinigt);VGRPVU;preisbereinigt, unverkettete Volumenang.(Mrd. EUR);WZ08G3;WZ2008: Wirtschaftsbereiche der VGR;WZ08-C;Verarbeitendes Gewerbe;2322,783;jew. ME;PRO013;Produktionswert
81000;Volkswirtschaftliche Gesamtrechnungen des Bundes;JAHR;Jahr;2021;DINSG;Deutschland insgesamt;DG;Deutschland;VGRPB5;Preisbasis (jeweilige Preise / preisbereinigt);VGRJPM;in jeweiligen Preisen (Mrd. EUR);WZ08G3;WZ2008: Wirtschaftsbereiche der VGR;WZ08-18;H.v. Druckerz., Vervielf.v.Ton-,Bild-,Datenträgern;16,631;jew. ME;PRO013;Produktionswert
81000;Volkswirtschaftliche Gesamtrechnungen des Bundes;JAHR;Jahr;2023;DINSG;Deutschland insgesamt;DG;Deutschland;VGRPB5;Preisbasis (jeweilige Preise / preisbereinigt);VGRJPM;in jeweiligen Preisen (Mrd. EUR);WZ08G3;WZ2008: Wirtschaftsbereiche der VGR;WZ08-031;Fischerei;0,678;jew. ME;PRO013;Produktionswert
81000;Volkswirtschaftliche Gesamtrechnungen des Bundes;JAHR;Jahr;2021;DINSG;Deutschland insgesamt;DG;Deutschland;VGRPB5;Preisbasis (jeweilige Preise / preisbereinigt);VGRJPM;in jeweiligen Preisen (Mrd. EUR);WZ08G3;WZ2008: Wirtschaftsbereiche der VGR;WZ08-71;Architektur-,Ing.büros,techn.,physik.Untersuchung;109,218;jew. ME;PRO013;Produktionswert
81000;Volkswirtschaftliche Gesamtrechnungen des Bundes;JAHR;Jahr;2023;DINSG;Deutschland insgesamt;DG;Deutschland;VGRPB5;Preisbasis (jeweilige Preise / preisbereinigt);VGRJPM;in jeweiligen Preisen (Mrd. EUR);WZ08G3;WZ2008: Wirtschaftsbereiche der VGR;WZ08-18;H.v. Druckerz., Vervielf.v.Ton-,Bild-,Datenträgern;19,116;jew. ME;PRO013;Produktionswert
81000;Volkswirtschaftliche Gesamtrechnungen des Bundes;JAHR;Jahr;2022;DINSG;Deutschland insgesamt;DG;Deutschland;VGRPB5;Preisbasis (jeweilige Preise / preisbereinigt);VGRPVU;preisbereinigt, unverkettete Volumenang.(Mrd. EUR);WZ08G3;WZ2008: Wirtschaftsbereiche der VGR;WZ08-K;Erbringung v. Finanz- u. Versicherungsdienstleist.;292,277;jew. ME;PRO013;Produktionswert
81000;Volkswirtschaftliche Gesamtrechnungen des Bundes;JAHR;Jahr;2025;DINSG;Deutschland insgesamt;DG;Deutschland;VGRPB5;Preisbasis (jeweilige Preise / preisbereinigt);VGRJPM;in jeweiligen Preisen (Mrd. EUR);WZ08G3;WZ2008: Wirtschaftsbereiche der VGR;WZ08-29-01;Fahrzeugbau;...;jew. ME;PRO013;Produktionswert
81000;Volkswirtschaftliche Gesamtrechnungen des Bundes;JAHR;Jahr;2023;DINSG;Deutschland insgesamt;DG;Deutschland;VGRPB5;Preisbasis (jeweilige Preise / preisbereinigt);VGRJPM;in jeweiligen Preisen (Mrd. EUR);WZ08G3;WZ2008: Wirtschaftsbereiche der VGR;WZ08-R-02;Sonstige Dienstleister;209,250;jew. ME;PRO013;Produktionswert
81000;Volkswirtschaftliche Gesamtrechnungen des Bundes;JAHR;Jahr;2023;DINSG;Deutschland insgesamt;DG;Deutschland;VGRPB5;Preisbasis (jeweilige Preise / preisbereinigt);VGRPVU;preisbereinigt, unverkettete Volumenang.(Mrd. EUR);WZ08G3;WZ2008: Wirtschaftsbereiche der VGR;WZ08-T;Private Haushalte;8,978;jew. ME;PRO013;Produktionswert
81000;Volkswirtschaftliche Gesamtrechnungen des Bundes;JAHR;Jahr;2023;DINSG;Deutschland insgesamt;DG;Deutschland;VGRPB5;Preisbasis (jeweilige Preise / preisbereinigt);VGRJPM;in jeweiligen Preisen (Mrd. EUR);WZ08G3;WZ2008: Wirtschaftsbereiche der VGR;WZ08-J;Information und Kommunikation;394,907;jew. ME;PRO013;Produktionswert
81000;Volkswirtschaftliche Gesamtrechnungen des Bundes;JAHR;Jahr;2025;DINSG;Deutschland insgesamt;DG;Deutschland;VGRPB5;Preisbasis (jeweilige Preise / preisbereinigt);VGRJPM;in jeweiligen Preisen (Mrd. EUR);WZ08G3;WZ2008: Wirtschaftsbereiche der VGR;WZ08-93;Dienstleistungen d.Sports,d.Unterhaltg.u.Erholung;...;jew. ME;PRO013;Produktionswert
81000;Volkswirtschaftliche Gesamtrechnungen des Bundes;JAHR;Jahr;2023;DINSG;Deutschland insgesamt;DG;Deutschland;VGRPB5;Preisbasis (jeweilige Preise / preisbereinigt);VGRPKM;preisbereinigt, Kettenindex (2020=100);WZ08G3;WZ2008: Wirtschaftsbereiche der VGR;WZ08-69-02;Rechts- und Steuerberatung, Unternehmensberatung;127,480;jew. ME;PRO013;Produktionswert
81000;Volkswirtschaftliche Gesamtrechnungen des Bundes;JAHR;Jahr;2025;DINSG;Deutschland insgesamt;DG;Deutschland;VGRPB5;Preisbasis (jeweilige Preise / preisbereinigt);VGRPKM;preisbereinigt, Kettenindex (2020=100);WZ08G3;WZ2008: Wirtschaftsbereiche der VGR;WZ08-24-01;Metallgewerbe;...;jew. ME;PRO013;Produktionswert
81000;Volkswirtschaftliche Gesamtrechnungen des Bundes;JAHR;Jahr;2025;DINSG;Deutschland insgesamt;DG;Deutschland;VGRPB5;Preisbasis (jeweilige Preise / preisbereinigt);VGRJPM;in jeweiligen Preisen (Mrd. EUR);WZ08G3;WZ2008: Wirtschaftsbereiche der VGR;WZ08-13-01;Textil- und Bekleidungsgewerbe;...;jew. ME;PRO013;Produktionswert
81000;Volkswirtschaftliche Gesamtrechnungen des Bundes;JAHR;Jahr;2023;DINSG;Deutschland insgesamt;DG;Deutschland;VGRPB5;Preisbasis (jeweilige Preise / preisbereinigt);VGRPVU;preisbereinigt, unverkettete Volumenang.(Mrd. EUR);WZ08G3;WZ2008: Wirtschaftsbereiche der VGR;WZ08-58-01;Verlagswesen, audiovisuelle Medien und Rundfunk;66,333;jew. ME;PRO013;Produktionswert
81000;Volkswirtschaftliche Gesamtrechnungen des Bundes;JAHR;Jahr;2021;DINSG;Deutschland insgesamt;DG;Deutschland;VGRPB5;Preisbasis (jeweilige Preise / preisbereinigt);VGRPVU;preisbereinigt, unverkettete Volumenang.(Mrd. EUR);WZ08G3;WZ2008: Wirtschaftsbereiche der VGR;WZ08-71;Architektur-,Ing.büros,techn.,physik.Untersuchung;106,661;jew. ME;PRO013;Produktionswert
81000;Volkswirtschaftliche Gesamtrechnungen des Bundes;JAHR;Jahr;2022;DINSG;Deutschland insgesamt;DG;Deutschland;VGRPB5;Preisbasis (jeweilige Preise / preisbereinigt);VGRPKM;preisbereinigt, Kettenindex (2020=100);WZ08G3;WZ2008: Wirtschaftsbereiche der VGR;WZ08-B;Bergbau und Gewinnung von Steinen und Erden;93,410;jew. ME;PRO013;Produktionswert
81000;Volkswirtschaftliche Gesamtrechnungen des Bundes;JAHR;Jahr;2025;DINSG;Deutschland insgesamt;DG;Deutschland;VGRPB5;Preisbasis (jeweilige Preise / preisbereinigt);VGRPVU;preisbereinigt, unverkettete Volumenang.(Mrd. EUR);WZ08G3;WZ2008: Wirtschaftsbereiche der VGR;WZ08-49;Landverkehr und Transport in Rohrfernleitungen;...;jew. ME;PRO013;Produktionswert
81000;Volkswirtschaftliche Gesamtrechnungen des Bundes;JAHR;Jahr;2022;DINSG;Deutschland insgesamt;DG;Deutschland;VGRPB5;Preisbasis (jeweilige Preise / preisbereinigt);VGRJPM;in jeweiligen Preisen (Mrd. EUR);WZ08G3;WZ2008: Wirtschaftsbereiche der VGR;WZ08-77;Vermietung von beweglichen Sachen;93,659;jew. ME;PRO013;Produktionswert
81000;Volkswirtschaftliche Gesamtrechnungen des Bundes;JAHR;Jahr;2021;DINSG;Deutschland insgesamt;DG;Deutschland;VGRPB5;Preisbasis (jeweilige Preise / preisbereinigt);VGRPVU;preisbereinigt, unverkettete Volumenang.(Mrd. EUR);WZ08G3;WZ2008: Wirtschaftsbereiche der VGR;WZ08-87-01;Heime und Sozialwesen;145,463;jew. ME;PRO013;Produktionswert
81000;Volkswirtschaftliche Gesamtrechnungen des Bundes;JAHR;Jahr;2023;DINSG;Deutschland insgesamt;DG;Deutschland;VGRPB5;Preisbasis (jeweilige Preise / preisbereinigt);VGRPVU;preisbereinigt, unverkettete Volumenang.(Mrd. EUR);WZ08G3;WZ2008: Wirtschaftsbereiche der VGR;WZ08-O-03;Öffentliche Dienstleister, Erziehung, Gesundheit;1062,373;jew. ME;PRO013;Produktionswert
81000;Volkswirtschaftliche Gesamtrechnungen des Bundes;JAHR;Jahr;2022;DINSG;Deutschland insgesamt;DG;Deutschland;VGRPB5;Preisbasis (jeweilige Preise / preisbereinigt);VGRPVU;preisbereinigt, unverkettete Volumenang.(Mrd. EUR);WZ08G3;WZ2008: Wirtschaftsbereiche der VGR;WZ08-29;Herstellung von Kraftwagen und Kraftwagenteilen;392,131;jew. ME;PRO013;Produktionswert
81000;Volkswirtschaftliche Gesamtrechnungen des Bundes;JAHR;Jahr;2024;DINSG;Deutschland insgesamt;DG;Deutschland;VGRPB5;Preisbasis (jeweilige Preise / preisbereinigt);VGRPKM;preisbereinigt, Kettenindex (2020=100);WZ08G3;WZ2008: Wirtschaftsbereiche der VGR;WZ08-51;Luftfahrt;218,870;jew. ME;PRO013;Produktionswert
81000;Volkswirtschaftliche Gesamtrechnungen des Bundes;JAHR;Jahr;2022;DINSG;Deutschland insgesamt;DG;Deutschland;VGRPB5;Preisbasis (jeweilige Preise / preisbereinigt);VGRJPM;in jeweiligen Preisen (Mrd. EUR);WZ08G3;WZ2008: Wirtschaftsbereiche der VGR;WZ08-S;Erbringung von sonstigen Dienstleistungen;114,439;jew. ME;PRO013;Produktionswert
81000;Volkswirtschaftliche Gesamtrechnungen des Bundes;JAHR;Jahr;2023;DINSG;Deutschland insgesamt;DG;Deutschland;VGRPB5;Preisbasis (jeweilige Preise / preisbereinigt);VGRJPM;in jeweiligen Preisen (Mrd. EUR);WZ08G3;WZ2008: Wirtschaftsbereiche der VGR;WZ08-53;Post-, Kurier- und Expressdienste;62,953;jew. ME;PRO013;Produktionswert
81000;Volkswirtschaftliche Gesamtrechnungen des Bundes;JAHR;Jahr;2023;DINSG;Deutschland insgesamt;DG;Deutschland;VGRPB5;Preisbasis (jeweilige Preise / preisbereinigt);VGRJPM;in jeweiligen Preisen (Mrd. EUR);WZ08G3;WZ2008: Wirtschaftsbereiche der VGR;WZ08-A-02;Alle Wirtschaftsbereiche;8144,537;jew. ME;PRO013;Produktionswert
81000;Volkswirtschaftliche Gesamtrechnungen des Bundes;JAHR;Jahr;2025;DINSG;Deutschland insgesamt;DG;Deutschland;VGRPB5;Preisbasis (jeweilige Preise / preisbereinigt);VGRPVU;preisbereinigt, unverkettete Volumenang.(Mrd. EUR);WZ08G3;WZ2008: Wirtschaftsbereiche der VGR;WZ08-87-01;Heime und Sozialwesen;...;jew. ME;PRO013;Produktionswert
81000;Volkswirtschaftliche Gesamtrechnungen des Bundes;JAHR;Jahr;2022;DINSG;Deutschland insgesamt;DG;Deutschland;VGRPB5;Preisbasis (jeweilige Preise / preisbereinigt);VGRPVU;preisbereinigt, unverkettete Volumenang.(Mrd. EUR);WZ08G3;WZ2008: Wirtschaftsbereiche der VGR;WZ08-C;Verarbeitendes Gewerbe;2072,765;jew. ME;PRO013;Produktionswert
81000;Volkswirtschaftliche Gesamtrechnungen des Bundes;JAHR;Jahr;2023;DINSG;Deutschland insgesamt;DG;Deutschland;VGRPB5;Preisbasis (jeweilige Preise / preisbereinigt);VGRPVK;preisbereinigt, verkettete Volumenang. (Mrd. EUR);WZ08G3;WZ2008: Wirtschaftsbereiche der VGR;WZ08-031;Fischerei;0,545;jew. ME;PRO013;Produktionswert
81000;Volkswirtschaftliche Gesamtrechnungen des Bundes;JAHR;Jahr;2021;DINSG;Deutschland insgesamt;DG;Deutschland;VGRPB5;Preisbasis (jeweilige Preise / preisbereinigt);VGRPKM;preisbereinigt, Kettenindex (2020=100);WZ08G3;WZ2008: Wirtschaftsbereiche der VGR;WZ08-031;Fischerei;92,460;jew. ME;PRO013;Produktionswert
81000;Volkswirtschaftliche Gesamtrechnungen des Bundes;JAHR;Jahr;2022;DINSG;Deutschland insgesamt;DG;Deutschland;VGRPB5;Preisbasis (jeweilige Preise / preisbereinigt);VGRJPM;in jeweiligen Preisen (Mrd. EUR);WZ08G3;WZ2008: Wirtschaftsbereiche der VGR;WZ08-B;Bergbau und Gewinnung von Steinen und Erden;13,400;jew. ME;PRO013;Produktionswert
81000;Volkswirtschaftliche Gesamtrechnungen des Bundes;JAHR;Jahr;2025;DINSG;Deutschland insgesamt;DG;Deutschland;VGRPB5;Preisbasis (jeweilige Preise / preisbereinigt);VGRPVU;preisbereinigt, unverkettete Volumenang.(Mrd. EUR);WZ08G3;WZ2008: Wirtschaftsbereiche der VGR;WZ08-G;Handel, Instandhaltung und Reparatur von Kfz;771,132;jew. ME;PRO013;Produktionswert
81000;Volkswirtschaftliche Gesamtrechnungen des Bundes;JAHR;Jahr;2025;DINSG;Deutschland insgesamt;DG;Deutschland;VGRPB5;Preisbasis (jeweilige Preise / preisbereinigt);VGRPKM;preisbereinigt, Kettenindex (2020=100);WZ08G3;WZ2008: Wirtschaftsbereiche der VGR;WZ08-31-01;Möbelherstellung, Installation von Maschinen;...;jew. ME;PRO013;Produktionswert
81000;Volkswirtschaftliche Gesamtrechnungen des Bundes;JAHR;Jahr;2022;DINSG;Deutschland insgesamt;DG;Deutschland;VGRPB5;Preisbasis (jeweilige Preise / preisbereinigt);VGRPVU;preisbereinigt, unverkettete Volumenang.(Mrd. EUR);WZ08G3;WZ2008: Wirtschaftsbereiche der VGR;WZ08-62-01;IT- und Informationsdienstleister;220,169;jew. ME;PRO013;Produktionswert
81000;Volkswirtschaftliche Gesamtrechnungen des Bundes;JAHR;Jahr;2022;DINSG;Deutschland insgesamt;DG;Deutschland;VGRPB5;Preisbasis (jeweilige Preise / preisbereinigt);VGRPVU;preisbereinigt, unverkettete Volumenang.(Mrd. EUR);WZ08G3;WZ2008: Wirtschaftsbereiche der VGR;WZ08-T;Private Haushalte;8,380;jew. ME;PRO013;Produktionswert
81000;Volkswirtschaftliche Gesamtrechnungen des Bundes;JAHR;Jahr;2022;DINSG;Deutschland insgesamt;DG;Deutschland;VGRPB5;Preisbasis (jeweilige Preise / preisbereinigt);VGRPVK;preisbereinigt, verkettete Volumenang. (Mrd. EUR);WZ08G3;WZ2008: Wirtschaftsbereiche der VGR;WZ08-69-02;Rechts- und Steuerberatung, Unternehmensberatung;244,573;jew. ME;PRO013;Produktionswert
81000;Volkswirtschaftliche Gesamtrechnungen des Bundes;JAHR;Jahr;2021;DINSG;Deutschland insgesamt;DG;Deutschland;VGRPB5;Preisbasis (jeweilige Preise / preisbereinigt);VGRPKM;preisbereinigt, Kettenindex (2020=100);WZ08G3;WZ2008: Wirtschaftsbereiche der VGR;WZ08-31-01;Möbelherstellung, Installation von Maschinen;103,660;jew. ME;PRO013;Produktionswert
81000;Volkswirtschaftliche Gesamtrechnungen des Bundes;JAHR;Jahr;2023;DINSG;Deutschland insgesamt;DG;Deutschland;VGRPB5;Preisbasis (jeweilige Preise / preisbereinigt);VGRPVK;preisbereinigt, verkettete Volumenang. (Mrd. EUR);WZ08G3;WZ2008: Wirtschaftsbereiche der VGR;WZ08-Q;Gesundheits- und Sozialwesen;428,575;jew. ME;PRO013;Produktionswert
81000;Volkswirtschaftliche Gesamtrechnungen des Bundes;JAHR;Jahr;2023;DINSG;Deutschland insgesamt;DG;Deutschland;VGRPB5;Preisbasis (jeweilige Preise / preisbereinigt);VGRPKM;preisbereinigt, Kettenindex (2020=100);WZ08G3;WZ2008: Wirtschaftsbereiche der VGR;WZ08-S;Erbringung von sonstigen Dienstleistungen;113,570;jew. ME;PRO013;Produktionswert
81000;Volkswirtschaftliche Gesamtrechnungen des Bundes;JAHR;Jahr;2023;DINSG;Deutschland insgesamt;DG;Deutschland;VGRPB5;Preisbasis (jeweilige Preise / preisbereinigt);VGRPVU;preisbereinigt, unverkettete Volumenang.(Mrd. EUR);WZ08G3;WZ2008: Wirtschaftsbereiche der VGR;WZ08-69-02;Rechts- und Steuerberatung, Unternehmensberatung;266,787;jew. ME;PRO013;Produktionswert
81000;Volkswirtschaftliche Gesamtrechnungen des Bundes;JAHR;Jahr;2025;DINSG;Deutschland insgesamt;DG;Deutschland;VGRPB5;Preisbasis (jeweilige Preise / preisbereinigt);VGRPVU;preisbereinigt, unverkettete Volumenang.(Mrd. EUR);WZ08G3;WZ2008: Wirtschaftsbereiche der VGR;WZ08-M-02;Unternehmensdienstleister;938,954;jew. ME;PRO013;Produktionswert
81000;Volkswirtschaftliche Gesamtrechnungen des Bundes;JAHR;Jahr;2021;DINSG;Deutschland insgesamt;DG;Deutschland;VGRPB5;Preisbasis (jeweilige Preise / preisbereinigt);VGRJPM;in jeweiligen Preisen (Mrd. EUR);WZ08G3;WZ2008: Wirtschaftsbereiche der VGR;WZ08-66;Mit Finanz- u. Versicherungsdienstl. verb. Tätigk.;50,277;jew. ME;PRO013;Produktionswert
81000;Volkswirtschaftliche Gesamtrechnungen des Bundes;JAHR;Jahr;2022;DINSG;Deutschland insgesamt;DG;Deutschland;VGRPB5;Preisbasis (jeweilige Preise / preisbereinigt);VGRJPM;in jeweiligen Preisen (Mrd. EUR);WZ08G3;WZ2008: Wirtschaftsbereiche der VGR;WZ08-20;Herstellung von chemischen Erzeugnissen;190,052;jew. ME;PRO013;Produktionswert
81000;Volkswirtschaftliche Gesamtrechnungen des Bundes;JAHR;Jahr;2024;DINSG;Deutschland insgesamt;DG;Deutschland;VGRPB5;Preisbasis (jeweilige Preise / preisbereinigt);VGRJPM;in jeweiligen Preisen (Mrd. EUR);WZ08G3;WZ2008: Wirtschaftsbereiche der VGR;WZ08-64;Erbringung von Finanzdienstleistungen;171,986;jew. ME;PRO013;Produktionswert
81000;Volkswirtschaftliche Gesamtrechnungen des Bundes;JAHR;Jahr;2021;DINSG;Deutschland insgesamt;DG;Deutschland;VGRPB5;Preisbasis (jeweilige Preise / preisbereinigt);VGRPKM;preisbereinigt, Kettenindex (2020=100);WZ08G3;WZ2008: Wirtschaftsbereiche der VGR;WZ08-66;Mit Finanz- u. Versicherungsdienstl. verb. Tätigk.;99,690;jew. ME;PRO013;Produktionswert
81000;Volkswirtschaftliche Gesamtrechnungen des Bundes;JAHR;Jahr;2022;DINSG;Deutschland insgesamt;DG;Deutschland;VGRPB5;Preisbasis (jeweilige Preise / preisbereinigt);VGRPKM;preisbereinigt, Kettenindex (2020=100);WZ08G3;WZ2008: Wirtschaftsbereiche der VGR;WZ08-B-05;Produzierendes Gewerbe;103,140;jew. ME;PRO013;Produktionswert
81000;Volkswirtschaftliche Gesamtrechnungen des Bundes;JAHR;Jahr;2024;DINSG;Deutschland insgesamt;DG;Deutschland;VGRPB5;Preisbasis (jeweilige Preise / preisbereinigt);VGRPVK;preisbereinigt, verkettete Volumenang. (Mrd. EUR);WZ08G3;WZ2008: Wirtschaftsbereiche der VGR;WZ08-19;Kokerei und Mineralölverarbeitung;50,632;jew. ME;PRO013;Produktionswert
81000;Volkswirtschaftliche Gesamtrechnungen des Bundes;JAHR;Jahr;2021;DINSG;Deutschland insgesamt;DG;Deutschland;VGRPB5;Preisbasis (jeweilige Preise / preisbereinigt);VGRPVK;preisbereinigt, verkettete Volumenang. (Mrd. EUR);WZ08G3;WZ2008: Wirtschaftsbereiche der VGR;WZ08-30;Sonstiger Fahrzeugbau;44,913;jew. ME;PRO013;Produktionswert
81000;Volkswirtschaftliche Gesamtrechnungen des Bundes;JAHR;Jahr;2024;DINSG;Deutschland insgesamt;DG;Deutschland;VGRPB5;Preisbasis (jeweilige Preise / preisbereinigt);VGRPVK;preisbereinigt, verkettete Volumenang. (Mrd. EUR);WZ08G3;WZ2008: Wirtschaftsbereiche der VGR;WZ08-72;Forschung und Entwicklung;47,195;jew. ME;PRO013;Produktionswert
81000;Volkswirtschaftliche Gesamtrechnungen des Bundes;JAHR;Jahr;2022;DINSG;Deutschland insgesamt;DG;Deutschland;VGRPB5;Preisbasis (jeweilige Preise / preisbereinigt);VGRPKM;preisbereinigt, Kettenindex (2020=100);WZ08G3;WZ2008: Wirtschaftsbereiche der VGR;WZ08-64;Erbringung von Finanzdienstleistungen;105,860;jew. ME;PRO013;Produktionswert
81000;Volkswirtschaftliche Gesamtrechnungen des Bundes;JAHR;Jahr;2021;DINSG;Deutschland insgesamt;DG;Deutschland;VGRPB5;Preisbasis (jeweilige Preise / preisbereinigt);VGRPKM;preisbereinigt, Kettenindex (2020=100);WZ08G3;WZ2008: Wirtschaftsbereiche der VGR;WZ08-B;Bergbau und Gewinnung von Steinen und Erden;99,890;jew. ME;PRO013;Produktionswert
81000;Volkswirtschaftliche Gesamtrechnungen des Bundes;JAHR;Jahr;2025;DINSG;Deutschland insgesamt;DG;Deutschland;VGRPB5;Preisbasis (jeweilige Preise / preisbereinigt);VGRPKM;preisbereinigt, Kettenindex (2020=100);WZ08G3;WZ2008: Wirtschaftsbereiche der VGR;WZ08-F;Baugewerbe;83,410;jew. ME;PRO013;Produktionswert
81000;Volkswirtschaftliche Gesamtrechnungen des Bundes;JAHR;Jahr;2025;DINSG;Deutschland insgesamt;DG;Deutschland;VGRPB5;Preisbasis (jeweilige Preise / preisbereinigt);VGRJPM;in jeweiligen Preisen (Mrd. EUR);WZ08G3;WZ2008: Wirtschaftsbereiche der VGR;WZ08-69-01;Unternehmensnahe Beratungsleistungen;...;jew. ME;PRO013;Produktionswert
81000;Volkswirtschaftliche Gesamtrechnungen des Bundes;JAHR;Jahr;2024;DINSG;Deutschland insgesamt;DG;Deutschland;VGRPB5;Preisbasis (jeweilige Preise / preisbereinigt);VGRPKM;preisbereinigt, Kettenindex (2020=100);WZ08G3;WZ2008: Wirtschaftsbereiche der VGR;WZ08-13-01;Textil- und Bekleidungsgewerbe;132,710;jew. ME;PRO013;Produktionswert
81000;Volkswirtschaftliche Gesamtrechnungen des Bundes;JAHR;Jahr;2021;DINSG;Deutschland insgesamt;DG;Deutschland;VGRPB5;Preisbasis (jeweilige Preise / preisbereinigt);VGRJPM;in jeweiligen Preisen (Mrd. EUR);WZ08G3;WZ2008: Wirtschaftsbereiche der VGR;WZ08-69-01;Unternehmensnahe Beratungsleistungen;337,745;jew. ME;PRO013;Produktionswert
81000;Volkswirtschaftliche Gesamtrechnungen des Bundes;JAHR;Jahr;2021;DINSG;Deutschland insgesamt;DG;Deutschland;VGRPB5;Preisbasis (jeweilige Preise / preisbereinigt);VGRJPM;in jeweiligen Preisen (Mrd. EUR);WZ08G3;WZ2008: Wirtschaftsbereiche der VGR;WZ08-S;Erbringung von sonstigen Dienstleistungen;97,558;jew. ME;PRO013;Produktionswert
81000;Volkswirtschaftliche Gesamtrechnungen des Bundes;JAHR;Jahr;2022;DINSG;Deutschland insgesamt;DG;Deutschland;VGRPB5;Preisbasis (jeweilige Preise / preisbereinigt);VGRJPM;in jeweiligen Preisen (Mrd. EUR);WZ08G3;WZ2008: Wirtschaftsbereiche der VGR;WZ08-24-01;Metallgewerbe;315,430;jew. ME;PRO013;Produktionswert
81000;Volkswirtschaftliche Gesamtrechnungen des Bundes;JAHR;Jahr;2025;DINSG;Deutschland insgesamt;DG;Deutschland;VGRPB5;Preisbasis (jeweilige Preise / preisbereinigt);VGRPVU;preisbereinigt, unverkettete Volumenang.(Mrd. EUR);WZ08G3;WZ2008: Wirtschaftsbereiche der VGR;WZ08-27;Herstellung von elektrischen Ausrüstungen;...;jew. ME;PRO013;Produktionswert
81000;Volkswirtschaftliche Gesamtrechnungen des Bundes;JAHR;Jahr;2023;DINSG;Deutschland insgesamt;DG;Deutschland;VGRPB5;Preisbasis (jeweilige Preise / preisbereinigt);VGRPVU;preisbereinigt, unverkettete Volumenang.(Mrd. EUR);WZ08G3;WZ2008: Wirtschaftsbereiche der VGR;WZ08-27;Herstellung von elektrischen Ausrüstungen;134,918;jew. ME;PRO013;Produktionswert
81000;Volkswirtschaftliche Gesamtrechnungen des Bundes;JAHR;Jahr;2021;DINSG;Deutschland insgesamt;DG;Deutschland;VGRPB5;Preisbasis (jeweilige Preise / preisbereinigt);VGRPKM;preisbereinigt, Kettenindex (2020=100);WZ08G3;WZ2008: Wirtschaftsbereiche der VGR;WZ08-53;Post-, Kurier- und Expressdienste;109,880;jew. ME;PRO013;Produktionswert
81000;Volkswirtschaftliche Gesamtrechnungen des Bundes;JAHR;Jahr;2022;DINSG;Deutschland insgesamt;DG;Deutschland;VGRPB5;Preisbasis (jeweilige Preise / preisbereinigt);VGRPKM;preisbereinigt, Kettenindex (2020=100);WZ08G3;WZ2008: Wirtschaftsbereiche der VGR;WZ08-77;Vermietung von beweglichen Sachen;111,310;jew. ME;PRO013;Produktionswert
81000;Volkswirtschaftliche Gesamtrechnungen des Bundes;JAHR;Jahr;2024;DINSG;Deutschland insgesamt;DG;Deutschland;VGRPB5;Preisbasis (jeweilige Preise / preisbereinigt);VGRPKM;preisbereinigt, Kettenindex (2020=100);WZ08G3;WZ2008: Wirtschaftsbereiche der VGR;WZ08-73;Werbung und Marktforschung;125,660;jew. ME;PRO013;Produktionswert
81000;Volkswirtschaftliche Gesamtrechnungen des Bundes;JAHR;Jahr;2024;DINSG;Deutschland insgesamt;DG;Deutschland;VGRPB5;Preisbasis (jeweilige Preise / preisbereinigt);VGRPKM;preisbereinigt, Kettenindex (2020=100);WZ08G3;WZ2008: Wirtschaftsbereiche der VGR;WZ08-M-02;Unternehmensdienstleister;123,730;jew. ME;PRO013;Produktionswert
81000;Volkswirtschaftliche Gesamtrechnungen des Bundes;JAHR;Jahr;2021;DINSG;Deutschland insgesamt;DG;Deutschland;VGRPB5;Preisbasis (jeweilige Preise / preisbereinigt);VGRPVU;preisbereinigt, unverkettete Volumenang.(Mrd. EUR);WZ08G3;WZ2008: Wirtschaftsbereiche der VGR;WZ08-C;Verarbeitendes Gewerbe;1926,565;jew. ME;PRO013;Produktionswert
81000;Volkswirtschaftliche Gesamtrechnungen des Bundes;JAHR;Jahr;2021;DINSG;Deutschland insgesamt;DG;Deutschland;VGRPB5;Preisbasis (jeweilige Preise / preisbereinigt);VGRJPM;in jeweiligen Preisen (Mrd. EUR);WZ08G3;WZ2008: Wirtschaftsbereiche der VGR;WZ08-31-02;Herstellung von Möbeln und sonstigen Waren;62,804;jew. ME;PRO013;Produktionswert
81000;Volkswirtschaftliche Gesamtrechnungen des Bundes;JAHR;Jahr;2022;DINSG;Deutschland insgesamt;DG;Deutschland;VGRPB5;Preisbasis (jeweilige Preise / preisbereinigt);VGRPVK;preisbereinigt, verkettete Volumenang. (Mrd. EUR);WZ08G3;WZ2008: Wirtschaftsbereiche der VGR;WZ08-41;Hochbau;80,916;jew. ME;PRO013;Produktionswert
81000;Volkswirtschaftliche Gesamtrechnungen des Bundes;JAHR;Jahr;2025;DINSG;Deutschland insgesamt;DG;Deutschland;VGRPB5;Preisbasis (jeweilige Preise / preisbereinigt);VGRJPM;in jeweiligen Preisen (Mrd. EUR);WZ08G3;WZ2008: Wirtschaftsbereiche der VGR;WZ08-31-02;Herstellung von Möbeln und sonstigen Waren;...;jew. ME;PRO013;Produktionswert
81000;Volkswirtschaftliche Gesamtrechnungen des Bundes;JAHR;Jahr;2023;DINSG;Deutschland insgesamt;DG;Deutschland;VGRPB5;Preisbasis (jeweilige Preise / preisbereinigt);VGRPKM;preisbereinigt, Kettenindex (2020=100);WZ08G3;WZ2008: Wirtschaftsbereiche der VGR;WZ08-53;Post-, Kurier- und Expressdienste;112,110;jew. ME;PRO013;Produktionswert
81000;Volkswirtschaftliche Gesamtrechnungen des Bundes;JAHR;Jahr;2024;DINSG;Deutschland insgesamt;DG;Deutschland;VGRPB5;Preisbasis (jeweilige Preise / preisbereinigt);VGRPVU;preisbereinigt, unverkettete Volumenang.(Mrd. EUR);WZ08G3;WZ2008: Wirtschaftsbereiche der VGR;WZ08-G;Handel, Instandhaltung und Reparatur von Kfz;743,972;jew. ME;PRO013;Produktionswert
81000;Volkswirtschaftliche Gesamtrechnungen des Bundes;JAHR;Jahr;2023;DINSG;Deutschland insgesamt;DG;Deutschland;VGRPB5;Preisbasis (jeweilige Preise / preisbereinigt);VGRPVK;preisbereinigt, verkettete Volumenang. (Mrd. EUR);WZ08G3;WZ2008: Wirtschaftsbereiche der VGR;WZ08-69-01;Unternehmensnahe Beratungsleistungen;374,896;jew. ME;PRO013;Produktionswert
81000;Volkswirtschaftliche Gesamtrechnungen des Bundes;JAHR;Jahr;2025;DINSG;Deutschland insgesamt;DG;Deutschland;VGRPB5;Preisbasis (jeweilige Preise / preisbereinigt);VGRJPM;in jeweiligen Preisen (Mrd. EUR);WZ08G3;WZ2008: Wirtschaftsbereiche der VGR;WZ08-F;Baugewerbe;477,727;jew. ME;PRO013;Produktionswert
81000;Volkswirtschaftliche Gesamtrechnungen des Bundes;JAHR;Jahr;2022;DINSG;Deutschland insgesamt;DG;Deutschland;VGRPB5;Preisbasis (jeweilige Preise / preisbereinigt);VGRPVK;preisbereinigt, verkettete Volumenang. (Mrd. EUR);WZ08G3;WZ2008: Wirtschaftsbereiche der VGR;WZ08-Q;Gesundheits- und Sozialwesen;442,229;jew. ME;PRO013;Produktionswert
81000;Volkswirtschaftliche Gesamtrechnungen des Bundes;JAHR;Jahr;2025;DINSG;Deutschland insgesamt;DG;Deutschland;VGRPB5;Preisbasis (jeweilige Preise / preisbereinigt);VGRJPM;in jeweiligen Preisen (Mrd. EUR);WZ08G3;WZ2008: Wirtschaftsbereiche der VGR;WZ08-59-01;Audiovisuelle Medien und Rundfunk;...;jew. ME;PRO013;Produktionswert
81000;Volkswirtschaftliche Gesamtrechnungen des Bundes;JAHR;Jahr;2024;DINSG;Deutschland insgesamt;DG;Deutschland;VGRPB5;Preisbasis (jeweilige Preise / preisbereinigt);VGRPVK;preisbereinigt, verkettete Volumenang. (Mrd. EUR);WZ08G3;WZ2008: Wirtschaftsbereiche der VGR;WZ08-G-04;Dienstleistungsbereiche;4351,226;jew. ME;PRO013;Produktionswert
81000;Volkswirtschaftliche Gesamtrechnungen des Bundes;JAHR;Jahr;2021;DINSG;Deutschland insgesamt;DG;Deutschland;VGRPB5;Preisbasis (jeweilige Preise / preisbereinigt);VGRPVU;preisbereinigt, unverkettete Volumenang.(Mrd. EUR);WZ08G3;WZ2008: Wirtschaftsbereiche der VGR;WZ08-T;Private Haushalte;7,820;jew. ME;PRO013;Produktionswert
81000;Volkswirtschaftliche Gesamtrechnungen des Bundes;JAHR;Jahr;2022;DINSG;Deutschland insgesamt;DG;Deutschland;VGRPB5;Preisbasis (jeweilige Preise / preisbereinigt);VGRJPM;in jeweiligen Preisen (Mrd. EUR);WZ08G3;WZ2008: Wirtschaftsbereiche der VGR;WZ08-42;Tiefbau;55,481;jew. ME;PRO013;Produktionswert
81000;Volkswirtschaftliche Gesamtrechnungen des Bundes;JAHR;Jahr;2022;DINSG;Deutschland insgesamt;DG;Deutschland;VGRPB5;Preisbasis (jeweilige Preise / preisbereinigt);VGRPVU;preisbereinigt, unverkettete Volumenang.(Mrd. EUR);WZ08G3;WZ2008: Wirtschaftsbereiche der VGR;WZ08-16;H.v. Holz-, Flecht-, Korb-u.Korkwaren (ohne Möbel);30,673;jew. ME;PRO013;Produktionswert
81000;Volkswirtschaftliche Gesamtrechnungen des Bundes;JAHR;Jahr;2024;DINSG;Deutschland insgesamt;DG;Deutschland;VGRPB5;Preisbasis (jeweilige Preise / preisbereinigt);VGRJPM;in jeweiligen Preisen (Mrd. EUR);WZ08G3;WZ2008: Wirtschaftsbereiche der VGR;WZ08-42;Tiefbau;62,492;jew. ME;PRO013;Produktionswert
81000;Volkswirtschaftliche Gesamtrechnungen des Bundes;JAHR;Jahr;2024;DINSG;Deutschland insgesamt;DG;Deutschland;VGRPB5;Preisbasis (jeweilige Preise / preisbereinigt);VGRPVU;preisbereinigt, unverkettete Volumenang.(Mrd. EUR);WZ08G3;WZ2008: Wirtschaftsbereiche der VGR;WZ08-16;H.v. Holz-, Flecht-, Korb-u.Korkwaren (ohne Möbel);31,385;jew. ME;PRO013;Produktionswert
81000;Volkswirtschaftliche Gesamtrechnungen des Bundes;JAHR;Jahr;2022;DINSG;Deutschland insgesamt;DG;Deutschland;VGRPB5;Preisbasis (jeweilige Preise / preisbereinigt);VGRPKM;preisbereinigt, Kettenindex (2020=100);WZ08G3;WZ2008: Wirtschaftsbereiche der VGR;WZ08-S;Erbringung von sonstigen Dienstleistungen;113,630;jew. ME;PRO013;Produktionswert
81000;Volkswirtschaftliche Gesamtrechnungen des Bundes;JAHR;Jahr;2021;DINSG;Deutschland insgesamt;DG;Deutschland;VGRPB5;Preisbasis (jeweilige Preise / preisbereinigt);VGRJPM;in jeweiligen Preisen (Mrd. EUR);WZ08G3;WZ2008: Wirtschaftsbereiche der VGR;WZ08-59-01;Audiovisuelle Medien und Rundfunk;38,069;jew. ME;PRO013;Produktionswert
81000;Volkswirtschaftliche Gesamtrechnungen des Bundes;JAHR;Jahr;2024;DINSG;Deutschland insgesamt;DG;Deutschland;VGRPB5;Preisbasis (jeweilige Preise / preisbereinigt);VGRPVK;preisbereinigt, verkettete Volumenang. (Mrd. EUR);WZ08G3;WZ2008: Wirtschaftsbereiche der VGR;WZ08-94;Interessenvertr., kirchl. u. sonst. Vereinigungen;46,089;jew. ME;PRO013;Produktionswert
81000;Volkswirtschaftliche Gesamtrechnungen des Bundes;JAHR;Jahr;2021;DINSG;Deutschland insgesamt;DG;Deutschland;VGRPB5;Preisbasis (jeweilige Preise / preisbereinigt);VGRPVK;preisbereinigt, verkettete Volumenang. (Mrd. EUR);WZ08G3;WZ2008: Wirtschaftsbereiche der VGR;WZ08-52;Lagerei, sonstige Dienstleistungen für den Verkehr;158,552;jew. ME;PRO013;Produktionswert
81000;Volkswirtschaftliche Gesamtrechnungen des Bundes;JAHR;Jahr;2021;DINSG;Deutschland insgesamt;DG;Deutschland;VGRPB5;Preisbasis (jeweilige Preise / preisbereinigt);VGRJPM;in jeweiligen Preisen (Mrd. EUR);WZ08G3;WZ2008: Wirtschaftsbereiche der VGR;WZ08-G-01;Handel, Verkehr, Gastgewerbe;1126,214;jew. ME;PRO013;Produktionswert
81000;Volkswirtschaftliche Gesamtrechnungen des Bundes;JAHR;Jahr;2022;DINSG;Deutschland insgesamt;DG;Deutschland;VGRPB5;Preisbasis (jeweilige Preise / preisbereinigt);VGRPKM;preisbereinigt, Kettenindex (2020=100);WZ08G3;WZ2008: Wirtschaftsbereiche der VGR;WZ08-42;Tiefbau;91,200;jew. ME;PRO013;Produktionswert
81000;Volkswirtschaftliche Gesamtrechnungen des Bundes;JAHR;Jahr;2021;DINSG;Deutschland insgesamt;DG;Deutschland;VGRPB5;Preisbasis (jeweilige Preise / preisbereinigt);VGRJPM;in jeweiligen Preisen (Mrd. EUR);WZ08G3;WZ2008: Wirtschaftsbereiche der VGR;WZ08-B;Bergbau und Gewinnung von Steinen und Erden;11,343;jew. ME;PRO013;Produktionswert
81000;Volkswirtschaftliche Gesamtrechnungen des Bundes;JAHR;Jahr;2023;DINSG;Deutschland insgesamt;DG;Deutschland;VGRPB5;Preisbasis (jeweilige Preise / preisbereinigt);VGRPVK;preisbereinigt, verkettete Volumenang. (Mrd. EUR);WZ08G3;WZ2008: Wirtschaftsbereiche der VGR;WZ08-52;Lagerei, sonstige Dienstleistungen für den Verkehr;171,834;jew. ME;PRO013;Produktionswert
81000;Volkswirtschaftliche Gesamtrechnungen des Bundes;JAHR;Jahr;2024;DINSG;Deutschland insgesamt;DG;Deutschland;VGRPB5;Preisbasis (jeweilige Preise / preisbereinigt);VGRPVU;preisbereinigt, unverkettete Volumenang.(Mrd. EUR);WZ08G3;WZ2008: Wirtschaftsbereiche der VGR;WZ08-69-01;Unternehmensnahe Beratungsleistungen;419,742;jew. ME;PRO013;Produktionswert
81000;Volkswirtschaftliche Gesamtrechnungen des Bundes;JAHR;Jahr;2022;DINSG;Deutschland insgesamt;DG;Deutschland;VGRPB5;Preisbasis (jeweilige Preise / preisbereinigt);VGRPVU;preisbereinigt, unverkettete Volumenang.(Mrd. EUR);WZ08G3;WZ2008: Wirtschaftsbereiche der VGR;WZ08-95;Reparatur von DV-Geräten und Gebrauchsgütern;2,843;jew. ME;PRO013;Produktionswert
81000;Volkswirtschaftliche Gesamtrechnungen des Bundes;JAHR;Jahr;2024;DINSG;Deutschland insgesamt;DG;Deutschland;VGRPB5;Preisbasis (jeweilige Preise / preisbereinigt);VGRPKM;preisbereinigt, Kettenindex (2020=100);WZ08G3;WZ2008: Wirtschaftsbereiche der VGR;WZ08-16-01;H.v. Holzwaren, Papier und Druckerzeugnissen;89,830;jew. ME;PRO013;Produktionswert
81000;Volkswirtschaftliche Gesamtrechnungen des Bundes;JAHR;Jahr;2021;DINSG;Deutschland insgesamt;DG;Deutschland;VGRPB5;Preisbasis (jeweilige Preise / preisbereinigt);VGRPVK;preisbereinigt, verkettete Volumenang. (Mrd. EUR);WZ08G3;WZ2008: Wirtschaftsbereiche der VGR;WZ08-96;Sonstige überwiegend persönliche Dienstleistungen;47,618;jew. ME;PRO013;Produktionswert
81000;Volkswirtschaftliche Gesamtrechnungen des Bundes;JAHR;Jahr;2023;DINSG;Deutschland insgesamt;DG;Deutschland;VGRPB5;Preisbasis (jeweilige Preise / preisbereinigt);VGRPVU;preisbereinigt, unverkettete Volumenang.(Mrd. EUR);WZ08G3;WZ2008: Wirtschaftsbereiche der VGR;WZ08-71;Architektur-,Ing.büros,techn.,physik.Untersuchung;128,114;jew. ME;PRO013;Produktionswert
81000;Volkswirtschaftliche Gesamtrechnungen des Bundes;JAHR;Jahr;2025;DINSG;Deutschland insgesamt;DG;Deutschland;VGRPB5;Preisbasis (jeweilige Preise / preisbereinigt);VGRJPM;in jeweiligen Preisen (Mrd. EUR);WZ08G3;WZ2008: Wirtschaftsbereiche der VGR;WZ08-53;Post-, Kurier- und Expressdienste;...;jew. ME;PRO013;Produktionswert
81000;Volkswirtschaftliche Gesamtrechnungen des Bundes;JAHR;Jahr;2021;DINSG;Deutschland insgesamt;DG;Deutschland;VGRPB5;Preisbasis (jeweilige Preise / preisbereinigt);VGRJPM;in jeweiligen Preisen (Mrd. EUR);WZ08G3;WZ2008: Wirtschaftsbereiche der VGR;WZ08-53;Post-, Kurier- und Expressdienste;58,668;jew. ME;PRO013;Produktionswert
81000;Volkswirtschaftliche Gesamtrechnungen des Bundes;JAHR;Jahr;2025;DINSG;Deutschland insgesamt;DG;Deutschland;VGRPB5;Preisbasis (jeweilige Preise / preisbereinigt);VGRPKM;preisbereinigt, Kettenindex (2020=100);WZ08G3;WZ2008: Wirtschaftsbereiche der VGR;WZ08-S;Erbringung von sonstigen Dienstleistungen;117,830;jew. ME;PRO013;Produktionswert
81000;Volkswirtschaftliche Gesamtrechnungen des Bundes;JAHR;Jahr;2024;DINSG;Deutschland insgesamt;DG;Deutschland;VGRPB5;Preisbasis (jeweilige Preise / preisbereinigt);VGRJPM;in jeweiligen Preisen (Mrd. EUR);WZ08G3;WZ2008: Wirtschaftsbereiche der VGR;WZ08-73;Werbung und Marktforschung;35,804;jew. ME;PRO013;Produktionswert
81000;Volkswirtschaftliche Gesamtrechnungen des Bundes;JAHR;Jahr;2024;DINSG;Deutschland insgesamt;DG;Deutschland;VGRPB5;Preisbasis (jeweilige Preise / preisbereinigt);VGRPVU;preisbereinigt, unverkettete Volumenang.(Mrd. EUR);WZ08G3;WZ2008: Wirtschaftsbereiche der VGR;WZ08-29;Herstellung von Kraftwagen und Kraftwagenteilen;445,005;jew. ME;PRO013;Produktionswert
81000;Volkswirtschaftliche Gesamtrechnungen des Bundes;JAHR;Jahr;2025;DINSG;Deutschland insgesamt;DG;Deutschland;VGRPB5;Preisbasis (jeweilige Preise / preisbereinigt);VGRPVK;preisbereinigt, verkettete Volumenang. (Mrd. EUR);WZ08G3;WZ2008: Wirtschaftsbereiche der VGR;WZ08-D;Energieversorgung;128,506;jew. ME;PRO013;Produktionswert
81000;Volkswirtschaftliche Gesamtrechnungen des Bundes;JAHR;Jahr;2022;DINSG;Deutschland insgesamt;DG;Deutschland;VGRPB5;Preisbasis (jeweilige Preise / preisbereinigt);VGRPKM;preisbereinigt, Kettenindex (2020=100);WZ08G3;WZ2008: Wirtschaftsbereiche der VGR;WZ08-51;Luftfahrt;167,770;jew. ME;PRO013;Produktionswert
81000;Volkswirtschaftliche Gesamtrechnungen des Bundes;JAHR;Jahr;2025;DINSG;Deutschland insgesamt;DG;Deutschland;VGRPB5;Preisbasis (jeweilige Preise / preisbereinigt);VGRPKM;preisbereinigt, Kettenindex (2020=100);WZ08G3;WZ2008: Wirtschaftsbereiche der VGR;WZ08-R-02;Sonstige Dienstleister;122,820;jew. ME;PRO013;Produktionswert
81000;Volkswirtschaftliche Gesamtrechnungen des Bundes;JAHR;Jahr;2023;DINSG;Deutschland insgesamt;DG;Deutschland;VGRPB5;Preisbasis (jeweilige Preise / preisbereinigt);VGRPVU;preisbereinigt, unverkettete Volumenang.(Mrd. EUR);WZ08G3;WZ2008: Wirtschaftsbereiche der VGR;WZ08-G;Handel, Instandhaltung und Reparatur von Kfz;711,804;jew. ME;PRO013;Produktionswert
81000;Volkswirtschaftliche Gesamtrechnungen des Bundes;JAHR;Jahr;2022;DINSG;Deutschland insgesamt;DG;Deutschland;VGRPB5;Preisbasis (jeweilige Preise / preisbereinigt);VGRPVK;preisbereinigt, verkettete Volumenang. (Mrd. EUR);WZ08G3;WZ2008: Wirtschaftsbereiche der VGR;WZ08-19;Kokerei und Mineralölverarbeitung;52,057;jew. ME;PRO013;Produktionswert
81000;Volkswirtschaftliche Gesamtrechnungen des Bundes;JAHR;Jahr;2024;DINSG;Deutschland insgesamt;DG;Deutschland;VGRPB5;Preisbasis (jeweilige Preise / preisbereinigt);VGRJPM;in jeweiligen Preisen (Mrd. EUR);WZ08G3;WZ2008: Wirtschaftsbereiche der VGR;WZ08-O-03;Öffentliche Dienstleister, Erziehung, Gesundheit;1176,145;jew. ME;PRO013;Produktionswert
81000;Volkswirtschaftliche Gesamtrechnungen des Bundes;JAHR;Jahr;2024;DINSG;Deutschland insgesamt;DG;Deutschland;VGRPB5;Preisbasis (jeweilige Preise / preisbereinigt);VGRJPM;in jeweiligen Preisen (Mrd. EUR);WZ08G3;WZ2008: Wirtschaftsbereiche der VGR;WZ08-F;Baugewerbe;472,093;jew. ME;PRO013;Produktionswert
81000;Volkswirtschaftliche Gesamtrechnungen des Bundes;JAHR;Jahr;2023;DINSG;Deutschland insgesamt;DG;Deutschland;VGRPB5;Preisbasis (jeweilige Preise / preisbereinigt);VGRPVK;preisbereinigt, verkettete Volumenang. (Mrd. EUR);WZ08G3;WZ2008: Wirtschaftsbereiche der VGR;WZ08-16-01;H.v. Holzwaren, Papier und Druckerzeugnissen;72,187;jew. ME;PRO013;Produktionswert
81000;Volkswirtschaftliche Gesamtrechnungen des Bundes;JAHR;Jahr;2024;DINSG;Deutschland insgesamt;DG;Deutschland;VGRPB5;Preisbasis (jeweilige Preise / preisbereinigt);VGRPVK;preisbereinigt, verkettete Volumenang. (Mrd. EUR);WZ08G3;WZ2008: Wirtschaftsbereiche der VGR;WZ08-B-18;Produzierendes Gewerbe ohne Baugewerbe;2116,240;jew. ME;PRO013;Produktionswert
81000;Volkswirtschaftliche Gesamtrechnungen des Bundes;JAHR;Jahr;2025;DINSG;Deutschland insgesamt;DG;Deutschland;VGRPB5;Preisbasis (jeweilige Preise / preisbereinigt);VGRPKM;preisbereinigt, Kettenindex (2020=100);WZ08G3;WZ2008: Wirtschaftsbereiche der VGR;WZ08-74-01;Freiberufl.,wiss.,techn.DL a.n.g., Veterinärwesen;...;jew. ME;PRO013;Produktionswert
81000;Volkswirtschaftliche Gesamtrechnungen des Bundes;JAHR;Jahr;2022;DINSG;Deutschland insgesamt;DG;Deutschland;VGRPB5;Preisbasis (jeweilige Preise / preisbereinigt);VGRJPM;in jeweiligen Preisen (Mrd. EUR);WZ08G3;WZ2008: Wirtschaftsbereiche der VGR;WZ08-74-01;Freiberufl.,wiss.,techn.DL a.n.g., Veterinärwesen;34,165;jew. ME;PRO013;Produktionswert
81000;Volkswirtschaftliche Gesamtrechnungen des Bundes;JAHR;Jahr;2022;DINSG;Deutschland insgesamt;DG;Deutschland;VGRPB5;Preisbasis (jeweilige Preise / preisbereinigt);VGRJPM;in jeweiligen Preisen (Mrd. EUR);WZ08G3;WZ2008: Wirtschaftsbereiche der VGR;WZ08-64;Erbringung von Finanzdienstleistungen;156,432;jew. ME;PRO013;Produktionswert
81000;Volkswirtschaftliche Gesamtrechnungen des Bundes;JAHR;Jahr;2021;DINSG;Deutschland insgesamt;DG;Deutschland;VGRPB5;Preisbasis (jeweilige Preise / preisbereinigt);VGRPKM;preisbereinigt, Kettenindex (2020=100);WZ08G3;WZ2008: Wirtschaftsbereiche der VGR;WZ08-74-01;Freiberufl.,wiss.,techn.DL a.n.g., Veterinärwesen;97,510;jew. ME;PRO013;Produktionswert
81000;Volkswirtschaftliche Gesamtrechnungen des Bundes;JAHR;Jahr;2021;DINSG;Deutschland insgesamt;DG;Deutschland;VGRPB5;Preisbasis (jeweilige Preise / preisbereinigt);VGRPKM;preisbereinigt, Kettenindex (2020=100);WZ08G3;WZ2008: Wirtschaftsbereiche der VGR;WZ08-O;Öff. Verwaltung, Verteidigung, Sozialversicherung;103,860;jew. ME;PRO013;Produktionswert
81000;Volkswirtschaftliche Gesamtrechnungen des Bundes;JAHR;Jahr;2022;DINSG;Deutschland insgesamt;DG;Deutschland;VGRPB5;Preisbasis (jeweilige Preise / preisbereinigt);VGRPVK;preisbereinigt, verkettete Volumenang. (Mrd. EUR);WZ08G3;WZ2008: Wirtschaftsbereiche der VGR;WZ08-72;Forschung und Entwicklung;50,892;jew. ME;PRO013;Produktionswert
81000;Volkswirtschaftliche Gesamtrechnungen des Bundes;JAHR;Jahr;2024;DINSG;Deutschland insgesamt;DG;Deutschland;VGRPB5;Preisbasis (jeweilige Preise / preisbereinigt);VGRPKM;preisbereinigt, Kettenindex (2020=100);WZ08G3;WZ2008: Wirtschaftsbereiche der VGR;WZ08-64;Erbringung von Finanzdienstleistungen;105,110;jew. ME;PRO013;Produktionswert
81000;Volkswirtschaftliche Gesamtrechnungen des Bundes;JAHR;Jahr;2023;DINSG;Deutschland insgesamt;DG;Deutschland;VGRPB5;Preisbasis (jeweilige Preise / preisbereinigt);VGRPVK;preisbereinigt, verkettete Volumenang. (Mrd. EUR);WZ08G3;WZ2008: Wirtschaftsbereiche der VGR;WZ08-31-02;Herstellung von Möbeln und sonstigen Waren;60,235;jew. ME;PRO013;Produktionswert
81000;Volkswirtschaftliche Gesamtrechnungen des Bundes;JAHR;Jahr;2024;DINSG;Deutschland insgesamt;DG;Deutschland;VGRPB5;Preisbasis (jeweilige Preise / preisbereinigt);VGRPKM;preisbereinigt, Kettenindex (2020=100);WZ08G3;WZ2008: Wirtschaftsbereiche der VGR;WZ08-B;Bergbau und Gewinnung von Steinen und Erden;88,700;jew. ME;PRO013;Produktionswert
81000;Volkswirtschaftliche Gesamtrechnungen des Bundes;JAHR;Jahr;2021;DINSG;Deutschland insgesamt;DG;Deutschland;VGRPB5;Preisbasis (jeweilige Preise / preisbereinigt);VGRPVU;preisbereinigt, unverkettete Volumenang.(Mrd. EUR);WZ08G3;WZ2008: Wirtschaftsbereiche der VGR;WZ08-93;Dienstleistungen d.Sports,d.Unterhaltg.u.Erholung;26,481;jew. ME;PRO013;Produktionswert
81000;Volkswirtschaftliche Gesamtrechnungen des Bundes;JAHR;Jahr;2023;DINSG;Deutschland insgesamt;DG;Deutschland;VGRPB5;Preisbasis (jeweilige Preise / preisbereinigt);VGRPKM;preisbereinigt, Kettenindex (2020=100);WZ08G3;WZ2008: Wirtschaftsbereiche der VGR;WZ08-B;Bergbau und Gewinnung von Steinen und Erden;89,400;jew. ME;PRO013;Produktionswert
81000;Volkswirtschaftliche Gesamtrechnungen des Bundes;JAHR;Jahr;2025;DINSG;Deutschland insgesamt;DG;Deutschland;VGRPB5;Preisbasis (jeweilige Preise / preisbereinigt);VGRPVU;preisbereinigt, unverkettete Volumenang.(Mrd. EUR);WZ08G3;WZ2008: Wirtschaftsbereiche der VGR;WZ08-93;Dienstleistungen d.Sports,d.Unterhaltg.u.Erholung;...;jew. ME;PRO013;Produktionswert
81000;Volkswirtschaftliche Gesamtrechnungen des Bundes;JAHR;Jahr;2025;DINSG;Deutschland insgesamt;DG;Deutschland;VGRPB5;Preisbasis (jeweilige Preise / preisbereinigt);VGRJPM;in jeweiligen Preisen (Mrd. EUR);WZ08G3;WZ2008: Wirtschaftsbereiche der VGR;WZ08-16-01;H.v. Holzwaren, Papier und Druckerzeugnissen;...;jew. ME;PRO013;Produktionswert
81000;Volkswirtschaftliche Gesamtrechnungen des Bundes;JAHR;Jahr;2021;DINSG;Deutschland insgesamt;DG;Deutschland;VGRPB5;Preisbasis (jeweilige Preise / preisbereinigt);VGRJPM;in jeweiligen Preisen (Mrd. EUR);WZ08G3;WZ2008: Wirtschaftsbereiche der VGR;WZ08-16-01;H.v. Holzwaren, Papier und Druckerzeugnissen;89,047;jew. ME;PRO013;Produktionswert
81000;Volkswirtschaftliche Gesamtrechnungen des Bundes;JAHR;Jahr;2023;DINSG;Deutschland insgesamt;DG;Deutschland;VGRPB5;Preisbasis (jeweilige Preise / preisbereinigt);VGRPVU;preisbereinigt, unverkettete Volumenang.(Mrd. EUR);WZ08G3;WZ2008: Wirtschaftsbereiche der VGR;WZ08-93;Dienstleistungen d.Sports,d.Unterhaltg.u.Erholung;37,536;jew. ME;PRO013;Produktionswert
81000;Volkswirtschaftliche Gesamtrechnungen des Bundes;JAHR;Jahr;2024;DINSG;Deutschland insgesamt;DG;Deutschland;VGRPB5;Preisbasis (jeweilige Preise / preisbereinigt);VGRJPM;in jeweiligen Preisen (Mrd. EUR);WZ08G3;WZ2008: Wirtschaftsbereiche der VGR;WZ08-51;Luftfahrt;42,888;jew. ME;PRO013;Produktionswert
81000;Volkswirtschaftliche Gesamtrechnungen des Bundes;JAHR;Jahr;2024;DINSG;Deutschland insgesamt;DG;Deutschland;VGRPB5;Preisbasis (jeweilige Preise / preisbereinigt);VGRPVK;preisbereinigt, verkettete Volumenang. (Mrd. EUR);WZ08G3;WZ2008: Wirtschaftsbereiche der VGR;WZ08-74-01;Freiberufl.,wiss.,techn.DL a.n.g., Veterinärwesen;33,896;jew. ME;PRO013;Produktionswert
81000;Volkswirtschaftliche Gesamtrechnungen des Bundes;JAHR;Jahr;2022;DINSG;Deutschland insgesamt;DG;Deutschland;VGRPB5;Preisbasis (jeweilige Preise / preisbereinigt);VGRPKM;preisbereinigt, Kettenindex (2020=100);WZ08G3;WZ2008: Wirtschaftsbereiche der VGR;WZ08-B-18;Produzierendes Gewerbe ohne Baugewerbe;105,490;jew. ME;PRO013;Produktionswert
81000;Volkswirtschaftliche Gesamtrechnungen des Bundes;JAHR;Jahr;2022;DINSG;Deutschland insgesamt;DG;Deutschland;VGRPB5;Preisbasis (jeweilige Preise / preisbereinigt);VGRJPM;in jeweiligen Preisen (Mrd. EUR);WZ08G3;WZ2008: Wirtschaftsbereiche der VGR;WZ08-51;Luftfahrt;37,670;jew. ME;PRO013;Produktionswert
81000;Volkswirtschaftliche Gesamtrechnungen des Bundes;JAHR;Jahr;2021;DINSG;Deutschland insgesamt;DG;Deutschland;VGRPB5;Preisbasis (jeweilige Preise / preisbereinigt);VGRPVK;preisbereinigt, verkettete Volumenang. (Mrd. EUR);WZ08G3;WZ2008: Wirtschaftsbereiche der VGR;WZ08-Q;Gesundheits- und Sozialwesen;430,045;jew. ME;PRO013;Produktionswert
81000;Volkswirtschaftliche Gesamtrechnungen des Bundes;JAHR;Jahr;2025;DINSG;Deutschland insgesamt;DG;Deutschland;VGRPB5;Preisbasis (jeweilige Preise / preisbereinigt);VGRPVK;preisbereinigt, verkettete Volumenang. (Mrd. EUR);WZ08G3;WZ2008: Wirtschaftsbereiche der VGR;WZ08-61;Telekommunikation;...;jew. ME;PRO013;Produktionswert
81000;Volkswirtschaftliche Gesamtrechnungen des Bundes;JAHR;Jahr;2023;DINSG;Deutschland insgesamt;DG;Deutschland;VGRPB5;Preisbasis (jeweilige Preise / preisbereinigt);VGRPVK;preisbereinigt, verkettete Volumenang. (Mrd. EUR);WZ08G3;WZ2008: Wirtschaftsbereiche der VGR;WZ08-61;Telekommunikation;76,783;jew. ME;PRO013;Produktionswert
81000;Volkswirtschaftliche Gesamtrechnungen des Bundes;JAHR;Jahr;2024;DINSG;Deutschland insgesamt;DG;Deutschland;VGRPB5;Preisbasis (jeweilige Preise / preisbereinigt);VGRPVK;preisbereinigt, verkettete Volumenang. (Mrd. EUR);WZ08G3;WZ2008: Wirtschaftsbereiche der VGR;WZ08-D;Energieversorgung;126,111;jew. ME;PRO013;Produktionswert
81000;Volkswirtschaftliche Gesamtrechnungen des Bundes;JAHR;Jahr;2021;DINSG;Deutschland insgesamt;DG;Deutschland;VGRPB5;Preisbasis (jeweilige Preise / preisbereinigt);VGRPVK;preisbereinigt, verkettete Volumenang. (Mrd. EUR);WZ08G3;WZ2008: Wirtschaftsbereiche der VGR;WZ08-61;Telekommunikation;67,636;jew. ME;PRO013;Produktionswert
81000;Volkswirtschaftliche Gesamtrechnungen des Bundes;JAHR;Jahr;2022;DINSG;Deutschland insgesamt;DG;Deutschland;VGRPB5;Preisbasis (jeweilige Preise / preisbereinigt);VGRPVU;preisbereinigt, unverkettete Volumenang.(Mrd. EUR);WZ08G3;WZ2008: Wirtschaftsbereiche der VGR;WZ08-G;Handel, Instandhaltung und Reparatur von Kfz;662,156;jew. ME;PRO013;Produktionswert
81000;Volkswirtschaftliche Gesamtrechnungen des Bundes;JAHR;Jahr;2023;DINSG;Deutschland insgesamt;DG;Deutschland;VGRPB5;Preisbasis (jeweilige Preise / preisbereinigt);VGRJPM;in jeweiligen Preisen (Mrd. EUR);WZ08G3;WZ2008: Wirtschaftsbereiche der VGR;WZ08-F;Baugewerbe;464,482;jew. ME;PRO013;Produktionswert
81000;Volkswirtschaftliche Gesamtrechnungen des Bundes;JAHR;Jahr;2024;DINSG;Deutschland insgesamt;DG;Deutschland;VGRPB5;Preisbasis (jeweilige Preise / preisbereinigt);VGRPKM;preisbereinigt, Kettenindex (2020=100);WZ08G3;WZ2008: Wirtschaftsbereiche der VGR;WZ08-31-02;Herstellung von Möbeln und sonstigen Waren;103,990;jew. ME;PRO013;Produktionswert
81000;Volkswirtschaftliche Gesamtrechnungen des Bundes;JAHR;Jahr;2025;DINSG;Deutschland insgesamt;DG;Deutschland;VGRPB5;Preisbasis (jeweilige Preise / preisbereinigt);VGRPVU;preisbereinigt, unverkettete Volumenang.(Mrd. EUR);WZ08G3;WZ2008: Wirtschaftsbereiche der VGR;WZ08-18;H.v. Druckerz., Vervielf.v.Ton-,Bild-,Datenträgern;...;jew. ME;PRO013;Produktionswert
81000;Volkswirtschaftliche Gesamtrechnungen des Bundes;JAHR;Jahr;2024;DINSG;Deutschland insgesamt;DG;Deutschland;VGRPB5;Preisbasis (jeweilige Preise / preisbereinigt);VGRPKM;preisbereinigt, Kettenindex (2020=100);WZ08G3;WZ2008: Wirtschaftsbereiche der VGR;WZ08-S;Erbringung von sonstigen Dienstleistungen;115,870;jew. ME;PRO013;Produktionswert
81000;Volkswirtschaftliche Gesamtrechnungen des Bundes;JAHR;Jahr;2024;DINSG;Deutschland insgesamt;DG;Deutschland;VGRPB5;Preisbasis (jeweilige Preise / preisbereinigt);VGRJPM;in jeweiligen Preisen (Mrd. EUR);WZ08G3;WZ2008: Wirtschaftsbereiche der VGR;WZ08-86;Gesundheitswesen;324,727;jew. ME;PRO013;Produktionswert
81000;Volkswirtschaftliche Gesamtrechnungen des Bundes;JAHR;Jahr;2021;DINSG;Deutschland insgesamt;DG;Deutschland;VGRPB5;Preisbasis (jeweilige Preise / preisbereinigt);VGRPVU;preisbereinigt, unverkettete Volumenang.(Mrd. EUR);WZ08G3;WZ2008: Wirtschaftsbereiche der VGR;WZ08-18;H.v. Druckerz., Vervielf.v.Ton-,Bild-,Datenträgern;16,574;jew. ME;PRO013;Produktionswert
81000;Volkswirtschaftliche Gesamtrechnungen des Bundes;JAHR;Jahr;2022;DINSG;Deutschland insgesamt;DG;Deutschland;VGRPB5;Preisbasis (jeweilige Preise / preisbereinigt);VGRJPM;in jeweiligen Preisen (Mrd. EUR);WZ08G3;WZ2008: Wirtschaftsbereiche der VGR;WZ08-86;Gesundheitswesen;308,112;jew. ME;PRO013;Produktionswert
81000;Volkswirtschaftliche Gesamtrechnungen des Bundes;JAHR;Jahr;2022;DINSG;Deutschland insgesamt;DG;Deutschland;VGRPB5;Preisbasis (jeweilige Preise / preisbereinigt);VGRPKM;preisbereinigt, Kettenindex (2020=100);WZ08G3;WZ2008: Wirtschaftsbereiche der VGR;WZ08-86;Gesundheitswesen;106,150;jew. ME;PRO013;Produktionswert
81000;Volkswirtschaftliche Gesamtrechnungen des Bundes;JAHR;Jahr;2023;DINSG;Deutschland insgesamt;DG;Deutschland;VGRPB5;Preisbasis (jeweilige Preise / preisbereinigt);VGRPVU;preisbereinigt, unverkettete Volumenang.(Mrd. EUR);WZ08G3;WZ2008: Wirtschaftsbereiche der VGR;WZ08-18;H.v. Druckerz., Vervielf.v.Ton-,Bild-,Datenträgern;17,787;jew. ME;PRO013;Produktionswert
81000;Volkswirtschaftliche Gesamtrechnungen des Bundes;JAHR;Jahr;2023;DINSG;Deutschland insgesamt;DG;Deutschland;VGRPB5;Preisbasis (jeweilige Preise / preisbereinigt);VGRPVK;preisbereinigt, verkettete Volumenang. (Mrd. EUR);WZ08G3;WZ2008: Wirtschaftsbereiche der VGR;WZ08-96;Sonstige überwiegend persönliche Dienstleistungen;58,921;jew. ME;PRO013;Produktionswert
81000;Volkswirtschaftliche Gesamtrechnungen des Bundes;JAHR;Jahr;2021;DINSG;Deutschland insgesamt;DG;Deutschland;VGRPB5;Preisbasis (jeweilige Preise / preisbereinigt);VGRPVU;preisbereinigt, unverkettete Volumenang.(Mrd. EUR);WZ08G3;WZ2008: Wirtschaftsbereiche der VGR;WZ08-74-01;Freiberufl.,wiss.,techn.DL a.n.g., Veterinärwesen;30,991;jew. ME;PRO013;Produktionswert
81000;Volkswirtschaftliche Gesamtrechnungen des Bundes;JAHR;Jahr;2022;DINSG;Deutschland insgesamt;DG;Deutschland;VGRPB5;Preisbasis (jeweilige Preise / preisbereinigt);VGRPVK;preisbereinigt, verkettete Volumenang. (Mrd. EUR);WZ08G3;WZ2008: Wirtschaftsbereiche der VGR;WZ08-50;Schifffahrt;22,922;jew. ME;PRO013;Produktionswert
81000;Volkswirtschaftliche Gesamtrechnungen des Bundes;JAHR;Jahr;2025;DINSG;Deutschland insgesamt;DG;Deutschland;VGRPB5;Preisbasis (jeweilige Preise / preisbereinigt);VGRPVU;preisbereinigt, unverkettete Volumenang.(Mrd. EUR);WZ08G3;WZ2008: Wirtschaftsbereiche der VGR;WZ08-74-01;Freiberufl.,wiss.,techn.DL a.n.g., Veterinärwesen;...;jew. ME;PRO013;Produktionswert
81000;Volkswirtschaftliche Gesamtrechnungen des Bundes;JAHR;Jahr;2024;DINSG;Deutschland insgesamt;DG;Deutschland;VGRPB5;Preisbasis (jeweilige Preise / preisbereinigt);VGRPVK;preisbereinigt, verkettete Volumenang. (Mrd. EUR);WZ08G3;WZ2008: Wirtschaftsbereiche der VGR;WZ08-50;Schifffahrt;19,471;jew. ME;PRO013;Produktionswert
81000;Volkswirtschaftliche Gesamtrechnungen des Bundes;JAHR;Jahr;2025;DINSG;Deutschland insgesamt;DG;Deutschland;VGRPB5;Preisbasis (jeweilige Preise / preisbereinigt);VGRPVK;preisbereinigt, verkettete Volumenang. (Mrd. EUR);WZ08G3;WZ2008: Wirtschaftsbereiche der VGR;WZ08-96;Sonstige überwiegend persönliche Dienstleistungen;...;jew. ME;PRO013;Produktionswert
81000;Volkswirtschaftliche Gesamtrechnungen des Bundes;JAHR;Jahr;2024;DINSG;Deutschland insgesamt;DG;Deutschland;VGRPB5;Preisbasis (jeweilige Preise / preisbereinigt);VGRPKM;preisbereinigt, Kettenindex (2020=100);WZ08G3;WZ2008: Wirtschaftsbereiche der VGR;WZ08-86;Gesundheitswesen;102,220;jew. ME;PRO013;Produktionswert
81000;Volkswirtschaftliche Gesamtrechnungen des Bundes;JAHR;Jahr;2024;DINSG;Deutschland insgesamt;DG;Deutschland;VGRPB5;Preisbasis (jeweilige Preise / preisbereinigt);VGRJPM;in jeweiligen Preisen (Mrd. EUR);WZ08G3;WZ2008: Wirtschaftsbereiche der VGR;WZ08-18;H.v. Druckerz., Vervielf.v.Ton-,Bild-,Datenträgern;17,840;jew. ME;PRO013;Produktionswert
81000;Volkswirtschaftliche Gesamtrechnungen des Bundes;JAHR;Jahr;2025;DINSG;Deutschland insgesamt;DG;Deutschland;VGRPB5;Preisbasis (jeweilige Preise / preisbereinigt);VGRPKM;preisbereinigt, Kettenindex (2020=100);WZ08G3;WZ2008: Wirtschaftsbereiche der VGR;WZ08-80-01;Unternehmensdienstleister a.n.g.;...;jew. ME;PRO013;Produktionswert
81000;Volkswirtschaftliche Gesamtrechnungen des Bundes;JAHR;Jahr;2024;DINSG;Deutschland insgesamt;DG;Deutschland;VGRPB5;Preisbasis (jeweilige Preise / preisbereinigt);VGRPVU;preisbereinigt, unverkettete Volumenang.(Mrd. EUR);WZ08G3;WZ2008: Wirtschaftsbereiche der VGR;WZ08-72;Forschung und Entwicklung;55,769;jew. ME;PRO013;Produktionswert
81000;Volkswirtschaftliche Gesamtrechnungen des Bundes;JAHR;Jahr;2022;DINSG;Deutschland insgesamt;DG;Deutschland;VGRPB5;Preisbasis (jeweilige Preise / preisbereinigt);VGRPVU;preisbereinigt, unverkettete Volumenang.(Mrd. EUR);WZ08G3;WZ2008: Wirtschaftsbereiche der VGR;WZ08-51;Luftfahrt;31,612;jew. ME;PRO013;Produktionswert
81000;Volkswirtschaftliche Gesamtrechnungen des Bundes;JAHR;Jahr;2024;DINSG;Deutschland insgesamt;DG;Deutschland;VGRPB5;Preisbasis (jeweilige Preise / preisbereinigt);VGRPVU;preisbereinigt, unverkettete Volumenang.(Mrd. EUR);WZ08G3;WZ2008: Wirtschaftsbereiche der VGR;WZ08-G-01;Handel, Verkehr, Gastgewerbe;1367,688;jew. ME;PRO013;Produktionswert
81000;Volkswirtschaftliche Gesamtrechnungen des Bundes;JAHR;Jahr;2023;DINSG;Deutschland insgesamt;DG;Deutschland;VGRPB5;Preisbasis (jeweilige Preise / preisbereinigt);VGRPKM;preisbereinigt, Kettenindex (2020=100);WZ08G3;WZ2008: Wirtschaftsbereiche der VGR;WZ08-94;Interessenvertr., kirchl. u. sonst. Vereinigungen;97,970;jew. ME;PRO013;Produktionswert
81000;Volkswirtschaftliche Gesamtrechnungen des Bundes;JAHR;Jahr;2024;DINSG;Deutschland insgesamt;DG;Deutschland;VGRPB5;Preisbasis (jeweilige Preise / preisbereinigt);VGRPVK;preisbereinigt, verkettete Volumenang. (Mrd. EUR);WZ08G3;WZ2008: Wirtschaftsbereiche der VGR;WZ08-M;Freiberufliche, wiss. u. techn. Dienstleistungen;496,077;jew. ME;PRO013;Produktionswert
81000;Volkswirtschaftliche Gesamtrechnungen des Bundes;JAHR;Jahr;2021;DINSG;Deutschland insgesamt;DG;Deutschland;VGRPB5;Preisbasis (jeweilige Preise / preisbereinigt);VGRPKM;preisbereinigt, Kettenindex (2020=100);WZ08G3;WZ2008: Wirtschaftsbereiche der VGR;WZ08-73;Werbung und Marktforschung;117,680;jew. ME;PRO013;Produktionswert
81000;Volkswirtschaftliche Gesamtrechnungen des Bundes;JAHR;Jahr;2023;DINSG;Deutschland insgesamt;DG;Deutschland;VGRPB5;Preisbasis (jeweilige Preise / preisbereinigt);VGRPVU;preisbereinigt, unverkettete Volumenang.(Mrd. EUR);WZ08G3;WZ2008: Wirtschaftsbereiche der VGR;WZ08-73-01;Sonst.freiberufl., wissenschaftl., techn. Dienstl.;71,398;jew. ME;PRO013;Produktionswert
81000;Volkswirtschaftliche Gesamtrechnungen des Bundes;JAHR;Jahr;2025;DINSG;Deutschland insgesamt;DG;Deutschland;VGRPB5;Preisbasis (jeweilige Preise / preisbereinigt);VGRJPM;in jeweiligen Preisen (Mrd. EUR);WZ08G3;WZ2008: Wirtschaftsbereiche der VGR;WZ08-R;Kunst, Unterhaltung und Erholung;88,312;jew. ME;PRO013;Produktionswert
81000;Volkswirtschaftliche Gesamtrechnungen des Bundes;JAHR;Jahr;2025;DINSG;Deutschland insgesamt;DG;Deutschland;VGRPB5;Preisbasis (jeweilige Preise / preisbereinigt);VGRPVK;preisbereinigt, verkettete Volumenang. (Mrd. EUR);WZ08G3;WZ2008: Wirtschaftsbereiche der VGR;WZ08-41;Hochbau;...;jew. ME;PRO013;Produktionswert
81000;Volkswirtschaftliche Gesamtrechnungen des Bundes;JAHR;Jahr;2022;DINSG;Deutschland insgesamt;DG;Deutschland;VGRPB5;Preisbasis (jeweilige Preise / preisbereinigt);VGRJPM;in jeweiligen Preisen (Mrd. EUR);WZ08G3;WZ2008: Wirtschaftsbereiche der VGR;WZ08-50;Schifffahrt;58,356;jew. ME;PRO013;Produktionswert
81000;Volkswirtschaftliche Gesamtrechnungen des Bundes;JAHR;Jahr;2024;DINSG;Deutschland insgesamt;DG;Deutschland;VGRPB5;Preisbasis (jeweilige Preise / preisbereinigt);VGRPKM;preisbereinigt, Kettenindex (2020=100);WZ08G3;WZ2008: Wirtschaftsbereiche der VGR;WZ08-78;Vermittlung und Überlassung von Arbeitskräften;112,930;jew. ME;PRO013;Produktionswert
81000;Volkswirtschaftliche Gesamtrechnungen des Bundes;JAHR;Jahr;2025;DINSG;Deutschland insgesamt;DG;Deutschland;VGRPB5;Preisbasis (jeweilige Preise / preisbereinigt);VGRPVK;preisbereinigt, verkettete Volumenang. (Mrd. EUR);WZ08G3;WZ2008: Wirtschaftsbereiche der VGR;WZ08-10-01;Ernährungsgewerbe und Tabakverarbeitung;...;jew. ME;PRO013;Produktionswert
81000;Volkswirtschaftliche Gesamtrechnungen des Bundes;JAHR;Jahr;2021;DINSG;Deutschland insgesamt;DG;Deutschland;VGRPB5;Preisbasis (jeweilige Preise / preisbereinigt);VGRPVU;preisbereinigt, unverkettete Volumenang.(Mrd. EUR);WZ08G3;WZ2008: Wirtschaftsbereiche der VGR;WZ08-49;Landverkehr und Transport in Rohrfernleitungen;114,140;jew. ME;PRO013;Produktionswert
81000;Volkswirtschaftliche Gesamtrechnungen des Bundes;JAHR;Jahr;2023;DINSG;Deutschland insgesamt;DG;Deutschland;VGRPB5;Preisbasis (jeweilige Preise / preisbereinigt);VGRPVK;preisbereinigt, verkettete Volumenang. (Mrd. EUR);WZ08G3;WZ2008: Wirtschaftsbereiche der VGR;WZ08-20;Herstellung von chemischen Erzeugnissen;127,762;jew. ME;PRO013;Produktionswert
81000;Volkswirtschaftliche Gesamtrechnungen des Bundes;JAHR;Jahr;2023;DINSG;Deutschland insgesamt;DG;Deutschland;VGRPB5;Preisbasis (jeweilige Preise / preisbereinigt);VGRPVK;preisbereinigt, verkettete Volumenang. (Mrd. EUR);WZ08G3;WZ2008: Wirtschaftsbereiche der VGR;WZ08-D;Energieversorgung;118,614;jew. ME;PRO013;Produktionswert
81000;Volkswirtschaftliche Gesamtrechnungen des Bundes;JAHR;Jahr;2025;DINSG;Deutschland insgesamt;DG;Deutschland;VGRPB5;Preisbasis (jeweilige Preise / preisbereinigt);VGRPVU;preisbereinigt, unverkettete Volumenang.(Mrd. EUR);WZ08G3;WZ2008: Wirtschaftsbereiche der VGR;WZ08-K;Erbringung v. Finanz- u. Versicherungsdienstleist.;359,913;jew. ME;PRO013;Produktionswert
81000;Volkswirtschaftliche Gesamtrechnungen des Bundes;JAHR;Jahr;2023;DINSG;Deutschland insgesamt;DG;Deutschland;VGRPB5;Preisbasis (jeweilige Preise / preisbereinigt);VGRPKM;preisbereinigt, Kettenindex (2020=100);WZ08G3;WZ2008: Wirtschaftsbereiche der VGR;WZ08-19;Kokerei und Mineralölverarbeitung;99,130;jew. ME;PRO013;Produktionswert
81000;Volkswirtschaftliche Gesamtrechnungen des Bundes;JAHR;Jahr;2025;DINSG;Deutschland insgesamt;DG;Deutschland;VGRPB5;Preisbasis (jeweilige Preise / preisbereinigt);VGRJPM;in jeweiligen Preisen (Mrd. EUR);WZ08G3;WZ2008: Wirtschaftsbereiche der VGR;WZ08-90-01;Kunst und Kultur, Glücksspiel;...;jew. ME;PRO013;Produktionswert
81000;Volkswirtschaftliche Gesamtrechnungen des Bundes;JAHR;Jahr;2025;DINSG;Deutschland insgesamt;DG;Deutschland;VGRPB5;Preisbasis (jeweilige Preise / preisbereinigt);VGRJPM;in jeweiligen Preisen (Mrd. EUR);WZ08G3;WZ2008: Wirtschaftsbereiche der VGR;WZ08-A;Land- und Forstwirtschaft, Fischerei;82,619;jew. ME;PRO013;Produktionswert
81000;Volkswirtschaftliche Gesamtrechnungen des Bundes;JAHR;Jahr;2022;DINSG;Deutschland insgesamt;DG;Deutschland;VGRPB5;Preisbasis (jeweilige Preise / preisbereinigt);VGRJPM;in jeweiligen Preisen (Mrd. EUR);WZ08G3;WZ2008: Wirtschaftsbereiche der VGR;WZ08-O-03;Öffentliche Dienstleister, Erziehung, Gesundheit;1068,817;jew. ME;PRO013;Produktionswert
81000;Volkswirtschaftliche Gesamtrechnungen des Bundes;JAHR;Jahr;2025;DINSG;Deutschland insgesamt;DG;Deutschland;VGRPB5;Preisbasis (jeweilige Preise / preisbereinigt);VGRJPM;in jeweiligen Preisen (Mrd. EUR);WZ08G3;WZ2008: Wirtschaftsbereiche der VGR;WZ08-20;Herstellung von chemischen Erzeugnissen;...;jew. ME;PRO013;Produktionswert
81000;Volkswirtschaftliche Gesamtrechnungen des Bundes;JAHR;Jahr;2024;DINSG;Deutschland insgesamt;DG;Deutschland;VGRPB5;Preisbasis (jeweilige Preise / preisbereinigt);VGRPVK;preisbereinigt, verkettete Volumenang. (Mrd. EUR);WZ08G3;WZ2008: Wirtschaftsbereiche der VGR;WZ08-16-01;H.v. Holzwaren, Papier und Druckerzeugnissen;70,923;jew. ME;PRO013;Produktionswert
81000;Volkswirtschaftliche Gesamtrechnungen des Bundes;JAHR;Jahr;2024;DINSG;Deutschland insgesamt;DG;Deutschland;VGRPB5;Preisbasis (jeweilige Preise / preisbereinigt);VGRJPM;in jeweiligen Preisen (Mrd. EUR);WZ08G3;WZ2008: Wirtschaftsbereiche der VGR;WZ08-71;Architektur-,Ing.büros,techn.,physik.Untersuchung;136,667;jew. ME;PRO013;Produktionswert
81000;Volkswirtschaftliche Gesamtrechnungen des Bundes;JAHR;Jahr;2024;DINSG;Deutschland insgesamt;DG;Deutschland;VGRPB5;Preisbasis (jeweilige Preise / preisbereinigt);VGRPKM;preisbereinigt, Kettenindex (2020=100);WZ08G3;WZ2008: Wirtschaftsbereiche der VGR;WZ08-P;Erziehung und Unterricht;112,200;jew. ME;PRO013;Produktionswert
81000;Volkswirtschaftliche Gesamtrechnungen des Bundes;JAHR;Jahr;2025;DINSG;Deutschland insgesamt;DG;Deutschland;VGRPB5;Preisbasis (jeweilige Preise / preisbereinigt);VGRPKM;preisbereinigt, Kettenindex (2020=100);WZ08G3;WZ2008: Wirtschaftsbereiche der VGR;WZ08-A-02;Alle Wirtschaftsbereiche;108,170;jew. ME;PRO013;Produktionswert
81000;Volkswirtschaftliche Gesamtrechnungen des Bundes;JAHR;Jahr;2024;DINSG;Deutschland insgesamt;DG;Deutschland;VGRPB5;Preisbasis (jeweilige Preise / preisbereinigt);VGRPVU;preisbereinigt, unverkettete Volumenang.(Mrd. EUR);WZ08G3;WZ2008: Wirtschaftsbereiche der VGR;WZ08-19;Kokerei und Mineralölverarbeitung;100,126;jew. ME;PRO013;Produktionswert
81000;Volkswirtschaftliche Gesamtrechnungen des Bundes;JAHR;Jahr;2022;DINSG;Deutschland insgesamt;DG;Deutschland;VGRPB5;Preisbasis (jeweilige Preise / preisbereinigt);VGRPKM;preisbereinigt, Kettenindex (2020=100);WZ08G3;WZ2008: Wirtschaftsbereiche der VGR;WZ08-22;Herstellung von Gummi- und Kunststoffwaren;109,460;jew. ME;PRO013;Produktionswert
81000;Volkswirtschaftliche Gesamtrechnungen des Bundes;JAHR;Jahr;2023;DINSG;Deutschland insgesamt;DG;Deutschland;VGRPB5;Preisbasis (jeweilige Preise / preisbereinigt);VGRPKM;preisbereinigt, Kettenindex (2020=100);WZ08G3;WZ2008: Wirtschaftsbereiche der VGR;WZ08-G;Handel, Instandhaltung und Reparatur von Kfz;99,760;jew. ME;PRO013;Produktionswert
81000;Volkswirtschaftliche Gesamtrechnungen des Bundes;JAHR;Jahr;2024;DINSG;Deutschland insgesamt;DG;Deutschland;VGRPB5;Preisbasis (jeweilige Preise / preisbereinigt);VGRPKM;preisbereinigt, Kettenindex (2020=100);WZ08G3;WZ2008: Wirtschaftsbereiche der VGR;WZ08-43;Vorb.Baustellenarbeiten, Bauinstall., sonst.Ausbau;91,240;jew. ME;PRO013;Produktionswert
81000;Volkswirtschaftliche Gesamtrechnungen des Bundes;JAHR;Jahr;2022;DINSG;Deutschland insgesamt;DG;Deutschland;VGRPB5;Preisbasis (jeweilige Preise / preisbereinigt);VGRPVK;preisbereinigt, verkettete Volumenang. (Mrd. EUR);WZ08G3;WZ2008: Wirtschaftsbereiche der VGR;WZ08-93;Dienstleistungen d.Sports,d.Unterhaltg.u.Erholung;32,943;jew. ME;PRO013;Produktionswert
81000;Volkswirtschaftliche Gesamtrechnungen des Bundes;JAHR;Jahr;2025;DINSG;Deutschland insgesamt;DG;Deutschland;VGRPB5;Preisbasis (jeweilige Preise / preisbereinigt);VGRPKM;preisbereinigt, Kettenindex (2020=100);WZ08G3;WZ2008: Wirtschaftsbereiche der VGR;WZ08-27;Herstellung von elektrischen Ausrüstungen;...;jew. ME;PRO013;Produktionswert
81000;Volkswirtschaftliche Gesamtrechnungen des Bundes;JAHR;Jahr;2024;DINSG;Deutschland insgesamt;DG;Deutschland;VGRPB5;Preisbasis (jeweilige Preise / preisbereinigt);VGRPVK;preisbereinigt, verkettete Volumenang. (Mrd. EUR);WZ08G3;WZ2008: Wirtschaftsbereiche der VGR;WZ08-B-05;Produzierendes Gewerbe;2447,012;jew. ME;PRO013;Produktionswert
81000;Volkswirtschaftliche Gesamtrechnungen des Bundes;JAHR;Jahr;2022;DINSG;Deutschland insgesamt;DG;Deutschland;VGRPB5;Preisbasis (jeweilige Preise / preisbereinigt);VGRPVU;preisbereinigt, unverkettete Volumenang.(Mrd. EUR);WZ08G3;WZ2008: Wirtschaftsbereiche der VGR;WZ08-G-04;Dienstleistungsbereiche;4373,919;jew. ME;PRO013;Produktionswert
81000;Volkswirtschaftliche Gesamtrechnungen des Bundes;JAHR;Jahr;2024;DINSG;Deutschland insgesamt;DG;Deutschland;VGRPB5;Preisbasis (jeweilige Preise / preisbereinigt);VGRPVU;preisbereinigt, unverkettete Volumenang.(Mrd. EUR);WZ08G3;WZ2008: Wirtschaftsbereiche der VGR;WZ08-50;Schifffahrt;33,052;jew. ME;PRO013;Produktionswert
81000;Volkswirtschaftliche Gesamtrechnungen des Bundes;JAHR;Jahr;2024;DINSG;Deutschland insgesamt;DG;Deutschland;VGRPB5;Preisbasis (jeweilige Preise / preisbereinigt);VGRPVU;preisbereinigt, unverkettete Volumenang.(Mrd. EUR);WZ08G3;WZ2008: Wirtschaftsbereiche der VGR;WZ08-R-02;Sonstige Dienstleister;215,624;jew. ME;PRO013;Produktionswert
81000;Volkswirtschaftliche Gesamtrechnungen des Bundes;JAHR;Jahr;2022;DINSG;Deutschland insgesamt;DG;Deutschland;VGRPB5;Preisbasis (jeweilige Preise / preisbereinigt);VGRPVU;preisbereinigt, unverkettete Volumenang.(Mrd. EUR);WZ08G3;WZ2008: Wirtschaftsbereiche der VGR;WZ08-73;Werbung und Marktforschung;32,412;jew. ME;PRO013;Produktionswert
81000;Volkswirtschaftliche Gesamtrechnungen des Bundes;JAHR;Jahr;2022;DINSG;Deutschland insgesamt;DG;Deutschland;VGRPB5;Preisbasis (jeweilige Preise / preisbereinigt);VGRPVU;preisbereinigt, unverkettete Volumenang.(Mrd. EUR);WZ08G3;WZ2008: Wirtschaftsbereiche der VGR;WZ08-22-01;H.v. Gummi-, Kunststoff-, Glaswaren, Keramik u.Ä.;144,082;jew. ME;PRO013;Produktionswert
81000;Volkswirtschaftliche Gesamtrechnungen des Bundes;JAHR;Jahr;2022;DINSG;Deutschland insgesamt;DG;Deutschland;VGRPB5;Preisbasis (jeweilige Preise / preisbereinigt);VGRPVK;preisbereinigt, verkettete Volumenang. (Mrd. EUR);WZ08G3;WZ2008: Wirtschaftsbereiche der VGR;WZ08-L;Grundstücks- und Wohnungswesen;502,615;jew. ME;PRO013;Produktionswert
81000;Volkswirtschaftliche Gesamtrechnungen des Bundes;JAHR;Jahr;2023;DINSG;Deutschland insgesamt;DG;Deutschland;VGRPB5;Preisbasis (jeweilige Preise / preisbereinigt);VGRJPM;in jeweiligen Preisen (Mrd. EUR);WZ08G3;WZ2008: Wirtschaftsbereiche der VGR;WZ08-Q;Gesundheits- und Sozialwesen;482,146;jew. ME;PRO013;Produktionswert
81000;Volkswirtschaftliche Gesamtrechnungen des Bundes;JAHR;Jahr;2021;DINSG;Deutschland insgesamt;DG;Deutschland;VGRPB5;Preisbasis (jeweilige Preise / preisbereinigt);VGRPVU;preisbereinigt, unverkettete Volumenang.(Mrd. EUR);WZ08G3;WZ2008: Wirtschaftsbereiche der VGR;WZ08-27;Herstellung von elektrischen Ausrüstungen;114,854;jew. ME;PRO013;Produktionswert
81000;Volkswirtschaftliche Gesamtrechnungen des Bundes;JAHR;Jahr;2021;DINSG;Deutschland insgesamt;DG;Deutschland;VGRPB5;Preisbasis (jeweilige Preise / preisbereinigt);VGRPKM;preisbereinigt, Kettenindex (2020=100);WZ08G3;WZ2008: Wirtschaftsbereiche der VGR;WZ08-95;Reparatur von DV-Geräten und Gebrauchsgütern;103,830;jew. ME;PRO013;Produktionswert
81000;Volkswirtschaftliche Gesamtrechnungen des Bundes;JAHR;Jahr;2023;DINSG;Deutschland insgesamt;DG;Deutschland;VGRPB5;Preisbasis (jeweilige Preise / preisbereinigt);VGRPKM;preisbereinigt, Kettenindex (2020=100);WZ08G3;WZ2008: Wirtschaftsbereiche der VGR;WZ08-72;Forschung und Entwicklung;109,570;jew. ME;PRO013;Produktionswert
81000;Volkswirtschaftliche Gesamtrechnungen des Bundes;JAHR;Jahr;2022;DINSG;Deutschland insgesamt;DG;Deutschland;VGRPB5;Preisbasis (jeweilige Preise / preisbereinigt);VGRJPM;in jeweiligen Preisen (Mrd. EUR);WZ08G3;WZ2008: Wirtschaftsbereiche der VGR;WZ08-72;Forschung und Entwicklung;58,708;jew. ME;PRO013;Produktionswert
81000;Volkswirtschaftliche Gesamtrechnungen des Bundes;JAHR;Jahr;2025;DINSG;Deutschland insgesamt;DG;Deutschland;VGRPB5;Preisbasis (jeweilige Preise / preisbereinigt);VGRJPM;in jeweiligen Preisen (Mrd. EUR);WZ08G3;WZ2008: Wirtschaftsbereiche der VGR;WZ08-77;Vermietung von beweglichen Sachen;...;jew. ME;PRO013;Produktionswert
81000;Volkswirtschaftliche Gesamtrechnungen des Bundes;JAHR;Jahr;2021;DINSG;Deutschland insgesamt;DG;Deutschland;VGRPB5;Preisbasis (jeweilige Preise / preisbereinigt);VGRPVK;preisbereinigt, verkettete Volumenang. (Mrd. EUR);WZ08G3;WZ2008: Wirtschaftsbereiche der VGR;WZ08-21;Herstellung von pharmazeutischen Erzeugnissen;60,038;jew. ME;PRO013;Produktionswert
81000;Volkswirtschaftliche Gesamtrechnungen des Bundes;JAHR;Jahr;2025;DINSG;Deutschland insgesamt;DG;Deutschland;VGRPB5;Preisbasis (jeweilige Preise / preisbereinigt);VGRPVU;preisbereinigt, unverkettete Volumenang.(Mrd. EUR);WZ08G3;WZ2008: Wirtschaftsbereiche der VGR;WZ08-59-01;Audiovisuelle Medien und Rundfunk;...;jew. ME;PRO013;Produktionswert
81000;Volkswirtschaftliche Gesamtrechnungen des Bundes;JAHR;Jahr;2021;DINSG;Deutschland insgesamt;DG;Deutschland;VGRPB5;Preisbasis (jeweilige Preise / preisbereinigt);VGRPVK;preisbereinigt, verkettete Volumenang. (Mrd. EUR);WZ08G3;WZ2008: Wirtschaftsbereiche der VGR;WZ08-C;Verarbeitendes Gewerbe;1926,488;jew. ME;PRO013;Produktionswert
81000;Volkswirtschaftliche Gesamtrechnungen des Bundes;JAHR;Jahr;2024;DINSG;Deutschland insgesamt;DG;Deutschland;VGRPB5;Preisbasis (jeweilige Preise / preisbereinigt);VGRPVU;preisbereinigt, unverkettete Volumenang.(Mrd. EUR);WZ08G3;WZ2008: Wirtschaftsbereiche der VGR;WZ08-B;Bergbau und Gewinnung von Steinen und Erden;12,815;jew. ME;PRO013;Produktionswert
81000;Volkswirtschaftliche Gesamtrechnungen des Bundes;JAHR;Jahr;2022;DINSG;Deutschland insgesamt;DG;Deutschland;VGRPB5;Preisbasis (jeweilige Preise / preisbereinigt);VGRJPM;in jeweiligen Preisen (Mrd. EUR);WZ08G3;WZ2008: Wirtschaftsbereiche der VGR;WZ08-19;Kokerei und Mineralölverarbeitung;120,861;jew. ME;PRO013;Produktionswert
81000;Volkswirtschaftliche Gesamtrechnungen des Bundes;JAHR;Jahr;2024;DINSG;Deutschland insgesamt;DG;Deutschland;VGRPB5;Preisbasis (jeweilige Preise / preisbereinigt);VGRPVK;preisbereinigt, verkettete Volumenang. (Mrd. EUR);WZ08G3;WZ2008: Wirtschaftsbereiche der VGR;WZ08-26;H.v. DV-Geräten, elektron. u. opt. Erzeugnissen;106,533;jew. ME;PRO013;Produktionswert
81000;Volkswirtschaftliche Gesamtrechnungen des Bundes;JAHR;Jahr;2023;DINSG;Deutschland insgesamt;DG;Deutschland;VGRPB5;Preisbasis (jeweilige Preise / preisbereinigt);VGRPVU;preisbereinigt, unverkettete Volumenang.(Mrd. EUR);WZ08G3;WZ2008: Wirtschaftsbereiche der VGR;WZ08-J;Information und Kommunikation;387,150;jew. ME;PRO013;Produktionswert
81000;Volkswirtschaftliche Gesamtrechnungen des Bundes;JAHR;Jahr;2024;DINSG;Deutschland insgesamt;DG;Deutschland;VGRPB5;Preisbasis (jeweilige Preise / preisbereinigt);VGRPVU;preisbereinigt, unverkettete Volumenang.(Mrd. EUR);WZ08G3;WZ2008: Wirtschaftsbereiche der VGR;WZ08-S;Erbringung von sonstigen Dienstleistungen;122,938;jew. ME;PRO013;Produktionswert
81000;Volkswirtschaftliche Gesamtrechnungen des Bundes;JAHR;Jahr;2022;DINSG;Deutschland insgesamt;DG;Deutschland;VGRPB5;Preisbasis (jeweilige Preise / preisbereinigt);VGRPVK;preisbereinigt, verkettete Volumenang. (Mrd. EUR);WZ08G3;WZ2008: Wirtschaftsbereiche der VGR;WZ08-18;H.v. Druckerz., Vervielf.v.Ton-,Bild-,Datenträgern;15,159;jew. ME;PRO013;Produktionswert
81000;Volkswirtschaftliche Gesamtrechnungen des Bundes;JAHR;Jahr;2021;DINSG;Deutschland insgesamt;DG;Deutschland;VGRPB5;Preisbasis (jeweilige Preise / preisbereinigt);VGRPVK;preisbereinigt, verkettete Volumenang. (Mrd. EUR);WZ08G3;WZ2008: Wirtschaftsbereiche der VGR;WZ08-T;Private Haushalte;7,820;jew. ME;PRO013;Produktionswert
81000;Volkswirtschaftliche Gesamtrechnungen des Bundes;JAHR;Jahr;2023;DINSG;Deutschland insgesamt;DG;Deutschland;VGRPB5;Preisbasis (jeweilige Preise / preisbereinigt);VGRPVK;preisbereinigt, verkettete Volumenang. (Mrd. EUR);WZ08G3;WZ2008: Wirtschaftsbereiche der VGR;WZ08-A-02;Alle Wirtschaftsbereiche;6803,784;jew. ME;PRO013;Produktionswert
81000;Volkswirtschaftliche Gesamtrechnungen des Bundes;JAHR;Jahr;2025;DINSG;Deutschland insgesamt;DG;Deutschland;VGRPB5;Preisbasis (jeweilige Preise / preisbereinigt);VGRJPM;in jeweiligen Preisen (Mrd. EUR);WZ08G3;WZ2008: Wirtschaftsbereiche der VGR;WZ08-42;Tiefbau;...;jew. ME;PRO013;Produktionswert
81000;Volkswirtschaftliche Gesamtrechnungen des Bundes;JAHR;Jahr;2024;DINSG;Deutschland insgesamt;DG;Deutschland;VGRPB5;Preisbasis (jeweilige Preise / preisbereinigt);VGRJPM;in jeweiligen Preisen (Mrd. EUR);WZ08G3;WZ2008: Wirtschaftsbereiche der VGR;WZ08-I;Gastgewerbe;140,277;jew. ME;PRO013;Produktionswert
81000;Volkswirtschaftliche Gesamtrechnungen des Bundes;JAHR;Jahr;2021;DINSG;Deutschland insgesamt;DG;Deutschland;VGRPB5;Preisbasis (jeweilige Preise / preisbereinigt);VGRPVU;preisbereinigt, unverkettete Volumenang.(Mrd. EUR);WZ08G3;WZ2008: Wirtschaftsbereiche der VGR;WZ08-69-01;Unternehmensnahe Beratungsleistungen;331,349;jew. ME;PRO013;Produktionswert
81000;Volkswirtschaftliche Gesamtrechnungen des Bundes;JAHR;Jahr;2023;DINSG;Deutschland insgesamt;DG;Deutschland;VGRPB5;Preisbasis (jeweilige Preise / preisbereinigt);VGRPVK;preisbereinigt, verkettete Volumenang. (Mrd. EUR);WZ08G3;WZ2008: Wirtschaftsbereiche der VGR;WZ08-33;Reparatur u.Installation von Masch.u.Ausrüstungen;52,246;jew. ME;PRO013;Produktionswert
81000;Volkswirtschaftliche Gesamtrechnungen des Bundes;JAHR;Jahr;2022;DINSG;Deutschland insgesamt;DG;Deutschland;VGRPB5;Preisbasis (jeweilige Preise / preisbereinigt);VGRPKM;preisbereinigt, Kettenindex (2020=100);WZ08G3;WZ2008: Wirtschaftsbereiche der VGR;WZ08-O;Öff. Verwaltung, Verteidigung, Sozialversicherung;100,690;jew. ME;PRO013;Produktionswert
81000;Volkswirtschaftliche Gesamtrechnungen des Bundes;JAHR;Jahr;2024;DINSG;Deutschland insgesamt;DG;Deutschland;VGRPB5;Preisbasis (jeweilige Preise / preisbereinigt);VGRPKM;preisbereinigt, Kettenindex (2020=100);WZ08G3;WZ2008: Wirtschaftsbereiche der VGR;WZ08-65;Versicherungen, Rückversicherungen, Pensionskassen;102,290;jew. ME;PRO013;Produktionswert
81000;Volkswirtschaftliche Gesamtrechnungen des Bundes;JAHR;Jahr;2022;DINSG;Deutschland insgesamt;DG;Deutschland;VGRPB5;Preisbasis (jeweilige Preise / preisbereinigt);VGRPVK;preisbereinigt, verkettete Volumenang. (Mrd. EUR);WZ08G3;WZ2008: Wirtschaftsbereiche der VGR;WZ08-71;Architektur-,Ing.büros,techn.,physik.Untersuchung;110,471;jew. ME;PRO013;Produktionswert
81000;Volkswirtschaftliche Gesamtrechnungen des Bundes;JAHR;Jahr;2021;DINSG;Deutschland insgesamt;DG;Deutschland;VGRPB5;Preisbasis (jeweilige Preise / preisbereinigt);VGRPKM;preisbereinigt, Kettenindex (2020=100);WZ08G3;WZ2008: Wirtschaftsbereiche der VGR;WZ08-F;Baugewerbe;95,300;jew. ME;PRO013;Produktionswert
81000;Volkswirtschaftliche Gesamtrechnungen des Bundes;JAHR;Jahr;2023;DINSG;Deutschland insgesamt;DG;Deutschland;VGRPB5;Preisbasis (jeweilige Preise / preisbereinigt);VGRPKM;preisbereinigt, Kettenindex (2020=100);WZ08G3;WZ2008: Wirtschaftsbereiche der VGR;WZ08-28;Maschinenbau;110,660;jew. ME;PRO013;Produktionswert
81000;Volkswirtschaftliche Gesamtrechnungen des Bundes;JAHR;Jahr;2023;DINSG;Deutschland insgesamt;DG;Deutschland;VGRPB5;Preisbasis (jeweilige Preise / preisbereinigt);VGRPVU;preisbereinigt, unverkettete Volumenang.(Mrd. EUR);WZ08G3;WZ2008: Wirtschaftsbereiche der VGR;WZ08-M-02;Unternehmensdienstleister;872,305;jew. ME;PRO013;Produktionswert
81000;Volkswirtschaftliche Gesamtrechnungen des Bundes;JAHR;Jahr;2021;DINSG;Deutschland insgesamt;DG;Deutschland;VGRPB5;Preisbasis (jeweilige Preise / preisbereinigt);VGRJPM;in jeweiligen Preisen (Mrd. EUR);WZ08G3;WZ2008: Wirtschaftsbereiche der VGR;WZ08-P;Erziehung und Unterricht;210,670;jew. ME;PRO013;Produktionswert
81000;Volkswirtschaftliche Gesamtrechnungen des Bundes;JAHR;Jahr;2023;DINSG;Deutschland insgesamt;DG;Deutschland;VGRPB5;Preisbasis (jeweilige Preise / preisbereinigt);VGRPVU;preisbereinigt, unverkettete Volumenang.(Mrd. EUR);WZ08G3;WZ2008: Wirtschaftsbereiche der VGR;WZ08-26;H.v. DV-Geräten, elektron. u. opt. Erzeugnissen;115,518;jew. ME;PRO013;Produktionswert
81000;Volkswirtschaftliche Gesamtrechnungen des Bundes;JAHR;Jahr;2025;DINSG;Deutschland insgesamt;DG;Deutschland;VGRPB5;Preisbasis (jeweilige Preise / preisbereinigt);VGRPKM;preisbereinigt, Kettenindex (2020=100);WZ08G3;WZ2008: Wirtschaftsbereiche der VGR;WZ08-71;Architektur-,Ing.büros,techn.,physik.Untersuchung;...;jew. ME;PRO013;Produktionswert
81000;Volkswirtschaftliche Gesamtrechnungen des Bundes;JAHR;Jahr;2023;DINSG;Deutschland insgesamt;DG;Deutschland;VGRPB5;Preisbasis (jeweilige Preise / preisbereinigt);VGRJPM;in jeweiligen Preisen (Mrd. EUR);WZ08G3;WZ2008: Wirtschaftsbereiche der VGR;WZ08-78;Vermittlung und Überlassung von Arbeitskräften;46,171;jew. ME;PRO013;Produktionswert
81000;Volkswirtschaftliche Gesamtrechnungen des Bundes;JAHR;Jahr;2022;DINSG;Deutschland insgesamt;DG;Deutschland;VGRPB5;Preisbasis (jeweilige Preise / preisbereinigt);VGRJPM;in jeweiligen Preisen (Mrd. EUR);WZ08G3;WZ2008: Wirtschaftsbereiche der VGR;WZ08-94;Interessenvertr., kirchl. u. sonst. Vereinigungen;47,388;jew. ME;PRO013;Produktionswert
81000;Volkswirtschaftliche Gesamtrechnungen des Bundes;JAHR;Jahr;2022;DINSG;Deutschland insgesamt;DG;Deutschland;VGRPB5;Preisbasis (jeweilige Preise / preisbereinigt);VGRPVK;preisbereinigt, verkettete Volumenang. (Mrd. EUR);WZ08G3;WZ2008: Wirtschaftsbereiche der VGR;WZ08-27;Herstellung von elektrischen Ausrüstungen;121,050;jew. ME;PRO013;Produktionswert
81000;Volkswirtschaftliche Gesamtrechnungen des Bundes;JAHR;Jahr;2021;DINSG;Deutschland insgesamt;DG;Deutschland;VGRPB5;Preisbasis (jeweilige Preise / preisbereinigt);VGRPVK;preisbereinigt, verkettete Volumenang. (Mrd. EUR);WZ08G3;WZ2008: Wirtschaftsbereiche der VGR;WZ08-43;Vorb.Baustellenarbeiten, Bauinstall., sonst.Ausbau;230,572;jew. ME;PRO013;Produktionswert
81000;Volkswirtschaftliche Gesamtrechnungen des Bundes;JAHR;Jahr;2021;DINSG;Deutschland insgesamt;DG;Deutschland;VGRPB5;Preisbasis (jeweilige Preise / preisbereinigt);VGRPVU;preisbereinigt, unverkettete Volumenang.(Mrd. EUR);WZ08G3;WZ2008: Wirtschaftsbereiche der VGR;WZ08-01;Landwirtschaft, Jagd und verbundene Tätigkeiten;58,012;jew. ME;PRO013;Produktionswert
81000;Volkswirtschaftliche Gesamtrechnungen des Bundes;JAHR;Jahr;2023;DINSG;Deutschland insgesamt;DG;Deutschland;VGRPB5;Preisbasis (jeweilige Preise / preisbereinigt);VGRPVK;preisbereinigt, verkettete Volumenang. (Mrd. EUR);WZ08G3;WZ2008: Wirtschaftsbereiche der VGR;WZ08-64;Erbringung von Finanzdienstleistungen;148,335;jew. ME;PRO013;Produktionswert
81000;Volkswirtschaftliche Gesamtrechnungen des Bundes;JAHR;Jahr;2022;DINSG;Deutschland insgesamt;DG;Deutschland;VGRPB5;Preisbasis (jeweilige Preise / preisbereinigt);VGRPVU;preisbereinigt, unverkettete Volumenang.(Mrd. EUR);WZ08G3;WZ2008: Wirtschaftsbereiche der VGR;WZ08-A;Land- und Forstwirtschaft, Fischerei;62,907;jew. ME;PRO013;Produktionswert
81000;Volkswirtschaftliche Gesamtrechnungen des Bundes;JAHR;Jahr;2021;DINSG;Deutschland insgesamt;DG;Deutschland;VGRPB5;Preisbasis (jeweilige Preise / preisbereinigt);VGRPVU;preisbereinigt, unverkettete Volumenang.(Mrd. EUR);WZ08G3;WZ2008: Wirtschaftsbereiche der VGR;WZ08-I;Gastgewerbe;70,744;jew. ME;PRO013;Produktionswert
81000;Volkswirtschaftliche Gesamtrechnungen des Bundes;JAHR;Jahr;2021;DINSG;Deutschland insgesamt;DG;Deutschland;VGRPB5;Preisbasis (jeweilige Preise / preisbereinigt);VGRPKM;preisbereinigt, Kettenindex (2020=100);WZ08G3;WZ2008: Wirtschaftsbereiche der VGR;WZ08-90-01;Kunst und Kultur, Glücksspiel;95,100;jew. ME;PRO013;Produktionswert
81000;Volkswirtschaftliche Gesamtrechnungen des Bundes;JAHR;Jahr;2022;DINSG;Deutschland insgesamt;DG;Deutschland;VGRPB5;Preisbasis (jeweilige Preise / preisbereinigt);VGRJPM;in jeweiligen Preisen (Mrd. EUR);WZ08G3;WZ2008: Wirtschaftsbereiche der VGR;WZ08-H;Verkehr und Lagerei;493,530;jew. ME;PRO013;Produktionswert
81000;Volkswirtschaftliche Gesamtrechnungen des Bundes;JAHR;Jahr;2022;DINSG;Deutschland insgesamt;DG;Deutschland;VGRPB5;Preisbasis (jeweilige Preise / preisbereinigt);VGRPVU;preisbereinigt, unverkettete Volumenang.(Mrd. EUR);WZ08G3;WZ2008: Wirtschaftsbereiche der VGR;WZ08-64;Erbringung von Finanzdienstleistungen;152,505;jew. ME;PRO013;Produktionswert
81000;Volkswirtschaftliche Gesamtrechnungen des Bundes;JAHR;Jahr;2021;DINSG;Deutschland insgesamt;DG;Deutschland;VGRPB5;Preisbasis (jeweilige Preise / preisbereinigt);VGRPVU;preisbereinigt, unverkettete Volumenang.(Mrd. EUR);WZ08G3;WZ2008: Wirtschaftsbereiche der VGR;WZ08-62-01;IT- und Informationsdienstleister;199,307;jew. ME;PRO013;Produktionswert
81000;Volkswirtschaftliche Gesamtrechnungen des Bundes;JAHR;Jahr;2022;DINSG;Deutschland insgesamt;DG;Deutschland;VGRPB5;Preisbasis (jeweilige Preise / preisbereinigt);VGRPVU;preisbereinigt, unverkettete Volumenang.(Mrd. EUR);WZ08G3;WZ2008: Wirtschaftsbereiche der VGR;WZ08-R;Kunst, Unterhaltung und Erholung;70,976;jew. ME;PRO013;Produktionswert
81000;Volkswirtschaftliche Gesamtrechnungen des Bundes;JAHR;Jahr;2025;DINSG;Deutschland insgesamt;DG;Deutschland;VGRPB5;Preisbasis (jeweilige Preise / preisbereinigt);VGRPVU;preisbereinigt, unverkettete Volumenang.(Mrd. EUR);WZ08G3;WZ2008: Wirtschaftsbereiche der VGR;WZ08-47;Einzelhandel (ohne Handel mit Kraftfahrzeugen);...;jew. ME;PRO013;Produktionswert
81000;Volkswirtschaftliche Gesamtrechnungen des Bundes;JAHR;Jahr;2024;DINSG;Deutschland insgesamt;DG;Deutschland;VGRPB5;Preisbasis (jeweilige Preise / preisbereinigt);VGRPVU;preisbereinigt, unverkettete Volumenang.(Mrd. EUR);WZ08G3;WZ2008: Wirtschaftsbereiche der VGR;WZ08-24-01;Metallgewerbe;288,473;jew. ME;PRO013;Produktionswert
81000;Volkswirtschaftliche Gesamtrechnungen des Bundes;JAHR;Jahr;2021;DINSG;Deutschland insgesamt;DG;Deutschland;VGRPB5;Preisbasis (jeweilige Preise / preisbereinigt);VGRPKM;preisbereinigt, Kettenindex (2020=100);WZ08G3;WZ2008: Wirtschaftsbereiche der VGR;WZ08-S;Erbringung von sonstigen Dienstleistungen;102,140;jew. ME;PRO013;Produktionswert
81000;Volkswirtschaftliche Gesamtrechnungen des Bundes;JAHR;Jahr;2021;DINSG;Deutschland insgesamt;DG;Deutschland;VGRPB5;Preisbasis (jeweilige Preise / preisbereinigt);VGRPVU;preisbereinigt, unverkettete Volumenang.(Mrd. EUR);WZ08G3;WZ2008: Wirtschaftsbereiche der VGR;WZ08-36;Wasserversorgung;10,038;jew. ME;PRO013;Produktionswert
81000;Volkswirtschaftliche Gesamtrechnungen des Bundes;JAHR;Jahr;2023;DINSG;Deutschland insgesamt;DG;Deutschland;VGRPB5;Preisbasis (jeweilige Preise / preisbereinigt);VGRJPM;in jeweiligen Preisen (Mrd. EUR);WZ08G3;WZ2008: Wirtschaftsbereiche der VGR;WZ08-43;Vorb.Baustellenarbeiten, Bauinstall., sonst.Ausbau;310,019;jew. ME;PRO013;Produktionswert
81000;Volkswirtschaftliche Gesamtrechnungen des Bundes;JAHR;Jahr;2024;DINSG;Deutschland insgesamt;DG;Deutschland;VGRPB5;Preisbasis (jeweilige Preise / preisbereinigt);VGRPVK;preisbereinigt, verkettete Volumenang. (Mrd. EUR);WZ08G3;WZ2008: Wirtschaftsbereiche der VGR;WZ08-17;Herstellung von Papier, Pappe und Waren daraus;33,144;jew. ME;PRO013;Produktionswert
81000;Volkswirtschaftliche Gesamtrechnungen des Bundes;JAHR;Jahr;2022;DINSG;Deutschland insgesamt;DG;Deutschland;VGRPB5;Preisbasis (jeweilige Preise / preisbereinigt);VGRPKM;preisbereinigt, Kettenindex (2020=100);WZ08G3;WZ2008: Wirtschaftsbereiche der VGR;WZ08-66;Mit Finanz- u. Versicherungsdienstl. verb. Tätigk.;100,960;jew. ME;PRO013;Produktionswert
81000;Volkswirtschaftliche Gesamtrechnungen des Bundes;JAHR;Jahr;2022;DINSG;Deutschland insgesamt;DG;Deutschland;VGRPB5;Preisbasis (jeweilige Preise / preisbereinigt);VGRPVU;preisbereinigt, unverkettete Volumenang.(Mrd. EUR);WZ08G3;WZ2008: Wirtschaftsbereiche der VGR;WZ08-13-01;Textil- und Bekleidungsgewerbe;22,861;jew. ME;PRO013;Produktionswert
81000;Volkswirtschaftliche Gesamtrechnungen des Bundes;JAHR;Jahr;2021;DINSG;Deutschland insgesamt;DG;Deutschland;VGRPB5;Preisbasis (jeweilige Preise / preisbereinigt);VGRJPM;in jeweiligen Preisen (Mrd. EUR);WZ08G3;WZ2008: Wirtschaftsbereiche der VGR;WZ08-22;Herstellung von Gummi- und Kunststoffwaren;91,292;jew. ME;PRO013;Produktionswert
81000;Volkswirtschaftliche Gesamtrechnungen des Bundes;JAHR;Jahr;2024;DINSG;Deutschland insgesamt;DG;Deutschland;VGRPB5;Preisbasis (jeweilige Preise / preisbereinigt);VGRPVU;preisbereinigt, unverkettete Volumenang.(Mrd. EUR);WZ08G3;WZ2008: Wirtschaftsbereiche der VGR;WZ08-69-02;Rechts- und Steuerberatung, Unternehmensberatung;287,836;jew. ME;PRO013;Produktionswert
81000;Volkswirtschaftliche Gesamtrechnungen des Bundes;JAHR;Jahr;2024;DINSG;Deutschland insgesamt;DG;Deutschland;VGRPB5;Preisbasis (jeweilige Preise / preisbereinigt);VGRJPM;in jeweiligen Preisen (Mrd. EUR);WZ08G3;WZ2008: Wirtschaftsbereiche der VGR;WZ08-80-01;Unternehmensdienstleister a.n.g.;195,889;jew. ME;PRO013;Produktionswert
81000;Volkswirtschaftliche Gesamtrechnungen des Bundes;JAHR;Jahr;2021;DINSG;Deutschland insgesamt;DG;Deutschland;VGRPB5;Preisbasis (jeweilige Preise / preisbereinigt);VGRPKM;preisbereinigt, Kettenindex (2020=100);WZ08G3;WZ2008: Wirtschaftsbereiche der VGR;WZ08-29;Herstellung von Kraftwagen und Kraftwagenteilen;108,110;jew. ME;PRO013;Produktionswert
81000;Volkswirtschaftliche Gesamtrechnungen des Bundes;JAHR;Jahr;2025;DINSG;Deutschland insgesamt;DG;Deutschland;VGRPB5;Preisbasis (jeweilige Preise / preisbereinigt);VGRPKM;preisbereinigt, Kettenindex (2020=100);WZ08G3;WZ2008: Wirtschaftsbereiche der VGR;WZ08-H;Verkehr und Lagerei;120,230;jew. ME;PRO013;Produktionswert
81000;Volkswirtschaftliche Gesamtrechnungen des Bundes;JAHR;Jahr;2022;DINSG;Deutschland insgesamt;DG;Deutschland;VGRPB5;Preisbasis (jeweilige Preise / preisbereinigt);VGRPVK;preisbereinigt, verkettete Volumenang. (Mrd. EUR);WZ08G3;WZ2008: Wirtschaftsbereiche der VGR;WZ08-87-01;Heime und Sozialwesen;147,784;jew. ME;PRO013;Produktionswert
81000;Volkswirtschaftliche Gesamtrechnungen des Bundes;JAHR;Jahr;2025;DINSG;Deutschland insgesamt;DG;Deutschland;VGRPB5;Preisbasis (jeweilige Preise / preisbereinigt);VGRJPM;in jeweiligen Preisen (Mrd. EUR);WZ08G3;WZ2008: Wirtschaftsbereiche der VGR;WZ08-33;Reparatur u.Installation von Masch.u.Ausrüstungen;...;jew. ME;PRO013;Produktionswert
81000;Volkswirtschaftliche Gesamtrechnungen des Bundes;JAHR;Jahr;2021;DINSG;Deutschland insgesamt;DG;Deutschland;VGRPB5;Preisbasis (jeweilige Preise / preisbereinigt);VGRPVK;preisbereinigt, verkettete Volumenang. (Mrd. EUR);WZ08G3;WZ2008: Wirtschaftsbereiche der VGR;WZ08-78;Vermittlung und Überlassung von Arbeitskräften;36,958;jew. ME;PRO013;Produktionswert
81000;Volkswirtschaftliche Gesamtrechnungen des Bundes;JAHR;Jahr;2023;DINSG;Deutschland insgesamt;DG;Deutschland;VGRPB5;Preisbasis (jeweilige Preise / preisbereinigt);VGRPVK;preisbereinigt, verkettete Volumenang. (Mrd. EUR);WZ08G3;WZ2008: Wirtschaftsbereiche der VGR;WZ08-90-01;Kunst und Kultur, Glücksspiel;35,476;jew. ME;PRO013;Produktionswert
81000;Volkswirtschaftliche Gesamtrechnungen des Bundes;JAHR;Jahr;2025;DINSG;Deutschland insgesamt;DG;Deutschland;VGRPB5;Preisbasis (jeweilige Preise / preisbereinigt);VGRPKM;preisbereinigt, Kettenindex (2020=100);WZ08G3;WZ2008: Wirtschaftsbereiche der VGR;WZ08-93;Dienstleistungen d.Sports,d.Unterhaltg.u.Erholung;...;jew. ME;PRO013;Produktionswert
81000;Volkswirtschaftliche Gesamtrechnungen des Bundes;JAHR;Jahr;2021;DINSG;Deutschland insgesamt;DG;Deutschland;VGRPB5;Preisbasis (jeweilige Preise / preisbereinigt);VGRJPM;in jeweiligen Preisen (Mrd. EUR);WZ08G3;WZ2008: Wirtschaftsbereiche der VGR;WZ08-79;Reisebüros, -veranstalter u. sonst. Reservierungen;12,143;jew. ME;PRO013;Produktionswert
81000;Volkswirtschaftliche Gesamtrechnungen des Bundes;JAHR;Jahr;2025;DINSG;Deutschland insgesamt;DG;Deutschland;VGRPB5;Preisbasis (jeweilige Preise / preisbereinigt);VGRPVK;preisbereinigt, verkettete Volumenang. (Mrd. EUR);WZ08G3;WZ2008: Wirtschaftsbereiche der VGR;WZ08-I;Gastgewerbe;112,836;jew. ME;PRO013;Produktionswert
81000;Volkswirtschaftliche Gesamtrechnungen des Bundes;JAHR;Jahr;2022;DINSG;Deutschland insgesamt;DG;Deutschland;VGRPB5;Preisbasis (jeweilige Preise / preisbereinigt);VGRPKM;preisbereinigt, Kettenindex (2020=100);WZ08G3;WZ2008: Wirtschaftsbereiche der VGR;WZ08-79;Reisebüros, -veranstalter u. sonst. Reservierungen;210,520;jew. ME;PRO013;Produktionswert
81000;Volkswirtschaftliche Gesamtrechnungen des Bundes;JAHR;Jahr;2021;DINSG;Deutschland insgesamt;DG;Deutschland;VGRPB5;Preisbasis (jeweilige Preise / preisbereinigt);VGRPVK;preisbereinigt, verkettete Volumenang. (Mrd. EUR);WZ08G3;WZ2008: Wirtschaftsbereiche der VGR;WZ08-65;Versicherungen, Rückversicherungen, Pensionskassen;95,398;jew. ME;PRO013;Produktionswert
81000;Volkswirtschaftliche Gesamtrechnungen des Bundes;JAHR;Jahr;2023;DINSG;Deutschland insgesamt;DG;Deutschland;VGRPB5;Preisbasis (jeweilige Preise / preisbereinigt);VGRPVK;preisbereinigt, verkettete Volumenang. (Mrd. EUR);WZ08G3;WZ2008: Wirtschaftsbereiche der VGR;WZ08-42;Tiefbau;44,127;jew. ME;PRO013;Produktionswert
81000;Volkswirtschaftliche Gesamtrechnungen des Bundes;JAHR;Jahr;2022;DINSG;Deutschland insgesamt;DG;Deutschland;VGRPB5;Preisbasis (jeweilige Preise / preisbereinigt);VGRPVU;preisbereinigt, unverkettete Volumenang.(Mrd. EUR);WZ08G3;WZ2008: Wirtschaftsbereiche der VGR;WZ08-29-01;Fahrzeugbau;444,111;jew. ME;PRO013;Produktionswert
81000;Volkswirtschaftliche Gesamtrechnungen des Bundes;JAHR;Jahr;2021;DINSG;Deutschland insgesamt;DG;Deutschland;VGRPB5;Preisbasis (jeweilige Preise / preisbereinigt);VGRPVK;preisbereinigt, verkettete Volumenang. (Mrd. EUR);WZ08G3;WZ2008: Wirtschaftsbereiche der VGR;WZ08-031;Fischerei;0,589;jew. ME;PRO013;Produktionswert
81000;Volkswirtschaftliche Gesamtrechnungen des Bundes;JAHR;Jahr;2025;DINSG;Deutschland insgesamt;DG;Deutschland;VGRPB5;Preisbasis (jeweilige Preise / preisbereinigt);VGRPKM;preisbereinigt, Kettenindex (2020=100);WZ08G3;WZ2008: Wirtschaftsbereiche der VGR;WZ08-18;H.v. Druckerz., Vervielf.v.Ton-,Bild-,Datenträgern;...;jew. ME;PRO013;Produktionswert
81000;Volkswirtschaftliche Gesamtrechnungen des Bundes;JAHR;Jahr;2025;DINSG;Deutschland insgesamt;DG;Deutschland;VGRPB5;Preisbasis (jeweilige Preise / preisbereinigt);VGRPVK;preisbereinigt, verkettete Volumenang. (Mrd. EUR);WZ08G3;WZ2008: Wirtschaftsbereiche der VGR;WZ08-58-01;Verlagswesen, audiovisuelle Medien und Rundfunk;...;jew. ME;PRO013;Produktionswert
81000;Volkswirtschaftliche Gesamtrechnungen des Bundes;JAHR;Jahr;2022;DINSG;Deutschland insgesamt;DG;Deutschland;VGRPB5;Preisbasis (jeweilige Preise / preisbereinigt);VGRPVK;preisbereinigt, verkettete Volumenang. (Mrd. EUR);WZ08G3;WZ2008: Wirtschaftsbereiche der VGR;WZ08-80-01;Unternehmensdienstleister a.n.g.;152,803;jew. ME;PRO013;Produktionswert
81000;Volkswirtschaftliche Gesamtrechnungen des Bundes;JAHR;Jahr;2022;DINSG;Deutschland insgesamt;DG;Deutschland;VGRPB5;Preisbasis (jeweilige Preise / preisbereinigt);VGRPVU;preisbereinigt, unverkettete Volumenang.(Mrd. EUR);WZ08G3;WZ2008: Wirtschaftsbereiche der VGR;WZ08-86;Gesundheitswesen;299,912;jew. ME;PRO013;Produktionswert
81000;Volkswirtschaftliche Gesamtrechnungen des Bundes;JAHR;Jahr;2024;DINSG;Deutschland insgesamt;DG;Deutschland;VGRPB5;Preisbasis (jeweilige Preise / preisbereinigt);VGRJPM;in jeweiligen Preisen (Mrd. EUR);WZ08G3;WZ2008: Wirtschaftsbereiche der VGR;WZ08-93;Dienstleistungen d.Sports,d.Unterhaltg.u.Erholung;43,463;jew. ME;PRO013;Produktionswert
81000;Volkswirtschaftliche Gesamtrechnungen des Bundes;JAHR;Jahr;2025;DINSG;Deutschland insgesamt;DG;Deutschland;VGRPB5;Preisbasis (jeweilige Preise / preisbereinigt);VGRPKM;preisbereinigt, Kettenindex (2020=100);WZ08G3;WZ2008: Wirtschaftsbereiche der VGR;WZ08-87-01;Heime und Sozialwesen;...;jew. ME;PRO013;Produktionswert
81000;Volkswirtschaftliche Gesamtrechnungen des Bundes;JAHR;Jahr;2024;DINSG;Deutschland insgesamt;DG;Deutschland;VGRPB5;Preisbasis (jeweilige Preise / preisbereinigt);VGRPVK;preisbereinigt, verkettete Volumenang. (Mrd. EUR);WZ08G3;WZ2008: Wirtschaftsbereiche der VGR;WZ08-Q;Gesundheits- und Sozialwesen;433,364;jew. ME;PRO013;Produktionswert
81000;Volkswirtschaftliche Gesamtrechnungen des Bundes;JAHR;Jahr;2024;DINSG;Deutschland insgesamt;DG;Deutschland;VGRPB5;Preisbasis (jeweilige Preise / preisbereinigt);VGRPVK;preisbereinigt, verkettete Volumenang. (Mrd. EUR);WZ08G3;WZ2008: Wirtschaftsbereiche der VGR;WZ08-M-02;Unternehmensdienstleister;804,601;jew. ME;PRO013;Produktionswert
81000;Volkswirtschaftliche Gesamtrechnungen des Bundes;JAHR;Jahr;2025;DINSG;Deutschland insgesamt;DG;Deutschland;VGRPB5;Preisbasis (jeweilige Preise / preisbereinigt);VGRPVU;preisbereinigt, unverkettete Volumenang.(Mrd. EUR);WZ08G3;WZ2008: Wirtschaftsbereiche der VGR;WZ08-25;Herstellung von Metallerzeugnissen;...;jew. ME;PRO013;Produktionswert
81000;Volkswirtschaftliche Gesamtrechnungen des Bundes;JAHR;Jahr;2023;DINSG;Deutschland insgesamt;DG;Deutschland;VGRPB5;Preisbasis (jeweilige Preise / preisbereinigt);VGRPVK;preisbereinigt, verkettete Volumenang. (Mrd. EUR);WZ08G3;WZ2008: Wirtschaftsbereiche der VGR;WZ08-77;Vermietung von beweglichen Sachen;84,005;jew. ME;PRO013;Produktionswert
81000;Volkswirtschaftliche Gesamtrechnungen des Bundes;JAHR;Jahr;2023;DINSG;Deutschland insgesamt;DG;Deutschland;VGRPB5;Preisbasis (jeweilige Preise / preisbereinigt);VGRJPM;in jeweiligen Preisen (Mrd. EUR);WZ08G3;WZ2008: Wirtschaftsbereiche der VGR;WZ08-21;Herstellung von pharmazeutischen Erzeugnissen;63,097;jew. ME;PRO013;Produktionswert
81000;Volkswirtschaftliche Gesamtrechnungen des Bundes;JAHR;Jahr;2024;DINSG;Deutschland insgesamt;DG;Deutschland;VGRPB5;Preisbasis (jeweilige Preise / preisbereinigt);VGRPKM;preisbereinigt, Kettenindex (2020=100);WZ08G3;WZ2008: Wirtschaftsbereiche der VGR;WZ08-21;Herstellung von pharmazeutischen Erzeugnissen;105,670;jew. ME;PRO013;Produktionswert
81000;Volkswirtschaftliche Gesamtrechnungen des Bundes;JAHR;Jahr;2024;DINSG;Deutschland insgesamt;DG;Deutschland;VGRPB5;Preisbasis (jeweilige Preise / preisbereinigt);VGRPVU;preisbereinigt, unverkettete Volumenang.(Mrd. EUR);WZ08G3;WZ2008: Wirtschaftsbereiche der VGR;WZ08-58-01;Verlagswesen, audiovisuelle Medien und Rundfunk;67,374;jew. ME;PRO013;Produktionswert
81000;Volkswirtschaftliche Gesamtrechnungen des Bundes;JAHR;Jahr;2021;DINSG;Deutschland insgesamt;DG;Deutschland;VGRPB5;Preisbasis (jeweilige Preise / preisbereinigt);VGRPKM;preisbereinigt, Kettenindex (2020=100);WZ08G3;WZ2008: Wirtschaftsbereiche der VGR;WZ08-69-02;Rechts- und Steuerberatung, Unternehmensberatung;111,910;jew. ME;PRO013;Produktionswert
81000;Volkswirtschaftliche Gesamtrechnungen des Bundes;JAHR;Jahr;2021;DINSG;Deutschland insgesamt;DG;Deutschland;VGRPB5;Preisbasis (jeweilige Preise / preisbereinigt);VGRPKM;preisbereinigt, Kettenindex (2020=100);WZ08G3;WZ2008: Wirtschaftsbereiche der VGR;WZ08-24-01;Metallgewerbe;108,680;jew. ME;PRO013;Produktionswert
81000;Volkswirtschaftliche Gesamtrechnungen des Bundes;JAHR;Jahr;2025;DINSG;Deutschland insgesamt;DG;Deutschland;VGRPB5;Preisbasis (jeweilige Preise / preisbereinigt);VGRPKM;preisbereinigt, Kettenindex (2020=100);WZ08G3;WZ2008: Wirtschaftsbereiche der VGR;WZ08-01;Landwirtschaft, Jagd und verbundene Tätigkeiten;...;jew. ME;PRO013;Produktionswert
81000;Volkswirtschaftliche Gesamtrechnungen des Bundes;JAHR;Jahr;2025;DINSG;Deutschland insgesamt;DG;Deutschland;VGRPB5;Preisbasis (jeweilige Preise / preisbereinigt);VGRPVU;preisbereinigt, unverkettete Volumenang.(Mrd. EUR);WZ08G3;WZ2008: Wirtschaftsbereiche der VGR;WZ08-52;Lagerei, sonstige Dienstleistungen für den Verkehr;...;jew. ME;PRO013;Produktionswert
81000;Volkswirtschaftliche Gesamtrechnungen des Bundes;JAHR;Jahr;2025;DINSG;Deutschland insgesamt;DG;Deutschland;VGRPB5;Preisbasis (jeweilige Preise / preisbereinigt);VGRPVK;preisbereinigt, verkettete Volumenang. (Mrd. EUR);WZ08G3;WZ2008: Wirtschaftsbereiche der VGR;WZ08-G-01;Handel, Verkehr, Gastgewerbe;1168,703;jew. ME;PRO013;Produktionswert
81000;Volkswirtschaftliche Gesamtrechnungen des Bundes;JAHR;Jahr;2025;DINSG;Deutschland insgesamt;DG;Deutschland;VGRPB5;Preisbasis (jeweilige Preise / preisbereinigt);VGRJPM;in jeweiligen Preisen (Mrd. EUR);WZ08G3;WZ2008: Wirtschaftsbereiche der VGR;WZ08-N;Sonstige wirtschaftliche Dienstleistungen;389,373;jew. ME;PRO013;Produktionswert
81000;Volkswirtschaftliche Gesamtrechnungen des Bundes;JAHR;Jahr;2025;DINSG;Deutschland insgesamt;DG;Deutschland;VGRPB5;Preisbasis (jeweilige Preise / preisbereinigt);VGRPVK;preisbereinigt, verkettete Volumenang. (Mrd. EUR);WZ08G3;WZ2008: Wirtschaftsbereiche der VGR;WZ08-45;Kfz-Handel, Instandhaltung und Reparatur von Kfz;...;jew. ME;PRO013;Produktionswert
81000;Volkswirtschaftliche Gesamtrechnungen des Bundes;JAHR;Jahr;2024;DINSG;Deutschland insgesamt;DG;Deutschland;VGRPB5;Preisbasis (jeweilige Preise / preisbereinigt);VGRJPM;in jeweiligen Preisen (Mrd. EUR);WZ08G3;WZ2008: Wirtschaftsbereiche der VGR;WZ08-M;Freiberufliche, wiss. u. techn. Dienstleistungen;561,284;jew. ME;PRO013;Produktionswert
81000;Volkswirtschaftliche Gesamtrechnungen des Bundes;JAHR;Jahr;2023;DINSG;Deutschland insgesamt;DG;Deutschland;VGRPB5;Preisbasis (jeweilige Preise / preisbereinigt);VGRPVK;preisbereinigt, verkettete Volumenang. (Mrd. EUR);WZ08G3;WZ2008: Wirtschaftsbereiche der VGR;WZ08-24;Metallerzeugung und -bearbeitung;97,335;jew. ME;PRO013;Produktionswert
81000;Volkswirtschaftliche Gesamtrechnungen des Bundes;JAHR;Jahr;2023;DINSG;Deutschland insgesamt;DG;Deutschland;VGRPB5;Preisbasis (jeweilige Preise / preisbereinigt);VGRPVK;preisbereinigt, verkettete Volumenang. (Mrd. EUR);WZ08G3;WZ2008: Wirtschaftsbereiche der VGR;WZ08-H;Verkehr und Lagerei;405,340;jew. ME;PRO013;Produktionswert
81000;Volkswirtschaftliche Gesamtrechnungen des Bundes;JAHR;Jahr;2023;DINSG;Deutschland insgesamt;DG;Deutschland;VGRPB5;Preisbasis (jeweilige Preise / preisbereinigt);VGRPVK;preisbereinigt, verkettete Volumenang. (Mrd. EUR);WZ08G3;WZ2008: Wirtschaftsbereiche der VGR;WZ08-22-01;H.v. Gummi-, Kunststoff-, Glaswaren, Keramik u.Ä.;122,399;jew. ME;PRO013;Produktionswert
81000;Volkswirtschaftliche Gesamtrechnungen des Bundes;JAHR;Jahr;2024;DINSG;Deutschland insgesamt;DG;Deutschland;VGRPB5;Preisbasis (jeweilige Preise / preisbereinigt);VGRPVK;preisbereinigt, verkettete Volumenang. (Mrd. EUR);WZ08G3;WZ2008: Wirtschaftsbereiche der VGR;WZ08-I;Gastgewerbe;114,177;jew. ME;PRO013;Produktionswert
81000;Volkswirtschaftliche Gesamtrechnungen des Bundes;JAHR;Jahr;2021;DINSG;Deutschland insgesamt;DG;Deutschland;VGRPB5;Preisbasis (jeweilige Preise / preisbereinigt);VGRJPM;in jeweiligen Preisen (Mrd. EUR);WZ08G3;WZ2008: Wirtschaftsbereiche der VGR;WZ08-17;Herstellung von Papier, Pappe und Waren daraus;41,266;jew. ME;PRO013;Produktionswert
81000;Volkswirtschaftliche Gesamtrechnungen des Bundes;JAHR;Jahr;2022;DINSG;Deutschland insgesamt;DG;Deutschland;VGRPB5;Preisbasis (jeweilige Preise / preisbereinigt);VGRPVU;preisbereinigt, unverkettete Volumenang.(Mrd. EUR);WZ08G3;WZ2008: Wirtschaftsbereiche der VGR;WZ08-021;Forstwirtschaft;5,632;jew. ME;PRO013;Produktionswert
81000;Volkswirtschaftliche Gesamtrechnungen des Bundes;JAHR;Jahr;2021;DINSG;Deutschland insgesamt;DG;Deutschland;VGRPB5;Preisbasis (jeweilige Preise / preisbereinigt);VGRPVU;preisbereinigt, unverkettete Volumenang.(Mrd. EUR);WZ08G3;WZ2008: Wirtschaftsbereiche der VGR;WZ08-45;Kfz-Handel, Instandhaltung und Reparatur von Kfz;87,226;jew. ME;PRO013;Produktionswert
81000;Volkswirtschaftliche Gesamtrechnungen des Bundes;JAHR;Jahr;2025;DINSG;Deutschland insgesamt;DG;Deutschland;VGRPB5;Preisbasis (jeweilige Preise / preisbereinigt);VGRPKM;preisbereinigt, Kettenindex (2020=100);WZ08G3;WZ2008: Wirtschaftsbereiche der VGR;WZ08-58;Verlagswesen;...;jew. ME;PRO013;Produktionswert
81000;Volkswirtschaftliche Gesamtrechnungen des Bundes;JAHR;Jahr;2022;DINSG;Deutschland insgesamt;DG;Deutschland;VGRPB5;Preisbasis (jeweilige Preise / preisbereinigt);VGRPVU;preisbereinigt, unverkettete Volumenang.(Mrd. EUR);WZ08G3;WZ2008: Wirtschaftsbereiche der VGR;WZ08-20;Herstellung von chemischen Erzeugnissen;155,832;jew. ME;PRO013;Produktionswert
81000;Volkswirtschaftliche Gesamtrechnungen des Bundes;JAHR;Jahr;2025;DINSG;Deutschland insgesamt;DG;Deutschland;VGRPB5;Preisbasis (jeweilige Preise / preisbereinigt);VGRJPM;in jeweiligen Preisen (Mrd. EUR);WZ08G3;WZ2008: Wirtschaftsbereiche der VGR;WZ08-24;Metallerzeugung und -bearbeitung;...;jew. ME;PRO013;Produktionswert
81000;Volkswirtschaftliche Gesamtrechnungen des Bundes;JAHR;Jahr;2023;DINSG;Deutschland insgesamt;DG;Deutschland;VGRPB5;Preisbasis (jeweilige Preise / preisbereinigt);VGRPVU;preisbereinigt, unverkettete Volumenang.(Mrd. EUR);WZ08G3;WZ2008: Wirtschaftsbereiche der VGR;WZ08-66;Mit Finanz- u. Versicherungsdienstl. verb. Tätigk.;50,408;jew. ME;PRO013;Produktionswert
81000;Volkswirtschaftliche Gesamtrechnungen des Bundes;JAHR;Jahr;2024;DINSG;Deutschland insgesamt;DG;Deutschland;VGRPB5;Preisbasis (jeweilige Preise / preisbereinigt);VGRPVU;preisbereinigt, unverkettete Volumenang.(Mrd. EUR);WZ08G3;WZ2008: Wirtschaftsbereiche der VGR;WZ08-41;Hochbau;89,204;jew. ME;PRO013;Produktionswert
81000;Volkswirtschaftliche Gesamtrechnungen des Bundes;JAHR;Jahr;2025;DINSG;Deutschland insgesamt;DG;Deutschland;VGRPB5;Preisbasis (jeweilige Preise / preisbereinigt);VGRPVU;preisbereinigt, unverkettete Volumenang.(Mrd. EUR);WZ08G3;WZ2008: Wirtschaftsbereiche der VGR;WZ08-O;Öff. Verwaltung, Verteidigung, Sozialversicherung;412,794;jew. ME;PRO013;Produktionswert
81000;Volkswirtschaftliche Gesamtrechnungen des Bundes;JAHR;Jahr;2022;DINSG;Deutschland insgesamt;DG;Deutschland;VGRPB5;Preisbasis (jeweilige Preise / preisbereinigt);VGRPVK;preisbereinigt, verkettete Volumenang. (Mrd. EUR);WZ08G3;WZ2008: Wirtschaftsbereiche der VGR;WZ08-36;Wasserversorgung;9,942;jew. ME;PRO013;Produktionswert
81000;Volkswirtschaftliche Gesamtrechnungen des Bundes;JAHR;Jahr;2021;DINSG;Deutschland insgesamt;DG;Deutschland;VGRPB5;Preisbasis (jeweilige Preise / preisbereinigt);VGRPVU;preisbereinigt, unverkettete Volumenang.(Mrd. EUR);WZ08G3;WZ2008: Wirtschaftsbereiche der VGR;WZ08-A-02;Alle Wirtschaftsbereiche;6587,381;jew. ME;PRO013;Produktionswert
81000;Volkswirtschaftliche Gesamtrechnungen des Bundes;JAHR;Jahr;2025;DINSG;Deutschland insgesamt;DG;Deutschland;VGRPB5;Preisbasis (jeweilige Preise / preisbereinigt);VGRPKM;preisbereinigt, Kettenindex (2020=100);WZ08G3;WZ2008: Wirtschaftsbereiche der VGR;WZ08-G-04;Dienstleistungsbereiche;114,150;jew. ME;PRO013;Produktionswert
81000;Volkswirtschaftliche Gesamtrechnungen des Bundes;JAHR;Jahr;2024;DINSG;Deutschland insgesamt;DG;Deutschland;VGRPB5;Preisbasis (jeweilige Preise / preisbereinigt);VGRPKM;preisbereinigt, Kettenindex (2020=100);WZ08G3;WZ2008: Wirtschaftsbereiche der VGR;WZ08-L;Grundstücks- und Wohnungswesen;111,710;jew. ME;PRO013;Produktionswert
81000;Volkswirtschaftliche Gesamtrechnungen des Bundes;JAHR;Jahr;2023;DINSG;Deutschland insgesamt;DG;Deutschland;VGRPB5;Preisbasis (jeweilige Preise / preisbereinigt);VGRPKM;preisbereinigt, Kettenindex (2020=100);WZ08G3;WZ2008: Wirtschaftsbereiche der VGR;WZ08-K;Erbringung v. Finanz- u. Versicherungsdienstleist.;100,100;jew. ME;PRO013;Produktionswert
81000;Volkswirtschaftliche Gesamtrechnungen des Bundes;JAHR;Jahr;2022;DINSG;Deutschland insgesamt;DG;Deutschland;VGRPB5;Preisbasis (jeweilige Preise / preisbereinigt);VGRJPM;in jeweiligen Preisen (Mrd. EUR);WZ08G3;WZ2008: Wirtschaftsbereiche der VGR;WZ08-28;Maschinenbau;296,645;jew. ME;PRO013;Produktionswert
81000;Volkswirtschaftliche Gesamtrechnungen des Bundes;JAHR;Jahr;2024;DINSG;Deutschland insgesamt;DG;Deutschland;VGRPB5;Preisbasis (jeweilige Preise / preisbereinigt);VGRJPM;in jeweiligen Preisen (Mrd. EUR);WZ08G3;WZ2008: Wirtschaftsbereiche der VGR;WZ08-49;Landverkehr und Transport in Rohrfernleitungen;157,100;jew. ME;PRO013;Produktionswert
81000;Volkswirtschaftliche Gesamtrechnungen des Bundes;JAHR;Jahr;2024;DINSG;Deutschland insgesamt;DG;Deutschland;VGRPB5;Preisbasis (jeweilige Preise / preisbereinigt);VGRPKM;preisbereinigt, Kettenindex (2020=100);WZ08G3;WZ2008: Wirtschaftsbereiche der VGR;WZ08-47;Einzelhandel (ohne Handel mit Kraftfahrzeugen);101,520;jew. ME;PRO013;Produktionswert
81000;Volkswirtschaftliche Gesamtrechnungen des Bundes;JAHR;Jahr;2025;DINSG;Deutschland insgesamt;DG;Deutschland;VGRPB5;Preisbasis (jeweilige Preise / preisbereinigt);VGRPKM;preisbereinigt, Kettenindex (2020=100);WZ08G3;WZ2008: Wirtschaftsbereiche der VGR;WZ08-23;H.v.Glas,-waren,Keramik,Verarb. v.Steinen u.Erden;...;jew. ME;PRO013;Produktionswert
81000;Volkswirtschaftliche Gesamtrechnungen des Bundes;JAHR;Jahr;2022;DINSG;Deutschland insgesamt;DG;Deutschland;VGRPB5;Preisbasis (jeweilige Preise / preisbereinigt);VGRPVU;preisbereinigt, unverkettete Volumenang.(Mrd. EUR);WZ08G3;WZ2008: Wirtschaftsbereiche der VGR;WZ08-77;Vermietung von beweglichen Sachen;82,561;jew. ME;PRO013;Produktionswert
81000;Volkswirtschaftliche Gesamtrechnungen des Bundes;JAHR;Jahr;2023;DINSG;Deutschland insgesamt;DG;Deutschland;VGRPB5;Preisbasis (jeweilige Preise / preisbereinigt);VGRPVU;preisbereinigt, unverkettete Volumenang.(Mrd. EUR);WZ08G3;WZ2008: Wirtschaftsbereiche der VGR;WZ08-53;Post-, Kurier- und Expressdienste;61,750;jew. ME;PRO013;Produktionswert
81000;Volkswirtschaftliche Gesamtrechnungen des Bundes;JAHR;Jahr;2023;DINSG;Deutschland insgesamt;DG;Deutschland;VGRPB5;Preisbasis (jeweilige Preise / preisbereinigt);VGRJPM;in jeweiligen Preisen (Mrd. EUR);WZ08G3;WZ2008: Wirtschaftsbereiche der VGR;WZ08-G-01;Handel, Verkehr, Gastgewerbe;1344,882;jew. ME;PRO013;Produktionswert
81000;Volkswirtschaftliche Gesamtrechnungen des Bundes;JAHR;Jahr;2024;DINSG;Deutschland insgesamt;DG;Deutschland;VGRPB5;Preisbasis (jeweilige Preise / preisbereinigt);VGRPVK;preisbereinigt, verkettete Volumenang. (Mrd. EUR);WZ08G3;WZ2008: Wirtschaftsbereiche der VGR;WZ08-22;Herstellung von Gummi- und Kunststoffwaren;74,426;jew. ME;PRO013;Produktionswert
81000;Volkswirtschaftliche Gesamtrechnungen des Bundes;JAHR;Jahr;2021;DINSG;Deutschland insgesamt;DG;Deutschland;VGRPB5;Preisbasis (jeweilige Preise / preisbereinigt);VGRPVK;preisbereinigt, verkettete Volumenang. (Mrd. EUR);WZ08G3;WZ2008: Wirtschaftsbereiche der VGR;WZ08-25;Herstellung von Metallerzeugnissen;138,326;jew. ME;PRO013;Produktionswert
81000;Volkswirtschaftliche Gesamtrechnungen des Bundes;JAHR;Jahr;2022;DINSG;Deutschland insgesamt;DG;Deutschland;VGRPB5;Preisbasis (jeweilige Preise / preisbereinigt);VGRPVK;preisbereinigt, verkettete Volumenang. (Mrd. EUR);WZ08G3;WZ2008: Wirtschaftsbereiche der VGR;WZ08-49;Landverkehr und Transport in Rohrfernleitungen;126,640;jew. ME;PRO013;Produktionswert
81000;Volkswirtschaftliche Gesamtrechnungen des Bundes;JAHR;Jahr;2021;DINSG;Deutschland insgesamt;DG;Deutschland;VGRPB5;Preisbasis (jeweilige Preise / preisbereinigt);VGRPVU;preisbereinigt, unverkettete Volumenang.(Mrd. EUR);WZ08G3;WZ2008: Wirtschaftsbereiche der VGR;WZ08-37-01;Abwasser-, Abfallentsorgung, Rückgewinnung;62,473;jew. ME;PRO013;Produktionswert
81000;Volkswirtschaftliche Gesamtrechnungen des Bundes;JAHR;Jahr;2025;DINSG;Deutschland insgesamt;DG;Deutschland;VGRPB5;Preisbasis (jeweilige Preise / preisbereinigt);VGRPVU;preisbereinigt, unverkettete Volumenang.(Mrd. EUR);WZ08G3;WZ2008: Wirtschaftsbereiche der VGR;WZ08-30;Sonstiger Fahrzeugbau;...;jew. ME;PRO013;Produktionswert
81000;Volkswirtschaftliche Gesamtrechnungen des Bundes;JAHR;Jahr;2021;DINSG;Deutschland insgesamt;DG;Deutschland;VGRPB5;Preisbasis (jeweilige Preise / preisbereinigt);VGRPVU;preisbereinigt, unverkettete Volumenang.(Mrd. EUR);WZ08G3;WZ2008: Wirtschaftsbereiche der VGR;WZ08-23;H.v.Glas,-waren,Keramik,Verarb. v.Steinen u.Erden;51,494;jew. ME;PRO013;Produktionswert
81000;Volkswirtschaftliche Gesamtrechnungen des Bundes;JAHR;Jahr;2023;DINSG;Deutschland insgesamt;DG;Deutschland;VGRPB5;Preisbasis (jeweilige Preise / preisbereinigt);VGRJPM;in jeweiligen Preisen (Mrd. EUR);WZ08G3;WZ2008: Wirtschaftsbereiche der VGR;WZ08-16;H.v. Holz-, Flecht-, Korb-u.Korkwaren (ohne Möbel);32,157;jew. ME;PRO013;Produktionswert
81000;Volkswirtschaftliche Gesamtrechnungen des Bundes;JAHR;Jahr;2021;DINSG;Deutschland insgesamt;DG;Deutschland;VGRPB5;Preisbasis (jeweilige Preise / preisbereinigt);VGRPVK;preisbereinigt, verkettete Volumenang. (Mrd. EUR);WZ08G3;WZ2008: Wirtschaftsbereiche der VGR;WZ08-G;Handel, Instandhaltung und Reparatur von Kfz;624,690;jew. ME;PRO013;Produktionswert
81000;Volkswirtschaftliche Gesamtrechnungen des Bundes;JAHR;Jahr;2022;DINSG;Deutschland insgesamt;DG;Deutschland;VGRPB5;Preisbasis (jeweilige Preise / preisbereinigt);VGRPVK;preisbereinigt, verkettete Volumenang. (Mrd. EUR);WZ08G3;WZ2008: Wirtschaftsbereiche der VGR;WZ08-H;Verkehr und Lagerei;410,340;jew. ME;PRO013;Produktionswert
81000;Volkswirtschaftliche Gesamtrechnungen des Bundes;JAHR;Jahr;2022;DINSG;Deutschland insgesamt;DG;Deutschland;VGRPB5;Preisbasis (jeweilige Preise / preisbereinigt);VGRJPM;in jeweiligen Preisen (Mrd. EUR);WZ08G3;WZ2008: Wirtschaftsbereiche der VGR;WZ08-R-02;Sonstige Dienstleister;198,078;jew. ME;PRO013;Produktionswert
81000;Volkswirtschaftliche Gesamtrechnungen des Bundes;JAHR;Jahr;2021;DINSG;Deutschland insgesamt;DG;Deutschland;VGRPB5;Preisbasis (jeweilige Preise / preisbereinigt);VGRPKM;preisbereinigt, Kettenindex (2020=100);WZ08G3;WZ2008: Wirtschaftsbereiche der VGR;WZ08-16;H.v. Holz-, Flecht-, Korb-u.Korkwaren (ohne Möbel);96,770;jew. ME;PRO013;Produktionswert
81000;Volkswirtschaftliche Gesamtrechnungen des Bundes;JAHR;Jahr;2024;DINSG;Deutschland insgesamt;DG;Deutschland;VGRPB5;Preisbasis (jeweilige Preise / preisbereinigt);VGRJPM;in jeweiligen Preisen (Mrd. EUR);WZ08G3;WZ2008: Wirtschaftsbereiche der VGR;WZ08-37-01;Abwasser-, Abfallentsorgung, Rückgewinnung;84,471;jew. ME;PRO013;Produktionswert
81000;Volkswirtschaftliche Gesamtrechnungen des Bundes;JAHR;Jahr;2025;DINSG;Deutschland insgesamt;DG;Deutschland;VGRPB5;Preisbasis (jeweilige Preise / preisbereinigt);VGRJPM;in jeweiligen Preisen (Mrd. EUR);WZ08G3;WZ2008: Wirtschaftsbereiche der VGR;WZ08-46;Großhandel (ohne Handel mit Kraftfahrzeugen);...;jew. ME;PRO013;Produktionswert
81000;Volkswirtschaftliche Gesamtrechnungen des Bundes;JAHR;Jahr;2022;DINSG;Deutschland insgesamt;DG;Deutschland;VGRPB5;Preisbasis (jeweilige Preise / preisbereinigt);VGRPVU;preisbereinigt, unverkettete Volumenang.(Mrd. EUR);WZ08G3;WZ2008: Wirtschaftsbereiche der VGR;WZ08-42;Tiefbau;47,832;jew. ME;PRO013;Produktionswert
81000;Volkswirtschaftliche Gesamtrechnungen des Bundes;JAHR;Jahr;2025;DINSG;Deutschland insgesamt;DG;Deutschland;VGRPB5;Preisbasis (jeweilige Preise / preisbereinigt);VGRPVU;preisbereinigt, unverkettete Volumenang.(Mrd. EUR);WZ08G3;WZ2008: Wirtschaftsbereiche der VGR;WZ08-65;Versicherungen, Rückversicherungen, Pensionskassen;...;jew. ME;PRO013;Produktionswert
81000;Volkswirtschaftliche Gesamtrechnungen des Bundes;JAHR;Jahr;2024;DINSG;Deutschland insgesamt;DG;Deutschland;VGRPB5;Preisbasis (jeweilige Preise / preisbereinigt);VGRPVU;preisbereinigt, unverkettete Volumenang.(Mrd. EUR);WZ08G3;WZ2008: Wirtschaftsbereiche der VGR;WZ08-O;Öff. Verwaltung, Verteidigung, Sozialversicherung;400,027;jew. ME;PRO013;Produktionswert
81000;Volkswirtschaftliche Gesamtrechnungen des Bundes;JAHR;Jahr;2023;DINSG;Deutschland insgesamt;DG;Deutschland;VGRPB5;Preisbasis (jeweilige Preise / preisbereinigt);VGRPVU;preisbereinigt, unverkettete Volumenang.(Mrd. EUR);WZ08G3;WZ2008: Wirtschaftsbereiche der VGR;WZ08-N;Sonstige wirtschaftliche Dienstleistungen;353,383;jew. ME;PRO013;Produktionswert
81000;Volkswirtschaftliche Gesamtrechnungen des Bundes;JAHR;Jahr;2024;DINSG;Deutschland insgesamt;DG;Deutschland;VGRPB5;Preisbasis (jeweilige Preise / preisbereinigt);VGRPVK;preisbereinigt, verkettete Volumenang. (Mrd. EUR);WZ08G3;WZ2008: Wirtschaftsbereiche der VGR;WZ08-79;Reisebüros, -veranstalter u. sonst. Reservierungen;27,660;jew. ME;PRO013;Produktionswert
81000;Volkswirtschaftliche Gesamtrechnungen des Bundes;JAHR;Jahr;2021;DINSG;Deutschland insgesamt;DG;Deutschland;VGRPB5;Preisbasis (jeweilige Preise / preisbereinigt);VGRPKM;preisbereinigt, Kettenindex (2020=100);WZ08G3;WZ2008: Wirtschaftsbereiche der VGR;WZ08-J;Information und Kommunikation;106,660;jew. ME;PRO013;Produktionswert
81000;Volkswirtschaftliche Gesamtrechnungen des Bundes;JAHR;Jahr;2024;DINSG;Deutschland insgesamt;DG;Deutschland;VGRPB5;Preisbasis (jeweilige Preise / preisbereinigt);VGRJPM;in jeweiligen Preisen (Mrd. EUR);WZ08G3;WZ2008: Wirtschaftsbereiche der VGR;WZ08-27;Herstellung von elektrischen Ausrüstungen;121,813;jew. ME;PRO013;Produktionswert
81000;Volkswirtschaftliche Gesamtrechnungen des Bundes;JAHR;Jahr;2022;DINSG;Deutschland insgesamt;DG;Deutschland;VGRPB5;Preisbasis (jeweilige Preise / preisbereinigt);VGRPKM;preisbereinigt, Kettenindex (2020=100);WZ08G3;WZ2008: Wirtschaftsbereiche der VGR;WZ08-K;Erbringung v. Finanz- u. Versicherungsdienstleist.;102,160;jew. ME;PRO013;Produktionswert
81000;Volkswirtschaftliche Gesamtrechnungen des Bundes;JAHR;Jahr;2023;DINSG;Deutschland insgesamt;DG;Deutschland;VGRPB5;Preisbasis (jeweilige Preise / preisbereinigt);VGRPVU;preisbereinigt, unverkettete Volumenang.(Mrd. EUR);WZ08G3;WZ2008: Wirtschaftsbereiche der VGR;WZ08-021;Forstwirtschaft;7,220;jew. ME;PRO013;Produktionswert
81000;Volkswirtschaftliche Gesamtrechnungen des Bundes;JAHR;Jahr;2023;DINSG;Deutschland insgesamt;DG;Deutschland;VGRPB5;Preisbasis (jeweilige Preise / preisbereinigt);VGRJPM;in jeweiligen Preisen (Mrd. EUR);WZ08G3;WZ2008: Wirtschaftsbereiche der VGR;WZ08-021;Forstwirtschaft;7,596;jew. ME;PRO013;Produktionswert
81000;Volkswirtschaftliche Gesamtrechnungen des Bundes;JAHR;Jahr;2021;DINSG;Deutschland insgesamt;DG;Deutschland;VGRPB5;Preisbasis (jeweilige Preise / preisbereinigt);VGRPVU;preisbereinigt, unverkettete Volumenang.(Mrd. EUR);WZ08G3;WZ2008: Wirtschaftsbereiche der VGR;WZ08-58;Verlagswesen;27,889;jew. ME;PRO013;Produktionswert
81000;Volkswirtschaftliche Gesamtrechnungen des Bundes;JAHR;Jahr;2022;DINSG;Deutschland insgesamt;DG;Deutschland;VGRPB5;Preisbasis (jeweilige Preise / preisbereinigt);VGRPVK;preisbereinigt, verkettete Volumenang. (Mrd. EUR);WZ08G3;WZ2008: Wirtschaftsbereiche der VGR;WZ08-37-01;Abwasser-, Abfallentsorgung, Rückgewinnung;62,093;jew. ME;PRO013;Produktionswert
81000;Volkswirtschaftliche Gesamtrechnungen des Bundes;JAHR;Jahr;2023;DINSG;Deutschland insgesamt;DG;Deutschland;VGRPB5;Preisbasis (jeweilige Preise / preisbereinigt);VGRPKM;preisbereinigt, Kettenindex (2020=100);WZ08G3;WZ2008: Wirtschaftsbereiche der VGR;WZ08-10-01;Ernährungsgewerbe und Tabakverarbeitung;93,380;jew. ME;PRO013;Produktionswert
81000;Volkswirtschaftliche Gesamtrechnungen des Bundes;JAHR;Jahr;2022;DINSG;Deutschland insgesamt;DG;Deutschland;VGRPB5;Preisbasis (jeweilige Preise / preisbereinigt);VGRPVK;preisbereinigt, verkettete Volumenang. (Mrd. EUR);WZ08G3;WZ2008: Wirtschaftsbereiche der VGR;WZ08-23;H.v.Glas,-waren,Keramik,Verarb. v.Steinen u.Erden;51,420;jew. ME;PRO013;Produktionswert
81000;Volkswirtschaftliche Gesamtrechnungen des Bundes;JAHR;Jahr;2025;DINSG;Deutschland insgesamt;DG;Deutschland;VGRPB5;Preisbasis (jeweilige Preise / preisbereinigt);VGRPVK;preisbereinigt, verkettete Volumenang. (Mrd. EUR);WZ08G3;WZ2008: Wirtschaftsbereiche der VGR;WZ08-01;Landwirtschaft, Jagd und verbundene Tätigkeiten;...;jew. ME;PRO013;Produktionswert
81000;Volkswirtschaftliche Gesamtrechnungen des Bundes;JAHR;Jahr;2021;DINSG;Deutschland insgesamt;DG;Deutschland;VGRPB5;Preisbasis (jeweilige Preise / preisbereinigt);VGRPVK;preisbereinigt, verkettete Volumenang. (Mrd. EUR);WZ08G3;WZ2008: Wirtschaftsbereiche der VGR;WZ08-47;Einzelhandel (ohne Handel mit Kraftfahrzeugen);231,303;jew. ME;PRO013;Produktionswert
81000;Volkswirtschaftliche Gesamtrechnungen des Bundes;JAHR;Jahr;2022;DINSG;Deutschland insgesamt;DG;Deutschland;VGRPB5;Preisbasis (jeweilige Preise / preisbereinigt);VGRPVU;preisbereinigt, unverkettete Volumenang.(Mrd. EUR);WZ08G3;WZ2008: Wirtschaftsbereiche der VGR;WZ08-46;Großhandel (ohne Handel mit Kraftfahrzeugen);328,405;jew. ME;PRO013;Produktionswert
81000;Volkswirtschaftliche Gesamtrechnungen des Bundes;JAHR;Jahr;2025;DINSG;Deutschland insgesamt;DG;Deutschland;VGRPB5;Preisbasis (jeweilige Preise / preisbereinigt);VGRPVU;preisbereinigt, unverkettete Volumenang.(Mrd. EUR);WZ08G3;WZ2008: Wirtschaftsbereiche der VGR;WZ08-031;Fischerei;...;jew. ME;PRO013;Produktionswert
81000;Volkswirtschaftliche Gesamtrechnungen des Bundes;JAHR;Jahr;2024;DINSG;Deutschland insgesamt;DG;Deutschland;VGRPB5;Preisbasis (jeweilige Preise / preisbereinigt);VGRJPM;in jeweiligen Preisen (Mrd. EUR);WZ08G3;WZ2008: Wirtschaftsbereiche der VGR;WZ08-58;Verlagswesen;27,439;jew. ME;PRO013;Produktionswert
81000;Volkswirtschaftliche Gesamtrechnungen des Bundes;JAHR;Jahr;2022;DINSG;Deutschland insgesamt;DG;Deutschland;VGRPB5;Preisbasis (jeweilige Preise / preisbereinigt);VGRPVU;preisbereinigt, unverkettete Volumenang.(Mrd. EUR);WZ08G3;WZ2008: Wirtschaftsbereiche der VGR;WZ08-N;Sonstige wirtschaftliche Dienstleistungen;312,349;jew. ME;PRO013;Produktionswert
81000;Volkswirtschaftliche Gesamtrechnungen des Bundes;JAHR;Jahr;2021;DINSG;Deutschland insgesamt;DG;Deutschland;VGRPB5;Preisbasis (jeweilige Preise / preisbereinigt);VGRPVU;preisbereinigt, unverkettete Volumenang.(Mrd. EUR);WZ08G3;WZ2008: Wirtschaftsbereiche der VGR;WZ08-M;Freiberufliche, wiss. u. techn. Dienstleistungen;449,346;jew. ME;PRO013;Produktionswert
81000;Volkswirtschaftliche Gesamtrechnungen des Bundes;JAHR;Jahr;2024;DINSG;Deutschland insgesamt;DG;Deutschland;VGRPB5;Preisbasis (jeweilige Preise / preisbereinigt);VGRJPM;in jeweiligen Preisen (Mrd. EUR);WZ08G3;WZ2008: Wirtschaftsbereiche der VGR;WZ08-01;Landwirtschaft, Jagd und verbundene Tätigkeiten;74,096;jew. ME;PRO013;Produktionswert
81000;Volkswirtschaftliche Gesamtrechnungen des Bundes;JAHR;Jahr;2022;DINSG;Deutschland insgesamt;DG;Deutschland;VGRPB5;Preisbasis (jeweilige Preise / preisbereinigt);VGRJPM;in jeweiligen Preisen (Mrd. EUR);WZ08G3;WZ2008: Wirtschaftsbereiche der VGR;WZ08-L;Grundstücks- und Wohnungswesen;529,080;jew. ME;PRO013;Produktionswert
81000;Volkswirtschaftliche Gesamtrechnungen des Bundes;JAHR;Jahr;2023;DINSG;Deutschland insgesamt;DG;Deutschland;VGRPB5;Preisbasis (jeweilige Preise / preisbereinigt);VGRPVU;preisbereinigt, unverkettete Volumenang.(Mrd. EUR);WZ08G3;WZ2008: Wirtschaftsbereiche der VGR;WZ08-22;Herstellung von Gummi- und Kunststoffwaren;91,181;jew. ME;PRO013;Produktionswert
81000;Volkswirtschaftliche Gesamtrechnungen des Bundes;JAHR;Jahr;2025;DINSG;Deutschland insgesamt;DG;Deutschland;VGRPB5;Preisbasis (jeweilige Preise / preisbereinigt);VGRPKM;preisbereinigt, Kettenindex (2020=100);WZ08G3;WZ2008: Wirtschaftsbereiche der VGR;WZ08-37-01;Abwasser-, Abfallentsorgung, Rückgewinnung;...;jew. ME;PRO013;Produktionswert
81000;Volkswirtschaftliche Gesamtrechnungen des Bundes;JAHR;Jahr;2023;DINSG;Deutschland insgesamt;DG;Deutschland;VGRPB5;Preisbasis (jeweilige Preise / preisbereinigt);VGRJPM;in jeweiligen Preisen (Mrd. EUR);WZ08G3;WZ2008: Wirtschaftsbereiche der VGR;WZ08-M;Freiberufliche, wiss. u. techn. Dienstleistungen;539,252;jew. ME;PRO013;Produktionswert
81000;Volkswirtschaftliche Gesamtrechnungen des Bundes;JAHR;Jahr;2025;DINSG;Deutschland insgesamt;DG;Deutschland;VGRPB5;Preisbasis (jeweilige Preise / preisbereinigt);VGRPVU;preisbereinigt, unverkettete Volumenang.(Mrd. EUR);WZ08G3;WZ2008: Wirtschaftsbereiche der VGR;WZ08-43;Vorb.Baustellenarbeiten, Bauinstall., sonst.Ausbau;...;jew. ME;PRO013;Produktionswert
81000;Volkswirtschaftliche Gesamtrechnungen des Bundes;JAHR;Jahr;2024;DINSG;Deutschland insgesamt;DG;Deutschland;VGRPB5;Preisbasis (jeweilige Preise / preisbereinigt);VGRPVU;preisbereinigt, unverkettete Volumenang.(Mrd. EUR);WZ08G3;WZ2008: Wirtschaftsbereiche der VGR;WZ08-10-01;Ernährungsgewerbe und Tabakverarbeitung;251,412;jew. ME;PRO013;Produktionswert
81000;Volkswirtschaftliche Gesamtrechnungen des Bundes;JAHR;Jahr;2021;DINSG;Deutschland insgesamt;DG;Deutschland;VGRPB5;Preisbasis (jeweilige Preise / preisbereinigt);VGRJPM;in jeweiligen Preisen (Mrd. EUR);WZ08G3;WZ2008: Wirtschaftsbereiche der VGR;WZ08-M-02;Unternehmensdienstleister;732,158;jew. ME;PRO013;Produktionswert
81000;Volkswirtschaftliche Gesamtrechnungen des Bundes;JAHR;Jahr;2023;DINSG;Deutschland insgesamt;DG;Deutschland;VGRPB5;Preisbasis (jeweilige Preise / preisbereinigt);VGRJPM;in jeweiligen Preisen (Mrd. EUR);WZ08G3;WZ2008: Wirtschaftsbereiche der VGR;WZ08-47;Einzelhandel (ohne Handel mit Kraftfahrzeugen);265,332;jew. ME;PRO013;Produktionswert
81000;Volkswirtschaftliche Gesamtrechnungen des Bundes;JAHR;Jahr;2022;DINSG;Deutschland insgesamt;DG;Deutschland;VGRPB5;Preisbasis (jeweilige Preise / preisbereinigt);VGRPVK;preisbereinigt, verkettete Volumenang. (Mrd. EUR);WZ08G3;WZ2008: Wirtschaftsbereiche der VGR;WZ08-73-01;Sonst.freiberufl., wissenschaftl., techn. Dienstl.;63,155;jew. ME;PRO013;Produktionswert
81000;Volkswirtschaftliche Gesamtrechnungen des Bundes;JAHR;Jahr;2021;DINSG;Deutschland insgesamt;DG;Deutschland;VGRPB5;Preisbasis (jeweilige Preise / preisbereinigt);VGRJPM;in jeweiligen Preisen (Mrd. EUR);WZ08G3;WZ2008: Wirtschaftsbereiche der VGR;WZ08-26;H.v. DV-Geräten, elektron. u. opt. Erzeugnissen;100,246;jew. ME;PRO013;Produktionswert
81000;Volkswirtschaftliche Gesamtrechnungen des Bundes;JAHR;Jahr;2021;DINSG;Deutschland insgesamt;DG;Deutschland;VGRPB5;Preisbasis (jeweilige Preise / preisbereinigt);VGRPKM;preisbereinigt, Kettenindex (2020=100);WZ08G3;WZ2008: Wirtschaftsbereiche der VGR;WZ08-R-02;Sonstige Dienstleister;100,480;jew. ME;PRO013;Produktionswert
81000;Volkswirtschaftliche Gesamtrechnungen des Bundes;JAHR;Jahr;2024;DINSG;Deutschland insgesamt;DG;Deutschland;VGRPB5;Preisbasis (jeweilige Preise / preisbereinigt);VGRPVK;preisbereinigt, verkettete Volumenang. (Mrd. EUR);WZ08G3;WZ2008: Wirtschaftsbereiche der VGR;WZ08-73-01;Sonst.freiberufl., wissenschaftl., techn. Dienstl.;66,300;jew. ME;PRO013;Produktionswert
81000;Volkswirtschaftliche Gesamtrechnungen des Bundes;JAHR;Jahr;2025;DINSG;Deutschland insgesamt;DG;Deutschland;VGRPB5;Preisbasis (jeweilige Preise / preisbereinigt);VGRPKM;preisbereinigt, Kettenindex (2020=100);WZ08G3;WZ2008: Wirtschaftsbereiche der VGR;WZ08-49;Landverkehr und Transport in Rohrfernleitungen;...;jew. ME;PRO013;Produktionswert
81000;Volkswirtschaftliche Gesamtrechnungen des Bundes;JAHR;Jahr;2023;DINSG;Deutschland insgesamt;DG;Deutschland;VGRPB5;Preisbasis (jeweilige Preise / preisbereinigt);VGRPKM;preisbereinigt, Kettenindex (2020=100);WZ08G3;WZ2008: Wirtschaftsbereiche der VGR;WZ08-24;Metallerzeugung und -bearbeitung;106,250;jew. ME;PRO013;Produktionswert
81000;Volkswirtschaftliche Gesamtrechnungen des Bundes;JAHR;Jahr;2025;DINSG;Deutschland insgesamt;DG;Deutschland;VGRPB5;Preisbasis (jeweilige Preise / preisbereinigt);VGRPVK;preisbereinigt, verkettete Volumenang. (Mrd. EUR);WZ08G3;WZ2008: Wirtschaftsbereiche der VGR;WZ08-36;Wasserversorgung;...;jew. ME;PRO013;Produktionswert
81000;Volkswirtschaftliche Gesamtrechnungen des Bundes;JAHR;Jahr;2022;DINSG;Deutschland insgesamt;DG;Deutschland;VGRPB5;Preisbasis (jeweilige Preise / preisbereinigt);VGRPKM;preisbereinigt, Kettenindex (2020=100);WZ08G3;WZ2008: Wirtschaftsbereiche der VGR;WZ08-26;H.v. DV-Geräten, elektron. u. opt. Erzeugnissen;110,530;jew. ME;PRO013;Produktionswert
81000;Volkswirtschaftliche Gesamtrechnungen des Bundes;JAHR;Jahr;2021;DINSG;Deutschland insgesamt;DG;Deutschland;VGRPB5;Preisbasis (jeweilige Preise / preisbereinigt);VGRPKM;preisbereinigt, Kettenindex (2020=100);WZ08G3;WZ2008: Wirtschaftsbereiche der VGR;WZ08-25;Herstellung von Metallerzeugnissen;109,250;jew. ME;PRO013;Produktionswert
81000;Volkswirtschaftliche Gesamtrechnungen des Bundes;JAHR;Jahr;2022;DINSG;Deutschland insgesamt;DG;Deutschland;VGRPB5;Preisbasis (jeweilige Preise / preisbereinigt);VGRPVU;preisbereinigt, unverkettete Volumenang.(Mrd. EUR);WZ08G3;WZ2008: Wirtschaftsbereiche der VGR;WZ08-33;Reparatur u.Installation von Masch.u.Ausrüstungen;51,283;jew. ME;PRO013;Produktionswert
81000;Volkswirtschaftliche Gesamtrechnungen des Bundes;JAHR;Jahr;2025;DINSG;Deutschland insgesamt;DG;Deutschland;VGRPB5;Preisbasis (jeweilige Preise / preisbereinigt);VGRPKM;preisbereinigt, Kettenindex (2020=100);WZ08G3;WZ2008: Wirtschaftsbereiche der VGR;WZ08-L;Grundstücks- und Wohnungswesen;113,130;jew. ME;PRO013;Produktionswert
81000;Volkswirtschaftliche Gesamtrechnungen des Bundes;JAHR;Jahr;2025;DINSG;Deutschland insgesamt;DG;Deutschland;VGRPB5;Preisbasis (jeweilige Preise / preisbereinigt);VGRPVU;preisbereinigt, unverkettete Volumenang.(Mrd. EUR);WZ08G3;WZ2008: Wirtschaftsbereiche der VGR;WZ08-78;Vermittlung und Überlassung von Arbeitskräften;...;jew. ME;PRO013;Produktionswert
81000;Volkswirtschaftliche Gesamtrechnungen des Bundes;JAHR;Jahr;2022;DINSG;Deutschland insgesamt;DG;Deutschland;VGRPB5;Preisbasis (jeweilige Preise / preisbereinigt);VGRPVK;preisbereinigt, verkettete Volumenang. (Mrd. EUR);WZ08G3;WZ2008: Wirtschaftsbereiche der VGR;WZ08-01;Landwirtschaft, Jagd und verbundene Tätigkeiten;55,403;jew. ME;PRO013;Produktionswert
81000;Volkswirtschaftliche Gesamtrechnungen des Bundes;JAHR;Jahr;2023;DINSG;Deutschland insgesamt;DG;Deutschland;VGRPB5;Preisbasis (jeweilige Preise / preisbereinigt);VGRPVK;preisbereinigt, verkettete Volumenang. (Mrd. EUR);WZ08G3;WZ2008: Wirtschaftsbereiche der VGR;WZ08-46;Großhandel (ohne Handel mit Kraftfahrzeugen);299,214;jew. ME;PRO013;Produktionswert
81000;Volkswirtschaftliche Gesamtrechnungen des Bundes;JAHR;Jahr;2025;DINSG;Deutschland insgesamt;DG;Deutschland;VGRPB5;Preisbasis (jeweilige Preise / preisbereinigt);VGRPVK;preisbereinigt, verkettete Volumenang. (Mrd. EUR);WZ08G3;WZ2008: Wirtschaftsbereiche der VGR;WZ08-M;Freiberufliche, wiss. u. techn. Dienstleistungen;500,799;jew. ME;PRO013;Produktionswert
81000;Volkswirtschaftliche Gesamtrechnungen des Bundes;JAHR;Jahr;2025;DINSG;Deutschland insgesamt;DG;Deutschland;VGRPB5;Preisbasis (jeweilige Preise / preisbereinigt);VGRPVK;preisbereinigt, verkettete Volumenang. (Mrd. EUR);WZ08G3;WZ2008: Wirtschaftsbereiche der VGR;WZ08-23;H.v.Glas,-waren,Keramik,Verarb. v.Steinen u.Erden;...;jew. ME;PRO013;Produktionswert
81000;Volkswirtschaftliche Gesamtrechnungen des Bundes;JAHR;Jahr;2024;DINSG;Deutschland insgesamt;DG;Deutschland;VGRPB5;Preisbasis (jeweilige Preise / preisbereinigt);VGRJPM;in jeweiligen Preisen (Mrd. EUR);WZ08G3;WZ2008: Wirtschaftsbereiche der VGR;WZ08-021;Forstwirtschaft;7,045;jew. ME;PRO013;Produktionswert
81000;Volkswirtschaftliche Gesamtrechnungen des Bundes;JAHR;Jahr;2024;DINSG;Deutschland insgesamt;DG;Deutschland;VGRPB5;Preisbasis (jeweilige Preise / preisbereinigt);VGRJPM;in jeweiligen Preisen (Mrd. EUR);WZ08G3;WZ2008: Wirtschaftsbereiche der VGR;WZ08-36;Wasserversorgung;11,962;jew. ME;PRO013;Produktionswert
81000;Volkswirtschaftliche Gesamtrechnungen des Bundes;JAHR;Jahr;2025;DINSG;Deutschland insgesamt;DG;Deutschland;VGRPB5;Preisbasis (jeweilige Preise / preisbereinigt);VGRPKM;preisbereinigt, Kettenindex (2020=100);WZ08G3;WZ2008: Wirtschaftsbereiche der VGR;WZ08-36;Wasserversorgung;...;jew. ME;PRO013;Produktionswert
81000;Volkswirtschaftliche Gesamtrechnungen des Bundes;JAHR;Jahr;2024;DINSG;Deutschland insgesamt;DG;Deutschland;VGRPB5;Preisbasis (jeweilige Preise / preisbereinigt);VGRJPM;in jeweiligen Preisen (Mrd. EUR);WZ08G3;WZ2008: Wirtschaftsbereiche der VGR;WZ08-73-01;Sonst.freiberufl., wissenschaftl., techn. Dienstl.;74,832;jew. ME;PRO013;Produktionswert
81000;Volkswirtschaftliche Gesamtrechnungen des Bundes;JAHR;Jahr;2022;DINSG;Deutschland insgesamt;DG;Deutschland;VGRPB5;Preisbasis (jeweilige Preise / preisbereinigt);VGRPVK;preisbereinigt, verkettete Volumenang. (Mrd. EUR);WZ08G3;WZ2008: Wirtschaftsbereiche der VGR;WZ08-58;Verlagswesen;26,967;jew. ME;PRO013;Produktionswert
81000;Volkswirtschaftliche Gesamtrechnungen des Bundes;JAHR;Jahr;2021;DINSG;Deutschland insgesamt;DG;Deutschland;VGRPB5;Preisbasis (jeweilige Preise / preisbereinigt);VGRJPM;in jeweiligen Preisen (Mrd. EUR);WZ08G3;WZ2008: Wirtschaftsbereiche der VGR;WZ08-L;Grundstücks- und Wohnungswesen;502,050;jew. ME;PRO013;Produktionswert
81000;Volkswirtschaftliche Gesamtrechnungen des Bundes;JAHR;Jahr;2023;DINSG;Deutschland insgesamt;DG;Deutschland;VGRPB5;Preisbasis (jeweilige Preise / preisbereinigt);VGRPVU;preisbereinigt, unverkettete Volumenang.(Mrd. EUR);WZ08G3;WZ2008: Wirtschaftsbereiche der VGR;WZ08-79;Reisebüros, -veranstalter u. sonst. Reservierungen;31,676;jew. ME;PRO013;Produktionswert
81000;Volkswirtschaftliche Gesamtrechnungen des Bundes;JAHR;Jahr;2025;DINSG;Deutschland insgesamt;DG;Deutschland;VGRPB5;Preisbasis (jeweilige Preise / preisbereinigt);VGRPVU;preisbereinigt, unverkettete Volumenang.(Mrd. EUR);WZ08G3;WZ2008: Wirtschaftsbereiche der VGR;WZ08-21;Herstellung von pharmazeutischen Erzeugnissen;...;jew. ME;PRO013;Produktionswert
81000;Volkswirtschaftliche Gesamtrechnungen des Bundes;JAHR;Jahr;2022;DINSG;Deutschland insgesamt;DG;Deutschland;VGRPB5;Preisbasis (jeweilige Preise / preisbereinigt);VGRJPM;in jeweiligen Preisen (Mrd. EUR);WZ08G3;WZ2008: Wirtschaftsbereiche der VGR;WZ08-10-01;Ernährungsgewerbe und Tabakverarbeitung;234,917;jew. ME;PRO013;Produktionswert
81000;Volkswirtschaftliche Gesamtrechnungen des Bundes;JAHR;Jahr;2023;DINSG;Deutschland insgesamt;DG;Deutschland;VGRPB5;Preisbasis (jeweilige Preise / preisbereinigt);VGRJPM;in jeweiligen Preisen (Mrd. EUR);WZ08G3;WZ2008: Wirtschaftsbereiche der VGR;WZ08-25;Herstellung von Metallerzeugnissen;165,922;jew. ME;PRO013;Produktionswert
81000;Volkswirtschaftliche Gesamtrechnungen des Bundes;JAHR;Jahr;2024;DINSG;Deutschland insgesamt;DG;Deutschland;VGRPB5;Preisbasis (jeweilige Preise / preisbereinigt);VGRPKM;preisbereinigt, Kettenindex (2020=100);WZ08G3;WZ2008: Wirtschaftsbereiche der VGR;WZ08-25;Herstellung von Metallerzeugnissen;101,210;jew. ME;PRO013;Produktionswert
81000;Volkswirtschaftliche Gesamtrechnungen des Bundes;JAHR;Jahr;2025;DINSG;Deutschland insgesamt;DG;Deutschland;VGRPB5;Preisbasis (jeweilige Preise / preisbereinigt);VGRPVK;preisbereinigt, verkettete Volumenang. (Mrd. EUR);WZ08G3;WZ2008: Wirtschaftsbereiche der VGR;WZ08-58;Verlagswesen;...;jew. ME;PRO013;Produktionswert
81000;Volkswirtschaftliche Gesamtrechnungen des Bundes;JAHR;Jahr;2025;DINSG;Deutschland insgesamt;DG;Deutschland;VGRPB5;Preisbasis (jeweilige Preise / preisbereinigt);VGRJPM;in jeweiligen Preisen (Mrd. EUR);WZ08G3;WZ2008: Wirtschaftsbereiche der VGR;WZ08-58-01;Verlagswesen, audiovisuelle Medien und Rundfunk;...;jew. ME;PRO013;Produktionswert
81000;Volkswirtschaftliche Gesamtrechnungen des Bundes;JAHR;Jahr;2021;DINSG;Deutschland insgesamt;DG;Deutschland;VGRPB5;Preisbasis (jeweilige Preise / preisbereinigt);VGRPKM;preisbereinigt, Kettenindex (2020=100);WZ08G3;WZ2008: Wirtschaftsbereiche der VGR;WZ08-47;Einzelhandel (ohne Handel mit Kraftfahrzeugen);98,630;jew. ME;PRO013;Produktionswert
81000;Volkswirtschaftliche Gesamtrechnungen des Bundes;JAHR;Jahr;2023;DINSG;Deutschland insgesamt;DG;Deutschland;VGRPB5;Preisbasis (jeweilige Preise / preisbereinigt);VGRPVU;preisbereinigt, unverkettete Volumenang.(Mrd. EUR);WZ08G3;WZ2008: Wirtschaftsbereiche der VGR;WZ08-96;Sonstige überwiegend persönliche Dienstleistungen;63,204;jew. ME;PRO013;Produktionswert
81000;Volkswirtschaftliche Gesamtrechnungen des Bundes;JAHR;Jahr;2024;DINSG;Deutschland insgesamt;DG;Deutschland;VGRPB5;Preisbasis (jeweilige Preise / preisbereinigt);VGRPVK;preisbereinigt, verkettete Volumenang. (Mrd. EUR);WZ08G3;WZ2008: Wirtschaftsbereiche der VGR;WZ08-59-01;Audiovisuelle Medien und Rundfunk;35,946;jew. ME;PRO013;Produktionswert
81000;Volkswirtschaftliche Gesamtrechnungen des Bundes;JAHR;Jahr;2023;DINSG;Deutschland insgesamt;DG;Deutschland;VGRPB5;Preisbasis (jeweilige Preise / preisbereinigt);VGRPVK;preisbereinigt, verkettete Volumenang. (Mrd. EUR);WZ08G3;WZ2008: Wirtschaftsbereiche der VGR;WZ08-B-05;Produzierendes Gewerbe;2489,869;jew. ME;PRO013;Produktionswert
81000;Volkswirtschaftliche Gesamtrechnungen des Bundes;JAHR;Jahr;2023;DINSG;Deutschland insgesamt;DG;Deutschland;VGRPB5;Preisbasis (jeweilige Preise / preisbereinigt);VGRPVK;preisbereinigt, verkettete Volumenang. (Mrd. EUR);WZ08G3;WZ2008: Wirtschaftsbereiche der VGR;WZ08-L;Grundstücks- und Wohnungswesen;512,283;jew. ME;PRO013;Produktionswert
81000;Volkswirtschaftliche Gesamtrechnungen des Bundes;JAHR;Jahr;2023;DINSG;Deutschland insgesamt;DG;Deutschland;VGRPB5;Preisbasis (jeweilige Preise / preisbereinigt);VGRPVU;preisbereinigt, unverkettete Volumenang.(Mrd. EUR);WZ08G3;WZ2008: Wirtschaftsbereiche der VGR;WZ08-R-02;Sonstige Dienstleister;199,899;jew. ME;PRO013;Produktionswert
81000;Volkswirtschaftliche Gesamtrechnungen des Bundes;JAHR;Jahr;2025;DINSG;Deutschland insgesamt;DG;Deutschland;VGRPB5;Preisbasis (jeweilige Preise / preisbereinigt);VGRPVU;preisbereinigt, unverkettete Volumenang.(Mrd. EUR);WZ08G3;WZ2008: Wirtschaftsbereiche der VGR;WZ08-B;Bergbau und Gewinnung von Steinen und Erden;12,685;jew. ME;PRO013;Produktionswert
81000;Volkswirtschaftliche Gesamtrechnungen des Bundes;JAHR;Jahr;2022;DINSG;Deutschland insgesamt;DG;Deutschland;VGRPB5;Preisbasis (jeweilige Preise / preisbereinigt);VGRPVK;preisbereinigt, verkettete Volumenang. (Mrd. EUR);WZ08G3;WZ2008: Wirtschaftsbereiche der VGR;WZ08-C;Verarbeitendes Gewerbe;1972,982;jew. ME;PRO013;Produktionswert
81000;Volkswirtschaftliche Gesamtrechnungen des Bundes;JAHR;Jahr;2024;DINSG;Deutschland insgesamt;DG;Deutschland;VGRPB5;Preisbasis (jeweilige Preise / preisbereinigt);VGRPVK;preisbereinigt, verkettete Volumenang. (Mrd. EUR);WZ08G3;WZ2008: Wirtschaftsbereiche der VGR;WZ08-E;Wasserversorg.,Entsorg.,Beseitig.v.Umweltverschm.;74,984;jew. ME;PRO013;Produktionswert
81000;Volkswirtschaftliche Gesamtrechnungen des Bundes;JAHR;Jahr;2025;DINSG;Deutschland insgesamt;DG;Deutschland;VGRPB5;Preisbasis (jeweilige Preise / preisbereinigt);VGRPVK;preisbereinigt, verkettete Volumenang. (Mrd. EUR);WZ08G3;WZ2008: Wirtschaftsbereiche der VGR;WZ08-49;Landverkehr und Transport in Rohrfernleitungen;...;jew. ME;PRO013;Produktionswert
81000;Volkswirtschaftliche Gesamtrechnungen des Bundes;JAHR;Jahr;2023;DINSG;Deutschland insgesamt;DG;Deutschland;VGRPB5;Preisbasis (jeweilige Preise / preisbereinigt);VGRJPM;in jeweiligen Preisen (Mrd. EUR);WZ08G3;WZ2008: Wirtschaftsbereiche der VGR;WZ08-31-01;Möbelherstellung, Installation von Maschinen;130,125;jew. ME;PRO013;Produktionswert
81000;Volkswirtschaftliche Gesamtrechnungen des Bundes;JAHR;Jahr;2022;DINSG;Deutschland insgesamt;DG;Deutschland;VGRPB5;Preisbasis (jeweilige Preise / preisbereinigt);VGRJPM;in jeweiligen Preisen (Mrd. EUR);WZ08G3;WZ2008: Wirtschaftsbereiche der VGR;WZ08-58;Verlagswesen;28,413;jew. ME;PRO013;Produktionswert
81000;Volkswirtschaftliche Gesamtrechnungen des Bundes;JAHR;Jahr;2024;DINSG;Deutschland insgesamt;DG;Deutschland;VGRPB5;Preisbasis (jeweilige Preise / preisbereinigt);VGRPKM;preisbereinigt, Kettenindex (2020=100);WZ08G3;WZ2008: Wirtschaftsbereiche der VGR;WZ08-17;Herstellung von Papier, Pappe und Waren daraus;91,970;jew. ME;PRO013;Produktionswert
81000;Volkswirtschaftliche Gesamtrechnungen des Bundes;JAHR;Jahr;2021;DINSG;Deutschland insgesamt;DG;Deutschland;VGRPB5;Preisbasis (jeweilige Preise / preisbereinigt);VGRPKM;preisbereinigt, Kettenindex (2020=100);WZ08G3;WZ2008: Wirtschaftsbereiche der VGR;WZ08-29-01;Fahrzeugbau;106,350;jew. ME;PRO013;Produktionswert
81000;Volkswirtschaftliche Gesamtrechnungen des Bundes;JAHR;Jahr;2024;DINSG;Deutschland insgesamt;DG;Deutschland;VGRPB5;Preisbasis (jeweilige Preise / preisbereinigt);VGRPVU;preisbereinigt, unverkettete Volumenang.(Mrd. EUR);WZ08G3;WZ2008: Wirtschaftsbereiche der VGR;WZ08-J;Information und Kommunikation;407,786;jew. ME;PRO013;Produktionswert
81000;Volkswirtschaftliche Gesamtrechnungen des Bundes;JAHR;Jahr;2025;DINSG;Deutschland insgesamt;DG;Deutschland;VGRPB5;Preisbasis (jeweilige Preise / preisbereinigt);VGRJPM;in jeweiligen Preisen (Mrd. EUR);WZ08G3;WZ2008: Wirtschaftsbereiche der VGR;WZ08-28;Maschinenbau;...;jew. ME;PRO013;Produktionswert
81000;Volkswirtschaftliche Gesamtrechnungen des Bundes;JAHR;Jahr;2021;DINSG;Deutschland insgesamt;DG;Deutschland;VGRPB5;Preisbasis (jeweilige Preise / preisbereinigt);VGRPVU;preisbereinigt, unverkettete Volumenang.(Mrd. EUR);WZ08G3;WZ2008: Wirtschaftsbereiche der VGR;WZ08-41;Hochbau;89,549;jew. ME;PRO013;Produktionswert
81000;Volkswirtschaftliche Gesamtrechnungen des Bundes;JAHR;Jahr;2025;DINSG;Deutschland insgesamt;DG;Deutschland;VGRPB5;Preisbasis (jeweilige Preise / preisbereinigt);VGRPVU;preisbereinigt, unverkettete Volumenang.(Mrd. EUR);WZ08G3;WZ2008: Wirtschaftsbereiche der VGR;WZ08-S;Erbringung von sonstigen Dienstleistungen;128,739;jew. ME;PRO013;Produktionswert
81000;Volkswirtschaftliche Gesamtrechnungen des Bundes;JAHR;Jahr;2022;DINSG;Deutschland insgesamt;DG;Deutschland;VGRPB5;Preisbasis (jeweilige Preise / preisbereinigt);VGRPVK;preisbereinigt, verkettete Volumenang. (Mrd. EUR);WZ08G3;WZ2008: Wirtschaftsbereiche der VGR;WZ08-T;Private Haushalte;8,083;jew. ME;PRO013;Produktionswert
81000;Volkswirtschaftliche Gesamtrechnungen des Bundes;JAHR;Jahr;2025;DINSG;Deutschland insgesamt;DG;Deutschland;VGRPB5;Preisbasis (jeweilige Preise / preisbereinigt);VGRPVK;preisbereinigt, verkettete Volumenang. (Mrd. EUR);WZ08G3;WZ2008: Wirtschaftsbereiche der VGR;WZ08-24-01;Metallgewerbe;...;jew. ME;PRO013;Produktionswert
81000;Volkswirtschaftliche Gesamtrechnungen des Bundes;JAHR;Jahr;2025;DINSG;Deutschland insgesamt;DG;Deutschland;VGRPB5;Preisbasis (jeweilige Preise / preisbereinigt);VGRJPM;in jeweiligen Preisen (Mrd. EUR);WZ08G3;WZ2008: Wirtschaftsbereiche der VGR;WZ08-I;Gastgewerbe;143,737;jew. ME;PRO013;Produktionswert
81000;Volkswirtschaftliche Gesamtrechnungen des Bundes;JAHR;Jahr;2024;DINSG;Deutschland insgesamt;DG;Deutschland;VGRPB5;Preisbasis (jeweilige Preise / preisbereinigt);VGRJPM;in jeweiligen Preisen (Mrd. EUR);WZ08G3;WZ2008: Wirtschaftsbereiche der VGR;WZ08-45;Kfz-Handel, Instandhaltung und Reparatur von Kfz;115,561;jew. ME;PRO013;Produktionswert
81000;Volkswirtschaftliche Gesamtrechnungen des Bundes;JAHR;Jahr;2023;DINSG;Deutschland insgesamt;DG;Deutschland;VGRPB5;Preisbasis (jeweilige Preise / preisbereinigt);VGRPKM;preisbereinigt, Kettenindex (2020=100);WZ08G3;WZ2008: Wirtschaftsbereiche der VGR;WZ08-45;Kfz-Handel, Instandhaltung und Reparatur von Kfz;107,070;jew. ME;PRO013;Produktionswert
81000;Volkswirtschaftliche Gesamtrechnungen des Bundes;JAHR;Jahr;2024;DINSG;Deutschland insgesamt;DG;Deutschland;VGRPB5;Preisbasis (jeweilige Preise / preisbereinigt);VGRPVK;preisbereinigt, verkettete Volumenang. (Mrd. EUR);WZ08G3;WZ2008: Wirtschaftsbereiche der VGR;WZ08-31-02;Herstellung von Möbeln und sonstigen Waren;61,488;jew. ME;PRO013;Produktionswert
81000;Volkswirtschaftliche Gesamtrechnungen des Bundes;JAHR;Jahr;2022;DINSG;Deutschland insgesamt;DG;Deutschland;VGRPB5;Preisbasis (jeweilige Preise / preisbereinigt);VGRJPM;in jeweiligen Preisen (Mrd. EUR);WZ08G3;WZ2008: Wirtschaftsbereiche der VGR;WZ08-01;Landwirtschaft, Jagd und verbundene Tätigkeiten;76,122;jew. ME;PRO013;Produktionswert
81000;Volkswirtschaftliche Gesamtrechnungen des Bundes;JAHR;Jahr;2024;DINSG;Deutschland insgesamt;DG;Deutschland;VGRPB5;Preisbasis (jeweilige Preise / preisbereinigt);VGRPVK;preisbereinigt, verkettete Volumenang. (Mrd. EUR);WZ08G3;WZ2008: Wirtschaftsbereiche der VGR;WZ08-53;Post-, Kurier- und Expressdienste;58,235;jew. ME;PRO013;Produktionswert
81000;Volkswirtschaftliche Gesamtrechnungen des Bundes;JAHR;Jahr;2022;DINSG;Deutschland insgesamt;DG;Deutschland;VGRPB5;Preisbasis (jeweilige Preise / preisbereinigt);VGRPVU;preisbereinigt, unverkettete Volumenang.(Mrd. EUR);WZ08G3;WZ2008: Wirtschaftsbereiche der VGR;WZ08-M-02;Unternehmensdienstleister;791,696;jew. ME;PRO013;Produktionswert
81000;Volkswirtschaftliche Gesamtrechnungen des Bundes;JAHR;Jahr;2021;DINSG;Deutschland insgesamt;DG;Deutschland;VGRPB5;Preisbasis (jeweilige Preise / preisbereinigt);VGRPVU;preisbereinigt, unverkettete Volumenang.(Mrd. EUR);WZ08G3;WZ2008: Wirtschaftsbereiche der VGR;WZ08-10-01;Ernährungsgewerbe und Tabakverarbeitung;196,936;jew. ME;PRO013;Produktionswert
81000;Volkswirtschaftliche Gesamtrechnungen des Bundes;JAHR;Jahr;2023;DINSG;Deutschland insgesamt;DG;Deutschland;VGRPB5;Preisbasis (jeweilige Preise / preisbereinigt);VGRPVU;preisbereinigt, unverkettete Volumenang.(Mrd. EUR);WZ08G3;WZ2008: Wirtschaftsbereiche der VGR;WZ08-G-01;Handel, Verkehr, Gastgewerbe;1326,458;jew. ME;PRO013;Produktionswert
81000;Volkswirtschaftliche Gesamtrechnungen des Bundes;JAHR;Jahr;2021;DINSG;Deutschland insgesamt;DG;Deutschland;VGRPB5;Preisbasis (jeweilige Preise / preisbereinigt);VGRPKM;preisbereinigt, Kettenindex (2020=100);WZ08G3;WZ2008: Wirtschaftsbereiche der VGR;WZ08-22-01;H.v. Gummi-, Kunststoff-, Glaswaren, Keramik u.Ä.;106,620;jew. ME;PRO013;Produktionswert
81000;Volkswirtschaftliche Gesamtrechnungen des Bundes;JAHR;Jahr;2021;DINSG;Deutschland insgesamt;DG;Deutschland;VGRPB5;Preisbasis (jeweilige Preise / preisbereinigt);VGRPVK;preisbereinigt, verkettete Volumenang. (Mrd. EUR);WZ08G3;WZ2008: Wirtschaftsbereiche der VGR;WZ08-95;Reparatur von DV-Geräten und Gebrauchsgütern;2,763;jew. ME;PRO013;Produktionswert
81000;Volkswirtschaftliche Gesamtrechnungen des Bundes;JAHR;Jahr;2024;DINSG;Deutschland insgesamt;DG;Deutschland;VGRPB5;Preisbasis (jeweilige Preise / preisbereinigt);VGRJPM;in jeweiligen Preisen (Mrd. EUR);WZ08G3;WZ2008: Wirtschaftsbereiche der VGR;WZ08-69-01;Unternehmensnahe Beratungsleistungen;430,787;jew. ME;PRO013;Produktionswert
81000;Volkswirtschaftliche Gesamtrechnungen des Bundes;JAHR;Jahr;2021;DINSG;Deutschland insgesamt;DG;Deutschland;VGRPB5;Preisbasis (jeweilige Preise / preisbereinigt);VGRPVK;preisbereinigt, verkettete Volumenang. (Mrd. EUR);WZ08G3;WZ2008: Wirtschaftsbereiche der VGR;WZ08-29;Herstellung von Kraftwagen und Kraftwagenteilen;363,582;jew. ME;PRO013;Produktionswert
81000;Volkswirtschaftliche Gesamtrechnungen des Bundes;JAHR;Jahr;2022;DINSG;Deutschland insgesamt;DG;Deutschland;VGRPB5;Preisbasis (jeweilige Preise / preisbereinigt);VGRJPM;in jeweiligen Preisen (Mrd. EUR);WZ08G3;WZ2008: Wirtschaftsbereiche der VGR;WZ08-P;Erziehung und Unterricht;230,766;jew. ME;PRO013;Produktionswert
81000;Volkswirtschaftliche Gesamtrechnungen des Bundes;JAHR;Jahr;2022;DINSG;Deutschland insgesamt;DG;Deutschland;VGRPB5;Preisbasis (jeweilige Preise / preisbereinigt);VGRPKM;preisbereinigt, Kettenindex (2020=100);WZ08G3;WZ2008: Wirtschaftsbereiche der VGR;WZ08-96;Sonstige überwiegend persönliche Dienstleistungen;131,230;jew. ME;PRO013;Produktionswert
81000;Volkswirtschaftliche Gesamtrechnungen des Bundes;JAHR;Jahr;2022;DINSG;Deutschland insgesamt;DG;Deutschland;VGRPB5;Preisbasis (jeweilige Preise / preisbereinigt);VGRPVK;preisbereinigt, verkettete Volumenang. (Mrd. EUR);WZ08G3;WZ2008: Wirtschaftsbereiche der VGR;WZ08-22;Herstellung von Gummi- und Kunststoffwaren;86,898;jew. ME;PRO013;Produktionswert
81000;Volkswirtschaftliche Gesamtrechnungen des Bundes;JAHR;Jahr;2022;DINSG;Deutschland insgesamt;DG;Deutschland;VGRPB5;Preisbasis (jeweilige Preise / preisbereinigt);VGRPVU;preisbereinigt, unverkettete Volumenang.(Mrd. EUR);WZ08G3;WZ2008: Wirtschaftsbereiche der VGR;WZ08-24;Metallerzeugung und -bearbeitung;119,784;jew. ME;PRO013;Produktionswert
81000;Volkswirtschaftliche Gesamtrechnungen des Bundes;JAHR;Jahr;2021;DINSG;Deutschland insgesamt;DG;Deutschland;VGRPB5;Preisbasis (jeweilige Preise / preisbereinigt);VGRJPM;in jeweiligen Preisen (Mrd. EUR);WZ08G3;WZ2008: Wirtschaftsbereiche der VGR;WZ08-O-03;Öffentliche Dienstleister, Erziehung, Gesundheit;997,133;jew. ME;PRO013;Produktionswert
81000;Volkswirtschaftliche Gesamtrechnungen des Bundes;JAHR;Jahr;2024;DINSG;Deutschland insgesamt;DG;Deutschland;VGRPB5;Preisbasis (jeweilige Preise / preisbereinigt);VGRPVU;preisbereinigt, unverkettete Volumenang.(Mrd. EUR);WZ08G3;WZ2008: Wirtschaftsbereiche der VGR;WZ08-31-01;Möbelherstellung, Installation von Maschinen;134,074;jew. ME;PRO013;Produktionswert
81000;Volkswirtschaftliche Gesamtrechnungen des Bundes;JAHR;Jahr;2023;DINSG;Deutschland insgesamt;DG;Deutschland;VGRPB5;Preisbasis (jeweilige Preise / preisbereinigt);VGRPVK;preisbereinigt, verkettete Volumenang. (Mrd. EUR);WZ08G3;WZ2008: Wirtschaftsbereiche der VGR;WZ08-29;Herstellung von Kraftwagen und Kraftwagenteilen;413,288;jew. ME;PRO013;Produktionswert
81000;Volkswirtschaftliche Gesamtrechnungen des Bundes;JAHR;Jahr;2023;DINSG;Deutschland insgesamt;DG;Deutschland;VGRPB5;Preisbasis (jeweilige Preise / preisbereinigt);VGRJPM;in jeweiligen Preisen (Mrd. EUR);WZ08G3;WZ2008: Wirtschaftsbereiche der VGR;WZ08-96;Sonstige überwiegend persönliche Dienstleistungen;67,311;jew. ME;PRO013;Produktionswert
81000;Volkswirtschaftliche Gesamtrechnungen des Bundes;JAHR;Jahr;2024;DINSG;Deutschland insgesamt;DG;Deutschland;VGRPB5;Preisbasis (jeweilige Preise / preisbereinigt);VGRJPM;in jeweiligen Preisen (Mrd. EUR);WZ08G3;WZ2008: Wirtschaftsbereiche der VGR;WZ08-R;Kunst, Unterhaltung und Erholung;85,906;jew. ME;PRO013;Produktionswert
81000;Volkswirtschaftliche Gesamtrechnungen des Bundes;JAHR;Jahr;2021;DINSG;Deutschland insgesamt;DG;Deutschland;VGRPB5;Preisbasis (jeweilige Preise / preisbereinigt);VGRJPM;in jeweiligen Preisen (Mrd. EUR);WZ08G3;WZ2008: Wirtschaftsbereiche der VGR;WZ08-96;Sonstige überwiegend persönliche Dienstleistungen;48,736;jew. ME;PRO013;Produktionswert
81000;Volkswirtschaftliche Gesamtrechnungen des Bundes;JAHR;Jahr;2022;DINSG;Deutschland insgesamt;DG;Deutschland;VGRPB5;Preisbasis (jeweilige Preise / preisbereinigt);VGRJPM;in jeweiligen Preisen (Mrd. EUR);WZ08G3;WZ2008: Wirtschaftsbereiche der VGR;WZ08-62-01;IT- und Informationsdienstleister;222,552;jew. ME;PRO013;Produktionswert
81000;Volkswirtschaftliche Gesamtrechnungen des Bundes;JAHR;Jahr;2025;DINSG;Deutschland insgesamt;DG;Deutschland;VGRPB5;Preisbasis (jeweilige Preise / preisbereinigt);VGRPKM;preisbereinigt, Kettenindex (2020=100);WZ08G3;WZ2008: Wirtschaftsbereiche der VGR;WZ08-B-18;Produzierendes Gewerbe ohne Baugewerbe;102,690;jew. ME;PRO013;Produktionswert
81000;Volkswirtschaftliche Gesamtrechnungen des Bundes;JAHR;Jahr;2024;DINSG;Deutschland insgesamt;DG;Deutschland;VGRPB5;Preisbasis (jeweilige Preise / preisbereinigt);VGRJPM;in jeweiligen Preisen (Mrd. EUR);WZ08G3;WZ2008: Wirtschaftsbereiche der VGR;WZ08-A;Land- und Forstwirtschaft, Fischerei;81,845;jew. ME;PRO013;Produktionswert
81000;Volkswirtschaftliche Gesamtrechnungen des Bundes;JAHR;Jahr;2025;DINSG;Deutschland insgesamt;DG;Deutschland;VGRPB5;Preisbasis (jeweilige Preise / preisbereinigt);VGRPVU;preisbereinigt, unverkettete Volumenang.(Mrd. EUR);WZ08G3;WZ2008: Wirtschaftsbereiche der VGR;WZ08-61;Telekommunikation;...;jew. ME;PRO013;Produktionswert
81000;Volkswirtschaftliche Gesamtrechnungen des Bundes;JAHR;Jahr;2023;DINSG;Deutschland insgesamt;DG;Deutschland;VGRPB5;Preisbasis (jeweilige Preise / preisbereinigt);VGRPVU;preisbereinigt, unverkettete Volumenang.(Mrd. EUR);WZ08G3;WZ2008: Wirtschaftsbereiche der VGR;WZ08-61;Telekommunikation;80,069;jew. ME;PRO013;Produktionswert
81000;Volkswirtschaftliche Gesamtrechnungen des Bundes;JAHR;Jahr;2024;DINSG;Deutschland insgesamt;DG;Deutschland;VGRPB5;Preisbasis (jeweilige Preise / preisbereinigt);VGRPVU;preisbereinigt, unverkettete Volumenang.(Mrd. EUR);WZ08G3;WZ2008: Wirtschaftsbereiche der VGR;WZ08-46;Großhandel (ohne Handel mit Kraftfahrzeugen);356,522;jew. ME;PRO013;Produktionswert
81000;Volkswirtschaftliche Gesamtrechnungen des Bundes;JAHR;Jahr;2022;DINSG;Deutschland insgesamt;DG;Deutschland;VGRPB5;Preisbasis (jeweilige Preise / preisbereinigt);VGRPKM;preisbereinigt, Kettenindex (2020=100);WZ08G3;WZ2008: Wirtschaftsbereiche der VGR;WZ08-61;Telekommunikation;95,640;jew. ME;PRO013;Produktionswert
81000;Volkswirtschaftliche Gesamtrechnungen des Bundes;JAHR;Jahr;2023;DINSG;Deutschland insgesamt;DG;Deutschland;VGRPB5;Preisbasis (jeweilige Preise / preisbereinigt);VGRPKM;preisbereinigt, Kettenindex (2020=100);WZ08G3;WZ2008: Wirtschaftsbereiche der VGR;WZ08-P;Erziehung und Unterricht;110,390;jew. ME;PRO013;Produktionswert
81000;Volkswirtschaftliche Gesamtrechnungen des Bundes;JAHR;Jahr;2022;DINSG;Deutschland insgesamt;DG;Deutschland;VGRPB5;Preisbasis (jeweilige Preise / preisbereinigt);VGRPVK;preisbereinigt, verkettete Volumenang. (Mrd. EUR);WZ08G3;WZ2008: Wirtschaftsbereiche der VGR;WZ08-79;Reisebüros, -veranstalter u. sonst. Reservierungen;26,808;jew. ME;PRO013;Produktionswert
81000;Volkswirtschaftliche Gesamtrechnungen des Bundes;JAHR;Jahr;2021;DINSG;Deutschland insgesamt;DG;Deutschland;VGRPB5;Preisbasis (jeweilige Preise / preisbereinigt);VGRPKM;preisbereinigt, Kettenindex (2020=100);WZ08G3;WZ2008: Wirtschaftsbereiche der VGR;WZ08-10-01;Ernährungsgewerbe und Tabakverarbeitung;95,500;jew. ME;PRO013;Produktionswert
81000;Volkswirtschaftliche Gesamtrechnungen des Bundes;JAHR;Jahr;2023;DINSG;Deutschland insgesamt;DG;Deutschland;VGRPB5;Preisbasis (jeweilige Preise / preisbereinigt);VGRJPM;in jeweiligen Preisen (Mrd. EUR);WZ08G3;WZ2008: Wirtschaftsbereiche der VGR;WZ08-61;Telekommunikation;78,820;jew. ME;PRO013;Produktionswert
81000;Volkswirtschaftliche Gesamtrechnungen des Bundes;JAHR;Jahr;2021;DINSG;Deutschland insgesamt;DG;Deutschland;VGRPB5;Preisbasis (jeweilige Preise / preisbereinigt);VGRPKM;preisbereinigt, Kettenindex (2020=100);WZ08G3;WZ2008: Wirtschaftsbereiche der VGR;WZ08-N;Sonstige wirtschaftliche Dienstleistungen;107,200;jew. ME;PRO013;Produktionswert
81000;Volkswirtschaftliche Gesamtrechnungen des Bundes;JAHR;Jahr;2024;DINSG;Deutschland insgesamt;DG;Deutschland;VGRPB5;Preisbasis (jeweilige Preise / preisbereinigt);VGRJPM;in jeweiligen Preisen (Mrd. EUR);WZ08G3;WZ2008: Wirtschaftsbereiche der VGR;WZ08-23;H.v.Glas,-waren,Keramik,Verarb. v.Steinen u.Erden;56,458;jew. ME;PRO013;Produktionswert
81000;Volkswirtschaftliche Gesamtrechnungen des Bundes;JAHR;Jahr;2025;DINSG;Deutschland insgesamt;DG;Deutschland;VGRPB5;Preisbasis (jeweilige Preise / preisbereinigt);VGRPVK;preisbereinigt, verkettete Volumenang. (Mrd. EUR);WZ08G3;WZ2008: Wirtschaftsbereiche der VGR;WZ08-M-02;Unternehmensdienstleister;808,568;jew. ME;PRO013;Produktionswert
81000;Volkswirtschaftliche Gesamtrechnungen des Bundes;JAHR;Jahr;2025;DINSG;Deutschland insgesamt;DG;Deutschland;VGRPB5;Preisbasis (jeweilige Preise / preisbereinigt);VGRPKM;preisbereinigt, Kettenindex (2020=100);WZ08G3;WZ2008: Wirtschaftsbereiche der VGR;WZ08-73-01;Sonst.freiberufl., wissenschaftl., techn. Dienstl.;...;jew. ME;PRO013;Produktionswert
81000;Volkswirtschaftliche Gesamtrechnungen des Bundes;JAHR;Jahr;2021;DINSG;Deutschland insgesamt;DG;Deutschland;VGRPB5;Preisbasis (jeweilige Preise / preisbereinigt);VGRPKM;preisbereinigt, Kettenindex (2020=100);WZ08G3;WZ2008: Wirtschaftsbereiche der VGR;WZ08-13-01;Textil- und Bekleidungsgewerbe;105,820;jew. ME;PRO013;Produktionswert
81000;Volkswirtschaftliche Gesamtrechnungen des Bundes;JAHR;Jahr;2024;DINSG;Deutschland insgesamt;DG;Deutschland;VGRPB5;Preisbasis (jeweilige Preise / preisbereinigt);VGRPVU;preisbereinigt, unverkettete Volumenang.(Mrd. EUR);WZ08G3;WZ2008: Wirtschaftsbereiche der VGR;WZ08-031;Fischerei;0,726;jew. ME;PRO013;Produktionswert
81000;Volkswirtschaftliche Gesamtrechnungen des Bundes;JAHR;Jahr;2021;DINSG;Deutschland insgesamt;DG;Deutschland;VGRPB5;Preisbasis (jeweilige Preise / preisbereinigt);VGRJPM;in jeweiligen Preisen (Mrd. EUR);WZ08G3;WZ2008: Wirtschaftsbereiche der VGR;WZ08-61;Telekommunikation;69,890;jew. ME;PRO013;Produktionswert
81000;Volkswirtschaftliche Gesamtrechnungen des Bundes;JAHR;Jahr;2022;DINSG;Deutschland insgesamt;DG;Deutschland;VGRPB5;Preisbasis (jeweilige Preise / preisbereinigt);VGRJPM;in jeweiligen Preisen (Mrd. EUR);WZ08G3;WZ2008: Wirtschaftsbereiche der VGR;WZ08-23;H.v.Glas,-waren,Keramik,Verarb. v.Steinen u.Erden;60,375;jew. ME;PRO013;Produktionswert
81000;Volkswirtschaftliche Gesamtrechnungen des Bundes;JAHR;Jahr;2021;DINSG;Deutschland insgesamt;DG;Deutschland;VGRPB5;Preisbasis (jeweilige Preise / preisbereinigt);VGRPKM;preisbereinigt, Kettenindex (2020=100);WZ08G3;WZ2008: Wirtschaftsbereiche der VGR;WZ08-O-03;Öffentliche Dienstleister, Erziehung, Gesundheit;102,390;jew. ME;PRO013;Produktionswert
81000;Volkswirtschaftliche Gesamtrechnungen des Bundes;JAHR;Jahr;2022;DINSG;Deutschland insgesamt;DG;Deutschland;VGRPB5;Preisbasis (jeweilige Preise / preisbereinigt);VGRPKM;preisbereinigt, Kettenindex (2020=100);WZ08G3;WZ2008: Wirtschaftsbereiche der VGR;WZ08-G;Handel, Instandhaltung und Reparatur von Kfz;102,940;jew. ME;PRO013;Produktionswert
81000;Volkswirtschaftliche Gesamtrechnungen des Bundes;JAHR;Jahr;2023;DINSG;Deutschland insgesamt;DG;Deutschland;VGRPB5;Preisbasis (jeweilige Preise / preisbereinigt);VGRPKM;preisbereinigt, Kettenindex (2020=100);WZ08G3;WZ2008: Wirtschaftsbereiche der VGR;WZ08-23;H.v.Glas,-waren,Keramik,Verarb. v.Steinen u.Erden;88,060;jew. ME;PRO013;Produktionswert
81000;Volkswirtschaftliche Gesamtrechnungen des Bundes;JAHR;Jahr;2025;DINSG;Deutschland insgesamt;DG;Deutschland;VGRPB5;Preisbasis (jeweilige Preise / preisbereinigt);VGRJPM;in jeweiligen Preisen (Mrd. EUR);WZ08G3;WZ2008: Wirtschaftsbereiche der VGR;WZ08-19;Kokerei und Mineralölverarbeitung;...;jew. ME;PRO013;Produktionswert
81000;Volkswirtschaftliche Gesamtrechnungen des Bundes;JAHR;Jahr;2021;DINSG;Deutschland insgesamt;DG;Deutschland;VGRPB5;Preisbasis (jeweilige Preise / preisbereinigt);VGRPVU;preisbereinigt, unverkettete Volumenang.(Mrd. EUR);WZ08G3;WZ2008: Wirtschaftsbereiche der VGR;WZ08-50;Schifffahrt;21,191;jew. ME;PRO013;Produktionswert
81000;Volkswirtschaftliche Gesamtrechnungen des Bundes;JAHR;Jahr;2025;DINSG;Deutschland insgesamt;DG;Deutschland;VGRPB5;Preisbasis (jeweilige Preise / preisbereinigt);VGRPKM;preisbereinigt, Kettenindex (2020=100);WZ08G3;WZ2008: Wirtschaftsbereiche der VGR;WZ08-69-01;Unternehmensnahe Beratungsleistungen;...;jew. ME;PRO013;Produktionswert
81000;Volkswirtschaftliche Gesamtrechnungen des Bundes;JAHR;Jahr;2025;DINSG;Deutschland insgesamt;DG;Deutschland;VGRPB5;Preisbasis (jeweilige Preise / preisbereinigt);VGRPVU;preisbereinigt, unverkettete Volumenang.(Mrd. EUR);WZ08G3;WZ2008: Wirtschaftsbereiche der VGR;WZ08-96;Sonstige überwiegend persönliche Dienstleistungen;...;jew. ME;PRO013;Produktionswert
81000;Volkswirtschaftliche Gesamtrechnungen des Bundes;JAHR;Jahr;2023;DINSG;Deutschland insgesamt;DG;Deutschland;VGRPB5;Preisbasis (jeweilige Preise / preisbereinigt);VGRPVU;preisbereinigt, unverkettete Volumenang.(Mrd. EUR);WZ08G3;WZ2008: Wirtschaftsbereiche der VGR;WZ08-52;Lagerei, sonstige Dienstleistungen für den Verkehr;195,117;jew. ME;PRO013;Produktionswert
81000;Volkswirtschaftliche Gesamtrechnungen des Bundes;JAHR;Jahr;2025;DINSG;Deutschland insgesamt;DG;Deutschland;VGRPB5;Preisbasis (jeweilige Preise / preisbereinigt);VGRPVK;preisbereinigt, verkettete Volumenang. (Mrd. EUR);WZ08G3;WZ2008: Wirtschaftsbereiche der VGR;WZ08-B-05;Produzierendes Gewerbe;2424,853;jew. ME;PRO013;Produktionswert
81000;Volkswirtschaftliche Gesamtrechnungen des Bundes;JAHR;Jahr;2021;DINSG;Deutschland insgesamt;DG;Deutschland;VGRPB5;Preisbasis (jeweilige Preise / preisbereinigt);VGRPVK;preisbereinigt, verkettete Volumenang. (Mrd. EUR);WZ08G3;WZ2008: Wirtschaftsbereiche der VGR;WZ08-L;Grundstücks- und Wohnungswesen;492,659;jew. ME;PRO013;Produktionswert
81000;Volkswirtschaftliche Gesamtrechnungen des Bundes;JAHR;Jahr;2023;DINSG;Deutschland insgesamt;DG;Deutschland;VGRPB5;Preisbasis (jeweilige Preise / preisbereinigt);VGRPVU;preisbereinigt, unverkettete Volumenang.(Mrd. EUR);WZ08G3;WZ2008: Wirtschaftsbereiche der VGR;WZ08-B;Bergbau und Gewinnung von Steinen und Erden;12,825;jew. ME;PRO013;Produktionswert
81000;Volkswirtschaftliche Gesamtrechnungen des Bundes;JAHR;Jahr;2022;DINSG;Deutschland insgesamt;DG;Deutschland;VGRPB5;Preisbasis (jeweilige Preise / preisbereinigt);VGRJPM;in jeweiligen Preisen (Mrd. EUR);WZ08G3;WZ2008: Wirtschaftsbereiche der VGR;WZ08-021;Forstwirtschaft;7,086;jew. ME;PRO013;Produktionswert
81000;Volkswirtschaftliche Gesamtrechnungen des Bundes;JAHR;Jahr;2023;DINSG;Deutschland insgesamt;DG;Deutschland;VGRPB5;Preisbasis (jeweilige Preise / preisbereinigt);VGRJPM;in jeweiligen Preisen (Mrd. EUR);WZ08G3;WZ2008: Wirtschaftsbereiche der VGR;WZ08-17;Herstellung von Papier, Pappe und Waren daraus;44,339;jew. ME;PRO013;Produktionswert
81000;Volkswirtschaftliche Gesamtrechnungen des Bundes;JAHR;Jahr;2022;DINSG;Deutschland insgesamt;DG;Deutschland;VGRPB5;Preisbasis (jeweilige Preise / preisbereinigt);VGRPVU;preisbereinigt, unverkettete Volumenang.(Mrd. EUR);WZ08G3;WZ2008: Wirtschaftsbereiche der VGR;WZ08-J;Information und Kommunikation;357,530;jew. ME;PRO013;Produktionswert
81000;Volkswirtschaftliche Gesamtrechnungen des Bundes;JAHR;Jahr;2022;DINSG;Deutschland insgesamt;DG;Deutschland;VGRPB5;Preisbasis (jeweilige Preise / preisbereinigt);VGRPKM;preisbereinigt, Kettenindex (2020=100);WZ08G3;WZ2008: Wirtschaftsbereiche der VGR;WZ08-17;Herstellung von Papier, Pappe und Waren daraus;105,840;jew. ME;PRO013;Produktionswert
81000;Volkswirtschaftliche Gesamtrechnungen des Bundes;JAHR;Jahr;2023;DINSG;Deutschland insgesamt;DG;Deutschland;VGRPB5;Preisbasis (jeweilige Preise / preisbereinigt);VGRPVU;preisbereinigt, unverkettete Volumenang.(Mrd. EUR);WZ08G3;WZ2008: Wirtschaftsbereiche der VGR;WZ08-62-01;IT- und Informationsdienstleister;240,748;jew. ME;PRO013;Produktionswert
81000;Volkswirtschaftliche Gesamtrechnungen des Bundes;JAHR;Jahr;2025;DINSG;Deutschland insgesamt;DG;Deutschland;VGRPB5;Preisbasis (jeweilige Preise / preisbereinigt);VGRPVK;preisbereinigt, verkettete Volumenang. (Mrd. EUR);WZ08G3;WZ2008: Wirtschaftsbereiche der VGR;WZ08-69-02;Rechts- und Steuerberatung, Unternehmensberatung;...;jew. ME;PRO013;Produktionswert
81000;Volkswirtschaftliche Gesamtrechnungen des Bundes;JAHR;Jahr;2023;DINSG;Deutschland insgesamt;DG;Deutschland;VGRPB5;Preisbasis (jeweilige Preise / preisbereinigt);VGRPVU;preisbereinigt, unverkettete Volumenang.(Mrd. EUR);WZ08G3;WZ2008: Wirtschaftsbereiche der VGR;WZ08-S;Erbringung von sonstigen Dienstleistungen;114,380;jew. ME;PRO013;Produktionswert
81000;Volkswirtschaftliche Gesamtrechnungen des Bundes;JAHR;Jahr;2021;DINSG;Deutschland insgesamt;DG;Deutschland;VGRPB5;Preisbasis (jeweilige Preise / preisbereinigt);VGRPVU;preisbereinigt, unverkettete Volumenang.(Mrd. EUR);WZ08G3;WZ2008: Wirtschaftsbereiche der VGR;WZ08-Q;Gesundheits- und Sozialwesen;430,065;jew. ME;PRO013;Produktionswert
81000;Volkswirtschaftliche Gesamtrechnungen des Bundes;JAHR;Jahr;2023;DINSG;Deutschland insgesamt;DG;Deutschland;VGRPB5;Preisbasis (jeweilige Preise / preisbereinigt);VGRJPM;in jeweiligen Preisen (Mrd. EUR);WZ08G3;WZ2008: Wirtschaftsbereiche der VGR;WZ08-I;Gastgewerbe;137,142;jew. ME;PRO013;Produktionswert
81000;Volkswirtschaftliche Gesamtrechnungen des Bundes;JAHR;Jahr;2022;DINSG;Deutschland insgesamt;DG;Deutschland;VGRPB5;Preisbasis (jeweilige Preise / preisbereinigt);VGRPKM;preisbereinigt, Kettenindex (2020=100);WZ08G3;WZ2008: Wirtschaftsbereiche der VGR;WZ08-T;Private Haushalte;103,160;jew. ME;PRO013;Produktionswert
81000;Volkswirtschaftliche Gesamtrechnungen des Bundes;JAHR;Jahr;2024;DINSG;Deutschland insgesamt;DG;Deutschland;VGRPB5;Preisbasis (jeweilige Preise / preisbereinigt);VGRPVU;preisbereinigt, unverkettete Volumenang.(Mrd. EUR);WZ08G3;WZ2008: Wirtschaftsbereiche der VGR;WZ08-24;Metallerzeugung und -bearbeitung;129,880;jew. ME;PRO013;Produktionswert
81000;Volkswirtschaftliche Gesamtrechnungen des Bundes;JAHR;Jahr;2025;DINSG;Deutschland insgesamt;DG;Deutschland;VGRPB5;Preisbasis (jeweilige Preise / preisbereinigt);VGRJPM;in jeweiligen Preisen (Mrd. EUR);WZ08G3;WZ2008: Wirtschaftsbereiche der VGR;WZ08-94;Interessenvertr., kirchl. u. sonst. Vereinigungen;...;jew. ME;PRO013;Produktionswert
81000;Volkswirtschaftliche Gesamtrechnungen des Bundes;JAHR;Jahr;2023;DINSG;Deutschland insgesamt;DG;Deutschland;VGRPB5;Preisbasis (jeweilige Preise / preisbereinigt);VGRPVK;preisbereinigt, verkettete Volumenang. (Mrd. EUR);WZ08G3;WZ2008: Wirtschaftsbereiche der VGR;WZ08-69-02;Rechts- und Steuerberatung, Unternehmensberatung;255,957;jew. ME;PRO013;Produktionswert
81000;Volkswirtschaftliche Gesamtrechnungen des Bundes;JAHR;Jahr;2022;DINSG;Deutschland insgesamt;DG;Deutschland;VGRPB5;Preisbasis (jeweilige Preise / preisbereinigt);VGRPVU;preisbereinigt, unverkettete Volumenang.(Mrd. EUR);WZ08G3;WZ2008: Wirtschaftsbereiche der VGR;WZ08-69-02;Rechts- und Steuerberatung, Unternehmensberatung;248,753;jew. ME;PRO013;Produktionswert
81000;Volkswirtschaftliche Gesamtrechnungen des Bundes;JAHR;Jahr;2022;DINSG;Deutschland insgesamt;DG;Deutschland;VGRPB5;Preisbasis (jeweilige Preise / preisbereinigt);VGRPVU;preisbereinigt, unverkettete Volumenang.(Mrd. EUR);WZ08G3;WZ2008: Wirtschaftsbereiche der VGR;WZ08-24-01;Metallgewerbe;267,138;jew. ME;PRO013;Produktionswert
81000;Volkswirtschaftliche Gesamtrechnungen des Bundes;JAHR;Jahr;2023;DINSG;Deutschland insgesamt;DG;Deutschland;VGRPB5;Preisbasis (jeweilige Preise / preisbereinigt);VGRPKM;preisbereinigt, Kettenindex (2020=100);WZ08G3;WZ2008: Wirtschaftsbereiche der VGR;WZ08-69-01;Unternehmensnahe Beratungsleistungen;121,800;jew. ME;PRO013;Produktionswert
81000;Volkswirtschaftliche Gesamtrechnungen des Bundes;JAHR;Jahr;2021;DINSG;Deutschland insgesamt;DG;Deutschland;VGRPB5;Preisbasis (jeweilige Preise / preisbereinigt);VGRJPM;in jeweiligen Preisen (Mrd. EUR);WZ08G3;WZ2008: Wirtschaftsbereiche der VGR;WZ08-G;Handel, Instandhaltung und Reparatur von Kfz;650,508;jew. ME;PRO013;Produktionswert
81000;Volkswirtschaftliche Gesamtrechnungen des Bundes;JAHR;Jahr;2025;DINSG;Deutschland insgesamt;DG;Deutschland;VGRPB5;Preisbasis (jeweilige Preise / preisbereinigt);VGRPVK;preisbereinigt, verkettete Volumenang. (Mrd. EUR);WZ08G3;WZ2008: Wirtschaftsbereiche der VGR;WZ08-93;Dienstleistungen d.Sports,d.Unterhaltg.u.Erholung;...;jew. ME;PRO013;Produktionswert
81000;Volkswirtschaftliche Gesamtrechnungen des Bundes;JAHR;Jahr;2022;DINSG;Deutschland insgesamt;DG;Deutschland;VGRPB5;Preisbasis (jeweilige Preise / preisbereinigt);VGRPVK;preisbereinigt, verkettete Volumenang. (Mrd. EUR);WZ08G3;WZ2008: Wirtschaftsbereiche der VGR;WZ08-53;Post-, Kurier- und Expressdienste;64,780;jew. ME;PRO013;Produktionswert
81000;Volkswirtschaftliche Gesamtrechnungen des Bundes;JAHR;Jahr;2025;DINSG;Deutschland insgesamt;DG;Deutschland;VGRPB5;Preisbasis (jeweilige Preise / preisbereinigt);VGRPKM;preisbereinigt, Kettenindex (2020=100);WZ08G3;WZ2008: Wirtschaftsbereiche der VGR;WZ08-45;Kfz-Handel, Instandhaltung und Reparatur von Kfz;...;jew. ME;PRO013;Produktionswert
81000;Volkswirtschaftliche Gesamtrechnungen des Bundes;JAHR;Jahr;2022;DINSG;Deutschland insgesamt;DG;Deutschland;VGRPB5;Preisbasis (jeweilige Preise / preisbereinigt);VGRJPM;in jeweiligen Preisen (Mrd. EUR);WZ08G3;WZ2008: Wirtschaftsbereiche der VGR;WZ08-45;Kfz-Handel, Instandhaltung und Reparatur von Kfz;99,209;jew. ME;PRO013;Produktionswert
81000;Volkswirtschaftliche Gesamtrechnungen des Bundes;JAHR;Jahr;2025;DINSG;Deutschland insgesamt;DG;Deutschland;VGRPB5;Preisbasis (jeweilige Preise / preisbereinigt);VGRPVK;preisbereinigt, verkettete Volumenang. (Mrd. EUR);WZ08G3;WZ2008: Wirtschaftsbereiche der VGR;WZ08-90-01;Kunst und Kultur, Glücksspiel;...;jew. ME;PRO013;Produktionswert
81000;Volkswirtschaftliche Gesamtrechnungen des Bundes;JAHR;Jahr;2025;DINSG;Deutschland insgesamt;DG;Deutschland;VGRPB5;Preisbasis (jeweilige Preise / preisbereinigt);VGRPKM;preisbereinigt, Kettenindex (2020=100);WZ08G3;WZ2008: Wirtschaftsbereiche der VGR;WZ08-P;Erziehung und Unterricht;113,440;jew. ME;PRO013;Produktionswert
81000;Volkswirtschaftliche Gesamtrechnungen des Bundes;JAHR;Jahr;2025;DINSG;Deutschland insgesamt;DG;Deutschland;VGRPB5;Preisbasis (jeweilige Preise / preisbereinigt);VGRJPM;in jeweiligen Preisen (Mrd. EUR);WZ08G3;WZ2008: Wirtschaftsbereiche der VGR;WZ08-M;Freiberufliche, wiss. u. techn. Dienstleistungen;579,659;jew. ME;PRO013;Produktionswert
81000;Volkswirtschaftliche Gesamtrechnungen des Bundes;JAHR;Jahr;2022;DINSG;Deutschland insgesamt;DG;Deutschland;VGRPB5;Preisbasis (jeweilige Preise / preisbereinigt);VGRPVK;preisbereinigt, verkettete Volumenang. (Mrd. EUR);WZ08G3;WZ2008: Wirtschaftsbereiche der VGR;WZ08-66;Mit Finanz- u. Versicherungsdienstl. verb. Tätigk.;45,841;jew. ME;PRO013;Produktionswert
81000;Volkswirtschaftliche Gesamtrechnungen des Bundes;JAHR;Jahr;2021;DINSG;Deutschland insgesamt;DG;Deutschland;VGRPB5;Preisbasis (jeweilige Preise / preisbereinigt);VGRPKM;preisbereinigt, Kettenindex (2020=100);WZ08G3;WZ2008: Wirtschaftsbereiche der VGR;WZ08-78;Vermittlung und Überlassung von Arbeitskräften;112,750;jew. ME;PRO013;Produktionswert
81000;Volkswirtschaftliche Gesamtrechnungen des Bundes;JAHR;Jahr;2025;DINSG;Deutschland insgesamt;DG;Deutschland;VGRPB5;Preisbasis (jeweilige Preise / preisbereinigt);VGRPVK;preisbereinigt, verkettete Volumenang. (Mrd. EUR);WZ08G3;WZ2008: Wirtschaftsbereiche der VGR;WZ08-A;Land- und Forstwirtschaft, Fischerei;59,480;jew. ME;PRO013;Produktionswert
81000;Volkswirtschaftliche Gesamtrechnungen des Bundes;JAHR;Jahr;2024;DINSG;Deutschland insgesamt;DG;Deutschland;VGRPB5;Preisbasis (jeweilige Preise / preisbereinigt);VGRPVK;preisbereinigt, verkettete Volumenang. (Mrd. EUR);WZ08G3;WZ2008: Wirtschaftsbereiche der VGR;WZ08-66;Mit Finanz- u. Versicherungsdienstl. verb. Tätigk.;44,647;jew. ME;PRO013;Produktionswert
81000;Volkswirtschaftliche Gesamtrechnungen des Bundes;JAHR;Jahr;2025;DINSG;Deutschland insgesamt;DG;Deutschland;VGRPB5;Preisbasis (jeweilige Preise / preisbereinigt);VGRPVK;preisbereinigt, verkettete Volumenang. (Mrd. EUR);WZ08G3;WZ2008: Wirtschaftsbereiche der VGR;WZ08-27;Herstellung von elektrischen Ausrüstungen;...;jew. ME;PRO013;Produktionswert
81000;Volkswirtschaftliche Gesamtrechnungen des Bundes;JAHR;Jahr;2023;DINSG;Deutschland insgesamt;DG;Deutschland;VGRPB5;Preisbasis (jeweilige Preise / preisbereinigt);VGRPVK;preisbereinigt, verkettete Volumenang. (Mrd. EUR);WZ08G3;WZ2008: Wirtschaftsbereiche der VGR;WZ08-58-01;Verlagswesen, audiovisuelle Medien und Rundfunk;61,180;jew. ME;PRO013;Produktionswert
81000;Volkswirtschaftliche Gesamtrechnungen des Bundes;JAHR;Jahr;2025;DINSG;Deutschland insgesamt;DG;Deutschland;VGRPB5;Preisbasis (jeweilige Preise / preisbereinigt);VGRPVU;preisbereinigt, unverkettete Volumenang.(Mrd. EUR);WZ08G3;WZ2008: Wirtschaftsbereiche der VGR;WZ08-F;Baugewerbe;460,654;jew. ME;PRO013;Produktionswert
81000;Volkswirtschaftliche Gesamtrechnungen des Bundes;JAHR;Jahr;2023;DINSG;Deutschland insgesamt;DG;Deutschland;VGRPB5;Preisbasis (jeweilige Preise / preisbereinigt);VGRPKM;preisbereinigt, Kettenindex (2020=100);WZ08G3;WZ2008: Wirtschaftsbereiche der VGR;WZ08-62-01;IT- und Informationsdienstleister;137,830;jew. ME;PRO013;Produktionswert
81000;Volkswirtschaftliche Gesamtrechnungen des Bundes;JAHR;Jahr;2025;DINSG;Deutschland insgesamt;DG;Deutschland;VGRPB5;Preisbasis (jeweilige Preise / preisbereinigt);VGRPVK;preisbereinigt, verkettete Volumenang. (Mrd. EUR);WZ08G3;WZ2008: Wirtschaftsbereiche der VGR;WZ08-R;Kunst, Unterhaltung und Erholung;73,254;jew. ME;PRO013;Produktionswert
81000;Volkswirtschaftliche Gesamtrechnungen des Bundes;JAHR;Jahr;2024;DINSG;Deutschland insgesamt;DG;Deutschland;VGRPB5;Preisbasis (jeweilige Preise / preisbereinigt);VGRPVK;preisbereinigt, verkettete Volumenang. (Mrd. EUR);WZ08G3;WZ2008: Wirtschaftsbereiche der VGR;WZ08-A-02;Alle Wirtschaftsbereiche;6843,832;jew. ME;PRO013;Produktionswert
81000;Volkswirtschaftliche Gesamtrechnungen des Bundes;JAHR;Jahr;2023;DINSG;Deutschland insgesamt;DG;Deutschland;VGRPB5;Preisbasis (jeweilige Preise / preisbereinigt);VGRPVK;preisbereinigt, verkettete Volumenang. (Mrd. EUR);WZ08G3;WZ2008: Wirtschaftsbereiche der VGR;WZ08-P;Erziehung und Unterricht;222,017;jew. ME;PRO013;Produktionswert
81000;Volkswirtschaftliche Gesamtrechnungen des Bundes;JAHR;Jahr;2021;DINSG;Deutschland insgesamt;DG;Deutschland;VGRPB5;Preisbasis (jeweilige Preise / preisbereinigt);VGRPVK;preisbereinigt, verkettete Volumenang. (Mrd. EUR);WZ08G3;WZ2008: Wirtschaftsbereiche der VGR;WZ08-16;H.v. Holz-, Flecht-, Korb-u.Korkwaren (ohne Möbel);25,682;jew. ME;PRO013;Produktionswert
81000;Volkswirtschaftliche Gesamtrechnungen des Bundes;JAHR;Jahr;2023;DINSG;Deutschland insgesamt;DG;Deutschland;VGRPB5;Preisbasis (jeweilige Preise / preisbereinigt);VGRPVK;preisbereinigt, verkettete Volumenang. (Mrd. EUR);WZ08G3;WZ2008: Wirtschaftsbereiche der VGR;WZ08-16;H.v. Holz-, Flecht-, Korb-u.Korkwaren (ohne Möbel);23,986;jew. ME;PRO013;Produktionswert
81000;Volkswirtschaftliche Gesamtrechnungen des Bundes;JAHR;Jahr;2022;DINSG;Deutschland insgesamt;DG;Deutschland;VGRPB5;Preisbasis (jeweilige Preise / preisbereinigt);VGRJPM;in jeweiligen Preisen (Mrd. EUR);WZ08G3;WZ2008: Wirtschaftsbereiche der VGR;WZ08-G-01;Handel, Verkehr, Gastgewerbe;1350,001;jew. ME;PRO013;Produktionswert
81000;Volkswirtschaftliche Gesamtrechnungen des Bundes;JAHR;Jahr;2024;DINSG;Deutschland insgesamt;DG;Deutschland;VGRPB5;Preisbasis (jeweilige Preise / preisbereinigt);VGRPKM;preisbereinigt, Kettenindex (2020=100);WZ08G3;WZ2008: Wirtschaftsbereiche der VGR;WZ08-G;Handel, Instandhaltung und Reparatur von Kfz;100,090;jew. ME;PRO013;Produktionswert
81000;Volkswirtschaftliche Gesamtrechnungen des Bundes;JAHR;Jahr;2021;DINSG;Deutschland insgesamt;DG;Deutschland;VGRPB5;Preisbasis (jeweilige Preise / preisbereinigt);VGRPKM;preisbereinigt, Kettenindex (2020=100);WZ08G3;WZ2008: Wirtschaftsbereiche der VGR;WZ08-21;Herstellung von pharmazeutischen Erzeugnissen;111,150;jew. ME;PRO013;Produktionswert
81000;Volkswirtschaftliche Gesamtrechnungen des Bundes;JAHR;Jahr;2022;DINSG;Deutschland insgesamt;DG;Deutschland;VGRPB5;Preisbasis (jeweilige Preise / preisbereinigt);VGRPVU;preisbereinigt, unverkettete Volumenang.(Mrd. EUR);WZ08G3;WZ2008: Wirtschaftsbereiche der VGR;WZ08-90-01;Kunst und Kultur, Glücksspiel;37,259;jew. ME;PRO013;Produktionswert
81000;Volkswirtschaftliche Gesamtrechnungen des Bundes;JAHR;Jahr;2024;DINSG;Deutschland insgesamt;DG;Deutschland;VGRPB5;Preisbasis (jeweilige Preise / preisbereinigt);VGRPVU;preisbereinigt, unverkettete Volumenang.(Mrd. EUR);WZ08G3;WZ2008: Wirtschaftsbereiche der VGR;WZ08-90-01;Kunst und Kultur, Glücksspiel;41,530;jew. ME;PRO013;Produktionswert
81000;Volkswirtschaftliche Gesamtrechnungen des Bundes;JAHR;Jahr;2025;DINSG;Deutschland insgesamt;DG;Deutschland;VGRPB5;Preisbasis (jeweilige Preise / preisbereinigt);VGRPKM;preisbereinigt, Kettenindex (2020=100);WZ08G3;WZ2008: Wirtschaftsbereiche der VGR;WZ08-62-01;IT- und Informationsdienstleister;...;jew. ME;PRO013;Produktionswert
81000;Volkswirtschaftliche Gesamtrechnungen des Bundes;JAHR;Jahr;2021;DINSG;Deutschland insgesamt;DG;Deutschland;VGRPB5;Preisbasis (jeweilige Preise / preisbereinigt);VGRPKM;preisbereinigt, Kettenindex (2020=100);WZ08G3;WZ2008: Wirtschaftsbereiche der VGR;WZ08-A;Land- und Forstwirtschaft, Fischerei;105,040;jew. ME;PRO013;Produktionswert
81000;Volkswirtschaftliche Gesamtrechnungen des Bundes;JAHR;Jahr;2022;DINSG;Deutschland insgesamt;DG;Deutschland;VGRPB5;Preisbasis (jeweilige Preise / preisbereinigt);VGRPVK;preisbereinigt, verkettete Volumenang. (Mrd. EUR);WZ08G3;WZ2008: Wirtschaftsbereiche der VGR;WZ08-62-01;IT- und Informationsdienstleister;218,971;jew. ME;PRO013;Produktionswert
81000;Volkswirtschaftliche Gesamtrechnungen des Bundes;JAHR;Jahr;2021;DINSG;Deutschland insgesamt;DG;Deutschland;VGRPB5;Preisbasis (jeweilige Preise / preisbereinigt);VGRPVU;preisbereinigt, unverkettete Volumenang.(Mrd. EUR);WZ08G3;WZ2008: Wirtschaftsbereiche der VGR;WZ08-94;Interessenvertr., kirchl. u. sonst. Vereinigungen;45,593;jew. ME;PRO013;Produktionswert
81000;Volkswirtschaftliche Gesamtrechnungen des Bundes;JAHR;Jahr;2025;DINSG;Deutschland insgesamt;DG;Deutschland;VGRPB5;Preisbasis (jeweilige Preise / preisbereinigt);VGRPKM;preisbereinigt, Kettenindex (2020=100);WZ08G3;WZ2008: Wirtschaftsbereiche der VGR;WZ08-16-01;H.v. Holzwaren, Papier und Druckerzeugnissen;...;jew. ME;PRO013;Produktionswert
81000;Volkswirtschaftliche Gesamtrechnungen des Bundes;JAHR;Jahr;2025;DINSG;Deutschland insgesamt;DG;Deutschland;VGRPB5;Preisbasis (jeweilige Preise / preisbereinigt);VGRPVU;preisbereinigt, unverkettete Volumenang.(Mrd. EUR);WZ08G3;WZ2008: Wirtschaftsbereiche der VGR;WZ08-26;H.v. DV-Geräten, elektron. u. opt. Erzeugnissen;...;jew. ME;PRO013;Produktionswert
81000;Volkswirtschaftliche Gesamtrechnungen des Bundes;JAHR;Jahr;2023;DINSG;Deutschland insgesamt;DG;Deutschland;VGRPB5;Preisbasis (jeweilige Preise / preisbereinigt);VGRJPM;in jeweiligen Preisen (Mrd. EUR);WZ08G3;WZ2008: Wirtschaftsbereiche der VGR;WZ08-30;Sonstiger Fahrzeugbau;60,918;jew. ME;PRO013;Produktionswert
81000;Volkswirtschaftliche Gesamtrechnungen des Bundes;JAHR;Jahr;2021;DINSG;Deutschland insgesamt;DG;Deutschland;VGRPB5;Preisbasis (jeweilige Preise / preisbereinigt);VGRJPM;in jeweiligen Preisen (Mrd. EUR);WZ08G3;WZ2008: Wirtschaftsbereiche der VGR;WZ08-78;Vermittlung und Überlassung von Arbeitskräften;38,018;jew. ME;PRO013;Produktionswert
81000;Volkswirtschaftliche Gesamtrechnungen des Bundes;JAHR;Jahr;2025;DINSG;Deutschland insgesamt;DG;Deutschland;VGRPB5;Preisbasis (jeweilige Preise / preisbereinigt);VGRPKM;preisbereinigt, Kettenindex (2020=100);WZ08G3;WZ2008: Wirtschaftsbereiche der VGR;WZ08-50;Schifffahrt;...;jew. ME;PRO013;Produktionswert
81000;Volkswirtschaftliche Gesamtrechnungen des Bundes;JAHR;Jahr;2025;DINSG;Deutschland insgesamt;DG;Deutschland;VGRPB5;Preisbasis (jeweilige Preise / preisbereinigt);VGRPKM;preisbereinigt, Kettenindex (2020=100);WZ08G3;WZ2008: Wirtschaftsbereiche der VGR;WZ08-M-02;Unternehmensdienstleister;124,340;jew. ME;PRO013;Produktionswert
81000;Volkswirtschaftliche Gesamtrechnungen des Bundes;JAHR;Jahr;2022;DINSG;Deutschland insgesamt;DG;Deutschland;VGRPB5;Preisbasis (jeweilige Preise / preisbereinigt);VGRPVU;preisbereinigt, unverkettete Volumenang.(Mrd. EUR);WZ08G3;WZ2008: Wirtschaftsbereiche der VGR;WZ08-B-05;Produzierendes Gewerbe;2673,716;jew. ME;PRO013;Produktionswert
81000;Volkswirtschaftliche Gesamtrechnungen des Bundes;JAHR;Jahr;2021;DINSG;Deutschland insgesamt;DG;Deutschland;VGRPB5;Preisbasis (jeweilige Preise / preisbereinigt);VGRPVK;preisbereinigt, verkettete Volumenang. (Mrd. EUR);WZ08G3;WZ2008: Wirtschaftsbereiche der VGR;WZ08-64;Erbringung von Finanzdienstleistungen;151,918;jew. ME;PRO013;Produktionswert
81000;Volkswirtschaftliche Gesamtrechnungen des Bundes;JAHR;Jahr;2025;DINSG;Deutschland insgesamt;DG;Deutschland;VGRPB5;Preisbasis (jeweilige Preise / preisbereinigt);VGRJPM;in jeweiligen Preisen (Mrd. EUR);WZ08G3;WZ2008: Wirtschaftsbereiche der VGR;WZ08-31-01;Möbelherstellung, Installation von Maschinen;...;jew. ME;PRO013;Produktionswert
81000;Volkswirtschaftliche Gesamtrechnungen des Bundes;JAHR;Jahr;2024;DINSG;Deutschland insgesamt;DG;Deutschland;VGRPB5;Preisbasis (jeweilige Preise / preisbereinigt);VGRPVK;preisbereinigt, verkettete Volumenang. (Mrd. EUR);WZ08G3;WZ2008: Wirtschaftsbereiche der VGR;WZ08-A;Land- und Forstwirtschaft, Fischerei;58,659;jew. ME;PRO013;Produktionswert
81000;Volkswirtschaftliche Gesamtrechnungen des Bundes;JAHR;Jahr;2022;DINSG;Deutschland insgesamt;DG;Deutschland;VGRPB5;Preisbasis (jeweilige Preise / preisbereinigt);VGRPKM;preisbereinigt, Kettenindex (2020=100);WZ08G3;WZ2008: Wirtschaftsbereiche der VGR;WZ08-30;Sonstiger Fahrzeugbau;106,050;jew. ME;PRO013;Produktionswert
81000;Volkswirtschaftliche Gesamtrechnungen des Bundes;JAHR;Jahr;2025;DINSG;Deutschland insgesamt;DG;Deutschland;VGRPB5;Preisbasis (jeweilige Preise / preisbereinigt);VGRPVK;preisbereinigt, verkettete Volumenang. (Mrd. EUR);WZ08G3;WZ2008: Wirtschaftsbereiche der VGR;WZ08-B-18;Produzierendes Gewerbe ohne Baugewerbe;2102,726;jew. ME;PRO013;Produktionswert
81000;Volkswirtschaftliche Gesamtrechnungen des Bundes;JAHR;Jahr;2023;DINSG;Deutschland insgesamt;DG;Deutschland;VGRPB5;Preisbasis (jeweilige Preise / preisbereinigt);VGRJPM;in jeweiligen Preisen (Mrd. EUR);WZ08G3;WZ2008: Wirtschaftsbereiche der VGR;WZ08-90-01;Kunst und Kultur, Glücksspiel;40,201;jew. ME;PRO013;Produktionswert
81000;Volkswirtschaftliche Gesamtrechnungen des Bundes;JAHR;Jahr;2024;DINSG;Deutschland insgesamt;DG;Deutschland;VGRPB5;Preisbasis (jeweilige Preise / preisbereinigt);VGRPVU;preisbereinigt, unverkettete Volumenang.(Mrd. EUR);WZ08G3;WZ2008: Wirtschaftsbereiche der VGR;WZ08-F;Baugewerbe;452,977;jew. ME;PRO013;Produktionswert
81000;Volkswirtschaftliche Gesamtrechnungen des Bundes;JAHR;Jahr;2021;DINSG;Deutschland insgesamt;DG;Deutschland;VGRPB5;Preisbasis (jeweilige Preise / preisbereinigt);VGRPVK;preisbereinigt, verkettete Volumenang. (Mrd. EUR);WZ08G3;WZ2008: Wirtschaftsbereiche der VGR;WZ08-86;Gesundheitswesen;284,611;jew. ME;PRO013;Produktionswert
81000;Volkswirtschaftliche Gesamtrechnungen des Bundes;JAHR;Jahr;2025;DINSG;Deutschland insgesamt;DG;Deutschland;VGRPB5;Preisbasis (jeweilige Preise / preisbereinigt);VGRJPM;in jeweiligen Preisen (Mrd. EUR);WZ08G3;WZ2008: Wirtschaftsbereiche der VGR;WZ08-E;Wasserversorg.,Entsorg.,Beseitig.v.Umweltverschm.;99,844;jew. ME;PRO013;Produktionswert
81000;Volkswirtschaftliche Gesamtrechnungen des Bundes;JAHR;Jahr;2022;DINSG;Deutschland insgesamt;DG;Deutschland;VGRPB5;Preisbasis (jeweilige Preise / preisbereinigt);VGRPVK;preisbereinigt, verkettete Volumenang. (Mrd. EUR);WZ08G3;WZ2008: Wirtschaftsbereiche der VGR;WZ08-16-01;H.v. Holzwaren, Papier und Druckerzeugnissen;78,692;jew. ME;PRO013;Produktionswert
81000;Volkswirtschaftliche Gesamtrechnungen des Bundes;JAHR;Jahr;2024;DINSG;Deutschland insgesamt;DG;Deutschland;VGRPB5;Preisbasis (jeweilige Preise / preisbereinigt);VGRPKM;preisbereinigt, Kettenindex (2020=100);WZ08G3;WZ2008: Wirtschaftsbereiche der VGR;WZ08-T;Private Haushalte;111,030;jew. ME;PRO013;Produktionswert
81000;Volkswirtschaftliche Gesamtrechnungen des Bundes;JAHR;Jahr;2023;DINSG;Deutschland insgesamt;DG;Deutschland;VGRPB5;Preisbasis (jeweilige Preise / preisbereinigt);VGRPVK;preisbereinigt, verkettete Volumenang. (Mrd. EUR);WZ08G3;WZ2008: Wirtschaftsbereiche der VGR;WZ08-24-01;Metallgewerbe;231,600;jew. ME;PRO013;Produktionswert
81000;Volkswirtschaftliche Gesamtrechnungen des Bundes;JAHR;Jahr;2024;DINSG;Deutschland insgesamt;DG;Deutschland;VGRPB5;Preisbasis (jeweilige Preise / preisbereinigt);VGRPVK;preisbereinigt, verkettete Volumenang. (Mrd. EUR);WZ08G3;WZ2008: Wirtschaftsbereiche der VGR;WZ08-R;Kunst, Unterhaltung und Erholung;73,132;jew. ME;PRO013;Produktionswert
81000;Volkswirtschaftliche Gesamtrechnungen des Bundes;JAHR;Jahr;2025;DINSG;Deutschland insgesamt;DG;Deutschland;VGRPB5;Preisbasis (jeweilige Preise / preisbereinigt);VGRJPM;in jeweiligen Preisen (Mrd. EUR);WZ08G3;WZ2008: Wirtschaftsbereiche der VGR;WZ08-50;Schifffahrt;...;jew. ME;PRO013;Produktionswert
81000;Volkswirtschaftliche Gesamtrechnungen des Bundes;JAHR;Jahr;2021;DINSG;Deutschland insgesamt;DG;Deutschland;VGRPB5;Preisbasis (jeweilige Preise / preisbereinigt);VGRJPM;in jeweiligen Preisen (Mrd. EUR);WZ08G3;WZ2008: Wirtschaftsbereiche der VGR;WZ08-43;Vorb.Baustellenarbeiten, Bauinstall., sonst.Ausbau;248,281;jew. ME;PRO013;Produktionswert
81000;Volkswirtschaftliche Gesamtrechnungen des Bundes;JAHR;Jahr;2024;DINSG;Deutschland insgesamt;DG;Deutschland;VGRPB5;Preisbasis (jeweilige Preise / preisbereinigt);VGRJPM;in jeweiligen Preisen (Mrd. EUR);WZ08G3;WZ2008: Wirtschaftsbereiche der VGR;WZ08-41;Hochbau;91,233;jew. ME;PRO013;Produktionswert
81000;Volkswirtschaftliche Gesamtrechnungen des Bundes;JAHR;Jahr;2025;DINSG;Deutschland insgesamt;DG;Deutschland;VGRPB5;Preisbasis (jeweilige Preise / preisbereinigt);VGRJPM;in jeweiligen Preisen (Mrd. EUR);WZ08G3;WZ2008: Wirtschaftsbereiche der VGR;WZ08-74-01;Freiberufl.,wiss.,techn.DL a.n.g., Veterinärwesen;...;jew. ME;PRO013;Produktionswert
81000;Volkswirtschaftliche Gesamtrechnungen des Bundes;JAHR;Jahr;2021;DINSG;Deutschland insgesamt;DG;Deutschland;VGRPB5;Preisbasis (jeweilige Preise / preisbereinigt);VGRPKM;preisbereinigt, Kettenindex (2020=100);WZ08G3;WZ2008: Wirtschaftsbereiche der VGR;WZ08-43;Vorb.Baustellenarbeiten, Bauinstall., sonst.Ausbau;95,590;jew. ME;PRO013;Produktionswert
81000;Volkswirtschaftliche Gesamtrechnungen des Bundes;JAHR;Jahr;2025;DINSG;Deutschland insgesamt;DG;Deutschland;VGRPB5;Preisbasis (jeweilige Preise / preisbereinigt);VGRPVU;preisbereinigt, unverkettete Volumenang.(Mrd. EUR);WZ08G3;WZ2008: Wirtschaftsbereiche der VGR;WZ08-13-01;Textil- und Bekleidungsgewerbe;...;jew. ME;PRO013;Produktionswert
81000;Volkswirtschaftliche Gesamtrechnungen des Bundes;JAHR;Jahr;2023;DINSG;Deutschland insgesamt;DG;Deutschland;VGRPB5;Preisbasis (jeweilige Preise / preisbereinigt);VGRPVU;preisbereinigt, unverkettete Volumenang.(Mrd. EUR);WZ08G3;WZ2008: Wirtschaftsbereiche der VGR;WZ08-17;Herstellung von Papier, Pappe und Waren daraus;45,124;jew. ME;PRO013;Produktionswert
81000;Volkswirtschaftliche Gesamtrechnungen des Bundes;JAHR;Jahr;2024;DINSG;Deutschland insgesamt;DG;Deutschland;VGRPB5;Preisbasis (jeweilige Preise / preisbereinigt);VGRPVU;preisbereinigt, unverkettete Volumenang.(Mrd. EUR);WZ08G3;WZ2008: Wirtschaftsbereiche der VGR;WZ08-M-02;Unternehmensdienstleister;915,283;jew. ME;PRO013;Produktionswert
81000;Volkswirtschaftliche Gesamtrechnungen des Bundes;JAHR;Jahr;2025;DINSG;Deutschland insgesamt;DG;Deutschland;VGRPB5;Preisbasis (jeweilige Preise / preisbereinigt);VGRPVK;preisbereinigt, verkettete Volumenang. (Mrd. EUR);WZ08G3;WZ2008: Wirtschaftsbereiche der VGR;WZ08-87-01;Heime und Sozialwesen;...;jew. ME;PRO013;Produktionswert
81000;Volkswirtschaftliche Gesamtrechnungen des Bundes;JAHR;Jahr;2023;DINSG;Deutschland insgesamt;DG;Deutschland;VGRPB5;Preisbasis (jeweilige Preise / preisbereinigt);VGRPKM;preisbereinigt, Kettenindex (2020=100);WZ08G3;WZ2008: Wirtschaftsbereiche der VGR;WZ08-41;Hochbau;73,900;jew. ME;PRO013;Produktionswert
81000;Volkswirtschaftliche Gesamtrechnungen des Bundes;JAHR;Jahr;2023;DINSG;Deutschland insgesamt;DG;Deutschland;VGRPB5;Preisbasis (jeweilige Preise / preisbereinigt);VGRPKM;preisbereinigt, Kettenindex (2020=100);WZ08G3;WZ2008: Wirtschaftsbereiche der VGR;WZ08-C;Verarbeitendes Gewerbe;106,740;jew. ME;PRO013;Produktionswert
81000;Volkswirtschaftliche Gesamtrechnungen des Bundes;JAHR;Jahr;2021;DINSG;Deutschland insgesamt;DG;Deutschland;VGRPB5;Preisbasis (jeweilige Preise / preisbereinigt);VGRPVU;preisbereinigt, unverkettete Volumenang.(Mrd. EUR);WZ08G3;WZ2008: Wirtschaftsbereiche der VGR;WZ08-19;Kokerei und Mineralölverarbeitung;49,323;jew. ME;PRO013;Produktionswert
81000;Volkswirtschaftliche Gesamtrechnungen des Bundes;JAHR;Jahr;2023;DINSG;Deutschland insgesamt;DG;Deutschland;VGRPB5;Preisbasis (jeweilige Preise / preisbereinigt);VGRPVK;preisbereinigt, verkettete Volumenang. (Mrd. EUR);WZ08G3;WZ2008: Wirtschaftsbereiche der VGR;WZ08-51;Luftfahrt;34,497;jew. ME;PRO013;Produktionswert
81000;Volkswirtschaftliche Gesamtrechnungen des Bundes;JAHR;Jahr;2021;DINSG;Deutschland insgesamt;DG;Deutschland;VGRPB5;Preisbasis (jeweilige Preise / preisbereinigt);VGRPVU;preisbereinigt, unverkettete Volumenang.(Mrd. EUR);WZ08G3;WZ2008: Wirtschaftsbereiche der VGR;WZ08-72;Forschung und Entwicklung;56,634;jew. ME;PRO013;Produktionswert
81000;Volkswirtschaftliche Gesamtrechnungen des Bundes;JAHR;Jahr;2022;DINSG;Deutschland insgesamt;DG;Deutschland;VGRPB5;Preisbasis (jeweilige Preise / preisbereinigt);VGRPKM;preisbereinigt, Kettenindex (2020=100);WZ08G3;WZ2008: Wirtschaftsbereiche der VGR;WZ08-C;Verarbeitendes Gewerbe;108,210;jew. ME;PRO013;Produktionswert
81000;Volkswirtschaftliche Gesamtrechnungen des Bundes;JAHR;Jahr;2022;DINSG;Deutschland insgesamt;DG;Deutschland;VGRPB5;Preisbasis (jeweilige Preise / preisbereinigt);VGRJPM;in jeweiligen Preisen (Mrd. EUR);WZ08G3;WZ2008: Wirtschaftsbereiche der VGR;WZ08-69-01;Unternehmensnahe Beratungsleistungen;373,948;jew. ME;PRO013;Produktionswert
81000;Volkswirtschaftliche Gesamtrechnungen des Bundes;JAHR;Jahr;2022;DINSG;Deutschland insgesamt;DG;Deutschland;VGRPB5;Preisbasis (jeweilige Preise / preisbereinigt);VGRPVU;preisbereinigt, unverkettete Volumenang.(Mrd. EUR);WZ08G3;WZ2008: Wirtschaftsbereiche der VGR;WZ08-28;Maschinenbau;275,931;jew. ME;PRO013;Produktionswert
81000;Volkswirtschaftliche Gesamtrechnungen des Bundes;JAHR;Jahr;2022;DINSG;Deutschland insgesamt;DG;Deutschland;VGRPB5;Preisbasis (jeweilige Preise / preisbereinigt);VGRPVU;preisbereinigt, unverkettete Volumenang.(Mrd. EUR);WZ08G3;WZ2008: Wirtschaftsbereiche der VGR;WZ08-31-01;Möbelherstellung, Installation von Maschinen;114,832;jew. ME;PRO013;Produktionswert
81000;Volkswirtschaftliche Gesamtrechnungen des Bundes;JAHR;Jahr;2021;DINSG;Deutschland insgesamt;DG;Deutschland;VGRPB5;Preisbasis (jeweilige Preise / preisbereinigt);VGRPKM;preisbereinigt, Kettenindex (2020=100);WZ08G3;WZ2008: Wirtschaftsbereiche der VGR;WZ08-30;Sonstiger Fahrzeugbau;93,950;jew. ME;PRO013;Produktionswert
81000;Volkswirtschaftliche Gesamtrechnungen des Bundes;JAHR;Jahr;2024;DINSG;Deutschland insgesamt;DG;Deutschland;VGRPB5;Preisbasis (jeweilige Preise / preisbereinigt);VGRPVU;preisbereinigt, unverkettete Volumenang.(Mrd. EUR);WZ08G3;WZ2008: Wirtschaftsbereiche der VGR;WZ08-28;Maschinenbau;309,187;jew. ME;PRO013;Produktionswert
81000;Volkswirtschaftliche Gesamtrechnungen des Bundes;JAHR;Jahr;2024;DINSG;Deutschland insgesamt;DG;Deutschland;VGRPB5;Preisbasis (jeweilige Preise / preisbereinigt);VGRPKM;preisbereinigt, Kettenindex (2020=100);WZ08G3;WZ2008: Wirtschaftsbereiche der VGR;WZ08-96;Sonstige überwiegend persönliche Dienstleistungen;131,590;jew. ME;PRO013;Produktionswert
81000;Volkswirtschaftliche Gesamtrechnungen des Bundes;JAHR;Jahr;2023;DINSG;Deutschland insgesamt;DG;Deutschland;VGRPB5;Preisbasis (jeweilige Preise / preisbereinigt);VGRPVU;preisbereinigt, unverkettete Volumenang.(Mrd. EUR);WZ08G3;WZ2008: Wirtschaftsbereiche der VGR;WZ08-59-01;Audiovisuelle Medien und Rundfunk;39,779;jew. ME;PRO013;Produktionswert
81000;Volkswirtschaftliche Gesamtrechnungen des Bundes;JAHR;Jahr;2025;DINSG;Deutschland insgesamt;DG;Deutschland;VGRPB5;Preisbasis (jeweilige Preise / preisbereinigt);VGRPKM;preisbereinigt, Kettenindex (2020=100);WZ08G3;WZ2008: Wirtschaftsbereiche der VGR;WZ08-72;Forschung und Entwicklung;...;jew. ME;PRO013;Produktionswert
81000;Volkswirtschaftliche Gesamtrechnungen des Bundes;JAHR;Jahr;2022;DINSG;Deutschland insgesamt;DG;Deutschland;VGRPB5;Preisbasis (jeweilige Preise / preisbereinigt);VGRJPM;in jeweiligen Preisen (Mrd. EUR);WZ08G3;WZ2008: Wirtschaftsbereiche der VGR;WZ08-T;Private Haushalte;8,526;jew. ME;PRO013;Produktionswert
81000;Volkswirtschaftliche Gesamtrechnungen des Bundes;JAHR;Jahr;2022;DINSG;Deutschland insgesamt;DG;Deutschland;VGRPB5;Preisbasis (jeweilige Preise / preisbereinigt);VGRPVK;preisbereinigt, verkettete Volumenang. (Mrd. EUR);WZ08G3;WZ2008: Wirtschaftsbereiche der VGR;WZ08-P;Erziehung und Unterricht;215,984;jew. ME;PRO013;Produktionswert
81000;Volkswirtschaftliche Gesamtrechnungen des Bundes;JAHR;Jahr;2023;DINSG;Deutschland insgesamt;DG;Deutschland;VGRPB5;Preisbasis (jeweilige Preise / preisbereinigt);VGRPVK;preisbereinigt, verkettete Volumenang. (Mrd. EUR);WZ08G3;WZ2008: Wirtschaftsbereiche der VGR;WZ08-86;Gesundheitswesen;279,867;jew. ME;PRO013;Produktionswert
81000;Volkswirtschaftliche Gesamtrechnungen des Bundes;JAHR;Jahr;2024;DINSG;Deutschland insgesamt;DG;Deutschland;VGRPB5;Preisbasis (jeweilige Preise / preisbereinigt);VGRJPM;in jeweiligen Preisen (Mrd. EUR);WZ08G3;WZ2008: Wirtschaftsbereiche der VGR;WZ08-62-01;IT- und Informationsdienstleister;268,544;jew. ME;PRO013;Produktionswert
81000;Volkswirtschaftliche Gesamtrechnungen des Bundes;JAHR;Jahr;2022;DINSG;Deutschland insgesamt;DG;Deutschland;VGRPB5;Preisbasis (jeweilige Preise / preisbereinigt);VGRJPM;in jeweiligen Preisen (Mrd. EUR);WZ08G3;WZ2008: Wirtschaftsbereiche der VGR;WZ08-C;Verarbeitendes Gewerbe;2354,914;jew. ME;PRO013;Produktionswert
81000;Volkswirtschaftliche Gesamtrechnungen des Bundes;JAHR;Jahr;2023;DINSG;Deutschland insgesamt;DG;Deutschland;VGRPB5;Preisbasis (jeweilige Preise / preisbereinigt);VGRPVU;preisbereinigt, unverkettete Volumenang.(Mrd. EUR);WZ08G3;WZ2008: Wirtschaftsbereiche der VGR;WZ08-F;Baugewerbe;422,314;jew. ME;PRO013;Produktionswert
81000;Volkswirtschaftliche Gesamtrechnungen des Bundes;JAHR;Jahr;2022;DINSG;Deutschland insgesamt;DG;Deutschland;VGRPB5;Preisbasis (jeweilige Preise / preisbereinigt);VGRPVK;preisbereinigt, verkettete Volumenang. (Mrd. EUR);WZ08G3;WZ2008: Wirtschaftsbereiche der VGR;WZ08-69-01;Unternehmensnahe Beratungsleistungen;355,012;jew. ME;PRO013;Produktionswert
81000;Volkswirtschaftliche Gesamtrechnungen des Bundes;JAHR;Jahr;2024;DINSG;Deutschland insgesamt;DG;Deutschland;VGRPB5;Preisbasis (jeweilige Preise / preisbereinigt);VGRJPM;in jeweiligen Preisen (Mrd. EUR);WZ08G3;WZ2008: Wirtschaftsbereiche der VGR;WZ08-E;Wasserversorg.,Entsorg.,Beseitig.v.Umweltverschm.;96,433;jew. ME;PRO013;Produktionswert
81000;Volkswirtschaftliche Gesamtrechnungen des Bundes;JAHR;Jahr;2023;DINSG;Deutschland insgesamt;DG;Deutschland;VGRPB5;Preisbasis (jeweilige Preise / preisbereinigt);VGRPKM;preisbereinigt, Kettenindex (2020=100);WZ08G3;WZ2008: Wirtschaftsbereiche der VGR;WZ08-T;Private Haushalte;108,630;jew. ME;PRO013;Produktionswert
81000;Volkswirtschaftliche Gesamtrechnungen des Bundes;JAHR;Jahr;2025;DINSG;Deutschland insgesamt;DG;Deutschland;VGRPB5;Preisbasis (jeweilige Preise / preisbereinigt);VGRJPM;in jeweiligen Preisen (Mrd. EUR);WZ08G3;WZ2008: Wirtschaftsbereiche der VGR;WZ08-72;Forschung und Entwicklung;...;jew. ME;PRO013;Produktionswert
81000;Volkswirtschaftliche Gesamtrechnungen des Bundes;JAHR;Jahr;2023;DINSG;Deutschland insgesamt;DG;Deutschland;VGRPB5;Preisbasis (jeweilige Preise / preisbereinigt);VGRJPM;in jeweiligen Preisen (Mrd. EUR);WZ08G3;WZ2008: Wirtschaftsbereiche der VGR;WZ08-65;Versicherungen, Rückversicherungen, Pensionskassen;115,700;jew. ME;PRO013;Produktionswert
81000;Volkswirtschaftliche Gesamtrechnungen des Bundes;JAHR;Jahr;2021;DINSG;Deutschland insgesamt;DG;Deutschland;VGRPB5;Preisbasis (jeweilige Preise / preisbereinigt);VGRPKM;preisbereinigt, Kettenindex (2020=100);WZ08G3;WZ2008: Wirtschaftsbereiche der VGR;WZ08-R;Kunst, Unterhaltung und Erholung;97,750;jew. ME;PRO013;Produktionswert
81000;Volkswirtschaftliche Gesamtrechnungen des Bundes;JAHR;Jahr;2023;DINSG;Deutschland insgesamt;DG;Deutschland;VGRPB5;Preisbasis (jeweilige Preise / preisbereinigt);VGRPVU;preisbereinigt, unverkettete Volumenang.(Mrd. EUR);WZ08G3;WZ2008: Wirtschaftsbereiche der VGR;WZ08-69-01;Unternehmensnahe Beratungsleistungen;394,901;jew. ME;PRO013;Produktionswert
81000;Volkswirtschaftliche Gesamtrechnungen des Bundes;JAHR;Jahr;2021;DINSG;Deutschland insgesamt;DG;Deutschland;VGRPB5;Preisbasis (jeweilige Preise / preisbereinigt);VGRJPM;in jeweiligen Preisen (Mrd. EUR);WZ08G3;WZ2008: Wirtschaftsbereiche der VGR;WZ08-B-18;Produzierendes Gewerbe ohne Baugewerbe;2273,172;jew. ME;PRO013;Produktionswert
81000;Volkswirtschaftliche Gesamtrechnungen des Bundes;JAHR;Jahr;2021;DINSG;Deutschland insgesamt;DG;Deutschland;VGRPB5;Preisbasis (jeweilige Preise / preisbereinigt);VGRPKM;preisbereinigt, Kettenindex (2020=100);WZ08G3;WZ2008: Wirtschaftsbereiche der VGR;WZ08-65;Versicherungen, Rückversicherungen, Pensionskassen;104,840;jew. ME;PRO013;Produktionswert
81000;Volkswirtschaftliche Gesamtrechnungen des Bundes;JAHR;Jahr;2024;DINSG;Deutschland insgesamt;DG;Deutschland;VGRPB5;Preisbasis (jeweilige Preise / preisbereinigt);VGRPKM;preisbereinigt, Kettenindex (2020=100);WZ08G3;WZ2008: Wirtschaftsbereiche der VGR;WZ08-61;Telekommunikation;104,440;jew. ME;PRO013;Produktionswert
81000;Volkswirtschaftliche Gesamtrechnungen des Bundes;JAHR;Jahr;2025;DINSG;Deutschland insgesamt;DG;Deutschland;VGRPB5;Preisbasis (jeweilige Preise / preisbereinigt);VGRJPM;in jeweiligen Preisen (Mrd. EUR);WZ08G3;WZ2008: Wirtschaftsbereiche der VGR;WZ08-24-01;Metallgewerbe;...;jew. ME;PRO013;Produktionswert
81000;Volkswirtschaftliche Gesamtrechnungen des Bundes;JAHR;Jahr;2025;DINSG;Deutschland insgesamt;DG;Deutschland;VGRPB5;Preisbasis (jeweilige Preise / preisbereinigt);VGRPVK;preisbereinigt, verkettete Volumenang. (Mrd. EUR);WZ08G3;WZ2008: Wirtschaftsbereiche der VGR;WZ08-71;Architektur-,Ing.büros,techn.,physik.Untersuchung;...;jew. ME;PRO013;Produktionswert
81000;Volkswirtschaftliche Gesamtrechnungen des Bundes;JAHR;Jahr;2025;DINSG;Deutschland insgesamt;DG;Deutschland;VGRPB5;Preisbasis (jeweilige Preise / preisbereinigt);VGRJPM;in jeweiligen Preisen (Mrd. EUR);WZ08G3;WZ2008: Wirtschaftsbereiche der VGR;WZ08-69-02;Rechts- und Steuerberatung, Unternehmensberatung;...;jew. ME;PRO013;Produktionswert
81000;Volkswirtschaftliche Gesamtrechnungen des Bundes;JAHR;Jahr;2024;DINSG;Deutschland insgesamt;DG;Deutschland;VGRPB5;Preisbasis (jeweilige Preise / preisbereinigt);VGRPVK;preisbereinigt, verkettete Volumenang. (Mrd. EUR);WZ08G3;WZ2008: Wirtschaftsbereiche der VGR;WZ08-71;Architektur-,Ing.büros,techn.,physik.Untersuchung;116,849;jew. ME;PRO013;Produktionswert
81000;Volkswirtschaftliche Gesamtrechnungen des Bundes;JAHR;Jahr;2025;DINSG;Deutschland insgesamt;DG;Deutschland;VGRPB5;Preisbasis (jeweilige Preise / preisbereinigt);VGRPVK;preisbereinigt, verkettete Volumenang. (Mrd. EUR);WZ08G3;WZ2008: Wirtschaftsbereiche der VGR;WZ08-18;H.v. Druckerz., Vervielf.v.Ton-,Bild-,Datenträgern;...;jew. ME;PRO013;Produktionswert
81000;Volkswirtschaftliche Gesamtrechnungen des Bundes;JAHR;Jahr;2024;DINSG;Deutschland insgesamt;DG;Deutschland;VGRPB5;Preisbasis (jeweilige Preise / preisbereinigt);VGRPVK;preisbereinigt, verkettete Volumenang. (Mrd. EUR);WZ08G3;WZ2008: Wirtschaftsbereiche der VGR;WZ08-18;H.v. Druckerz., Vervielf.v.Ton-,Bild-,Datenträgern;14,349;jew. ME;PRO013;Produktionswert
81000;Volkswirtschaftliche Gesamtrechnungen des Bundes;JAHR;Jahr;2023;DINSG;Deutschland insgesamt;DG;Deutschland;VGRPB5;Preisbasis (jeweilige Preise / preisbereinigt);VGRPVK;preisbereinigt, verkettete Volumenang. (Mrd. EUR);WZ08G3;WZ2008: Wirtschaftsbereiche der VGR;WZ08-31-01;Möbelherstellung, Installation von Maschinen;112,425;jew. ME;PRO013;Produktionswert
81000;Volkswirtschaftliche Gesamtrechnungen des Bundes;JAHR;Jahr;2022;DINSG;Deutschland insgesamt;DG;Deutschland;VGRPB5;Preisbasis (jeweilige Preise / preisbereinigt);VGRPKM;preisbereinigt, Kettenindex (2020=100);WZ08G3;WZ2008: Wirtschaftsbereiche der VGR;WZ08-65;Versicherungen, Rückversicherungen, Pensionskassen;96,750;jew. ME;PRO013;Produktionswert
81000;Volkswirtschaftliche Gesamtrechnungen des Bundes;JAHR;Jahr;2021;DINSG;Deutschland insgesamt;DG;Deutschland;VGRPB5;Preisbasis (jeweilige Preise / preisbereinigt);VGRJPM;in jeweiligen Preisen (Mrd. EUR);WZ08G3;WZ2008: Wirtschaftsbereiche der VGR;WZ08-65;Versicherungen, Rückversicherungen, Pensionskassen;96,285;jew. ME;PRO013;Produktionswert
81000;Volkswirtschaftliche Gesamtrechnungen des Bundes;JAHR;Jahr;2025;DINSG;Deutschland insgesamt;DG;Deutschland;VGRPB5;Preisbasis (jeweilige Preise / preisbereinigt);VGRPKM;preisbereinigt, Kettenindex (2020=100);WZ08G3;WZ2008: Wirtschaftsbereiche der VGR;WZ08-C;Verarbeitendes Gewerbe;103,090;jew. ME;PRO013;Produktionswert
81000;Volkswirtschaftliche Gesamtrechnungen des Bundes;JAHR;Jahr;2021;DINSG;Deutschland insgesamt;DG;Deutschland;VGRPB5;Preisbasis (jeweilige Preise / preisbereinigt);VGRPVK;preisbereinigt, verkettete Volumenang. (Mrd. EUR);WZ08G3;WZ2008: Wirtschaftsbereiche der VGR;WZ08-73;Werbung und Marktforschung;30,373;jew. ME;PRO013;Produktionswert
81000;Volkswirtschaftliche Gesamtrechnungen des Bundes;JAHR;Jahr;2021;DINSG;Deutschland insgesamt;DG;Deutschland;VGRPB5;Preisbasis (jeweilige Preise / preisbereinigt);VGRPVK;preisbereinigt, verkettete Volumenang. (Mrd. EUR);WZ08G3;WZ2008: Wirtschaftsbereiche der VGR;WZ08-31-01;Möbelherstellung, Installation von Maschinen;105,533;jew. ME;PRO013;Produktionswert
81000;Volkswirtschaftliche Gesamtrechnungen des Bundes;JAHR;Jahr;2021;DINSG;Deutschland insgesamt;DG;Deutschland;VGRPB5;Preisbasis (jeweilige Preise / preisbereinigt);VGRJPM;in jeweiligen Preisen (Mrd. EUR);WZ08G3;WZ2008: Wirtschaftsbereiche der VGR;WZ08-T;Private Haushalte;8,108;jew. ME;PRO013;Produktionswert
81000;Volkswirtschaftliche Gesamtrechnungen des Bundes;JAHR;Jahr;2022;DINSG;Deutschland insgesamt;DG;Deutschland;VGRPB5;Preisbasis (jeweilige Preise / preisbereinigt);VGRPVU;preisbereinigt, unverkettete Volumenang.(Mrd. EUR);WZ08G3;WZ2008: Wirtschaftsbereiche der VGR;WZ08-72;Forschung und Entwicklung;52,739;jew. ME;PRO013;Produktionswert
81000;Volkswirtschaftliche Gesamtrechnungen des Bundes;JAHR;Jahr;2025;DINSG;Deutschland insgesamt;DG;Deutschland;VGRPB5;Preisbasis (jeweilige Preise / preisbereinigt);VGRPVU;preisbereinigt, unverkettete Volumenang.(Mrd. EUR);WZ08G3;WZ2008: Wirtschaftsbereiche der VGR;WZ08-R-02;Sonstige Dienstleister;224,605;jew. ME;PRO013;Produktionswert
81000;Volkswirtschaftliche Gesamtrechnungen des Bundes;JAHR;Jahr;2024;DINSG;Deutschland insgesamt;DG;Deutschland;VGRPB5;Preisbasis (jeweilige Preise / preisbereinigt);VGRJPM;in jeweiligen Preisen (Mrd. EUR);WZ08G3;WZ2008: Wirtschaftsbereiche der VGR;WZ08-50;Schifffahrt;36,854;jew. ME;PRO013;Produktionswert
81000;Volkswirtschaftliche Gesamtrechnungen des Bundes;JAHR;Jahr;2021;DINSG;Deutschland insgesamt;DG;Deutschland;VGRPB5;Preisbasis (jeweilige Preise / preisbereinigt);VGRPVU;preisbereinigt, unverkettete Volumenang.(Mrd. EUR);WZ08G3;WZ2008: Wirtschaftsbereiche der VGR;WZ08-28;Maschinenbau;263,403;jew. ME;PRO013;Produktionswert
81000;Volkswirtschaftliche Gesamtrechnungen des Bundes;JAHR;Jahr;2023;DINSG;Deutschland insgesamt;DG;Deutschland;VGRPB5;Preisbasis (jeweilige Preise / preisbereinigt);VGRPKM;preisbereinigt, Kettenindex (2020=100);WZ08G3;WZ2008: Wirtschaftsbereiche der VGR;WZ08-50;Schifffahrt;71,550;jew. ME;PRO013;Produktionswert
81000;Volkswirtschaftliche Gesamtrechnungen des Bundes;JAHR;Jahr;2021;DINSG;Deutschland insgesamt;DG;Deutschland;VGRPB5;Preisbasis (jeweilige Preise / preisbereinigt);VGRPKM;preisbereinigt, Kettenindex (2020=100);WZ08G3;WZ2008: Wirtschaftsbereiche der VGR;WZ08-52;Lagerei, sonstige Dienstleistungen für den Verkehr;108,870;jew. ME;PRO013;Produktionswert
81000;Volkswirtschaftliche Gesamtrechnungen des Bundes;JAHR;Jahr;2021;DINSG;Deutschland insgesamt;DG;Deutschland;VGRPB5;Preisbasis (jeweilige Preise / preisbereinigt);VGRJPM;in jeweiligen Preisen (Mrd. EUR);WZ08G3;WZ2008: Wirtschaftsbereiche der VGR;WZ08-30;Sonstiger Fahrzeugbau;46,050;jew. ME;PRO013;Produktionswert
81000;Volkswirtschaftliche Gesamtrechnungen des Bundes;JAHR;Jahr;2024;DINSG;Deutschland insgesamt;DG;Deutschland;VGRPB5;Preisbasis (jeweilige Preise / preisbereinigt);VGRPKM;preisbereinigt, Kettenindex (2020=100);WZ08G3;WZ2008: Wirtschaftsbereiche der VGR;WZ08-30;Sonstiger Fahrzeugbau;125,080;jew. ME;PRO013;Produktionswert
81000;Volkswirtschaftliche Gesamtrechnungen des Bundes;JAHR;Jahr;2023;DINSG;Deutschland insgesamt;DG;Deutschland;VGRPB5;Preisbasis (jeweilige Preise / preisbereinigt);VGRPVU;preisbereinigt, unverkettete Volumenang.(Mrd. EUR);WZ08G3;WZ2008: Wirtschaftsbereiche der VGR;WZ08-31-02;Herstellung von Möbeln und sonstigen Waren;66,237;jew. ME;PRO013;Produktionswert
81000;Volkswirtschaftliche Gesamtrechnungen des Bundes;JAHR;Jahr;2021;DINSG;Deutschland insgesamt;DG;Deutschland;VGRPB5;Preisbasis (jeweilige Preise / preisbereinigt);VGRPVK;preisbereinigt, verkettete Volumenang. (Mrd. EUR);WZ08G3;WZ2008: Wirtschaftsbereiche der VGR;WZ08-P;Erziehung und Unterricht;201,322;jew. ME;PRO013;Produktionswert
81000;Volkswirtschaftliche Gesamtrechnungen des Bundes;JAHR;Jahr;2021;DINSG;Deutschland insgesamt;DG;Deutschland;VGRPB5;Preisbasis (jeweilige Preise / preisbereinigt);VGRPVU;preisbereinigt, unverkettete Volumenang.(Mrd. EUR);WZ08G3;WZ2008: Wirtschaftsbereiche der VGR;WZ08-D;Energieversorgung;128,826;jew. ME;PRO013;Produktionswert
81000;Volkswirtschaftliche Gesamtrechnungen des Bundes;JAHR;Jahr;2023;DINSG;Deutschland insgesamt;DG;Deutschland;VGRPB5;Preisbasis (jeweilige Preise / preisbereinigt);VGRJPM;in jeweiligen Preisen (Mrd. EUR);WZ08G3;WZ2008: Wirtschaftsbereiche der VGR;WZ08-O-03;Öffentliche Dienstleister, Erziehung, Gesundheit;1115,722;jew. ME;PRO013;Produktionswert
81000;Volkswirtschaftliche Gesamtrechnungen des Bundes;JAHR;Jahr;2021;DINSG;Deutschland insgesamt;DG;Deutschland;VGRPB5;Preisbasis (jeweilige Preise / preisbereinigt);VGRJPM;in jeweiligen Preisen (Mrd. EUR);WZ08G3;WZ2008: Wirtschaftsbereiche der VGR;WZ08-G-04;Dienstleistungsbereiche;4154,499;jew. ME;PRO013;Produktionswert
81000;Volkswirtschaftliche Gesamtrechnungen des Bundes;JAHR;Jahr;2023;DINSG;Deutschland insgesamt;DG;Deutschland;VGRPB5;Preisbasis (jeweilige Preise / preisbereinigt);VGRJPM;in jeweiligen Preisen (Mrd. EUR);WZ08G3;WZ2008: Wirtschaftsbereiche der VGR;WZ08-E;Wasserversorg.,Entsorg.,Beseitig.v.Umweltverschm.;91,341;jew. ME;PRO013;Produktionswert
81000;Volkswirtschaftliche Gesamtrechnungen des Bundes;JAHR;Jahr;2024;DINSG;Deutschland insgesamt;DG;Deutschland;VGRPB5;Preisbasis (jeweilige Preise / preisbereinigt);VGRPKM;preisbereinigt, Kettenindex (2020=100);WZ08G3;WZ2008: Wirtschaftsbereiche der VGR;WZ08-A-02;Alle Wirtschaftsbereiche;107,660;jew. ME;PRO013;Produktionswert
81000;Volkswirtschaftliche Gesamtrechnungen des Bundes;JAHR;Jahr;2024;DINSG;Deutschland insgesamt;DG;Deutschland;VGRPB5;Preisbasis (jeweilige Preise / preisbereinigt);VGRPKM;preisbereinigt, Kettenindex (2020=100);WZ08G3;WZ2008: Wirtschaftsbereiche der VGR;WZ08-31-01;Möbelherstellung, Installation von Maschinen;113,780;jew. ME;PRO013;Produktionswert
81000;Volkswirtschaftliche Gesamtrechnungen des Bundes;JAHR;Jahr;2025;DINSG;Deutschland insgesamt;DG;Deutschland;VGRPB5;Preisbasis (jeweilige Preise / preisbereinigt);VGRPVU;preisbereinigt, unverkettete Volumenang.(Mrd. EUR);WZ08G3;WZ2008: Wirtschaftsbereiche der VGR;WZ08-17;Herstellung von Papier, Pappe und Waren daraus;...;jew. ME;PRO013;Produktionswert
81000;Volkswirtschaftliche Gesamtrechnungen des Bundes;JAHR;Jahr;2025;DINSG;Deutschland insgesamt;DG;Deutschland;VGRPB5;Preisbasis (jeweilige Preise / preisbereinigt);VGRPVU;preisbereinigt, unverkettete Volumenang.(Mrd. EUR);WZ08G3;WZ2008: Wirtschaftsbereiche der VGR;WZ08-31-02;Herstellung von Möbeln und sonstigen Waren;...;jew. ME;PRO013;Produktionswert
81000;Volkswirtschaftliche Gesamtrechnungen des Bundes;JAHR;Jahr;2025;DINSG;Deutschland insgesamt;DG;Deutschland;VGRPB5;Preisbasis (jeweilige Preise / preisbereinigt);VGRJPM;in jeweiligen Preisen (Mrd. EUR);WZ08G3;WZ2008: Wirtschaftsbereiche der VGR;WZ08-41;Hochbau;...;jew. ME;PRO013;Produktionswert
81000;Volkswirtschaftliche Gesamtrechnungen des Bundes;JAHR;Jahr;2022;DINSG;Deutschland insgesamt;DG;Deutschland;VGRPB5;Preisbasis (jeweilige Preise / preisbereinigt);VGRJPM;in jeweiligen Preisen (Mrd. EUR);WZ08G3;WZ2008: Wirtschaftsbereiche der VGR;WZ08-41;Hochbau;100,793;jew. ME;PRO013;Produktionswert
81000;Volkswirtschaftliche Gesamtrechnungen des Bundes;JAHR;Jahr;2022;DINSG;Deutschland insgesamt;DG;Deutschland;VGRPB5;Preisbasis (jeweilige Preise / preisbereinigt);VGRPKM;preisbereinigt, Kettenindex (2020=100);WZ08G3;WZ2008: Wirtschaftsbereiche der VGR;WZ08-P;Erziehung und Unterricht;107,390;jew. ME;PRO013;Produktionswert
81000;Volkswirtschaftliche Gesamtrechnungen des Bundes;JAHR;Jahr;2022;DINSG;Deutschland insgesamt;DG;Deutschland;VGRPB5;Preisbasis (jeweilige Preise / preisbereinigt);VGRPVU;preisbereinigt, unverkettete Volumenang.(Mrd. EUR);WZ08G3;WZ2008: Wirtschaftsbereiche der VGR;WZ08-19;Kokerei und Mineralölverarbeitung;75,203;jew. ME;PRO013;Produktionswert
81000;Volkswirtschaftliche Gesamtrechnungen des Bundes;JAHR;Jahr;2023;DINSG;Deutschland insgesamt;DG;Deutschland;VGRPB5;Preisbasis (jeweilige Preise / preisbereinigt);VGRPVK;preisbereinigt, verkettete Volumenang. (Mrd. EUR);WZ08G3;WZ2008: Wirtschaftsbereiche der VGR;WZ08-B-18;Produzierendes Gewerbe ohne Baugewerbe;2150,640;jew. ME;PRO013;Produktionswert
81000;Volkswirtschaftliche Gesamtrechnungen des Bundes;JAHR;Jahr;2025;DINSG;Deutschland insgesamt;DG;Deutschland;VGRPB5;Preisbasis (jeweilige Preise / preisbereinigt);VGRPKM;preisbereinigt, Kettenindex (2020=100);WZ08G3;WZ2008: Wirtschaftsbereiche der VGR;WZ08-41;Hochbau;...;jew. ME;PRO013;Produktionswert
81000;Volkswirtschaftliche Gesamtrechnungen des Bundes;JAHR;Jahr;2023;DINSG;Deutschland insgesamt;DG;Deutschland;VGRPB5;Preisbasis (jeweilige Preise / preisbereinigt);VGRPVK;preisbereinigt, verkettete Volumenang. (Mrd. EUR);WZ08G3;WZ2008: Wirtschaftsbereiche der VGR;WZ08-95;Reparatur von DV-Geräten und Gebrauchsgütern;2,840;jew. ME;PRO013;Produktionswert
81000;Volkswirtschaftliche Gesamtrechnungen des Bundes;JAHR;Jahr;2021;DINSG;Deutschland insgesamt;DG;Deutschland;VGRPB5;Preisbasis (jeweilige Preise / preisbereinigt);VGRPVK;preisbereinigt, verkettete Volumenang. (Mrd. EUR);WZ08G3;WZ2008: Wirtschaftsbereiche der VGR;WZ08-51;Luftfahrt;21,381;jew. ME;PRO013;Produktionswert
81000;Volkswirtschaftliche Gesamtrechnungen des Bundes;JAHR;Jahr;2023;DINSG;Deutschland insgesamt;DG;Deutschland;VGRPB5;Preisbasis (jeweilige Preise / preisbereinigt);VGRPVU;preisbereinigt, unverkettete Volumenang.(Mrd. EUR);WZ08G3;WZ2008: Wirtschaftsbereiche der VGR;WZ08-16-01;H.v. Holzwaren, Papier und Druckerzeugnissen;98,046;jew. ME;PRO013;Produktionswert
81000;Volkswirtschaftliche Gesamtrechnungen des Bundes;JAHR;Jahr;2021;DINSG;Deutschland insgesamt;DG;Deutschland;VGRPB5;Preisbasis (jeweilige Preise / preisbereinigt);VGRJPM;in jeweiligen Preisen (Mrd. EUR);WZ08G3;WZ2008: Wirtschaftsbereiche der VGR;WZ08-C;Verarbeitendes Gewerbe;2023,935;jew. ME;PRO013;Produktionswert
81000;Volkswirtschaftliche Gesamtrechnungen des Bundes;JAHR;Jahr;2025;DINSG;Deutschland insgesamt;DG;Deutschland;VGRPB5;Preisbasis (jeweilige Preise / preisbereinigt);VGRPVU;preisbereinigt, unverkettete Volumenang.(Mrd. EUR);WZ08G3;WZ2008: Wirtschaftsbereiche der VGR;WZ08-16-01;H.v. Holzwaren, Papier und Druckerzeugnissen;...;jew. ME;PRO013;Produktionswert
81000;Volkswirtschaftliche Gesamtrechnungen des Bundes;JAHR;Jahr;2022;DINSG;Deutschland insgesamt;DG;Deutschland;VGRPB5;Preisbasis (jeweilige Preise / preisbereinigt);VGRPVU;preisbereinigt, unverkettete Volumenang.(Mrd. EUR);WZ08G3;WZ2008: Wirtschaftsbereiche der VGR;WZ08-94;Interessenvertr., kirchl. u. sonst. Vereinigungen;44,541;jew. ME;PRO013;Produktionswert
81000;Volkswirtschaftliche Gesamtrechnungen des Bundes;JAHR;Jahr;2024;DINSG;Deutschland insgesamt;DG;Deutschland;VGRPB5;Preisbasis (jeweilige Preise / preisbereinigt);VGRJPM;in jeweiligen Preisen (Mrd. EUR);WZ08G3;WZ2008: Wirtschaftsbereiche der VGR;WZ08-16-01;H.v. Holzwaren, Papier und Druckerzeugnissen;90,777;jew. ME;PRO013;Produktionswert
81000;Volkswirtschaftliche Gesamtrechnungen des Bundes;JAHR;Jahr;2024;DINSG;Deutschland insgesamt;DG;Deutschland;VGRPB5;Preisbasis (jeweilige Preise / preisbereinigt);VGRPVU;preisbereinigt, unverkettete Volumenang.(Mrd. EUR);WZ08G3;WZ2008: Wirtschaftsbereiche der VGR;WZ08-O-03;Öffentliche Dienstleister, Erziehung, Gesundheit;1137,278;jew. ME;PRO013;Produktionswert
81000;Volkswirtschaftliche Gesamtrechnungen des Bundes;JAHR;Jahr;2024;DINSG;Deutschland insgesamt;DG;Deutschland;VGRPB5;Preisbasis (jeweilige Preise / preisbereinigt);VGRPVU;preisbereinigt, unverkettete Volumenang.(Mrd. EUR);WZ08G3;WZ2008: Wirtschaftsbereiche der VGR;WZ08-94;Interessenvertr., kirchl. u. sonst. Vereinigungen;51,368;jew. ME;PRO013;Produktionswert
81000;Volkswirtschaftliche Gesamtrechnungen des Bundes;JAHR;Jahr;2023;DINSG;Deutschland insgesamt;DG;Deutschland;VGRPB5;Preisbasis (jeweilige Preise / preisbereinigt);VGRPVK;preisbereinigt, verkettete Volumenang. (Mrd. EUR);WZ08G3;WZ2008: Wirtschaftsbereiche der VGR;WZ08-74-01;Freiberufl.,wiss.,techn.DL a.n.g., Veterinärwesen;34,979;jew. ME;PRO013;Produktionswert
81000;Volkswirtschaftliche Gesamtrechnungen des Bundes;JAHR;Jahr;2023;DINSG;Deutschland insgesamt;DG;Deutschland;VGRPB5;Preisbasis (jeweilige Preise / preisbereinigt);VGRJPM;in jeweiligen Preisen (Mrd. EUR);WZ08G3;WZ2008: Wirtschaftsbereiche der VGR;WZ08-52;Lagerei, sonstige Dienstleistungen für den Verkehr;188,427;jew. ME;PRO013;Produktionswert
81000;Volkswirtschaftliche Gesamtrechnungen des Bundes;JAHR;Jahr;2021;DINSG;Deutschland insgesamt;DG;Deutschland;VGRPB5;Preisbasis (jeweilige Preise / preisbereinigt);VGRJPM;in jeweiligen Preisen (Mrd. EUR);WZ08G3;WZ2008: Wirtschaftsbereiche der VGR;WZ08-52;Lagerei, sonstige Dienstleistungen für den Verkehr;163,243;jew. ME;PRO013;Produktionswert
81000;Volkswirtschaftliche Gesamtrechnungen des Bundes;JAHR;Jahr;2025;DINSG;Deutschland insgesamt;DG;Deutschland;VGRPB5;Preisbasis (jeweilige Preise / preisbereinigt);VGRPKM;preisbereinigt, Kettenindex (2020=100);WZ08G3;WZ2008: Wirtschaftsbereiche der VGR;WZ08-T;Private Haushalte;112,260;jew. ME;PRO013;Produktionswert
81000;Volkswirtschaftliche Gesamtrechnungen des Bundes;JAHR;Jahr;2024;DINSG;Deutschland insgesamt;DG;Deutschland;VGRPB5;Preisbasis (jeweilige Preise / preisbereinigt);VGRPKM;preisbereinigt, Kettenindex (2020=100);WZ08G3;WZ2008: Wirtschaftsbereiche der VGR;WZ08-52;Lagerei, sonstige Dienstleistungen für den Verkehr;119,680;jew. ME;PRO013;Produktionswert
81000;Volkswirtschaftliche Gesamtrechnungen des Bundes;JAHR;Jahr;2021;DINSG;Deutschland insgesamt;DG;Deutschland;VGRPB5;Preisbasis (jeweilige Preise / preisbereinigt);VGRJPM;in jeweiligen Preisen (Mrd. EUR);WZ08G3;WZ2008: Wirtschaftsbereiche der VGR;WZ08-B-05;Produzierendes Gewerbe;2669,210;jew. ME;PRO013;Produktionswert
81000;Volkswirtschaftliche Gesamtrechnungen des Bundes;JAHR;Jahr;2025;DINSG;Deutschland insgesamt;DG;Deutschland;VGRPB5;Preisbasis (jeweilige Preise / preisbereinigt);VGRPVK;preisbereinigt, verkettete Volumenang. (Mrd. EUR);WZ08G3;WZ2008: Wirtschaftsbereiche der VGR;WZ08-74-01;Freiberufl.,wiss.,techn.DL a.n.g., Veterinärwesen;...;jew. ME;PRO013;Produktionswert
81000;Volkswirtschaftliche Gesamtrechnungen des Bundes;JAHR;Jahr;2023;DINSG;Deutschland insgesamt;DG;Deutschland;VGRPB5;Preisbasis (jeweilige Preise / preisbereinigt);VGRPVK;preisbereinigt, verkettete Volumenang. (Mrd. EUR);WZ08G3;WZ2008: Wirtschaftsbereiche der VGR;WZ08-C;Verarbeitendes Gewerbe;1946,180;jew. ME;PRO013;Produktionswert
81000;Volkswirtschaftliche Gesamtrechnungen des Bundes;JAHR;Jahr;2025;DINSG;Deutschland insgesamt;DG;Deutschland;VGRPB5;Preisbasis (jeweilige Preise / preisbereinigt);VGRPVK;preisbereinigt, verkettete Volumenang. (Mrd. EUR);WZ08G3;WZ2008: Wirtschaftsbereiche der VGR;WZ08-E;Wasserversorg.,Entsorg.,Beseitig.v.Umweltverschm.;75,092;jew. ME;PRO013;Produktionswert
81000;Volkswirtschaftliche Gesamtrechnungen des Bundes;JAHR;Jahr;2022;DINSG;Deutschland insgesamt;DG;Deutschland;VGRPB5;Preisbasis (jeweilige Preise / preisbereinigt);VGRPVU;preisbereinigt, unverkettete Volumenang.(Mrd. EUR);WZ08G3;WZ2008: Wirtschaftsbereiche der VGR;WZ08-F;Baugewerbe;377,386;jew. ME;PRO013;Produktionswert
81000;Volkswirtschaftliche Gesamtrechnungen des Bundes;JAHR;Jahr;2022;DINSG;Deutschland insgesamt;DG;Deutschland;VGRPB5;Preisbasis (jeweilige Preise / preisbereinigt);VGRPKM;preisbereinigt, Kettenindex (2020=100);WZ08G3;WZ2008: Wirtschaftsbereiche der VGR;WZ08-52;Lagerei, sonstige Dienstleistungen für den Verkehr;114,900;jew. ME;PRO013;Produktionswert
81000;Volkswirtschaftliche Gesamtrechnungen des Bundes;JAHR;Jahr;2025;DINSG;Deutschland insgesamt;DG;Deutschland;VGRPB5;Preisbasis (jeweilige Preise / preisbereinigt);VGRPVU;preisbereinigt, unverkettete Volumenang.(Mrd. EUR);WZ08G3;WZ2008: Wirtschaftsbereiche der VGR;WZ08-J;Information und Kommunikation;425,580;jew. ME;PRO013;Produktionswert
81000;Volkswirtschaftliche Gesamtrechnungen des Bundes;JAHR;Jahr;2023;DINSG;Deutschland insgesamt;DG;Deutschland;VGRPB5;Preisbasis (jeweilige Preise / preisbereinigt);VGRPVK;preisbereinigt, verkettete Volumenang. (Mrd. EUR);WZ08G3;WZ2008: Wirtschaftsbereiche der VGR;WZ08-G-04;Dienstleistungsbereiche;4260,857;jew. ME;PRO013;Produktionswert
81000;Volkswirtschaftliche Gesamtrechnungen des Bundes;JAHR;Jahr;2022;DINSG;Deutschland insgesamt;DG;Deutschland;VGRPB5;Preisbasis (jeweilige Preise / preisbereinigt);VGRPVU;preisbereinigt, unverkettete Volumenang.(Mrd. EUR);WZ08G3;WZ2008: Wirtschaftsbereiche der VGR;WZ08-B-18;Produzierendes Gewerbe ohne Baugewerbe;2296,330;jew. ME;PRO013;Produktionswert
81000;Volkswirtschaftliche Gesamtrechnungen des Bundes;JAHR;Jahr;2025;DINSG;Deutschland insgesamt;DG;Deutschland;VGRPB5;Preisbasis (jeweilige Preise / preisbereinigt);VGRPVK;preisbereinigt, verkettete Volumenang. (Mrd. EUR);WZ08G3;WZ2008: Wirtschaftsbereiche der VGR;WZ08-O-03;Öffentliche Dienstleister, Erziehung, Gesundheit;1008,284;jew. ME;PRO013;Produktionswert
81000;Volkswirtschaftliche Gesamtrechnungen des Bundes;JAHR;Jahr;2023;DINSG;Deutschland insgesamt;DG;Deutschland;VGRPB5;Preisbasis (jeweilige Preise / preisbereinigt);VGRPVK;preisbereinigt, verkettete Volumenang. (Mrd. EUR);WZ08G3;WZ2008: Wirtschaftsbereiche der VGR;WZ08-T;Private Haushalte;8,511;jew. ME;PRO013;Produktionswert
81000;Volkswirtschaftliche Gesamtrechnungen des Bundes;JAHR;Jahr;2023;DINSG;Deutschland insgesamt;DG;Deutschland;VGRPB5;Preisbasis (jeweilige Preise / preisbereinigt);VGRPVK;preisbereinigt, verkettete Volumenang. (Mrd. EUR);WZ08G3;WZ2008: Wirtschaftsbereiche der VGR;WZ08-73;Werbung und Marktforschung;31,963;jew. ME;PRO013;Produktionswert
81000;Volkswirtschaftliche Gesamtrechnungen des Bundes;JAHR;Jahr;2022;DINSG;Deutschland insgesamt;DG;Deutschland;VGRPB5;Preisbasis (jeweilige Preise / preisbereinigt);VGRPVU;preisbereinigt, unverkettete Volumenang.(Mrd. EUR);WZ08G3;WZ2008: Wirtschaftsbereiche der VGR;WZ08-74-01;Freiberufl.,wiss.,techn.DL a.n.g., Veterinärwesen;32,328;jew. ME;PRO013;Produktionswert
81000;Volkswirtschaftliche Gesamtrechnungen des Bundes;JAHR;Jahr;2024;DINSG;Deutschland insgesamt;DG;Deutschland;VGRPB5;Preisbasis (jeweilige Preise / preisbereinigt);VGRPVU;preisbereinigt, unverkettete Volumenang.(Mrd. EUR);WZ08G3;WZ2008: Wirtschaftsbereiche der VGR;WZ08-74-01;Freiberufl.,wiss.,techn.DL a.n.g., Veterinärwesen;38,891;jew. ME;PRO013;Produktionswert
81000;Volkswirtschaftliche Gesamtrechnungen des Bundes;JAHR;Jahr;2024;DINSG;Deutschland insgesamt;DG;Deutschland;VGRPB5;Preisbasis (jeweilige Preise / preisbereinigt);VGRPKM;preisbereinigt, Kettenindex (2020=100);WZ08G3;WZ2008: Wirtschaftsbereiche der VGR;WZ08-C;Verarbeitendes Gewerbe;104,050;jew. ME;PRO013;Produktionswert
81000;Volkswirtschaftliche Gesamtrechnungen des Bundes;JAHR;Jahr;2025;DINSG;Deutschland insgesamt;DG;Deutschland;VGRPB5;Preisbasis (jeweilige Preise / preisbereinigt);VGRPKM;preisbereinigt, Kettenindex (2020=100);WZ08G3;WZ2008: Wirtschaftsbereiche der VGR;WZ08-28;Maschinenbau;...;jew. ME;PRO013;Produktionswert
81000;Volkswirtschaftliche Gesamtrechnungen des Bundes;JAHR;Jahr;2024;DINSG;Deutschland insgesamt;DG;Deutschland;VGRPB5;Preisbasis (jeweilige Preise / preisbereinigt);VGRPVK;preisbereinigt, verkettete Volumenang. (Mrd. EUR);WZ08G3;WZ2008: Wirtschaftsbereiche der VGR;WZ08-62-01;IT- und Informationsdienstleister;251,606;jew. ME;PRO013;Produktionswert
81000;Volkswirtschaftliche Gesamtrechnungen des Bundes;JAHR;Jahr;2021;DINSG;Deutschland insgesamt;DG;Deutschland;VGRPB5;Preisbasis (jeweilige Preise / preisbereinigt);VGRJPM;in jeweiligen Preisen (Mrd. EUR);WZ08G3;WZ2008: Wirtschaftsbereiche der VGR;WZ08-021;Forstwirtschaft;5,025;jew. ME;PRO013;Produktionswert
81000;Volkswirtschaftliche Gesamtrechnungen des Bundes;JAHR;Jahr;2025;DINSG;Deutschland insgesamt;DG;Deutschland;VGRPB5;Preisbasis (jeweilige Preise / preisbereinigt);VGRPKM;preisbereinigt, Kettenindex (2020=100);WZ08G3;WZ2008: Wirtschaftsbereiche der VGR;WZ08-I;Gastgewerbe;165,870;jew. ME;PRO013;Produktionswert
81000;Volkswirtschaftliche Gesamtrechnungen des Bundes;JAHR;Jahr;2023;DINSG;Deutschland insgesamt;DG;Deutschland;VGRPB5;Preisbasis (jeweilige Preise / preisbereinigt);VGRJPM;in jeweiligen Preisen (Mrd. EUR);WZ08G3;WZ2008: Wirtschaftsbereiche der VGR;WZ08-69-02;Rechts- und Steuerberatung, Unternehmensberatung;276,190;jew. ME;PRO013;Produktionswert
81000;Volkswirtschaftliche Gesamtrechnungen des Bundes;JAHR;Jahr;2022;DINSG;Deutschland insgesamt;DG;Deutschland;VGRPB5;Preisbasis (jeweilige Preise / preisbereinigt);VGRPVK;preisbereinigt, verkettete Volumenang. (Mrd. EUR);WZ08G3;WZ2008: Wirtschaftsbereiche der VGR;WZ08-K;Erbringung v. Finanz- u. Versicherungsdienstleist.;286,328;jew. ME;PRO013;Produktionswert
81000;Volkswirtschaftliche Gesamtrechnungen des Bundes;JAHR;Jahr;2021;DINSG;Deutschland insgesamt;DG;Deutschland;VGRPB5;Preisbasis (jeweilige Preise / preisbereinigt);VGRPKM;preisbereinigt, Kettenindex (2020=100);WZ08G3;WZ2008: Wirtschaftsbereiche der VGR;WZ08-50;Schifffahrt;70,980;jew. ME;PRO013;Produktionswert
81000;Volkswirtschaftliche Gesamtrechnungen des Bundes;JAHR;Jahr;2023;DINSG;Deutschland insgesamt;DG;Deutschland;VGRPB5;Preisbasis (jeweilige Preise / preisbereinigt);VGRJPM;in jeweiligen Preisen (Mrd. EUR);WZ08G3;WZ2008: Wirtschaftsbereiche der VGR;WZ08-P;Erziehung und Unterricht;245,680;jew. ME;PRO013;Produktionswert
81000;Volkswirtschaftliche Gesamtrechnungen des Bundes;JAHR;Jahr;2025;DINSG;Deutschland insgesamt;DG;Deutschland;VGRPB5;Preisbasis (jeweilige Preise / preisbereinigt);VGRPVK;preisbereinigt, verkettete Volumenang. (Mrd. EUR);WZ08G3;WZ2008: Wirtschaftsbereiche der VGR;WZ08-64;Erbringung von Finanzdienstleistungen;...;jew. ME;PRO013;Produktionswert
81000;Volkswirtschaftliche Gesamtrechnungen des Bundes;JAHR;Jahr;2025;DINSG;Deutschland insgesamt;DG;Deutschland;VGRPB5;Preisbasis (jeweilige Preise / preisbereinigt);VGRPVU;preisbereinigt, unverkettete Volumenang.(Mrd. EUR);WZ08G3;WZ2008: Wirtschaftsbereiche der VGR;WZ08-33;Reparatur u.Installation von Masch.u.Ausrüstungen;...;jew. ME;PRO013;Produktionswert
81000;Volkswirtschaftliche Gesamtrechnungen des Bundes;JAHR;Jahr;2025;DINSG;Deutschland insgesamt;DG;Deutschland;VGRPB5;Preisbasis (jeweilige Preise / preisbereinigt);VGRPVK;preisbereinigt, verkettete Volumenang. (Mrd. EUR);WZ08G3;WZ2008: Wirtschaftsbereiche der VGR;WZ08-F;Baugewerbe;323,160;jew. ME;PRO013;Produktionswert
81000;Volkswirtschaftliche Gesamtrechnungen des Bundes;JAHR;Jahr;2023;DINSG;Deutschland insgesamt;DG;Deutschland;VGRPB5;Preisbasis (jeweilige Preise / preisbereinigt);VGRPVU;preisbereinigt, unverkettete Volumenang.(Mrd. EUR);WZ08G3;WZ2008: Wirtschaftsbereiche der VGR;WZ08-47;Einzelhandel (ohne Handel mit Kraftfahrzeugen);252,653;jew. ME;PRO013;Produktionswert
81000;Volkswirtschaftliche Gesamtrechnungen des Bundes;JAHR;Jahr;2025;DINSG;Deutschland insgesamt;DG;Deutschland;VGRPB5;Preisbasis (jeweilige Preise / preisbereinigt);VGRJPM;in jeweiligen Preisen (Mrd. EUR);WZ08G3;WZ2008: Wirtschaftsbereiche der VGR;WZ08-78;Vermittlung und Überlassung von Arbeitskräften;...;jew. ME;PRO013;Produktionswert
81000;Volkswirtschaftliche Gesamtrechnungen des Bundes;JAHR;Jahr;2021;DINSG;Deutschland insgesamt;DG;Deutschland;VGRPB5;Preisbasis (jeweilige Preise / preisbereinigt);VGRPVK;preisbereinigt, verkettete Volumenang. (Mrd. EUR);WZ08G3;WZ2008: Wirtschaftsbereiche der VGR;WZ08-B;Bergbau und Gewinnung von Steinen und Erden;10,310;jew. ME;PRO013;Produktionswert
81000;Volkswirtschaftliche Gesamtrechnungen des Bundes;JAHR;Jahr;2024;DINSG;Deutschland insgesamt;DG;Deutschland;VGRPB5;Preisbasis (jeweilige Preise / preisbereinigt);VGRPVU;preisbereinigt, unverkettete Volumenang.(Mrd. EUR);WZ08G3;WZ2008: Wirtschaftsbereiche der VGR;WZ08-A;Land- und Forstwirtschaft, Fischerei;82,780;jew. ME;PRO013;Produktionswert
81000;Volkswirtschaftliche Gesamtrechnungen des Bundes;JAHR;Jahr;2021;DINSG;Deutschland insgesamt;DG;Deutschland;VGRPB5;Preisbasis (jeweilige Preise / preisbereinigt);VGRPVU;preisbereinigt, unverkettete Volumenang.(Mrd. EUR);WZ08G3;WZ2008: Wirtschaftsbereiche der VGR;WZ08-F;Baugewerbe;369,213;jew. ME;PRO013;Produktionswert
81000;Volkswirtschaftliche Gesamtrechnungen des Bundes;JAHR;Jahr;2023;DINSG;Deutschland insgesamt;DG;Deutschland;VGRPB5;Preisbasis (jeweilige Preise / preisbereinigt);VGRPVU;preisbereinigt, unverkettete Volumenang.(Mrd. EUR);WZ08G3;WZ2008: Wirtschaftsbereiche der VGR;WZ08-I;Gastgewerbe;127,142;jew. ME;PRO013;Produktionswert
81000;Volkswirtschaftliche Gesamtrechnungen des Bundes;JAHR;Jahr;2021;DINSG;Deutschland insgesamt;DG;Deutschland;VGRPB5;Preisbasis (jeweilige Preise / preisbereinigt);VGRPVK;preisbereinigt, verkettete Volumenang. (Mrd. EUR);WZ08G3;WZ2008: Wirtschaftsbereiche der VGR;WZ08-S;Erbringung von sonstigen Dienstleistungen;95,970;jew. ME;PRO013;Produktionswert
81000;Volkswirtschaftliche Gesamtrechnungen des Bundes;JAHR;Jahr;2024;DINSG;Deutschland insgesamt;DG;Deutschland;VGRPB5;Preisbasis (jeweilige Preise / preisbereinigt);VGRJPM;in jeweiligen Preisen (Mrd. EUR);WZ08G3;WZ2008: Wirtschaftsbereiche der VGR;WZ08-H;Verkehr und Lagerei;502,851;jew. ME;PRO013;Produktionswert
81000;Volkswirtschaftliche Gesamtrechnungen des Bundes;JAHR;Jahr;2023;DINSG;Deutschland insgesamt;DG;Deutschland;VGRPB5;Preisbasis (jeweilige Preise / preisbereinigt);VGRPKM;preisbereinigt, Kettenindex (2020=100);WZ08G3;WZ2008: Wirtschaftsbereiche der VGR;WZ08-31-01;Möbelherstellung, Installation von Maschinen;110,430;jew. ME;PRO013;Produktionswert
81000;Volkswirtschaftliche Gesamtrechnungen des Bundes;JAHR;Jahr;2021;DINSG;Deutschland insgesamt;DG;Deutschland;VGRPB5;Preisbasis (jeweilige Preise / preisbereinigt);VGRJPM;in jeweiligen Preisen (Mrd. EUR);WZ08G3;WZ2008: Wirtschaftsbereiche der VGR;WZ08-87-01;Heime und Sozialwesen;152,106;jew. ME;PRO013;Produktionswert
81000;Volkswirtschaftliche Gesamtrechnungen des Bundes;JAHR;Jahr;2024;DINSG;Deutschland insgesamt;DG;Deutschland;VGRPB5;Preisbasis (jeweilige Preise / preisbereinigt);VGRPVU;preisbereinigt, unverkettete Volumenang.(Mrd. EUR);WZ08G3;WZ2008: Wirtschaftsbereiche der VGR;WZ08-62-01;IT- und Informationsdienstleister;262,950;jew. ME;PRO013;Produktionswert
81000;Volkswirtschaftliche Gesamtrechnungen des Bundes;JAHR;Jahr;2024;DINSG;Deutschland insgesamt;DG;Deutschland;VGRPB5;Preisbasis (jeweilige Preise / preisbereinigt);VGRPVU;preisbereinigt, unverkettete Volumenang.(Mrd. EUR);WZ08G3;WZ2008: Wirtschaftsbereiche der VGR;WZ08-R;Kunst, Unterhaltung und Erholung;83,258;jew. ME;PRO013;Produktionswert
81000;Volkswirtschaftliche Gesamtrechnungen des Bundes;JAHR;Jahr;2025;DINSG;Deutschland insgesamt;DG;Deutschland;VGRPB5;Preisbasis (jeweilige Preise / preisbereinigt);VGRJPM;in jeweiligen Preisen (Mrd. EUR);WZ08G3;WZ2008: Wirtschaftsbereiche der VGR;WZ08-43;Vorb.Baustellenarbeiten, Bauinstall., sonst.Ausbau;...;jew. ME;PRO013;Produktionswert
81000;Volkswirtschaftliche Gesamtrechnungen des Bundes;JAHR;Jahr;2023;DINSG;Deutschland insgesamt;DG;Deutschland;VGRPB5;Preisbasis (jeweilige Preise / preisbereinigt);VGRJPM;in jeweiligen Preisen (Mrd. EUR);WZ08G3;WZ2008: Wirtschaftsbereiche der VGR;WZ08-74-01;Freiberufl.,wiss.,techn.DL a.n.g., Veterinärwesen;40,134;jew. ME;PRO013;Produktionswert
81000;Volkswirtschaftliche Gesamtrechnungen des Bundes;JAHR;Jahr;2022;DINSG;Deutschland insgesamt;DG;Deutschland;VGRPB5;Preisbasis (jeweilige Preise / preisbereinigt);VGRPVK;preisbereinigt, verkettete Volumenang. (Mrd. EUR);WZ08G3;WZ2008: Wirtschaftsbereiche der VGR;WZ08-B-18;Produzierendes Gewerbe ohne Baugewerbe;2160,060;jew. ME;PRO013;Produktionswert
81000;Volkswirtschaftliche Gesamtrechnungen des Bundes;JAHR;Jahr;2021;DINSG;Deutschland insgesamt;DG;Deutschland;VGRPB5;Preisbasis (jeweilige Preise / preisbereinigt);VGRJPM;in jeweiligen Preisen (Mrd. EUR);WZ08G3;WZ2008: Wirtschaftsbereiche der VGR;WZ08-M;Freiberufliche, wiss. u. techn. Dienstleistungen;459,337;jew. ME;PRO013;Produktionswert
81000;Volkswirtschaftliche Gesamtrechnungen des Bundes;JAHR;Jahr;2024;DINSG;Deutschland insgesamt;DG;Deutschland;VGRPB5;Preisbasis (jeweilige Preise / preisbereinigt);VGRPKM;preisbereinigt, Kettenindex (2020=100);WZ08G3;WZ2008: Wirtschaftsbereiche der VGR;WZ08-74-01;Freiberufl.,wiss.,techn.DL a.n.g., Veterinärwesen;106,650;jew. ME;PRO013;Produktionswert
81000;Volkswirtschaftliche Gesamtrechnungen des Bundes;JAHR;Jahr;2022;DINSG;Deutschland insgesamt;DG;Deutschland;VGRPB5;Preisbasis (jeweilige Preise / preisbereinigt);VGRPVK;preisbereinigt, verkettete Volumenang. (Mrd. EUR);WZ08G3;WZ2008: Wirtschaftsbereiche der VGR;WZ08-17;Herstellung von Papier, Pappe und Waren daraus;38,143;jew. ME;PRO013;Produktionswert
81000;Volkswirtschaftliche Gesamtrechnungen des Bundes;JAHR;Jahr;2023;DINSG;Deutschland insgesamt;DG;Deutschland;VGRPB5;Preisbasis (jeweilige Preise / preisbereinigt);VGRJPM;in jeweiligen Preisen (Mrd. EUR);WZ08G3;WZ2008: Wirtschaftsbereiche der VGR;WZ08-M-02;Unternehmensdienstleister;910,909;jew. ME;PRO013;Produktionswert
81000;Volkswirtschaftliche Gesamtrechnungen des Bundes;JAHR;Jahr;2021;DINSG;Deutschland insgesamt;DG;Deutschland;VGRPB5;Preisbasis (jeweilige Preise / preisbereinigt);VGRPVU;preisbereinigt, unverkettete Volumenang.(Mrd. EUR);WZ08G3;WZ2008: Wirtschaftsbereiche der VGR;WZ08-69-02;Rechts- und Steuerberatung, Unternehmensberatung;224,688;jew. ME;PRO013;Produktionswert
81000;Volkswirtschaftliche Gesamtrechnungen des Bundes;JAHR;Jahr;2024;DINSG;Deutschland insgesamt;DG;Deutschland;VGRPB5;Preisbasis (jeweilige Preise / preisbereinigt);VGRPKM;preisbereinigt, Kettenindex (2020=100);WZ08G3;WZ2008: Wirtschaftsbereiche der VGR;WZ08-66;Mit Finanz- u. Versicherungsdienstl. verb. Tätigk.;98,330;jew. ME;PRO013;Produktionswert
81000;Volkswirtschaftliche Gesamtrechnungen des Bundes;JAHR;Jahr;2022;DINSG;Deutschland insgesamt;DG;Deutschland;VGRPB5;Preisbasis (jeweilige Preise / preisbereinigt);VGRPKM;preisbereinigt, Kettenindex (2020=100);WZ08G3;WZ2008: Wirtschaftsbereiche der VGR;WZ08-45;Kfz-Handel, Instandhaltung und Reparatur von Kfz;103,980;jew. ME;PRO013;Produktionswert
81000;Volkswirtschaftliche Gesamtrechnungen des Bundes;JAHR;Jahr;2021;DINSG;Deutschland insgesamt;DG;Deutschland;VGRPB5;Preisbasis (jeweilige Preise / preisbereinigt);VGRPKM;preisbereinigt, Kettenindex (2020=100);WZ08G3;WZ2008: Wirtschaftsbereiche der VGR;WZ08-E;Wasserversorg.,Entsorg.,Beseitig.v.Umweltverschm.;93,900;jew. ME;PRO013;Produktionswert
81000;Volkswirtschaftliche Gesamtrechnungen des Bundes;JAHR;Jahr;2021;DINSG;Deutschland insgesamt;DG;Deutschland;VGRPB5;Preisbasis (jeweilige Preise / preisbereinigt);VGRJPM;in jeweiligen Preisen (Mrd. EUR);WZ08G3;WZ2008: Wirtschaftsbereiche der VGR;WZ08-47;Einzelhandel (ohne Handel mit Kraftfahrzeugen);237,282;jew. ME;PRO013;Produktionswert
81000;Volkswirtschaftliche Gesamtrechnungen des Bundes;JAHR;Jahr;2025;DINSG;Deutschland insgesamt;DG;Deutschland;VGRPB5;Preisbasis (jeweilige Preise / preisbereinigt);VGRPVU;preisbereinigt, unverkettete Volumenang.(Mrd. EUR);WZ08G3;WZ2008: Wirtschaftsbereiche der VGR;WZ08-22-01;H.v. Gummi-, Kunststoff-, Glaswaren, Keramik u.Ä.;...;jew. ME;PRO013;Produktionswert
81000;Volkswirtschaftliche Gesamtrechnungen des Bundes;JAHR;Jahr;2022;DINSG;Deutschland insgesamt;DG;Deutschland;VGRPB5;Preisbasis (jeweilige Preise / preisbereinigt);VGRPVU;preisbereinigt, unverkettete Volumenang.(Mrd. EUR);WZ08G3;WZ2008: Wirtschaftsbereiche der VGR;WZ08-50;Schifffahrt;41,926;jew. ME;PRO013;Produktionswert
81000;Volkswirtschaftliche Gesamtrechnungen des Bundes;JAHR;Jahr;2022;DINSG;Deutschland insgesamt;DG;Deutschland;VGRPB5;Preisbasis (jeweilige Preise / preisbereinigt);VGRPVK;preisbereinigt, verkettete Volumenang. (Mrd. EUR);WZ08G3;WZ2008: Wirtschaftsbereiche der VGR;WZ08-B-05;Produzierendes Gewerbe;2511,542;jew. ME;PRO013;Produktionswert
81000;Volkswirtschaftliche Gesamtrechnungen des Bundes;JAHR;Jahr;2023;DINSG;Deutschland insgesamt;DG;Deutschland;VGRPB5;Preisbasis (jeweilige Preise / preisbereinigt);VGRPKM;preisbereinigt, Kettenindex (2020=100);WZ08G3;WZ2008: Wirtschaftsbereiche der VGR;WZ08-95;Reparatur von DV-Geräten und Gebrauchsgütern;106,710;jew. ME;PRO013;Produktionswert
81000;Volkswirtschaftliche Gesamtrechnungen des Bundes;JAHR;Jahr;2021;DINSG;Deutschland insgesamt;DG;Deutschland;VGRPB5;Preisbasis (jeweilige Preise / preisbereinigt);VGRPKM;preisbereinigt, Kettenindex (2020=100);WZ08G3;WZ2008: Wirtschaftsbereiche der VGR;WZ08-72;Forschung und Entwicklung;136,030;jew. ME;PRO013;Produktionswert
81000;Volkswirtschaftliche Gesamtrechnungen des Bundes;JAHR;Jahr;2024;DINSG;Deutschland insgesamt;DG;Deutschland;VGRPB5;Preisbasis (jeweilige Preise / preisbereinigt);VGRPVK;preisbereinigt, verkettete Volumenang. (Mrd. EUR);WZ08G3;WZ2008: Wirtschaftsbereiche der VGR;WZ08-N;Sonstige wirtschaftliche Dienstleistungen;308,414;jew. ME;PRO013;Produktionswert
81000;Volkswirtschaftliche Gesamtrechnungen des Bundes;JAHR;Jahr;2022;DINSG;Deutschland insgesamt;DG;Deutschland;VGRPB5;Preisbasis (jeweilige Preise / preisbereinigt);VGRPKM;preisbereinigt, Kettenindex (2020=100);WZ08G3;WZ2008: Wirtschaftsbereiche der VGR;WZ08-58;Verlagswesen;85,430;jew. ME;PRO013;Produktionswert
81000;Volkswirtschaftliche Gesamtrechnungen des Bundes;JAHR;Jahr;2025;DINSG;Deutschland insgesamt;DG;Deutschland;VGRPB5;Preisbasis (jeweilige Preise / preisbereinigt);VGRPVK;preisbereinigt, verkettete Volumenang. (Mrd. EUR);WZ08G3;WZ2008: Wirtschaftsbereiche der VGR;WZ08-86;Gesundheitswesen;...;jew. ME;PRO013;Produktionswert
81000;Volkswirtschaftliche Gesamtrechnungen des Bundes;JAHR;Jahr;2024;DINSG;Deutschland insgesamt;DG;Deutschland;VGRPB5;Preisbasis (jeweilige Preise / preisbereinigt);VGRPVU;preisbereinigt, unverkettete Volumenang.(Mrd. EUR);WZ08G3;WZ2008: Wirtschaftsbereiche der VGR;WZ08-37-01;Abwasser-, Abfallentsorgung, Rückgewinnung;80,947;jew. ME;PRO013;Produktionswert
81000;Volkswirtschaftliche Gesamtrechnungen des Bundes;JAHR;Jahr;2024;DINSG;Deutschland insgesamt;DG;Deutschland;VGRPB5;Preisbasis (jeweilige Preise / preisbereinigt);VGRJPM;in jeweiligen Preisen (Mrd. EUR);WZ08G3;WZ2008: Wirtschaftsbereiche der VGR;WZ08-R-02;Sonstige Dienstleister;222,215;jew. ME;PRO013;Produktionswert
81000;Volkswirtschaftliche Gesamtrechnungen des Bundes;JAHR;Jahr;2021;DINSG;Deutschland insgesamt;DG;Deutschland;VGRPB5;Preisbasis (jeweilige Preise / preisbereinigt);VGRJPM;in jeweiligen Preisen (Mrd. EUR);WZ08G3;WZ2008: Wirtschaftsbereiche der VGR;WZ08-37-01;Abwasser-, Abfallentsorgung, Rückgewinnung;75,736;jew. ME;PRO013;Produktionswert
81000;Volkswirtschaftliche Gesamtrechnungen des Bundes;JAHR;Jahr;2022;DINSG;Deutschland insgesamt;DG;Deutschland;VGRPB5;Preisbasis (jeweilige Preise / preisbereinigt);VGRPVU;preisbereinigt, unverkettete Volumenang.(Mrd. EUR);WZ08G3;WZ2008: Wirtschaftsbereiche der VGR;WZ08-Q;Gesundheits- und Sozialwesen;454,448;jew. ME;PRO013;Produktionswert
81000;Volkswirtschaftliche Gesamtrechnungen des Bundes;JAHR;Jahr;2024;DINSG;Deutschland insgesamt;DG;Deutschland;VGRPB5;Preisbasis (jeweilige Preise / preisbereinigt);VGRPKM;preisbereinigt, Kettenindex (2020=100);WZ08G3;WZ2008: Wirtschaftsbereiche der VGR;WZ08-Q;Gesundheits- und Sozialwesen;103,150;jew. ME;PRO013;Produktionswert
81000;Volkswirtschaftliche Gesamtrechnungen des Bundes;JAHR;Jahr;2025;DINSG;Deutschland insgesamt;DG;Deutschland;VGRPB5;Preisbasis (jeweilige Preise / preisbereinigt);VGRPVU;preisbereinigt, unverkettete Volumenang.(Mrd. EUR);WZ08G3;WZ2008: Wirtschaftsbereiche der VGR;WZ08-46;Großhandel (ohne Handel mit Kraftfahrzeugen);...;jew. ME;PRO013;Produktionswert
81000;Volkswirtschaftliche Gesamtrechnungen des Bundes;JAHR;Jahr;2024;DINSG;Deutschland insgesamt;DG;Deutschland;VGRPB5;Preisbasis (jeweilige Preise / preisbereinigt);VGRJPM;in jeweiligen Preisen (Mrd. EUR);WZ08G3;WZ2008: Wirtschaftsbereiche der VGR;WZ08-61;Telekommunikation;75,317;jew. ME;PRO013;Produktionswert
81000;Volkswirtschaftliche Gesamtrechnungen des Bundes;JAHR;Jahr;2025;DINSG;Deutschland insgesamt;DG;Deutschland;VGRPB5;Preisbasis (jeweilige Preise / preisbereinigt);VGRJPM;in jeweiligen Preisen (Mrd. EUR);WZ08G3;WZ2008: Wirtschaftsbereiche der VGR;WZ08-65;Versicherungen, Rückversicherungen, Pensionskassen;...;jew. ME;PRO013;Produktionswert
81000;Volkswirtschaftliche Gesamtrechnungen des Bundes;JAHR;Jahr;2021;DINSG;Deutschland insgesamt;DG;Deutschland;VGRPB5;Preisbasis (jeweilige Preise / preisbereinigt);VGRPVK;preisbereinigt, verkettete Volumenang. (Mrd. EUR);WZ08G3;WZ2008: Wirtschaftsbereiche der VGR;WZ08-33;Reparatur u.Installation von Masch.u.Ausrüstungen;44,031;jew. ME;PRO013;Produktionswert
81000;Volkswirtschaftliche Gesamtrechnungen des Bundes;JAHR;Jahr;2022;DINSG;Deutschland insgesamt;DG;Deutschland;VGRPB5;Preisbasis (jeweilige Preise / preisbereinigt);VGRPKM;preisbereinigt, Kettenindex (2020=100);WZ08G3;WZ2008: Wirtschaftsbereiche der VGR;WZ08-13-01;Textil- und Bekleidungsgewerbe;111,050;jew. ME;PRO013;Produktionswert
81000;Volkswirtschaftliche Gesamtrechnungen des Bundes;JAHR;Jahr;2021;DINSG;Deutschland insgesamt;DG;Deutschland;VGRPB5;Preisbasis (jeweilige Preise / preisbereinigt);VGRPVK;preisbereinigt, verkettete Volumenang. (Mrd. EUR);WZ08G3;WZ2008: Wirtschaftsbereiche der VGR;WZ08-A-02;Alle Wirtschaftsbereiche;6587,649;jew. ME;PRO013;Produktionswert
81000;Volkswirtschaftliche Gesamtrechnungen des Bundes;JAHR;Jahr;2022;DINSG;Deutschland insgesamt;DG;Deutschland;VGRPB5;Preisbasis (jeweilige Preise / preisbereinigt);VGRPKM;preisbereinigt, Kettenindex (2020=100);WZ08G3;WZ2008: Wirtschaftsbereiche der VGR;WZ08-23;H.v.Glas,-waren,Keramik,Verarb. v.Steinen u.Erden;101,810;jew. ME;PRO013;Produktionswert
81000;Volkswirtschaftliche Gesamtrechnungen des Bundes;JAHR;Jahr;2025;DINSG;Deutschland insgesamt;DG;Deutschland;VGRPB5;Preisbasis (jeweilige Preise / preisbereinigt);VGRPKM;preisbereinigt, Kettenindex (2020=100);WZ08G3;WZ2008: Wirtschaftsbereiche der VGR;WZ08-021;Forstwirtschaft;...;jew. ME;PRO013;Produktionswert
81000;Volkswirtschaftliche Gesamtrechnungen des Bundes;JAHR;Jahr;2024;DINSG;Deutschland insgesamt;DG;Deutschland;VGRPB5;Preisbasis (jeweilige Preise / preisbereinigt);VGRJPM;in jeweiligen Preisen (Mrd. EUR);WZ08G3;WZ2008: Wirtschaftsbereiche der VGR;WZ08-031;Fischerei;0,704;jew. ME;PRO013;Produktionswert
81000;Volkswirtschaftliche Gesamtrechnungen des Bundes;JAHR;Jahr;2023;DINSG;Deutschland insgesamt;DG;Deutschland;VGRPB5;Preisbasis (jeweilige Preise / preisbereinigt);VGRPKM;preisbereinigt, Kettenindex (2020=100);WZ08G3;WZ2008: Wirtschaftsbereiche der VGR;WZ08-H;Verkehr und Lagerei;113,500;jew. ME;PRO013;Produktionswert
81000;Volkswirtschaftliche Gesamtrechnungen des Bundes;JAHR;Jahr;2023;DINSG;Deutschland insgesamt;DG;Deutschland;VGRPB5;Preisbasis (jeweilige Preise / preisbereinigt);VGRJPM;in jeweiligen Preisen (Mrd. EUR);WZ08G3;WZ2008: Wirtschaftsbereiche der VGR;WZ08-46;Großhandel (ohne Handel mit Kraftfahrzeugen);366,784;jew. ME;PRO013;Produktionswert
81000;Volkswirtschaftliche Gesamtrechnungen des Bundes;JAHR;Jahr;2025;DINSG;Deutschland insgesamt;DG;Deutschland;VGRPB5;Preisbasis (jeweilige Preise / preisbereinigt);VGRPVK;preisbereinigt, verkettete Volumenang. (Mrd. EUR);WZ08G3;WZ2008: Wirtschaftsbereiche der VGR;WZ08-31-01;Möbelherstellung, Installation von Maschinen;...;jew. ME;PRO013;Produktionswert
81000;Volkswirtschaftliche Gesamtrechnungen des Bundes;JAHR;Jahr;2025;DINSG;Deutschland insgesamt;DG;Deutschland;VGRPB5;Preisbasis (jeweilige Preise / preisbereinigt);VGRPVK;preisbereinigt, verkettete Volumenang. (Mrd. EUR);WZ08G3;WZ2008: Wirtschaftsbereiche der VGR;WZ08-29-01;Fahrzeugbau;...;jew. ME;PRO013;Produktionswert
81000;Volkswirtschaftliche Gesamtrechnungen des Bundes;JAHR;Jahr;2023;DINSG;Deutschland insgesamt;DG;Deutschland;VGRPB5;Preisbasis (jeweilige Preise / preisbereinigt);VGRPVU;preisbereinigt, unverkettete Volumenang.(Mrd. EUR);WZ08G3;WZ2008: Wirtschaftsbereiche der VGR;WZ08-A-02;Alle Wirtschaftsbereiche;7838,981;jew. ME;PRO013;Produktionswert
81000;Volkswirtschaftliche Gesamtrechnungen des Bundes;JAHR;Jahr;2022;DINSG;Deutschland insgesamt;DG;Deutschland;VGRPB5;Preisbasis (jeweilige Preise / preisbereinigt);VGRPVU;preisbereinigt, unverkettete Volumenang.(Mrd. EUR);WZ08G3;WZ2008: Wirtschaftsbereiche der VGR;WZ08-G-01;Handel, Verkehr, Gastgewerbe;1217,912;jew. ME;PRO013;Produktionswert
81000;Volkswirtschaftliche Gesamtrechnungen des Bundes;JAHR;Jahr;2025;DINSG;Deutschland insgesamt;DG;Deutschland;VGRPB5;Preisbasis (jeweilige Preise / preisbereinigt);VGRPVU;preisbereinigt, unverkettete Volumenang.(Mrd. EUR);WZ08G3;WZ2008: Wirtschaftsbereiche der VGR;WZ08-O-03;Öffentliche Dienstleister, Erziehung, Gesundheit;1192,484;jew. ME;PRO013;Produktionswert
81000;Volkswirtschaftliche Gesamtrechnungen des Bundes;JAHR;Jahr;2021;DINSG;Deutschland insgesamt;DG;Deutschland;VGRPB5;Preisbasis (jeweilige Preise / preisbereinigt);VGRPVK;preisbereinigt, verkettete Volumenang. (Mrd. EUR);WZ08G3;WZ2008: Wirtschaftsbereiche der VGR;WZ08-77;Vermietung von beweglichen Sachen;70,802;jew. ME;PRO013;Produktionswert
81000;Volkswirtschaftliche Gesamtrechnungen des Bundes;JAHR;Jahr;2024;DINSG;Deutschland insgesamt;DG;Deutschland;VGRPB5;Preisbasis (jeweilige Preise / preisbereinigt);VGRPKM;preisbereinigt, Kettenindex (2020=100);WZ08G3;WZ2008: Wirtschaftsbereiche der VGR;WZ08-B-05;Produzierendes Gewerbe;100,490;jew. ME;PRO013;Produktionswert
81000;Volkswirtschaftliche Gesamtrechnungen des Bundes;JAHR;Jahr;2024;DINSG;Deutschland insgesamt;DG;Deutschland;VGRPB5;Preisbasis (jeweilige Preise / preisbereinigt);VGRPVU;preisbereinigt, unverkettete Volumenang.(Mrd. EUR);WZ08G3;WZ2008: Wirtschaftsbereiche der VGR;WZ08-87-01;Heime und Sozialwesen;176,601;jew. ME;PRO013;Produktionswert
81000;Volkswirtschaftliche Gesamtrechnungen des Bundes;JAHR;Jahr;2025;DINSG;Deutschland insgesamt;DG;Deutschland;VGRPB5;Preisbasis (jeweilige Preise / preisbereinigt);VGRPVK;preisbereinigt, verkettete Volumenang. (Mrd. EUR);WZ08G3;WZ2008: Wirtschaftsbereiche der VGR;WZ08-20;Herstellung von chemischen Erzeugnissen;...;jew. ME;PRO013;Produktionswert
81000;Volkswirtschaftliche Gesamtrechnungen des Bundes;JAHR;Jahr;2021;DINSG;Deutschland insgesamt;DG;Deutschland;VGRPB5;Preisbasis (jeweilige Preise / preisbereinigt);VGRPKM;preisbereinigt, Kettenindex (2020=100);WZ08G3;WZ2008: Wirtschaftsbereiche der VGR;WZ08-94;Interessenvertr., kirchl. u. sonst. Vereinigungen;99,600;jew. ME;PRO013;Produktionswert
81000;Volkswirtschaftliche Gesamtrechnungen des Bundes;JAHR;Jahr;2021;DINSG;Deutschland insgesamt;DG;Deutschland;VGRPB5;Preisbasis (jeweilige Preise / preisbereinigt);VGRPVK;preisbereinigt, verkettete Volumenang. (Mrd. EUR);WZ08G3;WZ2008: Wirtschaftsbereiche der VGR;WZ08-20;Herstellung von chemischen Erzeugnissen;149,969;jew. ME;PRO013;Produktionswert
81000;Volkswirtschaftliche Gesamtrechnungen des Bundes;JAHR;Jahr;2021;DINSG;Deutschland insgesamt;DG;Deutschland;VGRPB5;Preisbasis (jeweilige Preise / preisbereinigt);VGRPVU;preisbereinigt, unverkettete Volumenang.(Mrd. EUR);WZ08G3;WZ2008: Wirtschaftsbereiche der VGR;WZ08-24;Metallerzeugung und -bearbeitung;98,834;jew. ME;PRO013;Produktionswert
81000;Volkswirtschaftliche Gesamtrechnungen des Bundes;JAHR;Jahr;2025;DINSG;Deutschland insgesamt;DG;Deutschland;VGRPB5;Preisbasis (jeweilige Preise / preisbereinigt);VGRPKM;preisbereinigt, Kettenindex (2020=100);WZ08G3;WZ2008: Wirtschaftsbereiche der VGR;WZ08-94;Interessenvertr., kirchl. u. sonst. Vereinigungen;...;jew. ME;PRO013;Produktionswert
81000;Volkswirtschaftliche Gesamtrechnungen des Bundes;JAHR;Jahr;2022;DINSG;Deutschland insgesamt;DG;Deutschland;VGRPB5;Preisbasis (jeweilige Preise / preisbereinigt);VGRJPM;in jeweiligen Preisen (Mrd. EUR);WZ08G3;WZ2008: Wirtschaftsbereiche der VGR;WZ08-71;Architektur-,Ing.büros,techn.,physik.Untersuchung;119,019;jew. ME;PRO013;Produktionswert
81000;Volkswirtschaftliche Gesamtrechnungen des Bundes;JAHR;Jahr;2025;DINSG;Deutschland insgesamt;DG;Deutschland;VGRPB5;Preisbasis (jeweilige Preise / preisbereinigt);VGRPVU;preisbereinigt, unverkettete Volumenang.(Mrd. EUR);WZ08G3;WZ2008: Wirtschaftsbereiche der VGR;WZ08-80-01;Unternehmensdienstleister a.n.g.;...;jew. ME;PRO013;Produktionswert
81000;Volkswirtschaftliche Gesamtrechnungen des Bundes;JAHR;Jahr;2024;DINSG;Deutschland insgesamt;DG;Deutschland;VGRPB5;Preisbasis (jeweilige Preise / preisbereinigt);VGRPVK;preisbereinigt, verkettete Volumenang. (Mrd. EUR);WZ08G3;WZ2008: Wirtschaftsbereiche der VGR;WZ08-29;Herstellung von Kraftwagen und Kraftwagenteilen;392,773;jew. ME;PRO013;Produktionswert
81000;Volkswirtschaftliche Gesamtrechnungen des Bundes;JAHR;Jahr;2022;DINSG;Deutschland insgesamt;DG;Deutschland;VGRPB5;Preisbasis (jeweilige Preise / preisbereinigt);VGRJPM;in jeweiligen Preisen (Mrd. EUR);WZ08G3;WZ2008: Wirtschaftsbereiche der VGR;WZ08-18;H.v. Druckerz., Vervielf.v.Ton-,Bild-,Datenträgern;17,879;jew. ME;PRO013;Produktionswert
81000;Volkswirtschaftliche Gesamtrechnungen des Bundes;JAHR;Jahr;2025;DINSG;Deutschland insgesamt;DG;Deutschland;VGRPB5;Preisbasis (jeweilige Preise / preisbereinigt);VGRPKM;preisbereinigt, Kettenindex (2020=100);WZ08G3;WZ2008: Wirtschaftsbereiche der VGR;WZ08-19;Kokerei und Mineralölverarbeitung;...;jew. ME;PRO013;Produktionswert
81000;Volkswirtschaftliche Gesamtrechnungen des Bundes;JAHR;Jahr;2023;DINSG;Deutschland insgesamt;DG;Deutschland;VGRPB5;Preisbasis (jeweilige Preise / preisbereinigt);VGRPVK;preisbereinigt, verkettete Volumenang. (Mrd. EUR);WZ08G3;WZ2008: Wirtschaftsbereiche der VGR;WZ08-41;Hochbau;71,035;jew. ME;PRO013;Produktionswert
81000;Volkswirtschaftliche Gesamtrechnungen des Bundes;JAHR;Jahr;2022;DINSG;Deutschland insgesamt;DG;Deutschland;VGRPB5;Preisbasis (jeweilige Preise / preisbereinigt);VGRPKM;preisbereinigt, Kettenindex (2020=100);WZ08G3;WZ2008: Wirtschaftsbereiche der VGR;WZ08-80-01;Unternehmensdienstleister a.n.g.;120,070;jew. ME;PRO013;Produktionswert
81000;Volkswirtschaftliche Gesamtrechnungen des Bundes;JAHR;Jahr;2022;DINSG;Deutschland insgesamt;DG;Deutschland;VGRPB5;Preisbasis (jeweilige Preise / preisbereinigt);VGRPKM;preisbereinigt, Kettenindex (2020=100);WZ08G3;WZ2008: Wirtschaftsbereiche der VGR;WZ08-29-01;Fahrzeugbau;113,550;jew. ME;PRO013;Produktionswert
81000;Volkswirtschaftliche Gesamtrechnungen des Bundes;JAHR;Jahr;2023;DINSG;Deutschland insgesamt;DG;Deutschland;VGRPB5;Preisbasis (jeweilige Preise / preisbereinigt);VGRPKM;preisbereinigt, Kettenindex (2020=100);WZ08G3;WZ2008: Wirtschaftsbereiche der VGR;WZ08-A-02;Alle Wirtschaftsbereiche;107,030;jew. ME;PRO013;Produktionswert
81000;Volkswirtschaftliche Gesamtrechnungen des Bundes;JAHR;Jahr;2021;DINSG;Deutschland insgesamt;DG;Deutschland;VGRPB5;Preisbasis (jeweilige Preise / preisbereinigt);VGRPKM;preisbereinigt, Kettenindex (2020=100);WZ08G3;WZ2008: Wirtschaftsbereiche der VGR;WZ08-19;Kokerei und Mineralölverarbeitung;98,360;jew. ME;PRO013;Produktionswert
81000;Volkswirtschaftliche Gesamtrechnungen des Bundes;JAHR;Jahr;2022;DINSG;Deutschland insgesamt;DG;Deutschland;VGRPB5;Preisbasis (jeweilige Preise / preisbereinigt);VGRJPM;in jeweiligen Preisen (Mrd. EUR);WZ08G3;WZ2008: Wirtschaftsbereiche der VGR;WZ08-90-01;Kunst und Kultur, Glücksspiel;39,145;jew. ME;PRO013;Produktionswert
81000;Volkswirtschaftliche Gesamtrechnungen des Bundes;JAHR;Jahr;2025;DINSG;Deutschland insgesamt;DG;Deutschland;VGRPB5;Preisbasis (jeweilige Preise / preisbereinigt);VGRPVK;preisbereinigt, verkettete Volumenang. (Mrd. EUR);WZ08G3;WZ2008: Wirtschaftsbereiche der VGR;WZ08-13-01;Textil- und Bekleidungsgewerbe;...;jew. ME;PRO013;Produktionswert
81000;Volkswirtschaftliche Gesamtrechnungen des Bundes;JAHR;Jahr;2024;DINSG;Deutschland insgesamt;DG;Deutschland;VGRPB5;Preisbasis (jeweilige Preise / preisbereinigt);VGRPKM;preisbereinigt, Kettenindex (2020=100);WZ08G3;WZ2008: Wirtschaftsbereiche der VGR;WZ08-G-04;Dienstleistungsbereiche;112,670;jew. ME;PRO013;Produktionswert
81000;Volkswirtschaftliche Gesamtrechnungen des Bundes;JAHR;Jahr;2022;DINSG;Deutschland insgesamt;DG;Deutschland;VGRPB5;Preisbasis (jeweilige Preise / preisbereinigt);VGRPVU;preisbereinigt, unverkettete Volumenang.(Mrd. EUR);WZ08G3;WZ2008: Wirtschaftsbereiche der VGR;WZ08-41;Hochbau;87,078;jew. ME;PRO013;Produktionswert
81000;Volkswirtschaftliche Gesamtrechnungen des Bundes;JAHR;Jahr;2021;DINSG;Deutschland insgesamt;DG;Deutschland;VGRPB5;Preisbasis (jeweilige Preise / preisbereinigt);VGRPVK;preisbereinigt, verkettete Volumenang. (Mrd. EUR);WZ08G3;WZ2008: Wirtschaftsbereiche der VGR;WZ08-69-02;Rechts- und Steuerberatung, Unternehmensberatung;224,695;jew. ME;PRO013;Produktionswert
81000;Volkswirtschaftliche Gesamtrechnungen des Bundes;JAHR;Jahr;2025;DINSG;Deutschland insgesamt;DG;Deutschland;VGRPB5;Preisbasis (jeweilige Preise / preisbereinigt);VGRPVU;preisbereinigt, unverkettete Volumenang.(Mrd. EUR);WZ08G3;WZ2008: Wirtschaftsbereiche der VGR;WZ08-24;Metallerzeugung und -bearbeitung;...;jew. ME;PRO013;Produktionswert
81000;Volkswirtschaftliche Gesamtrechnungen des Bundes;JAHR;Jahr;2024;DINSG;Deutschland insgesamt;DG;Deutschland;VGRPB5;Preisbasis (jeweilige Preise / preisbereinigt);VGRPVK;preisbereinigt, verkettete Volumenang. (Mrd. EUR);WZ08G3;WZ2008: Wirtschaftsbereiche der VGR;WZ08-G-01;Handel, Verkehr, Gastgewerbe;1153,998;jew. ME;PRO013;Produktionswert
81000;Volkswirtschaftliche Gesamtrechnungen des Bundes;JAHR;Jahr;2022;DINSG;Deutschland insgesamt;DG;Deutschland;VGRPB5;Preisbasis (jeweilige Preise / preisbereinigt);VGRPKM;preisbereinigt, Kettenindex (2020=100);WZ08G3;WZ2008: Wirtschaftsbereiche der VGR;WZ08-L;Grundstücks- und Wohnungswesen;105,010;jew. ME;PRO013;Produktionswert
81000;Volkswirtschaftliche Gesamtrechnungen des Bundes;JAHR;Jahr;2023;DINSG;Deutschland insgesamt;DG;Deutschland;VGRPB5;Preisbasis (jeweilige Preise / preisbereinigt);VGRJPM;in jeweiligen Preisen (Mrd. EUR);WZ08G3;WZ2008: Wirtschaftsbereiche der VGR;WZ08-20;Herstellung von chemischen Erzeugnissen;168,006;jew. ME;PRO013;Produktionswert
81000;Volkswirtschaftliche Gesamtrechnungen des Bundes;JAHR;Jahr;2021;DINSG;Deutschland insgesamt;DG;Deutschland;VGRPB5;Preisbasis (jeweilige Preise / preisbereinigt);VGRJPM;in jeweiligen Preisen (Mrd. EUR);WZ08G3;WZ2008: Wirtschaftsbereiche der VGR;WZ08-22-01;H.v. Gummi-, Kunststoff-, Glaswaren, Keramik u.Ä.;144,263;jew. ME;PRO013;Produktionswert
81000;Volkswirtschaftliche Gesamtrechnungen des Bundes;JAHR;Jahr;2024;DINSG;Deutschland insgesamt;DG;Deutschland;VGRPB5;Preisbasis (jeweilige Preise / preisbereinigt);VGRPKM;preisbereinigt, Kettenindex (2020=100);WZ08G3;WZ2008: Wirtschaftsbereiche der VGR;WZ08-22;Herstellung von Gummi- und Kunststoffwaren;93,750;jew. ME;PRO013;Produktionswert
81000;Volkswirtschaftliche Gesamtrechnungen des Bundes;JAHR;Jahr;2023;DINSG;Deutschland insgesamt;DG;Deutschland;VGRPB5;Preisbasis (jeweilige Preise / preisbereinigt);VGRPKM;preisbereinigt, Kettenindex (2020=100);WZ08G3;WZ2008: Wirtschaftsbereiche der VGR;WZ08-29;Herstellung von Kraftwagen und Kraftwagenteilen;122,890;jew. ME;PRO013;Produktionswert
81000;Volkswirtschaftliche Gesamtrechnungen des Bundes;JAHR;Jahr;2021;DINSG;Deutschland insgesamt;DG;Deutschland;VGRPB5;Preisbasis (jeweilige Preise / preisbereinigt);VGRPVK;preisbereinigt, verkettete Volumenang. (Mrd. EUR);WZ08G3;WZ2008: Wirtschaftsbereiche der VGR;WZ08-90-01;Kunst und Kultur, Glücksspiel;27,518;jew. ME;PRO013;Produktionswert
81000;Volkswirtschaftliche Gesamtrechnungen des Bundes;JAHR;Jahr;2024;DINSG;Deutschland insgesamt;DG;Deutschland;VGRPB5;Preisbasis (jeweilige Preise / preisbereinigt);VGRJPM;in jeweiligen Preisen (Mrd. EUR);WZ08G3;WZ2008: Wirtschaftsbereiche der VGR;WZ08-17;Herstellung von Papier, Pappe und Waren daraus;42,688;jew. ME;PRO013;Produktionswert
81000;Volkswirtschaftliche Gesamtrechnungen des Bundes;JAHR;Jahr;2023;DINSG;Deutschland insgesamt;DG;Deutschland;VGRPB5;Preisbasis (jeweilige Preise / preisbereinigt);VGRJPM;in jeweiligen Preisen (Mrd. EUR);WZ08G3;WZ2008: Wirtschaftsbereiche der VGR;WZ08-B-05;Produzierendes Gewerbe;3203,280;jew. ME;PRO013;Produktionswert
81000;Volkswirtschaftliche Gesamtrechnungen des Bundes;JAHR;Jahr;2021;DINSG;Deutschland insgesamt;DG;Deutschland;VGRPB5;Preisbasis (jeweilige Preise / preisbereinigt);VGRJPM;in jeweiligen Preisen (Mrd. EUR);WZ08G3;WZ2008: Wirtschaftsbereiche der VGR;WZ08-Q;Gesundheits- und Sozialwesen;441,962;jew. ME;PRO013;Produktionswert
81000;Volkswirtschaftliche Gesamtrechnungen des Bundes;JAHR;Jahr;2025;DINSG;Deutschland insgesamt;DG;Deutschland;VGRPB5;Preisbasis (jeweilige Preise / preisbereinigt);VGRPKM;preisbereinigt, Kettenindex (2020=100);WZ08G3;WZ2008: Wirtschaftsbereiche der VGR;WZ08-58-01;Verlagswesen, audiovisuelle Medien und Rundfunk;...;jew. ME;PRO013;Produktionswert
81000;Volkswirtschaftliche Gesamtrechnungen des Bundes;JAHR;Jahr;2023;DINSG;Deutschland insgesamt;DG;Deutschland;VGRPB5;Preisbasis (jeweilige Preise / preisbereinigt);VGRPVU;preisbereinigt, unverkettete Volumenang.(Mrd. EUR);WZ08G3;WZ2008: Wirtschaftsbereiche der VGR;WZ08-25;Herstellung von Metallerzeugnissen;158,731;jew. ME;PRO013;Produktionswert
81000;Volkswirtschaftliche Gesamtrechnungen des Bundes;JAHR;Jahr;2025;DINSG;Deutschland insgesamt;DG;Deutschland;VGRPB5;Preisbasis (jeweilige Preise / preisbereinigt);VGRPVK;preisbereinigt, verkettete Volumenang. (Mrd. EUR);WZ08G3;WZ2008: Wirtschaftsbereiche der VGR;WZ08-42;Tiefbau;...;jew. ME;PRO013;Produktionswert
81000;Volkswirtschaftliche Gesamtrechnungen des Bundes;JAHR;Jahr;2023;DINSG;Deutschland insgesamt;DG;Deutschland;VGRPB5;Preisbasis (jeweilige Preise / preisbereinigt);VGRJPM;in jeweiligen Preisen (Mrd. EUR);WZ08G3;WZ2008: Wirtschaftsbereiche der VGR;WZ08-33;Reparatur u.Installation von Masch.u.Ausrüstungen;60,238;jew. ME;PRO013;Produktionswert
81000;Volkswirtschaftliche Gesamtrechnungen des Bundes;JAHR;Jahr;2022;DINSG;Deutschland insgesamt;DG;Deutschland;VGRPB5;Preisbasis (jeweilige Preise / preisbereinigt);VGRJPM;in jeweiligen Preisen (Mrd. EUR);WZ08G3;WZ2008: Wirtschaftsbereiche der VGR;WZ08-93;Dienstleistungen d.Sports,d.Unterhaltg.u.Erholung;35,968;jew. ME;PRO013;Produktionswert
81000;Volkswirtschaftliche Gesamtrechnungen des Bundes;JAHR;Jahr;2021;DINSG;Deutschland insgesamt;DG;Deutschland;VGRPB5;Preisbasis (jeweilige Preise / preisbereinigt);VGRPVK;preisbereinigt, verkettete Volumenang. (Mrd. EUR);WZ08G3;WZ2008: Wirtschaftsbereiche der VGR;WZ08-42;Tiefbau;49,087;jew. ME;PRO013;Produktionswert
81000;Volkswirtschaftliche Gesamtrechnungen des Bundes;JAHR;Jahr;2023;DINSG;Deutschland insgesamt;DG;Deutschland;VGRPB5;Preisbasis (jeweilige Preise / preisbereinigt);VGRPVK;preisbereinigt, verkettete Volumenang. (Mrd. EUR);WZ08G3;WZ2008: Wirtschaftsbereiche der VGR;WZ08-G;Handel, Instandhaltung und Reparatur von Kfz;616,288;jew. ME;PRO013;Produktionswert
81000;Volkswirtschaftliche Gesamtrechnungen des Bundes;JAHR;Jahr;2024;DINSG;Deutschland insgesamt;DG;Deutschland;VGRPB5;Preisbasis (jeweilige Preise / preisbereinigt);VGRPKM;preisbereinigt, Kettenindex (2020=100);WZ08G3;WZ2008: Wirtschaftsbereiche der VGR;WZ08-79;Reisebüros, -veranstalter u. sonst. Reservierungen;217,210;jew. ME;PRO013;Produktionswert
81000;Volkswirtschaftliche Gesamtrechnungen des Bundes;JAHR;Jahr;2021;DINSG;Deutschland insgesamt;DG;Deutschland;VGRPB5;Preisbasis (jeweilige Preise / preisbereinigt);VGRPVU;preisbereinigt, unverkettete Volumenang.(Mrd. EUR);WZ08G3;WZ2008: Wirtschaftsbereiche der VGR;WZ08-J;Information und Kommunikation;331,198;jew. ME;PRO013;Produktionswert
81000;Volkswirtschaftliche Gesamtrechnungen des Bundes;JAHR;Jahr;2022;DINSG;Deutschland insgesamt;DG;Deutschland;VGRPB5;Preisbasis (jeweilige Preise / preisbereinigt);VGRPKM;preisbereinigt, Kettenindex (2020=100);WZ08G3;WZ2008: Wirtschaftsbereiche der VGR;WZ08-G-01;Handel, Verkehr, Gastgewerbe;110,740;jew. ME;PRO013;Produktionswert
81000;Volkswirtschaftliche Gesamtrechnungen des Bundes;JAHR;Jahr;2021;DINSG;Deutschland insgesamt;DG;Deutschland;VGRPB5;Preisbasis (jeweilige Preise / preisbereinigt);VGRPKM;preisbereinigt, Kettenindex (2020=100);WZ08G3;WZ2008: Wirtschaftsbereiche der VGR;WZ08-62-01;IT- und Informationsdienstleister;115,980;jew. ME;PRO013;Produktionswert
81000;Volkswirtschaftliche Gesamtrechnungen des Bundes;JAHR;Jahr;2021;DINSG;Deutschland insgesamt;DG;Deutschland;VGRPB5;Preisbasis (jeweilige Preise / preisbereinigt);VGRPVU;preisbereinigt, unverkettete Volumenang.(Mrd. EUR);WZ08G3;WZ2008: Wirtschaftsbereiche der VGR;WZ08-90-01;Kunst und Kultur, Glücksspiel;27,517;jew. ME;PRO013;Produktionswert
81000;Volkswirtschaftliche Gesamtrechnungen des Bundes;JAHR;Jahr;2024;DINSG;Deutschland insgesamt;DG;Deutschland;VGRPB5;Preisbasis (jeweilige Preise / preisbereinigt);VGRPVU;preisbereinigt, unverkettete Volumenang.(Mrd. EUR);WZ08G3;WZ2008: Wirtschaftsbereiche der VGR;WZ08-E;Wasserversorg.,Entsorg.,Beseitig.v.Umweltverschm.;92,375;jew. ME;PRO013;Produktionswert
81000;Volkswirtschaftliche Gesamtrechnungen des Bundes;JAHR;Jahr;2024;DINSG;Deutschland insgesamt;DG;Deutschland;VGRPB5;Preisbasis (jeweilige Preise / preisbereinigt);VGRPKM;preisbereinigt, Kettenindex (2020=100);WZ08G3;WZ2008: Wirtschaftsbereiche der VGR;WZ08-B-18;Produzierendes Gewerbe ohne Baugewerbe;103,350;jew. ME;PRO013;Produktionswert
81000;Volkswirtschaftliche Gesamtrechnungen des Bundes;JAHR;Jahr;2022;DINSG;Deutschland insgesamt;DG;Deutschland;VGRPB5;Preisbasis (jeweilige Preise / preisbereinigt);VGRJPM;in jeweiligen Preisen (Mrd. EUR);WZ08G3;WZ2008: Wirtschaftsbereiche der VGR;WZ08-I;Gastgewerbe;121,973;jew. ME;PRO013;Produktionswert
81000;Volkswirtschaftliche Gesamtrechnungen des Bundes;JAHR;Jahr;2025;DINSG;Deutschland insgesamt;DG;Deutschland;VGRPB5;Preisbasis (jeweilige Preise / preisbereinigt);VGRJPM;in jeweiligen Preisen (Mrd. EUR);WZ08G3;WZ2008: Wirtschaftsbereiche der VGR;WZ08-D;Energieversorgung;242,799;jew. ME;PRO013;Produktionswert
81000;Volkswirtschaftliche Gesamtrechnungen des Bundes;JAHR;Jahr;2025;DINSG;Deutschland insgesamt;DG;Deutschland;VGRPB5;Preisbasis (jeweilige Preise / preisbereinigt);VGRPVU;preisbereinigt, unverkettete Volumenang.(Mrd. EUR);WZ08G3;WZ2008: Wirtschaftsbereiche der VGR;WZ08-N;Sonstige wirtschaftliche Dienstleistungen;372,360;jew. ME;PRO013;Produktionswert
81000;Volkswirtschaftliche Gesamtrechnungen des Bundes;JAHR;Jahr;2025;DINSG;Deutschland insgesamt;DG;Deutschland;VGRPB5;Preisbasis (jeweilige Preise / preisbereinigt);VGRJPM;in jeweiligen Preisen (Mrd. EUR);WZ08G3;WZ2008: Wirtschaftsbereiche der VGR;WZ08-21;Herstellung von pharmazeutischen Erzeugnissen;...;jew. ME;PRO013;Produktionswert
81000;Volkswirtschaftliche Gesamtrechnungen des Bundes;JAHR;Jahr;2025;DINSG;Deutschland insgesamt;DG;Deutschland;VGRPB5;Preisbasis (jeweilige Preise / preisbereinigt);VGRPVK;preisbereinigt, verkettete Volumenang. (Mrd. EUR);WZ08G3;WZ2008: Wirtschaftsbereiche der VGR;WZ08-80-01;Unternehmensdienstleister a.n.g.;...;jew. ME;PRO013;Produktionswert
81000;Volkswirtschaftliche Gesamtrechnungen des Bundes;JAHR;Jahr;2021;DINSG;Deutschland insgesamt;DG;Deutschland;VGRPB5;Preisbasis (jeweilige Preise / preisbereinigt);VGRJPM;in jeweiligen Preisen (Mrd. EUR);WZ08G3;WZ2008: Wirtschaftsbereiche der VGR;WZ08-21;Herstellung von pharmazeutischen Erzeugnissen;61,255;jew. ME;PRO013;Produktionswert
81000;Volkswirtschaftliche Gesamtrechnungen des Bundes;JAHR;Jahr;2025;DINSG;Deutschland insgesamt;DG;Deutschland;VGRPB5;Preisbasis (jeweilige Preise / preisbereinigt);VGRPVK;preisbereinigt, verkettete Volumenang. (Mrd. EUR);WZ08G3;WZ2008: Wirtschaftsbereiche der VGR;WZ08-77;Vermietung von beweglichen Sachen;...;jew. ME;PRO013;Produktionswert
81000;Volkswirtschaftliche Gesamtrechnungen des Bundes;JAHR;Jahr;2024;DINSG;Deutschland insgesamt;DG;Deutschland;VGRPB5;Preisbasis (jeweilige Preise / preisbereinigt);VGRPKM;preisbereinigt, Kettenindex (2020=100);WZ08G3;WZ2008: Wirtschaftsbereiche der VGR;WZ08-24-01;Metallgewerbe;101,030;jew. ME;PRO013;Produktionswert
81000;Volkswirtschaftliche Gesamtrechnungen des Bundes;JAHR;Jahr;2024;DINSG;Deutschland insgesamt;DG;Deutschland;VGRPB5;Preisbasis (jeweilige Preise / preisbereinigt);VGRPVK;preisbereinigt, verkettete Volumenang. (Mrd. EUR);WZ08G3;WZ2008: Wirtschaftsbereiche der VGR;WZ08-16;H.v. Holz-, Flecht-, Korb-u.Korkwaren (ohne Möbel);23,410;jew. ME;PRO013;Produktionswert
81000;Volkswirtschaftliche Gesamtrechnungen des Bundes;JAHR;Jahr;2025;DINSG;Deutschland insgesamt;DG;Deutschland;VGRPB5;Preisbasis (jeweilige Preise / preisbereinigt);VGRPKM;preisbereinigt, Kettenindex (2020=100);WZ08G3;WZ2008: Wirtschaftsbereiche der VGR;WZ08-24;Metallerzeugung und -bearbeitung;...;jew. ME;PRO013;Produktionswert
81000;Volkswirtschaftliche Gesamtrechnungen des Bundes;JAHR;Jahr;2021;DINSG;Deutschland insgesamt;DG;Deutschland;VGRPB5;Preisbasis (jeweilige Preise / preisbereinigt);VGRPKM;preisbereinigt, Kettenindex (2020=100);WZ08G3;WZ2008: Wirtschaftsbereiche der VGR;WZ08-28;Maschinenbau;107,950;jew. ME;PRO013;Produktionswert
81000;Volkswirtschaftliche Gesamtrechnungen des Bundes;JAHR;Jahr;2022;DINSG;Deutschland insgesamt;DG;Deutschland;VGRPB5;Preisbasis (jeweilige Preise / preisbereinigt);VGRPKM;preisbereinigt, Kettenindex (2020=100);WZ08G3;WZ2008: Wirtschaftsbereiche der VGR;WZ08-27;Herstellung von elektrischen Ausrüstungen;113,080;jew. ME;PRO013;Produktionswert
81000;Volkswirtschaftliche Gesamtrechnungen des Bundes;JAHR;Jahr;2024;DINSG;Deutschland insgesamt;DG;Deutschland;VGRPB5;Preisbasis (jeweilige Preise / preisbereinigt);VGRPVU;preisbereinigt, unverkettete Volumenang.(Mrd. EUR);WZ08G3;WZ2008: Wirtschaftsbereiche der VGR;WZ08-53;Post-, Kurier- und Expressdienste;62,800;jew. ME;PRO013;Produktionswert
81000;Volkswirtschaftliche Gesamtrechnungen des Bundes;JAHR;Jahr;2025;DINSG;Deutschland insgesamt;DG;Deutschland;VGRPB5;Preisbasis (jeweilige Preise / preisbereinigt);VGRPKM;preisbereinigt, Kettenindex (2020=100);WZ08G3;WZ2008: Wirtschaftsbereiche der VGR;WZ08-M;Freiberufliche, wiss. u. techn. Dienstleistungen;123,040;jew. ME;PRO013;Produktionswert
81000;Volkswirtschaftliche Gesamtrechnungen des Bundes;JAHR;Jahr;2025;DINSG;Deutschland insgesamt;DG;Deutschland;VGRPB5;Preisbasis (jeweilige Preise / preisbereinigt);VGRPVK;preisbereinigt, verkettete Volumenang. (Mrd. EUR);WZ08G3;WZ2008: Wirtschaftsbereiche der VGR;WZ08-J;Information und Kommunikation;398,008;jew. ME;PRO013;Produktionswert
81000;Volkswirtschaftliche Gesamtrechnungen des Bundes;JAHR;Jahr;2023;DINSG;Deutschland insgesamt;DG;Deutschland;VGRPB5;Preisbasis (jeweilige Preise / preisbereinigt);VGRPVK;preisbereinigt, verkettete Volumenang. (Mrd. EUR);WZ08G3;WZ2008: Wirtschaftsbereiche der VGR;WZ08-01;Landwirtschaft, Jagd und verbundene Tätigkeiten;52,916;jew. ME;PRO013;Produktionswert
81000;Volkswirtschaftliche Gesamtrechnungen des Bundes;JAHR;Jahr;2021;DINSG;Deutschland insgesamt;DG;Deutschland;VGRPB5;Preisbasis (jeweilige Preise / preisbereinigt);VGRPVU;preisbereinigt, unverkettete Volumenang.(Mrd. EUR);WZ08G3;WZ2008: Wirtschaftsbereiche der VGR;WZ08-73-01;Sonst.freiberufl., wissenschaftl., techn. Dienstl.;61,363;jew. ME;PRO013;Produktionswert
81000;Volkswirtschaftliche Gesamtrechnungen des Bundes;JAHR;Jahr;2022;DINSG;Deutschland insgesamt;DG;Deutschland;VGRPB5;Preisbasis (jeweilige Preise / preisbereinigt);VGRPVK;preisbereinigt, verkettete Volumenang. (Mrd. EUR);WZ08G3;WZ2008: Wirtschaftsbereiche der VGR;WZ08-G;Handel, Instandhaltung und Reparatur von Kfz;635,933;jew. ME;PRO013;Produktionswert
81000;Volkswirtschaftliche Gesamtrechnungen des Bundes;JAHR;Jahr;2021;DINSG;Deutschland insgesamt;DG;Deutschland;VGRPB5;Preisbasis (jeweilige Preise / preisbereinigt);VGRPVK;preisbereinigt, verkettete Volumenang. (Mrd. EUR);WZ08G3;WZ2008: Wirtschaftsbereiche der VGR;WZ08-F;Baugewerbe;369,227;jew. ME;PRO013;Produktionswert
81000;Volkswirtschaftliche Gesamtrechnungen des Bundes;JAHR;Jahr;2023;DINSG;Deutschland insgesamt;DG;Deutschland;VGRPB5;Preisbasis (jeweilige Preise / preisbereinigt);VGRPKM;preisbereinigt, Kettenindex (2020=100);WZ08G3;WZ2008: Wirtschaftsbereiche der VGR;WZ08-29-01;Fahrzeugbau;121,710;jew. ME;PRO013;Produktionswert
81000;Volkswirtschaftliche Gesamtrechnungen des Bundes;JAHR;Jahr;2023;DINSG;Deutschland insgesamt;DG;Deutschland;VGRPB5;Preisbasis (jeweilige Preise / preisbereinigt);VGRPVU;preisbereinigt, unverkettete Volumenang.(Mrd. EUR);WZ08G3;WZ2008: Wirtschaftsbereiche der VGR;WZ08-M;Freiberufliche, wiss. u. techn. Dienstleistungen;518,922;jew. ME;PRO013;Produktionswert
81000;Volkswirtschaftliche Gesamtrechnungen des Bundes;JAHR;Jahr;2024;DINSG;Deutschland insgesamt;DG;Deutschland;VGRPB5;Preisbasis (jeweilige Preise / preisbereinigt);VGRPVK;preisbereinigt, verkettete Volumenang. (Mrd. EUR);WZ08G3;WZ2008: Wirtschaftsbereiche der VGR;WZ08-R-02;Sonstige Dienstleister;190,812;jew. ME;PRO013;Produktionswert
81000;Volkswirtschaftliche Gesamtrechnungen des Bundes;JAHR;Jahr;2025;DINSG;Deutschland insgesamt;DG;Deutschland;VGRPB5;Preisbasis (jeweilige Preise / preisbereinigt);VGRJPM;in jeweiligen Preisen (Mrd. EUR);WZ08G3;WZ2008: Wirtschaftsbereiche der VGR;WZ08-47;Einzelhandel (ohne Handel mit Kraftfahrzeugen);...;jew. ME;PRO013;Produktionswert
81000;Volkswirtschaftliche Gesamtrechnungen des Bundes;JAHR;Jahr;2025;DINSG;Deutschland insgesamt;DG;Deutschland;VGRPB5;Preisbasis (jeweilige Preise / preisbereinigt);VGRPVU;preisbereinigt, unverkettete Volumenang.(Mrd. EUR);WZ08G3;WZ2008: Wirtschaftsbereiche der VGR;WZ08-64;Erbringung von Finanzdienstleistungen;...;jew. ME;PRO013;Produktionswert
81000;Volkswirtschaftliche Gesamtrechnungen des Bundes;JAHR;Jahr;2025;DINSG;Deutschland insgesamt;DG;Deutschland;VGRPB5;Preisbasis (jeweilige Preise / preisbereinigt);VGRPVU;preisbereinigt, unverkettete Volumenang.(Mrd. EUR);WZ08G3;WZ2008: Wirtschaftsbereiche der VGR;WZ08-73-01;Sonst.freiberufl., wissenschaftl., techn. Dienstl.;...;jew. ME;PRO013;Produktionswert
81000;Volkswirtschaftliche Gesamtrechnungen des Bundes;JAHR;Jahr;2024;DINSG;Deutschland insgesamt;DG;Deutschland;VGRPB5;Preisbasis (jeweilige Preise / preisbereinigt);VGRJPM;in jeweiligen Preisen (Mrd. EUR);WZ08G3;WZ2008: Wirtschaftsbereiche der VGR;WZ08-L;Grundstücks- und Wohnungswesen;585,018;jew. ME;PRO013;Produktionswert
81000;Volkswirtschaftliche Gesamtrechnungen des Bundes;JAHR;Jahr;2023;DINSG;Deutschland insgesamt;DG;Deutschland;VGRPB5;Preisbasis (jeweilige Preise / preisbereinigt);VGRPVU;preisbereinigt, unverkettete Volumenang.(Mrd. EUR);WZ08G3;WZ2008: Wirtschaftsbereiche der VGR;WZ08-43;Vorb.Baustellenarbeiten, Bauinstall., sonst.Ausbau;280,255;jew. ME;PRO013;Produktionswert
81000;Volkswirtschaftliche Gesamtrechnungen des Bundes;JAHR;Jahr;2024;DINSG;Deutschland insgesamt;DG;Deutschland;VGRPB5;Preisbasis (jeweilige Preise / preisbereinigt);VGRPVU;preisbereinigt, unverkettete Volumenang.(Mrd. EUR);WZ08G3;WZ2008: Wirtschaftsbereiche der VGR;WZ08-N;Sonstige wirtschaftliche Dienstleistungen;365,584;jew. ME;PRO013;Produktionswert
81000;Volkswirtschaftliche Gesamtrechnungen des Bundes;JAHR;Jahr;2023;DINSG;Deutschland insgesamt;DG;Deutschland;VGRPB5;Preisbasis (jeweilige Preise / preisbereinigt);VGRPVK;preisbereinigt, verkettete Volumenang. (Mrd. EUR);WZ08G3;WZ2008: Wirtschaftsbereiche der VGR;WZ08-36;Wasserversorgung;9,907;jew. ME;PRO013;Produktionswert
81000;Volkswirtschaftliche Gesamtrechnungen des Bundes;JAHR;Jahr;2021;DINSG;Deutschland insgesamt;DG;Deutschland;VGRPB5;Preisbasis (jeweilige Preise / preisbereinigt);VGRJPM;in jeweiligen Preisen (Mrd. EUR);WZ08G3;WZ2008: Wirtschaftsbereiche der VGR;WZ08-I;Gastgewerbe;73,923;jew. ME;PRO013;Produktionswert
81000;Volkswirtschaftliche Gesamtrechnungen des Bundes;JAHR;Jahr;2022;DINSG;Deutschland insgesamt;DG;Deutschland;VGRPB5;Preisbasis (jeweilige Preise / preisbereinigt);VGRJPM;in jeweiligen Preisen (Mrd. EUR);WZ08G3;WZ2008: Wirtschaftsbereiche der VGR;WZ08-22-01;H.v. Gummi-, Kunststoff-, Glaswaren, Keramik u.Ä.;162,048;jew. ME;PRO013;Produktionswert
81000;Volkswirtschaftliche Gesamtrechnungen des Bundes;JAHR;Jahr;2021;DINSG;Deutschland insgesamt;DG;Deutschland;VGRPB5;Preisbasis (jeweilige Preise / preisbereinigt);VGRPKM;preisbereinigt, Kettenindex (2020=100);WZ08G3;WZ2008: Wirtschaftsbereiche der VGR;WZ08-I;Gastgewerbe;103,990;jew. ME;PRO013;Produktionswert
81000;Volkswirtschaftliche Gesamtrechnungen des Bundes;JAHR;Jahr;2021;DINSG;Deutschland insgesamt;DG;Deutschland;VGRPB5;Preisbasis (jeweilige Preise / preisbereinigt);VGRPVK;preisbereinigt, verkettete Volumenang. (Mrd. EUR);WZ08G3;WZ2008: Wirtschaftsbereiche der VGR;WZ08-73-01;Sonst.freiberufl., wissenschaftl., techn. Dienstl.;61,364;jew. ME;PRO013;Produktionswert
81000;Volkswirtschaftliche Gesamtrechnungen des Bundes;JAHR;Jahr;2024;DINSG;Deutschland insgesamt;DG;Deutschland;VGRPB5;Preisbasis (jeweilige Preise / preisbereinigt);VGRJPM;in jeweiligen Preisen (Mrd. EUR);WZ08G3;WZ2008: Wirtschaftsbereiche der VGR;WZ08-26;H.v. DV-Geräten, elektron. u. opt. Erzeugnissen;116,241;jew. ME;PRO013;Produktionswert
81000;Volkswirtschaftliche Gesamtrechnungen des Bundes;JAHR;Jahr;2025;DINSG;Deutschland insgesamt;DG;Deutschland;VGRPB5;Preisbasis (jeweilige Preise / preisbereinigt);VGRPVK;preisbereinigt, verkettete Volumenang. (Mrd. EUR);WZ08G3;WZ2008: Wirtschaftsbereiche der VGR;WZ08-73-01;Sonst.freiberufl., wissenschaftl., techn. Dienstl.;...;jew. ME;PRO013;Produktionswert
81000;Volkswirtschaftliche Gesamtrechnungen des Bundes;JAHR;Jahr;2024;DINSG;Deutschland insgesamt;DG;Deutschland;VGRPB5;Preisbasis (jeweilige Preise / preisbereinigt);VGRPVU;preisbereinigt, unverkettete Volumenang.(Mrd. EUR);WZ08G3;WZ2008: Wirtschaftsbereiche der VGR;WZ08-22-01;H.v. Gummi-, Kunststoff-, Glaswaren, Keramik u.Ä.;146,445;jew. ME;PRO013;Produktionswert
81000;Volkswirtschaftliche Gesamtrechnungen des Bundes;JAHR;Jahr;2023;DINSG;Deutschland insgesamt;DG;Deutschland;VGRPB5;Preisbasis (jeweilige Preise / preisbereinigt);VGRPVU;preisbereinigt, unverkettete Volumenang.(Mrd. EUR);WZ08G3;WZ2008: Wirtschaftsbereiche der VGR;WZ08-30;Sonstiger Fahrzeugbau;58,779;jew. ME;PRO013;Produktionswert
81000;Volkswirtschaftliche Gesamtrechnungen des Bundes;JAHR;Jahr;2022;DINSG;Deutschland insgesamt;DG;Deutschland;VGRPB5;Preisbasis (jeweilige Preise / preisbereinigt);VGRPVK;preisbereinigt, verkettete Volumenang. (Mrd. EUR);WZ08G3;WZ2008: Wirtschaftsbereiche der VGR;WZ08-26;H.v. DV-Geräten, elektron. u. opt. Erzeugnissen;102,446;jew. ME;PRO013;Produktionswert
81000;Volkswirtschaftliche Gesamtrechnungen des Bundes;JAHR;Jahr;2024;DINSG;Deutschland insgesamt;DG;Deutschland;VGRPB5;Preisbasis (jeweilige Preise / preisbereinigt);VGRPVK;preisbereinigt, verkettete Volumenang. (Mrd. EUR);WZ08G3;WZ2008: Wirtschaftsbereiche der VGR;WZ08-J;Information und Kommunikation;386,456;jew. ME;PRO013;Produktionswert
81000;Volkswirtschaftliche Gesamtrechnungen des Bundes;JAHR;Jahr;2021;DINSG;Deutschland insgesamt;DG;Deutschland;VGRPB5;Preisbasis (jeweilige Preise / preisbereinigt);VGRPVU;preisbereinigt, unverkettete Volumenang.(Mrd. EUR);WZ08G3;WZ2008: Wirtschaftsbereiche der VGR;WZ08-46;Großhandel (ohne Handel mit Kraftfahrzeugen);306,188;jew. ME;PRO013;Produktionswert
81000;Volkswirtschaftliche Gesamtrechnungen des Bundes;JAHR;Jahr;2021;DINSG;Deutschland insgesamt;DG;Deutschland;VGRPB5;Preisbasis (jeweilige Preise / preisbereinigt);VGRJPM;in jeweiligen Preisen (Mrd. EUR);WZ08G3;WZ2008: Wirtschaftsbereiche der VGR;WZ08-16;H.v. Holz-, Flecht-, Korb-u.Korkwaren (ohne Möbel);31,150;jew. ME;PRO013;Produktionswert
81000;Volkswirtschaftliche Gesamtrechnungen des Bundes;JAHR;Jahr;2022;DINSG;Deutschland insgesamt;DG;Deutschland;VGRPB5;Preisbasis (jeweilige Preise / preisbereinigt);VGRPVU;preisbereinigt, unverkettete Volumenang.(Mrd. EUR);WZ08G3;WZ2008: Wirtschaftsbereiche der VGR;WZ08-M;Freiberufliche, wiss. u. techn. Dienstleistungen;479,347;jew. ME;PRO013;Produktionswert
81000;Volkswirtschaftliche Gesamtrechnungen des Bundes;JAHR;Jahr;2023;DINSG;Deutschland insgesamt;DG;Deutschland;VGRPB5;Preisbasis (jeweilige Preise / preisbereinigt);VGRPKM;preisbereinigt, Kettenindex (2020=100);WZ08G3;WZ2008: Wirtschaftsbereiche der VGR;WZ08-16;H.v. Holz-, Flecht-, Korb-u.Korkwaren (ohne Möbel);90,380;jew. ME;PRO013;Produktionswert
81000;Volkswirtschaftliche Gesamtrechnungen des Bundes;JAHR;Jahr;2023;DINSG;Deutschland insgesamt;DG;Deutschland;VGRPB5;Preisbasis (jeweilige Preise / preisbereinigt);VGRPVU;preisbereinigt, unverkettete Volumenang.(Mrd. EUR);WZ08G3;WZ2008: Wirtschaftsbereiche der VGR;WZ08-65;Versicherungen, Rückversicherungen, Pensionskassen;106,716;jew. ME;PRO013;Produktionswert
81000;Volkswirtschaftliche Gesamtrechnungen des Bundes;JAHR;Jahr;2023;DINSG;Deutschland insgesamt;DG;Deutschland;VGRPB5;Preisbasis (jeweilige Preise / preisbereinigt);VGRJPM;in jeweiligen Preisen (Mrd. EUR);WZ08G3;WZ2008: Wirtschaftsbereiche der VGR;WZ08-L;Grundstücks- und Wohnungswesen;549,045;jew. ME;PRO013;Produktionswert
81000;Volkswirtschaftliche Gesamtrechnungen des Bundes;JAHR;Jahr;2025;DINSG;Deutschland insgesamt;DG;Deutschland;VGRPB5;Preisbasis (jeweilige Preise / preisbereinigt);VGRPVK;preisbereinigt, verkettete Volumenang. (Mrd. EUR);WZ08G3;WZ2008: Wirtschaftsbereiche der VGR;WZ08-33;Reparatur u.Installation von Masch.u.Ausrüstungen;...;jew. ME;PRO013;Produktionswert
81000;Volkswirtschaftliche Gesamtrechnungen des Bundes;JAHR;Jahr;2024;DINSG;Deutschland insgesamt;DG;Deutschland;VGRPB5;Preisbasis (jeweilige Preise / preisbereinigt);VGRPKM;preisbereinigt, Kettenindex (2020=100);WZ08G3;WZ2008: Wirtschaftsbereiche der VGR;WZ08-M;Freiberufliche, wiss. u. techn. Dienstleistungen;121,880;jew. ME;PRO013;Produktionswert
81000;Volkswirtschaftliche Gesamtrechnungen des Bundes;JAHR;Jahr;2025;DINSG;Deutschland insgesamt;DG;Deutschland;VGRPB5;Preisbasis (jeweilige Preise / preisbereinigt);VGRPVU;preisbereinigt, unverkettete Volumenang.(Mrd. EUR);WZ08G3;WZ2008: Wirtschaftsbereiche der VGR;WZ08-42;Tiefbau;...;jew. ME;PRO013;Produktionswert
81000;Volkswirtschaftliche Gesamtrechnungen des Bundes;JAHR;Jahr;2023;DINSG;Deutschland insgesamt;DG;Deutschland;VGRPB5;Preisbasis (jeweilige Preise / preisbereinigt);VGRPKM;preisbereinigt, Kettenindex (2020=100);WZ08G3;WZ2008: Wirtschaftsbereiche der VGR;WZ08-L;Grundstücks- und Wohnungswesen;107,030;jew. ME;PRO013;Produktionswert
81000;Volkswirtschaftliche Gesamtrechnungen des Bundes;JAHR;Jahr;2022;DINSG;Deutschland insgesamt;DG;Deutschland;VGRPB5;Preisbasis (jeweilige Preise / preisbereinigt);VGRJPM;in jeweiligen Preisen (Mrd. EUR);WZ08G3;WZ2008: Wirtschaftsbereiche der VGR;WZ08-27;Herstellung von elektrischen Ausrüstungen;134,044;jew. ME;PRO013;Produktionswert
81000;Volkswirtschaftliche Gesamtrechnungen des Bundes;JAHR;Jahr;2025;DINSG;Deutschland insgesamt;DG;Deutschland;VGRPB5;Preisbasis (jeweilige Preise / preisbereinigt);VGRPKM;preisbereinigt, Kettenindex (2020=100);WZ08G3;WZ2008: Wirtschaftsbereiche der VGR;WZ08-46;Großhandel (ohne Handel mit Kraftfahrzeugen);...;jew. ME;PRO013;Produktionswert
81000;Volkswirtschaftliche Gesamtrechnungen des Bundes;JAHR;Jahr;2023;DINSG;Deutschland insgesamt;DG;Deutschland;VGRPB5;Preisbasis (jeweilige Preise / preisbereinigt);VGRPVK;preisbereinigt, verkettete Volumenang. (Mrd. EUR);WZ08G3;WZ2008: Wirtschaftsbereiche der VGR;WZ08-M-02;Unternehmensdienstleister;800,700;jew. ME;PRO013;Produktionswert
81000;Volkswirtschaftliche Gesamtrechnungen des Bundes;JAHR;Jahr;2024;DINSG;Deutschland insgesamt;DG;Deutschland;VGRPB5;Preisbasis (jeweilige Preise / preisbereinigt);VGRJPM;in jeweiligen Preisen (Mrd. EUR);WZ08G3;WZ2008: Wirtschaftsbereiche der VGR;WZ08-G-01;Handel, Verkehr, Gastgewerbe;1403,986;jew. ME;PRO013;Produktionswert
81000;Volkswirtschaftliche Gesamtrechnungen des Bundes;JAHR;Jahr;2025;DINSG;Deutschland insgesamt;DG;Deutschland;VGRPB5;Preisbasis (jeweilige Preise / preisbereinigt);VGRPKM;preisbereinigt, Kettenindex (2020=100);WZ08G3;WZ2008: Wirtschaftsbereiche der VGR;WZ08-10-01;Ernährungsgewerbe und Tabakverarbeitung;...;jew. ME;PRO013;Produktionswert
81000;Volkswirtschaftliche Gesamtrechnungen des Bundes;JAHR;Jahr;2025;DINSG;Deutschland insgesamt;DG;Deutschland;VGRPB5;Preisbasis (jeweilige Preise / preisbereinigt);VGRPVU;preisbereinigt, unverkettete Volumenang.(Mrd. EUR);WZ08G3;WZ2008: Wirtschaftsbereiche der VGR;WZ08-77;Vermietung von beweglichen Sachen;...;jew. ME;PRO013;Produktionswert
81000;Volkswirtschaftliche Gesamtrechnungen des Bundes;JAHR;Jahr;2021;DINSG;Deutschland insgesamt;DG;Deutschland;VGRPB5;Preisbasis (jeweilige Preise / preisbereinigt);VGRPVK;preisbereinigt, verkettete Volumenang. (Mrd. EUR);WZ08G3;WZ2008: Wirtschaftsbereiche der VGR;WZ08-24;Metallerzeugung und -bearbeitung;98,837;jew. ME;PRO013;Produktionswert
81000;Volkswirtschaftliche Gesamtrechnungen des Bundes;JAHR;Jahr;2023;DINSG;Deutschland insgesamt;DG;Deutschland;VGRPB5;Preisbasis (jeweilige Preise / preisbereinigt);VGRPVK;preisbereinigt, verkettete Volumenang. (Mrd. EUR);WZ08G3;WZ2008: Wirtschaftsbereiche der VGR;WZ08-45;Kfz-Handel, Instandhaltung und Reparatur von Kfz;88,340;jew. ME;PRO013;Produktionswert
81000;Volkswirtschaftliche Gesamtrechnungen des Bundes;JAHR;Jahr;2022;DINSG;Deutschland insgesamt;DG;Deutschland;VGRPB5;Preisbasis (jeweilige Preise / preisbereinigt);VGRPVU;preisbereinigt, unverkettete Volumenang.(Mrd. EUR);WZ08G3;WZ2008: Wirtschaftsbereiche der VGR;WZ08-23;H.v.Glas,-waren,Keramik,Verarb. v.Steinen u.Erden;52,896;jew. ME;PRO013;Produktionswert
81000;Volkswirtschaftliche Gesamtrechnungen des Bundes;JAHR;Jahr;2022;DINSG;Deutschland insgesamt;DG;Deutschland;VGRPB5;Preisbasis (jeweilige Preise / preisbereinigt);VGRPKM;preisbereinigt, Kettenindex (2020=100);WZ08G3;WZ2008: Wirtschaftsbereiche der VGR;WZ08-36;Wasserversorgung;97,160;jew. ME;PRO013;Produktionswert
81000;Volkswirtschaftliche Gesamtrechnungen des Bundes;JAHR;Jahr;2024;DINSG;Deutschland insgesamt;DG;Deutschland;VGRPB5;Preisbasis (jeweilige Preise / preisbereinigt);VGRPVK;preisbereinigt, verkettete Volumenang. (Mrd. EUR);WZ08G3;WZ2008: Wirtschaftsbereiche der VGR;WZ08-25;Herstellung von Metallerzeugnissen;128,146;jew. ME;PRO013;Produktionswert
81000;Volkswirtschaftliche Gesamtrechnungen des Bundes;JAHR;Jahr;2025;DINSG;Deutschland insgesamt;DG;Deutschland;VGRPB5;Preisbasis (jeweilige Preise / preisbereinigt);VGRPVK;preisbereinigt, verkettete Volumenang. (Mrd. EUR);WZ08G3;WZ2008: Wirtschaftsbereiche der VGR;WZ08-24;Metallerzeugung und -bearbeitung;...;jew. ME;PRO013;Produktionswert
81000;Volkswirtschaftliche Gesamtrechnungen des Bundes;JAHR;Jahr;2023;DINSG;Deutschland insgesamt;DG;Deutschland;VGRPB5;Preisbasis (jeweilige Preise / preisbereinigt);VGRPKM;preisbereinigt, Kettenindex (2020=100);WZ08G3;WZ2008: Wirtschaftsbereiche der VGR;WZ08-37-01;Abwasser-, Abfallentsorgung, Rückgewinnung;95,800;jew. ME;PRO013;Produktionswert
81000;Volkswirtschaftliche Gesamtrechnungen des Bundes;JAHR;Jahr;2021;DINSG;Deutschland insgesamt;DG;Deutschland;VGRPB5;Preisbasis (jeweilige Preise / preisbereinigt);VGRPVU;preisbereinigt, unverkettete Volumenang.(Mrd. EUR);WZ08G3;WZ2008: Wirtschaftsbereiche der VGR;WZ08-20;Herstellung von chemischen Erzeugnissen;149,967;jew. ME;PRO013;Produktionswert
81000;Volkswirtschaftliche Gesamtrechnungen des Bundes;JAHR;Jahr;2024;DINSG;Deutschland insgesamt;DG;Deutschland;VGRPB5;Preisbasis (jeweilige Preise / preisbereinigt);VGRPVU;preisbereinigt, unverkettete Volumenang.(Mrd. EUR);WZ08G3;WZ2008: Wirtschaftsbereiche der VGR;WZ08-66;Mit Finanz- u. Versicherungsdienstl. verb. Tätigk.;52,728;jew. ME;PRO013;Produktionswert
81000;Volkswirtschaftliche Gesamtrechnungen des Bundes;JAHR;Jahr;2021;DINSG;Deutschland insgesamt;DG;Deutschland;VGRPB5;Preisbasis (jeweilige Preise / preisbereinigt);VGRJPM;in jeweiligen Preisen (Mrd. EUR);WZ08G3;WZ2008: Wirtschaftsbereiche der VGR;WZ08-A-02;Alle Wirtschaftsbereiche;6888,653;jew. ME;PRO013;Produktionswert
81000;Volkswirtschaftliche Gesamtrechnungen des Bundes;JAHR;Jahr;2022;DINSG;Deutschland insgesamt;DG;Deutschland;VGRPB5;Preisbasis (jeweilige Preise / preisbereinigt);VGRPVU;preisbereinigt, unverkettete Volumenang.(Mrd. EUR);WZ08G3;WZ2008: Wirtschaftsbereiche der VGR;WZ08-10-01;Ernährungsgewerbe und Tabakverarbeitung;200,363;jew. ME;PRO013;Produktionswert
81000;Volkswirtschaftliche Gesamtrechnungen des Bundes;JAHR;Jahr;2025;DINSG;Deutschland insgesamt;DG;Deutschland;VGRPB5;Preisbasis (jeweilige Preise / preisbereinigt);VGRPVU;preisbereinigt, unverkettete Volumenang.(Mrd. EUR);WZ08G3;WZ2008: Wirtschaftsbereiche der VGR;WZ08-20;Herstellung von chemischen Erzeugnissen;...;jew. ME;PRO013;Produktionswert
81000;Volkswirtschaftliche Gesamtrechnungen des Bundes;JAHR;Jahr;2022;DINSG;Deutschland insgesamt;DG;Deutschland;VGRPB5;Preisbasis (jeweilige Preise / preisbereinigt);VGRJPM;in jeweiligen Preisen (Mrd. EUR);WZ08G3;WZ2008: Wirtschaftsbereiche der VGR;WZ08-49;Landverkehr und Transport in Rohrfernleitungen;138,967;jew. ME;PRO013;Produktionswert
81000;Volkswirtschaftliche Gesamtrechnungen des Bundes;JAHR;Jahr;2022;DINSG;Deutschland insgesamt;DG;Deutschland;VGRPB5;Preisbasis (jeweilige Preise / preisbereinigt);VGRPKM;preisbereinigt, Kettenindex (2020=100);WZ08G3;WZ2008: Wirtschaftsbereiche der VGR;WZ08-01;Landwirtschaft, Jagd und verbundene Tätigkeiten;100,240;jew. ME;PRO013;Produktionswert
81000;Volkswirtschaftliche Gesamtrechnungen des Bundes;JAHR;Jahr;2025;DINSG;Deutschland insgesamt;DG;Deutschland;VGRPB5;Preisbasis (jeweilige Preise / preisbereinigt);VGRJPM;in jeweiligen Preisen (Mrd. EUR);WZ08G3;WZ2008: Wirtschaftsbereiche der VGR;WZ08-021;Forstwirtschaft;...;jew. ME;PRO013;Produktionswert
81000;Volkswirtschaftliche Gesamtrechnungen des Bundes;JAHR;Jahr;2022;DINSG;Deutschland insgesamt;DG;Deutschland;VGRPB5;Preisbasis (jeweilige Preise / preisbereinigt);VGRPKM;preisbereinigt, Kettenindex (2020=100);WZ08G3;WZ2008: Wirtschaftsbereiche der VGR;WZ08-H;Verkehr und Lagerei;114,900;jew. ME;PRO013;Produktionswert
81000;Volkswirtschaftliche Gesamtrechnungen des Bundes;JAHR;Jahr;2023;DINSG;Deutschland insgesamt;DG;Deutschland;VGRPB5;Preisbasis (jeweilige Preise / preisbereinigt);VGRJPM;in jeweiligen Preisen (Mrd. EUR);WZ08G3;WZ2008: Wirtschaftsbereiche der VGR;WZ08-24;Metallerzeugung und -bearbeitung;137,093;jew. ME;PRO013;Produktionswert
81000;Volkswirtschaftliche Gesamtrechnungen des Bundes;JAHR;Jahr;2023;DINSG;Deutschland insgesamt;DG;Deutschland;VGRPB5;Preisbasis (jeweilige Preise / preisbereinigt);VGRPKM;preisbereinigt, Kettenindex (2020=100);WZ08G3;WZ2008: Wirtschaftsbereiche der VGR;WZ08-47;Einzelhandel (ohne Handel mit Kraftfahrzeugen);97,510;jew. ME;PRO013;Produktionswert
81000;Volkswirtschaftliche Gesamtrechnungen des Bundes;JAHR;Jahr;2022;DINSG;Deutschland insgesamt;DG;Deutschland;VGRPB5;Preisbasis (jeweilige Preise / preisbereinigt);VGRPKM;preisbereinigt, Kettenindex (2020=100);WZ08G3;WZ2008: Wirtschaftsbereiche der VGR;WZ08-R-02;Sonstige Dienstleister;116,850;jew. ME;PRO013;Produktionswert
81000;Volkswirtschaftliche Gesamtrechnungen des Bundes;JAHR;Jahr;2024;DINSG;Deutschland insgesamt;DG;Deutschland;VGRPB5;Preisbasis (jeweilige Preise / preisbereinigt);VGRPKM;preisbereinigt, Kettenindex (2020=100);WZ08G3;WZ2008: Wirtschaftsbereiche der VGR;WZ08-26;H.v. DV-Geräten, elektron. u. opt. Erzeugnissen;114,940;jew. ME;PRO013;Produktionswert
81000;Volkswirtschaftliche Gesamtrechnungen des Bundes;JAHR;Jahr;2025;DINSG;Deutschland insgesamt;DG;Deutschland;VGRPB5;Preisbasis (jeweilige Preise / preisbereinigt);VGRPKM;preisbereinigt, Kettenindex (2020=100);WZ08G3;WZ2008: Wirtschaftsbereiche der VGR;WZ08-B-05;Produzierendes Gewerbe;99,580;jew. ME;PRO013;Produktionswert
81000;Volkswirtschaftliche Gesamtrechnungen des Bundes;JAHR;Jahr;2022;DINSG;Deutschland insgesamt;DG;Deutschland;VGRPB5;Preisbasis (jeweilige Preise / preisbereinigt);VGRPKM;preisbereinigt, Kettenindex (2020=100);WZ08G3;WZ2008: Wirtschaftsbereiche der VGR;WZ08-49;Landverkehr und Transport in Rohrfernleitungen;112,560;jew. ME;PRO013;Produktionswert
81000;Volkswirtschaftliche Gesamtrechnungen des Bundes;JAHR;Jahr;2023;DINSG;Deutschland insgesamt;DG;Deutschland;VGRPB5;Preisbasis (jeweilige Preise / preisbereinigt);VGRPVU;preisbereinigt, unverkettete Volumenang.(Mrd. EUR);WZ08G3;WZ2008: Wirtschaftsbereiche der VGR;WZ08-78;Vermittlung und Überlassung von Arbeitskräften;43,457;jew. ME;PRO013;Produktionswert
81000;Volkswirtschaftliche Gesamtrechnungen des Bundes;JAHR;Jahr;2024;DINSG;Deutschland insgesamt;DG;Deutschland;VGRPB5;Preisbasis (jeweilige Preise / preisbereinigt);VGRPVU;preisbereinigt, unverkettete Volumenang.(Mrd. EUR);WZ08G3;WZ2008: Wirtschaftsbereiche der VGR;WZ08-79;Reisebüros, -veranstalter u. sonst. Reservierungen;33,782;jew. ME;PRO013;Produktionswert
81000;Volkswirtschaftliche Gesamtrechnungen des Bundes;JAHR;Jahr;2023;DINSG;Deutschland insgesamt;DG;Deutschland;VGRPB5;Preisbasis (jeweilige Preise / preisbereinigt);VGRPVK;preisbereinigt, verkettete Volumenang. (Mrd. EUR);WZ08G3;WZ2008: Wirtschaftsbereiche der VGR;WZ08-23;H.v.Glas,-waren,Keramik,Verarb. v.Steinen u.Erden;44,476;jew. ME;PRO013;Produktionswert
81000;Volkswirtschaftliche Gesamtrechnungen des Bundes;JAHR;Jahr;2023;DINSG;Deutschland insgesamt;DG;Deutschland;VGRPB5;Preisbasis (jeweilige Preise / preisbereinigt);VGRPVK;preisbereinigt, verkettete Volumenang. (Mrd. EUR);WZ08G3;WZ2008: Wirtschaftsbereiche der VGR;WZ08-K;Erbringung v. Finanz- u. Versicherungsdienstleist.;280,554;jew. ME;PRO013;Produktionswert
81000;Volkswirtschaftliche Gesamtrechnungen des Bundes;JAHR;Jahr;2024;DINSG;Deutschland insgesamt;DG;Deutschland;VGRPB5;Preisbasis (jeweilige Preise / preisbereinigt);VGRJPM;in jeweiligen Preisen (Mrd. EUR);WZ08G3;WZ2008: Wirtschaftsbereiche der VGR;WZ08-P;Erziehung und Unterricht;255,424;jew. ME;PRO013;Produktionswert
81000;Volkswirtschaftliche Gesamtrechnungen des Bundes;JAHR;Jahr;2024;DINSG;Deutschland insgesamt;DG;Deutschland;VGRPB5;Preisbasis (jeweilige Preise / preisbereinigt);VGRPVK;preisbereinigt, verkettete Volumenang. (Mrd. EUR);WZ08G3;WZ2008: Wirtschaftsbereiche der VGR;WZ08-47;Einzelhandel (ohne Handel mit Kraftfahrzeugen);238,081;jew. ME;PRO013;Produktionswert
81000;Volkswirtschaftliche Gesamtrechnungen des Bundes;JAHR;Jahr;2021;DINSG;Deutschland insgesamt;DG;Deutschland;VGRPB5;Preisbasis (jeweilige Preise / preisbereinigt);VGRPVK;preisbereinigt, verkettete Volumenang. (Mrd. EUR);WZ08G3;WZ2008: Wirtschaftsbereiche der VGR;WZ08-46;Großhandel (ohne Handel mit Kraftfahrzeugen);306,192;jew. ME;PRO013;Produktionswert
81000;Volkswirtschaftliche Gesamtrechnungen des Bundes;JAHR;Jahr;2025;DINSG;Deutschland insgesamt;DG;Deutschland;VGRPB5;Preisbasis (jeweilige Preise / preisbereinigt);VGRJPM;in jeweiligen Preisen (Mrd. EUR);WZ08G3;WZ2008: Wirtschaftsbereiche der VGR;WZ08-Q;Gesundheits- und Sozialwesen;549,889;jew. ME;PRO013;Produktionswert
81000;Volkswirtschaftliche Gesamtrechnungen des Bundes;JAHR;Jahr;2022;DINSG;Deutschland insgesamt;DG;Deutschland;VGRPB5;Preisbasis (jeweilige Preise / preisbereinigt);VGRPVU;preisbereinigt, unverkettete Volumenang.(Mrd. EUR);WZ08G3;WZ2008: Wirtschaftsbereiche der VGR;WZ08-45;Kfz-Handel, Instandhaltung und Reparatur von Kfz;88,555;jew. ME;PRO013;Produktionswert
81000;Volkswirtschaftliche Gesamtrechnungen des Bundes;JAHR;Jahr;2024;DINSG;Deutschland insgesamt;DG;Deutschland;VGRPB5;Preisbasis (jeweilige Preise / preisbereinigt);VGRPVU;preisbereinigt, unverkettete Volumenang.(Mrd. EUR);WZ08G3;WZ2008: Wirtschaftsbereiche der VGR;WZ08-021;Forstwirtschaft;7,418;jew. ME;PRO013;Produktionswert
81000;Volkswirtschaftliche Gesamtrechnungen des Bundes;JAHR;Jahr;2023;DINSG;Deutschland insgesamt;DG;Deutschland;VGRPB5;Preisbasis (jeweilige Preise / preisbereinigt);VGRJPM;in jeweiligen Preisen (Mrd. EUR);WZ08G3;WZ2008: Wirtschaftsbereiche der VGR;WZ08-73-01;Sonst.freiberufl., wissenschaftl., techn. Dienstl.;74,919;jew. ME;PRO013;Produktionswert
81000;Volkswirtschaftliche Gesamtrechnungen des Bundes;JAHR;Jahr;2025;DINSG;Deutschland insgesamt;DG;Deutschland;VGRPB5;Preisbasis (jeweilige Preise / preisbereinigt);VGRPVU;preisbereinigt, unverkettete Volumenang.(Mrd. EUR);WZ08G3;WZ2008: Wirtschaftsbereiche der VGR;WZ08-A;Land- und Forstwirtschaft, Fischerei;82,988;jew. ME;PRO013;Produktionswert
81000;Volkswirtschaftliche Gesamtrechnungen des Bundes;JAHR;Jahr;2022;DINSG;Deutschland insgesamt;DG;Deutschland;VGRPB5;Preisbasis (jeweilige Preise / preisbereinigt);VGRJPM;in jeweiligen Preisen (Mrd. EUR);WZ08G3;WZ2008: Wirtschaftsbereiche der VGR;WZ08-36;Wasserversorgung;10,853;jew. ME;PRO013;Produktionswert
81000;Volkswirtschaftliche Gesamtrechnungen des Bundes;JAHR;Jahr;2021;DINSG;Deutschland insgesamt;DG;Deutschland;VGRPB5;Preisbasis (jeweilige Preise / preisbereinigt);VGRJPM;in jeweiligen Preisen (Mrd. EUR);WZ08G3;WZ2008: Wirtschaftsbereiche der VGR;WZ08-R-02;Sonstige Dienstleister;161,568;jew. ME;PRO013;Produktionswert
81000;Volkswirtschaftliche Gesamtrechnungen des Bundes;JAHR;Jahr;2022;DINSG;Deutschland insgesamt;DG;Deutschland;VGRPB5;Preisbasis (jeweilige Preise / preisbereinigt);VGRJPM;in jeweiligen Preisen (Mrd. EUR);WZ08G3;WZ2008: Wirtschaftsbereiche der VGR;WZ08-73-01;Sonst.freiberufl., wissenschaftl., techn. Dienstl.;67,347;jew. ME;PRO013;Produktionswert
81000;Volkswirtschaftliche Gesamtrechnungen des Bundes;JAHR;Jahr;2025;DINSG;Deutschland insgesamt;DG;Deutschland;VGRPB5;Preisbasis (jeweilige Preise / preisbereinigt);VGRPVK;preisbereinigt, verkettete Volumenang. (Mrd. EUR);WZ08G3;WZ2008: Wirtschaftsbereiche der VGR;WZ08-46;Großhandel (ohne Handel mit Kraftfahrzeugen);...;jew. ME;PRO013;Produktionswert
81000;Volkswirtschaftliche Gesamtrechnungen des Bundes;JAHR;Jahr;2021;DINSG;Deutschland insgesamt;DG;Deutschland;VGRPB5;Preisbasis (jeweilige Preise / preisbereinigt);VGRPVU;preisbereinigt, unverkettete Volumenang.(Mrd. EUR);WZ08G3;WZ2008: Wirtschaftsbereiche der VGR;WZ08-N;Sonstige wirtschaftliche Dienstleistungen;260,779;jew. ME;PRO013;Produktionswert
81000;Volkswirtschaftliche Gesamtrechnungen des Bundes;JAHR;Jahr;2025;DINSG;Deutschland insgesamt;DG;Deutschland;VGRPB5;Preisbasis (jeweilige Preise / preisbereinigt);VGRPVU;preisbereinigt, unverkettete Volumenang.(Mrd. EUR);WZ08G3;WZ2008: Wirtschaftsbereiche der VGR;WZ08-B-05;Produzierendes Gewerbe;3133,035;jew. ME;PRO013;Produktionswert
81000;Volkswirtschaftliche Gesamtrechnungen des Bundes;JAHR;Jahr;2021;DINSG;Deutschland insgesamt;DG;Deutschland;VGRPB5;Preisbasis (jeweilige Preise / preisbereinigt);VGRPKM;preisbereinigt, Kettenindex (2020=100);WZ08G3;WZ2008: Wirtschaftsbereiche der VGR;WZ08-M-02;Unternehmensdienstleister;109,200;jew. ME;PRO013;Produktionswert
81000;Volkswirtschaftliche Gesamtrechnungen des Bundes;JAHR;Jahr;2025;DINSG;Deutschland insgesamt;DG;Deutschland;VGRPB5;Preisbasis (jeweilige Preise / preisbereinigt);VGRPVU;preisbereinigt, unverkettete Volumenang.(Mrd. EUR);WZ08G3;WZ2008: Wirtschaftsbereiche der VGR;WZ08-R;Kunst, Unterhaltung und Erholung;86,048;jew. ME;PRO013;Produktionswert
81000;Volkswirtschaftliche Gesamtrechnungen des Bundes;JAHR;Jahr;2025;DINSG;Deutschland insgesamt;DG;Deutschland;VGRPB5;Preisbasis (jeweilige Preise / preisbereinigt);VGRJPM;in jeweiligen Preisen (Mrd. EUR);WZ08G3;WZ2008: Wirtschaftsbereiche der VGR;WZ08-25;Herstellung von Metallerzeugnissen;...;jew. ME;PRO013;Produktionswert
81000;Volkswirtschaftliche Gesamtrechnungen des Bundes;JAHR;Jahr;2025;DINSG;Deutschland insgesamt;DG;Deutschland;VGRPB5;Preisbasis (jeweilige Preise / preisbereinigt);VGRPVK;preisbereinigt, verkettete Volumenang. (Mrd. EUR);WZ08G3;WZ2008: Wirtschaftsbereiche der VGR;WZ08-N;Sonstige wirtschaftliche Dienstleistungen;307,854;jew. ME;PRO013;Produktionswert
81000;Volkswirtschaftliche Gesamtrechnungen des Bundes;JAHR;Jahr;2022;DINSG;Deutschland insgesamt;DG;Deutschland;VGRPB5;Preisbasis (jeweilige Preise / preisbereinigt);VGRJPM;in jeweiligen Preisen (Mrd. EUR);WZ08G3;WZ2008: Wirtschaftsbereiche der VGR;WZ08-M;Freiberufliche, wiss. u. techn. Dienstleistungen;500,003;jew. ME;PRO013;Produktionswert
81000;Volkswirtschaftliche Gesamtrechnungen des Bundes;JAHR;Jahr;2023;DINSG;Deutschland insgesamt;DG;Deutschland;VGRPB5;Preisbasis (jeweilige Preise / preisbereinigt);VGRPVU;preisbereinigt, unverkettete Volumenang.(Mrd. EUR);WZ08G3;WZ2008: Wirtschaftsbereiche der VGR;WZ08-21;Herstellung von pharmazeutischen Erzeugnissen;61,662;jew. ME;PRO013;Produktionswert
81000;Volkswirtschaftliche Gesamtrechnungen des Bundes;JAHR;Jahr;2023;DINSG;Deutschland insgesamt;DG;Deutschland;VGRPB5;Preisbasis (jeweilige Preise / preisbereinigt);VGRPVK;preisbereinigt, verkettete Volumenang. (Mrd. EUR);WZ08G3;WZ2008: Wirtschaftsbereiche der VGR;WZ08-58;Verlagswesen;25,202;jew. ME;PRO013;Produktionswert
81000;Volkswirtschaftliche Gesamtrechnungen des Bundes;JAHR;Jahr;2021;DINSG;Deutschland insgesamt;DG;Deutschland;VGRPB5;Preisbasis (jeweilige Preise / preisbereinigt);VGRPVU;preisbereinigt, unverkettete Volumenang.(Mrd. EUR);WZ08G3;WZ2008: Wirtschaftsbereiche der VGR;WZ08-33;Reparatur u.Installation von Masch.u.Ausrüstungen;44,031;jew. ME;PRO013;Produktionswert
81000;Volkswirtschaftliche Gesamtrechnungen des Bundes;JAHR;Jahr;2023;DINSG;Deutschland insgesamt;DG;Deutschland;VGRPB5;Preisbasis (jeweilige Preise / preisbereinigt);VGRJPM;in jeweiligen Preisen (Mrd. EUR);WZ08G3;WZ2008: Wirtschaftsbereiche der VGR;WZ08-10-01;Ernährungsgewerbe und Tabakverarbeitung;248,833;jew. ME;PRO013;Produktionswert
81000;Volkswirtschaftliche Gesamtrechnungen des Bundes;JAHR;Jahr;2023;DINSG;Deutschland insgesamt;DG;Deutschland;VGRPB5;Preisbasis (jeweilige Preise / preisbereinigt);VGRPKM;preisbereinigt, Kettenindex (2020=100);WZ08G3;WZ2008: Wirtschaftsbereiche der VGR;WZ08-25;Herstellung von Metallerzeugnissen;105,890;jew. ME;PRO013;Produktionswert
81000;Volkswirtschaftliche Gesamtrechnungen des Bundes;JAHR;Jahr;2021;DINSG;Deutschland insgesamt;DG;Deutschland;VGRPB5;Preisbasis (jeweilige Preise / preisbereinigt);VGRJPM;in jeweiligen Preisen (Mrd. EUR);WZ08G3;WZ2008: Wirtschaftsbereiche der VGR;WZ08-25;Herstellung von Metallerzeugnissen;144,893;jew. ME;PRO013;Produktionswert
81000;Volkswirtschaftliche Gesamtrechnungen des Bundes;JAHR;Jahr;2021;DINSG;Deutschland insgesamt;DG;Deutschland;VGRPB5;Preisbasis (jeweilige Preise / preisbereinigt);VGRPVK;preisbereinigt, verkettete Volumenang. (Mrd. EUR);WZ08G3;WZ2008: Wirtschaftsbereiche der VGR;WZ08-94;Interessenvertr., kirchl. u. sonst. Vereinigungen;45,595;jew. ME;PRO013;Produktionswert
81000;Volkswirtschaftliche Gesamtrechnungen des Bundes;JAHR;Jahr;2025;DINSG;Deutschland insgesamt;DG;Deutschland;VGRPB5;Preisbasis (jeweilige Preise / preisbereinigt);VGRPKM;preisbereinigt, Kettenindex (2020=100);WZ08G3;WZ2008: Wirtschaftsbereiche der VGR;WZ08-20;Herstellung von chemischen Erzeugnissen;...;jew. ME;PRO013;Produktionswert
81000;Volkswirtschaftliche Gesamtrechnungen des Bundes;JAHR;Jahr;2023;DINSG;Deutschland insgesamt;DG;Deutschland;VGRPB5;Preisbasis (jeweilige Preise / preisbereinigt);VGRPVU;preisbereinigt, unverkettete Volumenang.(Mrd. EUR);WZ08G3;WZ2008: Wirtschaftsbereiche der VGR;WZ08-73;Werbung und Marktforschung;33,915;jew. ME;PRO013;Produktionswert
81000;Volkswirtschaftliche Gesamtrechnungen des Bundes;JAHR;Jahr;2024;DINSG;Deutschland insgesamt;DG;Deutschland;VGRPB5;Preisbasis (jeweilige Preise / preisbereinigt);VGRPKM;preisbereinigt, Kettenindex (2020=100);WZ08G3;WZ2008: Wirtschaftsbereiche der VGR;WZ08-93;Dienstleistungen d.Sports,d.Unterhaltg.u.Erholung;138,640;jew. ME;PRO013;Produktionswert
81000;Volkswirtschaftliche Gesamtrechnungen des Bundes;JAHR;Jahr;2025;DINSG;Deutschland insgesamt;DG;Deutschland;VGRPB5;Preisbasis (jeweilige Preise / preisbereinigt);VGRPKM;preisbereinigt, Kettenindex (2020=100);WZ08G3;WZ2008: Wirtschaftsbereiche der VGR;WZ08-Q;Gesundheits- und Sozialwesen;105,260;jew. ME;PRO013;Produktionswert
81000;Volkswirtschaftliche Gesamtrechnungen des Bundes;JAHR;Jahr;2023;DINSG;Deutschland insgesamt;DG;Deutschland;VGRPB5;Preisbasis (jeweilige Preise / preisbereinigt);VGRPVU;preisbereinigt, unverkettete Volumenang.(Mrd. EUR);WZ08G3;WZ2008: Wirtschaftsbereiche der VGR;WZ08-87-01;Heime und Sozialwesen;166,019;jew. ME;PRO013;Produktionswert
81000;Volkswirtschaftliche Gesamtrechnungen des Bundes;JAHR;Jahr;2022;DINSG;Deutschland insgesamt;DG;Deutschland;VGRPB5;Preisbasis (jeweilige Preise / preisbereinigt);VGRPVK;preisbereinigt, verkettete Volumenang. (Mrd. EUR);WZ08G3;WZ2008: Wirtschaftsbereiche der VGR;WZ08-21;Herstellung von pharmazeutischen Erzeugnissen;58,039;jew. ME;PRO013;Produktionswert
81000;Volkswirtschaftliche Gesamtrechnungen des Bundes;JAHR;Jahr;2021;DINSG;Deutschland insgesamt;DG;Deutschland;VGRPB5;Preisbasis (jeweilige Preise / preisbereinigt);VGRJPM;in jeweiligen Preisen (Mrd. EUR);WZ08G3;WZ2008: Wirtschaftsbereiche der VGR;WZ08-51;Luftfahrt;23,613;jew. ME;PRO013;Produktionswert
81000;Volkswirtschaftliche Gesamtrechnungen des Bundes;JAHR;Jahr;2024;DINSG;Deutschland insgesamt;DG;Deutschland;VGRPB5;Preisbasis (jeweilige Preise / preisbereinigt);VGRJPM;in jeweiligen Preisen (Mrd. EUR);WZ08G3;WZ2008: Wirtschaftsbereiche der VGR;WZ08-79;Reisebüros, -veranstalter u. sonst. Reservierungen;35,386;jew. ME;PRO013;Produktionswert
81000;Volkswirtschaftliche Gesamtrechnungen des Bundes;JAHR;Jahr;2024;DINSG;Deutschland insgesamt;DG;Deutschland;VGRPB5;Preisbasis (jeweilige Preise / preisbereinigt);VGRJPM;in jeweiligen Preisen (Mrd. EUR);WZ08G3;WZ2008: Wirtschaftsbereiche der VGR;WZ08-Q;Gesundheits- und Sozialwesen;511,005;jew. ME;PRO013;Produktionswert
81000;Volkswirtschaftliche Gesamtrechnungen des Bundes;JAHR;Jahr;2023;DINSG;Deutschland insgesamt;DG;Deutschland;VGRPB5;Preisbasis (jeweilige Preise / preisbereinigt);VGRPVK;preisbereinigt, verkettete Volumenang. (Mrd. EUR);WZ08G3;WZ2008: Wirtschaftsbereiche der VGR;WZ08-28;Maschinenbau;270,010;jew. ME;PRO013;Produktionswert
81000;Volkswirtschaftliche Gesamtrechnungen des Bundes;JAHR;Jahr;2023;DINSG;Deutschland insgesamt;DG;Deutschland;VGRPB5;Preisbasis (jeweilige Preise / preisbereinigt);VGRJPM;in jeweiligen Preisen (Mrd. EUR);WZ08G3;WZ2008: Wirtschaftsbereiche der VGR;WZ08-95;Reparatur von DV-Geräten und Gebrauchsgütern;3,189;jew. ME;PRO013;Produktionswert
81000;Volkswirtschaftliche Gesamtrechnungen des Bundes;JAHR;Jahr;2025;DINSG;Deutschland insgesamt;DG;Deutschland;VGRPB5;Preisbasis (jeweilige Preise / preisbereinigt);VGRPKM;preisbereinigt, Kettenindex (2020=100);WZ08G3;WZ2008: Wirtschaftsbereiche der VGR;WZ08-77;Vermietung von beweglichen Sachen;...;jew. ME;PRO013;Produktionswert
81000;Volkswirtschaftliche Gesamtrechnungen des Bundes;JAHR;Jahr;2021;DINSG;Deutschland insgesamt;DG;Deutschland;VGRPB5;Preisbasis (jeweilige Preise / preisbereinigt);VGRPKM;preisbereinigt, Kettenindex (2020=100);WZ08G3;WZ2008: Wirtschaftsbereiche der VGR;WZ08-80-01;Unternehmensdienstleister a.n.g.;110,930;jew. ME;PRO013;Produktionswert
81000;Volkswirtschaftliche Gesamtrechnungen des Bundes;JAHR;Jahr;2024;DINSG;Deutschland insgesamt;DG;Deutschland;VGRPB5;Preisbasis (jeweilige Preise / preisbereinigt);VGRPVK;preisbereinigt, verkettete Volumenang. (Mrd. EUR);WZ08G3;WZ2008: Wirtschaftsbereiche der VGR;WZ08-65;Versicherungen, Rückversicherungen, Pensionskassen;93,078;jew. ME;PRO013;Produktionswert
81000;Volkswirtschaftliche Gesamtrechnungen des Bundes;JAHR;Jahr;2023;DINSG;Deutschland insgesamt;DG;Deutschland;VGRPB5;Preisbasis (jeweilige Preise / preisbereinigt);VGRPKM;preisbereinigt, Kettenindex (2020=100);WZ08G3;WZ2008: Wirtschaftsbereiche der VGR;WZ08-33;Reparatur u.Installation von Masch.u.Ausrüstungen;122,420;jew. ME;PRO013;Produktionswert
81000;Volkswirtschaftliche Gesamtrechnungen des Bundes;JAHR;Jahr;2021;DINSG;Deutschland insgesamt;DG;Deutschland;VGRPB5;Preisbasis (jeweilige Preise / preisbereinigt);VGRPVU;preisbereinigt, unverkettete Volumenang.(Mrd. EUR);WZ08G3;WZ2008: Wirtschaftsbereiche der VGR;WZ08-64;Erbringung von Finanzdienstleistungen;151,920;jew. ME;PRO013;Produktionswert
81000;Volkswirtschaftliche Gesamtrechnungen des Bundes;JAHR;Jahr;2021;DINSG;Deutschland insgesamt;DG;Deutschland;VGRPB5;Preisbasis (jeweilige Preise / preisbereinigt);VGRPVK;preisbereinigt, verkettete Volumenang. (Mrd. EUR);WZ08G3;WZ2008: Wirtschaftsbereiche der VGR;WZ08-10-01;Ernährungsgewerbe und Tabakverarbeitung;196,932;jew. ME;PRO013;Produktionswert
81000;Volkswirtschaftliche Gesamtrechnungen des Bundes;JAHR;Jahr;2025;DINSG;Deutschland insgesamt;DG;Deutschland;VGRPB5;Preisbasis (jeweilige Preise / preisbereinigt);VGRPVK;preisbereinigt, verkettete Volumenang. (Mrd. EUR);WZ08G3;WZ2008: Wirtschaftsbereiche der VGR;WZ08-O;Öff. Verwaltung, Verteidigung, Sozialversicherung;337,384;jew. ME;PRO013;Produktionswert
81000;Volkswirtschaftliche Gesamtrechnungen des Bundes;JAHR;Jahr;2024;DINSG;Deutschland insgesamt;DG;Deutschland;VGRPB5;Preisbasis (jeweilige Preise / preisbereinigt);VGRPVU;preisbereinigt, unverkettete Volumenang.(Mrd. EUR);WZ08G3;WZ2008: Wirtschaftsbereiche der VGR;WZ08-45;Kfz-Handel, Instandhaltung und Reparatur von Kfz;111,230;jew. ME;PRO013;Produktionswert
81000;Volkswirtschaftliche Gesamtrechnungen des Bundes;JAHR;Jahr;2021;DINSG;Deutschland insgesamt;DG;Deutschland;VGRPB5;Preisbasis (jeweilige Preise / preisbereinigt);VGRPVK;preisbereinigt, verkettete Volumenang. (Mrd. EUR);WZ08G3;WZ2008: Wirtschaftsbereiche der VGR;WZ08-19;Kokerei und Mineralölverarbeitung;49,324;jew. ME;PRO013;Produktionswert
81000;Volkswirtschaftliche Gesamtrechnungen des Bundes;JAHR;Jahr;2025;DINSG;Deutschland insgesamt;DG;Deutschland;VGRPB5;Preisbasis (jeweilige Preise / preisbereinigt);VGRPVU;preisbereinigt, unverkettete Volumenang.(Mrd. EUR);WZ08G3;WZ2008: Wirtschaftsbereiche der VGR;WZ08-69-02;Rechts- und Steuerberatung, Unternehmensberatung;...;jew. ME;PRO013;Produktionswert
81000;Volkswirtschaftliche Gesamtrechnungen des Bundes;JAHR;Jahr;2022;DINSG;Deutschland insgesamt;DG;Deutschland;VGRPB5;Preisbasis (jeweilige Preise / preisbereinigt);VGRPVK;preisbereinigt, verkettete Volumenang. (Mrd. EUR);WZ08G3;WZ2008: Wirtschaftsbereiche der VGR;WZ08-78;Vermittlung und Überlassung von Arbeitskräften;40,784;jew. ME;PRO013;Produktionswert
81000;Volkswirtschaftliche Gesamtrechnungen des Bundes;JAHR;Jahr;2023;DINSG;Deutschland insgesamt;DG;Deutschland;VGRPB5;Preisbasis (jeweilige Preise / preisbereinigt);VGRPKM;preisbereinigt, Kettenindex (2020=100);WZ08G3;WZ2008: Wirtschaftsbereiche der VGR;WZ08-R-02;Sonstige Dienstleister;117,920;jew. ME;PRO013;Produktionswert
81000;Volkswirtschaftliche Gesamtrechnungen des Bundes;JAHR;Jahr;2021;DINSG;Deutschland insgesamt;DG;Deutschland;VGRPB5;Preisbasis (jeweilige Preise / preisbereinigt);VGRPKM;preisbereinigt, Kettenindex (2020=100);WZ08G3;WZ2008: Wirtschaftsbereiche der VGR;WZ08-M;Freiberufliche, wiss. u. techn. Dienstleistungen;110,400;jew. ME;PRO013;Produktionswert
81000;Volkswirtschaftliche Gesamtrechnungen des Bundes;JAHR;Jahr;2024;DINSG;Deutschland insgesamt;DG;Deutschland;VGRPB5;Preisbasis (jeweilige Preise / preisbereinigt);VGRJPM;in jeweiligen Preisen (Mrd. EUR);WZ08G3;WZ2008: Wirtschaftsbereiche der VGR;WZ08-22;Herstellung von Gummi- und Kunststoffwaren;89,163;jew. ME;PRO013;Produktionswert
81000;Volkswirtschaftliche Gesamtrechnungen des Bundes;JAHR;Jahr;2021;DINSG;Deutschland insgesamt;DG;Deutschland;VGRPB5;Preisbasis (jeweilige Preise / preisbereinigt);VGRPVU;preisbereinigt, unverkettete Volumenang.(Mrd. EUR);WZ08G3;WZ2008: Wirtschaftsbereiche der VGR;WZ08-G-04;Dienstleistungsbereiche;4017,044;jew. ME;PRO013;Produktionswert
81000;Volkswirtschaftliche Gesamtrechnungen des Bundes;JAHR;Jahr;2022;DINSG;Deutschland insgesamt;DG;Deutschland;VGRPB5;Preisbasis (jeweilige Preise / preisbereinigt);VGRPVU;preisbereinigt, unverkettete Volumenang.(Mrd. EUR);WZ08G3;WZ2008: Wirtschaftsbereiche der VGR;WZ08-36;Wasserversorgung;10,288;jew. ME;PRO013;Produktionswert
81000;Volkswirtschaftliche Gesamtrechnungen des Bundes;JAHR;Jahr;2021;DINSG;Deutschland insgesamt;DG;Deutschland;VGRPB5;Preisbasis (jeweilige Preise / preisbereinigt);VGRPKM;preisbereinigt, Kettenindex (2020=100);WZ08G3;WZ2008: Wirtschaftsbereiche der VGR;WZ08-24;Metallerzeugung und -bearbeitung;107,890;jew. ME;PRO013;Produktionswert
81000;Volkswirtschaftliche Gesamtrechnungen des Bundes;JAHR;Jahr;2024;DINSG;Deutschland insgesamt;DG;Deutschland;VGRPB5;Preisbasis (jeweilige Preise / preisbereinigt);VGRPKM;preisbereinigt, Kettenindex (2020=100);WZ08G3;WZ2008: Wirtschaftsbereiche der VGR;WZ08-031;Fischerei;91,550;jew. ME;PRO013;Produktionswert
81000;Volkswirtschaftliche Gesamtrechnungen des Bundes;JAHR;Jahr;2024;DINSG;Deutschland insgesamt;DG;Deutschland;VGRPB5;Preisbasis (jeweilige Preise / preisbereinigt);VGRPKM;preisbereinigt, Kettenindex (2020=100);WZ08G3;WZ2008: Wirtschaftsbereiche der VGR;WZ08-H;Verkehr und Lagerei;118,050;jew. ME;PRO013;Produktionswert
81000;Volkswirtschaftliche Gesamtrechnungen des Bundes;JAHR;Jahr;2024;DINSG;Deutschland insgesamt;DG;Deutschland;VGRPB5;Preisbasis (jeweilige Preise / preisbereinigt);VGRPVK;preisbereinigt, verkettete Volumenang. (Mrd. EUR);WZ08G3;WZ2008: Wirtschaftsbereiche der VGR;WZ08-30;Sonstiger Fahrzeugbau;59,794;jew. ME;PRO013;Produktionswert
81000;Volkswirtschaftliche Gesamtrechnungen des Bundes;JAHR;Jahr;2025;DINSG;Deutschland insgesamt;DG;Deutschland;VGRPB5;Preisbasis (jeweilige Preise / preisbereinigt);VGRJPM;in jeweiligen Preisen (Mrd. EUR);WZ08G3;WZ2008: Wirtschaftsbereiche der VGR;WZ08-16;H.v. Holz-, Flecht-, Korb-u.Korkwaren (ohne Möbel);...;jew. ME;PRO013;Produktionswert
81000;Volkswirtschaftliche Gesamtrechnungen des Bundes;JAHR;Jahr;2021;DINSG;Deutschland insgesamt;DG;Deutschland;VGRPB5;Preisbasis (jeweilige Preise / preisbereinigt);VGRPVK;preisbereinigt, verkettete Volumenang. (Mrd. EUR);WZ08G3;WZ2008: Wirtschaftsbereiche der VGR;WZ08-72;Forschung und Entwicklung;56,633;jew. ME;PRO013;Produktionswert
81000;Volkswirtschaftliche Gesamtrechnungen des Bundes;JAHR;Jahr;2025;DINSG;Deutschland insgesamt;DG;Deutschland;VGRPB5;Preisbasis (jeweilige Preise / preisbereinigt);VGRPVU;preisbereinigt, unverkettete Volumenang.(Mrd. EUR);WZ08G3;WZ2008: Wirtschaftsbereiche der VGR;WZ08-B-18;Produzierendes Gewerbe ohne Baugewerbe;2672,381;jew. ME;PRO013;Produktionswert
81000;Volkswirtschaftliche Gesamtrechnungen des Bundes;JAHR;Jahr;2024;DINSG;Deutschland insgesamt;DG;Deutschland;VGRPB5;Preisbasis (jeweilige Preise / preisbereinigt);VGRJPM;in jeweiligen Preisen (Mrd. EUR);WZ08G3;WZ2008: Wirtschaftsbereiche der VGR;WZ08-24-01;Metallgewerbe;287,217;jew. ME;PRO013;Produktionswert
81000;Volkswirtschaftliche Gesamtrechnungen des Bundes;JAHR;Jahr;2025;DINSG;Deutschland insgesamt;DG;Deutschland;VGRPB5;Preisbasis (jeweilige Preise / preisbereinigt);VGRPVU;preisbereinigt, unverkettete Volumenang.(Mrd. EUR);WZ08G3;WZ2008: Wirtschaftsbereiche der VGR;WZ08-95;Reparatur von DV-Geräten und Gebrauchsgütern;...;jew. ME;PRO013;Produktionswert
81000;Volkswirtschaftliche Gesamtrechnungen des Bundes;JAHR;Jahr;2023;DINSG;Deutschland insgesamt;DG;Deutschland;VGRPB5;Preisbasis (jeweilige Preise / preisbereinigt);VGRPVU;preisbereinigt, unverkettete Volumenang.(Mrd. EUR);WZ08G3;WZ2008: Wirtschaftsbereiche der VGR;WZ08-95;Reparatur von DV-Geräten und Gebrauchsgütern;3,009;jew. ME;PRO013;Produktionswert
81000;Volkswirtschaftliche Gesamtrechnungen des Bundes;JAHR;Jahr;2021;DINSG;Deutschland insgesamt;DG;Deutschland;VGRPB5;Preisbasis (jeweilige Preise / preisbereinigt);VGRPVK;preisbereinigt, verkettete Volumenang. (Mrd. EUR);WZ08G3;WZ2008: Wirtschaftsbereiche der VGR;WZ08-K;Erbringung v. Finanz- u. Versicherungsdienstleist.;292,578;jew. ME;PRO013;Produktionswert
81000;Volkswirtschaftliche Gesamtrechnungen des Bundes;JAHR;Jahr;2022;DINSG;Deutschland insgesamt;DG;Deutschland;VGRPB5;Preisbasis (jeweilige Preise / preisbereinigt);VGRPVU;preisbereinigt, unverkettete Volumenang.(Mrd. EUR);WZ08G3;WZ2008: Wirtschaftsbereiche der VGR;WZ08-01;Landwirtschaft, Jagd und verbundene Tätigkeiten;56,659;jew. ME;PRO013;Produktionswert
81000;Volkswirtschaftliche Gesamtrechnungen des Bundes;JAHR;Jahr;2023;DINSG;Deutschland insgesamt;DG;Deutschland;VGRPB5;Preisbasis (jeweilige Preise / preisbereinigt);VGRJPM;in jeweiligen Preisen (Mrd. EUR);WZ08G3;WZ2008: Wirtschaftsbereiche der VGR;WZ08-73;Werbung und Marktforschung;34,785;jew. ME;PRO013;Produktionswert
81000;Volkswirtschaftliche Gesamtrechnungen des Bundes;JAHR;Jahr;2024;DINSG;Deutschland insgesamt;DG;Deutschland;VGRPB5;Preisbasis (jeweilige Preise / preisbereinigt);VGRPKM;preisbereinigt, Kettenindex (2020=100);WZ08G3;WZ2008: Wirtschaftsbereiche der VGR;WZ08-22-01;H.v. Gummi-, Kunststoff-, Glaswaren, Keramik u.Ä.;90,480;jew. ME;PRO013;Produktionswert
81000;Volkswirtschaftliche Gesamtrechnungen des Bundes;JAHR;Jahr;2024;DINSG;Deutschland insgesamt;DG;Deutschland;VGRPB5;Preisbasis (jeweilige Preise / preisbereinigt);VGRPVK;preisbereinigt, verkettete Volumenang. (Mrd. EUR);WZ08G3;WZ2008: Wirtschaftsbereiche der VGR;WZ08-F;Baugewerbe;331,180;jew. ME;PRO013;Produktionswert
81000;Volkswirtschaftliche Gesamtrechnungen des Bundes;JAHR;Jahr;2021;DINSG;Deutschland insgesamt;DG;Deutschland;VGRPB5;Preisbasis (jeweilige Preise / preisbereinigt);VGRJPM;in jeweiligen Preisen (Mrd. EUR);WZ08G3;WZ2008: Wirtschaftsbereiche der VGR;WZ08-73;Werbung und Marktforschung;31,479;jew. ME;PRO013;Produktionswert
81000;Volkswirtschaftliche Gesamtrechnungen des Bundes;JAHR;Jahr;2023;DINSG;Deutschland insgesamt;DG;Deutschland;VGRPB5;Preisbasis (jeweilige Preise / preisbereinigt);VGRPVU;preisbereinigt, unverkettete Volumenang.(Mrd. EUR);WZ08G3;WZ2008: Wirtschaftsbereiche der VGR;WZ08-37-01;Abwasser-, Abfallentsorgung, Rückgewinnung;83,821;jew. ME;PRO013;Produktionswert
81000;Volkswirtschaftliche Gesamtrechnungen des Bundes;JAHR;Jahr;2023;DINSG;Deutschland insgesamt;DG;Deutschland;VGRPB5;Preisbasis (jeweilige Preise / preisbereinigt);VGRJPM;in jeweiligen Preisen (Mrd. EUR);WZ08G3;WZ2008: Wirtschaftsbereiche der VGR;WZ08-31-02;Herstellung von Möbeln und sonstigen Waren;69,887;jew. ME;PRO013;Produktionswert
81000;Volkswirtschaftliche Gesamtrechnungen des Bundes;JAHR;Jahr;2023;DINSG;Deutschland insgesamt;DG;Deutschland;VGRPB5;Preisbasis (jeweilige Preise / preisbereinigt);VGRPVU;preisbereinigt, unverkettete Volumenang.(Mrd. EUR);WZ08G3;WZ2008: Wirtschaftsbereiche der VGR;WZ08-A;Land- und Forstwirtschaft, Fischerei;80,562;jew. ME;PRO013;Produktionswert
81000;Volkswirtschaftliche Gesamtrechnungen des Bundes;JAHR;Jahr;2022;DINSG;Deutschland insgesamt;DG;Deutschland;VGRPB5;Preisbasis (jeweilige Preise / preisbereinigt);VGRPKM;preisbereinigt, Kettenindex (2020=100);WZ08G3;WZ2008: Wirtschaftsbereiche der VGR;WZ08-M-02;Unternehmensdienstleister;118,080;jew. ME;PRO013;Produktionswert
81000;Volkswirtschaftliche Gesamtrechnungen des Bundes;JAHR;Jahr;2022;DINSG;Deutschland insgesamt;DG;Deutschland;VGRPB5;Preisbasis (jeweilige Preise / preisbereinigt);VGRPVU;preisbereinigt, unverkettete Volumenang.(Mrd. EUR);WZ08G3;WZ2008: Wirtschaftsbereiche der VGR;WZ08-I;Gastgewerbe;113,135;jew. ME;PRO013;Produktionswert
81000;Volkswirtschaftliche Gesamtrechnungen des Bundes;JAHR;Jahr;2021;DINSG;Deutschland insgesamt;DG;Deutschland;VGRPB5;Preisbasis (jeweilige Preise / preisbereinigt);VGRPVU;preisbereinigt, unverkettete Volumenang.(Mrd. EUR);WZ08G3;WZ2008: Wirtschaftsbereiche der VGR;WZ08-42;Tiefbau;49,087;jew. ME;PRO013;Produktionswert
81000;Volkswirtschaftliche Gesamtrechnungen des Bundes;JAHR;Jahr;2023;DINSG;Deutschland insgesamt;DG;Deutschland;VGRPB5;Preisbasis (jeweilige Preise / preisbereinigt);VGRPVU;preisbereinigt, unverkettete Volumenang.(Mrd. EUR);WZ08G3;WZ2008: Wirtschaftsbereiche der VGR;WZ08-R;Kunst, Unterhaltung und Erholung;76,541;jew. ME;PRO013;Produktionswert
81000;Volkswirtschaftliche Gesamtrechnungen des Bundes;JAHR;Jahr;2025;DINSG;Deutschland insgesamt;DG;Deutschland;VGRPB5;Preisbasis (jeweilige Preise / preisbereinigt);VGRPVK;preisbereinigt, verkettete Volumenang. (Mrd. EUR);WZ08G3;WZ2008: Wirtschaftsbereiche der VGR;WZ08-69-01;Unternehmensnahe Beratungsleistungen;...;jew. ME;PRO013;Produktionswert
81000;Volkswirtschaftliche Gesamtrechnungen des Bundes;JAHR;Jahr;2023;DINSG;Deutschland insgesamt;DG;Deutschland;VGRPB5;Preisbasis (jeweilige Preise / preisbereinigt);VGRJPM;in jeweiligen Preisen (Mrd. EUR);WZ08G3;WZ2008: Wirtschaftsbereiche der VGR;WZ08-H;Verkehr und Lagerei;466,264;jew. ME;PRO013;Produktionswert
81000;Volkswirtschaftliche Gesamtrechnungen des Bundes;JAHR;Jahr;2022;DINSG;Deutschland insgesamt;DG;Deutschland;VGRPB5;Preisbasis (jeweilige Preise / preisbereinigt);VGRPKM;preisbereinigt, Kettenindex (2020=100);WZ08G3;WZ2008: Wirtschaftsbereiche der VGR;WZ08-73-01;Sonst.freiberufl., wissenschaftl., techn. Dienstl.;109,660;jew. ME;PRO013;Produktionswert
81000;Volkswirtschaftliche Gesamtrechnungen des Bundes;JAHR;Jahr;2024;DINSG;Deutschland insgesamt;DG;Deutschland;VGRPB5;Preisbasis (jeweilige Preise / preisbereinigt);VGRPVU;preisbereinigt, unverkettete Volumenang.(Mrd. EUR);WZ08G3;WZ2008: Wirtschaftsbereiche der VGR;WZ08-23;H.v.Glas,-waren,Keramik,Verarb. v.Steinen u.Erden;56,763;jew. ME;PRO013;Produktionswert
81000;Volkswirtschaftliche Gesamtrechnungen des Bundes;JAHR;Jahr;2022;DINSG;Deutschland insgesamt;DG;Deutschland;VGRPB5;Preisbasis (jeweilige Preise / preisbereinigt);VGRPVU;preisbereinigt, unverkettete Volumenang.(Mrd. EUR);WZ08G3;WZ2008: Wirtschaftsbereiche der VGR;WZ08-69-01;Unternehmensnahe Beratungsleistungen;361,868;jew. ME;PRO013;Produktionswert
81000;Volkswirtschaftliche Gesamtrechnungen des Bundes;JAHR;Jahr;2024;DINSG;Deutschland insgesamt;DG;Deutschland;VGRPB5;Preisbasis (jeweilige Preise / preisbereinigt);VGRPVU;preisbereinigt, unverkettete Volumenang.(Mrd. EUR);WZ08G3;WZ2008: Wirtschaftsbereiche der VGR;WZ08-58;Verlagswesen;26,656;jew. ME;PRO013;Produktionswert
81000;Volkswirtschaftliche Gesamtrechnungen des Bundes;JAHR;Jahr;2023;DINSG;Deutschland insgesamt;DG;Deutschland;VGRPB5;Preisbasis (jeweilige Preise / preisbereinigt);VGRJPM;in jeweiligen Preisen (Mrd. EUR);WZ08G3;WZ2008: Wirtschaftsbereiche der VGR;WZ08-59-01;Audiovisuelle Medien und Rundfunk;40,698;jew. ME;PRO013;Produktionswert
81000;Volkswirtschaftliche Gesamtrechnungen des Bundes;JAHR;Jahr;2022;DINSG;Deutschland insgesamt;DG;Deutschland;VGRPB5;Preisbasis (jeweilige Preise / preisbereinigt);VGRPVU;preisbereinigt, unverkettete Volumenang.(Mrd. EUR);WZ08G3;WZ2008: Wirtschaftsbereiche der VGR;WZ08-58;Verlagswesen;27,403;jew. ME;PRO013;Produktionswert
81000;Volkswirtschaftliche Gesamtrechnungen des Bundes;JAHR;Jahr;2025;DINSG;Deutschland insgesamt;DG;Deutschland;VGRPB5;Preisbasis (jeweilige Preise / preisbereinigt);VGRPKM;preisbereinigt, Kettenindex (2020=100);WZ08G3;WZ2008: Wirtschaftsbereiche der VGR;WZ08-42;Tiefbau;...;jew. ME;PRO013;Produktionswert
81000;Volkswirtschaftliche Gesamtrechnungen des Bundes;JAHR;Jahr;2021;DINSG;Deutschland insgesamt;DG;Deutschland;VGRPB5;Preisbasis (jeweilige Preise / preisbereinigt);VGRPKM;preisbereinigt, Kettenindex (2020=100);WZ08G3;WZ2008: Wirtschaftsbereiche der VGR;WZ08-46;Großhandel (ohne Handel mit Kraftfahrzeugen);101,810;jew. ME;PRO013;Produktionswert
81000;Volkswirtschaftliche Gesamtrechnungen des Bundes;JAHR;Jahr;2023;DINSG;Deutschland insgesamt;DG;Deutschland;VGRPB5;Preisbasis (jeweilige Preise / preisbereinigt);VGRPKM;preisbereinigt, Kettenindex (2020=100);WZ08G3;WZ2008: Wirtschaftsbereiche der VGR;WZ08-46;Großhandel (ohne Handel mit Kraftfahrzeugen);99,490;jew. ME;PRO013;Produktionswert
81000;Volkswirtschaftliche Gesamtrechnungen des Bundes;JAHR;Jahr;2021;DINSG;Deutschland insgesamt;DG;Deutschland;VGRPB5;Preisbasis (jeweilige Preise / preisbereinigt);VGRPVU;preisbereinigt, unverkettete Volumenang.(Mrd. EUR);WZ08G3;WZ2008: Wirtschaftsbereiche der VGR;WZ08-77;Vermietung von beweglichen Sachen;70,802;jew. ME;PRO013;Produktionswert
81000;Volkswirtschaftliche Gesamtrechnungen des Bundes;JAHR;Jahr;2024;DINSG;Deutschland insgesamt;DG;Deutschland;VGRPB5;Preisbasis (jeweilige Preise / preisbereinigt);VGRPVK;preisbereinigt, verkettete Volumenang. (Mrd. EUR);WZ08G3;WZ2008: Wirtschaftsbereiche der VGR;WZ08-52;Lagerei, sonstige Dienstleistungen für den Verkehr;174,295;jew. ME;PRO013;Produktionswert
81000;Volkswirtschaftliche Gesamtrechnungen des Bundes;JAHR;Jahr;2024;DINSG;Deutschland insgesamt;DG;Deutschland;VGRPB5;Preisbasis (jeweilige Preise / preisbereinigt);VGRPKM;preisbereinigt, Kettenindex (2020=100);WZ08G3;WZ2008: Wirtschaftsbereiche der VGR;WZ08-27;Herstellung von elektrischen Ausrüstungen;94,870;jew. ME;PRO013;Produktionswert
81000;Volkswirtschaftliche Gesamtrechnungen des Bundes;JAHR;Jahr;2023;DINSG;Deutschland insgesamt;DG;Deutschland;VGRPB5;Preisbasis (jeweilige Preise / preisbereinigt);VGRPVK;preisbereinigt, verkettete Volumenang. (Mrd. EUR);WZ08G3;WZ2008: Wirtschaftsbereiche der VGR;WZ08-94;Interessenvertr., kirchl. u. sonst. Vereinigungen;44,849;jew. ME;PRO013;Produktionswert
81000;Volkswirtschaftliche Gesamtrechnungen des Bundes;JAHR;Jahr;2021;DINSG;Deutschland insgesamt;DG;Deutschland;VGRPB5;Preisbasis (jeweilige Preise / preisbereinigt);VGRPVK;preisbereinigt, verkettete Volumenang. (Mrd. EUR);WZ08G3;WZ2008: Wirtschaftsbereiche der VGR;WZ08-29-01;Fahrzeugbau;408,503;jew. ME;PRO013;Produktionswert
81000;Volkswirtschaftliche Gesamtrechnungen des Bundes;JAHR;Jahr;2023;DINSG;Deutschland insgesamt;DG;Deutschland;VGRPB5;Preisbasis (jeweilige Preise / preisbereinigt);VGRPVK;preisbereinigt, verkettete Volumenang. (Mrd. EUR);WZ08G3;WZ2008: Wirtschaftsbereiche der VGR;WZ08-62-01;IT- und Informationsdienstleister;236,861;jew. ME;PRO013;Produktionswert
81000;Volkswirtschaftliche Gesamtrechnungen des Bundes;JAHR;Jahr;2022;DINSG;Deutschland insgesamt;DG;Deutschland;VGRPB5;Preisbasis (jeweilige Preise / preisbereinigt);VGRJPM;in jeweiligen Preisen (Mrd. EUR);WZ08G3;WZ2008: Wirtschaftsbereiche der VGR;WZ08-58-01;Verlagswesen, audiovisuelle Medien und Rundfunk;69,188;jew. ME;PRO013;Produktionswert
81000;Volkswirtschaftliche Gesamtrechnungen des Bundes;JAHR;Jahr;2021;DINSG;Deutschland insgesamt;DG;Deutschland;VGRPB5;Preisbasis (jeweilige Preise / preisbereinigt);VGRPVU;preisbereinigt, unverkettete Volumenang.(Mrd. EUR);WZ08G3;WZ2008: Wirtschaftsbereiche der VGR;WZ08-73;Werbung und Marktforschung;30,372;jew. ME;PRO013;Produktionswert
81000;Volkswirtschaftliche Gesamtrechnungen des Bundes;JAHR;Jahr;2022;DINSG;Deutschland insgesamt;DG;Deutschland;VGRPB5;Preisbasis (jeweilige Preise / preisbereinigt);VGRJPM;in jeweiligen Preisen (Mrd. EUR);WZ08G3;WZ2008: Wirtschaftsbereiche der VGR;WZ08-69-02;Rechts- und Steuerberatung, Unternehmensberatung;254,929;jew. ME;PRO013;Produktionswert
81000;Volkswirtschaftliche Gesamtrechnungen des Bundes;JAHR;Jahr;2025;DINSG;Deutschland insgesamt;DG;Deutschland;VGRPB5;Preisbasis (jeweilige Preise / preisbereinigt);VGRPVU;preisbereinigt, unverkettete Volumenang.(Mrd. EUR);WZ08G3;WZ2008: Wirtschaftsbereiche der VGR;WZ08-73;Werbung und Marktforschung;...;jew. ME;PRO013;Produktionswert
81000;Volkswirtschaftliche Gesamtrechnungen des Bundes;JAHR;Jahr;2021;DINSG;Deutschland insgesamt;DG;Deutschland;VGRPB5;Preisbasis (jeweilige Preise / preisbereinigt);VGRPVU;preisbereinigt, unverkettete Volumenang.(Mrd. EUR);WZ08G3;WZ2008: Wirtschaftsbereiche der VGR;WZ08-80-01;Unternehmensdienstleister a.n.g.;141,167;jew. ME;PRO013;Produktionswert
81000;Volkswirtschaftliche Gesamtrechnungen des Bundes;JAHR;Jahr;2021;DINSG;Deutschland insgesamt;DG;Deutschland;VGRPB5;Preisbasis (jeweilige Preise / preisbereinigt);VGRPVK;preisbereinigt, verkettete Volumenang. (Mrd. EUR);WZ08G3;WZ2008: Wirtschaftsbereiche der VGR;WZ08-28;Maschinenbau;263,398;jew. ME;PRO013;Produktionswert
81000;Volkswirtschaftliche Gesamtrechnungen des Bundes;JAHR;Jahr;2025;DINSG;Deutschland insgesamt;DG;Deutschland;VGRPB5;Preisbasis (jeweilige Preise / preisbereinigt);VGRJPM;in jeweiligen Preisen (Mrd. EUR);WZ08G3;WZ2008: Wirtschaftsbereiche der VGR;WZ08-22-01;H.v. Gummi-, Kunststoff-, Glaswaren, Keramik u.Ä.;...;jew. ME;PRO013;Produktionswert
81000;Volkswirtschaftliche Gesamtrechnungen des Bundes;JAHR;Jahr;2022;DINSG;Deutschland insgesamt;DG;Deutschland;VGRPB5;Preisbasis (jeweilige Preise / preisbereinigt);VGRPVU;preisbereinigt, unverkettete Volumenang.(Mrd. EUR);WZ08G3;WZ2008: Wirtschaftsbereiche der VGR;WZ08-27;Herstellung von elektrischen Ausrüstungen;123,865;jew. ME;PRO013;Produktionswert
81000;Volkswirtschaftliche Gesamtrechnungen des Bundes;JAHR;Jahr;2024;DINSG;Deutschland insgesamt;DG;Deutschland;VGRPB5;Preisbasis (jeweilige Preise / preisbereinigt);VGRPVK;preisbereinigt, verkettete Volumenang. (Mrd. EUR);WZ08G3;WZ2008: Wirtschaftsbereiche der VGR;WZ08-21;Herstellung von pharmazeutischen Erzeugnissen;57,078;jew. ME;PRO013;Produktionswert
81000;Volkswirtschaftliche Gesamtrechnungen des Bundes;JAHR;Jahr;2025;DINSG;Deutschland insgesamt;DG;Deutschland;VGRPB5;Preisbasis (jeweilige Preise / preisbereinigt);VGRJPM;in jeweiligen Preisen (Mrd. EUR);WZ08G3;WZ2008: Wirtschaftsbereiche der VGR;WZ08-95;Reparatur von DV-Geräten und Gebrauchsgütern;...;jew. ME;PRO013;Produktionswert
81000;Volkswirtschaftliche Gesamtrechnungen des Bundes;JAHR;Jahr;2021;DINSG;Deutschland insgesamt;DG;Deutschland;VGRPB5;Preisbasis (jeweilige Preise / preisbereinigt);VGRPVK;preisbereinigt, verkettete Volumenang. (Mrd. EUR);WZ08G3;WZ2008: Wirtschaftsbereiche der VGR;WZ08-59-01;Audiovisuelle Medien und Rundfunk;36,365;jew. ME;PRO013;Produktionswert
81000;Volkswirtschaftliche Gesamtrechnungen des Bundes;JAHR;Jahr;2022;DINSG;Deutschland insgesamt;DG;Deutschland;VGRPB5;Preisbasis (jeweilige Preise / preisbereinigt);VGRJPM;in jeweiligen Preisen (Mrd. EUR);WZ08G3;WZ2008: Wirtschaftsbereiche der VGR;WZ08-Q;Gesundheits- und Sozialwesen;473,443;jew. ME;PRO013;Produktionswert
81000;Volkswirtschaftliche Gesamtrechnungen des Bundes;JAHR;Jahr;2025;DINSG;Deutschland insgesamt;DG;Deutschland;VGRPB5;Preisbasis (jeweilige Preise / preisbereinigt);VGRJPM;in jeweiligen Preisen (Mrd. EUR);WZ08G3;WZ2008: Wirtschaftsbereiche der VGR;WZ08-L;Grundstücks- und Wohnungswesen;604,792;jew. ME;PRO013;Produktionswert
81000;Volkswirtschaftliche Gesamtrechnungen des Bundes;JAHR;Jahr;2022;DINSG;Deutschland insgesamt;DG;Deutschland;VGRPB5;Preisbasis (jeweilige Preise / preisbereinigt);VGRPVK;preisbereinigt, verkettete Volumenang. (Mrd. EUR);WZ08G3;WZ2008: Wirtschaftsbereiche der VGR;WZ08-65;Versicherungen, Rückversicherungen, Pensionskassen;88,037;jew. ME;PRO013;Produktionswert
81000;Volkswirtschaftliche Gesamtrechnungen des Bundes;JAHR;Jahr;2021;DINSG;Deutschland insgesamt;DG;Deutschland;VGRPB5;Preisbasis (jeweilige Preise / preisbereinigt);VGRPKM;preisbereinigt, Kettenindex (2020=100);WZ08G3;WZ2008: Wirtschaftsbereiche der VGR;WZ08-33;Reparatur u.Installation von Masch.u.Ausrüstungen;103,170;jew. ME;PRO013;Produktionswert
81000;Volkswirtschaftliche Gesamtrechnungen des Bundes;JAHR;Jahr;2025;DINSG;Deutschland insgesamt;DG;Deutschland;VGRPB5;Preisbasis (jeweilige Preise / preisbereinigt);VGRPVK;preisbereinigt, verkettete Volumenang. (Mrd. EUR);WZ08G3;WZ2008: Wirtschaftsbereiche der VGR;WZ08-28;Maschinenbau;...;jew. ME;PRO013;Produktionswert
81000;Volkswirtschaftliche Gesamtrechnungen des Bundes;JAHR;Jahr;2021;DINSG;Deutschland insgesamt;DG;Deutschland;VGRPB5;Preisbasis (jeweilige Preise / preisbereinigt);VGRJPM;in jeweiligen Preisen (Mrd. EUR);WZ08G3;WZ2008: Wirtschaftsbereiche der VGR;WZ08-95;Reparatur von DV-Geräten und Gebrauchsgütern;2,799;jew. ME;PRO013;Produktionswert
81000;Volkswirtschaftliche Gesamtrechnungen des Bundes;JAHR;Jahr;2022;DINSG;Deutschland insgesamt;DG;Deutschland;VGRPB5;Preisbasis (jeweilige Preise / preisbereinigt);VGRPKM;preisbereinigt, Kettenindex (2020=100);WZ08G3;WZ2008: Wirtschaftsbereiche der VGR;WZ08-93;Dienstleistungen d.Sports,d.Unterhaltg.u.Erholung;125,240;jew. ME;PRO013;Produktionswert
81000;Volkswirtschaftliche Gesamtrechnungen des Bundes;JAHR;Jahr;2023;DINSG;Deutschland insgesamt;DG;Deutschland;VGRPB5;Preisbasis (jeweilige Preise / preisbereinigt);VGRPKM;preisbereinigt, Kettenindex (2020=100);WZ08G3;WZ2008: Wirtschaftsbereiche der VGR;WZ08-77;Vermietung von beweglichen Sachen;119,170;jew. ME;PRO013;Produktionswert
81000;Volkswirtschaftliche Gesamtrechnungen des Bundes;JAHR;Jahr;2022;DINSG;Deutschland insgesamt;DG;Deutschland;VGRPB5;Preisbasis (jeweilige Preise / preisbereinigt);VGRJPM;in jeweiligen Preisen (Mrd. EUR);WZ08G3;WZ2008: Wirtschaftsbereiche der VGR;WZ08-79;Reisebüros, -veranstalter u. sonst. Reservierungen;30,061;jew. ME;PRO013;Produktionswert
81000;Volkswirtschaftliche Gesamtrechnungen des Bundes;JAHR;Jahr;2025;DINSG;Deutschland insgesamt;DG;Deutschland;VGRPB5;Preisbasis (jeweilige Preise / preisbereinigt);VGRPKM;preisbereinigt, Kettenindex (2020=100);WZ08G3;WZ2008: Wirtschaftsbereiche der VGR;WZ08-90-01;Kunst und Kultur, Glücksspiel;...;jew. ME;PRO013;Produktionswert
81000;Volkswirtschaftliche Gesamtrechnungen des Bundes;JAHR;Jahr;2021;DINSG;Deutschland insgesamt;DG;Deutschland;VGRPB5;Preisbasis (jeweilige Preise / preisbereinigt);VGRPVU;preisbereinigt, unverkettete Volumenang.(Mrd. EUR);WZ08G3;WZ2008: Wirtschaftsbereiche der VGR;WZ08-O-03;Öffentliche Dienstleister, Erziehung, Gesundheit;964,755;jew. ME;PRO013;Produktionswert
81000;Volkswirtschaftliche Gesamtrechnungen des Bundes;JAHR;Jahr;2025;DINSG;Deutschland insgesamt;DG;Deutschland;VGRPB5;Preisbasis (jeweilige Preise / preisbereinigt);VGRPKM;preisbereinigt, Kettenindex (2020=100);WZ08G3;WZ2008: Wirtschaftsbereiche der VGR;WZ08-33;Reparatur u.Installation von Masch.u.Ausrüstungen;...;jew. ME;PRO013;Produktionswert
81000;Volkswirtschaftliche Gesamtrechnungen des Bundes;JAHR;Jahr;2025;DINSG;Deutschland insgesamt;DG;Deutschland;VGRPB5;Preisbasis (jeweilige Preise / preisbereinigt);VGRPVU;preisbereinigt, unverkettete Volumenang.(Mrd. EUR);WZ08G3;WZ2008: Wirtschaftsbereiche der VGR;WZ08-E;Wasserversorg.,Entsorg.,Beseitig.v.Umweltverschm.;96,576;jew. ME;PRO013;Produktionswert
81000;Volkswirtschaftliche Gesamtrechnungen des Bundes;JAHR;Jahr;2023;DINSG;Deutschland insgesamt;DG;Deutschland;VGRPB5;Preisbasis (jeweilige Preise / preisbereinigt);VGRPVU;preisbereinigt, unverkettete Volumenang.(Mrd. EUR);WZ08G3;WZ2008: Wirtschaftsbereiche der VGR;WZ08-64;Erbringung von Finanzdienstleistungen;152,354;jew. ME;PRO013;Produktionswert
81000;Volkswirtschaftliche Gesamtrechnungen des Bundes;JAHR;Jahr;2022;DINSG;Deutschland insgesamt;DG;Deutschland;VGRPB5;Preisbasis (jeweilige Preise / preisbereinigt);VGRPVK;preisbereinigt, verkettete Volumenang. (Mrd. EUR);WZ08G3;WZ2008: Wirtschaftsbereiche der VGR;WZ08-24-01;Metallgewerbe;241,551;jew. ME;PRO013;Produktionswert
81000;Volkswirtschaftliche Gesamtrechnungen des Bundes;JAHR;Jahr;2024;DINSG;Deutschland insgesamt;DG;Deutschland;VGRPB5;Preisbasis (jeweilige Preise / preisbereinigt);VGRPVU;preisbereinigt, unverkettete Volumenang.(Mrd. EUR);WZ08G3;WZ2008: Wirtschaftsbereiche der VGR;WZ08-01;Landwirtschaft, Jagd und verbundene Tätigkeiten;74,636;jew. ME;PRO013;Produktionswert
81000;Volkswirtschaftliche Gesamtrechnungen des Bundes;JAHR;Jahr;2021;DINSG;Deutschland insgesamt;DG;Deutschland;VGRPB5;Preisbasis (jeweilige Preise / preisbereinigt);VGRPVK;preisbereinigt, verkettete Volumenang. (Mrd. EUR);WZ08G3;WZ2008: Wirtschaftsbereiche der VGR;WZ08-13-01;Textil- und Bekleidungsgewerbe;21,472;jew. ME;PRO013;Produktionswert
81000;Volkswirtschaftliche Gesamtrechnungen des Bundes;JAHR;Jahr;2024;DINSG;Deutschland insgesamt;DG;Deutschland;VGRPB5;Preisbasis (jeweilige Preise / preisbereinigt);VGRPVU;preisbereinigt, unverkettete Volumenang.(Mrd. EUR);WZ08G3;WZ2008: Wirtschaftsbereiche der VGR;WZ08-36;Wasserversorgung;11,428;jew. ME;PRO013;Produktionswert
81000;Volkswirtschaftliche Gesamtrechnungen des Bundes;JAHR;Jahr;2024;DINSG;Deutschland insgesamt;DG;Deutschland;VGRPB5;Preisbasis (jeweilige Preise / preisbereinigt);VGRPVK;preisbereinigt, verkettete Volumenang. (Mrd. EUR);WZ08G3;WZ2008: Wirtschaftsbereiche der VGR;WZ08-78;Vermittlung und Überlassung von Arbeitskräften;37,017;jew. ME;PRO013;Produktionswert
81000;Volkswirtschaftliche Gesamtrechnungen des Bundes;JAHR;Jahr;2022;DINSG;Deutschland insgesamt;DG;Deutschland;VGRPB5;Preisbasis (jeweilige Preise / preisbereinigt);VGRJPM;in jeweiligen Preisen (Mrd. EUR);WZ08G3;WZ2008: Wirtschaftsbereiche der VGR;WZ08-22;Herstellung von Gummi- und Kunststoffwaren;101,673;jew. ME;PRO013;Produktionswert
81000;Volkswirtschaftliche Gesamtrechnungen des Bundes;JAHR;Jahr;2023;DINSG;Deutschland insgesamt;DG;Deutschland;VGRPB5;Preisbasis (jeweilige Preise / preisbereinigt);VGRPKM;preisbereinigt, Kettenindex (2020=100);WZ08G3;WZ2008: Wirtschaftsbereiche der VGR;WZ08-M;Freiberufliche, wiss. u. techn. Dienstleistungen;119,570;jew. ME;PRO013;Produktionswert
81000;Volkswirtschaftliche Gesamtrechnungen des Bundes;JAHR;Jahr;2024;DINSG;Deutschland insgesamt;DG;Deutschland;VGRPB5;Preisbasis (jeweilige Preise / preisbereinigt);VGRJPM;in jeweiligen Preisen (Mrd. EUR);WZ08G3;WZ2008: Wirtschaftsbereiche der VGR;WZ08-66;Mit Finanz- u. Versicherungsdienstl. verb. Tätigk.;56,865;jew. ME;PRO013;Produktionswert
81000;Volkswirtschaftliche Gesamtrechnungen des Bundes;JAHR;Jahr;2023;DINSG;Deutschland insgesamt;DG;Deutschland;VGRPB5;Preisbasis (jeweilige Preise / preisbereinigt);VGRPVK;preisbereinigt, verkettete Volumenang. (Mrd. EUR);WZ08G3;WZ2008: Wirtschaftsbereiche der VGR;WZ08-G-01;Handel, Verkehr, Gastgewerbe;1134,703;jew. ME;PRO013;Produktionswert
81000;Volkswirtschaftliche Gesamtrechnungen des Bundes;JAHR;Jahr;2021;DINSG;Deutschland insgesamt;DG;Deutschland;VGRPB5;Preisbasis (jeweilige Preise / preisbereinigt);VGRPKM;preisbereinigt, Kettenindex (2020=100);WZ08G3;WZ2008: Wirtschaftsbereiche der VGR;WZ08-58-01;Verlagswesen, audiovisuelle Medien und Rundfunk;96,730;jew. ME;PRO013;Produktionswert
81000;Volkswirtschaftliche Gesamtrechnungen des Bundes;JAHR;Jahr;2022;DINSG;Deutschland insgesamt;DG;Deutschland;VGRPB5;Preisbasis (jeweilige Preise / preisbereinigt);VGRPVK;preisbereinigt, verkettete Volumenang. (Mrd. EUR);WZ08G3;WZ2008: Wirtschaftsbereiche der VGR;WZ08-30;Sonstiger Fahrzeugbau;50,697;jew. ME;PRO013;Produktionswert
81000;Volkswirtschaftliche Gesamtrechnungen des Bundes;JAHR;Jahr;2023;DINSG;Deutschland insgesamt;DG;Deutschland;VGRPB5;Preisbasis (jeweilige Preise / preisbereinigt);VGRPKM;preisbereinigt, Kettenindex (2020=100);WZ08G3;WZ2008: Wirtschaftsbereiche der VGR;WZ08-20;Herstellung von chemischen Erzeugnissen;94,010;jew. ME;PRO013;Produktionswert
81000;Volkswirtschaftliche Gesamtrechnungen des Bundes;JAHR;Jahr;2022;DINSG;Deutschland insgesamt;DG;Deutschland;VGRPB5;Preisbasis (jeweilige Preise / preisbereinigt);VGRPKM;preisbereinigt, Kettenindex (2020=100);WZ08G3;WZ2008: Wirtschaftsbereiche der VGR;WZ08-D;Energieversorgung;79,040;jew. ME;PRO013;Produktionswert
81000;Volkswirtschaftliche Gesamtrechnungen des Bundes;JAHR;Jahr;2022;DINSG;Deutschland insgesamt;DG;Deutschland;VGRPB5;Preisbasis (jeweilige Preise / preisbereinigt);VGRPVK;preisbereinigt, verkettete Volumenang. (Mrd. EUR);WZ08G3;WZ2008: Wirtschaftsbereiche der VGR;WZ08-031;Fischerei;0,613;jew. ME;PRO013;Produktionswert
81000;Volkswirtschaftliche Gesamtrechnungen des Bundes;JAHR;Jahr;2022;DINSG;Deutschland insgesamt;DG;Deutschland;VGRPB5;Preisbasis (jeweilige Preise / preisbereinigt);VGRJPM;in jeweiligen Preisen (Mrd. EUR);WZ08G3;WZ2008: Wirtschaftsbereiche der VGR;WZ08-80-01;Unternehmensdienstleister a.n.g.;169,085;jew. ME;PRO013;Produktionswert
81000;Volkswirtschaftliche Gesamtrechnungen des Bundes;JAHR;Jahr;2024;DINSG;Deutschland insgesamt;DG;Deutschland;VGRPB5;Preisbasis (jeweilige Preise / preisbereinigt);VGRPVK;preisbereinigt, verkettete Volumenang. (Mrd. EUR);WZ08G3;WZ2008: Wirtschaftsbereiche der VGR;WZ08-90-01;Kunst und Kultur, Glücksspiel;36,647;jew. ME;PRO013;Produktionswert
81000;Volkswirtschaftliche Gesamtrechnungen des Bundes;JAHR;Jahr;2021;DINSG;Deutschland insgesamt;DG;Deutschland;VGRPB5;Preisbasis (jeweilige Preise / preisbereinigt);VGRPVU;preisbereinigt, unverkettete Volumenang.(Mrd. EUR);WZ08G3;WZ2008: Wirtschaftsbereiche der VGR;WZ08-51;Luftfahrt;21,380;jew. ME;PRO013;Produktionswert
81000;Volkswirtschaftliche Gesamtrechnungen des Bundes;JAHR;Jahr;2022;DINSG;Deutschland insgesamt;DG;Deutschland;VGRPB5;Preisbasis (jeweilige Preise / preisbereinigt);VGRJPM;in jeweiligen Preisen (Mrd. EUR);WZ08G3;WZ2008: Wirtschaftsbereiche der VGR;WZ08-031;Fischerei;0,718;jew. ME;PRO013;Produktionswert
81000;Volkswirtschaftliche Gesamtrechnungen des Bundes;JAHR;Jahr;2025;DINSG;Deutschland insgesamt;DG;Deutschland;VGRPB5;Preisbasis (jeweilige Preise / preisbereinigt);VGRPVU;preisbereinigt, unverkettete Volumenang.(Mrd. EUR);WZ08G3;WZ2008: Wirtschaftsbereiche der VGR;WZ08-51;Luftfahrt;...;jew. ME;PRO013;Produktionswert
81000;Volkswirtschaftliche Gesamtrechnungen des Bundes;JAHR;Jahr;2025;DINSG;Deutschland insgesamt;DG;Deutschland;VGRPB5;Preisbasis (jeweilige Preise / preisbereinigt);VGRPKM;preisbereinigt, Kettenindex (2020=100);WZ08G3;WZ2008: Wirtschaftsbereiche der VGR;WZ08-69-02;Rechts- und Steuerberatung, Unternehmensberatung;...;jew. ME;PRO013;Produktionswert
81000;Volkswirtschaftliche Gesamtrechnungen des Bundes;JAHR;Jahr;2023;DINSG;Deutschland insgesamt;DG;Deutschland;VGRPB5;Preisbasis (jeweilige Preise / preisbereinigt);VGRPVU;preisbereinigt, unverkettete Volumenang.(Mrd. EUR);WZ08G3;WZ2008: Wirtschaftsbereiche der VGR;WZ08-51;Luftfahrt;45,401;jew. ME;PRO013;Produktionswert
81000;Volkswirtschaftliche Gesamtrechnungen des Bundes;JAHR;Jahr;2024;DINSG;Deutschland insgesamt;DG;Deutschland;VGRPB5;Preisbasis (jeweilige Preise / preisbereinigt);VGRPVU;preisbereinigt, unverkettete Volumenang.(Mrd. EUR);WZ08G3;WZ2008: Wirtschaftsbereiche der VGR;WZ08-49;Landverkehr und Transport in Rohrfernleitungen;152,821;jew. ME;PRO013;Produktionswert
81000;Volkswirtschaftliche Gesamtrechnungen des Bundes;JAHR;Jahr;2022;DINSG;Deutschland insgesamt;DG;Deutschland;VGRPB5;Preisbasis (jeweilige Preise / preisbereinigt);VGRPKM;preisbereinigt, Kettenindex (2020=100);WZ08G3;WZ2008: Wirtschaftsbereiche der VGR;WZ08-71;Architektur-,Ing.büros,techn.,physik.Untersuchung;103,230;jew. ME;PRO013;Produktionswert
81000;Volkswirtschaftliche Gesamtrechnungen des Bundes;JAHR;Jahr;2022;DINSG;Deutschland insgesamt;DG;Deutschland;VGRPB5;Preisbasis (jeweilige Preise / preisbereinigt);VGRPVU;preisbereinigt, unverkettete Volumenang.(Mrd. EUR);WZ08G3;WZ2008: Wirtschaftsbereiche der VGR;WZ08-49;Landverkehr und Transport in Rohrfernleitungen;130,370;jew. ME;PRO013;Produktionswert
81000;Volkswirtschaftliche Gesamtrechnungen des Bundes;JAHR;Jahr;2022;DINSG;Deutschland insgesamt;DG;Deutschland;VGRPB5;Preisbasis (jeweilige Preise / preisbereinigt);VGRPKM;preisbereinigt, Kettenindex (2020=100);WZ08G3;WZ2008: Wirtschaftsbereiche der VGR;WZ08-59-01;Audiovisuelle Medien und Rundfunk;105,630;jew. ME;PRO013;Produktionswert
81000;Volkswirtschaftliche Gesamtrechnungen des Bundes;JAHR;Jahr;2022;DINSG;Deutschland insgesamt;DG;Deutschland;VGRPB5;Preisbasis (jeweilige Preise / preisbereinigt);VGRPVK;preisbereinigt, verkettete Volumenang. (Mrd. EUR);WZ08G3;WZ2008: Wirtschaftsbereiche der VGR;WZ08-43;Vorb.Baustellenarbeiten, Bauinstall., sonst.Ausbau;225,193;jew. ME;PRO013;Produktionswert
81000;Volkswirtschaftliche Gesamtrechnungen des Bundes;JAHR;Jahr;2023;DINSG;Deutschland insgesamt;DG;Deutschland;VGRPB5;Preisbasis (jeweilige Preise / preisbereinigt);VGRPVK;preisbereinigt, verkettete Volumenang. (Mrd. EUR);WZ08G3;WZ2008: Wirtschaftsbereiche der VGR;WZ08-O;Öff. Verwaltung, Verteidigung, Sozialversicherung;324,705;jew. ME;PRO013;Produktionswert
81000;Volkswirtschaftliche Gesamtrechnungen des Bundes;JAHR;Jahr;2024;DINSG;Deutschland insgesamt;DG;Deutschland;VGRPB5;Preisbasis (jeweilige Preise / preisbereinigt);VGRPKM;preisbereinigt, Kettenindex (2020=100);WZ08G3;WZ2008: Wirtschaftsbereiche der VGR;WZ08-71;Architektur-,Ing.büros,techn.,physik.Untersuchung;109,190;jew. ME;PRO013;Produktionswert
81000;Volkswirtschaftliche Gesamtrechnungen des Bundes;JAHR;Jahr;2021;DINSG;Deutschland insgesamt;DG;Deutschland;VGRPB5;Preisbasis (jeweilige Preise / preisbereinigt);VGRPVU;preisbereinigt, unverkettete Volumenang.(Mrd. EUR);WZ08G3;WZ2008: Wirtschaftsbereiche der VGR;WZ08-A;Land- und Forstwirtschaft, Fischerei;62,912;jew. ME;PRO013;Produktionswert
81000;Volkswirtschaftliche Gesamtrechnungen des Bundes;JAHR;Jahr;2024;DINSG;Deutschland insgesamt;DG;Deutschland;VGRPB5;Preisbasis (jeweilige Preise / preisbereinigt);VGRPVK;preisbereinigt, verkettete Volumenang. (Mrd. EUR);WZ08G3;WZ2008: Wirtschaftsbereiche der VGR;WZ08-43;Vorb.Baustellenarbeiten, Bauinstall., sonst.Ausbau;220,079;jew. ME;PRO013;Produktionswert
81000;Volkswirtschaftliche Gesamtrechnungen des Bundes;JAHR;Jahr;2022;DINSG;Deutschland insgesamt;DG;Deutschland;VGRPB5;Preisbasis (jeweilige Preise / preisbereinigt);VGRPVK;preisbereinigt, verkettete Volumenang. (Mrd. EUR);WZ08G3;WZ2008: Wirtschaftsbereiche der VGR;WZ08-F;Baugewerbe;351,831;jew. ME;PRO013;Produktionswert
81000;Volkswirtschaftliche Gesamtrechnungen des Bundes;JAHR;Jahr;2024;DINSG;Deutschland insgesamt;DG;Deutschland;VGRPB5;Preisbasis (jeweilige Preise / preisbereinigt);VGRPKM;preisbereinigt, Kettenindex (2020=100);WZ08G3;WZ2008: Wirtschaftsbereiche der VGR;WZ08-18;H.v. Druckerz., Vervielf.v.Ton-,Bild-,Datenträgern;87,620;jew. ME;PRO013;Produktionswert
81000;Volkswirtschaftliche Gesamtrechnungen des Bundes;JAHR;Jahr;2024;DINSG;Deutschland insgesamt;DG;Deutschland;VGRPB5;Preisbasis (jeweilige Preise / preisbereinigt);VGRPVK;preisbereinigt, verkettete Volumenang. (Mrd. EUR);WZ08G3;WZ2008: Wirtschaftsbereiche der VGR;WZ08-80-01;Unternehmensdienstleister a.n.g.;159,956;jew. ME;PRO013;Produktionswert
81000;Volkswirtschaftliche Gesamtrechnungen des Bundes;JAHR;Jahr;2025;DINSG;Deutschland insgesamt;DG;Deutschland;VGRPB5;Preisbasis (jeweilige Preise / preisbereinigt);VGRPVU;preisbereinigt, unverkettete Volumenang.(Mrd. EUR);WZ08G3;WZ2008: Wirtschaftsbereiche der VGR;WZ08-90-01;Kunst und Kultur, Glücksspiel;...;jew. ME;PRO013;Produktionswert
81000;Volkswirtschaftliche Gesamtrechnungen des Bundes;JAHR;Jahr;2023;DINSG;Deutschland insgesamt;DG;Deutschland;VGRPB5;Preisbasis (jeweilige Preise / preisbereinigt);VGRJPM;in jeweiligen Preisen (Mrd. EUR);WZ08G3;WZ2008: Wirtschaftsbereiche der VGR;WZ08-29-01;Fahrzeugbau;529,172;jew. ME;PRO013;Produktionswert
81000;Volkswirtschaftliche Gesamtrechnungen des Bundes;JAHR;Jahr;2025;DINSG;Deutschland insgesamt;DG;Deutschland;VGRPB5;Preisbasis (jeweilige Preise / preisbereinigt);VGRJPM;in jeweiligen Preisen (Mrd. EUR);WZ08G3;WZ2008: Wirtschaftsbereiche der VGR;WZ08-29;Herstellung von Kraftwagen und Kraftwagenteilen;...;jew. ME;PRO013;Produktionswert
81000;Volkswirtschaftliche Gesamtrechnungen des Bundes;JAHR;Jahr;2022;DINSG;Deutschland insgesamt;DG;Deutschland;VGRPB5;Preisbasis (jeweilige Preise / preisbereinigt);VGRPKM;preisbereinigt, Kettenindex (2020=100);WZ08G3;WZ2008: Wirtschaftsbereiche der VGR;WZ08-18;H.v. Druckerz., Vervielf.v.Ton-,Bild-,Datenträgern;92,570;jew. ME;PRO013;Produktionswert
81000;Volkswirtschaftliche Gesamtrechnungen des Bundes;JAHR;Jahr;2021;DINSG;Deutschland insgesamt;DG;Deutschland;VGRPB5;Preisbasis (jeweilige Preise / preisbereinigt);VGRPVU;preisbereinigt, unverkettete Volumenang.(Mrd. EUR);WZ08G3;WZ2008: Wirtschaftsbereiche der VGR;WZ08-86;Gesundheitswesen;284,602;jew. ME;PRO013;Produktionswert
81000;Volkswirtschaftliche Gesamtrechnungen des Bundes;JAHR;Jahr;2021;DINSG;Deutschland insgesamt;DG;Deutschland;VGRPB5;Preisbasis (jeweilige Preise / preisbereinigt);VGRPVU;preisbereinigt, unverkettete Volumenang.(Mrd. EUR);WZ08G3;WZ2008: Wirtschaftsbereiche der VGR;WZ08-R;Kunst, Unterhaltung und Erholung;53,998;jew. ME;PRO013;Produktionswert
81000;Volkswirtschaftliche Gesamtrechnungen des Bundes;JAHR;Jahr;2023;DINSG;Deutschland insgesamt;DG;Deutschland;VGRPB5;Preisbasis (jeweilige Preise / preisbereinigt);VGRPVU;preisbereinigt, unverkettete Volumenang.(Mrd. EUR);WZ08G3;WZ2008: Wirtschaftsbereiche der VGR;WZ08-86;Gesundheitswesen;292,820;jew. ME;PRO013;Produktionswert
81000;Volkswirtschaftliche Gesamtrechnungen des Bundes;JAHR;Jahr;2025;DINSG;Deutschland insgesamt;DG;Deutschland;VGRPB5;Preisbasis (jeweilige Preise / preisbereinigt);VGRPVU;preisbereinigt, unverkettete Volumenang.(Mrd. EUR);WZ08G3;WZ2008: Wirtschaftsbereiche der VGR;WZ08-86;Gesundheitswesen;...;jew. ME;PRO013;Produktionswert
81000;Volkswirtschaftliche Gesamtrechnungen des Bundes;JAHR;Jahr;2023;DINSG;Deutschland insgesamt;DG;Deutschland;VGRPB5;Preisbasis (jeweilige Preise / preisbereinigt);VGRPKM;preisbereinigt, Kettenindex (2020=100);WZ08G3;WZ2008: Wirtschaftsbereiche der VGR;WZ08-87-01;Heime und Sozialwesen;103,990;jew. ME;PRO013;Produktionswert
81000;Volkswirtschaftliche Gesamtrechnungen des Bundes;JAHR;Jahr;2024;DINSG;Deutschland insgesamt;DG;Deutschland;VGRPB5;Preisbasis (jeweilige Preise / preisbereinigt);VGRPVU;preisbereinigt, unverkettete Volumenang.(Mrd. EUR);WZ08G3;WZ2008: Wirtschaftsbereiche der VGR;WZ08-M;Freiberufliche, wiss. u. techn. Dienstleistungen;549,699;jew. ME;PRO013;Produktionswert
81000;Volkswirtschaftliche Gesamtrechnungen des Bundes;JAHR;Jahr;2023;DINSG;Deutschland insgesamt;DG;Deutschland;VGRPB5;Preisbasis (jeweilige Preise / preisbereinigt);VGRPKM;preisbereinigt, Kettenindex (2020=100);WZ08G3;WZ2008: Wirtschaftsbereiche der VGR;WZ08-24-01;Metallgewerbe;106,130;jew. ME;PRO013;Produktionswert
81000;Volkswirtschaftliche Gesamtrechnungen des Bundes;JAHR;Jahr;2021;DINSG;Deutschland insgesamt;DG;Deutschland;VGRPB5;Preisbasis (jeweilige Preise / preisbereinigt);VGRJPM;in jeweiligen Preisen (Mrd. EUR);WZ08G3;WZ2008: Wirtschaftsbereiche der VGR;WZ08-H;Verkehr und Lagerei;401,783;jew. ME;PRO013;Produktionswert
81000;Volkswirtschaftliche Gesamtrechnungen des Bundes;JAHR;Jahr;2021;DINSG;Deutschland insgesamt;DG;Deutschland;VGRPB5;Preisbasis (jeweilige Preise / preisbereinigt);VGRJPM;in jeweiligen Preisen (Mrd. EUR);WZ08G3;WZ2008: Wirtschaftsbereiche der VGR;WZ08-29;Herstellung von Kraftwagen und Kraftwagenteilen;369,915;jew. ME;PRO013;Produktionswert
81000;Volkswirtschaftliche Gesamtrechnungen des Bundes;JAHR;Jahr;2021;DINSG;Deutschland insgesamt;DG;Deutschland;VGRPB5;Preisbasis (jeweilige Preise / preisbereinigt);VGRPVU;preisbereinigt, unverkettete Volumenang.(Mrd. EUR);WZ08G3;WZ2008: Wirtschaftsbereiche der VGR;WZ08-58-01;Verlagswesen, audiovisuelle Medien und Rundfunk;64,255;jew. ME;PRO013;Produktionswert
81000;Volkswirtschaftliche Gesamtrechnungen des Bundes;JAHR;Jahr;2023;DINSG;Deutschland insgesamt;DG;Deutschland;VGRPB5;Preisbasis (jeweilige Preise / preisbereinigt);VGRJPM;in jeweiligen Preisen (Mrd. EUR);WZ08G3;WZ2008: Wirtschaftsbereiche der VGR;WZ08-29;Herstellung von Kraftwagen und Kraftwagenteilen;468,254;jew. ME;PRO013;Produktionswert
81000;Volkswirtschaftliche Gesamtrechnungen des Bundes;JAHR;Jahr;2022;DINSG;Deutschland insgesamt;DG;Deutschland;VGRPB5;Preisbasis (jeweilige Preise / preisbereinigt);VGRPVU;preisbereinigt, unverkettete Volumenang.(Mrd. EUR);WZ08G3;WZ2008: Wirtschaftsbereiche der VGR;WZ08-93;Dienstleistungen d.Sports,d.Unterhaltg.u.Erholung;33,717;jew. ME;PRO013;Produktionswert
81000;Volkswirtschaftliche Gesamtrechnungen des Bundes;JAHR;Jahr;2022;DINSG;Deutschland insgesamt;DG;Deutschland;VGRPB5;Preisbasis (jeweilige Preise / preisbereinigt);VGRPVK;preisbereinigt, verkettete Volumenang. (Mrd. EUR);WZ08G3;WZ2008: Wirtschaftsbereiche der VGR;WZ08-31-01;Möbelherstellung, Installation von Maschinen;112,476;jew. ME;PRO013;Produktionswert
81000;Volkswirtschaftliche Gesamtrechnungen des Bundes;JAHR;Jahr;2023;DINSG;Deutschland insgesamt;DG;Deutschland;VGRPB5;Preisbasis (jeweilige Preise / preisbereinigt);VGRJPM;in jeweiligen Preisen (Mrd. EUR);WZ08G3;WZ2008: Wirtschaftsbereiche der VGR;WZ08-13-01;Textil- und Bekleidungsgewerbe;24,394;jew. ME;PRO013;Produktionswert
81000;Volkswirtschaftliche Gesamtrechnungen des Bundes;JAHR;Jahr;2025;DINSG;Deutschland insgesamt;DG;Deutschland;VGRPB5;Preisbasis (jeweilige Preise / preisbereinigt);VGRJPM;in jeweiligen Preisen (Mrd. EUR);WZ08G3;WZ2008: Wirtschaftsbereiche der VGR;WZ08-51;Luftfahrt;...;jew. ME;PRO013;Produktionswert
81000;Volkswirtschaftliche Gesamtrechnungen des Bundes;JAHR;Jahr;2022;DINSG;Deutschland insgesamt;DG;Deutschland;VGRPB5;Preisbasis (jeweilige Preise / preisbereinigt);VGRPVU;preisbereinigt, unverkettete Volumenang.(Mrd. EUR);WZ08G3;WZ2008: Wirtschaftsbereiche der VGR;WZ08-31-02;Herstellung von Möbeln und sonstigen Waren;63,549;jew. ME;PRO013;Produktionswert
81000;Volkswirtschaftliche Gesamtrechnungen des Bundes;JAHR;Jahr;2024;DINSG;Deutschland insgesamt;DG;Deutschland;VGRPB5;Preisbasis (jeweilige Preise / preisbereinigt);VGRPVU;preisbereinigt, unverkettete Volumenang.(Mrd. EUR);WZ08G3;WZ2008: Wirtschaftsbereiche der VGR;WZ08-27;Herstellung von elektrischen Ausrüstungen;119,547;jew. ME;PRO013;Produktionswert
81000;Volkswirtschaftliche Gesamtrechnungen des Bundes;JAHR;Jahr;2025;DINSG;Deutschland insgesamt;DG;Deutschland;VGRPB5;Preisbasis (jeweilige Preise / preisbereinigt);VGRPKM;preisbereinigt, Kettenindex (2020=100);WZ08G3;WZ2008: Wirtschaftsbereiche der VGR;WZ08-73;Werbung und Marktforschung;...;jew. ME;PRO013;Produktionswert
81000;Volkswirtschaftliche Gesamtrechnungen des Bundes;JAHR;Jahr;2022;DINSG;Deutschland insgesamt;DG;Deutschland;VGRPB5;Preisbasis (jeweilige Preise / preisbereinigt);VGRPVK;preisbereinigt, verkettete Volumenang. (Mrd. EUR);WZ08G3;WZ2008: Wirtschaftsbereiche der VGR;WZ08-O;Öff. Verwaltung, Verteidigung, Sozialversicherung;323,197;jew. ME;PRO013;Produktionswert
81000;Volkswirtschaftliche Gesamtrechnungen des Bundes;JAHR;Jahr;2021;DINSG;Deutschland insgesamt;DG;Deutschland;VGRPB5;Preisbasis (jeweilige Preise / preisbereinigt);VGRPKM;preisbereinigt, Kettenindex (2020=100);WZ08G3;WZ2008: Wirtschaftsbereiche der VGR;WZ08-77;Vermietung von beweglichen Sachen;100,440;jew. ME;PRO013;Produktionswert
81000;Volkswirtschaftliche Gesamtrechnungen des Bundes;JAHR;Jahr;2021;DINSG;Deutschland insgesamt;DG;Deutschland;VGRPB5;Preisbasis (jeweilige Preise / preisbereinigt);VGRPKM;preisbereinigt, Kettenindex (2020=100);WZ08G3;WZ2008: Wirtschaftsbereiche der VGR;WZ08-G-01;Handel, Verkehr, Gastgewerbe;102,400;jew. ME;PRO013;Produktionswert
81000;Volkswirtschaftliche Gesamtrechnungen des Bundes;JAHR;Jahr;2025;DINSG;Deutschland insgesamt;DG;Deutschland;VGRPB5;Preisbasis (jeweilige Preise / preisbereinigt);VGRPVK;preisbereinigt, verkettete Volumenang. (Mrd. EUR);WZ08G3;WZ2008: Wirtschaftsbereiche der VGR;WZ08-B;Bergbau und Gewinnung von Steinen und Erden;8,985;jew. ME;PRO013;Produktionswert
81000;Volkswirtschaftliche Gesamtrechnungen des Bundes;JAHR;Jahr;2021;DINSG;Deutschland insgesamt;DG;Deutschland;VGRPB5;Preisbasis (jeweilige Preise / preisbereinigt);VGRPVK;preisbereinigt, verkettete Volumenang. (Mrd. EUR);WZ08G3;WZ2008: Wirtschaftsbereiche der VGR;WZ08-41;Hochbau;89,548;jew. ME;PRO013;Produktionswert
81000;Volkswirtschaftliche Gesamtrechnungen des Bundes;JAHR;Jahr;2024;DINSG;Deutschland insgesamt;DG;Deutschland;VGRPB5;Preisbasis (jeweilige Preise / preisbereinigt);VGRPVK;preisbereinigt, verkettete Volumenang. (Mrd. EUR);WZ08G3;WZ2008: Wirtschaftsbereiche der VGR;WZ08-61;Telekommunikation;75,461;jew. ME;PRO013;Produktionswert
81000;Volkswirtschaftliche Gesamtrechnungen des Bundes;JAHR;Jahr;2022;DINSG;Deutschland insgesamt;DG;Deutschland;VGRPB5;Preisbasis (jeweilige Preise / preisbereinigt);VGRPKM;preisbereinigt, Kettenindex (2020=100);WZ08G3;WZ2008: Wirtschaftsbereiche der VGR;WZ08-53;Post-, Kurier- und Expressdienste;124,410;jew. ME;PRO013;Produktionswert
81000;Volkswirtschaftliche Gesamtrechnungen des Bundes;JAHR;Jahr;2025;DINSG;Deutschland insgesamt;DG;Deutschland;VGRPB5;Preisbasis (jeweilige Preise / preisbereinigt);VGRPVK;preisbereinigt, verkettete Volumenang. (Mrd. EUR);WZ08G3;WZ2008: Wirtschaftsbereiche der VGR;WZ08-R-02;Sonstige Dienstleister;192,869;jew. ME;PRO013;Produktionswert
81000;Volkswirtschaftliche Gesamtrechnungen des Bundes;JAHR;Jahr;2024;DINSG;Deutschland insgesamt;DG;Deutschland;VGRPB5;Preisbasis (jeweilige Preise / preisbereinigt);VGRJPM;in jeweiligen Preisen (Mrd. EUR);WZ08G3;WZ2008: Wirtschaftsbereiche der VGR;WZ08-D;Energieversorgung;241,679;jew. ME;PRO013;Produktionswert
81000;Volkswirtschaftliche Gesamtrechnungen des Bundes;JAHR;Jahr;2025;DINSG;Deutschland insgesamt;DG;Deutschland;VGRPB5;Preisbasis (jeweilige Preise / preisbereinigt);VGRPVK;preisbereinigt, verkettete Volumenang. (Mrd. EUR);WZ08G3;WZ2008: Wirtschaftsbereiche der VGR;WZ08-S;Erbringung von sonstigen Dienstleistungen;110,712;jew. ME;PRO013;Produktionswert
81000;Volkswirtschaftliche Gesamtrechnungen des Bundes;JAHR;Jahr;2023;DINSG;Deutschland insgesamt;DG;Deutschland;VGRPB5;Preisbasis (jeweilige Preise / preisbereinigt);VGRJPM;in jeweiligen Preisen (Mrd. EUR);WZ08G3;WZ2008: Wirtschaftsbereiche der VGR;WZ08-64;Erbringung von Finanzdienstleistungen;165,404;jew. ME;PRO013;Produktionswert
81000;Volkswirtschaftliche Gesamtrechnungen des Bundes;JAHR;Jahr;2021;DINSG;Deutschland insgesamt;DG;Deutschland;VGRPB5;Preisbasis (jeweilige Preise / preisbereinigt);VGRPKM;preisbereinigt, Kettenindex (2020=100);WZ08G3;WZ2008: Wirtschaftsbereiche der VGR;WZ08-Q;Gesundheits- und Sozialwesen;102,360;jew. ME;PRO013;Produktionswert
81000;Volkswirtschaftliche Gesamtrechnungen des Bundes;JAHR;Jahr;2021;DINSG;Deutschland insgesamt;DG;Deutschland;VGRPB5;Preisbasis (jeweilige Preise / preisbereinigt);VGRJPM;in jeweiligen Preisen (Mrd. EUR);WZ08G3;WZ2008: Wirtschaftsbereiche der VGR;WZ08-20;Herstellung von chemischen Erzeugnissen;163,025;jew. ME;PRO013;Produktionswert
81000;Volkswirtschaftliche Gesamtrechnungen des Bundes;JAHR;Jahr;2022;DINSG;Deutschland insgesamt;DG;Deutschland;VGRPB5;Preisbasis (jeweilige Preise / preisbereinigt);VGRJPM;in jeweiligen Preisen (Mrd. EUR);WZ08G3;WZ2008: Wirtschaftsbereiche der VGR;WZ08-66;Mit Finanz- u. Versicherungsdienstl. verb. Tätigk.;51,603;jew. ME;PRO013;Produktionswert
81000;Volkswirtschaftliche Gesamtrechnungen des Bundes;JAHR;Jahr;2023;DINSG;Deutschland insgesamt;DG;Deutschland;VGRPB5;Preisbasis (jeweilige Preise / preisbereinigt);VGRPVU;preisbereinigt, unverkettete Volumenang.(Mrd. EUR);WZ08G3;WZ2008: Wirtschaftsbereiche der VGR;WZ08-24-01;Metallgewerbe;302,430;jew. ME;PRO013;Produktionswert
81000;Volkswirtschaftliche Gesamtrechnungen des Bundes;JAHR;Jahr;2022;DINSG;Deutschland insgesamt;DG;Deutschland;VGRPB5;Preisbasis (jeweilige Preise / preisbereinigt);VGRPVU;preisbereinigt, unverkettete Volumenang.(Mrd. EUR);WZ08G3;WZ2008: Wirtschaftsbereiche der VGR;WZ08-16-01;H.v. Holzwaren, Papier und Druckerzeugnissen;86,814;jew. ME;PRO013;Produktionswert
81000;Volkswirtschaftliche Gesamtrechnungen des Bundes;JAHR;Jahr;2025;DINSG;Deutschland insgesamt;DG;Deutschland;VGRPB5;Preisbasis (jeweilige Preise / preisbereinigt);VGRPVK;preisbereinigt, verkettete Volumenang. (Mrd. EUR);WZ08G3;WZ2008: Wirtschaftsbereiche der VGR;WZ08-72;Forschung und Entwicklung;...;jew. ME;PRO013;Produktionswert
81000;Volkswirtschaftliche Gesamtrechnungen des Bundes;JAHR;Jahr;2022;DINSG;Deutschland insgesamt;DG;Deutschland;VGRPB5;Preisbasis (jeweilige Preise / preisbereinigt);VGRPKM;preisbereinigt, Kettenindex (2020=100);WZ08G3;WZ2008: Wirtschaftsbereiche der VGR;WZ08-69-01;Unternehmensnahe Beratungsleistungen;115,340;jew. ME;PRO013;Produktionswert
81000;Volkswirtschaftliche Gesamtrechnungen des Bundes;JAHR;Jahr;2025;DINSG;Deutschland insgesamt;DG;Deutschland;VGRPB5;Preisbasis (jeweilige Preise / preisbereinigt);VGRPVK;preisbereinigt, verkettete Volumenang. (Mrd. EUR);WZ08G3;WZ2008: Wirtschaftsbereiche der VGR;WZ08-19;Kokerei und Mineralölverarbeitung;...;jew. ME;PRO013;Produktionswert
81000;Volkswirtschaftliche Gesamtrechnungen des Bundes;JAHR;Jahr;2021;DINSG;Deutschland insgesamt;DG;Deutschland;VGRPB5;Preisbasis (jeweilige Preise / preisbereinigt);VGRPKM;preisbereinigt, Kettenindex (2020=100);WZ08G3;WZ2008: Wirtschaftsbereiche der VGR;WZ08-20;Herstellung von chemischen Erzeugnissen;110,350;jew. ME;PRO013;Produktionswert
81000;Volkswirtschaftliche Gesamtrechnungen des Bundes;JAHR;Jahr;2023;DINSG;Deutschland insgesamt;DG;Deutschland;VGRPB5;Preisbasis (jeweilige Preise / preisbereinigt);VGRPKM;preisbereinigt, Kettenindex (2020=100);WZ08G3;WZ2008: Wirtschaftsbereiche der VGR;WZ08-64;Erbringung von Finanzdienstleistungen;103,100;jew. ME;PRO013;Produktionswert
81000;Volkswirtschaftliche Gesamtrechnungen des Bundes;JAHR;Jahr;2024;DINSG;Deutschland insgesamt;DG;Deutschland;VGRPB5;Preisbasis (jeweilige Preise / preisbereinigt);VGRPKM;preisbereinigt, Kettenindex (2020=100);WZ08G3;WZ2008: Wirtschaftsbereiche der VGR;WZ08-D;Energieversorgung;92,180;jew. ME;PRO013;Produktionswert
81000;Volkswirtschaftliche Gesamtrechnungen des Bundes;JAHR;Jahr;2021;DINSG;Deutschland insgesamt;DG;Deutschland;VGRPB5;Preisbasis (jeweilige Preise / preisbereinigt);VGRPVU;preisbereinigt, unverkettete Volumenang.(Mrd. EUR);WZ08G3;WZ2008: Wirtschaftsbereiche der VGR;WZ08-95;Reparatur von DV-Geräten und Gebrauchsgütern;2,763;jew. ME;PRO013;Produktionswert
81000;Volkswirtschaftliche Gesamtrechnungen des Bundes;JAHR;Jahr;2022;DINSG;Deutschland insgesamt;DG;Deutschland;VGRPB5;Preisbasis (jeweilige Preise / preisbereinigt);VGRPVU;preisbereinigt, unverkettete Volumenang.(Mrd. EUR);WZ08G3;WZ2008: Wirtschaftsbereiche der VGR;WZ08-59-01;Audiovisuelle Medien und Rundfunk;38,551;jew. ME;PRO013;Produktionswert
81000;Volkswirtschaftliche Gesamtrechnungen des Bundes;JAHR;Jahr;2022;DINSG;Deutschland insgesamt;DG;Deutschland;VGRPB5;Preisbasis (jeweilige Preise / preisbereinigt);VGRJPM;in jeweiligen Preisen (Mrd. EUR);WZ08G3;WZ2008: Wirtschaftsbereiche der VGR;WZ08-53;Post-, Kurier- und Expressdienste;68,527;jew. ME;PRO013;Produktionswert
81000;Volkswirtschaftliche Gesamtrechnungen des Bundes;JAHR;Jahr;2025;DINSG;Deutschland insgesamt;DG;Deutschland;VGRPB5;Preisbasis (jeweilige Preise / preisbereinigt);VGRJPM;in jeweiligen Preisen (Mrd. EUR);WZ08G3;WZ2008: Wirtschaftsbereiche der VGR;WZ08-73;Werbung und Marktforschung;...;jew. ME;PRO013;Produktionswert
81000;Volkswirtschaftliche Gesamtrechnungen des Bundes;JAHR;Jahr;2021;DINSG;Deutschland insgesamt;DG;Deutschland;VGRPB5;Preisbasis (jeweilige Preise / preisbereinigt);VGRJPM;in jeweiligen Preisen (Mrd. EUR);WZ08G3;WZ2008: Wirtschaftsbereiche der VGR;WZ08-77;Vermietung von beweglichen Sachen;74,500;jew. ME;PRO013;Produktionswert
81000;Volkswirtschaftliche Gesamtrechnungen des Bundes;JAHR;Jahr;2025;DINSG;Deutschland insgesamt;DG;Deutschland;VGRPB5;Preisbasis (jeweilige Preise / preisbereinigt);VGRPVK;preisbereinigt, verkettete Volumenang. (Mrd. EUR);WZ08G3;WZ2008: Wirtschaftsbereiche der VGR;WZ08-A-02;Alle Wirtschaftsbereiche;6876,252;jew. ME;PRO013;Produktionswert
81000;Volkswirtschaftliche Gesamtrechnungen des Bundes;JAHR;Jahr;2023;DINSG;Deutschland insgesamt;DG;Deutschland;VGRPB5;Preisbasis (jeweilige Preise / preisbereinigt);VGRJPM;in jeweiligen Preisen (Mrd. EUR);WZ08G3;WZ2008: Wirtschaftsbereiche der VGR;WZ08-77;Vermietung von beweglichen Sachen;101,158;jew. ME;PRO013;Produktionswert
81000;Volkswirtschaftliche Gesamtrechnungen des Bundes;JAHR;Jahr;2024;DINSG;Deutschland insgesamt;DG;Deutschland;VGRPB5;Preisbasis (jeweilige Preise / preisbereinigt);VGRJPM;in jeweiligen Preisen (Mrd. EUR);WZ08G3;WZ2008: Wirtschaftsbereiche der VGR;WZ08-53;Post-, Kurier- und Expressdienste;65,522;jew. ME;PRO013;Produktionswert
81000;Volkswirtschaftliche Gesamtrechnungen des Bundes;JAHR;Jahr;2021;DINSG;Deutschland insgesamt;DG;Deutschland;VGRPB5;Preisbasis (jeweilige Preise / preisbereinigt);VGRPVK;preisbereinigt, verkettete Volumenang. (Mrd. EUR);WZ08G3;WZ2008: Wirtschaftsbereiche der VGR;WZ08-O;Öff. Verwaltung, Verteidigung, Sozialversicherung;333,372;jew. ME;PRO013;Produktionswert
81000;Volkswirtschaftliche Gesamtrechnungen des Bundes;JAHR;Jahr;2023;DINSG;Deutschland insgesamt;DG;Deutschland;VGRPB5;Preisbasis (jeweilige Preise / preisbereinigt);VGRPVU;preisbereinigt, unverkettete Volumenang.(Mrd. EUR);WZ08G3;WZ2008: Wirtschaftsbereiche der VGR;WZ08-31-01;Möbelherstellung, Installation von Maschinen;122,133;jew. ME;PRO013;Produktionswert
81000;Volkswirtschaftliche Gesamtrechnungen des Bundes;JAHR;Jahr;2025;DINSG;Deutschland insgesamt;DG;Deutschland;VGRPB5;Preisbasis (jeweilige Preise / preisbereinigt);VGRPKM;preisbereinigt, Kettenindex (2020=100);WZ08G3;WZ2008: Wirtschaftsbereiche der VGR;WZ08-95;Reparatur von DV-Geräten und Gebrauchsgütern;...;jew. ME;PRO013;Produktionswert
81000;Volkswirtschaftliche Gesamtrechnungen des Bundes;JAHR;Jahr;2024;DINSG;Deutschland insgesamt;DG;Deutschland;VGRPB5;Preisbasis (jeweilige Preise / preisbereinigt);VGRJPM;in jeweiligen Preisen (Mrd. EUR);WZ08G3;WZ2008: Wirtschaftsbereiche der VGR;WZ08-87-01;Heime und Sozialwesen;186,278;jew. ME;PRO013;Produktionswert
81000;Volkswirtschaftliche Gesamtrechnungen des Bundes;JAHR;Jahr;2023;DINSG;Deutschland insgesamt;DG;Deutschland;VGRPB5;Preisbasis (jeweilige Preise / preisbereinigt);VGRPVU;preisbereinigt, unverkettete Volumenang.(Mrd. EUR);WZ08G3;WZ2008: Wirtschaftsbereiche der VGR;WZ08-E;Wasserversorg.,Entsorg.,Beseitig.v.Umweltverschm.;94,635;jew. ME;PRO013;Produktionswert
81000;Volkswirtschaftliche Gesamtrechnungen des Bundes;JAHR;Jahr;2024;DINSG;Deutschland insgesamt;DG;Deutschland;VGRPB5;Preisbasis (jeweilige Preise / preisbereinigt);VGRPVK;preisbereinigt, verkettete Volumenang. (Mrd. EUR);WZ08G3;WZ2008: Wirtschaftsbereiche der VGR;WZ08-B;Bergbau und Gewinnung von Steinen und Erden;9,155;jew. ME;PRO013;Produktionswert
81000;Volkswirtschaftliche Gesamtrechnungen des Bundes;JAHR;Jahr;2025;DINSG;Deutschland insgesamt;DG;Deutschland;VGRPB5;Preisbasis (jeweilige Preise / preisbereinigt);VGRJPM;in jeweiligen Preisen (Mrd. EUR);WZ08G3;WZ2008: Wirtschaftsbereiche der VGR;WZ08-62-01;IT- und Informationsdienstleister;...;jew. ME;PRO013;Produktionswert
81000;Volkswirtschaftliche Gesamtrechnungen des Bundes;JAHR;Jahr;2022;DINSG;Deutschland insgesamt;DG;Deutschland;VGRPB5;Preisbasis (jeweilige Preise / preisbereinigt);VGRPVK;preisbereinigt, verkettete Volumenang. (Mrd. EUR);WZ08G3;WZ2008: Wirtschaftsbereiche der VGR;WZ08-G-04;Dienstleistungsbereiche;4229,190;jew. ME;PRO013;Produktionswert
81000;Volkswirtschaftliche Gesamtrechnungen des Bundes;JAHR;Jahr;2021;DINSG;Deutschland insgesamt;DG;Deutschland;VGRPB5;Preisbasis (jeweilige Preise / preisbereinigt);VGRJPM;in jeweiligen Preisen (Mrd. EUR);WZ08G3;WZ2008: Wirtschaftsbereiche der VGR;WZ08-62-01;IT- und Informationsdienstleister;200,403;jew. ME;PRO013;Produktionswert
81000;Volkswirtschaftliche Gesamtrechnungen des Bundes;JAHR;Jahr;2021;DINSG;Deutschland insgesamt;DG;Deutschland;VGRPB5;Preisbasis (jeweilige Preise / preisbereinigt);VGRPVU;preisbereinigt, unverkettete Volumenang.(Mrd. EUR);WZ08G3;WZ2008: Wirtschaftsbereiche der VGR;WZ08-B-18;Produzierendes Gewerbe ohne Baugewerbe;2138,212;jew. ME;PRO013;Produktionswert
81000;Volkswirtschaftliche Gesamtrechnungen des Bundes;JAHR;Jahr;2023;DINSG;Deutschland insgesamt;DG;Deutschland;VGRPB5;Preisbasis (jeweilige Preise / preisbereinigt);VGRJPM;in jeweiligen Preisen (Mrd. EUR);WZ08G3;WZ2008: Wirtschaftsbereiche der VGR;WZ08-D;Energieversorgung;245,045;jew. ME;PRO013;Produktionswert
81000;Volkswirtschaftliche Gesamtrechnungen des Bundes;JAHR;Jahr;2024;DINSG;Deutschland insgesamt;DG;Deutschland;VGRPB5;Preisbasis (jeweilige Preise / preisbereinigt);VGRPVK;preisbereinigt, verkettete Volumenang. (Mrd. EUR);WZ08G3;WZ2008: Wirtschaftsbereiche der VGR;WZ08-S;Erbringung von sonstigen Dienstleistungen;108,870;jew. ME;PRO013;Produktionswert
81000;Volkswirtschaftliche Gesamtrechnungen des Bundes;JAHR;Jahr;2025;DINSG;Deutschland insgesamt;DG;Deutschland;VGRPB5;Preisbasis (jeweilige Preise / preisbereinigt);VGRPVU;preisbereinigt, unverkettete Volumenang.(Mrd. EUR);WZ08G3;WZ2008: Wirtschaftsbereiche der VGR;WZ08-16;H.v. Holz-, Flecht-, Korb-u.Korkwaren (ohne Möbel);...;jew. ME;PRO013;Produktionswert
81000;Volkswirtschaftliche Gesamtrechnungen des Bundes;JAHR;Jahr;2023;DINSG;Deutschland insgesamt;DG;Deutschland;VGRPB5;Preisbasis (jeweilige Preise / preisbereinigt);VGRPVU;preisbereinigt, unverkettete Volumenang.(Mrd. EUR);WZ08G3;WZ2008: Wirtschaftsbereiche der VGR;WZ08-16;H.v. Holz-, Flecht-, Korb-u.Korkwaren (ohne Möbel);35,135;jew. ME;PRO013;Produktionswert
81000;Volkswirtschaftliche Gesamtrechnungen des Bundes;JAHR;Jahr;2021;DINSG;Deutschland insgesamt;DG;Deutschland;VGRPB5;Preisbasis (jeweilige Preise / preisbereinigt);VGRJPM;in jeweiligen Preisen (Mrd. EUR);WZ08G3;WZ2008: Wirtschaftsbereiche der VGR;WZ08-42;Tiefbau;51,385;jew. ME;PRO013;Produktionswert
81000;Volkswirtschaftliche Gesamtrechnungen des Bundes;JAHR;Jahr;2021;DINSG;Deutschland insgesamt;DG;Deutschland;VGRPB5;Preisbasis (jeweilige Preise / preisbereinigt);VGRPKM;preisbereinigt, Kettenindex (2020=100);WZ08G3;WZ2008: Wirtschaftsbereiche der VGR;WZ08-42;Tiefbau;97,970;jew. ME;PRO013;Produktionswert
81000;Volkswirtschaftliche Gesamtrechnungen des Bundes;JAHR;Jahr;2023;DINSG;Deutschland insgesamt;DG;Deutschland;VGRPB5;Preisbasis (jeweilige Preise / preisbereinigt);VGRJPM;in jeweiligen Preisen (Mrd. EUR);WZ08G3;WZ2008: Wirtschaftsbereiche der VGR;WZ08-42;Tiefbau;58,875;jew. ME;PRO013;Produktionswert
81000;Volkswirtschaftliche Gesamtrechnungen des Bundes;JAHR;Jahr;2025;DINSG;Deutschland insgesamt;DG;Deutschland;VGRPB5;Preisbasis (jeweilige Preise / preisbereinigt);VGRPVK;preisbereinigt, verkettete Volumenang. (Mrd. EUR);WZ08G3;WZ2008: Wirtschaftsbereiche der VGR;WZ08-94;Interessenvertr., kirchl. u. sonst. Vereinigungen;...;jew. ME;PRO013;Produktionswert
81000;Volkswirtschaftliche Gesamtrechnungen des Bundes;JAHR;Jahr;2022;DINSG;Deutschland insgesamt;DG;Deutschland;VGRPB5;Preisbasis (jeweilige Preise / preisbereinigt);VGRPVK;preisbereinigt, verkettete Volumenang. (Mrd. EUR);WZ08G3;WZ2008: Wirtschaftsbereiche der VGR;WZ08-52;Lagerei, sonstige Dienstleistungen für den Verkehr;167,333;jew. ME;PRO013;Produktionswert
81000;Volkswirtschaftliche Gesamtrechnungen des Bundes;JAHR;Jahr;2022;DINSG;Deutschland insgesamt;DG;Deutschland;VGRPB5;Preisbasis (jeweilige Preise / preisbereinigt);VGRPKM;preisbereinigt, Kettenindex (2020=100);WZ08G3;WZ2008: Wirtschaftsbereiche der VGR;WZ08-16-01;H.v. Holzwaren, Papier und Druckerzeugnissen;99,670;jew. ME;PRO013;Produktionswert
81000;Volkswirtschaftliche Gesamtrechnungen des Bundes;JAHR;Jahr;2023;DINSG;Deutschland insgesamt;DG;Deutschland;VGRPB5;Preisbasis (jeweilige Preise / preisbereinigt);VGRPKM;preisbereinigt, Kettenindex (2020=100);WZ08G3;WZ2008: Wirtschaftsbereiche der VGR;WZ08-42;Tiefbau;88,070;jew. ME;PRO013;Produktionswert
81000;Volkswirtschaftliche Gesamtrechnungen des Bundes;JAHR;Jahr;2023;DINSG;Deutschland insgesamt;DG;Deutschland;VGRPB5;Preisbasis (jeweilige Preise / preisbereinigt);VGRPKM;preisbereinigt, Kettenindex (2020=100);WZ08G3;WZ2008: Wirtschaftsbereiche der VGR;WZ08-D;Energieversorgung;86,700;jew. ME;PRO013;Produktionswert
81000;Volkswirtschaftliche Gesamtrechnungen des Bundes;JAHR;Jahr;2024;DINSG;Deutschland insgesamt;DG;Deutschland;VGRPB5;Preisbasis (jeweilige Preise / preisbereinigt);VGRPVU;preisbereinigt, unverkettete Volumenang.(Mrd. EUR);WZ08G3;WZ2008: Wirtschaftsbereiche der VGR;WZ08-93;Dienstleistungen d.Sports,d.Unterhaltg.u.Erholung;41,728;jew. ME;PRO013;Produktionswert
81000;Volkswirtschaftliche Gesamtrechnungen des Bundes;JAHR;Jahr;2022;DINSG;Deutschland insgesamt;DG;Deutschland;VGRPB5;Preisbasis (jeweilige Preise / preisbereinigt);VGRJPM;in jeweiligen Preisen (Mrd. EUR);WZ08G3;WZ2008: Wirtschaftsbereiche der VGR;WZ08-B-05;Produzierendes Gewerbe;3088,266;jew. ME;PRO013;Produktionswert
81000;Volkswirtschaftliche Gesamtrechnungen des Bundes;JAHR;Jahr;2023;DINSG;Deutschland insgesamt;DG;Deutschland;VGRPB5;Preisbasis (jeweilige Preise / preisbereinigt);VGRJPM;in jeweiligen Preisen (Mrd. EUR);WZ08G3;WZ2008: Wirtschaftsbereiche der VGR;WZ08-51;Luftfahrt;41,732;jew. ME;PRO013;Produktionswert
81000;Volkswirtschaftliche Gesamtrechnungen des Bundes;JAHR;Jahr;2023;DINSG;Deutschland insgesamt;DG;Deutschland;VGRPB5;Preisbasis (jeweilige Preise / preisbereinigt);VGRPKM;preisbereinigt, Kettenindex (2020=100);WZ08G3;WZ2008: Wirtschaftsbereiche der VGR;WZ08-73;Werbung und Marktforschung;123,840;jew. ME;PRO013;Produktionswert
81000;Volkswirtschaftliche Gesamtrechnungen des Bundes;JAHR;Jahr;2022;DINSG;Deutschland insgesamt;DG;Deutschland;VGRPB5;Preisbasis (jeweilige Preise / preisbereinigt);VGRPVK;preisbereinigt, verkettete Volumenang. (Mrd. EUR);WZ08G3;WZ2008: Wirtschaftsbereiche der VGR;WZ08-61;Telekommunikation;69,103;jew. ME;PRO013;Produktionswert
81000;Volkswirtschaftliche Gesamtrechnungen des Bundes;JAHR;Jahr;2023;DINSG;Deutschland insgesamt;DG;Deutschland;VGRPB5;Preisbasis (jeweilige Preise / preisbereinigt);VGRPVK;preisbereinigt, verkettete Volumenang. (Mrd. EUR);WZ08G3;WZ2008: Wirtschaftsbereiche der VGR;WZ08-B;Bergbau und Gewinnung von Steinen und Erden;9,227;jew. ME;PRO013;Produktionswert
81000;Volkswirtschaftliche Gesamtrechnungen des Bundes;JAHR;Jahr;2024;DINSG;Deutschland insgesamt;DG;Deutschland;VGRPB5;Preisbasis (jeweilige Preise / preisbereinigt);VGRPKM;preisbereinigt, Kettenindex (2020=100);WZ08G3;WZ2008: Wirtschaftsbereiche der VGR;WZ08-53;Post-, Kurier- und Expressdienste;111,840;jew. ME;PRO013;Produktionswert
81000;Volkswirtschaftliche Gesamtrechnungen des Bundes;JAHR;Jahr;2022;DINSG;Deutschland insgesamt;DG;Deutschland;VGRPB5;Preisbasis (jeweilige Preise / preisbereinigt);VGRPVU;preisbereinigt, unverkettete Volumenang.(Mrd. EUR);WZ08G3;WZ2008: Wirtschaftsbereiche der VGR;WZ08-E;Wasserversorg.,Entsorg.,Beseitig.v.Umweltverschm.;85,564;jew. ME;PRO013;Produktionswert
81000;Volkswirtschaftliche Gesamtrechnungen des Bundes;JAHR;Jahr;2025;DINSG;Deutschland insgesamt;DG;Deutschland;VGRPB5;Preisbasis (jeweilige Preise / preisbereinigt);VGRJPM;in jeweiligen Preisen (Mrd. EUR);WZ08G3;WZ2008: Wirtschaftsbereiche der VGR;WZ08-A-02;Alle Wirtschaftsbereiche;8552,025;jew. ME;PRO013;Produktionswert
81000;Volkswirtschaftliche Gesamtrechnungen des Bundes;JAHR;Jahr;2025;DINSG;Deutschland insgesamt;DG;Deutschland;VGRPB5;Preisbasis (jeweilige Preise / preisbereinigt);VGRPVU;preisbereinigt, unverkettete Volumenang.(Mrd. EUR);WZ08G3;WZ2008: Wirtschaftsbereiche der VGR;WZ08-I;Gastgewerbe;138,629;jew. ME;PRO013;Produktionswert
81000;Volkswirtschaftliche Gesamtrechnungen des Bundes;JAHR;Jahr;2025;DINSG;Deutschland insgesamt;DG;Deutschland;VGRPB5;Preisbasis (jeweilige Preise / preisbereinigt);VGRPVK;preisbereinigt, verkettete Volumenang. (Mrd. EUR);WZ08G3;WZ2008: Wirtschaftsbereiche der VGR;WZ08-16-01;H.v. Holzwaren, Papier und Druckerzeugnissen;...;jew. ME;PRO013;Produktionswert
81000;Volkswirtschaftliche Gesamtrechnungen des Bundes;JAHR;Jahr;2021;DINSG;Deutschland insgesamt;DG;Deutschland;VGRPB5;Preisbasis (jeweilige Preise / preisbereinigt);VGRPVK;preisbereinigt, verkettete Volumenang. (Mrd. EUR);WZ08G3;WZ2008: Wirtschaftsbereiche der VGR;WZ08-16-01;H.v. Holzwaren, Papier und Druckerzeugnissen;80,714;jew. ME;PRO013;Produktionswert
81000;Volkswirtschaftliche Gesamtrechnungen des Bundes;JAHR;Jahr;2022;DINSG;Deutschland insgesamt;DG;Deutschland;VGRPB5;Preisbasis (jeweilige Preise / preisbereinigt);VGRJPM;in jeweiligen Preisen (Mrd. EUR);WZ08G3;WZ2008: Wirtschaftsbereiche der VGR;WZ08-D;Energieversorgung;190,459;jew. ME;PRO013;Produktionswert
81000;Volkswirtschaftliche Gesamtrechnungen des Bundes;JAHR;Jahr;2023;DINSG;Deutschland insgesamt;DG;Deutschland;VGRPB5;Preisbasis (jeweilige Preise / preisbereinigt);VGRPVK;preisbereinigt, verkettete Volumenang. (Mrd. EUR);WZ08G3;WZ2008: Wirtschaftsbereiche der VGR;WZ08-S;Erbringung von sonstigen Dienstleistungen;106,709;jew. ME;PRO013;Produktionswert
81000;Volkswirtschaftliche Gesamtrechnungen des Bundes;JAHR;Jahr;2023;DINSG;Deutschland insgesamt;DG;Deutschland;VGRPB5;Preisbasis (jeweilige Preise / preisbereinigt);VGRPVK;preisbereinigt, verkettete Volumenang. (Mrd. EUR);WZ08G3;WZ2008: Wirtschaftsbereiche der VGR;WZ08-19;Kokerei und Mineralölverarbeitung;49,710;jew. ME;PRO013;Produktionswert
81000;Volkswirtschaftliche Gesamtrechnungen des Bundes;JAHR;Jahr;2022;DINSG;Deutschland insgesamt;DG;Deutschland;VGRPB5;Preisbasis (jeweilige Preise / preisbereinigt);VGRJPM;in jeweiligen Preisen (Mrd. EUR);WZ08G3;WZ2008: Wirtschaftsbereiche der VGR;WZ08-G-04;Dienstleistungsbereiche;4662,104;jew. ME;PRO013;Produktionswert
81000;Volkswirtschaftliche Gesamtrechnungen des Bundes;JAHR;Jahr;2023;DINSG;Deutschland insgesamt;DG;Deutschland;VGRPB5;Preisbasis (jeweilige Preise / preisbereinigt);VGRPKM;preisbereinigt, Kettenindex (2020=100);WZ08G3;WZ2008: Wirtschaftsbereiche der VGR;WZ08-Q;Gesundheits- und Sozialwesen;102,010;jew. ME;PRO013;Produktionswert
81000;Volkswirtschaftliche Gesamtrechnungen des Bundes;JAHR;Jahr;2024;DINSG;Deutschland insgesamt;DG;Deutschland;VGRPB5;Preisbasis (jeweilige Preise / preisbereinigt);VGRJPM;in jeweiligen Preisen (Mrd. EUR);WZ08G3;WZ2008: Wirtschaftsbereiche der VGR;WZ08-74-01;Freiberufl.,wiss.,techn.DL a.n.g., Veterinärwesen;39,028;jew. ME;PRO013;Produktionswert
81000;Volkswirtschaftliche Gesamtrechnungen des Bundes;JAHR;Jahr;2021;DINSG;Deutschland insgesamt;DG;Deutschland;VGRPB5;Preisbasis (jeweilige Preise / preisbereinigt);VGRPKM;preisbereinigt, Kettenindex (2020=100);WZ08G3;WZ2008: Wirtschaftsbereiche der VGR;WZ08-64;Erbringung von Finanzdienstleistungen;105,590;jew. ME;PRO013;Produktionswert
81000;Volkswirtschaftliche Gesamtrechnungen des Bundes;JAHR;Jahr;2025;DINSG;Deutschland insgesamt;DG;Deutschland;VGRPB5;Preisbasis (jeweilige Preise / preisbereinigt);VGRJPM;in jeweiligen Preisen (Mrd. EUR);WZ08G3;WZ2008: Wirtschaftsbereiche der VGR;WZ08-64;Erbringung von Finanzdienstleistungen;...;jew. ME;PRO013;Produktionswert
81000;Volkswirtschaftliche Gesamtrechnungen des Bundes;JAHR;Jahr;2023;DINSG;Deutschland insgesamt;DG;Deutschland;VGRPB5;Preisbasis (jeweilige Preise / preisbereinigt);VGRPKM;preisbereinigt, Kettenindex (2020=100);WZ08G3;WZ2008: Wirtschaftsbereiche der VGR;WZ08-74-01;Freiberufl.,wiss.,techn.DL a.n.g., Veterinärwesen;110,060;jew. ME;PRO013;Produktionswert
81000;Volkswirtschaftliche Gesamtrechnungen des Bundes;JAHR;Jahr;2025;DINSG;Deutschland insgesamt;DG;Deutschland;VGRPB5;Preisbasis (jeweilige Preise / preisbereinigt);VGRPKM;preisbereinigt, Kettenindex (2020=100);WZ08G3;WZ2008: Wirtschaftsbereiche der VGR;WZ08-64;Erbringung von Finanzdienstleistungen;...;jew. ME;PRO013;Produktionswert
81000;Volkswirtschaftliche Gesamtrechnungen des Bundes;JAHR;Jahr;2021;DINSG;Deutschland insgesamt;DG;Deutschland;VGRPB5;Preisbasis (jeweilige Preise / preisbereinigt);VGRJPM;in jeweiligen Preisen (Mrd. EUR);WZ08G3;WZ2008: Wirtschaftsbereiche der VGR;WZ08-64;Erbringung von Finanzdienstleistungen;152,113;jew. ME;PRO013;Produktionswert
81000;Volkswirtschaftliche Gesamtrechnungen des Bundes;JAHR;Jahr;2023;DINSG;Deutschland insgesamt;DG;Deutschland;VGRPB5;Preisbasis (jeweilige Preise / preisbereinigt);VGRPVK;preisbereinigt, verkettete Volumenang. (Mrd. EUR);WZ08G3;WZ2008: Wirtschaftsbereiche der VGR;WZ08-72;Forschung und Entwicklung;45,617;jew. ME;PRO013;Produktionswert
81000;Volkswirtschaftliche Gesamtrechnungen des Bundes;JAHR;Jahr;2025;DINSG;Deutschland insgesamt;DG;Deutschland;VGRPB5;Preisbasis (jeweilige Preise / preisbereinigt);VGRPVK;preisbereinigt, verkettete Volumenang. (Mrd. EUR);WZ08G3;WZ2008: Wirtschaftsbereiche der VGR;WZ08-31-02;Herstellung von Möbeln und sonstigen Waren;...;jew. ME;PRO013;Produktionswert
81000;Volkswirtschaftliche Gesamtrechnungen des Bundes;JAHR;Jahr;2025;DINSG;Deutschland insgesamt;DG;Deutschland;VGRPB5;Preisbasis (jeweilige Preise / preisbereinigt);VGRPKM;preisbereinigt, Kettenindex (2020=100);WZ08G3;WZ2008: Wirtschaftsbereiche der VGR;WZ08-D;Energieversorgung;93,930;jew. ME;PRO013;Produktionswert
81000;Volkswirtschaftliche Gesamtrechnungen des Bundes;JAHR;Jahr;2023;DINSG;Deutschland insgesamt;DG;Deutschland;VGRPB5;Preisbasis (jeweilige Preise / preisbereinigt);VGRJPM;in jeweiligen Preisen (Mrd. EUR);WZ08G3;WZ2008: Wirtschaftsbereiche der VGR;WZ08-16-01;H.v. Holzwaren, Papier und Druckerzeugnissen;95,612;jew. ME;PRO013;Produktionswert
81000;Volkswirtschaftliche Gesamtrechnungen des Bundes;JAHR;Jahr;2021;DINSG;Deutschland insgesamt;DG;Deutschland;VGRPB5;Preisbasis (jeweilige Preise / preisbereinigt);VGRPVU;preisbereinigt, unverkettete Volumenang.(Mrd. EUR);WZ08G3;WZ2008: Wirtschaftsbereiche der VGR;WZ08-B-05;Produzierendes Gewerbe;2507,425;jew. ME;PRO013;Produktionswert
81000;Volkswirtschaftliche Gesamtrechnungen des Bundes;JAHR;Jahr;2024;DINSG;Deutschland insgesamt;DG;Deutschland;VGRPB5;Preisbasis (jeweilige Preise / preisbereinigt);VGRPVU;preisbereinigt, unverkettete Volumenang.(Mrd. EUR);WZ08G3;WZ2008: Wirtschaftsbereiche der VGR;WZ08-71;Architektur-,Ing.büros,techn.,physik.Untersuchung;131,906;jew. ME;PRO013;Produktionswert
81000;Volkswirtschaftliche Gesamtrechnungen des Bundes;JAHR;Jahr;2024;DINSG;Deutschland insgesamt;DG;Deutschland;VGRPB5;Preisbasis (jeweilige Preise / preisbereinigt);VGRPVU;preisbereinigt, unverkettete Volumenang.(Mrd. EUR);WZ08G3;WZ2008: Wirtschaftsbereiche der VGR;WZ08-A-02;Alle Wirtschaftsbereiche;8192,506;jew. ME;PRO013;Produktionswert
81000;Volkswirtschaftliche Gesamtrechnungen des Bundes;JAHR;Jahr;2024;DINSG;Deutschland insgesamt;DG;Deutschland;VGRPB5;Preisbasis (jeweilige Preise / preisbereinigt);VGRJPM;in jeweiligen Preisen (Mrd. EUR);WZ08G3;WZ2008: Wirtschaftsbereiche der VGR;WZ08-M-02;Unternehmensdienstleister;934,311;jew. ME;PRO013;Produktionswert
81000;Volkswirtschaftliche Gesamtrechnungen des Bundes;JAHR;Jahr;2021;DINSG;Deutschland insgesamt;DG;Deutschland;VGRPB5;Preisbasis (jeweilige Preise / preisbereinigt);VGRPVK;preisbereinigt, verkettete Volumenang. (Mrd. EUR);WZ08G3;WZ2008: Wirtschaftsbereiche der VGR;WZ08-31-02;Herstellung von Möbeln und sonstigen Waren;61,500;jew. ME;PRO013;Produktionswert
81000;Volkswirtschaftliche Gesamtrechnungen des Bundes;JAHR;Jahr;2025;DINSG;Deutschland insgesamt;DG;Deutschland;VGRPB5;Preisbasis (jeweilige Preise / preisbereinigt);VGRPVU;preisbereinigt, unverkettete Volumenang.(Mrd. EUR);WZ08G3;WZ2008: Wirtschaftsbereiche der VGR;WZ08-29;Herstellung von Kraftwagen und Kraftwagenteilen;...;jew. ME;PRO013;Produktionswert
81000;Volkswirtschaftliche Gesamtrechnungen des Bundes;JAHR;Jahr;2022;DINSG;Deutschland insgesamt;DG;Deutschland;VGRPB5;Preisbasis (jeweilige Preise / preisbereinigt);VGRPVU;preisbereinigt, unverkettete Volumenang.(Mrd. EUR);WZ08G3;WZ2008: Wirtschaftsbereiche der VGR;WZ08-71;Architektur-,Ing.büros,techn.,physik.Untersuchung;113,115;jew. ME;PRO013;Produktionswert
81000;Volkswirtschaftliche Gesamtrechnungen des Bundes;JAHR;Jahr;2021;DINSG;Deutschland insgesamt;DG;Deutschland;VGRPB5;Preisbasis (jeweilige Preise / preisbereinigt);VGRPKM;preisbereinigt, Kettenindex (2020=100);WZ08G3;WZ2008: Wirtschaftsbereiche der VGR;WZ08-51;Luftfahrt;125,320;jew. ME;PRO013;Produktionswert
81000;Volkswirtschaftliche Gesamtrechnungen des Bundes;JAHR;Jahr;2022;DINSG;Deutschland insgesamt;DG;Deutschland;VGRPB5;Preisbasis (jeweilige Preise / preisbereinigt);VGRPVK;preisbereinigt, verkettete Volumenang. (Mrd. EUR);WZ08G3;WZ2008: Wirtschaftsbereiche der VGR;WZ08-74-01;Freiberufl.,wiss.,techn.DL a.n.g., Veterinärwesen;31,881;jew. ME;PRO013;Produktionswert
81000;Volkswirtschaftliche Gesamtrechnungen des Bundes;JAHR;Jahr;2021;DINSG;Deutschland insgesamt;DG;Deutschland;VGRPB5;Preisbasis (jeweilige Preise / preisbereinigt);VGRPVU;preisbereinigt, unverkettete Volumenang.(Mrd. EUR);WZ08G3;WZ2008: Wirtschaftsbereiche der VGR;WZ08-29;Herstellung von Kraftwagen und Kraftwagenteilen;363,585;jew. ME;PRO013;Produktionswert
81000;Volkswirtschaftliche Gesamtrechnungen des Bundes;JAHR;Jahr;2023;DINSG;Deutschland insgesamt;DG;Deutschland;VGRPB5;Preisbasis (jeweilige Preise / preisbereinigt);VGRPKM;preisbereinigt, Kettenindex (2020=100);WZ08G3;WZ2008: Wirtschaftsbereiche der VGR;WZ08-51;Luftfahrt;202,200;jew. ME;PRO013;Produktionswert
81000;Volkswirtschaftliche Gesamtrechnungen des Bundes;JAHR;Jahr;2025;DINSG;Deutschland insgesamt;DG;Deutschland;VGRPB5;Preisbasis (jeweilige Preise / preisbereinigt);VGRPKM;preisbereinigt, Kettenindex (2020=100);WZ08G3;WZ2008: Wirtschaftsbereiche der VGR;WZ08-51;Luftfahrt;...;jew. ME;PRO013;Produktionswert
81000;Volkswirtschaftliche Gesamtrechnungen des Bundes;JAHR;Jahr;2023;DINSG;Deutschland insgesamt;DG;Deutschland;VGRPB5;Preisbasis (jeweilige Preise / preisbereinigt);VGRPVU;preisbereinigt, unverkettete Volumenang.(Mrd. EUR);WZ08G3;WZ2008: Wirtschaftsbereiche der VGR;WZ08-29;Herstellung von Kraftwagen und Kraftwagenteilen;451,360;jew. ME;PRO013;Produktionswert
81000;Volkswirtschaftliche Gesamtrechnungen des Bundes;JAHR;Jahr;2022;DINSG;Deutschland insgesamt;DG;Deutschland;VGRPB5;Preisbasis (jeweilige Preise / preisbereinigt);VGRPVK;preisbereinigt, verkettete Volumenang. (Mrd. EUR);WZ08G3;WZ2008: Wirtschaftsbereiche der VGR;WZ08-B;Bergbau und Gewinnung von Steinen und Erden;9,641;jew. ME;PRO013;Produktionswert
81000;Volkswirtschaftliche Gesamtrechnungen des Bundes;JAHR;Jahr;2021;DINSG;Deutschland insgesamt;DG;Deutschland;VGRPB5;Preisbasis (jeweilige Preise / preisbereinigt);VGRPVU;preisbereinigt, unverkettete Volumenang.(Mrd. EUR);WZ08G3;WZ2008: Wirtschaftsbereiche der VGR;WZ08-E;Wasserversorg.,Entsorg.,Beseitig.v.Umweltverschm.;72,511;jew. ME;PRO013;Produktionswert
81000;Volkswirtschaftliche Gesamtrechnungen des Bundes;JAHR;Jahr;2024;DINSG;Deutschland insgesamt;DG;Deutschland;VGRPB5;Preisbasis (jeweilige Preise / preisbereinigt);VGRPVU;preisbereinigt, unverkettete Volumenang.(Mrd. EUR);WZ08G3;WZ2008: Wirtschaftsbereiche der VGR;WZ08-I;Gastgewerbe;138,746;jew. ME;PRO013;Produktionswert
81000;Volkswirtschaftliche Gesamtrechnungen des Bundes;JAHR;Jahr;2022;DINSG;Deutschland insgesamt;DG;Deutschland;VGRPB5;Preisbasis (jeweilige Preise / preisbereinigt);VGRPVK;preisbereinigt, verkettete Volumenang. (Mrd. EUR);WZ08G3;WZ2008: Wirtschaftsbereiche der VGR;WZ08-S;Erbringung von sonstigen Dienstleistungen;106,766;jew. ME;PRO013;Produktionswert
81000;Volkswirtschaftliche Gesamtrechnungen des Bundes;JAHR;Jahr;2024;DINSG;Deutschland insgesamt;DG;Deutschland;VGRPB5;Preisbasis (jeweilige Preise / preisbereinigt);VGRPKM;preisbereinigt, Kettenindex (2020=100);WZ08G3;WZ2008: Wirtschaftsbereiche der VGR;WZ08-O-03;Öffentliche Dienstleister, Erziehung, Gesundheit;105,540;jew. ME;PRO013;Produktionswert
81000;Volkswirtschaftliche Gesamtrechnungen des Bundes;JAHR;Jahr;2022;DINSG;Deutschland insgesamt;DG;Deutschland;VGRPB5;Preisbasis (jeweilige Preise / preisbereinigt);VGRJPM;in jeweiligen Preisen (Mrd. EUR);WZ08G3;WZ2008: Wirtschaftsbereiche der VGR;WZ08-B-18;Produzierendes Gewerbe ohne Baugewerbe;2650,727;jew. ME;PRO013;Produktionswert
81000;Volkswirtschaftliche Gesamtrechnungen des Bundes;JAHR;Jahr;2025;DINSG;Deutschland insgesamt;DG;Deutschland;VGRPB5;Preisbasis (jeweilige Preise / preisbereinigt);VGRJPM;in jeweiligen Preisen (Mrd. EUR);WZ08G3;WZ2008: Wirtschaftsbereiche der VGR;WZ08-H;Verkehr und Lagerei;516,444;jew. ME;PRO013;Produktionswert
81000;Volkswirtschaftliche Gesamtrechnungen des Bundes;JAHR;Jahr;2022;DINSG;Deutschland insgesamt;DG;Deutschland;VGRPB5;Preisbasis (jeweilige Preise / preisbereinigt);VGRPKM;preisbereinigt, Kettenindex (2020=100);WZ08G3;WZ2008: Wirtschaftsbereiche der VGR;WZ08-31-02;Herstellung von Möbeln und sonstigen Waren;105,240;jew. ME;PRO013;Produktionswert
81000;Volkswirtschaftliche Gesamtrechnungen des Bundes;JAHR;Jahr;2022;DINSG;Deutschland insgesamt;DG;Deutschland;VGRPB5;Preisbasis (jeweilige Preise / preisbereinigt);VGRPKM;preisbereinigt, Kettenindex (2020=100);WZ08G3;WZ2008: Wirtschaftsbereiche der VGR;WZ08-Q;Gesundheits- und Sozialwesen;105,260;jew. ME;PRO013;Produktionswert
81000;Volkswirtschaftliche Gesamtrechnungen des Bundes;JAHR;Jahr;2025;DINSG;Deutschland insgesamt;DG;Deutschland;VGRPB5;Preisbasis (jeweilige Preise / preisbereinigt);VGRJPM;in jeweiligen Preisen (Mrd. EUR);WZ08G3;WZ2008: Wirtschaftsbereiche der VGR;WZ08-R-02;Sonstige Dienstleister;232,545;jew. ME;PRO013;Produktionswert
81000;Volkswirtschaftliche Gesamtrechnungen des Bundes;JAHR;Jahr;2021;DINSG;Deutschland insgesamt;DG;Deutschland;VGRPB5;Preisbasis (jeweilige Preise / preisbereinigt);VGRPKM;preisbereinigt, Kettenindex (2020=100);WZ08G3;WZ2008: Wirtschaftsbereiche der VGR;WZ08-86;Gesundheitswesen;102,590;jew. ME;PRO013;Produktionswert
81000;Volkswirtschaftliche Gesamtrechnungen des Bundes;JAHR;Jahr;2023;DINSG;Deutschland insgesamt;DG;Deutschland;VGRPB5;Preisbasis (jeweilige Preise / preisbereinigt);VGRJPM;in jeweiligen Preisen (Mrd. EUR);WZ08G3;WZ2008: Wirtschaftsbereiche der VGR;WZ08-86;Gesundheitswesen;306,858;jew. ME;PRO013;Produktionswert
81000;Volkswirtschaftliche Gesamtrechnungen des Bundes;JAHR;Jahr;2022;DINSG;Deutschland insgesamt;DG;Deutschland;VGRPB5;Preisbasis (jeweilige Preise / preisbereinigt);VGRPVU;preisbereinigt, unverkettete Volumenang.(Mrd. EUR);WZ08G3;WZ2008: Wirtschaftsbereiche der VGR;WZ08-18;H.v. Druckerz., Vervielf.v.Ton-,Bild-,Datenträgern;15,212;jew. ME;PRO013;Produktionswert
81000;Volkswirtschaftliche Gesamtrechnungen des Bundes;JAHR;Jahr;2025;DINSG;Deutschland insgesamt;DG;Deutschland;VGRPB5;Preisbasis (jeweilige Preise / preisbereinigt);VGRJPM;in jeweiligen Preisen (Mrd. EUR);WZ08G3;WZ2008: Wirtschaftsbereiche der VGR;WZ08-86;Gesundheitswesen;...;jew. ME;PRO013;Produktionswert
81000;Volkswirtschaftliche Gesamtrechnungen des Bundes;JAHR;Jahr;2024;DINSG;Deutschland insgesamt;DG;Deutschland;VGRPB5;Preisbasis (jeweilige Preise / preisbereinigt);VGRPVU;preisbereinigt, unverkettete Volumenang.(Mrd. EUR);WZ08G3;WZ2008: Wirtschaftsbereiche der VGR;WZ08-18;H.v. Druckerz., Vervielf.v.Ton-,Bild-,Datenträgern;18,187;jew. ME;PRO013;Produktionswert
81000;Volkswirtschaftliche Gesamtrechnungen des Bundes;JAHR;Jahr;2025;DINSG;Deutschland insgesamt;DG;Deutschland;VGRPB5;Preisbasis (jeweilige Preise / preisbereinigt);VGRPKM;preisbereinigt, Kettenindex (2020=100);WZ08G3;WZ2008: Wirtschaftsbereiche der VGR;WZ08-86;Gesundheitswesen;...;jew. ME;PRO013;Produktionswert
81000;Volkswirtschaftliche Gesamtrechnungen des Bundes;JAHR;Jahr;2025;DINSG;Deutschland insgesamt;DG;Deutschland;VGRPB5;Preisbasis (jeweilige Preise / preisbereinigt);VGRPVK;preisbereinigt, verkettete Volumenang. (Mrd. EUR);WZ08G3;WZ2008: Wirtschaftsbereiche der VGR;WZ08-50;Schifffahrt;...;jew. ME;PRO013;Produktionswert
81000;Volkswirtschaftliche Gesamtrechnungen des Bundes;JAHR;Jahr;2023;DINSG;Deutschland insgesamt;DG;Deutschland;VGRPB5;Preisbasis (jeweilige Preise / preisbereinigt);VGRPVK;preisbereinigt, verkettete Volumenang. (Mrd. EUR);WZ08G3;WZ2008: Wirtschaftsbereiche der VGR;WZ08-50;Schifffahrt;21,361;jew. ME;PRO013;Produktionswert
81000;Volkswirtschaftliche Gesamtrechnungen des Bundes;JAHR;Jahr;2022;DINSG;Deutschland insgesamt;DG;Deutschland;VGRPB5;Preisbasis (jeweilige Preise / preisbereinigt);VGRPVK;preisbereinigt, verkettete Volumenang. (Mrd. EUR);WZ08G3;WZ2008: Wirtschaftsbereiche der VGR;WZ08-96;Sonstige überwiegend persönliche Dienstleistungen;59,736;jew. ME;PRO013;Produktionswert
81000;Volkswirtschaftliche Gesamtrechnungen des Bundes;JAHR;Jahr;2021;DINSG;Deutschland insgesamt;DG;Deutschland;VGRPB5;Preisbasis (jeweilige Preise / preisbereinigt);VGRPVK;preisbereinigt, verkettete Volumenang. (Mrd. EUR);WZ08G3;WZ2008: Wirtschaftsbereiche der VGR;WZ08-50;Schifffahrt;21,190;jew. ME;PRO013;Produktionswert
81000;Volkswirtschaftliche Gesamtrechnungen des Bundes;JAHR;Jahr;2021;DINSG;Deutschland insgesamt;DG;Deutschland;VGRPB5;Preisbasis (jeweilige Preise / preisbereinigt);VGRJPM;in jeweiligen Preisen (Mrd. EUR);WZ08G3;WZ2008: Wirtschaftsbereiche der VGR;WZ08-D;Energieversorgung;151,771;jew. ME;PRO013;Produktionswert
81000;Volkswirtschaftliche Gesamtrechnungen des Bundes;JAHR;Jahr;2024;DINSG;Deutschland insgesamt;DG;Deutschland;VGRPB5;Preisbasis (jeweilige Preise / preisbereinigt);VGRPVK;preisbereinigt, verkettete Volumenang. (Mrd. EUR);WZ08G3;WZ2008: Wirtschaftsbereiche der VGR;WZ08-031;Fischerei;0,583;jew. ME;PRO013;Produktionswert
81000;Volkswirtschaftliche Gesamtrechnungen des Bundes;JAHR;Jahr;2022;DINSG;Deutschland insgesamt;DG;Deutschland;VGRPB5;Preisbasis (jeweilige Preise / preisbereinigt);VGRPKM;preisbereinigt, Kettenindex (2020=100);WZ08G3;WZ2008: Wirtschaftsbereiche der VGR;WZ08-031;Fischerei;96,210;jew. ME;PRO013;Produktionswert
81000;Volkswirtschaftliche Gesamtrechnungen des Bundes;JAHR;Jahr;2024;DINSG;Deutschland insgesamt;DG;Deutschland;VGRPB5;Preisbasis (jeweilige Preise / preisbereinigt);VGRPVK;preisbereinigt, verkettete Volumenang. (Mrd. EUR);WZ08G3;WZ2008: Wirtschaftsbereiche der VGR;WZ08-96;Sonstige überwiegend persönliche Dienstleistungen;59,900;jew. ME;PRO013;Produktionswert
81000;Volkswirtschaftliche Gesamtrechnungen des Bundes;JAHR;Jahr;2023;DINSG;Deutschland insgesamt;DG;Deutschland;VGRPB5;Preisbasis (jeweilige Preise / preisbereinigt);VGRPVU;preisbereinigt, unverkettete Volumenang.(Mrd. EUR);WZ08G3;WZ2008: Wirtschaftsbereiche der VGR;WZ08-74-01;Freiberufl.,wiss.,techn.DL a.n.g., Veterinärwesen;37,483;jew. ME;PRO013;Produktionswert
81000;Volkswirtschaftliche Gesamtrechnungen des Bundes;JAHR;Jahr;2023;DINSG;Deutschland insgesamt;DG;Deutschland;VGRPB5;Preisbasis (jeweilige Preise / preisbereinigt);VGRPKM;preisbereinigt, Kettenindex (2020=100);WZ08G3;WZ2008: Wirtschaftsbereiche der VGR;WZ08-86;Gesundheitswesen;100,880;jew. ME;PRO013;Produktionswert
81000;Volkswirtschaftliche Gesamtrechnungen des Bundes;JAHR;Jahr;2021;DINSG;Deutschland insgesamt;DG;Deutschland;VGRPB5;Preisbasis (jeweilige Preise / preisbereinigt);VGRJPM;in jeweiligen Preisen (Mrd. EUR);WZ08G3;WZ2008: Wirtschaftsbereiche der VGR;WZ08-86;Gesundheitswesen;289,856;jew. ME;PRO013;Produktionswert
