statistics_code;statistics_label;time_code;time_label;time;1_variable_code;1_variable_label;1_variable_attribute_code;1_variable_attribute_label;2_variable_code;2_variable_label;2_variable_attribute_code;2_variable_attribute_label;3_variable_code;3_variable_label;3_variable_attribute_code;3_variable_attribute_label;value;value_unit;value_variable_code;value_variable_label
31111;Statistik der Baugenehmigungen;JAHR;Jahr;2025;DLAND;Bundesländer;07;Rheinland-Pfalz;WHGRM1;Anzahl der Räume;RMEZHL04;4 Räume;BAUGB5;Gebäudeart;GBD-W-ETW;Wohngebäude mit Eigentumswohnungen;425;Anzahl;WOHN01;Wohnungen
31111;Statistik der Baugenehmigungen;JAHR;Jahr;2025;DLAND;Bundesländer;16;Thüringen;WHGRM1;Anzahl der Räume;RMEZHL04;4 Räume;BAUGB5;Gebäudeart;GBD-W-WH;Wohnheime;-;Anzahl;WOHN01;Wohnungen
31111;Statistik der Baugenehmigungen;JAHR;Jahr;2025;DLAND;Bundesländer;12;Brandenburg;WHGRM1;Anzahl der Räume;RMEZHL01;1 Raum;BAUGB5;Gebäudeart;GBD-W-WO3UM;Wohngebäude mit 3 oder mehr Wohnungen;431;Anzahl;WOHN01;Wohnungen
31111;Statistik der Baugenehmigungen;JAHR;Jahr;2025;DLAND;Bundesländer;12;Brandenburg;WHGRM1;Anzahl der Räume;RMEZHL03;3 Räume;BAUGB5;Gebäudeart;GBD-W-WO2;Wohngebäude mit 2 Wohnungen;146;Anzahl;WOHN01;Wohnungen
31111;Statistik der Baugenehmigungen;JAHR;Jahr;2025;DLAND;Bundesländer;07;Rheinland-Pfalz;WHGRM1;Anzahl der Räume;RMEZHL03;3 Räume;BAUGB5;Gebäudeart;GBD-W-WH;Wohnheime;-;Anzahl;WOHN01;Wohnungen
31111;Statistik der Baugenehmigungen;JAHR;Jahr;2025;DLAND;Bundesländer;09;Bayern;WHGRM1;Anzahl der Räume;RMEZHL07UM;7 und mehr Räume;BAUGB5;Gebäudeart;GBD-W-WH;Wohnheime;15;Anzahl;WOHN01;Wohnungen
31111;Statistik der Baugenehmigungen;JAHR;Jahr;2025;DLAND;Bundesländer;08;Baden-Württemberg;WHGRM1;Anzahl der Räume;RMEZHL05;5 Räume;BAUGB5;Gebäudeart;GBD-W-WO2;Wohngebäude mit 2 Wohnungen;350;Anzahl;WOHN01;Wohnungen
31111;Statistik der Baugenehmigungen;JAHR;Jahr;2025;DLAND;Bundesländer;11;Berlin;WHGRM1;Anzahl der Räume;RMEZHL02;2 Räume;BAUGB5;Gebäudeart;GBD-W-ETW;Wohngebäude mit Eigentumswohnungen;805;Anzahl;WOHN01;Wohnungen
31111;Statistik der Baugenehmigungen;JAHR;Jahr;2025;DLAND;Bundesländer;03;Niedersachsen;WHGRM1;Anzahl der Räume;RMEZHL04;4 Räume;BAUGB5;Gebäudeart;GBD-W-WH;Wohnheime;29;Anzahl;WOHN01;Wohnungen
31111;Statistik der Baugenehmigungen;JAHR;Jahr;2025;DLAND;Bundesländer;04;Bremen;WHGRM1;Anzahl der Räume;RMEZHL05;5 Räume;BAUGB5;Gebäudeart;GBD-W;Wohngebäude;47;Anzahl;WOHN01;Wohnungen
31111;Statistik der Baugenehmigungen;JAHR;Jahr;2025;DLAND;Bundesländer;07;Rheinland-Pfalz;WHGRM1;Anzahl der Räume;RMEZHL05;5 Räume;BAUGB5;Gebäudeart;GBD-W-WO3UM;Wohngebäude mit 3 oder mehr Wohnungen;398;Anzahl;WOHN01;Wohnungen
31111;Statistik der Baugenehmigungen;JAHR;Jahr;2025;DLAND;Bundesländer;02;Hamburg;WHGRM1;Anzahl der Räume;RMEZHL02;2 Räume;BAUGB5;Gebäudeart;GBD-W;Wohngebäude;2179;Anzahl;WOHN01;Wohnungen
31111;Statistik der Baugenehmigungen;JAHR;Jahr;2025;DLAND;Bundesländer;01;Schleswig-Holstein;WHGRM1;Anzahl der Räume;RMEZHL06;6 Räume;BAUGB5;Gebäudeart;GBD-W-WO1;Wohngebäude mit 1 Wohnung;477;Anzahl;WOHN01;Wohnungen
31111;Statistik der Baugenehmigungen;JAHR;Jahr;2025;DLAND;Bundesländer;01;Schleswig-Holstein;WHGRM1;Anzahl der Räume;;Insgesamt;BAUGB5;Gebäudeart;GBD-W;Wohngebäude;9078;Anzahl;WOHN01;Wohnungen
31111;Statistik der Baugenehmigungen;JAHR;Jahr;2025;DLAND;Bundesländer;12;Brandenburg;WHGRM1;Anzahl der Räume;;Insgesamt;BAUGB5;Gebäudeart;GBD-W-WO2;Wohngebäude mit 2 Wohnungen;442;Anzahl;WOHN01;Wohnungen
31111;Statistik der Baugenehmigungen;JAHR;Jahr;2025;DLAND;Bundesländer;15;Sachsen-Anhalt;WHGRM1;Anzahl der Räume;;Insgesamt;BAUGB5;Gebäudeart;GBD-W-WO3UM;Wohngebäude mit 3 oder mehr Wohnungen;1081;Anzahl;WOHN01;Wohnungen
31111;Statistik der Baugenehmigungen;JAHR;Jahr;2025;DLAND;Bundesländer;16;Thüringen;WHGRM1;Anzahl der Räume;RMEZHL01;1 Raum;BAUGB5;Gebäudeart;GBD-W-WO1;Wohngebäude mit 1 Wohnung;6;Anzahl;WOHN01;Wohnungen
31111;Statistik der Baugenehmigungen;JAHR;Jahr;2025;DLAND;Bundesländer;14;Sachsen;WHGRM1;Anzahl der Räume;RMEZHL06;6 Räume;BAUGB5;Gebäudeart;GBD-W-ETW;Wohngebäude mit Eigentumswohnungen;30;Anzahl;WOHN01;Wohnungen
31111;Statistik der Baugenehmigungen;JAHR;Jahr;2025;DLAND;Bundesländer;12;Brandenburg;WHGRM1;Anzahl der Räume;RMEZHL05;5 Räume;BAUGB5;Gebäudeart;GBD-W-WH;Wohnheime;-;Anzahl;WOHN01;Wohnungen
31111;Statistik der Baugenehmigungen;JAHR;Jahr;2025;DLAND;Bundesländer;02;Hamburg;WHGRM1;Anzahl der Räume;;Insgesamt;BAUGB5;Gebäudeart;GBD-W-WH;Wohnheime;339;Anzahl;WOHN01;Wohnungen
31111;Statistik der Baugenehmigungen;JAHR;Jahr;2025;DLAND;Bundesländer;12;Brandenburg;WHGRM1;Anzahl der Räume;RMEZHL02;2 Räume;BAUGB5;Gebäudeart;GBD-W-WO2;Wohngebäude mit 2 Wohnungen;99;Anzahl;WOHN01;Wohnungen
31111;Statistik der Baugenehmigungen;JAHR;Jahr;2025;DLAND;Bundesländer;16;Thüringen;WHGRM1;Anzahl der Räume;RMEZHL04;4 Räume;BAUGB5;Gebäudeart;GBD-W;Wohngebäude;225;Anzahl;WOHN01;Wohnungen
31111;Statistik der Baugenehmigungen;JAHR;Jahr;2025;DLAND;Bundesländer;07;Rheinland-Pfalz;WHGRM1;Anzahl der Räume;RMEZHL05;5 Räume;BAUGB5;Gebäudeart;GBD-W-ETW;Wohngebäude mit Eigentumswohnungen;113;Anzahl;WOHN01;Wohnungen
31111;Statistik der Baugenehmigungen;JAHR;Jahr;2025;DLAND;Bundesländer;07;Rheinland-Pfalz;WHGRM1;Anzahl der Räume;RMEZHL03;3 Räume;BAUGB5;Gebäudeart;GBD-W-ETW;Wohngebäude mit Eigentumswohnungen;859;Anzahl;WOHN01;Wohnungen
31111;Statistik der Baugenehmigungen;JAHR;Jahr;2025;DLAND;Bundesländer;14;Sachsen;WHGRM1;Anzahl der Räume;RMEZHL07UM;7 und mehr Räume;BAUGB5;Gebäudeart;GBD-W-WO3UM;Wohngebäude mit 3 oder mehr Wohnungen;28;Anzahl;WOHN01;Wohnungen
31111;Statistik der Baugenehmigungen;JAHR;Jahr;2025;DLAND;Bundesländer;02;Hamburg;WHGRM1;Anzahl der Räume;RMEZHL06;6 Räume;BAUGB5;Gebäudeart;GBD-W-WO3UM;Wohngebäude mit 3 oder mehr Wohnungen;95;Anzahl;WOHN01;Wohnungen
31111;Statistik der Baugenehmigungen;JAHR;Jahr;2025;DLAND;Bundesländer;07;Rheinland-Pfalz;WHGRM1;Anzahl der Räume;RMEZHL03;3 Räume;BAUGB5;Gebäudeart;GBD-W;Wohngebäude;2332;Anzahl;WOHN01;Wohnungen
31111;Statistik der Baugenehmigungen;JAHR;Jahr;2025;DLAND;Bundesländer;05;Nordrhein-Westfalen;WHGRM1;Anzahl der Räume;RMEZHL02;2 Räume;BAUGB5;Gebäudeart;GBD-W-WO2;Wohngebäude mit 2 Wohnungen;190;Anzahl;WOHN01;Wohnungen
31111;Statistik der Baugenehmigungen;JAHR;Jahr;2025;DLAND;Bundesländer;14;Sachsen;WHGRM1;Anzahl der Räume;RMEZHL05;5 Räume;BAUGB5;Gebäudeart;GBD-W-ETW;Wohngebäude mit Eigentumswohnungen;218;Anzahl;WOHN01;Wohnungen
31111;Statistik der Baugenehmigungen;JAHR;Jahr;2025;DLAND;Bundesländer;09;Bayern;WHGRM1;Anzahl der Räume;RMEZHL06;6 Räume;BAUGB5;Gebäudeart;GBD-W;Wohngebäude;4012;Anzahl;WOHN01;Wohnungen
31111;Statistik der Baugenehmigungen;JAHR;Jahr;2025;DLAND;Bundesländer;03;Niedersachsen;WHGRM1;Anzahl der Räume;RMEZHL02;2 Räume;BAUGB5;Gebäudeart;GBD-W-WO3UM;Wohngebäude mit 3 oder mehr Wohnungen;3892;Anzahl;WOHN01;Wohnungen
31111;Statistik der Baugenehmigungen;JAHR;Jahr;2025;DLAND;Bundesländer;11;Berlin;WHGRM1;Anzahl der Räume;RMEZHL03;3 Räume;BAUGB5;Gebäudeart;GBD-W-ETW;Wohngebäude mit Eigentumswohnungen;543;Anzahl;WOHN01;Wohnungen
31111;Statistik der Baugenehmigungen;JAHR;Jahr;2025;DLAND;Bundesländer;16;Thüringen;WHGRM1;Anzahl der Räume;RMEZHL04;4 Räume;BAUGB5;Gebäudeart;GBD-W-WO3UM;Wohngebäude mit 3 oder mehr Wohnungen;129;Anzahl;WOHN01;Wohnungen
31111;Statistik der Baugenehmigungen;JAHR;Jahr;2025;DLAND;Bundesländer;09;Bayern;WHGRM1;Anzahl der Räume;RMEZHL07UM;7 und mehr Räume;BAUGB5;Gebäudeart;GBD-W-ETW;Wohngebäude mit Eigentumswohnungen;33;Anzahl;WOHN01;Wohnungen
31111;Statistik der Baugenehmigungen;JAHR;Jahr;2025;DLAND;Bundesländer;14;Sachsen;WHGRM1;Anzahl der Räume;RMEZHL04;4 Räume;BAUGB5;Gebäudeart;GBD-W-ETW;Wohngebäude mit Eigentumswohnungen;599;Anzahl;WOHN01;Wohnungen
31111;Statistik der Baugenehmigungen;JAHR;Jahr;2025;DLAND;Bundesländer;07;Rheinland-Pfalz;WHGRM1;Anzahl der Räume;RMEZHL06;6 Räume;BAUGB5;Gebäudeart;GBD-W-ETW;Wohngebäude mit Eigentumswohnungen;58;Anzahl;WOHN01;Wohnungen
31111;Statistik der Baugenehmigungen;JAHR;Jahr;2025;DLAND;Bundesländer;01;Schleswig-Holstein;WHGRM1;Anzahl der Räume;RMEZHL05;5 Räume;BAUGB5;Gebäudeart;GBD-W-WO1;Wohngebäude mit 1 Wohnung;728;Anzahl;WOHN01;Wohnungen
31111;Statistik der Baugenehmigungen;JAHR;Jahr;2025;DLAND;Bundesländer;14;Sachsen;WHGRM1;Anzahl der Räume;RMEZHL01;1 Raum;BAUGB5;Gebäudeart;GBD-W;Wohngebäude;613;Anzahl;WOHN01;Wohnungen
31111;Statistik der Baugenehmigungen;JAHR;Jahr;2025;DLAND;Bundesländer;16;Thüringen;WHGRM1;Anzahl der Räume;;Insgesamt;BAUGB5;Gebäudeart;GBD-W-WO1;Wohngebäude mit 1 Wohnung;668;Anzahl;WOHN01;Wohnungen
31111;Statistik der Baugenehmigungen;JAHR;Jahr;2025;DLAND;Bundesländer;07;Rheinland-Pfalz;WHGRM1;Anzahl der Räume;RMEZHL02;2 Räume;BAUGB5;Gebäudeart;GBD-W-ETW;Wohngebäude mit Eigentumswohnungen;797;Anzahl;WOHN01;Wohnungen
31111;Statistik der Baugenehmigungen;JAHR;Jahr;2025;DLAND;Bundesländer;07;Rheinland-Pfalz;WHGRM1;Anzahl der Räume;RMEZHL05;5 Räume;BAUGB5;Gebäudeart;GBD-W-WH;Wohnheime;13;Anzahl;WOHN01;Wohnungen
31111;Statistik der Baugenehmigungen;JAHR;Jahr;2025;DLAND;Bundesländer;03;Niedersachsen;WHGRM1;Anzahl der Räume;RMEZHL06;6 Räume;BAUGB5;Gebäudeart;GBD-W-WH;Wohnheime;-;Anzahl;WOHN01;Wohnungen
31111;Statistik der Baugenehmigungen;JAHR;Jahr;2025;DLAND;Bundesländer;05;Nordrhein-Westfalen;WHGRM1;Anzahl der Räume;RMEZHL03;3 Räume;BAUGB5;Gebäudeart;GBD-W-WO2;Wohngebäude mit 2 Wohnungen;465;Anzahl;WOHN01;Wohnungen
31111;Statistik der Baugenehmigungen;JAHR;Jahr;2025;DLAND;Bundesländer;12;Brandenburg;WHGRM1;Anzahl der Räume;RMEZHL01;1 Raum;BAUGB5;Gebäudeart;GBD-W-WO2;Wohngebäude mit 2 Wohnungen;9;Anzahl;WOHN01;Wohnungen
31111;Statistik der Baugenehmigungen;JAHR;Jahr;2025;DLAND;Bundesländer;16;Thüringen;WHGRM1;Anzahl der Räume;RMEZHL06;6 Räume;BAUGB5;Gebäudeart;GBD-W-WH;Wohnheime;-;Anzahl;WOHN01;Wohnungen
31111;Statistik der Baugenehmigungen;JAHR;Jahr;2025;DLAND;Bundesländer;13;Mecklenburg-Vorpommern;WHGRM1;Anzahl der Räume;RMEZHL07UM;7 und mehr Räume;BAUGB5;Gebäudeart;GBD-W-ETW;Wohngebäude mit Eigentumswohnungen;1;Anzahl;WOHN01;Wohnungen
31111;Statistik der Baugenehmigungen;JAHR;Jahr;2025;DLAND;Bundesländer;14;Sachsen;WHGRM1;Anzahl der Räume;RMEZHL03;3 Räume;BAUGB5;Gebäudeart;GBD-W-ETW;Wohngebäude mit Eigentumswohnungen;745;Anzahl;WOHN01;Wohnungen
31111;Statistik der Baugenehmigungen;JAHR;Jahr;2025;DLAND;Bundesländer;12;Brandenburg;WHGRM1;Anzahl der Räume;;Insgesamt;BAUGB5;Gebäudeart;GBD-W;Wohngebäude;7022;Anzahl;WOHN01;Wohnungen
31111;Statistik der Baugenehmigungen;JAHR;Jahr;2025;DLAND;Bundesländer;04;Bremen;WHGRM1;Anzahl der Räume;RMEZHL03;3 Räume;BAUGB5;Gebäudeart;GBD-W-WO3UM;Wohngebäude mit 3 oder mehr Wohnungen;272;Anzahl;WOHN01;Wohnungen
31111;Statistik der Baugenehmigungen;JAHR;Jahr;2025;DLAND;Bundesländer;05;Nordrhein-Westfalen;WHGRM1;Anzahl der Räume;RMEZHL04;4 Räume;BAUGB5;Gebäudeart;GBD-W-WO2;Wohngebäude mit 2 Wohnungen;543;Anzahl;WOHN01;Wohnungen
31111;Statistik der Baugenehmigungen;JAHR;Jahr;2025;DLAND;Bundesländer;16;Thüringen;WHGRM1;Anzahl der Räume;RMEZHL02;2 Räume;BAUGB5;Gebäudeart;GBD-W-WO1;Wohngebäude mit 1 Wohnung;15;Anzahl;WOHN01;Wohnungen
31111;Statistik der Baugenehmigungen;JAHR;Jahr;2025;DLAND;Bundesländer;11;Berlin;WHGRM1;Anzahl der Räume;;Insgesamt;BAUGB5;Gebäudeart;GBD-W-ETW;Wohngebäude mit Eigentumswohnungen;2427;Anzahl;WOHN01;Wohnungen
31111;Statistik der Baugenehmigungen;JAHR;Jahr;2025;DLAND;Bundesländer;14;Sachsen;WHGRM1;Anzahl der Räume;RMEZHL07UM;7 und mehr Räume;BAUGB5;Gebäudeart;GBD-W-WO2;Wohngebäude mit 2 Wohnungen;22;Anzahl;WOHN01;Wohnungen
31111;Statistik der Baugenehmigungen;JAHR;Jahr;2025;DLAND;Bundesländer;13;Mecklenburg-Vorpommern;WHGRM1;Anzahl der Räume;RMEZHL02;2 Räume;BAUGB5;Gebäudeart;GBD-W;Wohngebäude;641;Anzahl;WOHN01;Wohnungen
31111;Statistik der Baugenehmigungen;JAHR;Jahr;2025;DLAND;Bundesländer;11;Berlin;WHGRM1;Anzahl der Räume;RMEZHL01;1 Raum;BAUGB5;Gebäudeart;GBD-W-ETW;Wohngebäude mit Eigentumswohnungen;595;Anzahl;WOHN01;Wohnungen
31111;Statistik der Baugenehmigungen;JAHR;Jahr;2025;DLAND;Bundesländer;01;Schleswig-Holstein;WHGRM1;Anzahl der Räume;RMEZHL07UM;7 und mehr Räume;BAUGB5;Gebäudeart;GBD-W-WH;Wohnheime;1;Anzahl;WOHN01;Wohnungen
31111;Statistik der Baugenehmigungen;JAHR;Jahr;2025;DLAND;Bundesländer;15;Sachsen-Anhalt;WHGRM1;Anzahl der Räume;RMEZHL03;3 Räume;BAUGB5;Gebäudeart;GBD-W-WO3UM;Wohngebäude mit 3 oder mehr Wohnungen;354;Anzahl;WOHN01;Wohnungen
31111;Statistik der Baugenehmigungen;JAHR;Jahr;2025;DLAND;Bundesländer;03;Niedersachsen;WHGRM1;Anzahl der Räume;RMEZHL07UM;7 und mehr Räume;BAUGB5;Gebäudeart;GBD-W;Wohngebäude;1661;Anzahl;WOHN01;Wohnungen
31111;Statistik der Baugenehmigungen;JAHR;Jahr;2025;DLAND;Bundesländer;08;Baden-Württemberg;WHGRM1;Anzahl der Räume;RMEZHL06;6 Räume;BAUGB5;Gebäudeart;GBD-W-WO2;Wohngebäude mit 2 Wohnungen;275;Anzahl;WOHN01;Wohnungen
31111;Statistik der Baugenehmigungen;JAHR;Jahr;2025;DLAND;Bundesländer;07;Rheinland-Pfalz;WHGRM1;Anzahl der Räume;RMEZHL01;1 Raum;BAUGB5;Gebäudeart;GBD-W-ETW;Wohngebäude mit Eigentumswohnungen;215;Anzahl;WOHN01;Wohnungen
31111;Statistik der Baugenehmigungen;JAHR;Jahr;2025;DLAND;Bundesländer;09;Bayern;WHGRM1;Anzahl der Räume;RMEZHL07UM;7 und mehr Räume;BAUGB5;Gebäudeart;GBD-W;Wohngebäude;3605;Anzahl;WOHN01;Wohnungen
31111;Statistik der Baugenehmigungen;JAHR;Jahr;2025;DLAND;Bundesländer;07;Rheinland-Pfalz;WHGRM1;Anzahl der Räume;;Insgesamt;BAUGB5;Gebäudeart;GBD-W-ETW;Wohngebäude mit Eigentumswohnungen;2513;Anzahl;WOHN01;Wohnungen
31111;Statistik der Baugenehmigungen;JAHR;Jahr;2025;DLAND;Bundesländer;08;Baden-Württemberg;WHGRM1;Anzahl der Räume;RMEZHL02;2 Räume;BAUGB5;Gebäudeart;GBD-W-WO2;Wohngebäude mit 2 Wohnungen;307;Anzahl;WOHN01;Wohnungen
31111;Statistik der Baugenehmigungen;JAHR;Jahr;2025;DLAND;Bundesländer;13;Mecklenburg-Vorpommern;WHGRM1;Anzahl der Räume;RMEZHL02;2 Räume;BAUGB5;Gebäudeart;GBD-W-WO3UM;Wohngebäude mit 3 oder mehr Wohnungen;593;Anzahl;WOHN01;Wohnungen
31111;Statistik der Baugenehmigungen;JAHR;Jahr;2025;DLAND;Bundesländer;12;Brandenburg;WHGRM1;Anzahl der Räume;RMEZHL06;6 Räume;BAUGB5;Gebäudeart;GBD-W-WO2;Wohngebäude mit 2 Wohnungen;17;Anzahl;WOHN01;Wohnungen
31111;Statistik der Baugenehmigungen;JAHR;Jahr;2025;DLAND;Bundesländer;08;Baden-Württemberg;WHGRM1;Anzahl der Räume;;Insgesamt;BAUGB5;Gebäudeart;GBD-W-WO2;Wohngebäude mit 2 Wohnungen;1980;Anzahl;WOHN01;Wohnungen
31111;Statistik der Baugenehmigungen;JAHR;Jahr;2025;DLAND;Bundesländer;14;Sachsen;WHGRM1;Anzahl der Räume;;Insgesamt;BAUGB5;Gebäudeart;GBD-W-ETW;Wohngebäude mit Eigentumswohnungen;2637;Anzahl;WOHN01;Wohnungen
31111;Statistik der Baugenehmigungen;JAHR;Jahr;2025;DLAND;Bundesländer;14;Sachsen;WHGRM1;Anzahl der Räume;RMEZHL07UM;7 und mehr Räume;BAUGB5;Gebäudeart;GBD-W;Wohngebäude;374;Anzahl;WOHN01;Wohnungen
31111;Statistik der Baugenehmigungen;JAHR;Jahr;2025;DLAND;Bundesländer;07;Rheinland-Pfalz;WHGRM1;Anzahl der Räume;;Insgesamt;BAUGB5;Gebäudeart;GBD-W;Wohngebäude;9857;Anzahl;WOHN01;Wohnungen
31111;Statistik der Baugenehmigungen;JAHR;Jahr;2025;DLAND;Bundesländer;09;Bayern;WHGRM1;Anzahl der Räume;RMEZHL03;3 Räume;BAUGB5;Gebäudeart;GBD-W-WO1;Wohngebäude mit 1 Wohnung;471;Anzahl;WOHN01;Wohnungen
31111;Statistik der Baugenehmigungen;JAHR;Jahr;2025;DLAND;Bundesländer;16;Thüringen;WHGRM1;Anzahl der Räume;RMEZHL04;4 Räume;BAUGB5;Gebäudeart;GBD-W-WO1;Wohngebäude mit 1 Wohnung;85;Anzahl;WOHN01;Wohnungen
31111;Statistik der Baugenehmigungen;JAHR;Jahr;2025;DLAND;Bundesländer;08;Baden-Württemberg;WHGRM1;Anzahl der Räume;RMEZHL06;6 Räume;BAUGB5;Gebäudeart;GBD-W-WO3UM;Wohngebäude mit 3 oder mehr Wohnungen;179;Anzahl;WOHN01;Wohnungen
31111;Statistik der Baugenehmigungen;JAHR;Jahr;2025;DLAND;Bundesländer;03;Niedersachsen;WHGRM1;Anzahl der Räume;RMEZHL07UM;7 und mehr Räume;BAUGB5;Gebäudeart;GBD-W-WO1;Wohngebäude mit 1 Wohnung;1307;Anzahl;WOHN01;Wohnungen
31111;Statistik der Baugenehmigungen;JAHR;Jahr;2025;DLAND;Bundesländer;01;Schleswig-Holstein;WHGRM1;Anzahl der Räume;RMEZHL04;4 Räume;BAUGB5;Gebäudeart;GBD-W-WO1;Wohngebäude mit 1 Wohnung;470;Anzahl;WOHN01;Wohnungen
31111;Statistik der Baugenehmigungen;JAHR;Jahr;2025;DLAND;Bundesländer;06;Hessen;WHGRM1;Anzahl der Räume;RMEZHL04;4 Räume;BAUGB5;Gebäudeart;GBD-W-WO3UM;Wohngebäude mit 3 oder mehr Wohnungen;1739;Anzahl;WOHN01;Wohnungen
31111;Statistik der Baugenehmigungen;JAHR;Jahr;2025;DLAND;Bundesländer;15;Sachsen-Anhalt;WHGRM1;Anzahl der Räume;RMEZHL02;2 Räume;BAUGB5;Gebäudeart;GBD-W-WH;Wohnheime;-;Anzahl;WOHN01;Wohnungen
31111;Statistik der Baugenehmigungen;JAHR;Jahr;2025;DLAND;Bundesländer;04;Bremen;WHGRM1;Anzahl der Räume;RMEZHL03;3 Räume;BAUGB5;Gebäudeart;GBD-W-ETW;Wohngebäude mit Eigentumswohnungen;82;Anzahl;WOHN01;Wohnungen
31111;Statistik der Baugenehmigungen;JAHR;Jahr;2025;DLAND;Bundesländer;01;Schleswig-Holstein;WHGRM1;Anzahl der Räume;;Insgesamt;BAUGB5;Gebäudeart;GBD-W-WO1;Wohngebäude mit 1 Wohnung;2375;Anzahl;WOHN01;Wohnungen
31111;Statistik der Baugenehmigungen;JAHR;Jahr;2025;DLAND;Bundesländer;14;Sachsen;WHGRM1;Anzahl der Räume;RMEZHL02;2 Räume;BAUGB5;Gebäudeart;GBD-W-ETW;Wohngebäude mit Eigentumswohnungen;818;Anzahl;WOHN01;Wohnungen
31111;Statistik der Baugenehmigungen;JAHR;Jahr;2025;DLAND;Bundesländer;15;Sachsen-Anhalt;WHGRM1;Anzahl der Räume;;Insgesamt;BAUGB5;Gebäudeart;GBD-W-WO2;Wohngebäude mit 2 Wohnungen;94;Anzahl;WOHN01;Wohnungen
31111;Statistik der Baugenehmigungen;JAHR;Jahr;2025;DLAND;Bundesländer;11;Berlin;WHGRM1;Anzahl der Räume;RMEZHL06;6 Räume;BAUGB5;Gebäudeart;GBD-W-ETW;Wohngebäude mit Eigentumswohnungen;7;Anzahl;WOHN01;Wohnungen
31111;Statistik der Baugenehmigungen;JAHR;Jahr;2025;DLAND;Bundesländer;13;Mecklenburg-Vorpommern;WHGRM1;Anzahl der Räume;RMEZHL01;1 Raum;BAUGB5;Gebäudeart;GBD-W-WO1;Wohngebäude mit 1 Wohnung;5;Anzahl;WOHN01;Wohnungen
31111;Statistik der Baugenehmigungen;JAHR;Jahr;2025;DLAND;Bundesländer;04;Bremen;WHGRM1;Anzahl der Räume;RMEZHL06;6 Räume;BAUGB5;Gebäudeart;GBD-W-WH;Wohnheime;-;Anzahl;WOHN01;Wohnungen
31111;Statistik der Baugenehmigungen;JAHR;Jahr;2025;DLAND;Bundesländer;10;Saarland;WHGRM1;Anzahl der Räume;RMEZHL04;4 Räume;BAUGB5;Gebäudeart;GBD-W-WO3UM;Wohngebäude mit 3 oder mehr Wohnungen;142;Anzahl;WOHN01;Wohnungen
31111;Statistik der Baugenehmigungen;JAHR;Jahr;2025;DLAND;Bundesländer;09;Bayern;WHGRM1;Anzahl der Räume;RMEZHL02;2 Räume;BAUGB5;Gebäudeart;GBD-W-WO3UM;Wohngebäude mit 3 oder mehr Wohnungen;8372;Anzahl;WOHN01;Wohnungen
31111;Statistik der Baugenehmigungen;JAHR;Jahr;2025;DLAND;Bundesländer;08;Baden-Württemberg;WHGRM1;Anzahl der Räume;RMEZHL04;4 Räume;BAUGB5;Gebäudeart;GBD-W-WO2;Wohngebäude mit 2 Wohnungen;366;Anzahl;WOHN01;Wohnungen
31111;Statistik der Baugenehmigungen;JAHR;Jahr;2025;DLAND;Bundesländer;01;Schleswig-Holstein;WHGRM1;Anzahl der Räume;RMEZHL01;1 Raum;BAUGB5;Gebäudeart;GBD-W-WO3UM;Wohngebäude mit 3 oder mehr Wohnungen;321;Anzahl;WOHN01;Wohnungen
31111;Statistik der Baugenehmigungen;JAHR;Jahr;2025;DLAND;Bundesländer;16;Thüringen;WHGRM1;Anzahl der Räume;RMEZHL06;6 Räume;BAUGB5;Gebäudeart;GBD-W-WO1;Wohngebäude mit 1 Wohnung;173;Anzahl;WOHN01;Wohnungen
31111;Statistik der Baugenehmigungen;JAHR;Jahr;2025;DLAND;Bundesländer;03;Niedersachsen;WHGRM1;Anzahl der Räume;RMEZHL02;2 Räume;BAUGB5;Gebäudeart;GBD-W-WH;Wohnheime;8;Anzahl;WOHN01;Wohnungen
31111;Statistik der Baugenehmigungen;JAHR;Jahr;2025;DLAND;Bundesländer;09;Bayern;WHGRM1;Anzahl der Räume;RMEZHL01;1 Raum;BAUGB5;Gebäudeart;GBD-W-WO1;Wohngebäude mit 1 Wohnung;32;Anzahl;WOHN01;Wohnungen
31111;Statistik der Baugenehmigungen;JAHR;Jahr;2025;DLAND;Bundesländer;05;Nordrhein-Westfalen;WHGRM1;Anzahl der Räume;RMEZHL06;6 Räume;BAUGB5;Gebäudeart;GBD-W-WO2;Wohngebäude mit 2 Wohnungen;247;Anzahl;WOHN01;Wohnungen
31111;Statistik der Baugenehmigungen;JAHR;Jahr;2025;DLAND;Bundesländer;04;Bremen;WHGRM1;Anzahl der Räume;;Insgesamt;BAUGB5;Gebäudeart;GBD-W-WO3UM;Wohngebäude mit 3 oder mehr Wohnungen;809;Anzahl;WOHN01;Wohnungen
31111;Statistik der Baugenehmigungen;JAHR;Jahr;2025;DLAND;Bundesländer;12;Brandenburg;WHGRM1;Anzahl der Räume;RMEZHL04;4 Räume;BAUGB5;Gebäudeart;GBD-W-WO2;Wohngebäude mit 2 Wohnungen;104;Anzahl;WOHN01;Wohnungen
31111;Statistik der Baugenehmigungen;JAHR;Jahr;2025;DLAND;Bundesländer;15;Sachsen-Anhalt;WHGRM1;Anzahl der Räume;RMEZHL05;5 Räume;BAUGB5;Gebäudeart;GBD-W-WO2;Wohngebäude mit 2 Wohnungen;15;Anzahl;WOHN01;Wohnungen
31111;Statistik der Baugenehmigungen;JAHR;Jahr;2025;DLAND;Bundesländer;04;Bremen;WHGRM1;Anzahl der Räume;RMEZHL01;1 Raum;BAUGB5;Gebäudeart;GBD-W-ETW;Wohngebäude mit Eigentumswohnungen;5;Anzahl;WOHN01;Wohnungen
31111;Statistik der Baugenehmigungen;JAHR;Jahr;2025;DLAND;Bundesländer;11;Berlin;WHGRM1;Anzahl der Räume;RMEZHL04;4 Räume;BAUGB5;Gebäudeart;GBD-W-ETW;Wohngebäude mit Eigentumswohnungen;382;Anzahl;WOHN01;Wohnungen
31111;Statistik der Baugenehmigungen;JAHR;Jahr;2025;DLAND;Bundesländer;12;Brandenburg;WHGRM1;Anzahl der Räume;RMEZHL03;3 Räume;BAUGB5;Gebäudeart;GBD-W-WH;Wohnheime;-;Anzahl;WOHN01;Wohnungen
31111;Statistik der Baugenehmigungen;JAHR;Jahr;2025;DLAND;Bundesländer;13;Mecklenburg-Vorpommern;WHGRM1;Anzahl der Räume;RMEZHL03;3 Räume;BAUGB5;Gebäudeart;GBD-W-WO1;Wohngebäude mit 1 Wohnung;108;Anzahl;WOHN01;Wohnungen
31111;Statistik der Baugenehmigungen;JAHR;Jahr;2025;DLAND;Bundesländer;04;Bremen;WHGRM1;Anzahl der Räume;RMEZHL05;5 Räume;BAUGB5;Gebäudeart;GBD-W-WO1;Wohngebäude mit 1 Wohnung;11;Anzahl;WOHN01;Wohnungen
31111;Statistik der Baugenehmigungen;JAHR;Jahr;2025;DLAND;Bundesländer;05;Nordrhein-Westfalen;WHGRM1;Anzahl der Räume;RMEZHL01;1 Raum;BAUGB5;Gebäudeart;GBD-W-WO2;Wohngebäude mit 2 Wohnungen;41;Anzahl;WOHN01;Wohnungen
31111;Statistik der Baugenehmigungen;JAHR;Jahr;2025;DLAND;Bundesländer;01;Schleswig-Holstein;WHGRM1;Anzahl der Räume;RMEZHL02;2 Räume;BAUGB5;Gebäudeart;GBD-W-WO1;Wohngebäude mit 1 Wohnung;51;Anzahl;WOHN01;Wohnungen
31111;Statistik der Baugenehmigungen;JAHR;Jahr;2025;DLAND;Bundesländer;16;Thüringen;WHGRM1;Anzahl der Räume;RMEZHL07UM;7 und mehr Räume;BAUGB5;Gebäudeart;GBD-W-ETW;Wohngebäude mit Eigentumswohnungen;-;Anzahl;WOHN01;Wohnungen
31111;Statistik der Baugenehmigungen;JAHR;Jahr;2025;DLAND;Bundesländer;04;Bremen;WHGRM1;Anzahl der Räume;RMEZHL04;4 Räume;BAUGB5;Gebäudeart;GBD-W-WH;Wohnheime;-;Anzahl;WOHN01;Wohnungen
31111;Statistik der Baugenehmigungen;JAHR;Jahr;2025;DLAND;Bundesländer;04;Bremen;WHGRM1;Anzahl der Räume;RMEZHL04;4 Räume;BAUGB5;Gebäudeart;GBD-W-WO1;Wohngebäude mit 1 Wohnung;21;Anzahl;WOHN01;Wohnungen
31111;Statistik der Baugenehmigungen;JAHR;Jahr;2025;DLAND;Bundesländer;06;Hessen;WHGRM1;Anzahl der Räume;RMEZHL02;2 Räume;BAUGB5;Gebäudeart;GBD-W-WO1;Wohngebäude mit 1 Wohnung;33;Anzahl;WOHN01;Wohnungen
31111;Statistik der Baugenehmigungen;JAHR;Jahr;2025;DLAND;Bundesländer;14;Sachsen;WHGRM1;Anzahl der Räume;RMEZHL06;6 Räume;BAUGB5;Gebäudeart;GBD-W;Wohngebäude;547;Anzahl;WOHN01;Wohnungen
31111;Statistik der Baugenehmigungen;JAHR;Jahr;2025;DLAND;Bundesländer;01;Schleswig-Holstein;WHGRM1;Anzahl der Räume;RMEZHL03;3 Räume;BAUGB5;Gebäudeart;GBD-W-ETW;Wohngebäude mit Eigentumswohnungen;451;Anzahl;WOHN01;Wohnungen
31111;Statistik der Baugenehmigungen;JAHR;Jahr;2025;DLAND;Bundesländer;14;Sachsen;WHGRM1;Anzahl der Räume;RMEZHL03;3 Räume;BAUGB5;Gebäudeart;GBD-W-WO3UM;Wohngebäude mit 3 oder mehr Wohnungen;1416;Anzahl;WOHN01;Wohnungen
31111;Statistik der Baugenehmigungen;JAHR;Jahr;2025;DLAND;Bundesländer;13;Mecklenburg-Vorpommern;WHGRM1;Anzahl der Räume;RMEZHL05;5 Räume;BAUGB5;Gebäudeart;GBD-W-WH;Wohnheime;-;Anzahl;WOHN01;Wohnungen
31111;Statistik der Baugenehmigungen;JAHR;Jahr;2025;DLAND;Bundesländer;11;Berlin;WHGRM1;Anzahl der Räume;RMEZHL05;5 Räume;BAUGB5;Gebäudeart;GBD-W-WO1;Wohngebäude mit 1 Wohnung;217;Anzahl;WOHN01;Wohnungen
31111;Statistik der Baugenehmigungen;JAHR;Jahr;2025;DLAND;Bundesländer;15;Sachsen-Anhalt;WHGRM1;Anzahl der Räume;RMEZHL01;1 Raum;BAUGB5;Gebäudeart;GBD-W;Wohngebäude;139;Anzahl;WOHN01;Wohnungen
31111;Statistik der Baugenehmigungen;JAHR;Jahr;2025;DLAND;Bundesländer;08;Baden-Württemberg;WHGRM1;Anzahl der Räume;RMEZHL07UM;7 und mehr Räume;BAUGB5;Gebäudeart;GBD-W-WO1;Wohngebäude mit 1 Wohnung;1482;Anzahl;WOHN01;Wohnungen
31111;Statistik der Baugenehmigungen;JAHR;Jahr;2025;DLAND;Bundesländer;09;Bayern;WHGRM1;Anzahl der Räume;RMEZHL06;6 Räume;BAUGB5;Gebäudeart;GBD-W-WO1;Wohngebäude mit 1 Wohnung;3285;Anzahl;WOHN01;Wohnungen
31111;Statistik der Baugenehmigungen;JAHR;Jahr;2025;DLAND;Bundesländer;12;Brandenburg;WHGRM1;Anzahl der Räume;RMEZHL05;5 Räume;BAUGB5;Gebäudeart;GBD-W-WO3UM;Wohngebäude mit 3 oder mehr Wohnungen;141;Anzahl;WOHN01;Wohnungen
31111;Statistik der Baugenehmigungen;JAHR;Jahr;2025;DLAND;Bundesländer;07;Rheinland-Pfalz;WHGRM1;Anzahl der Räume;RMEZHL01;1 Raum;BAUGB5;Gebäudeart;GBD-W-WO3UM;Wohngebäude mit 3 oder mehr Wohnungen;429;Anzahl;WOHN01;Wohnungen
31111;Statistik der Baugenehmigungen;JAHR;Jahr;2025;DLAND;Bundesländer;08;Baden-Württemberg;WHGRM1;Anzahl der Räume;RMEZHL03;3 Räume;BAUGB5;Gebäudeart;GBD-W-WH;Wohnheime;50;Anzahl;WOHN01;Wohnungen
31111;Statistik der Baugenehmigungen;JAHR;Jahr;2025;DLAND;Bundesländer;05;Nordrhein-Westfalen;WHGRM1;Anzahl der Räume;RMEZHL04;4 Räume;BAUGB5;Gebäudeart;GBD-W-WO3UM;Wohngebäude mit 3 oder mehr Wohnungen;4093;Anzahl;WOHN01;Wohnungen
31111;Statistik der Baugenehmigungen;JAHR;Jahr;2025;DLAND;Bundesländer;02;Hamburg;WHGRM1;Anzahl der Räume;RMEZHL04;4 Räume;BAUGB5;Gebäudeart;GBD-W-WH;Wohnheime;12;Anzahl;WOHN01;Wohnungen
31111;Statistik der Baugenehmigungen;JAHR;Jahr;2025;DLAND;Bundesländer;06;Hessen;WHGRM1;Anzahl der Räume;RMEZHL01;1 Raum;BAUGB5;Gebäudeart;GBD-W-WO1;Wohngebäude mit 1 Wohnung;8;Anzahl;WOHN01;Wohnungen
31111;Statistik der Baugenehmigungen;JAHR;Jahr;2025;DLAND;Bundesländer;11;Berlin;WHGRM1;Anzahl der Räume;RMEZHL05;5 Räume;BAUGB5;Gebäudeart;GBD-W-WH;Wohnheime;-;Anzahl;WOHN01;Wohnungen
31111;Statistik der Baugenehmigungen;JAHR;Jahr;2025;DLAND;Bundesländer;01;Schleswig-Holstein;WHGRM1;Anzahl der Räume;RMEZHL04;4 Räume;BAUGB5;Gebäudeart;GBD-W-ETW;Wohngebäude mit Eigentumswohnungen;151;Anzahl;WOHN01;Wohnungen
31111;Statistik der Baugenehmigungen;JAHR;Jahr;2025;DLAND;Bundesländer;14;Sachsen;WHGRM1;Anzahl der Räume;RMEZHL02;2 Räume;BAUGB5;Gebäudeart;GBD-W-WO3UM;Wohngebäude mit 3 oder mehr Wohnungen;1401;Anzahl;WOHN01;Wohnungen
31111;Statistik der Baugenehmigungen;JAHR;Jahr;2025;DLAND;Bundesländer;06;Hessen;WHGRM1;Anzahl der Räume;RMEZHL03;3 Räume;BAUGB5;Gebäudeart;GBD-W;Wohngebäude;3071;Anzahl;WOHN01;Wohnungen
31111;Statistik der Baugenehmigungen;JAHR;Jahr;2025;DLAND;Bundesländer;02;Hamburg;WHGRM1;Anzahl der Räume;RMEZHL02;2 Räume;BAUGB5;Gebäudeart;GBD-W-WO3UM;Wohngebäude mit 3 oder mehr Wohnungen;1871;Anzahl;WOHN01;Wohnungen
31111;Statistik der Baugenehmigungen;JAHR;Jahr;2025;DLAND;Bundesländer;01;Schleswig-Holstein;WHGRM1;Anzahl der Räume;;Insgesamt;BAUGB5;Gebäudeart;GBD-W-ETW;Wohngebäude mit Eigentumswohnungen;1142;Anzahl;WOHN01;Wohnungen
31111;Statistik der Baugenehmigungen;JAHR;Jahr;2025;DLAND;Bundesländer;04;Bremen;WHGRM1;Anzahl der Räume;RMEZHL03;3 Räume;BAUGB5;Gebäudeart;GBD-W-WO1;Wohngebäude mit 1 Wohnung;3;Anzahl;WOHN01;Wohnungen
31111;Statistik der Baugenehmigungen;JAHR;Jahr;2025;DLAND;Bundesländer;04;Bremen;WHGRM1;Anzahl der Räume;RMEZHL05;5 Räume;BAUGB5;Gebäudeart;GBD-W-ETW;Wohngebäude mit Eigentumswohnungen;8;Anzahl;WOHN01;Wohnungen
31111;Statistik der Baugenehmigungen;JAHR;Jahr;2025;DLAND;Bundesländer;12;Brandenburg;WHGRM1;Anzahl der Räume;RMEZHL06;6 Räume;BAUGB5;Gebäudeart;GBD-W-WO3UM;Wohngebäude mit 3 oder mehr Wohnungen;11;Anzahl;WOHN01;Wohnungen
31111;Statistik der Baugenehmigungen;JAHR;Jahr;2025;DLAND;Bundesländer;04;Bremen;WHGRM1;Anzahl der Räume;RMEZHL07UM;7 und mehr Räume;BAUGB5;Gebäudeart;GBD-W-WO2;Wohngebäude mit 2 Wohnungen;8;Anzahl;WOHN01;Wohnungen
31111;Statistik der Baugenehmigungen;JAHR;Jahr;2025;DLAND;Bundesländer;04;Bremen;WHGRM1;Anzahl der Räume;;Insgesamt;BAUGB5;Gebäudeart;GBD-W-WO1;Wohngebäude mit 1 Wohnung;79;Anzahl;WOHN01;Wohnungen
31111;Statistik der Baugenehmigungen;JAHR;Jahr;2025;DLAND;Bundesländer;06;Hessen;WHGRM1;Anzahl der Räume;RMEZHL01;1 Raum;BAUGB5;Gebäudeart;GBD-W-WH;Wohnheime;369;Anzahl;WOHN01;Wohnungen
31111;Statistik der Baugenehmigungen;JAHR;Jahr;2025;DLAND;Bundesländer;01;Schleswig-Holstein;WHGRM1;Anzahl der Räume;RMEZHL02;2 Räume;BAUGB5;Gebäudeart;GBD-W;Wohngebäude;2752;Anzahl;WOHN01;Wohnungen
31111;Statistik der Baugenehmigungen;JAHR;Jahr;2025;DLAND;Bundesländer;15;Sachsen-Anhalt;WHGRM1;Anzahl der Räume;RMEZHL07UM;7 und mehr Räume;BAUGB5;Gebäudeart;GBD-W-WO1;Wohngebäude mit 1 Wohnung;101;Anzahl;WOHN01;Wohnungen
31111;Statistik der Baugenehmigungen;JAHR;Jahr;2025;DLAND;Bundesländer;03;Niedersachsen;WHGRM1;Anzahl der Räume;RMEZHL02;2 Räume;BAUGB5;Gebäudeart;GBD-W;Wohngebäude;4096;Anzahl;WOHN01;Wohnungen
31111;Statistik der Baugenehmigungen;JAHR;Jahr;2025;DLAND;Bundesländer;02;Hamburg;WHGRM1;Anzahl der Räume;RMEZHL02;2 Räume;BAUGB5;Gebäudeart;GBD-W-WO2;Wohngebäude mit 2 Wohnungen;37;Anzahl;WOHN01;Wohnungen
31111;Statistik der Baugenehmigungen;JAHR;Jahr;2025;DLAND;Bundesländer;04;Bremen;WHGRM1;Anzahl der Räume;RMEZHL07UM;7 und mehr Räume;BAUGB5;Gebäudeart;GBD-W-WO3UM;Wohngebäude mit 3 oder mehr Wohnungen;1;Anzahl;WOHN01;Wohnungen
31111;Statistik der Baugenehmigungen;JAHR;Jahr;2025;DLAND;Bundesländer;02;Hamburg;WHGRM1;Anzahl der Räume;;Insgesamt;BAUGB5;Gebäudeart;GBD-W;Wohngebäude;6163;Anzahl;WOHN01;Wohnungen
31111;Statistik der Baugenehmigungen;JAHR;Jahr;2025;DLAND;Bundesländer;09;Bayern;WHGRM1;Anzahl der Räume;RMEZHL02;2 Räume;BAUGB5;Gebäudeart;GBD-W;Wohngebäude;9163;Anzahl;WOHN01;Wohnungen
31111;Statistik der Baugenehmigungen;JAHR;Jahr;2025;DLAND;Bundesländer;08;Baden-Württemberg;WHGRM1;Anzahl der Räume;RMEZHL01;1 Raum;BAUGB5;Gebäudeart;GBD-W-WH;Wohnheime;1092;Anzahl;WOHN01;Wohnungen
31111;Statistik der Baugenehmigungen;JAHR;Jahr;2025;DLAND;Bundesländer;12;Brandenburg;WHGRM1;Anzahl der Räume;RMEZHL02;2 Räume;BAUGB5;Gebäudeart;GBD-W;Wohngebäude;1802;Anzahl;WOHN01;Wohnungen
31111;Statistik der Baugenehmigungen;JAHR;Jahr;2025;DLAND;Bundesländer;11;Berlin;WHGRM1;Anzahl der Räume;;Insgesamt;BAUGB5;Gebäudeart;GBD-W;Wohngebäude;11553;Anzahl;WOHN01;Wohnungen
31111;Statistik der Baugenehmigungen;JAHR;Jahr;2025;DLAND;Bundesländer;02;Hamburg;WHGRM1;Anzahl der Räume;RMEZHL02;2 Räume;BAUGB5;Gebäudeart;GBD-W-WH;Wohnheime;264;Anzahl;WOHN01;Wohnungen
31111;Statistik der Baugenehmigungen;JAHR;Jahr;2025;DLAND;Bundesländer;05;Nordrhein-Westfalen;WHGRM1;Anzahl der Räume;RMEZHL03;3 Räume;BAUGB5;Gebäudeart;GBD-W-WO3UM;Wohngebäude mit 3 oder mehr Wohnungen;8283;Anzahl;WOHN01;Wohnungen
31111;Statistik der Baugenehmigungen;JAHR;Jahr;2025;DLAND;Bundesländer;13;Mecklenburg-Vorpommern;WHGRM1;Anzahl der Räume;RMEZHL06;6 Räume;BAUGB5;Gebäudeart;GBD-W-WO1;Wohngebäude mit 1 Wohnung;189;Anzahl;WOHN01;Wohnungen
31111;Statistik der Baugenehmigungen;JAHR;Jahr;2025;DLAND;Bundesländer;08;Baden-Württemberg;WHGRM1;Anzahl der Räume;;Insgesamt;BAUGB5;Gebäudeart;GBD-W;Wohngebäude;23071;Anzahl;WOHN01;Wohnungen
31111;Statistik der Baugenehmigungen;JAHR;Jahr;2025;DLAND;Bundesländer;15;Sachsen-Anhalt;WHGRM1;Anzahl der Räume;RMEZHL03;3 Räume;BAUGB5;Gebäudeart;GBD-W-WO2;Wohngebäude mit 2 Wohnungen;27;Anzahl;WOHN01;Wohnungen
31111;Statistik der Baugenehmigungen;JAHR;Jahr;2025;DLAND;Bundesländer;01;Schleswig-Holstein;WHGRM1;Anzahl der Räume;RMEZHL07UM;7 und mehr Räume;BAUGB5;Gebäudeart;GBD-W-ETW;Wohngebäude mit Eigentumswohnungen;21;Anzahl;WOHN01;Wohnungen
31111;Statistik der Baugenehmigungen;JAHR;Jahr;2025;DLAND;Bundesländer;03;Niedersachsen;WHGRM1;Anzahl der Räume;RMEZHL01;1 Raum;BAUGB5;Gebäudeart;GBD-W-WO1;Wohngebäude mit 1 Wohnung;21;Anzahl;WOHN01;Wohnungen
31111;Statistik der Baugenehmigungen;JAHR;Jahr;2025;DLAND;Bundesländer;11;Berlin;WHGRM1;Anzahl der Räume;RMEZHL04;4 Räume;BAUGB5;Gebäudeart;GBD-W-WO1;Wohngebäude mit 1 Wohnung;127;Anzahl;WOHN01;Wohnungen
31111;Statistik der Baugenehmigungen;JAHR;Jahr;2025;DLAND;Bundesländer;11;Berlin;WHGRM1;Anzahl der Räume;RMEZHL03;3 Räume;BAUGB5;Gebäudeart;GBD-W-WH;Wohnheime;43;Anzahl;WOHN01;Wohnungen
31111;Statistik der Baugenehmigungen;JAHR;Jahr;2025;DLAND;Bundesländer;04;Bremen;WHGRM1;Anzahl der Räume;RMEZHL01;1 Raum;BAUGB5;Gebäudeart;GBD-W;Wohngebäude;75;Anzahl;WOHN01;Wohnungen
31111;Statistik der Baugenehmigungen;JAHR;Jahr;2025;DLAND;Bundesländer;10;Saarland;WHGRM1;Anzahl der Räume;RMEZHL03;3 Räume;BAUGB5;Gebäudeart;GBD-W-WH;Wohnheime;-;Anzahl;WOHN01;Wohnungen
31111;Statistik der Baugenehmigungen;JAHR;Jahr;2025;DLAND;Bundesländer;05;Nordrhein-Westfalen;WHGRM1;Anzahl der Räume;RMEZHL04;4 Räume;BAUGB5;Gebäudeart;GBD-W;Wohngebäude;5508;Anzahl;WOHN01;Wohnungen
31111;Statistik der Baugenehmigungen;JAHR;Jahr;2025;DLAND;Bundesländer;11;Berlin;WHGRM1;Anzahl der Räume;RMEZHL07UM;7 und mehr Räume;BAUGB5;Gebäudeart;GBD-W-WO2;Wohngebäude mit 2 Wohnungen;8;Anzahl;WOHN01;Wohnungen
31111;Statistik der Baugenehmigungen;JAHR;Jahr;2025;DLAND;Bundesländer;12;Brandenburg;WHGRM1;Anzahl der Räume;RMEZHL06;6 Räume;BAUGB5;Gebäudeart;GBD-W;Wohngebäude;518;Anzahl;WOHN01;Wohnungen
31111;Statistik der Baugenehmigungen;JAHR;Jahr;2025;DLAND;Bundesländer;11;Berlin;WHGRM1;Anzahl der Räume;;Insgesamt;BAUGB5;Gebäudeart;GBD-W-WO1;Wohngebäude mit 1 Wohnung;664;Anzahl;WOHN01;Wohnungen
31111;Statistik der Baugenehmigungen;JAHR;Jahr;2025;DLAND;Bundesländer;11;Berlin;WHGRM1;Anzahl der Räume;RMEZHL05;5 Räume;BAUGB5;Gebäudeart;GBD-W-ETW;Wohngebäude mit Eigentumswohnungen;93;Anzahl;WOHN01;Wohnungen
31111;Statistik der Baugenehmigungen;JAHR;Jahr;2025;DLAND;Bundesländer;02;Hamburg;WHGRM1;Anzahl der Räume;RMEZHL01;1 Raum;BAUGB5;Gebäudeart;GBD-W-WO2;Wohngebäude mit 2 Wohnungen;3;Anzahl;WOHN01;Wohnungen
31111;Statistik der Baugenehmigungen;JAHR;Jahr;2025;DLAND;Bundesländer;03;Niedersachsen;WHGRM1;Anzahl der Räume;RMEZHL07UM;7 und mehr Räume;BAUGB5;Gebäudeart;GBD-W-WO3UM;Wohngebäude mit 3 oder mehr Wohnungen;175;Anzahl;WOHN01;Wohnungen
31111;Statistik der Baugenehmigungen;JAHR;Jahr;2025;DLAND;Bundesländer;13;Mecklenburg-Vorpommern;WHGRM1;Anzahl der Räume;RMEZHL07UM;7 und mehr Räume;BAUGB5;Gebäudeart;GBD-W-WH;Wohnheime;1;Anzahl;WOHN01;Wohnungen
31111;Statistik der Baugenehmigungen;JAHR;Jahr;2025;DLAND;Bundesländer;01;Schleswig-Holstein;WHGRM1;Anzahl der Räume;RMEZHL06;6 Räume;BAUGB5;Gebäudeart;GBD-W-WO3UM;Wohngebäude mit 3 oder mehr Wohnungen;27;Anzahl;WOHN01;Wohnungen
31111;Statistik der Baugenehmigungen;JAHR;Jahr;2025;DLAND;Bundesländer;15;Sachsen-Anhalt;WHGRM1;Anzahl der Räume;RMEZHL07UM;7 und mehr Räume;BAUGB5;Gebäudeart;GBD-W-WO3UM;Wohngebäude mit 3 oder mehr Wohnungen;14;Anzahl;WOHN01;Wohnungen
31111;Statistik der Baugenehmigungen;JAHR;Jahr;2025;DLAND;Bundesländer;13;Mecklenburg-Vorpommern;WHGRM1;Anzahl der Räume;RMEZHL06;6 Räume;BAUGB5;Gebäudeart;GBD-W-WO3UM;Wohngebäude mit 3 oder mehr Wohnungen;7;Anzahl;WOHN01;Wohnungen
31111;Statistik der Baugenehmigungen;JAHR;Jahr;2025;DLAND;Bundesländer;04;Bremen;WHGRM1;Anzahl der Räume;RMEZHL04;4 Räume;BAUGB5;Gebäudeart;GBD-W-ETW;Wohngebäude mit Eigentumswohnungen;11;Anzahl;WOHN01;Wohnungen
31111;Statistik der Baugenehmigungen;JAHR;Jahr;2025;DLAND;Bundesländer;01;Schleswig-Holstein;WHGRM1;Anzahl der Räume;RMEZHL03;3 Räume;BAUGB5;Gebäudeart;GBD-W-WO1;Wohngebäude mit 1 Wohnung;224;Anzahl;WOHN01;Wohnungen
31111;Statistik der Baugenehmigungen;JAHR;Jahr;2025;DLAND;Bundesländer;14;Sachsen;WHGRM1;Anzahl der Räume;RMEZHL07UM;7 und mehr Räume;BAUGB5;Gebäudeart;GBD-W-WH;Wohnheime;-;Anzahl;WOHN01;Wohnungen
31111;Statistik der Baugenehmigungen;JAHR;Jahr;2025;DLAND;Bundesländer;16;Thüringen;WHGRM1;Anzahl der Räume;RMEZHL03;3 Räume;BAUGB5;Gebäudeart;GBD-W-WO1;Wohngebäude mit 1 Wohnung;46;Anzahl;WOHN01;Wohnungen
31111;Statistik der Baugenehmigungen;JAHR;Jahr;2025;DLAND;Bundesländer;05;Nordrhein-Westfalen;WHGRM1;Anzahl der Räume;RMEZHL06;6 Räume;BAUGB5;Gebäudeart;GBD-W-WH;Wohnheime;2;Anzahl;WOHN01;Wohnungen
31111;Statistik der Baugenehmigungen;JAHR;Jahr;2025;DLAND;Bundesländer;08;Baden-Württemberg;WHGRM1;Anzahl der Räume;RMEZHL03;3 Räume;BAUGB5;Gebäudeart;GBD-W;Wohngebäude;5720;Anzahl;WOHN01;Wohnungen
31111;Statistik der Baugenehmigungen;JAHR;Jahr;2025;DLAND;Bundesländer;07;Rheinland-Pfalz;WHGRM1;Anzahl der Räume;RMEZHL05;5 Räume;BAUGB5;Gebäudeart;GBD-W-WO1;Wohngebäude mit 1 Wohnung;616;Anzahl;WOHN01;Wohnungen
31111;Statistik der Baugenehmigungen;JAHR;Jahr;2025;DLAND;Bundesländer;15;Sachsen-Anhalt;WHGRM1;Anzahl der Räume;RMEZHL04;4 Räume;BAUGB5;Gebäudeart;GBD-W-WO2;Wohngebäude mit 2 Wohnungen;36;Anzahl;WOHN01;Wohnungen
31111;Statistik der Baugenehmigungen;JAHR;Jahr;2025;DLAND;Bundesländer;11;Berlin;WHGRM1;Anzahl der Räume;RMEZHL03;3 Räume;BAUGB5;Gebäudeart;GBD-W;Wohngebäude;2757;Anzahl;WOHN01;Wohnungen
31111;Statistik der Baugenehmigungen;JAHR;Jahr;2025;DLAND;Bundesländer;14;Sachsen;WHGRM1;Anzahl der Räume;RMEZHL05;5 Räume;BAUGB5;Gebäudeart;GBD-W-WO1;Wohngebäude mit 1 Wohnung;500;Anzahl;WOHN01;Wohnungen
31111;Statistik der Baugenehmigungen;JAHR;Jahr;2025;DLAND;Bundesländer;02;Hamburg;WHGRM1;Anzahl der Räume;RMEZHL06;6 Räume;BAUGB5;Gebäudeart;GBD-W-WO2;Wohngebäude mit 2 Wohnungen;45;Anzahl;WOHN01;Wohnungen
31111;Statistik der Baugenehmigungen;JAHR;Jahr;2025;DLAND;Bundesländer;03;Niedersachsen;WHGRM1;Anzahl der Räume;RMEZHL06;6 Räume;BAUGB5;Gebäudeart;GBD-W;Wohngebäude;1627;Anzahl;WOHN01;Wohnungen
31111;Statistik der Baugenehmigungen;JAHR;Jahr;2025;DLAND;Bundesländer;16;Thüringen;WHGRM1;Anzahl der Räume;RMEZHL02;2 Räume;BAUGB5;Gebäudeart;GBD-W-WH;Wohnheime;16;Anzahl;WOHN01;Wohnungen
31111;Statistik der Baugenehmigungen;JAHR;Jahr;2025;DLAND;Bundesländer;13;Mecklenburg-Vorpommern;WHGRM1;Anzahl der Räume;RMEZHL02;2 Räume;BAUGB5;Gebäudeart;GBD-W-WO1;Wohngebäude mit 1 Wohnung;24;Anzahl;WOHN01;Wohnungen
31111;Statistik der Baugenehmigungen;JAHR;Jahr;2025;DLAND;Bundesländer;03;Niedersachsen;WHGRM1;Anzahl der Räume;RMEZHL05;5 Räume;BAUGB5;Gebäudeart;GBD-W-WO2;Wohngebäude mit 2 Wohnungen;396;Anzahl;WOHN01;Wohnungen
31111;Statistik der Baugenehmigungen;JAHR;Jahr;2025;DLAND;Bundesländer;07;Rheinland-Pfalz;WHGRM1;Anzahl der Räume;RMEZHL01;1 Raum;BAUGB5;Gebäudeart;GBD-W-WH;Wohnheime;104;Anzahl;WOHN01;Wohnungen
31111;Statistik der Baugenehmigungen;JAHR;Jahr;2025;DLAND;Bundesländer;14;Sachsen;WHGRM1;Anzahl der Räume;RMEZHL01;1 Raum;BAUGB5;Gebäudeart;GBD-W-ETW;Wohngebäude mit Eigentumswohnungen;215;Anzahl;WOHN01;Wohnungen
31111;Statistik der Baugenehmigungen;JAHR;Jahr;2025;DLAND;Bundesländer;01;Schleswig-Holstein;WHGRM1;Anzahl der Räume;RMEZHL05;5 Räume;BAUGB5;Gebäudeart;GBD-W-WO3UM;Wohngebäude mit 3 oder mehr Wohnungen;167;Anzahl;WOHN01;Wohnungen
31111;Statistik der Baugenehmigungen;JAHR;Jahr;2025;DLAND;Bundesländer;03;Niedersachsen;WHGRM1;Anzahl der Räume;;Insgesamt;BAUGB5;Gebäudeart;GBD-W-WH;Wohnheime;558;Anzahl;WOHN01;Wohnungen
31111;Statistik der Baugenehmigungen;JAHR;Jahr;2025;DLAND;Bundesländer;10;Saarland;WHGRM1;Anzahl der Räume;RMEZHL04;4 Räume;BAUGB5;Gebäudeart;GBD-W;Wohngebäude;199;Anzahl;WOHN01;Wohnungen
31111;Statistik der Baugenehmigungen;JAHR;Jahr;2025;DLAND;Bundesländer;09;Bayern;WHGRM1;Anzahl der Räume;RMEZHL06;6 Räume;BAUGB5;Gebäudeart;GBD-W-WO3UM;Wohngebäude mit 3 oder mehr Wohnungen;255;Anzahl;WOHN01;Wohnungen
31111;Statistik der Baugenehmigungen;JAHR;Jahr;2025;DLAND;Bundesländer;10;Saarland;WHGRM1;Anzahl der Räume;RMEZHL01;1 Raum;BAUGB5;Gebäudeart;GBD-W-WO1;Wohngebäude mit 1 Wohnung;2;Anzahl;WOHN01;Wohnungen
31111;Statistik der Baugenehmigungen;JAHR;Jahr;2025;DLAND;Bundesländer;04;Bremen;WHGRM1;Anzahl der Räume;;Insgesamt;BAUGB5;Gebäudeart;GBD-W-ETW;Wohngebäude mit Eigentumswohnungen;176;Anzahl;WOHN01;Wohnungen
31111;Statistik der Baugenehmigungen;JAHR;Jahr;2025;DLAND;Bundesländer;09;Bayern;WHGRM1;Anzahl der Räume;RMEZHL02;2 Räume;BAUGB5;Gebäudeart;GBD-W-WO1;Wohngebäude mit 1 Wohnung;166;Anzahl;WOHN01;Wohnungen
31111;Statistik der Baugenehmigungen;JAHR;Jahr;2025;DLAND;Bundesländer;07;Rheinland-Pfalz;WHGRM1;Anzahl der Räume;;Insgesamt;BAUGB5;Gebäudeart;GBD-W-WO1;Wohngebäude mit 1 Wohnung;2668;Anzahl;WOHN01;Wohnungen
31111;Statistik der Baugenehmigungen;JAHR;Jahr;2025;DLAND;Bundesländer;05;Nordrhein-Westfalen;WHGRM1;Anzahl der Räume;;Insgesamt;BAUGB5;Gebäudeart;GBD-W-WO3UM;Wohngebäude mit 3 oder mehr Wohnungen;24555;Anzahl;WOHN01;Wohnungen
31111;Statistik der Baugenehmigungen;JAHR;Jahr;2025;DLAND;Bundesländer;04;Bremen;WHGRM1;Anzahl der Räume;RMEZHL07UM;7 und mehr Räume;BAUGB5;Gebäudeart;GBD-W-ETW;Wohngebäude mit Eigentumswohnungen;-;Anzahl;WOHN01;Wohnungen
31111;Statistik der Baugenehmigungen;JAHR;Jahr;2025;DLAND;Bundesländer;01;Schleswig-Holstein;WHGRM1;Anzahl der Räume;RMEZHL02;2 Räume;BAUGB5;Gebäudeart;GBD-W-WH;Wohnheime;21;Anzahl;WOHN01;Wohnungen
31111;Statistik der Baugenehmigungen;JAHR;Jahr;2025;DLAND;Bundesländer;02;Hamburg;WHGRM1;Anzahl der Räume;RMEZHL01;1 Raum;BAUGB5;Gebäudeart;GBD-W-WO3UM;Wohngebäude mit 3 oder mehr Wohnungen;656;Anzahl;WOHN01;Wohnungen
31111;Statistik der Baugenehmigungen;JAHR;Jahr;2025;DLAND;Bundesländer;06;Hessen;WHGRM1;Anzahl der Räume;RMEZHL06;6 Räume;BAUGB5;Gebäudeart;GBD-W-WO1;Wohngebäude mit 1 Wohnung;604;Anzahl;WOHN01;Wohnungen
31111;Statistik der Baugenehmigungen;JAHR;Jahr;2025;DLAND;Bundesländer;08;Baden-Württemberg;WHGRM1;Anzahl der Räume;RMEZHL03;3 Räume;BAUGB5;Gebäudeart;GBD-W-WO2;Wohngebäude mit 2 Wohnungen;357;Anzahl;WOHN01;Wohnungen
31111;Statistik der Baugenehmigungen;JAHR;Jahr;2025;DLAND;Bundesländer;07;Rheinland-Pfalz;WHGRM1;Anzahl der Räume;RMEZHL07UM;7 und mehr Räume;BAUGB5;Gebäudeart;GBD-W-WO2;Wohngebäude mit 2 Wohnungen;167;Anzahl;WOHN01;Wohnungen
31111;Statistik der Baugenehmigungen;JAHR;Jahr;2025;DLAND;Bundesländer;15;Sachsen-Anhalt;WHGRM1;Anzahl der Räume;RMEZHL05;5 Räume;BAUGB5;Gebäudeart;GBD-W;Wohngebäude;329;Anzahl;WOHN01;Wohnungen
31111;Statistik der Baugenehmigungen;JAHR;Jahr;2025;DLAND;Bundesländer;11;Berlin;WHGRM1;Anzahl der Räume;RMEZHL06;6 Räume;BAUGB5;Gebäudeart;GBD-W-WO3UM;Wohngebäude mit 3 oder mehr Wohnungen;17;Anzahl;WOHN01;Wohnungen
31111;Statistik der Baugenehmigungen;JAHR;Jahr;2025;DLAND;Bundesländer;02;Hamburg;WHGRM1;Anzahl der Räume;RMEZHL02;2 Räume;BAUGB5;Gebäudeart;GBD-W-ETW;Wohngebäude mit Eigentumswohnungen;452;Anzahl;WOHN01;Wohnungen
31111;Statistik der Baugenehmigungen;JAHR;Jahr;2025;DLAND;Bundesländer;14;Sachsen;WHGRM1;Anzahl der Räume;RMEZHL03;3 Räume;BAUGB5;Gebäudeart;GBD-W-WO1;Wohngebäude mit 1 Wohnung;94;Anzahl;WOHN01;Wohnungen
31111;Statistik der Baugenehmigungen;JAHR;Jahr;2025;DLAND;Bundesländer;16;Thüringen;WHGRM1;Anzahl der Räume;RMEZHL03;3 Räume;BAUGB5;Gebäudeart;GBD-W;Wohngebäude;303;Anzahl;WOHN01;Wohnungen
31111;Statistik der Baugenehmigungen;JAHR;Jahr;2025;DLAND;Bundesländer;07;Rheinland-Pfalz;WHGRM1;Anzahl der Räume;RMEZHL04;4 Räume;BAUGB5;Gebäudeart;GBD-W;Wohngebäude;1481;Anzahl;WOHN01;Wohnungen
31111;Statistik der Baugenehmigungen;JAHR;Jahr;2025;DLAND;Bundesländer;07;Rheinland-Pfalz;WHGRM1;Anzahl der Räume;RMEZHL01;1 Raum;BAUGB5;Gebäudeart;GBD-W-WO1;Wohngebäude mit 1 Wohnung;16;Anzahl;WOHN01;Wohnungen
31111;Statistik der Baugenehmigungen;JAHR;Jahr;2025;DLAND;Bundesländer;16;Thüringen;WHGRM1;Anzahl der Räume;RMEZHL04;4 Räume;BAUGB5;Gebäudeart;GBD-W-ETW;Wohngebäude mit Eigentumswohnungen;34;Anzahl;WOHN01;Wohnungen
31111;Statistik der Baugenehmigungen;JAHR;Jahr;2025;DLAND;Bundesländer;01;Schleswig-Holstein;WHGRM1;Anzahl der Räume;RMEZHL05;5 Räume;BAUGB5;Gebäudeart;GBD-W-WH;Wohnheime;1;Anzahl;WOHN01;Wohnungen
31111;Statistik der Baugenehmigungen;JAHR;Jahr;2025;DLAND;Bundesländer;10;Saarland;WHGRM1;Anzahl der Räume;RMEZHL06;6 Räume;BAUGB5;Gebäudeart;GBD-W-WO1;Wohngebäude mit 1 Wohnung;84;Anzahl;WOHN01;Wohnungen
31111;Statistik der Baugenehmigungen;JAHR;Jahr;2025;DLAND;Bundesländer;03;Niedersachsen;WHGRM1;Anzahl der Räume;RMEZHL03;3 Räume;BAUGB5;Gebäudeart;GBD-W-WO2;Wohngebäude mit 2 Wohnungen;343;Anzahl;WOHN01;Wohnungen
31111;Statistik der Baugenehmigungen;JAHR;Jahr;2025;DLAND;Bundesländer;03;Niedersachsen;WHGRM1;Anzahl der Räume;;Insgesamt;BAUGB5;Gebäudeart;GBD-W-WO3UM;Wohngebäude mit 3 oder mehr Wohnungen;11168;Anzahl;WOHN01;Wohnungen
31111;Statistik der Baugenehmigungen;JAHR;Jahr;2025;DLAND;Bundesländer;02;Hamburg;WHGRM1;Anzahl der Räume;;Insgesamt;BAUGB5;Gebäudeart;GBD-W-ETW;Wohngebäude mit Eigentumswohnungen;1145;Anzahl;WOHN01;Wohnungen
31111;Statistik der Baugenehmigungen;JAHR;Jahr;2025;DLAND;Bundesländer;02;Hamburg;WHGRM1;Anzahl der Räume;RMEZHL03;3 Räume;BAUGB5;Gebäudeart;GBD-W;Wohngebäude;1377;Anzahl;WOHN01;Wohnungen
31111;Statistik der Baugenehmigungen;JAHR;Jahr;2025;DLAND;Bundesländer;03;Niedersachsen;WHGRM1;Anzahl der Räume;RMEZHL04;4 Räume;BAUGB5;Gebäudeart;GBD-W-WO2;Wohngebäude mit 2 Wohnungen;539;Anzahl;WOHN01;Wohnungen
31111;Statistik der Baugenehmigungen;JAHR;Jahr;2025;DLAND;Bundesländer;02;Hamburg;WHGRM1;Anzahl der Räume;RMEZHL01;1 Raum;BAUGB5;Gebäudeart;GBD-W-ETW;Wohngebäude mit Eigentumswohnungen;138;Anzahl;WOHN01;Wohnungen
31111;Statistik der Baugenehmigungen;JAHR;Jahr;2025;DLAND;Bundesländer;14;Sachsen;WHGRM1;Anzahl der Räume;RMEZHL06;6 Räume;BAUGB5;Gebäudeart;GBD-W-WH;Wohnheime;-;Anzahl;WOHN01;Wohnungen
31111;Statistik der Baugenehmigungen;JAHR;Jahr;2025;DLAND;Bundesländer;14;Sachsen;WHGRM1;Anzahl der Räume;RMEZHL02;2 Räume;BAUGB5;Gebäudeart;GBD-W-WO1;Wohngebäude mit 1 Wohnung;24;Anzahl;WOHN01;Wohnungen
31111;Statistik der Baugenehmigungen;JAHR;Jahr;2025;DLAND;Bundesländer;07;Rheinland-Pfalz;WHGRM1;Anzahl der Räume;RMEZHL02;2 Räume;BAUGB5;Gebäudeart;GBD-W-WO1;Wohngebäude mit 1 Wohnung;51;Anzahl;WOHN01;Wohnungen
31111;Statistik der Baugenehmigungen;JAHR;Jahr;2025;DLAND;Bundesländer;10;Saarland;WHGRM1;Anzahl der Räume;RMEZHL04;4 Räume;BAUGB5;Gebäudeart;GBD-W-WO2;Wohngebäude mit 2 Wohnungen;24;Anzahl;WOHN01;Wohnungen
31111;Statistik der Baugenehmigungen;JAHR;Jahr;2025;DLAND;Bundesländer;16;Thüringen;WHGRM1;Anzahl der Räume;RMEZHL07UM;7 und mehr Räume;BAUGB5;Gebäudeart;GBD-W-WO2;Wohngebäude mit 2 Wohnungen;7;Anzahl;WOHN01;Wohnungen
31111;Statistik der Baugenehmigungen;JAHR;Jahr;2025;DLAND;Bundesländer;07;Rheinland-Pfalz;WHGRM1;Anzahl der Räume;RMEZHL07UM;7 und mehr Räume;BAUGB5;Gebäudeart;GBD-W-WH;Wohnheime;5;Anzahl;WOHN01;Wohnungen
31111;Statistik der Baugenehmigungen;JAHR;Jahr;2025;DLAND;Bundesländer;04;Bremen;WHGRM1;Anzahl der Räume;RMEZHL06;6 Räume;BAUGB5;Gebäudeart;GBD-W;Wohngebäude;26;Anzahl;WOHN01;Wohnungen
31111;Statistik der Baugenehmigungen;JAHR;Jahr;2025;DLAND;Bundesländer;16;Thüringen;WHGRM1;Anzahl der Räume;RMEZHL07UM;7 und mehr Räume;BAUGB5;Gebäudeart;GBD-W-WH;Wohnheime;-;Anzahl;WOHN01;Wohnungen
31111;Statistik der Baugenehmigungen;JAHR;Jahr;2025;DLAND;Bundesländer;10;Saarland;WHGRM1;Anzahl der Räume;RMEZHL05;5 Räume;BAUGB5;Gebäudeart;GBD-W-WH;Wohnheime;2;Anzahl;WOHN01;Wohnungen
31111;Statistik der Baugenehmigungen;JAHR;Jahr;2025;DLAND;Bundesländer;08;Baden-Württemberg;WHGRM1;Anzahl der Räume;RMEZHL01;1 Raum;BAUGB5;Gebäudeart;GBD-W;Wohngebäude;2290;Anzahl;WOHN01;Wohnungen
31111;Statistik der Baugenehmigungen;JAHR;Jahr;2025;DLAND;Bundesländer;04;Bremen;WHGRM1;Anzahl der Räume;;Insgesamt;BAUGB5;Gebäudeart;GBD-W-WH;Wohnheime;67;Anzahl;WOHN01;Wohnungen
31111;Statistik der Baugenehmigungen;JAHR;Jahr;2025;DLAND;Bundesländer;13;Mecklenburg-Vorpommern;WHGRM1;Anzahl der Räume;RMEZHL03;3 Räume;BAUGB5;Gebäudeart;GBD-W-WO3UM;Wohngebäude mit 3 oder mehr Wohnungen;662;Anzahl;WOHN01;Wohnungen
31111;Statistik der Baugenehmigungen;JAHR;Jahr;2025;DLAND;Bundesländer;13;Mecklenburg-Vorpommern;WHGRM1;Anzahl der Räume;RMEZHL03;3 Räume;BAUGB5;Gebäudeart;GBD-W;Wohngebäude;804;Anzahl;WOHN01;Wohnungen
31111;Statistik der Baugenehmigungen;JAHR;Jahr;2025;DLAND;Bundesländer;14;Sachsen;WHGRM1;Anzahl der Räume;RMEZHL06;6 Räume;BAUGB5;Gebäudeart;GBD-W-WO3UM;Wohngebäude mit 3 oder mehr Wohnungen;127;Anzahl;WOHN01;Wohnungen
31111;Statistik der Baugenehmigungen;JAHR;Jahr;2025;DLAND;Bundesländer;06;Hessen;WHGRM1;Anzahl der Räume;RMEZHL05;5 Räume;BAUGB5;Gebäudeart;GBD-W-WO2;Wohngebäude mit 2 Wohnungen;110;Anzahl;WOHN01;Wohnungen
31111;Statistik der Baugenehmigungen;JAHR;Jahr;2025;DLAND;Bundesländer;03;Niedersachsen;WHGRM1;Anzahl der Räume;RMEZHL06;6 Räume;BAUGB5;Gebäudeart;GBD-W-WO1;Wohngebäude mit 1 Wohnung;1147;Anzahl;WOHN01;Wohnungen
31111;Statistik der Baugenehmigungen;JAHR;Jahr;2025;DLAND;Bundesländer;01;Schleswig-Holstein;WHGRM1;Anzahl der Räume;RMEZHL03;3 Räume;BAUGB5;Gebäudeart;GBD-W-WH;Wohnheime;27;Anzahl;WOHN01;Wohnungen
31111;Statistik der Baugenehmigungen;JAHR;Jahr;2025;DLAND;Bundesländer;14;Sachsen;WHGRM1;Anzahl der Räume;;Insgesamt;BAUGB5;Gebäudeart;GBD-W-WO2;Wohngebäude mit 2 Wohnungen;152;Anzahl;WOHN01;Wohnungen
31111;Statistik der Baugenehmigungen;JAHR;Jahr;2025;DLAND;Bundesländer;07;Rheinland-Pfalz;WHGRM1;Anzahl der Räume;RMEZHL03;3 Räume;BAUGB5;Gebäudeart;GBD-W-WO1;Wohngebäude mit 1 Wohnung;137;Anzahl;WOHN01;Wohnungen
31111;Statistik der Baugenehmigungen;JAHR;Jahr;2025;DLAND;Bundesländer;16;Thüringen;WHGRM1;Anzahl der Räume;RMEZHL06;6 Räume;BAUGB5;Gebäudeart;GBD-W-ETW;Wohngebäude mit Eigentumswohnungen;-;Anzahl;WOHN01;Wohnungen
31111;Statistik der Baugenehmigungen;JAHR;Jahr;2025;DLAND;Bundesländer;14;Sachsen;WHGRM1;Anzahl der Räume;RMEZHL01;1 Raum;BAUGB5;Gebäudeart;GBD-W-WO1;Wohngebäude mit 1 Wohnung;4;Anzahl;WOHN01;Wohnungen
31111;Statistik der Baugenehmigungen;JAHR;Jahr;2025;DLAND;Bundesländer;05;Nordrhein-Westfalen;WHGRM1;Anzahl der Räume;RMEZHL07UM;7 und mehr Räume;BAUGB5;Gebäudeart;GBD-W-WO1;Wohngebäude mit 1 Wohnung;1778;Anzahl;WOHN01;Wohnungen
31111;Statistik der Baugenehmigungen;JAHR;Jahr;2025;DLAND;Bundesländer;14;Sachsen;WHGRM1;Anzahl der Räume;RMEZHL04;4 Räume;BAUGB5;Gebäudeart;GBD-W-WH;Wohnheime;-;Anzahl;WOHN01;Wohnungen
31111;Statistik der Baugenehmigungen;JAHR;Jahr;2025;DLAND;Bundesländer;11;Berlin;WHGRM1;Anzahl der Räume;RMEZHL02;2 Räume;BAUGB5;Gebäudeart;GBD-W;Wohngebäude;3576;Anzahl;WOHN01;Wohnungen
31111;Statistik der Baugenehmigungen;JAHR;Jahr;2025;DLAND;Bundesländer;09;Bayern;WHGRM1;Anzahl der Räume;;Insgesamt;BAUGB5;Gebäudeart;GBD-W;Wohngebäude;44317;Anzahl;WOHN01;Wohnungen
31111;Statistik der Baugenehmigungen;JAHR;Jahr;2025;DLAND;Bundesländer;09;Bayern;WHGRM1;Anzahl der Räume;RMEZHL03;3 Räume;BAUGB5;Gebäudeart;GBD-W-ETW;Wohngebäude mit Eigentumswohnungen;4318;Anzahl;WOHN01;Wohnungen
31111;Statistik der Baugenehmigungen;JAHR;Jahr;2025;DLAND;Bundesländer;03;Niedersachsen;WHGRM1;Anzahl der Räume;;Insgesamt;BAUGB5;Gebäudeart;GBD-W-WO1;Wohngebäude mit 1 Wohnung;4779;Anzahl;WOHN01;Wohnungen
31111;Statistik der Baugenehmigungen;JAHR;Jahr;2025;DLAND;Bundesländer;07;Rheinland-Pfalz;WHGRM1;Anzahl der Räume;RMEZHL04;4 Räume;BAUGB5;Gebäudeart;GBD-W-WO1;Wohngebäude mit 1 Wohnung;272;Anzahl;WOHN01;Wohnungen
31111;Statistik der Baugenehmigungen;JAHR;Jahr;2025;DLAND;Bundesländer;06;Hessen;WHGRM1;Anzahl der Räume;RMEZHL03;3 Räume;BAUGB5;Gebäudeart;GBD-W-WO3UM;Wohngebäude mit 3 oder mehr Wohnungen;2833;Anzahl;WOHN01;Wohnungen
31111;Statistik der Baugenehmigungen;JAHR;Jahr;2025;DLAND;Bundesländer;03;Niedersachsen;WHGRM1;Anzahl der Räume;RMEZHL02;2 Räume;BAUGB5;Gebäudeart;GBD-W-WO2;Wohngebäude mit 2 Wohnungen;126;Anzahl;WOHN01;Wohnungen
31111;Statistik der Baugenehmigungen;JAHR;Jahr;2025;DLAND;Bundesländer;16;Thüringen;WHGRM1;Anzahl der Räume;RMEZHL05;5 Räume;BAUGB5;Gebäudeart;GBD-W-ETW;Wohngebäude mit Eigentumswohnungen;4;Anzahl;WOHN01;Wohnungen
31111;Statistik der Baugenehmigungen;JAHR;Jahr;2025;DLAND;Bundesländer;03;Niedersachsen;WHGRM1;Anzahl der Räume;RMEZHL03;3 Räume;BAUGB5;Gebäudeart;GBD-W-WO3UM;Wohngebäude mit 3 oder mehr Wohnungen;3656;Anzahl;WOHN01;Wohnungen
31111;Statistik der Baugenehmigungen;JAHR;Jahr;2025;DLAND;Bundesländer;16;Thüringen;WHGRM1;Anzahl der Räume;RMEZHL03;3 Räume;BAUGB5;Gebäudeart;GBD-W-WO3UM;Wohngebäude mit 3 oder mehr Wohnungen;244;Anzahl;WOHN01;Wohnungen
31111;Statistik der Baugenehmigungen;JAHR;Jahr;2025;DLAND;Bundesländer;10;Saarland;WHGRM1;Anzahl der Räume;RMEZHL05;5 Räume;BAUGB5;Gebäudeart;GBD-W-WO2;Wohngebäude mit 2 Wohnungen;17;Anzahl;WOHN01;Wohnungen
31111;Statistik der Baugenehmigungen;JAHR;Jahr;2025;DLAND;Bundesländer;06;Hessen;WHGRM1;Anzahl der Räume;RMEZHL04;4 Räume;BAUGB5;Gebäudeart;GBD-W-WO2;Wohngebäude mit 2 Wohnungen;119;Anzahl;WOHN01;Wohnungen
31111;Statistik der Baugenehmigungen;JAHR;Jahr;2025;DLAND;Bundesländer;11;Berlin;WHGRM1;Anzahl der Räume;RMEZHL07UM;7 und mehr Räume;BAUGB5;Gebäudeart;GBD-W-WH;Wohnheime;-;Anzahl;WOHN01;Wohnungen
31111;Statistik der Baugenehmigungen;JAHR;Jahr;2025;DLAND;Bundesländer;05;Nordrhein-Westfalen;WHGRM1;Anzahl der Räume;RMEZHL02;2 Räume;BAUGB5;Gebäudeart;GBD-W-ETW;Wohngebäude mit Eigentumswohnungen;2040;Anzahl;WOHN01;Wohnungen
31111;Statistik der Baugenehmigungen;JAHR;Jahr;2025;DLAND;Bundesländer;13;Mecklenburg-Vorpommern;WHGRM1;Anzahl der Räume;RMEZHL05;5 Räume;BAUGB5;Gebäudeart;GBD-W-WO2;Wohngebäude mit 2 Wohnungen;35;Anzahl;WOHN01;Wohnungen
31111;Statistik der Baugenehmigungen;JAHR;Jahr;2025;DLAND;Bundesländer;08;Baden-Württemberg;WHGRM1;Anzahl der Räume;;Insgesamt;BAUGB5;Gebäudeart;GBD-W-WH;Wohnheime;1301;Anzahl;WOHN01;Wohnungen
31111;Statistik der Baugenehmigungen;JAHR;Jahr;2025;DLAND;Bundesländer;14;Sachsen;WHGRM1;Anzahl der Räume;RMEZHL02;2 Räume;BAUGB5;Gebäudeart;GBD-W-WH;Wohnheime;-;Anzahl;WOHN01;Wohnungen
31111;Statistik der Baugenehmigungen;JAHR;Jahr;2025;DLAND;Bundesländer;12;Brandenburg;WHGRM1;Anzahl der Räume;RMEZHL03;3 Räume;BAUGB5;Gebäudeart;GBD-W-ETW;Wohngebäude mit Eigentumswohnungen;308;Anzahl;WOHN01;Wohnungen
31111;Statistik der Baugenehmigungen;JAHR;Jahr;2025;DLAND;Bundesländer;13;Mecklenburg-Vorpommern;WHGRM1;Anzahl der Räume;RMEZHL04;4 Räume;BAUGB5;Gebäudeart;GBD-W-ETW;Wohngebäude mit Eigentumswohnungen;55;Anzahl;WOHN01;Wohnungen
31111;Statistik der Baugenehmigungen;JAHR;Jahr;2025;DLAND;Bundesländer;05;Nordrhein-Westfalen;WHGRM1;Anzahl der Räume;RMEZHL02;2 Räume;BAUGB5;Gebäudeart;GBD-W-WO3UM;Wohngebäude mit 3 oder mehr Wohnungen;8630;Anzahl;WOHN01;Wohnungen
31111;Statistik der Baugenehmigungen;JAHR;Jahr;2025;DLAND;Bundesländer;03;Niedersachsen;WHGRM1;Anzahl der Räume;RMEZHL01;1 Raum;BAUGB5;Gebäudeart;GBD-W-WO2;Wohngebäude mit 2 Wohnungen;22;Anzahl;WOHN01;Wohnungen
31111;Statistik der Baugenehmigungen;JAHR;Jahr;2025;DLAND;Bundesländer;11;Berlin;WHGRM1;Anzahl der Räume;RMEZHL03;3 Räume;BAUGB5;Gebäudeart;GBD-W-WO1;Wohngebäude mit 1 Wohnung;37;Anzahl;WOHN01;Wohnungen
31111;Statistik der Baugenehmigungen;JAHR;Jahr;2025;DLAND;Bundesländer;13;Mecklenburg-Vorpommern;WHGRM1;Anzahl der Räume;RMEZHL01;1 Raum;BAUGB5;Gebäudeart;GBD-W-WH;Wohnheime;55;Anzahl;WOHN01;Wohnungen
31111;Statistik der Baugenehmigungen;JAHR;Jahr;2025;DLAND;Bundesländer;01;Schleswig-Holstein;WHGRM1;Anzahl der Räume;RMEZHL07UM;7 und mehr Räume;BAUGB5;Gebäudeart;GBD-W-WO2;Wohngebäude mit 2 Wohnungen;34;Anzahl;WOHN01;Wohnungen
31111;Statistik der Baugenehmigungen;JAHR;Jahr;2025;DLAND;Bundesländer;12;Brandenburg;WHGRM1;Anzahl der Räume;RMEZHL07UM;7 und mehr Räume;BAUGB5;Gebäudeart;GBD-W-WO3UM;Wohngebäude mit 3 oder mehr Wohnungen;11;Anzahl;WOHN01;Wohnungen
31111;Statistik der Baugenehmigungen;JAHR;Jahr;2025;DLAND;Bundesländer;05;Nordrhein-Westfalen;WHGRM1;Anzahl der Räume;;Insgesamt;BAUGB5;Gebäudeart;GBD-W-ETW;Wohngebäude mit Eigentumswohnungen;6091;Anzahl;WOHN01;Wohnungen
31111;Statistik der Baugenehmigungen;JAHR;Jahr;2025;DLAND;Bundesländer;09;Bayern;WHGRM1;Anzahl der Räume;RMEZHL04;4 Räume;BAUGB5;Gebäudeart;GBD-W-ETW;Wohngebäude mit Eigentumswohnungen;1858;Anzahl;WOHN01;Wohnungen
31111;Statistik der Baugenehmigungen;JAHR;Jahr;2025;DLAND;Bundesländer;06;Hessen;WHGRM1;Anzahl der Räume;RMEZHL05;5 Räume;BAUGB5;Gebäudeart;GBD-W-WH;Wohnheime;-;Anzahl;WOHN01;Wohnungen
31111;Statistik der Baugenehmigungen;JAHR;Jahr;2025;DLAND;Bundesländer;14;Sachsen;WHGRM1;Anzahl der Räume;;Insgesamt;BAUGB5;Gebäudeart;GBD-W-WO3UM;Wohngebäude mit 3 oder mehr Wohnungen;5392;Anzahl;WOHN01;Wohnungen
31111;Statistik der Baugenehmigungen;JAHR;Jahr;2025;DLAND;Bundesländer;14;Sachsen;WHGRM1;Anzahl der Räume;RMEZHL06;6 Räume;BAUGB5;Gebäudeart;GBD-W-WO2;Wohngebäude mit 2 Wohnungen;28;Anzahl;WOHN01;Wohnungen
31111;Statistik der Baugenehmigungen;JAHR;Jahr;2025;DLAND;Bundesländer;13;Mecklenburg-Vorpommern;WHGRM1;Anzahl der Räume;RMEZHL01;1 Raum;BAUGB5;Gebäudeart;GBD-W-WO3UM;Wohngebäude mit 3 oder mehr Wohnungen;51;Anzahl;WOHN01;Wohnungen
31111;Statistik der Baugenehmigungen;JAHR;Jahr;2025;DLAND;Bundesländer;06;Hessen;WHGRM1;Anzahl der Räume;RMEZHL03;3 Räume;BAUGB5;Gebäudeart;GBD-W-ETW;Wohngebäude mit Eigentumswohnungen;1184;Anzahl;WOHN01;Wohnungen
31111;Statistik der Baugenehmigungen;JAHR;Jahr;2025;DLAND;Bundesländer;14;Sachsen;WHGRM1;Anzahl der Räume;RMEZHL04;4 Räume;BAUGB5;Gebäudeart;GBD-W-WO3UM;Wohngebäude mit 3 oder mehr Wohnungen;1300;Anzahl;WOHN01;Wohnungen
31111;Statistik der Baugenehmigungen;JAHR;Jahr;2025;DLAND;Bundesländer;14;Sachsen;WHGRM1;Anzahl der Räume;RMEZHL04;4 Räume;BAUGB5;Gebäudeart;GBD-W-WO1;Wohngebäude mit 1 Wohnung;251;Anzahl;WOHN01;Wohnungen
31111;Statistik der Baugenehmigungen;JAHR;Jahr;2025;DLAND;Bundesländer;09;Bayern;WHGRM1;Anzahl der Räume;RMEZHL04;4 Räume;BAUGB5;Gebäudeart;GBD-W-WH;Wohnheime;15;Anzahl;WOHN01;Wohnungen
31111;Statistik der Baugenehmigungen;JAHR;Jahr;2025;DLAND;Bundesländer;16;Thüringen;WHGRM1;Anzahl der Räume;;Insgesamt;BAUGB5;Gebäudeart;GBD-W-WO3UM;Wohngebäude mit 3 oder mehr Wohnungen;661;Anzahl;WOHN01;Wohnungen
31111;Statistik der Baugenehmigungen;JAHR;Jahr;2025;DLAND;Bundesländer;06;Hessen;WHGRM1;Anzahl der Räume;RMEZHL02;2 Räume;BAUGB5;Gebäudeart;GBD-W-WO2;Wohngebäude mit 2 Wohnungen;78;Anzahl;WOHN01;Wohnungen
31111;Statistik der Baugenehmigungen;JAHR;Jahr;2025;DLAND;Bundesländer;01;Schleswig-Holstein;WHGRM1;Anzahl der Räume;RMEZHL05;5 Räume;BAUGB5;Gebäudeart;GBD-W-ETW;Wohngebäude mit Eigentumswohnungen;18;Anzahl;WOHN01;Wohnungen
31111;Statistik der Baugenehmigungen;JAHR;Jahr;2025;DLAND;Bundesländer;11;Berlin;WHGRM1;Anzahl der Räume;RMEZHL01;1 Raum;BAUGB5;Gebäudeart;GBD-W-WO3UM;Wohngebäude mit 3 oder mehr Wohnungen;2404;Anzahl;WOHN01;Wohnungen
31111;Statistik der Baugenehmigungen;JAHR;Jahr;2025;DLAND;Bundesländer;08;Baden-Württemberg;WHGRM1;Anzahl der Räume;RMEZHL05;5 Räume;BAUGB5;Gebäudeart;GBD-W-WO3UM;Wohngebäude mit 3 oder mehr Wohnungen;757;Anzahl;WOHN01;Wohnungen
31111;Statistik der Baugenehmigungen;JAHR;Jahr;2025;DLAND;Bundesländer;10;Saarland;WHGRM1;Anzahl der Räume;;Insgesamt;BAUGB5;Gebäudeart;GBD-W-WO1;Wohngebäude mit 1 Wohnung;316;Anzahl;WOHN01;Wohnungen
31111;Statistik der Baugenehmigungen;JAHR;Jahr;2025;DLAND;Bundesländer;12;Brandenburg;WHGRM1;Anzahl der Räume;RMEZHL07UM;7 und mehr Räume;BAUGB5;Gebäudeart;GBD-W-WO1;Wohngebäude mit 1 Wohnung;288;Anzahl;WOHN01;Wohnungen
31111;Statistik der Baugenehmigungen;JAHR;Jahr;2025;DLAND;Bundesländer;09;Bayern;WHGRM1;Anzahl der Räume;RMEZHL06;6 Räume;BAUGB5;Gebäudeart;GBD-W-ETW;Wohngebäude mit Eigentumswohnungen;144;Anzahl;WOHN01;Wohnungen
31111;Statistik der Baugenehmigungen;JAHR;Jahr;2025;DLAND;Bundesländer;05;Nordrhein-Westfalen;WHGRM1;Anzahl der Räume;RMEZHL04;4 Räume;BAUGB5;Gebäudeart;GBD-W-WH;Wohnheime;12;Anzahl;WOHN01;Wohnungen
31111;Statistik der Baugenehmigungen;JAHR;Jahr;2025;DLAND;Bundesländer;06;Hessen;WHGRM1;Anzahl der Räume;RMEZHL05;5 Räume;BAUGB5;Gebäudeart;GBD-W-WO3UM;Wohngebäude mit 3 oder mehr Wohnungen;615;Anzahl;WOHN01;Wohnungen
31111;Statistik der Baugenehmigungen;JAHR;Jahr;2025;DLAND;Bundesländer;13;Mecklenburg-Vorpommern;WHGRM1;Anzahl der Räume;;Insgesamt;BAUGB5;Gebäudeart;GBD-W-WH;Wohnheime;61;Anzahl;WOHN01;Wohnungen
31111;Statistik der Baugenehmigungen;JAHR;Jahr;2025;DLAND;Bundesländer;10;Saarland;WHGRM1;Anzahl der Räume;RMEZHL02;2 Räume;BAUGB5;Gebäudeart;GBD-W-WO2;Wohngebäude mit 2 Wohnungen;6;Anzahl;WOHN01;Wohnungen
31111;Statistik der Baugenehmigungen;JAHR;Jahr;2025;DLAND;Bundesländer;03;Niedersachsen;WHGRM1;Anzahl der Räume;RMEZHL01;1 Raum;BAUGB5;Gebäudeart;GBD-W-WO3UM;Wohngebäude mit 3 oder mehr Wohnungen;1047;Anzahl;WOHN01;Wohnungen
31111;Statistik der Baugenehmigungen;JAHR;Jahr;2025;DLAND;Bundesländer;16;Thüringen;WHGRM1;Anzahl der Räume;RMEZHL05;5 Räume;BAUGB5;Gebäudeart;GBD-W-WO3UM;Wohngebäude mit 3 oder mehr Wohnungen;43;Anzahl;WOHN01;Wohnungen
31111;Statistik der Baugenehmigungen;JAHR;Jahr;2025;DLAND;Bundesländer;06;Hessen;WHGRM1;Anzahl der Räume;;Insgesamt;BAUGB5;Gebäudeart;GBD-W-WO3UM;Wohngebäude mit 3 oder mehr Wohnungen;9396;Anzahl;WOHN01;Wohnungen
31111;Statistik der Baugenehmigungen;JAHR;Jahr;2025;DLAND;Bundesländer;11;Berlin;WHGRM1;Anzahl der Räume;RMEZHL01;1 Raum;BAUGB5;Gebäudeart;GBD-W-WO1;Wohngebäude mit 1 Wohnung;5;Anzahl;WOHN01;Wohnungen
31111;Statistik der Baugenehmigungen;JAHR;Jahr;2025;DLAND;Bundesländer;04;Bremen;WHGRM1;Anzahl der Räume;RMEZHL03;3 Räume;BAUGB5;Gebäudeart;GBD-W-WH;Wohnheime;-;Anzahl;WOHN01;Wohnungen
31111;Statistik der Baugenehmigungen;JAHR;Jahr;2025;DLAND;Bundesländer;13;Mecklenburg-Vorpommern;WHGRM1;Anzahl der Räume;RMEZHL06;6 Räume;BAUGB5;Gebäudeart;GBD-W-ETW;Wohngebäude mit Eigentumswohnungen;-;Anzahl;WOHN01;Wohnungen
31111;Statistik der Baugenehmigungen;JAHR;Jahr;2025;DLAND;Bundesländer;09;Bayern;WHGRM1;Anzahl der Räume;RMEZHL01;1 Raum;BAUGB5;Gebäudeart;GBD-W-WH;Wohnheime;2448;Anzahl;WOHN01;Wohnungen
31111;Statistik der Baugenehmigungen;JAHR;Jahr;2025;DLAND;Bundesländer;06;Hessen;WHGRM1;Anzahl der Räume;RMEZHL03;3 Räume;BAUGB5;Gebäudeart;GBD-W-WH;Wohnheime;-;Anzahl;WOHN01;Wohnungen
31111;Statistik der Baugenehmigungen;JAHR;Jahr;2025;DLAND;Bundesländer;06;Hessen;WHGRM1;Anzahl der Räume;;Insgesamt;BAUGB5;Gebäudeart;GBD-W-WO1;Wohngebäude mit 1 Wohnung;2337;Anzahl;WOHN01;Wohnungen
31111;Statistik der Baugenehmigungen;JAHR;Jahr;2025;DLAND;Bundesländer;06;Hessen;WHGRM1;Anzahl der Räume;RMEZHL07UM;7 und mehr Räume;BAUGB5;Gebäudeart;GBD-W-WO2;Wohngebäude mit 2 Wohnungen;91;Anzahl;WOHN01;Wohnungen
31111;Statistik der Baugenehmigungen;JAHR;Jahr;2025;DLAND;Bundesländer;06;Hessen;WHGRM1;Anzahl der Räume;RMEZHL05;5 Räume;BAUGB5;Gebäudeart;GBD-W-ETW;Wohngebäude mit Eigentumswohnungen;194;Anzahl;WOHN01;Wohnungen
31111;Statistik der Baugenehmigungen;JAHR;Jahr;2025;DLAND;Bundesländer;12;Brandenburg;WHGRM1;Anzahl der Räume;RMEZHL03;3 Räume;BAUGB5;Gebäudeart;GBD-W;Wohngebäude;1552;Anzahl;WOHN01;Wohnungen
31111;Statistik der Baugenehmigungen;JAHR;Jahr;2025;DLAND;Bundesländer;15;Sachsen-Anhalt;WHGRM1;Anzahl der Räume;RMEZHL05;5 Räume;BAUGB5;Gebäudeart;GBD-W-WH;Wohnheime;-;Anzahl;WOHN01;Wohnungen
31111;Statistik der Baugenehmigungen;JAHR;Jahr;2025;DLAND;Bundesländer;11;Berlin;WHGRM1;Anzahl der Räume;RMEZHL06;6 Räume;BAUGB5;Gebäudeart;GBD-W-WH;Wohnheime;-;Anzahl;WOHN01;Wohnungen
31111;Statistik der Baugenehmigungen;JAHR;Jahr;2025;DLAND;Bundesländer;03;Niedersachsen;WHGRM1;Anzahl der Räume;RMEZHL07UM;7 und mehr Räume;BAUGB5;Gebäudeart;GBD-W-ETW;Wohngebäude mit Eigentumswohnungen;69;Anzahl;WOHN01;Wohnungen
31111;Statistik der Baugenehmigungen;JAHR;Jahr;2025;DLAND;Bundesländer;05;Nordrhein-Westfalen;WHGRM1;Anzahl der Räume;;Insgesamt;BAUGB5;Gebäudeart;GBD-W;Wohngebäude;36018;Anzahl;WOHN01;Wohnungen
31111;Statistik der Baugenehmigungen;JAHR;Jahr;2025;DLAND;Bundesländer;12;Brandenburg;WHGRM1;Anzahl der Räume;RMEZHL01;1 Raum;BAUGB5;Gebäudeart;GBD-W-ETW;Wohngebäude mit Eigentumswohnungen;68;Anzahl;WOHN01;Wohnungen
31111;Statistik der Baugenehmigungen;JAHR;Jahr;2025;DLAND;Bundesländer;07;Rheinland-Pfalz;WHGRM1;Anzahl der Räume;RMEZHL06;6 Räume;BAUGB5;Gebäudeart;GBD-W-WO2;Wohngebäude mit 2 Wohnungen;143;Anzahl;WOHN01;Wohnungen
31111;Statistik der Baugenehmigungen;JAHR;Jahr;2025;DLAND;Bundesländer;10;Saarland;WHGRM1;Anzahl der Räume;RMEZHL03;3 Räume;BAUGB5;Gebäudeart;GBD-W-ETW;Wohngebäude mit Eigentumswohnungen;106;Anzahl;WOHN01;Wohnungen
31111;Statistik der Baugenehmigungen;JAHR;Jahr;2025;DLAND;Bundesländer;08;Baden-Württemberg;WHGRM1;Anzahl der Räume;RMEZHL04;4 Räume;BAUGB5;Gebäudeart;GBD-W-WO3UM;Wohngebäude mit 3 oder mehr Wohnungen;2957;Anzahl;WOHN01;Wohnungen
31111;Statistik der Baugenehmigungen;JAHR;Jahr;2025;DLAND;Bundesländer;11;Berlin;WHGRM1;Anzahl der Räume;RMEZHL02;2 Räume;BAUGB5;Gebäudeart;GBD-W-WO3UM;Wohngebäude mit 3 oder mehr Wohnungen;3511;Anzahl;WOHN01;Wohnungen
31111;Statistik der Baugenehmigungen;JAHR;Jahr;2025;DLAND;Bundesländer;16;Thüringen;WHGRM1;Anzahl der Räume;RMEZHL05;5 Räume;BAUGB5;Gebäudeart;GBD-W-WO2;Wohngebäude mit 2 Wohnungen;20;Anzahl;WOHN01;Wohnungen
31111;Statistik der Baugenehmigungen;JAHR;Jahr;2025;DLAND;Bundesländer;03;Niedersachsen;WHGRM1;Anzahl der Räume;RMEZHL06;6 Räume;BAUGB5;Gebäudeart;GBD-W-WO3UM;Wohngebäude mit 3 oder mehr Wohnungen;301;Anzahl;WOHN01;Wohnungen
31111;Statistik der Baugenehmigungen;JAHR;Jahr;2025;DLAND;Bundesländer;13;Mecklenburg-Vorpommern;WHGRM1;Anzahl der Räume;RMEZHL03;3 Räume;BAUGB5;Gebäudeart;GBD-W-WO2;Wohngebäude mit 2 Wohnungen;34;Anzahl;WOHN01;Wohnungen
31111;Statistik der Baugenehmigungen;JAHR;Jahr;2025;DLAND;Bundesländer;06;Hessen;WHGRM1;Anzahl der Räume;RMEZHL06;6 Räume;BAUGB5;Gebäudeart;GBD-W-WO3UM;Wohngebäude mit 3 oder mehr Wohnungen;158;Anzahl;WOHN01;Wohnungen
31111;Statistik der Baugenehmigungen;JAHR;Jahr;2025;DLAND;Bundesländer;01;Schleswig-Holstein;WHGRM1;Anzahl der Räume;RMEZHL01;1 Raum;BAUGB5;Gebäudeart;GBD-W-WO1;Wohngebäude mit 1 Wohnung;11;Anzahl;WOHN01;Wohnungen
31111;Statistik der Baugenehmigungen;JAHR;Jahr;2025;DLAND;Bundesländer;02;Hamburg;WHGRM1;Anzahl der Räume;RMEZHL05;5 Räume;BAUGB5;Gebäudeart;GBD-W-WO1;Wohngebäude mit 1 Wohnung;285;Anzahl;WOHN01;Wohnungen
31111;Statistik der Baugenehmigungen;JAHR;Jahr;2025;DLAND;Bundesländer;04;Bremen;WHGRM1;Anzahl der Räume;RMEZHL06;6 Räume;BAUGB5;Gebäudeart;GBD-W-ETW;Wohngebäude mit Eigentumswohnungen;-;Anzahl;WOHN01;Wohnungen
31111;Statistik der Baugenehmigungen;JAHR;Jahr;2025;DLAND;Bundesländer;01;Schleswig-Holstein;WHGRM1;Anzahl der Räume;RMEZHL07UM;7 und mehr Räume;BAUGB5;Gebäudeart;GBD-W-WO3UM;Wohngebäude mit 3 oder mehr Wohnungen;28;Anzahl;WOHN01;Wohnungen
31111;Statistik der Baugenehmigungen;JAHR;Jahr;2025;DLAND;Bundesländer;01;Schleswig-Holstein;WHGRM1;Anzahl der Räume;;Insgesamt;BAUGB5;Gebäudeart;GBD-W-WH;Wohnheime;92;Anzahl;WOHN01;Wohnungen
31111;Statistik der Baugenehmigungen;JAHR;Jahr;2025;DLAND;Bundesländer;11;Berlin;WHGRM1;Anzahl der Räume;;Insgesamt;BAUGB5;Gebäudeart;GBD-W-WO3UM;Wohngebäude mit 3 oder mehr Wohnungen;10306;Anzahl;WOHN01;Wohnungen
31111;Statistik der Baugenehmigungen;JAHR;Jahr;2025;DLAND;Bundesländer;09;Bayern;WHGRM1;Anzahl der Räume;RMEZHL05;5 Räume;BAUGB5;Gebäudeart;GBD-W-WO2;Wohngebäude mit 2 Wohnungen;539;Anzahl;WOHN01;Wohnungen
31111;Statistik der Baugenehmigungen;JAHR;Jahr;2025;DLAND;Bundesländer;13;Mecklenburg-Vorpommern;WHGRM1;Anzahl der Räume;;Insgesamt;BAUGB5;Gebäudeart;GBD-W-WO1;Wohngebäude mit 1 Wohnung;948;Anzahl;WOHN01;Wohnungen
31111;Statistik der Baugenehmigungen;JAHR;Jahr;2025;DLAND;Bundesländer;15;Sachsen-Anhalt;WHGRM1;Anzahl der Räume;RMEZHL01;1 Raum;BAUGB5;Gebäudeart;GBD-W-WO2;Wohngebäude mit 2 Wohnungen;-;Anzahl;WOHN01;Wohnungen
31111;Statistik der Baugenehmigungen;JAHR;Jahr;2025;DLAND;Bundesländer;08;Baden-Württemberg;WHGRM1;Anzahl der Räume;RMEZHL06;6 Räume;BAUGB5;Gebäudeart;GBD-W;Wohngebäude;1998;Anzahl;WOHN01;Wohnungen
31111;Statistik der Baugenehmigungen;JAHR;Jahr;2025;DLAND;Bundesländer;06;Hessen;WHGRM1;Anzahl der Räume;RMEZHL07UM;7 und mehr Räume;BAUGB5;Gebäudeart;GBD-W-WO3UM;Wohngebäude mit 3 oder mehr Wohnungen;73;Anzahl;WOHN01;Wohnungen
31111;Statistik der Baugenehmigungen;JAHR;Jahr;2025;DLAND;Bundesländer;11;Berlin;WHGRM1;Anzahl der Räume;RMEZHL03;3 Räume;BAUGB5;Gebäudeart;GBD-W-WO3UM;Wohngebäude mit 3 oder mehr Wohnungen;2653;Anzahl;WOHN01;Wohnungen
31111;Statistik der Baugenehmigungen;JAHR;Jahr;2025;DLAND;Bundesländer;15;Sachsen-Anhalt;WHGRM1;Anzahl der Räume;RMEZHL02;2 Räume;BAUGB5;Gebäudeart;GBD-W-WO2;Wohngebäude mit 2 Wohnungen;7;Anzahl;WOHN01;Wohnungen
31111;Statistik der Baugenehmigungen;JAHR;Jahr;2025;DLAND;Bundesländer;15;Sachsen-Anhalt;WHGRM1;Anzahl der Räume;RMEZHL03;3 Räume;BAUGB5;Gebäudeart;GBD-W-ETW;Wohngebäude mit Eigentumswohnungen;56;Anzahl;WOHN01;Wohnungen
31111;Statistik der Baugenehmigungen;JAHR;Jahr;2025;DLAND;Bundesländer;10;Saarland;WHGRM1;Anzahl der Räume;RMEZHL01;1 Raum;BAUGB5;Gebäudeart;GBD-W;Wohngebäude;183;Anzahl;WOHN01;Wohnungen
31111;Statistik der Baugenehmigungen;JAHR;Jahr;2025;DLAND;Bundesländer;13;Mecklenburg-Vorpommern;WHGRM1;Anzahl der Räume;RMEZHL07UM;7 und mehr Räume;BAUGB5;Gebäudeart;GBD-W;Wohngebäude;115;Anzahl;WOHN01;Wohnungen
31111;Statistik der Baugenehmigungen;JAHR;Jahr;2025;DLAND;Bundesländer;13;Mecklenburg-Vorpommern;WHGRM1;Anzahl der Räume;RMEZHL07UM;7 und mehr Räume;BAUGB5;Gebäudeart;GBD-W-WO2;Wohngebäude mit 2 Wohnungen;8;Anzahl;WOHN01;Wohnungen
31111;Statistik der Baugenehmigungen;JAHR;Jahr;2025;DLAND;Bundesländer;13;Mecklenburg-Vorpommern;WHGRM1;Anzahl der Räume;RMEZHL03;3 Räume;BAUGB5;Gebäudeart;GBD-W-WH;Wohnheime;-;Anzahl;WOHN01;Wohnungen
31111;Statistik der Baugenehmigungen;JAHR;Jahr;2025;DLAND;Bundesländer;15;Sachsen-Anhalt;WHGRM1;Anzahl der Räume;RMEZHL03;3 Räume;BAUGB5;Gebäudeart;GBD-W-WH;Wohnheime;-;Anzahl;WOHN01;Wohnungen
31111;Statistik der Baugenehmigungen;JAHR;Jahr;2025;DLAND;Bundesländer;08;Baden-Württemberg;WHGRM1;Anzahl der Räume;RMEZHL01;1 Raum;BAUGB5;Gebäudeart;GBD-W-ETW;Wohngebäude mit Eigentumswohnungen;561;Anzahl;WOHN01;Wohnungen
31111;Statistik der Baugenehmigungen;JAHR;Jahr;2025;DLAND;Bundesländer;03;Niedersachsen;WHGRM1;Anzahl der Räume;RMEZHL03;3 Räume;BAUGB5;Gebäudeart;GBD-W-ETW;Wohngebäude mit Eigentumswohnungen;1122;Anzahl;WOHN01;Wohnungen
31111;Statistik der Baugenehmigungen;JAHR;Jahr;2025;DLAND;Bundesländer;04;Bremen;WHGRM1;Anzahl der Räume;RMEZHL02;2 Räume;BAUGB5;Gebäudeart;GBD-W-WO1;Wohngebäude mit 1 Wohnung;-;Anzahl;WOHN01;Wohnungen
31111;Statistik der Baugenehmigungen;JAHR;Jahr;2025;DLAND;Bundesländer;02;Hamburg;WHGRM1;Anzahl der Räume;;Insgesamt;BAUGB5;Gebäudeart;GBD-W-WO2;Wohngebäude mit 2 Wohnungen;260;Anzahl;WOHN01;Wohnungen
31111;Statistik der Baugenehmigungen;JAHR;Jahr;2025;DLAND;Bundesländer;16;Thüringen;WHGRM1;Anzahl der Räume;RMEZHL04;4 Räume;BAUGB5;Gebäudeart;GBD-W-WO2;Wohngebäude mit 2 Wohnungen;11;Anzahl;WOHN01;Wohnungen
31111;Statistik der Baugenehmigungen;JAHR;Jahr;2025;DLAND;Bundesländer;08;Baden-Württemberg;WHGRM1;Anzahl der Räume;RMEZHL03;3 Räume;BAUGB5;Gebäudeart;GBD-W-WO3UM;Wohngebäude mit 3 oder mehr Wohnungen;5137;Anzahl;WOHN01;Wohnungen
31111;Statistik der Baugenehmigungen;JAHR;Jahr;2025;DLAND;Bundesländer;11;Berlin;WHGRM1;Anzahl der Räume;RMEZHL06;6 Räume;BAUGB5;Gebäudeart;GBD-W-WO2;Wohngebäude mit 2 Wohnungen;23;Anzahl;WOHN01;Wohnungen
31111;Statistik der Baugenehmigungen;JAHR;Jahr;2025;DLAND;Bundesländer;15;Sachsen-Anhalt;WHGRM1;Anzahl der Räume;RMEZHL02;2 Räume;BAUGB5;Gebäudeart;GBD-W;Wohngebäude;401;Anzahl;WOHN01;Wohnungen
31111;Statistik der Baugenehmigungen;JAHR;Jahr;2025;DLAND;Bundesländer;08;Baden-Württemberg;WHGRM1;Anzahl der Räume;RMEZHL02;2 Räume;BAUGB5;Gebäudeart;GBD-W-ETW;Wohngebäude mit Eigentumswohnungen;2722;Anzahl;WOHN01;Wohnungen
31111;Statistik der Baugenehmigungen;JAHR;Jahr;2025;DLAND;Bundesländer;09;Bayern;WHGRM1;Anzahl der Räume;RMEZHL07UM;7 und mehr Räume;BAUGB5;Gebäudeart;GBD-W-WO3UM;Wohngebäude mit 3 oder mehr Wohnungen;77;Anzahl;WOHN01;Wohnungen
31111;Statistik der Baugenehmigungen;JAHR;Jahr;2025;DLAND;Bundesländer;02;Hamburg;WHGRM1;Anzahl der Räume;RMEZHL07UM;7 und mehr Räume;BAUGB5;Gebäudeart;GBD-W;Wohngebäude;191;Anzahl;WOHN01;Wohnungen
31111;Statistik der Baugenehmigungen;JAHR;Jahr;2025;DLAND;Bundesländer;03;Niedersachsen;WHGRM1;Anzahl der Räume;RMEZHL04;4 Räume;BAUGB5;Gebäudeart;GBD-W-ETW;Wohngebäude mit Eigentumswohnungen;412;Anzahl;WOHN01;Wohnungen
31111;Statistik der Baugenehmigungen;JAHR;Jahr;2025;DLAND;Bundesländer;12;Brandenburg;WHGRM1;Anzahl der Räume;RMEZHL02;2 Räume;BAUGB5;Gebäudeart;GBD-W-ETW;Wohngebäude mit Eigentumswohnungen;419;Anzahl;WOHN01;Wohnungen
31111;Statistik der Baugenehmigungen;JAHR;Jahr;2025;DLAND;Bundesländer;16;Thüringen;WHGRM1;Anzahl der Räume;;Insgesamt;BAUGB5;Gebäudeart;GBD-W;Wohngebäude;1669;Anzahl;WOHN01;Wohnungen
31111;Statistik der Baugenehmigungen;JAHR;Jahr;2025;DLAND;Bundesländer;03;Niedersachsen;WHGRM1;Anzahl der Räume;RMEZHL01;1 Raum;BAUGB5;Gebäudeart;GBD-W;Wohngebäude;1603;Anzahl;WOHN01;Wohnungen
31111;Statistik der Baugenehmigungen;JAHR;Jahr;2025;DLAND;Bundesländer;01;Schleswig-Holstein;WHGRM1;Anzahl der Räume;RMEZHL06;6 Räume;BAUGB5;Gebäudeart;GBD-W-ETW;Wohngebäude mit Eigentumswohnungen;4;Anzahl;WOHN01;Wohnungen
31111;Statistik der Baugenehmigungen;JAHR;Jahr;2025;DLAND;Bundesländer;12;Brandenburg;WHGRM1;Anzahl der Räume;RMEZHL02;2 Räume;BAUGB5;Gebäudeart;GBD-W-WH;Wohnheime;52;Anzahl;WOHN01;Wohnungen
31111;Statistik der Baugenehmigungen;JAHR;Jahr;2025;DLAND;Bundesländer;11;Berlin;WHGRM1;Anzahl der Räume;RMEZHL02;2 Räume;BAUGB5;Gebäudeart;GBD-W-WO1;Wohngebäude mit 1 Wohnung;14;Anzahl;WOHN01;Wohnungen
31111;Statistik der Baugenehmigungen;JAHR;Jahr;2025;DLAND;Bundesländer;11;Berlin;WHGRM1;Anzahl der Räume;RMEZHL04;4 Räume;BAUGB5;Gebäudeart;GBD-W-WO3UM;Wohngebäude mit 3 oder mehr Wohnungen;1390;Anzahl;WOHN01;Wohnungen
31111;Statistik der Baugenehmigungen;JAHR;Jahr;2025;DLAND;Bundesländer;04;Bremen;WHGRM1;Anzahl der Räume;RMEZHL01;1 Raum;BAUGB5;Gebäudeart;GBD-W-WO1;Wohngebäude mit 1 Wohnung;-;Anzahl;WOHN01;Wohnungen
31111;Statistik der Baugenehmigungen;JAHR;Jahr;2025;DLAND;Bundesländer;04;Bremen;WHGRM1;Anzahl der Räume;RMEZHL02;2 Räume;BAUGB5;Gebäudeart;GBD-W;Wohngebäude;399;Anzahl;WOHN01;Wohnungen
31111;Statistik der Baugenehmigungen;JAHR;Jahr;2025;DLAND;Bundesländer;09;Bayern;WHGRM1;Anzahl der Räume;RMEZHL05;5 Räume;BAUGB5;Gebäudeart;GBD-W-ETW;Wohngebäude mit Eigentumswohnungen;419;Anzahl;WOHN01;Wohnungen
31111;Statistik der Baugenehmigungen;JAHR;Jahr;2025;DLAND;Bundesländer;08;Baden-Württemberg;WHGRM1;Anzahl der Räume;RMEZHL02;2 Räume;BAUGB5;Gebäudeart;GBD-W-WO3UM;Wohngebäude mit 3 oder mehr Wohnungen;4292;Anzahl;WOHN01;Wohnungen
31111;Statistik der Baugenehmigungen;JAHR;Jahr;2025;DLAND;Bundesländer;09;Bayern;WHGRM1;Anzahl der Räume;RMEZHL06;6 Räume;BAUGB5;Gebäudeart;GBD-W-WH;Wohnheime;2;Anzahl;WOHN01;Wohnungen
31111;Statistik der Baugenehmigungen;JAHR;Jahr;2025;DLAND;Bundesländer;08;Baden-Württemberg;WHGRM1;Anzahl der Räume;RMEZHL02;2 Räume;BAUGB5;Gebäudeart;GBD-W;Wohngebäude;4781;Anzahl;WOHN01;Wohnungen
31111;Statistik der Baugenehmigungen;JAHR;Jahr;2025;DLAND;Bundesländer;15;Sachsen-Anhalt;WHGRM1;Anzahl der Räume;RMEZHL02;2 Räume;BAUGB5;Gebäudeart;GBD-W-ETW;Wohngebäude mit Eigentumswohnungen;102;Anzahl;WOHN01;Wohnungen
31111;Statistik der Baugenehmigungen;JAHR;Jahr;2025;DLAND;Bundesländer;06;Hessen;WHGRM1;Anzahl der Räume;RMEZHL03;3 Räume;BAUGB5;Gebäudeart;GBD-W-WO2;Wohngebäude mit 2 Wohnungen;106;Anzahl;WOHN01;Wohnungen
31111;Statistik der Baugenehmigungen;JAHR;Jahr;2025;DLAND;Bundesländer;04;Bremen;WHGRM1;Anzahl der Räume;RMEZHL01;1 Raum;BAUGB5;Gebäudeart;GBD-W-WH;Wohnheime;24;Anzahl;WOHN01;Wohnungen
31111;Statistik der Baugenehmigungen;JAHR;Jahr;2025;DLAND;Bundesländer;15;Sachsen-Anhalt;WHGRM1;Anzahl der Räume;RMEZHL06;6 Räume;BAUGB5;Gebäudeart;GBD-W-WO1;Wohngebäude mit 1 Wohnung;163;Anzahl;WOHN01;Wohnungen
31111;Statistik der Baugenehmigungen;JAHR;Jahr;2025;DLAND;Bundesländer;09;Bayern;WHGRM1;Anzahl der Räume;;Insgesamt;BAUGB5;Gebäudeart;GBD-W-WO1;Wohngebäude mit 1 Wohnung;11661;Anzahl;WOHN01;Wohnungen
31111;Statistik der Baugenehmigungen;JAHR;Jahr;2025;DLAND;Bundesländer;08;Baden-Württemberg;WHGRM1;Anzahl der Räume;RMEZHL01;1 Raum;BAUGB5;Gebäudeart;GBD-W-WO2;Wohngebäude mit 2 Wohnungen;87;Anzahl;WOHN01;Wohnungen
31111;Statistik der Baugenehmigungen;JAHR;Jahr;2025;DLAND;Bundesländer;05;Nordrhein-Westfalen;WHGRM1;Anzahl der Räume;RMEZHL03;3 Räume;BAUGB5;Gebäudeart;GBD-W;Wohngebäude;9144;Anzahl;WOHN01;Wohnungen
31111;Statistik der Baugenehmigungen;JAHR;Jahr;2025;DLAND;Bundesländer;06;Hessen;WHGRM1;Anzahl der Räume;RMEZHL07UM;7 und mehr Räume;BAUGB5;Gebäudeart;GBD-W-ETW;Wohngebäude mit Eigentumswohnungen;40;Anzahl;WOHN01;Wohnungen
31111;Statistik der Baugenehmigungen;JAHR;Jahr;2025;DLAND;Bundesländer;01;Schleswig-Holstein;WHGRM1;Anzahl der Räume;RMEZHL03;3 Räume;BAUGB5;Gebäudeart;GBD-W;Wohngebäude;2349;Anzahl;WOHN01;Wohnungen
31111;Statistik der Baugenehmigungen;JAHR;Jahr;2025;DLAND;Bundesländer;11;Berlin;WHGRM1;Anzahl der Räume;RMEZHL01;1 Raum;BAUGB5;Gebäudeart;GBD-W-WH;Wohnheime;378;Anzahl;WOHN01;Wohnungen
31111;Statistik der Baugenehmigungen;JAHR;Jahr;2025;DLAND;Bundesländer;09;Bayern;WHGRM1;Anzahl der Räume;RMEZHL03;3 Räume;BAUGB5;Gebäudeart;GBD-W;Wohngebäude;9361;Anzahl;WOHN01;Wohnungen
31111;Statistik der Baugenehmigungen;JAHR;Jahr;2025;DLAND;Bundesländer;03;Niedersachsen;WHGRM1;Anzahl der Räume;RMEZHL04;4 Räume;BAUGB5;Gebäudeart;GBD-W-WO3UM;Wohngebäude mit 3 oder mehr Wohnungen;1568;Anzahl;WOHN01;Wohnungen
31111;Statistik der Baugenehmigungen;JAHR;Jahr;2025;DLAND;Bundesländer;10;Saarland;WHGRM1;Anzahl der Räume;RMEZHL07UM;7 und mehr Räume;BAUGB5;Gebäudeart;GBD-W-ETW;Wohngebäude mit Eigentumswohnungen;13;Anzahl;WOHN01;Wohnungen
31111;Statistik der Baugenehmigungen;JAHR;Jahr;2025;DLAND;Bundesländer;05;Nordrhein-Westfalen;WHGRM1;Anzahl der Räume;RMEZHL01;1 Raum;BAUGB5;Gebäudeart;GBD-W-ETW;Wohngebäude mit Eigentumswohnungen;291;Anzahl;WOHN01;Wohnungen
31111;Statistik der Baugenehmigungen;JAHR;Jahr;2025;DLAND;Bundesländer;16;Thüringen;WHGRM1;Anzahl der Räume;RMEZHL02;2 Räume;BAUGB5;Gebäudeart;GBD-W-WO3UM;Wohngebäude mit 3 oder mehr Wohnungen;184;Anzahl;WOHN01;Wohnungen
31111;Statistik der Baugenehmigungen;JAHR;Jahr;2025;DLAND;Bundesländer;09;Bayern;WHGRM1;Anzahl der Räume;RMEZHL07UM;7 und mehr Räume;BAUGB5;Gebäudeart;GBD-W-WO2;Wohngebäude mit 2 Wohnungen;293;Anzahl;WOHN01;Wohnungen
31111;Statistik der Baugenehmigungen;JAHR;Jahr;2025;DLAND;Bundesländer;06;Hessen;WHGRM1;Anzahl der Räume;RMEZHL04;4 Räume;BAUGB5;Gebäudeart;GBD-W;Wohngebäude;2141;Anzahl;WOHN01;Wohnungen
31111;Statistik der Baugenehmigungen;JAHR;Jahr;2025;DLAND;Bundesländer;10;Saarland;WHGRM1;Anzahl der Räume;RMEZHL04;4 Räume;BAUGB5;Gebäudeart;GBD-W-ETW;Wohngebäude mit Eigentumswohnungen;53;Anzahl;WOHN01;Wohnungen
31111;Statistik der Baugenehmigungen;JAHR;Jahr;2025;DLAND;Bundesländer;11;Berlin;WHGRM1;Anzahl der Räume;RMEZHL05;5 Räume;BAUGB5;Gebäudeart;GBD-W-WO3UM;Wohngebäude mit 3 oder mehr Wohnungen;322;Anzahl;WOHN01;Wohnungen
31111;Statistik der Baugenehmigungen;JAHR;Jahr;2025;DLAND;Bundesländer;15;Sachsen-Anhalt;WHGRM1;Anzahl der Räume;RMEZHL06;6 Räume;BAUGB5;Gebäudeart;GBD-W;Wohngebäude;184;Anzahl;WOHN01;Wohnungen
31111;Statistik der Baugenehmigungen;JAHR;Jahr;2025;DLAND;Bundesländer;02;Hamburg;WHGRM1;Anzahl der Räume;RMEZHL04;4 Räume;BAUGB5;Gebäudeart;GBD-W-WO1;Wohngebäude mit 1 Wohnung;56;Anzahl;WOHN01;Wohnungen
31111;Statistik der Baugenehmigungen;JAHR;Jahr;2025;DLAND;Bundesländer;02;Hamburg;WHGRM1;Anzahl der Räume;RMEZHL04;4 Räume;BAUGB5;Gebäudeart;GBD-W;Wohngebäude;966;Anzahl;WOHN01;Wohnungen
31111;Statistik der Baugenehmigungen;JAHR;Jahr;2025;DLAND;Bundesländer;11;Berlin;WHGRM1;Anzahl der Räume;RMEZHL06;6 Räume;BAUGB5;Gebäudeart;GBD-W;Wohngebäude;186;Anzahl;WOHN01;Wohnungen
31111;Statistik der Baugenehmigungen;JAHR;Jahr;2025;DLAND;Bundesländer;05;Nordrhein-Westfalen;WHGRM1;Anzahl der Räume;RMEZHL05;5 Räume;BAUGB5;Gebäudeart;GBD-W-WO1;Wohngebäude mit 1 Wohnung;2167;Anzahl;WOHN01;Wohnungen
31111;Statistik der Baugenehmigungen;JAHR;Jahr;2025;DLAND;Bundesländer;10;Saarland;WHGRM1;Anzahl der Räume;RMEZHL03;3 Räume;BAUGB5;Gebäudeart;GBD-W-WO2;Wohngebäude mit 2 Wohnungen;17;Anzahl;WOHN01;Wohnungen
31111;Statistik der Baugenehmigungen;JAHR;Jahr;2025;DLAND;Bundesländer;03;Niedersachsen;WHGRM1;Anzahl der Räume;RMEZHL05;5 Räume;BAUGB5;Gebäudeart;GBD-W;Wohngebäude;2202;Anzahl;WOHN01;Wohnungen
31111;Statistik der Baugenehmigungen;JAHR;Jahr;2025;DLAND;Bundesländer;05;Nordrhein-Westfalen;WHGRM1;Anzahl der Räume;RMEZHL02;2 Räume;BAUGB5;Gebäudeart;GBD-W-WH;Wohnheime;280;Anzahl;WOHN01;Wohnungen
31111;Statistik der Baugenehmigungen;JAHR;Jahr;2025;DLAND;Bundesländer;13;Mecklenburg-Vorpommern;WHGRM1;Anzahl der Räume;RMEZHL05;5 Räume;BAUGB5;Gebäudeart;GBD-W-ETW;Wohngebäude mit Eigentumswohnungen;12;Anzahl;WOHN01;Wohnungen
31111;Statistik der Baugenehmigungen;JAHR;Jahr;2025;DLAND;Bundesländer;08;Baden-Württemberg;WHGRM1;Anzahl der Räume;RMEZHL01;1 Raum;BAUGB5;Gebäudeart;GBD-W-WO3UM;Wohngebäude mit 3 oder mehr Wohnungen;1090;Anzahl;WOHN01;Wohnungen
31111;Statistik der Baugenehmigungen;JAHR;Jahr;2025;DLAND;Bundesländer;02;Hamburg;WHGRM1;Anzahl der Räume;RMEZHL07UM;7 und mehr Räume;BAUGB5;Gebäudeart;GBD-W-WO1;Wohngebäude mit 1 Wohnung;141;Anzahl;WOHN01;Wohnungen
31111;Statistik der Baugenehmigungen;JAHR;Jahr;2025;DLAND;Bundesländer;06;Hessen;WHGRM1;Anzahl der Räume;RMEZHL04;4 Räume;BAUGB5;Gebäudeart;GBD-W-ETW;Wohngebäude mit Eigentumswohnungen;627;Anzahl;WOHN01;Wohnungen
31111;Statistik der Baugenehmigungen;JAHR;Jahr;2025;DLAND;Bundesländer;10;Saarland;WHGRM1;Anzahl der Räume;RMEZHL05;5 Räume;BAUGB5;Gebäudeart;GBD-W;Wohngebäude;112;Anzahl;WOHN01;Wohnungen
31111;Statistik der Baugenehmigungen;JAHR;Jahr;2025;DLAND;Bundesländer;08;Baden-Württemberg;WHGRM1;Anzahl der Räume;RMEZHL05;5 Räume;BAUGB5;Gebäudeart;GBD-W-WH;Wohnheime;8;Anzahl;WOHN01;Wohnungen
31111;Statistik der Baugenehmigungen;JAHR;Jahr;2025;DLAND;Bundesländer;02;Hamburg;WHGRM1;Anzahl der Räume;RMEZHL06;6 Räume;BAUGB5;Gebäudeart;GBD-W-WH;Wohnheime;-;Anzahl;WOHN01;Wohnungen
31111;Statistik der Baugenehmigungen;JAHR;Jahr;2025;DLAND;Bundesländer;05;Nordrhein-Westfalen;WHGRM1;Anzahl der Räume;;Insgesamt;BAUGB5;Gebäudeart;GBD-W-WO2;Wohngebäude mit 2 Wohnungen;2042;Anzahl;WOHN01;Wohnungen
31111;Statistik der Baugenehmigungen;JAHR;Jahr;2025;DLAND;Bundesländer;07;Rheinland-Pfalz;WHGRM1;Anzahl der Räume;RMEZHL05;5 Räume;BAUGB5;Gebäudeart;GBD-W;Wohngebäude;1238;Anzahl;WOHN01;Wohnungen
31111;Statistik der Baugenehmigungen;JAHR;Jahr;2025;DLAND;Bundesländer;15;Sachsen-Anhalt;WHGRM1;Anzahl der Räume;;Insgesamt;BAUGB5;Gebäudeart;GBD-W-WH;Wohnheime;68;Anzahl;WOHN01;Wohnungen
31111;Statistik der Baugenehmigungen;JAHR;Jahr;2025;DLAND;Bundesländer;07;Rheinland-Pfalz;WHGRM1;Anzahl der Räume;RMEZHL04;4 Räume;BAUGB5;Gebäudeart;GBD-W-WH;Wohnheime;24;Anzahl;WOHN01;Wohnungen
31111;Statistik der Baugenehmigungen;JAHR;Jahr;2025;DLAND;Bundesländer;09;Bayern;WHGRM1;Anzahl der Räume;RMEZHL04;4 Räume;BAUGB5;Gebäudeart;GBD-W-WO2;Wohngebäude mit 2 Wohnungen;590;Anzahl;WOHN01;Wohnungen
31111;Statistik der Baugenehmigungen;JAHR;Jahr;2025;DLAND;Bundesländer;13;Mecklenburg-Vorpommern;WHGRM1;Anzahl der Räume;RMEZHL04;4 Räume;BAUGB5;Gebäudeart;GBD-W-WO2;Wohngebäude mit 2 Wohnungen;50;Anzahl;WOHN01;Wohnungen
31111;Statistik der Baugenehmigungen;JAHR;Jahr;2025;DLAND;Bundesländer;04;Bremen;WHGRM1;Anzahl der Räume;RMEZHL06;6 Räume;BAUGB5;Gebäudeart;GBD-W-WO2;Wohngebäude mit 2 Wohnungen;-;Anzahl;WOHN01;Wohnungen
31111;Statistik der Baugenehmigungen;JAHR;Jahr;2025;DLAND;Bundesländer;03;Niedersachsen;WHGRM1;Anzahl der Räume;RMEZHL05;5 Räume;BAUGB5;Gebäudeart;GBD-W-WO3UM;Wohngebäude mit 3 oder mehr Wohnungen;529;Anzahl;WOHN01;Wohnungen
31111;Statistik der Baugenehmigungen;JAHR;Jahr;2025;DLAND;Bundesländer;16;Thüringen;WHGRM1;Anzahl der Räume;RMEZHL01;1 Raum;BAUGB5;Gebäudeart;GBD-W-WO3UM;Wohngebäude mit 3 oder mehr Wohnungen;53;Anzahl;WOHN01;Wohnungen
31111;Statistik der Baugenehmigungen;JAHR;Jahr;2025;DLAND;Bundesländer;14;Sachsen;WHGRM1;Anzahl der Räume;RMEZHL05;5 Räume;BAUGB5;Gebäudeart;GBD-W;Wohngebäude;1050;Anzahl;WOHN01;Wohnungen
31111;Statistik der Baugenehmigungen;JAHR;Jahr;2025;DLAND;Bundesländer;02;Hamburg;WHGRM1;Anzahl der Räume;RMEZHL07UM;7 und mehr Räume;BAUGB5;Gebäudeart;GBD-W-WH;Wohnheime;-;Anzahl;WOHN01;Wohnungen
31111;Statistik der Baugenehmigungen;JAHR;Jahr;2025;DLAND;Bundesländer;12;Brandenburg;WHGRM1;Anzahl der Räume;RMEZHL06;6 Räume;BAUGB5;Gebäudeart;GBD-W-WH;Wohnheime;-;Anzahl;WOHN01;Wohnungen
31111;Statistik der Baugenehmigungen;JAHR;Jahr;2025;DLAND;Bundesländer;01;Schleswig-Holstein;WHGRM1;Anzahl der Räume;RMEZHL05;5 Räume;BAUGB5;Gebäudeart;GBD-W-WO2;Wohngebäude mit 2 Wohnungen;134;Anzahl;WOHN01;Wohnungen
31111;Statistik der Baugenehmigungen;JAHR;Jahr;2025;DLAND;Bundesländer;13;Mecklenburg-Vorpommern;WHGRM1;Anzahl der Räume;RMEZHL04;4 Räume;BAUGB5;Gebäudeart;GBD-W-WO3UM;Wohngebäude mit 3 oder mehr Wohnungen;277;Anzahl;WOHN01;Wohnungen
31111;Statistik der Baugenehmigungen;JAHR;Jahr;2025;DLAND;Bundesländer;10;Saarland;WHGRM1;Anzahl der Räume;RMEZHL06;6 Räume;BAUGB5;Gebäudeart;GBD-W;Wohngebäude;119;Anzahl;WOHN01;Wohnungen
31111;Statistik der Baugenehmigungen;JAHR;Jahr;2025;DLAND;Bundesländer;13;Mecklenburg-Vorpommern;WHGRM1;Anzahl der Räume;RMEZHL04;4 Räume;BAUGB5;Gebäudeart;GBD-W;Wohngebäude;571;Anzahl;WOHN01;Wohnungen
31111;Statistik der Baugenehmigungen;JAHR;Jahr;2025;DLAND;Bundesländer;12;Brandenburg;WHGRM1;Anzahl der Räume;RMEZHL04;4 Räume;BAUGB5;Gebäudeart;GBD-W-WO1;Wohngebäude mit 1 Wohnung;567;Anzahl;WOHN01;Wohnungen
31111;Statistik der Baugenehmigungen;JAHR;Jahr;2025;DLAND;Bundesländer;11;Berlin;WHGRM1;Anzahl der Räume;RMEZHL01;1 Raum;BAUGB5;Gebäudeart;GBD-W;Wohngebäude;2791;Anzahl;WOHN01;Wohnungen
31111;Statistik der Baugenehmigungen;JAHR;Jahr;2025;DLAND;Bundesländer;11;Berlin;WHGRM1;Anzahl der Räume;;Insgesamt;BAUGB5;Gebäudeart;GBD-W-WH;Wohnheime;461;Anzahl;WOHN01;Wohnungen
31111;Statistik der Baugenehmigungen;JAHR;Jahr;2025;DLAND;Bundesländer;05;Nordrhein-Westfalen;WHGRM1;Anzahl der Räume;RMEZHL03;3 Räume;BAUGB5;Gebäudeart;GBD-W-WO1;Wohngebäude mit 1 Wohnung;247;Anzahl;WOHN01;Wohnungen
31111;Statistik der Baugenehmigungen;JAHR;Jahr;2025;DLAND;Bundesländer;16;Thüringen;WHGRM1;Anzahl der Räume;RMEZHL03;3 Räume;BAUGB5;Gebäudeart;GBD-W-WH;Wohnheime;-;Anzahl;WOHN01;Wohnungen
31111;Statistik der Baugenehmigungen;JAHR;Jahr;2025;DLAND;Bundesländer;05;Nordrhein-Westfalen;WHGRM1;Anzahl der Räume;;Insgesamt;BAUGB5;Gebäudeart;GBD-W-WO1;Wohngebäude mit 1 Wohnung;7149;Anzahl;WOHN01;Wohnungen
31111;Statistik der Baugenehmigungen;JAHR;Jahr;2025;DLAND;Bundesländer;05;Nordrhein-Westfalen;WHGRM1;Anzahl der Räume;RMEZHL04;4 Räume;BAUGB5;Gebäudeart;GBD-W-WO1;Wohngebäude mit 1 Wohnung;860;Anzahl;WOHN01;Wohnungen
31111;Statistik der Baugenehmigungen;JAHR;Jahr;2025;DLAND;Bundesländer;06;Hessen;WHGRM1;Anzahl der Räume;RMEZHL02;2 Räume;BAUGB5;Gebäudeart;GBD-W-WO3UM;Wohngebäude mit 3 oder mehr Wohnungen;3142;Anzahl;WOHN01;Wohnungen
31111;Statistik der Baugenehmigungen;JAHR;Jahr;2025;DLAND;Bundesländer;07;Rheinland-Pfalz;WHGRM1;Anzahl der Räume;RMEZHL02;2 Räume;BAUGB5;Gebäudeart;GBD-W-WH;Wohnheime;13;Anzahl;WOHN01;Wohnungen
31111;Statistik der Baugenehmigungen;JAHR;Jahr;2025;DLAND;Bundesländer;02;Hamburg;WHGRM1;Anzahl der Räume;RMEZHL07UM;7 und mehr Räume;BAUGB5;Gebäudeart;GBD-W-ETW;Wohngebäude mit Eigentumswohnungen;11;Anzahl;WOHN01;Wohnungen
31111;Statistik der Baugenehmigungen;JAHR;Jahr;2025;DLAND;Bundesländer;12;Brandenburg;WHGRM1;Anzahl der Räume;;Insgesamt;BAUGB5;Gebäudeart;GBD-W-WO3UM;Wohngebäude mit 3 oder mehr Wohnungen;3873;Anzahl;WOHN01;Wohnungen
31111;Statistik der Baugenehmigungen;JAHR;Jahr;2025;DLAND;Bundesländer;03;Niedersachsen;WHGRM1;Anzahl der Räume;RMEZHL05;5 Räume;BAUGB5;Gebäudeart;GBD-W-WH;Wohnheime;2;Anzahl;WOHN01;Wohnungen
31111;Statistik der Baugenehmigungen;JAHR;Jahr;2025;DLAND;Bundesländer;08;Baden-Württemberg;WHGRM1;Anzahl der Räume;RMEZHL06;6 Räume;BAUGB5;Gebäudeart;GBD-W-WO1;Wohngebäude mit 1 Wohnung;1544;Anzahl;WOHN01;Wohnungen
31111;Statistik der Baugenehmigungen;JAHR;Jahr;2025;DLAND;Bundesländer;07;Rheinland-Pfalz;WHGRM1;Anzahl der Räume;RMEZHL07UM;7 und mehr Räume;BAUGB5;Gebäudeart;GBD-W-WO1;Wohngebäude mit 1 Wohnung;840;Anzahl;WOHN01;Wohnungen
31111;Statistik der Baugenehmigungen;JAHR;Jahr;2025;DLAND;Bundesländer;12;Brandenburg;WHGRM1;Anzahl der Räume;RMEZHL04;4 Räume;BAUGB5;Gebäudeart;GBD-W-WH;Wohnheime;-;Anzahl;WOHN01;Wohnungen
31111;Statistik der Baugenehmigungen;JAHR;Jahr;2025;DLAND;Bundesländer;09;Bayern;WHGRM1;Anzahl der Räume;RMEZHL04;4 Räume;BAUGB5;Gebäudeart;GBD-W-WO3UM;Wohngebäude mit 3 oder mehr Wohnungen;3846;Anzahl;WOHN01;Wohnungen
31111;Statistik der Baugenehmigungen;JAHR;Jahr;2025;DLAND;Bundesländer;02;Hamburg;WHGRM1;Anzahl der Räume;RMEZHL01;1 Raum;BAUGB5;Gebäudeart;GBD-W-WO1;Wohngebäude mit 1 Wohnung;1;Anzahl;WOHN01;Wohnungen
31111;Statistik der Baugenehmigungen;JAHR;Jahr;2025;DLAND;Bundesländer;10;Saarland;WHGRM1;Anzahl der Räume;RMEZHL02;2 Räume;BAUGB5;Gebäudeart;GBD-W-WO3UM;Wohngebäude mit 3 oder mehr Wohnungen;120;Anzahl;WOHN01;Wohnungen
31111;Statistik der Baugenehmigungen;JAHR;Jahr;2025;DLAND;Bundesländer;12;Brandenburg;WHGRM1;Anzahl der Räume;RMEZHL06;6 Räume;BAUGB5;Gebäudeart;GBD-W-WO1;Wohngebäude mit 1 Wohnung;490;Anzahl;WOHN01;Wohnungen
31111;Statistik der Baugenehmigungen;JAHR;Jahr;2025;DLAND;Bundesländer;01;Schleswig-Holstein;WHGRM1;Anzahl der Räume;RMEZHL03;3 Räume;BAUGB5;Gebäudeart;GBD-W-WO3UM;Wohngebäude mit 3 oder mehr Wohnungen;1896;Anzahl;WOHN01;Wohnungen
31111;Statistik der Baugenehmigungen;JAHR;Jahr;2025;DLAND;Bundesländer;05;Nordrhein-Westfalen;WHGRM1;Anzahl der Räume;RMEZHL02;2 Räume;BAUGB5;Gebäudeart;GBD-W;Wohngebäude;9187;Anzahl;WOHN01;Wohnungen
31111;Statistik der Baugenehmigungen;JAHR;Jahr;2025;DLAND;Bundesländer;04;Bremen;WHGRM1;Anzahl der Räume;;Insgesamt;BAUGB5;Gebäudeart;GBD-W;Wohngebäude;987;Anzahl;WOHN01;Wohnungen
31111;Statistik der Baugenehmigungen;JAHR;Jahr;2025;DLAND;Bundesländer;08;Baden-Württemberg;WHGRM1;Anzahl der Räume;RMEZHL05;5 Räume;BAUGB5;Gebäudeart;GBD-W-WO1;Wohngebäude mit 1 Wohnung;1471;Anzahl;WOHN01;Wohnungen
31111;Statistik der Baugenehmigungen;JAHR;Jahr;2025;DLAND;Bundesländer;05;Nordrhein-Westfalen;WHGRM1;Anzahl der Räume;RMEZHL07UM;7 und mehr Räume;BAUGB5;Gebäudeart;GBD-W-WH;Wohnheime;2;Anzahl;WOHN01;Wohnungen
31111;Statistik der Baugenehmigungen;JAHR;Jahr;2025;DLAND;Bundesländer;01;Schleswig-Holstein;WHGRM1;Anzahl der Räume;RMEZHL06;6 Räume;BAUGB5;Gebäudeart;GBD-W-WO2;Wohngebäude mit 2 Wohnungen;50;Anzahl;WOHN01;Wohnungen
31111;Statistik der Baugenehmigungen;JAHR;Jahr;2025;DLAND;Bundesländer;16;Thüringen;WHGRM1;Anzahl der Räume;RMEZHL01;1 Raum;BAUGB5;Gebäudeart;GBD-W-WH;Wohnheime;250;Anzahl;WOHN01;Wohnungen
31111;Statistik der Baugenehmigungen;JAHR;Jahr;2025;DLAND;Bundesländer;03;Niedersachsen;WHGRM1;Anzahl der Räume;RMEZHL03;3 Räume;BAUGB5;Gebäudeart;GBD-W-WH;Wohnheime;6;Anzahl;WOHN01;Wohnungen
31111;Statistik der Baugenehmigungen;JAHR;Jahr;2025;DLAND;Bundesländer;16;Thüringen;WHGRM1;Anzahl der Räume;RMEZHL02;2 Räume;BAUGB5;Gebäudeart;GBD-W;Wohngebäude;225;Anzahl;WOHN01;Wohnungen
31111;Statistik der Baugenehmigungen;JAHR;Jahr;2025;DLAND;Bundesländer;01;Schleswig-Holstein;WHGRM1;Anzahl der Räume;;Insgesamt;BAUGB5;Gebäudeart;GBD-W-WO2;Wohngebäude mit 2 Wohnungen;720;Anzahl;WOHN01;Wohnungen
31111;Statistik der Baugenehmigungen;JAHR;Jahr;2025;DLAND;Bundesländer;05;Nordrhein-Westfalen;WHGRM1;Anzahl der Räume;RMEZHL02;2 Räume;BAUGB5;Gebäudeart;GBD-W-WO1;Wohngebäude mit 1 Wohnung;87;Anzahl;WOHN01;Wohnungen
31111;Statistik der Baugenehmigungen;JAHR;Jahr;2025;DLAND;Bundesländer;03;Niedersachsen;WHGRM1;Anzahl der Räume;RMEZHL07UM;7 und mehr Räume;BAUGB5;Gebäudeart;GBD-W-WO2;Wohngebäude mit 2 Wohnungen;179;Anzahl;WOHN01;Wohnungen
31111;Statistik der Baugenehmigungen;JAHR;Jahr;2025;DLAND;Bundesländer;06;Hessen;WHGRM1;Anzahl der Räume;RMEZHL07UM;7 und mehr Räume;BAUGB5;Gebäudeart;GBD-W;Wohngebäude;803;Anzahl;WOHN01;Wohnungen
31111;Statistik der Baugenehmigungen;JAHR;Jahr;2025;DLAND;Bundesländer;06;Hessen;WHGRM1;Anzahl der Räume;;Insgesamt;BAUGB5;Gebäudeart;GBD-W-WH;Wohnheime;415;Anzahl;WOHN01;Wohnungen
31111;Statistik der Baugenehmigungen;JAHR;Jahr;2025;DLAND;Bundesländer;12;Brandenburg;WHGRM1;Anzahl der Räume;RMEZHL05;5 Räume;BAUGB5;Gebäudeart;GBD-W-WO1;Wohngebäude mit 1 Wohnung;815;Anzahl;WOHN01;Wohnungen
31111;Statistik der Baugenehmigungen;JAHR;Jahr;2025;DLAND;Bundesländer;15;Sachsen-Anhalt;WHGRM1;Anzahl der Räume;;Insgesamt;BAUGB5;Gebäudeart;GBD-W;Wohngebäude;2008;Anzahl;WOHN01;Wohnungen
31111;Statistik der Baugenehmigungen;JAHR;Jahr;2025;DLAND;Bundesländer;12;Brandenburg;WHGRM1;Anzahl der Räume;RMEZHL03;3 Räume;BAUGB5;Gebäudeart;GBD-W-WO3UM;Wohngebäude mit 3 oder mehr Wohnungen;1136;Anzahl;WOHN01;Wohnungen
31111;Statistik der Baugenehmigungen;JAHR;Jahr;2025;DLAND;Bundesländer;08;Baden-Württemberg;WHGRM1;Anzahl der Räume;RMEZHL06;6 Räume;BAUGB5;Gebäudeart;GBD-W-WH;Wohnheime;-;Anzahl;WOHN01;Wohnungen
31111;Statistik der Baugenehmigungen;JAHR;Jahr;2025;DLAND;Bundesländer;07;Rheinland-Pfalz;WHGRM1;Anzahl der Räume;RMEZHL01;1 Raum;BAUGB5;Gebäudeart;GBD-W;Wohngebäude;555;Anzahl;WOHN01;Wohnungen
31111;Statistik der Baugenehmigungen;JAHR;Jahr;2025;DLAND;Bundesländer;09;Bayern;WHGRM1;Anzahl der Räume;RMEZHL01;1 Raum;BAUGB5;Gebäudeart;GBD-W-WO2;Wohngebäude mit 2 Wohnungen;103;Anzahl;WOHN01;Wohnungen
31111;Statistik der Baugenehmigungen;JAHR;Jahr;2025;DLAND;Bundesländer;15;Sachsen-Anhalt;WHGRM1;Anzahl der Räume;RMEZHL01;1 Raum;BAUGB5;Gebäudeart;GBD-W-ETW;Wohngebäude mit Eigentumswohnungen;7;Anzahl;WOHN01;Wohnungen
31111;Statistik der Baugenehmigungen;JAHR;Jahr;2025;DLAND;Bundesländer;14;Sachsen;WHGRM1;Anzahl der Räume;RMEZHL05;5 Räume;BAUGB5;Gebäudeart;GBD-W-WO3UM;Wohngebäude mit 3 oder mehr Wohnungen;516;Anzahl;WOHN01;Wohnungen
31111;Statistik der Baugenehmigungen;JAHR;Jahr;2025;DLAND;Bundesländer;10;Saarland;WHGRM1;Anzahl der Räume;RMEZHL07UM;7 und mehr Räume;BAUGB5;Gebäudeart;GBD-W;Wohngebäude;164;Anzahl;WOHN01;Wohnungen
31111;Statistik der Baugenehmigungen;JAHR;Jahr;2025;DLAND;Bundesländer;11;Berlin;WHGRM1;Anzahl der Räume;RMEZHL02;2 Räume;BAUGB5;Gebäudeart;GBD-W-WH;Wohnheime;40;Anzahl;WOHN01;Wohnungen
31111;Statistik der Baugenehmigungen;JAHR;Jahr;2025;DLAND;Bundesländer;07;Rheinland-Pfalz;WHGRM1;Anzahl der Räume;RMEZHL03;3 Räume;BAUGB5;Gebäudeart;GBD-W-WO3UM;Wohngebäude mit 3 oder mehr Wohnungen;2025;Anzahl;WOHN01;Wohnungen
31111;Statistik der Baugenehmigungen;JAHR;Jahr;2025;DLAND;Bundesländer;05;Nordrhein-Westfalen;WHGRM1;Anzahl der Räume;RMEZHL06;6 Räume;BAUGB5;Gebäudeart;GBD-W-WO1;Wohngebäude mit 1 Wohnung;2006;Anzahl;WOHN01;Wohnungen
31111;Statistik der Baugenehmigungen;JAHR;Jahr;2025;DLAND;Bundesländer;08;Baden-Württemberg;WHGRM1;Anzahl der Räume;RMEZHL04;4 Räume;BAUGB5;Gebäudeart;GBD-W-WO1;Wohngebäude mit 1 Wohnung;546;Anzahl;WOHN01;Wohnungen
31111;Statistik der Baugenehmigungen;JAHR;Jahr;2025;DLAND;Bundesländer;15;Sachsen-Anhalt;WHGRM1;Anzahl der Räume;RMEZHL05;5 Räume;BAUGB5;Gebäudeart;GBD-W-WO1;Wohngebäude mit 1 Wohnung;235;Anzahl;WOHN01;Wohnungen
31111;Statistik der Baugenehmigungen;JAHR;Jahr;2025;DLAND;Bundesländer;02;Hamburg;WHGRM1;Anzahl der Räume;RMEZHL01;1 Raum;BAUGB5;Gebäudeart;GBD-W-WH;Wohnheime;-;Anzahl;WOHN01;Wohnungen
31111;Statistik der Baugenehmigungen;JAHR;Jahr;2025;DLAND;Bundesländer;10;Saarland;WHGRM1;Anzahl der Räume;RMEZHL05;5 Räume;BAUGB5;Gebäudeart;GBD-W-ETW;Wohngebäude mit Eigentumswohnungen;18;Anzahl;WOHN01;Wohnungen
31111;Statistik der Baugenehmigungen;JAHR;Jahr;2025;DLAND;Bundesländer;03;Niedersachsen;WHGRM1;Anzahl der Räume;RMEZHL05;5 Räume;BAUGB5;Gebäudeart;GBD-W-ETW;Wohngebäude mit Eigentumswohnungen;168;Anzahl;WOHN01;Wohnungen
31111;Statistik der Baugenehmigungen;JAHR;Jahr;2025;DLAND;Bundesländer;04;Bremen;WHGRM1;Anzahl der Räume;RMEZHL05;5 Räume;BAUGB5;Gebäudeart;GBD-W-WO2;Wohngebäude mit 2 Wohnungen;7;Anzahl;WOHN01;Wohnungen
31111;Statistik der Baugenehmigungen;JAHR;Jahr;2025;DLAND;Bundesländer;05;Nordrhein-Westfalen;WHGRM1;Anzahl der Räume;RMEZHL01;1 Raum;BAUGB5;Gebäudeart;GBD-W-WO1;Wohngebäude mit 1 Wohnung;4;Anzahl;WOHN01;Wohnungen
31111;Statistik der Baugenehmigungen;JAHR;Jahr;2025;DLAND;Bundesländer;07;Rheinland-Pfalz;WHGRM1;Anzahl der Räume;RMEZHL06;6 Räume;BAUGB5;Gebäudeart;GBD-W-WH;Wohnheime;1;Anzahl;WOHN01;Wohnungen
31111;Statistik der Baugenehmigungen;JAHR;Jahr;2025;DLAND;Bundesländer;02;Hamburg;WHGRM1;Anzahl der Räume;RMEZHL04;4 Räume;BAUGB5;Gebäudeart;GBD-W-WO3UM;Wohngebäude mit 3 oder mehr Wohnungen;829;Anzahl;WOHN01;Wohnungen
31111;Statistik der Baugenehmigungen;JAHR;Jahr;2025;DLAND;Bundesländer;14;Sachsen;WHGRM1;Anzahl der Räume;RMEZHL07UM;7 und mehr Räume;BAUGB5;Gebäudeart;GBD-W-WO1;Wohngebäude mit 1 Wohnung;324;Anzahl;WOHN01;Wohnungen
31111;Statistik der Baugenehmigungen;JAHR;Jahr;2025;DLAND;Bundesländer;01;Schleswig-Holstein;WHGRM1;Anzahl der Räume;RMEZHL02;2 Räume;BAUGB5;Gebäudeart;GBD-W-WO2;Wohngebäude mit 2 Wohnungen;111;Anzahl;WOHN01;Wohnungen
31111;Statistik der Baugenehmigungen;JAHR;Jahr;2025;DLAND;Bundesländer;16;Thüringen;WHGRM1;Anzahl der Räume;RMEZHL06;6 Räume;BAUGB5;Gebäudeart;GBD-W-WO3UM;Wohngebäude mit 3 oder mehr Wohnungen;3;Anzahl;WOHN01;Wohnungen
31111;Statistik der Baugenehmigungen;JAHR;Jahr;2025;DLAND;Bundesländer;16;Thüringen;WHGRM1;Anzahl der Räume;RMEZHL01;1 Raum;BAUGB5;Gebäudeart;GBD-W-WO2;Wohngebäude mit 2 Wohnungen;5;Anzahl;WOHN01;Wohnungen
31111;Statistik der Baugenehmigungen;JAHR;Jahr;2025;DLAND;Bundesländer;08;Baden-Württemberg;WHGRM1;Anzahl der Räume;RMEZHL02;2 Räume;BAUGB5;Gebäudeart;GBD-W-WO1;Wohngebäude mit 1 Wohnung;68;Anzahl;WOHN01;Wohnungen
31111;Statistik der Baugenehmigungen;JAHR;Jahr;2025;DLAND;Bundesländer;04;Bremen;WHGRM1;Anzahl der Räume;RMEZHL07UM;7 und mehr Räume;BAUGB5;Gebäudeart;GBD-W-WH;Wohnheime;-;Anzahl;WOHN01;Wohnungen
31111;Statistik der Baugenehmigungen;JAHR;Jahr;2025;DLAND;Bundesländer;08;Baden-Württemberg;WHGRM1;Anzahl der Räume;;Insgesamt;BAUGB5;Gebäudeart;GBD-W-WO1;Wohngebäude mit 1 Wohnung;5308;Anzahl;WOHN01;Wohnungen
31111;Statistik der Baugenehmigungen;JAHR;Jahr;2025;DLAND;Bundesländer;05;Nordrhein-Westfalen;WHGRM1;Anzahl der Räume;RMEZHL07UM;7 und mehr Räume;BAUGB5;Gebäudeart;GBD-W-ETW;Wohngebäude mit Eigentumswohnungen;30;Anzahl;WOHN01;Wohnungen
31111;Statistik der Baugenehmigungen;JAHR;Jahr;2025;DLAND;Bundesländer;12;Brandenburg;WHGRM1;Anzahl der Räume;;Insgesamt;BAUGB5;Gebäudeart;GBD-W-WO1;Wohngebäude mit 1 Wohnung;2534;Anzahl;WOHN01;Wohnungen
31111;Statistik der Baugenehmigungen;JAHR;Jahr;2025;DLAND;Bundesländer;09;Bayern;WHGRM1;Anzahl der Räume;RMEZHL03;3 Räume;BAUGB5;Gebäudeart;GBD-W-WO2;Wohngebäude mit 2 Wohnungen;603;Anzahl;WOHN01;Wohnungen
31111;Statistik der Baugenehmigungen;JAHR;Jahr;2025;DLAND;Bundesländer;02;Hamburg;WHGRM1;Anzahl der Räume;;Insgesamt;BAUGB5;Gebäudeart;GBD-W-WO3UM;Wohngebäude mit 3 oder mehr Wohnungen;4962;Anzahl;WOHN01;Wohnungen
31111;Statistik der Baugenehmigungen;JAHR;Jahr;2025;DLAND;Bundesländer;10;Saarland;WHGRM1;Anzahl der Räume;RMEZHL07UM;7 und mehr Räume;BAUGB5;Gebäudeart;GBD-W-WO2;Wohngebäude mit 2 Wohnungen;10;Anzahl;WOHN01;Wohnungen
31111;Statistik der Baugenehmigungen;JAHR;Jahr;2025;DLAND;Bundesländer;12;Brandenburg;WHGRM1;Anzahl der Räume;RMEZHL02;2 Räume;BAUGB5;Gebäudeart;GBD-W-WO1;Wohngebäude mit 1 Wohnung;85;Anzahl;WOHN01;Wohnungen
31111;Statistik der Baugenehmigungen;JAHR;Jahr;2025;DLAND;Bundesländer;01;Schleswig-Holstein;WHGRM1;Anzahl der Räume;RMEZHL04;4 Räume;BAUGB5;Gebäudeart;GBD-W-WO2;Wohngebäude mit 2 Wohnungen;181;Anzahl;WOHN01;Wohnungen
31111;Statistik der Baugenehmigungen;JAHR;Jahr;2025;DLAND;Bundesländer;08;Baden-Württemberg;WHGRM1;Anzahl der Räume;;Insgesamt;BAUGB5;Gebäudeart;GBD-W-WO3UM;Wohngebäude mit 3 oder mehr Wohnungen;14482;Anzahl;WOHN01;Wohnungen
31111;Statistik der Baugenehmigungen;JAHR;Jahr;2025;DLAND;Bundesländer;05;Nordrhein-Westfalen;WHGRM1;Anzahl der Räume;RMEZHL01;1 Raum;BAUGB5;Gebäudeart;GBD-W-WO3UM;Wohngebäude mit 3 oder mehr Wohnungen;1856;Anzahl;WOHN01;Wohnungen
31111;Statistik der Baugenehmigungen;JAHR;Jahr;2025;DLAND;Bundesländer;03;Niedersachsen;WHGRM1;Anzahl der Räume;;Insgesamt;BAUGB5;Gebäudeart;GBD-W-ETW;Wohngebäude mit Eigentumswohnungen;3700;Anzahl;WOHN01;Wohnungen
31111;Statistik der Baugenehmigungen;JAHR;Jahr;2025;DLAND;Bundesländer;15;Sachsen-Anhalt;WHGRM1;Anzahl der Räume;RMEZHL01;1 Raum;BAUGB5;Gebäudeart;GBD-W-WO3UM;Wohngebäude mit 3 oder mehr Wohnungen;80;Anzahl;WOHN01;Wohnungen
31111;Statistik der Baugenehmigungen;JAHR;Jahr;2025;DLAND;Bundesländer;02;Hamburg;WHGRM1;Anzahl der Räume;RMEZHL03;3 Räume;BAUGB5;Gebäudeart;GBD-W-WO1;Wohngebäude mit 1 Wohnung;15;Anzahl;WOHN01;Wohnungen
31111;Statistik der Baugenehmigungen;JAHR;Jahr;2025;DLAND;Bundesländer;04;Bremen;WHGRM1;Anzahl der Räume;RMEZHL05;5 Räume;BAUGB5;Gebäudeart;GBD-W-WO3UM;Wohngebäude mit 3 oder mehr Wohnungen;29;Anzahl;WOHN01;Wohnungen
31111;Statistik der Baugenehmigungen;JAHR;Jahr;2025;DLAND;Bundesländer;08;Baden-Württemberg;WHGRM1;Anzahl der Räume;RMEZHL02;2 Räume;BAUGB5;Gebäudeart;GBD-W-WH;Wohnheime;114;Anzahl;WOHN01;Wohnungen
31111;Statistik der Baugenehmigungen;JAHR;Jahr;2025;DLAND;Bundesländer;13;Mecklenburg-Vorpommern;WHGRM1;Anzahl der Räume;RMEZHL02;2 Räume;BAUGB5;Gebäudeart;GBD-W-WO2;Wohngebäude mit 2 Wohnungen;19;Anzahl;WOHN01;Wohnungen
31111;Statistik der Baugenehmigungen;JAHR;Jahr;2025;DLAND;Bundesländer;03;Niedersachsen;WHGRM1;Anzahl der Räume;RMEZHL01;1 Raum;BAUGB5;Gebäudeart;GBD-W-ETW;Wohngebäude mit Eigentumswohnungen;296;Anzahl;WOHN01;Wohnungen
31111;Statistik der Baugenehmigungen;JAHR;Jahr;2025;DLAND;Bundesländer;08;Baden-Württemberg;WHGRM1;Anzahl der Räume;RMEZHL03;3 Räume;BAUGB5;Gebäudeart;GBD-W-ETW;Wohngebäude mit Eigentumswohnungen;3392;Anzahl;WOHN01;Wohnungen
31111;Statistik der Baugenehmigungen;JAHR;Jahr;2025;DLAND;Bundesländer;12;Brandenburg;WHGRM1;Anzahl der Räume;;Insgesamt;BAUGB5;Gebäudeart;GBD-W-WH;Wohnheime;173;Anzahl;WOHN01;Wohnungen
31111;Statistik der Baugenehmigungen;JAHR;Jahr;2025;DLAND;Bundesländer;03;Niedersachsen;WHGRM1;Anzahl der Räume;RMEZHL04;4 Räume;BAUGB5;Gebäudeart;GBD-W;Wohngebäude;2791;Anzahl;WOHN01;Wohnungen
31111;Statistik der Baugenehmigungen;JAHR;Jahr;2025;DLAND;Bundesländer;04;Bremen;WHGRM1;Anzahl der Räume;;Insgesamt;BAUGB5;Gebäudeart;GBD-W-WO2;Wohngebäude mit 2 Wohnungen;32;Anzahl;WOHN01;Wohnungen
31111;Statistik der Baugenehmigungen;JAHR;Jahr;2025;DLAND;Bundesländer;16;Thüringen;WHGRM1;Anzahl der Räume;RMEZHL06;6 Räume;BAUGB5;Gebäudeart;GBD-W-WO2;Wohngebäude mit 2 Wohnungen;8;Anzahl;WOHN01;Wohnungen
31111;Statistik der Baugenehmigungen;JAHR;Jahr;2025;DLAND;Bundesländer;15;Sachsen-Anhalt;WHGRM1;Anzahl der Räume;RMEZHL07UM;7 und mehr Räume;BAUGB5;Gebäudeart;GBD-W-WO2;Wohngebäude mit 2 Wohnungen;2;Anzahl;WOHN01;Wohnungen
31111;Statistik der Baugenehmigungen;JAHR;Jahr;2025;DLAND;Bundesländer;16;Thüringen;WHGRM1;Anzahl der Räume;RMEZHL07UM;7 und mehr Räume;BAUGB5;Gebäudeart;GBD-W;Wohngebäude;181;Anzahl;WOHN01;Wohnungen
31111;Statistik der Baugenehmigungen;JAHR;Jahr;2025;DLAND;Bundesländer;15;Sachsen-Anhalt;WHGRM1;Anzahl der Räume;RMEZHL05;5 Räume;BAUGB5;Gebäudeart;GBD-W-ETW;Wohngebäude mit Eigentumswohnungen;35;Anzahl;WOHN01;Wohnungen
31111;Statistik der Baugenehmigungen;JAHR;Jahr;2025;DLAND;Bundesländer;06;Hessen;WHGRM1;Anzahl der Räume;RMEZHL07UM;7 und mehr Räume;BAUGB5;Gebäudeart;GBD-W-WH;Wohnheime;7;Anzahl;WOHN01;Wohnungen
31111;Statistik der Baugenehmigungen;JAHR;Jahr;2025;DLAND;Bundesländer;04;Bremen;WHGRM1;Anzahl der Räume;RMEZHL05;5 Räume;BAUGB5;Gebäudeart;GBD-W-WH;Wohnheime;-;Anzahl;WOHN01;Wohnungen
31111;Statistik der Baugenehmigungen;JAHR;Jahr;2025;DLAND;Bundesländer;03;Niedersachsen;WHGRM1;Anzahl der Räume;RMEZHL02;2 Räume;BAUGB5;Gebäudeart;GBD-W-ETW;Wohngebäude mit Eigentumswohnungen;1520;Anzahl;WOHN01;Wohnungen
31111;Statistik der Baugenehmigungen;JAHR;Jahr;2025;DLAND;Bundesländer;15;Sachsen-Anhalt;WHGRM1;Anzahl der Räume;RMEZHL03;3 Räume;BAUGB5;Gebäudeart;GBD-W-WO1;Wohngebäude mit 1 Wohnung;79;Anzahl;WOHN01;Wohnungen
31111;Statistik der Baugenehmigungen;JAHR;Jahr;2025;DLAND;Bundesländer;10;Saarland;WHGRM1;Anzahl der Räume;;Insgesamt;BAUGB5;Gebäudeart;GBD-W-WH;Wohnheime;146;Anzahl;WOHN01;Wohnungen
31111;Statistik der Baugenehmigungen;JAHR;Jahr;2025;DLAND;Bundesländer;10;Saarland;WHGRM1;Anzahl der Räume;RMEZHL02;2 Räume;BAUGB5;Gebäudeart;GBD-W-ETW;Wohngebäude mit Eigentumswohnungen;49;Anzahl;WOHN01;Wohnungen
31111;Statistik der Baugenehmigungen;JAHR;Jahr;2025;DLAND;Bundesländer;13;Mecklenburg-Vorpommern;WHGRM1;Anzahl der Räume;RMEZHL06;6 Räume;BAUGB5;Gebäudeart;GBD-W-WH;Wohnheime;-;Anzahl;WOHN01;Wohnungen
31111;Statistik der Baugenehmigungen;JAHR;Jahr;2025;DLAND;Bundesländer;11;Berlin;WHGRM1;Anzahl der Räume;RMEZHL04;4 Räume;BAUGB5;Gebäudeart;GBD-W-WO2;Wohngebäude mit 2 Wohnungen;27;Anzahl;WOHN01;Wohnungen
31111;Statistik der Baugenehmigungen;JAHR;Jahr;2025;DLAND;Bundesländer;05;Nordrhein-Westfalen;WHGRM1;Anzahl der Räume;RMEZHL06;6 Räume;BAUGB5;Gebäudeart;GBD-W;Wohngebäude;2574;Anzahl;WOHN01;Wohnungen
31111;Statistik der Baugenehmigungen;JAHR;Jahr;2025;DLAND;Bundesländer;04;Bremen;WHGRM1;Anzahl der Räume;RMEZHL04;4 Räume;BAUGB5;Gebäudeart;GBD-W-WO2;Wohngebäude mit 2 Wohnungen;4;Anzahl;WOHN01;Wohnungen
31111;Statistik der Baugenehmigungen;JAHR;Jahr;2025;DLAND;Bundesländer;15;Sachsen-Anhalt;WHGRM1;Anzahl der Räume;RMEZHL03;3 Räume;BAUGB5;Gebäudeart;GBD-W;Wohngebäude;460;Anzahl;WOHN01;Wohnungen
31111;Statistik der Baugenehmigungen;JAHR;Jahr;2025;DLAND;Bundesländer;07;Rheinland-Pfalz;WHGRM1;Anzahl der Räume;RMEZHL07UM;7 und mehr Räume;BAUGB5;Gebäudeart;GBD-W;Wohngebäude;1127;Anzahl;WOHN01;Wohnungen
31111;Statistik der Baugenehmigungen;JAHR;Jahr;2025;DLAND;Bundesländer;06;Hessen;WHGRM1;Anzahl der Räume;RMEZHL01;1 Raum;BAUGB5;Gebäudeart;GBD-W;Wohngebäude;1237;Anzahl;WOHN01;Wohnungen
31111;Statistik der Baugenehmigungen;JAHR;Jahr;2025;DLAND;Bundesländer;11;Berlin;WHGRM1;Anzahl der Räume;;Insgesamt;BAUGB5;Gebäudeart;GBD-W-WO2;Wohngebäude mit 2 Wohnungen;122;Anzahl;WOHN01;Wohnungen
31111;Statistik der Baugenehmigungen;JAHR;Jahr;2025;DLAND;Bundesländer;10;Saarland;WHGRM1;Anzahl der Räume;RMEZHL01;1 Raum;BAUGB5;Gebäudeart;GBD-W-ETW;Wohngebäude mit Eigentumswohnungen;-;Anzahl;WOHN01;Wohnungen
31111;Statistik der Baugenehmigungen;JAHR;Jahr;2025;DLAND;Bundesländer;12;Brandenburg;WHGRM1;Anzahl der Räume;;Insgesamt;BAUGB5;Gebäudeart;GBD-W-ETW;Wohngebäude mit Eigentumswohnungen;1005;Anzahl;WOHN01;Wohnungen
31111;Statistik der Baugenehmigungen;JAHR;Jahr;2025;DLAND;Bundesländer;11;Berlin;WHGRM1;Anzahl der Räume;RMEZHL05;5 Räume;BAUGB5;Gebäudeart;GBD-W-WO2;Wohngebäude mit 2 Wohnungen;25;Anzahl;WOHN01;Wohnungen
31111;Statistik der Baugenehmigungen;JAHR;Jahr;2025;DLAND;Bundesländer;16;Thüringen;WHGRM1;Anzahl der Räume;RMEZHL07UM;7 und mehr Räume;BAUGB5;Gebäudeart;GBD-W-WO3UM;Wohngebäude mit 3 oder mehr Wohnungen;5;Anzahl;WOHN01;Wohnungen
31111;Statistik der Baugenehmigungen;JAHR;Jahr;2025;DLAND;Bundesländer;09;Bayern;WHGRM1;Anzahl der Räume;RMEZHL06;6 Räume;BAUGB5;Gebäudeart;GBD-W-WO2;Wohngebäude mit 2 Wohnungen;470;Anzahl;WOHN01;Wohnungen
31111;Statistik der Baugenehmigungen;JAHR;Jahr;2025;DLAND;Bundesländer;08;Baden-Württemberg;WHGRM1;Anzahl der Räume;;Insgesamt;BAUGB5;Gebäudeart;GBD-W-ETW;Wohngebäude mit Eigentumswohnungen;9131;Anzahl;WOHN01;Wohnungen
31111;Statistik der Baugenehmigungen;JAHR;Jahr;2025;DLAND;Bundesländer;10;Saarland;WHGRM1;Anzahl der Räume;RMEZHL02;2 Räume;BAUGB5;Gebäudeart;GBD-W-WH;Wohnheime;4;Anzahl;WOHN01;Wohnungen
31111;Statistik der Baugenehmigungen;JAHR;Jahr;2025;DLAND;Bundesländer;10;Saarland;WHGRM1;Anzahl der Räume;RMEZHL02;2 Räume;BAUGB5;Gebäudeart;GBD-W;Wohngebäude;132;Anzahl;WOHN01;Wohnungen
31111;Statistik der Baugenehmigungen;JAHR;Jahr;2025;DLAND;Bundesländer;15;Sachsen-Anhalt;WHGRM1;Anzahl der Räume;RMEZHL04;4 Räume;BAUGB5;Gebäudeart;GBD-W-ETW;Wohngebäude mit Eigentumswohnungen;20;Anzahl;WOHN01;Wohnungen
31111;Statistik der Baugenehmigungen;JAHR;Jahr;2025;DLAND;Bundesländer;08;Baden-Württemberg;WHGRM1;Anzahl der Räume;RMEZHL07UM;7 und mehr Räume;BAUGB5;Gebäudeart;GBD-W-ETW;Wohngebäude mit Eigentumswohnungen;28;Anzahl;WOHN01;Wohnungen
31111;Statistik der Baugenehmigungen;JAHR;Jahr;2025;DLAND;Bundesländer;06;Hessen;WHGRM1;Anzahl der Räume;RMEZHL06;6 Räume;BAUGB5;Gebäudeart;GBD-W-ETW;Wohngebäude mit Eigentumswohnungen;63;Anzahl;WOHN01;Wohnungen
31111;Statistik der Baugenehmigungen;JAHR;Jahr;2025;DLAND;Bundesländer;07;Rheinland-Pfalz;WHGRM1;Anzahl der Räume;RMEZHL05;5 Räume;BAUGB5;Gebäudeart;GBD-W-WO2;Wohngebäude mit 2 Wohnungen;211;Anzahl;WOHN01;Wohnungen
31111;Statistik der Baugenehmigungen;JAHR;Jahr;2025;DLAND;Bundesländer;02;Hamburg;WHGRM1;Anzahl der Räume;RMEZHL03;3 Räume;BAUGB5;Gebäudeart;GBD-W-WO3UM;Wohngebäude mit 3 oder mehr Wohnungen;1259;Anzahl;WOHN01;Wohnungen
31111;Statistik der Baugenehmigungen;JAHR;Jahr;2025;DLAND;Bundesländer;16;Thüringen;WHGRM1;Anzahl der Räume;RMEZHL03;3 Räume;BAUGB5;Gebäudeart;GBD-W-WO2;Wohngebäude mit 2 Wohnungen;13;Anzahl;WOHN01;Wohnungen
31111;Statistik der Baugenehmigungen;JAHR;Jahr;2025;DLAND;Bundesländer;15;Sachsen-Anhalt;WHGRM1;Anzahl der Räume;;Insgesamt;BAUGB5;Gebäudeart;GBD-W-WO1;Wohngebäude mit 1 Wohnung;765;Anzahl;WOHN01;Wohnungen
31111;Statistik der Baugenehmigungen;JAHR;Jahr;2025;DLAND;Bundesländer;02;Hamburg;WHGRM1;Anzahl der Räume;RMEZHL06;6 Räume;BAUGB5;Gebäudeart;GBD-W-WO1;Wohngebäude mit 1 Wohnung;97;Anzahl;WOHN01;Wohnungen
31111;Statistik der Baugenehmigungen;JAHR;Jahr;2025;DLAND;Bundesländer;07;Rheinland-Pfalz;WHGRM1;Anzahl der Räume;RMEZHL07UM;7 und mehr Räume;BAUGB5;Gebäudeart;GBD-W-WO3UM;Wohngebäude mit 3 oder mehr Wohnungen;115;Anzahl;WOHN01;Wohnungen
31111;Statistik der Baugenehmigungen;JAHR;Jahr;2025;DLAND;Bundesländer;05;Nordrhein-Westfalen;WHGRM1;Anzahl der Räume;RMEZHL07UM;7 und mehr Räume;BAUGB5;Gebäudeart;GBD-W;Wohngebäude;2052;Anzahl;WOHN01;Wohnungen
31111;Statistik der Baugenehmigungen;JAHR;Jahr;2025;DLAND;Bundesländer;04;Bremen;WHGRM1;Anzahl der Räume;RMEZHL03;3 Räume;BAUGB5;Gebäudeart;GBD-W-WO2;Wohngebäude mit 2 Wohnungen;8;Anzahl;WOHN01;Wohnungen
31111;Statistik der Baugenehmigungen;JAHR;Jahr;2025;DLAND;Bundesländer;12;Brandenburg;WHGRM1;Anzahl der Räume;RMEZHL07UM;7 und mehr Räume;BAUGB5;Gebäudeart;GBD-W-ETW;Wohngebäude mit Eigentumswohnungen;2;Anzahl;WOHN01;Wohnungen
31111;Statistik der Baugenehmigungen;JAHR;Jahr;2025;DLAND;Bundesländer;13;Mecklenburg-Vorpommern;WHGRM1;Anzahl der Räume;RMEZHL01;1 Raum;BAUGB5;Gebäudeart;GBD-W-WO2;Wohngebäude mit 2 Wohnungen;4;Anzahl;WOHN01;Wohnungen
31111;Statistik der Baugenehmigungen;JAHR;Jahr;2025;DLAND;Bundesländer;12;Brandenburg;WHGRM1;Anzahl der Räume;RMEZHL04;4 Räume;BAUGB5;Gebäudeart;GBD-W-ETW;Wohngebäude mit Eigentumswohnungen;168;Anzahl;WOHN01;Wohnungen
31111;Statistik der Baugenehmigungen;JAHR;Jahr;2025;DLAND;Bundesländer;13;Mecklenburg-Vorpommern;WHGRM1;Anzahl der Räume;RMEZHL03;3 Räume;BAUGB5;Gebäudeart;GBD-W-ETW;Wohngebäude mit Eigentumswohnungen;119;Anzahl;WOHN01;Wohnungen
31111;Statistik der Baugenehmigungen;JAHR;Jahr;2025;DLAND;Bundesländer;04;Bremen;WHGRM1;Anzahl der Räume;RMEZHL07UM;7 und mehr Räume;BAUGB5;Gebäudeart;GBD-W-WO1;Wohngebäude mit 1 Wohnung;27;Anzahl;WOHN01;Wohnungen
31111;Statistik der Baugenehmigungen;JAHR;Jahr;2025;DLAND;Bundesländer;01;Schleswig-Holstein;WHGRM1;Anzahl der Räume;;Insgesamt;BAUGB5;Gebäudeart;GBD-W-WO3UM;Wohngebäude mit 3 oder mehr Wohnungen;5891;Anzahl;WOHN01;Wohnungen
31111;Statistik der Baugenehmigungen;JAHR;Jahr;2025;DLAND;Bundesländer;09;Bayern;WHGRM1;Anzahl der Räume;RMEZHL05;5 Räume;BAUGB5;Gebäudeart;GBD-W-WO3UM;Wohngebäude mit 3 oder mehr Wohnungen;938;Anzahl;WOHN01;Wohnungen
31111;Statistik der Baugenehmigungen;JAHR;Jahr;2025;DLAND;Bundesländer;13;Mecklenburg-Vorpommern;WHGRM1;Anzahl der Räume;;Insgesamt;BAUGB5;Gebäudeart;GBD-W-WO3UM;Wohngebäude mit 3 oder mehr Wohnungen;1700;Anzahl;WOHN01;Wohnungen
31111;Statistik der Baugenehmigungen;JAHR;Jahr;2025;DLAND;Bundesländer;09;Bayern;WHGRM1;Anzahl der Räume;RMEZHL04;4 Räume;BAUGB5;Gebäudeart;GBD-W;Wohngebäude;5868;Anzahl;WOHN01;Wohnungen
31111;Statistik der Baugenehmigungen;JAHR;Jahr;2025;DLAND;Bundesländer;02;Hamburg;WHGRM1;Anzahl der Räume;RMEZHL02;2 Räume;BAUGB5;Gebäudeart;GBD-W-WO1;Wohngebäude mit 1 Wohnung;7;Anzahl;WOHN01;Wohnungen
31111;Statistik der Baugenehmigungen;JAHR;Jahr;2025;DLAND;Bundesländer;15;Sachsen-Anhalt;WHGRM1;Anzahl der Räume;RMEZHL01;1 Raum;BAUGB5;Gebäudeart;GBD-W-WH;Wohnheime;52;Anzahl;WOHN01;Wohnungen
31111;Statistik der Baugenehmigungen;JAHR;Jahr;2025;DLAND;Bundesländer;02;Hamburg;WHGRM1;Anzahl der Räume;RMEZHL05;5 Räume;BAUGB5;Gebäudeart;GBD-W;Wohngebäude;553;Anzahl;WOHN01;Wohnungen
31111;Statistik der Baugenehmigungen;JAHR;Jahr;2025;DLAND;Bundesländer;05;Nordrhein-Westfalen;WHGRM1;Anzahl der Räume;RMEZHL03;3 Räume;BAUGB5;Gebäudeart;GBD-W-ETW;Wohngebäude mit Eigentumswohnungen;2342;Anzahl;WOHN01;Wohnungen
31111;Statistik der Baugenehmigungen;JAHR;Jahr;2025;DLAND;Bundesländer;10;Saarland;WHGRM1;Anzahl der Räume;RMEZHL01;1 Raum;BAUGB5;Gebäudeart;GBD-W-WO3UM;Wohngebäude mit 3 oder mehr Wohnungen;42;Anzahl;WOHN01;Wohnungen
31111;Statistik der Baugenehmigungen;JAHR;Jahr;2025;DLAND;Bundesländer;16;Thüringen;WHGRM1;Anzahl der Räume;RMEZHL06;6 Räume;BAUGB5;Gebäudeart;GBD-W;Wohngebäude;184;Anzahl;WOHN01;Wohnungen
31111;Statistik der Baugenehmigungen;JAHR;Jahr;2025;DLAND;Bundesländer;06;Hessen;WHGRM1;Anzahl der Räume;RMEZHL05;5 Räume;BAUGB5;Gebäudeart;GBD-W;Wohngebäude;1370;Anzahl;WOHN01;Wohnungen
31111;Statistik der Baugenehmigungen;JAHR;Jahr;2025;DLAND;Bundesländer;10;Saarland;WHGRM1;Anzahl der Räume;RMEZHL06;6 Räume;BAUGB5;Gebäudeart;GBD-W-ETW;Wohngebäude mit Eigentumswohnungen;8;Anzahl;WOHN01;Wohnungen
31111;Statistik der Baugenehmigungen;JAHR;Jahr;2025;DLAND;Bundesländer;10;Saarland;WHGRM1;Anzahl der Räume;RMEZHL01;1 Raum;BAUGB5;Gebäudeart;GBD-W-WO2;Wohngebäude mit 2 Wohnungen;2;Anzahl;WOHN01;Wohnungen
31111;Statistik der Baugenehmigungen;JAHR;Jahr;2025;DLAND;Bundesländer;15;Sachsen-Anhalt;WHGRM1;Anzahl der Räume;RMEZHL07UM;7 und mehr Räume;BAUGB5;Gebäudeart;GBD-W-ETW;Wohngebäude mit Eigentumswohnungen;3;Anzahl;WOHN01;Wohnungen
31111;Statistik der Baugenehmigungen;JAHR;Jahr;2025;DLAND;Bundesländer;09;Bayern;WHGRM1;Anzahl der Räume;RMEZHL02;2 Räume;BAUGB5;Gebäudeart;GBD-W-WO2;Wohngebäude mit 2 Wohnungen;458;Anzahl;WOHN01;Wohnungen
31111;Statistik der Baugenehmigungen;JAHR;Jahr;2025;DLAND;Bundesländer;06;Hessen;WHGRM1;Anzahl der Räume;RMEZHL06;6 Räume;BAUGB5;Gebäudeart;GBD-W-WH;Wohnheime;-;Anzahl;WOHN01;Wohnungen
31111;Statistik der Baugenehmigungen;JAHR;Jahr;2025;DLAND;Bundesländer;07;Rheinland-Pfalz;WHGRM1;Anzahl der Räume;;Insgesamt;BAUGB5;Gebäudeart;GBD-W-WO2;Wohngebäude mit 2 Wohnungen;964;Anzahl;WOHN01;Wohnungen
31111;Statistik der Baugenehmigungen;JAHR;Jahr;2025;DLAND;Bundesländer;05;Nordrhein-Westfalen;WHGRM1;Anzahl der Räume;RMEZHL06;6 Räume;BAUGB5;Gebäudeart;GBD-W-WO3UM;Wohngebäude mit 3 oder mehr Wohnungen;319;Anzahl;WOHN01;Wohnungen
31111;Statistik der Baugenehmigungen;JAHR;Jahr;2025;DLAND;Bundesländer;16;Thüringen;WHGRM1;Anzahl der Räume;RMEZHL02;2 Räume;BAUGB5;Gebäudeart;GBD-W-WO2;Wohngebäude mit 2 Wohnungen;10;Anzahl;WOHN01;Wohnungen
31111;Statistik der Baugenehmigungen;JAHR;Jahr;2025;DLAND;Bundesländer;04;Bremen;WHGRM1;Anzahl der Räume;RMEZHL03;3 Räume;BAUGB5;Gebäudeart;GBD-W;Wohngebäude;283;Anzahl;WOHN01;Wohnungen
31111;Statistik der Baugenehmigungen;JAHR;Jahr;2025;DLAND;Bundesländer;07;Rheinland-Pfalz;WHGRM1;Anzahl der Räume;RMEZHL04;4 Räume;BAUGB5;Gebäudeart;GBD-W-WO2;Wohngebäude mit 2 Wohnungen;183;Anzahl;WOHN01;Wohnungen
31111;Statistik der Baugenehmigungen;JAHR;Jahr;2025;DLAND;Bundesländer;13;Mecklenburg-Vorpommern;WHGRM1;Anzahl der Räume;RMEZHL06;6 Räume;BAUGB5;Gebäudeart;GBD-W-WO2;Wohngebäude mit 2 Wohnungen;16;Anzahl;WOHN01;Wohnungen
31111;Statistik der Baugenehmigungen;JAHR;Jahr;2025;DLAND;Bundesländer;06;Hessen;WHGRM1;Anzahl der Räume;RMEZHL02;2 Räume;BAUGB5;Gebäudeart;GBD-W-ETW;Wohngebäude mit Eigentumswohnungen;1577;Anzahl;WOHN01;Wohnungen
31111;Statistik der Baugenehmigungen;JAHR;Jahr;2025;DLAND;Bundesländer;11;Berlin;WHGRM1;Anzahl der Räume;RMEZHL07UM;7 und mehr Räume;BAUGB5;Gebäudeart;GBD-W-WO3UM;Wohngebäude mit 3 oder mehr Wohnungen;9;Anzahl;WOHN01;Wohnungen
31111;Statistik der Baugenehmigungen;JAHR;Jahr;2025;DLAND;Bundesländer;08;Baden-Württemberg;WHGRM1;Anzahl der Räume;RMEZHL03;3 Räume;BAUGB5;Gebäudeart;GBD-W-WO1;Wohngebäude mit 1 Wohnung;176;Anzahl;WOHN01;Wohnungen
31111;Statistik der Baugenehmigungen;JAHR;Jahr;2025;DLAND;Bundesländer;07;Rheinland-Pfalz;WHGRM1;Anzahl der Räume;RMEZHL06;6 Räume;BAUGB5;Gebäudeart;GBD-W;Wohngebäude;999;Anzahl;WOHN01;Wohnungen
31111;Statistik der Baugenehmigungen;JAHR;Jahr;2025;DLAND;Bundesländer;11;Berlin;WHGRM1;Anzahl der Räume;RMEZHL07UM;7 und mehr Räume;BAUGB5;Gebäudeart;GBD-W-WO1;Wohngebäude mit 1 Wohnung;118;Anzahl;WOHN01;Wohnungen
31111;Statistik der Baugenehmigungen;JAHR;Jahr;2025;DLAND;Bundesländer;02;Hamburg;WHGRM1;Anzahl der Räume;RMEZHL03;3 Räume;BAUGB5;Gebäudeart;GBD-W-WH;Wohnheime;63;Anzahl;WOHN01;Wohnungen
31111;Statistik der Baugenehmigungen;JAHR;Jahr;2025;DLAND;Bundesländer;03;Niedersachsen;WHGRM1;Anzahl der Räume;RMEZHL06;6 Räume;BAUGB5;Gebäudeart;GBD-W-ETW;Wohngebäude mit Eigentumswohnungen;113;Anzahl;WOHN01;Wohnungen
31111;Statistik der Baugenehmigungen;JAHR;Jahr;2025;DLAND;Bundesländer;12;Brandenburg;WHGRM1;Anzahl der Räume;RMEZHL03;3 Räume;BAUGB5;Gebäudeart;GBD-W-WO1;Wohngebäude mit 1 Wohnung;270;Anzahl;WOHN01;Wohnungen
31111;Statistik der Baugenehmigungen;JAHR;Jahr;2025;DLAND;Bundesländer;11;Berlin;WHGRM1;Anzahl der Räume;RMEZHL04;4 Räume;BAUGB5;Gebäudeart;GBD-W-WH;Wohnheime;-;Anzahl;WOHN01;Wohnungen
31111;Statistik der Baugenehmigungen;JAHR;Jahr;2025;DLAND;Bundesländer;12;Brandenburg;WHGRM1;Anzahl der Räume;RMEZHL04;4 Räume;BAUGB5;Gebäudeart;GBD-W;Wohngebäude;1248;Anzahl;WOHN01;Wohnungen
31111;Statistik der Baugenehmigungen;JAHR;Jahr;2025;DLAND;Bundesländer;14;Sachsen;WHGRM1;Anzahl der Räume;RMEZHL04;4 Räume;BAUGB5;Gebäudeart;GBD-W;Wohngebäude;1580;Anzahl;WOHN01;Wohnungen
31111;Statistik der Baugenehmigungen;JAHR;Jahr;2025;DLAND;Bundesländer;06;Hessen;WHGRM1;Anzahl der Räume;RMEZHL01;1 Raum;BAUGB5;Gebäudeart;GBD-W-WO3UM;Wohngebäude mit 3 oder mehr Wohnungen;836;Anzahl;WOHN01;Wohnungen
31111;Statistik der Baugenehmigungen;JAHR;Jahr;2025;DLAND;Bundesländer;13;Mecklenburg-Vorpommern;WHGRM1;Anzahl der Räume;RMEZHL05;5 Räume;BAUGB5;Gebäudeart;GBD-W-WO3UM;Wohngebäude mit 3 oder mehr Wohnungen;108;Anzahl;WOHN01;Wohnungen
31111;Statistik der Baugenehmigungen;JAHR;Jahr;2025;DLAND;Bundesländer;08;Baden-Württemberg;WHGRM1;Anzahl der Räume;RMEZHL04;4 Räume;BAUGB5;Gebäudeart;GBD-W-ETW;Wohngebäude mit Eigentumswohnungen;1864;Anzahl;WOHN01;Wohnungen
31111;Statistik der Baugenehmigungen;JAHR;Jahr;2025;DLAND;Bundesländer;01;Schleswig-Holstein;WHGRM1;Anzahl der Räume;RMEZHL03;3 Räume;BAUGB5;Gebäudeart;GBD-W-WO2;Wohngebäude mit 2 Wohnungen;202;Anzahl;WOHN01;Wohnungen
31111;Statistik der Baugenehmigungen;JAHR;Jahr;2025;DLAND;Bundesländer;11;Berlin;WHGRM1;Anzahl der Räume;RMEZHL05;5 Räume;BAUGB5;Gebäudeart;GBD-W;Wohngebäude;564;Anzahl;WOHN01;Wohnungen
31111;Statistik der Baugenehmigungen;JAHR;Jahr;2025;DLAND;Bundesländer;08;Baden-Württemberg;WHGRM1;Anzahl der Räume;RMEZHL05;5 Räume;BAUGB5;Gebäudeart;GBD-W;Wohngebäude;2586;Anzahl;WOHN01;Wohnungen
31111;Statistik der Baugenehmigungen;JAHR;Jahr;2025;DLAND;Bundesländer;05;Nordrhein-Westfalen;WHGRM1;Anzahl der Räume;RMEZHL05;5 Räume;BAUGB5;Gebäudeart;GBD-W-WO3UM;Wohngebäude mit 3 oder mehr Wohnungen;1256;Anzahl;WOHN01;Wohnungen
31111;Statistik der Baugenehmigungen;JAHR;Jahr;2025;DLAND;Bundesländer;09;Bayern;WHGRM1;Anzahl der Räume;;Insgesamt;BAUGB5;Gebäudeart;GBD-W-WO3UM;Wohngebäude mit 3 oder mehr Wohnungen;26851;Anzahl;WOHN01;Wohnungen
31111;Statistik der Baugenehmigungen;JAHR;Jahr;2025;DLAND;Bundesländer;06;Hessen;WHGRM1;Anzahl der Räume;RMEZHL01;1 Raum;BAUGB5;Gebäudeart;GBD-W-WO2;Wohngebäude mit 2 Wohnungen;24;Anzahl;WOHN01;Wohnungen
31111;Statistik der Baugenehmigungen;JAHR;Jahr;2025;DLAND;Bundesländer;15;Sachsen-Anhalt;WHGRM1;Anzahl der Räume;;Insgesamt;BAUGB5;Gebäudeart;GBD-W-ETW;Wohngebäude mit Eigentumswohnungen;232;Anzahl;WOHN01;Wohnungen
31111;Statistik der Baugenehmigungen;JAHR;Jahr;2025;DLAND;Bundesländer;15;Sachsen-Anhalt;WHGRM1;Anzahl der Räume;RMEZHL04;4 Räume;BAUGB5;Gebäudeart;GBD-W-WO1;Wohngebäude mit 1 Wohnung;164;Anzahl;WOHN01;Wohnungen
31111;Statistik der Baugenehmigungen;JAHR;Jahr;2025;DLAND;Bundesländer;01;Schleswig-Holstein;WHGRM1;Anzahl der Räume;RMEZHL04;4 Räume;BAUGB5;Gebäudeart;GBD-W;Wohngebäude;1537;Anzahl;WOHN01;Wohnungen
31111;Statistik der Baugenehmigungen;JAHR;Jahr;2025;DLAND;Bundesländer;14;Sachsen;WHGRM1;Anzahl der Räume;RMEZHL01;1 Raum;BAUGB5;Gebäudeart;GBD-W-WO3UM;Wohngebäude mit 3 oder mehr Wohnungen;604;Anzahl;WOHN01;Wohnungen
31111;Statistik der Baugenehmigungen;JAHR;Jahr;2025;DLAND;Bundesländer;13;Mecklenburg-Vorpommern;WHGRM1;Anzahl der Räume;RMEZHL05;5 Räume;BAUGB5;Gebäudeart;GBD-W;Wohngebäude;417;Anzahl;WOHN01;Wohnungen
31111;Statistik der Baugenehmigungen;JAHR;Jahr;2025;DLAND;Bundesländer;14;Sachsen;WHGRM1;Anzahl der Räume;RMEZHL05;5 Räume;BAUGB5;Gebäudeart;GBD-W-WO2;Wohngebäude mit 2 Wohnungen;34;Anzahl;WOHN01;Wohnungen
31111;Statistik der Baugenehmigungen;JAHR;Jahr;2025;DLAND;Bundesländer;14;Sachsen;WHGRM1;Anzahl der Räume;RMEZHL05;5 Räume;BAUGB5;Gebäudeart;GBD-W-WH;Wohnheime;-;Anzahl;WOHN01;Wohnungen
31111;Statistik der Baugenehmigungen;JAHR;Jahr;2025;DLAND;Bundesländer;05;Nordrhein-Westfalen;WHGRM1;Anzahl der Räume;RMEZHL06;6 Räume;BAUGB5;Gebäudeart;GBD-W-ETW;Wohngebäude mit Eigentumswohnungen;69;Anzahl;WOHN01;Wohnungen
31111;Statistik der Baugenehmigungen;JAHR;Jahr;2025;DLAND;Bundesländer;09;Bayern;WHGRM1;Anzahl der Räume;RMEZHL02;2 Räume;BAUGB5;Gebäudeart;GBD-W-ETW;Wohngebäude mit Eigentumswohnungen;4808;Anzahl;WOHN01;Wohnungen
31111;Statistik der Baugenehmigungen;JAHR;Jahr;2025;DLAND;Bundesländer;12;Brandenburg;WHGRM1;Anzahl der Räume;RMEZHL07UM;7 und mehr Räume;BAUGB5;Gebäudeart;GBD-W;Wohngebäude;305;Anzahl;WOHN01;Wohnungen
31111;Statistik der Baugenehmigungen;JAHR;Jahr;2025;DLAND;Bundesländer;09;Bayern;WHGRM1;Anzahl der Räume;RMEZHL03;3 Räume;BAUGB5;Gebäudeart;GBD-W-WO3UM;Wohngebäude mit 3 oder mehr Wohnungen;8187;Anzahl;WOHN01;Wohnungen
31111;Statistik der Baugenehmigungen;JAHR;Jahr;2025;DLAND;Bundesländer;10;Saarland;WHGRM1;Anzahl der Räume;RMEZHL03;3 Räume;BAUGB5;Gebäudeart;GBD-W-WO3UM;Wohngebäude mit 3 oder mehr Wohnungen;170;Anzahl;WOHN01;Wohnungen
31111;Statistik der Baugenehmigungen;JAHR;Jahr;2025;DLAND;Bundesländer;05;Nordrhein-Westfalen;WHGRM1;Anzahl der Räume;RMEZHL07UM;7 und mehr Räume;BAUGB5;Gebäudeart;GBD-W-WO3UM;Wohngebäude mit 3 oder mehr Wohnungen;118;Anzahl;WOHN01;Wohnungen
31111;Statistik der Baugenehmigungen;JAHR;Jahr;2025;DLAND;Bundesländer;03;Niedersachsen;WHGRM1;Anzahl der Räume;RMEZHL05;5 Räume;BAUGB5;Gebäudeart;GBD-W-WO1;Wohngebäude mit 1 Wohnung;1275;Anzahl;WOHN01;Wohnungen
31111;Statistik der Baugenehmigungen;JAHR;Jahr;2025;DLAND;Bundesländer;09;Bayern;WHGRM1;Anzahl der Räume;RMEZHL02;2 Räume;BAUGB5;Gebäudeart;GBD-W-WH;Wohnheime;167;Anzahl;WOHN01;Wohnungen
31111;Statistik der Baugenehmigungen;JAHR;Jahr;2025;DLAND;Bundesländer;01;Schleswig-Holstein;WHGRM1;Anzahl der Räume;RMEZHL04;4 Räume;BAUGB5;Gebäudeart;GBD-W-WO3UM;Wohngebäude mit 3 oder mehr Wohnungen;883;Anzahl;WOHN01;Wohnungen
31111;Statistik der Baugenehmigungen;JAHR;Jahr;2025;DLAND;Bundesländer;14;Sachsen;WHGRM1;Anzahl der Räume;;Insgesamt;BAUGB5;Gebäudeart;GBD-W-WO1;Wohngebäude mit 1 Wohnung;1589;Anzahl;WOHN01;Wohnungen
31111;Statistik der Baugenehmigungen;JAHR;Jahr;2025;DLAND;Bundesländer;14;Sachsen;WHGRM1;Anzahl der Räume;RMEZHL01;1 Raum;BAUGB5;Gebäudeart;GBD-W-WO2;Wohngebäude mit 2 Wohnungen;5;Anzahl;WOHN01;Wohnungen
31111;Statistik der Baugenehmigungen;JAHR;Jahr;2025;DLAND;Bundesländer;01;Schleswig-Holstein;WHGRM1;Anzahl der Räume;RMEZHL06;6 Räume;BAUGB5;Gebäudeart;GBD-W;Wohngebäude;554;Anzahl;WOHN01;Wohnungen
31111;Statistik der Baugenehmigungen;JAHR;Jahr;2025;DLAND;Bundesländer;05;Nordrhein-Westfalen;WHGRM1;Anzahl der Räume;RMEZHL07UM;7 und mehr Räume;BAUGB5;Gebäudeart;GBD-W-WO2;Wohngebäude mit 2 Wohnungen;154;Anzahl;WOHN01;Wohnungen
31111;Statistik der Baugenehmigungen;JAHR;Jahr;2025;DLAND;Bundesländer;16;Thüringen;WHGRM1;Anzahl der Räume;RMEZHL03;3 Räume;BAUGB5;Gebäudeart;GBD-W-ETW;Wohngebäude mit Eigentumswohnungen;47;Anzahl;WOHN01;Wohnungen
31111;Statistik der Baugenehmigungen;JAHR;Jahr;2025;DLAND;Bundesländer;03;Niedersachsen;WHGRM1;Anzahl der Räume;;Insgesamt;BAUGB5;Gebäudeart;GBD-W-WO2;Wohngebäude mit 2 Wohnungen;1784;Anzahl;WOHN01;Wohnungen
31111;Statistik der Baugenehmigungen;JAHR;Jahr;2025;DLAND;Bundesländer;09;Bayern;WHGRM1;Anzahl der Räume;RMEZHL01;1 Raum;BAUGB5;Gebäudeart;GBD-W-ETW;Wohngebäude mit Eigentumswohnungen;3048;Anzahl;WOHN01;Wohnungen
31111;Statistik der Baugenehmigungen;JAHR;Jahr;2025;DLAND;Bundesländer;09;Bayern;WHGRM1;Anzahl der Räume;RMEZHL03;3 Räume;BAUGB5;Gebäudeart;GBD-W-WH;Wohnheime;100;Anzahl;WOHN01;Wohnungen
31111;Statistik der Baugenehmigungen;JAHR;Jahr;2025;DLAND;Bundesländer;13;Mecklenburg-Vorpommern;WHGRM1;Anzahl der Räume;RMEZHL01;1 Raum;BAUGB5;Gebäudeart;GBD-W-ETW;Wohngebäude mit Eigentumswohnungen;1;Anzahl;WOHN01;Wohnungen
31111;Statistik der Baugenehmigungen;JAHR;Jahr;2025;DLAND;Bundesländer;15;Sachsen-Anhalt;WHGRM1;Anzahl der Räume;RMEZHL02;2 Räume;BAUGB5;Gebäudeart;GBD-W-WO3UM;Wohngebäude mit 3 oder mehr Wohnungen;378;Anzahl;WOHN01;Wohnungen
31111;Statistik der Baugenehmigungen;JAHR;Jahr;2025;DLAND;Bundesländer;01;Schleswig-Holstein;WHGRM1;Anzahl der Räume;RMEZHL04;4 Räume;BAUGB5;Gebäudeart;GBD-W-WH;Wohnheime;3;Anzahl;WOHN01;Wohnungen
31111;Statistik der Baugenehmigungen;JAHR;Jahr;2025;DLAND;Bundesländer;06;Hessen;WHGRM1;Anzahl der Räume;RMEZHL06;6 Räume;BAUGB5;Gebäudeart;GBD-W-WO2;Wohngebäude mit 2 Wohnungen;76;Anzahl;WOHN01;Wohnungen
31111;Statistik der Baugenehmigungen;JAHR;Jahr;2025;DLAND;Bundesländer;04;Bremen;WHGRM1;Anzahl der Räume;RMEZHL04;4 Räume;BAUGB5;Gebäudeart;GBD-W-WO3UM;Wohngebäude mit 3 oder mehr Wohnungen;96;Anzahl;WOHN01;Wohnungen
31111;Statistik der Baugenehmigungen;JAHR;Jahr;2025;DLAND;Bundesländer;10;Saarland;WHGRM1;Anzahl der Räume;RMEZHL05;5 Räume;BAUGB5;Gebäudeart;GBD-W-WO1;Wohngebäude mit 1 Wohnung;55;Anzahl;WOHN01;Wohnungen
31111;Statistik der Baugenehmigungen;JAHR;Jahr;2025;DLAND;Bundesländer;09;Bayern;WHGRM1;Anzahl der Räume;;Insgesamt;BAUGB5;Gebäudeart;GBD-W-ETW;Wohngebäude mit Eigentumswohnungen;14628;Anzahl;WOHN01;Wohnungen
31111;Statistik der Baugenehmigungen;JAHR;Jahr;2025;DLAND;Bundesländer;12;Brandenburg;WHGRM1;Anzahl der Räume;RMEZHL02;2 Räume;BAUGB5;Gebäudeart;GBD-W-WO3UM;Wohngebäude mit 3 oder mehr Wohnungen;1566;Anzahl;WOHN01;Wohnungen
31111;Statistik der Baugenehmigungen;JAHR;Jahr;2025;DLAND;Bundesländer;14;Sachsen;WHGRM1;Anzahl der Räume;RMEZHL03;3 Räume;BAUGB5;Gebäudeart;GBD-W-WO2;Wohngebäude mit 2 Wohnungen;15;Anzahl;WOHN01;Wohnungen
31111;Statistik der Baugenehmigungen;JAHR;Jahr;2025;DLAND;Bundesländer;03;Niedersachsen;WHGRM1;Anzahl der Räume;RMEZHL07UM;7 und mehr Räume;BAUGB5;Gebäudeart;GBD-W-WH;Wohnheime;-;Anzahl;WOHN01;Wohnungen
31111;Statistik der Baugenehmigungen;JAHR;Jahr;2025;DLAND;Bundesländer;15;Sachsen-Anhalt;WHGRM1;Anzahl der Räume;RMEZHL07UM;7 und mehr Räume;BAUGB5;Gebäudeart;GBD-W;Wohngebäude;129;Anzahl;WOHN01;Wohnungen
31111;Statistik der Baugenehmigungen;JAHR;Jahr;2025;DLAND;Bundesländer;05;Nordrhein-Westfalen;WHGRM1;Anzahl der Räume;RMEZHL05;5 Räume;BAUGB5;Gebäudeart;GBD-W-WH;Wohnheime;15;Anzahl;WOHN01;Wohnungen
31111;Statistik der Baugenehmigungen;JAHR;Jahr;2025;DLAND;Bundesländer;02;Hamburg;WHGRM1;Anzahl der Räume;RMEZHL04;4 Räume;BAUGB5;Gebäudeart;GBD-W-ETW;Wohngebäude mit Eigentumswohnungen;189;Anzahl;WOHN01;Wohnungen
31111;Statistik der Baugenehmigungen;JAHR;Jahr;2025;DLAND;Bundesländer;10;Saarland;WHGRM1;Anzahl der Räume;RMEZHL06;6 Räume;BAUGB5;Gebäudeart;GBD-W-WO2;Wohngebäude mit 2 Wohnungen;12;Anzahl;WOHN01;Wohnungen
31111;Statistik der Baugenehmigungen;JAHR;Jahr;2025;DLAND;Bundesländer;06;Hessen;WHGRM1;Anzahl der Räume;;Insgesamt;BAUGB5;Gebäudeart;GBD-W;Wohngebäude;12752;Anzahl;WOHN01;Wohnungen
31111;Statistik der Baugenehmigungen;JAHR;Jahr;2025;DLAND;Bundesländer;02;Hamburg;WHGRM1;Anzahl der Räume;RMEZHL07UM;7 und mehr Räume;BAUGB5;Gebäudeart;GBD-W-WO3UM;Wohngebäude mit 3 oder mehr Wohnungen;22;Anzahl;WOHN01;Wohnungen
31111;Statistik der Baugenehmigungen;JAHR;Jahr;2025;DLAND;Bundesländer;07;Rheinland-Pfalz;WHGRM1;Anzahl der Räume;RMEZHL04;4 Räume;BAUGB5;Gebäudeart;GBD-W-WO3UM;Wohngebäude mit 3 oder mehr Wohnungen;1002;Anzahl;WOHN01;Wohnungen
31111;Statistik der Baugenehmigungen;JAHR;Jahr;2025;DLAND;Bundesländer;07;Rheinland-Pfalz;WHGRM1;Anzahl der Räume;RMEZHL02;2 Räume;BAUGB5;Gebäudeart;GBD-W;Wohngebäude;2125;Anzahl;WOHN01;Wohnungen
31111;Statistik der Baugenehmigungen;JAHR;Jahr;2025;DLAND;Bundesländer;16;Thüringen;WHGRM1;Anzahl der Räume;RMEZHL01;1 Raum;BAUGB5;Gebäudeart;GBD-W;Wohngebäude;314;Anzahl;WOHN01;Wohnungen
31111;Statistik der Baugenehmigungen;JAHR;Jahr;2025;DLAND;Bundesländer;13;Mecklenburg-Vorpommern;WHGRM1;Anzahl der Räume;RMEZHL02;2 Räume;BAUGB5;Gebäudeart;GBD-W-ETW;Wohngebäude mit Eigentumswohnungen;95;Anzahl;WOHN01;Wohnungen
31111;Statistik der Baugenehmigungen;JAHR;Jahr;2025;DLAND;Bundesländer;11;Berlin;WHGRM1;Anzahl der Räume;RMEZHL07UM;7 und mehr Räume;BAUGB5;Gebäudeart;GBD-W-ETW;Wohngebäude mit Eigentumswohnungen;2;Anzahl;WOHN01;Wohnungen
31111;Statistik der Baugenehmigungen;JAHR;Jahr;2025;DLAND;Bundesländer;14;Sachsen;WHGRM1;Anzahl der Räume;RMEZHL02;2 Räume;BAUGB5;Gebäudeart;GBD-W-WO2;Wohngebäude mit 2 Wohnungen;19;Anzahl;WOHN01;Wohnungen
31111;Statistik der Baugenehmigungen;JAHR;Jahr;2025;DLAND;Bundesländer;05;Nordrhein-Westfalen;WHGRM1;Anzahl der Räume;RMEZHL05;5 Räume;BAUGB5;Gebäudeart;GBD-W-ETW;Wohngebäude mit Eigentumswohnungen;296;Anzahl;WOHN01;Wohnungen
31111;Statistik der Baugenehmigungen;JAHR;Jahr;2025;DLAND;Bundesländer;10;Saarland;WHGRM1;Anzahl der Räume;RMEZHL04;4 Räume;BAUGB5;Gebäudeart;GBD-W-WO1;Wohngebäude mit 1 Wohnung;31;Anzahl;WOHN01;Wohnungen
31111;Statistik der Baugenehmigungen;JAHR;Jahr;2025;DLAND;Bundesländer;14;Sachsen;WHGRM1;Anzahl der Räume;RMEZHL02;2 Räume;BAUGB5;Gebäudeart;GBD-W;Wohngebäude;1444;Anzahl;WOHN01;Wohnungen
31111;Statistik der Baugenehmigungen;JAHR;Jahr;2025;DLAND;Bundesländer;02;Hamburg;WHGRM1;Anzahl der Räume;RMEZHL03;3 Räume;BAUGB5;Gebäudeart;GBD-W-ETW;Wohngebäude mit Eigentumswohnungen;309;Anzahl;WOHN01;Wohnungen
31111;Statistik der Baugenehmigungen;JAHR;Jahr;2025;DLAND;Bundesländer;05;Nordrhein-Westfalen;WHGRM1;Anzahl der Räume;RMEZHL03;3 Räume;BAUGB5;Gebäudeart;GBD-W-WH;Wohnheime;149;Anzahl;WOHN01;Wohnungen
31111;Statistik der Baugenehmigungen;JAHR;Jahr;2025;DLAND;Bundesländer;16;Thüringen;WHGRM1;Anzahl der Räume;RMEZHL07UM;7 und mehr Räume;BAUGB5;Gebäudeart;GBD-W-WO1;Wohngebäude mit 1 Wohnung;169;Anzahl;WOHN01;Wohnungen
31111;Statistik der Baugenehmigungen;JAHR;Jahr;2025;DLAND;Bundesländer;08;Baden-Württemberg;WHGRM1;Anzahl der Räume;RMEZHL07UM;7 und mehr Räume;BAUGB5;Gebäudeart;GBD-W-WO3UM;Wohngebäude mit 3 oder mehr Wohnungen;70;Anzahl;WOHN01;Wohnungen
31111;Statistik der Baugenehmigungen;JAHR;Jahr;2025;DLAND;Bundesländer;01;Schleswig-Holstein;WHGRM1;Anzahl der Räume;RMEZHL07UM;7 und mehr Räume;BAUGB5;Gebäudeart;GBD-W;Wohngebäude;477;Anzahl;WOHN01;Wohnungen
31111;Statistik der Baugenehmigungen;JAHR;Jahr;2025;DLAND;Bundesländer;09;Bayern;WHGRM1;Anzahl der Räume;RMEZHL05;5 Räume;BAUGB5;Gebäudeart;GBD-W-WH;Wohnheime;2;Anzahl;WOHN01;Wohnungen
31111;Statistik der Baugenehmigungen;JAHR;Jahr;2025;DLAND;Bundesländer;10;Saarland;WHGRM1;Anzahl der Räume;;Insgesamt;BAUGB5;Gebäudeart;GBD-W;Wohngebäude;1104;Anzahl;WOHN01;Wohnungen
31111;Statistik der Baugenehmigungen;JAHR;Jahr;2025;DLAND;Bundesländer;13;Mecklenburg-Vorpommern;WHGRM1;Anzahl der Räume;;Insgesamt;BAUGB5;Gebäudeart;GBD-W;Wohngebäude;2875;Anzahl;WOHN01;Wohnungen
31111;Statistik der Baugenehmigungen;JAHR;Jahr;2025;DLAND;Bundesländer;01;Schleswig-Holstein;WHGRM1;Anzahl der Räume;RMEZHL06;6 Räume;BAUGB5;Gebäudeart;GBD-W-WH;Wohnheime;-;Anzahl;WOHN01;Wohnungen
31111;Statistik der Baugenehmigungen;JAHR;Jahr;2025;DLAND;Bundesländer;05;Nordrhein-Westfalen;WHGRM1;Anzahl der Räume;RMEZHL01;1 Raum;BAUGB5;Gebäudeart;GBD-W;Wohngebäude;3713;Anzahl;WOHN01;Wohnungen
31111;Statistik der Baugenehmigungen;JAHR;Jahr;2025;DLAND;Bundesländer;02;Hamburg;WHGRM1;Anzahl der Räume;RMEZHL01;1 Raum;BAUGB5;Gebäudeart;GBD-W;Wohngebäude;660;Anzahl;WOHN01;Wohnungen
31111;Statistik der Baugenehmigungen;JAHR;Jahr;2025;DLAND;Bundesländer;14;Sachsen;WHGRM1;Anzahl der Räume;RMEZHL01;1 Raum;BAUGB5;Gebäudeart;GBD-W-WH;Wohnheime;-;Anzahl;WOHN01;Wohnungen
31111;Statistik der Baugenehmigungen;JAHR;Jahr;2025;DLAND;Bundesländer;07;Rheinland-Pfalz;WHGRM1;Anzahl der Räume;RMEZHL03;3 Räume;BAUGB5;Gebäudeart;GBD-W-WO2;Wohngebäude mit 2 Wohnungen;170;Anzahl;WOHN01;Wohnungen
31111;Statistik der Baugenehmigungen;JAHR;Jahr;2025;DLAND;Bundesländer;14;Sachsen;WHGRM1;Anzahl der Räume;RMEZHL06;6 Räume;BAUGB5;Gebäudeart;GBD-W-WO1;Wohngebäude mit 1 Wohnung;392;Anzahl;WOHN01;Wohnungen
31111;Statistik der Baugenehmigungen;JAHR;Jahr;2025;DLAND;Bundesländer;07;Rheinland-Pfalz;WHGRM1;Anzahl der Räume;RMEZHL07UM;7 und mehr Räume;BAUGB5;Gebäudeart;GBD-W-ETW;Wohngebäude mit Eigentumswohnungen;46;Anzahl;WOHN01;Wohnungen
31111;Statistik der Baugenehmigungen;JAHR;Jahr;2025;DLAND;Bundesländer;01;Schleswig-Holstein;WHGRM1;Anzahl der Räume;RMEZHL02;2 Räume;BAUGB5;Gebäudeart;GBD-W-WO3UM;Wohngebäude mit 3 oder mehr Wohnungen;2569;Anzahl;WOHN01;Wohnungen
31111;Statistik der Baugenehmigungen;JAHR;Jahr;2025;DLAND;Bundesländer;09;Bayern;WHGRM1;Anzahl der Räume;RMEZHL01;1 Raum;BAUGB5;Gebäudeart;GBD-W-WO3UM;Wohngebäude mit 3 oder mehr Wohnungen;5176;Anzahl;WOHN01;Wohnungen
31111;Statistik der Baugenehmigungen;JAHR;Jahr;2025;DLAND;Bundesländer;10;Saarland;WHGRM1;Anzahl der Räume;RMEZHL05;5 Räume;BAUGB5;Gebäudeart;GBD-W-WO3UM;Wohngebäude mit 3 oder mehr Wohnungen;38;Anzahl;WOHN01;Wohnungen
31111;Statistik der Baugenehmigungen;JAHR;Jahr;2025;DLAND;Bundesländer;14;Sachsen;WHGRM1;Anzahl der Räume;RMEZHL04;4 Räume;BAUGB5;Gebäudeart;GBD-W-WO2;Wohngebäude mit 2 Wohnungen;29;Anzahl;WOHN01;Wohnungen
31111;Statistik der Baugenehmigungen;JAHR;Jahr;2025;DLAND;Bundesländer;06;Hessen;WHGRM1;Anzahl der Räume;RMEZHL05;5 Räume;BAUGB5;Gebäudeart;GBD-W-WO1;Wohngebäude mit 1 Wohnung;645;Anzahl;WOHN01;Wohnungen
31111;Statistik der Baugenehmigungen;JAHR;Jahr;2025;DLAND;Bundesländer;13;Mecklenburg-Vorpommern;WHGRM1;Anzahl der Räume;RMEZHL01;1 Raum;BAUGB5;Gebäudeart;GBD-W;Wohngebäude;115;Anzahl;WOHN01;Wohnungen
31111;Statistik der Baugenehmigungen;JAHR;Jahr;2025;DLAND;Bundesländer;01;Schleswig-Holstein;WHGRM1;Anzahl der Räume;RMEZHL01;1 Raum;BAUGB5;Gebäudeart;GBD-W-WH;Wohnheime;39;Anzahl;WOHN01;Wohnungen
31111;Statistik der Baugenehmigungen;JAHR;Jahr;2025;DLAND;Bundesländer;03;Niedersachsen;WHGRM1;Anzahl der Räume;RMEZHL06;6 Räume;BAUGB5;Gebäudeart;GBD-W-WO2;Wohngebäude mit 2 Wohnungen;179;Anzahl;WOHN01;Wohnungen
31111;Statistik der Baugenehmigungen;JAHR;Jahr;2025;DLAND;Bundesländer;03;Niedersachsen;WHGRM1;Anzahl der Räume;;Insgesamt;BAUGB5;Gebäudeart;GBD-W;Wohngebäude;18289;Anzahl;WOHN01;Wohnungen
31111;Statistik der Baugenehmigungen;JAHR;Jahr;2025;DLAND;Bundesländer;09;Bayern;WHGRM1;Anzahl der Räume;;Insgesamt;BAUGB5;Gebäudeart;GBD-W-WH;Wohnheime;2749;Anzahl;WOHN01;Wohnungen
31111;Statistik der Baugenehmigungen;JAHR;Jahr;2025;DLAND;Bundesländer;06;Hessen;WHGRM1;Anzahl der Räume;RMEZHL01;1 Raum;BAUGB5;Gebäudeart;GBD-W-ETW;Wohngebäude mit Eigentumswohnungen;272;Anzahl;WOHN01;Wohnungen
31111;Statistik der Baugenehmigungen;JAHR;Jahr;2025;DLAND;Bundesländer;12;Brandenburg;WHGRM1;Anzahl der Räume;RMEZHL07UM;7 und mehr Räume;BAUGB5;Gebäudeart;GBD-W-WH;Wohnheime;1;Anzahl;WOHN01;Wohnungen
31111;Statistik der Baugenehmigungen;JAHR;Jahr;2025;DLAND;Bundesländer;10;Saarland;WHGRM1;Anzahl der Räume;;Insgesamt;BAUGB5;Gebäudeart;GBD-W-WO2;Wohngebäude mit 2 Wohnungen;88;Anzahl;WOHN01;Wohnungen
31111;Statistik der Baugenehmigungen;JAHR;Jahr;2025;DLAND;Bundesländer;10;Saarland;WHGRM1;Anzahl der Räume;RMEZHL04;4 Räume;BAUGB5;Gebäudeart;GBD-W-WH;Wohnheime;2;Anzahl;WOHN01;Wohnungen
31111;Statistik der Baugenehmigungen;JAHR;Jahr;2025;DLAND;Bundesländer;12;Brandenburg;WHGRM1;Anzahl der Räume;RMEZHL07UM;7 und mehr Räume;BAUGB5;Gebäudeart;GBD-W-WO2;Wohngebäude mit 2 Wohnungen;5;Anzahl;WOHN01;Wohnungen
31111;Statistik der Baugenehmigungen;JAHR;Jahr;2025;DLAND;Bundesländer;05;Nordrhein-Westfalen;WHGRM1;Anzahl der Räume;RMEZHL01;1 Raum;BAUGB5;Gebäudeart;GBD-W-WH;Wohnheime;1812;Anzahl;WOHN01;Wohnungen
31111;Statistik der Baugenehmigungen;JAHR;Jahr;2025;DLAND;Bundesländer;03;Niedersachsen;WHGRM1;Anzahl der Räume;RMEZHL02;2 Räume;BAUGB5;Gebäudeart;GBD-W-WO1;Wohngebäude mit 1 Wohnung;70;Anzahl;WOHN01;Wohnungen
31111;Statistik der Baugenehmigungen;JAHR;Jahr;2025;DLAND;Bundesländer;15;Sachsen-Anhalt;WHGRM1;Anzahl der Räume;RMEZHL07UM;7 und mehr Räume;BAUGB5;Gebäudeart;GBD-W-WH;Wohnheime;12;Anzahl;WOHN01;Wohnungen
31111;Statistik der Baugenehmigungen;JAHR;Jahr;2025;DLAND;Bundesländer;10;Saarland;WHGRM1;Anzahl der Räume;;Insgesamt;BAUGB5;Gebäudeart;GBD-W-WO3UM;Wohngebäude mit 3 oder mehr Wohnungen;554;Anzahl;WOHN01;Wohnungen
31111;Statistik der Baugenehmigungen;JAHR;Jahr;2025;DLAND;Bundesländer;10;Saarland;WHGRM1;Anzahl der Räume;RMEZHL02;2 Räume;BAUGB5;Gebäudeart;GBD-W-WO1;Wohngebäude mit 1 Wohnung;2;Anzahl;WOHN01;Wohnungen
31111;Statistik der Baugenehmigungen;JAHR;Jahr;2025;DLAND;Bundesländer;11;Berlin;WHGRM1;Anzahl der Räume;RMEZHL01;1 Raum;BAUGB5;Gebäudeart;GBD-W-WO2;Wohngebäude mit 2 Wohnungen;4;Anzahl;WOHN01;Wohnungen
31111;Statistik der Baugenehmigungen;JAHR;Jahr;2025;DLAND;Bundesländer;05;Nordrhein-Westfalen;WHGRM1;Anzahl der Räume;RMEZHL04;4 Räume;BAUGB5;Gebäudeart;GBD-W-ETW;Wohngebäude mit Eigentumswohnungen;1023;Anzahl;WOHN01;Wohnungen
31111;Statistik der Baugenehmigungen;JAHR;Jahr;2025;DLAND;Bundesländer;04;Bremen;WHGRM1;Anzahl der Räume;RMEZHL06;6 Räume;BAUGB5;Gebäudeart;GBD-W-WO3UM;Wohngebäude mit 3 oder mehr Wohnungen;9;Anzahl;WOHN01;Wohnungen
31111;Statistik der Baugenehmigungen;JAHR;Jahr;2025;DLAND;Bundesländer;14;Sachsen;WHGRM1;Anzahl der Räume;RMEZHL07UM;7 und mehr Räume;BAUGB5;Gebäudeart;GBD-W-ETW;Wohngebäude mit Eigentumswohnungen;12;Anzahl;WOHN01;Wohnungen
31111;Statistik der Baugenehmigungen;JAHR;Jahr;2025;DLAND;Bundesländer;16;Thüringen;WHGRM1;Anzahl der Räume;RMEZHL02;2 Räume;BAUGB5;Gebäudeart;GBD-W-ETW;Wohngebäude mit Eigentumswohnungen;24;Anzahl;WOHN01;Wohnungen
31111;Statistik der Baugenehmigungen;JAHR;Jahr;2025;DLAND;Bundesländer;06;Hessen;WHGRM1;Anzahl der Räume;;Insgesamt;BAUGB5;Gebäudeart;GBD-W-WO2;Wohngebäude mit 2 Wohnungen;604;Anzahl;WOHN01;Wohnungen
31111;Statistik der Baugenehmigungen;JAHR;Jahr;2025;DLAND;Bundesländer;10;Saarland;WHGRM1;Anzahl der Räume;RMEZHL01;1 Raum;BAUGB5;Gebäudeart;GBD-W-WH;Wohnheime;137;Anzahl;WOHN01;Wohnungen
31111;Statistik der Baugenehmigungen;JAHR;Jahr;2025;DLAND;Bundesländer;07;Rheinland-Pfalz;WHGRM1;Anzahl der Räume;RMEZHL01;1 Raum;BAUGB5;Gebäudeart;GBD-W-WO2;Wohngebäude mit 2 Wohnungen;6;Anzahl;WOHN01;Wohnungen
31111;Statistik der Baugenehmigungen;JAHR;Jahr;2025;DLAND;Bundesländer;16;Thüringen;WHGRM1;Anzahl der Räume;;Insgesamt;BAUGB5;Gebäudeart;GBD-W-ETW;Wohngebäude mit Eigentumswohnungen;109;Anzahl;WOHN01;Wohnungen
31111;Statistik der Baugenehmigungen;JAHR;Jahr;2025;DLAND;Bundesländer;15;Sachsen-Anhalt;WHGRM1;Anzahl der Räume;RMEZHL06;6 Räume;BAUGB5;Gebäudeart;GBD-W-WH;Wohnheime;1;Anzahl;WOHN01;Wohnungen
31111;Statistik der Baugenehmigungen;JAHR;Jahr;2025;DLAND;Bundesländer;07;Rheinland-Pfalz;WHGRM1;Anzahl der Räume;RMEZHL02;2 Räume;BAUGB5;Gebäudeart;GBD-W-WO3UM;Wohngebäude mit 3 oder mehr Wohnungen;1977;Anzahl;WOHN01;Wohnungen
31111;Statistik der Baugenehmigungen;JAHR;Jahr;2025;DLAND;Bundesländer;08;Baden-Württemberg;WHGRM1;Anzahl der Räume;RMEZHL07UM;7 und mehr Räume;BAUGB5;Gebäudeart;GBD-W-WO2;Wohngebäude mit 2 Wohnungen;238;Anzahl;WOHN01;Wohnungen
31111;Statistik der Baugenehmigungen;JAHR;Jahr;2025;DLAND;Bundesländer;07;Rheinland-Pfalz;WHGRM1;Anzahl der Räume;RMEZHL06;6 Räume;BAUGB5;Gebäudeart;GBD-W-WO1;Wohngebäude mit 1 Wohnung;736;Anzahl;WOHN01;Wohnungen
31111;Statistik der Baugenehmigungen;JAHR;Jahr;2025;DLAND;Bundesländer;12;Brandenburg;WHGRM1;Anzahl der Räume;RMEZHL04;4 Räume;BAUGB5;Gebäudeart;GBD-W-WO3UM;Wohngebäude mit 3 oder mehr Wohnungen;577;Anzahl;WOHN01;Wohnungen
31111;Statistik der Baugenehmigungen;JAHR;Jahr;2025;DLAND;Bundesländer;03;Niedersachsen;WHGRM1;Anzahl der Räume;RMEZHL04;4 Räume;BAUGB5;Gebäudeart;GBD-W-WO1;Wohngebäude mit 1 Wohnung;655;Anzahl;WOHN01;Wohnungen
31111;Statistik der Baugenehmigungen;JAHR;Jahr;2025;DLAND;Bundesländer;02;Hamburg;WHGRM1;Anzahl der Räume;RMEZHL06;6 Räume;BAUGB5;Gebäudeart;GBD-W-ETW;Wohngebäude mit Eigentumswohnungen;16;Anzahl;WOHN01;Wohnungen
31111;Statistik der Baugenehmigungen;JAHR;Jahr;2025;DLAND;Bundesländer;12;Brandenburg;WHGRM1;Anzahl der Räume;RMEZHL05;5 Räume;BAUGB5;Gebäudeart;GBD-W-ETW;Wohngebäude mit Eigentumswohnungen;33;Anzahl;WOHN01;Wohnungen
31111;Statistik der Baugenehmigungen;JAHR;Jahr;2025;DLAND;Bundesländer;02;Hamburg;WHGRM1;Anzahl der Räume;RMEZHL05;5 Räume;BAUGB5;Gebäudeart;GBD-W-WO2;Wohngebäude mit 2 Wohnungen;38;Anzahl;WOHN01;Wohnungen
31111;Statistik der Baugenehmigungen;JAHR;Jahr;2025;DLAND;Bundesländer;02;Hamburg;WHGRM1;Anzahl der Räume;RMEZHL05;5 Räume;BAUGB5;Gebäudeart;GBD-W-WO3UM;Wohngebäude mit 3 oder mehr Wohnungen;230;Anzahl;WOHN01;Wohnungen
31111;Statistik der Baugenehmigungen;JAHR;Jahr;2025;DLAND;Bundesländer;11;Berlin;WHGRM1;Anzahl der Räume;RMEZHL03;3 Räume;BAUGB5;Gebäudeart;GBD-W-WO2;Wohngebäude mit 2 Wohnungen;24;Anzahl;WOHN01;Wohnungen
31111;Statistik der Baugenehmigungen;JAHR;Jahr;2025;DLAND;Bundesländer;13;Mecklenburg-Vorpommern;WHGRM1;Anzahl der Räume;RMEZHL04;4 Räume;BAUGB5;Gebäudeart;GBD-W-WH;Wohnheime;-;Anzahl;WOHN01;Wohnungen
31111;Statistik der Baugenehmigungen;JAHR;Jahr;2025;DLAND;Bundesländer;05;Nordrhein-Westfalen;WHGRM1;Anzahl der Räume;;Insgesamt;BAUGB5;Gebäudeart;GBD-W-WH;Wohnheime;2272;Anzahl;WOHN01;Wohnungen
31111;Statistik der Baugenehmigungen;JAHR;Jahr;2025;DLAND;Bundesländer;01;Schleswig-Holstein;WHGRM1;Anzahl der Räume;RMEZHL07UM;7 und mehr Räume;BAUGB5;Gebäudeart;GBD-W-WO1;Wohngebäude mit 1 Wohnung;414;Anzahl;WOHN01;Wohnungen
31111;Statistik der Baugenehmigungen;JAHR;Jahr;2025;DLAND;Bundesländer;08;Baden-Württemberg;WHGRM1;Anzahl der Räume;RMEZHL05;5 Räume;BAUGB5;Gebäudeart;GBD-W-ETW;Wohngebäude mit Eigentumswohnungen;465;Anzahl;WOHN01;Wohnungen
31111;Statistik der Baugenehmigungen;JAHR;Jahr;2025;DLAND;Bundesländer;02;Hamburg;WHGRM1;Anzahl der Räume;RMEZHL04;4 Räume;BAUGB5;Gebäudeart;GBD-W-WO2;Wohngebäude mit 2 Wohnungen;69;Anzahl;WOHN01;Wohnungen
31111;Statistik der Baugenehmigungen;JAHR;Jahr;2025;DLAND;Bundesländer;15;Sachsen-Anhalt;WHGRM1;Anzahl der Räume;RMEZHL02;2 Räume;BAUGB5;Gebäudeart;GBD-W-WO1;Wohngebäude mit 1 Wohnung;16;Anzahl;WOHN01;Wohnungen
31111;Statistik der Baugenehmigungen;JAHR;Jahr;2025;DLAND;Bundesländer;02;Hamburg;WHGRM1;Anzahl der Räume;RMEZHL05;5 Räume;BAUGB5;Gebäudeart;GBD-W-WH;Wohnheime;-;Anzahl;WOHN01;Wohnungen
31111;Statistik der Baugenehmigungen;JAHR;Jahr;2025;DLAND;Bundesländer;10;Saarland;WHGRM1;Anzahl der Räume;;Insgesamt;BAUGB5;Gebäudeart;GBD-W-ETW;Wohngebäude mit Eigentumswohnungen;247;Anzahl;WOHN01;Wohnungen
31111;Statistik der Baugenehmigungen;JAHR;Jahr;2025;DLAND;Bundesländer;08;Baden-Württemberg;WHGRM1;Anzahl der Räume;RMEZHL07UM;7 und mehr Räume;BAUGB5;Gebäudeart;GBD-W-WH;Wohnheime;14;Anzahl;WOHN01;Wohnungen
31111;Statistik der Baugenehmigungen;JAHR;Jahr;2025;DLAND;Bundesländer;04;Bremen;WHGRM1;Anzahl der Räume;RMEZHL02;2 Räume;BAUGB5;Gebäudeart;GBD-W-WO2;Wohngebäude mit 2 Wohnungen;4;Anzahl;WOHN01;Wohnungen
31111;Statistik der Baugenehmigungen;JAHR;Jahr;2025;DLAND;Bundesländer;06;Hessen;WHGRM1;Anzahl der Räume;RMEZHL02;2 Räume;BAUGB5;Gebäudeart;GBD-W;Wohngebäude;3292;Anzahl;WOHN01;Wohnungen
31111;Statistik der Baugenehmigungen;JAHR;Jahr;2025;DLAND;Bundesländer;06;Hessen;WHGRM1;Anzahl der Räume;RMEZHL02;2 Räume;BAUGB5;Gebäudeart;GBD-W-WH;Wohnheime;39;Anzahl;WOHN01;Wohnungen
31111;Statistik der Baugenehmigungen;JAHR;Jahr;2025;DLAND;Bundesländer;13;Mecklenburg-Vorpommern;WHGRM1;Anzahl der Räume;RMEZHL07UM;7 und mehr Räume;BAUGB5;Gebäudeart;GBD-W-WO3UM;Wohngebäude mit 3 oder mehr Wohnungen;2;Anzahl;WOHN01;Wohnungen
31111;Statistik der Baugenehmigungen;JAHR;Jahr;2025;DLAND;Bundesländer;10;Saarland;WHGRM1;Anzahl der Räume;RMEZHL07UM;7 und mehr Räume;BAUGB5;Gebäudeart;GBD-W-WO1;Wohngebäude mit 1 Wohnung;134;Anzahl;WOHN01;Wohnungen
31111;Statistik der Baugenehmigungen;JAHR;Jahr;2025;DLAND;Bundesländer;11;Berlin;WHGRM1;Anzahl der Räume;RMEZHL06;6 Räume;BAUGB5;Gebäudeart;GBD-W-WO1;Wohngebäude mit 1 Wohnung;146;Anzahl;WOHN01;Wohnungen
31111;Statistik der Baugenehmigungen;JAHR;Jahr;2025;DLAND;Bundesländer;03;Niedersachsen;WHGRM1;Anzahl der Räume;RMEZHL03;3 Räume;BAUGB5;Gebäudeart;GBD-W;Wohngebäude;4309;Anzahl;WOHN01;Wohnungen
31111;Statistik der Baugenehmigungen;JAHR;Jahr;2025;DLAND;Bundesländer;10;Saarland;WHGRM1;Anzahl der Räume;RMEZHL07UM;7 und mehr Räume;BAUGB5;Gebäudeart;GBD-W-WO3UM;Wohngebäude mit 3 oder mehr Wohnungen;19;Anzahl;WOHN01;Wohnungen
31111;Statistik der Baugenehmigungen;JAHR;Jahr;2025;DLAND;Bundesländer;13;Mecklenburg-Vorpommern;WHGRM1;Anzahl der Räume;RMEZHL04;4 Räume;BAUGB5;Gebäudeart;GBD-W-WO1;Wohngebäude mit 1 Wohnung;244;Anzahl;WOHN01;Wohnungen
31111;Statistik der Baugenehmigungen;JAHR;Jahr;2025;DLAND;Bundesländer;15;Sachsen-Anhalt;WHGRM1;Anzahl der Räume;RMEZHL06;6 Räume;BAUGB5;Gebäudeart;GBD-W-WO3UM;Wohngebäude mit 3 oder mehr Wohnungen;13;Anzahl;WOHN01;Wohnungen
31111;Statistik der Baugenehmigungen;JAHR;Jahr;2025;DLAND;Bundesländer;15;Sachsen-Anhalt;WHGRM1;Anzahl der Räume;RMEZHL06;6 Räume;BAUGB5;Gebäudeart;GBD-W-ETW;Wohngebäude mit Eigentumswohnungen;9;Anzahl;WOHN01;Wohnungen
31111;Statistik der Baugenehmigungen;JAHR;Jahr;2025;DLAND;Bundesländer;02;Hamburg;WHGRM1;Anzahl der Räume;RMEZHL03;3 Räume;BAUGB5;Gebäudeart;GBD-W-WO2;Wohngebäude mit 2 Wohnungen;40;Anzahl;WOHN01;Wohnungen
31111;Statistik der Baugenehmigungen;JAHR;Jahr;2025;DLAND;Bundesländer;06;Hessen;WHGRM1;Anzahl der Räume;RMEZHL07UM;7 und mehr Räume;BAUGB5;Gebäudeart;GBD-W-WO1;Wohngebäude mit 1 Wohnung;632;Anzahl;WOHN01;Wohnungen
31111;Statistik der Baugenehmigungen;JAHR;Jahr;2025;DLAND;Bundesländer;08;Baden-Württemberg;WHGRM1;Anzahl der Räume;RMEZHL04;4 Räume;BAUGB5;Gebäudeart;GBD-W-WH;Wohnheime;23;Anzahl;WOHN01;Wohnungen
31111;Statistik der Baugenehmigungen;JAHR;Jahr;2025;DLAND;Bundesländer;06;Hessen;WHGRM1;Anzahl der Räume;RMEZHL04;4 Räume;BAUGB5;Gebäudeart;GBD-W-WO1;Wohngebäude mit 1 Wohnung;283;Anzahl;WOHN01;Wohnungen
31111;Statistik der Baugenehmigungen;JAHR;Jahr;2025;DLAND;Bundesländer;10;Saarland;WHGRM1;Anzahl der Räume;RMEZHL06;6 Räume;BAUGB5;Gebäudeart;GBD-W-WO3UM;Wohngebäude mit 3 oder mehr Wohnungen;23;Anzahl;WOHN01;Wohnungen
31111;Statistik der Baugenehmigungen;JAHR;Jahr;2025;DLAND;Bundesländer;11;Berlin;WHGRM1;Anzahl der Räume;RMEZHL07UM;7 und mehr Räume;BAUGB5;Gebäudeart;GBD-W;Wohngebäude;135;Anzahl;WOHN01;Wohnungen
31111;Statistik der Baugenehmigungen;JAHR;Jahr;2025;DLAND;Bundesländer;12;Brandenburg;WHGRM1;Anzahl der Räume;RMEZHL01;1 Raum;BAUGB5;Gebäudeart;GBD-W;Wohngebäude;579;Anzahl;WOHN01;Wohnungen
31111;Statistik der Baugenehmigungen;JAHR;Jahr;2025;DLAND;Bundesländer;13;Mecklenburg-Vorpommern;WHGRM1;Anzahl der Räume;RMEZHL05;5 Räume;BAUGB5;Gebäudeart;GBD-W-WO1;Wohngebäude mit 1 Wohnung;274;Anzahl;WOHN01;Wohnungen
31111;Statistik der Baugenehmigungen;JAHR;Jahr;2025;DLAND;Bundesländer;04;Bremen;WHGRM1;Anzahl der Räume;RMEZHL02;2 Räume;BAUGB5;Gebäudeart;GBD-W-WH;Wohnheime;43;Anzahl;WOHN01;Wohnungen
31111;Statistik der Baugenehmigungen;JAHR;Jahr;2025;DLAND;Bundesländer;16;Thüringen;WHGRM1;Anzahl der Räume;;Insgesamt;BAUGB5;Gebäudeart;GBD-W-WH;Wohnheime;266;Anzahl;WOHN01;Wohnungen
31111;Statistik der Baugenehmigungen;JAHR;Jahr;2025;DLAND;Bundesländer;06;Hessen;WHGRM1;Anzahl der Räume;RMEZHL04;4 Räume;BAUGB5;Gebäudeart;GBD-W-WH;Wohnheime;-;Anzahl;WOHN01;Wohnungen
31111;Statistik der Baugenehmigungen;JAHR;Jahr;2025;DLAND;Bundesländer;06;Hessen;WHGRM1;Anzahl der Räume;RMEZHL03;3 Räume;BAUGB5;Gebäudeart;GBD-W-WO1;Wohngebäude mit 1 Wohnung;132;Anzahl;WOHN01;Wohnungen
31111;Statistik der Baugenehmigungen;JAHR;Jahr;2025;DLAND;Bundesländer;01;Schleswig-Holstein;WHGRM1;Anzahl der Räume;RMEZHL02;2 Räume;BAUGB5;Gebäudeart;GBD-W-ETW;Wohngebäude mit Eigentumswohnungen;482;Anzahl;WOHN01;Wohnungen
31111;Statistik der Baugenehmigungen;JAHR;Jahr;2025;DLAND;Bundesländer;14;Sachsen;WHGRM1;Anzahl der Räume;;Insgesamt;BAUGB5;Gebäudeart;GBD-W-WH;Wohnheime;-;Anzahl;WOHN01;Wohnungen
31111;Statistik der Baugenehmigungen;JAHR;Jahr;2025;DLAND;Bundesländer;09;Bayern;WHGRM1;Anzahl der Räume;;Insgesamt;BAUGB5;Gebäudeart;GBD-W-WO2;Wohngebäude mit 2 Wohnungen;3056;Anzahl;WOHN01;Wohnungen
31111;Statistik der Baugenehmigungen;JAHR;Jahr;2025;DLAND;Bundesländer;09;Bayern;WHGRM1;Anzahl der Räume;RMEZHL05;5 Räume;BAUGB5;Gebäudeart;GBD-W-WO1;Wohngebäude mit 1 Wohnung;3070;Anzahl;WOHN01;Wohnungen
31111;Statistik der Baugenehmigungen;JAHR;Jahr;2025;DLAND;Bundesländer;01;Schleswig-Holstein;WHGRM1;Anzahl der Räume;RMEZHL01;1 Raum;BAUGB5;Gebäudeart;GBD-W-WO2;Wohngebäude mit 2 Wohnungen;8;Anzahl;WOHN01;Wohnungen
31111;Statistik der Baugenehmigungen;JAHR;Jahr;2025;DLAND;Bundesländer;01;Schleswig-Holstein;WHGRM1;Anzahl der Räume;RMEZHL01;1 Raum;BAUGB5;Gebäudeart;GBD-W;Wohngebäude;379;Anzahl;WOHN01;Wohnungen
31111;Statistik der Baugenehmigungen;JAHR;Jahr;2025;DLAND;Bundesländer;04;Bremen;WHGRM1;Anzahl der Räume;RMEZHL07UM;7 und mehr Räume;BAUGB5;Gebäudeart;GBD-W;Wohngebäude;36;Anzahl;WOHN01;Wohnungen
31111;Statistik der Baugenehmigungen;JAHR;Jahr;2025;DLAND;Bundesländer;09;Bayern;WHGRM1;Anzahl der Räume;RMEZHL01;1 Raum;BAUGB5;Gebäudeart;GBD-W;Wohngebäude;7759;Anzahl;WOHN01;Wohnungen
31111;Statistik der Baugenehmigungen;JAHR;Jahr;2025;DLAND;Bundesländer;13;Mecklenburg-Vorpommern;WHGRM1;Anzahl der Räume;;Insgesamt;BAUGB5;Gebäudeart;GBD-W-WO2;Wohngebäude mit 2 Wohnungen;166;Anzahl;WOHN01;Wohnungen
31111;Statistik der Baugenehmigungen;JAHR;Jahr;2025;DLAND;Bundesländer;14;Sachsen;WHGRM1;Anzahl der Räume;;Insgesamt;BAUGB5;Gebäudeart;GBD-W;Wohngebäude;7133;Anzahl;WOHN01;Wohnungen
31111;Statistik der Baugenehmigungen;JAHR;Jahr;2025;DLAND;Bundesländer;15;Sachsen-Anhalt;WHGRM1;Anzahl der Räume;RMEZHL01;1 Raum;BAUGB5;Gebäudeart;GBD-W-WO1;Wohngebäude mit 1 Wohnung;7;Anzahl;WOHN01;Wohnungen
31111;Statistik der Baugenehmigungen;JAHR;Jahr;2025;DLAND;Bundesländer;08;Baden-Württemberg;WHGRM1;Anzahl der Räume;RMEZHL07UM;7 und mehr Räume;BAUGB5;Gebäudeart;GBD-W;Wohngebäude;1804;Anzahl;WOHN01;Wohnungen
31111;Statistik der Baugenehmigungen;JAHR;Jahr;2025;DLAND;Bundesländer;10;Saarland;WHGRM1;Anzahl der Räume;RMEZHL03;3 Räume;BAUGB5;Gebäudeart;GBD-W-WO1;Wohngebäude mit 1 Wohnung;8;Anzahl;WOHN01;Wohnungen
31111;Statistik der Baugenehmigungen;JAHR;Jahr;2025;DLAND;Bundesländer;14;Sachsen;WHGRM1;Anzahl der Räume;RMEZHL03;3 Räume;BAUGB5;Gebäudeart;GBD-W;Wohngebäude;1525;Anzahl;WOHN01;Wohnungen
31111;Statistik der Baugenehmigungen;JAHR;Jahr;2025;DLAND;Bundesländer;13;Mecklenburg-Vorpommern;WHGRM1;Anzahl der Räume;RMEZHL07UM;7 und mehr Räume;BAUGB5;Gebäudeart;GBD-W-WO1;Wohngebäude mit 1 Wohnung;104;Anzahl;WOHN01;Wohnungen
31111;Statistik der Baugenehmigungen;JAHR;Jahr;2025;DLAND;Bundesländer;05;Nordrhein-Westfalen;WHGRM1;Anzahl der Räume;RMEZHL05;5 Räume;BAUGB5;Gebäudeart;GBD-W-WO2;Wohngebäude mit 2 Wohnungen;402;Anzahl;WOHN01;Wohnungen
31111;Statistik der Baugenehmigungen;JAHR;Jahr;2025;DLAND;Bundesländer;16;Thüringen;WHGRM1;Anzahl der Räume;;Insgesamt;BAUGB5;Gebäudeart;GBD-W-WO2;Wohngebäude mit 2 Wohnungen;74;Anzahl;WOHN01;Wohnungen
31111;Statistik der Baugenehmigungen;JAHR;Jahr;2025;DLAND;Bundesländer;02;Hamburg;WHGRM1;Anzahl der Räume;;Insgesamt;BAUGB5;Gebäudeart;GBD-W-WO1;Wohngebäude mit 1 Wohnung;602;Anzahl;WOHN01;Wohnungen
31111;Statistik der Baugenehmigungen;JAHR;Jahr;2025;DLAND;Bundesländer;12;Brandenburg;WHGRM1;Anzahl der Räume;RMEZHL01;1 Raum;BAUGB5;Gebäudeart;GBD-W-WO1;Wohngebäude mit 1 Wohnung;19;Anzahl;WOHN01;Wohnungen
31111;Statistik der Baugenehmigungen;JAHR;Jahr;2025;DLAND;Bundesländer;02;Hamburg;WHGRM1;Anzahl der Räume;RMEZHL07UM;7 und mehr Räume;BAUGB5;Gebäudeart;GBD-W-WO2;Wohngebäude mit 2 Wohnungen;28;Anzahl;WOHN01;Wohnungen
31111;Statistik der Baugenehmigungen;JAHR;Jahr;2025;DLAND;Bundesländer;15;Sachsen-Anhalt;WHGRM1;Anzahl der Räume;RMEZHL04;4 Räume;BAUGB5;Gebäudeart;GBD-W;Wohngebäude;366;Anzahl;WOHN01;Wohnungen
31111;Statistik der Baugenehmigungen;JAHR;Jahr;2025;DLAND;Bundesländer;11;Berlin;WHGRM1;Anzahl der Räume;RMEZHL04;4 Räume;BAUGB5;Gebäudeart;GBD-W;Wohngebäude;1544;Anzahl;WOHN01;Wohnungen
31111;Statistik der Baugenehmigungen;JAHR;Jahr;2025;DLAND;Bundesländer;06;Hessen;WHGRM1;Anzahl der Räume;;Insgesamt;BAUGB5;Gebäudeart;GBD-W-ETW;Wohngebäude mit Eigentumswohnungen;3957;Anzahl;WOHN01;Wohnungen
31111;Statistik der Baugenehmigungen;JAHR;Jahr;2025;DLAND;Bundesländer;12;Brandenburg;WHGRM1;Anzahl der Räume;RMEZHL01;1 Raum;BAUGB5;Gebäudeart;GBD-W-WH;Wohnheime;120;Anzahl;WOHN01;Wohnungen
31111;Statistik der Baugenehmigungen;JAHR;Jahr;2025;DLAND;Bundesländer;02;Hamburg;WHGRM1;Anzahl der Räume;RMEZHL06;6 Räume;BAUGB5;Gebäudeart;GBD-W;Wohngebäude;237;Anzahl;WOHN01;Wohnungen
31111;Statistik der Baugenehmigungen;JAHR;Jahr;2025;DLAND;Bundesländer;04;Bremen;WHGRM1;Anzahl der Räume;RMEZHL02;2 Räume;BAUGB5;Gebäudeart;GBD-W-WO3UM;Wohngebäude mit 3 oder mehr Wohnungen;352;Anzahl;WOHN01;Wohnungen
31111;Statistik der Baugenehmigungen;JAHR;Jahr;2025;DLAND;Bundesländer;16;Thüringen;WHGRM1;Anzahl der Räume;RMEZHL01;1 Raum;BAUGB5;Gebäudeart;GBD-W-ETW;Wohngebäude mit Eigentumswohnungen;-;Anzahl;WOHN01;Wohnungen
31111;Statistik der Baugenehmigungen;JAHR;Jahr;2025;DLAND;Bundesländer;13;Mecklenburg-Vorpommern;WHGRM1;Anzahl der Räume;;Insgesamt;BAUGB5;Gebäudeart;GBD-W-ETW;Wohngebäude mit Eigentumswohnungen;283;Anzahl;WOHN01;Wohnungen
31111;Statistik der Baugenehmigungen;JAHR;Jahr;2025;DLAND;Bundesländer;03;Niedersachsen;WHGRM1;Anzahl der Räume;RMEZHL01;1 Raum;BAUGB5;Gebäudeart;GBD-W-WH;Wohnheime;513;Anzahl;WOHN01;Wohnungen
31111;Statistik der Baugenehmigungen;JAHR;Jahr;2025;DLAND;Bundesländer;13;Mecklenburg-Vorpommern;WHGRM1;Anzahl der Räume;RMEZHL02;2 Räume;BAUGB5;Gebäudeart;GBD-W-WH;Wohnheime;5;Anzahl;WOHN01;Wohnungen
31111;Statistik der Baugenehmigungen;JAHR;Jahr;2025;DLAND;Bundesländer;08;Baden-Württemberg;WHGRM1;Anzahl der Räume;RMEZHL06;6 Räume;BAUGB5;Gebäudeart;GBD-W-ETW;Wohngebäude mit Eigentumswohnungen;99;Anzahl;WOHN01;Wohnungen
31111;Statistik der Baugenehmigungen;JAHR;Jahr;2025;DLAND;Bundesländer;06;Hessen;WHGRM1;Anzahl der Räume;RMEZHL06;6 Räume;BAUGB5;Gebäudeart;GBD-W;Wohngebäude;838;Anzahl;WOHN01;Wohnungen
31111;Statistik der Baugenehmigungen;JAHR;Jahr;2025;DLAND;Bundesländer;04;Bremen;WHGRM1;Anzahl der Räume;RMEZHL06;6 Räume;BAUGB5;Gebäudeart;GBD-W-WO1;Wohngebäude mit 1 Wohnung;17;Anzahl;WOHN01;Wohnungen
31111;Statistik der Baugenehmigungen;JAHR;Jahr;2025;DLAND;Bundesländer;12;Brandenburg;WHGRM1;Anzahl der Räume;RMEZHL05;5 Räume;BAUGB5;Gebäudeart;GBD-W-WO2;Wohngebäude mit 2 Wohnungen;62;Anzahl;WOHN01;Wohnungen
31111;Statistik der Baugenehmigungen;JAHR;Jahr;2025;DLAND;Bundesländer;09;Bayern;WHGRM1;Anzahl der Räume;RMEZHL04;4 Räume;BAUGB5;Gebäudeart;GBD-W-WO1;Wohngebäude mit 1 Wohnung;1417;Anzahl;WOHN01;Wohnungen
31111;Statistik der Baugenehmigungen;JAHR;Jahr;2025;DLAND;Bundesländer;10;Saarland;WHGRM1;Anzahl der Räume;RMEZHL03;3 Räume;BAUGB5;Gebäudeart;GBD-W;Wohngebäude;195;Anzahl;WOHN01;Wohnungen
31111;Statistik der Baugenehmigungen;JAHR;Jahr;2025;DLAND;Bundesländer;15;Sachsen-Anhalt;WHGRM1;Anzahl der Räume;RMEZHL04;4 Räume;BAUGB5;Gebäudeart;GBD-W-WO3UM;Wohngebäude mit 3 oder mehr Wohnungen;163;Anzahl;WOHN01;Wohnungen
31111;Statistik der Baugenehmigungen;JAHR;Jahr;2025;DLAND;Bundesländer;02;Hamburg;WHGRM1;Anzahl der Räume;RMEZHL05;5 Räume;BAUGB5;Gebäudeart;GBD-W-ETW;Wohngebäude mit Eigentumswohnungen;30;Anzahl;WOHN01;Wohnungen
31111;Statistik der Baugenehmigungen;JAHR;Jahr;2025;DLAND;Bundesländer;01;Schleswig-Holstein;WHGRM1;Anzahl der Räume;RMEZHL01;1 Raum;BAUGB5;Gebäudeart;GBD-W-ETW;Wohngebäude mit Eigentumswohnungen;15;Anzahl;WOHN01;Wohnungen
31111;Statistik der Baugenehmigungen;JAHR;Jahr;2025;DLAND;Bundesländer;13;Mecklenburg-Vorpommern;WHGRM1;Anzahl der Räume;RMEZHL06;6 Räume;BAUGB5;Gebäudeart;GBD-W;Wohngebäude;212;Anzahl;WOHN01;Wohnungen
31111;Statistik der Baugenehmigungen;JAHR;Jahr;2025;DLAND;Bundesländer;04;Bremen;WHGRM1;Anzahl der Räume;RMEZHL04;4 Räume;BAUGB5;Gebäudeart;GBD-W;Wohngebäude;121;Anzahl;WOHN01;Wohnungen
31111;Statistik der Baugenehmigungen;JAHR;Jahr;2025;DLAND;Bundesländer;11;Berlin;WHGRM1;Anzahl der Räume;RMEZHL02;2 Räume;BAUGB5;Gebäudeart;GBD-W-WO2;Wohngebäude mit 2 Wohnungen;11;Anzahl;WOHN01;Wohnungen
31111;Statistik der Baugenehmigungen;JAHR;Jahr;2025;DLAND;Bundesländer;08;Baden-Württemberg;WHGRM1;Anzahl der Räume;RMEZHL04;4 Räume;BAUGB5;Gebäudeart;GBD-W;Wohngebäude;3892;Anzahl;WOHN01;Wohnungen
31111;Statistik der Baugenehmigungen;JAHR;Jahr;2025;DLAND;Bundesländer;04;Bremen;WHGRM1;Anzahl der Räume;RMEZHL02;2 Räume;BAUGB5;Gebäudeart;GBD-W-ETW;Wohngebäude mit Eigentumswohnungen;70;Anzahl;WOHN01;Wohnungen
31111;Statistik der Baugenehmigungen;JAHR;Jahr;2025;DLAND;Bundesländer;04;Bremen;WHGRM1;Anzahl der Räume;RMEZHL01;1 Raum;BAUGB5;Gebäudeart;GBD-W-WO2;Wohngebäude mit 2 Wohnungen;1;Anzahl;WOHN01;Wohnungen
31111;Statistik der Baugenehmigungen;JAHR;Jahr;2025;DLAND;Bundesländer;12;Brandenburg;WHGRM1;Anzahl der Räume;RMEZHL06;6 Räume;BAUGB5;Gebäudeart;GBD-W-ETW;Wohngebäude mit Eigentumswohnungen;7;Anzahl;WOHN01;Wohnungen
31111;Statistik der Baugenehmigungen;JAHR;Jahr;2025;DLAND;Bundesländer;07;Rheinland-Pfalz;WHGRM1;Anzahl der Räume;RMEZHL06;6 Räume;BAUGB5;Gebäudeart;GBD-W-WO3UM;Wohngebäude mit 3 oder mehr Wohnungen;119;Anzahl;WOHN01;Wohnungen
31111;Statistik der Baugenehmigungen;JAHR;Jahr;2025;DLAND;Bundesländer;05;Nordrhein-Westfalen;WHGRM1;Anzahl der Räume;RMEZHL05;5 Räume;BAUGB5;Gebäudeart;GBD-W;Wohngebäude;3840;Anzahl;WOHN01;Wohnungen
31111;Statistik der Baugenehmigungen;JAHR;Jahr;2025;DLAND;Bundesländer;01;Schleswig-Holstein;WHGRM1;Anzahl der Räume;RMEZHL05;5 Räume;BAUGB5;Gebäudeart;GBD-W;Wohngebäude;1030;Anzahl;WOHN01;Wohnungen
31111;Statistik der Baugenehmigungen;JAHR;Jahr;2025;DLAND;Bundesländer;03;Niedersachsen;WHGRM1;Anzahl der Räume;RMEZHL03;3 Räume;BAUGB5;Gebäudeart;GBD-W-WO1;Wohngebäude mit 1 Wohnung;304;Anzahl;WOHN01;Wohnungen
31111;Statistik der Baugenehmigungen;JAHR;Jahr;2025;DLAND;Bundesländer;14;Sachsen;WHGRM1;Anzahl der Räume;RMEZHL03;3 Räume;BAUGB5;Gebäudeart;GBD-W-WH;Wohnheime;-;Anzahl;WOHN01;Wohnungen
31111;Statistik der Baugenehmigungen;JAHR;Jahr;2025;DLAND;Bundesländer;07;Rheinland-Pfalz;WHGRM1;Anzahl der Räume;;Insgesamt;BAUGB5;Gebäudeart;GBD-W-WO3UM;Wohngebäude mit 3 oder mehr Wohnungen;6065;Anzahl;WOHN01;Wohnungen
31111;Statistik der Baugenehmigungen;JAHR;Jahr;2025;DLAND;Bundesländer;15;Sachsen-Anhalt;WHGRM1;Anzahl der Räume;RMEZHL06;6 Räume;BAUGB5;Gebäudeart;GBD-W-WO2;Wohngebäude mit 2 Wohnungen;7;Anzahl;WOHN01;Wohnungen
31111;Statistik der Baugenehmigungen;JAHR;Jahr;2025;DLAND;Bundesländer;16;Thüringen;WHGRM1;Anzahl der Räume;RMEZHL05;5 Räume;BAUGB5;Gebäudeart;GBD-W-WO1;Wohngebäude mit 1 Wohnung;174;Anzahl;WOHN01;Wohnungen
31111;Statistik der Baugenehmigungen;JAHR;Jahr;2025;DLAND;Bundesländer;10;Saarland;WHGRM1;Anzahl der Räume;RMEZHL07UM;7 und mehr Räume;BAUGB5;Gebäudeart;GBD-W-WH;Wohnheime;1;Anzahl;WOHN01;Wohnungen
31111;Statistik der Baugenehmigungen;JAHR;Jahr;2025;DLAND;Bundesländer;07;Rheinland-Pfalz;WHGRM1;Anzahl der Räume;RMEZHL02;2 Räume;BAUGB5;Gebäudeart;GBD-W-WO2;Wohngebäude mit 2 Wohnungen;84;Anzahl;WOHN01;Wohnungen
31111;Statistik der Baugenehmigungen;JAHR;Jahr;2025;DLAND;Bundesländer;09;Bayern;WHGRM1;Anzahl der Räume;RMEZHL05;5 Räume;BAUGB5;Gebäudeart;GBD-W;Wohngebäude;4549;Anzahl;WOHN01;Wohnungen
31111;Statistik der Baugenehmigungen;JAHR;Jahr;2025;DLAND;Bundesländer;04;Bremen;WHGRM1;Anzahl der Räume;RMEZHL01;1 Raum;BAUGB5;Gebäudeart;GBD-W-WO3UM;Wohngebäude mit 3 oder mehr Wohnungen;50;Anzahl;WOHN01;Wohnungen
31111;Statistik der Baugenehmigungen;JAHR;Jahr;2025;DLAND;Bundesländer;08;Baden-Württemberg;WHGRM1;Anzahl der Räume;RMEZHL01;1 Raum;BAUGB5;Gebäudeart;GBD-W-WO1;Wohngebäude mit 1 Wohnung;21;Anzahl;WOHN01;Wohnungen
31111;Statistik der Baugenehmigungen;JAHR;Jahr;2025;DLAND;Bundesländer;07;Rheinland-Pfalz;WHGRM1;Anzahl der Räume;;Insgesamt;BAUGB5;Gebäudeart;GBD-W-WH;Wohnheime;160;Anzahl;WOHN01;Wohnungen
31111;Statistik der Baugenehmigungen;JAHR;Jahr;2025;DLAND;Bundesländer;15;Sachsen-Anhalt;WHGRM1;Anzahl der Räume;RMEZHL04;4 Räume;BAUGB5;Gebäudeart;GBD-W-WH;Wohnheime;3;Anzahl;WOHN01;Wohnungen
31111;Statistik der Baugenehmigungen;JAHR;Jahr;2025;DLAND;Bundesländer;10;Saarland;WHGRM1;Anzahl der Räume;RMEZHL06;6 Räume;BAUGB5;Gebäudeart;GBD-W-WH;Wohnheime;-;Anzahl;WOHN01;Wohnungen
31111;Statistik der Baugenehmigungen;JAHR;Jahr;2025;DLAND;Bundesländer;15;Sachsen-Anhalt;WHGRM1;Anzahl der Räume;RMEZHL05;5 Räume;BAUGB5;Gebäudeart;GBD-W-WO3UM;Wohngebäude mit 3 oder mehr Wohnungen;79;Anzahl;WOHN01;Wohnungen
31111;Statistik der Baugenehmigungen;JAHR;Jahr;2025;DLAND;Bundesländer;12;Brandenburg;WHGRM1;Anzahl der Räume;RMEZHL05;5 Räume;BAUGB5;Gebäudeart;GBD-W;Wohngebäude;1018;Anzahl;WOHN01;Wohnungen
31111;Statistik der Baugenehmigungen;JAHR;Jahr;2025;DLAND;Bundesländer;16;Thüringen;WHGRM1;Anzahl der Räume;RMEZHL05;5 Räume;BAUGB5;Gebäudeart;GBD-W-WH;Wohnheime;-;Anzahl;WOHN01;Wohnungen
31111;Statistik der Baugenehmigungen;JAHR;Jahr;2025;DLAND;Bundesländer;09;Bayern;WHGRM1;Anzahl der Räume;RMEZHL07UM;7 und mehr Räume;BAUGB5;Gebäudeart;GBD-W-WO1;Wohngebäude mit 1 Wohnung;3220;Anzahl;WOHN01;Wohnungen
31111;Statistik der Baugenehmigungen;JAHR;Jahr;2025;DLAND;Bundesländer;16;Thüringen;WHGRM1;Anzahl der Räume;RMEZHL05;5 Räume;BAUGB5;Gebäudeart;GBD-W;Wohngebäude;237;Anzahl;WOHN01;Wohnungen
